rebalance_id,signal_date,execution_date,symbol,quantity,average_price,last_mark,engine_cash,engine_equity,positive_positions
SMV2-0018,2020-04-30,2020-05-04,AVANTIFEED,134,412.206,401.45,2559.45492545006,494994.55492545,9
SMV2-0018,2020-04-30,2020-05-04,BBTC,62,889.4445,854.5,2559.45492545006,494994.55492545,9
SMV2-0018,2020-04-30,2020-05-04,VENKEYS,51,1083.5415,1051.7,2559.45492545006,494994.55492545,9
SMV2-0018,2020-04-30,2020-05-04,SUNPHARMA,119,464.682225,465.45,2559.45492545006,494994.55492545,9
SMV2-0018,2020-04-30,2020-05-04,CIPLA,94,589.2945,611.85,2559.45492545006,494994.55492545,9
SMV2-0018,2020-04-30,2020-05-04,AUROPHARMA,90,611.3054999999999,653.3,2559.45492545006,494994.55492545,9
SMV2-0018,2020-04-30,2020-05-04,ASIANPAINT,32,1718.859,1676.8,2559.45492545006,494994.55492545,9
SMV2-0018,2020-04-30,2020-05-04,UPL,140,395.047425,385.4,2559.45492545006,494994.55492545,9
SMV2-0018,2020-04-30,2020-05-04,PIDILITIND,37,1480.74,1424.65,2559.45492545006,494994.55492545,9
SMV2-0019,2020-05-08,2020-05-11,AVANTIFEED,134,412.206,394.1,12.731148650113028,484733.0311486501,9
SMV2-0019,2020-05-08,2020-05-11,BBTC,62,889.4445,857.45,12.731148650113028,484733.0311486501,9
SMV2-0019,2020-05-08,2020-05-11,VENKEYS,51,1083.5415,1056.85,12.731148650113028,484733.0311486501,9
SMV2-0019,2020-05-08,2020-05-11,SUNPHARMA,119,464.682225,463.85,12.731148650113028,484733.0311486501,9
SMV2-0019,2020-05-08,2020-05-11,CIPLA,94,589.2945,586.05,12.731148650113028,484733.0311486501,9
SMV2-0019,2020-05-08,2020-05-11,AUROPHARMA,90,611.3054999999999,664.5,12.731148650113028,484733.0311486501,9
SMV2-0019,2020-05-08,2020-05-11,LT,65,821.6106,821.6,12.731148650113028,484733.0311486501,9
SMV2-0019,2020-05-08,2020-05-11,ADANIPORTS,189,285.34259999999995,289.7,12.731148650113028,484733.0311486501,9
SMV2-0019,2020-05-08,2020-05-11,NCC,1983,24.012,23.5,12.731148650113028,484733.0311486501,9
SMV2-0020,2020-05-15,2020-05-18,SUNPHARMA,119,464.682225,440.7,31.695732150110416,474833.5957321501,9
SMV2-0020,2020-05-15,2020-05-18,CIPLA,94,589.2945,600.45,31.695732150110416,474833.5957321501,9
SMV2-0020,2020-05-15,2020-05-18,AUROPHARMA,90,611.3054999999999,669.8,31.695732150110416,474833.5957321501,9
SMV2-0020,2020-05-15,2020-05-18,LT,65,821.6106,813.35,31.695732150110416,474833.5957321501,9
SMV2-0020,2020-05-15,2020-05-18,ADANIPORTS,189,285.34259999999995,293.3,31.695732150110416,474833.5957321501,9
SMV2-0020,2020-05-15,2020-05-18,NCC,1983,24.012,22.1,31.695732150110416,474833.5957321501,9
SMV2-0020,2020-05-15,2020-05-18,HDFCLIFE,111,487.54365,469.35,31.695732150110416,474833.5957321501,9
SMV2-0020,2020-05-15,2020-05-18,ICICIPRULI,142,383.29155,358.85,31.695732150110416,474833.5957321501,9
SMV2-0020,2020-05-15,2020-05-18,SBILIFE,72,750.375,700.75,31.695732150110416,474833.5957321501,9
SMV2-0021,2020-05-22,2020-05-26,SUNPHARMA,119,464.682225,459.15,650.7836735501332,488082.1836735501,9
SMV2-0021,2020-05-22,2020-05-26,CIPLA,94,589.2945,627.7,650.7836735501332,488082.1836735501,9
SMV2-0021,2020-05-22,2020-05-26,AUROPHARMA,75,611.3054999999999,714.95,650.7836735501332,488082.1836735501,9
SMV2-0021,2020-05-22,2020-05-26,HDFCLIFE,111,487.54365,507.45,650.7836735501332,488082.1836735501,9
SMV2-0021,2020-05-22,2020-05-26,ICICIPRULI,142,383.29155,347.35,650.7836735501332,488082.1836735501,9
SMV2-0021,2020-05-22,2020-05-26,SBILIFE,72,750.375,754.45,650.7836735501332,488082.1836735501,9
SMV2-0021,2020-05-22,2020-05-26,TCS,27,2016.0075,1943.0,650.7836735501332,488082.1836735501,9
SMV2-0021,2020-05-22,2020-05-26,INFY,79,693.3465,680.55,650.7836735501332,488082.1836735501,9
SMV2-0021,2020-05-22,2020-05-26,HCLTECH,103,530.265,524.0,650.7836735501332,488082.1836735501,9
SMV2-0022,2020-05-29,2020-06-01,HDFCLIFE,111,487.54365,516.1,17075.73538150009,508014.5353815001,9
SMV2-0022,2020-05-29,2020-06-01,ICICIPRULI,142,383.29155,383.9,17075.73538150009,508014.5353815001,9
SMV2-0022,2020-05-29,2020-06-01,SBILIFE,72,750.375,774.8,17075.73538150009,508014.5353815001,9
SMV2-0022,2020-05-29,2020-06-01,VEDL,607,93.34665,93.65,17075.73538150009,508014.5353815001,9
SMV2-0022,2020-05-29,2020-06-01,TATASTEEL,187,302.151,315.2,17075.73538150009,508014.5353815001,9
SMV2-0022,2020-05-29,2020-06-01,HINDALCO,399,141.97095,139.15,17075.73538150009,508014.5353815001,9
SMV2-0022,2020-05-29,2020-06-01,ULTRACEMCO,14,3906.9525,3815.7,17075.73538150009,508014.5353815001,9
SMV2-0022,2020-05-29,2020-06-01,ACC,44,1283.6415,1283.75,17075.73538150009,508014.5353815001,9
SMV2-0022,2020-05-29,2020-06-01,SHREECEM,2,20867.72865,21069.35,17075.73538150009,508014.5353815001,9
SMV2-0023,2020-06-05,2020-06-08,VEDL,607,93.34665,105.1,8330.783793100156,514392.3837931001,9
SMV2-0023,2020-06-05,2020-06-08,TATASTEEL,187,302.151,333.6,8330.783793100156,514392.3837931001,9
SMV2-0023,2020-06-05,2020-06-08,HINDALCO,399,141.97095,146.35,8330.783793100156,514392.3837931001,9
SMV2-0023,2020-06-05,2020-06-08,PAGEIND,2,19860.9255,19479.6,8330.783793100156,514392.3837931001,9
SMV2-0023,2020-06-05,2020-06-08,RAYMOND,179,329.1645,331.0,8330.783793100156,514392.3837931001,9
SMV2-0023,2020-06-05,2020-06-08,ARVIND,1562,37.868925,34.9,8330.783793100156,514392.3837931001,9
SMV2-0023,2020-06-05,2020-06-08,INDHOTEL,623,94.8474,89.2,8330.783793100156,514392.3837931001,9
SMV2-0023,2020-06-05,2020-06-08,WESTLIFE,187,315.65775,305.95,8330.783793100156,514392.3837931001,9
SMV2-0023,2020-06-05,2020-06-08,CHALET,346,170.835375,161.8,8330.783793100156,514392.3837931001,9
SMV2-0024,2020-06-12,2020-06-15,AVANTIFEED,114,476.238,469.65,3755.766272600165,483138.1662726002,9
SMV2-0024,2020-06-12,2020-06-15,VENKEYS,47,1155.5775,1141.05,3755.766272600165,483138.1662726002,9
SMV2-0024,2020-06-12,2020-06-15,VEDL,607,93.34665,102.4,3755.766272600165,483138.1662726002,9
SMV2-0024,2020-06-12,2020-06-15,TATASTEEL,187,302.151,306.2,3755.766272600165,483138.1662726002,9
SMV2-0024,2020-06-12,2020-06-15,HINDALCO,399,141.97095,145.8,3755.766272600165,483138.1662726002,9
SMV2-0024,2020-06-12,2020-06-15,PAGEIND,2,19860.9255,17775.65,3755.766272600165,483138.1662726002,9
SMV2-0024,2020-06-12,2020-06-15,RAYMOND,179,329.1645,284.95,3755.766272600165,483138.1662726002,9
SMV2-0024,2020-06-12,2020-06-15,ARVIND,1562,37.868925,34.6,3755.766272600165,483138.1662726002,9
SMV2-0024,2020-06-12,2020-06-15,TATACONSUM,146,371.68575,370.0,3755.766272600165,483138.1662726002,9
SMV2-0025,2020-06-19,2020-06-22,AVANTIFEED,114,476.238,472.3,5725.626155000195,498299.9761550002,9
SMV2-0025,2020-06-19,2020-06-22,VENKEYS,47,1155.5775,1146.25,5725.626155000195,498299.9761550002,9
SMV2-0025,2020-06-19,2020-06-22,PAGEIND,3,19276.967,19392.7,5725.626155000195,498299.9761550002,9
SMV2-0025,2020-06-19,2020-06-22,RAYMOND,179,329.1645,300.6,5725.626155000195,498299.9761550002,9
SMV2-0025,2020-06-19,2020-06-22,ARVIND,1562,37.868925,34.2,5725.626155000195,498299.9761550002,9
SMV2-0025,2020-06-19,2020-06-22,TATACONSUM,146,371.68575,381.1,5725.626155000195,498299.9761550002,9
SMV2-0025,2020-06-19,2020-06-22,HDFCBANK,52,1039.969725,1028.75,5725.626155000195,498299.9761550002,9
SMV2-0025,2020-06-19,2020-06-22,AXISBANK,130,420.21,430.15,5725.626155000195,498299.9761550002,9
SMV2-0025,2020-06-19,2020-06-22,ICICIBANK,148,367.1835,367.55,5725.626155000195,498299.9761550002,9
SMV2-0026,2020-06-26,2020-06-29,PAGEIND,3,19276.967,20105.5,10083.540585300208,493171.9405853002,9
SMV2-0026,2020-06-26,2020-06-29,RAYMOND,179,329.1645,287.0,10083.540585300208,493171.9405853002,9
SMV2-0026,2020-06-26,2020-06-29,ARVIND,1562,37.868925,33.1,10083.540585300208,493171.9405853002,9
SMV2-0026,2020-06-26,2020-06-29,HDFCBANK,52,1039.969725,1076.05,10083.540585300208,493171.9405853002,9
SMV2-0026,2020-06-26,2020-06-29,AXISBANK,130,420.21,404.8,10083.540585300208,493171.9405853002,9
SMV2-0026,2020-06-26,2020-06-29,ICICIBANK,148,367.1835,343.1,10083.540585300208,493171.9405853002,9
SMV2-0026,2020-06-26,2020-06-29,BAJAJFINSV,9,5834.915999999999,5890.2,10083.540585300208,493171.9405853002,9
SMV2-0026,2020-06-26,2020-06-29,MUTHOOTFIN,50,1088.544,1085.05,10083.540585300208,493171.9405853002,9
SMV2-0026,2020-06-26,2020-06-29,CHOLAFIN,275,200.1,193.0,10083.540585300208,493171.9405853002,9
SMV2-0027,2020-07-03,2020-07-06,ULTRACEMCO,14,3921.96,3930.9,15858.160156100232,508803.8601561002,9
SMV2-0027,2020-07-03,2020-07-06,ACC,42,1317.6585,1328.0,15858.160156100232,508803.8601561002,9
SMV2-0027,2020-07-03,2020-07-06,SHREECEM,2,22890.4395,23111.15,15858.160156100232,508803.8601561002,9
SMV2-0027,2020-07-03,2020-07-06,HDFCBANK,52,1039.969725,1103.0,15858.160156100232,508803.8601561002,9
SMV2-0027,2020-07-03,2020-07-06,AXISBANK,130,420.21,434.0,15858.160156100232,508803.8601561002,9
SMV2-0027,2020-07-03,2020-07-06,ICICIBANK,148,367.1835,361.85,15858.160156100232,508803.8601561002,9
SMV2-0027,2020-07-03,2020-07-06,BAJAJFINSV,9,5834.915999999999,6285.0,15858.160156100232,508803.8601561002,9
SMV2-0027,2020-07-03,2020-07-06,MUTHOOTFIN,50,1088.544,1134.35,15858.160156100232,508803.8601561002,9
SMV2-0027,2020-07-03,2020-07-06,CHOLAFIN,275,200.1,201.1,15858.160156100232,508803.8601561002,9
SMV2-0028,2020-07-10,2020-07-13,HDFCBANK,52,1039.969725,1080.25,15.497868200254745,508251.7478682002,9
SMV2-0028,2020-07-10,2020-07-13,AXISBANK,130,420.21,440.05,15.497868200254745,508251.7478682002,9
SMV2-0028,2020-07-10,2020-07-13,ICICIBANK,148,367.1835,353.6,15.497868200254745,508251.7478682002,9
SMV2-0028,2020-07-10,2020-07-13,BAJAJFINSV,9,5834.915999999999,6461.45,15.497868200254745,508251.7478682002,9
SMV2-0028,2020-07-10,2020-07-13,MUTHOOTFIN,50,1088.544,1110.75,15.497868200254745,508251.7478682002,9
SMV2-0028,2020-07-10,2020-07-13,CHOLAFIN,275,200.1,205.25,15.497868200254745,508251.7478682002,9
SMV2-0028,2020-07-10,2020-07-13,BHARTIARTL,98,574.78725,586.8,15.497868200254745,508251.7478682002,9
SMV2-0028,2020-07-10,2020-07-13,ITI,441,128.064,131.75,15.497868200254745,508251.7478682002,9
SMV2-0028,2020-07-10,2020-07-13,HATHWAY,1634,34.11705,34.75,15.497868200254745,508251.7478682002,9
SMV2-0029,2020-07-17,2020-07-20,TCS,26,2202.1005,2207.9,11612.164739350255,541328.9147393502,9
SMV2-0029,2020-07-17,2020-07-20,INFY,64,908.95425,934.3,11612.164739350255,541328.9147393502,9
SMV2-0029,2020-07-17,2020-07-20,BAJAJFINSV,9,5834.915999999999,6620.15,11612.164739350255,541328.9147393502,9
SMV2-0029,2020-07-17,2020-07-20,MUTHOOTFIN,50,1088.544,1229.75,11612.164739350255,541328.9147393502,9
SMV2-0029,2020-07-17,2020-07-20,CHOLAFIN,275,200.1,215.2,11612.164739350255,541328.9147393502,9
SMV2-0029,2020-07-17,2020-07-20,BHARTIARTL,98,574.78725,575.75,11612.164739350255,541328.9147393502,9
SMV2-0029,2020-07-17,2020-07-20,ITI,441,128.064,124.3,11612.164739350255,541328.9147393502,9
SMV2-0029,2020-07-17,2020-07-20,HATHWAY,1262,34.11705,48.05,11612.164739350255,541328.9147393502,9
SMV2-0029,2020-07-17,2020-07-20,WIPRO,223,261.480675,270.8,11612.164739350255,541328.9147393502,9
SMV2-0030,2020-07-24,2020-07-27,TCS,26,2202.1005,2206.8,11612.164739350255,546092.9647393503,9
SMV2-0030,2020-07-24,2020-07-27,INFY,64,908.95425,948.45,11612.164739350255,546092.9647393503,9
SMV2-0030,2020-07-24,2020-07-27,BAJAJFINSV,9,5834.915999999999,6173.2,11612.164739350255,546092.9647393503,9
SMV2-0030,2020-07-24,2020-07-27,MUTHOOTFIN,50,1088.544,1362.7,11612.164739350255,546092.9647393503,9
SMV2-0030,2020-07-24,2020-07-27,CHOLAFIN,275,200.1,208.8,11612.164739350255,546092.9647393503,9
SMV2-0030,2020-07-24,2020-07-27,BHARTIARTL,98,574.78725,559.5,11612.164739350255,546092.9647393503,9
SMV2-0030,2020-07-24,2020-07-27,ITI,441,128.064,135.75,11612.164739350255,546092.9647393503,9
SMV2-0030,2020-07-24,2020-07-27,HATHWAY,1262,34.11705,48.05,11612.164739350255,546092.9647393503,9
SMV2-0030,2020-07-24,2020-07-27,WIPRO,223,261.480675,268.85,11612.164739350255,546092.9647393503,9
SMV2-0031,2020-07-31,2020-08-03,SUNPHARMA,112,534.36705,519.4,7141.818778900248,538613.5687789002,9
SMV2-0031,2020-07-31,2020-08-03,CIPLA,82,724.362,710.4,7141.818778900248,538613.5687789002,9
SMV2-0031,2020-07-31,2020-08-03,TCS,26,2202.1005,2254.15,7141.818778900248,538613.5687789002,9
SMV2-0031,2020-07-31,2020-08-03,INFY,64,908.95425,956.9,7141.818778900248,538613.5687789002,9
SMV2-0031,2020-07-31,2020-08-03,BHARTIARTL,98,574.78725,547.35,7141.818778900248,538613.5687789002,9
SMV2-0031,2020-07-31,2020-08-03,ITI,441,128.064,130.4,7141.818778900248,538613.5687789002,9
SMV2-0031,2020-07-31,2020-08-03,HATHWAY,1262,34.11705,48.05,7141.818778900248,538613.5687789002,9
SMV2-0031,2020-07-31,2020-08-03,WIPRO,223,261.480675,281.55,7141.818778900248,538613.5687789002,9
SMV2-0031,2020-07-31,2020-08-03,TATACOMM,76,784.3919999999999,797.7,7141.818778900248,538613.5687789002,9
SMV2-0032,2020-08-07,2020-08-10,SUNPHARMA,112,534.36705,543.85,7141.818778900248,557946.9187789002,9
SMV2-0032,2020-08-07,2020-08-10,CIPLA,82,724.362,795.6,7141.818778900248,557946.9187789002,9
SMV2-0032,2020-08-07,2020-08-10,TCS,26,2202.1005,2282.8,7141.818778900248,557946.9187789002,9
SMV2-0032,2020-08-07,2020-08-10,INFY,64,908.95425,951.35,7141.818778900248,557946.9187789002,9
SMV2-0032,2020-08-07,2020-08-10,BHARTIARTL,98,574.78725,558.85,7141.818778900248,557946.9187789002,9
SMV2-0032,2020-08-07,2020-08-10,ITI,441,128.064,141.3,7141.818778900248,557946.9187789002,9
SMV2-0032,2020-08-07,2020-08-10,HATHWAY,1262,34.11705,48.05,7141.818778900248,557946.9187789002,9
SMV2-0032,2020-08-07,2020-08-10,WIPRO,223,261.480675,277.4,7141.818778900248,557946.9187789002,9
SMV2-0032,2020-08-07,2020-08-10,TATACOMM,76,784.3919999999999,853.1,7141.818778900248,557946.9187789002,9
SMV2-0033,2020-08-14,2020-08-17,SUNPHARMA,112,534.36705,528.35,3196.862983700252,548381.5129837003,9
SMV2-0033,2020-08-14,2020-08-17,CIPLA,82,724.362,771.65,3196.862983700252,548381.5129837003,9
SMV2-0033,2020-08-14,2020-08-17,TCS,26,2202.1005,2253.4,3196.862983700252,548381.5129837003,9
SMV2-0033,2020-08-14,2020-08-17,INFY,64,908.95425,957.5,3196.862983700252,548381.5129837003,9
SMV2-0033,2020-08-14,2020-08-17,INDHOTEL,641,95.4477,92.85,3196.862983700252,548381.5129837003,9
SMV2-0033,2020-08-14,2020-08-17,WESTLIFE,165,370.134975,365.9,3196.862983700252,548381.5129837003,9
SMV2-0033,2020-08-14,2020-08-17,HATHWAY,1262,34.11705,48.05,3196.862983700252,548381.5129837003,9
SMV2-0033,2020-08-14,2020-08-17,WIPRO,223,261.480675,281.95,3196.862983700252,548381.5129837003,9
SMV2-0033,2020-08-14,2020-08-17,DIVISLAB,19,3121.56,3129.55,3196.862983700252,548381.5129837003,9
SMV2-0034,2020-08-21,2020-08-24,TCS,26,2202.1005,2248.1,2850.0290605002738,553712.4790605003,9
SMV2-0034,2020-08-21,2020-08-24,INFY,64,908.95425,947.4,2850.0290605002738,553712.4790605003,9
SMV2-0034,2020-08-21,2020-08-24,INDHOTEL,641,95.4477,104.5,2850.0290605002738,553712.4790605003,9
SMV2-0034,2020-08-21,2020-08-24,WESTLIFE,165,370.134975,376.05,2850.0290605002738,553712.4790605003,9
SMV2-0034,2020-08-21,2020-08-24,HATHWAY,1262,34.11705,48.05,2850.0290605002738,553712.4790605003,9
SMV2-0034,2020-08-21,2020-08-24,WIPRO,223,261.480675,272.7,2850.0290605002738,553712.4790605003,9
SMV2-0034,2020-08-21,2020-08-24,EIHOTEL,660,93.34665,91.4,2850.0290605002738,553712.4790605003,9
SMV2-0034,2020-08-21,2020-08-24,DLF,379,162.58124999999998,157.7,2850.0290605002738,553712.4790605003,9
SMV2-0034,2020-08-21,2020-08-24,GODREJPROP,71,863.4314999999999,862.0,2850.0290605002738,553712.4790605003,9
SMV2-0035,2020-08-28,2020-08-31,PAGEIND,3,20335.1625,18987.7,4.375115700284368,539793.7251157003,9
SMV2-0035,2020-08-28,2020-08-31,INDHOTEL,641,95.4477,103.7,4.375115700284368,539793.7251157003,9
SMV2-0035,2020-08-28,2020-08-31,WESTLIFE,165,370.134975,370.35,4.375115700284368,539793.7251157003,9
SMV2-0035,2020-08-28,2020-08-31,HATHWAY,1262,34.11705,48.05,4.375115700284368,539793.7251157003,9
SMV2-0035,2020-08-28,2020-08-31,EIHOTEL,660,93.34665,87.7,4.375115700284368,539793.7251157003,9
SMV2-0035,2020-08-28,2020-08-31,DLF,379,162.58124999999998,158.35,4.375115700284368,539793.7251157003,9
SMV2-0035,2020-08-28,2020-08-31,GODREJPROP,71,863.4314999999999,913.25,4.375115700284368,539793.7251157003,9
SMV2-0035,2020-08-28,2020-08-31,NBCC,2222,28.4142,26.75,4.375115700284368,539793.7251157003,9
SMV2-0035,2020-08-28,2020-08-31,ALOKINDS,1654,34.51725,31.7,4.375115700284368,539793.7251157003,9
SMV2-0036,2020-09-04,2020-09-07,INDHOTEL,641,95.4477,103.25,4114.630499400308,531935.9304994004,9
SMV2-0036,2020-09-04,2020-09-07,WESTLIFE,165,370.134975,371.05,4114.630499400308,531935.9304994004,9
SMV2-0036,2020-09-04,2020-09-07,HATHWAY,1262,34.11705,48.05,4114.630499400308,531935.9304994004,9
SMV2-0036,2020-09-04,2020-09-07,EIHOTEL,660,93.34665,84.35,4114.630499400308,531935.9304994004,9
SMV2-0036,2020-09-04,2020-09-07,DLF,379,162.58124999999998,152.15,4114.630499400308,531935.9304994004,9
SMV2-0036,2020-09-04,2020-09-07,GODREJPROP,71,863.4314999999999,900.55,4114.630499400308,531935.9304994004,9
SMV2-0036,2020-09-04,2020-09-07,NBCC,2222,28.4142,26.6,4114.630499400308,531935.9304994004,9
SMV2-0036,2020-09-04,2020-09-07,VOLTAS,91,653.3265,646.1,4114.630499400308,531935.9304994004,9
SMV2-0036,2020-09-04,2020-09-07,DIXON,5,8594.295,8920.1,4114.630499400308,531935.9304994004,9
SMV2-0037,2020-09-11,2020-09-14,TCS,24,2385.29205,2491.4,6379.699705050312,553624.1997050503,9
SMV2-0037,2020-09-11,2020-09-14,INFY,62,957.4785,978.4,6379.699705050312,553624.1997050503,9
SMV2-0037,2020-09-11,2020-09-14,HATHWAY,1262,34.11705,48.05,6379.699705050312,553624.1997050503,9
SMV2-0037,2020-09-11,2020-09-14,WIPRO,202,293.396625,307.2,6379.699705050312,553624.1997050503,9
SMV2-0037,2020-09-11,2020-09-14,VOLTAS,91,653.3265,685.6,6379.699705050312,553624.1997050503,9
SMV2-0037,2020-09-11,2020-09-14,DIXON,6,8716.856249999999,9822.9,6379.699705050312,553624.1997050503,9
SMV2-0037,2020-09-11,2020-09-14,BAJAJELEC,128,463.13145,499.75,6379.699705050312,553624.1997050503,9
SMV2-0037,2020-09-11,2020-09-14,CONCOR,153,386.543175,384.2,6379.699705050312,553624.1997050503,9
SMV2-0037,2020-09-11,2020-09-14,BLUEDART,20,2881.44,3000.95,6379.699705050312,553624.1997050503,9
SMV2-0038,2020-09-18,2020-09-21,TCS,24,2385.29205,2465.3,516.4404314503336,536841.9904314504,9
SMV2-0038,2020-09-18,2020-09-21,INFY,62,957.4785,1009.9,516.4404314503336,536841.9904314504,9
SMV2-0038,2020-09-18,2020-09-21,HATHWAY,1262,34.11705,48.05,516.4404314503336,536841.9904314504,9
SMV2-0038,2020-09-18,2020-09-21,WIPRO,202,293.396625,311.9,516.4404314503336,536841.9904314504,9
SMV2-0038,2020-09-18,2020-09-21,VOLTAS,91,653.3265,670.5,516.4404314503336,536841.9904314504,9
SMV2-0038,2020-09-18,2020-09-21,DIXON,6,8716.856249999999,8900.9,516.4404314503336,536841.9904314504,9
SMV2-0038,2020-09-18,2020-09-21,BAJAJELEC,128,463.13145,472.95,516.4404314503336,536841.9904314504,9
SMV2-0038,2020-09-18,2020-09-21,MCDOWELL-N,111,545.022375,522.25,516.4404314503336,536841.9904314504,9
SMV2-0038,2020-09-18,2020-09-21,UBL,59,1019.159325,982.6,516.4404314503336,536841.9904314504,9
SMV2-0039,2020-09-25,2020-09-28,TCS,24,2385.29205,2426.3,516.4404314503336,540037.5404314504,9
SMV2-0039,2020-09-25,2020-09-28,INFY,62,957.4785,1010.4,516.4404314503336,540037.5404314504,9
SMV2-0039,2020-09-25,2020-09-28,HATHWAY,1262,34.11705,48.05,516.4404314503336,540037.5404314504,9
SMV2-0039,2020-09-25,2020-09-28,WIPRO,202,293.396625,311.55,516.4404314503336,540037.5404314504,9
SMV2-0039,2020-09-25,2020-09-28,VOLTAS,91,653.3265,689.1,516.4404314503336,540037.5404314504,9
SMV2-0039,2020-09-25,2020-09-28,DIXON,6,8716.856249999999,9008.85,516.4404314503336,540037.5404314504,9
SMV2-0039,2020-09-25,2020-09-28,BAJAJELEC,128,463.13145,488.0,516.4404314503336,540037.5404314504,9
SMV2-0039,2020-09-25,2020-09-28,MCDOWELL-N,111,545.022375,528.3,516.4404314503336,540037.5404314504,9
SMV2-0039,2020-09-25,2020-09-28,UBL,59,1019.159325,969.6,516.4404314503336,540037.5404314504,9
SMV2-0040,2020-10-01,2020-10-05,SUNPHARMA,108,507.2535,523.1,422.700911450338,551631.8509114503,9
SMV2-0040,2020-10-01,2020-10-05,CIPLA,77,776.3879999999999,778.65,422.700911450338,551631.8509114503,9
SMV2-0040,2020-10-01,2020-10-05,TCS,24,2385.29205,2705.8,422.700911450338,551631.8509114503,9
SMV2-0040,2020-10-01,2020-10-05,INFY,62,957.4785,1048.7,422.700911450338,551631.8509114503,9
SMV2-0040,2020-10-01,2020-10-05,HATHWAY,1262,34.11705,48.05,422.700911450338,551631.8509114503,9
SMV2-0040,2020-10-01,2020-10-05,WIPRO,202,293.396625,333.95,422.700911450338,551631.8509114503,9
SMV2-0040,2020-10-01,2020-10-05,VOLTAS,91,653.3265,668.9,422.700911450338,551631.8509114503,9
SMV2-0040,2020-10-01,2020-10-05,DIXON,6,8716.856249999999,8840.4,422.700911450338,551631.8509114503,9
SMV2-0040,2020-10-01,2020-10-05,BAJAJELEC,128,463.13145,490.55,422.700911450338,551631.8509114503,9
SMV2-0041,2020-10-09,2020-10-12,SUNPHARMA,108,507.2535,513.9,6729.582797300369,574241.0827973004,9
SMV2-0041,2020-10-09,2020-10-12,CIPLA,77,776.3879999999999,813.65,6729.582797300369,574241.0827973004,9
SMV2-0041,2020-10-09,2020-10-12,TCS,24,2385.29205,2830.0,6729.582797300369,574241.0827973004,9
SMV2-0041,2020-10-09,2020-10-12,INFY,62,957.4785,1132.1,6729.582797300369,574241.0827973004,9
SMV2-0041,2020-10-09,2020-10-12,PAGEIND,3,20995.4925,20898.75,6729.582797300369,574241.0827973004,9
SMV2-0041,2020-10-09,2020-10-12,HATHWAY,1262,34.11705,48.05,6729.582797300369,574241.0827973004,9
SMV2-0041,2020-10-09,2020-10-12,WIPRO,168,293.396625,377.5,6729.582797300369,574241.0827973004,9
SMV2-0041,2020-10-09,2020-10-12,DIVISLAB,19,3193.89615,3207.25,6729.582797300369,574241.0827973004,9
SMV2-0041,2020-10-09,2020-10-12,ALOKINDS,2831,22.461225,22.45,6729.582797300369,574241.0827973004,9
SMV2-0042,2020-10-16,2020-10-19,SUNPHARMA,108,507.2535,483.65,6729.582797300369,556771.6327973005,9
SMV2-0042,2020-10-16,2020-10-19,CIPLA,77,776.3879999999999,764.0,6729.582797300369,556771.6327973005,9
SMV2-0042,2020-10-16,2020-10-19,TCS,24,2385.29205,2711.55,6729.582797300369,556771.6327973005,9
SMV2-0042,2020-10-16,2020-10-19,INFY,62,957.4785,1125.9,6729.582797300369,556771.6327973005,9
SMV2-0042,2020-10-16,2020-10-19,PAGEIND,3,20995.4925,20826.25,6729.582797300369,556771.6327973005,9
SMV2-0042,2020-10-16,2020-10-19,HATHWAY,1262,34.11705,48.05,6729.582797300369,556771.6327973005,9
SMV2-0042,2020-10-16,2020-10-19,WIPRO,168,293.396625,343.2,6729.582797300369,556771.6327973005,9
SMV2-0042,2020-10-16,2020-10-19,DIVISLAB,19,3193.89615,3093.4,6729.582797300369,556771.6327973005,9
SMV2-0042,2020-10-16,2020-10-19,ALOKINDS,2831,22.461225,22.8,6729.582797300369,556771.6327973005,9
SMV2-0043,2020-10-23,2020-10-26,ULTRACEMCO,13,4512.255,4485.4,839.857726100483,544385.4577261005,9
SMV2-0043,2020-10-23,2020-10-26,ACC,38,1605.70245,1578.8,839.857726100483,544385.4577261005,9
SMV2-0043,2020-10-23,2020-10-26,PAGEIND,3,20995.4925,20182.15,839.857726100483,544385.4577261005,9
SMV2-0043,2020-10-23,2020-10-26,RAYMOND,216,284.9424,282.2,839.857726100483,544385.4577261005,9
SMV2-0043,2020-10-23,2020-10-26,HATHWAY,1262,34.11705,48.05,839.857726100483,544385.4577261005,9
SMV2-0043,2020-10-23,2020-10-26,DLF,356,172.98645,166.2,839.857726100483,544385.4577261005,9
SMV2-0043,2020-10-23,2020-10-26,GODREJPROP,59,1045.02225,1021.6,839.857726100483,544385.4577261005,9
SMV2-0043,2020-10-23,2020-10-26,ALOKINDS,2831,22.461225,22.3,839.857726100483,544385.4577261005,9
SMV2-0043,2020-10-23,2020-10-26,AMBUJACEM,247,248.82435,245.05,839.857726100483,544385.4577261005,9
SMV2-0044,2020-10-30,2020-11-02,ULTRACEMCO,13,4512.255,4550.8,944.7118610504986,556365.1618610504,9
SMV2-0044,2020-10-30,2020-11-02,ACC,38,1605.70245,1665.85,944.7118610504986,556365.1618610504,9
SMV2-0044,2020-10-30,2020-11-02,BHARTIARTL,139,435.2175,457.4,944.7118610504986,556365.1618610504,9
SMV2-0044,2020-10-30,2020-11-02,HATHWAY,1262,34.11705,48.05,944.7118610504986,556365.1618610504,9
SMV2-0044,2020-10-30,2020-11-02,TATACOMM,61,975.4875,957.3,944.7118610504986,556365.1618610504,9
SMV2-0044,2020-10-30,2020-11-02,DLF,356,172.98645,164.8,944.7118610504986,556365.1618610504,9
SMV2-0044,2020-10-30,2020-11-02,GODREJPROP,59,1045.02225,1141.75,944.7118610504986,556365.1618610504,9
SMV2-0044,2020-10-30,2020-11-02,AMBUJACEM,247,248.82435,260.5,944.7118610504986,556365.1618610504,9
SMV2-0044,2020-10-30,2020-11-02,OBEROIRLTY,136,445.6227,440.95,944.7118610504986,556365.1618610504,9
SMV2-0045,2020-11-06,2020-11-09,ULTRACEMCO,13,4512.255,4625.25,9777.075098350564,519537.7750983506,9
SMV2-0045,2020-11-06,2020-11-09,ACC,38,1605.70245,1669.7,9777.075098350564,519537.7750983506,9
SMV2-0045,2020-11-06,2020-11-09,VOLTAS,75,765.3824999999999,790.6,9777.075098350564,519537.7750983506,9
SMV2-0045,2020-11-06,2020-11-09,DIXON,4,10149.072,9752.85,9777.075098350564,519537.7750983506,9
SMV2-0045,2020-11-06,2020-11-09,AMBUJACEM,247,248.82435,249.3,9777.075098350564,519537.7750983506,9
SMV2-0045,2020-11-06,2020-11-09,POLYPLEX,73,789.3945,794.2,9777.075098350564,519537.7750983506,9
SMV2-0045,2020-11-06,2020-11-09,SUPREMEIND,39,1455.7275,1436.85,9777.075098350564,519537.7750983506,9
SMV2-0045,2020-11-06,2020-11-09,ASTRAL,48,1195.4474249999998,1200.45,9777.075098350564,519537.7750983506,9
SMV2-0045,2020-11-06,2020-11-09,AMBER,25,2245.122,2186.6,9777.075098350564,519537.7750983506,9
SMV2-0046,2020-11-14,2020-11-17,ULTRACEMCO,13,4512.255,4909.05,14.62351630057674,538128.1235163006,9
SMV2-0046,2020-11-14,2020-11-17,ACC,38,1605.70245,1694.8,14.62351630057674,538128.1235163006,9
SMV2-0046,2020-11-14,2020-11-17,AMBUJACEM,247,248.82435,268.05,14.62351630057674,538128.1235163006,9
SMV2-0046,2020-11-14,2020-11-17,POLYPLEX,73,789.3945,760.0,14.62351630057674,538128.1235163006,9
SMV2-0046,2020-11-14,2020-11-17,SUPREMEIND,39,1455.7275,1440.15,14.62351630057674,538128.1235163006,9
SMV2-0046,2020-11-14,2020-11-17,ASTRAL,48,1195.4474249999998,1476.8,14.62351630057674,538128.1235163006,9
SMV2-0046,2020-11-14,2020-11-17,ZEEL,302,194.99745,189.55,14.62351630057674,538128.1235163006,9
SMV2-0046,2020-11-14,2020-11-17,SUNTV,137,430.215,416.25,14.62351630057674,538128.1235163006,9
SMV2-0046,2020-11-14,2020-11-17,TV18BRDCST,1645,29.064525,28.5,14.62351630057674,538128.1235163006,9
SMV2-0047,2020-11-20,2020-11-23,INDHOTEL,535,113.0565,113.2,1349.6721315006507,538094.3721315007,9
SMV2-0047,2020-11-20,2020-11-23,EIHOTEL,672,89.89492499999999,86.6,1349.6721315006507,538094.3721315007,9
SMV2-0047,2020-11-20,2020-11-23,POLYPLEX,73,789.3945,760.95,1349.6721315006507,538094.3721315007,9
SMV2-0047,2020-11-20,2020-11-23,SUPREMEIND,39,1455.7275,1693.45,1349.6721315006507,538094.3721315007,9
SMV2-0047,2020-11-20,2020-11-23,ASTRAL,48,1195.4474249999998,1400.4,1349.6721315006507,538094.3721315007,9
SMV2-0047,2020-11-20,2020-11-23,THOMASCOOK,1204,50.2251,44.9,1349.6721315006507,538094.3721315007,9
SMV2-0047,2020-11-20,2020-11-23,HAVELLS,72,830.415,824.15,1349.6721315006507,538094.3721315007,9
SMV2-0047,2020-11-20,2020-11-23,BHEL,2042,29.6148,31.35,1349.6721315006507,538094.3721315007,9
SMV2-0047,2020-11-20,2020-11-23,SIEMENS,37,1433.01615,1398.9,1349.6721315006507,538094.3721315007,9
SMV2-0048,2020-11-27,2020-12-01,INDHOTEL,535,113.0565,120.1,1349.6721315006507,561235.0221315006,9
SMV2-0048,2020-11-27,2020-12-01,EIHOTEL,672,89.89492499999999,91.7,1349.6721315006507,561235.0221315006,9
SMV2-0048,2020-11-27,2020-12-01,POLYPLEX,73,789.3945,733.15,1349.6721315006507,561235.0221315006,9
SMV2-0048,2020-11-27,2020-12-01,SUPREMEIND,39,1455.7275,1724.75,1349.6721315006507,561235.0221315006,9
SMV2-0048,2020-11-27,2020-12-01,ASTRAL,48,1195.4474249999998,1427.95,1349.6721315006507,561235.0221315006,9
SMV2-0048,2020-11-27,2020-12-01,THOMASCOOK,1204,50.2251,49.6,1349.6721315006507,561235.0221315006,9
SMV2-0048,2020-11-27,2020-12-01,HAVELLS,72,830.415,823.4,1349.6721315006507,561235.0221315006,9
SMV2-0048,2020-11-27,2020-12-01,BHEL,2042,29.6148,34.05,1349.6721315006507,561235.0221315006,9
SMV2-0048,2020-11-27,2020-12-01,SIEMENS,37,1433.01615,1517.55,1349.6721315006507,561235.0221315006,9
SMV2-0049,2020-12-04,2020-12-07,LT,55,1155.3774,1169.7,35.82250120068784,588110.4725012007,9
SMV2-0049,2020-12-04,2020-12-07,ADANIPORTS,139,461.2305,471.5,35.82250120068784,588110.4725012007,9
SMV2-0049,2020-12-04,2020-12-07,NCC,1119,53.0265,57.0,35.82250120068784,588110.4725012007,9
SMV2-0049,2020-12-04,2020-12-07,INDHOTEL,535,113.0565,132.7,35.82250120068784,588110.4725012007,9
SMV2-0049,2020-12-04,2020-12-07,EIHOTEL,672,89.89492499999999,101.55,35.82250120068784,588110.4725012007,9
SMV2-0049,2020-12-04,2020-12-07,POLYPLEX,73,789.3945,790.0,35.82250120068784,588110.4725012007,9
SMV2-0049,2020-12-04,2020-12-07,SUPREMEIND,39,1455.7275,1697.85,35.82250120068784,588110.4725012007,9
SMV2-0049,2020-12-04,2020-12-07,ASTRAL,48,1195.4474249999998,1452.35,35.82250120068784,588110.4725012007,9
SMV2-0049,2020-12-04,2020-12-07,THOMASCOOK,1204,50.2251,51.15,35.82250120068784,588110.4725012007,9
SMV2-0050,2020-12-11,2020-12-14,LT,55,1155.3774,1249.65,148.0730814007038,587219.7730814008,9
SMV2-0050,2020-12-11,2020-12-14,ADANIPORTS,139,461.2305,467.0,148.0730814007038,587219.7730814008,9
SMV2-0050,2020-12-11,2020-12-14,NCC,1119,53.0265,57.7,148.0730814007038,587219.7730814008,9
SMV2-0050,2020-12-11,2020-12-14,INDHOTEL,535,113.0565,128.45,148.0730814007038,587219.7730814008,9
SMV2-0050,2020-12-11,2020-12-14,EIHOTEL,672,89.89492499999999,101.65,148.0730814007038,587219.7730814008,9
SMV2-0050,2020-12-11,2020-12-14,THOMASCOOK,1204,50.2251,50.25,148.0730814007038,587219.7730814008,9
SMV2-0050,2020-12-11,2020-12-14,POLYCAB,62,1045.5225,1037.75,148.0730814007038,587219.7730814008,9
SMV2-0050,2020-12-11,2020-12-14,ABB,55,1180.59,1161.4,148.0730814007038,587219.7730814008,9
SMV2-0050,2020-12-11,2020-12-14,FINCABLES,176,360.18,358.6,148.0730814007038,587219.7730814008,9
SMV2-0051,2020-12-18,2020-12-21,DLF,283,229.1145,214.8,1156.794031500729,557134.2440315007,9
SMV2-0051,2020-12-18,2020-12-21,GODREJPROP,47,1375.8876,1304.0,1156.794031500729,557134.2440315007,9
SMV2-0051,2020-12-18,2020-12-21,NBCC,2142,30.31515,27.65,1156.794031500729,557134.2440315007,9
SMV2-0051,2020-12-18,2020-12-21,POLYCAB,62,1045.5225,997.4,1156.794031500729,557134.2440315007,9
SMV2-0051,2020-12-18,2020-12-21,ABB,55,1180.59,1215.3,1156.794031500729,557134.2440315007,9
SMV2-0051,2020-12-18,2020-12-21,FINCABLES,176,360.18,334.8,1156.794031500729,557134.2440315007,9
SMV2-0051,2020-12-18,2020-12-21,TITAN,42,1514.9571,1471.65,1156.794031500729,557134.2440315007,9
SMV2-0051,2020-12-18,2020-12-21,RAJESHEXPO,131,492.696225,473.85,1156.794031500729,557134.2440315007,9
SMV2-0051,2020-12-18,2020-12-21,VAIBHAVGBL,30,2146.0725,2106.2,1156.794031500729,557134.2440315007,9
SMV2-0052,2020-12-24,2020-12-28,TCS,22,2911.455,2929.4,2082.0699231007675,583597.9699231008,9
SMV2-0052,2020-12-24,2020-12-28,INFY,52,1239.069225,1240.3,2082.0699231007675,583597.9699231008,9
SMV2-0052,2020-12-24,2020-12-28,POLYCAB,62,1045.5225,1050.25,2082.0699231007675,583597.9699231008,9
SMV2-0052,2020-12-24,2020-12-28,ABB,55,1180.59,1217.55,2082.0699231007675,583597.9699231008,9
SMV2-0052,2020-12-24,2020-12-28,FINCABLES,176,360.18,347.55,2082.0699231007675,583597.9699231008,9
SMV2-0052,2020-12-24,2020-12-28,TITAN,42,1514.9571,1543.55,2082.0699231007675,583597.9699231008,9
SMV2-0052,2020-12-24,2020-12-28,RAJESHEXPO,131,492.696225,487.6,2082.0699231007675,583597.9699231008,9
SMV2-0052,2020-12-24,2020-12-28,VAIBHAVGBL,30,2146.0725,2227.05,2082.0699231007675,583597.9699231008,9
SMV2-0052,2020-12-24,2020-12-28,IRCTC,45,1420.7099999999998,1417.95,2082.0699231007675,583597.9699231008,9
SMV2-0053,2021-01-01,2021-01-04,TCS,22,2911.455,3039.45,8432.185977600762,601903.1359776007,9
SMV2-0053,2021-01-01,2021-01-04,INFY,52,1239.069225,1288.25,8432.185977600762,601903.1359776007,9
SMV2-0053,2021-01-01,2021-01-04,VOLTAS,79,834.417,846.0,8432.185977600762,601903.1359776007,9
SMV2-0053,2021-01-01,2021-01-04,DIXON,4,13716.855,13773.0,8432.185977600762,601903.1359776007,9
SMV2-0053,2021-01-01,2021-01-04,TITAN,42,1514.9571,1550.9,8432.185977600762,601903.1359776007,9
SMV2-0053,2021-01-01,2021-01-04,RAJESHEXPO,131,492.696225,484.0,8432.185977600762,601903.1359776007,9
SMV2-0053,2021-01-01,2021-01-04,VAIBHAVGBL,30,2146.0725,2615.05,8432.185977600762,601903.1359776007,9
SMV2-0053,2021-01-01,2021-01-04,IRCTC,45,1420.7099999999998,1451.05,8432.185977600762,601903.1359776007,9
SMV2-0053,2021-01-01,2021-01-04,CROMPTON,175,380.19,373.7,8432.185977600762,601903.1359776007,9
SMV2-0054,2021-01-08,2021-01-11,TCS,22,2911.455,3176.45,8432.185977600762,622849.2359776008,9
SMV2-0054,2021-01-08,2021-01-11,INFY,52,1239.069225,1376.2,8432.185977600762,622849.2359776008,9
SMV2-0054,2021-01-08,2021-01-11,VOLTAS,79,834.417,914.3,8432.185977600762,622849.2359776008,9
SMV2-0054,2021-01-08,2021-01-11,DIXON,4,13716.855,14819.15,8432.185977600762,622849.2359776008,9
SMV2-0054,2021-01-08,2021-01-11,TITAN,42,1514.9571,1563.9,8432.185977600762,622849.2359776008,9
SMV2-0054,2021-01-08,2021-01-11,RAJESHEXPO,131,492.696225,484.9,8432.185977600762,622849.2359776008,9
SMV2-0054,2021-01-08,2021-01-11,VAIBHAVGBL,30,2146.0725,2551.85,8432.185977600762,622849.2359776008,9
SMV2-0054,2021-01-08,2021-01-11,IRCTC,45,1420.7099999999998,1460.7,8432.185977600762,622849.2359776008,9
SMV2-0054,2021-01-08,2021-01-11,CROMPTON,175,380.19,399.85,8432.185977600762,622849.2359776008,9
SMV2-0055,2021-01-15,2021-01-18,TCS,22,2911.455,3221.75,5365.697618850769,613049.6476188507,9
SMV2-0055,2021-01-15,2021-01-18,INFY,52,1239.069225,1312.05,5365.697618850769,613049.6476188507,9
SMV2-0055,2021-01-15,2021-01-18,WIPRO,154,441.2205,431.55,5365.697618850769,613049.6476188507,9
SMV2-0055,2021-01-15,2021-01-18,VOLTAS,79,834.417,890.9,5365.697618850769,613049.6476188507,9
SMV2-0055,2021-01-15,2021-01-18,DIXON,4,13716.855,15315.7,5365.697618850769,613049.6476188507,9
SMV2-0055,2021-01-15,2021-01-18,TITAN,42,1514.9571,1503.55,5365.697618850769,613049.6476188507,9
SMV2-0055,2021-01-15,2021-01-18,RAJESHEXPO,131,492.696225,483.65,5365.697618850769,613049.6476188507,9
SMV2-0055,2021-01-15,2021-01-18,VAIBHAVGBL,30,2146.0725,2584.05,5365.697618850769,613049.6476188507,9
SMV2-0055,2021-01-15,2021-01-18,CROMPTON,175,380.19,379.7,5365.697618850769,613049.6476188507,9
SMV2-0056,2021-01-22,2021-01-25,VOLTAS,79,834.417,940.65,6483.872788050765,613007.7227880508,9
SMV2-0056,2021-01-22,2021-01-25,DIXON,4,13716.855,13745.95,6483.872788050765,613007.7227880508,9
SMV2-0056,2021-01-22,2021-01-25,TITAN,42,1514.9571,1499.85,6483.872788050765,613007.7227880508,9
SMV2-0056,2021-01-22,2021-01-25,RAJESHEXPO,131,492.696225,478.9,6483.872788050765,613007.7227880508,9
SMV2-0056,2021-01-22,2021-01-25,VAIBHAVGBL,30,2146.0725,2624.4,6483.872788050765,613007.7227880508,9
SMV2-0056,2021-01-22,2021-01-25,CROMPTON,175,380.19,412.25,6483.872788050765,613007.7227880508,9
SMV2-0056,2021-01-22,2021-01-25,ADANIENT,131,530.515125,513.9,6483.872788050765,613007.7227880508,9
SMV2-0056,2021-01-22,2021-01-25,MSTCLTD,301,232.116,222.75,6483.872788050765,613007.7227880508,9
SMV2-0056,2021-01-22,2021-01-25,MMTC,2463,28.364175000000003,26.9,6483.872788050765,613007.7227880508,9
SMV2-0057,2021-01-29,2021-02-01,VOLTAS,79,834.417,938.3,11003.63718190082,628449.3371819007,9
SMV2-0057,2021-01-29,2021-02-01,DIXON,4,13716.855,15180.2,11003.63718190082,628449.3371819007,9
SMV2-0057,2021-01-29,2021-02-01,CROMPTON,175,380.19,416.45,11003.63718190082,628449.3371819007,9
SMV2-0057,2021-01-29,2021-02-01,ADANIENT,131,530.515125,537.2,11003.63718190082,628449.3371819007,9
SMV2-0057,2021-01-29,2021-02-01,MSTCLTD,301,232.116,223.45,11003.63718190082,628449.3371819007,9
SMV2-0057,2021-01-29,2021-02-01,MMTC,2463,28.364175000000003,29.0,11003.63718190082,628449.3371819007,9
SMV2-0057,2021-01-29,2021-02-01,MARUTI,9,7268.8326,7399.8,11003.63718190082,628449.3371819007,9
SMV2-0057,2021-01-29,2021-02-01,EICHERMOT,24,2778.3885,2842.85,11003.63718190082,628449.3371819007,9
SMV2-0057,2021-01-29,2021-02-01,BAJAJ-AUTO,16,4066.032,4114.7,11003.63718190082,628449.3371819007,9
SMV2-0058,2021-02-05,2021-02-08,VOLTAS,79,834.417,1040.4,27736.716456900824,701555.7164569008,9
SMV2-0058,2021-02-05,2021-02-08,DIXON,4,13716.855,17287.1,27736.716456900824,701555.7164569008,9
SMV2-0058,2021-02-05,2021-02-08,CROMPTON,175,380.19,408.2,27736.716456900824,701555.7164569008,9
SMV2-0058,2021-02-05,2021-02-08,ADANIENT,131,530.515125,628.3,27736.716456900824,701555.7164569008,9
SMV2-0058,2021-02-05,2021-02-08,MSTCLTD,246,232.116,362.05,27736.716456900824,701555.7164569008,9
SMV2-0058,2021-02-05,2021-02-08,MMTC,2463,28.364175000000003,29.4,27736.716456900824,701555.7164569008,9
SMV2-0058,2021-02-05,2021-02-08,MARUTI,9,7268.8326,7574.6,27736.716456900824,701555.7164569008,9
SMV2-0058,2021-02-05,2021-02-08,EICHERMOT,24,2778.3885,2970.4,27736.716456900824,701555.7164569008,9
SMV2-0058,2021-02-05,2021-02-08,BAJAJ-AUTO,16,4066.032,4237.45,27736.716456900824,701555.7164569008,9
SMV2-0059,2021-02-12,2021-02-15,LT,50,1527.7635,1537.65,14779.78200125086,693003.1820012509,9
SMV2-0059,2021-02-12,2021-02-15,ADANIPORTS,125,618.258975,627.75,14779.78200125086,693003.1820012509,9
SMV2-0059,2021-02-12,2021-02-15,NCC,901,86.14304999999999,85.05,14779.78200125086,693003.1820012509,9
SMV2-0059,2021-02-12,2021-02-15,VOLTAS,79,834.417,1058.0,14779.78200125086,693003.1820012509,9
SMV2-0059,2021-02-12,2021-02-15,DIXON,4,13716.855,18582.55,14779.78200125086,693003.1820012509,9
SMV2-0059,2021-02-12,2021-02-15,CROMPTON,175,380.19,394.95,14779.78200125086,693003.1820012509,9
SMV2-0059,2021-02-12,2021-02-15,ADANIENT,107,530.515125,763.45,14779.78200125086,693003.1820012509,9
SMV2-0059,2021-02-12,2021-02-15,MSTCLTD,246,232.116,277.7,14779.78200125086,693003.1820012509,9
SMV2-0059,2021-02-12,2021-02-15,MMTC,2463,28.364175000000003,28.1,14779.78200125086,693003.1820012509,9
SMV2-0060,2021-02-19,2021-02-22,LT,50,1527.7635,1452.2,14779.78200125086,700022.0320012509,9
SMV2-0060,2021-02-19,2021-02-22,ADANIPORTS,125,618.258975,673.8,14779.78200125086,700022.0320012509,9
SMV2-0060,2021-02-19,2021-02-22,NCC,901,86.14304999999999,87.7,14779.78200125086,700022.0320012509,9
SMV2-0060,2021-02-19,2021-02-22,VOLTAS,79,834.417,990.8,14779.78200125086,700022.0320012509,9
SMV2-0060,2021-02-19,2021-02-22,DIXON,4,13716.855,18715.35,14779.78200125086,700022.0320012509,9
SMV2-0060,2021-02-19,2021-02-22,CROMPTON,175,380.19,387.1,14779.78200125086,700022.0320012509,9
SMV2-0060,2021-02-19,2021-02-22,ADANIENT,107,530.515125,805.9,14779.78200125086,700022.0320012509,9
SMV2-0060,2021-02-19,2021-02-22,MSTCLTD,246,232.116,267.5,14779.78200125086,700022.0320012509,9
SMV2-0060,2021-02-19,2021-02-22,MMTC,2463,28.364175000000003,31.05,14779.78200125086,700022.0320012509,9
SMV2-0061,2021-02-26,2021-03-01,LT,50,1527.7635,1472.85,15626.494955800896,768092.8449558009,9
SMV2-0061,2021-02-26,2021-03-01,ADANIPORTS,125,618.258975,692.9,15626.494955800896,768092.8449558009,9
SMV2-0061,2021-02-26,2021-03-01,NCC,901,86.14304999999999,92.4,15626.494955800896,768092.8449558009,9
SMV2-0061,2021-02-26,2021-03-01,HDFCBANK,52,1564.7819999999997,1558.9,15626.494955800896,768092.8449558009,9
SMV2-0061,2021-02-26,2021-03-01,ICICIBANK,135,607.8537749999999,608.35,15626.494955800896,768092.8449558009,9
SMV2-0061,2021-02-26,2021-03-01,ADANIENT,107,530.515125,851.5,15626.494955800896,768092.8449558009,9
SMV2-0061,2021-02-26,2021-03-01,MSTCLTD,246,232.116,310.5,15626.494955800896,768092.8449558009,9
SMV2-0061,2021-02-26,2021-03-01,MMTC,2011,28.364175000000003,47.8,15626.494955800896,768092.8449558009,9
SMV2-0061,2021-02-26,2021-03-01,SBIN,208,395.29755,394.95,15626.494955800896,768092.8449558009,9
SMV2-0062,2021-03-05,2021-03-08,ADANIENT,107,530.515125,910.2,89.71942100102024,777373.7694210011,9
SMV2-0062,2021-03-05,2021-03-08,MSTCLTD,246,232.116,343.1,89.71942100102024,777373.7694210011,9
SMV2-0062,2021-03-05,2021-03-08,MMTC,2011,28.364175000000003,45.25,89.71942100102024,777373.7694210011,9
SMV2-0062,2021-03-05,2021-03-08,ITC,413,209.80485,208.0,89.71942100102024,777373.7694210011,9
SMV2-0062,2021-03-05,2021-03-08,GRASIM,64,1340.619975,1344.25,89.71942100102024,777373.7694210011,9
SMV2-0062,2021-03-05,2021-03-08,SRF,15,5661.829500000001,5663.25,89.71942100102024,777373.7694210011,9
SMV2-0062,2021-03-05,2021-03-08,DMART,26,3310.6545,3191.15,89.71942100102024,777373.7694210011,9
SMV2-0062,2021-03-05,2021-03-08,ABFRL,397,218.10899999999995,220.85,89.71942100102024,777373.7694210011,9
SMV2-0062,2021-03-05,2021-03-08,TRENT,87,886.443,884.6,89.71942100102024,777373.7694210011,9
SMV2-0063,2021-03-12,2021-03-15,ADANIENT,107,530.515125,896.2,14.894318501013911,766607.044318501,9
SMV2-0063,2021-03-12,2021-03-15,MSTCLTD,246,232.116,319.2,14.894318501013911,766607.044318501,9
SMV2-0063,2021-03-12,2021-03-15,MMTC,2011,28.364175000000003,45.9,14.894318501013911,766607.044318501,9
SMV2-0063,2021-03-12,2021-03-15,ITC,413,209.80485,205.45,14.894318501013911,766607.044318501,9
SMV2-0063,2021-03-12,2021-03-15,GRASIM,64,1340.619975,1384.1,14.894318501013911,766607.044318501,9
SMV2-0063,2021-03-12,2021-03-15,SRF,15,5661.829500000001,5534.65,14.894318501013911,766607.044318501,9
SMV2-0063,2021-03-12,2021-03-15,JKPAPER,557,152.97645,157.65,14.894318501013911,766607.044318501,9
SMV2-0063,2021-03-12,2021-03-15,WSTCSTPAPR,341,249.9249,236.4,14.894318501013911,766607.044318501,9
SMV2-0063,2021-03-12,2021-03-15,ORIENTPPR,2636,27.91395,28.45,14.894318501013911,766607.044318501,9
SMV2-0064,2021-03-19,2021-03-22,SUPREMEIND,42,1990.995,1996.15,11761.925093401034,772072.525093401,9
SMV2-0064,2021-03-19,2021-03-22,ASTRAL,49,1672.8360000000002,1705.45,11761.925093401034,772072.525093401,9
SMV2-0064,2021-03-19,2021-03-22,ADANIENT,107,530.515125,991.05,11761.925093401034,772072.525093401,9
SMV2-0064,2021-03-19,2021-03-22,MSTCLTD,246,232.116,313.15,11761.925093401034,772072.525093401,9
SMV2-0064,2021-03-19,2021-03-22,MMTC,2011,28.364175000000003,42.8,11761.925093401034,772072.525093401,9
SMV2-0064,2021-03-19,2021-03-22,JKPAPER,557,152.97645,147.25,11761.925093401034,772072.525093401,9
SMV2-0064,2021-03-19,2021-03-22,WSTCSTPAPR,341,249.9249,248.55,11761.925093401034,772072.525093401,9
SMV2-0064,2021-03-19,2021-03-22,ORIENTPPR,2636,27.91395,27.45,11761.925093401034,772072.525093401,9
SMV2-0064,2021-03-19,2021-03-22,EPL,396,211.1055,213.7,11761.925093401034,772072.525093401,9
SMV2-0065,2021-03-26,2021-03-30,SUPREMEIND,42,1990.995,2027.25,10368.333934851078,768767.0339348511,9
SMV2-0065,2021-03-26,2021-03-30,ASTRAL,49,1672.8360000000002,1591.65,10368.333934851078,768767.0339348511,9
SMV2-0065,2021-03-26,2021-03-30,ITC,405,213.356625,214.55,10368.333934851078,768767.0339348511,9
SMV2-0065,2021-03-26,2021-03-30,GRASIM,60,1417.3083,1422.6,10368.333934851078,768767.0339348511,9
SMV2-0065,2021-03-26,2021-03-30,SRF,16,5302.65,5402.25,10368.333934851078,768767.0339348511,9
SMV2-0065,2021-03-26,2021-03-30,JKPAPER,557,152.97645,148.65,10368.333934851078,768767.0339348511,9
SMV2-0065,2021-03-26,2021-03-30,WSTCSTPAPR,341,249.9249,240.0,10368.333934851078,768767.0339348511,9
SMV2-0065,2021-03-26,2021-03-30,ORIENTPPR,3229,27.7026489857541,24.95,10368.333934851078,768767.0339348511,9
SMV2-0065,2021-03-26,2021-03-30,EPL,396,211.1055,230.75,10368.333934851078,768767.0339348511,9
SMV2-0066,2021-04-01,2021-04-05,TCS,27,3172.5854999999992,3238.9,210.2699339010869,783400.019933901,9
SMV2-0066,2021-04-01,2021-04-05,INFY,63,1391.6954999999998,1409.9,210.2699339010869,783400.019933901,9
SMV2-0066,2021-04-01,2021-04-05,HCLTECH,87,1007.5035,1033.5,210.2699339010869,783400.019933901,9
SMV2-0066,2021-04-01,2021-04-05,SUPREMEIND,42,1990.995,2009.05,210.2699339010869,783400.019933901,9
SMV2-0066,2021-04-01,2021-04-05,ASTRAL,49,1672.8360000000002,1636.6,210.2699339010869,783400.019933901,9
SMV2-0066,2021-04-01,2021-04-05,ITC,405,213.356625,212.55,210.2699339010869,783400.019933901,9
SMV2-0066,2021-04-01,2021-04-05,GRASIM,60,1417.3083,1446.5,210.2699339010869,783400.019933901,9
SMV2-0066,2021-04-01,2021-04-05,SRF,16,5302.65,5652.2,210.2699339010869,783400.019933901,9
SMV2-0066,2021-04-01,2021-04-05,EPL,396,211.1055,225.05,210.2699339010869,783400.019933901,9
SMV2-0067,2021-04-09,2021-04-12,TCS,27,3172.5854999999992,3246.55,16.93444905115757,761211.3344490512,9
SMV2-0067,2021-04-09,2021-04-12,INFY,63,1391.6954999999998,1425.75,16.93444905115757,761211.3344490512,9
SMV2-0067,2021-04-09,2021-04-12,HCLTECH,87,1007.5035,1009.4,16.93444905115757,761211.3344490512,9
SMV2-0067,2021-04-09,2021-04-12,TATASTEEL,100,876.988275,851.55,16.93444905115757,761211.3344490512,9
SMV2-0067,2021-04-09,2021-04-12,TITAN,55,1571.7855,1510.45,16.93444905115757,761211.3344490512,9
SMV2-0067,2021-04-09,2021-04-12,RAJESHEXPO,161,510.1549499999999,494.25,16.93444905115757,761211.3344490512,9
SMV2-0067,2021-04-09,2021-04-12,VAIBHAVGBL,19,4422.21,4225.9,16.93444905115757,761211.3344490512,9
SMV2-0067,2021-04-09,2021-04-12,JSWSTEEL,144,609.3045,604.15,16.93444905115757,761211.3344490512,9
SMV2-0067,2021-04-09,2021-04-12,SAIL,954,91.94595,84.7,16.93444905115757,761211.3344490512,9
SMV2-0068,2021-04-16,2021-04-19,SUNPHARMA,130,644.322,640.65,1798.1740594011935,760960.7240594012,9
SMV2-0068,2021-04-16,2021-04-19,CIPLA,88,945.722625,946.3,1798.1740594011935,760960.7240594012,9
SMV2-0068,2021-04-16,2021-04-19,TCS,27,3172.5854999999992,3161.8,1798.1740594011935,760960.7240594012,9
SMV2-0068,2021-04-16,2021-04-19,INFY,63,1391.6954999999998,1362.55,1798.1740594011935,760960.7240594012,9
SMV2-0068,2021-04-16,2021-04-19,HCLTECH,87,1007.5035,994.6,1798.1740594011935,760960.7240594012,9
SMV2-0068,2021-04-16,2021-04-19,TATASTEEL,100,876.988275,888.05,1798.1740594011935,760960.7240594012,9
SMV2-0068,2021-04-16,2021-04-19,DIVISLAB,19,3813.906,3807.1,1798.1740594011935,760960.7240594012,9
SMV2-0068,2021-04-16,2021-04-19,JSWSTEEL,144,609.3045,615.8,1798.1740594011935,760960.7240594012,9
SMV2-0068,2021-04-16,2021-04-19,SAIL,954,91.94595,89.15,1798.1740594011935,760960.7240594012,9
SMV2-0069,2021-04-23,2021-04-26,SUNPHARMA,130,644.322,634.7,1798.1740594011935,769445.0740594012,9
SMV2-0069,2021-04-23,2021-04-26,CIPLA,88,945.722625,905.4,1798.1740594011935,769445.0740594012,9
SMV2-0069,2021-04-23,2021-04-26,TCS,27,3172.5854999999992,3100.8,1798.1740594011935,769445.0740594012,9
SMV2-0069,2021-04-23,2021-04-26,INFY,63,1391.6954999999998,1343.55,1798.1740594011935,769445.0740594012,9
SMV2-0069,2021-04-23,2021-04-26,HCLTECH,87,1007.5035,928.8,1798.1740594011935,769445.0740594012,9
SMV2-0069,2021-04-23,2021-04-26,TATASTEEL,100,876.988275,940.75,1798.1740594011935,769445.0740594012,9
SMV2-0069,2021-04-23,2021-04-26,DIVISLAB,19,3813.906,3784.35,1798.1740594011935,769445.0740594012,9
SMV2-0069,2021-04-23,2021-04-26,JSWSTEEL,144,609.3045,655.8,1798.1740594011935,769445.0740594012,9
SMV2-0069,2021-04-23,2021-04-26,SAIL,954,91.94595,100.5,1798.1740594011935,769445.0740594012,9
SMV2-0070,2021-04-30,2021-05-03,SUNPHARMA,130,644.322,659.2,1912.094636751266,822108.2946367512,9
SMV2-0070,2021-04-30,2021-05-03,CIPLA,88,945.722625,910.2,1912.094636751266,822108.2946367512,9
SMV2-0070,2021-04-30,2021-05-03,ASIANPAINT,35,2511.255,2582.15,1912.094636751266,822108.2946367512,9
SMV2-0070,2021-04-30,2021-05-03,UPL,148,605.80275,617.8,1912.094636751266,822108.2946367512,9
SMV2-0070,2021-04-30,2021-05-03,TATASTEEL,100,876.988275,1064.75,1912.094636751266,822108.2946367512,9
SMV2-0070,2021-04-30,2021-05-03,DIVISLAB,19,3813.906,4074.0,1912.094636751266,822108.2946367512,9
SMV2-0070,2021-04-30,2021-05-03,JSWSTEEL,144,609.3045,723.25,1912.094636751266,822108.2946367512,9
SMV2-0070,2021-04-30,2021-05-03,SAIL,752,91.94595,127.75,1912.094636751266,822108.2946367512,9
SMV2-0070,2021-04-30,2021-05-03,TATACHEM,113,792.396,783.15,1912.094636751266,822108.2946367512,9
SMV2-0071,2021-05-07,2021-05-10,SUNPHARMA,130,644.322,698.2,29906.920787551266,858237.3707875512,9
SMV2-0071,2021-05-07,2021-05-10,CIPLA,88,945.722625,900.25,29906.920787551266,858237.3707875512,9
SMV2-0071,2021-05-07,2021-05-10,ASIANPAINT,35,2511.255,2556.95,29906.920787551266,858237.3707875512,9
SMV2-0071,2021-05-07,2021-05-10,UPL,148,605.80275,674.6,29906.920787551266,858237.3707875512,9
SMV2-0071,2021-05-07,2021-05-10,TATASTEEL,78,876.988275,1216.35,29906.920787551266,858237.3707875512,9
SMV2-0071,2021-05-07,2021-05-10,DIVISLAB,19,3813.906,4139.3,29906.920787551266,858237.3707875512,9
SMV2-0071,2021-05-07,2021-05-10,JSWSTEEL,144,609.3045,758.65,29906.920787551266,858237.3707875512,9
SMV2-0071,2021-05-07,2021-05-10,SAIL,628,91.94595,146.3,29906.920787551266,858237.3707875512,9
SMV2-0071,2021-05-07,2021-05-10,TATACHEM,138,773.0022499999999,683.8,29906.920787551266,858237.3707875512,9
SMV2-0072,2021-05-14,2021-05-17,SUNPHARMA,130,644.322,687.15,29656.73600955127,855228.1360095514,9
SMV2-0072,2021-05-14,2021-05-17,CIPLA,88,945.722625,881.2,29656.73600955127,855228.1360095514,9
SMV2-0072,2021-05-14,2021-05-17,ASIANPAINT,35,2511.255,2782.75,29656.73600955127,855228.1360095514,9
SMV2-0072,2021-05-14,2021-05-17,UPL,124,605.80275,770.75,29656.73600955127,855228.1360095514,9
SMV2-0072,2021-05-14,2021-05-17,TATASTEEL,78,876.988275,1150.85,29656.73600955127,855228.1360095514,9
SMV2-0072,2021-05-14,2021-05-17,JSWSTEEL,144,609.3045,714.4,29656.73600955127,855228.1360095514,9
SMV2-0072,2021-05-14,2021-05-17,SAIL,628,91.94595,130.55,29656.73600955127,855228.1360095514,9
SMV2-0072,2021-05-14,2021-05-17,TATACHEM,138,773.0022499999999,704.05,29656.73600955127,855228.1360095514,9
SMV2-0072,2021-05-14,2021-05-17,LUPIN,79,1194.597,1189.15,29656.73600955127,855228.1360095514,9
SMV2-0073,2021-05-21,2021-05-24,VENKEYS,41,2290.094475,2245.45,1087.4007864013838,851440.0507864014,9
SMV2-0073,2021-05-21,2021-05-24,ASIANPAINT,35,2511.255,2819.2,1087.4007864013838,851440.0507864014,9
SMV2-0073,2021-05-21,2021-05-24,UPL,124,605.80275,789.35,1087.4007864013838,851440.0507864014,9
SMV2-0073,2021-05-21,2021-05-24,TATACONSUM,145,650.3249999999999,640.1,1087.4007864013838,851440.0507864014,9
SMV2-0073,2021-05-21,2021-05-24,SUPREMEIND,39,2184.0915,2185.35,1087.4007864013838,851440.0507864014,9
SMV2-0073,2021-05-21,2021-05-24,ASTRAL,54,1755.4772999999998,1790.75,1087.4007864013838,851440.0507864014,9
SMV2-0073,2021-05-21,2021-05-24,TATACHEM,138,773.0022499999999,707.25,1087.4007864013838,851440.0507864014,9
SMV2-0073,2021-05-21,2021-05-24,KSCL,121,780.1899,765.0,1087.4007864013838,851440.0507864014,9
SMV2-0073,2021-05-21,2021-05-24,PRINCEPIPE,131,724.1619,739.15,1087.4007864013838,851440.0507864014,9
SMV2-0074,2021-05-28,2021-05-31,VENKEYS,41,2290.094475,2363.75,12971.350894901409,868834.8508949014,9
SMV2-0074,2021-05-28,2021-05-31,INDHOTEL,719,133.6668,139.3,12971.350894901409,868834.8508949014,9
SMV2-0074,2021-05-28,2021-05-31,TATACONSUM,145,650.3249999999999,663.85,12971.350894901409,868834.8508949014,9
SMV2-0074,2021-05-28,2021-05-31,SUPREMEIND,39,2184.0915,2268.95,12971.350894901409,868834.8508949014,9
SMV2-0074,2021-05-28,2021-05-31,ASTRAL,54,1755.4772999999998,1875.2,12971.350894901409,868834.8508949014,9
SMV2-0074,2021-05-28,2021-05-31,KSCL,121,780.1899,719.15,12971.350894901409,868834.8508949014,9
SMV2-0074,2021-05-28,2021-05-31,PRINCEPIPE,131,724.1619,725.05,12971.350894901409,868834.8508949014,9
SMV2-0074,2021-05-28,2021-05-31,MHRIL,365,263.1315,260.45,12971.350894901409,868834.8508949014,9
SMV2-0074,2021-05-28,2021-05-31,LEMONTREE,2290,42.021,41.8,12971.350894901409,868834.8508949014,9
SMV2-0075,2021-06-04,2021-06-07,VENKEYS,41,2290.094475,2710.55,12971.350894901409,889000.6508949015,9
SMV2-0075,2021-06-04,2021-06-07,INDHOTEL,719,133.6668,135.95,12971.350894901409,889000.6508949015,9
SMV2-0075,2021-06-04,2021-06-07,TATACONSUM,145,650.3249999999999,699.95,12971.350894901409,889000.6508949015,9
SMV2-0075,2021-06-04,2021-06-07,SUPREMEIND,39,2184.0915,2229.55,12971.350894901409,889000.6508949015,9
SMV2-0075,2021-06-04,2021-06-07,ASTRAL,54,1755.4772999999998,1904.5,12971.350894901409,889000.6508949015,9
SMV2-0075,2021-06-04,2021-06-07,KSCL,121,780.1899,707.85,12971.350894901409,889000.6508949015,9
SMV2-0075,2021-06-04,2021-06-07,PRINCEPIPE,131,724.1619,701.15,12971.350894901409,889000.6508949015,9
SMV2-0075,2021-06-04,2021-06-07,MHRIL,365,263.1315,258.3,12971.350894901409,889000.6508949015,9
SMV2-0075,2021-06-04,2021-06-07,LEMONTREE,2290,42.021,45.45,12971.350894901409,889000.6508949015,9
SMV2-0076,2021-06-11,2021-06-14,INDHOTEL,719,133.6668,134.05,4570.135420701568,875576.7854207016,9
SMV2-0076,2021-06-11,2021-06-14,ZEEL,445,220.61024999999995,218.2,4570.135420701568,875576.7854207016,9
SMV2-0076,2021-06-11,2021-06-14,SUNTV,188,520.26,514.7,4570.135420701568,875576.7854207016,9
SMV2-0076,2021-06-11,2021-06-14,TV18BRDCST,2143,45.8229,45.7,4570.135420701568,875576.7854207016,9
SMV2-0076,2021-06-11,2021-06-14,ADANIENT,68,1442.170725,1501.45,4570.135420701568,875576.7854207016,9
SMV2-0076,2021-06-11,2021-06-14,MMTC,1662,59.079525,58.2,4570.135420701568,875576.7854207016,9
SMV2-0076,2021-06-11,2021-06-14,MHRIL,365,263.1315,257.1,4570.135420701568,875576.7854207016,9
SMV2-0076,2021-06-11,2021-06-14,LEMONTREE,2290,42.021,41.65,4570.135420701568,875576.7854207016,9
SMV2-0076,2021-06-11,2021-06-14,REDINGTON,350,279.989925,270.8,4570.135420701568,875576.7854207016,9
SMV2-0077,2021-06-18,2021-06-21,PAGEIND,3,29614.8,29682.85,5724.960024151675,867143.2100241517,9
SMV2-0077,2021-06-18,2021-06-21,ALOKINDS,3537,26.91345,27.35,5724.960024151675,867143.2100241517,9
SMV2-0077,2021-06-18,2021-06-21,MCDOWELL-N,144,657.3285,671.15,5724.960024151675,867143.2100241517,9
SMV2-0077,2021-06-18,2021-06-21,UBL,69,1371.835575,1419.55,5724.960024151675,867143.2100241517,9
SMV2-0077,2021-06-18,2021-06-21,ADANIENT,68,1442.170725,1540.0,5724.960024151675,867143.2100241517,9
SMV2-0077,2021-06-18,2021-06-21,MMTC,1662,59.079525,55.85,5724.960024151675,867143.2100241517,9
SMV2-0077,2021-06-18,2021-06-21,REDINGTON,350,279.989925,267.9,5724.960024151675,867143.2100241517,9
SMV2-0077,2021-06-18,2021-06-21,RADICO,123,770.385,771.5,5724.960024151675,867143.2100241517,9
SMV2-0077,2021-06-18,2021-06-21,LUXIND,28,3389.694,3387.0,5724.960024151675,867143.2100241517,9
SMV2-0078,2021-06-25,2021-06-28,MCDOWELL-N,144,657.3285,670.8,5192.782979001757,864721.9329790017,9
SMV2-0078,2021-06-25,2021-06-28,UBL,69,1371.835575,1429.75,5192.782979001757,864721.9329790017,9
SMV2-0078,2021-06-25,2021-06-28,POLYCAB,48,1975.737375,1948.55,5192.782979001757,864721.9329790017,9
SMV2-0078,2021-06-25,2021-06-28,ABB,52,1839.969525,1809.8,5192.782979001757,864721.9329790017,9
SMV2-0078,2021-06-25,2021-06-28,FINCABLES,185,516.95835,524.5,5192.782979001757,864721.9329790017,9
SMV2-0078,2021-06-25,2021-06-28,RADICO,123,770.385,777.55,5192.782979001757,864721.9329790017,9
SMV2-0078,2021-06-25,2021-06-28,BATAINDIA,58,1630.764975,1625.6,5192.782979001757,864721.9329790017,9
SMV2-0078,2021-06-25,2021-06-28,RELAXO,80,1187.09325,1171.9,5192.782979001757,864721.9329790017,9
SMV2-0078,2021-06-25,2021-06-28,KHADIM,315,304.202025,304.55,5192.782979001757,864721.9329790017,9
SMV2-0079,2021-07-02,2021-07-05,MCDOWELL-N,144,657.3285,660.85,5192.782979001757,865821.5829790018,9
SMV2-0079,2021-07-02,2021-07-05,UBL,69,1371.835575,1448.45,5192.782979001757,865821.5829790018,9
SMV2-0079,2021-07-02,2021-07-05,POLYCAB,48,1975.737375,1980.35,5192.782979001757,865821.5829790018,9
SMV2-0079,2021-07-02,2021-07-05,ABB,52,1839.969525,1773.75,5192.782979001757,865821.5829790018,9
SMV2-0079,2021-07-02,2021-07-05,FINCABLES,185,516.95835,511.3,5192.782979001757,865821.5829790018,9
SMV2-0079,2021-07-02,2021-07-05,RADICO,123,770.385,759.1,5192.782979001757,865821.5829790018,9
SMV2-0079,2021-07-02,2021-07-05,BATAINDIA,58,1630.764975,1579.25,5192.782979001757,865821.5829790018,9
SMV2-0079,2021-07-02,2021-07-05,RELAXO,80,1187.09325,1194.5,5192.782979001757,865821.5829790018,9
SMV2-0079,2021-07-02,2021-07-05,KHADIM,315,304.202025,327.35,5192.782979001757,865821.5829790018,9
SMV2-0080,2021-07-09,2021-07-12,AVANTIFEED,140,651.02535,642.6,450.14403390190273,848065.9940339018,9
SMV2-0080,2021-07-09,2021-07-12,VENKEYS,27,3400.6995,3466.85,450.14403390190273,848065.9940339018,9
SMV2-0080,2021-07-09,2021-07-12,TATACONSUM,122,771.3855,775.9,450.14403390190273,848065.9940339018,9
SMV2-0080,2021-07-09,2021-07-12,MCDOWELL-N,144,657.3285,660.25,450.14403390190273,848065.9940339018,9
SMV2-0080,2021-07-09,2021-07-12,UBL,69,1371.835575,1437.05,450.14403390190273,848065.9940339018,9
SMV2-0080,2021-07-09,2021-07-12,JKPAPER,416,227.21355,222.75,450.14403390190273,848065.9940339018,9
SMV2-0080,2021-07-09,2021-07-12,WSTCSTPAPR,354,267.1335,267.25,450.14403390190273,848065.9940339018,9
SMV2-0080,2021-07-09,2021-07-12,ORIENTPPR,2997,31.565775,30.65,450.14403390190273,848065.9940339018,9
SMV2-0080,2021-07-09,2021-07-12,RADICO,123,770.385,780.7,450.14403390190273,848065.9940339018,9
SMV2-0081,2021-07-16,2021-07-19,TCS,29,3181.59,3184.6,27230.03479455183,855892.6847945518,9
SMV2-0081,2021-07-16,2021-07-19,INFY,60,1545.47235,1541.7,27230.03479455183,855892.6847945518,9
SMV2-0081,2021-07-16,2021-07-19,PAGEIND,2,32984.2839,32894.85,27230.03479455183,855892.6847945518,9
SMV2-0081,2021-07-16,2021-07-19,RAYMOND,199,465.2325,469.1,27230.03479455183,855892.6847945518,9
SMV2-0081,2021-07-16,2021-07-19,DLF,284,326.06294999999994,331.25,27230.03479455183,855892.6847945518,9
SMV2-0081,2021-07-16,2021-07-19,GODREJPROP,59,1565.7825,1568.95,27230.03479455183,855892.6847945518,9
SMV2-0081,2021-07-16,2021-07-19,HAPPSTMNDS,63,1460.73,1526.1,27230.03479455183,855892.6847945518,9
SMV2-0081,2021-07-16,2021-07-19,IBREALEST,651,142.4712,159.3,27230.03479455183,855892.6847945518,9
SMV2-0081,2021-07-16,2021-07-19,BOMDYEING,924,100.4502,106.25,27230.03479455183,855892.6847945518,9
SMV2-0082,2021-07-23,2021-07-26,TCS,29,3181.59,3197.55,27230.03479455183,839656.5347945518,9
SMV2-0082,2021-07-23,2021-07-26,INFY,60,1545.47235,1603.9,27230.03479455183,839656.5347945518,9
SMV2-0082,2021-07-23,2021-07-26,PAGEIND,2,32984.2839,32938.0,27230.03479455183,839656.5347945518,9
SMV2-0082,2021-07-23,2021-07-26,RAYMOND,199,465.2325,448.15,27230.03479455183,839656.5347945518,9
SMV2-0082,2021-07-23,2021-07-26,DLF,284,326.06294999999994,333.95,27230.03479455183,839656.5347945518,9
SMV2-0082,2021-07-23,2021-07-26,GODREJPROP,59,1565.7825,1541.1,27230.03479455183,839656.5347945518,9
SMV2-0082,2021-07-23,2021-07-26,HAPPSTMNDS,63,1460.73,1350.25,27230.03479455183,839656.5347945518,9
SMV2-0082,2021-07-23,2021-07-26,IBREALEST,651,142.4712,160.35,27230.03479455183,839656.5347945518,9
SMV2-0082,2021-07-23,2021-07-26,BOMDYEING,924,100.4502,100.85,27230.03479455183,839656.5347945518,9
SMV2-0083,2021-07-30,2021-08-02,TCS,29,3181.59,3219.4,27230.03479455183,860686.5347945518,9
SMV2-0083,2021-07-30,2021-08-02,INFY,60,1545.47235,1631.55,27230.03479455183,860686.5347945518,9
SMV2-0083,2021-07-30,2021-08-02,PAGEIND,2,32984.2839,32465.45,27230.03479455183,860686.5347945518,9
SMV2-0083,2021-07-30,2021-08-02,RAYMOND,199,465.2325,447.4,27230.03479455183,860686.5347945518,9
SMV2-0083,2021-07-30,2021-08-02,DLF,284,326.06294999999994,351.85,27230.03479455183,860686.5347945518,9
SMV2-0083,2021-07-30,2021-08-02,GODREJPROP,59,1565.7825,1657.7,27230.03479455183,860686.5347945518,9
SMV2-0083,2021-07-30,2021-08-02,HAPPSTMNDS,63,1460.73,1370.1,27230.03479455183,860686.5347945518,9
SMV2-0083,2021-07-30,2021-08-02,IBREALEST,651,142.4712,157.6,27230.03479455183,860686.5347945518,9
SMV2-0083,2021-07-30,2021-08-02,BOMDYEING,924,100.4502,109.95,27230.03479455183,860686.5347945518,9
SMV2-0084,2021-08-06,2021-08-09,TCS,29,3181.59,3322.7,27796.228988751885,829886.1289887519,9
SMV2-0084,2021-08-06,2021-08-09,INFY,60,1545.47235,1663.3,27796.228988751885,829886.1289887519,9
SMV2-0084,2021-08-06,2021-08-09,TATASTEEL,65,1434.717,1412.2,27796.228988751885,829886.1289887519,9
SMV2-0084,2021-08-06,2021-08-09,PAGEIND,2,32984.2839,32470.7,27796.228988751885,829886.1289887519,9
SMV2-0084,2021-08-06,2021-08-09,RAYMOND,199,465.2325,426.35,27796.228988751885,829886.1289887519,9
SMV2-0084,2021-08-06,2021-08-09,WIPRO,156,600.3,596.8,27796.228988751885,829886.1289887519,9
SMV2-0084,2021-08-06,2021-08-09,JSWSTEEL,123,762.230925,747.35,27796.228988751885,829886.1289887519,9
SMV2-0084,2021-08-06,2021-08-09,SAIL,661,142.071,134.1,27796.228988751885,829886.1289887519,9
SMV2-0084,2021-08-06,2021-08-09,BOMDYEING,924,100.4502,98.15,27796.228988751885,829886.1289887519,9
SMV2-0085,2021-08-13,2021-08-16,TATASTEEL,65,1434.717,1519.4,50650.25490160186,835287.0549016019,9
SMV2-0085,2021-08-13,2021-08-16,PAGEIND,2,32984.2839,30306.5,50650.25490160186,835287.0549016019,9
SMV2-0085,2021-08-13,2021-08-16,RAYMOND,199,465.2325,414.2,50650.25490160186,835287.0549016019,9
SMV2-0085,2021-08-13,2021-08-16,DMART,25,3595.797,3633.5,50650.25490160186,835287.0549016019,9
SMV2-0085,2021-08-13,2021-08-16,ABFRL,449,206.653275,206.45,50650.25490160186,835287.0549016019,9
SMV2-0085,2021-08-13,2021-08-16,TRENT,104,885.392475,874.7,50650.25490160186,835287.0549016019,9
SMV2-0085,2021-08-13,2021-08-16,JSWSTEEL,123,762.230925,761.65,50650.25490160186,835287.0549016019,9
SMV2-0085,2021-08-13,2021-08-16,SAIL,661,142.071,134.5,50650.25490160186,835287.0549016019,9
SMV2-0085,2021-08-13,2021-08-16,BOMDYEING,924,100.4502,92.8,50650.25490160186,835287.0549016019,9
SMV2-0086,2021-08-20,2021-08-23,TITAN,47,1889.9445,1870.35,35.003071301893215,798937.4530713018,9
SMV2-0086,2021-08-20,2021-08-23,RAJESHEXPO,144,619.3095,609.4,35.003071301893215,798937.4530713018,9
SMV2-0086,2021-08-20,2021-08-23,DMART,25,3595.797,3673.75,35.003071301893215,798937.4530713018,9
SMV2-0086,2021-08-20,2021-08-23,ABFRL,449,206.653275,194.0,35.003071301893215,798937.4530713018,9
SMV2-0086,2021-08-20,2021-08-23,TRENT,104,885.392475,884.2,35.003071301893215,798937.4530713018,9
SMV2-0086,2021-08-20,2021-08-23,KALYANKJIL,1445,62.081025,62.05,35.003071301893215,798937.4530713018,9
SMV2-0086,2021-08-20,2021-08-23,RELIANCE,41,2175.087,2162.35,35.003071301893215,798937.4530713018,9
SMV2-0086,2021-08-20,2021-08-23,BPCL,195,458.92935,451.7,35.003071301893215,798937.4530713018,9
SMV2-0086,2021-08-20,2021-08-23,ONGC,769,110.405175,111.75,35.003071301893215,798937.4530713018,9
SMV2-0087,2021-08-27,2021-08-30,HDFCLIFE,128,709.3544999999999,712.35,1461.589864851936,824695.639864852,9
SMV2-0087,2021-08-27,2021-08-30,SBILIFE,76,1190.09475,1180.7,1461.589864851936,824695.639864852,9
SMV2-0087,2021-08-27,2021-08-30,RELIANCE,41,2175.087,2270.25,1461.589864851936,824695.639864852,9
SMV2-0087,2021-08-27,2021-08-30,BPCL,195,458.92935,472.55,1461.589864851936,824695.639864852,9
SMV2-0087,2021-08-27,2021-08-30,ONGC,769,110.405175,120.15,1461.589864851936,824695.639864852,9
SMV2-0087,2021-08-27,2021-08-30,GAIL,637,143.421675,146.0,1461.589864851936,824695.639864852,9
SMV2-0087,2021-08-27,2021-08-30,MGL,80,1143.5715,1136.85,1461.589864851936,824695.639864852,9
SMV2-0087,2021-08-27,2021-08-30,CONFIPET,1205,75.887925,73.7,1461.589864851936,824695.639864852,9
SMV2-0087,2021-08-27,2021-08-30,ICICIGI,58,1569.7845,1585.15,1461.589864851936,824695.639864852,9
SMV2-0088,2021-09-03,2021-09-06,HDFCLIFE,128,709.3544999999999,736.05,1923.2998271019603,837627.049827102,9
SMV2-0088,2021-09-03,2021-09-06,SBILIFE,76,1190.09475,1244.65,1923.2998271019603,837627.049827102,9
SMV2-0088,2021-09-03,2021-09-06,RELIANCE,41,2175.087,2425.6,1923.2998271019603,837627.049827102,9
SMV2-0088,2021-09-03,2021-09-06,BPCL,195,458.92935,490.8,1923.2998271019603,837627.049827102,9
SMV2-0088,2021-09-03,2021-09-06,ONGC,769,110.405175,121.65,1923.2998271019603,837627.049827102,9
SMV2-0088,2021-09-03,2021-09-06,ICICIGI,58,1569.7845,1563.35,1923.2998271019603,837627.049827102,9
SMV2-0088,2021-09-03,2021-09-06,HAL,67,1410.705,1361.15,1923.2998271019603,837627.049827102,9
SMV2-0088,2021-09-03,2021-09-06,BEL,469,201.350625,195.45,1923.2998271019603,837627.049827102,9
SMV2-0088,2021-09-03,2021-09-06,INDIGO,43,1985.49225,1968.7,1923.2998271019603,837627.049827102,9
SMV2-0089,2021-09-09,2021-09-13,TITAN,45,2038.0185,2030.65,2294.7882095520035,843205.1882095521,9
SMV2-0089,2021-09-09,2021-09-13,RAJESHEXPO,151,612.756225,606.7,2294.7882095520035,843205.1882095521,9
SMV2-0089,2021-09-09,2021-09-13,RELIANCE,41,2175.087,2371.55,2294.7882095520035,843205.1882095521,9
SMV2-0089,2021-09-09,2021-09-13,BPCL,195,458.92935,498.1,2294.7882095520035,843205.1882095521,9
SMV2-0089,2021-09-09,2021-09-13,ONGC,769,110.405175,123.05,2294.7882095520035,843205.1882095521,9
SMV2-0089,2021-09-09,2021-09-13,HAL,67,1410.705,1405.25,2294.7882095520035,843205.1882095521,9
SMV2-0089,2021-09-09,2021-09-13,BEL,469,201.350625,196.5,2294.7882095520035,843205.1882095521,9
SMV2-0089,2021-09-09,2021-09-13,INDIGO,43,1985.49225,1897.7,2294.7882095520035,843205.1882095521,9
SMV2-0089,2021-09-09,2021-09-13,GOLDIAM,99,931.4655,1020.4,2294.7882095520035,843205.1882095521,9
SMV2-0090,2021-09-17,2021-09-20,INDHOTEL,620,149.2746,161.05,53.5687061521603,820799.7687061521,9
SMV2-0090,2021-09-17,2021-09-20,POLYPLEX,53,1728.8639999999998,1694.3,53.5687061521603,820799.7687061521,9
SMV2-0090,2021-09-17,2021-09-20,ASTRAL,43,2107.4532,2064.0,53.5687061521603,820799.7687061521,9
SMV2-0090,2021-09-17,2021-09-20,PRINCEPIPE,130,708.303975,685.85,53.5687061521603,820799.7687061521,9
SMV2-0090,2021-09-17,2021-09-20,HAL,67,1410.705,1377.2,53.5687061521603,820799.7687061521,9
SMV2-0090,2021-09-17,2021-09-20,BEL,469,201.350625,201.6,53.5687061521603,820799.7687061521,9
SMV2-0090,2021-09-17,2021-09-20,INDIGO,43,1985.49225,2169.5,53.5687061521603,820799.7687061521,9
SMV2-0090,2021-09-17,2021-09-20,EASEMYTRIP,145,635.5176,597.5,53.5687061521603,820799.7687061521,9
SMV2-0090,2021-09-17,2021-09-20,BLS,315,281.1405,274.4,53.5687061521603,820799.7687061521,9
SMV2-0091,2021-09-24,2021-09-27,INDHOTEL,503,149.2746,189.35,6933.185682852156,840996.6356828521,9
SMV2-0091,2021-09-24,2021-09-27,DLF,221,414.357075,420.0,6933.185682852156,840996.6356828521,9
SMV2-0091,2021-09-24,2021-09-27,GODREJPROP,41,2193.59625,2285.7,6933.185682852156,840996.6356828521,9
SMV2-0091,2021-09-24,2021-09-27,OBEROIRLTY,97,936.468,948.8,6933.185682852156,840996.6356828521,9
SMV2-0091,2021-09-24,2021-09-27,ZEEL,300,305.1525,322.25,6933.185682852156,840996.6356828521,9
SMV2-0091,2021-09-24,2021-09-27,SUNTV,177,515.007375,504.3,6933.185682852156,840996.6356828521,9
SMV2-0091,2021-09-24,2021-09-27,TV18BRDCST,2394,38.269125,37.75,6933.185682852156,840996.6356828521,9
SMV2-0091,2021-09-24,2021-09-27,EASEMYTRIP,145,635.5176,613.35,6933.185682852156,840996.6356828521,9
SMV2-0091,2021-09-24,2021-09-27,BLS,393,271.57923320610684,241.75,6933.185682852156,840996.6356828521,9
SMV2-0092,2021-10-01,2021-10-04,INDHOTEL,503,149.2746,187.8,12783.091014852163,858597.5410148521,9
SMV2-0092,2021-10-01,2021-10-04,CHALET,403,231.5157,238.85,12783.091014852163,858597.5410148521,9
SMV2-0092,2021-10-01,2021-10-04,DLF,221,414.357075,424.4,12783.091014852163,858597.5410148521,9
SMV2-0092,2021-10-01,2021-10-04,GODREJPROP,41,2193.59625,2337.55,12783.091014852163,858597.5410148521,9
SMV2-0092,2021-10-01,2021-10-04,OBEROIRLTY,97,936.468,917.5,12783.091014852163,858597.5410148521,9
SMV2-0092,2021-10-01,2021-10-04,ZEEL,300,305.1525,301.25,12783.091014852163,858597.5410148521,9
SMV2-0092,2021-10-01,2021-10-04,SUNTV,177,515.007375,530.3,12783.091014852163,858597.5410148521,9
SMV2-0092,2021-10-01,2021-10-04,TV18BRDCST,2394,38.269125,43.8,12783.091014852163,858597.5410148521,9
SMV2-0092,2021-10-01,2021-10-04,EASEMYTRIP,145,635.5176,602.55,12783.091014852163,858597.5410148521,9
SMV2-0093,2021-10-08,2021-10-11,INDHOTEL,503,149.2746,206.8,15384.885551052195,881155.9355510522,9
SMV2-0093,2021-10-08,2021-10-11,CHALET,403,231.5157,248.4,15384.885551052195,881155.9355510522,9
SMV2-0093,2021-10-08,2021-10-11,DLF,221,414.357075,424.85,15384.885551052195,881155.9355510522,9
SMV2-0093,2021-10-08,2021-10-11,GODREJPROP,41,2193.59625,2368.95,15384.885551052195,881155.9355510522,9
SMV2-0093,2021-10-08,2021-10-11,OBEROIRLTY,97,936.468,962.65,15384.885551052195,881155.9355510522,9
SMV2-0093,2021-10-08,2021-10-11,DMART,21,4440.219,4719.45,15384.885551052195,881155.9355510522,9
SMV2-0093,2021-10-08,2021-10-11,ABFRL,370,259.02944999999994,262.6,15384.885551052195,881155.9355510522,9
SMV2-0093,2021-10-08,2021-10-11,TRENT,86,1115.3574,1103.15,15384.885551052195,881155.9355510522,9
SMV2-0093,2021-10-08,2021-10-11,EASEMYTRIP,145,635.5176,593.85,15384.885551052195,881155.9355510522,9
SMV2-0094,2021-10-14,2021-10-18,INDHOTEL,503,149.2746,225.45,15384.885551052195,915755.585551052,9
SMV2-0094,2021-10-14,2021-10-18,CHALET,403,231.5157,263.05,15384.885551052195,915755.585551052,9
SMV2-0094,2021-10-14,2021-10-18,DLF,221,414.357075,441.75,15384.885551052195,915755.585551052,9
SMV2-0094,2021-10-14,2021-10-18,GODREJPROP,41,2193.59625,2502.8,15384.885551052195,915755.585551052,9
SMV2-0094,2021-10-14,2021-10-18,OBEROIRLTY,97,936.468,966.9,15384.885551052195,915755.585551052,9
SMV2-0094,2021-10-14,2021-10-18,DMART,21,4440.219,4897.8,15384.885551052195,915755.585551052,9
SMV2-0094,2021-10-14,2021-10-18,ABFRL,370,259.02944999999994,266.75,15384.885551052195,915755.585551052,9
SMV2-0094,2021-10-14,2021-10-18,TRENT,86,1115.3574,1154.3,15384.885551052195,915755.585551052,9
SMV2-0094,2021-10-14,2021-10-18,EASEMYTRIP,145,635.5176,593.85,15384.885551052195,915755.585551052,9
SMV2-0095,2021-10-22,2021-10-25,MCDOWELL-N,113,837.6686249999999,826.3,16803.46610305227,835253.6161030523,9
SMV2-0095,2021-10-22,2021-10-25,UBL,58,1630.8149999999998,1626.55,16803.46610305227,835253.6161030523,9
SMV2-0095,2021-10-22,2021-10-25,DMART,21,4440.219,4400.6,16803.46610305227,835253.6161030523,9
SMV2-0095,2021-10-22,2021-10-25,ABFRL,370,259.02944999999994,248.45,16803.46610305227,835253.6161030523,9
SMV2-0095,2021-10-22,2021-10-25,TRENT,86,1115.3574,1020.65,16803.46610305227,835253.6161030523,9
SMV2-0095,2021-10-22,2021-10-25,RADICO,86,1107.5535,1115.95,16803.46610305227,835253.6161030523,9
SMV2-0095,2021-10-22,2021-10-25,EASEMYTRIP,145,635.5176,593.85,16803.46610305227,835253.6161030523,9
SMV2-0095,2021-10-22,2021-10-25,TATAPOWER,424,224.7123,213.6,16803.46610305227,835253.6161030523,9
SMV2-0095,2021-10-22,2021-10-25,IEX,123,774.387,699.0,16803.46610305227,835253.6161030523,9
SMV2-0096,2021-10-29,2021-11-01,MCDOWELL-N,113,837.6686249999999,973.6,4993.705473752285,868684.5054737523,9
SMV2-0096,2021-10-29,2021-11-01,UBL,58,1630.8149999999998,1672.1,4993.705473752285,868684.5054737523,9
SMV2-0096,2021-10-29,2021-11-01,DMART,21,4440.219,4564.75,4993.705473752285,868684.5054737523,9
SMV2-0096,2021-10-29,2021-11-01,ABFRL,370,259.02944999999994,271.2,4993.705473752285,868684.5054737523,9
SMV2-0096,2021-10-29,2021-11-01,TRENT,86,1115.3574,1024.7,4993.705473752285,868684.5054737523,9
SMV2-0096,2021-10-29,2021-11-01,RADICO,86,1107.5535,1091.8,4993.705473752285,868684.5054737523,9
SMV2-0096,2021-10-29,2021-11-01,BATAINDIA,48,1994.69685,1996.85,4993.705473752285,868684.5054737523,9
SMV2-0096,2021-10-29,2021-11-01,RELAXO,72,1331.6654999999998,1340.45,4993.705473752285,868684.5054737523,9
SMV2-0096,2021-10-29,2021-11-01,EASEMYTRIP,145,635.5176,593.85,4993.705473752285,868684.5054737523,9
SMV2-0097,2021-11-04,2021-11-08,MCDOWELL-N,113,837.6686249999999,999.05,4993.705473752285,900456.7054737522,9
SMV2-0097,2021-11-04,2021-11-08,UBL,58,1630.8149999999998,1732.05,4993.705473752285,900456.7054737522,9
SMV2-0097,2021-11-04,2021-11-08,DMART,21,4440.219,4748.5,4993.705473752285,900456.7054737522,9
SMV2-0097,2021-11-04,2021-11-08,ABFRL,370,259.02944999999994,288.7,4993.705473752285,900456.7054737522,9
SMV2-0097,2021-11-04,2021-11-08,TRENT,86,1115.3574,1100.55,4993.705473752285,900456.7054737522,9
SMV2-0097,2021-11-04,2021-11-08,RADICO,86,1107.5535,1072.2,4993.705473752285,900456.7054737522,9
SMV2-0097,2021-11-04,2021-11-08,BATAINDIA,48,1994.69685,2131.9,4993.705473752285,900456.7054737522,9
SMV2-0097,2021-11-04,2021-11-08,RELAXO,72,1331.6654999999998,1392.75,4993.705473752285,900456.7054737522,9
SMV2-0097,2021-11-04,2021-11-08,EASEMYTRIP,145,635.5176,593.85,4993.705473752285,900456.7054737522,9
SMV2-0098,2021-11-12,2021-11-15,ZEEL,322,314.157,325.05,1577.4086940022971,923362.8086940025,9
SMV2-0098,2021-11-12,2021-11-15,SUNTV,179,564.231975,556.35,1577.4086940022971,923362.8086940025,9
SMV2-0098,2021-11-12,2021-11-15,DMART,21,4440.219,5023.3,1577.4086940022971,923362.8086940025,9
SMV2-0098,2021-11-12,2021-11-15,ABFRL,370,259.02944999999994,290.3,1577.4086940022971,923362.8086940025,9
SMV2-0098,2021-11-12,2021-11-15,TRENT,86,1115.3574,1157.2,1577.4086940022971,923362.8086940025,9
SMV2-0098,2021-11-12,2021-11-15,BATAINDIA,48,1994.69685,2229.6,1577.4086940022971,923362.8086940025,9
SMV2-0098,2021-11-12,2021-11-15,RELAXO,72,1331.6654999999998,1397.25,1577.4086940022971,923362.8086940025,9
SMV2-0098,2021-11-12,2021-11-15,EASEMYTRIP,145,635.5176,593.85,1577.4086940022971,923362.8086940025,9
SMV2-0098,2021-11-12,2021-11-15,MIRZAINT,1226,82.591275,90.85,1577.4086940022971,923362.8086940025,9
SMV2-0099,2021-11-18,2021-11-22,PAGEIND,2,40615.2975,39478.35,31155.13108815229,875974.7810881523,9
SMV2-0099,2021-11-18,2021-11-22,POLYCAB,39,2491.245,2367.8,31155.13108815229,875974.7810881523,9
SMV2-0099,2021-11-18,2021-11-22,ABB,45,2159.229075,2099.8,31155.13108815229,875974.7810881523,9
SMV2-0099,2021-11-18,2021-11-22,BATAINDIA,48,1994.69685,2064.65,31155.13108815229,875974.7810881523,9
SMV2-0099,2021-11-18,2021-11-22,RELAXO,72,1331.6654999999998,1292.6,31155.13108815229,875974.7810881523,9
SMV2-0099,2021-11-18,2021-11-22,EASEMYTRIP,145,635.5176,593.85,31155.13108815229,875974.7810881523,9
SMV2-0099,2021-11-18,2021-11-22,MIRZAINT,1226,82.591275,81.0,31155.13108815229,875974.7810881523,9
SMV2-0099,2021-11-18,2021-11-22,KEI,95,1036.518,1032.6,31155.13108815229,875974.7810881523,9
SMV2-0099,2021-11-18,2021-11-22,TRIDENT,2178,45.2226,47.45,31155.13108815229,875974.7810881523,9
SMV2-0100,2021-11-26,2021-11-29,INFY,57,1691.8455,1696.35,53508.76420845234,880382.0142084523,9
SMV2-0100,2021-11-26,2021-11-29,PAGEIND,2,40615.2975,38031.05,53508.76420845234,880382.0142084523,9
SMV2-0100,2021-11-26,2021-11-29,ARVIND,871,112.056,120.35,53508.76420845234,880382.0142084523,9
SMV2-0100,2021-11-26,2021-11-29,POLYCAB,39,2491.245,2214.4,53508.76420845234,880382.0142084523,9
SMV2-0100,2021-11-26,2021-11-29,ABB,45,2159.229075,2083.35,53508.76420845234,880382.0142084523,9
SMV2-0100,2021-11-26,2021-11-29,IRCTC,124,786.3929999999999,775.8,53508.76420845234,880382.0142084523,9
SMV2-0100,2021-11-26,2021-11-29,EASEMYTRIP,145,635.5176,593.85,53508.76420845234,880382.0142084523,9
SMV2-0100,2021-11-26,2021-11-29,KEI,95,1036.518,1000.35,53508.76420845234,880382.0142084523,9
SMV2-0100,2021-11-26,2021-11-29,TRIDENT,1679,45.2226,54.7,53508.76420845234,880382.0142084523,9
SMV2-0101,2021-12-03,2021-12-06,TCS,27,3642.270225,3536.4,11403.866214252395,868268.6162142524,9
SMV2-0101,2021-12-03,2021-12-06,INFY,57,1691.8455,1695.3,11403.866214252395,868268.6162142524,9
SMV2-0101,2021-12-03,2021-12-06,BHARTIARTL,137,718.3589999999999,697.6,11403.866214252395,868268.6162142524,9
SMV2-0101,2021-12-03,2021-12-06,IRCTC,124,786.3929999999999,801.4,11403.866214252395,868268.6162142524,9
SMV2-0101,2021-12-03,2021-12-06,BATAINDIA,52,1900.84995,1857.35,11403.866214252395,868268.6162142524,9
SMV2-0101,2021-12-03,2021-12-06,EASEMYTRIP,145,635.5176,593.85,11403.866214252395,868268.6162142524,9
SMV2-0101,2021-12-03,2021-12-06,MIRZAINT,923,107.0535,101.7,11403.866214252395,868268.6162142524,9
SMV2-0101,2021-12-03,2021-12-06,INDUSTOWER,352,280.84035,268.5,11403.866214252395,868268.6162142524,9
SMV2-0101,2021-12-03,2021-12-06,TTML,722,136.818375,136.75,11403.866214252395,868268.6162142524,9
SMV2-0102,2021-12-10,2021-12-13,TCS,27,3642.270225,3609.65,30759.3756182524,914107.2256182524,9
SMV2-0102,2021-12-10,2021-12-13,INFY,57,1691.8455,1744.65,30759.3756182524,914107.2256182524,9
SMV2-0102,2021-12-10,2021-12-13,BHARTIARTL,137,718.3589999999999,703.1,30759.3756182524,914107.2256182524,9
SMV2-0102,2021-12-10,2021-12-13,IRCTC,124,786.3929999999999,858.7,30759.3756182524,914107.2256182524,9
SMV2-0102,2021-12-10,2021-12-13,BATAINDIA,52,1900.84995,2000.65,30759.3756182524,914107.2256182524,9
SMV2-0102,2021-12-10,2021-12-13,EASEMYTRIP,145,635.5176,593.85,30759.3756182524,914107.2256182524,9
SMV2-0102,2021-12-10,2021-12-13,MIRZAINT,776,107.0535,128.6,30759.3756182524,914107.2256182524,9
SMV2-0102,2021-12-10,2021-12-13,INDUSTOWER,352,280.84035,269.8,30759.3756182524,914107.2256182524,9
SMV2-0102,2021-12-10,2021-12-13,TTML,722,136.818375,136.75,30759.3756182524,914107.2256182524,9
SMV2-0103,2021-12-17,2021-12-20,TCS,27,3642.270225,3556.9,21788.7701008524,867461.3701008523,9
SMV2-0103,2021-12-17,2021-12-20,INFY,57,1691.8455,1798.9,21788.7701008524,867461.3701008523,9
SMV2-0103,2021-12-17,2021-12-20,BHARTIARTL,137,718.3589999999999,658.25,21788.7701008524,867461.3701008523,9
SMV2-0103,2021-12-17,2021-12-20,ZEEL,287,338.7693,331.5,21788.7701008524,867461.3701008523,9
SMV2-0103,2021-12-17,2021-12-20,TV18BRDCST,2166,45.0225,43.75,21788.7701008524,867461.3701008523,9
SMV2-0103,2021-12-17,2021-12-20,IRCTC,124,786.3929999999999,794.1,21788.7701008524,867461.3701008523,9
SMV2-0103,2021-12-17,2021-12-20,EASEMYTRIP,145,635.5176,593.85,21788.7701008524,867461.3701008523,9
SMV2-0103,2021-12-17,2021-12-20,INDUSTOWER,352,280.84035,237.8,21788.7701008524,867461.3701008523,9
SMV2-0103,2021-12-17,2021-12-20,TTML,722,136.818375,136.75,21788.7701008524,867461.3701008523,9
SMV2-0104,2021-12-24,2021-12-27,TCS,27,3642.270225,3696.1,5906.519279802422,882227.7692798025,9
SMV2-0104,2021-12-24,2021-12-27,INFY,57,1691.8455,1866.15,5906.519279802422,882227.7692798025,9
SMV2-0104,2021-12-24,2021-12-27,ZEEL,287,338.7693,317.95,5906.519279802422,882227.7692798025,9
SMV2-0104,2021-12-24,2021-12-27,TV18BRDCST,2166,45.0225,44.4,5906.519279802422,882227.7692798025,9
SMV2-0104,2021-12-24,2021-12-27,POLYCAB,42,2334.1665,2367.85,5906.519279802422,882227.7692798025,9
SMV2-0104,2021-12-24,2021-12-27,ABB,43,2250.5247,2195.5,5906.519279802422,882227.7692798025,9
SMV2-0104,2021-12-24,2021-12-27,IRCTC,124,786.3929999999999,839.0,5906.519279802422,882227.7692798025,9
SMV2-0104,2021-12-24,2021-12-27,EASEMYTRIP,145,635.5176,593.85,5906.519279802422,882227.7692798025,9
SMV2-0104,2021-12-24,2021-12-27,TTML,722,136.818375,136.75,5906.519279802422,882227.7692798025,9
SMV2-0105,2021-12-31,2022-01-03,TCS,27,3642.270225,3817.75,10192.320069402442,895792.7700694024,9
SMV2-0105,2021-12-31,2022-01-03,INFY,57,1691.8455,1898.45,10192.320069402442,895792.7700694024,9
SMV2-0105,2021-12-31,2022-01-03,WIPRO,137,718.3589999999999,718.7,10192.320069402442,895792.7700694024,9
SMV2-0105,2021-12-31,2022-01-03,ZEEL,287,338.7693,322.95,10192.320069402442,895792.7700694024,9
SMV2-0105,2021-12-31,2022-01-03,TV18BRDCST,2166,45.0225,46.25,10192.320069402442,895792.7700694024,9
SMV2-0105,2021-12-31,2022-01-03,POLYCAB,42,2334.1665,2459.7,10192.320069402442,895792.7700694024,9
SMV2-0105,2021-12-31,2022-01-03,ABB,43,2250.5247,2205.45,10192.320069402442,895792.7700694024,9
SMV2-0105,2021-12-31,2022-01-03,EASEMYTRIP,145,635.5176,593.85,10192.320069402442,895792.7700694024,9
SMV2-0105,2021-12-31,2022-01-03,TTML,722,136.818375,136.75,10192.320069402442,895792.7700694024,9
SMV2-0106,2022-01-07,2022-01-10,TCS,27,3642.270225,3879.85,42443.43211490242,892990.1821149024,9
SMV2-0106,2022-01-07,2022-01-10,INFY,57,1691.8455,1850.75,42443.43211490242,892990.1821149024,9
SMV2-0106,2022-01-07,2022-01-10,PAGEIND,1,44122.05,43635.35,42443.43211490242,892990.1821149024,9
SMV2-0106,2022-01-07,2022-01-10,WIPRO,137,718.3589999999999,693.5,42443.43211490242,892990.1821149024,9
SMV2-0106,2022-01-07,2022-01-10,POLYCAB,42,2334.1665,2521.65,42443.43211490242,892990.1821149024,9
SMV2-0106,2022-01-07,2022-01-10,ABB,43,2250.5247,2280.9,42443.43211490242,892990.1821149024,9
SMV2-0106,2022-01-07,2022-01-10,BOMDYEING,877,112.95645,115.1,42443.43211490242,892990.1821149024,9
SMV2-0106,2022-01-07,2022-01-10,TRIDENT,1835,53.976975,53.4,42443.43211490242,892990.1821149024,9
SMV2-0106,2022-01-07,2022-01-10,TTML,722,136.818375,136.75,42443.43211490242,892990.1821149024,9
SMV2-0107,2022-01-14,2022-01-17,TCS,27,3642.270225,4019.15,26322.178959402445,937880.2289594024,9
SMV2-0107,2022-01-14,2022-01-17,INFY,57,1691.8455,1939.5,26322.178959402445,937880.2289594024,9
SMV2-0107,2022-01-14,2022-01-17,PAGEIND,2,44372.175,44450.45,26322.178959402445,937880.2289594024,9
SMV2-0107,2022-01-14,2022-01-17,WIPRO,137,718.3589999999999,646.65,26322.178959402445,937880.2289594024,9
SMV2-0107,2022-01-14,2022-01-17,BHEL,1608,64.08202499999999,63.85,26322.178959402445,937880.2289594024,9
SMV2-0107,2022-01-14,2022-01-17,BOMDYEING,877,112.95645,117.25,26322.178959402445,937880.2289594024,9
SMV2-0107,2022-01-14,2022-01-17,TRIDENT,1521,53.976975,68.0,26322.178959402445,937880.2289594024,9
SMV2-0107,2022-01-14,2022-01-17,TTML,722,136.818375,136.75,26322.178959402445,937880.2289594024,9
SMV2-0107,2022-01-14,2022-01-17,GREAVESCOT,444,232.116,241.75,26322.178959402445,937880.2289594024,9
SMV2-0108,2022-01-21,2022-01-24,PAGEIND,2,44372.175,39915.6,13780.230256352428,844034.3302563524,9
SMV2-0108,2022-01-21,2022-01-24,INDHOTEL,485,205.1025,195.25,13780.230256352428,844034.3302563524,9
SMV2-0108,2022-01-21,2022-01-24,ALOKINDS,3147,31.6158,28.9,13780.230256352428,844034.3302563524,9
SMV2-0108,2022-01-21,2022-01-24,BHEL,1608,64.08202499999999,57.25,13780.230256352428,844034.3302563524,9
SMV2-0108,2022-01-21,2022-01-24,BOMDYEING,877,112.95645,100.55,13780.230256352428,844034.3302563524,9
SMV2-0108,2022-01-21,2022-01-24,TRIDENT,1521,53.976975,68.0,13780.230256352428,844034.3302563524,9
SMV2-0108,2022-01-21,2022-01-24,TTML,722,136.818375,136.75,13780.230256352428,844034.3302563524,9
SMV2-0108,2022-01-21,2022-01-24,GREAVESCOT,444,232.116,210.15,13780.230256352428,844034.3302563524,9
SMV2-0108,2022-01-21,2022-01-24,COFFEEDAY,1289,77.188575,69.1,13780.230256352428,844034.3302563524,9
SMV2-0109,2022-01-28,2022-01-31,PAGEIND,2,44372.175,42426.05,7403.852838752442,877102.0028387525,9
SMV2-0109,2022-01-28,2022-01-31,INDHOTEL,485,205.1025,215.6,7403.852838752442,877102.0028387525,9
SMV2-0109,2022-01-28,2022-01-31,ALOKINDS,3147,31.6158,30.95,7403.852838752442,877102.0028387525,9
SMV2-0109,2022-01-28,2022-01-31,LEMONTREE,1950,50.12505,51.8,7403.852838752442,877102.0028387525,9
SMV2-0109,2022-01-28,2022-01-31,BOMDYEING,877,112.95645,109.55,7403.852838752442,877102.0028387525,9
SMV2-0109,2022-01-28,2022-01-31,RELIANCE,41,2361.3801,2386.6,7403.852838752442,877102.0028387525,9
SMV2-0109,2022-01-28,2022-01-31,TRIDENT,1521,53.976975,68.0,7403.852838752442,877102.0028387525,9
SMV2-0109,2022-01-28,2022-01-31,TTML,722,136.818375,136.75,7403.852838752442,877102.0028387525,9
SMV2-0109,2022-01-28,2022-01-31,COFFEEDAY,1289,77.188575,66.55,7403.852838752442,877102.0028387525,9
SMV2-0110,2022-02-04,2022-02-07,PAGEIND,2,44372.175,40715.5,7403.852838752442,869328.5028387525,9
SMV2-0110,2022-02-04,2022-02-07,INDHOTEL,485,205.1025,211.8,7403.852838752442,869328.5028387525,9
SMV2-0110,2022-02-04,2022-02-07,ALOKINDS,3147,31.6158,28.65,7403.852838752442,869328.5028387525,9
SMV2-0110,2022-02-04,2022-02-07,LEMONTREE,1950,50.12505,50.5,7403.852838752442,869328.5028387525,9
SMV2-0110,2022-02-04,2022-02-07,BOMDYEING,877,112.95645,125.05,7403.852838752442,869328.5028387525,9
SMV2-0110,2022-02-04,2022-02-07,RELIANCE,41,2361.3801,2317.1,7403.852838752442,869328.5028387525,9
SMV2-0110,2022-02-04,2022-02-07,TRIDENT,1521,53.976975,68.0,7403.852838752442,869328.5028387525,9
SMV2-0110,2022-02-04,2022-02-07,TTML,722,136.818375,136.75,7403.852838752442,869328.5028387525,9
SMV2-0110,2022-02-04,2022-02-07,COFFEEDAY,1289,77.188575,63.85,7403.852838752442,869328.5028387525,9
SMV2-0111,2022-02-11,2022-02-14,INDHOTEL,485,205.1025,195.1,118.95616565256204,821070.9061656526,9
SMV2-0111,2022-02-11,2022-02-14,ZEEL,362,257.1285,249.35,118.95616565256204,821070.9061656526,9
SMV2-0111,2022-02-11,2022-02-14,SUNTV,141,510.20497499999993,516.7,118.95616565256204,821070.9061656526,9
SMV2-0111,2022-02-11,2022-02-14,TV18BRDCST,1325,70.38517499999999,64.6,118.95616565256204,821070.9061656526,9
SMV2-0111,2022-02-11,2022-02-14,LEMONTREE,1950,50.12505,47.2,118.95616565256204,821070.9061656526,9
SMV2-0111,2022-02-11,2022-02-14,RELIANCE,41,2361.3801,2338.55,118.95616565256204,821070.9061656526,9
SMV2-0111,2022-02-11,2022-02-14,TRIDENT,1521,53.976975,68.0,118.95616565256204,821070.9061656526,9
SMV2-0111,2022-02-11,2022-02-14,TTML,722,136.818375,136.75,118.95616565256204,821070.9061656526,9
SMV2-0111,2022-02-11,2022-02-14,COFFEEDAY,1580,73.84408713607594,55.4,118.95616565256204,821070.9061656526,9
SMV2-0112,2022-02-18,2022-02-21,INDHOTEL,485,205.1025,204.95,118.95616565256204,834131.5061656527,9
SMV2-0112,2022-02-18,2022-02-21,ZEEL,362,257.1285,254.35,118.95616565256204,834131.5061656527,9
SMV2-0112,2022-02-18,2022-02-21,SUNTV,141,510.20497499999993,472.7,118.95616565256204,834131.5061656527,9
SMV2-0112,2022-02-18,2022-02-21,TV18BRDCST,1325,70.38517499999999,61.6,118.95616565256204,834131.5061656527,9
SMV2-0112,2022-02-18,2022-02-21,LEMONTREE,1950,50.12505,52.1,118.95616565256204,834131.5061656527,9
SMV2-0112,2022-02-18,2022-02-21,RELIANCE,41,2361.3801,2399.9,118.95616565256204,834131.5061656527,9
SMV2-0112,2022-02-18,2022-02-21,TRIDENT,1521,53.976975,68.0,118.95616565256204,834131.5061656527,9
SMV2-0112,2022-02-18,2022-02-21,TTML,722,136.818375,136.75,118.95616565256204,834131.5061656527,9
SMV2-0112,2022-02-18,2022-02-21,COFFEEDAY,1580,73.84408713607594,58.3,118.95616565256204,834131.5061656527,9
SMV2-0113,2022-02-25,2022-02-28,INDHOTEL,485,205.1025,199.45,299.6891796025884,808019.8891796025,9
SMV2-0113,2022-02-25,2022-02-28,ZEEL,362,257.1285,229.25,299.6891796025884,808019.8891796025,9
SMV2-0113,2022-02-25,2022-02-28,SUNTV,199,489.8073440954773,447.55,299.6891796025884,808019.8891796025,9
SMV2-0113,2022-02-25,2022-02-28,TV18BRDCST,1325,70.38517499999999,61.35,299.6891796025884,808019.8891796025,9
SMV2-0113,2022-02-25,2022-02-28,LEMONTREE,1950,50.12505,50.2,299.6891796025884,808019.8891796025,9
SMV2-0113,2022-02-25,2022-02-28,TRIDENT,1521,53.976975,68.0,299.6891796025884,808019.8891796025,9
SMV2-0113,2022-02-25,2022-02-28,TTML,722,136.818375,136.75,299.6891796025884,808019.8891796025,9
SMV2-0113,2022-02-25,2022-02-28,COFFEEDAY,1580,73.84408713607594,56.65,299.6891796025884,808019.8891796025,9
SMV2-0113,2022-02-25,2022-02-28,JINDALPOLY,67,982.641075,1016.25,299.6891796025884,808019.8891796025,9
SMV2-0114,2022-03-04,2022-03-07,INDHOTEL,485,205.1025,189.65,299.6891796025884,797436.1891796025,9
SMV2-0114,2022-03-04,2022-03-07,ZEEL,362,257.1285,238.0,299.6891796025884,797436.1891796025,9
SMV2-0114,2022-03-04,2022-03-07,SUNTV,199,489.8073440954773,438.1,299.6891796025884,797436.1891796025,9
SMV2-0114,2022-03-04,2022-03-07,TV18BRDCST,1325,70.38517499999999,57.95,299.6891796025884,797436.1891796025,9
SMV2-0114,2022-03-04,2022-03-07,LEMONTREE,1950,50.12505,53.15,299.6891796025884,797436.1891796025,9
SMV2-0114,2022-03-04,2022-03-07,TRIDENT,1521,53.976975,68.0,299.6891796025884,797436.1891796025,9
SMV2-0114,2022-03-04,2022-03-07,TTML,722,136.818375,136.75,299.6891796025884,797436.1891796025,9
SMV2-0114,2022-03-04,2022-03-07,COFFEEDAY,1580,73.84408713607594,52.35,299.6891796025884,797436.1891796025,9
SMV2-0114,2022-03-04,2022-03-07,JINDALPOLY,67,982.641075,992.8,299.6891796025884,797436.1891796025,9
SMV2-0115,2022-03-11,2022-03-14,INDHOTEL,485,205.1025,204.55,94.88140730263694,838308.0814073026,9
SMV2-0115,2022-03-11,2022-03-14,JKPAPER,221,268.53419999999994,277.25,94.88140730263694,838308.0814073026,9
SMV2-0115,2022-03-11,2022-03-14,LEMONTREE,1950,50.12505,55.85,94.88140730263694,838308.0814073026,9
SMV2-0115,2022-03-11,2022-03-14,RELIANCE,38,2388.09345,2418.85,94.88140730263694,838308.0814073026,9
SMV2-0115,2022-03-11,2022-03-14,BPCL,258,359.9799,359.65,94.88140730263694,838308.0814073026,9
SMV2-0115,2022-03-11,2022-03-14,ONGC,534,174.087,171.8,94.88140730263694,838308.0814073026,9
SMV2-0115,2022-03-11,2022-03-14,TRIDENT,1521,53.976975,68.0,94.88140730263694,838308.0814073026,9
SMV2-0115,2022-03-11,2022-03-14,TTML,722,136.818375,136.75,94.88140730263694,838308.0814073026,9
SMV2-0115,2022-03-11,2022-03-14,COFFEEDAY,1580,73.84408713607594,57.1,94.88140730263694,838308.0814073026,9
SMV2-0116,2022-03-17,2022-03-21,TATASTEEL,46,1308.654,1302.95,968.1216621026324,845327.7216621026,9
SMV2-0116,2022-03-17,2022-03-21,INDHOTEL,485,205.1025,206.0,968.1216621026324,845327.7216621026,9
SMV2-0116,2022-03-17,2022-03-21,JKPAPER,309,278.67778058252424,314.95,968.1216621026324,845327.7216621026,9
SMV2-0116,2022-03-17,2022-03-21,WSTCSTPAPR,295,319.1595,323.95,968.1216621026324,845327.7216621026,9
SMV2-0116,2022-03-17,2022-03-21,LEMONTREE,1950,50.12505,52.8,968.1216621026324,845327.7216621026,9
SMV2-0116,2022-03-17,2022-03-21,TRIDENT,1521,53.976975,68.0,968.1216621026324,845327.7216621026,9
SMV2-0116,2022-03-17,2022-03-21,TTML,722,136.818375,136.75,968.1216621026324,845327.7216621026,9
SMV2-0116,2022-03-17,2022-03-21,COFFEEDAY,1580,73.84408713607594,58.8,968.1216621026324,845327.7216621026,9
SMV2-0116,2022-03-17,2022-03-21,SATIA,856,110.05499999999998,109.35,968.1216621026324,845327.7216621026,9
SMV2-0117,2022-03-25,2022-03-28,TATASTEEL,65,1318.0125230769231,1338.95,532.0951026026378,871987.3951026027,9
SMV2-0117,2022-03-25,2022-03-28,INDHOTEL,485,205.1025,231.95,532.0951026026378,871987.3951026027,9
SMV2-0117,2022-03-25,2022-03-28,JKPAPER,309,278.67778058252424,308.45,532.0951026026378,871987.3951026027,9
SMV2-0117,2022-03-25,2022-03-28,WSTCSTPAPR,295,319.1595,315.8,532.0951026026378,871987.3951026027,9
SMV2-0117,2022-03-25,2022-03-28,LEMONTREE,1545,50.12505,68.25,532.0951026026378,871987.3951026027,9
SMV2-0117,2022-03-25,2022-03-28,TRIDENT,1521,53.976975,68.0,532.0951026026378,871987.3951026027,9
SMV2-0117,2022-03-25,2022-03-28,TTML,722,136.818375,136.75,532.0951026026378,871987.3951026027,9
SMV2-0117,2022-03-25,2022-03-28,COFFEEDAY,1580,73.84408713607594,55.9,532.0951026026378,871987.3951026027,9
SMV2-0117,2022-03-25,2022-03-28,SATIA,856,110.05499999999998,102.25,532.0951026026378,871987.3951026027,9
SMV2-0118,2022-04-01,2022-04-04,INDHOTEL,485,205.1025,239.1,182.71654470260543,936882.8165447026,9
SMV2-0118,2022-04-01,2022-04-04,ZEEL,343,299.9499,302.75,182.71654470260543,936882.8165447026,9
SMV2-0118,2022-04-01,2022-04-04,SUNTV,204,500.25,498.15,182.71654470260543,936882.8165447026,9
SMV2-0118,2022-04-01,2022-04-04,TV18BRDCST,1358,75.787875,79.95,182.71654470260543,936882.8165447026,9
SMV2-0118,2022-04-01,2022-04-04,JKPAPER,309,278.67778058252424,329.05,182.71654470260543,936882.8165447026,9
SMV2-0118,2022-04-01,2022-04-04,WSTCSTPAPR,295,319.1595,340.8,182.71654470260543,936882.8165447026,9
SMV2-0118,2022-04-01,2022-04-04,LEMONTREE,1545,50.12505,63.4,182.71654470260543,936882.8165447026,9
SMV2-0118,2022-04-01,2022-04-04,TRIDENT,1521,53.976975,68.0,182.71654470260543,936882.8165447026,9
SMV2-0118,2022-04-01,2022-04-04,SATIA,856,110.05499999999998,120.45,182.71654470260543,936882.8165447026,9
SMV2-0119,2022-04-08,2022-04-11,INDHOTEL,485,205.1025,250.7,20.452408502693288,952714.0024085029,9
SMV2-0119,2022-04-08,2022-04-11,JKPAPER,309,278.67778058252424,328.2,20.452408502693288,952714.0024085029,9
SMV2-0119,2022-04-08,2022-04-11,WSTCSTPAPR,295,319.1595,360.35,20.452408502693288,952714.0024085029,9
SMV2-0119,2022-04-08,2022-04-11,LEMONTREE,1545,50.12505,66.4,20.452408502693288,952714.0024085029,9
SMV2-0119,2022-04-08,2022-04-11,EASEMYTRIP,245,431.8158,412.05,20.452408502693288,952714.0024085029,9
SMV2-0119,2022-04-08,2022-04-11,TRIDENT,1521,53.976975,68.0,20.452408502693288,952714.0024085029,9
SMV2-0119,2022-04-08,2022-04-11,JINDALPOLY,79,1186.3928999999998,1209.65,20.452408502693288,952714.0024085029,9
SMV2-0119,2022-04-08,2022-04-11,SATIA,856,110.05499999999998,132.75,20.452408502693288,952714.0024085029,9
SMV2-0119,2022-04-08,2022-04-11,UFLEX,153,687.3435,700.8,20.452408502693288,952714.0024085029,9
SMV2-0120,2022-04-13,2022-04-18,INDHOTEL,485,205.1025,246.5,20.452408502693288,965400.6024085028,9
SMV2-0120,2022-04-13,2022-04-18,JKPAPER,309,278.67778058252424,365.1,20.452408502693288,965400.6024085028,9
SMV2-0120,2022-04-13,2022-04-18,WSTCSTPAPR,295,319.1595,378.3,20.452408502693288,965400.6024085028,9
SMV2-0120,2022-04-13,2022-04-18,LEMONTREE,1545,50.12505,66.15,20.452408502693288,965400.6024085028,9
SMV2-0120,2022-04-13,2022-04-18,EASEMYTRIP,245,431.8158,389.65,20.452408502693288,965400.6024085028,9
SMV2-0120,2022-04-13,2022-04-18,TRIDENT,1521,53.976975,68.0,20.452408502693288,965400.6024085028,9
SMV2-0120,2022-04-13,2022-04-18,JINDALPOLY,79,1186.3928999999998,1129.95,20.452408502693288,965400.6024085028,9
SMV2-0120,2022-04-13,2022-04-18,SATIA,856,110.05499999999998,146.95,20.452408502693288,965400.6024085028,9
SMV2-0120,2022-04-13,2022-04-18,UFLEX,153,687.3435,688.0,20.452408502693288,965400.6024085028,9
SMV2-0121,2022-04-22,2022-04-25,JKPAPER,309,278.67778058252424,359.95,114.71309885276423,900784.8630988528,9
SMV2-0121,2022-04-22,2022-04-25,WSTCSTPAPR,295,319.1595,354.95,114.71309885276423,900784.8630988528,9
SMV2-0121,2022-04-22,2022-04-25,RELIANCE,37,2743.7712,2695.0,114.71309885276423,900784.8630988528,9
SMV2-0121,2022-04-22,2022-04-25,ONGC,595,171.0855,169.65,114.71309885276423,900784.8630988528,9
SMV2-0121,2022-04-22,2022-04-25,JINDALPOLY,79,1186.3928999999998,1105.1,114.71309885276423,900784.8630988528,9
SMV2-0121,2022-04-22,2022-04-25,SATIA,856,110.05499999999998,133.4,114.71309885276423,900784.8630988528,9
SMV2-0121,2022-04-22,2022-04-25,UFLEX,153,687.3435,656.7,114.71309885276423,900784.8630988528,9
SMV2-0121,2022-04-22,2022-04-25,IOC,766,132.8664,127.75,114.71309885276423,900784.8630988528,9
SMV2-0121,2022-04-22,2022-04-25,HUHTAMAKI,493,179.0895,170.9,114.71309885276423,900784.8630988528,9
SMV2-0122,2022-04-29,2022-05-02,JKPAPER,309,278.67778058252424,360.15,114.71309885276423,903513.2630988528,9
SMV2-0122,2022-04-29,2022-05-02,WSTCSTPAPR,295,319.1595,345.5,114.71309885276423,903513.2630988528,9
SMV2-0122,2022-04-29,2022-05-02,RELIANCE,37,2743.7712,2780.45,114.71309885276423,903513.2630988528,9
SMV2-0122,2022-04-29,2022-05-02,ONGC,595,171.0855,156.35,114.71309885276423,903513.2630988528,9
SMV2-0122,2022-04-29,2022-05-02,JINDALPOLY,79,1186.3928999999998,1114.45,114.71309885276423,903513.2630988528,9
SMV2-0122,2022-04-29,2022-05-02,SATIA,856,110.05499999999998,131.5,114.71309885276423,903513.2630988528,9
SMV2-0122,2022-04-29,2022-05-02,UFLEX,153,687.3435,651.1,114.71309885276423,903513.2630988528,9
SMV2-0122,2022-04-29,2022-05-02,IOC,766,132.8664,126.65,114.71309885276423,903513.2630988528,9
SMV2-0122,2022-04-29,2022-05-02,HUHTAMAKI,493,179.0895,196.85,114.71309885276423,903513.2630988528,9
SMV2-0123,2022-05-06,2022-05-09,ADANIENT,43,2230.61475,2197.65,23283.93676965276,857568.7867696527,9
SMV2-0123,2022-05-06,2022-05-09,MMTC,2242,42.871425,42.0,23283.93676965276,857568.7867696527,9
SMV2-0123,2022-05-06,2022-05-09,REDINGTON,697,137.8689,141.65,23283.93676965276,857568.7867696527,9
SMV2-0123,2022-05-06,2022-05-09,RELIANCE,37,2743.7712,2518.3,23283.93676965276,857568.7867696527,9
SMV2-0123,2022-05-06,2022-05-09,ONGC,595,171.0855,164.75,23283.93676965276,857568.7867696527,9
SMV2-0123,2022-05-06,2022-05-09,JINDALPOLY,79,1186.3928999999998,1019.55,23283.93676965276,857568.7867696527,9
SMV2-0123,2022-05-06,2022-05-09,UFLEX,153,687.3435,611.05,23283.93676965276,857568.7867696527,9
SMV2-0123,2022-05-06,2022-05-09,IOC,766,132.8664,124.0,23283.93676965276,857568.7867696527,9
SMV2-0123,2022-05-06,2022-05-09,HUHTAMAKI,493,179.0895,175.8,23283.93676965276,857568.7867696527,9
SMV2-0124,2022-05-13,2022-05-16,MARUTI,12,7160.5785,7247.6,1147.6591468028928,816349.9591468029,9
SMV2-0124,2022-05-13,2022-05-16,RELIANCE,37,2743.7712,2427.2,1147.6591468028928,816349.9591468029,9
SMV2-0124,2022-05-13,2022-05-16,ONGC,595,171.0855,153.5,1147.6591468028928,816349.9591468029,9
SMV2-0124,2022-05-13,2022-05-16,IOC,766,132.8664,122.1,1147.6591468028928,816349.9591468029,9
SMV2-0124,2022-05-13,2022-05-16,HINDUNILVR,41,2201.1,2217.25,1147.6591468028928,816349.9591468029,9
SMV2-0124,2022-05-13,2022-05-16,JUBLFOOD,186,485.192475,485.9,1147.6591468028928,816349.9591468029,9
SMV2-0124,2022-05-13,2022-05-16,BRITANNIA,27,3338.6685,3284.9,1147.6591468028928,816349.9591468029,9
SMV2-0124,2022-05-13,2022-05-16,M&M,101,895.4475,903.35,1147.6591468028928,816349.9591468029,9
SMV2-0124,2022-05-13,2022-05-16,HEROMOTOCO,37,2451.275025,2495.9,1147.6591468028928,816349.9591468029,9
SMV2-0125,2022-05-20,2022-05-23,MARUTI,12,7160.5785,7897.45,1147.6591468028928,849067.4091468028,9
SMV2-0125,2022-05-20,2022-05-23,RELIANCE,37,2743.7712,2606.9,1147.6591468028928,849067.4091468028,9
SMV2-0125,2022-05-20,2022-05-23,ONGC,595,171.0855,155.1,1147.6591468028928,849067.4091468028,9
SMV2-0125,2022-05-20,2022-05-23,IOC,766,132.8664,117.7,1147.6591468028928,849067.4091468028,9
SMV2-0125,2022-05-20,2022-05-23,HINDUNILVR,41,2201.1,2379.8,1147.6591468028928,849067.4091468028,9
SMV2-0125,2022-05-20,2022-05-23,JUBLFOOD,186,485.192475,485.4,1147.6591468028928,849067.4091468028,9
SMV2-0125,2022-05-20,2022-05-23,BRITANNIA,27,3338.6685,3487.05,1147.6591468028928,849067.4091468028,9
SMV2-0125,2022-05-20,2022-05-23,M&M,101,895.4475,941.9,1147.6591468028928,849067.4091468028,9
SMV2-0125,2022-05-20,2022-05-23,HEROMOTOCO,37,2451.275025,2624.7,1147.6591468028928,849067.4091468028,9
SMV2-0126,2022-05-27,2022-05-30,HDFCLIFE,157,605.952825,608.9,93.52720040291024,871648.327200403,9
SMV2-0126,2022-05-27,2022-05-30,ICICIPRULI,154,531.2655,530.4,93.52720040291024,871648.327200403,9
SMV2-0126,2022-05-27,2022-05-30,SBILIFE,84,1125.9627,1148.4,93.52720040291024,871648.327200403,9
SMV2-0126,2022-05-27,2022-05-30,MARUTI,12,7160.5785,8013.9,93.52720040291024,871648.327200403,9
SMV2-0126,2022-05-27,2022-05-30,HINDUNILVR,41,2201.1,2348.95,93.52720040291024,871648.327200403,9
SMV2-0126,2022-05-27,2022-05-30,JUBLFOOD,186,485.192475,566.85,93.52720040291024,871648.327200403,9
SMV2-0126,2022-05-27,2022-05-30,BRITANNIA,27,3338.6685,3576.25,93.52720040291024,871648.327200403,9
SMV2-0126,2022-05-27,2022-05-30,M&M,101,895.4475,998.35,93.52720040291024,871648.327200403,9
SMV2-0126,2022-05-27,2022-05-30,HEROMOTOCO,37,2451.275025,2770.55,93.52720040291024,871648.327200403,9
SMV2-0127,2022-06-03,2022-06-06,HDFCLIFE,157,605.952825,606.1,7189.463471902927,859248.6134719029,9
SMV2-0127,2022-06-03,2022-06-06,ICICIPRULI,154,531.2655,565.05,7189.463471902927,859248.6134719029,9
SMV2-0127,2022-06-03,2022-06-06,SBILIFE,84,1125.9627,1142.0,7189.463471902927,859248.6134719029,9
SMV2-0127,2022-06-03,2022-06-06,MARUTI,12,7160.5785,7710.55,7189.463471902927,859248.6134719029,9
SMV2-0127,2022-06-03,2022-06-06,HAL,49,1900.95,1887.85,7189.463471902927,859248.6134719029,9
SMV2-0127,2022-06-03,2022-06-06,BEL,393,241.02045,243.4,7189.463471902927,859248.6134719029,9
SMV2-0127,2022-06-03,2022-06-06,INDIGO,52,1790.895,1819.8,7189.463471902927,859248.6134719029,9
SMV2-0127,2022-06-03,2022-06-06,M&M,101,895.4475,1035.95,7189.463471902927,859248.6134719029,9
SMV2-0127,2022-06-03,2022-06-06,HEROMOTOCO,37,2451.275025,2540.75,7189.463471902927,859248.6134719029,9
SMV2-0128,2022-06-10,2022-06-13,MARUTI,12,7160.5785,7901.6,94.1614663029759,834338.6614663029,9
SMV2-0128,2022-06-10,2022-06-13,RELIANCE,35,2651.325,2662.9,94.1614663029759,834338.6614663029,9
SMV2-0128,2022-06-10,2022-06-13,ONGC,581,162.081,159.55,94.1614663029759,834338.6614663029,9
SMV2-0128,2022-06-10,2022-06-13,HAL,49,1900.95,1854.9,94.1614663029759,834338.6614663029,9
SMV2-0128,2022-06-10,2022-06-13,BEL,393,241.02045,235.5,94.1614663029759,834338.6614663029,9
SMV2-0128,2022-06-10,2022-06-13,INDIGO,52,1790.895,1755.8,94.1614663029759,834338.6614663029,9
SMV2-0128,2022-06-10,2022-06-13,M&M,101,895.4475,1004.3,94.1614663029759,834338.6614663029,9
SMV2-0128,2022-06-10,2022-06-13,MRPL,806,116.708325,111.25,94.1614663029759,834338.6614663029,9
SMV2-0128,2022-06-10,2022-06-13,ASHOKLEY,665,134.91742499999998,131.85,94.1614663029759,834338.6614663029,9
SMV2-0129,2022-06-17,2022-06-20,MARUTI,12,7160.5785,7660.95,12.56660910298524,767101.566609103,9
SMV2-0129,2022-06-17,2022-06-20,BATAINDIA,53,1646.823,1628.9,12.56660910298524,767101.566609103,9
SMV2-0129,2022-06-17,2022-06-20,HAL,49,1900.95,1724.8,12.56660910298524,767101.566609103,9
SMV2-0129,2022-06-17,2022-06-20,BEL,393,241.02045,227.15,12.56660910298524,767101.566609103,9
SMV2-0129,2022-06-17,2022-06-20,INDIGO,52,1790.895,1549.3,12.56660910298524,767101.566609103,9
SMV2-0129,2022-06-17,2022-06-20,MIRZAINT,393,225.1125,201.55,12.56660910298524,767101.566609103,9
SMV2-0129,2022-06-17,2022-06-20,M&M,101,895.4475,982.7,12.56660910298524,767101.566609103,9
SMV2-0129,2022-06-17,2022-06-20,ASHOKLEY,665,134.91742499999998,132.9,12.56660910298524,767101.566609103,9
SMV2-0129,2022-06-17,2022-06-20,METROBRAND,126,545.0723999999999,536.8,12.56660910298524,767101.566609103,9
SMV2-0130,2022-06-24,2022-06-27,MCDOWELL-N,118,771.3855,770.25,475.8159723029821,812744.015972303,9
SMV2-0130,2022-06-24,2022-06-27,UBL,60,1510.755,1494.85,475.8159723029821,812744.015972303,9
SMV2-0130,2022-06-24,2022-06-27,MARUTI,12,7160.5785,8448.75,475.8159723029821,812744.015972303,9
SMV2-0130,2022-06-24,2022-06-27,BAJAJ-AUTO,23,3871.935,3861.2,475.8159723029821,812744.015972303,9
SMV2-0130,2022-06-24,2022-06-27,RADICO,103,835.4174999999999,822.55,475.8159723029821,812744.015972303,9
SMV2-0130,2022-06-24,2022-06-27,RELIANCE,35,2546.222475,2492.65,475.8159723029821,812744.015972303,9
SMV2-0130,2022-06-24,2022-06-27,ONGC,652,140.07,141.5,475.8159723029821,812744.015972303,9
SMV2-0130,2022-06-24,2022-06-27,M&M,83,895.4475,1082.7,475.8159723029821,812744.015972303,9
SMV2-0130,2022-06-24,2022-06-27,MRPL,1064,85.792875,82.15,475.8159723029821,812744.015972303,9
SMV2-0131,2022-07-01,2022-07-04,MCDOWELL-N,118,771.3855,798.1,90.56622355300352,808969.0162235531,9
SMV2-0131,2022-07-01,2022-07-04,UBL,60,1510.755,1545.55,90.56622355300352,808969.0162235531,9
SMV2-0131,2022-07-01,2022-07-04,MARUTI,12,7160.5785,8443.35,90.56622355300352,808969.0162235531,9
SMV2-0131,2022-07-01,2022-07-04,BAJAJ-AUTO,23,3871.935,3679.75,90.56622355300352,808969.0162235531,9
SMV2-0131,2022-07-01,2022-07-04,JKPAPER,290,305.7528,303.75,90.56622355300352,808969.0162235531,9
SMV2-0131,2022-07-01,2022-07-04,WSTCSTPAPR,254,349.1745,351.35,90.56622355300352,808969.0162235531,9
SMV2-0131,2022-07-01,2022-07-04,RADICO,103,835.4174999999999,889.6,90.56622355300352,808969.0162235531,9
SMV2-0131,2022-07-01,2022-07-04,SATIA,592,126.06299999999996,129.2,90.56622355300352,808969.0162235531,9
SMV2-0131,2022-07-01,2022-07-04,M&M,83,895.4475,1091.2,90.56622355300352,808969.0162235531,9
SMV2-0132,2022-07-08,2022-07-11,TITAN,41,2154.0765,2163.6,243.5735117530276,817533.923511753,9
SMV2-0132,2022-07-08,2022-07-11,RAJESHEXPO,152,588.744225,606.55,243.5735117530276,817533.923511753,9
SMV2-0132,2022-07-08,2022-07-11,VAIBHAVGBL,264,305.1525,305.9,243.5735117530276,817533.923511753,9
SMV2-0132,2022-07-08,2022-07-11,MARUTI,12,7160.5785,8507.65,243.5735117530276,817533.923511753,9
SMV2-0132,2022-07-08,2022-07-11,BAJAJ-AUTO,23,3871.935,3848.55,243.5735117530276,817533.923511753,9
SMV2-0132,2022-07-08,2022-07-11,HINDUNILVR,36,2488.2435,2490.6,243.5735117530276,817533.923511753,9
SMV2-0132,2022-07-08,2022-07-11,JUBLFOOD,157,572.286,581.95,243.5735117530276,817533.923511753,9
SMV2-0132,2022-07-08,2022-07-11,BRITANNIA,23,3831.1146,3795.4,243.5735117530276,817533.923511753,9
SMV2-0132,2022-07-08,2022-07-11,M&M,83,895.4475,1165.05,243.5735117530276,817533.923511753,9
SMV2-0133,2022-07-15,2022-07-18,VOLTAS,92,992.496,1034.7,87.72340205305954,822356.2734020532,9
SMV2-0133,2022-07-15,2022-07-18,DIXON,24,3766.532325,3811.55,87.72340205305954,822356.2734020532,9
SMV2-0133,2022-07-15,2022-07-18,CROMPTON,195,395.29755,391.2,87.72340205305954,822356.2734020532,9
SMV2-0133,2022-07-15,2022-07-18,MARUTI,12,7160.5785,8704.8,87.72340205305954,822356.2734020532,9
SMV2-0133,2022-07-15,2022-07-18,BAJAJ-AUTO,23,3871.935,3984.05,87.72340205305954,822356.2734020532,9
SMV2-0133,2022-07-15,2022-07-18,HINDUNILVR,36,2488.2435,2553.5,87.72340205305954,822356.2734020532,9
SMV2-0133,2022-07-15,2022-07-18,JUBLFOOD,157,572.286,559.95,87.72340205305954,822356.2734020532,9
SMV2-0133,2022-07-15,2022-07-18,BRITANNIA,23,3831.1146,3774.95,87.72340205305954,822356.2734020532,9
SMV2-0133,2022-07-15,2022-07-18,M&M,83,895.4475,1163.4,87.72340205305954,822356.2734020532,9
SMV2-0134,2022-07-22,2022-07-25,DLF,256,359.07944999999995,357.35,720.3215146032016,822222.0215146032,9
SMV2-0134,2022-07-22,2022-07-25,GODREJPROP,63,1449.5243999999998,1432.45,720.3215146032016,822222.0215146032,9
SMV2-0134,2022-07-22,2022-07-25,VOLTAS,92,992.496,999.65,720.3215146032016,822222.0215146032,9
SMV2-0134,2022-07-22,2022-07-25,DIXON,24,3766.532325,3764.05,720.3215146032016,822222.0215146032,9
SMV2-0134,2022-07-22,2022-07-25,OBEROIRLTY,103,891.1453500000001,879.9,720.3215146032016,822222.0215146032,9
SMV2-0134,2022-07-22,2022-07-25,CROMPTON,244,391.6709425204918,375.15,720.3215146032016,822222.0215146032,9
SMV2-0134,2022-07-22,2022-07-25,JKPAPER,278,330.56519999999995,333.35,720.3215146032016,822222.0215146032,9
SMV2-0134,2022-07-22,2022-07-25,WSTCSTPAPR,245,375.737775,367.75,720.3215146032016,822222.0215146032,9
SMV2-0134,2022-07-22,2022-07-25,TNPL,432,213.1065,214.2,720.3215146032016,822222.0215146032,9
SMV2-0135,2022-07-29,2022-08-01,HDFCBANK,66,1439.7195,1446.15,14351.566552203236,870676.4665522033,9
SMV2-0135,2022-07-29,2022-08-01,AXISBANK,132,726.3629999999999,730.8,14351.566552203236,870676.4665522033,9
SMV2-0135,2022-07-29,2022-08-01,ICICIBANK,117,821.11035,823.4,14351.566552203236,870676.4665522033,9
SMV2-0135,2022-07-29,2022-08-01,VOLTAS,92,992.496,999.25,14351.566552203236,870676.4665522033,9
SMV2-0135,2022-07-29,2022-08-01,DIXON,24,3766.532325,3748.2,14351.566552203236,870676.4665522033,9
SMV2-0135,2022-07-29,2022-08-01,CROMPTON,244,391.6709425204918,398.95,14351.566552203236,870676.4665522033,9
SMV2-0135,2022-07-29,2022-08-01,HAL,47,2031.015,2029.2,14351.566552203236,870676.4665522033,9
SMV2-0135,2022-07-29,2022-08-01,BEL,348,276.3381,284.2,14351.566552203236,870676.4665522033,9
SMV2-0135,2022-07-29,2022-08-01,INDIGO,50,1893.9465,1891.4,14351.566552203236,870676.4665522033,9
SMV2-0136,2022-08-05,2022-08-08,HDFCBANK,66,1439.7195,1462.05,131.11472700325248,889331.8647270033,9
SMV2-0136,2022-08-05,2022-08-08,AXISBANK,132,726.3629999999999,745.55,131.11472700325248,889331.8647270033,9
SMV2-0136,2022-08-05,2022-08-08,ICICIBANK,117,821.11035,836.95,131.11472700325248,889331.8647270033,9
SMV2-0136,2022-08-05,2022-08-08,JKPAPER,251,383.49165,388.9,131.11472700325248,889331.8647270033,9
SMV2-0136,2022-08-05,2022-08-08,WSTCSTPAPR,193,498.249,526.85,131.11472700325248,889331.8647270033,9
SMV2-0136,2022-08-05,2022-08-08,HAL,47,2031.015,2159.25,131.11472700325248,889331.8647270033,9
SMV2-0136,2022-08-05,2022-08-08,BEL,348,276.3381,281.85,131.11472700325248,889331.8647270033,9
SMV2-0136,2022-08-05,2022-08-08,INDIGO,50,1893.9465,2067.2,131.11472700325248,889331.8647270033,9
SMV2-0136,2022-08-05,2022-08-08,TNPL,373,249.82485,252.4,131.11472700325248,889331.8647270033,9
SMV2-0137,2022-08-12,2022-08-16,HDFCBANK,66,1439.7195,1502.15,131.11472700325248,923927.2647270032,9
SMV2-0137,2022-08-12,2022-08-16,AXISBANK,132,726.3629999999999,764.65,131.11472700325248,923927.2647270032,9
SMV2-0137,2022-08-12,2022-08-16,ICICIBANK,117,821.11035,879.25,131.11472700325248,923927.2647270032,9
SMV2-0137,2022-08-12,2022-08-16,JKPAPER,251,383.49165,447.05,131.11472700325248,923927.2647270032,9
SMV2-0137,2022-08-12,2022-08-16,WSTCSTPAPR,193,498.249,539.0,131.11472700325248,923927.2647270032,9
SMV2-0137,2022-08-12,2022-08-16,HAL,47,2031.015,2297.3,131.11472700325248,923927.2647270032,9
SMV2-0137,2022-08-12,2022-08-16,BEL,348,276.3381,293.75,131.11472700325248,923927.2647270032,9
SMV2-0137,2022-08-12,2022-08-16,INDIGO,50,1893.9465,2069.15,131.11472700325248,923927.2647270032,9
SMV2-0137,2022-08-12,2022-08-16,TNPL,373,249.82485,243.85,131.11472700325248,923927.2647270032,9
SMV2-0138,2022-08-19,2022-08-22,ZEEL,387,258.479175,259.15,38.53512450329436,905052.3351245034,9
SMV2-0138,2022-08-19,2022-08-22,SUNTV,205,488.44409999999993,500.0,38.53512450329436,905052.3351245034,9
SMV2-0138,2022-08-19,2022-08-22,JKPAPER,251,383.49165,419.2,38.53512450329436,905052.3351245034,9
SMV2-0138,2022-08-19,2022-08-22,WSTCSTPAPR,193,498.249,575.25,38.53512450329436,905052.3351245034,9
SMV2-0138,2022-08-19,2022-08-22,HAL,47,2031.015,2229.75,38.53512450329436,905052.3351245034,9
SMV2-0138,2022-08-19,2022-08-22,BEL,348,276.3381,289.1,38.53512450329436,905052.3351245034,9
SMV2-0138,2022-08-19,2022-08-22,INDIGO,50,1893.9465,1968.75,38.53512450329436,905052.3351245034,9
SMV2-0138,2022-08-19,2022-08-22,TNPL,373,249.82485,233.5,38.53512450329436,905052.3351245034,9
SMV2-0138,2022-08-19,2022-08-22,NDTV,265,367.1835,358.65,38.53512450329436,905052.3351245034,9
SMV2-0139,2022-08-26,2022-08-29,ZEEL,387,258.479175,251.35,38.53512450329436,958096.9351245032,9
SMV2-0139,2022-08-26,2022-08-29,SUNTV,205,488.44409999999993,504.45,38.53512450329436,958096.9351245032,9
SMV2-0139,2022-08-26,2022-08-29,JKPAPER,251,383.49165,416.7,38.53512450329436,958096.9351245032,9
SMV2-0139,2022-08-26,2022-08-29,WSTCSTPAPR,193,498.249,641.4,38.53512450329436,958096.9351245032,9
SMV2-0139,2022-08-26,2022-08-29,HAL,47,2031.015,2289.2,38.53512450329436,958096.9351245032,9
SMV2-0139,2022-08-26,2022-08-29,BEL,348,276.3381,308.85,38.53512450329436,958096.9351245032,9
SMV2-0139,2022-08-26,2022-08-29,INDIGO,50,1893.9465,1959.2,38.53512450329436,958096.9351245032,9
SMV2-0139,2022-08-26,2022-08-29,TNPL,373,249.82485,259.95,38.53512450329436,958096.9351245032,9
SMV2-0139,2022-08-26,2022-08-29,NDTV,265,367.1835,449.05,38.53512450329436,958096.9351245032,9
SMV2-0140,2022-09-02,2022-09-05,ZEEL,387,258.479175,251.0,34334.8638817533,998112.9138817532,9
SMV2-0140,2022-09-02,2022-09-05,SUNTV,205,488.44409999999993,510.6,34334.8638817533,998112.9138817532,9
SMV2-0140,2022-09-02,2022-09-05,JKPAPER,251,383.49165,420.3,34334.8638817533,998112.9138817532,9
SMV2-0140,2022-09-02,2022-09-05,WSTCSTPAPR,193,498.249,607.55,34334.8638817533,998112.9138817532,9
SMV2-0140,2022-09-02,2022-09-05,HAL,47,2031.015,2377.5,34334.8638817533,998112.9138817532,9
SMV2-0140,2022-09-02,2022-09-05,BEL,348,276.3381,327.9,34334.8638817533,998112.9138817532,9
SMV2-0140,2022-09-02,2022-09-05,INDIGO,50,1893.9465,2019.9,34334.8638817533,998112.9138817532,9
SMV2-0140,2022-09-02,2022-09-05,TNPL,373,249.82485,273.8,34334.8638817533,998112.9138817532,9
SMV2-0140,2022-09-02,2022-09-05,NDTV,202,367.1835,545.75,34334.8638817533,998112.9138817532,9
SMV2-0141,2022-09-09,2022-09-12,DLF,268,398.5992,409.6,8855.145154653423,965494.6951546536,9
SMV2-0141,2022-09-09,2022-09-12,GODREJPROP,75,1420.659975,1459.6,8855.145154653423,965494.6951546536,9
SMV2-0141,2022-09-09,2022-09-12,ZEEL,387,258.479175,270.35,8855.145154653423,965494.6951546536,9
SMV2-0141,2022-09-09,2022-09-12,SUNTV,205,488.44409999999993,520.2,8855.145154653423,965494.6951546536,9
SMV2-0141,2022-09-09,2022-09-12,IBREALEST,1230,87.0435,86.25,8855.145154653423,965494.6951546536,9
SMV2-0141,2022-09-09,2022-09-12,UFLEX,138,772.386,775.2,8855.145154653423,965494.6951546536,9
SMV2-0141,2022-09-09,2022-09-12,NDTV,253,378.3566727272727,422.4,8855.145154653423,965494.6951546536,9
SMV2-0141,2022-09-09,2022-09-12,AGI,290,368.48415,360.7,8855.145154653423,965494.6951546536,9
SMV2-0141,2022-09-09,2022-09-12,TCPLPACK,78,1365.6825,1302.5,8855.145154653423,965494.6951546536,9
SMV2-0142,2022-09-16,2022-09-19,INDHOTEL,320,319.1595,319.75,283.0988753534912,910536.9488753534,9
SMV2-0142,2022-09-16,2022-09-19,CONCOR,137,742.7711999999999,747.65,283.0988753534912,910536.9488753534,9
SMV2-0142,2022-09-16,2022-09-19,HAL,41,2491.245,2481.1,283.0988753534912,910536.9488753534,9
SMV2-0142,2022-09-16,2022-09-19,BEL,909,112.406175,110.5,283.0988753534912,910536.9488753534,9
SMV2-0142,2022-09-16,2022-09-19,INDIGO,55,1846.172625,1838.55,283.0988753534912,910536.9488753534,9
SMV2-0142,2022-09-16,2022-09-19,EASEMYTRIP,243,419.2095000000001,412.6,283.0988753534912,910536.9488753534,9
SMV2-0142,2022-09-16,2022-09-19,BLS,362,282.291075,272.05,283.0988753534912,910536.9488753534,9
SMV2-0142,2022-09-16,2022-09-19,NDTV,253,378.3566727272727,422.4,283.0988753534912,910536.9488753534,9
SMV2-0142,2022-09-16,2022-09-19,ALLCARGO,241,404.202,400.85,283.0988753534912,910536.9488753534,9
SMV2-0143,2022-09-23,2022-09-26,INDHOTEL,320,319.1595,316.3,283.0988753534912,865731.1488753535,9
SMV2-0143,2022-09-23,2022-09-26,CONCOR,137,742.7711999999999,698.4,283.0988753534912,865731.1488753535,9
SMV2-0143,2022-09-23,2022-09-26,HAL,41,2491.245,2339.65,283.0988753534912,865731.1488753535,9
SMV2-0143,2022-09-23,2022-09-26,BEL,909,112.406175,100.7,283.0988753534912,865731.1488753535,9
SMV2-0143,2022-09-23,2022-09-26,INDIGO,55,1846.172625,1839.25,283.0988753534912,865731.1488753535,9
SMV2-0143,2022-09-23,2022-09-26,EASEMYTRIP,243,419.2095000000001,363.4,283.0988753534912,865731.1488753535,9
SMV2-0143,2022-09-23,2022-09-26,BLS,362,282.291075,266.15,283.0988753534912,865731.1488753535,9
SMV2-0143,2022-09-23,2022-09-26,NDTV,253,378.3566727272727,422.4,283.0988753534912,865731.1488753535,9
SMV2-0143,2022-09-23,2022-09-26,ALLCARGO,241,404.202,366.85,283.0988753534912,865731.1488753535,9
SMV2-0144,2022-09-30,2022-10-03,INDHOTEL,320,319.1595,336.85,653.979950853507,891620.9799508535,9
SMV2-0144,2022-09-30,2022-10-03,CONCOR,137,742.7711999999999,693.05,653.979950853507,891620.9799508535,9
SMV2-0144,2022-09-30,2022-10-03,BATAINDIA,54,1819.3092,1783.25,653.979950853507,891620.9799508535,9
SMV2-0144,2022-09-30,2022-10-03,EASEMYTRIP,243,419.2095000000001,382.9,653.979950853507,891620.9799508535,9
SMV2-0144,2022-09-30,2022-10-03,BLS,362,282.291075,280.25,653.979950853507,891620.9799508535,9
SMV2-0144,2022-09-30,2022-10-03,METROBRAND,102,910.6550999999998,934.75,653.979950853507,891620.9799508535,9
SMV2-0144,2022-09-30,2022-10-03,NDTV,253,378.3566727272727,422.4,653.979950853507,891620.9799508535,9
SMV2-0144,2022-09-30,2022-10-03,ALLCARGO,241,404.202,402.15,653.979950853507,891620.9799508535,9
SMV2-0144,2022-09-30,2022-10-03,CAMPUS,172,575.7377250000001,571.55,653.979950853507,891620.9799508535,9
SMV2-0145,2022-10-07,2022-10-10,INDHOTEL,320,319.1595,337.15,653.979950853507,898334.7799508536,9
SMV2-0145,2022-10-07,2022-10-10,CONCOR,137,742.7711999999999,689.95,653.979950853507,898334.7799508536,9
SMV2-0145,2022-10-07,2022-10-10,BATAINDIA,54,1819.3092,1781.15,653.979950853507,898334.7799508536,9
SMV2-0145,2022-10-07,2022-10-10,EASEMYTRIP,243,419.2095000000001,406.8,653.979950853507,898334.7799508536,9
SMV2-0145,2022-10-07,2022-10-10,BLS,362,282.291075,274.4,653.979950853507,898334.7799508536,9
SMV2-0145,2022-10-07,2022-10-10,METROBRAND,102,910.6550999999998,930.65,653.979950853507,898334.7799508536,9
SMV2-0145,2022-10-07,2022-10-10,NDTV,253,378.3566727272727,422.4,653.979950853507,898334.7799508536,9
SMV2-0145,2022-10-07,2022-10-10,ALLCARGO,241,404.202,403.85,653.979950853507,898334.7799508536,9
SMV2-0145,2022-10-07,2022-10-10,CAMPUS,172,575.7377250000001,591.75,653.979950853507,898334.7799508536,9
SMV2-0146,2022-10-14,2022-10-17,INDHOTEL,320,319.1595,318.25,1625.71923390351,906356.9692339036,9
SMV2-0146,2022-10-14,2022-10-17,MCDOWELL-N,118,823.4114999999999,825.75,1625.71923390351,906356.9692339036,9
SMV2-0146,2022-10-14,2022-10-17,UBL,54,1652.5758750000002,1668.85,1625.71923390351,906356.9692339036,9
SMV2-0146,2022-10-14,2022-10-17,BATAINDIA,54,1819.3092,1840.1,1625.71923390351,906356.9692339036,9
SMV2-0146,2022-10-14,2022-10-17,EASEMYTRIP,243,419.2095000000001,398.05,1625.71923390351,906356.9692339036,9
SMV2-0146,2022-10-14,2022-10-17,BLS,362,282.291075,319.9,1625.71923390351,906356.9692339036,9
SMV2-0146,2022-10-14,2022-10-17,METROBRAND,102,910.6550999999998,931.35,1625.71923390351,906356.9692339036,9
SMV2-0146,2022-10-14,2022-10-17,NDTV,253,378.3566727272727,422.4,1625.71923390351,906356.9692339036,9
SMV2-0146,2022-10-14,2022-10-17,CAMPUS,172,575.7377250000001,590.55,1625.71923390351,906356.9692339036,9
SMV2-0147,2022-10-21,2022-10-24,JKPAPER,259,388.5942,385.55,6090.954091853593,903918.4540918536,9
SMV2-0147,2022-10-21,2022-10-24,WSTCSTPAPR,176,570.8853,579.25,6090.954091853593,903918.4540918536,9
SMV2-0147,2022-10-21,2022-10-24,BATAINDIA,54,1819.3092,1814.55,6090.954091853593,903918.4540918536,9
SMV2-0147,2022-10-21,2022-10-24,HAL,41,2425.762275,2414.95,6090.954091853593,903918.4540918536,9
SMV2-0147,2022-10-21,2022-10-24,BEL,962,104.65229999999998,104.8,6090.954091853593,903918.4540918536,9
SMV2-0147,2022-10-21,2022-10-24,INDIGO,55,1800.8999999999996,1793.4,6090.954091853593,903918.4540918536,9
SMV2-0147,2022-10-21,2022-10-24,METROBRAND,102,910.6550999999998,887.5,6090.954091853593,903918.4540918536,9
SMV2-0147,2022-10-21,2022-10-24,NDTV,253,378.3566727272727,422.4,6090.954091853593,903918.4540918536,9
SMV2-0147,2022-10-21,2022-10-24,CAMPUS,172,575.7377250000001,594.05,6090.954091853593,903918.4540918536,9
SMV2-0148,2022-10-28,2022-10-31,AXISBANK,111,908.454,906.0,608.8000130536675,909438.7500130537,9
SMV2-0148,2022-10-28,2022-10-31,ICICIBANK,89,913.0563,908.7,608.8000130536675,909438.7500130537,9
SMV2-0148,2022-10-28,2022-10-31,JKPAPER,259,388.5942,414.8,608.8000130536675,909438.7500130537,9
SMV2-0148,2022-10-28,2022-10-31,WSTCSTPAPR,176,570.8853,609.25,608.8000130536675,909438.7500130537,9
SMV2-0148,2022-10-28,2022-10-31,HAL,41,2425.762275,2530.05,608.8000130536675,909438.7500130537,9
SMV2-0148,2022-10-28,2022-10-31,BEL,962,104.65229999999998,106.85,608.8000130536675,909438.7500130537,9
SMV2-0148,2022-10-28,2022-10-31,INDIGO,55,1800.8999999999996,1781.7,608.8000130536675,909438.7500130537,9
SMV2-0148,2022-10-28,2022-10-31,TNPL,380,265.1325,266.7,608.8000130536675,909438.7500130537,9
SMV2-0148,2022-10-28,2022-10-31,NDTV,253,378.3566727272727,422.4,608.8000130536675,909438.7500130537,9
SMV2-0149,2022-11-04,2022-11-07,AXISBANK,111,908.454,872.95,608.8000130536675,904181.1500130536,9
SMV2-0149,2022-11-04,2022-11-07,ICICIBANK,89,913.0563,917.5,608.8000130536675,904181.1500130536,9
SMV2-0149,2022-11-04,2022-11-07,JKPAPER,259,388.5942,394.85,608.8000130536675,904181.1500130536,9
SMV2-0149,2022-11-04,2022-11-07,WSTCSTPAPR,176,570.8853,592.4,608.8000130536675,904181.1500130536,9
SMV2-0149,2022-11-04,2022-11-07,HAL,41,2425.762275,2592.6,608.8000130536675,904181.1500130536,9
SMV2-0149,2022-11-04,2022-11-07,BEL,962,104.65229999999998,109.65,608.8000130536675,904181.1500130536,9
SMV2-0149,2022-11-04,2022-11-07,INDIGO,55,1800.8999999999996,1778.05,608.8000130536675,904181.1500130536,9
SMV2-0149,2022-11-04,2022-11-07,TNPL,380,265.1325,268.55,608.8000130536675,904181.1500130536,9
SMV2-0149,2022-11-04,2022-11-07,NDTV,253,378.3566727272727,422.4,608.8000130536675,904181.1500130536,9
SMV2-0150,2022-11-11,2022-11-14,HDFCBANK,61,1612.8059999999998,1615.05,25.72724155371543,901381.6772415538,9
SMV2-0150,2022-11-11,2022-11-14,AXISBANK,111,908.454,851.0,25.72724155371543,901381.6772415538,9
SMV2-0150,2022-11-11,2022-11-14,ICICIBANK,109,911.6611073394496,894.95,25.72724155371543,901381.6772415538,9
SMV2-0150,2022-11-11,2022-11-14,ADANIENT,24,4000.9995,4022.55,25.72724155371543,901381.6772415538,9
SMV2-0150,2022-11-11,2022-11-14,REDINGTON,665,149.57475,158.05,25.72724155371543,901381.6772415538,9
SMV2-0150,2022-11-11,2022-11-14,HAL,41,2425.762275,2490.25,25.72724155371543,901381.6772415538,9
SMV2-0150,2022-11-11,2022-11-14,BEL,962,104.65229999999998,106.6,25.72724155371543,901381.6772415538,9
SMV2-0150,2022-11-11,2022-11-14,INDIGO,55,1800.8999999999996,1775.75,25.72724155371543,901381.6772415538,9
SMV2-0150,2022-11-11,2022-11-14,NDTV,253,378.3566727272727,422.4,25.72724155371543,901381.6772415538,9
SMV2-0151,2022-11-18,2022-11-21,HDFCBANK,61,1612.8059999999998,1597.35,2189.6111901537806,926041.6611901536,9
SMV2-0151,2022-11-18,2022-11-21,AXISBANK,111,908.454,870.05,2189.6111901537806,926041.6611901536,9
SMV2-0151,2022-11-18,2022-11-21,ICICIBANK,109,911.6611073394496,921.4,2189.6111901537806,926041.6611901536,9
SMV2-0151,2022-11-18,2022-11-21,ADANIENT,24,4000.9995,4001.85,2189.6111901537806,926041.6611901536,9
SMV2-0151,2022-11-18,2022-11-21,REDINGTON,665,149.57475,167.65,2189.6111901537806,926041.6611901536,9
SMV2-0151,2022-11-18,2022-11-21,GAIL,1127,90.34515,89.65,2189.6111901537806,926041.6611901536,9
SMV2-0151,2022-11-18,2022-11-21,MGL,113,899.799675,901.15,2189.6111901537806,926041.6611901536,9
SMV2-0151,2022-11-18,2022-11-21,NDTV,253,378.3566727272727,422.4,2189.6111901537806,926041.6611901536,9
SMV2-0151,2022-11-18,2022-11-21,REFEX,452,225.1125,248.1,2189.6111901537806,926041.6611901536,9
SMV2-0152,2022-11-25,2022-11-28,HDFCBANK,61,1612.8059999999998,1600.25,2189.6111901537806,956592.7611901538,9
SMV2-0152,2022-11-25,2022-11-28,AXISBANK,111,908.454,891.7,2189.6111901537806,956592.7611901538,9
SMV2-0152,2022-11-25,2022-11-28,ICICIBANK,109,911.6611073394496,937.4,2189.6111901537806,956592.7611901538,9
SMV2-0152,2022-11-25,2022-11-28,ADANIENT,24,4000.9995,3886.15,2189.6111901537806,956592.7611901538,9
SMV2-0152,2022-11-25,2022-11-28,REDINGTON,665,149.57475,183.7,2189.6111901537806,956592.7611901538,9
SMV2-0152,2022-11-25,2022-11-28,GAIL,1127,90.34515,92.75,2189.6111901537806,956592.7611901538,9
SMV2-0152,2022-11-25,2022-11-28,MGL,113,899.799675,910.45,2189.6111901537806,956592.7611901538,9
SMV2-0152,2022-11-25,2022-11-28,NDTV,253,378.3566727272727,422.4,2189.6111901537806,956592.7611901538,9
SMV2-0152,2022-11-25,2022-11-28,REFEX,452,225.1125,278.6,2189.6111901537806,956592.7611901538,9
SMV2-0153,2022-12-02,2022-12-05,HDFCBANK,61,1612.8059999999998,1612.95,27957.456022553783,961538.7060225536,9
SMV2-0153,2022-12-02,2022-12-05,AXISBANK,111,908.454,899.2,27957.456022553783,961538.7060225536,9
SMV2-0153,2022-12-02,2022-12-05,ICICIBANK,109,911.6611073394496,933.6,27957.456022553783,961538.7060225536,9
SMV2-0153,2022-12-02,2022-12-05,ADANIENT,24,4000.9995,3930.4,27957.456022553783,961538.7060225536,9
SMV2-0153,2022-12-02,2022-12-05,REDINGTON,665,149.57475,180.1,27957.456022553783,961538.7060225536,9
SMV2-0153,2022-12-02,2022-12-05,GAIL,1127,90.34515,93.15,27957.456022553783,961538.7060225536,9
SMV2-0153,2022-12-02,2022-12-05,MGL,113,899.799675,904.15,27957.456022553783,961538.7060225536,9
SMV2-0153,2022-12-02,2022-12-05,NDTV,253,378.3566727272727,422.4,27957.456022553783,961538.7060225536,9
SMV2-0153,2022-12-02,2022-12-05,REFEX,364,225.1125,289.85,27957.456022553783,961538.7060225536,9
SMV2-0154,2022-12-09,2022-12-12,LT,48,2149.97445,2163.7,21010.57901090379,953606.5790109038,9
SMV2-0154,2022-12-09,2022-12-12,ADANIPORTS,116,892.4960249999999,881.3,21010.57901090379,953606.5790109038,9
SMV2-0154,2022-12-09,2022-12-12,HDFCBANK,61,1612.8059999999998,1643.75,21010.57901090379,953606.5790109038,9
SMV2-0154,2022-12-09,2022-12-12,AXISBANK,111,908.454,938.65,21010.57901090379,953606.5790109038,9
SMV2-0154,2022-12-09,2022-12-12,ICICIBANK,109,911.6611073394496,930.3,21010.57901090379,953606.5790109038,9
SMV2-0154,2022-12-09,2022-12-12,ADANIENT,24,4000.9995,4016.7,21010.57901090379,953606.5790109038,9
SMV2-0154,2022-12-09,2022-12-12,REDINGTON,552,149.57475,199.4,21010.57901090379,953606.5790109038,9
SMV2-0154,2022-12-09,2022-12-12,RVNL,1568,66.53325,70.7,21010.57901090379,953606.5790109038,9
SMV2-0154,2022-12-09,2022-12-12,SUNDRMFAST,111,933.716625,930.8,21010.57901090379,953606.5790109038,9
SMV2-0155,2022-12-16,2022-12-19,LT,48,2149.97445,2184.0,21010.57901090379,952080.629010904,9
SMV2-0155,2022-12-16,2022-12-19,ADANIPORTS,116,892.4960249999999,892.85,21010.57901090379,952080.629010904,9
SMV2-0155,2022-12-16,2022-12-19,HDFCBANK,61,1612.8059999999998,1644.75,21010.57901090379,952080.629010904,9
SMV2-0155,2022-12-16,2022-12-19,AXISBANK,111,908.454,946.2,21010.57901090379,952080.629010904,9
SMV2-0155,2022-12-16,2022-12-19,ICICIBANK,109,911.6611073394496,906.45,21010.57901090379,952080.629010904,9
SMV2-0155,2022-12-16,2022-12-19,ADANIENT,24,4000.9995,4075.3,21010.57901090379,952080.629010904,9
SMV2-0155,2022-12-16,2022-12-19,REDINGTON,552,149.57475,188.8,21010.57901090379,952080.629010904,9
SMV2-0155,2022-12-16,2022-12-19,RVNL,1568,66.53325,70.05,21010.57901090379,952080.629010904,9
SMV2-0155,2022-12-16,2022-12-19,SUNDRMFAST,111,933.716625,960.75,21010.57901090379,952080.629010904,9
SMV2-0156,2022-12-23,2022-12-26,SUNPHARMA,97,1010.505,1000.05,3876.1958874538686,890741.7958874538,9
SMV2-0156,2022-12-23,2022-12-26,CIPLA,87,1127.5635,1096.5,3876.1958874538686,890741.7958874538,9
SMV2-0156,2022-12-23,2022-12-26,HDFCLIFE,174,562.78125,569.3,3876.1958874538686,890741.7958874538,9
SMV2-0156,2022-12-23,2022-12-26,HDFCBANK,61,1612.8059999999998,1629.45,3876.1958874538686,890741.7958874538,9
SMV2-0156,2022-12-23,2022-12-26,AXISBANK,111,908.454,928.7,3876.1958874538686,890741.7958874538,9
SMV2-0156,2022-12-23,2022-12-26,ICICIBANK,109,911.6611073394496,893.2,3876.1958874538686,890741.7958874538,9
SMV2-0156,2022-12-23,2022-12-26,LICI,148,661.3304999999999,688.0,3876.1958874538686,890741.7958874538,9
SMV2-0156,2022-12-23,2022-12-26,POLICYBZR,219,448.224,456.9,3876.1958874538686,890741.7958874538,9
SMV2-0156,2022-12-23,2022-12-26,APOLLOHOSP,20,4726.061849999999,4684.05,3876.1958874538686,890741.7958874538,9
SMV2-0157,2022-12-30,2023-01-02,VEDL,315,310.104975,316.1,2064.720469953958,890196.1704699539,9
SMV2-0157,2022-12-30,2023-01-02,TATASTEEL,855,114.4572,119.25,2064.720469953958,890196.1704699539,9
SMV2-0157,2022-12-30,2023-01-02,HINDALCO,205,476.187975,487.05,2064.720469953958,890196.1704699539,9
SMV2-0157,2022-12-30,2023-01-02,HDFCBANK,61,1612.8059999999998,1628.7,2064.720469953958,890196.1704699539,9
SMV2-0157,2022-12-30,2023-01-02,AXISBANK,111,908.454,941.6,2064.720469953958,890196.1704699539,9
SMV2-0157,2022-12-30,2023-01-02,ICICIBANK,109,911.6611073394496,902.45,2064.720469953958,890196.1704699539,9
SMV2-0157,2022-12-30,2023-01-02,SUPREMEIND,37,2451.275025,2407.25,2064.720469953958,890196.1704699539,9
SMV2-0157,2022-12-30,2023-01-02,ASTRAL,49,1975.9875,1963.1,2064.720469953958,890196.1704699539,9
SMV2-0157,2022-12-30,2023-01-02,FINPIPE,527,185.6928,188.35,2064.720469953958,890196.1704699539,9
SMV2-0158,2023-01-06,2023-01-09,HDFCLIFE,159,615.3575249999999,608.45,355.16043365404767,883973.110433654,9
SMV2-0158,2023-01-06,2023-01-09,SBILIFE,75,1276.0377,1306.35,355.16043365404767,883973.110433654,9
SMV2-0158,2023-01-06,2023-01-09,HDFCBANK,61,1612.8059999999998,1597.5,355.16043365404767,883973.110433654,9
SMV2-0158,2023-01-06,2023-01-09,AXISBANK,111,908.454,958.75,355.16043365404767,883973.110433654,9
SMV2-0158,2023-01-06,2023-01-09,ICICIBANK,109,911.6611073394496,873.35,355.16043365404767,883973.110433654,9
SMV2-0158,2023-01-06,2023-01-09,POLYCAB,37,2647.323,2653.7,355.16043365404767,883973.110433654,9
SMV2-0158,2023-01-06,2023-01-09,ABB,34,2862.480525,2862.1,355.16043365404767,883973.110433654,9
SMV2-0158,2023-01-06,2023-01-09,KEI,65,1498.0986749999995,1489.95,355.16043365404767,883973.110433654,9
SMV2-0158,2023-01-06,2023-01-09,LICI,137,716.358,711.6,355.16043365404767,883973.110433654,9
SMV2-0159,2023-01-13,2023-01-16,HDFCLIFE,159,615.3575249999999,604.2,5137.238317704105,875513.7383177041,9
SMV2-0159,2023-01-13,2023-01-16,SBILIFE,75,1276.0377,1300.9,5137.238317704105,875513.7383177041,9
SMV2-0159,2023-01-13,2023-01-16,POLYCAB,37,2647.323,2673.55,5137.238317704105,875513.7383177041,9
SMV2-0159,2023-01-13,2023-01-16,ABB,34,2862.480525,2872.4,5137.238317704105,875513.7383177041,9
SMV2-0159,2023-01-13,2023-01-16,TITAN,40,2429.214,2405.85,5137.238317704105,875513.7383177041,9
SMV2-0159,2023-01-13,2023-01-16,RAJESHEXPO,121,805.5525749999999,808.85,5137.238317704105,875513.7383177041,9
SMV2-0159,2023-01-13,2023-01-16,KALYANKJIL,790,123.76185,121.2,5137.238317704105,875513.7383177041,9
SMV2-0159,2023-01-13,2023-01-16,KEI,65,1498.0986749999995,1433.0,5137.238317704105,875513.7383177041,9
SMV2-0159,2023-01-13,2023-01-16,LICI,137,716.358,709.2,5137.238317704105,875513.7383177041,9
SMV2-0160,2023-01-20,2023-01-23,VEDL,283,331.11547499999995,329.15,12.18101125418616,882352.3310112542,9
SMV2-0160,2023-01-20,2023-01-23,TATASTEEL,799,123.4617,122.0,12.18101125418616,882352.3310112542,9
SMV2-0160,2023-01-20,2023-01-23,HINDALCO,199,494.247,494.2,12.18101125418616,882352.3310112542,9
SMV2-0160,2023-01-20,2023-01-23,POLYCAB,37,2647.323,2800.45,12.18101125418616,882352.3310112542,9
SMV2-0160,2023-01-20,2023-01-23,ABB,34,2862.480525,2947.7,12.18101125418616,882352.3310112542,9
SMV2-0160,2023-01-20,2023-01-23,TITAN,40,2429.214,2364.7,12.18101125418616,882352.3310112542,9
SMV2-0160,2023-01-20,2023-01-23,RAJESHEXPO,121,805.5525749999999,834.2,12.18101125418616,882352.3310112542,9
SMV2-0160,2023-01-20,2023-01-23,KALYANKJIL,790,123.76185,119.6,12.18101125418616,882352.3310112542,9
SMV2-0160,2023-01-20,2023-01-23,KEI,65,1498.0986749999995,1531.05,12.18101125418616,882352.3310112542,9
SMV2-0161,2023-01-27,2023-01-30,VEDL,283,331.11547499999995,321.9,12.18101125418616,862112.0310112542,9
SMV2-0161,2023-01-27,2023-01-30,TATASTEEL,799,123.4617,118.75,12.18101125418616,862112.0310112542,9
SMV2-0161,2023-01-27,2023-01-30,HINDALCO,199,494.247,472.35,12.18101125418616,862112.0310112542,9
SMV2-0161,2023-01-27,2023-01-30,POLYCAB,37,2647.323,2819.2,12.18101125418616,862112.0310112542,9
SMV2-0161,2023-01-27,2023-01-30,ABB,34,2862.480525,2814.85,12.18101125418616,862112.0310112542,9
SMV2-0161,2023-01-27,2023-01-30,TITAN,40,2429.214,2335.55,12.18101125418616,862112.0310112542,9
SMV2-0161,2023-01-27,2023-01-30,RAJESHEXPO,121,805.5525749999999,836.2,12.18101125418616,862112.0310112542,9
SMV2-0161,2023-01-27,2023-01-30,KALYANKJIL,790,123.76185,105.0,12.18101125418616,862112.0310112542,9
SMV2-0161,2023-01-27,2023-01-30,KEI,65,1498.0986749999995,1608.55,12.18101125418616,862112.0310112542,9
SMV2-0162,2023-02-03,2023-02-06,TCS,28,3474.886575,3459.95,18905.119930654226,885493.4199306542,9
SMV2-0162,2023-02-03,2023-02-06,INFY,62,1598.799,1569.85,18905.119930654226,885493.4199306542,9
SMV2-0162,2023-02-03,2023-02-06,HCLTECH,87,1135.7676,1145.7,18905.119930654226,885493.4199306542,9
SMV2-0162,2023-02-03,2023-02-06,VEDL,283,331.11547499999995,306.25,18905.119930654226,885493.4199306542,9
SMV2-0162,2023-02-03,2023-02-06,TATASTEEL,799,123.4617,117.45,18905.119930654226,885493.4199306542,9
SMV2-0162,2023-02-03,2023-02-06,HINDALCO,199,494.247,447.35,18905.119930654226,885493.4199306542,9
SMV2-0162,2023-02-03,2023-02-06,TITAN,40,2429.214,2458.0,18905.119930654226,885493.4199306542,9
SMV2-0162,2023-02-03,2023-02-06,RAJESHEXPO,121,805.5525749999999,910.15,18905.119930654226,885493.4199306542,9
SMV2-0162,2023-02-03,2023-02-06,KALYANKJIL,790,123.76185,119.9,18905.119930654226,885493.4199306542,9
SMV2-0163,2023-02-10,2023-02-13,TCS,28,3474.886575,3482.4,18905.119930654226,853408.7699306542,9
SMV2-0163,2023-02-10,2023-02-13,INFY,62,1598.799,1567.45,18905.119930654226,853408.7699306542,9
SMV2-0163,2023-02-10,2023-02-13,HCLTECH,87,1135.7676,1113.0,18905.119930654226,853408.7699306542,9
SMV2-0163,2023-02-10,2023-02-13,VEDL,283,331.11547499999995,308.75,18905.119930654226,853408.7699306542,9
SMV2-0163,2023-02-10,2023-02-13,TATASTEEL,799,123.4617,108.75,18905.119930654226,853408.7699306542,9
SMV2-0163,2023-02-10,2023-02-13,HINDALCO,199,494.247,427.7,18905.119930654226,853408.7699306542,9
SMV2-0163,2023-02-10,2023-02-13,TITAN,40,2429.214,2519.05,18905.119930654226,853408.7699306542,9
SMV2-0163,2023-02-10,2023-02-13,RAJESHEXPO,121,805.5525749999999,808.25,18905.119930654226,853408.7699306542,9
SMV2-0163,2023-02-10,2023-02-13,KALYANKJIL,790,123.76185,107.65,18905.119930654226,853408.7699306542,9
SMV2-0164,2023-02-17,2023-02-20,TCS,28,3474.886575,3487.3,39.20995260428754,849027.6599526043,9
SMV2-0164,2023-02-17,2023-02-20,INFY,62,1598.799,1592.45,39.20995260428754,849027.6599526043,9
SMV2-0164,2023-02-17,2023-02-20,HCLTECH,87,1135.7676,1115.7,39.20995260428754,849027.6599526043,9
SMV2-0164,2023-02-17,2023-02-20,ITC,246,384.89235,384.05,39.20995260428754,849027.6599526043,9
SMV2-0164,2023-02-17,2023-02-20,GRASIM,57,1644.822,1632.0,39.20995260428754,849027.6599526043,9
SMV2-0164,2023-02-17,2023-02-20,SRF,40,2321.16,2312.35,39.20995260428754,849027.6599526043,9
SMV2-0164,2023-02-17,2023-02-20,HAL,35,2645.322,2587.15,39.20995260428754,849027.6599526043,9
SMV2-0164,2023-02-17,2023-02-20,BEL,958,96.74835,94.9,39.20995260428754,849027.6599526043,9
SMV2-0164,2023-02-17,2023-02-20,INDIGO,50,1886.892975,1881.75,39.20995260428754,849027.6599526043,9
SMV2-0165,2023-02-24,2023-02-27,TCS,28,3474.886575,3331.85,11.40503070424893,816450.9050307042,9
SMV2-0165,2023-02-24,2023-02-27,INFY,62,1598.799,1509.3,11.40503070424893,816450.9050307042,9
SMV2-0165,2023-02-24,2023-02-27,HCLTECH,87,1135.7676,1083.95,11.40503070424893,816450.9050307042,9
SMV2-0165,2023-02-24,2023-02-27,ITC,246,384.89235,382.2,11.40503070424893,816450.9050307042,9
SMV2-0165,2023-02-24,2023-02-27,GRASIM,57,1644.822,1571.6,11.40503070424893,816450.9050307042,9
SMV2-0165,2023-02-24,2023-02-27,SRF,40,2321.16,2191.9,11.40503070424893,816450.9050307042,9
SMV2-0165,2023-02-24,2023-02-27,BATAINDIA,64,1426.5629249999995,1391.7,11.40503070424893,816450.9050307042,9
SMV2-0165,2023-02-24,2023-02-27,MIRZAINT,321,286.9434,268.45,11.40503070424893,816450.9050307042,9
SMV2-0165,2023-02-24,2023-02-27,CAMPUS,218,400.19999999999993,407.1,11.40503070424893,816450.9050307042,9
SMV2-0166,2023-03-03,2023-03-06,HDFCLIFE,186,492.246,490.15,10018.951818004323,824688.7018180044,9
SMV2-0166,2023-03-03,2023-03-06,SBILIFE,81,1132.566,1128.7,10018.951818004323,824688.7018180044,9
SMV2-0166,2023-03-03,2023-03-06,BATAINDIA,64,1426.5629249999995,1420.6,10018.951818004323,824688.7018180044,9
SMV2-0166,2023-03-03,2023-03-06,TATAPOWER,440,208.60425,210.3,10018.951818004323,824688.7018180044,9
SMV2-0166,2023-03-03,2023-03-06,MIRZAINT,321,286.9434,263.5,10018.951818004323,824688.7018180044,9
SMV2-0166,2023-03-03,2023-03-06,CAMPUS,218,400.19999999999993,401.65,10018.951818004323,824688.7018180044,9
SMV2-0166,2023-03-03,2023-03-06,POLICYBZR,151,605.3525249999999,595.2,10018.951818004323,824688.7018180044,9
SMV2-0166,2023-03-03,2023-03-06,POWERGRID,409,224.112,227.15,10018.951818004323,824688.7018180044,9
SMV2-0166,2023-03-03,2023-03-06,NTPC,530,172.98645,176.8,10018.951818004323,824688.7018180044,9
SMV2-0167,2023-03-10,2023-03-13,BATAINDIA,64,1426.5629249999995,1416.05,2837.0977329043526,807769.6477329044,9
SMV2-0167,2023-03-10,2023-03-13,RELIANCE,39,2330.1645,2284.5,2837.0977329043526,807769.6477329044,9
SMV2-0167,2023-03-10,2023-03-13,ONGC,581,156.27809999999997,155.8,2837.0977329043526,807769.6477329044,9
SMV2-0167,2023-03-10,2023-03-13,TATAPOWER,440,208.60425,202.85,2837.0977329043526,807769.6477329044,9
SMV2-0167,2023-03-10,2023-03-13,MIRZAINT,321,286.9434,255.85,2837.0977329043526,807769.6477329044,9
SMV2-0167,2023-03-10,2023-03-13,CAMPUS,218,400.19999999999993,390.85,2837.0977329043526,807769.6477329044,9
SMV2-0167,2023-03-10,2023-03-13,POWERGRID,409,224.112,226.1,2837.0977329043526,807769.6477329044,9
SMV2-0167,2023-03-10,2023-03-13,NTPC,530,172.98645,179.7,2837.0977329043526,807769.6477329044,9
SMV2-0167,2023-03-10,2023-03-13,HINDPETRO,396,229.1145,228.25,2837.0977329043526,807769.6477329044,9
SMV2-0168,2023-03-17,2023-03-20,MCDOWELL-N,119,756.3779999999999,765.85,0.5764530043670675,810010.1264530044,9
SMV2-0168,2023-03-17,2023-03-20,UBL,62,1447.1232,1448.4,0.5764530043670675,810010.1264530044,9
SMV2-0168,2023-03-17,2023-03-20,RADICO,69,1195.49745,1177.05,0.5764530043670675,810010.1264530044,9
SMV2-0168,2023-03-17,2023-03-20,RELIANCE,39,2330.1645,2201.25,0.5764530043670675,810010.1264530044,9
SMV2-0168,2023-03-17,2023-03-20,ONGC,581,156.27809999999997,152.3,0.5764530043670675,810010.1264530044,9
SMV2-0168,2023-03-17,2023-03-20,TATAPOWER,440,208.60425,202.6,0.5764530043670675,810010.1264530044,9
SMV2-0168,2023-03-17,2023-03-20,POWERGRID,409,224.112,227.5,0.5764530043670675,810010.1264530044,9
SMV2-0168,2023-03-17,2023-03-20,NTPC,530,172.98645,176.0,0.5764530043670675,810010.1264530044,9
SMV2-0168,2023-03-17,2023-03-20,HINDPETRO,396,229.1145,247.6,0.5764530043670675,810010.1264530044,9
SMV2-0169,2023-03-24,2023-03-27,MCDOWELL-N,119,756.3779999999999,749.45,2283.3758145043976,792028.8758145045,9
SMV2-0169,2023-03-24,2023-03-27,UBL,62,1447.1232,1413.9,2283.3758145043976,792028.8758145045,9
SMV2-0169,2023-03-24,2023-03-27,ABB,26,3355.676999999999,3324.6,2283.3758145043976,792028.8758145045,9
SMV2-0169,2023-03-24,2023-03-27,FINCABLES,112,790.3949999999999,795.2,2283.3758145043976,792028.8758145045,9
SMV2-0169,2023-03-24,2023-03-27,RADICO,69,1195.49745,1183.75,2283.3758145043976,792028.8758145045,9
SMV2-0169,2023-03-24,2023-03-27,RELIANCE,39,2330.1645,2237.55,2283.3758145043976,792028.8758145045,9
SMV2-0169,2023-03-24,2023-03-27,ONGC,581,156.27809999999997,150.25,2283.3758145043976,792028.8758145045,9
SMV2-0169,2023-03-24,2023-03-27,HINDPETRO,396,229.1145,236.3,2283.3758145043976,792028.8758145045,9
SMV2-0169,2023-03-24,2023-03-27,OLECTRA,139,635.21745,630.1,2283.3758145043976,792028.8758145045,9
SMV2-0170,2023-03-31,2023-04-03,MCDOWELL-N,119,756.3779999999999,750.65,2283.3758145043976,800615.0758145044,9
SMV2-0170,2023-03-31,2023-04-03,UBL,62,1447.1232,1433.05,2283.3758145043976,800615.0758145044,9
SMV2-0170,2023-03-31,2023-04-03,ABB,26,3355.676999999999,3373.75,2283.3758145043976,800615.0758145044,9
SMV2-0170,2023-03-31,2023-04-03,FINCABLES,112,790.3949999999999,816.7,2283.3758145043976,800615.0758145044,9
SMV2-0170,2023-03-31,2023-04-03,RADICO,69,1195.49745,1178.0,2283.3758145043976,800615.0758145044,9
SMV2-0170,2023-03-31,2023-04-03,RELIANCE,39,2330.1645,2331.45,2283.3758145043976,800615.0758145044,9
SMV2-0170,2023-03-31,2023-04-03,ONGC,581,156.27809999999997,153.65,2283.3758145043976,800615.0758145044,9
SMV2-0170,2023-03-31,2023-04-03,HINDPETRO,396,229.1145,225.5,2283.3758145043976,800615.0758145044,9
SMV2-0170,2023-03-31,2023-04-03,OLECTRA,139,635.21745,648.85,2283.3758145043976,800615.0758145044,9
SMV2-0171,2023-04-06,2023-04-10,MCDOWELL-N,119,756.3779999999999,750.9,2283.3758145043976,803152.1258145045,9
SMV2-0171,2023-04-06,2023-04-10,UBL,62,1447.1232,1398.0,2283.3758145043976,803152.1258145045,9
SMV2-0171,2023-04-06,2023-04-10,ABB,26,3355.676999999999,3397.65,2283.3758145043976,803152.1258145045,9
SMV2-0171,2023-04-06,2023-04-10,FINCABLES,112,790.3949999999999,853.6,2283.3758145043976,803152.1258145045,9
SMV2-0171,2023-04-06,2023-04-10,RADICO,69,1195.49745,1111.15,2283.3758145043976,803152.1258145045,9
SMV2-0171,2023-04-06,2023-04-10,RELIANCE,39,2330.1645,2324.85,2283.3758145043976,803152.1258145045,9
SMV2-0171,2023-04-06,2023-04-10,ONGC,581,156.27809999999997,157.15,2283.3758145043976,803152.1258145045,9
SMV2-0171,2023-04-06,2023-04-10,HINDPETRO,396,229.1145,229.3,2283.3758145043976,803152.1258145045,9
SMV2-0171,2023-04-06,2023-04-10,OLECTRA,139,635.21745,657.9,2283.3758145043976,803152.1258145045,9
SMV2-0172,2023-04-13,2023-04-17,ABB,26,3355.676999999999,3229.0,1918.586594104432,806488.0365941044,9
SMV2-0172,2023-04-13,2023-04-17,FINCABLES,112,790.3949999999999,862.95,1918.586594104432,806488.0365941044,9
SMV2-0172,2023-04-13,2023-04-17,JKPAPER,232,380.89035,377.5,1918.586594104432,806488.0365941044,9
SMV2-0172,2023-04-13,2023-04-17,WSTCSTPAPR,156,567.2835,567.3,1918.586594104432,806488.0365941044,9
SMV2-0172,2023-04-13,2023-04-17,HAL,31,2805.402,2831.45,1918.586594104432,806488.0365941044,9
SMV2-0172,2023-04-13,2023-04-17,BEL,877,101.0505,101.4,1918.586594104432,806488.0365941044,9
SMV2-0172,2023-04-13,2023-04-17,INDIGO,46,1890.945,1937.0,1918.586594104432,806488.0365941044,9
SMV2-0172,2023-04-13,2023-04-17,TNPL,369,240.01995,248.35,1918.586594104432,806488.0365941044,9
SMV2-0172,2023-04-13,2023-04-17,OLECTRA,139,635.21745,650.65,1918.586594104432,806488.0365941044,9
SMV2-0173,2023-04-21,2023-04-24,INDHOTEL,263,336.918375,339.0,43.88047315448057,800717.1804731545,9
SMV2-0173,2023-04-21,2023-04-24,ABB,26,3355.676999999999,3217.4,43.88047315448057,800717.1804731545,9
SMV2-0173,2023-04-21,2023-04-24,FINCABLES,112,790.3949999999999,869.2,43.88047315448057,800717.1804731545,9
SMV2-0173,2023-04-21,2023-04-24,LEMONTREE,972,85.292625,84.45,43.88047315448057,800717.1804731545,9
SMV2-0173,2023-04-21,2023-04-24,BLS,498,178.139025,181.1,43.88047315448057,800717.1804731545,9
SMV2-0173,2023-04-21,2023-04-24,JINDALPOLY,150,588.99435,585.95,43.88047315448057,800717.1804731545,9
SMV2-0173,2023-04-21,2023-04-24,UFLEX,223,397.1985,401.15,43.88047315448057,800717.1804731545,9
SMV2-0173,2023-04-21,2023-04-24,AGI,228,388.09395,391.35,43.88047315448057,800717.1804731545,9
SMV2-0173,2023-04-21,2023-04-24,OLECTRA,139,635.21745,659.45,43.88047315448057,800717.1804731545,9
SMV2-0174,2023-04-28,2023-05-02,PAGEIND,2,40570.275,40229.1,17405.23845145454,828094.7884514546,9
SMV2-0174,2023-04-28,2023-05-02,RAYMOND,57,1600.8,1609.6,17405.23845145454,828094.7884514546,9
SMV2-0174,2023-04-28,2023-05-02,INDHOTEL,263,336.918375,347.45,17405.23845145454,828094.7884514546,9
SMV2-0174,2023-04-28,2023-05-02,LEMONTREE,972,85.292625,87.9,17405.23845145454,828094.7884514546,9
SMV2-0174,2023-04-28,2023-05-02,BLS,498,178.139025,180.0,17405.23845145454,828094.7884514546,9
SMV2-0174,2023-04-28,2023-05-02,JINDALPOLY,150,588.99435,629.5,17405.23845145454,828094.7884514546,9
SMV2-0174,2023-04-28,2023-05-02,UFLEX,223,397.1985,411.2,17405.23845145454,828094.7884514546,9
SMV2-0174,2023-04-28,2023-05-02,AGI,228,388.09395,413.05,17405.23845145454,828094.7884514546,9
SMV2-0174,2023-04-28,2023-05-02,AXITA,1764,52.02599999999999,52.0,17405.23845145454,828094.7884514546,9
SMV2-0175,2023-05-05,2023-05-08,PAGEIND,2,40570.275,41371.9,13526.316829304546,835474.1668293045,9
SMV2-0175,2023-05-05,2023-05-08,RAYMOND,57,1600.8,1585.2,13526.316829304546,835474.1668293045,9
SMV2-0175,2023-05-05,2023-05-08,INDHOTEL,263,336.918375,370.1,13526.316829304546,835474.1668293045,9
SMV2-0175,2023-05-05,2023-05-08,LEMONTREE,972,85.292625,91.65,13526.316829304546,835474.1668293045,9
SMV2-0175,2023-05-05,2023-05-08,BLS,498,178.139025,173.1,13526.316829304546,835474.1668293045,9
SMV2-0175,2023-05-05,2023-05-08,JINDALPOLY,150,588.99435,635.55,13526.316829304546,835474.1668293045,9
SMV2-0175,2023-05-05,2023-05-08,UFLEX,223,397.1985,416.3,13526.316829304546,835474.1668293045,9
SMV2-0175,2023-05-05,2023-05-08,AGI,180,388.09395,534.65,13526.316829304546,835474.1668293045,9
SMV2-0175,2023-05-05,2023-05-08,AXITA,2547,47.1201914310954,36.05,13526.316829304546,835474.1668293045,9
SMV2-0176,2023-05-12,2023-05-15,LT,41,2222.01045,2246.85,20.046094904566417,829668.0960949046,9
SMV2-0176,2023-05-12,2023-05-15,INDHOTEL,263,336.918375,353.35,20.046094904566417,829668.0960949046,9
SMV2-0176,2023-05-12,2023-05-15,LEMONTREE,972,85.292625,90.05,20.046094904566417,829668.0960949046,9
SMV2-0176,2023-05-12,2023-05-15,BLS,498,178.139025,187.9,20.046094904566417,829668.0960949046,9
SMV2-0176,2023-05-12,2023-05-15,JINDALPOLY,150,588.99435,683.95,20.046094904566417,829668.0960949046,9
SMV2-0176,2023-05-12,2023-05-15,UFLEX,223,397.1985,429.65,20.046094904566417,829668.0960949046,9
SMV2-0176,2023-05-12,2023-05-15,AGI,180,388.09395,551.1,20.046094904566417,829668.0960949046,9
SMV2-0176,2023-05-12,2023-05-15,RVNL,752,123.56175,120.7,20.046094904566417,829668.0960949046,9
SMV2-0176,2023-05-12,2023-05-15,IRCON,957,80.03999999999999,78.5,20.046094904566417,829668.0960949046,9
SMV2-0177,2023-05-19,2023-05-22,LT,41,2222.01045,2216.6,1711.9546652046265,835993.2046652046,9
SMV2-0177,2023-05-19,2023-05-22,POLYCAB,26,3456.2272499999995,3431.35,1711.9546652046265,835993.2046652046,9
SMV2-0177,2023-05-19,2023-05-22,ABB,24,3871.935,3893.2,1711.9546652046265,835993.2046652046,9
SMV2-0177,2023-05-19,2023-05-22,KEI,36,2037.8184,2000.7,1711.9546652046265,835993.2046652046,9
SMV2-0177,2023-05-19,2023-05-22,JINDALPOLY,150,588.99435,681.1,1711.9546652046265,835993.2046652046,9
SMV2-0177,2023-05-19,2023-05-22,UFLEX,223,397.1985,434.65,1711.9546652046265,835993.2046652046,9
SMV2-0177,2023-05-19,2023-05-22,AGI,180,388.09395,584.65,1711.9546652046265,835993.2046652046,9
SMV2-0177,2023-05-19,2023-05-22,RVNL,752,123.56175,115.9,1711.9546652046265,835993.2046652046,9
SMV2-0177,2023-05-19,2023-05-22,IRCON,1188,79.73846041666667,81.85,1711.9546652046265,835993.2046652046,9
SMV2-0178,2023-05-26,2023-05-29,TCS,27,3362.4804,3320.35,559.8561425047083,826470.7561425047,9
SMV2-0178,2023-05-26,2023-05-29,INFY,69,1333.36635,1314.4,559.8561425047083,826470.7561425047,9
SMV2-0178,2023-05-26,2023-05-29,POLYCAB,26,3456.2272499999995,3412.3,559.8561425047083,826470.7561425047,9
SMV2-0178,2023-05-26,2023-05-29,ABB,24,3871.935,4031.15,559.8561425047083,826470.7561425047,9
SMV2-0178,2023-05-26,2023-05-29,KEI,46,2029.8144,1993.1,559.8561425047083,826470.7561425047,9
SMV2-0178,2023-05-26,2023-05-29,JINDALPOLY,150,588.99435,672.6,559.8561425047083,826470.7561425047,9
SMV2-0178,2023-05-26,2023-05-29,UFLEX,223,397.1985,416.6,559.8561425047083,826470.7561425047,9
SMV2-0178,2023-05-26,2023-05-29,AGI,180,388.09395,567.1,559.8561425047083,826470.7561425047,9
SMV2-0178,2023-05-26,2023-05-29,PAYTM,103,709.7547000000001,704.35,559.8561425047083,826470.7561425047,9
SMV2-0179,2023-06-02,2023-06-05,TCS,27,3362.4804,3288.9,1366.6580653546844,833377.8580653548,9
SMV2-0179,2023-06-02,2023-06-05,INFY,69,1333.36635,1304.5,1366.6580653546844,833377.8580653548,9
SMV2-0179,2023-06-02,2023-06-05,POLYCAB,26,3456.2272499999995,3594.7,1366.6580653546844,833377.8580653548,9
SMV2-0179,2023-06-02,2023-06-05,ABB,24,3871.935,4033.0,1366.6580653546844,833377.8580653548,9
SMV2-0179,2023-06-02,2023-06-05,GAIL,888,105.0525,104.45,1366.6580653546844,833377.8580653548,9
SMV2-0179,2023-06-02,2023-06-05,MGL,89,1040.52,1028.9,1366.6580653546844,833377.8580653548,9
SMV2-0179,2023-06-02,2023-06-05,KEI,46,2029.8144,2115.05,1366.6580653546844,833377.8580653548,9
SMV2-0179,2023-06-02,2023-06-05,REFEX,177,526.4631,507.8,1366.6580653546844,833377.8580653548,9
SMV2-0179,2023-06-02,2023-06-05,PAYTM,128,712.7933279296875,714.45,1366.6580653546844,833377.8580653548,9
SMV2-0180,2023-06-09,2023-06-12,TCS,27,3362.4804,3246.9,87.60278250476404,839105.2027825047,9
SMV2-0180,2023-06-09,2023-06-12,INFY,69,1333.36635,1291.95,87.60278250476404,839105.2027825047,9
SMV2-0180,2023-06-09,2023-06-12,MCDOWELL-N,105,891.4454999999999,880.75,87.60278250476404,839105.2027825047,9
SMV2-0180,2023-06-09,2023-06-12,UBL,63,1480.74,1482.4,87.60278250476404,839105.2027825047,9
SMV2-0180,2023-06-09,2023-06-12,POLYCAB,26,3456.2272499999995,3534.1,87.60278250476404,839105.2027825047,9
SMV2-0180,2023-06-09,2023-06-12,ABB,24,3871.935,4151.45,87.60278250476404,839105.2027825047,9
SMV2-0180,2023-06-09,2023-06-12,KEI,46,2029.8144,2069.95,87.60278250476404,839105.2027825047,9
SMV2-0180,2023-06-09,2023-06-12,PAYTM,128,712.7933279296875,812.15,87.60278250476404,839105.2027825047,9
SMV2-0180,2023-06-09,2023-06-12,SULA,190,460.23,450.75,87.60278250476404,839105.2027825047,9
SMV2-0181,2023-06-16,2023-06-19,ZEEL,519,186.093,185.25,123.60228415486928,862828.1022841549,9
SMV2-0181,2023-06-16,2023-06-19,SUNTV,217,445.2224999999999,443.05,123.60228415486928,862828.1022841549,9
SMV2-0181,2023-06-16,2023-06-19,TV18BRDCST,2391,40.4202,40.35,123.60228415486928,862828.1022841549,9
SMV2-0181,2023-06-16,2023-06-19,POLYCAB,26,3456.2272499999995,3529.65,123.60228415486928,862828.1022841549,9
SMV2-0181,2023-06-16,2023-06-19,ABB,24,3871.935,4327.65,123.60228415486928,862828.1022841549,9
SMV2-0181,2023-06-16,2023-06-19,HAL,24,3900.9495,3893.4,123.60228415486928,862828.1022841549,9
SMV2-0181,2023-06-16,2023-06-19,BEL,697,126.41317499999998,124.85,123.60228415486928,862828.1022841549,9
SMV2-0181,2023-06-16,2023-06-19,INDIGO,39,2446.2225,2432.3,123.60228415486928,862828.1022841549,9
SMV2-0181,2023-06-16,2023-06-19,KEI,46,2029.8144,2238.8,123.60228415486928,862828.1022841549,9
SMV2-0182,2023-06-23,2023-06-26,BHEL,1097,85.14254999999999,83.8,155.6500641049497,846109.950064105,9
SMV2-0182,2023-06-23,2023-06-26,SIEMENS,25,3681.7899749999992,3699.35,155.6500641049497,846109.950064105,9
SMV2-0182,2023-06-23,2023-06-26,POLYCAB,26,3456.2272499999995,3466.35,155.6500641049497,846109.950064105,9
SMV2-0182,2023-06-23,2023-06-26,ABB,24,3871.935,4285.35,155.6500641049497,846109.950064105,9
SMV2-0182,2023-06-23,2023-06-26,HAL,24,3900.9495,3701.05,155.6500641049497,846109.950064105,9
SMV2-0182,2023-06-23,2023-06-26,BEL,697,126.41317499999998,121.4,155.6500641049497,846109.950064105,9
SMV2-0182,2023-06-23,2023-06-26,INDIGO,39,2446.2225,2464.85,155.6500641049497,846109.950064105,9
SMV2-0182,2023-06-23,2023-06-26,KEI,46,2029.8144,2349.25,155.6500641049497,846109.950064105,9
SMV2-0182,2023-06-23,2023-06-26,GRAPHITE,224,395.3976,405.95,155.6500641049497,846109.950064105,9
SMV2-0183,2023-06-30,2023-07-03,BHEL,1097,85.14254999999999,88.3,27369.12236475495,864788.922364755,9
SMV2-0183,2023-06-30,2023-07-03,SIEMENS,25,3681.7899749999992,3727.45,27369.12236475495,864788.922364755,9
SMV2-0183,2023-06-30,2023-07-03,MARUTI,9,9746.921025,9673.0,27369.12236475495,864788.922364755,9
SMV2-0183,2023-06-30,2023-07-03,HAL,24,3900.9495,3770.05,27369.12236475495,864788.922364755,9
SMV2-0183,2023-06-30,2023-07-03,BEL,697,126.41317499999998,123.75,27369.12236475495,864788.922364755,9
SMV2-0183,2023-06-30,2023-07-03,INDIGO,39,2446.2225,2638.2,27369.12236475495,864788.922364755,9
SMV2-0183,2023-06-30,2023-07-03,M&M,65,1470.735,1467.95,27369.12236475495,864788.922364755,9
SMV2-0183,2023-06-30,2023-07-03,HEROMOTOCO,33,2876.4375,2898.75,27369.12236475495,864788.922364755,9
SMV2-0183,2023-06-30,2023-07-03,GRAPHITE,224,395.3976,400.05,27369.12236475495,864788.922364755,9
SMV2-0184,2023-07-07,2023-07-10,BHEL,1097,85.14254999999999,91.2,27369.12236475495,880892.172364755,9
SMV2-0184,2023-07-07,2023-07-10,SIEMENS,25,3681.7899749999992,3647.45,27369.12236475495,880892.172364755,9
SMV2-0184,2023-07-07,2023-07-10,MARUTI,9,9746.921025,9736.3,27369.12236475495,880892.172364755,9
SMV2-0184,2023-07-07,2023-07-10,HAL,24,3900.9495,3776.45,27369.12236475495,880892.172364755,9
SMV2-0184,2023-07-07,2023-07-10,BEL,697,126.41317499999998,123.0,27369.12236475495,880892.172364755,9
SMV2-0184,2023-07-07,2023-07-10,INDIGO,39,2446.2225,2671.6,27369.12236475495,880892.172364755,9
SMV2-0184,2023-07-07,2023-07-10,M&M,65,1470.735,1551.4,27369.12236475495,880892.172364755,9
SMV2-0184,2023-07-07,2023-07-10,HEROMOTOCO,33,2876.4375,3123.7,27369.12236475495,880892.172364755,9
SMV2-0184,2023-07-07,2023-07-10,GRAPHITE,224,395.3976,402.6,27369.12236475495,880892.172364755,9
SMV2-0185,2023-07-14,2023-07-17,MARUTI,9,9746.921025,9689.55,18011.65334350495,887221.753343505,9
SMV2-0185,2023-07-14,2023-07-17,GAIL,899,110.055,108.6,18011.65334350495,887221.753343505,9
SMV2-0185,2023-07-14,2023-07-17,MGL,91,1081.5905249999998,1075.05,18011.65334350495,887221.753343505,9
SMV2-0185,2023-07-14,2023-07-17,CONFIPET,1312,75.4377,76.25,18011.65334350495,887221.753343505,9
SMV2-0185,2023-07-14,2023-07-17,HAL,24,3900.9495,3815.7,18011.65334350495,887221.753343505,9
SMV2-0185,2023-07-14,2023-07-17,BEL,697,126.41317499999998,127.15,18011.65334350495,887221.753343505,9
SMV2-0185,2023-07-14,2023-07-17,INDIGO,39,2446.2225,2677.45,18011.65334350495,887221.753343505,9
SMV2-0185,2023-07-14,2023-07-17,M&M,65,1470.735,1536.3,18011.65334350495,887221.753343505,9
SMV2-0185,2023-07-14,2023-07-17,HEROMOTOCO,33,2876.4375,3091.6,18011.65334350495,887221.753343505,9
SMV2-0186,2023-07-21,2023-07-24,POLYCAB,21,4614.1059,4698.45,2242.525978604972,878102.3759786049,9
SMV2-0186,2023-07-21,2023-07-24,ABB,23,4252.125,4322.05,2242.525978604972,878102.3759786049,9
SMV2-0186,2023-07-21,2023-07-24,GAIL,899,110.055,112.05,2242.525978604972,878102.3759786049,9
SMV2-0186,2023-07-21,2023-07-24,MGL,91,1081.5905249999998,1048.8,2242.525978604972,878102.3759786049,9
SMV2-0186,2023-07-21,2023-07-24,CONFIPET,1312,75.4377,75.95,2242.525978604972,878102.3759786049,9
SMV2-0186,2023-07-21,2023-07-24,OLECTRA,77,1271.6355,1189.0,2242.525978604972,878102.3759786049,9
SMV2-0186,2023-07-21,2023-07-24,ZENTEC,160,614.307,613.45,2242.525978604972,878102.3759786049,9
SMV2-0186,2023-07-21,2023-07-24,BDL,83,1184.9922,1178.5,2242.525978604972,878102.3759786049,9
SMV2-0186,2023-07-21,2023-07-24,INDIAMART,31,3171.434925,3046.6,2242.525978604972,878102.3759786049,9
SMV2-0187,2023-07-28,2023-07-31,BHARTIARTL,112,894.447,889.9,542.4785153050034,904899.028515305,9
SMV2-0187,2023-07-28,2023-07-31,TATACOMM,56,1780.839975,1796.15,542.4785153050034,904899.028515305,9
SMV2-0187,2023-07-28,2023-07-31,POLYCAB,21,4614.1059,4816.8,542.4785153050034,904899.028515305,9
SMV2-0187,2023-07-28,2023-07-31,ABB,23,4252.125,4552.8,542.4785153050034,904899.028515305,9
SMV2-0187,2023-07-28,2023-07-31,GAIL,899,110.055,119.1,542.4785153050034,904899.028515305,9
SMV2-0187,2023-07-28,2023-07-31,MGL,91,1081.5905249999998,1118.3,542.4785153050034,904899.028515305,9
SMV2-0187,2023-07-28,2023-07-31,CONFIPET,1312,75.4377,79.4,542.4785153050034,904899.028515305,9
SMV2-0187,2023-07-28,2023-07-31,OLECTRA,77,1271.6355,1150.15,542.4785153050034,904899.028515305,9
SMV2-0187,2023-07-28,2023-07-31,TEJASNET,118,827.9637749999999,819.2,542.4785153050034,904899.028515305,9
SMV2-0188,2023-08-04,2023-08-07,BHARTIARTL,112,894.447,891.4,542.4785153050034,880277.1785153049,9
SMV2-0188,2023-08-04,2023-08-07,TATACOMM,56,1780.839975,1696.95,542.4785153050034,880277.1785153049,9
SMV2-0188,2023-08-04,2023-08-07,POLYCAB,21,4614.1059,4599.35,542.4785153050034,880277.1785153049,9
SMV2-0188,2023-08-04,2023-08-07,ABB,23,4252.125,4525.95,542.4785153050034,880277.1785153049,9
SMV2-0188,2023-08-04,2023-08-07,GAIL,899,110.055,114.25,542.4785153050034,880277.1785153049,9
SMV2-0188,2023-08-04,2023-08-07,MGL,91,1081.5905249999998,1063.85,542.4785153050034,880277.1785153049,9
SMV2-0188,2023-08-04,2023-08-07,CONFIPET,1312,75.4377,75.4,542.4785153050034,880277.1785153049,9
SMV2-0188,2023-08-04,2023-08-07,OLECTRA,77,1271.6355,1136.5,542.4785153050034,880277.1785153049,9
SMV2-0188,2023-08-04,2023-08-07,TEJASNET,118,827.9637749999999,832.45,542.4785153050034,880277.1785153049,9
SMV2-0189,2023-08-11,2023-08-14,LT,36,2638.3185,2659.9,160.0666613051144,856549.6666613051,9
SMV2-0189,2023-08-11,2023-08-14,ADANIPORTS,121,781.3905,787.15,160.0666613051144,856549.6666613051,9
SMV2-0189,2023-08-11,2023-08-14,TATAPOWER,403,236.118,231.15,160.0666613051144,856549.6666613051,9
SMV2-0189,2023-08-11,2023-08-14,RVNL,747,127.36365,125.25,160.0666613051144,856549.6666613051,9
SMV2-0189,2023-08-11,2023-08-14,POWERGRID,388,244.972425,244.5,160.0666613051144,856549.6666613051,9
SMV2-0189,2023-08-11,2023-08-14,NTPC,445,213.40665,213.0,160.0666613051144,856549.6666613051,9
SMV2-0189,2023-08-11,2023-08-14,IRFC,1955,48.674325,50.85,160.0666613051144,856549.6666613051,9
SMV2-0189,2023-08-11,2023-08-14,RECLTD,428,221.960925,222.15,160.0666613051144,856549.6666613051,9
SMV2-0189,2023-08-11,2023-08-14,PFC,358,263.03144999999995,264.05,160.0666613051144,856549.6666613051,9
SMV2-0190,2023-08-18,2023-08-21,LT,36,2638.3185,2662.25,3429.6388775051164,868518.1388775051,9
SMV2-0190,2023-08-18,2023-08-21,ADANIPORTS,121,781.3905,858.15,3429.6388775051164,868518.1388775051,9
SMV2-0190,2023-08-18,2023-08-21,JKPAPER,258,371.08545,366.65,3429.6388775051164,868518.1388775051,9
SMV2-0190,2023-08-18,2023-08-21,WSTCSTPAPR,168,569.134425,569.25,3429.6388775051164,868518.1388775051,9
SMV2-0190,2023-08-18,2023-08-21,TATAPOWER,403,236.118,239.35,3429.6388775051164,868518.1388775051,9
SMV2-0190,2023-08-18,2023-08-21,SATIA,718,133.36665,128.75,3429.6388775051164,868518.1388775051,9
SMV2-0190,2023-08-18,2023-08-21,RVNL,747,127.36365,124.5,3429.6388775051164,868518.1388775051,9
SMV2-0190,2023-08-18,2023-08-21,POWERGRID,388,244.972425,247.2,3429.6388775051164,868518.1388775051,9
SMV2-0190,2023-08-18,2023-08-21,NTPC,445,213.40665,218.8,3429.6388775051164,868518.1388775051,9
SMV2-0191,2023-08-25,2023-08-28,LT,36,2638.3185,2695.35,6788.601926705174,875132.9519267053,9
SMV2-0191,2023-08-25,2023-08-28,ADANIPORTS,121,781.3905,807.45,6788.601926705174,875132.9519267053,9
SMV2-0191,2023-08-25,2023-08-28,POLYCAB,19,5014.455975,5093.45,6788.601926705174,875132.9519267053,9
SMV2-0191,2023-08-25,2023-08-28,ABB,22,4262.029949999999,4264.1,6788.601926705174,875132.9519267053,9
SMV2-0191,2023-08-25,2023-08-28,JKPAPER,258,371.08545,366.55,6788.601926705174,875132.9519267053,9
SMV2-0191,2023-08-25,2023-08-28,WSTCSTPAPR,168,569.134425,629.7,6788.601926705174,875132.9519267053,9
SMV2-0191,2023-08-25,2023-08-28,SATIA,718,133.36665,129.6,6788.601926705174,875132.9519267053,9
SMV2-0191,2023-08-25,2023-08-28,RVNL,747,127.36365,126.85,6788.601926705174,875132.9519267053,9
SMV2-0191,2023-08-25,2023-08-28,OLECTRA,79,1224.71205,1200.7,6788.601926705174,875132.9519267053,9
SMV2-0192,2023-09-01,2023-09-04,BHARTIARTL,114,866.182875,865.3,11740.62187720515,903115.0718772052,9
SMV2-0192,2023-09-01,2023-09-04,TATACOMM,53,1856.5278,1882.9,11740.62187720515,903115.0718772052,9
SMV2-0192,2023-09-01,2023-09-04,POLYCAB,19,5014.455975,5218.55,11740.62187720515,903115.0718772052,9
SMV2-0192,2023-09-01,2023-09-04,ABB,22,4262.029949999999,4309.3,11740.62187720515,903115.0718772052,9
SMV2-0192,2023-09-01,2023-09-04,JKPAPER,258,371.08545,370.8,11740.62187720515,903115.0718772052,9
SMV2-0192,2023-09-01,2023-09-04,WSTCSTPAPR,168,569.134425,668.1,11740.62187720515,903115.0718772052,9
SMV2-0192,2023-09-01,2023-09-04,SATIA,718,133.36665,135.75,11740.62187720515,903115.0718772052,9
SMV2-0192,2023-09-01,2023-09-04,OLECTRA,79,1224.71205,1239.65,11740.62187720515,903115.0718772052,9
SMV2-0192,2023-09-01,2023-09-04,RAILTEL,413,240.870375,231.65,11740.62187720515,903115.0718772052,9
SMV2-0193,2023-09-08,2023-09-11,BHARTIARTL,114,866.182875,890.8,11740.62187720515,940406.4718772052,9
SMV2-0193,2023-09-08,2023-09-11,TATACOMM,53,1856.5278,1932.75,11740.62187720515,940406.4718772052,9
SMV2-0193,2023-09-08,2023-09-11,POLYCAB,19,5014.455975,5147.95,11740.62187720515,940406.4718772052,9
SMV2-0193,2023-09-08,2023-09-11,ABB,22,4262.029949999999,4618.85,11740.62187720515,940406.4718772052,9
SMV2-0193,2023-09-08,2023-09-11,JKPAPER,258,371.08545,400.85,11740.62187720515,940406.4718772052,9
SMV2-0193,2023-09-08,2023-09-11,WSTCSTPAPR,168,569.134425,725.4,11740.62187720515,940406.4718772052,9
SMV2-0193,2023-09-08,2023-09-11,SATIA,718,133.36665,136.8,11740.62187720515,940406.4718772052,9
SMV2-0193,2023-09-08,2023-09-11,OLECTRA,79,1224.71205,1255.65,11740.62187720515,940406.4718772052,9
SMV2-0193,2023-09-08,2023-09-11,RAILTEL,413,240.870375,248.3,11740.62187720515,940406.4718772052,9
SMV2-0194,2023-09-15,2023-09-18,BHARTIARTL,114,866.182875,920.2,11740.62187720515,911536.571877205,9
SMV2-0194,2023-09-15,2023-09-18,TATACOMM,53,1856.5278,1898.15,11740.62187720515,911536.571877205,9
SMV2-0194,2023-09-15,2023-09-18,POLYCAB,19,5014.455975,5135.25,11740.62187720515,911536.571877205,9
SMV2-0194,2023-09-15,2023-09-18,ABB,22,4262.029949999999,4320.3,11740.62187720515,911536.571877205,9
SMV2-0194,2023-09-15,2023-09-18,JKPAPER,258,371.08545,391.7,11740.62187720515,911536.571877205,9
SMV2-0194,2023-09-15,2023-09-18,WSTCSTPAPR,168,569.134425,678.95,11740.62187720515,911536.571877205,9
SMV2-0194,2023-09-15,2023-09-18,SATIA,718,133.36665,137.55,11740.62187720515,911536.571877205,9
SMV2-0194,2023-09-15,2023-09-18,OLECTRA,79,1224.71205,1246.85,11740.62187720515,911536.571877205,9
SMV2-0194,2023-09-15,2023-09-18,RAILTEL,413,240.870375,216.2,11740.62187720515,911536.571877205,9
SMV2-0195,2023-09-22,2023-09-25,BHARTIARTL,114,866.182875,910.4,5715.940706755224,902745.1907067552,9
SMV2-0195,2023-09-22,2023-09-25,TATACOMM,53,1856.5278,1856.65,5715.940706755224,902745.1907067552,9
SMV2-0195,2023-09-22,2023-09-25,ADANIENT,40,2481.189975,2482.1,5715.940706755224,902745.1907067552,9
SMV2-0195,2023-09-22,2023-09-25,MMTC,1733,57.6288,59.6,5715.940706755224,902745.1907067552,9
SMV2-0195,2023-09-22,2023-09-25,REDINGTON,633,157.77884999999998,158.85,5715.940706755224,902745.1907067552,9
SMV2-0195,2023-09-22,2023-09-25,UFLEX,227,438.71925,444.15,5715.940706755224,902745.1907067552,9
SMV2-0195,2023-09-22,2023-09-25,AGI,111,896.397975,896.1,5715.940706755224,902745.1907067552,9
SMV2-0195,2023-09-22,2023-09-25,RAILTEL,413,240.870375,228.0,5715.940706755224,902745.1907067552,9
SMV2-0195,2023-09-22,2023-09-25,COSMOFIRST,146,682.090875,666.2,5715.940706755224,902745.1907067552,9
SMV2-0196,2023-09-29,2023-10-03,HDFCBANK,65,1527.7635,1508.05,9888.99364185524,904229.1936418551,9
SMV2-0196,2023-09-29,2023-10-03,AXISBANK,97,1035.5175,1041.05,9888.99364185524,904229.1936418551,9
SMV2-0196,2023-09-29,2023-10-03,ICICIBANK,105,952.0758,940.3,9888.99364185524,904229.1936418551,9
SMV2-0196,2023-09-29,2023-10-03,BHARTIARTL,114,866.182875,925.3,9888.99364185524,904229.1936418551,9
SMV2-0196,2023-09-29,2023-10-03,TATACOMM,53,1856.5278,1901.75,9888.99364185524,904229.1936418551,9
SMV2-0196,2023-09-29,2023-10-03,ADANIENT,40,2481.189975,2387.25,9888.99364185524,904229.1936418551,9
SMV2-0196,2023-09-29,2023-10-03,MMTC,1733,57.6288,59.65,9888.99364185524,904229.1936418551,9
SMV2-0196,2023-09-29,2023-10-03,REDINGTON,633,157.77884999999998,158.05,9888.99364185524,904229.1936418551,9
SMV2-0196,2023-09-29,2023-10-03,RAILTEL,413,240.870375,221.35,9888.99364185524,904229.1936418551,9
SMV2-0197,2023-10-06,2023-10-09,HDFCBANK,65,1527.7635,1516.25,50.57409320528677,870645.5240932052,9
SMV2-0197,2023-10-06,2023-10-09,AXISBANK,97,1035.5175,996.25,50.57409320528677,870645.5240932052,9
SMV2-0197,2023-10-06,2023-10-09,ICICIBANK,105,952.0758,938.6,50.57409320528677,870645.5240932052,9
SMV2-0197,2023-10-06,2023-10-09,DLF,179,547.3235249999999,540.85,50.57409320528677,870645.5240932052,9
SMV2-0197,2023-10-06,2023-10-09,NBCC,1641,59.72985,57.8,50.57409320528677,870645.5240932052,9
SMV2-0197,2023-10-06,2023-10-09,IBREALEST,1220,80.03999999999999,77.95,50.57409320528677,870645.5240932052,9
SMV2-0197,2023-10-06,2023-10-09,JINDALPOLY,145,674.337,676.6,50.57409320528677,870645.5240932052,9
SMV2-0197,2023-10-06,2023-10-09,UFLEX,222,440.22,433.5,50.57409320528677,870645.5240932052,9
SMV2-0197,2023-10-06,2023-10-09,AGI,106,920.409975,903.25,50.57409320528677,870645.5240932052,9
SMV2-0198,2023-10-13,2023-10-16,DLF,179,547.3235249999999,567.1,66.14483090527938,909634.5948309052,9
SMV2-0198,2023-10-13,2023-10-16,NBCC,1641,59.72985,64.0,66.14483090527938,909634.5948309052,9
SMV2-0198,2023-10-13,2023-10-16,IBREALEST,1220,80.03999999999999,81.2,66.14483090527938,909634.5948309052,9
SMV2-0198,2023-10-13,2023-10-16,JINDALPOLY,145,674.337,710.35,66.14483090527938,909634.5948309052,9
SMV2-0198,2023-10-13,2023-10-16,UFLEX,222,440.22,450.1,66.14483090527938,909634.5948309052,9
SMV2-0198,2023-10-13,2023-10-16,AGI,106,920.409975,1023.45,66.14483090527938,909634.5948309052,9
SMV2-0198,2023-10-13,2023-10-16,IRFC,1308,77.2386,76.3,66.14483090527938,909634.5948309052,9
SMV2-0198,2023-10-13,2023-10-16,RECLTD,342,294.997425,294.05,66.14483090527938,909634.5948309052,9
SMV2-0198,2023-10-13,2023-10-16,PFC,366,251.1255,251.9,66.14483090527938,909634.5948309052,9
SMV2-0199,2023-10-20,2023-10-23,DLF,179,547.3235249999999,532.95,106.13133130532516,862584.9813313053,9
SMV2-0199,2023-10-20,2023-10-23,NBCC,1641,59.72985,62.4,106.13133130532516,862584.9813313053,9
SMV2-0199,2023-10-20,2023-10-23,TITAN,30,3247.8231,3219.75,106.13133130532516,862584.9813313053,9
SMV2-0199,2023-10-20,2023-10-23,RAJESHEXPO,214,440.270025,431.7,106.13133130532516,862584.9813313053,9
SMV2-0199,2023-10-20,2023-10-23,BATAINDIA,62,1608.753975,1573.75,106.13133130532516,862584.9813313053,9
SMV2-0199,2023-10-20,2023-10-23,IBREALEST,1220,80.03999999999999,72.8,106.13133130532516,862584.9813313053,9
SMV2-0199,2023-10-20,2023-10-23,KALYANKJIL,331,301.60072499999995,287.35,106.13133130532516,862584.9813313053,9
SMV2-0199,2023-10-20,2023-10-23,METROBRAND,82,1217.6084999999998,1205.0,106.13133130532516,862584.9813313053,9
SMV2-0199,2023-10-20,2023-10-23,CAMPUS,341,292.696275,279.75,106.13133130532516,862584.9813313053,9
SMV2-0200,2023-10-27,2023-10-30,DLF,179,547.3235249999999,554.45,655.8373293053446,869611.6373293054,9
SMV2-0200,2023-10-27,2023-10-30,NBCC,1641,59.72985,67.1,655.8373293053446,869611.6373293054,9
SMV2-0200,2023-10-27,2023-10-30,TITAN,30,3247.8231,3116.45,655.8373293053446,869611.6373293054,9
SMV2-0200,2023-10-27,2023-10-30,RAJESHEXPO,214,440.270025,440.25,655.8373293053446,869611.6373293054,9
SMV2-0200,2023-10-27,2023-10-30,BATAINDIA,62,1608.753975,1570.65,655.8373293053446,869611.6373293054,9
SMV2-0200,2023-10-27,2023-10-30,KALYANKJIL,331,301.60072499999995,291.25,655.8373293053446,869611.6373293054,9
SMV2-0200,2023-10-27,2023-10-30,METROBRAND,82,1217.6084999999998,1185.5,655.8373293053446,869611.6373293054,9
SMV2-0200,2023-10-27,2023-10-30,CAMPUS,341,292.696275,266.1,655.8373293053446,869611.6373293054,9
SMV2-0200,2023-10-27,2023-10-30,PRESTIGE,120,743.3715,751.3,655.8373293053446,869611.6373293054,9
SMV2-0201,2023-11-03,2023-11-06,DLF,179,547.3235249999999,592.0,655.8373293053446,902579.8373293054,9
SMV2-0201,2023-11-03,2023-11-06,NBCC,1641,59.72985,67.45,655.8373293053446,902579.8373293054,9
SMV2-0201,2023-11-03,2023-11-06,TITAN,30,3247.8231,3267.05,655.8373293053446,902579.8373293054,9
SMV2-0201,2023-11-03,2023-11-06,RAJESHEXPO,214,440.270025,434.25,655.8373293053446,902579.8373293054,9
SMV2-0201,2023-11-03,2023-11-06,BATAINDIA,62,1608.753975,1561.0,655.8373293053446,902579.8373293054,9
SMV2-0201,2023-11-03,2023-11-06,KALYANKJIL,331,301.60072499999995,321.4,655.8373293053446,902579.8373293054,9
SMV2-0201,2023-11-03,2023-11-06,METROBRAND,82,1217.6084999999998,1261.15,655.8373293053446,902579.8373293054,9
SMV2-0201,2023-11-03,2023-11-06,CAMPUS,341,292.696275,268.85,655.8373293053446,902579.8373293054,9
SMV2-0201,2023-11-03,2023-11-06,PRESTIGE,120,743.3715,800.6,655.8373293053446,902579.8373293054,9
SMV2-0202,2023-11-10,2023-11-13,DLF,179,547.3235249999999,608.4,85.3565974553785,920498.7565974554,9
SMV2-0202,2023-11-10,2023-11-13,NBCC,1641,59.72985,68.15,85.3565974553785,920498.7565974554,9
SMV2-0202,2023-11-10,2023-11-13,TITAN,30,3247.8231,3264.75,85.3565974553785,920498.7565974554,9
SMV2-0202,2023-11-10,2023-11-13,RAJESHEXPO,214,440.270025,438.7,85.3565974553785,920498.7565974554,9
SMV2-0202,2023-11-10,2023-11-13,KALYANKJIL,331,301.60072499999995,337.2,85.3565974553785,920498.7565974554,9
SMV2-0202,2023-11-10,2023-11-13,HAL,49,2073.036,2060.35,85.3565974553785,920498.7565974554,9
SMV2-0202,2023-11-10,2023-11-13,BEL,645,139.219575,143.4,85.3565974553785,920498.7565974554,9
SMV2-0202,2023-11-10,2023-11-13,INDIGO,40,2526.2625,2540.7,85.3565974553785,920498.7565974554,9
SMV2-0202,2023-11-10,2023-11-13,PRESTIGE,120,743.3715,843.0,85.3565974553785,920498.7565974554,9
SMV2-0203,2023-11-17,2023-11-20,DLF,179,547.3235249999999,626.25,71.37863160538836,912605.8786316054,9
SMV2-0203,2023-11-17,2023-11-20,NBCC,1641,59.72985,67.35,71.37863160538836,912605.8786316054,9
SMV2-0203,2023-11-17,2023-11-20,HAL,49,2073.036,2146.6,71.37863160538836,912605.8786316054,9
SMV2-0203,2023-11-17,2023-11-20,BEL,645,139.219575,143.85,71.37863160538836,912605.8786316054,9
SMV2-0203,2023-11-17,2023-11-20,INDIGO,40,2526.2625,2631.25,71.37863160538836,912605.8786316054,9
SMV2-0203,2023-11-17,2023-11-20,POWERGRID,383,210.20505,209.3,71.37863160538836,912605.8786316054,9
SMV2-0203,2023-11-17,2023-11-20,NTPC,405,251.1255,251.05,71.37863160538836,912605.8786316054,9
SMV2-0203,2023-11-17,2023-11-20,PRESTIGE,120,743.3715,892.05,71.37863160538836,912605.8786316054,9
SMV2-0203,2023-11-17,2023-11-20,RPOWER,4426,23.0115,22.1,71.37863160538836,912605.8786316054,9
SMV2-0204,2023-11-24,2023-11-28,DLF,179,547.3235249999999,629.15,0.3966186054167337,921316.4966186056,9
SMV2-0204,2023-11-24,2023-11-28,GODREJPROP,50,1841.970525,1839.5,0.3966186054167337,921316.4966186056,9
SMV2-0204,2023-11-24,2023-11-28,NBCC,1641,59.72985,68.0,0.3966186054167337,921316.4966186056,9
SMV2-0204,2023-11-24,2023-11-28,HAL,49,2073.036,2287.0,0.3966186054167337,921316.4966186056,9
SMV2-0204,2023-11-24,2023-11-28,BEL,645,139.219575,141.3,0.3966186054167337,921316.4966186056,9
SMV2-0204,2023-11-24,2023-11-28,INDIGO,40,2526.2625,2642.45,0.3966186054167337,921316.4966186056,9
SMV2-0204,2023-11-24,2023-11-28,POWERGRID,473,211.0331594080338,210.2,0.3966186054167337,921316.4966186056,9
SMV2-0204,2023-11-24,2023-11-28,NTPC,405,251.1255,257.55,0.3966186054167337,921316.4966186056,9
SMV2-0204,2023-11-24,2023-11-28,RPOWER,4426,23.0115,20.9,0.3966186054167337,921316.4966186056,9
SMV2-0205,2023-12-01,2023-12-04,DLF,179,547.3235249999999,649.25,0.3966186054167337,980778.1966186054,9
SMV2-0205,2023-12-01,2023-12-04,GODREJPROP,50,1841.970525,1915.6,0.3966186054167337,980778.1966186054,9
SMV2-0205,2023-12-01,2023-12-04,NBCC,1641,59.72985,78.6,0.3966186054167337,980778.1966186054,9
SMV2-0205,2023-12-01,2023-12-04,HAL,49,2073.036,2519.4,0.3966186054167337,980778.1966186054,9
SMV2-0205,2023-12-01,2023-12-04,BEL,645,139.219575,153.55,0.3966186054167337,980778.1966186054,9
SMV2-0205,2023-12-01,2023-12-04,INDIGO,40,2526.2625,2820.25,0.3966186054167337,980778.1966186054,9
SMV2-0205,2023-12-01,2023-12-04,POWERGRID,473,211.0331594080338,212.9,0.3966186054167337,980778.1966186054,9
SMV2-0205,2023-12-01,2023-12-04,NTPC,405,251.1255,274.8,0.3966186054167337,980778.1966186054,9
SMV2-0205,2023-12-01,2023-12-04,RPOWER,4426,23.0115,20.9,0.3966186054167337,980778.1966186054,9
SMV2-0206,2023-12-08,2023-12-11,DLF,179,547.3235249999999,667.1,165.21226460541948,1038836.1122646056,9
SMV2-0206,2023-12-08,2023-12-11,NBCC,1641,59.72985,79.95,165.21226460541948,1038836.1122646056,9
SMV2-0206,2023-12-08,2023-12-11,HAL,49,2073.036,2791.75,165.21226460541948,1038836.1122646056,9
SMV2-0206,2023-12-08,2023-12-11,BEL,645,139.219575,161.25,165.21226460541948,1038836.1122646056,9
SMV2-0206,2023-12-08,2023-12-11,INDIGO,40,2526.2625,2925.55,165.21226460541948,1038836.1122646056,9
SMV2-0206,2023-12-08,2023-12-11,POWERGRID,473,211.0331594080338,230.95,165.21226460541948,1038836.1122646056,9
SMV2-0206,2023-12-08,2023-12-11,NTPC,405,251.1255,287.3,165.21226460541948,1038836.1122646056,9
SMV2-0206,2023-12-08,2023-12-11,RPOWER,4426,23.0115,24.5,165.21226460541948,1038836.1122646056,9
SMV2-0206,2023-12-08,2023-12-11,LODHA,104,922.711125,925.05,165.21226460541948,1038836.1122646056,9
SMV2-0207,2023-12-15,2023-12-18,ADANIENT,39,2995.446975,2980.6,5489.628615805443,1066347.4286158057,9
SMV2-0207,2023-12-15,2023-12-18,MSTCLTD,236,497.698725,507.8,5489.628615805443,1066347.4286158057,9
SMV2-0207,2023-12-15,2023-12-18,MMTC,1951,60.33015,60.85,5489.628615805443,1066347.4286158057,9
SMV2-0207,2023-12-15,2023-12-18,HAL,49,2073.036,2813.1,5489.628615805443,1066347.4286158057,9
SMV2-0207,2023-12-15,2023-12-18,BEL,645,139.219575,172.7,5489.628615805443,1066347.4286158057,9
SMV2-0207,2023-12-15,2023-12-18,INDIGO,40,2526.2625,2975.55,5489.628615805443,1066347.4286158057,9
SMV2-0207,2023-12-15,2023-12-18,POWERGRID,473,211.0331594080338,231.85,5489.628615805443,1066347.4286158057,9
SMV2-0207,2023-12-15,2023-12-18,NTPC,405,251.1255,303.2,5489.628615805443,1066347.4286158057,9
SMV2-0207,2023-12-15,2023-12-18,RPOWER,4426,23.0115,23.8,5489.628615805443,1066347.4286158057,9
SMV2-0208,2023-12-22,2023-12-26,ADANIENT,39,2995.446975,2865.45,5489.628615805443,1093872.3786158054,9
SMV2-0208,2023-12-22,2023-12-26,MSTCLTD,236,497.698725,643.45,5489.628615805443,1093872.3786158054,9
SMV2-0208,2023-12-22,2023-12-26,MMTC,1951,60.33015,59.75,5489.628615805443,1093872.3786158054,9
SMV2-0208,2023-12-22,2023-12-26,HAL,49,2073.036,2820.65,5489.628615805443,1093872.3786158054,9
SMV2-0208,2023-12-22,2023-12-26,BEL,645,139.219575,181.95,5489.628615805443,1093872.3786158054,9
SMV2-0208,2023-12-22,2023-12-26,INDIGO,40,2526.2625,2921.1,5489.628615805443,1093872.3786158054,9
SMV2-0208,2023-12-22,2023-12-26,POWERGRID,473,211.0331594080338,233.35,5489.628615805443,1093872.3786158054,9
SMV2-0208,2023-12-22,2023-12-26,NTPC,405,251.1255,309.6,5489.628615805443,1093872.3786158054,9
SMV2-0208,2023-12-22,2023-12-26,RPOWER,4426,23.0115,22.6,5489.628615805443,1093872.3786158054,9
SMV2-0209,2023-12-29,2024-01-01,ADANIENT,39,2995.446975,2917.2,46159.38674070544,1112301.7367407056,9
SMV2-0209,2023-12-29,2024-01-01,MSTCLTD,183,497.698725,659.15,46159.38674070544,1112301.7367407056,9
SMV2-0209,2023-12-29,2024-01-01,MMTC,1951,60.33015,60.2,46159.38674070544,1112301.7367407056,9
SMV2-0209,2023-12-29,2024-01-01,SAIL,997,123.711825,124.7,46159.38674070544,1112301.7367407056,9
SMV2-0209,2023-12-29,2024-01-01,POWERGRID,473,211.0331594080338,238.25,46159.38674070544,1112301.7367407056,9
SMV2-0209,2023-12-29,2024-01-01,NTPC,405,251.1255,309.75,46159.38674070544,1112301.7367407056,9
SMV2-0209,2023-12-29,2024-01-01,RPOWER,4426,23.0115,23.95,46159.38674070544,1112301.7367407056,9
SMV2-0209,2023-12-29,2024-01-01,HINDCOPPER,447,275.9379,271.5,46159.38674070544,1112301.7367407056,9
SMV2-0209,2023-12-29,2024-01-01,COALINDIA,326,377.9889,381.8,46159.38674070544,1112301.7367407056,9
SMV2-0210,2024-01-05,2024-01-08,BHARTIARTL,122,1050.525,1049.05,17572.608134355512,1140312.7081343555,9
SMV2-0210,2024-01-05,2024-01-08,SAIL,997,123.711825,114.3,17572.608134355512,1140312.7081343555,9
SMV2-0210,2024-01-05,2024-01-08,POWERGRID,473,211.0331594080338,242.35,17572.608134355512,1140312.7081343555,9
SMV2-0210,2024-01-05,2024-01-08,NTPC,405,251.1255,316.45,17572.608134355512,1140312.7081343555,9
SMV2-0210,2024-01-05,2024-01-08,RAILTEL,359,356.928375,347.15,17572.608134355512,1140312.7081343555,9
SMV2-0210,2024-01-05,2024-01-08,RPOWER,4426,23.0115,32.05,17572.608134355512,1140312.7081343555,9
SMV2-0210,2024-01-05,2024-01-08,HINDCOPPER,447,275.9379,267.85,17572.608134355512,1140312.7081343555,9
SMV2-0210,2024-01-05,2024-01-08,COALINDIA,326,377.9889,380.4,17572.608134355512,1140312.7081343555,9
SMV2-0210,2024-01-05,2024-01-08,HFCL,1392,92.196075,91.8,17572.608134355512,1140312.7081343555,9
SMV2-0211,2024-01-12,2024-01-15,DLF,157,802.401,805.4,314.8188759056211,1135044.8188759056,9
SMV2-0211,2024-01-12,2024-01-15,NBCC,1370,91.94595,91.75,314.8188759056211,1135044.8188759056,9
SMV2-0211,2024-01-12,2024-01-15,LEMONTREE,936,134.56725,136.9,314.8188759056211,1135044.8188759056,9
SMV2-0211,2024-01-12,2024-01-15,IBREALEST,1251,100.700325,98.7,314.8188759056211,1135044.8188759056,9
SMV2-0211,2024-01-12,2024-01-15,RELIANCE,45,2751.375,2788.25,314.8188759056211,1135044.8188759056,9
SMV2-0211,2024-01-12,2024-01-15,ONGC,551,228.61425,233.5,314.8188759056211,1135044.8188759056,9
SMV2-0211,2024-01-12,2024-01-15,EASEMYTRIP,2499,50.4252,48.75,314.8188759056211,1135044.8188759056,9
SMV2-0211,2024-01-12,2024-01-15,BLS,332,378.68925,391.65,314.8188759056211,1135044.8188759056,9
SMV2-0211,2024-01-12,2024-01-15,HINDPETRO,278,452.72625,449.6,314.8188759056211,1135044.8188759056,9
SMV2-0212,2024-01-20,2024-01-23,DLF,157,802.401,739.3,314.8188759056211,1105189.1688759057,9
SMV2-0212,2024-01-20,2024-01-23,NBCC,1370,91.94595,98.6,314.8188759056211,1105189.1688759057,9
SMV2-0212,2024-01-20,2024-01-23,LEMONTREE,936,134.56725,138.4,314.8188759056211,1105189.1688759057,9
SMV2-0212,2024-01-20,2024-01-23,IBREALEST,1251,100.700325,94.5,314.8188759056211,1105189.1688759057,9
SMV2-0212,2024-01-20,2024-01-23,RELIANCE,45,2751.375,2657.15,314.8188759056211,1105189.1688759057,9
SMV2-0212,2024-01-20,2024-01-23,ONGC,551,228.61425,229.9,314.8188759056211,1105189.1688759057,9
SMV2-0212,2024-01-20,2024-01-23,EASEMYTRIP,2499,50.4252,44.8,314.8188759056211,1105189.1688759057,9
SMV2-0212,2024-01-20,2024-01-23,BLS,332,378.68925,377.45,314.8188759056211,1105189.1688759057,9
SMV2-0212,2024-01-20,2024-01-23,HINDPETRO,278,452.72625,440.45,314.8188759056211,1105189.1688759057,9
SMV2-0213,2024-01-25,2024-01-29,DLF,157,802.401,767.35,18787.939333905684,1173177.4893339055,9
SMV2-0213,2024-01-25,2024-01-29,NBCC,1103,91.94595,127.0,18787.939333905684,1173177.4893339055,9
SMV2-0213,2024-01-25,2024-01-29,JKPAPER,306,421.2105,436.5,18787.939333905684,1173177.4893339055,9
SMV2-0213,2024-01-25,2024-01-29,ORIENTPPR,2305,56.028,55.75,18787.939333905684,1173177.4893339055,9
SMV2-0213,2024-01-25,2024-01-29,LEMONTREE,936,134.56725,139.85,18787.939333905684,1173177.4893339055,9
SMV2-0213,2024-01-25,2024-01-29,IBREALEST,1251,100.700325,99.3,18787.939333905684,1173177.4893339055,9
SMV2-0213,2024-01-25,2024-01-29,EASEMYTRIP,2499,50.4252,46.7,18787.939333905684,1173177.4893339055,9
SMV2-0213,2024-01-25,2024-01-29,BLS,332,378.68925,401.6,18787.939333905684,1173177.4893339055,9
SMV2-0213,2024-01-25,2024-01-29,PAKKA,353,365.1825,358.65,18787.939333905684,1173177.4893339055,9
SMV2-0214,2024-02-02,2024-02-05,JKPAPER,306,421.2105,398.65,52948.04486420576,1202414.844864206,9
SMV2-0214,2024-02-02,2024-02-05,ORIENTPPR,2305,56.028,56.85,52948.04486420576,1202414.844864206,9
SMV2-0214,2024-02-02,2024-02-05,LEMONTREE,936,134.56725,139.85,52948.04486420576,1202414.844864206,9
SMV2-0214,2024-02-02,2024-02-05,EASEMYTRIP,2499,50.4252,49.25,52948.04486420576,1202414.844864206,9
SMV2-0214,2024-02-02,2024-02-05,BLS,332,378.68925,401.15,52948.04486420576,1202414.844864206,9
SMV2-0214,2024-02-02,2024-02-05,TATAPOWER,342,395.69775,394.0,52948.04486420576,1202414.844864206,9
SMV2-0214,2024-02-02,2024-02-05,PAKKA,353,365.1825,293.2,52948.04486420576,1202414.844864206,9
SMV2-0214,2024-02-02,2024-02-05,NHPC,1280,105.802875,103.65,52948.04486420576,1202414.844864206,9
SMV2-0214,2024-02-02,2024-02-05,SJVN,933,145.0725,148.3,52948.04486420576,1202414.844864206,9
SMV2-0215,2024-02-09,2024-02-12,JKPAPER,306,421.2105,380.65,52948.04486420576,1098277.6948642056,9
SMV2-0215,2024-02-09,2024-02-12,ORIENTPPR,2305,56.028,49.85,52948.04486420576,1098277.6948642056,9
SMV2-0215,2024-02-09,2024-02-12,LEMONTREE,936,134.56725,132.0,52948.04486420576,1098277.6948642056,9
SMV2-0215,2024-02-09,2024-02-12,EASEMYTRIP,2499,50.4252,48.9,52948.04486420576,1098277.6948642056,9
SMV2-0215,2024-02-09,2024-02-12,BLS,332,378.68925,362.9,52948.04486420576,1098277.6948642056,9
SMV2-0215,2024-02-09,2024-02-12,TATAPOWER,342,395.69775,361.7,52948.04486420576,1098277.6948642056,9
SMV2-0215,2024-02-09,2024-02-12,PAKKA,353,365.1825,326.95,52948.04486420576,1098277.6948642056,9
SMV2-0215,2024-02-09,2024-02-12,NHPC,1280,105.802875,81.0,52948.04486420576,1098277.6948642056,9
SMV2-0215,2024-02-09,2024-02-12,SJVN,933,145.0725,112.45,52948.04486420576,1098277.6948642056,9
SMV2-0216,2024-02-16,2024-02-19,LEMONTREE,936,134.56725,136.8,32908.83718440581,1164716.437184406,9
SMV2-0216,2024-02-16,2024-02-19,RELIANCE,43,2925.5620499999995,2948.0,32908.83718440581,1164716.437184406,9
SMV2-0216,2024-02-16,2024-02-19,BPCL,193,660.2299499999999,652.55,32908.83718440581,1164716.437184406,9
SMV2-0216,2024-02-16,2024-02-19,EASEMYTRIP,2499,50.4252,49.65,32908.83718440581,1164716.437184406,9
SMV2-0216,2024-02-16,2024-02-19,BLS,332,378.68925,383.45,32908.83718440581,1164716.437184406,9
SMV2-0216,2024-02-16,2024-02-19,TATAPOWER,342,395.69775,380.5,32908.83718440581,1164716.437184406,9
SMV2-0216,2024-02-16,2024-02-19,IOC,678,188.6943,188.5,32908.83718440581,1164716.437184406,9
SMV2-0216,2024-02-16,2024-02-19,NHPC,1280,105.802875,96.8,32908.83718440581,1164716.437184406,9
SMV2-0216,2024-02-16,2024-02-19,SJVN,933,145.0725,126.3,32908.83718440581,1164716.437184406,9
SMV2-0217,2024-02-23,2024-02-26,HDFCLIFE,220,569.034375,576.35,14131.046112455864,1140753.546112456,9
SMV2-0217,2024-02-23,2024-02-26,LEMONTREE,936,134.56725,141.1,14131.046112455864,1140753.546112456,9
SMV2-0217,2024-02-23,2024-02-26,RELIANCE,43,2925.5620499999995,2974.65,14131.046112455864,1140753.546112456,9
SMV2-0217,2024-02-23,2024-02-26,BPCL,193,660.2299499999999,627.15,14131.046112455864,1140753.546112456,9
SMV2-0217,2024-02-23,2024-02-26,EASEMYTRIP,2499,50.4252,48.25,14131.046112455864,1140753.546112456,9
SMV2-0217,2024-02-23,2024-02-26,BLS,332,378.68925,367.5,14131.046112455864,1140753.546112456,9
SMV2-0217,2024-02-23,2024-02-26,IOC,678,188.6943,177.5,14131.046112455864,1140753.546112456,9
SMV2-0217,2024-02-23,2024-02-26,LICI,117,1067.03325,1041.15,14131.046112455864,1140753.546112456,9
SMV2-0217,2024-02-23,2024-02-26,POLICYBZR,122,1022.9112,1098.85,14131.046112455864,1140753.546112456,9
SMV2-0218,2024-03-01,2024-03-04,HDFCLIFE,220,569.034375,610.3,10559.841938555925,1156645.4919385558,9
SMV2-0218,2024-03-01,2024-03-04,RELIANCE,43,2925.5620499999995,3014.8,10559.841938555925,1156645.4919385558,9
SMV2-0218,2024-03-01,2024-03-04,BPCL,193,660.2299499999999,640.45,10559.841938555925,1156645.4919385558,9
SMV2-0218,2024-03-01,2024-03-04,HAL,40,3158.5785,3214.95,10559.841938555925,1156645.4919385558,9
SMV2-0218,2024-03-01,2024-03-04,BEL,611,208.053975,209.6,10559.841938555925,1156645.4919385558,9
SMV2-0218,2024-03-01,2024-03-04,INDIGO,40,3175.587,3171.1,10559.841938555925,1156645.4919385558,9
SMV2-0218,2024-03-01,2024-03-04,IOC,678,188.6943,175.25,10559.841938555925,1156645.4919385558,9
SMV2-0218,2024-03-01,2024-03-04,LICI,117,1067.03325,1036.9,10559.841938555925,1156645.4919385558,9
SMV2-0218,2024-03-01,2024-03-04,POLICYBZR,122,1022.9112,1106.0,10559.841938555925,1156645.4919385558,9
SMV2-0219,2024-03-07,2024-03-11,HDFCLIFE,220,569.034375,620.85,10559.841938555925,1161067.691938556,9
SMV2-0219,2024-03-07,2024-03-11,RELIANCE,43,2925.5620499999995,2933.2,10559.841938555925,1161067.691938556,9
SMV2-0219,2024-03-07,2024-03-11,BPCL,193,660.2299499999999,626.4,10559.841938555925,1161067.691938556,9
SMV2-0219,2024-03-07,2024-03-11,HAL,40,3158.5785,3371.45,10559.841938555925,1161067.691938556,9
SMV2-0219,2024-03-07,2024-03-11,BEL,611,208.053975,212.55,10559.841938555925,1161067.691938556,9
SMV2-0219,2024-03-07,2024-03-11,INDIGO,40,3175.587,3218.55,10559.841938555925,1161067.691938556,9
SMV2-0219,2024-03-07,2024-03-11,IOC,678,188.6943,174.25,10559.841938555925,1161067.691938556,9
SMV2-0219,2024-03-07,2024-03-11,LICI,117,1067.03325,1011.9,10559.841938555925,1161067.691938556,9
SMV2-0219,2024-03-07,2024-03-11,POLICYBZR,122,1022.9112,1122.1,10559.841938555925,1161067.691938556,9
SMV2-0220,2024-03-15,2024-03-18,HDFCLIFE,220,569.034375,634.1,476.4273535559769,1101451.527353556,9
SMV2-0220,2024-03-15,2024-03-18,BATAINDIA,87,1395.6975,1377.25,476.4273535559769,1101451.527353556,9
SMV2-0220,2024-03-15,2024-03-18,HAL,40,3158.5785,3121.95,476.4273535559769,1101451.527353556,9
SMV2-0220,2024-03-15,2024-03-18,BEL,611,208.053975,189.9,476.4273535559769,1101451.527353556,9
SMV2-0220,2024-03-15,2024-03-18,INDIGO,40,3175.587,3249.2,476.4273535559769,1101451.527353556,9
SMV2-0220,2024-03-15,2024-03-18,METROBRAND,101,1088.544,1045.1,476.4273535559769,1101451.527353556,9
SMV2-0220,2024-03-15,2024-03-18,CAMPUS,529,231.865875,228.65,476.4273535559769,1101451.527353556,9
SMV2-0220,2024-03-15,2024-03-18,LICI,117,1067.03325,904.4,476.4273535559769,1101451.527353556,9
SMV2-0220,2024-03-15,2024-03-18,POLICYBZR,122,1022.9112,1134.85,476.4273535559769,1101451.527353556,9
SMV2-0221,2024-03-22,2024-03-26,HDFCLIFE,220,569.034375,626.9,34.98067505605286,1125485.480675056,9
SMV2-0221,2024-03-22,2024-03-26,MCDOWELL-N,109,1135.0672499999998,1126.05,34.98067505605286,1125485.480675056,9
SMV2-0221,2024-03-22,2024-03-26,RADICO,63,1656.277725,1674.0,34.98067505605286,1125485.480675056,9
SMV2-0221,2024-03-22,2024-03-26,HAL,40,3158.5785,3300.8,34.98067505605286,1125485.480675056,9
SMV2-0221,2024-03-22,2024-03-26,BEL,611,208.053975,199.4,34.98067505605286,1125485.480675056,9
SMV2-0221,2024-03-22,2024-03-26,INDIGO,40,3175.587,3492.05,34.98067505605286,1125485.480675056,9
SMV2-0221,2024-03-22,2024-03-26,LICI,117,1067.03325,897.45,34.98067505605286,1125485.480675056,9
SMV2-0221,2024-03-22,2024-03-26,POLICYBZR,122,1022.9112,1143.5,34.98067505605286,1125485.480675056,9
SMV2-0221,2024-03-22,2024-03-26,SULA,225,551.2755,539.0,34.98067505605286,1125485.480675056,9
SMV2-0222,2024-03-28,2024-04-01,HDFCLIFE,220,569.034375,634.75,84.80000995604496,1157510.200009956,9
SMV2-0222,2024-03-28,2024-04-01,DMART,27,4572.285,4483.3,84.80000995604496,1157510.200009956,9
SMV2-0222,2024-03-28,2024-04-01,ABFRL,532,205.9029,211.65,84.80000995604496,1157510.200009956,9
SMV2-0222,2024-03-28,2024-04-01,TRENT,31,3976.937475,3886.8,84.80000995604496,1157510.200009956,9
SMV2-0222,2024-03-28,2024-04-01,HAL,40,3158.5785,3403.35,84.80000995604496,1157510.200009956,9
SMV2-0222,2024-03-28,2024-04-01,BEL,611,208.053975,211.1,84.80000995604496,1157510.200009956,9
SMV2-0222,2024-03-28,2024-04-01,INDIGO,40,3175.587,3548.95,84.80000995604496,1157510.200009956,9
SMV2-0222,2024-03-28,2024-04-01,LICI,117,1067.03325,970.6,84.80000995604496,1157510.200009956,9
SMV2-0222,2024-03-28,2024-04-01,POLICYBZR,122,1022.9112,1172.2,84.80000995604496,1157510.200009956,9
SMV2-0223,2024-04-05,2024-04-08,MCDOWELL-N,117,1136.2678499999995,1140.75,20.05385825614212,1202381.6538582563,9
SMV2-0223,2024-04-05,2024-04-08,UBL,73,1813.256175,1836.75,20.05385825614212,1202381.6538582563,9
SMV2-0223,2024-04-05,2024-04-08,RADICO,78,1707.8034750000002,1667.2,20.05385825614212,1202381.6538582563,9
SMV2-0223,2024-04-05,2024-04-08,HAL,40,3158.5785,3567.15,20.05385825614212,1202381.6538582563,9
SMV2-0223,2024-04-05,2024-04-08,BEL,611,208.053975,223.55,20.05385825614212,1202381.6538582563,9
SMV2-0223,2024-04-05,2024-04-08,INDIGO,40,3175.587,3599.8,20.05385825614212,1202381.6538582563,9
SMV2-0223,2024-04-05,2024-04-08,TATAPOWER,320,417.70875,416.35,20.05385825614212,1202381.6538582563,9
SMV2-0223,2024-04-05,2024-04-08,NTPC,323,355.7778,363.5,20.05385825614212,1202381.6538582563,9
SMV2-0223,2024-04-05,2024-04-08,NHPC,1417,94.54725,92.35,20.05385825614212,1202381.6538582563,9
SMV2-0224,2024-04-12,2024-04-15,TATASTEEL,832,161.8809,160.85,27060.603990656207,1210783.7039906564,9
SMV2-0224,2024-04-12,2024-04-15,MCDOWELL-N,117,1136.2678499999995,1148.95,27060.603990656207,1210783.7039906564,9
SMV2-0224,2024-04-12,2024-04-15,UBL,73,1813.256175,1848.35,27060.603990656207,1210783.7039906564,9
SMV2-0224,2024-04-12,2024-04-15,SAIL,880,152.97645000000003,151.05,27060.603990656207,1210783.7039906564,9
SMV2-0224,2024-04-12,2024-04-15,RADICO,78,1707.8034750000002,1724.45,27060.603990656207,1210783.7039906564,9
SMV2-0224,2024-04-12,2024-04-15,TATAPOWER,320,417.70875,431.6,27060.603990656207,1210783.7039906564,9
SMV2-0224,2024-04-12,2024-04-15,NTPC,323,355.7778,361.15,27060.603990656207,1210783.7039906564,9
SMV2-0224,2024-04-12,2024-04-15,HINDCOPPER,374,360.18,353.75,27060.603990656207,1210783.7039906564,9
SMV2-0224,2024-04-12,2024-04-15,NHPC,1417,94.54725,88.95,27060.603990656207,1210783.7039906564,9
SMV2-0225,2024-04-19,2024-04-22,TATASTEEL,832,161.8809,161.85,1825.1067102563104,1218099.2067102564,9
SMV2-0225,2024-04-19,2024-04-22,DLF,156,860.43,865.15,1825.1067102563104,1218099.2067102564,9
SMV2-0225,2024-04-19,2024-04-22,GODREJPROP,53,2526.2625,2503.25,1825.1067102563104,1218099.2067102564,9
SMV2-0225,2024-04-19,2024-04-22,MCDOWELL-N,117,1136.2678499999995,1159.8,1825.1067102563104,1218099.2067102564,9
SMV2-0225,2024-04-19,2024-04-22,UBL,73,1813.256175,1853.85,1825.1067102563104,1218099.2067102564,9
SMV2-0225,2024-04-19,2024-04-22,SAIL,880,152.97645000000003,148.4,1825.1067102563104,1218099.2067102564,9
SMV2-0225,2024-04-19,2024-04-22,RADICO,78,1707.8034750000002,1740.05,1825.1067102563104,1218099.2067102564,9
SMV2-0225,2024-04-19,2024-04-22,IBREALEST,1005,134.06699999999998,134.2,1825.1067102563104,1218099.2067102564,9
SMV2-0225,2024-04-19,2024-04-22,HINDCOPPER,374,360.18,379.05,1825.1067102563104,1218099.2067102564,9
SMV2-0226,2024-04-26,2024-04-29,TATASTEEL,832,161.8809,167.4,4309.863817456411,1262701.5138174563,9
SMV2-0226,2024-04-26,2024-04-29,DLF,156,860.43,886.1,4309.863817456411,1262701.5138174563,9
SMV2-0226,2024-04-26,2024-04-29,GODREJPROP,53,2526.2625,2628.0,4309.863817456411,1262701.5138174563,9
SMV2-0226,2024-04-26,2024-04-29,SAIL,880,152.97645000000003,164.8,4309.863817456411,1262701.5138174563,9
SMV2-0226,2024-04-26,2024-04-29,IBREALEST,1005,134.06699999999998,133.25,4309.863817456411,1262701.5138174563,9
SMV2-0226,2024-04-26,2024-04-29,HAL,35,4008.353175,4017.7,4309.863817456411,1262701.5138174563,9
SMV2-0226,2024-04-26,2024-04-29,BEL,591,240.270075,235.4,4309.863817456411,1262701.5138174563,9
SMV2-0226,2024-04-26,2024-04-29,INDIGO,35,4003.0005,3927.7,4309.863817456411,1262701.5138174563,9
SMV2-0226,2024-04-26,2024-04-29,HINDCOPPER,374,360.18,388.9,4309.863817456411,1262701.5138174563,9
SMV2-0227,2024-05-03,2024-05-06,TATASTEEL,832,161.8809,167.6,405.9001726064744,1225449.8501726063,9
SMV2-0227,2024-05-03,2024-05-06,JKPAPER,363,385.7427750000001,379.15,405.9001726064744,1225449.8501726063,9
SMV2-0227,2024-05-03,2024-05-06,WSTCSTPAPR,185,683.3915249999999,660.8,405.9001726064744,1225449.8501726063,9
SMV2-0227,2024-05-03,2024-05-06,ORIENTPPR,2432,57.678825,55.1,405.9001726064744,1225449.8501726063,9
SMV2-0227,2024-05-03,2024-05-06,SAIL,880,152.97645000000003,162.9,405.9001726064744,1225449.8501726063,9
SMV2-0227,2024-05-03,2024-05-06,TATAPOWER,305,458.8293000000001,446.3,405.9001726064744,1225449.8501726063,9
SMV2-0227,2024-05-03,2024-05-06,NTPC,381,367.9839,356.8,405.9001726064744,1225449.8501726063,9
SMV2-0227,2024-05-03,2024-05-06,HINDCOPPER,374,360.18,377.7,405.9001726064744,1225449.8501726063,9
SMV2-0227,2024-05-03,2024-05-06,IREDA,784,178.8894,172.25,405.9001726064744,1225449.8501726063,9
SMV2-0228,2024-05-10,2024-05-13,HAVELLS,77,1690.6949249999998,1702.4,27859.96706570647,1186222.4670657064,9
SMV2-0228,2024-05-10,2024-05-13,BHEL,476,274.5372,283.3,27859.96706570647,1186222.4670657064,9
SMV2-0228,2024-05-10,2024-05-13,SIEMENS,20,6235.7163,6620.1,27859.96706570647,1186222.4670657064,9
SMV2-0228,2024-05-10,2024-05-13,JKPAPER,363,385.7427750000001,354.75,27859.96706570647,1186222.4670657064,9
SMV2-0228,2024-05-10,2024-05-13,WSTCSTPAPR,185,683.3915249999999,628.7,27859.96706570647,1186222.4670657064,9
SMV2-0228,2024-05-10,2024-05-13,ORIENTPPR,2432,57.678825,51.95,27859.96706570647,1186222.4670657064,9
SMV2-0228,2024-05-10,2024-05-13,HAL,33,3877.43775,3921.75,27859.96706570647,1186222.4670657064,9
SMV2-0228,2024-05-10,2024-05-13,BEL,572,228.5142,224.75,27859.96706570647,1186222.4670657064,9
SMV2-0228,2024-05-10,2024-05-13,INDIGO,32,4008.10305,4082.0,27859.96706570647,1186222.4670657064,9
SMV2-0229,2024-05-18,2024-05-21,HAVELLS,77,1690.6949249999998,1866.85,27859.96706570647,1306319.7670657064,9
SMV2-0229,2024-05-18,2024-05-21,BHEL,476,274.5372,319.2,27859.96706570647,1306319.7670657064,9
SMV2-0229,2024-05-18,2024-05-21,SIEMENS,20,6235.7163,7284.25,27859.96706570647,1306319.7670657064,9
SMV2-0229,2024-05-18,2024-05-21,JKPAPER,363,385.7427750000001,371.7,27859.96706570647,1306319.7670657064,9
SMV2-0229,2024-05-18,2024-05-21,WSTCSTPAPR,185,683.3915249999999,645.0,27859.96706570647,1306319.7670657064,9
SMV2-0229,2024-05-18,2024-05-21,ORIENTPPR,2432,57.678825,53.5,27859.96706570647,1306319.7670657064,9
SMV2-0229,2024-05-18,2024-05-21,HAL,33,3877.43775,4782.25,27859.96706570647,1306319.7670657064,9
SMV2-0229,2024-05-18,2024-05-21,BEL,572,228.5142,274.15,27859.96706570647,1306319.7670657064,9
SMV2-0229,2024-05-18,2024-05-21,INDIGO,32,4008.10305,4315.5,27859.96706570647,1306319.7670657064,9
SMV2-0230,2024-05-24,2024-05-27,LT,40,3646.72245,3652.0,57.9585538564279,1317398.1585538564,9
SMV2-0230,2024-05-24,2024-05-27,ADANIPORTS,101,1445.7225,1431.65,57.9585538564279,1317398.1585538564,9
SMV2-0230,2024-05-24,2024-05-27,HAL,33,3877.43775,5142.35,57.9585538564279,1317398.1585538564,9
SMV2-0230,2024-05-24,2024-05-27,BEL,572,228.5142,294.45,57.9585538564279,1317398.1585538564,9
SMV2-0230,2024-05-24,2024-05-27,INDIGO,32,4008.10305,4252.95,57.9585538564279,1317398.1585538564,9
SMV2-0230,2024-05-24,2024-05-27,TATAPOWER,328,449.12445,446.05,57.9585538564279,1317398.1585538564,9
SMV2-0230,2024-05-24,2024-05-27,RVNL,392,375.937875,377.0,57.9585538564279,1317398.1585538564,9
SMV2-0230,2024-05-24,2024-05-27,NHPC,1422,103.6518,102.3,57.9585538564279,1317398.1585538564,9
SMV2-0230,2024-05-24,2024-05-27,IREDA,584,190.59525,193.3,57.9585538564279,1317398.1585538564,9
SMV2-0231,2024-05-31,2024-06-03,LT,40,3646.72245,3897.15,157.75957535645284,1392134.4595753564,9
SMV2-0231,2024-05-31,2024-06-03,ADANIPORTS,101,1445.7225,1583.95,157.75957535645284,1392134.4595753564,9
SMV2-0231,2024-05-31,2024-06-03,HAL,33,3877.43775,5273.65,157.75957535645284,1392134.4595753564,9
SMV2-0231,2024-05-31,2024-06-03,BEL,572,228.5142,318.65,157.75957535645284,1392134.4595753564,9
SMV2-0231,2024-05-31,2024-06-03,INDIGO,32,4008.10305,4298.05,157.75957535645284,1392134.4595753564,9
SMV2-0231,2024-05-31,2024-06-03,RVNL,392,375.937875,404.55,157.75957535645284,1392134.4595753564,9
SMV2-0231,2024-05-31,2024-06-03,TITAGARH,100,1565.1822,1492.5,157.75957535645284,1392134.4595753564,9
SMV2-0231,2024-05-31,2024-06-03,TEXRAIL,733,214.10700000000003,207.65,157.75957535645284,1392134.4595753564,9
SMV2-0231,2024-05-31,2024-06-03,CARBORUNIV,73,1643.32125,1674.45,157.75957535645284,1392134.4595753564,9
SMV2-0232,2024-06-07,2024-06-10,LT,40,3646.72245,3543.75,157.75957535645284,1291199.5095753565,9
SMV2-0232,2024-06-07,2024-06-10,ADANIPORTS,101,1445.7225,1384.05,157.75957535645284,1291199.5095753565,9
SMV2-0232,2024-06-07,2024-06-10,HAL,33,3877.43775,4812.7,157.75957535645284,1291199.5095753565,9
SMV2-0232,2024-06-07,2024-06-10,BEL,572,228.5142,283.4,157.75957535645284,1291199.5095753565,9
SMV2-0232,2024-06-07,2024-06-10,INDIGO,32,4008.10305,4566.6,157.75957535645284,1291199.5095753565,9
SMV2-0232,2024-06-07,2024-06-10,RVNL,392,375.937875,373.95,157.75957535645284,1291199.5095753565,9
SMV2-0232,2024-06-07,2024-06-10,TITAGARH,100,1565.1822,1342.3,157.75957535645284,1291199.5095753565,9
SMV2-0232,2024-06-07,2024-06-10,TEXRAIL,733,214.10700000000003,194.95,157.75957535645284,1291199.5095753565,9
SMV2-0232,2024-06-07,2024-06-10,CARBORUNIV,73,1643.32125,1626.45,157.75957535645284,1291199.5095753565,9
SMV2-0233,2024-06-14,2024-06-18,LT,40,3646.72245,3689.2,45934.161465456535,1372033.0414654564,9
SMV2-0233,2024-06-14,2024-06-18,ADANIPORTS,101,1445.7225,1445.0,45934.161465456535,1372033.0414654564,9
SMV2-0233,2024-06-14,2024-06-18,POLYCAB,21,7123.56,7110.25,45934.161465456535,1372033.0414654564,9
SMV2-0233,2024-06-14,2024-06-18,ABB,16,9154.524975,8867.0,45934.161465456535,1372033.0414654564,9
SMV2-0233,2024-06-14,2024-06-18,FINCABLES,95,1608.8039999999996,1574.25,45934.161465456535,1372033.0414654564,9
SMV2-0233,2024-06-14,2024-06-18,RVNL,392,375.937875,396.1,45934.161465456535,1372033.0414654564,9
SMV2-0233,2024-06-14,2024-06-18,TITAGARH,100,1565.1822,1496.15,45934.161465456535,1372033.0414654564,9
SMV2-0233,2024-06-14,2024-06-18,TEXRAIL,733,214.10700000000003,213.91,45934.161465456535,1372033.0414654564,9
SMV2-0233,2024-06-14,2024-06-18,CARBORUNIV,73,1643.32125,1783.05,45934.161465456535,1372033.0414654564,9
SMV2-0234,2024-06-21,2024-06-24,LT,40,3646.72245,3531.6,18906.73450545653,1382414.0645054567,9
SMV2-0234,2024-06-21,2024-06-24,ADANIPORTS,101,1445.7225,1460.25,18906.73450545653,1382414.0645054567,9
SMV2-0234,2024-06-21,2024-06-24,POLYCAB,21,7123.56,7260.6,18906.73450545653,1382414.0645054567,9
SMV2-0234,2024-06-21,2024-06-24,ABB,16,9154.524975,8465.3,18906.73450545653,1382414.0645054567,9
SMV2-0234,2024-06-21,2024-06-24,FINCABLES,95,1608.8039999999996,1611.75,18906.73450545653,1382414.0645054567,9
SMV2-0234,2024-06-21,2024-06-24,RVNL,392,375.937875,416.6,18906.73450545653,1382414.0645054567,9
SMV2-0234,2024-06-21,2024-06-24,TITAGARH,100,1565.1822,1609.8,18906.73450545653,1382414.0645054567,9
SMV2-0234,2024-06-21,2024-06-24,TEXRAIL,733,214.10700000000003,216.96,18906.73450545653,1382414.0645054567,9
SMV2-0234,2024-06-21,2024-06-24,CARBORUNIV,89,1650.9655196629212,1689.95,18906.73450545653,1382414.0645054567,9
SMV2-0235,2024-06-28,2024-07-01,LT,40,3646.72245,3526.55,19355.06830160675,1423441.1683016068,9
SMV2-0235,2024-06-28,2024-07-01,ADANIPORTS,101,1445.7225,1474.5,19355.06830160675,1423441.1683016068,9
SMV2-0235,2024-06-28,2024-07-01,VOLTAS,106,1472.9361,1444.25,19355.06830160675,1423441.1683016068,9
SMV2-0235,2024-06-28,2024-07-01,DIXON,13,12105.049499999996,12446.45,19355.06830160675,1423441.1683016068,9
SMV2-0235,2024-06-28,2024-07-01,CROMPTON,388,405.50265,416.5,19355.06830160675,1423441.1683016068,9
SMV2-0235,2024-06-28,2024-07-01,JINDALPOLY,227,692.7461999999999,710.35,19355.06830160675,1423441.1683016068,9
SMV2-0235,2024-06-28,2024-07-01,UFLEX,302,520.4100749999999,524.15,19355.06830160675,1423441.1683016068,9
SMV2-0235,2024-06-28,2024-07-01,HUHTAMAKI,430,365.5826999999999,361.35,19355.06830160675,1423441.1683016068,9
SMV2-0235,2024-06-28,2024-07-01,RVNL,392,375.937875,415.0,19355.06830160675,1423441.1683016068,9
SMV2-0236,2024-07-05,2024-07-08,GAIL,752,223.61175,230.49,1616.7881306769268,1505106.9181306767,9
SMV2-0236,2024-07-05,2024-07-08,MGL,98,1701.100125,1669.0,1616.7881306769268,1505106.9181306767,9
SMV2-0236,2024-07-05,2024-07-08,JINDALPOLY,227,692.7461999999999,800.4,1616.7881306769268,1505106.9181306767,9
SMV2-0236,2024-07-05,2024-07-08,UFLEX,302,520.4100749999999,568.5,1616.7881306769268,1505106.9181306767,9
SMV2-0236,2024-07-05,2024-07-08,HUHTAMAKI,430,365.5826999999999,389.7,1616.7881306769268,1505106.9181306767,9
SMV2-0236,2024-07-05,2024-07-08,REFEX,793,212.116005,206.61,1616.7881306769268,1505106.9181306767,9
SMV2-0236,2024-07-05,2024-07-08,TITAGARH,90,1859.9295,1823.45,1616.7881306769268,1505106.9181306767,9
SMV2-0236,2024-07-05,2024-07-08,TEXRAIL,602,279.1395,285.31,1616.7881306769268,1505106.9181306767,9
SMV2-0236,2024-07-05,2024-07-08,CARBORUNIV,86,1707.8534999999997,1697.0,1616.7881306769268,1505106.9181306767,9
SMV2-0237,2024-07-12,2024-07-15,JKPAPER,298,565.2824999999999,562.3,352.44721070700325,1503258.337210707,9
SMV2-0237,2024-07-12,2024-07-15,WSTCSTPAPR,197,690.9953249999999,680.2,352.44721070700325,1503258.337210707,9
SMV2-0237,2024-07-12,2024-07-15,ORIENTPPR,2918,57.90894,56.44,352.44721070700325,1503258.337210707,9
SMV2-0237,2024-07-12,2024-07-15,GAIL,752,223.61175,237.16,352.44721070700325,1503258.337210707,9
SMV2-0237,2024-07-12,2024-07-15,MGL,98,1701.100125,1742.1,352.44721070700325,1503258.337210707,9
SMV2-0237,2024-07-12,2024-07-15,JINDALPOLY,227,692.7461999999999,779.0,352.44721070700325,1503258.337210707,9
SMV2-0237,2024-07-12,2024-07-15,UFLEX,302,520.4100749999999,550.75,352.44721070700325,1503258.337210707,9
SMV2-0237,2024-07-12,2024-07-15,HUHTAMAKI,430,365.5826999999999,381.7,352.44721070700325,1503258.337210707,9
SMV2-0237,2024-07-12,2024-07-15,REFEX,793,212.116005,227.35,352.44721070700325,1503258.337210707,9
SMV2-0238,2024-07-19,2024-07-22,HDFCLIFE,253,632.2159499999999,637.4,176.8617181071022,1471421.141718107,9
SMV2-0238,2024-07-19,2024-07-22,BHARTIARTL,110,1450.725,1465.4,176.8617181071022,1471421.141718107,9
SMV2-0238,2024-07-19,2024-07-22,GAIL,752,223.61175,222.87,176.8617181071022,1471421.141718107,9
SMV2-0238,2024-07-19,2024-07-22,MGL,98,1701.100125,1729.55,176.8617181071022,1471421.141718107,9
SMV2-0238,2024-07-19,2024-07-22,INDUSTOWER,391,409.8048,421.75,176.8617181071022,1471421.141718107,9
SMV2-0238,2024-07-19,2024-07-22,REFEX,793,212.116005,229.83,176.8617181071022,1471421.141718107,9
SMV2-0238,2024-07-19,2024-07-22,LICI,145,1100.55,1123.7,176.8617181071022,1471421.141718107,9
SMV2-0238,2024-07-19,2024-07-22,POLICYBZR,95,1424.41185,1465.8,176.8617181071022,1471421.141718107,9
SMV2-0238,2024-07-19,2024-07-22,RAILTEL,310,516.608175,523.7,176.8617181071022,1471421.141718107,9
SMV2-0239,2024-07-26,2024-07-29,HDFCLIFE,253,632.2159499999999,696.85,176.8617181071022,1536908.821718107,9
SMV2-0239,2024-07-26,2024-07-29,BHARTIARTL,110,1450.725,1481.35,176.8617181071022,1536908.821718107,9
SMV2-0239,2024-07-26,2024-07-29,GAIL,752,223.61175,231.87,176.8617181071022,1536908.821718107,9
SMV2-0239,2024-07-26,2024-07-29,MGL,98,1701.100125,1839.95,176.8617181071022,1536908.821718107,9
SMV2-0239,2024-07-26,2024-07-29,INDUSTOWER,391,409.8048,443.4,176.8617181071022,1536908.821718107,9
SMV2-0239,2024-07-26,2024-07-29,REFEX,793,212.116005,251.44,176.8617181071022,1536908.821718107,9
SMV2-0239,2024-07-26,2024-07-29,LICI,145,1100.55,1173.6,176.8617181071022,1536908.821718107,9
SMV2-0239,2024-07-26,2024-07-29,POLICYBZR,95,1424.41185,1493.25,176.8617181071022,1536908.821718107,9
SMV2-0239,2024-07-26,2024-07-29,RAILTEL,310,516.608175,509.7,176.8617181071022,1536908.821718107,9
SMV2-0240,2024-08-02,2024-08-05,HDFCLIFE,253,632.2159499999999,710.9,5283.135795857088,1495667.175795857,9
SMV2-0240,2024-08-02,2024-08-05,SBILIFE,99,1680.84,1722.2,5283.135795857088,1495667.175795857,9
SMV2-0240,2024-08-02,2024-08-05,BHARTIARTL,110,1450.725,1465.7,5283.135795857088,1495667.175795857,9
SMV2-0240,2024-08-02,2024-08-05,GAIL,752,223.61175,224.57,5283.135795857088,1495667.175795857,9
SMV2-0240,2024-08-02,2024-08-05,MGL,98,1701.100125,1793.3,5283.135795857088,1495667.175795857,9
SMV2-0240,2024-08-02,2024-08-05,INDUSTOWER,391,409.8048,413.65,5283.135795857088,1495667.175795857,9
SMV2-0240,2024-08-02,2024-08-05,REFEX,668,212.116005,248.45,5283.135795857088,1495667.175795857,9
SMV2-0240,2024-08-02,2024-08-05,LICI,145,1100.55,1107.65,5283.135795857088,1495667.175795857,9
SMV2-0240,2024-08-02,2024-08-05,RAILTEL,310,516.608175,470.55,5283.135795857088,1495667.175795857,9
SMV2-0241,2024-08-09,2024-08-12,PAGEIND,4,40189.0845,40821.3,706.8045670369756,1530426.324567037,9
SMV2-0241,2024-08-09,2024-08-12,LUXIND,64,2317.158,2329.95,706.8045670369756,1530426.324567037,9
SMV2-0241,2024-08-09,2024-08-12,GAIL,752,223.61175,231.9,706.8045670369756,1530426.324567037,9
SMV2-0241,2024-08-09,2024-08-12,MGL,98,1701.100125,1826.8,706.8045670369756,1530426.324567037,9
SMV2-0241,2024-08-09,2024-08-12,HUHTAMAKI,386,434.217,433.4,706.8045670369756,1530426.324567037,9
SMV2-0241,2024-08-09,2024-08-12,AGI,223,751.3755,799.5,706.8045670369756,1530426.324567037,9
SMV2-0241,2024-08-09,2024-08-12,REFEX,668,212.116005,281.55,706.8045670369756,1530426.324567037,9
SMV2-0241,2024-08-09,2024-08-12,COSMOFIRST,172,975.4875,939.55,706.8045670369756,1530426.324567037,9
SMV2-0241,2024-08-09,2024-08-12,WELSPUNLIV,946,177.40866,178.27,706.8045670369756,1530426.324567037,9
SMV2-0242,2024-08-16,2024-08-19,TITAN,49,3437.918099999999,3464.85,33.2674230170669,1535662.747423017,9
SMV2-0242,2024-08-16,2024-08-19,KALYANKJIL,294,578.238975,549.55,33.2674230170669,1535662.747423017,9
SMV2-0242,2024-08-16,2024-08-19,GAIL,752,223.61175,238.93,33.2674230170669,1535662.747423017,9
SMV2-0242,2024-08-16,2024-08-19,MGL,98,1701.100125,1840.85,33.2674230170669,1535662.747423017,9
SMV2-0242,2024-08-16,2024-08-19,GOLDIAM,576,237.548715,235.07,33.2674230170669,1535662.747423017,9
SMV2-0242,2024-08-16,2024-08-19,HUHTAMAKI,386,434.217,439.45,33.2674230170669,1535662.747423017,9
SMV2-0242,2024-08-16,2024-08-19,AGI,223,751.3755,881.15,33.2674230170669,1535662.747423017,9
SMV2-0242,2024-08-16,2024-08-19,REFEX,668,212.116005,274.5,33.2674230170669,1535662.747423017,9
SMV2-0242,2024-08-16,2024-08-19,COSMOFIRST,172,975.4875,926.25,33.2674230170669,1535662.747423017,9
SMV2-0243,2024-08-23,2024-08-26,SUNPHARMA,99,1780.89,1772.45,19633.25571661713,1593654.9357166172,9
SMV2-0243,2024-08-23,2024-08-26,DIVISLAB,36,4862.429999999999,4926.25,19633.25571661713,1593654.9357166172,9
SMV2-0243,2024-08-23,2024-08-26,TITAN,49,3437.918099999999,3630.2,19633.25571661713,1593654.9357166172,9
SMV2-0243,2024-08-23,2024-08-26,LUPIN,84,2101.05,2116.2,19633.25571661713,1593654.9357166172,9
SMV2-0243,2024-08-23,2024-08-26,KALYANKJIL,294,578.238975,616.75,19633.25571661713,1593654.9357166172,9
SMV2-0243,2024-08-23,2024-08-26,GOLDIAM,576,237.548715,271.08,19633.25571661713,1593654.9357166172,9
SMV2-0243,2024-08-23,2024-08-26,HUHTAMAKI,386,434.217,427.05,19633.25571661713,1593654.9357166172,9
SMV2-0243,2024-08-23,2024-08-26,AGI,223,751.3755,952.75,19633.25571661713,1593654.9357166172,9
SMV2-0243,2024-08-23,2024-08-26,COSMOFIRST,172,975.4875,876.7,19633.25571661713,1593654.9357166172,9
SMV2-0244,2024-08-30,2024-09-02,AVANTIFEED,265,680.9403,670.9,191.9426035172073,1616766.942603517,9
SMV2-0244,2024-08-30,2024-09-02,SUNPHARMA,99,1780.89,1815.95,191.9426035172073,1616766.942603517,9
SMV2-0244,2024-08-30,2024-09-02,TATACONSUM,150,1200.6,1199.7,191.9426035172073,1616766.942603517,9
SMV2-0244,2024-08-30,2024-09-02,DIVISLAB,36,4862.429999999999,5036.85,191.9426035172073,1616766.942603517,9
SMV2-0244,2024-08-30,2024-09-02,TITAN,49,3437.918099999999,3587.55,191.9426035172073,1616766.942603517,9
SMV2-0244,2024-08-30,2024-09-02,LUPIN,84,2101.05,2232.75,191.9426035172073,1616766.942603517,9
SMV2-0244,2024-08-30,2024-09-02,KALYANKJIL,294,578.238975,639.85,191.9426035172073,1616766.942603517,9
SMV2-0244,2024-08-30,2024-09-02,GOLDIAM,576,237.548715,313.95,191.9426035172073,1616766.942603517,9
SMV2-0244,2024-08-30,2024-09-02,PATANJALI,84,1949.9244750000005,1969.45,191.9426035172073,1616766.942603517,9
SMV2-0245,2024-09-06,2024-09-09,SUNPHARMA,99,1780.89,1821.85,299.3685512673401,1629360.9185512674,9
SMV2-0245,2024-09-06,2024-09-09,TITAN,49,3437.918099999999,3684.55,299.3685512673401,1629360.9185512674,9
SMV2-0245,2024-09-06,2024-09-09,LUPIN,84,2101.05,2216.8,299.3685512673401,1629360.9185512674,9
SMV2-0245,2024-09-06,2024-09-09,RADICO,89,2009.90445,1977.6,299.3685512673401,1629360.9185512674,9
SMV2-0245,2024-09-06,2024-09-09,KALYANKJIL,294,578.238975,642.6,299.3685512673401,1629360.9185512674,9
SMV2-0245,2024-09-06,2024-09-09,GOLDIAM,576,237.548715,345.5,299.3685512673401,1629360.9185512674,9
SMV2-0245,2024-09-06,2024-09-09,ZYDUSLIFE,163,1100.55,1104.15,299.3685512673401,1629360.9185512674,9
SMV2-0245,2024-09-06,2024-09-09,UNITDSPR,123,1464.381825,1504.05,299.3685512673401,1629360.9185512674,9
SMV2-0245,2024-09-06,2024-09-09,TI,509,301.05045,300.65,299.3685512673401,1629360.9185512674,9
SMV2-0246,2024-09-13,2024-09-16,SUNPHARMA,99,1780.89,1862.95,19.317347517353483,1698121.2673475174,9
SMV2-0246,2024-09-13,2024-09-16,TITAN,49,3437.918099999999,3740.65,19.317347517353483,1698121.2673475174,9
SMV2-0246,2024-09-13,2024-09-16,RADICO,89,2009.90445,2123.65,19.317347517353483,1698121.2673475174,9
SMV2-0246,2024-09-13,2024-09-16,KALYANKJIL,294,578.238975,699.95,19.317347517353483,1698121.2673475174,9
SMV2-0246,2024-09-13,2024-09-16,GOLDIAM,576,237.548715,373.85,19.317347517353483,1698121.2673475174,9
SMV2-0246,2024-09-13,2024-09-16,ZYDUSLIFE,163,1100.55,1115.85,19.317347517353483,1698121.2673475174,9
SMV2-0246,2024-09-13,2024-09-16,UNITDSPR,123,1464.381825,1547.25,19.317347517353483,1698121.2673475174,9
SMV2-0246,2024-09-13,2024-09-16,TI,509,301.05045,317.75,19.317347517353483,1698121.2673475174,9
SMV2-0246,2024-09-13,2024-09-16,MOREPENLAB,2025,93.836895,92.01,19.317347517353483,1698121.2673475174,9
SMV2-0247,2024-09-20,2024-09-23,SUNPHARMA,99,1780.89,1862.7,234.02556536736665,1719775.3255653677,9
SMV2-0247,2024-09-20,2024-09-23,TITAN,49,3437.918099999999,3820.1,234.02556536736665,1719775.3255653677,9
SMV2-0247,2024-09-20,2024-09-23,RADICO,89,2009.90445,2147.55,234.02556536736665,1719775.3255653677,9
SMV2-0247,2024-09-20,2024-09-23,KALYANKJIL,294,578.238975,768.65,234.02556536736665,1719775.3255653677,9
SMV2-0247,2024-09-20,2024-09-23,GOLDIAM,576,237.548715,379.2,234.02556536736665,1719775.3255653677,9
SMV2-0247,2024-09-20,2024-09-23,ZYDUSLIFE,163,1100.55,1055.25,234.02556536736665,1719775.3255653677,9
SMV2-0247,2024-09-20,2024-09-23,UNITDSPR,123,1464.381825,1628.25,234.02556536736665,1719775.3255653677,9
SMV2-0247,2024-09-20,2024-09-23,TI,509,301.05045,312.75,234.02556536736665,1719775.3255653677,9
SMV2-0247,2024-09-20,2024-09-23,GRANULES,323,542.321025,560.2,234.02556536736665,1719775.3255653677,9
SMV2-0248,2024-09-27,2024-09-30,TITAN,49,3437.918099999999,3823.95,477.92516971749137,1680758.0651697177,9
SMV2-0248,2024-09-27,2024-09-30,RADICO,89,2009.90445,2045.45,477.92516971749137,1680758.0651697177,9
SMV2-0248,2024-09-27,2024-09-30,KALYANKJIL,294,578.238975,730.25,477.92516971749137,1680758.0651697177,9
SMV2-0248,2024-09-27,2024-09-30,GAIL,796,234.117,240.29,477.92516971749137,1680758.0651697177,9
SMV2-0248,2024-09-27,2024-09-30,MGL,96,1930.965,1940.4,477.92516971749137,1680758.0651697177,9
SMV2-0248,2024-09-27,2024-09-30,GOLDIAM,576,237.548715,346.35,477.92516971749137,1680758.0651697177,9
SMV2-0248,2024-09-27,2024-09-30,REFEX,234,582.2909999999999,562.7,477.92516971749137,1680758.0651697177,9
SMV2-0248,2024-09-27,2024-09-30,UNITDSPR,123,1464.381825,1589.9,477.92516971749137,1680758.0651697177,9
SMV2-0248,2024-09-27,2024-09-30,TI,639,299.0964218309859,300.3,477.92516971749137,1680758.0651697177,9
SMV2-0249,2024-10-04,2024-10-07,TITAN,49,3437.918099999999,3589.25,1841.2149126675504,1574034.9549126676,9
SMV2-0249,2024-10-04,2024-10-07,KALYANKJIL,294,578.238975,702.2,1841.2149126675504,1574034.9549126676,9
SMV2-0249,2024-10-04,2024-10-07,GAIL,796,234.117,223.94,1841.2149126675504,1574034.9549126676,9
SMV2-0249,2024-10-04,2024-10-07,MGL,96,1930.965,1824.8,1841.2149126675504,1574034.9549126676,9
SMV2-0249,2024-10-04,2024-10-07,GOLDIAM,576,237.548715,310.2,1841.2149126675504,1574034.9549126676,9
SMV2-0249,2024-10-04,2024-10-07,TATAPOWER,391,468.1339499999999,441.3,1841.2149126675504,1574034.9549126676,9
SMV2-0249,2024-10-04,2024-10-07,REFEX,234,582.2909999999999,562.7,1841.2149126675504,1574034.9549126676,9
SMV2-0249,2024-10-04,2024-10-07,POWERGRID,538,340.17,328.95,1841.2149126675504,1574034.9549126676,9
SMV2-0249,2024-10-04,2024-10-07,NTPC,425,430.8153,415.45,1841.2149126675504,1574034.9549126676,9
SMV2-0250,2024-10-11,2024-10-14,VEDL,358,500.25,499.15,314.7121802675538,1629226.8121802676,9
SMV2-0250,2024-10-11,2024-10-14,TATASTEEL,1110,161.96094,158.32,314.7121802675538,1629226.8121802676,9
SMV2-0250,2024-10-11,2024-10-14,TITAN,49,3437.918099999999,3497.8,314.7121802675538,1629226.8121802676,9
SMV2-0250,2024-10-11,2024-10-14,KALYANKJIL,294,578.238975,750.8,314.7121802675538,1629226.8121802676,9
SMV2-0250,2024-10-11,2024-10-14,GOLDIAM,576,237.548715,367.35,314.7121802675538,1629226.8121802676,9
SMV2-0250,2024-10-11,2024-10-14,TATAPOWER,391,468.1339499999999,462.3,314.7121802675538,1629226.8121802676,9
SMV2-0250,2024-10-11,2024-10-14,REFEX,234,582.2909999999999,562.7,314.7121802675538,1629226.8121802676,9
SMV2-0250,2024-10-11,2024-10-14,POWERGRID,538,340.17,330.7,314.7121802675538,1629226.8121802676,9
SMV2-0250,2024-10-11,2024-10-14,NTPC,425,430.8153,424.5,314.7121802675538,1629226.8121802676,9
SMV2-0251,2024-10-18,2024-10-21,VEDL,358,500.25,475.0,87046.14914621762,1624320.2991462175,9
SMV2-0251,2024-10-18,2024-10-21,TATASTEEL,1110,161.96094,155.03,87046.14914621762,1624320.2991462175,9
SMV2-0251,2024-10-18,2024-10-21,VOLTAS,95,1875.587325,1813.95,87046.14914621762,1624320.2991462175,9
SMV2-0251,2024-10-18,2024-10-21,DIXON,11,15477.735,15390.55,87046.14914621762,1624320.2991462175,9
SMV2-0251,2024-10-18,2024-10-21,AMBER,33,5422.81005,6344.45,87046.14914621762,1624320.2991462175,9
SMV2-0251,2024-10-18,2024-10-21,TITAN,49,3437.918099999999,3363.25,87046.14914621762,1624320.2991462175,9
SMV2-0251,2024-10-18,2024-10-21,KALYANKJIL,247,578.238975,704.05,87046.14914621762,1624320.2991462175,9
SMV2-0251,2024-10-18,2024-10-21,GOLDIAM,462,237.548715,376.15,87046.14914621762,1624320.2991462175,9
SMV2-0251,2024-10-18,2024-10-21,REFEX,234,582.2909999999999,562.7,87046.14914621762,1624320.2991462175,9
SMV2-0252,2024-10-25,2024-10-28,SUNPHARMA,92,1864.1316,1902.9,110095.08170011763,1567340.7317001177,9
SMV2-0252,2024-10-25,2024-10-28,DIVISLAB,29,5767.78245,5814.4,110095.08170011763,1567340.7317001177,9
SMV2-0252,2024-10-25,2024-10-28,VOLTAS,95,1875.587325,1762.25,110095.08170011763,1567340.7317001177,9
SMV2-0252,2024-10-25,2024-10-28,DIXON,11,15477.735,14236.55,110095.08170011763,1567340.7317001177,9
SMV2-0252,2024-10-25,2024-10-28,AMBER,27,5422.81005,6235.65,110095.08170011763,1567340.7317001177,9
SMV2-0252,2024-10-25,2024-10-28,TITAN,49,3437.918099999999,3283.05,110095.08170011763,1567340.7317001177,9
SMV2-0252,2024-10-25,2024-10-28,KALYANKJIL,247,578.238975,669.05,110095.08170011763,1567340.7317001177,9
SMV2-0252,2024-10-25,2024-10-28,GOLDIAM,462,237.548715,353.65,110095.08170011763,1567340.7317001177,9
SMV2-0252,2024-10-25,2024-10-28,REFEX,234,582.2909999999999,562.7,110095.08170011763,1567340.7317001177,9
SMV2-0253,2024-11-01,2024-11-04,SUNPHARMA,92,1864.1316,1808.9,71852.61480436771,1521744.0648043675,9
SMV2-0253,2024-11-01,2024-11-04,CIPLA,108,1584.792,1584.6,71852.61480436771,1521744.0648043675,9
SMV2-0253,2024-11-01,2024-11-04,DIVISLAB,29,5767.78245,5901.75,71852.61480436771,1521744.0648043675,9
SMV2-0253,2024-11-01,2024-11-04,TITAN,49,3437.918099999999,3222.0,71852.61480436771,1521744.0648043675,9
SMV2-0253,2024-11-01,2024-11-04,KALYANKJIL,247,578.238975,659.5,71852.61480436771,1521744.0648043675,9
SMV2-0253,2024-11-01,2024-11-04,GOLDIAM,462,237.548715,343.7,71852.61480436771,1521744.0648043675,9
SMV2-0253,2024-11-01,2024-11-04,REFEX,234,582.2909999999999,562.7,71852.61480436771,1521744.0648043675,9
SMV2-0253,2024-11-01,2024-11-04,INDIAMART,66,2576.137425,2462.9,71852.61480436771,1521744.0648043675,9
SMV2-0253,2024-11-01,2024-11-04,CDSL,110,1557.228225,1521.8,71852.61480436771,1521744.0648043675,9
SMV2-0254,2024-11-08,2024-11-11,SUNPHARMA,92,1864.1316,1794.6,37256.06624101763,1518652.2262410177,9
SMV2-0254,2024-11-08,2024-11-11,CIPLA,108,1584.792,1552.8,37256.06624101763,1518652.2262410177,9
SMV2-0254,2024-11-08,2024-11-11,DIVISLAB,29,5767.78245,5899.95,37256.06624101763,1518652.2262410177,9
SMV2-0254,2024-11-08,2024-11-11,RADICO,73,2307.303075,2289.7,37256.06624101763,1518652.2262410177,9
SMV2-0254,2024-11-08,2024-11-11,REFEX,234,582.2909999999999,562.7,37256.06624101763,1518652.2262410177,9
SMV2-0254,2024-11-08,2024-11-11,TITAGARH,147,1156.628025,1185.0,37256.06624101763,1518652.2262410177,9
SMV2-0254,2024-11-08,2024-11-11,TEXRAIL,781,218.109,211.41,37256.06624101763,1518652.2262410177,9
SMV2-0254,2024-11-08,2024-11-11,UNITDSPR,116,1458.7289999999998,1475.85,37256.06624101763,1518652.2262410177,9
SMV2-0254,2024-11-08,2024-11-11,GRINDWELL,79,2142.57075,2128.7,37256.06624101763,1518652.2262410177,9
SMV2-0255,2024-11-14,2024-11-18,SUNPHARMA,92,1864.1316,1747.75,41651.18016326762,1468738.5401632674,9
SMV2-0255,2024-11-14,2024-11-18,CIPLA,108,1584.792,1465.25,41651.18016326762,1468738.5401632674,9
SMV2-0255,2024-11-14,2024-11-18,TATACONSUM,176,930.2649,930.75,41651.18016326762,1468738.5401632674,9
SMV2-0255,2024-11-14,2024-11-18,DIVISLAB,29,5767.78245,5766.65,41651.18016326762,1468738.5401632674,9
SMV2-0255,2024-11-14,2024-11-18,REFEX,234,582.2909999999999,562.7,41651.18016326762,1468738.5401632674,9
SMV2-0255,2024-11-14,2024-11-18,TITAGARH,147,1156.628025,1098.55,41651.18016326762,1468738.5401632674,9
SMV2-0255,2024-11-14,2024-11-18,TEXRAIL,781,218.109,196.16,41651.18016326762,1468738.5401632674,9
SMV2-0255,2024-11-14,2024-11-18,PATANJALI,89,1840.92,1854.55,41651.18016326762,1468738.5401632674,9
SMV2-0255,2024-11-14,2024-11-18,GRINDWELL,79,2142.57075,2096.05,41651.18016326762,1468738.5401632674,9
SMV2-0256,2024-11-22,2024-11-25,SUNPHARMA,92,1864.1316,1798.9,41651.18016326762,1502076.9401632675,9
SMV2-0256,2024-11-22,2024-11-25,CIPLA,108,1584.792,1503.3,41651.18016326762,1502076.9401632675,9
SMV2-0256,2024-11-22,2024-11-25,TATACONSUM,176,930.2649,955.7,41651.18016326762,1502076.9401632675,9
SMV2-0256,2024-11-22,2024-11-25,DIVISLAB,29,5767.78245,6138.45,41651.18016326762,1502076.9401632675,9
SMV2-0256,2024-11-22,2024-11-25,REFEX,234,582.2909999999999,562.7,41651.18016326762,1502076.9401632675,9
SMV2-0256,2024-11-22,2024-11-25,TITAGARH,147,1156.628025,1179.75,41651.18016326762,1502076.9401632675,9
SMV2-0256,2024-11-22,2024-11-25,TEXRAIL,781,218.109,202.81,41651.18016326762,1502076.9401632675,9
SMV2-0256,2024-11-22,2024-11-25,PATANJALI,89,1840.92,1761.85,41651.18016326762,1502076.9401632675,9
SMV2-0256,2024-11-22,2024-11-25,GRINDWELL,79,2142.57075,2102.0,41651.18016326762,1502076.9401632675,9
SMV2-0257,2024-11-29,2024-12-02,PAGEIND,3,44772.375,45864.95,75044.33529321791,1523669.585293218,9
SMV2-0257,2024-11-29,2024-12-02,RAYMOND,101,1654.6268999999998,1624.7,75044.33529321791,1523669.585293218,9
SMV2-0257,2024-11-29,2024-12-02,HAL,37,4477.2375,4504.75,75044.33529321791,1523669.585293218,9
SMV2-0257,2024-11-29,2024-12-02,BEL,547,307.9539,306.9,75044.33529321791,1523669.585293218,9
SMV2-0257,2024-11-29,2024-12-02,REFEX,234,582.2909999999999,562.7,75044.33529321791,1523669.585293218,9
SMV2-0257,2024-11-29,2024-12-02,TITAGARH,147,1156.628025,1192.6,75044.33529321791,1523669.585293218,9
SMV2-0257,2024-11-29,2024-12-02,TEXRAIL,781,218.109,217.7,75044.33529321791,1523669.585293218,9
SMV2-0257,2024-11-29,2024-12-02,GRINDWELL,79,2142.57075,2105.6,75044.33529321791,1523669.585293218,9
SMV2-0257,2024-11-29,2024-12-02,KITEX,227,742.1709,744.65,75044.33529321791,1523669.585293218,9
SMV2-0258,2024-12-06,2024-12-09,PAGEIND,3,44772.375,46121.0,72223.46167661791,1551442.711676618,9
SMV2-0258,2024-12-06,2024-12-09,RAYMOND,101,1654.6268999999998,1612.15,72223.46167661791,1551442.711676618,9
SMV2-0258,2024-12-06,2024-12-09,ZEEL,1190,143.55174,141.29,72223.46167661791,1551442.711676618,9
SMV2-0258,2024-12-06,2024-12-09,REFEX,234,582.2909999999999,562.7,72223.46167661791,1551442.711676618,9
SMV2-0258,2024-12-06,2024-12-09,TITAGARH,147,1156.628025,1213.85,72223.46167661791,1551442.711676618,9
SMV2-0258,2024-12-06,2024-12-09,TEXRAIL,781,218.109,226.35,72223.46167661791,1551442.711676618,9
SMV2-0258,2024-12-06,2024-12-09,GRINDWELL,79,2142.57075,2161.85,72223.46167661791,1551442.711676618,9
SMV2-0258,2024-12-06,2024-12-09,KITEX,227,742.1709,744.65,72223.46167661791,1551442.711676618,9
SMV2-0258,2024-12-06,2024-12-09,HIMATSEIDE,869,196.4982,210.8,72223.46167661791,1551442.711676618,9
SMV2-0259,2024-12-13,2024-12-16,PAGEIND,3,44772.375,49236.9,65191.798298068,1614218.9882980678,9
SMV2-0259,2024-12-13,2024-12-16,RAYMOND,101,1654.6268999999998,1785.0,65191.798298068,1614218.9882980678,9
SMV2-0259,2024-12-13,2024-12-16,BHARTIARTL,105,1682.590875,1662.55,65191.798298068,1614218.9882980678,9
SMV2-0259,2024-12-13,2024-12-16,ITI,492,360.18,373.0,65191.798298068,1614218.9882980678,9
SMV2-0259,2024-12-13,2024-12-16,INDUSTOWER,504,351.1755,353.0,65191.798298068,1614218.9882980678,9
SMV2-0259,2024-12-13,2024-12-16,REFEX,234,582.2909999999999,562.7,65191.798298068,1614218.9882980678,9
SMV2-0259,2024-12-13,2024-12-16,KITEX,227,742.1709,744.65,65191.798298068,1614218.9882980678,9
SMV2-0259,2024-12-13,2024-12-16,HIMATSEIDE,869,196.4982,227.31,65191.798298068,1614218.9882980678,9
SMV2-0259,2024-12-13,2024-12-16,PREMIERENE,136,1300.3998749999998,1373.5,65191.798298068,1614218.9882980678,9
SMV2-0260,2024-12-20,2024-12-23,PAGEIND,3,44772.375,48610.3,60613.71736658813,1538734.3573665882,9
SMV2-0260,2024-12-20,2024-12-23,RAYMOND,101,1654.6268999999998,1782.4,60613.71736658813,1538734.3573665882,9
SMV2-0260,2024-12-20,2024-12-23,JKPAPER,388,444.171975,430.2,60613.71736658813,1538734.3573665882,9
SMV2-0260,2024-12-20,2024-12-23,TRIDENT,5025,34.367175,33.56,60613.71736658813,1538734.3573665882,9
SMV2-0260,2024-12-20,2024-12-23,TNPL,827,208.754325,202.86,60613.71736658813,1538734.3573665882,9
SMV2-0260,2024-12-20,2024-12-23,REFEX,234,582.2909999999999,562.7,60613.71736658813,1538734.3573665882,9
SMV2-0260,2024-12-20,2024-12-23,KITEX,227,742.1709,744.65,60613.71736658813,1538734.3573665882,9
SMV2-0260,2024-12-20,2024-12-23,PREMIERENE,136,1300.3998749999998,1321.65,60613.71736658813,1538734.3573665882,9
SMV2-0260,2024-12-20,2024-12-23,PDMJEPAPER,797,216.5082,211.41,60613.71736658813,1538734.3573665882,9
SMV2-0261,2024-12-27,2024-12-30,PAGEIND,3,44772.375,47005.3,60613.71736658813,1482054.767366588,9
SMV2-0261,2024-12-27,2024-12-30,RAYMOND,101,1654.6268999999998,1680.15,60613.71736658813,1482054.767366588,9
SMV2-0261,2024-12-27,2024-12-30,JKPAPER,388,444.171975,404.55,60613.71736658813,1482054.767366588,9
SMV2-0261,2024-12-27,2024-12-30,TRIDENT,5025,34.367175,32.87,60613.71736658813,1482054.767366588,9
SMV2-0261,2024-12-27,2024-12-30,TNPL,827,208.754325,189.06,60613.71736658813,1482054.767366588,9
SMV2-0261,2024-12-27,2024-12-30,REFEX,234,582.2909999999999,562.7,60613.71736658813,1482054.767366588,9
SMV2-0261,2024-12-27,2024-12-30,KITEX,227,742.1709,744.65,60613.71736658813,1482054.767366588,9
SMV2-0261,2024-12-27,2024-12-30,PREMIERENE,136,1300.3998749999998,1334.6,60613.71736658813,1482054.767366588,9
SMV2-0261,2024-12-27,2024-12-30,PDMJEPAPER,797,216.5082,188.24,60613.71736658813,1482054.767366588,9
SMV2-0262,2025-01-03,2025-01-06,PAGEIND,3,44772.375,47999.9,2867.936720588157,1445084.9867205883,9
SMV2-0262,2025-01-03,2025-01-06,RAYMOND,101,1654.6268999999998,1701.85,2867.936720588157,1445084.9867205883,9
SMV2-0262,2025-01-03,2025-01-06,RADICO,64,2587.343025,2514.95,2867.936720588157,1445084.9867205883,9
SMV2-0262,2025-01-03,2025-01-06,TRIDENT,5025,34.367175,32.58,2867.936720588157,1445084.9867205883,9
SMV2-0262,2025-01-03,2025-01-06,UNITDSPR,99,1665.8325000000002,1641.15,2867.936720588157,1445084.9867205883,9
SMV2-0262,2025-01-03,2025-01-06,TI,366,453.72675,419.3,2867.936720588157,1445084.9867205883,9
SMV2-0262,2025-01-03,2025-01-06,KITEX,227,742.1709,744.65,2867.936720588157,1445084.9867205883,9
SMV2-0262,2025-01-03,2025-01-06,PREMIERENE,136,1300.3998749999998,1274.75,2867.936720588157,1445084.9867205883,9
SMV2-0262,2025-01-03,2025-01-06,KAYNES,20,7551.023625,7166.0,2867.936720588157,1445084.9867205883,9
SMV2-0263,2025-01-10,2025-01-13,SUNPHARMA,83,1785.4923,1746.9,105.79745460816775,1325357.927454608,9
SMV2-0263,2025-01-10,2025-01-13,CIPLA,102,1460.73,1439.2,105.79745460816775,1325357.927454608,9
SMV2-0263,2025-01-10,2025-01-13,LUPIN,69,2160.0795,2154.45,105.79745460816775,1325357.927454608,9
SMV2-0263,2025-01-10,2025-01-13,RADICO,64,2587.343025,2160.9,105.79745460816775,1325357.927454608,9
SMV2-0263,2025-01-10,2025-01-13,RELIANCE,121,1230.615,1239.85,105.79745460816775,1325357.927454608,9
SMV2-0263,2025-01-10,2025-01-13,ONGC,541,266.163015,255.73,105.79745460816775,1325357.927454608,9
SMV2-0263,2025-01-10,2025-01-13,UNITDSPR,99,1665.8325000000002,1483.55,105.79745460816775,1325357.927454608,9
SMV2-0263,2025-01-10,2025-01-13,TI,366,453.72675,388.6,105.79745460816775,1325357.927454608,9
SMV2-0263,2025-01-10,2025-01-13,KITEX,227,742.1709,744.65,105.79745460816775,1325357.927454608,9
SMV2-0264,2025-01-17,2025-01-20,HDFCLIFE,233,642.3209999999999,634.05,221.89270070834027,1347149.2027007083,9
SMV2-0264,2025-01-17,2025-01-20,SBILIFE,83,1548.5739,1499.7,221.89270070834027,1347149.2027007083,9
SMV2-0264,2025-01-17,2025-01-20,RELIANCE,121,1230.615,1305.45,221.89270070834027,1347149.2027007083,9
SMV2-0264,2025-01-17,2025-01-20,ONGC,541,266.163015,269.36,221.89270070834027,1347149.2027007083,9
SMV2-0264,2025-01-17,2025-01-20,HAL,36,4135.56675,4187.5,221.89270070834027,1347149.2027007083,9
SMV2-0264,2025-01-17,2025-01-20,BEL,528,283.3416,285.8,221.89270070834027,1347149.2027007083,9
SMV2-0264,2025-01-17,2025-01-20,INDIGO,36,4119.0585,4114.3,221.89270070834027,1347149.2027007083,9
SMV2-0264,2025-01-17,2025-01-20,POLICYBZR,87,1715.2572,1749.8,221.89270070834027,1347149.2027007083,9
SMV2-0264,2025-01-17,2025-01-20,KITEX,227,742.1709,744.65,221.89270070834027,1347149.2027007083,9
SMV2-0265,2025-01-24,2025-01-27,HDFCBANK,87,1641.9205499999998,1629.8,42.15567512858252,1278934.8956751286,9
SMV2-0265,2025-01-24,2025-01-27,AXISBANK,127,943.57155,948.1,42.15567512858252,1278934.8956751286,9
SMV2-0265,2025-01-24,2025-01-27,ADANIENT,62,2311.205025,2259.7,42.15567512858252,1278934.8956751286,9
SMV2-0265,2025-01-24,2025-01-27,MMTC,2088,68.6343,66.71,42.15567512858252,1278934.8956751286,9
SMV2-0265,2025-01-24,2025-01-27,ITC,325,441.0204,440.1,42.15567512858252,1278934.8956751286,9
SMV2-0265,2025-01-24,2025-01-27,GRASIM,57,2476.73775,2458.05,42.15567512858252,1278934.8956751286,9
SMV2-0265,2025-01-24,2025-01-27,SRF,55,2576.2875,2570.4,42.15567512858252,1278934.8956751286,9
SMV2-0265,2025-01-24,2025-01-27,REDINGTON,641,223.39164,224.26,42.15567512858252,1278934.8956751286,9
SMV2-0265,2025-01-24,2025-01-27,KITEX,227,742.1709,744.65,42.15567512858252,1278934.8956751286,9
SMV2-0266,2025-01-31,2025-02-03,TATACONSUM,134,1067.8836749999998,1036.3,667.1921418086567,1295412.042141809,9
SMV2-0266,2025-01-31,2025-02-03,HDFCBANK,87,1641.9205499999998,1678.0,667.1921418086567,1295412.042141809,9
SMV2-0266,2025-01-31,2025-02-03,AXISBANK,127,943.57155,989.4,667.1921418086567,1295412.042141809,9
SMV2-0266,2025-01-31,2025-02-03,ICICIBANK,115,1247.473425,1253.0,667.1921418086567,1295412.042141809,9
SMV2-0266,2025-01-31,2025-02-03,ITC,325,441.0204,454.35,667.1921418086567,1295412.042141809,9
SMV2-0266,2025-01-31,2025-02-03,GRASIM,57,2476.73775,2473.65,667.1921418086567,1295412.042141809,9
SMV2-0266,2025-01-31,2025-02-03,SRF,55,2576.2875,2942.7,667.1921418086567,1295412.042141809,9
SMV2-0266,2025-01-31,2025-02-03,PATANJALI,67,1800.6498749999998,1800.0,667.1921418086567,1295412.042141809,9
SMV2-0266,2025-01-31,2025-02-03,KITEX,227,742.1709,744.65,667.1921418086567,1295412.042141809,9
SMV2-0267,2025-02-07,2025-02-10,TATACONSUM,134,1067.8836749999998,1027.5,667.1921418086567,1291301.0921418085,9
SMV2-0267,2025-02-07,2025-02-10,HDFCBANK,87,1641.9205499999998,1715.75,667.1921418086567,1291301.0921418085,9
SMV2-0267,2025-02-07,2025-02-10,AXISBANK,127,943.57155,1011.75,667.1921418086567,1291301.0921418085,9
SMV2-0267,2025-02-07,2025-02-10,ICICIBANK,115,1247.473425,1262.6,667.1921418086567,1291301.0921418085,9
SMV2-0267,2025-02-07,2025-02-10,ITC,325,441.0204,427.2,667.1921418086567,1291301.0921418085,9
SMV2-0267,2025-02-07,2025-02-10,GRASIM,57,2476.73775,2473.25,667.1921418086567,1291301.0921418085,9
SMV2-0267,2025-02-07,2025-02-10,SRF,55,2576.2875,2856.05,667.1921418086567,1291301.0921418085,9
SMV2-0267,2025-02-07,2025-02-10,PATANJALI,67,1800.6498749999998,1851.55,667.1921418086567,1291301.0921418085,9
SMV2-0267,2025-02-07,2025-02-10,KITEX,227,742.1709,744.65,667.1921418086567,1291301.0921418085,9
SMV2-0268,2025-02-14,2025-02-17,TATACONSUM,134,1067.8836749999998,1023.25,9782.213093908707,1295338.5130939088,9
SMV2-0268,2025-02-14,2025-02-17,HDFCBANK,87,1641.9205499999998,1717.35,9782.213093908707,1295338.5130939088,9
SMV2-0268,2025-02-14,2025-02-17,AXISBANK,127,943.57155,992.95,9782.213093908707,1295338.5130939088,9
SMV2-0268,2025-02-14,2025-02-17,ICICIBANK,115,1247.473425,1251.15,9782.213093908707,1295338.5130939088,9
SMV2-0268,2025-02-14,2025-02-17,HINDUNILVR,60,2319.509175,2329.4,9782.213093908707,1295338.5130939088,9
SMV2-0268,2025-02-14,2025-02-17,BRITANNIA,28,4936.96725,4963.7,9782.213093908707,1295338.5130939088,9
SMV2-0268,2025-02-14,2025-02-17,PATANJALI,67,1800.6498749999998,1781.9,9782.213093908707,1295338.5130939088,9
SMV2-0268,2025-02-14,2025-02-17,KITEX,227,742.1709,744.65,9782.213093908707,1295338.5130939088,9
SMV2-0268,2025-02-14,2025-02-17,GODFRYPHLP,23,5852.925,7038.0,9782.213093908707,1295338.5130939088,9
SMV2-0269,2025-02-21,2025-02-24,HDFCBANK,87,1641.9205499999998,1677.1,310.90617440867936,1246324.7561744086,9
SMV2-0269,2025-02-21,2025-02-24,AXISBANK,127,943.57155,1010.05,310.90617440867936,1246324.7561744086,9
SMV2-0269,2025-02-21,2025-02-24,ICICIBANK,115,1247.473425,1218.35,310.90617440867936,1246324.7561744086,9
SMV2-0269,2025-02-21,2025-02-24,HINDUNILVR,60,2319.509175,2241.45,310.90617440867936,1246324.7561744086,9
SMV2-0269,2025-02-21,2025-02-24,BRITANNIA,28,4936.96725,4804.3,310.90617440867936,1246324.7561744086,9
SMV2-0269,2025-02-21,2025-02-24,NTPC,396,322.26105,320.1,310.90617440867936,1246324.7561744086,9
SMV2-0269,2025-02-21,2025-02-24,KITEX,227,742.1709,744.65,310.90617440867936,1246324.7561744086,9
SMV2-0269,2025-02-21,2025-02-24,GODFRYPHLP,23,5852.925,5586.1,310.90617440867936,1246324.7561744086,9
SMV2-0269,2025-02-21,2025-02-24,WAAREEENER,62,2209.053975,2232.85,310.90617440867936,1246324.7561744086,9
SMV2-0270,2025-02-28,2025-03-03,INDHOTEL,189,716.8582499999999,726.75,164.80056730873184,1213984.4505673086,9
SMV2-0270,2025-02-28,2025-03-03,HDFCBANK,87,1641.9205499999998,1701.55,164.80056730873184,1213984.4505673086,9
SMV2-0270,2025-02-28,2025-03-03,AXISBANK,127,943.57155,1007.25,164.80056730873184,1213984.4505673086,9
SMV2-0270,2025-02-28,2025-03-03,ICICIBANK,115,1247.473425,1206.2,164.80056730873184,1213984.4505673086,9
SMV2-0270,2025-02-28,2025-03-03,BLS,354,344.27205,328.1,164.80056730873184,1213984.4505673086,9
SMV2-0270,2025-02-28,2025-03-03,HINDUNILVR,60,2319.509175,2176.85,164.80056730873184,1213984.4505673086,9
SMV2-0270,2025-02-28,2025-03-03,BRITANNIA,28,4936.96725,4596.6,164.80056730873184,1213984.4505673086,9
SMV2-0270,2025-02-28,2025-03-03,KITEX,227,742.1709,744.65,164.80056730873184,1213984.4505673086,9
SMV2-0270,2025-02-28,2025-03-03,GODFRYPHLP,23,5852.925,5099.85,164.80056730873184,1213984.4505673086,9
SMV2-0271,2025-03-07,2025-03-10,VEDL,275,445.672725,437.4,91.89258195868751,1073992.752581959,9
SMV2-0271,2025-03-07,2025-03-10,TATASTEEL,810,151.63577999999998,151.05,91.89258195868751,1073992.752581959,9
SMV2-0271,2025-03-07,2025-03-10,HINDALCO,178,690.1448999999999,689.15,91.89258195868751,1073992.752581959,9
SMV2-0271,2025-03-07,2025-03-10,INDHOTEL,189,716.8582499999999,741.0,91.89258195868751,1073992.752581959,9
SMV2-0271,2025-03-07,2025-03-10,LEMONTREE,813,130.815375,127.07,91.89258195868751,1073992.752581959,9
SMV2-0271,2025-03-07,2025-03-10,BLS,354,344.27205,330.55,91.89258195868751,1073992.752581959,9
SMV2-0271,2025-03-07,2025-03-10,AGI,171,715.3575,681.5,91.89258195868751,1073992.752581959,9
SMV2-0271,2025-03-07,2025-03-10,TCPLPACK,26,4670.83425,4461.9,91.89258195868751,1073992.752581959,9
SMV2-0271,2025-03-07,2025-03-10,COSMOFIRST,191,641.4205499999999,605.65,91.89258195868751,1073992.752581959,9
SMV2-0272,2025-03-13,2025-03-17,VEDL,275,445.672725,446.95,15929.355345608725,1082959.1653456087,9
SMV2-0272,2025-03-13,2025-03-17,TATASTEEL,810,151.63577999999998,151.81,15929.355345608725,1082959.1653456087,9
SMV2-0272,2025-03-13,2025-03-17,HINDALCO,178,690.1448999999999,680.75,15929.355345608725,1082959.1653456087,9
SMV2-0272,2025-03-13,2025-03-17,INDHOTEL,158,716.8582499999999,753.3,15929.355345608725,1082959.1653456087,9
SMV2-0272,2025-03-13,2025-03-17,VOLTAS,84,1405.152225,1458.45,15929.355345608725,1082959.1653456087,9
SMV2-0272,2025-03-13,2025-03-17,DIXON,9,13151.422425,13098.2,15929.355345608725,1082959.1653456087,9
SMV2-0272,2025-03-13,2025-03-17,AMBER,18,6400.09845,6489.7,15929.355345608725,1082959.1653456087,9
SMV2-0272,2025-03-13,2025-03-17,LEMONTREE,813,130.815375,128.52,15929.355345608725,1082959.1653456087,9
SMV2-0272,2025-03-13,2025-03-17,BLS,354,344.27205,336.9,15929.355345608725,1082959.1653456087,9
SMV2-0273,2025-03-21,2025-03-24,VEDL,275,445.672725,472.25,6422.601475508738,1171863.111475509,9
SMV2-0273,2025-03-21,2025-03-24,TATASTEEL,810,151.63577999999998,158.42,6422.601475508738,1171863.111475509,9
SMV2-0273,2025-03-21,2025-03-24,HINDALCO,178,690.1448999999999,701.5,6422.601475508738,1171863.111475509,9
SMV2-0273,2025-03-21,2025-03-24,INDHOTEL,158,716.8582499999999,842.1,6422.601475508738,1171863.111475509,9
SMV2-0273,2025-03-21,2025-03-24,LEMONTREE,813,130.815375,138.87,6422.601475508738,1171863.111475509,9
SMV2-0273,2025-03-21,2025-03-24,HAL,32,3954.9765,4129.8,6422.601475508738,1171863.111475509,9
SMV2-0273,2025-03-21,2025-03-24,BEL,432,297.04844999999995,302.1,6422.601475508738,1171863.111475509,9
SMV2-0273,2025-03-21,2025-03-24,INDIGO,25,5057.82765,4970.35,6422.601475508738,1171863.111475509,9
SMV2-0273,2025-03-21,2025-03-24,BLS,354,344.27205,422.35,6422.601475508738,1171863.111475509,9
SMV2-0274,2025-03-28,2025-04-01,RELIANCE,100,1265.2323,1252.6,55.36793115873297,1131663.6779311588,9
SMV2-0274,2025-03-28,2025-04-01,BPCL,460,275.1375,284.6,55.36793115873297,1131663.6779311588,9
SMV2-0274,2025-03-28,2025-04-01,ONGC,438,247.1235,248.07,55.36793115873297,1131663.6779311588,9
SMV2-0274,2025-03-28,2025-04-01,HAL,32,3954.9765,4223.7,55.36793115873297,1131663.6779311588,9
SMV2-0274,2025-03-28,2025-04-01,BEL,432,297.04844999999995,292.0,55.36793115873297,1131663.6779311588,9
SMV2-0274,2025-03-28,2025-04-01,INDIGO,25,5057.82765,5028.0,55.36793115873297,1131663.6779311588,9
SMV2-0274,2025-03-28,2025-04-01,POWERGRID,437,289.7448,289.3,55.36793115873297,1131663.6779311588,9
SMV2-0274,2025-03-28,2025-04-01,NTPC,359,352.526175,352.15,55.36793115873297,1131663.6779311588,9
SMV2-0274,2025-03-28,2025-04-01,IREDA,790,160.4802,160.67,55.36793115873297,1131663.6779311588,9
SMV2-0275,2025-04-04,2025-04-07,RELIANCE,100,1265.2323,1165.7,55.36793115873297,1079574.3879311588,9
SMV2-0275,2025-04-04,2025-04-07,BPCL,460,275.1375,273.7,55.36793115873297,1079574.3879311588,9
SMV2-0275,2025-04-04,2025-04-07,ONGC,438,247.1235,219.84,55.36793115873297,1079574.3879311588,9
SMV2-0275,2025-04-04,2025-04-07,HAL,32,3954.9765,4008.2,55.36793115873297,1079574.3879311588,9
SMV2-0275,2025-04-04,2025-04-07,BEL,432,297.04844999999995,272.1,55.36793115873297,1079574.3879311588,9
SMV2-0275,2025-04-04,2025-04-07,INDIGO,25,5057.82765,4988.7,55.36793115873297,1079574.3879311588,9
SMV2-0275,2025-04-04,2025-04-07,POWERGRID,437,289.7448,289.4,55.36793115873297,1079574.3879311588,9
SMV2-0275,2025-04-04,2025-04-07,NTPC,359,352.526175,349.8,55.36793115873297,1079574.3879311588,9
SMV2-0275,2025-04-04,2025-04-07,IREDA,790,160.4802,149.6,55.36793115873297,1079574.3879311588,9
SMV2-0276,2025-04-11,2025-04-15,AVANTIFEED,155,818.409,851.55,955.4553950587724,1156115.155395059,9
SMV2-0276,2025-04-11,2025-04-15,TATACONSUM,115,1108.85415,1103.4,955.4553950587724,1156115.155395059,9
SMV2-0276,2025-04-11,2025-04-15,HAL,32,3954.9765,4206.1,955.4553950587724,1156115.155395059,9
SMV2-0276,2025-04-11,2025-04-15,BEL,432,297.04844999999995,293.7,955.4553950587724,1156115.155395059,9
SMV2-0276,2025-04-11,2025-04-15,INDIGO,25,5057.82765,5256.0,955.4553950587724,1156115.155395059,9
SMV2-0276,2025-04-11,2025-04-15,POWERGRID,437,289.7448,304.55,955.4553950587724,1156115.155395059,9
SMV2-0276,2025-04-11,2025-04-15,NTPC,359,352.526175,362.5,955.4553950587724,1156115.155395059,9
SMV2-0276,2025-04-11,2025-04-15,IREDA,790,160.4802,166.98,955.4553950587724,1156115.155395059,9
SMV2-0276,2025-04-11,2025-04-15,PATANJALI,56,1914.5568,1933.3,955.4553950587724,1156115.155395059,9
SMV2-0277,2025-04-17,2025-04-21,LT,40,3251.12475,3280.5,2.379328258815804,1191980.0293282587,9
SMV2-0277,2025-04-17,2025-04-21,ADANIPORTS,92,1260.0297,1243.1,2.379328258815804,1191980.0293282587,9
SMV2-0277,2025-04-17,2025-04-21,HAL,32,3954.9765,4309.1,2.379328258815804,1191980.0293282587,9
SMV2-0277,2025-04-17,2025-04-21,BEL,432,297.04844999999995,299.95,2.379328258815804,1191980.0293282587,9
SMV2-0277,2025-04-17,2025-04-21,INDIGO,25,5057.82765,5496.5,2.379328258815804,1191980.0293282587,9
SMV2-0277,2025-04-17,2025-04-21,RVNL,352,372.186,375.05,2.379328258815804,1191980.0293282587,9
SMV2-0277,2025-04-17,2025-04-21,POWERGRID,437,289.7448,320.0,2.379328258815804,1191980.0293282587,9
SMV2-0277,2025-04-17,2025-04-21,NTPC,359,352.526175,364.55,2.379328258815804,1191980.0293282587,9
SMV2-0277,2025-04-17,2025-04-21,IREDA,790,160.4802,175.67,2.379328258815804,1191980.0293282587,9
SMV2-0278,2025-04-25,2025-04-28,HDFCBANK,66,1912.1556,1920.2,5382.610933658885,1148003.660933659,9
SMV2-0278,2025-04-25,2025-04-28,ICICIBANK,90,1406.3028,1428.8,5382.610933658885,1148003.660933659,9
SMV2-0278,2025-04-25,2025-04-28,ADANIENT,54,2347.173,2369.8,5382.610933658885,1148003.660933659,9
SMV2-0278,2025-04-25,2025-04-28,REDINGTON,520,245.1225,249.64,5382.610933658885,1148003.660933659,9
SMV2-0278,2025-04-25,2025-04-28,HINDUNILVR,54,2346.1725,2318.6,5382.610933658885,1148003.660933659,9
SMV2-0278,2025-04-25,2025-04-28,BRITANNIA,23,5415.706499999999,5428.8,5382.610933658885,1148003.660933659,9
SMV2-0278,2025-04-25,2025-04-28,GODREJCP,100,1267.73355,1265.9,5382.610933658885,1148003.660933659,9
SMV2-0278,2025-04-25,2025-04-28,INDUSINDBK,154,828.414,830.55,5382.610933658885,1148003.660933659,9
SMV2-0278,2025-04-25,2025-04-28,STYLEBAAZA,415,307.1535,301.09,5382.610933658885,1148003.660933659,9
SMV2-0279,2025-05-02,2025-05-05,HDFCBANK,66,1912.1556,1936.8,9507.533346008946,1156767.233346009,9
SMV2-0279,2025-05-02,2025-05-05,ICICIBANK,90,1406.3028,1429.4,9507.533346008946,1156767.233346009,9
SMV2-0279,2025-05-02,2025-05-05,HAL,28,4539.0684,4590.8,9507.533346008946,1156767.233346009,9
SMV2-0279,2025-05-02,2025-05-05,BEL,407,314.106975,315.3,9507.533346008946,1156767.233346009,9
SMV2-0279,2025-05-02,2025-05-05,INDIGO,23,5422.71,5531.5,9507.533346008946,1156767.233346009,9
SMV2-0279,2025-05-02,2025-05-05,HINDUNILVR,54,2346.1725,2348.6,9507.533346008946,1156767.233346009,9
SMV2-0279,2025-05-02,2025-05-05,BRITANNIA,23,5415.706499999999,5359.0,9507.533346008946,1156767.233346009,9
SMV2-0279,2025-05-02,2025-05-05,GODREJCP,100,1267.73355,1262.1,9507.533346008946,1156767.233346009,9
SMV2-0279,2025-05-02,2025-05-05,INDUSINDBK,154,828.414,846.75,9507.533346008946,1156767.233346009,9
SMV2-0280,2025-05-09,2025-05-12,HDFCLIFE,178,720.36,734.6,40060.61113860921,1150163.1311386093,9
SMV2-0280,2025-05-09,2025-05-12,SBILIFE,74,1725.8625,1751.5,40060.61113860921,1150163.1311386093,9
SMV2-0280,2025-05-09,2025-05-12,PAGEIND,2,45842.91,47050.0,40060.61113860921,1150163.1311386093,9
SMV2-0280,2025-05-09,2025-05-12,HAL,28,4539.0684,4439.7,40060.61113860921,1150163.1311386093,9
SMV2-0280,2025-05-09,2025-05-12,BEL,407,314.106975,322.8,40060.61113860921,1150163.1311386093,9
SMV2-0280,2025-05-09,2025-05-12,INDIGO,23,5422.71,5476.5,40060.61113860921,1150163.1311386093,9
SMV2-0280,2025-05-09,2025-05-12,POLICYBZR,77,1651.8255,1698.0,40060.61113860921,1150163.1311386093,9
SMV2-0280,2025-05-09,2025-05-12,WELSPUNLIV,846,152.076,150.62,40060.61113860921,1150163.1311386093,9
SMV2-0280,2025-05-09,2025-05-12,KPRMILL,98,1302.6509999999998,1181.75,40060.61113860921,1150163.1311386093,9
SMV2-0281,2025-05-16,2025-05-19,POLYCAB,21,6103.049999999999,6102.5,14.916720149296452,1177710.6867201494,9
SMV2-0281,2025-05-16,2025-05-19,ABB,22,5872.434749999999,5838.0,14.916720149296452,1177710.6867201494,9
SMV2-0281,2025-05-16,2025-05-19,JKPAPER,374,355.67775,353.35,14.916720149296452,1177710.6867201494,9
SMV2-0281,2025-05-16,2025-05-19,WSTCSTPAPR,274,484.74225,479.7,14.916720149296452,1177710.6867201494,9
SMV2-0281,2025-05-16,2025-05-19,ORIENTPPR,3794,31.205595,29.68,14.916720149296452,1177710.6867201494,9
SMV2-0281,2025-05-16,2025-05-19,HAL,28,4539.0684,5016.3,14.916720149296452,1177710.6867201494,9
SMV2-0281,2025-05-16,2025-05-19,BEL,407,314.106975,363.75,14.916720149296452,1177710.6867201494,9
SMV2-0281,2025-05-16,2025-05-19,INDIGO,23,5422.71,5574.5,14.916720149296452,1177710.6867201494,9
SMV2-0281,2025-05-16,2025-05-19,KAYNES,21,6303.15,6104.5,14.916720149296452,1177710.6867201494,9
SMV2-0282,2025-05-23,2025-05-26,POLYCAB,21,6103.049999999999,5949.5,26122.7098933493,1190095.0798933492,9
SMV2-0282,2025-05-23,2025-05-26,ABB,22,5872.434749999999,5996.5,26122.7098933493,1190095.0798933492,9
SMV2-0282,2025-05-23,2025-05-26,JKPAPER,374,355.67775,370.45,26122.7098933493,1190095.0798933492,9
SMV2-0282,2025-05-23,2025-05-26,WSTCSTPAPR,274,484.74225,498.2,26122.7098933493,1190095.0798933492,9
SMV2-0282,2025-05-23,2025-05-26,ORIENTPPR,3794,31.205595,29.38,26122.7098933493,1190095.0798933492,9
SMV2-0282,2025-05-23,2025-05-26,HAL,28,4539.0684,5003.2,26122.7098933493,1190095.0798933492,9
SMV2-0282,2025-05-23,2025-05-26,BEL,339,314.106975,384.55,26122.7098933493,1190095.0798933492,9
SMV2-0282,2025-05-23,2025-05-26,INDIGO,23,5422.71,5420.0,26122.7098933493,1190095.0798933492,9
SMV2-0282,2025-05-23,2025-05-26,KAYNES,21,6303.15,5975.0,26122.7098933493,1190095.0798933492,9
SMV2-0283,2025-05-30,2025-06-02,POLYCAB,21,6103.049999999999,5926.5,9856.124542349353,1180642.9245423493,9
SMV2-0283,2025-05-30,2025-06-02,ABB,22,5872.434749999999,5974.5,9856.124542349353,1180642.9245423493,9
SMV2-0283,2025-05-30,2025-06-02,HAL,28,4539.0684,5017.1,9856.124542349353,1180642.9245423493,9
SMV2-0283,2025-05-30,2025-06-02,BEL,339,314.106975,387.5,9856.124542349353,1180642.9245423493,9
SMV2-0283,2025-05-30,2025-06-02,INDIGO,23,5422.71,5333.0,9856.124542349353,1180642.9245423493,9
SMV2-0283,2025-05-30,2025-06-02,UFLEX,212,614.307,624.6,9856.124542349353,1180642.9245423493,9
SMV2-0283,2025-05-30,2025-06-02,AGI,154,847.32345,848.95,9856.124542349353,1180642.9245423493,9
SMV2-0283,2025-05-30,2025-06-02,COSMOFIRST,109,1190.49495,1238.5,9856.124542349353,1180642.9245423493,9
SMV2-0283,2025-05-30,2025-06-02,KAYNES,21,6303.15,5821.0,9856.124542349353,1180642.9245423493,9
SMV2-0284,2025-06-06,2025-06-09,BHARTIARTL,69,1874.937,1865.1,1854.2809773494228,1191320.4309773494,9
SMV2-0284,2025-06-06,2025-06-09,HAL,28,4539.0684,5008.6,1854.2809773494228,1191320.4309773494,9
SMV2-0284,2025-06-06,2025-06-09,BEL,339,314.106975,392.45,1854.2809773494228,1191320.4309773494,9
SMV2-0284,2025-06-06,2025-06-09,INDIGO,23,5422.71,5695.0,1854.2809773494228,1191320.4309773494,9
SMV2-0284,2025-06-06,2025-06-09,INDUSTOWER,334,391.1955,395.7,1854.2809773494228,1191320.4309773494,9
SMV2-0284,2025-06-06,2025-06-09,UFLEX,212,614.307,620.7,1854.2809773494228,1191320.4309773494,9
SMV2-0284,2025-06-06,2025-06-09,AGI,154,847.32345,867.35,1854.2809773494228,1191320.4309773494,9
SMV2-0284,2025-06-06,2025-06-09,RAILTEL,290,450.225,457.85,1854.2809773494228,1191320.4309773494,9
SMV2-0284,2025-06-06,2025-06-09,COSMOFIRST,109,1190.49495,1159.7,1854.2809773494228,1191320.4309773494,9
SMV2-0285,2025-06-13,2025-06-16,BHARTIARTL,69,1874.937,1861.3,12929.327680319477,1183204.4576803197,9
SMV2-0285,2025-06-13,2025-06-16,SUPREMEIND,29,4351.074449999999,4557.3,12929.327680319477,1183204.4576803197,9
SMV2-0285,2025-06-13,2025-06-16,ASTRAL,84,1530.765,1552.5,12929.327680319477,1183204.4576803197,9
SMV2-0285,2025-06-13,2025-06-16,INDUSTOWER,334,391.1955,391.05,12929.327680319477,1183204.4576803197,9
SMV2-0285,2025-06-13,2025-06-16,UFLEX,212,614.307,612.35,12929.327680319477,1183204.4576803197,9
SMV2-0285,2025-06-13,2025-06-16,AGI,154,847.32345,821.4,12929.327680319477,1183204.4576803197,9
SMV2-0285,2025-06-13,2025-06-16,FINPIPE,581,222.89139,222.53,12929.327680319477,1183204.4576803197,9
SMV2-0285,2025-06-13,2025-06-16,RAILTEL,290,450.225,432.5,12929.327680319477,1183204.4576803197,9
SMV2-0285,2025-06-13,2025-06-16,COSMOFIRST,109,1190.49495,1262.7,12929.327680319477,1183204.4576803197,9
SMV2-0286,2025-06-20,2025-06-23,BHARTIARTL,69,1874.937,1936.3,684.3317579997092,1166370.1717579998,9
SMV2-0286,2025-06-20,2025-06-23,DLF,151,848.12385,852.45,684.3317579997092,1166370.1717579998,9
SMV2-0286,2025-06-20,2025-06-23,GODREJPROP,53,2419.30905,2401.1,684.3317579997092,1166370.1717579998,9
SMV2-0286,2025-06-20,2025-06-23,NBCC,1119,115.147545,119.91,684.3317579997092,1166370.1717579998,9
SMV2-0286,2025-06-20,2025-06-23,ADANIENT,52,2439.219,2472.0,684.3317579997092,1166370.1717579998,9
SMV2-0286,2025-06-20,2025-06-23,REDINGTON,441,292.09597499999995,289.7,684.3317579997092,1166370.1717579998,9
SMV2-0286,2025-06-20,2025-06-23,INDUSTOWER,334,391.1955,401.9,684.3317579997092,1166370.1717579998,9
SMV2-0286,2025-06-20,2025-06-23,RAILTEL,290,450.225,417.25,684.3317579997092,1166370.1717579998,9
SMV2-0286,2025-06-20,2025-06-23,HEXT,156,822.661125,835.8,684.3317579997092,1166370.1717579998,9
SMV2-0287,2025-06-27,2025-06-30,DLF,151,848.12385,837.8,277.5946114998078,1198367.3846115,9
SMV2-0287,2025-06-27,2025-06-30,GODREJPROP,53,2419.30905,2343.1,277.5946114998078,1198367.3846115,9
SMV2-0287,2025-06-27,2025-06-30,NBCC,1119,115.147545,122.72,277.5946114998078,1198367.3846115,9
SMV2-0287,2025-06-27,2025-06-30,ADANIENT,52,2439.219,2619.4,277.5946114998078,1198367.3846115,9
SMV2-0287,2025-06-27,2025-06-30,JKPAPER,359,373.9869,370.6,277.5946114998078,1198367.3846115,9
SMV2-0287,2025-06-27,2025-06-30,WSTCSTPAPR,260,511.15545,505.85,277.5946114998078,1198367.3846115,9
SMV2-0287,2025-06-27,2025-06-30,REDINGTON,441,292.09597499999995,325.35,277.5946114998078,1198367.3846115,9
SMV2-0287,2025-06-27,2025-06-30,PAKKA,634,211.80585,209.99,277.5946114998078,1198367.3846115,9
SMV2-0287,2025-06-27,2025-06-30,HEXT,156,822.661125,850.55,277.5946114998078,1198367.3846115,9
SMV2-0288,2025-07-04,2025-07-07,ZEEL,913,147.17354999999998,144.93,139.1878666999255,1201166.0978666998,9
SMV2-0288,2025-07-04,2025-07-07,ADANIENT,52,2439.219,2576.1,139.1878666999255,1201166.0978666998,9
SMV2-0288,2025-07-04,2025-07-07,JKPAPER,359,373.9869,399.3,139.1878666999255,1201166.0978666998,9
SMV2-0288,2025-07-04,2025-07-07,WSTCSTPAPR,260,511.15545,561.45,139.1878666999255,1201166.0978666998,9
SMV2-0288,2025-07-04,2025-07-07,REDINGTON,441,292.09597499999995,310.2,139.1878666999255,1201166.0978666998,9
SMV2-0288,2025-07-04,2025-07-07,PAKKA,634,211.80585,211.87,139.1878666999255,1201166.0978666998,9
SMV2-0288,2025-07-04,2025-07-07,HEXT,156,822.661125,860.8,139.1878666999255,1201166.0978666998,9
SMV2-0288,2025-07-04,2025-07-07,NETWORK18,2386,56.32815,56.33,139.1878666999255,1201166.0978666998,9
SMV2-0288,2025-07-04,2025-07-07,PFOCUS,652,167.58374999999998,161.98,139.1878666999255,1201166.0978666998,9
SMV2-0289,2025-07-11,2025-07-14,ZEEL,913,147.17354999999998,142.96,923.525640699998,1188100.4156407,9
SMV2-0289,2025-07-11,2025-07-14,POLYCAB,17,6785.89125,6796.5,923.525640699998,1188100.4156407,9
SMV2-0289,2025-07-11,2025-07-14,JKPAPER,359,373.9869,384.6,923.525640699998,1188100.4156407,9
SMV2-0289,2025-07-11,2025-07-14,WSTCSTPAPR,260,511.15545,538.8,923.525640699998,1188100.4156407,9
SMV2-0289,2025-07-11,2025-07-14,PAKKA,634,211.80585,206.99,923.525640699998,1188100.4156407,9
SMV2-0289,2025-07-11,2025-07-14,KAYNES,21,5974.48575,6023.0,923.525640699998,1188100.4156407,9
SMV2-0289,2025-07-11,2025-07-14,NETWORK18,2386,56.32815,56.09,923.525640699998,1188100.4156407,9
SMV2-0289,2025-07-11,2025-07-14,PFOCUS,817,165.82583353733168,173.49,923.525640699998,1188100.4156407,9
SMV2-0289,2025-07-11,2025-07-14,EIEL,463,280.14,280.06,923.525640699998,1188100.4156407,9
SMV2-0290,2025-07-18,2025-07-21,ULTRACEMCO,10,12566.28,12577.0,21575.10410820016,1205960.6741082002,9
SMV2-0290,2025-07-18,2025-07-21,SHREECEM,3,30915.45,31535.0,21575.10410820016,1205960.6741082002,9
SMV2-0290,2025-07-18,2025-07-21,AMBUJACEM,223,599.649675,613.25,21575.10410820016,1205960.6741082002,9
SMV2-0290,2025-07-18,2025-07-21,ZEEL,913,147.17354999999998,141.84,21575.10410820016,1205960.6741082002,9
SMV2-0290,2025-07-18,2025-07-21,JKPAPER,359,373.9869,383.75,21575.10410820016,1205960.6741082002,9
SMV2-0290,2025-07-18,2025-07-21,WSTCSTPAPR,260,511.15545,560.55,21575.10410820016,1205960.6741082002,9
SMV2-0290,2025-07-18,2025-07-21,PAKKA,634,211.80585,210.07,21575.10410820016,1205960.6741082002,9
SMV2-0290,2025-07-18,2025-07-21,NETWORK18,2386,56.32815,59.61,21575.10410820016,1205960.6741082002,9
SMV2-0290,2025-07-18,2025-07-21,PFOCUS,817,165.82583353733168,169.93,21575.10410820016,1205960.6741082002,9
SMV2-0291,2025-07-25,2025-07-28,ULTRACEMCO,10,12566.28,12240.0,764.1876864001388,1134610.2376864003,9
SMV2-0291,2025-07-25,2025-07-28,SHREECEM,4,30960.4725,30695.0,764.1876864001388,1134610.2376864003,9
SMV2-0291,2025-07-25,2025-07-28,AMBUJACEM,223,599.649675,611.05,764.1876864001388,1134610.2376864003,9
SMV2-0291,2025-07-25,2025-07-28,RADICO,46,2712.25545,2679.5,764.1876864001388,1134610.2376864003,9
SMV2-0291,2025-07-25,2025-07-28,BATAINDIA,104,1205.4024,1198.2,764.1876864001388,1134610.2376864003,9
SMV2-0291,2025-07-25,2025-07-28,RELAXO,259,487.8438,479.7,764.1876864001388,1134610.2376864003,9
SMV2-0291,2025-07-25,2025-07-28,CAMPUS,452,280.089975,273.25,764.1876864001388,1134610.2376864003,9
SMV2-0291,2025-07-25,2025-07-28,UNITDSPR,96,1310.35485,1316.0,764.1876864001388,1134610.2376864003,9
SMV2-0291,2025-07-25,2025-07-28,TI,256,494.94735,509.55,764.1876864001388,1134610.2376864003,9
SMV2-0292,2025-08-01,2025-08-04,ULTRACEMCO,10,12566.28,12257.0,116.09057425019272,1132919.4305742502,9
SMV2-0292,2025-08-01,2025-08-04,INDHOTEL,168,742.6711499999999,748.8,116.09057425019272,1132919.4305742502,9
SMV2-0292,2025-08-01,2025-08-04,AMBUJACEM,223,599.649675,605.25,116.09057425019272,1132919.4305742502,9
SMV2-0292,2025-08-01,2025-08-04,LEMONTREE,851,147.123525,145.97,116.09057425019272,1132919.4305742502,9
SMV2-0292,2025-08-01,2025-08-04,RADICO,46,2712.25545,2798.3,116.09057425019272,1132919.4305742502,9
SMV2-0292,2025-08-01,2025-08-04,BLS,328,380.9904,384.4,116.09057425019272,1132919.4305742502,9
SMV2-0292,2025-08-01,2025-08-04,UNITDSPR,96,1310.35485,1339.7,116.09057425019272,1132919.4305742502,9
SMV2-0292,2025-08-01,2025-08-04,TI,256,494.94735,513.45,116.09057425019272,1132919.4305742502,9
SMV2-0292,2025-08-01,2025-08-04,GARUDA,592,180.09,186.46,116.09057425019272,1132919.4305742502,9
SMV2-0293,2025-08-08,2025-08-11,ULTRACEMCO,10,12566.28,12405.0,116.09057425019272,1108938.1705742502,9
SMV2-0293,2025-08-08,2025-08-11,INDHOTEL,168,742.6711499999999,746.75,116.09057425019272,1108938.1705742502,9
SMV2-0293,2025-08-08,2025-08-11,AMBUJACEM,223,599.649675,588.85,116.09057425019272,1108938.1705742502,9
SMV2-0293,2025-08-08,2025-08-11,LEMONTREE,851,147.123525,142.11,116.09057425019272,1108938.1705742502,9
SMV2-0293,2025-08-08,2025-08-11,RADICO,46,2712.25545,2856.3,116.09057425019272,1108938.1705742502,9
SMV2-0293,2025-08-08,2025-08-11,BLS,328,380.9904,390.75,116.09057425019272,1108938.1705742502,9
SMV2-0293,2025-08-08,2025-08-11,UNITDSPR,96,1310.35485,1302.2,116.09057425019272,1108938.1705742502,9
SMV2-0293,2025-08-08,2025-08-11,TI,256,494.94735,472.3,116.09057425019272,1108938.1705742502,9
SMV2-0293,2025-08-08,2025-08-11,GARUDA,592,180.09,171.61,116.09057425019272,1108938.1705742502,9
SMV2-0294,2025-08-14,2025-08-18,INDHOTEL,168,742.6711499999999,775.5,4996.839860810214,1131372.9198608105,9
SMV2-0294,2025-08-14,2025-08-18,LEMONTREE,851,147.123525,152.98,4996.839860810214,1131372.9198608105,9
SMV2-0294,2025-08-14,2025-08-18,RADICO,46,2712.25545,2851.3,4996.839860810214,1131372.9198608105,9
SMV2-0294,2025-08-14,2025-08-18,HAL,27,4592.8953,4514.3,4996.839860810214,1131372.9198608105,9
SMV2-0294,2025-08-14,2025-08-18,BEL,324,388.194,382.5,4996.839860810214,1131372.9198608105,9
SMV2-0294,2025-08-14,2025-08-18,INDIGO,18,6012.0045,6096.5,4996.839860810214,1131372.9198608105,9
SMV2-0294,2025-08-14,2025-08-18,BLS,328,380.9904,371.95,4996.839860810214,1131372.9198608105,9
SMV2-0294,2025-08-14,2025-08-18,UNITDSPR,96,1310.35485,1307.5,4996.839860810214,1131372.9198608105,9
SMV2-0294,2025-08-14,2025-08-18,TI,256,494.94735,514.35,4996.839860810214,1131372.9198608105,9
SMV2-0295,2025-08-22,2025-08-25,SBILIFE,68,1859.82945,1846.8,10928.401110170204,1134546.53111017,9
SMV2-0295,2025-08-22,2025-08-25,INDHOTEL,168,742.6711499999999,785.55,10928.401110170204,1134546.53111017,9
SMV2-0295,2025-08-22,2025-08-25,LEMONTREE,851,147.123525,168.23,10928.401110170204,1134546.53111017,9
SMV2-0295,2025-08-22,2025-08-25,HAL,27,4592.8953,4457.6,10928.401110170204,1134546.53111017,9
SMV2-0295,2025-08-22,2025-08-25,BEL,324,388.194,372.05,10928.401110170204,1134546.53111017,9
SMV2-0295,2025-08-22,2025-08-25,INDIGO,18,6012.0045,6116.0,10928.401110170204,1134546.53111017,9
SMV2-0295,2025-08-22,2025-08-25,BLS,328,380.9904,368.8,10928.401110170204,1134546.53111017,9
SMV2-0295,2025-08-22,2025-08-25,POLICYBZR,66,1912.1556,1901.9,10928.401110170204,1134546.53111017,9
SMV2-0295,2025-08-22,2025-08-25,NIACL,648,196.228065,193.55,10928.401110170204,1134546.53111017,9
SMV2-0296,2025-08-29,2025-09-01,INDHOTEL,168,742.6711499999999,759.85,5942.950893350178,1106447.65089335,9
SMV2-0296,2025-08-29,2025-09-01,ZEEL,1046,116.67831,113.96,5942.950893350178,1106447.65089335,9
SMV2-0296,2025-08-29,2025-09-01,LEMONTREE,851,147.123525,170.22,5942.950893350178,1106447.65089335,9
SMV2-0296,2025-08-29,2025-09-01,HAL,27,4592.8953,4429.6,5942.950893350178,1106447.65089335,9
SMV2-0296,2025-08-29,2025-09-01,BEL,324,388.194,373.9,5942.950893350178,1106447.65089335,9
SMV2-0296,2025-08-29,2025-09-01,INDIGO,18,6012.0045,5670.0,5942.950893350178,1106447.65089335,9
SMV2-0296,2025-08-29,2025-09-01,BLS,328,380.9904,370.55,5942.950893350178,1106447.65089335,9
SMV2-0296,2025-08-29,2025-09-01,NETWORK18,2307,52.92645,53.56,5942.950893350178,1106447.65089335,9
SMV2-0296,2025-08-29,2025-09-01,PVRINOX,108,1123.5615,1119.3,5942.950893350178,1106447.65089335,9
SMV2-0297,2025-09-05,2025-09-08,INDHOTEL,168,742.6711499999999,777.7,31750.29676535018,1118855.1667653504,9
SMV2-0297,2025-09-05,2025-09-08,ZEEL,1046,116.67831,116.09,31750.29676535018,1118855.1667653504,9
SMV2-0297,2025-09-05,2025-09-08,LEMONTREE,704,147.123525,177.93,31750.29676535018,1118855.1667653504,9
SMV2-0297,2025-09-05,2025-09-08,HAL,27,4592.8953,4443.6,31750.29676535018,1118855.1667653504,9
SMV2-0297,2025-09-05,2025-09-08,BEL,324,388.194,371.9,31750.29676535018,1118855.1667653504,9
SMV2-0297,2025-09-05,2025-09-08,INDIGO,18,6012.0045,5696.5,31750.29676535018,1118855.1667653504,9
SMV2-0297,2025-09-05,2025-09-08,BLS,328,380.9904,365.0,31750.29676535018,1118855.1667653504,9
SMV2-0297,2025-09-05,2025-09-08,NETWORK18,2307,52.92645,55.03,31750.29676535018,1118855.1667653504,9
SMV2-0297,2025-09-05,2025-09-08,PVRINOX,108,1123.5615,1111.8,31750.29676535018,1118855.1667653504,9
SMV2-0298,2025-09-12,2025-09-15,INDHOTEL,168,742.6711499999999,790.85,3520.093695850272,1137039.5536958503,9
SMV2-0298,2025-09-12,2025-09-15,LEMONTREE,704,147.123525,176.49,3520.093695850272,1137039.5536958503,9
SMV2-0298,2025-09-12,2025-09-15,BATAINDIA,100,1261.0302,1263.5,3520.093695850272,1137039.5536958503,9
SMV2-0298,2025-09-12,2025-09-15,RELAXO,258,488.193975,480.95,3520.093695850272,1137039.5536958503,9
SMV2-0298,2025-09-12,2025-09-15,HAL,27,4592.8953,4795.2,3520.093695850272,1137039.5536958503,9
SMV2-0298,2025-09-12,2025-09-15,BEL,324,388.194,398.45,3520.093695850272,1137039.5536958503,9
SMV2-0298,2025-09-12,2025-09-15,INDIGO,21,5976.129428571429,5728.5,3520.093695850272,1137039.5536958503,9
SMV2-0298,2025-09-12,2025-09-15,BLS,328,380.9904,367.1,3520.093695850272,1137039.5536958503,9
SMV2-0298,2025-09-12,2025-09-15,CAMPUS,467,270.135,271.3,3520.093695850272,1137039.5536958503,9
SMV2-0299,2025-09-19,2025-09-22,POLYCAB,16,7552.774499999999,7657.0,6426.311444250285,1130820.5614442504,9
SMV2-0299,2025-09-19,2025-09-22,BATAINDIA,100,1261.0302,1227.2,6426.311444250285,1130820.5614442504,9
SMV2-0299,2025-09-19,2025-09-22,RELAXO,258,488.193975,465.3,6426.311444250285,1130820.5614442504,9
SMV2-0299,2025-09-19,2025-09-22,HAL,27,4592.8953,4808.7,6426.311444250285,1130820.5614442504,9
SMV2-0299,2025-09-19,2025-09-22,BEL,324,388.194,406.4,6426.311444250285,1130820.5614442504,9
SMV2-0299,2025-09-19,2025-09-22,INDIGO,21,5976.129428571429,5747.5,6426.311444250285,1130820.5614442504,9
SMV2-0299,2025-09-19,2025-09-22,CAMPUS,467,270.135,278.85,6426.311444250285,1130820.5614442504,9
SMV2-0299,2025-09-19,2025-09-22,OLECTRA,76,1640.0196,1661.4,6426.311444250285,1130820.5614442504,9
SMV2-0299,2025-09-19,2025-09-22,KAYNES,17,7103.549999999999,7083.5,6426.311444250285,1130820.5614442504,9
SMV2-0300,2025-09-26,2025-09-29,POLYCAB,16,7552.774499999999,7278.0,6426.311444250285,1093799.9614442503,9
SMV2-0300,2025-09-26,2025-09-29,BATAINDIA,100,1261.0302,1156.4,6426.311444250285,1093799.9614442503,9
SMV2-0300,2025-09-26,2025-09-29,RELAXO,258,488.193975,448.5,6426.311444250285,1093799.9614442503,9
SMV2-0300,2025-09-26,2025-09-29,HAL,27,4592.8953,4740.0,6426.311444250285,1093799.9614442503,9
SMV2-0300,2025-09-26,2025-09-29,BEL,324,388.194,399.95,6426.311444250285,1093799.9614442503,9
SMV2-0300,2025-09-26,2025-09-29,INDIGO,21,5976.129428571429,5707.0,6426.311444250285,1093799.9614442503,9
SMV2-0300,2025-09-26,2025-09-29,CAMPUS,467,270.135,263.25,6426.311444250285,1093799.9614442503,9
SMV2-0300,2025-09-26,2025-09-29,OLECTRA,76,1640.0196,1570.6,6426.311444250285,1093799.9614442503,9
SMV2-0300,2025-09-26,2025-09-29,KAYNES,17,7103.549999999999,7050.5,6426.311444250285,1093799.9614442503,9
SMV2-0301,2025-10-03,2025-10-06,VEDL,260,475.187475,470.8,14.075782800413435,1104242.8357828003,9
SMV2-0301,2025-10-03,2025-10-06,BHARTIARTL,65,1893.5463,1903.1,14.075782800413435,1104242.8357828003,9
SMV2-0301,2025-10-03,2025-10-06,HAL,27,4592.8953,4845.2,14.075782800413435,1104242.8357828003,9
SMV2-0301,2025-10-03,2025-10-06,BEL,324,388.194,413.25,14.075782800413435,1104242.8357828003,9
SMV2-0301,2025-10-03,2025-10-06,INDIGO,21,5976.129428571429,5694.5,14.075782800413435,1104242.8357828003,9
SMV2-0301,2025-10-03,2025-10-06,INDUSTOWER,348,354.27705000000003,353.65,14.075782800413435,1104242.8357828003,9
SMV2-0301,2025-10-03,2025-10-06,HINDCOPPER,358,344.67225,337.95,14.075782800413435,1104242.8357828003,9
SMV2-0301,2025-10-03,2025-10-06,HFCL,1454,76.038,74.44,14.075782800413435,1104242.8357828003,9
SMV2-0301,2025-10-03,2025-10-06,GMDCLTD,199,618.309,610.7,14.075782800413435,1104242.8357828003,9
SMV2-0302,2025-10-10,2025-10-13,VEDL,260,475.187475,479.3,14.075782800413435,1107694.1657828004,9
SMV2-0302,2025-10-10,2025-10-13,BHARTIARTL,65,1893.5463,1954.9,14.075782800413435,1107694.1657828004,9
SMV2-0302,2025-10-10,2025-10-13,HAL,27,4592.8953,4745.4,14.075782800413435,1107694.1657828004,9
SMV2-0302,2025-10-10,2025-10-13,BEL,324,388.194,409.4,14.075782800413435,1107694.1657828004,9
SMV2-0302,2025-10-10,2025-10-13,INDIGO,21,5976.129428571429,5787.5,14.075782800413435,1107694.1657828004,9
SMV2-0302,2025-10-10,2025-10-13,INDUSTOWER,348,354.27705000000003,349.9,14.075782800413435,1107694.1657828004,9
SMV2-0302,2025-10-10,2025-10-13,HINDCOPPER,358,344.67225,340.8,14.075782800413435,1107694.1657828004,9
SMV2-0302,2025-10-10,2025-10-13,HFCL,1454,76.038,76.41,14.075782800413435,1107694.1657828004,9
SMV2-0302,2025-10-10,2025-10-13,GMDCLTD,199,618.309,597.05,14.075782800413435,1107694.1657828004,9
SMV2-0303,2025-10-17,2025-10-20,VEDL,260,475.187475,473.9,1022.228091200479,1120640.7280912006,9
SMV2-0303,2025-10-17,2025-10-20,RADICO,36,3131.565,3254.7,1022.228091200479,1120640.7280912006,9
SMV2-0303,2025-10-17,2025-10-20,HAL,27,4592.8953,4860.0,1022.228091200479,1120640.7280912006,9
SMV2-0303,2025-10-17,2025-10-20,BEL,324,388.194,416.5,1022.228091200479,1120640.7280912006,9
SMV2-0303,2025-10-17,2025-10-20,INDIGO,21,5976.129428571429,5934.0,1022.228091200479,1120640.7280912006,9
SMV2-0303,2025-10-17,2025-10-20,HINDCOPPER,358,344.67225,345.35,1022.228091200479,1120640.7280912006,9
SMV2-0303,2025-10-17,2025-10-20,UNITDSPR,90,1367.38335,1365.6,1022.228091200479,1120640.7280912006,9
SMV2-0303,2025-10-17,2025-10-20,GMDCLTD,199,618.309,578.2,1022.228091200479,1120640.7280912006,9
SMV2-0303,2025-10-17,2025-10-20,GMBREW,109,1128.66405,1163.8,1022.228091200479,1120640.7280912006,9
SMV2-0304,2025-10-24,2025-10-27,VEDL,260,475.187475,505.25,439.5688429004804,1118746.0688429005,9
SMV2-0304,2025-10-24,2025-10-27,RADICO,36,3131.565,3214.0,439.5688429004804,1118746.0688429005,9
SMV2-0304,2025-10-24,2025-10-27,HAL,27,4592.8953,4756.8,439.5688429004804,1118746.0688429005,9
SMV2-0304,2025-10-24,2025-10-27,BEL,324,388.194,415.15,439.5688429004804,1118746.0688429005,9
SMV2-0304,2025-10-24,2025-10-27,INDIGO,21,5976.129428571429,5835.0,439.5688429004804,1118746.0688429005,9
SMV2-0304,2025-10-24,2025-10-27,HINDCOPPER,358,344.67225,348.3,439.5688429004804,1118746.0688429005,9
SMV2-0304,2025-10-24,2025-10-27,UNITDSPR,90,1367.38335,1353.1,439.5688429004804,1118746.0688429005,9
SMV2-0304,2025-10-24,2025-10-27,GMBREW,109,1128.66405,1137.8,439.5688429004804,1118746.0688429005,9
SMV2-0304,2025-10-24,2025-10-27,HINDZINC,239,489.2445,482.3,439.5688429004804,1118746.0688429005,9
SMV2-0305,2025-10-31,2025-11-03,HDFCBANK,126,985.4925,992.65,1691.865832700496,1135831.5658327003,9
SMV2-0305,2025-10-31,2025-11-03,AXISBANK,101,1226.6129999999998,1233.7,1691.865832700496,1135831.5658327003,9
SMV2-0305,2025-10-31,2025-11-03,ICICIBANK,93,1341.17025,1346.4,1691.865832700496,1135831.5658327003,9
SMV2-0305,2025-10-31,2025-11-03,TITAN,33,3731.865,3724.5,1691.865832700496,1135831.5658327003,9
SMV2-0305,2025-10-31,2025-11-03,VAIBHAVGBL,462,270.135,281.25,1691.865832700496,1135831.5658327003,9
SMV2-0305,2025-10-31,2025-11-03,RADICO,36,3131.565,3193.6,1691.865832700496,1135831.5658327003,9
SMV2-0305,2025-10-31,2025-11-03,KALYANKJIL,244,510.805275,515.85,1691.865832700496,1135831.5658327003,9
SMV2-0305,2025-10-31,2025-11-03,UNITDSPR,90,1367.38335,1447.6,1691.865832700496,1135831.5658327003,9
SMV2-0305,2025-10-31,2025-11-03,GMBREW,109,1128.66405,1241.1,1691.865832700496,1135831.5658327003,9
SMV2-0306,2025-11-07,2025-11-10,HDFCBANK,126,985.4925,984.5,1691.865832700496,1120694.8658327004,9
SMV2-0306,2025-11-07,2025-11-10,AXISBANK,101,1226.6129999999998,1217.0,1691.865832700496,1120694.8658327004,9
SMV2-0306,2025-11-07,2025-11-10,ICICIBANK,93,1341.17025,1348.0,1691.865832700496,1120694.8658327004,9
SMV2-0306,2025-11-07,2025-11-10,TITAN,33,3731.865,3803.0,1691.865832700496,1120694.8658327004,9
SMV2-0306,2025-11-07,2025-11-10,VAIBHAVGBL,462,270.135,262.2,1691.865832700496,1120694.8658327004,9
SMV2-0306,2025-11-07,2025-11-10,RADICO,36,3131.565,3259.6,1691.865832700496,1120694.8658327004,9
SMV2-0306,2025-11-07,2025-11-10,KALYANKJIL,244,510.805275,510.4,1691.865832700496,1120694.8658327004,9
SMV2-0306,2025-11-07,2025-11-10,UNITDSPR,90,1367.38335,1409.5,1691.865832700496,1120694.8658327004,9
SMV2-0306,2025-11-07,2025-11-10,GMBREW,109,1128.66405,1204.6,1691.865832700496,1120694.8658327004,9
SMV2-0307,2025-11-14,2025-11-17,HDFCBANK,126,985.4925,996.55,4123.74414830051,1134681.7441483005,9
SMV2-0307,2025-11-14,2025-11-17,AXISBANK,101,1226.6129999999998,1249.6,4123.74414830051,1134681.7441483005,9
SMV2-0307,2025-11-14,2025-11-17,ICICIBANK,93,1341.17025,1379.0,4123.74414830051,1134681.7441483005,9
SMV2-0307,2025-11-14,2025-11-17,TITAN,33,3731.865,3868.6,4123.74414830051,1134681.7441483005,9
SMV2-0307,2025-11-14,2025-11-17,VAIBHAVGBL,462,270.135,265.45,4123.74414830051,1134681.7441483005,9
SMV2-0307,2025-11-14,2025-11-17,KALYANKJIL,244,510.805275,495.45,4123.74414830051,1134681.7441483005,9
SMV2-0307,2025-11-14,2025-11-17,RELIANCE,82,1521.66045,1518.3,4123.74414830051,1134681.7441483005,9
SMV2-0307,2025-11-14,2025-11-17,BPCL,336,372.7863,374.25,4123.74414830051,1134681.7441483005,9
SMV2-0307,2025-11-14,2025-11-17,CHENNPETRO,120,1039.5195,1075.8,4123.74414830051,1134681.7441483005,9
SMV2-0308,2025-11-21,2025-11-24,HDFCBANK,126,985.4925,999.15,4123.74414830051,1104975.0441483003,9
SMV2-0308,2025-11-21,2025-11-24,AXISBANK,101,1226.6129999999998,1269.0,4123.74414830051,1104975.0441483003,9
SMV2-0308,2025-11-21,2025-11-24,ICICIBANK,93,1341.17025,1368.4,4123.74414830051,1104975.0441483003,9
SMV2-0308,2025-11-21,2025-11-24,TITAN,33,3731.865,3874.3,4123.74414830051,1104975.0441483003,9
SMV2-0308,2025-11-21,2025-11-24,VAIBHAVGBL,462,270.135,233.75,4123.74414830051,1104975.0441483003,9
SMV2-0308,2025-11-21,2025-11-24,KALYANKJIL,244,510.805275,484.4,4123.74414830051,1104975.0441483003,9
SMV2-0308,2025-11-21,2025-11-24,RELIANCE,82,1521.66045,1535.9,4123.74414830051,1104975.0441483003,9
SMV2-0308,2025-11-21,2025-11-24,BPCL,336,372.7863,359.65,4123.74414830051,1104975.0441483003,9
SMV2-0308,2025-11-21,2025-11-24,CHENNPETRO,120,1039.5195,989.2,4123.74414830051,1104975.0441483003,9
SMV2-0309,2025-11-28,2025-12-01,HDFCBANK,126,985.4925,1002.1,887.6860286005249,1112298.6360286004,9
SMV2-0309,2025-11-28,2025-12-01,AXISBANK,101,1226.6129999999998,1275.7,887.6860286005249,1112298.6360286004,9
SMV2-0309,2025-11-28,2025-12-01,ICICIBANK,93,1341.17025,1390.1,887.6860286005249,1112298.6360286004,9
SMV2-0309,2025-11-28,2025-12-01,TITAN,33,3731.865,3894.9,887.6860286005249,1112298.6360286004,9
SMV2-0309,2025-11-28,2025-12-01,KALYANKJIL,244,510.805275,506.95,887.6860286005249,1112298.6360286004,9
SMV2-0309,2025-11-28,2025-12-01,HAL,27,4564.281,4530.7,887.6860286005249,1112298.6360286004,9
SMV2-0309,2025-11-28,2025-12-01,BEL,297,416.10795,417.25,887.6860286005249,1112298.6360286004,9
SMV2-0309,2025-11-28,2025-12-01,INDIGO,18,5892.945,5794.0,887.6860286005249,1112298.6360286004,9
SMV2-0309,2025-11-28,2025-12-01,THANGAMAYL,37,3271.635,3358.1,887.6860286005249,1112298.6360286004,9
SMV2-0310,2025-12-05,2025-12-08,HDFCLIFE,156,768.384,764.05,1462.8854694507029,1078880.3854694506,9
SMV2-0310,2025-12-05,2025-12-08,SBILIFE,52,2006.0025,2020.7,1462.8854694507029,1078880.3854694506,9
SMV2-0310,2025-12-05,2025-12-08,HDFCBANK,126,985.4925,1003.1,1462.8854694507029,1078880.3854694506,9
SMV2-0310,2025-12-05,2025-12-08,AXISBANK,101,1226.6129999999998,1273.8,1462.8854694507029,1078880.3854694506,9
SMV2-0310,2025-12-05,2025-12-08,ICICIBANK,93,1341.17025,1389.6,1462.8854694507029,1078880.3854694506,9
SMV2-0310,2025-12-05,2025-12-08,MARUTI,7,16208.099999999997,16187.0,1462.8854694507029,1078880.3854694506,9
SMV2-0310,2025-12-05,2025-12-08,M&M,32,3721.86,3681.7,1462.8854694507029,1078880.3854694506,9
SMV2-0310,2025-12-05,2025-12-08,HEROMOTOCO,19,6313.155,6167.0,1462.8854694507029,1078880.3854694506,9
SMV2-0310,2025-12-05,2025-12-08,POLICYBZR,63,1900.95,1913.9,1462.8854694507029,1078880.3854694506,9
SMV2-0311,2025-12-12,2025-12-15,HDFCLIFE,156,768.384,772.7,1462.8854694507029,1075010.5854694506,9
SMV2-0311,2025-12-12,2025-12-15,SBILIFE,52,2006.0025,2034.9,1462.8854694507029,1075010.5854694506,9
SMV2-0311,2025-12-12,2025-12-15,HDFCBANK,126,985.4925,996.1,1462.8854694507029,1075010.5854694506,9
SMV2-0311,2025-12-12,2025-12-15,AXISBANK,101,1226.6129999999998,1284.8,1462.8854694507029,1075010.5854694506,9
SMV2-0311,2025-12-12,2025-12-15,ICICIBANK,93,1341.17025,1365.2,1462.8854694507029,1075010.5854694506,9
SMV2-0311,2025-12-12,2025-12-15,MARUTI,7,16208.099999999997,16415.0,1462.8854694507029,1075010.5854694506,9
SMV2-0311,2025-12-12,2025-12-15,M&M,32,3721.86,3608.0,1462.8854694507029,1075010.5854694506,9
SMV2-0311,2025-12-12,2025-12-15,HEROMOTOCO,19,6313.155,5959.5,1462.8854694507029,1075010.5854694506,9
SMV2-0311,2025-12-12,2025-12-15,POLICYBZR,63,1900.95,1926.4,1462.8854694507029,1075010.5854694506,9
SMV2-0312,2025-12-19,2025-12-22,VEDL,199,590.295,585.65,12968.074212720734,1061115.5342127206,9
SMV2-0312,2025-12-19,2025-12-22,ZEEL,1291,91.22559,91.92,12968.074212720734,1061115.5342127206,9
SMV2-0312,2025-12-19,2025-12-22,MARUTI,7,16208.099999999997,16649.0,12968.074212720734,1061115.5342127206,9
SMV2-0312,2025-12-19,2025-12-22,M&M,32,3721.86,3616.7,12968.074212720734,1061115.5342127206,9
SMV2-0312,2025-12-19,2025-12-22,HEROMOTOCO,19,6313.155,5699.5,12968.074212720734,1061115.5342127206,9
SMV2-0312,2025-12-19,2025-12-22,HINDCOPPER,298,394.69725,403.4,12968.074212720734,1061115.5342127206,9
SMV2-0312,2025-12-19,2025-12-22,PFOCUS,532,221.1105,220.72,12968.074212720734,1061115.5342127206,9
SMV2-0312,2025-12-19,2025-12-22,HINDZINC,195,601.550625,606.5,12968.074212720734,1061115.5342127206,9
SMV2-0312,2025-12-19,2025-12-22,SAREGAMA,335,351.1755,347.65,12968.074212720734,1061115.5342127206,9
SMV2-0313,2025-12-26,2025-12-29,AVANTIFEED,150,832.2158999999999,821.8,13770.437267570742,1100655.5572675709,9
SMV2-0313,2025-12-26,2025-12-29,VEDL,199,590.295,593.1,13770.437267570742,1100655.5572675709,9
SMV2-0313,2025-12-26,2025-12-29,TATACONSUM,106,1174.587,1195.2,13770.437267570742,1100655.5572675709,9
SMV2-0313,2025-12-26,2025-12-29,ZEEL,1291,91.22559,90.74,13770.437267570742,1100655.5572675709,9
SMV2-0313,2025-12-26,2025-12-29,HINDCOPPER,229,394.69725,487.45,13770.437267570742,1100655.5572675709,9
SMV2-0313,2025-12-26,2025-12-29,PATANJALI,228,548.274,542.05,13770.437267570742,1100655.5572675709,9
SMV2-0313,2025-12-26,2025-12-29,PFOCUS,532,221.1105,237.14,13770.437267570742,1100655.5572675709,9
SMV2-0313,2025-12-26,2025-12-29,HINDZINC,195,601.550625,618.55,13770.437267570742,1100655.5572675709,9
SMV2-0313,2025-12-26,2025-12-29,SAREGAMA,335,351.1755,357.5,13770.437267570742,1100655.5572675709,9
SMV2-0314,2026-01-02,2026-01-05,AVANTIFEED,150,832.2158999999999,857.45,13770.437267570742,1138905.2672675708,9
SMV2-0314,2026-01-02,2026-01-05,VEDL,199,590.295,615.65,13770.437267570742,1138905.2672675708,9
SMV2-0314,2026-01-02,2026-01-05,TATACONSUM,106,1174.587,1182.1,13770.437267570742,1138905.2672675708,9
SMV2-0314,2026-01-02,2026-01-05,ZEEL,1291,91.22559,91.18,13770.437267570742,1138905.2672675708,9
SMV2-0314,2026-01-02,2026-01-05,HINDCOPPER,229,394.69725,552.6,13770.437267570742,1138905.2672675708,9
SMV2-0314,2026-01-02,2026-01-05,PATANJALI,228,548.274,572.95,13770.437267570742,1138905.2672675708,9
SMV2-0314,2026-01-02,2026-01-05,PFOCUS,532,221.1105,239.0,13770.437267570742,1138905.2672675708,9
SMV2-0314,2026-01-02,2026-01-05,HINDZINC,195,601.550625,628.6,13770.437267570742,1138905.2672675708,9
SMV2-0314,2026-01-02,2026-01-05,SAREGAMA,335,351.1755,370.4,13770.437267570742,1138905.2672675708,9
SMV2-0315,2026-01-09,2026-01-12,VEDL,199,590.295,627.35,12746.182840270776,1119485.3128402708,9
SMV2-0315,2026-01-09,2026-01-12,HDFCBANK,131,937.96875,936.95,12746.182840270776,1119485.3128402708,9
SMV2-0315,2026-01-09,2026-01-12,ICICIBANK,88,1400.59995,1413.1,12746.182840270776,1119485.3128402708,9
SMV2-0315,2026-01-09,2026-01-12,ZEEL,1291,91.22559,89.93,12746.182840270776,1119485.3128402708,9
SMV2-0315,2026-01-09,2026-01-12,SBIN,122,1008.504,1015.15,12746.182840270776,1119485.3128402708,9
SMV2-0315,2026-01-09,2026-01-12,HINDCOPPER,229,394.69725,545.7,12746.182840270776,1119485.3128402708,9
SMV2-0315,2026-01-09,2026-01-12,PFOCUS,532,221.1105,242.75,12746.182840270776,1119485.3128402708,9
SMV2-0315,2026-01-09,2026-01-12,HINDZINC,195,601.550625,628.25,12746.182840270776,1119485.3128402708,9
SMV2-0315,2026-01-09,2026-01-12,SAREGAMA,335,351.1755,352.95,12746.182840270776,1119485.3128402708,9
SMV2-0316,2026-01-16,2026-01-19,VEDL,199,590.295,674.8,2373.239693100812,1132522.7396931008,9
SMV2-0316,2026-01-16,2026-01-19,HDFCBANK,131,937.96875,927.9,2373.239693100812,1132522.7396931008,9
SMV2-0316,2026-01-16,2026-01-19,ICICIBANK,88,1400.59995,1380.6,2373.239693100812,1132522.7396931008,9
SMV2-0316,2026-01-16,2026-01-19,SBIN,122,1008.504,1038.4,2373.239693100812,1132522.7396931008,9
SMV2-0316,2026-01-16,2026-01-19,HAL,26,4429.2135,4504.3,2373.239693100812,1132522.7396931008,9
SMV2-0316,2026-01-16,2026-01-19,BEL,306,410.205,412.8,2373.239693100812,1132522.7396931008,9
SMV2-0316,2026-01-16,2026-01-19,INDIGO,26,4766.88225,4941.5,2373.239693100812,1132522.7396931008,9
SMV2-0316,2026-01-16,2026-01-19,HINDCOPPER,229,394.69725,547.8,2373.239693100812,1132522.7396931008,9
SMV2-0316,2026-01-16,2026-01-19,HINDZINC,195,601.550625,660.4,2373.239693100812,1132522.7396931008,9
SMV2-0317,2026-01-23,2026-01-27,VEDL,199,590.295,705.45,201.1900856008142,1145233.790085601,9
SMV2-0317,2026-01-23,2026-01-27,HDFCBANK,131,937.96875,926.4,201.1900856008142,1145233.790085601,9
SMV2-0317,2026-01-23,2026-01-27,ICICIBANK,88,1400.59995,1361.4,201.1900856008142,1145233.790085601,9
SMV2-0317,2026-01-23,2026-01-27,SBIN,122,1008.504,1053.15,201.1900856008142,1145233.790085601,9
SMV2-0317,2026-01-23,2026-01-27,RELIANCE,91,1380.6899999999998,1380.5,201.1900856008142,1145233.790085601,9
SMV2-0317,2026-01-23,2026-01-27,ONGC,510,246.7233,247.95,201.1900856008142,1145233.790085601,9
SMV2-0317,2026-01-23,2026-01-27,HINDPETRO,268,417.158475,419.35,201.1900856008142,1145233.790085601,9
SMV2-0317,2026-01-23,2026-01-27,HINDCOPPER,229,394.69725,562.15,201.1900856008142,1145233.790085601,9
SMV2-0317,2026-01-23,2026-01-27,HINDZINC,195,601.550625,727.2,201.1900856008142,1145233.790085601,9
SMV2-0318,2026-01-30,2026-02-02,HDFCBANK,131,937.96875,928.1,2438.39765095088,1112056.0976509508,9
SMV2-0318,2026-01-30,2026-02-02,ICICIBANK,88,1400.59995,1352.8,2438.39765095088,1112056.0976509508,9
SMV2-0318,2026-01-30,2026-02-02,CONCOR,242,505.2525,507.85,2438.39765095088,1112056.0976509508,9
SMV2-0318,2026-01-30,2026-02-02,SBIN,122,1008.504,1028.7,2438.39765095088,1112056.0976509508,9
SMV2-0318,2026-01-30,2026-02-02,RELIANCE,91,1380.6899999999998,1390.4,2438.39765095088,1112056.0976509508,9
SMV2-0318,2026-01-30,2026-02-02,ONGC,510,246.7233,253.95,2438.39765095088,1112056.0976509508,9
SMV2-0318,2026-01-30,2026-02-02,DREDGECORP,114,1070.03475,1081.0,2438.39765095088,1112056.0976509508,9
SMV2-0318,2026-01-30,2026-02-02,DELHIVERY,275,444.372075,439.9,2438.39765095088,1112056.0976509508,9
SMV2-0318,2026-01-30,2026-02-02,OIL,249,490.245,483.3,2438.39765095088,1112056.0976509508,9
SMV2-0319,2026-02-06,2026-02-09,HDFCBANK,131,937.96875,937.25,2438.39765095088,1141270.4476509509,9
SMV2-0319,2026-02-06,2026-02-09,ICICIBANK,88,1400.59995,1396.3,2438.39765095088,1141270.4476509509,9
SMV2-0319,2026-02-06,2026-02-09,CONCOR,242,505.2525,513.6,2438.39765095088,1141270.4476509509,9
SMV2-0319,2026-02-06,2026-02-09,SBIN,122,1008.504,1146.0,2438.39765095088,1141270.4476509509,9
SMV2-0319,2026-02-06,2026-02-09,RELIANCE,91,1380.6899999999998,1461.6,2438.39765095088,1141270.4476509509,9
SMV2-0319,2026-02-06,2026-02-09,ONGC,510,246.7233,266.6,2438.39765095088,1141270.4476509509,9
SMV2-0319,2026-02-06,2026-02-09,DREDGECORP,114,1070.03475,1042.1,2438.39765095088,1141270.4476509509,9
SMV2-0319,2026-02-06,2026-02-09,DELHIVERY,275,444.372075,433.75,2438.39765095088,1141270.4476509509,9
SMV2-0319,2026-02-06,2026-02-09,OIL,249,490.245,490.05,2438.39765095088,1141270.4476509509,9
SMV2-0320,2026-02-13,2026-02-16,AVANTIFEED,88,1396.647975,1349.25,49874.95979115099,1106140.6097911508,9
SMV2-0320,2026-02-13,2026-02-16,PAGEIND,3,33566.775,33425.0,49874.95979115099,1106140.6097911508,9
SMV2-0320,2026-02-13,2026-02-16,TATACONSUM,109,1129.06425,1139.2,49874.95979115099,1106140.6097911508,9
SMV2-0320,2026-02-13,2026-02-16,CONCOR,242,505.2525,503.75,49874.95979115099,1106140.6097911508,9
SMV2-0320,2026-02-13,2026-02-16,PATANJALI,237,519.3095249999999,525.7,49874.95979115099,1106140.6097911508,9
SMV2-0320,2026-02-13,2026-02-16,KPRMILL,132,930.414975,908.85,49874.95979115099,1106140.6097911508,9
SMV2-0320,2026-02-13,2026-02-16,DREDGECORP,114,1070.03475,966.5,49874.95979115099,1106140.6097911508,9
SMV2-0320,2026-02-13,2026-02-16,DELHIVERY,275,444.372075,418.1,49874.95979115099,1106140.6097911508,9
SMV2-0320,2026-02-13,2026-02-16,GOKEX,147,836.4680249999999,826.25,49874.95979115099,1106140.6097911508,9
SMV2-0321,2026-02-20,2026-02-23,AVANTIFEED,88,1396.647975,1310.9,34608.989984100976,1101469.809984101,9
SMV2-0321,2026-02-20,2026-02-23,PAGEIND,3,33566.775,33070.0,34608.989984100976,1101469.809984101,9
SMV2-0321,2026-02-20,2026-02-23,TATACONSUM,109,1129.06425,1171.8,34608.989984100976,1101469.809984101,9
SMV2-0321,2026-02-20,2026-02-23,CONCOR,242,505.2525,507.05,34608.989984100976,1101469.809984101,9
SMV2-0321,2026-02-20,2026-02-23,PATANJALI,237,519.3095249999999,532.95,34608.989984100976,1101469.809984101,9
SMV2-0321,2026-02-20,2026-02-23,KPRMILL,132,930.414975,921.55,34608.989984100976,1101469.809984101,9
SMV2-0321,2026-02-20,2026-02-23,DELHIVERY,275,444.372075,433.95,34608.989984100976,1101469.809984101,9
SMV2-0321,2026-02-20,2026-02-23,GOKEX,147,836.4680249999999,747.35,34608.989984100976,1101469.809984101,9
SMV2-0321,2026-02-20,2026-02-23,SCI,481,258.179025,259.27,34608.989984100976,1101469.809984101,9
SMV2-0322,2026-02-27,2026-03-02,ZEEL,1332,85.26261,84.19,9961.810109511134,1054373.4901095112,9
SMV2-0322,2026-02-27,2026-03-02,POLYCAB,13,8404.199999999999,8548.5,9961.810109511134,1054373.4901095112,9
SMV2-0322,2026-02-27,2026-03-02,ABB,19,5842.92,5983.0,9961.810109511134,1054373.4901095112,9
SMV2-0322,2026-02-27,2026-03-02,JINDALPOLY,187,604.302,627.35,9961.810109511134,1054373.4901095112,9
SMV2-0322,2026-02-27,2026-03-02,AGI,220,514.257,530.55,9961.810109511134,1054373.4901095112,9
SMV2-0322,2026-02-27,2026-03-02,COSMOFIRST,173,653.9268,687.8,9961.810109511134,1054373.4901095112,9
SMV2-0322,2026-02-27,2026-03-02,KAYNES,30,3672.8355,3736.6,9961.810109511134,1054373.4901095112,9
SMV2-0322,2026-02-27,2026-03-02,PFOCUS,463,245.1225,275.35,9961.810109511134,1054373.4901095112,9
SMV2-0322,2026-02-27,2026-03-02,PVRINOX,113,1000.5,1016.4,9961.810109511134,1054373.4901095112,9
SMV2-0323,2026-03-06,2026-03-09,ZEEL,1332,85.26261,80.05,34980.78106616114,1065637.6310661612,9
SMV2-0323,2026-03-06,2026-03-09,POLYCAB,13,8404.199999999999,8228.5,34980.78106616114,1065637.6310661612,9
SMV2-0323,2026-03-06,2026-03-09,ABB,19,5842.92,5982.5,34980.78106616114,1065637.6310661612,9
SMV2-0323,2026-03-06,2026-03-09,JINDALPOLY,154,604.302,812.85,34980.78106616114,1065637.6310661612,9
SMV2-0323,2026-03-06,2026-03-09,AGI,220,514.257,488.95,34980.78106616114,1065637.6310661612,9
SMV2-0323,2026-03-06,2026-03-09,COSMOFIRST,173,653.9268,671.75,34980.78106616114,1065637.6310661612,9
SMV2-0323,2026-03-06,2026-03-09,KAYNES,30,3672.8355,3701.8,34980.78106616114,1065637.6310661612,9
SMV2-0323,2026-03-06,2026-03-09,PFOCUS,463,245.1225,277.2,34980.78106616114,1065637.6310661612,9
SMV2-0323,2026-03-06,2026-03-09,PVRINOX,113,1000.5,1018.0,34980.78106616114,1065637.6310661612,9
SMV2-0324,2026-03-13,2026-03-16,ZEEL,1332,85.26261,75.39,38097.00842351114,1051668.588423511,9
SMV2-0324,2026-03-13,2026-03-16,POLYCAB,16,8179.650281249999,7127.0,38097.00842351114,1051668.588423511,9
SMV2-0324,2026-03-13,2026-03-16,ABB,19,5842.92,6218.0,38097.00842351114,1051668.588423511,9
SMV2-0324,2026-03-13,2026-03-16,JINDALPOLY,127,604.302,924.5,38097.00842351114,1051668.588423511,9
SMV2-0324,2026-03-13,2026-03-16,AGI,220,514.257,506.75,38097.00842351114,1051668.588423511,9
SMV2-0324,2026-03-13,2026-03-16,COSMOFIRST,173,653.9268,660.85,38097.00842351114,1051668.588423511,9
SMV2-0324,2026-03-13,2026-03-16,KAYNES,30,3672.8355,3555.0,38097.00842351114,1051668.588423511,9
SMV2-0324,2026-03-13,2026-03-16,PFOCUS,463,245.1225,260.65,38097.00842351114,1051668.588423511,9
SMV2-0324,2026-03-13,2026-03-16,PVRINOX,113,1000.5,977.2,38097.00842351114,1051668.588423511,9
SMV2-0325,2026-03-20,2026-03-23,POLYCAB,16,8179.650281249999,6795.0,24986.78731499113,1016801.1873149913,9
SMV2-0325,2026-03-20,2026-03-23,ABB,19,5842.92,6041.5,24986.78731499113,1016801.1873149913,9
SMV2-0325,2026-03-20,2026-03-23,JINDALPOLY,127,604.302,909.4,24986.78731499113,1016801.1873149913,9
SMV2-0325,2026-03-20,2026-03-23,AGI,220,514.257,473.1,24986.78731499113,1016801.1873149913,9
SMV2-0325,2026-03-20,2026-03-23,POWERGRID,388,298.149,302.1,24986.78731499113,1016801.1873149913,9
SMV2-0325,2026-03-20,2026-03-23,NTPC,306,377.28855,372.4,24986.78731499113,1016801.1873149913,9
SMV2-0325,2026-03-20,2026-03-23,COSMOFIRST,173,653.9268,588.9,24986.78731499113,1016801.1873149913,9
SMV2-0325,2026-03-20,2026-03-23,KAYNES,30,3672.8355,3409.7,24986.78731499113,1016801.1873149913,9
SMV2-0325,2026-03-20,2026-03-23,WAAREEENER,37,3110.3544,3064.6,24986.78731499113,1016801.1873149913,9
SMV2-0326,2026-03-27,2026-03-30,ASTRAL,69,1590.7949999999998,1599.0,2060.785457091129,991391.8354570912,9
SMV2-0326,2026-03-27,2026-03-30,POLYCAB,16,8179.650281249999,6843.5,2060.785457091129,991391.8354570912,9
SMV2-0326,2026-03-27,2026-03-30,ABB,19,5842.92,5941.5,2060.785457091129,991391.8354570912,9
SMV2-0326,2026-03-27,2026-03-30,POWERGRID,388,298.149,296.1,2060.785457091129,991391.8354570912,9
SMV2-0326,2026-03-27,2026-03-30,NTPC,306,377.28855,370.65,2060.785457091129,991391.8354570912,9
SMV2-0326,2026-03-27,2026-03-30,KAYNES,30,3672.8355,3429.6,2060.785457091129,991391.8354570912,9
SMV2-0326,2026-03-27,2026-03-30,WAAREEENER,37,3110.3544,3109.8,2060.785457091129,991391.8354570912,9
SMV2-0326,2026-03-27,2026-03-30,APOLLOPIPE,261,423.561675,414.65,2060.785457091129,991391.8354570912,9
SMV2-0326,2026-03-27,2026-03-30,SHAILY,49,2125.36215,2084.4,2060.785457091129,991391.8354570912,9
SMV2-0327,2026-04-02,2026-04-06,ASTRAL,69,1590.7949999999998,1522.8,2060.785457091129,1006744.6854570912,9
SMV2-0327,2026-04-02,2026-04-06,POLYCAB,16,8179.650281249999,7047.0,2060.785457091129,1006744.6854570912,9
SMV2-0327,2026-04-02,2026-04-06,ABB,19,5842.92,6193.5,2060.785457091129,1006744.6854570912,9
SMV2-0327,2026-04-02,2026-04-06,POWERGRID,388,298.149,295.15,2060.785457091129,1006744.6854570912,9
SMV2-0327,2026-04-02,2026-04-06,NTPC,306,377.28855,366.1,2060.785457091129,1006744.6854570912,9
SMV2-0327,2026-04-02,2026-04-06,KAYNES,30,3672.8355,3706.5,2060.785457091129,1006744.6854570912,9
SMV2-0327,2026-04-02,2026-04-06,WAAREEENER,37,3110.3544,3084.7,2060.785457091129,1006744.6854570912,9
SMV2-0327,2026-04-02,2026-04-06,APOLLOPIPE,261,423.561675,436.0,2060.785457091129,1006744.6854570912,9
SMV2-0327,2026-04-02,2026-04-06,SHAILY,49,2125.36215,2112.5,2060.785457091129,1006744.6854570912,9
SMV2-0328,2026-04-10,2026-04-13,ASTRAL,69,1590.7949999999998,1625.1,7139.140269691139,1044146.6602696911,9
SMV2-0328,2026-04-10,2026-04-13,POLYCAB,16,8179.650281249999,7548.0,7139.140269691139,1044146.6602696911,9
SMV2-0328,2026-04-10,2026-04-13,ABB,19,5842.92,6828.5,7139.140269691139,1044146.6602696911,9
SMV2-0328,2026-04-10,2026-04-13,GAIL,771,148.57424999999998,153.71,7139.140269691139,1044146.6602696911,9
SMV2-0328,2026-04-10,2026-04-13,MGL,108,1060.53,1071.0,7139.140269691139,1044146.6602696911,9
SMV2-0328,2026-04-10,2026-04-13,CONFIPET,1996,57.378675,54.61,7139.140269691139,1044146.6602696911,9
SMV2-0328,2026-04-10,2026-04-13,KAYNES,30,3672.8355,3878.6,7139.140269691139,1044146.6602696911,9
SMV2-0328,2026-04-10,2026-04-13,APOLLOPIPE,261,423.561675,458.45,7139.140269691139,1044146.6602696911,9
SMV2-0328,2026-04-10,2026-04-13,SHAILY,49,2125.36215,1942.3,7139.140269691139,1044146.6602696911,9
SMV2-0329,2026-04-17,2026-04-20,POLYCAB,16,8179.650281249999,8198.5,5.469159641172155,1092356.0591596412,9
SMV2-0329,2026-04-17,2026-04-20,ABB,19,5842.92,7158.0,5.469159641172155,1092356.0591596412,9
SMV2-0329,2026-04-17,2026-04-20,GAIL,771,148.57424999999998,157.7,5.469159641172155,1092356.0591596412,9
SMV2-0329,2026-04-17,2026-04-20,MGL,108,1060.53,1137.75,5.469159641172155,1092356.0591596412,9
SMV2-0329,2026-04-17,2026-04-20,CONFIPET,1996,57.378675,55.6,5.469159641172155,1092356.0591596412,9
SMV2-0329,2026-04-17,2026-04-20,TITAGARH,160,744.372,730.2,5.469159641172155,1092356.0591596412,9
SMV2-0329,2026-04-17,2026-04-20,TEXRAIL,887,106.403175,103.23,5.469159641172155,1092356.0591596412,9
SMV2-0329,2026-04-17,2026-04-20,KAYNES,30,3672.8355,4222.6,5.469159641172155,1092356.0591596412,9
SMV2-0329,2026-04-17,2026-04-20,AEQUS,692,172.18605,194.59,5.469159641172155,1092356.0591596412,9
SMV2-0330,2026-04-24,2026-04-27,POLYCAB,16,8179.650281249999,8065.5,5.469159641172155,1128516.679159641,9
SMV2-0330,2026-04-24,2026-04-27,ABB,19,5842.92,7430.5,5.469159641172155,1128516.679159641,9
SMV2-0330,2026-04-24,2026-04-27,GAIL,771,148.57424999999998,165.74,5.469159641172155,1128516.679159641,9
SMV2-0330,2026-04-24,2026-04-27,MGL,108,1060.53,1141.8,5.469159641172155,1128516.679159641,9
SMV2-0330,2026-04-24,2026-04-27,CONFIPET,1996,57.378675,57.73,5.469159641172155,1128516.679159641,9
SMV2-0330,2026-04-24,2026-04-27,TITAGARH,160,744.372,798.3,5.469159641172155,1128516.679159641,9
SMV2-0330,2026-04-24,2026-04-27,TEXRAIL,887,106.403175,107.15,5.469159641172155,1128516.679159641,9
SMV2-0330,2026-04-24,2026-04-27,KAYNES,30,3672.8355,4194.1,5.469159641172155,1128516.679159641,9
SMV2-0330,2026-04-24,2026-04-27,AEQUS,692,172.18605,207.17,5.469159641172155,1128516.679159641,9
SMV2-0331,2026-04-30,2026-05-04,BHEL,343,355.17749999999995,377.05,20633.87811227117,1112563.248112271,9
SMV2-0331,2026-04-30,2026-05-04,POLYCAB,16,8179.650281249999,8344.5,20633.87811227117,1112563.248112271,9
SMV2-0331,2026-04-30,2026-05-04,ABB,19,5842.92,7236.5,20633.87811227117,1112563.248112271,9
SMV2-0331,2026-04-30,2026-05-04,TITAGARH,160,744.372,769.45,20633.87811227117,1112563.248112271,9
SMV2-0331,2026-04-30,2026-05-04,TEXRAIL,1140,106.54528110526314,107.94,20633.87811227117,1112563.248112271,9
SMV2-0331,2026-04-30,2026-05-04,KAYNES,30,3672.8355,4098.9,20633.87811227117,1112563.248112271,9
SMV2-0331,2026-04-30,2026-05-04,AEQUS,692,172.18605,196.0,20633.87811227117,1112563.248112271,9
SMV2-0331,2026-04-30,2026-05-04,SUZLON,2172,56.2281,54.96,20633.87811227117,1112563.248112271,9
SMV2-0331,2026-04-30,2026-05-04,POWERINDIA,2,33896.939999999995,33730.0,20633.87811227117,1112563.248112271,9
SMV2-0332,2026-05-08,2026-05-11,BHEL,343,355.17749999999995,401.35,20633.87811227117,1126479.268112271,9
SMV2-0332,2026-05-08,2026-05-11,POLYCAB,16,8179.650281249999,9065.5,20633.87811227117,1126479.268112271,9
SMV2-0332,2026-05-08,2026-05-11,ABB,19,5842.92,6387.5,20633.87811227117,1126479.268112271,9
SMV2-0332,2026-05-08,2026-05-11,TITAGARH,160,744.372,815.3,20633.87811227117,1126479.268112271,9
SMV2-0332,2026-05-08,2026-05-11,TEXRAIL,1140,106.54528110526314,111.88,20633.87811227117,1126479.268112271,9
SMV2-0332,2026-05-08,2026-05-11,KAYNES,30,3672.8355,4364.3,20633.87811227117,1126479.268112271,9
SMV2-0332,2026-05-08,2026-05-11,AEQUS,692,172.18605,189.37,20633.87811227117,1126479.268112271,9
SMV2-0332,2026-05-08,2026-05-11,SUZLON,2172,56.2281,53.3,20633.87811227117,1126479.268112271,9
SMV2-0332,2026-05-08,2026-05-11,POWERINDIA,2,33896.939999999995,33020.0,20633.87811227117,1126479.268112271,9
SMV2-0333,2026-05-15,2026-05-18,POLYCAB,13,8179.650281249999,9151.0,212.63555743123288,1071835.7355574314,9
SMV2-0333,2026-05-15,2026-05-18,ABB,19,5842.92,6413.5,212.63555743123288,1071835.7355574314,9
SMV2-0333,2026-05-15,2026-05-18,HAL,24,4361.579699999999,4326.5,212.63555743123288,1071835.7355574314,9
SMV2-0333,2026-05-15,2026-05-18,TITAGARH,160,744.372,753.15,212.63555743123288,1071835.7355574314,9
SMV2-0333,2026-05-15,2026-05-18,TEXRAIL,1140,106.54528110526314,110.37,212.63555743123288,1071835.7355574314,9
SMV2-0333,2026-05-15,2026-05-18,KAYNES,37,3594.983079729729,3118.2,212.63555743123288,1071835.7355574314,9
SMV2-0333,2026-05-15,2026-05-18,AEQUS,692,172.18605,195.35,212.63555743123288,1071835.7355574314,9
SMV2-0333,2026-05-15,2026-05-18,MTARTECH,16,7203.599999999999,7110.5,212.63555743123288,1071835.7355574314,9
SMV2-0333,2026-05-15,2026-05-18,DATAPATTNS,31,3871.63485,3752.2,212.63555743123288,1071835.7355574314,9
SMV2-0334,2026-05-22,2026-05-25,POLYCAB,13,8179.650281249999,9398.5,23374.60877743124,1148337.4687774312,9
SMV2-0334,2026-05-22,2026-05-25,ABB,19,5842.92,6755.0,23374.60877743124,1148337.4687774312,9
SMV2-0334,2026-05-22,2026-05-25,HAL,24,4361.579699999999,4425.9,23374.60877743124,1148337.4687774312,9
SMV2-0334,2026-05-22,2026-05-25,TITAGARH,160,744.372,832.1,23374.60877743124,1148337.4687774312,9
SMV2-0334,2026-05-22,2026-05-25,TEXRAIL,1140,106.54528110526314,113.28,23374.60877743124,1148337.4687774312,9
SMV2-0334,2026-05-22,2026-05-25,KAYNES,37,3594.983079729729,3400.4,23374.60877743124,1148337.4687774312,9
SMV2-0334,2026-05-22,2026-05-25,AEQUS,584,172.18605,215.64,23374.60877743124,1148337.4687774312,9
SMV2-0334,2026-05-22,2026-05-25,MTARTECH,16,7203.599999999999,7951.0,23374.60877743124,1148337.4687774312,9
SMV2-0334,2026-05-22,2026-05-25,DATAPATTNS,31,3871.63485,4096.0,23374.60877743124,1148337.4687774312,9
SMV2-0335,2026-05-29,2026-06-01,POLYCAB,13,8179.650281249999,9480.5,24725.93975363126,1087737.4797536314,9
SMV2-0335,2026-05-29,2026-06-01,ABB,19,5842.92,7027.5,24725.93975363126,1087737.4797536314,9
SMV2-0335,2026-05-29,2026-06-01,HAL,24,4361.579699999999,4254.1,24725.93975363126,1087737.4797536314,9
SMV2-0335,2026-05-29,2026-06-01,TITAGARH,160,744.372,801.45,24725.93975363126,1087737.4797536314,9
SMV2-0335,2026-05-29,2026-06-01,TEXRAIL,1140,106.54528110526314,103.58,24725.93975363126,1087737.4797536314,9
SMV2-0335,2026-05-29,2026-06-01,KAYNES,37,3594.983079729729,3100.2,24725.93975363126,1087737.4797536314,9
SMV2-0335,2026-05-29,2026-06-01,AEQUS,584,172.18605,184.86,24725.93975363126,1087737.4797536314,9
SMV2-0335,2026-05-29,2026-06-01,MTARTECH,16,7203.599999999999,7069.5,24725.93975363126,1087737.4797536314,9
SMV2-0335,2026-05-29,2026-06-01,APOLLO,302,410.755275,404.15,24725.93975363126,1087737.4797536314,9
SMV2-0336,2026-06-05,2026-06-08,POLYCAB,13,8179.650281249999,9495.0,9.967511721275514,1087867.607511721,9
SMV2-0336,2026-06-05,2026-06-08,ABB,19,5842.92,6958.0,9.967511721275514,1087867.607511721,9
SMV2-0336,2026-06-05,2026-06-08,GAIL,731,166.10301,168.6,9.967511721275514,1087867.607511721,9
SMV2-0336,2026-06-05,2026-06-08,CONFIPET,1529,77.648805,77.4,9.967511721275514,1087867.607511721,9
SMV2-0336,2026-06-05,2026-06-08,REFEX,395,307.1535,298.3,9.967511721275514,1087867.607511721,9
SMV2-0336,2026-06-05,2026-06-08,TITAGARH,160,744.372,838.15,9.967511721275514,1087867.607511721,9
SMV2-0336,2026-06-05,2026-06-08,TEXRAIL,1140,106.54528110526314,103.04,9.967511721275514,1087867.607511721,9
SMV2-0336,2026-06-05,2026-06-08,KAYNES,37,3594.983079729729,3027.5,9.967511721275514,1087867.607511721,9
SMV2-0336,2026-06-05,2026-06-08,AEQUS,584,172.18605,187.01,9.967511721275514,1087867.607511721,9
SMV2-0337,2026-06-12,2026-06-15,POLYCAB,13,8179.650281249999,9556.0,3854.465204921304,1112732.8252049214,9
SMV2-0337,2026-06-12,2026-06-15,ABB,19,5842.92,6922.5,3854.465204921304,1112732.8252049214,9
SMV2-0337,2026-06-12,2026-06-15,TITAN,29,4223.1105,4283.5,3854.465204921304,1112732.8252049214,9
SMV2-0337,2026-06-12,2026-06-15,KALYANKJIL,347,352.176,383.0,3854.465204921304,1112732.8252049214,9
SMV2-0337,2026-06-12,2026-06-15,GAIL,731,166.10301,175.41,3854.465204921304,1112732.8252049214,9
SMV2-0337,2026-06-12,2026-06-15,CONFIPET,1529,77.648805,71.05,3854.465204921304,1112732.8252049214,9
SMV2-0337,2026-06-12,2026-06-15,REFEX,395,307.1535,314.1,3854.465204921304,1112732.8252049214,9
SMV2-0337,2026-06-12,2026-06-15,KAYNES,37,3594.983079729729,3082.1,3854.465204921304,1112732.8252049214,9
SMV2-0337,2026-06-12,2026-06-15,THANGAMAYL,22,5563.7805,5501.5,3854.465204921304,1112732.8252049214,9
SMV2-0338,2026-06-19,2026-06-22,POLYCAB,13,8179.650281249999,10022.5,4190.055814071369,1142816.6358140714,9
SMV2-0338,2026-06-19,2026-06-22,ABB,19,5842.92,7258.0,4190.055814071369,1142816.6358140714,9
SMV2-0338,2026-06-19,2026-06-22,ADANIENT,41,3041.52,3059.6,4190.055814071369,1142816.6358140714,9
SMV2-0338,2026-06-19,2026-06-22,MSTCLTD,183,693.096375,690.25,4190.055814071369,1142816.6358140714,9
SMV2-0338,2026-06-19,2026-06-22,REDINGTON,451,282.141,279.88,4190.055814071369,1142816.6358140714,9
SMV2-0338,2026-06-19,2026-06-22,GAIL,731,166.10301,177.3,4190.055814071369,1142816.6358140714,9
SMV2-0338,2026-06-19,2026-06-22,CONFIPET,1529,77.648805,69.2,4190.055814071369,1142816.6358140714,9
SMV2-0338,2026-06-19,2026-06-22,REFEX,395,307.1535,343.15,4190.055814071369,1142816.6358140714,9
SMV2-0338,2026-06-19,2026-06-22,KAYNES,37,3594.983079729729,3283.5,4190.055814071369,1142816.6358140714,9
SMV2-0339,2026-06-25,2026-06-29,ADANIENT,41,3041.52,2962.5,7791.362048771349,1138851.6820487715,9
SMV2-0339,2026-06-25,2026-06-29,MSTCLTD,183,693.096375,690.85,7791.362048771349,1138851.6820487715,9
SMV2-0339,2026-06-25,2026-06-29,REDINGTON,451,282.141,275.52,7791.362048771349,1138851.6820487715,9
SMV2-0339,2026-06-25,2026-06-29,GAIL,731,166.10301,172.22,7791.362048771349,1138851.6820487715,9
SMV2-0339,2026-06-25,2026-06-29,CONFIPET,1529,77.648805,71.47,7791.362048771349,1138851.6820487715,9
SMV2-0339,2026-06-25,2026-06-29,REFEX,395,307.1535,355.8,7791.362048771349,1138851.6820487715,9
SMV2-0339,2026-06-25,2026-06-29,TITAGARH,140,888.894225,878.35,7791.362048771349,1138851.6820487715,9
SMV2-0339,2026-06-25,2026-06-29,CARBORUNIV,109,1142.67105,1191.9,7791.362048771349,1138851.6820487715,9
SMV2-0339,2026-06-25,2026-06-29,AEQUS,544,230.01495,239.55,7791.362048771349,1138851.6820487715,9
SMV2-0340,2026-07-03,2026-07-06,PAGEIND,3,42671.325,42510.0,5428.335374361428,1147670.3453743614,9
SMV2-0340,2026-07-03,2026-07-06,ADANIENT,41,3041.52,3206.6,5428.335374361428,1147670.3453743614,9
SMV2-0340,2026-07-03,2026-07-06,MSTCLTD,183,693.096375,726.85,5428.335374361428,1147670.3453743614,9
SMV2-0340,2026-07-03,2026-07-06,REDINGTON,451,282.141,276.75,5428.335374361428,1147670.3453743614,9
SMV2-0340,2026-07-03,2026-07-06,TITAGARH,140,888.894225,868.3,5428.335374361428,1147670.3453743614,9
SMV2-0340,2026-07-03,2026-07-06,CARBORUNIV,109,1142.67105,1144.5,5428.335374361428,1147670.3453743614,9
SMV2-0340,2026-07-03,2026-07-06,KPRMILL,107,1189.5945,1178.8,5428.335374361428,1147670.3453743614,9
SMV2-0340,2026-07-03,2026-07-06,GOKEX,149,857.9787749999999,851.15,5428.335374361428,1147670.3453743614,9
SMV2-0340,2026-07-03,2026-07-06,AEQUS,544,230.01495,231.89,5428.335374361428,1147670.3453743614,9
SMV2-0341,2026-07-10,2026-07-13,TITAN,26,4580.289,4601.5,12914.578888311577,1112276.6388883116,9
SMV2-0341,2026-07-10,2026-07-13,KALYANKJIL,262,470.73525,510.65,12914.578888311577,1112276.6388883116,9
SMV2-0341,2026-07-10,2026-07-13,BEL,299,412.155975,410.8,12914.578888311577,1112276.6388883116,9
SMV2-0341,2026-07-10,2026-07-13,INDIGO,23,5177.5875,5229.5,12914.578888311577,1112276.6388883116,9
SMV2-0341,2026-07-10,2026-07-13,TITAGARH,140,888.894225,849.3,12914.578888311577,1112276.6388883116,9
SMV2-0341,2026-07-10,2026-07-13,CARBORUNIV,109,1142.67105,1073.0,12914.578888311577,1112276.6388883116,9
SMV2-0341,2026-07-10,2026-07-13,THANGAMAYL,18,6517.75725,6233.0,12914.578888311577,1112276.6388883116,9
SMV2-0341,2026-07-10,2026-07-13,AEQUS,544,230.01495,244.69,12914.578888311577,1112276.6388883116,9
SMV2-0341,2026-07-10,2026-07-13,APOLLO,302,408.204,402.85,12914.578888311577,1112276.6388883116,9
SMV2-0342,2026-07-17,2026-07-20,SUNPHARMA,63,1942.971,1956.4,14727.743037061691,1126108.5430370618,9
SMV2-0342,2026-07-17,2026-07-20,TITAN,26,4580.289,4643.4,14727.743037061691,1126108.5430370618,9
SMV2-0342,2026-07-17,2026-07-20,KALYANKJIL,216,470.73525,570.0,14727.743037061691,1126108.5430370618,9
SMV2-0342,2026-07-17,2026-07-20,HUHTAMAKI,510,242.82135,249.79,14727.743037061691,1126108.5430370618,9
SMV2-0342,2026-07-17,2026-07-20,AGI,178,693.3465,695.65,14727.743037061691,1126108.5430370618,9
SMV2-0342,2026-07-17,2026-07-20,COSMOFIRST,148,835.4675249999999,832.9,14727.743037061691,1126108.5430370618,9
SMV2-0342,2026-07-17,2026-07-20,THANGAMAYL,18,6517.75725,6385.5,14727.743037061691,1126108.5430370618,9
SMV2-0342,2026-07-17,2026-07-20,TORNTPHARM,26,4752.375,5005.4,14727.743037061691,1126108.5430370618,9
SMV2-0342,2026-07-17,2026-07-20,LAURUSLABS,80,1535.66745,1558.9,14727.743037061691,1126108.5430370618,9
SMV2-0343,2026-07-24,2026-07-27,TITAN,26,4580.289,4740.1,34446.026772861806,1178149.396772862,9
SMV2-0343,2026-07-24,2026-07-27,KALYANKJIL,216,470.73525,564.6,34446.026772861806,1178149.396772862,9
SMV2-0343,2026-07-24,2026-07-27,RELIANCE,101,1288.8441,1280.0,34446.026772861806,1178149.396772862,9
SMV2-0343,2026-07-24,2026-07-27,ONGC,529,248.124,238.56,34446.026772861806,1178149.396772862,9
SMV2-0343,2026-07-24,2026-07-27,HUHTAMAKI,410,242.82135,312.61,34446.026772861806,1178149.396772862,9
SMV2-0343,2026-07-24,2026-07-27,MRPL,757,173.58675,162.29,34446.026772861806,1178149.396772862,9
SMV2-0343,2026-07-24,2026-07-27,AGI,178,693.3465,707.15,34446.026772861806,1178149.396772862,9
SMV2-0343,2026-07-24,2026-07-27,COSMOFIRST,148,835.4675249999999,909.2,34446.026772861806,1178149.396772862,9
SMV2-0343,2026-07-24,2026-07-27,THANGAMAYL,18,6517.75725,7309.5,34446.026772861806,1178149.396772862,9
SMV2-0344,2026-07-31,2026-08-03,TITAN,26,4580.289,5000.0,3318.370722861808,1159862.6907228618,9
SMV2-0344,2026-07-31,2026-08-03,KALYANKJIL,216,470.73525,608.0,3318.370722861808,1159862.6907228618,9
SMV2-0344,2026-07-31,2026-08-03,RELIANCE,101,1288.8441,1319.0,3318.370722861808,1159862.6907228618,9
SMV2-0344,2026-07-31,2026-08-03,ONGC,529,248.124,242.0,3318.370722861808,1159862.6907228618,9
SMV2-0344,2026-07-31,2026-08-03,HUHTAMAKI,410,242.82135,300.0,3318.370722861808,1159862.6907228618,9
SMV2-0344,2026-07-31,2026-08-03,MRPL,757,173.58675,174.06,3318.370722861808,1159862.6907228618,9
SMV2-0344,2026-07-31,2026-08-03,AGI,178,693.3465,704.25,3318.370722861808,1159862.6907228618,9
SMV2-0344,2026-07-31,2026-08-03,COSMOFIRST,148,835.4675249999999,910.05,3318.370722861808,1159862.6907228618,9
SMV2-0344,2026-07-31,2026-08-03,THANGAMAYL,24,6182.714812499999,4965.5,3318.370722861808,1159862.6907228618,9
SMV2-0345,2026-08-07,2026-08-10,TITAN,26,4580.289,5090.0,3318.370722861808,1159766.5507228617,9
SMV2-0345,2026-08-07,2026-08-10,KALYANKJIL,216,470.73525,600.25,3318.370722861808,1159766.5507228617,9
SMV2-0345,2026-08-07,2026-08-10,RELIANCE,101,1288.8441,1327.3,3318.370722861808,1159766.5507228617,9
SMV2-0345,2026-08-07,2026-08-10,ONGC,529,248.124,239.84,3318.370722861808,1159766.5507228617,9
SMV2-0345,2026-08-07,2026-08-10,HUHTAMAKI,410,242.82135,284.7,3318.370722861808,1159766.5507228617,9
SMV2-0345,2026-08-07,2026-08-10,MRPL,757,173.58675,162.96,3318.370722861808,1159766.5507228617,9
SMV2-0345,2026-08-07,2026-08-10,AGI,178,693.3465,718.2,3318.370722861808,1159766.5507228617,9
SMV2-0345,2026-08-07,2026-08-10,COSMOFIRST,148,835.4675249999999,927.15,3318.370722861808,1159766.5507228617,9
SMV2-0345,2026-08-07,2026-08-10,THANGAMAYL,24,6182.714812499999,5349.0,3318.370722861808,1159766.5507228617,9
SMV2-0346,2026-08-14,2026-08-17,JKPAPER,339,381.1905,380.75,8792.534897961843,1173104.444897962,9
SMV2-0346,2026-08-14,2026-08-17,WSTCSTPAPR,211,611.60565,605.5,8792.534897961843,1173104.444897962,9
SMV2-0346,2026-08-14,2026-08-17,RELIANCE,101,1288.8441,1316.0,8792.534897961843,1173104.444897962,9
SMV2-0346,2026-08-14,2026-08-17,ONGC,529,248.124,238.49,8792.534897961843,1173104.444897962,9
SMV2-0346,2026-08-14,2026-08-17,HUHTAMAKI,410,242.82135,279.1,8792.534897961843,1173104.444897962,9
SMV2-0346,2026-08-14,2026-08-17,MRPL,757,173.58675,177.15,8792.534897961843,1173104.444897962,9
SMV2-0346,2026-08-14,2026-08-17,AGI,178,693.3465,716.5,8792.534897961843,1173104.444897962,9
SMV2-0346,2026-08-14,2026-08-17,COSMOFIRST,148,835.4675249999999,964.85,8792.534897961843,1173104.444897962,9
SMV2-0346,2026-08-14,2026-08-17,KPL,36,3566.5824,3598.1,8792.534897961843,1173104.444897962,9
SMV2-0347,2026-08-21,2026-08-24,ADANIENT,43,3011.505,2998.6,5332.733383961939,1173167.3633839618,9
SMV2-0347,2026-08-21,2026-08-24,REDINGTON,369,353.226525,365.1,5332.733383961939,1173167.3633839618,9
SMV2-0347,2026-08-21,2026-08-24,RELIANCE,101,1288.8441,1309.8,5332.733383961939,1173167.3633839618,9
SMV2-0347,2026-08-21,2026-08-24,ONGC,529,248.124,236.55,5332.733383961939,1173167.3633839618,9
SMV2-0347,2026-08-21,2026-08-24,HUHTAMAKI,410,242.82135,273.35,5332.733383961939,1173167.3633839618,9
SMV2-0347,2026-08-21,2026-08-24,MRPL,757,173.58675,173.84,5332.733383961939,1173167.3633839618,9
SMV2-0347,2026-08-21,2026-08-24,AGI,178,693.3465,741.65,5332.733383961939,1173167.3633839618,9
SMV2-0347,2026-08-21,2026-08-24,COSMOFIRST,148,835.4675249999999,907.95,5332.733383961939,1173167.3633839618,9
SMV2-0347,2026-08-21,2026-08-24,HEXT,243,536.117925,562.5,5332.733383961939,1173167.3633839618,9
SMV2-0348,2026-08-28,2026-08-31,FINCABLES,100,1300.65,1247.15,21765.51555046205,1164138.105550462,9
SMV2-0348,2026-08-28,2026-08-31,RELIANCE,101,1288.8441,1277.0,21765.51555046205,1164138.105550462,9
SMV2-0348,2026-08-28,2026-08-31,ONGC,529,248.124,231.8,21765.51555046205,1164138.105550462,9
SMV2-0348,2026-08-28,2026-08-31,KEI,23,5542.77,5740.3,21765.51555046205,1164138.105550462,9
SMV2-0348,2026-08-28,2026-08-31,HUHTAMAKI,410,242.82135,262.9,21765.51555046205,1164138.105550462,9
SMV2-0348,2026-08-28,2026-08-31,MRPL,757,173.58675,170.37,21765.51555046205,1164138.105550462,9
SMV2-0348,2026-08-28,2026-08-31,AGI,178,693.3465,776.1,21765.51555046205,1164138.105550462,9
SMV2-0348,2026-08-28,2026-08-31,COSMOFIRST,148,835.4675249999999,929.2,21765.51555046205,1164138.105550462,9
SMV2-0348,2026-08-28,2026-08-31,KAYNES,33,3944.9715,3685.0,21765.51555046205,1164138.105550462,9
SMV2-0349,2026-09-04,2026-09-07,RELIANCE,101,1288.8441,1309.5,25.92904163202911,1122527.849041632,9
SMV2-0349,2026-09-04,2026-09-07,ONGC,529,248.124,233.7,25.92904163202911,1122527.849041632,9
SMV2-0349,2026-09-04,2026-09-07,HUHTAMAKI,410,242.82135,250.05,25.92904163202911,1122527.849041632,9
SMV2-0349,2026-09-04,2026-09-07,MRPL,757,173.58675,173.19,25.92904163202911,1122527.849041632,9
SMV2-0349,2026-09-04,2026-09-07,AGI,178,693.3465,732.65,25.92904163202911,1122527.849041632,9
SMV2-0349,2026-09-04,2026-09-07,COSMOFIRST,148,835.4675249999999,926.3,25.92904163202911,1122527.849041632,9
SMV2-0349,2026-09-04,2026-09-07,TITAGARH,143,879.1893749999999,896.45,25.92904163202911,1122527.849041632,9
SMV2-0349,2026-09-04,2026-09-07,CARBORUNIV,105,1139.9697,1104.0,25.92904163202911,1122527.849041632,9
SMV2-0349,2026-09-04,2026-09-07,AEQUS,519,242.54121,233.86,25.92904163202911,1122527.849041632,9
SMV2-0350,2026-09-11,2026-09-15,TITAN,24,5005.501499999999,4856.0,3257.4743798321,1074728.194379832,9
SMV2-0350,2026-09-11,2026-09-15,JKPAPER,296,414.457125,402.1,3257.4743798321,1074728.194379832,9
SMV2-0350,2026-09-11,2026-09-15,WSTCSTPAPR,172,713.3565,713.3,3257.4743798321,1074728.194379832,9
SMV2-0350,2026-09-11,2026-09-15,KALYANKJIL,201,610.305,604.2,3257.4743798321,1074728.194379832,9
SMV2-0350,2026-09-11,2026-09-15,RELIANCE,101,1288.8441,1235.3,3257.4743798321,1074728.194379832,9
SMV2-0350,2026-09-11,2026-09-15,ONGC,529,248.124,235.95,3257.4743798321,1074728.194379832,9
SMV2-0350,2026-09-11,2026-09-15,MRPL,757,173.58675,166.81,3257.4743798321,1074728.194379832,9
SMV2-0350,2026-09-11,2026-09-15,KPL,29,3701.85,3430.6,3257.4743798321,1074728.194379832,9
SMV2-0350,2026-09-11,2026-09-15,TBZ,222,552.8763,524.45,3257.4743798321,1074728.194379832,9
