symbol,observed_symbol,canonical_identity,sector,sector_code,mapping_status,mapping_source,sector_candidates,identity_status,identity_ambiguous,historical_validity_status,historically_verified,first_observed_date,last_observed_date
21STCENMGM,21STCENMGM,21STCENMGM,,,UNMAPPED,,,OBSERVED_SYMBOL_HISTORY_NOT_STITCHED,False,UNMAPPED,False,2020-01-02,2026-09-11
3BBLACKBIO,3BBLACKBIO,3BBLACKBIO,,,UNMAPPED,,,OBSERVED_SYMBOL_HISTORY_NOT_STITCHED,False,UNMAPPED,False,2026-04-20,2026-09-11
3IINFOTECH,3IINFOTECH,3IINFOTECH,,,UNMAPPED,,,OBSERVED_SYMBOL_HISTORY_NOT_STITCHED,False,UNMAPPED,False,2020-01-01,2021-06-08
4THDIM,4THDIM,4THDIM,,,UNMAPPED,,,OBSERVED_SYMBOL_HISTORY_NOT_STITCHED,False,UNMAPPED,False,2022-09-22,2022-12-05
8KMILES,8KMILES,8KMILES,,,UNMAPPED,,,OBSERVED_SYMBOL_HISTORY_NOT_STITCHED,False,UNMAPPED,False,2020-09-15,2020-09-23
AASTHA,AASTHA,AASTHA,,,UNMAPPED,,,OBSERVED_SYMBOL_HISTORY_NOT_STITCHED,False,UNMAPPED,False,2026-07-20,2026-09-11
ABGSEC,ABGSEC,ABGSEC,,,UNMAPPED,,,OBSERVED_SYMBOL_HISTORY_NOT_STITCHED,False,UNMAPPED,False,2024-07-10,2026-09-11
ABLBL,ABLBL,ABLBL,,,UNMAPPED,,,OBSERVED_SYMBOL_HISTORY_NOT_STITCHED,False,UNMAPPED,False,2025-07-07,2026-09-11
ABMINTLTD,ABMINTLTD,ABMINTLTD,,,UNMAPPED,,,OBSERVED_SYMBOL_HISTORY_NOT_STITCHED,False,UNMAPPED,False,2021-02-02,2021-07-26
ABMKNO,ABMKNO,ABMKNO,,,UNMAPPED,,,OBSERVED_SYMBOL_HISTORY_NOT_STITCHED,False,UNMAPPED,False,2026-04-20,2026-09-11
ABSL10BANK,ABSL10BANK,ABSL10BANK,,,UNMAPPED,,,OBSERVED_SYMBOL_HISTORY_NOT_STITCHED,False,UNMAPPED,False,2026-03-04,2026-09-11
ABSLBANETF,ABSLBANETF,ABSLBANETF,,,UNMAPPED,,,OBSERVED_SYMBOL_HISTORY_NOT_STITCHED,False,UNMAPPED,False,2020-01-01,2026-09-11
ABSLLIQUID,ABSLLIQUID,ABSLLIQUID,,,UNMAPPED,,,OBSERVED_SYMBOL_HISTORY_NOT_STITCHED,False,UNMAPPED,False,2023-03-16,2026-09-11
ABSLMSCIN,ABSLMSCIN,ABSLMSCIN,,,UNMAPPED,,,OBSERVED_SYMBOL_HISTORY_NOT_STITCHED,False,UNMAPPED,False,2026-02-20,2026-09-11
ABSLNN50ET,ABSLNN50ET,ABSLNN50ET,,,UNMAPPED,,,OBSERVED_SYMBOL_HISTORY_NOT_STITCHED,False,UNMAPPED,False,2020-01-01,2026-09-11
ABSLPSE,ABSLPSE,ABSLPSE,,,UNMAPPED,,,OBSERVED_SYMBOL_HISTORY_NOT_STITCHED,False,UNMAPPED,False,2024-05-23,2026-09-11
ACGL,ACGL,ACGL,,,UNMAPPED,,,OBSERVED_SYMBOL_HISTORY_NOT_STITCHED,False,UNMAPPED,False,2026-08-17,2026-09-11
ACRYSIL,ACRYSIL,ACRYSIL,,,UNMAPPED,,,OBSERVED_SYMBOL_HISTORY_NOT_STITCHED,False,UNMAPPED,False,2021-01-14,2022-11-17
ACSTECH,ACSTECH,ACSTECH,,,UNMAPPED,,,OBSERVED_SYMBOL_HISTORY_NOT_STITCHED,False,UNMAPPED,False,2026-04-20,2026-08-25
ADANIENSOL,ADANIENSOL,ADANIENSOL,,,UNMAPPED,,,OBSERVED_SYMBOL_HISTORY_NOT_STITCHED,False,UNMAPPED,False,2023-08-24,2026-09-11
ADANIGAS,ADANIGAS,ADANIGAS,,,UNMAPPED,,,OBSERVED_SYMBOL_HISTORY_NOT_STITCHED,False,UNMAPPED,False,2020-01-01,2021-01-12
ADANIPOWER,ADANIPOWER,,,,UNMAPPED,,,MULTIPLE_ISIN_OBSERVED_NO_IDENTITY_INFERENCE,True,IDENTITY_AMBIGUOUS,False,2020-01-01,2026-09-11
ADANITRANS,ADANITRANS,ADANITRANS,,,UNMAPPED,,,OBSERVED_SYMBOL_HISTORY_NOT_STITCHED,False,UNMAPPED,False,2020-01-01,2023-08-23
ADHUNIKIND,ADHUNIKIND,ADHUNIKIND,,,UNMAPPED,,,OBSERVED_SYMBOL_HISTORY_NOT_STITCHED,False,UNMAPPED,False,2020-01-01,2021-05-19
ADLABS,ADLABS,ADLABS,,,UNMAPPED,,,OBSERVED_SYMBOL_HISTORY_NOT_STITCHED,False,UNMAPPED,False,2020-03-04,2020-04-21
ADOR,ADOR,,,,UNMAPPED,,,OBJECTIVE_SAME_ISIN_ALIAS_OBSERVED_NO_STITCH,True,IDENTITY_AMBIGUOUS,False,2025-04-11,2026-09-11
ADVAIT,ADVAIT,ADVAIT,,,UNMAPPED,,,OBSERVED_SYMBOL_HISTORY_NOT_STITCHED,False,UNMAPPED,False,2026-01-20,2026-09-11
ADVANCE,ADVANCE,ADVANCE,,,UNMAPPED,,,OBSERVED_SYMBOL_HISTORY_NOT_STITCHED,False,UNMAPPED,False,2025-10-24,2026-09-11
ADVIKCA,ADVIKCA,ADVIKCA,,,UNMAPPED,,,OBSERVED_SYMBOL_HISTORY_NOT_STITCHED,False,UNMAPPED,False,2026-08-17,2026-09-11
AEGISCHEM,AEGISCHEM,AEGISCHEM,,,UNMAPPED,,,OBSERVED_SYMBOL_HISTORY_NOT_STITCHED,False,UNMAPPED,False,2020-01-01,2024-06-06
AEGISVOPAK,AEGISVOPAK,AEGISVOPAK,,,UNMAPPED,,,OBSERVED_SYMBOL_HISTORY_NOT_STITCHED,False,UNMAPPED,False,2025-06-02,2026-09-11
AEROENTER,AEROENTER,,,,UNMAPPED,,,OBJECTIVE_SAME_ISIN_ALIAS_OBSERVED_NO_STITCH,True,IDENTITY_AMBIGUOUS,False,2025-06-25,2026-09-11
AERONEU,AERONEU,,,,UNMAPPED,,,OBJECTIVE_SAME_ISIN_ALIAS_OBSERVED_NO_STITCH,True,IDENTITY_AMBIGUOUS,False,2025-09-08,2026-09-11
AEROPLANE,AEROPLANE,,,,UNMAPPED,,,OBJECTIVE_SAME_ISIN_ALIAS_OBSERVED_NO_STITCH,True,IDENTITY_AMBIGUOUS,False,2026-07-20,2026-09-11
AFFORDABLE,AFFORDABLE,AFFORDABLE,,,UNMAPPED,,,OBSERVED_SYMBOL_HISTORY_NOT_STITCHED,False,UNMAPPED,False,2024-10-23,2026-09-11
AGCNET,AGCNET,AGCNET,,,UNMAPPED,,,OBSERVED_SYMBOL_HISTORY_NOT_STITCHED,False,UNMAPPED,False,2020-01-01,2021-12-02
AGL,AGL,AGL,,,UNMAPPED,,,OBSERVED_SYMBOL_HISTORY_NOT_STITCHED,False,UNMAPPED,False,2026-07-17,2026-09-11
AHLWEST,AHLWEST,AHLWEST,,,UNMAPPED,,,OBSERVED_SYMBOL_HISTORY_NOT_STITCHED,False,UNMAPPED,False,2020-01-01,2026-04-22
AIONJSW,AIONJSW,AIONJSW,,,UNMAPPED,,,OBSERVED_SYMBOL_HISTORY_NOT_STITCHED,False,UNMAPPED,False,2020-01-01,2020-10-09
AIRAN,AIRAN,AIRAN,,,UNMAPPED,,,OBSERVED_SYMBOL_HISTORY_NOT_STITCHED,False,UNMAPPED,False,2020-01-01,2026-09-11
AJAXENGG,AJAXENGG,AJAXENGG,,,UNMAPPED,,,OBSERVED_SYMBOL_HISTORY_NOT_STITCHED,False,UNMAPPED,False,2025-02-17,2026-09-11
AJOONI,AJOONI,AJOONI,,,UNMAPPED,,,OBSERVED_SYMBOL_HISTORY_NOT_STITCHED,False,UNMAPPED,False,2021-05-07,2026-09-11
AJRINFRA,AJRINFRA,AJRINFRA,,,UNMAPPED,,,OBSERVED_SYMBOL_HISTORY_NOT_STITCHED,False,UNMAPPED,False,2021-10-12,2023-01-20
AKCAPIT,AKCAPIT,AKCAPIT,,,UNMAPPED,,,OBSERVED_SYMBOL_HISTORY_NOT_STITCHED,False,UNMAPPED,False,2026-04-20,2026-09-11
ALBK,ALBK,ALBK,,,UNMAPPED,,,OBSERVED_SYMBOL_HISTORY_NOT_STITCHED,False,UNMAPPED,False,2020-01-01,2020-03-19
ALCHEM,ALCHEM,ALCHEM,,,UNMAPPED,,,OBSERVED_SYMBOL_HISTORY_NOT_STITCHED,False,UNMAPPED,False,2020-06-23,2020-12-16
ALFREDHE,ALFREDHE,ALFREDHE,,,UNMAPPED,,,OBSERVED_SYMBOL_HISTORY_NOT_STITCHED,False,UNMAPPED,False,2026-08-17,2026-09-11
ALLDIGI,ALLDIGI,,,,UNMAPPED,,,OBJECTIVE_SAME_ISIN_ALIAS_OBSERVED_NO_STITCH,True,IDENTITY_AMBIGUOUS,False,2024-09-27,2026-09-11
ALPHA,ALPHA,ALPHA,,,UNMAPPED,,,OBSERVED_SYMBOL_HISTORY_NOT_STITCHED,False,UNMAPPED,False,2024-03-20,2026-09-11
ALPHAETF,ALPHAETF,ALPHAETF,,,UNMAPPED,,,OBSERVED_SYMBOL_HISTORY_NOT_STITCHED,False,UNMAPPED,False,2023-10-27,2026-09-11
ALPINETEX,ALPINETEX,ALPINETEX,,,UNMAPPED,,,OBSERVED_SYMBOL_HISTORY_NOT_STITCHED,False,UNMAPPED,False,2026-08-04,2026-09-11
ALPL30IETF,ALPL30IETF,ALPL30IETF,,,UNMAPPED,,,OBSERVED_SYMBOL_HISTORY_NOT_STITCHED,False,UNMAPPED,False,2023-12-20,2026-09-11
ALUFLUOR,ALUFLUOR,ALUFLUOR,,,UNMAPPED,,,OBSERVED_SYMBOL_HISTORY_NOT_STITCHED,False,UNMAPPED,False,2026-08-17,2026-09-11
AMAL,AMAL,AMAL,,,UNMAPPED,,,OBSERVED_SYMBOL_HISTORY_NOT_STITCHED,False,UNMAPPED,False,2026-08-17,2026-09-11
AMARAJABAT,AMARAJABAT,AMARAJABAT,,,UNMAPPED,,,OBSERVED_SYMBOL_HISTORY_NOT_STITCHED,False,UNMAPPED,False,2020-01-01,2023-10-26
AMARJOTHI,AMARJOTHI,AMARJOTHI,,,UNMAPPED,,,OBSERVED_SYMBOL_HISTORY_NOT_STITCHED,False,UNMAPPED,False,2026-08-17,2026-09-11
AMBALALSA,AMBALALSA,AMBALALSA,,,UNMAPPED,,,OBSERVED_SYMBOL_HISTORY_NOT_STITCHED,False,UNMAPPED,False,2026-04-20,2026-08-20
AMBICAAGAR,AMBICAAGAR,AMBICAAGAR,,,UNMAPPED,,,OBSERVED_SYMBOL_HISTORY_NOT_STITCHED,False,UNMAPPED,False,2021-04-29,2026-09-11
AMDIND,AMDIND,AMDIND,,,UNMAPPED,,,OBSERVED_SYMBOL_HISTORY_NOT_STITCHED,False,UNMAPPED,False,2020-01-01,2026-09-11
ANDHRABANK,ANDHRABANK,ANDHRABANK,,,UNMAPPED,,,OBSERVED_SYMBOL_HISTORY_NOT_STITCHED,False,UNMAPPED,False,2020-01-01,2020-03-19
ANDHRACEMT,ANDHRACEMT,ANDHRACEMT,,,UNMAPPED,,,OBSERVED_SYMBOL_HISTORY_NOT_STITCHED,False,UNMAPPED,False,2020-01-01,2023-03-02
ANDPAPER,ANDPAPER,ANDPAPER,,,UNMAPPED,,,OBSERVED_SYMBOL_HISTORY_NOT_STITCHED,False,UNMAPPED,False,2020-01-22,2020-03-04
ANGELBRKG,ANGELBRKG,ANGELBRKG,,,UNMAPPED,,,OBSERVED_SYMBOL_HISTORY_NOT_STITCHED,False,UNMAPPED,False,2020-10-05,2021-11-10
ANNAPURNA,ANNAPURNA,ANNAPURNA,,,UNMAPPED,,,OBSERVED_SYMBOL_HISTORY_NOT_STITCHED,False,UNMAPPED,False,2026-08-12,2026-09-11
ANSALAPI,ANSALAPI,ANSALAPI,,,UNMAPPED,,,OBSERVED_SYMBOL_HISTORY_NOT_STITCHED,False,UNMAPPED,False,2020-01-01,2022-09-21
ANSALBU,ANSALBU,ANSALBU,,,UNMAPPED,,,OBSERVED_SYMBOL_HISTORY_NOT_STITCHED,False,UNMAPPED,False,2026-08-17,2026-09-11
ANSALHSG,ANSALHSG,ANSALHSG,,,UNMAPPED,,,OBSERVED_SYMBOL_HISTORY_NOT_STITCHED,False,UNMAPPED,False,2020-03-04,2022-10-12
ANTELOPUS,ANTELOPUS,,,,UNMAPPED,,,OBJECTIVE_SAME_ISIN_ALIAS_OBSERVED_NO_STITCH,True,IDENTITY_AMBIGUOUS,False,2025-09-22,2026-09-11
ANTGRAPHIC,ANTGRAPHIC,ANTGRAPHIC,,,UNMAPPED,,,OBSERVED_SYMBOL_HISTORY_NOT_STITCHED,False,UNMAPPED,False,2022-08-23,2026-09-11
ANTHEM,ANTHEM,ANTHEM,,,UNMAPPED,,,OBSERVED_SYMBOL_HISTORY_NOT_STITCHED,False,UNMAPPED,False,2025-07-21,2026-09-11
ANUHPHR,ANUHPHR,ANUHPHR,,,UNMAPPED,,,OBSERVED_SYMBOL_HISTORY_NOT_STITCHED,False,UNMAPPED,False,2024-12-20,2026-09-11
AONEGOLD,AONEGOLD,AONEGOLD,,,UNMAPPED,,,OBSERVED_SYMBOL_HISTORY_NOT_STITCHED,False,UNMAPPED,False,2025-09-10,2026-09-11
AONELIQUID,AONELIQUID,AONELIQUID,,,UNMAPPED,,,OBSERVED_SYMBOL_HISTORY_NOT_STITCHED,False,UNMAPPED,False,2025-03-28,2026-09-11
AONENIFTY,AONENIFTY,AONENIFTY,,,UNMAPPED,,,OBSERVED_SYMBOL_HISTORY_NOT_STITCHED,False,UNMAPPED,False,2025-05-28,2026-09-11
AONESILVER,AONESILVER,AONESILVER,,,UNMAPPED,,,OBSERVED_SYMBOL_HISTORY_NOT_STITCHED,False,UNMAPPED,False,2026-03-02,2026-09-11
AONETMMQ50,AONETMMQ50,AONETMMQ50,,,UNMAPPED,,,OBSERVED_SYMBOL_HISTORY_NOT_STITCHED,False,UNMAPPED,False,2025-11-27,2026-09-11
AONETOTAL,AONETOTAL,AONETOTAL,,,UNMAPPED,,,OBSERVED_SYMBOL_HISTORY_NOT_STITCHED,False,UNMAPPED,False,2025-03-05,2026-09-11
APOORVA,APOORVA,APOORVA,,,UNMAPPED,,,OBSERVED_SYMBOL_HISTORY_NOT_STITCHED,False,UNMAPPED,False,2026-08-20,2026-09-11
ARCL,ARCL,ARCL,,,UNMAPPED,,,OBSERVED_SYMBOL_HISTORY_NOT_STITCHED,False,UNMAPPED,False,2026-08-17,2026-09-11
ARCOTECH,ARCOTECH,ARCOTECH,,,UNMAPPED,,,OBSERVED_SYMBOL_HISTORY_NOT_STITCHED,False,UNMAPPED,False,2020-03-04,2020-12-16
ARIS,ARIS,,,,UNMAPPED,,,OBJECTIVE_SAME_ISIN_ALIAS_OBSERVED_NO_STITCH,True,IDENTITY_AMBIGUOUS,False,2026-02-09,2026-09-11
ARISINFRA,ARISINFRA,,,,UNMAPPED,,,OBJECTIVE_SAME_ISIN_ALIAS_OBSERVED_NO_STITCH,True,IDENTITY_AMBIGUOUS,False,2025-06-25,2026-02-06
ARROWTEX,ARROWTEX,ARROWTEX,,,UNMAPPED,,,OBSERVED_SYMBOL_HISTORY_NOT_STITCHED,False,UNMAPPED,False,2020-01-01,2020-01-01
ARSSBL,ARSSBL,ARSSBL,,,UNMAPPED,,,OBSERVED_SYMBOL_HISTORY_NOT_STITCHED,False,UNMAPPED,False,2025-09-30,2026-09-11
ARTNIRMAN,ARTNIRMAN,ARTNIRMAN,,,UNMAPPED,,,OBSERVED_SYMBOL_HISTORY_NOT_STITCHED,False,UNMAPPED,False,2021-10-20,2026-09-11
ARYAMAN,ARYAMAN,ARYAMAN,,,UNMAPPED,,,OBSERVED_SYMBOL_HISTORY_NOT_STITCHED,False,UNMAPPED,False,2026-08-17,2026-09-11
ASHIKA,ASHIKA,,,,UNMAPPED,,,OBJECTIVE_SAME_ISIN_ALIAS_OBSERVED_NO_STITCH,True,IDENTITY_AMBIGUOUS,False,2026-04-20,2026-07-24
ASHIKAG,ASHIKAG,,,,UNMAPPED,,,OBJECTIVE_SAME_ISIN_ALIAS_OBSERVED_NO_STITCH,True,IDENTITY_AMBIGUOUS,False,2026-07-27,2026-08-10
ASIANTNE,ASIANTNE,ASIANTNE,,,UNMAPPED,,,OBSERVED_SYMBOL_HISTORY_NOT_STITCHED,False,UNMAPPED,False,2026-08-17,2026-09-11
ASSAMENT,ASSAMENT,ASSAMENT,,,UNMAPPED,,,OBSERVED_SYMBOL_HISTORY_NOT_STITCHED,False,UNMAPPED,False,2026-08-17,2026-09-10
ASTAR,ASTAR,ASTAR,,,UNMAPPED,,,OBSERVED_SYMBOL_HISTORY_NOT_STITCHED,False,UNMAPPED,False,2026-04-20,2026-09-11
ASTRON,ASTRON,ASTRON,,,UNMAPPED,,,OBSERVED_SYMBOL_HISTORY_NOT_STITCHED,False,UNMAPPED,False,2020-01-01,2026-04-16
ATGL,ATGL,ATGL,,,UNMAPPED,,,OBSERVED_SYMBOL_HISTORY_NOT_STITCHED,False,UNMAPPED,False,2021-01-13,2026-09-11
ATLANTA,ATLANTA,ATLANTA,,,UNMAPPED,,,OBSERVED_SYMBOL_HISTORY_NOT_STITCHED,False,UNMAPPED,False,2020-01-01,2023-12-13
ATLASCYCLE,ATLASCYCLE,ATLASCYCLE,,,UNMAPPED,,,OBSERVED_SYMBOL_HISTORY_NOT_STITCHED,False,UNMAPPED,False,2025-01-03,2026-09-11
AUGMONT,AUGMONT,AUGMONT,,,UNMAPPED,,,OBSERVED_SYMBOL_HISTORY_NOT_STITCHED,False,UNMAPPED,False,2026-08-31,2026-09-11
AURIGROW,AURIGROW,,,,UNMAPPED,,,OBJECTIVE_SAME_ISIN_ALIAS_OBSERVED_NO_STITCH,True,IDENTITY_AMBIGUOUS,False,2025-10-17,2026-07-07
AURUS,AURUS,,,,UNMAPPED,,,OBJECTIVE_SAME_ISIN_ALIAS_OBSERVED_NO_STITCH,True,IDENTITY_AMBIGUOUS,False,2026-07-14,2026-09-11
AUTOBEES,AUTOBEES,AUTOBEES,,,UNMAPPED,,,OBSERVED_SYMBOL_HISTORY_NOT_STITCHED,False,UNMAPPED,False,2022-05-10,2026-09-11
AUTOIETF,AUTOIETF,AUTOIETF,,,UNMAPPED,,,OBSERVED_SYMBOL_HISTORY_NOT_STITCHED,False,UNMAPPED,False,2023-12-20,2026-09-11
AUTOLITIND,AUTOLITIND,AUTOLITIND,,,UNMAPPED,,,OBSERVED_SYMBOL_HISTORY_NOT_STITCHED,False,UNMAPPED,False,2020-01-01,2021-01-22
AVAILFC,AVAILFC,AVAILFC,,,UNMAPPED,,,OBSERVED_SYMBOL_HISTORY_NOT_STITCHED,False,UNMAPPED,False,2026-04-20,2026-06-03
AVANCE,AVANCE,AVANCE,,,UNMAPPED,,,OBSERVED_SYMBOL_HISTORY_NOT_STITCHED,False,UNMAPPED,False,2026-08-17,2026-09-11
AVL,AVL,AVL,,,UNMAPPED,,,OBSERVED_SYMBOL_HISTORY_NOT_STITCHED,False,UNMAPPED,False,2024-11-06,2026-09-11
AXISBNKETF,AXISBNKETF,,,,UNMAPPED,,,OBJECTIVE_SAME_ISIN_ALIAS_OBSERVED_NO_STITCH,True,IDENTITY_AMBIGUOUS,False,2020-11-09,2026-07-02
AXISBPSETF,AXISBPSETF,AXISBPSETF,,,UNMAPPED,,,OBSERVED_SYMBOL_HISTORY_NOT_STITCHED,False,UNMAPPED,False,2021-05-18,2026-04-28
AXISCETF,AXISCETF,,,,UNMAPPED,,,OBJECTIVE_SAME_ISIN_ALIAS_OBSERVED_NO_STITCH,True,IDENTITY_AMBIGUOUS,False,2021-09-23,2026-07-02
AXISGOLD,AXISGOLD,,,,UNMAPPED,,,OBJECTIVE_SAME_ISIN_ALIAS_OBSERVED_NO_STITCH,True,IDENTITY_AMBIGUOUS,False,2020-01-01,2026-07-02
AXISHCETF,AXISHCETF,,,,UNMAPPED,,,OBJECTIVE_SAME_ISIN_ALIAS_OBSERVED_NO_STITCH,True,IDENTITY_AMBIGUOUS,False,2021-05-21,2026-07-02
AXISILVER,AXISILVER,,,,UNMAPPED,,,OBJECTIVE_SAME_ISIN_ALIAS_OBSERVED_NO_STITCH,True,IDENTITY_AMBIGUOUS,False,2022-09-27,2026-07-02
AXISNIFTY,AXISNIFTY,,,,UNMAPPED,,,OBJECTIVE_SAME_ISIN_ALIAS_OBSERVED_NO_STITCH,True,IDENTITY_AMBIGUOUS,False,2020-01-01,2026-07-02
AXISTECETF,AXISTECETF,,,,UNMAPPED,,,OBJECTIVE_SAME_ISIN_ALIAS_OBSERVED_NO_STITCH,True,IDENTITY_AMBIGUOUS,False,2021-03-31,2026-07-02
AXISVALUE,AXISVALUE,,,,UNMAPPED,,,OBJECTIVE_SAME_ISIN_ALIAS_OBSERVED_NO_STITCH,True,IDENTITY_AMBIGUOUS,False,2025-03-20,2026-07-02
AXSENSEX,AXSENSEX,,,,UNMAPPED,,,OBJECTIVE_SAME_ISIN_ALIAS_OBSERVED_NO_STITCH,True,IDENTITY_AMBIGUOUS,False,2023-03-29,2026-07-02
AXTEL,AXTEL,AXTEL,,,UNMAPPED,,,OBSERVED_SYMBOL_HISTORY_NOT_STITCHED,False,UNMAPPED,False,2026-08-17,2026-09-11
AZADIND,AZADIND,AZADIND,,,UNMAPPED,,,OBSERVED_SYMBOL_HISTORY_NOT_STITCHED,False,UNMAPPED,False,2026-08-17,2026-09-11
BAJAJINDEF,BAJAJINDEF,BAJAJINDEF,,,UNMAPPED,,,OBSERVED_SYMBOL_HISTORY_NOT_STITCHED,False,UNMAPPED,False,2025-03-10,2026-09-11
BALAJEE,BALAJEE,BALAJEE,,,UNMAPPED,,,OBSERVED_SYMBOL_HISTORY_NOT_STITCHED,False,UNMAPPED,False,2024-09-26,2026-09-11
BALKRISHNA,BALKRISHNA,BALKRISHNA,,,UNMAPPED,,,OBSERVED_SYMBOL_HISTORY_NOT_STITCHED,False,UNMAPPED,False,2020-01-01,2026-09-11
BALLARPUR,BALLARPUR,BALLARPUR,,,UNMAPPED,,,OBSERVED_SYMBOL_HISTORY_NOT_STITCHED,False,UNMAPPED,False,2020-03-04,2020-11-27
BANK10ADD,BANK10ADD,BANK10ADD,,,UNMAPPED,,,OBSERVED_SYMBOL_HISTORY_NOT_STITCHED,False,UNMAPPED,False,2026-03-12,2026-09-11
BANK10BETF,BANK10BETF,BANK10BETF,,,UNMAPPED,,,OBSERVED_SYMBOL_HISTORY_NOT_STITCHED,False,UNMAPPED,False,2026-07-21,2026-09-11
BANKADD,BANKADD,,,,UNMAPPED,,,OBJECTIVE_SAME_ISIN_ALIAS_OBSERVED_NO_STITCH,True,IDENTITY_AMBIGUOUS,False,2025-12-15,2026-09-11
BANKBEES,BANKBEES,BANKBEES,,,UNMAPPED,,,OBSERVED_SYMBOL_HISTORY_NOT_STITCHED,False,UNMAPPED,False,2020-01-01,2026-09-11
BANKBETA,BANKBETA,,,,UNMAPPED,,,OBJECTIVE_SAME_ISIN_ALIAS_OBSERVED_NO_STITCH,True,IDENTITY_AMBIGUOUS,False,2025-12-24,2026-09-11
BANKBETF,BANKBETF,BANKBETF,,,UNMAPPED,,,OBSERVED_SYMBOL_HISTORY_NOT_STITCHED,False,UNMAPPED,False,2024-01-29,2026-09-11
BANKETF,BANKETF,BANKETF,,,UNMAPPED,,,OBSERVED_SYMBOL_HISTORY_NOT_STITCHED,False,UNMAPPED,False,2023-07-26,2026-09-11
BANKETFADD,BANKETFADD,,,,UNMAPPED,,,OBJECTIVE_SAME_ISIN_ALIAS_OBSERVED_NO_STITCH,True,IDENTITY_AMBIGUOUS,False,2024-02-15,2025-12-12
BANKIETF,BANKIETF,BANKIETF,,,UNMAPPED,,,OBSERVED_SYMBOL_HISTORY_NOT_STITCHED,False,UNMAPPED,False,2023-12-20,2026-09-11
BANKNIFTY1,BANKNIFTY1,,,,UNMAPPED,,,MULTIPLE_ISIN_OBSERVED_NO_IDENTITY_INFERENCE,True,IDENTITY_AMBIGUOUS,False,2024-03-20,2026-09-11
BANKPSU,BANKPSU,BANKPSU,,,UNMAPPED,,,OBSERVED_SYMBOL_HISTORY_NOT_STITCHED,False,UNMAPPED,False,2024-10-08,2026-09-11
BBETF0432,BBETF0432,BBETF0432,,,UNMAPPED,,,OBSERVED_SYMBOL_HISTORY_NOT_STITCHED,False,UNMAPPED,False,2021-12-17,2026-09-11
BBNPNBETF,BBNPNBETF,BBNPNBETF,,,UNMAPPED,,,OBSERVED_SYMBOL_HISTORY_NOT_STITCHED,False,UNMAPPED,False,2024-06-24,2026-09-11
BBNPPGOLD,BBNPPGOLD,BBNPPGOLD,,,UNMAPPED,,,OBSERVED_SYMBOL_HISTORY_NOT_STITCHED,False,UNMAPPED,False,2023-12-19,2026-09-11
BCP,BCP,BCP,,,UNMAPPED,,,OBSERVED_SYMBOL_HISTORY_NOT_STITCHED,False,UNMAPPED,False,2020-01-01,2023-04-28
BEARDSELL,BEARDSELL,BEARDSELL,,,UNMAPPED,,,OBSERVED_SYMBOL_HISTORY_NOT_STITCHED,False,UNMAPPED,False,2020-01-01,2026-09-11
BEEKAY,BEEKAY,BEEKAY,,,UNMAPPED,,,OBSERVED_SYMBOL_HISTORY_NOT_STITCHED,False,UNMAPPED,False,2026-04-20,2026-09-11
BELLACASA,BELLACASA,BELLACASA,,,UNMAPPED,,,OBSERVED_SYMBOL_HISTORY_NOT_STITCHED,False,UNMAPPED,False,2025-07-18,2026-09-11
BENARAS,BENARAS,BENARAS,,,UNMAPPED,,,OBSERVED_SYMBOL_HISTORY_NOT_STITCHED,False,UNMAPPED,False,2026-08-17,2026-09-11
BENGALASM,BENGALASM,BENGALASM,,,UNMAPPED,,,OBSERVED_SYMBOL_HISTORY_NOT_STITCHED,False,UNMAPPED,False,2026-04-20,2026-09-11
BFSI,BFSI,BFSI,,,UNMAPPED,,,OBSERVED_SYMBOL_HISTORY_NOT_STITCHED,False,UNMAPPED,False,2023-09-01,2026-09-11
BGRENERGY,BGRENERGY,BGRENERGY,,,UNMAPPED,,,OBSERVED_SYMBOL_HISTORY_NOT_STITCHED,False,UNMAPPED,False,2020-01-01,2026-02-23
BHAGYAPROP,BHAGYAPROP,BHAGYAPROP,,,UNMAPPED,,,OBSERVED_SYMBOL_HISTORY_NOT_STITCHED,False,UNMAPPED,False,2020-01-01,2022-12-09
BHARATSE,BHARATSE,BHARATSE,,,UNMAPPED,,,OBSERVED_SYMBOL_HISTORY_NOT_STITCHED,False,UNMAPPED,False,2025-03-24,2026-09-11
BILENERGY,BILENERGY,BILENERGY,,,UNMAPPED,,,OBSERVED_SYMBOL_HISTORY_NOT_STITCHED,False,UNMAPPED,False,2020-01-01,2020-11-27
BILVYAPAR,BILVYAPAR,,,,UNMAPPED,,,OBJECTIVE_SAME_ISIN_ALIAS_OBSERVED_NO_STITCH,True,IDENTITY_AMBIGUOUS,False,2025-09-15,2025-11-25
BINDALAGRO,BINDALAGRO,BINDALAGRO,,,UNMAPPED,,,OBSERVED_SYMBOL_HISTORY_NOT_STITCHED,False,UNMAPPED,False,2020-01-01,2023-05-18
BIRLATYRE,BIRLATYRE,BIRLATYRE,,,UNMAPPED,,,OBSERVED_SYMBOL_HISTORY_NOT_STITCHED,False,UNMAPPED,False,2020-02-25,2022-05-24
BKMINDST,BKMINDST,BKMINDST,,,UNMAPPED,,,OBSERVED_SYMBOL_HISTORY_NOT_STITCHED,False,UNMAPPED,False,2020-01-01,2021-04-09
BLIL,BLIL,BLIL,,,UNMAPPED,,,OBSERVED_SYMBOL_HISTORY_NOT_STITCHED,False,UNMAPPED,False,2026-04-20,2026-09-11
BLUECHIP,BLUECHIP,BLUECHIP,,,UNMAPPED,,,OBSERVED_SYMBOL_HISTORY_NOT_STITCHED,False,UNMAPPED,False,2021-04-12,2026-08-31
BLUECOAST,BLUECOAST,BLUECOAST,,,UNMAPPED,,,OBSERVED_SYMBOL_HISTORY_NOT_STITCHED,False,UNMAPPED,False,2020-04-13,2026-09-11
BLUESTONE,BLUESTONE,BLUESTONE,,,UNMAPPED,,,OBSERVED_SYMBOL_HISTORY_NOT_STITCHED,False,UNMAPPED,False,2025-08-19,2026-09-11
BMWVENTLTD,BMWVENTLTD,BMWVENTLTD,,,UNMAPPED,,,OBSERVED_SYMBOL_HISTORY_NOT_STITCHED,False,UNMAPPED,False,2025-10-16,2026-09-11
BNKETFAXIS,BNKETFAXIS,,,,UNMAPPED,,,OBJECTIVE_SAME_ISIN_ALIAS_OBSERVED_NO_STITCH,True,IDENTITY_AMBIGUOUS,False,2026-07-03,2026-09-11
BONLON,BONLON,BONLON,,,UNMAPPED,,,OBSERVED_SYMBOL_HISTORY_NOT_STITCHED,False,UNMAPPED,False,2026-04-13,2026-09-11
BORANA,BORANA,BORANA,,,UNMAPPED,,,OBSERVED_SYMBOL_HISTORY_NOT_STITCHED,False,UNMAPPED,False,2025-06-10,2026-09-11
BOROSIL,BOROSIL,BOROSIL,,,UNMAPPED,,,OBSERVED_SYMBOL_HISTORY_NOT_STITCHED,False,UNMAPPED,False,2020-01-01,2020-02-19
BPLPHARMA,BPLPHARMA,BPLPHARMA,,,UNMAPPED,,,OBSERVED_SYMBOL_HISTORY_NOT_STITCHED,False,UNMAPPED,False,2026-08-17,2026-09-11
BRAHMINFRA,BRAHMINFRA,BRAHMINFRA,,,UNMAPPED,,,OBSERVED_SYMBOL_HISTORY_NOT_STITCHED,False,UNMAPPED,False,2026-08-17,2026-09-11
BRFL,BRFL,BRFL,,,UNMAPPED,,,OBSERVED_SYMBOL_HISTORY_NOT_STITCHED,False,UNMAPPED,False,2020-01-24,2022-04-01
BRIGHOTEL,BRIGHOTEL,BRIGHOTEL,,,UNMAPPED,,,OBSERVED_SYMBOL_HISTORY_NOT_STITCHED,False,UNMAPPED,False,2025-07-31,2026-09-11
BRIGHTBR,BRIGHTBR,BRIGHTBR,,,UNMAPPED,,,OBSERVED_SYMBOL_HISTORY_NOT_STITCHED,False,UNMAPPED,False,2026-08-17,2026-09-11
BRNL,BRNL,BRNL,,,UNMAPPED,,,OBSERVED_SYMBOL_HISTORY_NOT_STITCHED,False,UNMAPPED,False,2020-01-01,2026-09-11
BSE500IETF,BSE500IETF,BSE500IETF,,,UNMAPPED,,,OBSERVED_SYMBOL_HISTORY_NOT_STITCHED,False,UNMAPPED,False,2023-12-20,2026-09-11
BSELINFRA,BSELINFRA,BSELINFRA,,,UNMAPPED,,,OBSERVED_SYMBOL_HISTORY_NOT_STITCHED,False,UNMAPPED,False,2020-01-01,2021-07-12
BSLGOLDETF,BSLGOLDETF,BSLGOLDETF,,,UNMAPPED,,,OBSERVED_SYMBOL_HISTORY_NOT_STITCHED,False,UNMAPPED,False,2020-01-01,2026-09-11
BSLNIFTY,BSLNIFTY,BSLNIFTY,,,UNMAPPED,,,OBSERVED_SYMBOL_HISTORY_NOT_STITCHED,False,UNMAPPED,False,2020-01-01,2026-09-11
BSLSENETFG,BSLSENETFG,BSLSENETFG,,,UNMAPPED,,,OBSERVED_SYMBOL_HISTORY_NOT_STITCHED,False,UNMAPPED,False,2021-10-06,2026-09-11
BUILDPRO,BUILDPRO,BUILDPRO,,,UNMAPPED,,,OBSERVED_SYMBOL_HISTORY_NOT_STITCHED,False,UNMAPPED,False,2026-01-27,2026-09-11
BURGERKING,BURGERKING,BURGERKING,,,UNMAPPED,,,OBSERVED_SYMBOL_HISTORY_NOT_STITCHED,False,UNMAPPED,False,2020-12-14,2022-02-16
CADILAHC,CADILAHC,CADILAHC,,,UNMAPPED,,,OBSERVED_SYMBOL_HISTORY_NOT_STITCHED,False,UNMAPPED,False,2020-01-01,2022-03-04
CANHLIFE,CANHLIFE,CANHLIFE,,,UNMAPPED,,,OBSERVED_SYMBOL_HISTORY_NOT_STITCHED,False,UNMAPPED,False,2025-10-17,2026-09-11
CASHIETF,CASHIETF,CASHIETF,,,UNMAPPED,,,OBSERVED_SYMBOL_HISTORY_NOT_STITCHED,False,UNMAPPED,False,2025-03-19,2026-09-11
CASTEXTECH,CASTEXTECH,CASTEXTECH,,,UNMAPPED,,,OBSERVED_SYMBOL_HISTORY_NOT_STITCHED,False,UNMAPPED,False,2020-03-04,2020-10-20
CEBBCO,CEBBCO,CEBBCO,,,UNMAPPED,,,OBSERVED_SYMBOL_HISTORY_NOT_STITCHED,False,UNMAPPED,False,2020-01-01,2022-06-17
CEINSYS,CEINSYS,CEINSYS,,,UNMAPPED,,,OBSERVED_SYMBOL_HISTORY_NOT_STITCHED,False,UNMAPPED,False,2026-02-19,2026-09-11
CEMNTGROWW,CEMNTGROWW,CEMNTGROWW,,,UNMAPPED,,,OBSERVED_SYMBOL_HISTORY_NOT_STITCHED,False,UNMAPPED,False,2026-07-28,2026-09-11
CESCVENT,CESCVENT,CESCVENT,,,UNMAPPED,,,OBSERVED_SYMBOL_HISTORY_NOT_STITCHED,False,UNMAPPED,False,2020-01-01,2021-01-29
CFEL,CFEL,CFEL,,,UNMAPPED,,,OBSERVED_SYMBOL_HISTORY_NOT_STITCHED,False,UNMAPPED,False,2026-08-17,2026-09-11
CGVAK,CGVAK,CGVAK,,,UNMAPPED,,,OBSERVED_SYMBOL_HISTORY_NOT_STITCHED,False,UNMAPPED,False,2026-08-17,2026-09-11
CHEMBONDCH,CHEMBONDCH,CHEMBONDCH,,,UNMAPPED,,,OBSERVED_SYMBOL_HISTORY_NOT_STITCHED,False,UNMAPPED,False,2025-08-06,2026-05-11
CHEMCRUX,CHEMCRUX,CHEMCRUX,,,UNMAPPED,,,OBSERVED_SYMBOL_HISTORY_NOT_STITCHED,False,UNMAPPED,False,2026-08-17,2026-09-11
CHEMICAL,CHEMICAL,CHEMICAL,,,UNMAPPED,,,OBSERVED_SYMBOL_HISTORY_NOT_STITCHED,False,UNMAPPED,False,2025-11-19,2026-09-11
CHOICEGOLD,CHOICEGOLD,CHOICEGOLD,,,UNMAPPED,,,OBSERVED_SYMBOL_HISTORY_NOT_STITCHED,False,UNMAPPED,False,2025-11-10,2026-09-11
CHROMATIC,CHROMATIC,CHROMATIC,,,UNMAPPED,,,OBSERVED_SYMBOL_HISTORY_NOT_STITCHED,False,UNMAPPED,False,2020-04-13,2020-12-16
CIMMCO,CIMMCO,CIMMCO,,,UNMAPPED,,,OBSERVED_SYMBOL_HISTORY_NOT_STITCHED,False,UNMAPPED,False,2020-01-01,2020-10-21
CKFSL,CKFSL,CKFSL,,,UNMAPPED,,,OBSERVED_SYMBOL_HISTORY_NOT_STITCHED,False,UNMAPPED,False,2020-01-01,2020-02-20
CLNINDIA,CLNINDIA,CLNINDIA,,,UNMAPPED,,,OBSERVED_SYMBOL_HISTORY_NOT_STITCHED,False,UNMAPPED,False,2020-01-01,2023-03-09
CMICABLES,CMICABLES,CMICABLES,,,UNMAPPED,,,OBSERVED_SYMBOL_HISTORY_NOT_STITCHED,False,UNMAPPED,False,2020-01-01,2023-04-19
CMLL,CMLL,CMLL,,,UNMAPPED,,,OBSERVED_SYMBOL_HISTORY_NOT_STITCHED,False,UNMAPPED,False,2026-07-24,2026-09-11
CMPDI,CMPDI,CMPDI,,,UNMAPPED,,,OBSERVED_SYMBOL_HISTORY_NOT_STITCHED,False,UNMAPPED,False,2026-03-30,2026-09-11
CMRGREEN,CMRGREEN,CMRGREEN,,,UNMAPPED,,,OBSERVED_SYMBOL_HISTORY_NOT_STITCHED,False,UNMAPPED,False,2026-06-10,2026-09-11
CNOVAPETRO,CNOVAPETRO,CNOVAPETRO,,,UNMAPPED,,,OBSERVED_SYMBOL_HISTORY_NOT_STITCHED,False,UNMAPPED,False,2020-01-01,2021-02-24
COMMOIETF,COMMOIETF,COMMOIETF,,,UNMAPPED,,,OBSERVED_SYMBOL_HISTORY_NOT_STITCHED,False,UNMAPPED,False,2023-12-20,2026-09-11
COMPEAU,COMPEAU,COMPEAU,,,UNMAPPED,,,OBSERVED_SYMBOL_HISTORY_NOT_STITCHED,False,UNMAPPED,False,2026-08-17,2026-09-11
COMPINFO,COMPINFO,COMPINFO,,,UNMAPPED,,,OBSERVED_SYMBOL_HISTORY_NOT_STITCHED,False,UNMAPPED,False,2020-01-01,2023-10-27
CONS,CONS,,,,UNMAPPED,,,MULTIPLE_ISIN_OBSERVED_NO_IDENTITY_INFERENCE,True,IDENTITY_AMBIGUOUS,False,2024-03-20,2026-09-11
CONSUMAXIS,CONSUMAXIS,,,,UNMAPPED,,,OBJECTIVE_SAME_ISIN_ALIAS_OBSERVED_NO_STITCH,True,IDENTITY_AMBIGUOUS,False,2026-07-03,2026-09-11
CONSUMBEES,CONSUMBEES,CONSUMBEES,,,UNMAPPED,,,OBSERVED_SYMBOL_HISTORY_NOT_STITCHED,False,UNMAPPED,False,2022-05-10,2026-09-11
CONSUMER,CONSUMER,CONSUMER,,,UNMAPPED,,,OBSERVED_SYMBOL_HISTORY_NOT_STITCHED,False,UNMAPPED,False,2025-01-01,2026-09-11
CONSUMIETF,CONSUMIETF,CONSUMIETF,,,UNMAPPED,,,OBSERVED_SYMBOL_HISTORY_NOT_STITCHED,False,UNMAPPED,False,2023-12-20,2026-09-11
CORDELIA,CORDELIA,,,,UNMAPPED,,,MULTIPLE_ISIN_OBSERVED_NO_IDENTITY_INFERENCE,True,IDENTITY_AMBIGUOUS,False,2026-07-01,2026-09-11
CORONA,CORONA,CORONA,,,UNMAPPED,,,OBSERVED_SYMBOL_HISTORY_NOT_STITCHED,False,UNMAPPED,False,2025-12-15,2026-09-11
CORPBANK,CORPBANK,CORPBANK,,,UNMAPPED,,,OBSERVED_SYMBOL_HISTORY_NOT_STITCHED,False,UNMAPPED,False,2020-01-01,2020-03-19
COSMOFILMS,COSMOFILMS,COSMOFILMS,,,UNMAPPED,,,OBSERVED_SYMBOL_HISTORY_NOT_STITCHED,False,UNMAPPED,False,2020-01-01,2022-07-22
CPCAP,CPCAP,,,,UNMAPPED,,,OBJECTIVE_SAME_ISIN_ALIAS_OBSERVED_NO_STITCH,True,IDENTITY_AMBIGUOUS,False,2025-03-20,2026-09-11
CPEDU,CPEDU,CPEDU,,,UNMAPPED,,,OBSERVED_SYMBOL_HISTORY_NOT_STITCHED,False,UNMAPPED,False,2025-09-19,2026-09-11
CPL,CPL,CPL,,,UNMAPPED,,,OBSERVED_SYMBOL_HISTORY_NOT_STITCHED,False,UNMAPPED,False,2026-07-23,2026-09-11
CPSEETF,CPSEETF,CPSEETF,,,UNMAPPED,,,OBSERVED_SYMBOL_HISTORY_NOT_STITCHED,False,UNMAPPED,False,2020-01-01,2026-09-11
CRAMC,CRAMC,CRAMC,,,UNMAPPED,,,OBSERVED_SYMBOL_HISTORY_NOT_STITCHED,False,UNMAPPED,False,2025-10-16,2026-09-11
CRAVATEX,CRAVATEX,CRAVATEX,,,UNMAPPED,,,OBSERVED_SYMBOL_HISTORY_NOT_STITCHED,False,UNMAPPED,False,2026-08-17,2026-09-11
CRESTO,CRESTO,,,,UNMAPPED,,,OBJECTIVE_SAME_ISIN_ALIAS_OBSERVED_NO_STITCH,True,IDENTITY_AMBIGUOUS,False,2026-09-10,2026-09-11
CRIZAC,CRIZAC,CRIZAC,,,UNMAPPED,,,OBSERVED_SYMBOL_HISTORY_NOT_STITCHED,False,UNMAPPED,False,2025-07-09,2026-09-11
CROWN,CROWN,CROWN,,,UNMAPPED,,,OBSERVED_SYMBOL_HISTORY_NOT_STITCHED,False,UNMAPPED,False,2022-02-08,2026-09-11
CSM,CSM,CSM,,,UNMAPPED,,,OBSERVED_SYMBOL_HISTORY_NOT_STITCHED,False,UNMAPPED,False,2026-07-16,2026-09-11
CTE,CTE,CTE,,,UNMAPPED,,,OBSERVED_SYMBOL_HISTORY_NOT_STITCHED,False,UNMAPPED,False,2020-01-01,2026-08-25
CURAA,CURAA,CURAA,,,UNMAPPED,,,OBSERVED_SYMBOL_HISTORY_NOT_STITCHED,False,UNMAPPED,False,2025-04-08,2026-09-11
DAAWAT,DAAWAT,DAAWAT,,,UNMAPPED,,,OBSERVED_SYMBOL_HISTORY_NOT_STITCHED,False,UNMAPPED,False,2020-01-01,2023-11-03
DAICHI,DAICHI,DAICHI,,,UNMAPPED,,,OBSERVED_SYMBOL_HISTORY_NOT_STITCHED,False,UNMAPPED,False,2026-04-20,2026-09-04
DCMSIL,DCMSIL,DCMSIL,,,UNMAPPED,,,OBSERVED_SYMBOL_HISTORY_NOT_STITCHED,False,UNMAPPED,False,2026-03-04,2026-09-11
DDEVPLSTIK,DDEVPLSTIK,DDEVPLSTIK,,,UNMAPPED,,,OBSERVED_SYMBOL_HISTORY_NOT_STITCHED,False,UNMAPPED,False,2025-01-15,2026-09-11
DECNGOLD,DECNGOLD,DECNGOLD,,,UNMAPPED,,,OBSERVED_SYMBOL_HISTORY_NOT_STITCHED,False,UNMAPPED,False,2026-04-20,2026-09-11
DEEP,DEEP,DEEP,,,UNMAPPED,,,OBSERVED_SYMBOL_HISTORY_NOT_STITCHED,False,UNMAPPED,False,2026-08-17,2026-09-11
DEEPA,DEEPA,DEEPA,,,UNMAPPED,,,OBSERVED_SYMBOL_HISTORY_NOT_STITCHED,False,UNMAPPED,False,2026-09-08,2026-09-11
DEEPIND,DEEPIND,DEEPIND,,,UNMAPPED,,,OBSERVED_SYMBOL_HISTORY_NOT_STITCHED,False,UNMAPPED,False,2020-01-01,2020-09-29
DEFENCE,DEFENCE,DEFENCE,,,UNMAPPED,,,OBSERVED_SYMBOL_HISTORY_NOT_STITCHED,False,UNMAPPED,False,2026-02-19,2026-09-11
DENTA,DENTA,DENTA,,,UNMAPPED,,,OBSERVED_SYMBOL_HISTORY_NOT_STITCHED,False,UNMAPPED,False,2025-02-11,2026-09-11
DEVX,DEVX,DEVX,,,UNMAPPED,,,OBSERVED_SYMBOL_HISTORY_NOT_STITCHED,False,UNMAPPED,False,2025-10-01,2026-09-11
DFMFOODS,DFMFOODS,DFMFOODS,,,UNMAPPED,,,OBSERVED_SYMBOL_HISTORY_NOT_STITCHED,False,UNMAPPED,False,2020-01-01,2023-03-27
DHABRIYA,DHABRIYA,DHABRIYA,,,UNMAPPED,,,OBSERVED_SYMBOL_HISTORY_NOT_STITCHED,False,UNMAPPED,False,2026-08-17,2026-08-21
DHANVARSHA,DHANVARSHA,DHANVARSHA,,,UNMAPPED,,,OBSERVED_SYMBOL_HISTORY_NOT_STITCHED,False,UNMAPPED,False,2022-05-10,2022-08-30
DHARAMSI,DHARAMSI,DHARAMSI,,,UNMAPPED,,,OBSERVED_SYMBOL_HISTORY_NOT_STITCHED,False,UNMAPPED,False,2021-12-01,2022-11-01
DHARSUGAR,DHARSUGAR,DHARSUGAR,,,UNMAPPED,,,OBSERVED_SYMBOL_HISTORY_NOT_STITCHED,False,UNMAPPED,False,2020-01-01,2022-05-24
DHATRE,DHATRE,DHATRE,,,UNMAPPED,,,OBSERVED_SYMBOL_HISTORY_NOT_STITCHED,False,UNMAPPED,False,2026-08-17,2026-09-11
DHFL,DHFL,DHFL,,,UNMAPPED,,,OBSERVED_SYMBOL_HISTORY_NOT_STITCHED,False,UNMAPPED,False,2020-01-01,2021-06-11
DIGIDRIVE,DIGIDRIVE,DIGIDRIVE,,,UNMAPPED,,,OBSERVED_SYMBOL_HISTORY_NOT_STITCHED,False,UNMAPPED,False,2024-01-24,2026-09-11
DISAQ,DISAQ,DISAQ,,,UNMAPPED,,,OBSERVED_SYMBOL_HISTORY_NOT_STITCHED,False,UNMAPPED,False,2026-04-20,2026-09-11
DIVIDEND,DIVIDEND,DIVIDEND,,,UNMAPPED,,,OBSERVED_SYMBOL_HISTORY_NOT_STITCHED,False,UNMAPPED,False,2025-12-19,2026-09-11
DIVOPPBEES,DIVOPPBEES,DIVOPPBEES,,,UNMAPPED,,,OBSERVED_SYMBOL_HISTORY_NOT_STITCHED,False,UNMAPPED,False,2022-05-10,2026-09-11
DMCC,DMCC,DMCC,,,UNMAPPED,,,OBSERVED_SYMBOL_HISTORY_NOT_STITCHED,False,UNMAPPED,False,2022-11-02,2026-09-11
DOLAT,DOLAT,DOLAT,,,UNMAPPED,,,OBSERVED_SYMBOL_HISTORY_NOT_STITCHED,False,UNMAPPED,False,2020-01-01,2021-12-17
DQE,DQE,DQE,,,UNMAPPED,,,OBSERVED_SYMBOL_HISTORY_NOT_STITCHED,False,UNMAPPED,False,2020-01-10,2021-01-01
DRAGARWQ,DRAGARWQ,DRAGARWQ,,,UNMAPPED,,,OBSERVED_SYMBOL_HISTORY_NOT_STITCHED,False,UNMAPPED,False,2026-04-20,2026-09-11
DSFCL,DSFCL,DSFCL,,,UNMAPPED,,,OBSERVED_SYMBOL_HISTORY_NOT_STITCHED,False,UNMAPPED,False,2026-03-04,2026-06-18
DSPBANKETF,DSPBANKETF,DSPBANKETF,,,UNMAPPED,,,OBSERVED_SYMBOL_HISTORY_NOT_STITCHED,False,UNMAPPED,False,2023-01-06,2024-02-14
DSPGOLDETF,DSPGOLDETF,DSPGOLDETF,,,UNMAPPED,,,OBSERVED_SYMBOL_HISTORY_NOT_STITCHED,False,UNMAPPED,False,2023-05-05,2024-02-14
DSPITETF,DSPITETF,DSPITETF,,,UNMAPPED,,,OBSERVED_SYMBOL_HISTORY_NOT_STITCHED,False,UNMAPPED,False,2023-07-13,2024-02-14
DSPN50ETF,DSPN50ETF,DSPN50ETF,,,UNMAPPED,,,OBSERVED_SYMBOL_HISTORY_NOT_STITCHED,False,UNMAPPED,False,2021-12-30,2024-02-14
DSPNEWETF,DSPNEWETF,DSPNEWETF,,,UNMAPPED,,,OBSERVED_SYMBOL_HISTORY_NOT_STITCHED,False,UNMAPPED,False,2021-11-12,2024-02-14
DSPPSBKETF,DSPPSBKETF,DSPPSBKETF,,,UNMAPPED,,,OBSERVED_SYMBOL_HISTORY_NOT_STITCHED,False,UNMAPPED,False,2023-08-02,2024-02-14
DSPPVBKETF,DSPPVBKETF,DSPPVBKETF,,,UNMAPPED,,,OBSERVED_SYMBOL_HISTORY_NOT_STITCHED,False,UNMAPPED,False,2023-08-02,2024-02-14
DSPQ50ETF,DSPQ50ETF,DSPQ50ETF,,,UNMAPPED,,,OBSERVED_SYMBOL_HISTORY_NOT_STITCHED,False,UNMAPPED,False,2021-12-30,2024-02-14
DSPSENXETF,DSPSENXETF,DSPSENXETF,,,UNMAPPED,,,OBSERVED_SYMBOL_HISTORY_NOT_STITCHED,False,UNMAPPED,False,2023-08-02,2024-02-14
DSPSILVETF,DSPSILVETF,DSPSILVETF,,,UNMAPPED,,,OBSERVED_SYMBOL_HISTORY_NOT_STITCHED,False,UNMAPPED,False,2022-08-25,2024-02-14
EASTSILK,EASTSILK,EASTSILK,,,UNMAPPED,,,OBSERVED_SYMBOL_HISTORY_NOT_STITCHED,False,UNMAPPED,False,2020-03-04,2022-06-14
EASTWEST,EASTWEST,EASTWEST,,,UNMAPPED,,,OBSERVED_SYMBOL_HISTORY_NOT_STITCHED,False,UNMAPPED,False,2026-08-17,2026-09-11
EBANK,EBANK,EBANK,,,UNMAPPED,,,OBSERVED_SYMBOL_HISTORY_NOT_STITCHED,False,UNMAPPED,False,2020-01-01,2023-08-01
EBANK10,EBANK10,EBANK10,,,UNMAPPED,,,OBSERVED_SYMBOL_HISTORY_NOT_STITCHED,False,UNMAPPED,False,2026-08-05,2026-09-11
EBANKNIFTY,EBANKNIFTY,EBANKNIFTY,,,UNMAPPED,,,OBSERVED_SYMBOL_HISTORY_NOT_STITCHED,False,UNMAPPED,False,2024-09-16,2026-09-11
EBBETF0423,EBBETF0423,EBBETF0423,,,UNMAPPED,,,OBSERVED_SYMBOL_HISTORY_NOT_STITCHED,False,UNMAPPED,False,2020-01-02,2023-04-11
EBBETF0425,EBBETF0425,EBBETF0425,,,UNMAPPED,,,OBSERVED_SYMBOL_HISTORY_NOT_STITCHED,False,UNMAPPED,False,2020-07-29,2025-04-08
EBBETF0430,EBBETF0430,EBBETF0430,,,UNMAPPED,,,OBSERVED_SYMBOL_HISTORY_NOT_STITCHED,False,UNMAPPED,False,2020-01-02,2026-09-11
EBBETF0433,EBBETF0433,EBBETF0433,,,UNMAPPED,,,OBSERVED_SYMBOL_HISTORY_NOT_STITCHED,False,UNMAPPED,False,2022-12-16,2026-09-11
EBIX,EBIX,EBIX,,,UNMAPPED,,,OBSERVED_SYMBOL_HISTORY_NOT_STITCHED,False,UNMAPPED,False,2026-08-17,2026-09-02
EBIXFOREX,EBIXFOREX,EBIXFOREX,,,UNMAPPED,,,OBSERVED_SYMBOL_HISTORY_NOT_STITCHED,False,UNMAPPED,False,2020-05-27,2021-08-31
ECAPINSURE,ECAPINSURE,ECAPINSURE,,,UNMAPPED,,,OBSERVED_SYMBOL_HISTORY_NOT_STITCHED,False,UNMAPPED,False,2025-01-06,2026-09-11
ECORECO,ECORECO,ECORECO,,,UNMAPPED,,,OBSERVED_SYMBOL_HISTORY_NOT_STITCHED,False,UNMAPPED,False,2026-08-17,2026-09-11
EFCIL,EFCIL,EFCIL,,,UNMAPPED,,,OBSERVED_SYMBOL_HISTORY_NOT_STITCHED,False,UNMAPPED,False,2025-08-20,2026-09-11
EGOLD,EGOLD,EGOLD,,,UNMAPPED,,,OBSERVED_SYMBOL_HISTORY_NOT_STITCHED,False,UNMAPPED,False,2023-11-10,2026-09-11
EKI,EKI,EKI,,,UNMAPPED,,,OBSERVED_SYMBOL_HISTORY_NOT_STITCHED,False,UNMAPPED,False,2026-08-17,2026-09-11
ELCIDIN,ELCIDIN,ELCIDIN,,,UNMAPPED,,,OBSERVED_SYMBOL_HISTORY_NOT_STITCHED,False,UNMAPPED,False,2026-04-20,2026-09-11
ELIQUID,ELIQUID,ELIQUID,,,UNMAPPED,,,OBSERVED_SYMBOL_HISTORY_NOT_STITCHED,False,UNMAPPED,False,2025-10-10,2026-09-11
ELM250,ELM250,ELM250,,,UNMAPPED,,,OBSERVED_SYMBOL_HISTORY_NOT_STITCHED,False,UNMAPPED,False,2025-09-09,2026-09-11
ELMDIV,ELMDIV,ELMDIV,,,UNMAPPED,,,OBSERVED_SYMBOL_HISTORY_NOT_STITCHED,False,UNMAPPED,False,2026-08-05,2026-09-11
EMETAL,EMETAL,EMETAL,,,UNMAPPED,,,OBSERVED_SYMBOL_HISTORY_NOT_STITCHED,False,UNMAPPED,False,2026-07-28,2026-09-11
EMPIND,EMPIND,EMPIND,,,UNMAPPED,,,OBSERVED_SYMBOL_HISTORY_NOT_STITCHED,False,UNMAPPED,False,2026-08-17,2026-09-11
EMPOWER,EMPOWER,EMPOWER,,,UNMAPPED,,,OBSERVED_SYMBOL_HISTORY_NOT_STITCHED,False,UNMAPPED,False,2026-04-20,2026-09-11
EMULTIMQ,EMULTIMQ,EMULTIMQ,,,UNMAPPED,,,OBSERVED_SYMBOL_HISTORY_NOT_STITCHED,False,UNMAPPED,False,2024-11-07,2026-09-11
ENERGY,ENERGY,ENERGY,,,UNMAPPED,,,OBSERVED_SYMBOL_HISTORY_NOT_STITCHED,False,UNMAPPED,False,2025-11-13,2026-09-11
ENERGYAXIS,ENERGYAXIS,ENERGYAXIS,,,UNMAPPED,,,OBSERVED_SYMBOL_HISTORY_NOT_STITCHED,False,UNMAPPED,False,2026-09-02,2026-09-11
ENEXT50,ENEXT50,ENEXT50,,,UNMAPPED,,,OBSERVED_SYMBOL_HISTORY_NOT_STITCHED,False,UNMAPPED,False,2026-05-25,2026-09-11
ENIFTY,ENIFTY,ENIFTY,,,UNMAPPED,,,OBSERVED_SYMBOL_HISTORY_NOT_STITCHED,False,UNMAPPED,False,2025-11-27,2026-09-11
ENKEIWHEL,ENKEIWHEL,ENKEIWHEL,,,UNMAPPED,,,OBSERVED_SYMBOL_HISTORY_NOT_STITCHED,False,UNMAPPED,False,2026-08-17,2026-09-11
EON,EON,EON,,,UNMAPPED,,,OBSERVED_SYMBOL_HISTORY_NOT_STITCHED,False,UNMAPPED,False,2020-01-01,2020-02-26
EQ30,EQ30,EQ30,,,UNMAPPED,,,OBSERVED_SYMBOL_HISTORY_NOT_STITCHED,False,UNMAPPED,False,2020-01-01,2021-09-30
EQUAL200,EQUAL200,EQUAL200,,,UNMAPPED,,,OBSERVED_SYMBOL_HISTORY_NOT_STITCHED,False,UNMAPPED,False,2025-03-17,2026-09-11
EQUAL50,EQUAL50,EQUAL50,,,UNMAPPED,,,OBSERVED_SYMBOL_HISTORY_NOT_STITCHED,False,UNMAPPED,False,2025-05-15,2026-09-11
EQUAL50ADD,EQUAL50ADD,EQUAL50ADD,,,UNMAPPED,,,OBSERVED_SYMBOL_HISTORY_NOT_STITCHED,False,UNMAPPED,False,2024-02-15,2026-09-11
EQUITAS,EQUITAS,EQUITAS,,,UNMAPPED,,,OBSERVED_SYMBOL_HISTORY_NOT_STITCHED,False,UNMAPPED,False,2020-01-01,2023-02-02
ESDS,ESDS,ESDS,,,UNMAPPED,,,OBSERVED_SYMBOL_HISTORY_NOT_STITCHED,False,UNMAPPED,False,2026-09-04,2026-09-11
ESENSEX,ESENSEX,ESENSEX,,,UNMAPPED,,,OBSERVED_SYMBOL_HISTORY_NOT_STITCHED,False,UNMAPPED,False,2025-11-27,2026-09-11
ESG,ESG,ESG,,,UNMAPPED,,,OBSERVED_SYMBOL_HISTORY_NOT_STITCHED,False,UNMAPPED,False,2023-09-01,2026-09-11
ESILVER,ESILVER,ESILVER,,,UNMAPPED,,,OBSERVED_SYMBOL_HISTORY_NOT_STITCHED,False,UNMAPPED,False,2023-11-24,2026-09-11
ESSELPACK,ESSELPACK,ESSELPACK,,,UNMAPPED,,,OBSERVED_SYMBOL_HISTORY_NOT_STITCHED,False,UNMAPPED,False,2020-01-01,2020-10-16
EUREKAFORB,EUREKAFORB,EUREKAFORB,,,UNMAPPED,,,OBSERVED_SYMBOL_HISTORY_NOT_STITCHED,False,UNMAPPED,False,2024-09-11,2026-09-11
EUROMULTI,EUROMULTI,EUROMULTI,,,UNMAPPED,,,OBSERVED_SYMBOL_HISTORY_NOT_STITCHED,False,UNMAPPED,False,2020-03-04,2020-12-24
EUROPRATIK,EUROPRATIK,EUROPRATIK,,,UNMAPPED,,,OBSERVED_SYMBOL_HISTORY_NOT_STITCHED,False,UNMAPPED,False,2025-09-23,2026-09-11
EVIETF,EVIETF,EVIETF,,,UNMAPPED,,,OBSERVED_SYMBOL_HISTORY_NOT_STITCHED,False,UNMAPPED,False,2025-04-15,2026-09-11
EVINDIA,EVINDIA,EVINDIA,,,UNMAPPED,,,OBSERVED_SYMBOL_HISTORY_NOT_STITCHED,False,UNMAPPED,False,2024-07-16,2026-09-11
FAIRCHEM,FAIRCHEM,FAIRCHEM,,,UNMAPPED,,,OBSERVED_SYMBOL_HISTORY_NOT_STITCHED,False,UNMAPPED,False,2020-01-01,2020-10-13
FINIETF,FINIETF,FINIETF,,,UNMAPPED,,,OBSERVED_SYMBOL_HISTORY_NOT_STITCHED,False,UNMAPPED,False,2023-12-20,2026-09-11
FIRSTCRY,FIRSTCRY,FIRSTCRY,,,UNMAPPED,,,OBSERVED_SYMBOL_HISTORY_NOT_STITCHED,False,UNMAPPED,False,2024-08-13,2026-09-11
FLEXIADD,FLEXIADD,FLEXIADD,,,UNMAPPED,,,OBSERVED_SYMBOL_HISTORY_NOT_STITCHED,False,UNMAPPED,False,2025-10-16,2026-09-11
FMCGADD,FMCGADD,FMCGADD,,,UNMAPPED,,,OBSERVED_SYMBOL_HISTORY_NOT_STITCHED,False,UNMAPPED,False,2026-05-22,2026-09-11
FMCGIETF,FMCGIETF,FMCGIETF,,,UNMAPPED,,,OBSERVED_SYMBOL_HISTORY_NOT_STITCHED,False,UNMAPPED,False,2023-12-20,2026-09-11
FMNL,FMNL,FMNL,,,UNMAPPED,,,OBSERVED_SYMBOL_HISTORY_NOT_STITCHED,False,UNMAPPED,False,2020-01-01,2026-09-11
FREDUN,FREDUN,FREDUN,,,UNMAPPED,,,OBSERVED_SYMBOL_HISTORY_NOT_STITCHED,False,UNMAPPED,False,2026-08-17,2026-09-11
FRETAIL,FRETAIL,FRETAIL,,,UNMAPPED,,,OBSERVED_SYMBOL_HISTORY_NOT_STITCHED,False,UNMAPPED,False,2020-01-01,2022-07-22
G5,G5,G5,,,UNMAPPED,,,OBSERVED_SYMBOL_HISTORY_NOT_STITCHED,False,UNMAPPED,False,2020-12-16,2021-06-15
GAJA,GAJA,GAJA,,,UNMAPPED,,,OBSERVED_SYMBOL_HISTORY_NOT_STITCHED,False,UNMAPPED,False,2026-08-26,2026-09-11
GAL,GAL,GAL,,,UNMAPPED,,,OBSERVED_SYMBOL_HISTORY_NOT_STITCHED,False,UNMAPPED,False,2020-01-01,2023-06-30
GALLISPAT,GALLISPAT,GALLISPAT,,,UNMAPPED,,,OBSERVED_SYMBOL_HISTORY_NOT_STITCHED,False,UNMAPPED,False,2020-01-01,2022-06-03
GAMMNINFRA,GAMMNINFRA,GAMMNINFRA,,,UNMAPPED,,,OBSERVED_SYMBOL_HISTORY_NOT_STITCHED,False,UNMAPPED,False,2020-03-04,2021-07-19
GANESHCP,GANESHCP,GANESHCP,,,UNMAPPED,,,OBSERVED_SYMBOL_HISTORY_NOT_STITCHED,False,UNMAPPED,False,2025-09-29,2026-09-11
GANESHHOU,GANESHHOU,,,,UNMAPPED,,,OBJECTIVE_SAME_ISIN_ALIAS_OBSERVED_NO_STITCH,True,IDENTITY_AMBIGUOUS,False,2025-09-15,2026-09-11
GARDENSILK,GARDENSILK,GARDENSILK,,,UNMAPPED,,,OBSERVED_SYMBOL_HISTORY_NOT_STITCHED,False,UNMAPPED,False,2020-01-01,2021-01-25
GATECH,GATECH,GATECH,,,UNMAPPED,,,OBSERVED_SYMBOL_HISTORY_NOT_STITCHED,False,UNMAPPED,False,2023-12-12,2026-08-05
GATI,GATI,GATI,,,UNMAPPED,,,OBSERVED_SYMBOL_HISTORY_NOT_STITCHED,False,UNMAPPED,False,2020-01-01,2023-11-29
GAUDIUMIVF,GAUDIUMIVF,GAUDIUMIVF,,,UNMAPPED,,,OBSERVED_SYMBOL_HISTORY_NOT_STITCHED,False,UNMAPPED,False,2026-03-16,2026-04-27
GBGLOBAL,GBGLOBAL,GBGLOBAL,,,UNMAPPED,,,OBSERVED_SYMBOL_HISTORY_NOT_STITCHED,False,UNMAPPED,False,2020-03-11,2021-05-19
GDL,GDL,GDL,,,UNMAPPED,,,OBSERVED_SYMBOL_HISTORY_NOT_STITCHED,False,UNMAPPED,False,2020-01-01,2022-01-04
GEMAROMA,GEMAROMA,GEMAROMA,,,UNMAPPED,,,OBSERVED_SYMBOL_HISTORY_NOT_STITCHED,False,UNMAPPED,False,2025-08-26,2026-09-11
GENCON,GENCON,GENCON,,,UNMAPPED,,,OBSERVED_SYMBOL_HISTORY_NOT_STITCHED,False,UNMAPPED,False,2021-02-16,2026-09-11
GFSTEELS,GFSTEELS,GFSTEELS,,,UNMAPPED,,,OBSERVED_SYMBOL_HISTORY_NOT_STITCHED,False,UNMAPPED,False,2020-04-13,2026-09-11
GICRE,GICRE,GICRE,,,UNMAPPED,,,OBSERVED_SYMBOL_HISTORY_NOT_STITCHED,False,UNMAPPED,False,2020-01-01,2026-09-11
GILT10BETA,GILT10BETA,,,,UNMAPPED,,,OBJECTIVE_SAME_ISIN_ALIAS_OBSERVED_NO_STITCH,True,IDENTITY_AMBIGUOUS,False,2025-12-24,2026-09-11
GILT5BETA,GILT5BETA,,,,UNMAPPED,,,OBJECTIVE_SAME_ISIN_ALIAS_OBSERVED_NO_STITCH,True,IDENTITY_AMBIGUOUS,False,2025-12-24,2026-09-11
GILT5YBEES,GILT5YBEES,GILT5YBEES,,,UNMAPPED,,,OBSERVED_SYMBOL_HISTORY_NOT_STITCHED,False,UNMAPPED,False,2022-05-10,2026-09-11
GISOLUTION,GISOLUTION,GISOLUTION,,,UNMAPPED,,,OBSERVED_SYMBOL_HISTORY_NOT_STITCHED,False,UNMAPPED,False,2020-01-01,2023-04-06
GKB,GKB,GKB,,,UNMAPPED,,,OBSERVED_SYMBOL_HISTORY_NOT_STITCHED,False,UNMAPPED,False,2026-08-17,2026-09-11
GKSL,GKSL,GKSL,,,UNMAPPED,,,OBSERVED_SYMBOL_HISTORY_NOT_STITCHED,False,UNMAPPED,False,2025-12-30,2026-09-11
GLFL,GLFL,GLFL,,,UNMAPPED,,,OBSERVED_SYMBOL_HISTORY_NOT_STITCHED,False,UNMAPPED,False,2020-02-10,2026-09-11
GLOBALE,GLOBALE,GLOBALE,,,UNMAPPED,,,OBSERVED_SYMBOL_HISTORY_NOT_STITCHED,False,UNMAPPED,False,2024-09-10,2026-09-11
GLOBALVECT,GLOBALVECT,GLOBALVECT,,,UNMAPPED,,,OBSERVED_SYMBOL_HISTORY_NOT_STITCHED,False,UNMAPPED,False,2020-01-01,2026-09-11
GLOBECIVIL,GLOBECIVIL,GLOBECIVIL,,,UNMAPPED,,,OBSERVED_SYMBOL_HISTORY_NOT_STITCHED,False,UNMAPPED,False,2025-07-15,2026-09-11
GLOBOFFS,GLOBOFFS,GLOBOFFS,,,UNMAPPED,,,OBSERVED_SYMBOL_HISTORY_NOT_STITCHED,False,UNMAPPED,False,2020-01-01,2021-03-12
GNRL,GNRL,GNRL,,,UNMAPPED,,,OBSERVED_SYMBOL_HISTORY_NOT_STITCHED,False,UNMAPPED,False,2026-04-20,2026-09-11
GOLD1,GOLD1,GOLD1,,,UNMAPPED,,,OBSERVED_SYMBOL_HISTORY_NOT_STITCHED,False,UNMAPPED,False,2024-04-16,2026-09-11
GOLD360,GOLD360,GOLD360,,,UNMAPPED,,,OBSERVED_SYMBOL_HISTORY_NOT_STITCHED,False,UNMAPPED,False,2025-03-17,2026-09-11
GOLDAXIS,GOLDAXIS,,,,UNMAPPED,,,OBJECTIVE_SAME_ISIN_ALIAS_OBSERVED_NO_STITCH,True,IDENTITY_AMBIGUOUS,False,2026-07-03,2026-09-11
GOLDBEES,GOLDBEES,GOLDBEES,,,UNMAPPED,,,OBSERVED_SYMBOL_HISTORY_NOT_STITCHED,False,UNMAPPED,False,2020-01-01,2026-09-11
GOLDBETA,GOLDBETA,,,,UNMAPPED,,,OBJECTIVE_SAME_ISIN_ALIAS_OBSERVED_NO_STITCH,True,IDENTITY_AMBIGUOUS,False,2025-12-24,2026-09-11
GOLDBND,GOLDBND,GOLDBND,,,UNMAPPED,,,OBSERVED_SYMBOL_HISTORY_NOT_STITCHED,False,UNMAPPED,False,2025-12-12,2026-09-11
GOLDCASE,GOLDCASE,GOLDCASE,,,UNMAPPED,,,OBSERVED_SYMBOL_HISTORY_NOT_STITCHED,False,UNMAPPED,False,2024-03-01,2026-09-11
GOLDENTOBC,GOLDENTOBC,GOLDENTOBC,,,UNMAPPED,,,OBSERVED_SYMBOL_HISTORY_NOT_STITCHED,False,UNMAPPED,False,2020-01-01,2022-06-14
GOLDETF,GOLDETF,GOLDETF,,,UNMAPPED,,,OBSERVED_SYMBOL_HISTORY_NOT_STITCHED,False,UNMAPPED,False,2023-09-01,2026-09-11
GOLDETFADD,GOLDETFADD,,,,UNMAPPED,,,OBJECTIVE_SAME_ISIN_ALIAS_OBSERVED_NO_STITCH,True,IDENTITY_AMBIGUOUS,False,2024-02-15,2025-12-12
GOLDIETF,GOLDIETF,GOLDIETF,,,UNMAPPED,,,OBSERVED_SYMBOL_HISTORY_NOT_STITCHED,False,UNMAPPED,False,2023-12-20,2026-09-11
GOLDSHARE,GOLDSHARE,,,,UNMAPPED,,,OBJECTIVE_SAME_ISIN_ALIAS_OBSERVED_NO_STITCH,True,IDENTITY_AMBIGUOUS,False,2020-01-01,2025-12-23
GOODYEAR,GOODYEAR,GOODYEAR,,,UNMAPPED,,,OBSERVED_SYMBOL_HISTORY_NOT_STITCHED,False,UNMAPPED,False,2020-10-05,2026-09-11
GOYALALUM,GOYALALUM,GOYALALUM,,,UNMAPPED,,,OBSERVED_SYMBOL_HISTORY_NOT_STITCHED,False,UNMAPPED,False,2022-11-04,2026-09-11
GROWEV,GROWEV,,,,UNMAPPED,,,OBJECTIVE_SAME_ISIN_ALIAS_OBSERVED_NO_STITCH,True,IDENTITY_AMBIGUOUS,False,2024-08-12,2024-08-22
GROWWCAPM,GROWWCAPM,GROWWCAPM,,,UNMAPPED,,,OBSERVED_SYMBOL_HISTORY_NOT_STITCHED,False,UNMAPPED,False,2025-12-04,2026-09-11
GROWWCHEM,GROWWCHEM,GROWWCHEM,,,UNMAPPED,,,OBSERVED_SYMBOL_HISTORY_NOT_STITCHED,False,UNMAPPED,False,2026-01-16,2026-09-11
GROWWDEFNC,GROWWDEFNC,GROWWDEFNC,,,UNMAPPED,,,OBSERVED_SYMBOL_HISTORY_NOT_STITCHED,False,UNMAPPED,False,2024-10-11,2026-09-11
GROWWEV,GROWWEV,,,,UNMAPPED,,,OBJECTIVE_SAME_ISIN_ALIAS_OBSERVED_NO_STITCH,True,IDENTITY_AMBIGUOUS,False,2024-08-23,2026-09-11
GROWWGOLD,GROWWGOLD,,,,UNMAPPED,,,MULTIPLE_ISIN_OBSERVED_NO_IDENTITY_INFERENCE,True,IDENTITY_AMBIGUOUS,False,2024-10-24,2026-09-11
GROWWHOSPI,GROWWHOSPI,GROWWHOSPI,,,UNMAPPED,,,OBSERVED_SYMBOL_HISTORY_NOT_STITCHED,False,UNMAPPED,False,2026-03-05,2026-09-11
GROWWLIQID,GROWWLIQID,GROWWLIQID,,,UNMAPPED,,,OBSERVED_SYMBOL_HISTORY_NOT_STITCHED,False,UNMAPPED,False,2024-09-26,2026-09-11
GROWWLOVOL,GROWWLOVOL,GROWWLOVOL,,,UNMAPPED,,,OBSERVED_SYMBOL_HISTORY_NOT_STITCHED,False,UNMAPPED,False,2025-06-17,2026-09-11
GROWWMC150,GROWWMC150,GROWWMC150,,,UNMAPPED,,,OBSERVED_SYMBOL_HISTORY_NOT_STITCHED,False,UNMAPPED,False,2025-11-17,2026-09-11
GROWWMETAL,GROWWMETAL,GROWWMETAL,,,UNMAPPED,,,OBSERVED_SYMBOL_HISTORY_NOT_STITCHED,False,UNMAPPED,False,2025-12-23,2026-09-11
GROWWMOM50,GROWWMOM50,GROWWMOM50,,,UNMAPPED,,,OBSERVED_SYMBOL_HISTORY_NOT_STITCHED,False,UNMAPPED,False,2025-04-24,2026-09-11
GROWWN200,GROWWN200,GROWWN200,,,UNMAPPED,,,OBSERVED_SYMBOL_HISTORY_NOT_STITCHED,False,UNMAPPED,False,2025-02-28,2026-09-11
GROWWNET,GROWWNET,GROWWNET,,,UNMAPPED,,,OBSERVED_SYMBOL_HISTORY_NOT_STITCHED,False,UNMAPPED,False,2025-07-03,2026-09-11
GROWWNIFTY,GROWWNIFTY,GROWWNIFTY,,,UNMAPPED,,,OBSERVED_SYMBOL_HISTORY_NOT_STITCHED,False,UNMAPPED,False,2025-07-22,2026-09-11
GROWWNXT50,GROWWNXT50,GROWWNXT50,,,UNMAPPED,,,OBSERVED_SYMBOL_HISTORY_NOT_STITCHED,False,UNMAPPED,False,2025-08-26,2026-09-11
GROWWPOWER,GROWWPOWER,GROWWPOWER,,,UNMAPPED,,,OBSERVED_SYMBOL_HISTORY_NOT_STITCHED,False,UNMAPPED,False,2025-08-07,2026-09-11
GROWWPSE,GROWWPSE,GROWWPSE,,,UNMAPPED,,,OBSERVED_SYMBOL_HISTORY_NOT_STITCHED,False,UNMAPPED,False,2026-02-11,2026-09-11
GROWWPSUBK,GROWWPSUBK,GROWWPSUBK,,,UNMAPPED,,,OBSERVED_SYMBOL_HISTORY_NOT_STITCHED,False,UNMAPPED,False,2026-03-27,2026-09-11
GROWWRAIL,GROWWRAIL,GROWWRAIL,,,UNMAPPED,,,OBSERVED_SYMBOL_HISTORY_NOT_STITCHED,False,UNMAPPED,False,2025-02-07,2026-09-11
GROWWRLTY,GROWWRLTY,GROWWRLTY,,,UNMAPPED,,,OBSERVED_SYMBOL_HISTORY_NOT_STITCHED,False,UNMAPPED,False,2025-10-09,2026-09-11
GROWWSC250,GROWWSC250,GROWWSC250,,,UNMAPPED,,,OBSERVED_SYMBOL_HISTORY_NOT_STITCHED,False,UNMAPPED,False,2025-10-30,2026-09-11
GROWWSLVR,GROWWSLVR,,,,UNMAPPED,,,MULTIPLE_ISIN_OBSERVED_NO_IDENTITY_INFERENCE,True,IDENTITY_AMBIGUOUS,False,2025-05-23,2026-09-11
GSCLCEMENT,GSCLCEMENT,GSCLCEMENT,,,UNMAPPED,,,OBSERVED_SYMBOL_HISTORY_NOT_STITCHED,False,UNMAPPED,False,2020-01-01,2023-04-20
GSEC10ADD,GSEC10ADD,GSEC10ADD,,,UNMAPPED,,,OBSERVED_SYMBOL_HISTORY_NOT_STITCHED,False,UNMAPPED,False,2026-08-20,2026-09-11
GSEC10IETF,GSEC10IETF,GSEC10IETF,,,UNMAPPED,,,OBSERVED_SYMBOL_HISTORY_NOT_STITCHED,False,UNMAPPED,False,2023-12-20,2026-09-11
GSEC10YEAR,GSEC10YEAR,GSEC10YEAR,,,UNMAPPED,,,OBSERVED_SYMBOL_HISTORY_NOT_STITCHED,False,UNMAPPED,False,2023-09-04,2026-09-11
GSEC5IETF,GSEC5IETF,GSEC5IETF,,,UNMAPPED,,,OBSERVED_SYMBOL_HISTORY_NOT_STITCHED,False,UNMAPPED,False,2023-12-20,2026-09-11
GSKCONS,GSKCONS,GSKCONS,,,UNMAPPED,,,OBSERVED_SYMBOL_HISTORY_NOT_STITCHED,False,UNMAPPED,False,2020-01-01,2020-04-15
GSPCROP,GSPCROP,GSPCROP,,,UNMAPPED,,,OBSERVED_SYMBOL_HISTORY_NOT_STITCHED,False,UNMAPPED,False,2026-03-24,2026-09-11
GTNIND,GTNIND,GTNIND,,,UNMAPPED,,,OBSERVED_SYMBOL_HISTORY_NOT_STITCHED,False,UNMAPPED,False,2020-01-01,2021-03-12
GTNTEX,GTNTEX,GTNTEX,,,UNMAPPED,,,OBSERVED_SYMBOL_HISTORY_NOT_STITCHED,False,UNMAPPED,False,2020-05-27,2020-09-28
GUJENERGY,GUJENERGY,,,,UNMAPPED,,,OBJECTIVE_SAME_ISIN_ALIAS_OBSERVED_NO_STITCH,True,IDENTITY_AMBIGUOUS,False,2026-07-01,2026-09-11
GYFTR,GYFTR,GYFTR,,,UNMAPPED,,,OBSERVED_SYMBOL_HISTORY_NOT_STITCHED,False,UNMAPPED,False,2026-07-10,2026-09-11
HALDER,HALDER,HALDER,,,UNMAPPED,,,OBSERVED_SYMBOL_HISTORY_NOT_STITCHED,False,UNMAPPED,False,2026-02-24,2026-09-11
HALDYNGL,HALDYNGL,HALDYNGL,,,UNMAPPED,,,OBSERVED_SYMBOL_HISTORY_NOT_STITCHED,False,UNMAPPED,False,2026-04-20,2026-06-23
HALEOSLABS,HALEOSLABS,,,,UNMAPPED,,,OBJECTIVE_SAME_ISIN_ALIAS_OBSERVED_NO_STITCH,True,IDENTITY_AMBIGUOUS,False,2025-11-26,2026-09-11
HAMPTON,HAMPTON,HAMPTON,,,UNMAPPED,,,OBSERVED_SYMBOL_HISTORY_NOT_STITCHED,False,UNMAPPED,False,2026-08-17,2026-09-11
HARITASEAT,HARITASEAT,HARITASEAT,,,UNMAPPED,,,OBSERVED_SYMBOL_HISTORY_NOT_STITCHED,False,UNMAPPED,False,2020-01-01,2021-04-09
HAVISHA,HAVISHA,HAVISHA,,,UNMAPPED,,,OBSERVED_SYMBOL_HISTORY_NOT_STITCHED,False,UNMAPPED,False,2024-04-23,2026-09-11
HAWKINCOOK,HAWKINCOOK,HAWKINCOOK,,,UNMAPPED,,,OBSERVED_SYMBOL_HISTORY_NOT_STITCHED,False,UNMAPPED,False,2026-04-20,2026-09-11
HAZOOR,HAZOOR,HAZOOR,,,UNMAPPED,,,OBSERVED_SYMBOL_HISTORY_NOT_STITCHED,False,UNMAPPED,False,2026-08-17,2026-09-11
HBANKETF,HBANKETF,HBANKETF,,,UNMAPPED,,,OBSERVED_SYMBOL_HISTORY_NOT_STITCHED,False,UNMAPPED,False,2020-08-28,2023-06-15
HBLENGINE,HBLENGINE,,,,UNMAPPED,,,OBJECTIVE_SAME_ISIN_ALIAS_OBSERVED_NO_STITCH,True,IDENTITY_AMBIGUOUS,False,2024-12-23,2026-09-11
HBPOR,HBPOR,HBPOR,,,UNMAPPED,,,OBSERVED_SYMBOL_HISTORY_NOT_STITCHED,False,UNMAPPED,False,2026-08-17,2026-09-11
HDBFS,HDBFS,HDBFS,,,UNMAPPED,,,OBSERVED_SYMBOL_HISTORY_NOT_STITCHED,False,UNMAPPED,False,2025-07-02,2026-09-11
HDFC,HDFC,HDFC,,,UNMAPPED,,,OBSERVED_SYMBOL_HISTORY_NOT_STITCHED,False,UNMAPPED,False,2020-01-01,2023-07-12
HDFCBSE500,HDFCBSE500,HDFCBSE500,,,UNMAPPED,,,OBSERVED_SYMBOL_HISTORY_NOT_STITCHED,False,UNMAPPED,False,2023-02-24,2026-09-11
HDFCGOLD,HDFCGOLD,HDFCGOLD,,,UNMAPPED,,,OBSERVED_SYMBOL_HISTORY_NOT_STITCHED,False,UNMAPPED,False,2023-06-16,2026-09-11
HDFCGROWTH,HDFCGROWTH,HDFCGROWTH,,,UNMAPPED,,,OBSERVED_SYMBOL_HISTORY_NOT_STITCHED,False,UNMAPPED,False,2022-09-29,2026-09-11
HDFCLIQUID,HDFCLIQUID,,,,UNMAPPED,,,MULTIPLE_ISIN_OBSERVED_NO_IDENTITY_INFERENCE,True,IDENTITY_AMBIGUOUS,False,2023-08-31,2026-09-11
HDFCLOWVOL,HDFCLOWVOL,HDFCLOWVOL,,,UNMAPPED,,,OBSERVED_SYMBOL_HISTORY_NOT_STITCHED,False,UNMAPPED,False,2022-10-17,2026-09-11
HDFCMFGETF,HDFCMFGETF,HDFCMFGETF,,,UNMAPPED,,,OBSERVED_SYMBOL_HISTORY_NOT_STITCHED,False,UNMAPPED,False,2020-01-01,2023-06-15
HDFCMID150,HDFCMID150,HDFCMID150,,,UNMAPPED,,,OBSERVED_SYMBOL_HISTORY_NOT_STITCHED,False,UNMAPPED,False,2023-02-24,2026-09-11
HDFCMOMENT,HDFCMOMENT,HDFCMOMENT,,,UNMAPPED,,,OBSERVED_SYMBOL_HISTORY_NOT_STITCHED,False,UNMAPPED,False,2022-10-17,2026-09-11
HDFCNEXT50,HDFCNEXT50,HDFCNEXT50,,,UNMAPPED,,,OBSERVED_SYMBOL_HISTORY_NOT_STITCHED,False,UNMAPPED,False,2022-08-11,2026-09-11
HDFCNIF100,HDFCNIF100,HDFCNIF100,,,UNMAPPED,,,OBSERVED_SYMBOL_HISTORY_NOT_STITCHED,False,UNMAPPED,False,2022-08-11,2026-09-11
HDFCNIFBAN,HDFCNIFBAN,HDFCNIFBAN,,,UNMAPPED,,,OBSERVED_SYMBOL_HISTORY_NOT_STITCHED,False,UNMAPPED,False,2023-06-16,2026-09-11
HDFCNIFETF,HDFCNIFETF,HDFCNIFETF,,,UNMAPPED,,,OBSERVED_SYMBOL_HISTORY_NOT_STITCHED,False,UNMAPPED,False,2020-01-01,2023-06-15
HDFCNIFIT,HDFCNIFIT,HDFCNIFIT,,,UNMAPPED,,,OBSERVED_SYMBOL_HISTORY_NOT_STITCHED,False,UNMAPPED,False,2022-11-22,2026-09-11
HDFCNIFTY,HDFCNIFTY,HDFCNIFTY,,,UNMAPPED,,,OBSERVED_SYMBOL_HISTORY_NOT_STITCHED,False,UNMAPPED,False,2023-06-16,2026-09-11
HDFCNIMEG,HDFCNIMEG,HDFCNIMEG,,,UNMAPPED,,,OBSERVED_SYMBOL_HISTORY_NOT_STITCHED,False,UNMAPPED,False,2026-07-31,2026-09-11
HDFCPSUBK,HDFCPSUBK,HDFCPSUBK,,,UNMAPPED,,,OBSERVED_SYMBOL_HISTORY_NOT_STITCHED,False,UNMAPPED,False,2024-02-07,2026-09-11
HDFCPVTBAN,HDFCPVTBAN,HDFCPVTBAN,,,UNMAPPED,,,OBSERVED_SYMBOL_HISTORY_NOT_STITCHED,False,UNMAPPED,False,2022-11-22,2026-09-11
HDFCQUAL,HDFCQUAL,HDFCQUAL,,,UNMAPPED,,,OBSERVED_SYMBOL_HISTORY_NOT_STITCHED,False,UNMAPPED,False,2022-09-29,2026-09-11
HDFCSENETF,HDFCSENETF,HDFCSENETF,,,UNMAPPED,,,OBSERVED_SYMBOL_HISTORY_NOT_STITCHED,False,UNMAPPED,False,2020-01-01,2023-06-15
HDFCSENSEX,HDFCSENSEX,HDFCSENSEX,,,UNMAPPED,,,OBSERVED_SYMBOL_HISTORY_NOT_STITCHED,False,UNMAPPED,False,2023-06-16,2026-09-11
HDFCSILVER,HDFCSILVER,HDFCSILVER,,,UNMAPPED,,,OBSERVED_SYMBOL_HISTORY_NOT_STITCHED,False,UNMAPPED,False,2022-09-07,2026-09-11
HDFCSML250,HDFCSML250,HDFCSML250,,,UNMAPPED,,,OBSERVED_SYMBOL_HISTORY_NOT_STITCHED,False,UNMAPPED,False,2023-02-24,2026-09-11
HDFCVALUE,HDFCVALUE,HDFCVALUE,,,UNMAPPED,,,OBSERVED_SYMBOL_HISTORY_NOT_STITCHED,False,UNMAPPED,False,2022-09-29,2026-09-11
HEALTHADD,HEALTHADD,,,,UNMAPPED,,,MULTIPLE_ISIN_OBSERVED_NO_IDENTITY_INFERENCE,True,IDENTITY_AMBIGUOUS,False,2024-02-07,2026-09-11
HEALTHAXIS,HEALTHAXIS,,,,UNMAPPED,,,OBJECTIVE_SAME_ISIN_ALIAS_OBSERVED_NO_STITCH,True,IDENTITY_AMBIGUOUS,False,2026-07-03,2026-09-11
HEALTHCARE,HEALTHCARE,HEALTHCARE,,,UNMAPPED,,,OBSERVED_SYMBOL_HISTORY_NOT_STITCHED,False,UNMAPPED,False,2026-02-16,2026-09-11
HEALTHIETF,HEALTHIETF,HEALTHIETF,,,UNMAPPED,,,OBSERVED_SYMBOL_HISTORY_NOT_STITCHED,False,UNMAPPED,False,2023-12-20,2026-09-11
HEALTHX,HEALTHX,,,,UNMAPPED,,,OBJECTIVE_SAME_ISIN_ALIAS_OBSERVED_NO_STITCH,True,IDENTITY_AMBIGUOUS,False,2026-04-30,2026-09-11
HEALTHY,HEALTHY,HEALTHY,,,UNMAPPED,,,OBSERVED_SYMBOL_HISTORY_NOT_STITCHED,False,UNMAPPED,False,2021-10-28,2026-09-11
HEXAWARE,HEXAWARE,HEXAWARE,,,UNMAPPED,,,OBSERVED_SYMBOL_HISTORY_NOT_STITCHED,False,UNMAPPED,False,2020-01-01,2020-10-30
HILINFRA,HILINFRA,HILINFRA,,,UNMAPPED,,,OBSERVED_SYMBOL_HISTORY_NOT_STITCHED,False,UNMAPPED,False,2025-08-28,2026-09-11
HINDALUMI,HINDALUMI,HINDALUMI,,,UNMAPPED,,,OBSERVED_SYMBOL_HISTORY_NOT_STITCHED,False,UNMAPPED,False,2026-08-17,2026-09-11
HINDCON,HINDCON,HINDCON,,,UNMAPPED,,,OBSERVED_SYMBOL_HISTORY_NOT_STITCHED,False,UNMAPPED,False,2021-07-05,2026-09-11
HNGSNGBEES,HNGSNGBEES,HNGSNGBEES,,,UNMAPPED,,,OBSERVED_SYMBOL_HISTORY_NOT_STITCHED,False,UNMAPPED,False,2020-01-01,2026-09-11
HOTELEELA,HOTELEELA,HOTELEELA,,,UNMAPPED,,,OBSERVED_SYMBOL_HISTORY_NOT_STITCHED,False,UNMAPPED,False,2020-01-01,2020-01-07
HOTELRUGBY,HOTELRUGBY,HOTELRUGBY,,,UNMAPPED,,,OBSERVED_SYMBOL_HISTORY_NOT_STITCHED,False,UNMAPPED,False,2020-01-06,2022-11-18
HSBCGOLD,HSBCGOLD,HSBCGOLD,,,UNMAPPED,,,OBSERVED_SYMBOL_HISTORY_NOT_STITCHED,False,UNMAPPED,False,2026-03-27,2026-09-11
HSIL,HSIL,HSIL,,,UNMAPPED,,,OBSERVED_SYMBOL_HISTORY_NOT_STITCHED,False,UNMAPPED,False,2020-01-01,2022-05-10
HYBRIDETF,HYBRIDETF,HYBRIDETF,,,UNMAPPED,,,OBSERVED_SYMBOL_HISTORY_NOT_STITCHED,False,UNMAPPED,False,2026-07-31,2026-09-11
IBMFNIFTY,IBMFNIFTY,IBMFNIFTY,,,UNMAPPED,,,OBSERVED_SYMBOL_HISTORY_NOT_STITCHED,False,UNMAPPED,False,2020-01-01,2023-10-25
IBULISL,IBULISL,IBULISL,,,UNMAPPED,,,OBSERVED_SYMBOL_HISTORY_NOT_STITCHED,False,UNMAPPED,False,2020-01-01,2020-12-07
IBVENTURES,IBVENTURES,IBVENTURES,,,UNMAPPED,,,OBSERVED_SYMBOL_HISTORY_NOT_STITCHED,False,UNMAPPED,False,2020-01-01,2020-10-27
ICDSLTD,ICDSLTD,ICDSLTD,,,UNMAPPED,,,OBSERVED_SYMBOL_HISTORY_NOT_STITCHED,False,UNMAPPED,False,2024-10-21,2026-09-08
ICICI10GS,ICICI10GS,ICICI10GS,,,UNMAPPED,,,OBSERVED_SYMBOL_HISTORY_NOT_STITCHED,False,UNMAPPED,False,2022-12-19,2023-12-19
ICICI500,ICICI500,ICICI500,,,UNMAPPED,,,OBSERVED_SYMBOL_HISTORY_NOT_STITCHED,False,UNMAPPED,False,2020-01-01,2023-12-19
ICICI5GSEC,ICICI5GSEC,ICICI5GSEC,,,UNMAPPED,,,OBSERVED_SYMBOL_HISTORY_NOT_STITCHED,False,UNMAPPED,False,2022-03-10,2023-12-19
ICICIALPLV,ICICIALPLV,ICICIALPLV,,,UNMAPPED,,,OBSERVED_SYMBOL_HISTORY_NOT_STITCHED,False,UNMAPPED,False,2020-08-18,2023-12-19
ICICIAUTO,ICICIAUTO,ICICIAUTO,,,UNMAPPED,,,OBSERVED_SYMBOL_HISTORY_NOT_STITCHED,False,UNMAPPED,False,2022-01-18,2023-12-19
ICICIB22,ICICIB22,ICICIB22,,,UNMAPPED,,,OBSERVED_SYMBOL_HISTORY_NOT_STITCHED,False,UNMAPPED,False,2020-01-01,2026-09-11
ICICIBANKN,ICICIBANKN,ICICIBANKN,,,UNMAPPED,,,OBSERVED_SYMBOL_HISTORY_NOT_STITCHED,False,UNMAPPED,False,2020-01-01,2023-12-19
ICICIBANKP,ICICIBANKP,ICICIBANKP,,,UNMAPPED,,,OBSERVED_SYMBOL_HISTORY_NOT_STITCHED,False,UNMAPPED,False,2020-01-01,2023-12-19
ICICICOMMO,ICICICOMMO,ICICICOMMO,,,UNMAPPED,,,OBSERVED_SYMBOL_HISTORY_NOT_STITCHED,False,UNMAPPED,False,2022-12-21,2023-12-19
ICICICONSU,ICICICONSU,ICICICONSU,,,UNMAPPED,,,OBSERVED_SYMBOL_HISTORY_NOT_STITCHED,False,UNMAPPED,False,2021-11-02,2023-12-19
ICICIFIN,ICICIFIN,ICICIFIN,,,UNMAPPED,,,OBSERVED_SYMBOL_HISTORY_NOT_STITCHED,False,UNMAPPED,False,2022-11-30,2023-12-19
ICICIFMCG,ICICIFMCG,ICICIFMCG,,,UNMAPPED,,,OBSERVED_SYMBOL_HISTORY_NOT_STITCHED,False,UNMAPPED,False,2021-08-10,2023-12-19
ICICIGOLD,ICICIGOLD,ICICIGOLD,,,UNMAPPED,,,OBSERVED_SYMBOL_HISTORY_NOT_STITCHED,False,UNMAPPED,False,2020-01-01,2023-12-19
ICICIINFRA,ICICIINFRA,ICICIINFRA,,,UNMAPPED,,,OBSERVED_SYMBOL_HISTORY_NOT_STITCHED,False,UNMAPPED,False,2022-08-23,2023-12-19
ICICILIQ,ICICILIQ,ICICILIQ,,,UNMAPPED,,,OBSERVED_SYMBOL_HISTORY_NOT_STITCHED,False,UNMAPPED,False,2020-01-01,2023-12-19
ICICILOVOL,ICICILOVOL,ICICILOVOL,,,UNMAPPED,,,OBSERVED_SYMBOL_HISTORY_NOT_STITCHED,False,UNMAPPED,False,2020-01-01,2023-12-19
ICICIM150,ICICIM150,ICICIM150,,,UNMAPPED,,,OBSERVED_SYMBOL_HISTORY_NOT_STITCHED,False,UNMAPPED,False,2020-01-28,2023-12-19
ICICIMCAP,ICICIMCAP,ICICIMCAP,,,UNMAPPED,,,OBSERVED_SYMBOL_HISTORY_NOT_STITCHED,False,UNMAPPED,False,2020-01-01,2023-12-19
ICICIMOM30,ICICIMOM30,ICICIMOM30,,,UNMAPPED,,,OBSERVED_SYMBOL_HISTORY_NOT_STITCHED,False,UNMAPPED,False,2022-08-10,2023-12-19
ICICINF100,ICICINF100,ICICINF100,,,UNMAPPED,,,OBSERVED_SYMBOL_HISTORY_NOT_STITCHED,False,UNMAPPED,False,2020-01-01,2023-12-19
ICICINIFTY,ICICINIFTY,ICICINIFTY,,,UNMAPPED,,,OBSERVED_SYMBOL_HISTORY_NOT_STITCHED,False,UNMAPPED,False,2020-01-01,2023-12-19
ICICINV20,ICICINV20,ICICINV20,,,UNMAPPED,,,OBSERVED_SYMBOL_HISTORY_NOT_STITCHED,False,UNMAPPED,False,2020-01-01,2023-12-19
ICICINXT50,ICICINXT50,ICICINXT50,,,UNMAPPED,,,OBSERVED_SYMBOL_HISTORY_NOT_STITCHED,False,UNMAPPED,False,2020-01-01,2023-12-19
ICICIPHARM,ICICIPHARM,ICICIPHARM,,,UNMAPPED,,,OBSERVED_SYMBOL_HISTORY_NOT_STITCHED,False,UNMAPPED,False,2021-05-25,2023-12-19
ICICIQTY30,ICICIQTY30,ICICIQTY30,,,UNMAPPED,,,OBSERVED_SYMBOL_HISTORY_NOT_STITCHED,False,UNMAPPED,False,2023-08-10,2023-12-19
ICICISENSX,ICICISENSX,ICICISENSX,,,UNMAPPED,,,OBSERVED_SYMBOL_HISTORY_NOT_STITCHED,False,UNMAPPED,False,2020-01-01,2023-12-19
ICICISILVE,ICICISILVE,ICICISILVE,,,UNMAPPED,,,OBSERVED_SYMBOL_HISTORY_NOT_STITCHED,False,UNMAPPED,False,2022-01-31,2023-12-19
ICICITECH,ICICITECH,ICICITECH,,,UNMAPPED,,,OBSERVED_SYMBOL_HISTORY_NOT_STITCHED,False,UNMAPPED,False,2020-08-20,2023-12-19
IDBIGOLD,IDBIGOLD,IDBIGOLD,,,UNMAPPED,,,OBSERVED_SYMBOL_HISTORY_NOT_STITCHED,False,UNMAPPED,False,2020-01-01,2023-07-28
IDFNIFTYET,IDFNIFTYET,IDFNIFTYET,,,UNMAPPED,,,OBSERVED_SYMBOL_HISTORY_NOT_STITCHED,False,UNMAPPED,False,2020-01-01,2026-09-11
IGCL,IGCL,IGCL,,,UNMAPPED,,,OBSERVED_SYMBOL_HISTORY_NOT_STITCHED,False,UNMAPPED,False,2025-07-17,2026-09-11
IIFLCAPS,IIFLCAPS,,,,UNMAPPED,,,OBJECTIVE_SAME_ISIN_ALIAS_OBSERVED_NO_STITCH,True,IDENTITY_AMBIGUOUS,False,2024-12-03,2026-09-11
IIFLWAM,IIFLWAM,IIFLWAM,,,UNMAPPED,,,OBSERVED_SYMBOL_HISTORY_NOT_STITCHED,False,UNMAPPED,False,2020-01-01,2023-01-20
IKS,IKS,IKS,,,UNMAPPED,,,OBSERVED_SYMBOL_HISTORY_NOT_STITCHED,False,UNMAPPED,False,2024-12-19,2026-09-11
IMPEXFERRO,IMPEXFERRO,IMPEXFERRO,,,UNMAPPED,,,OBSERVED_SYMBOL_HISTORY_NOT_STITCHED,False,UNMAPPED,False,2020-01-01,2024-01-18
INDLMETER,INDLMETER,INDLMETER,,,UNMAPPED,,,OBSERVED_SYMBOL_HISTORY_NOT_STITCHED,False,UNMAPPED,False,2020-03-04,2022-04-20
INDOKEM,INDOKEM,INDOKEM,,,UNMAPPED,,,OBSERVED_SYMBOL_HISTORY_NOT_STITCHED,False,UNMAPPED,False,2026-08-17,2026-09-11
INDOMIM,INDOMIM,INDOMIM,,,UNMAPPED,,,OBSERVED_SYMBOL_HISTORY_NOT_STITCHED,False,UNMAPPED,False,2026-07-30,2026-09-11
INDOUS,INDOUS,INDOUS,,,UNMAPPED,,,OBSERVED_SYMBOL_HISTORY_NOT_STITCHED,False,UNMAPPED,False,2024-09-27,2026-09-11
INDPRUD,INDPRUD,INDPRUD,,,UNMAPPED,,,OBSERVED_SYMBOL_HISTORY_NOT_STITCHED,False,UNMAPPED,False,2026-04-20,2026-09-11
INDSWFTLTD,INDSWFTLTD,INDSWFTLTD,,,UNMAPPED,,,OBSERVED_SYMBOL_HISTORY_NOT_STITCHED,False,UNMAPPED,False,2020-01-01,2025-08-13
INEOSSTYRO,INEOSSTYRO,INEOSSTYRO,,,UNMAPPED,,,OBSERVED_SYMBOL_HISTORY_NOT_STITCHED,False,UNMAPPED,False,2020-01-01,2023-01-19
INFOMEDIA,INFOMEDIA,INFOMEDIA,,,UNMAPPED,,,OBSERVED_SYMBOL_HISTORY_NOT_STITCHED,False,UNMAPPED,False,2020-03-12,2026-09-11
INFRA,INFRA,INFRA,,,UNMAPPED,,,OBSERVED_SYMBOL_HISTORY_NOT_STITCHED,False,UNMAPPED,False,2026-02-18,2026-09-11
INFRABEES,INFRABEES,INFRABEES,,,UNMAPPED,,,OBSERVED_SYMBOL_HISTORY_NOT_STITCHED,False,UNMAPPED,False,2020-01-01,2026-09-11
INFRAIETF,INFRAIETF,INFRAIETF,,,UNMAPPED,,,OBSERVED_SYMBOL_HISTORY_NOT_STITCHED,False,UNMAPPED,False,2023-12-20,2026-09-11
INFRATEL,INFRATEL,INFRATEL,,,UNMAPPED,,,OBSERVED_SYMBOL_HISTORY_NOT_STITCHED,False,UNMAPPED,False,2020-01-01,2020-12-17
INOXLEISUR,INOXLEISUR,INOXLEISUR,,,UNMAPPED,,,OBSERVED_SYMBOL_HISTORY_NOT_STITCHED,False,UNMAPPED,False,2020-01-01,2023-02-16
INSUREIETF,INSUREIETF,INSUREIETF,,,UNMAPPED,,,OBSERVED_SYMBOL_HISTORY_NOT_STITCHED,False,UNMAPPED,False,2026-08-05,2026-09-11
INTEGRA,INTEGRA,INTEGRA,,,UNMAPPED,,,OBSERVED_SYMBOL_HISTORY_NOT_STITCHED,False,UNMAPPED,False,2020-01-01,2021-02-24
INTERNET,INTERNET,INTERNET,,,UNMAPPED,,,OBSERVED_SYMBOL_HISTORY_NOT_STITCHED,False,UNMAPPED,False,2025-07-08,2026-09-11
IPAPPM,IPAPPM,IPAPPM,,,UNMAPPED,,,OBSERVED_SYMBOL_HISTORY_NOT_STITCHED,False,UNMAPPED,False,2020-01-01,2020-01-21
ISTLTD,ISTLTD,ISTLTD,,,UNMAPPED,,,OBSERVED_SYMBOL_HISTORY_NOT_STITCHED,False,UNMAPPED,False,2026-08-17,2026-09-11
IT,IT,IT,,,UNMAPPED,,,OBSERVED_SYMBOL_HISTORY_NOT_STITCHED,False,UNMAPPED,False,2024-03-20,2026-09-11
ITADD,ITADD,,,,UNMAPPED,,,OBJECTIVE_SAME_ISIN_ALIAS_OBSERVED_NO_STITCH,True,IDENTITY_AMBIGUOUS,False,2025-12-15,2026-09-11
ITAXIS,ITAXIS,,,,UNMAPPED,,,OBJECTIVE_SAME_ISIN_ALIAS_OBSERVED_NO_STITCH,True,IDENTITY_AMBIGUOUS,False,2026-07-03,2026-09-11
ITBEES,ITBEES,ITBEES,,,UNMAPPED,,,OBSERVED_SYMBOL_HISTORY_NOT_STITCHED,False,UNMAPPED,False,2022-05-10,2026-09-11
ITBETA,ITBETA,,,,UNMAPPED,,,OBJECTIVE_SAME_ISIN_ALIAS_OBSERVED_NO_STITCH,True,IDENTITY_AMBIGUOUS,False,2025-12-24,2026-09-11
ITCHOTELS,ITCHOTELS,ITCHOTELS,,,UNMAPPED,,,OBSERVED_SYMBOL_HISTORY_NOT_STITCHED,False,UNMAPPED,False,2025-02-11,2026-09-11
ITETF,ITETF,ITETF,,,UNMAPPED,,,OBSERVED_SYMBOL_HISTORY_NOT_STITCHED,False,UNMAPPED,False,2023-10-27,2026-09-11
ITETFADD,ITETFADD,,,,UNMAPPED,,,OBJECTIVE_SAME_ISIN_ALIAS_OBSERVED_NO_STITCH,True,IDENTITY_AMBIGUOUS,False,2024-02-15,2025-12-12
ITIETF,ITIETF,ITIETF,,,UNMAPPED,,,OBSERVED_SYMBOL_HISTORY_NOT_STITCHED,False,UNMAPPED,False,2023-12-20,2026-09-11
ITL,ITL,ITL,,,UNMAPPED,,,OBSERVED_SYMBOL_HISTORY_NOT_STITCHED,False,UNMAPPED,False,2026-08-17,2026-09-11
IVALUE,IVALUE,IVALUE,,,UNMAPPED,,,OBSERVED_SYMBOL_HISTORY_NOT_STITCHED,False,UNMAPPED,False,2025-09-25,2026-09-11
IVZBANKNF,IVZBANKNF,IVZBANKNF,,,UNMAPPED,,,OBSERVED_SYMBOL_HISTORY_NOT_STITCHED,False,UNMAPPED,False,2026-08-21,2026-09-11
IVZINGOLD,IVZINGOLD,,,,UNMAPPED,,,MULTIPLE_ISIN_OBSERVED_NO_IDENTITY_INFERENCE,True,IDENTITY_AMBIGUOUS,False,2020-01-01,2026-09-11
IVZINNIFTY,IVZINNIFTY,,,,UNMAPPED,,,MULTIPLE_ISIN_OBSERVED_NO_IDENTITY_INFERENCE,True,IDENTITY_AMBIGUOUS,False,2020-01-01,2026-09-11
IVZSENSEX,IVZSENSEX,IVZSENSEX,,,UNMAPPED,,,OBSERVED_SYMBOL_HISTORY_NOT_STITCHED,False,UNMAPPED,False,2026-08-21,2026-09-11
JBFIND,JBFIND,JBFIND,,,UNMAPPED,,,OBSERVED_SYMBOL_HISTORY_NOT_STITCHED,False,UNMAPPED,False,2020-01-01,2023-01-20
JENBURPH,JENBURPH,JENBURPH,,,UNMAPPED,,,OBSERVED_SYMBOL_HISTORY_NOT_STITCHED,False,UNMAPPED,False,2026-08-17,2026-09-11
JIYAECO,JIYAECO,JIYAECO,,,UNMAPPED,,,OBSERVED_SYMBOL_HISTORY_NOT_STITCHED,False,UNMAPPED,False,2020-01-01,2020-11-23
JKIPL,JKIPL,JKIPL,,,UNMAPPED,,,OBSERVED_SYMBOL_HISTORY_NOT_STITCHED,False,UNMAPPED,False,2025-10-17,2026-09-11
JMA,JMA,JMA,,,UNMAPPED,,,OBSERVED_SYMBOL_HISTORY_NOT_STITCHED,False,UNMAPPED,False,2020-01-01,2026-09-11
JMCPROJECT,JMCPROJECT,JMCPROJECT,,,UNMAPPED,,,OBSERVED_SYMBOL_HISTORY_NOT_STITCHED,False,UNMAPPED,False,2020-01-01,2023-01-10
JMTAUTOLTD,JMTAUTOLTD,JMTAUTOLTD,,,UNMAPPED,,,OBSERVED_SYMBOL_HISTORY_NOT_STITCHED,False,UNMAPPED,False,2020-01-01,2021-10-22
JNPR,JNPR,JNPR,,,UNMAPPED,,,OBSERVED_SYMBOL_HISTORY_NOT_STITCHED,False,UNMAPPED,False,2026-08-06,2026-09-11
JPINFRATEC,JPINFRATEC,JPINFRATEC,,,UNMAPPED,,,OBSERVED_SYMBOL_HISTORY_NOT_STITCHED,False,UNMAPPED,False,2020-01-01,2022-05-24
JSLHISAR,JSLHISAR,JSLHISAR,,,UNMAPPED,,,OBSERVED_SYMBOL_HISTORY_NOT_STITCHED,False,UNMAPPED,False,2020-01-01,2023-03-08
JSWDULUX,JSWDULUX,,,,UNMAPPED,,,OBJECTIVE_SAME_ISIN_ALIAS_OBSERVED_NO_STITCH,True,IDENTITY_AMBIGUOUS,False,2026-04-15,2026-09-11
JSWISPL,JSWISPL,JSWISPL,,,UNMAPPED,,,OBSERVED_SYMBOL_HISTORY_NOT_STITCHED,False,UNMAPPED,False,2020-10-12,2023-08-09
JTLINFRA,JTLINFRA,JTLINFRA,,,UNMAPPED,,,OBSERVED_SYMBOL_HISTORY_NOT_STITCHED,False,UNMAPPED,False,2021-12-23,2022-11-18
JUBILANT,JUBILANT,JUBILANT,,,UNMAPPED,,,OBSERVED_SYMBOL_HISTORY_NOT_STITCHED,False,UNMAPPED,False,2020-01-01,2021-02-03
JUMPNET,JUMPNET,JUMPNET,,,UNMAPPED,,,OBSERVED_SYMBOL_HISTORY_NOT_STITCHED,False,UNMAPPED,False,2020-01-01,2021-12-21
JUNIORBEES,JUNIORBEES,JUNIORBEES,,,UNMAPPED,,,OBSERVED_SYMBOL_HISTORY_NOT_STITCHED,False,UNMAPPED,False,2020-01-01,2026-09-11
JYOTIRES,JYOTIRES,JYOTIRES,,,UNMAPPED,,,OBSERVED_SYMBOL_HISTORY_NOT_STITCHED,False,UNMAPPED,False,2026-08-17,2026-09-11
KALPATPOWR,KALPATPOWR,KALPATPOWR,,,UNMAPPED,,,OBSERVED_SYMBOL_HISTORY_NOT_STITCHED,False,UNMAPPED,False,2020-01-01,2023-06-05
KAMAHOLD,KAMAHOLD,KAMAHOLD,,,UNMAPPED,,,OBSERVED_SYMBOL_HISTORY_NOT_STITCHED,False,UNMAPPED,False,2026-04-20,2026-09-11
KANCOTEA,KANCOTEA,KANCOTEA,,,UNMAPPED,,,OBSERVED_SYMBOL_HISTORY_NOT_STITCHED,False,UNMAPPED,False,2026-08-17,2026-09-11
KARDA,KARDA,KARDA,,,UNMAPPED,,,OBSERVED_SYMBOL_HISTORY_NOT_STITCHED,False,UNMAPPED,False,2020-01-01,2021-12-15
KARMAENG,KARMAENG,KARMAENG,,,UNMAPPED,,,OBSERVED_SYMBOL_HISTORY_NOT_STITCHED,False,UNMAPPED,False,2020-03-04,2026-09-11
KAUSHALYA,KAUSHALYA,KAUSHALYA,,,UNMAPPED,,,OBSERVED_SYMBOL_HISTORY_NOT_STITCHED,False,UNMAPPED,False,2020-03-04,2026-07-08
KAVDEFENCE,KAVDEFENCE,KAVDEFENCE,,,UNMAPPED,,,OBSERVED_SYMBOL_HISTORY_NOT_STITCHED,False,UNMAPPED,False,2025-09-09,2026-09-11
KDGREEN,KDGREEN,,,,UNMAPPED,,,OBJECTIVE_SAME_ISIN_ALIAS_OBSERVED_NO_STITCH,True,IDENTITY_AMBIGUOUS,False,2026-09-03,2026-09-11
KEEPLEARN,KEEPLEARN,KEEPLEARN,,,UNMAPPED,,,OBSERVED_SYMBOL_HISTORY_NOT_STITCHED,False,UNMAPPED,False,2024-03-18,2026-09-11
KEERTI,KEERTI,KEERTI,,,UNMAPPED,,,OBSERVED_SYMBOL_HISTORY_NOT_STITCHED,False,UNMAPPED,False,2020-11-13,2023-06-21
KIRANVYPAR,KIRANVYPAR,KIRANVYPAR,,,UNMAPPED,,,OBSERVED_SYMBOL_HISTORY_NOT_STITCHED,False,UNMAPPED,False,2026-04-20,2026-09-11
KMCSHIL,KMCSHIL,KMCSHIL,,,UNMAPPED,,,OBSERVED_SYMBOL_HISTORY_NOT_STITCHED,False,UNMAPPED,False,2026-08-17,2026-09-11
KNACK,KNACK,KNACK,,,UNMAPPED,,,OBSERVED_SYMBOL_HISTORY_NOT_STITCHED,False,UNMAPPED,False,2026-07-08,2026-09-11
KNAGRI,KNAGRI,KNAGRI,,,UNMAPPED,,,OBSERVED_SYMBOL_HISTORY_NOT_STITCHED,False,UNMAPPED,False,2025-12-09,2026-09-11
KOTAKALPHA,KOTAKALPHA,KOTAKALPHA,,,UNMAPPED,,,OBSERVED_SYMBOL_HISTORY_NOT_STITCHED,False,UNMAPPED,False,2021-12-29,2024-03-19
KOTAKBKETF,KOTAKBKETF,KOTAKBKETF,,,UNMAPPED,,,OBSERVED_SYMBOL_HISTORY_NOT_STITCHED,False,UNMAPPED,False,2020-01-01,2024-03-19
KOTAKCONS,KOTAKCONS,KOTAKCONS,,,UNMAPPED,,,OBSERVED_SYMBOL_HISTORY_NOT_STITCHED,False,UNMAPPED,False,2022-08-04,2024-03-19
KOTAKGOLD,KOTAKGOLD,KOTAKGOLD,,,UNMAPPED,,,OBSERVED_SYMBOL_HISTORY_NOT_STITCHED,False,UNMAPPED,False,2020-01-01,2024-04-15
KOTAKIT,KOTAKIT,KOTAKIT,,,UNMAPPED,,,OBSERVED_SYMBOL_HISTORY_NOT_STITCHED,False,UNMAPPED,False,2021-03-05,2024-03-19
KOTAKLIQ,KOTAKLIQ,KOTAKLIQ,,,UNMAPPED,,,OBSERVED_SYMBOL_HISTORY_NOT_STITCHED,False,UNMAPPED,False,2023-02-01,2024-03-19
KOTAKLOVOL,KOTAKLOVOL,KOTAKLOVOL,,,UNMAPPED,,,OBSERVED_SYMBOL_HISTORY_NOT_STITCHED,False,UNMAPPED,False,2022-03-29,2024-03-19
KOTAKMID50,KOTAKMID50,KOTAKMID50,,,UNMAPPED,,,OBSERVED_SYMBOL_HISTORY_NOT_STITCHED,False,UNMAPPED,False,2022-02-04,2024-03-19
KOTAKMNC,KOTAKMNC,KOTAKMNC,,,UNMAPPED,,,OBSERVED_SYMBOL_HISTORY_NOT_STITCHED,False,UNMAPPED,False,2022-08-16,2024-03-19
KOTAKNIFTY,KOTAKNIFTY,KOTAKNIFTY,,,UNMAPPED,,,OBSERVED_SYMBOL_HISTORY_NOT_STITCHED,False,UNMAPPED,False,2020-01-01,2024-03-19
KOTAKNV20,KOTAKNV20,KOTAKNV20,,,UNMAPPED,,,OBSERVED_SYMBOL_HISTORY_NOT_STITCHED,False,UNMAPPED,False,2020-01-01,2024-03-19
KOTAKPSUBK,KOTAKPSUBK,KOTAKPSUBK,,,UNMAPPED,,,OBSERVED_SYMBOL_HISTORY_NOT_STITCHED,False,UNMAPPED,False,2020-01-01,2024-03-19
KOTAKSILVE,KOTAKSILVE,KOTAKSILVE,,,UNMAPPED,,,OBSERVED_SYMBOL_HISTORY_NOT_STITCHED,False,UNMAPPED,False,2022-12-14,2024-04-15
KOVAI,KOVAI,KOVAI,,,UNMAPPED,,,OBSERVED_SYMBOL_HISTORY_NOT_STITCHED,False,UNMAPPED,False,2021-08-05,2026-09-11
KPEL,KPEL,KPEL,,,UNMAPPED,,,OBSERVED_SYMBOL_HISTORY_NOT_STITCHED,False,UNMAPPED,False,2024-11-14,2026-09-11
KPIGLOBAL,KPIGLOBAL,KPIGLOBAL,,,UNMAPPED,,,OBSERVED_SYMBOL_HISTORY_NOT_STITCHED,False,UNMAPPED,False,2021-07-27,2022-04-26
KRISHIVAL,KRISHIVAL,KRISHIVAL,,,UNMAPPED,,,OBSERVED_SYMBOL_HISTORY_NOT_STITCHED,False,UNMAPPED,False,2025-10-20,2026-09-11
KRITIKA,KRITIKA,KRITIKA,,,UNMAPPED,,,OBSERVED_SYMBOL_HISTORY_NOT_STITCHED,False,UNMAPPED,False,2022-05-04,2026-09-11
KSE,KSE,KSE,,,UNMAPPED,,,OBSERVED_SYMBOL_HISTORY_NOT_STITCHED,False,UNMAPPED,False,2026-08-17,2026-09-11
KSERASERA,KSERASERA,KSERASERA,,,UNMAPPED,,,OBSERVED_SYMBOL_HISTORY_NOT_STITCHED,False,UNMAPPED,False,2020-03-04,2020-08-21
KSK,KSK,KSK,,,UNMAPPED,,,OBSERVED_SYMBOL_HISTORY_NOT_STITCHED,False,UNMAPPED,False,2020-03-04,2020-11-27
KSR,KSR,KSR,,,UNMAPPED,,,OBSERVED_SYMBOL_HISTORY_NOT_STITCHED,False,UNMAPPED,False,2025-12-11,2026-09-11
KUANTUM,KUANTUM,KUANTUM,,,UNMAPPED,,,OBSERVED_SYMBOL_HISTORY_NOT_STITCHED,False,UNMAPPED,False,2020-01-01,2026-09-11
KUSUMGAR,KUSUMGAR,KUSUMGAR,,,UNMAPPED,,,OBSERVED_SYMBOL_HISTORY_NOT_STITCHED,False,UNMAPPED,False,2026-07-15,2026-09-11
KWALITY,KWALITY,KWALITY,,,UNMAPPED,,,OBSERVED_SYMBOL_HISTORY_NOT_STITCHED,False,UNMAPPED,False,2020-03-04,2021-02-23
L&TFH,L&TFH,L&TFH,,,UNMAPPED,,,OBSERVED_SYMBOL_HISTORY_NOT_STITCHED,False,UNMAPPED,False,2020-01-01,2024-04-22
LADDERUP,LADDERUP,LADDERUP,,,UNMAPPED,,,OBSERVED_SYMBOL_HISTORY_NOT_STITCHED,False,UNMAPPED,False,2026-08-17,2026-09-11
LAGNAM,LAGNAM,LAGNAM,,,UNMAPPED,,,OBSERVED_SYMBOL_HISTORY_NOT_STITCHED,False,UNMAPPED,False,2021-09-30,2026-09-11
LAKSHMIMIL,LAKSHMIMIL,LAKSHMIMIL,,,UNMAPPED,,,OBSERVED_SYMBOL_HISTORY_NOT_STITCHED,False,UNMAPPED,False,2026-08-18,2026-09-11
LAKSHVILAS,LAKSHVILAS,LAKSHVILAS,,,UNMAPPED,,,OBSERVED_SYMBOL_HISTORY_NOT_STITCHED,False,UNMAPPED,False,2020-01-01,2020-11-25
LANCER,LANCER,LANCER,,,UNMAPPED,,,OBSERVED_SYMBOL_HISTORY_NOT_STITCHED,False,UNMAPPED,False,2022-05-10,2026-09-11
LANDSMILL,LANDSMILL,,,,UNMAPPED,,,OBJECTIVE_SAME_ISIN_ALIAS_OBSERVED_NO_STITCH,True,IDENTITY_AMBIGUOUS,False,2026-04-02,2026-09-11
LARGEMID50,LARGEMID50,LARGEMID50,,,UNMAPPED,,,OBSERVED_SYMBOL_HISTORY_NOT_STITCHED,False,UNMAPPED,False,2026-08-20,2026-09-11
LASERPOWER,LASERPOWER,LASERPOWER,,,UNMAPPED,,,OBSERVED_SYMBOL_HISTORY_NOT_STITCHED,False,UNMAPPED,False,2026-07-16,2026-09-11
LCCINFOTEC,LCCINFOTEC,LCCINFOTEC,,,UNMAPPED,,,OBSERVED_SYMBOL_HISTORY_NOT_STITCHED,False,UNMAPPED,False,2021-04-07,2026-09-11
LCL,LCL,LCL,,,UNMAPPED,,,OBSERVED_SYMBOL_HISTORY_NOT_STITCHED,False,UNMAPPED,False,2026-07-30,2026-09-11
LEENEE,LEENEE,LEENEE,,,UNMAPPED,,,OBSERVED_SYMBOL_HISTORY_NOT_STITCHED,False,UNMAPPED,False,2026-08-17,2026-09-02
LGHL,LGHL,LGHL,,,UNMAPPED,,,OBSERVED_SYMBOL_HISTORY_NOT_STITCHED,False,UNMAPPED,False,2024-01-31,2026-09-11
LICMFGOLD,LICMFGOLD,,,,UNMAPPED,,,MULTIPLE_ISIN_OBSERVED_NO_IDENTITY_INFERENCE,True,IDENTITY_AMBIGUOUS,False,2023-07-31,2026-09-11
LICNETFGSC,LICNETFGSC,LICNETFGSC,,,UNMAPPED,,,OBSERVED_SYMBOL_HISTORY_NOT_STITCHED,False,UNMAPPED,False,2020-01-01,2026-09-11
LICNETFN50,LICNETFN50,LICNETFN50,,,UNMAPPED,,,OBSERVED_SYMBOL_HISTORY_NOT_STITCHED,False,UNMAPPED,False,2020-01-01,2026-09-11
LICNETFSEN,LICNETFSEN,LICNETFSEN,,,UNMAPPED,,,OBSERVED_SYMBOL_HISTORY_NOT_STITCHED,False,UNMAPPED,False,2020-01-02,2026-09-11
LICNFNHGP,LICNFNHGP,LICNFNHGP,,,UNMAPPED,,,OBSERVED_SYMBOL_HISTORY_NOT_STITCHED,False,UNMAPPED,False,2020-01-01,2026-09-11
LICNMID100,LICNMID100,LICNMID100,,,UNMAPPED,,,OBSERVED_SYMBOL_HISTORY_NOT_STITCHED,False,UNMAPPED,False,2024-02-19,2026-09-11
LINCPEN,LINCPEN,LINCPEN,,,UNMAPPED,,,OBSERVED_SYMBOL_HISTORY_NOT_STITCHED,False,UNMAPPED,False,2020-01-01,2021-12-17
LIQGRWBEES,LIQGRWBEES,LIQGRWBEES,,,UNMAPPED,,,OBSERVED_SYMBOL_HISTORY_NOT_STITCHED,False,UNMAPPED,False,2025-07-25,2026-09-11
LIQUID,LIQUID,LIQUID,,,UNMAPPED,,,OBSERVED_SYMBOL_HISTORY_NOT_STITCHED,False,UNMAPPED,False,2023-07-31,2026-09-11
LIQUID1,LIQUID1,LIQUID1,,,UNMAPPED,,,OBSERVED_SYMBOL_HISTORY_NOT_STITCHED,False,UNMAPPED,False,2024-03-20,2026-09-11
LIQUIDADD,LIQUIDADD,LIQUIDADD,,,UNMAPPED,,,OBSERVED_SYMBOL_HISTORY_NOT_STITCHED,False,UNMAPPED,False,2024-04-03,2026-09-11
LIQUIDBEES,LIQUIDBEES,LIQUIDBEES,,,UNMAPPED,,,OBSERVED_SYMBOL_HISTORY_NOT_STITCHED,False,UNMAPPED,False,2020-01-01,2026-09-11
LIQUIDBETA,LIQUIDBETA,LIQUIDBETA,,,UNMAPPED,,,OBSERVED_SYMBOL_HISTORY_NOT_STITCHED,False,UNMAPPED,False,2026-07-21,2026-09-11
LIQUIDBETF,LIQUIDBETF,LIQUIDBETF,,,UNMAPPED,,,OBSERVED_SYMBOL_HISTORY_NOT_STITCHED,False,UNMAPPED,False,2024-06-03,2026-09-11
LIQUIDCASE,LIQUIDCASE,LIQUIDCASE,,,UNMAPPED,,,OBSERVED_SYMBOL_HISTORY_NOT_STITCHED,False,UNMAPPED,False,2024-01-24,2026-09-11
LIQUIDETF,LIQUIDETF,LIQUIDETF,,,UNMAPPED,,,OBSERVED_SYMBOL_HISTORY_NOT_STITCHED,False,UNMAPPED,False,2020-01-01,2026-09-11
LIQUIDIETF,LIQUIDIETF,LIQUIDIETF,,,UNMAPPED,,,OBSERVED_SYMBOL_HISTORY_NOT_STITCHED,False,UNMAPPED,False,2023-12-20,2026-09-11
LIQUIDPLUS,LIQUIDPLUS,LIQUIDPLUS,,,UNMAPPED,,,OBSERVED_SYMBOL_HISTORY_NOT_STITCHED,False,UNMAPPED,False,2024-11-13,2026-09-11
LIQUIDSBI,LIQUIDSBI,LIQUIDSBI,,,UNMAPPED,,,OBSERVED_SYMBOL_HISTORY_NOT_STITCHED,False,UNMAPPED,False,2023-11-02,2026-09-11
LIQUIDSHRI,LIQUIDSHRI,LIQUIDSHRI,,,UNMAPPED,,,OBSERVED_SYMBOL_HISTORY_NOT_STITCHED,False,UNMAPPED,False,2024-07-09,2026-09-11
LKPSEC,LKPSEC,LKPSEC,,,UNMAPPED,,,OBSERVED_SYMBOL_HISTORY_NOT_STITCHED,False,UNMAPPED,False,2026-08-17,2026-09-11
LMW,LMW,,,,UNMAPPED,,,OBJECTIVE_SAME_ISIN_ALIAS_OBSERVED_NO_STITCH,True,IDENTITY_AMBIGUOUS,False,2024-10-10,2026-09-11
LORDSCHLO,LORDSCHLO,LORDSCHLO,,,UNMAPPED,,,OBSERVED_SYMBOL_HISTORY_NOT_STITCHED,False,UNMAPPED,False,2023-08-28,2026-09-11
LOTUSCHO,LOTUSCHO,LOTUSCHO,,,UNMAPPED,,,OBSERVED_SYMBOL_HISTORY_NOT_STITCHED,False,UNMAPPED,False,2026-08-17,2026-09-11
LOTUSDEV,LOTUSDEV,LOTUSDEV,,,UNMAPPED,,,OBSERVED_SYMBOL_HISTORY_NOT_STITCHED,False,UNMAPPED,False,2025-08-06,2026-08-10
LOWVOL,LOWVOL,LOWVOL,,,UNMAPPED,,,OBSERVED_SYMBOL_HISTORY_NOT_STITCHED,False,UNMAPPED,False,2023-09-01,2026-09-11
LOWVOL1,LOWVOL1,LOWVOL1,,,UNMAPPED,,,OBSERVED_SYMBOL_HISTORY_NOT_STITCHED,False,UNMAPPED,False,2024-03-20,2026-09-11
LOWVOLIETF,LOWVOLIETF,LOWVOLIETF,,,UNMAPPED,,,OBSERVED_SYMBOL_HISTORY_NOT_STITCHED,False,UNMAPPED,False,2023-12-20,2026-09-11
LSIL,LSIL,LSIL,,,UNMAPPED,,,OBSERVED_SYMBOL_HISTORY_NOT_STITCHED,False,UNMAPPED,False,2020-01-01,2023-08-09
LTGILTBEES,LTGILTBEES,LTGILTBEES,,,UNMAPPED,,,OBSERVED_SYMBOL_HISTORY_NOT_STITCHED,False,UNMAPPED,False,2022-05-10,2026-09-11
LTGILTCASE,LTGILTCASE,LTGILTCASE,,,UNMAPPED,,,OBSERVED_SYMBOL_HISTORY_NOT_STITCHED,False,UNMAPPED,False,2025-08-20,2026-09-11
LTI,LTI,LTI,,,UNMAPPED,,,OBSERVED_SYMBOL_HISTORY_NOT_STITCHED,False,UNMAPPED,False,2020-01-01,2022-12-02
LTM,LTM,,,,UNMAPPED,,,OBJECTIVE_SAME_ISIN_ALIAS_OBSERVED_NO_STITCH,True,IDENTITY_AMBIGUOUS,False,2026-02-27,2026-09-11
LUMINO,LUMINO,LUMINO,,,UNMAPPED,,,OBSERVED_SYMBOL_HISTORY_NOT_STITCHED,False,UNMAPPED,False,2026-09-03,2026-09-11
M100,M100,M100,,,UNMAPPED,,,OBSERVED_SYMBOL_HISTORY_NOT_STITCHED,False,UNMAPPED,False,2020-01-01,2021-06-15
M50,M50,M50,,,UNMAPPED,,,OBSERVED_SYMBOL_HISTORY_NOT_STITCHED,False,UNMAPPED,False,2020-01-01,2021-06-15
MADHAVIPL,MADHAVIPL,MADHAVIPL,,,UNMAPPED,,,OBSERVED_SYMBOL_HISTORY_NOT_STITCHED,False,UNMAPPED,False,2026-04-20,2026-09-11
MAESGETF,MAESGETF,MAESGETF,,,UNMAPPED,,,OBSERVED_SYMBOL_HISTORY_NOT_STITCHED,False,UNMAPPED,False,2020-11-24,2023-08-31
MAFANG,MAFANG,MAFANG,,,UNMAPPED,,,OBSERVED_SYMBOL_HISTORY_NOT_STITCHED,False,UNMAPPED,False,2021-05-14,2026-09-11
MAFATIND,MAFATIND,MAFATIND,,,UNMAPPED,,,OBSERVED_SYMBOL_HISTORY_NOT_STITCHED,False,UNMAPPED,False,2026-04-20,2026-09-11
MAFSETF,MAFSETF,MAFSETF,,,UNMAPPED,,,OBSERVED_SYMBOL_HISTORY_NOT_STITCHED,False,UNMAPPED,False,2021-08-05,2023-08-31
MAGMA,MAGMA,MAGMA,,,UNMAPPED,,,OBSERVED_SYMBOL_HISTORY_NOT_STITCHED,False,UNMAPPED,False,2020-01-01,2021-06-08
MAGOLDETF,MAGOLDETF,MAGOLDETF,,,UNMAPPED,,,OBSERVED_SYMBOL_HISTORY_NOT_STITCHED,False,UNMAPPED,False,2023-02-24,2023-08-31
MAGS813ETF,MAGS813ETF,MAGS813ETF,,,UNMAPPED,,,OBSERVED_SYMBOL_HISTORY_NOT_STITCHED,False,UNMAPPED,False,2023-04-10,2023-08-30
MAHEPC,MAHEPC,MAHEPC,,,UNMAPPED,,,OBSERVED_SYMBOL_HISTORY_NOT_STITCHED,False,UNMAPPED,False,2020-02-14,2026-09-11
MAHINDCIE,MAHINDCIE,MAHINDCIE,,,UNMAPPED,,,OBSERVED_SYMBOL_HISTORY_NOT_STITCHED,False,UNMAPPED,False,2020-01-01,2023-06-16
MAHKTECH,MAHKTECH,MAHKTECH,,,UNMAPPED,,,OBSERVED_SYMBOL_HISTORY_NOT_STITCHED,False,UNMAPPED,False,2021-12-10,2026-09-11
MAJESAUT,MAJESAUT,MAJESAUT,,,UNMAPPED,,,OBSERVED_SYMBOL_HISTORY_NOT_STITCHED,False,UNMAPPED,False,2026-04-20,2026-08-06
MAJESCO,MAJESCO,MAJESCO,,,UNMAPPED,,,OBSERVED_SYMBOL_HISTORY_NOT_STITCHED,False,UNMAPPED,False,2020-01-01,2021-10-21
MAKEINDIA,MAKEINDIA,MAKEINDIA,,,UNMAPPED,,,OBSERVED_SYMBOL_HISTORY_NOT_STITCHED,False,UNMAPPED,False,2023-09-01,2026-09-11
MAKERSL,MAKERSL,MAKERSL,,,UNMAPPED,,,OBSERVED_SYMBOL_HISTORY_NOT_STITCHED,False,UNMAPPED,False,2026-08-17,2026-09-11
MALUPAPER,MALUPAPER,MALUPAPER,,,UNMAPPED,,,OBSERVED_SYMBOL_HISTORY_NOT_STITCHED,False,UNMAPPED,False,2020-01-01,2026-09-11
MAM150ETF,MAM150ETF,MAM150ETF,,,UNMAPPED,,,OBSERVED_SYMBOL_HISTORY_NOT_STITCHED,False,UNMAPPED,False,2022-03-15,2023-08-31
MAMATA,MAMATA,MAMATA,,,UNMAPPED,,,OBSERVED_SYMBOL_HISTORY_NOT_STITCHED,False,UNMAPPED,False,2025-01-10,2026-09-11
MAMFGETF,MAMFGETF,MAMFGETF,,,UNMAPPED,,,OBSERVED_SYMBOL_HISTORY_NOT_STITCHED,False,UNMAPPED,False,2022-02-02,2023-08-31
MAN50ETF,MAN50ETF,MAN50ETF,,,UNMAPPED,,,OBSERVED_SYMBOL_HISTORY_NOT_STITCHED,False,UNMAPPED,False,2020-01-01,2023-08-31
MANGTIMBER,MANGTIMBER,MANGTIMBER,,,UNMAPPED,,,OBSERVED_SYMBOL_HISTORY_NOT_STITCHED,False,UNMAPPED,False,2020-03-04,2022-01-04
MANIPALHOS,MANIPALHOS,MANIPALHOS,,,UNMAPPED,,,OBSERVED_SYMBOL_HISTORY_NOT_STITCHED,False,UNMAPPED,False,2026-08-05,2026-09-11
MANUFGBEES,MANUFGBEES,MANUFGBEES,,,UNMAPPED,,,OBSERVED_SYMBOL_HISTORY_NOT_STITCHED,False,UNMAPPED,False,2025-08-29,2026-09-11
MANV30F,MANV30F,MANV30F,,,UNMAPPED,,,OBSERVED_SYMBOL_HISTORY_NOT_STITCHED,False,UNMAPPED,False,2023-03-31,2023-08-31
MANXT50,MANXT50,MANXT50,,,UNMAPPED,,,OBSERVED_SYMBOL_HISTORY_NOT_STITCHED,False,UNMAPPED,False,2020-01-31,2023-08-31
MARKOLINES,MARKOLINES,MARKOLINES,,,UNMAPPED,,,OBSERVED_SYMBOL_HISTORY_NOT_STITCHED,False,UNMAPPED,False,2025-10-14,2026-09-11
MARSHALL,MARSHALL,MARSHALL,,,UNMAPPED,,,OBSERVED_SYMBOL_HISTORY_NOT_STITCHED,False,UNMAPPED,False,2021-11-22,2024-11-14
MARSONS,MARSONS,MARSONS,,,UNMAPPED,,,OBSERVED_SYMBOL_HISTORY_NOT_STITCHED,False,UNMAPPED,False,2026-03-13,2026-09-11
MASILVER,MASILVER,MASILVER,,,UNMAPPED,,,OBSERVED_SYMBOL_HISTORY_NOT_STITCHED,False,UNMAPPED,False,2023-06-15,2023-08-31
MASPTOP50,MASPTOP50,MASPTOP50,,,UNMAPPED,,,OBSERVED_SYMBOL_HISTORY_NOT_STITCHED,False,UNMAPPED,False,2021-09-24,2026-09-11
MAXINDIA,MAXINDIA,MAXINDIA,,,UNMAPPED,,,OBSERVED_SYMBOL_HISTORY_NOT_STITCHED,False,UNMAPPED,False,2020-01-01,2020-06-11
MAXVIL,MAXVIL,MAXVIL,,,UNMAPPED,,,OBSERVED_SYMBOL_HISTORY_NOT_STITCHED,False,UNMAPPED,False,2020-01-01,2023-08-10
MCCHRLS-B,MCCHRLS-B,MCCHRLS-B,,,UNMAPPED,,,OBSERVED_SYMBOL_HISTORY_NOT_STITCHED,False,UNMAPPED,False,2026-04-20,2026-09-11
MCDHOLDING,MCDHOLDING,MCDHOLDING,,,UNMAPPED,,,OBSERVED_SYMBOL_HISTORY_NOT_STITCHED,False,UNMAPPED,False,2020-01-01,2021-09-22
MEDICAPQ,MEDICAPQ,MEDICAPQ,,,UNMAPPED,,,OBSERVED_SYMBOL_HISTORY_NOT_STITCHED,False,UNMAPPED,False,2026-08-17,2026-09-11
MEGH,MEGH,MEGH,,,UNMAPPED,,,OBSERVED_SYMBOL_HISTORY_NOT_STITCHED,False,UNMAPPED,False,2020-01-01,2021-05-17
MERCATOR,MERCATOR,MERCATOR,,,UNMAPPED,,,OBSERVED_SYMBOL_HISTORY_NOT_STITCHED,False,UNMAPPED,False,2020-01-01,2022-05-24
MERCURYEV,MERCURYEV,MERCURYEV,,,UNMAPPED,,,OBSERVED_SYMBOL_HISTORY_NOT_STITCHED,False,UNMAPPED,False,2026-07-27,2026-09-11
METALIETF,METALIETF,METALIETF,,,UNMAPPED,,,OBSERVED_SYMBOL_HISTORY_NOT_STITCHED,False,UNMAPPED,False,2024-08-20,2026-09-11
METROGLOBL,METROGLOBL,METROGLOBL,,,UNMAPPED,,,OBSERVED_SYMBOL_HISTORY_NOT_STITCHED,False,UNMAPPED,False,2026-04-20,2026-09-11
MFL,MFL,MFL,,,UNMAPPED,,,OBSERVED_SYMBOL_HISTORY_NOT_STITCHED,False,UNMAPPED,False,2021-09-02,2023-09-08
MIC,MIC,MIC,,,UNMAPPED,,,OBSERVED_SYMBOL_HISTORY_NOT_STITCHED,False,UNMAPPED,False,2020-03-04,2021-05-14
MID150,MID150,MID150,,,UNMAPPED,,,OBSERVED_SYMBOL_HISTORY_NOT_STITCHED,False,UNMAPPED,False,2025-03-28,2026-09-11
MID150BEES,MID150BEES,MID150BEES,,,UNMAPPED,,,OBSERVED_SYMBOL_HISTORY_NOT_STITCHED,False,UNMAPPED,False,2022-05-10,2026-09-11
MID150CASE,MID150CASE,MID150CASE,,,UNMAPPED,,,OBSERVED_SYMBOL_HISTORY_NOT_STITCHED,False,UNMAPPED,False,2024-06-19,2026-09-11
MIDBANKADD,MIDBANKADD,MIDBANKADD,,,UNMAPPED,,,OBSERVED_SYMBOL_HISTORY_NOT_STITCHED,False,UNMAPPED,False,2026-08-07,2026-09-11
MIDCAP,MIDCAP,,,,UNMAPPED,,,MULTIPLE_ISIN_OBSERVED_NO_IDENTITY_INFERENCE,True,IDENTITY_AMBIGUOUS,False,2024-03-20,2026-09-11
MIDCAPADD,MIDCAPADD,MIDCAPADD,,,UNMAPPED,,,OBSERVED_SYMBOL_HISTORY_NOT_STITCHED,False,UNMAPPED,False,2025-12-18,2026-09-11
MIDCAPBETA,MIDCAPBETA,,,,UNMAPPED,,,OBJECTIVE_SAME_ISIN_ALIAS_OBSERVED_NO_STITCH,True,IDENTITY_AMBIGUOUS,False,2025-12-24,2026-09-11
MIDCAPETF,MIDCAPETF,MIDCAPETF,,,UNMAPPED,,,OBSERVED_SYMBOL_HISTORY_NOT_STITCHED,False,UNMAPPED,False,2023-09-01,2026-09-11
MIDCAPIETF,MIDCAPIETF,MIDCAPIETF,,,UNMAPPED,,,OBSERVED_SYMBOL_HISTORY_NOT_STITCHED,False,UNMAPPED,False,2023-12-20,2026-09-11
MIDQ50ADD,MIDQ50ADD,,,,UNMAPPED,,,MULTIPLE_ISIN_OBSERVED_NO_IDENTITY_INFERENCE,True,IDENTITY_AMBIGUOUS,False,2024-02-15,2026-09-11
MIDSELIETF,MIDSELIETF,MIDSELIETF,,,UNMAPPED,,,OBSERVED_SYMBOL_HISTORY_NOT_STITCHED,False,UNMAPPED,False,2023-12-20,2026-09-11
MIDSMALL,MIDSMALL,MIDSMALL,,,UNMAPPED,,,OBSERVED_SYMBOL_HISTORY_NOT_STITCHED,False,UNMAPPED,False,2024-05-28,2026-09-11
MIDWESTLTD,MIDWESTLTD,MIDWESTLTD,,,UNMAPPED,,,OBSERVED_SYMBOL_HISTORY_NOT_STITCHED,False,UNMAPPED,False,2025-10-24,2026-09-11
MIIL,MIIL,MIIL,,,UNMAPPED,,,OBSERVED_SYMBOL_HISTORY_NOT_STITCHED,False,UNMAPPED,False,2026-08-17,2026-09-11
MINALIND,MINALIND,MINALIND,,,UNMAPPED,,,OBSERVED_SYMBOL_HISTORY_NOT_STITCHED,False,UNMAPPED,False,2026-08-17,2026-08-25
MINDAIND,MINDAIND,MINDAIND,,,UNMAPPED,,,OBSERVED_SYMBOL_HISTORY_NOT_STITCHED,False,UNMAPPED,False,2020-01-01,2022-08-04
MINDTREE,MINDTREE,MINDTREE,,,UNMAPPED,,,OBSERVED_SYMBOL_HISTORY_NOT_STITCHED,False,UNMAPPED,False,2020-01-01,2022-11-22
MITTAL,MITTAL,MITTAL,,,UNMAPPED,,,OBSERVED_SYMBOL_HISTORY_NOT_STITCHED,False,UNMAPPED,False,2020-04-29,2026-09-11
MKEXIM,MKEXIM,MKEXIM,,,UNMAPPED,,,OBSERVED_SYMBOL_HISTORY_NOT_STITCHED,False,UNMAPPED,False,2026-08-17,2026-09-11
MKPL,MKPL,MKPL,,,UNMAPPED,,,OBSERVED_SYMBOL_HISTORY_NOT_STITCHED,False,UNMAPPED,False,2023-06-13,2026-09-11
MLKFOOD,MLKFOOD,MLKFOOD,,,UNMAPPED,,,OBSERVED_SYMBOL_HISTORY_NOT_STITCHED,False,UNMAPPED,False,2026-08-17,2026-09-11
MNC,MNC,MNC,,,UNMAPPED,,,OBSERVED_SYMBOL_HISTORY_NOT_STITCHED,False,UNMAPPED,False,2024-03-20,2026-09-11
MOALPHA50,MOALPHA50,MOALPHA50,,,UNMAPPED,,,OBSERVED_SYMBOL_HISTORY_NOT_STITCHED,False,UNMAPPED,False,2025-07-10,2026-09-11
MOBANK10,MOBANK10,MOBANK10,,,UNMAPPED,,,OBSERVED_SYMBOL_HISTORY_NOT_STITCHED,False,UNMAPPED,False,2026-04-10,2026-09-11
MODEFENCE,MODEFENCE,MODEFENCE,,,UNMAPPED,,,OBSERVED_SYMBOL_HISTORY_NOT_STITCHED,False,UNMAPPED,False,2024-08-27,2026-09-11
MODISNME,MODISNME,MODISNME,,,UNMAPPED,,,OBSERVED_SYMBOL_HISTORY_NOT_STITCHED,False,UNMAPPED,False,2021-05-03,2022-08-12
MOENERGY,MOENERGY,MOENERGY,,,UNMAPPED,,,OBSERVED_SYMBOL_HISTORY_NOT_STITCHED,False,UNMAPPED,False,2025-10-16,2026-09-11
MOGOLD,MOGOLD,MOGOLD,,,UNMAPPED,,,OBSERVED_SYMBOL_HISTORY_NOT_STITCHED,False,UNMAPPED,False,2025-07-31,2026-09-11
MOGSEC,MOGSEC,MOGSEC,,,UNMAPPED,,,OBSERVED_SYMBOL_HISTORY_NOT_STITCHED,False,UNMAPPED,False,2021-06-16,2026-09-11
MOHEALTH,MOHEALTH,MOHEALTH,,,UNMAPPED,,,OBSERVED_SYMBOL_HISTORY_NOT_STITCHED,False,UNMAPPED,False,2022-08-04,2026-09-11
MOHOTAIND,MOHOTAIND,MOHOTAIND,,,UNMAPPED,,,OBSERVED_SYMBOL_HISTORY_NOT_STITCHED,False,UNMAPPED,False,2020-01-01,2021-11-18
MOINFRA,MOINFRA,MOINFRA,,,UNMAPPED,,,OBSERVED_SYMBOL_HISTORY_NOT_STITCHED,False,UNMAPPED,False,2025-05-21,2026-09-11
MOIPO,MOIPO,MOIPO,,,UNMAPPED,,,OBSERVED_SYMBOL_HISTORY_NOT_STITCHED,False,UNMAPPED,False,2025-11-20,2026-09-11
MOLOWVOL,MOLOWVOL,MOLOWVOL,,,UNMAPPED,,,OBSERVED_SYMBOL_HISTORY_NOT_STITCHED,False,UNMAPPED,False,2022-03-30,2026-09-11
MOM100,MOM100,MOM100,,,UNMAPPED,,,OBSERVED_SYMBOL_HISTORY_NOT_STITCHED,False,UNMAPPED,False,2021-06-16,2026-09-11
MOM30IETF,MOM30IETF,MOM30IETF,,,UNMAPPED,,,OBSERVED_SYMBOL_HISTORY_NOT_STITCHED,False,UNMAPPED,False,2023-12-20,2026-09-11
MOM50,MOM50,MOM50,,,UNMAPPED,,,OBSERVED_SYMBOL_HISTORY_NOT_STITCHED,False,UNMAPPED,False,2021-06-16,2026-09-11
MOMENTUM,MOMENTUM,MOMENTUM,,,UNMAPPED,,,OBSERVED_SYMBOL_HISTORY_NOT_STITCHED,False,UNMAPPED,False,2022-08-19,2026-09-11
MOMENTUM30,MOMENTUM30,MOMENTUM30,,,UNMAPPED,,,OBSERVED_SYMBOL_HISTORY_NOT_STITCHED,False,UNMAPPED,False,2025-10-17,2026-09-11
MOMENTUM50,MOMENTUM50,MOMENTUM50,,,UNMAPPED,,,OBSERVED_SYMBOL_HISTORY_NOT_STITCHED,False,UNMAPPED,False,2024-09-30,2026-09-11
MOMETAL,MOMETAL,MOMETAL,,,UNMAPPED,,,OBSERVED_SYMBOL_HISTORY_NOT_STITCHED,False,UNMAPPED,False,2026-08-06,2026-09-11
MOMGF,MOMGF,MOMGF,,,UNMAPPED,,,OBSERVED_SYMBOL_HISTORY_NOT_STITCHED,False,UNMAPPED,False,2025-05-28,2026-09-11
MOMIDMTM,MOMIDMTM,MOMIDMTM,,,UNMAPPED,,,OBSERVED_SYMBOL_HISTORY_NOT_STITCHED,False,UNMAPPED,False,2025-07-03,2026-09-11
MOMMIDCAP,MOMMIDCAP,MOMMIDCAP,,,UNMAPPED,,,OBSERVED_SYMBOL_HISTORY_NOT_STITCHED,False,UNMAPPED,False,2026-07-22,2026-09-11
MOMNC,MOMNC,MOMNC,,,UNMAPPED,,,OBSERVED_SYMBOL_HISTORY_NOT_STITCHED,False,UNMAPPED,False,2025-12-04,2026-09-11
MOMOMENTUM,MOMOMENTUM,MOMOMENTUM,,,UNMAPPED,,,OBSERVED_SYMBOL_HISTORY_NOT_STITCHED,False,UNMAPPED,False,2022-02-17,2026-09-11
MON100,MON100,MON100,,,UNMAPPED,,,OBSERVED_SYMBOL_HISTORY_NOT_STITCHED,False,UNMAPPED,False,2021-06-16,2026-09-11
MON50EQUAL,MON50EQUAL,MON50EQUAL,,,UNMAPPED,,,OBSERVED_SYMBOL_HISTORY_NOT_STITCHED,False,UNMAPPED,False,2025-05-07,2026-09-11
MONEXT50,MONEXT50,MONEXT50,,,UNMAPPED,,,OBSERVED_SYMBOL_HISTORY_NOT_STITCHED,False,UNMAPPED,False,2025-05-14,2026-09-11
MONEYBOXX,MONEYBOXX,MONEYBOXX,,,UNMAPPED,,,OBSERVED_SYMBOL_HISTORY_NOT_STITCHED,False,UNMAPPED,False,2025-10-15,2026-09-11
MONIFTY100,MONIFTY100,MONIFTY100,,,UNMAPPED,,,OBSERVED_SYMBOL_HISTORY_NOT_STITCHED,False,UNMAPPED,False,2025-10-16,2026-09-11
MONIFTY500,MONIFTY500,MONIFTY500,,,UNMAPPED,,,OBSERVED_SYMBOL_HISTORY_NOT_STITCHED,False,UNMAPPED,False,2023-10-06,2026-09-11
MONQ50,MONQ50,MONQ50,,,UNMAPPED,,,OBSERVED_SYMBOL_HISTORY_NOT_STITCHED,False,UNMAPPED,False,2021-12-29,2026-09-11
MOOILGAS,MOOILGAS,MOOILGAS,,,UNMAPPED,,,OBSERVED_SYMBOL_HISTORY_NOT_STITCHED,False,UNMAPPED,False,2026-08-06,2026-09-11
MOPSE,MOPSE,MOPSE,,,UNMAPPED,,,OBSERVED_SYMBOL_HISTORY_NOT_STITCHED,False,UNMAPPED,False,2025-06-05,2026-09-11
MOQUALITY,MOQUALITY,MOQUALITY,,,UNMAPPED,,,OBSERVED_SYMBOL_HISTORY_NOT_STITCHED,False,UNMAPPED,False,2022-08-26,2026-09-11
MORARJEE,MORARJEE,MORARJEE,,,UNMAPPED,,,OBSERVED_SYMBOL_HISTORY_NOT_STITCHED,False,UNMAPPED,False,2020-01-01,2024-01-30
MOREALTY,MOREALTY,MOREALTY,,,UNMAPPED,,,OBSERVED_SYMBOL_HISTORY_NOT_STITCHED,False,UNMAPPED,False,2024-03-21,2026-09-11
MOSERVICE,MOSERVICE,MOSERVICE,,,UNMAPPED,,,OBSERVED_SYMBOL_HISTORY_NOT_STITCHED,False,UNMAPPED,False,2025-11-27,2026-09-11
MOSILVER,MOSILVER,MOSILVER,,,UNMAPPED,,,OBSERVED_SYMBOL_HISTORY_NOT_STITCHED,False,UNMAPPED,False,2025-08-14,2026-09-11
MOSMALL250,MOSMALL250,MOSMALL250,,,UNMAPPED,,,OBSERVED_SYMBOL_HISTORY_NOT_STITCHED,False,UNMAPPED,False,2024-03-21,2026-09-11
MOTHERSUMI,MOTHERSUMI,MOTHERSUMI,,,UNMAPPED,,,OBSERVED_SYMBOL_HISTORY_NOT_STITCHED,False,UNMAPPED,False,2020-01-01,2022-06-08
MOVALUE,MOVALUE,MOVALUE,,,UNMAPPED,,,OBSERVED_SYMBOL_HISTORY_NOT_STITCHED,False,UNMAPPED,False,2022-08-26,2026-09-11
MSCI360,MSCI360,MSCI360,,,UNMAPPED,,,OBSERVED_SYMBOL_HISTORY_NOT_STITCHED,False,UNMAPPED,False,2026-05-29,2026-09-11
MSCIADD,MSCIADD,MSCIADD,,,UNMAPPED,,,OBSERVED_SYMBOL_HISTORY_NOT_STITCHED,False,UNMAPPED,False,2025-12-01,2026-09-11
MSCIINDIA,MSCIINDIA,MSCIINDIA,,,UNMAPPED,,,OBSERVED_SYMBOL_HISTORY_NOT_STITCHED,False,UNMAPPED,False,2025-02-27,2026-09-11
MSL,MSL,MSL,,,UNMAPPED,,,OBSERVED_SYMBOL_HISTORY_NOT_STITCHED,False,UNMAPPED,False,2026-08-17,2026-09-11
MUKANDENGG,MUKANDENGG,MUKANDENGG,,,UNMAPPED,,,OBSERVED_SYMBOL_HISTORY_NOT_STITCHED,False,UNMAPPED,False,2020-01-01,2021-04-06
MUKESHB,MUKESHB,MUKESHB,,,UNMAPPED,,,OBSERVED_SYMBOL_HISTORY_NOT_STITCHED,False,UNMAPPED,False,2026-08-17,2026-09-11
MULTICAP,MULTICAP,MULTICAP,,,UNMAPPED,,,OBSERVED_SYMBOL_HISTORY_NOT_STITCHED,False,UNMAPPED,False,2024-09-05,2026-09-11
N100,N100,N100,,,UNMAPPED,,,OBSERVED_SYMBOL_HISTORY_NOT_STITCHED,False,UNMAPPED,False,2020-01-01,2021-06-15
NATCAPSUQ,NATCAPSUQ,NATCAPSUQ,,,UNMAPPED,,,OBSERVED_SYMBOL_HISTORY_NOT_STITCHED,False,UNMAPPED,False,2025-02-14,2026-09-02
NATIONSTD,NATIONSTD,NATIONSTD,,,UNMAPPED,,,OBSERVED_SYMBOL_HISTORY_NOT_STITCHED,False,UNMAPPED,False,2026-04-20,2026-09-11
NATNLSTEEL,NATNLSTEEL,NATNLSTEEL,,,UNMAPPED,,,OBSERVED_SYMBOL_HISTORY_NOT_STITCHED,False,UNMAPPED,False,2020-01-01,2022-01-10
NAVINIFTY,NAVINIFTY,NAVINIFTY,,,UNMAPPED,,,OBSERVED_SYMBOL_HISTORY_NOT_STITCHED,False,UNMAPPED,False,2023-09-25,2024-11-28
NAVKARURB,NAVKARURB,,,,UNMAPPED,,,MULTIPLE_ISIN_OBSERVED_NO_IDENTITY_INFERENCE,True,IDENTITY_AMBIGUOUS,False,2025-01-17,2026-06-17
NBVENTURES,NBVENTURES,NBVENTURES,,,UNMAPPED,,,OBSERVED_SYMBOL_HISTORY_NOT_STITCHED,False,UNMAPPED,False,2020-01-01,2022-07-28
NCPSESDL24,NCPSESDL24,NCPSESDL24,,,UNMAPPED,,,OBSERVED_SYMBOL_HISTORY_NOT_STITCHED,False,UNMAPPED,False,2020-11-18,2022-05-09
NEPHROPLUS,NEPHROPLUS,NEPHROPLUS,,,UNMAPPED,,,OBSERVED_SYMBOL_HISTORY_NOT_STITCHED,False,UNMAPPED,False,2025-12-17,2026-09-11
NETF,NETF,NETF,,,UNMAPPED,,,OBSERVED_SYMBOL_HISTORY_NOT_STITCHED,False,UNMAPPED,False,2020-01-01,2026-09-11
NETFAUTO,NETFAUTO,NETFAUTO,,,UNMAPPED,,,OBSERVED_SYMBOL_HISTORY_NOT_STITCHED,False,UNMAPPED,False,2022-01-25,2022-05-09
NETFCONSUM,NETFCONSUM,NETFCONSUM,,,UNMAPPED,,,OBSERVED_SYMBOL_HISTORY_NOT_STITCHED,False,UNMAPPED,False,2020-01-01,2022-05-09
NETFDIVOPP,NETFDIVOPP,NETFDIVOPP,,,UNMAPPED,,,OBSERVED_SYMBOL_HISTORY_NOT_STITCHED,False,UNMAPPED,False,2020-01-01,2022-05-09
NETFGILT5Y,NETFGILT5Y,NETFGILT5Y,,,UNMAPPED,,,OBSERVED_SYMBOL_HISTORY_NOT_STITCHED,False,UNMAPPED,False,2021-04-08,2022-05-09
NETFIT,NETFIT,NETFIT,,,UNMAPPED,,,OBSERVED_SYMBOL_HISTORY_NOT_STITCHED,False,UNMAPPED,False,2020-07-01,2022-05-09
NETFLTGILT,NETFLTGILT,NETFLTGILT,,,UNMAPPED,,,OBSERVED_SYMBOL_HISTORY_NOT_STITCHED,False,UNMAPPED,False,2020-01-01,2022-05-09
NETFMID150,NETFMID150,NETFMID150,,,UNMAPPED,,,OBSERVED_SYMBOL_HISTORY_NOT_STITCHED,False,UNMAPPED,False,2020-01-01,2022-05-09
NETFNIF100,NETFNIF100,NETFNIF100,,,UNMAPPED,,,OBSERVED_SYMBOL_HISTORY_NOT_STITCHED,False,UNMAPPED,False,2020-01-01,2022-05-09
NETFNV20,NETFNV20,NETFNV20,,,UNMAPPED,,,OBSERVED_SYMBOL_HISTORY_NOT_STITCHED,False,UNMAPPED,False,2020-01-01,2022-05-09
NETFPHARMA,NETFPHARMA,NETFPHARMA,,,UNMAPPED,,,OBSERVED_SYMBOL_HISTORY_NOT_STITCHED,False,UNMAPPED,False,2021-07-07,2022-05-09
NETFSDL26,NETFSDL26,NETFSDL26,,,UNMAPPED,,,OBSERVED_SYMBOL_HISTORY_NOT_STITCHED,False,UNMAPPED,False,2021-03-31,2022-05-09
NETFSILVER,NETFSILVER,NETFSILVER,,,UNMAPPED,,,OBSERVED_SYMBOL_HISTORY_NOT_STITCHED,False,UNMAPPED,False,2022-02-07,2022-05-09
NEXT30ADD,NEXT30ADD,NEXT30ADD,,,UNMAPPED,,,OBSERVED_SYMBOL_HISTORY_NOT_STITCHED,False,UNMAPPED,False,2025-02-05,2026-09-11
NEXT50,NEXT50,NEXT50,,,UNMAPPED,,,OBSERVED_SYMBOL_HISTORY_NOT_STITCHED,False,UNMAPPED,False,2023-09-01,2026-09-11
NEXT50ADD,NEXT50ADD,NEXT50ADD,,,UNMAPPED,,,OBSERVED_SYMBOL_HISTORY_NOT_STITCHED,False,UNMAPPED,False,2026-01-09,2026-09-11
NEXT50BETA,NEXT50BETA,,,,UNMAPPED,,,OBJECTIVE_SAME_ISIN_ALIAS_OBSERVED_NO_STITCH,True,IDENTITY_AMBIGUOUS,False,2025-12-24,2026-09-11
NEXT50ETF,NEXT50ETF,NEXT50ETF,,,UNMAPPED,,,OBSERVED_SYMBOL_HISTORY_NOT_STITCHED,False,UNMAPPED,False,2026-01-14,2026-09-11
NEXT50IETF,NEXT50IETF,NEXT50IETF,,,UNMAPPED,,,OBSERVED_SYMBOL_HISTORY_NOT_STITCHED,False,UNMAPPED,False,2023-12-20,2026-09-11
NICCOPAR,NICCOPAR,NICCOPAR,,,UNMAPPED,,,OBSERVED_SYMBOL_HISTORY_NOT_STITCHED,False,UNMAPPED,False,2026-08-18,2026-09-11
NIF100BEES,NIF100BEES,NIF100BEES,,,UNMAPPED,,,OBSERVED_SYMBOL_HISTORY_NOT_STITCHED,False,UNMAPPED,False,2022-05-10,2026-09-11
NIF100IETF,NIF100IETF,NIF100IETF,,,UNMAPPED,,,OBSERVED_SYMBOL_HISTORY_NOT_STITCHED,False,UNMAPPED,False,2023-12-20,2026-09-11
NIF10GETF,NIF10GETF,,,,UNMAPPED,,,OBJECTIVE_SAME_ISIN_ALIAS_OBSERVED_NO_STITCH,True,IDENTITY_AMBIGUOUS,False,2024-02-05,2025-12-23
NIF500BETA,NIF500BETA,NIF500BETA,,,UNMAPPED,,,OBSERVED_SYMBOL_HISTORY_NOT_STITCHED,False,UNMAPPED,False,2026-08-28,2026-09-11
NIF5GETF,NIF5GETF,,,,UNMAPPED,,,OBJECTIVE_SAME_ISIN_ALIAS_OBSERVED_NO_STITCH,True,IDENTITY_AMBIGUOUS,False,2024-02-05,2025-12-23
NIFITETF,NIFITETF,,,,UNMAPPED,,,OBJECTIVE_SAME_ISIN_ALIAS_OBSERVED_NO_STITCH,True,IDENTITY_AMBIGUOUS,False,2024-02-01,2025-12-23
NIFMID150,NIFMID150,,,,UNMAPPED,,,OBJECTIVE_SAME_ISIN_ALIAS_OBSERVED_NO_STITCH,True,IDENTITY_AMBIGUOUS,False,2023-09-05,2025-12-23
NIFTY1,NIFTY1,NIFTY1,,,UNMAPPED,,,OBSERVED_SYMBOL_HISTORY_NOT_STITCHED,False,UNMAPPED,False,2024-03-20,2026-09-11
NIFTY100EW,NIFTY100EW,NIFTY100EW,,,UNMAPPED,,,OBSERVED_SYMBOL_HISTORY_NOT_STITCHED,False,UNMAPPED,False,2025-03-04,2026-09-11
NIFTY50ADD,NIFTY50ADD,,,,UNMAPPED,,,OBJECTIVE_SAME_ISIN_ALIAS_OBSERVED_NO_STITCH,True,IDENTITY_AMBIGUOUS,False,2024-02-15,2025-12-12
NIFTYADD,NIFTYADD,,,,UNMAPPED,,,OBJECTIVE_SAME_ISIN_ALIAS_OBSERVED_NO_STITCH,True,IDENTITY_AMBIGUOUS,False,2025-12-15,2026-09-11
NIFTYAXIS,NIFTYAXIS,,,,UNMAPPED,,,OBJECTIVE_SAME_ISIN_ALIAS_OBSERVED_NO_STITCH,True,IDENTITY_AMBIGUOUS,False,2026-07-03,2026-09-11
NIFTYBEES,NIFTYBEES,NIFTYBEES,,,UNMAPPED,,,OBSERVED_SYMBOL_HISTORY_NOT_STITCHED,False,UNMAPPED,False,2020-01-01,2026-09-11
NIFTYBETA,NIFTYBETA,,,,UNMAPPED,,,OBJECTIVE_SAME_ISIN_ALIAS_OBSERVED_NO_STITCH,True,IDENTITY_AMBIGUOUS,False,2025-12-24,2026-09-11
NIFTYBETF,NIFTYBETF,NIFTYBETF,,,UNMAPPED,,,OBSERVED_SYMBOL_HISTORY_NOT_STITCHED,False,UNMAPPED,False,2024-01-29,2026-09-11
NIFTYCASE,NIFTYCASE,NIFTYCASE,,,UNMAPPED,,,OBSERVED_SYMBOL_HISTORY_NOT_STITCHED,False,UNMAPPED,False,2025-10-20,2026-09-11
NIFTYEES,NIFTYEES,NIFTYEES,,,UNMAPPED,,,OBSERVED_SYMBOL_HISTORY_NOT_STITCHED,False,UNMAPPED,False,2020-01-01,2021-09-29
NIFTYETF,NIFTYETF,NIFTYETF,,,UNMAPPED,,,OBSERVED_SYMBOL_HISTORY_NOT_STITCHED,False,UNMAPPED,False,2023-09-01,2026-09-11
NIFTYIETF,NIFTYIETF,NIFTYIETF,,,UNMAPPED,,,OBSERVED_SYMBOL_HISTORY_NOT_STITCHED,False,UNMAPPED,False,2023-12-20,2026-09-11
NIFTYJBLK,NIFTYJBLK,NIFTYJBLK,,,UNMAPPED,,,OBSERVED_SYMBOL_HISTORY_NOT_STITCHED,False,UNMAPPED,False,2026-08-20,2026-09-11
NIFTYQLITY,NIFTYQLITY,NIFTYQLITY,,,UNMAPPED,,,OBSERVED_SYMBOL_HISTORY_NOT_STITCHED,False,UNMAPPED,False,2022-08-19,2026-09-11
NIITTECH,NIITTECH,NIITTECH,,,UNMAPPED,,,OBSERVED_SYMBOL_HISTORY_NOT_STITCHED,False,UNMAPPED,False,2020-01-01,2020-08-19
NILASPACES,NILASPACES,NILASPACES,,,UNMAPPED,,,OBSERVED_SYMBOL_HISTORY_NOT_STITCHED,False,UNMAPPED,False,2020-01-01,2026-09-11
NILE,NILE,NILE,,,UNMAPPED,,,OBSERVED_SYMBOL_HISTORY_NOT_STITCHED,False,UNMAPPED,False,2026-04-20,2026-09-11
NPBET,NPBET,NPBET,,,UNMAPPED,,,OBSERVED_SYMBOL_HISTORY_NOT_STITCHED,False,UNMAPPED,False,2020-01-01,2026-09-11
NTCIND,NTCIND,NTCIND,,,UNMAPPED,,,OBSERVED_SYMBOL_HISTORY_NOT_STITCHED,False,UNMAPPED,False,2026-08-17,2026-09-11
NTL,NTL,NTL,,,UNMAPPED,,,OBSERVED_SYMBOL_HISTORY_NOT_STITCHED,False,UNMAPPED,False,2020-03-04,2021-12-01
NTPCGREEN,NTPCGREEN,NTPCGREEN,,,UNMAPPED,,,OBSERVED_SYMBOL_HISTORY_NOT_STITCHED,False,UNMAPPED,False,2024-11-27,2026-09-11
NV20,NV20,,,,UNMAPPED,,,MULTIPLE_ISIN_OBSERVED_NO_IDENTITY_INFERENCE,True,IDENTITY_AMBIGUOUS,False,2024-03-20,2026-09-11
NV20BEES,NV20BEES,NV20BEES,,,UNMAPPED,,,OBSERVED_SYMBOL_HISTORY_NOT_STITCHED,False,UNMAPPED,False,2022-05-10,2026-09-11
NV20IETF,NV20IETF,NV20IETF,,,UNMAPPED,,,OBSERVED_SYMBOL_HISTORY_NOT_STITCHED,False,UNMAPPED,False,2023-12-20,2026-09-11
NXTDIGITAL,NXTDIGITAL,NXTDIGITAL,,,UNMAPPED,,,OBSERVED_SYMBOL_HISTORY_NOT_STITCHED,False,UNMAPPED,False,2020-01-01,2023-05-08
ODIGMA,ODIGMA,ODIGMA,,,UNMAPPED,,,OBSERVED_SYMBOL_HISTORY_NOT_STITCHED,False,UNMAPPED,False,2024-12-27,2026-09-11
ODYCORP,ODYCORP,ODYCORP,,,UNMAPPED,,,OBSERVED_SYMBOL_HISTORY_NOT_STITCHED,False,UNMAPPED,False,2026-08-17,2026-09-11
OILIETF,OILIETF,OILIETF,,,UNMAPPED,,,OBSERVED_SYMBOL_HISTORY_NOT_STITCHED,False,UNMAPPED,False,2024-07-24,2026-09-11
OISL,OISL,OISL,,,UNMAPPED,,,OBSERVED_SYMBOL_HISTORY_NOT_STITCHED,False,UNMAPPED,False,2020-01-01,2020-11-27
OMFREIGHT,OMFREIGHT,OMFREIGHT,,,UNMAPPED,,,OBSERVED_SYMBOL_HISTORY_NOT_STITCHED,False,UNMAPPED,False,2025-10-24,2026-07-02
OMKARCHEM,OMKARCHEM,OMKARCHEM,,,UNMAPPED,,,OBSERVED_SYMBOL_HISTORY_NOT_STITCHED,False,UNMAPPED,False,2020-01-01,2022-11-02
OMMETALS,OMMETALS,OMMETALS,,,UNMAPPED,,,OBSERVED_SYMBOL_HISTORY_NOT_STITCHED,False,UNMAPPED,False,2020-01-01,2021-02-09
OMPOWER,OMPOWER,OMPOWER,,,UNMAPPED,,,OBSERVED_SYMBOL_HISTORY_NOT_STITCHED,False,UNMAPPED,False,2026-05-04,2026-09-11
ONEGLOBAL,ONEGLOBAL,ONEGLOBAL,,,UNMAPPED,,,OBSERVED_SYMBOL_HISTORY_NOT_STITCHED,False,UNMAPPED,False,2026-08-17,2026-09-11
ONESOURCE,ONESOURCE,ONESOURCE,,,UNMAPPED,,,OBSERVED_SYMBOL_HISTORY_NOT_STITCHED,False,UNMAPPED,False,2025-02-06,2026-09-11
ONIDA,ONIDA,,,,UNMAPPED,,,OBJECTIVE_SAME_ISIN_ALIAS_OBSERVED_NO_STITCH,True,IDENTITY_AMBIGUOUS,False,2026-08-11,2026-09-11
ONIXSOLAR,ONIXSOLAR,ONIXSOLAR,,,UNMAPPED,,,OBSERVED_SYMBOL_HISTORY_NOT_STITCHED,False,UNMAPPED,False,2026-08-17,2026-09-11
OPTOCIRCUI,OPTOCIRCUI,OPTOCIRCUI,,,UNMAPPED,,,OBSERVED_SYMBOL_HISTORY_NOT_STITCHED,False,UNMAPPED,False,2020-01-01,2021-02-19
ORIENTABRA,ORIENTABRA,ORIENTABRA,,,UNMAPPED,,,OBSERVED_SYMBOL_HISTORY_NOT_STITCHED,False,UNMAPPED,False,2020-01-01,2023-07-12
ORIENTBANK,ORIENTBANK,ORIENTBANK,,,UNMAPPED,,,OBSERVED_SYMBOL_HISTORY_NOT_STITCHED,False,UNMAPPED,False,2020-01-01,2020-03-20
ORIENTREF,ORIENTREF,ORIENTREF,,,UNMAPPED,,,OBSERVED_SYMBOL_HISTORY_NOT_STITCHED,False,UNMAPPED,False,2020-01-01,2021-07-20
ORKLAINDIA,ORKLAINDIA,ORKLAINDIA,,,UNMAPPED,,,OBSERVED_SYMBOL_HISTORY_NOT_STITCHED,False,UNMAPPED,False,2025-11-06,2026-09-11
ORTINLABSS,ORTINLABSS,ORTINLABSS,,,UNMAPPED,,,OBSERVED_SYMBOL_HISTORY_NOT_STITCHED,False,UNMAPPED,False,2020-01-01,2021-01-11
OSWALPUMPS,OSWALPUMPS,OSWALPUMPS,,,UNMAPPED,,,OBSERVED_SYMBOL_HISTORY_NOT_STITCHED,False,UNMAPPED,False,2025-06-20,2026-09-11
PACEDIGITK,PACEDIGITK,PACEDIGITK,,,UNMAPPED,,,OBSERVED_SYMBOL_HISTORY_NOT_STITCHED,False,UNMAPPED,False,2025-10-06,2026-09-11
PAEL,PAEL,PAEL,,,UNMAPPED,,,OBSERVED_SYMBOL_HISTORY_NOT_STITCHED,False,UNMAPPED,False,2020-03-06,2022-04-08
PANORAMA,PANORAMA,PANORAMA,,,UNMAPPED,,,OBSERVED_SYMBOL_HISTORY_NOT_STITCHED,False,UNMAPPED,False,2026-08-17,2026-09-11
PAPERPROD,PAPERPROD,PAPERPROD,,,UNMAPPED,,,OBSERVED_SYMBOL_HISTORY_NOT_STITCHED,False,UNMAPPED,False,2020-01-01,2020-11-25
PARASPETRO,PARASPETRO,PARASPETRO,,,UNMAPPED,,,OBSERVED_SYMBOL_HISTORY_NOT_STITCHED,False,UNMAPPED,False,2024-12-30,2026-09-11
PARKHOSPS,PARKHOSPS,PARKHOSPS,,,UNMAPPED,,,OBSERVED_SYMBOL_HISTORY_NOT_STITCHED,False,UNMAPPED,False,2025-12-17,2026-09-11
PARNAXLAB,PARNAXLAB,PARNAXLAB,,,UNMAPPED,,,OBSERVED_SYMBOL_HISTORY_NOT_STITCHED,False,UNMAPPED,False,2026-08-17,2026-09-11
PATSPINLTD,PATSPINLTD,PATSPINLTD,,,UNMAPPED,,,OBSERVED_SYMBOL_HISTORY_NOT_STITCHED,False,UNMAPPED,False,2020-03-04,2022-01-03
PAUSHAKLTD,PAUSHAKLTD,PAUSHAKLTD,,,UNMAPPED,,,OBSERVED_SYMBOL_HISTORY_NOT_STITCHED,False,UNMAPPED,False,2025-12-01,2026-09-11
PBAINFRA,PBAINFRA,PBAINFRA,,,UNMAPPED,,,OBSERVED_SYMBOL_HISTORY_NOT_STITCHED,False,UNMAPPED,False,2021-06-07,2022-08-23
PBMPOLY,PBMPOLY,PBMPOLY,,,UNMAPPED,,,OBSERVED_SYMBOL_HISTORY_NOT_STITCHED,False,UNMAPPED,False,2026-08-17,2026-09-11
PDPL,PDPL,PDPL,,,UNMAPPED,,,OBSERVED_SYMBOL_HISTORY_NOT_STITCHED,False,UNMAPPED,False,2021-10-11,2021-10-28
PDSMFL,PDSMFL,PDSMFL,,,UNMAPPED,,,OBSERVED_SYMBOL_HISTORY_NOT_STITCHED,False,UNMAPPED,False,2020-01-01,2022-02-16
PERNIASPOP,PERNIASPOP,PERNIASPOP,,,UNMAPPED,,,OBSERVED_SYMBOL_HISTORY_NOT_STITCHED,False,UNMAPPED,False,2026-09-07,2026-09-11
PHARMABEES,PHARMABEES,PHARMABEES,,,UNMAPPED,,,OBSERVED_SYMBOL_HISTORY_NOT_STITCHED,False,UNMAPPED,False,2022-05-10,2026-09-11
PHILIPCARB,PHILIPCARB,PHILIPCARB,,,UNMAPPED,,,OBSERVED_SYMBOL_HISTORY_NOT_STITCHED,False,UNMAPPED,False,2020-01-01,2022-01-12
PHOENXINTL,PHOENXINTL,PHOENXINTL,,,UNMAPPED,,,OBSERVED_SYMBOL_HISTORY_NOT_STITCHED,False,UNMAPPED,False,2026-08-17,2026-09-11
PIONDIST,PIONDIST,PIONDIST,,,UNMAPPED,,,OBSERVED_SYMBOL_HISTORY_NOT_STITCHED,False,UNMAPPED,False,2020-01-01,2023-01-05
PML,PML,PML,,,UNMAPPED,,,OBSERVED_SYMBOL_HISTORY_NOT_STITCHED,False,UNMAPPED,False,2026-04-20,2026-09-11
PNGSREVA,PNGSREVA,PNGSREVA,,,UNMAPPED,,,OBSERVED_SYMBOL_HISTORY_NOT_STITCHED,False,UNMAPPED,False,2026-03-04,2026-09-11
PODDARHOUS,PODDARHOUS,PODDARHOUS,,,UNMAPPED,,,OBSERVED_SYMBOL_HISTORY_NOT_STITCHED,False,UNMAPPED,False,2020-01-01,2023-10-27
POEL,POEL,POEL,,,UNMAPPED,,,OBSERVED_SYMBOL_HISTORY_NOT_STITCHED,False,UNMAPPED,False,2026-08-17,2026-09-11
POWERICA,POWERICA,POWERICA,,,UNMAPPED,,,OBSERVED_SYMBOL_HISTORY_NOT_STITCHED,False,UNMAPPED,False,2026-04-02,2026-09-11
PRABHAT,PRABHAT,PRABHAT,,,UNMAPPED,,,OBSERVED_SYMBOL_HISTORY_NOT_STITCHED,False,UNMAPPED,False,2020-01-01,2021-04-22
PRADIP,PRADIP,PRADIP,,,UNMAPPED,,,OBSERVED_SYMBOL_HISTORY_NOT_STITCHED,False,UNMAPPED,False,2020-02-24,2021-10-14
PRADPME,PRADPME,PRADPME,,,UNMAPPED,,,OBSERVED_SYMBOL_HISTORY_NOT_STITCHED,False,UNMAPPED,False,2026-04-20,2026-06-30
PRAKASHSTL,PRAKASHSTL,PRAKASHSTL,,,UNMAPPED,,,OBSERVED_SYMBOL_HISTORY_NOT_STITCHED,False,UNMAPPED,False,2020-08-18,2026-09-11
PRAVEG,PRAVEG,PRAVEG,,,UNMAPPED,,,OBSERVED_SYMBOL_HISTORY_NOT_STITCHED,False,UNMAPPED,False,2026-04-20,2026-09-11
PRECOT,PRECOT,PRECOT,,,UNMAPPED,,,OBSERVED_SYMBOL_HISTORY_NOT_STITCHED,False,UNMAPPED,False,2020-01-01,2026-09-11
PREMIER,PREMIER,PREMIER,,,UNMAPPED,,,OBSERVED_SYMBOL_HISTORY_NOT_STITCHED,False,UNMAPPED,False,2020-03-04,2022-05-24
PRISMX,PRISMX,PRISMX,,,UNMAPPED,,,OBSERVED_SYMBOL_HISTORY_NOT_STITCHED,False,UNMAPPED,False,2026-08-17,2026-09-11
PROINDIA,PROINDIA,PROINDIA,,,UNMAPPED,,,OBSERVED_SYMBOL_HISTORY_NOT_STITCHED,False,UNMAPPED,False,2021-06-03,2021-11-29
PROSEED,PROSEED,PROSEED,,,UNMAPPED,,,OBSERVED_SYMBOL_HISTORY_NOT_STITCHED,False,UNMAPPED,False,2020-01-01,2020-12-17
PROSTARM,PROSTARM,PROSTARM,,,UNMAPPED,,,OBSERVED_SYMBOL_HISTORY_NOT_STITCHED,False,UNMAPPED,False,2025-06-17,2026-09-11
PROZONINTU,PROZONINTU,PROZONINTU,,,UNMAPPED,,,OBSERVED_SYMBOL_HISTORY_NOT_STITCHED,False,UNMAPPED,False,2020-01-01,2023-08-03
PRUDMOULI,PRUDMOULI,PRUDMOULI,,,UNMAPPED,,,OBSERVED_SYMBOL_HISTORY_NOT_STITCHED,False,UNMAPPED,False,2024-03-11,2026-06-10
PSL,PSL,PSL,,,UNMAPPED,,,OBSERVED_SYMBOL_HISTORY_NOT_STITCHED,False,UNMAPPED,False,2020-07-21,2020-08-17
PSUBANK,PSUBANK,,,,UNMAPPED,,,MULTIPLE_ISIN_OBSERVED_NO_IDENTITY_INFERENCE,True,IDENTITY_AMBIGUOUS,False,2024-03-20,2026-09-11
PSUBANKADD,PSUBANKADD,PSUBANKADD,,,UNMAPPED,,,OBSERVED_SYMBOL_HISTORY_NOT_STITCHED,False,UNMAPPED,False,2024-02-15,2026-09-11
PSUBANKICI,PSUBANKICI,PSUBANKICI,,,UNMAPPED,,,OBSERVED_SYMBOL_HISTORY_NOT_STITCHED,False,UNMAPPED,False,2023-03-21,2023-12-19
PSUBNKBEES,PSUBNKBEES,PSUBNKBEES,,,UNMAPPED,,,OBSERVED_SYMBOL_HISTORY_NOT_STITCHED,False,UNMAPPED,False,2020-01-01,2026-09-11
PSUBNKIETF,PSUBNKIETF,PSUBNKIETF,,,UNMAPPED,,,OBSERVED_SYMBOL_HISTORY_NOT_STITCHED,False,UNMAPPED,False,2023-12-20,2026-09-11
PVR,PVR,PVR,,,UNMAPPED,,,OBSERVED_SYMBOL_HISTORY_NOT_STITCHED,False,UNMAPPED,False,2020-01-01,2023-05-11
PVTBANIETF,PVTBANIETF,PVTBANIETF,,,UNMAPPED,,,OBSERVED_SYMBOL_HISTORY_NOT_STITCHED,False,UNMAPPED,False,2023-12-20,2026-09-11
PVTBANK,PVTBANK,PVTBANK,,,UNMAPPED,,,OBSERVED_SYMBOL_HISTORY_NOT_STITCHED,False,UNMAPPED,False,2026-07-22,2026-09-11
PVTBANKADD,PVTBANKADD,PVTBANKADD,,,UNMAPPED,,,OBSERVED_SYMBOL_HISTORY_NOT_STITCHED,False,UNMAPPED,False,2024-02-15,2026-09-11
PVTBKGROWW,PVTBKGROWW,PVTBKGROWW,,,UNMAPPED,,,OBSERVED_SYMBOL_HISTORY_NOT_STITCHED,False,UNMAPPED,False,2026-05-26,2026-09-11
QGOLDHALF,QGOLDHALF,QGOLDHALF,,,UNMAPPED,,,OBSERVED_SYMBOL_HISTORY_NOT_STITCHED,False,UNMAPPED,False,2020-01-01,2026-09-11
QMSMEDI,QMSMEDI,QMSMEDI,,,UNMAPPED,,,OBSERVED_SYMBOL_HISTORY_NOT_STITCHED,False,UNMAPPED,False,2026-06-18,2026-08-17
QNIFTY,QNIFTY,,,,UNMAPPED,,,MULTIPLE_ISIN_OBSERVED_NO_IDENTITY_INFERENCE,True,IDENTITY_AMBIGUOUS,False,2020-01-06,2026-09-11
QUAL30IETF,QUAL30IETF,QUAL30IETF,,,UNMAPPED,,,OBSERVED_SYMBOL_HISTORY_NOT_STITCHED,False,UNMAPPED,False,2023-12-20,2026-09-11
QUALITY,QUALITY,,,,UNMAPPED,,,OBJECTIVE_SAME_ISIN_ALIAS_OBSERVED_NO_STITCH,True,IDENTITY_AMBIGUOUS,False,2025-07-18,2025-07-18
QUALITY30,QUALITY30,,,,UNMAPPED,,,OBJECTIVE_SAME_ISIN_ALIAS_OBSERVED_NO_STITCH,True,IDENTITY_AMBIGUOUS,False,2025-07-21,2026-09-11
QUINT,QUINT,QUINT,,,UNMAPPED,,,OBSERVED_SYMBOL_HISTORY_NOT_STITCHED,False,UNMAPPED,False,2026-04-20,2026-09-11
RACLGEAR,RACLGEAR,RACLGEAR,,,UNMAPPED,,,OBSERVED_SYMBOL_HISTORY_NOT_STITCHED,False,UNMAPPED,False,2024-11-27,2026-09-11
RAJPALAYAM,RAJPALAYAM,RAJPALAYAM,,,UNMAPPED,,,OBSERVED_SYMBOL_HISTORY_NOT_STITCHED,False,UNMAPPED,False,2026-04-20,2026-09-11
RAJTV,RAJTV,RAJTV,,,UNMAPPED,,,OBSERVED_SYMBOL_HISTORY_NOT_STITCHED,False,UNMAPPED,False,2020-01-01,2026-09-11
RELCAPITAL,RELCAPITAL,RELCAPITAL,,,UNMAPPED,,,OBSERVED_SYMBOL_HISTORY_NOT_STITCHED,False,UNMAPPED,False,2020-01-01,2022-05-24
RELIABLE,RELIABLE,RELIABLE,,,UNMAPPED,,,OBSERVED_SYMBOL_HISTORY_NOT_STITCHED,False,UNMAPPED,False,2024-07-10,2026-09-11
REVATHI,REVATHI,REVATHI,,,UNMAPPED,,,OBSERVED_SYMBOL_HISTORY_NOT_STITCHED,False,UNMAPPED,False,2020-01-01,2023-07-04
REVATHIEQU,REVATHIEQU,,,,UNMAPPED,,,OBJECTIVE_SAME_ISIN_ALIAS_OBSERVED_NO_STITCH,True,IDENTITY_AMBIGUOUS,False,2024-09-25,2024-10-30
RMCL,RMCL,RMCL,,,UNMAPPED,,,OBSERVED_SYMBOL_HISTORY_NOT_STITCHED,False,UNMAPPED,False,2020-01-01,2021-02-19
RNAM,RNAM,RNAM,,,UNMAPPED,,,OBSERVED_SYMBOL_HISTORY_NOT_STITCHED,False,UNMAPPED,False,2020-01-01,2020-01-22
RNAVAL,RNAVAL,RNAVAL,,,UNMAPPED,,,OBSERVED_SYMBOL_HISTORY_NOT_STITCHED,False,UNMAPPED,False,2020-03-04,2021-01-22
ROHITFERRO,ROHITFERRO,ROHITFERRO,,,UNMAPPED,,,OBSERVED_SYMBOL_HISTORY_NOT_STITCHED,False,UNMAPPED,False,2020-03-04,2022-04-07
ROLLT,ROLLT,ROLLT,,,UNMAPPED,,,OBSERVED_SYMBOL_HISTORY_NOT_STITCHED,False,UNMAPPED,False,2020-01-01,2026-05-07
ROLTA,ROLTA,ROLTA,,,UNMAPPED,,,OBSERVED_SYMBOL_HISTORY_NOT_STITCHED,False,UNMAPPED,False,2020-02-24,2022-08-22
RRECL,RRECL,RRECL,,,UNMAPPED,,,OBSERVED_SYMBOL_HISTORY_NOT_STITCHED,False,UNMAPPED,False,2026-08-17,2026-09-11
RSSOFTWARE,RSSOFTWARE,RSSOFTWARE,,,UNMAPPED,,,OBSERVED_SYMBOL_HISTORY_NOT_STITCHED,False,UNMAPPED,False,2020-01-01,2026-09-11
RTNINFRA,RTNINFRA,RTNINFRA,,,UNMAPPED,,,OBSERVED_SYMBOL_HISTORY_NOT_STITCHED,False,UNMAPPED,False,2020-05-27,2021-04-06
RTSPOWR,RTSPOWR,RTSPOWR,,,UNMAPPED,,,OBSERVED_SYMBOL_HISTORY_NOT_STITCHED,False,UNMAPPED,False,2026-08-17,2026-09-11
RUCHI,RUCHI,RUCHI,,,UNMAPPED,,,OBSERVED_SYMBOL_HISTORY_NOT_STITCHED,False,UNMAPPED,False,2020-02-07,2022-05-24
S&SPOWER,S&SPOWER,S&SPOWER,,,UNMAPPED,,,OBSERVED_SYMBOL_HISTORY_NOT_STITCHED,False,UNMAPPED,False,2020-04-07,2026-09-11
SAATVIKGL,SAATVIKGL,SAATVIKGL,,,UNMAPPED,,,OBSERVED_SYMBOL_HISTORY_NOT_STITCHED,False,UNMAPPED,False,2025-09-26,2026-09-11
SAB,SAB,SAB,,,UNMAPPED,,,OBSERVED_SYMBOL_HISTORY_NOT_STITCHED,False,UNMAPPED,False,2026-08-17,2026-09-10
SABEVENTS,SABEVENTS,SABEVENTS,,,UNMAPPED,,,OBSERVED_SYMBOL_HISTORY_NOT_STITCHED,False,UNMAPPED,False,2020-08-18,2026-08-04
SABTN,SABTN,SABTN,,,UNMAPPED,,,OBSERVED_SYMBOL_HISTORY_NOT_STITCHED,False,UNMAPPED,False,2020-01-01,2021-06-17
SABTNL,SABTNL,,,,UNMAPPED,,,OBJECTIVE_SAME_ISIN_ALIAS_OBSERVED_NO_STITCH,True,IDENTITY_AMBIGUOUS,False,2024-04-18,2025-12-11
SAHLIBHFI,SAHLIBHFI,SAHLIBHFI,,,UNMAPPED,,,OBSERVED_SYMBOL_HISTORY_NOT_STITCHED,False,UNMAPPED,False,2026-04-10,2026-09-11
SAICAPI,SAICAPI,SAICAPI,,,UNMAPPED,,,OBSERVED_SYMBOL_HISTORY_NOT_STITCHED,False,UNMAPPED,False,2026-08-17,2026-09-11
SAILIFE,SAILIFE,SAILIFE,,,UNMAPPED,,,OBSERVED_SYMBOL_HISTORY_NOT_STITCHED,False,UNMAPPED,False,2024-12-18,2026-09-11
SAIPARENT,SAIPARENT,SAIPARENT,,,UNMAPPED,,,OBSERVED_SYMBOL_HISTORY_NOT_STITCHED,False,UNMAPPED,False,2026-04-02,2026-09-11
SANATHAN,SANATHAN,SANATHAN,,,UNMAPPED,,,OBSERVED_SYMBOL_HISTORY_NOT_STITCHED,False,UNMAPPED,False,2024-12-27,2026-09-11
SANCO,SANCO,SANCO,,,UNMAPPED,,,OBSERVED_SYMBOL_HISTORY_NOT_STITCHED,False,UNMAPPED,False,2020-01-01,2022-10-04
SANGHVIFOR,SANGHVIFOR,SANGHVIFOR,,,UNMAPPED,,,OBSERVED_SYMBOL_HISTORY_NOT_STITCHED,False,UNMAPPED,False,2020-01-01,2021-04-30
SANWARIA,SANWARIA,SANWARIA,,,UNMAPPED,,,OBSERVED_SYMBOL_HISTORY_NOT_STITCHED,False,UNMAPPED,False,2020-01-01,2020-09-11
SAPPL,SAPPL,SAPPL,,,UNMAPPED,,,OBSERVED_SYMBOL_HISTORY_NOT_STITCHED,False,UNMAPPED,False,2026-04-21,2026-09-11
SATHAISPAT,SATHAISPAT,SATHAISPAT,,,UNMAPPED,,,OBSERVED_SYMBOL_HISTORY_NOT_STITCHED,False,UNMAPPED,False,2020-01-01,2020-05-18
SAURASHCEM,SAURASHCEM,SAURASHCEM,,,UNMAPPED,,,OBSERVED_SYMBOL_HISTORY_NOT_STITCHED,False,UNMAPPED,False,2024-02-27,2026-09-11
SAYAJIIND,SAYAJIIND,SAYAJIIND,,,UNMAPPED,,,OBSERVED_SYMBOL_HISTORY_NOT_STITCHED,False,UNMAPPED,False,2026-08-17,2026-09-11
SBIBPB,SBIBPB,SBIBPB,,,UNMAPPED,,,OBSERVED_SYMBOL_HISTORY_NOT_STITCHED,False,UNMAPPED,False,2025-03-27,2026-09-11
SBIETFCON,SBIETFCON,SBIETFCON,,,UNMAPPED,,,OBSERVED_SYMBOL_HISTORY_NOT_STITCHED,False,UNMAPPED,False,2021-07-29,2026-09-11
SBIETFIT,SBIETFIT,SBIETFIT,,,UNMAPPED,,,OBSERVED_SYMBOL_HISTORY_NOT_STITCHED,False,UNMAPPED,False,2020-10-22,2026-09-11
SBIETFPB,SBIETFPB,SBIETFPB,,,UNMAPPED,,,OBSERVED_SYMBOL_HISTORY_NOT_STITCHED,False,UNMAPPED,False,2020-10-22,2026-09-11
SBIETFQLTY,SBIETFQLTY,SBIETFQLTY,,,UNMAPPED,,,OBSERVED_SYMBOL_HISTORY_NOT_STITCHED,False,UNMAPPED,False,2020-01-01,2026-09-11
SBIFUNDS,SBIFUNDS,SBIFUNDS,,,UNMAPPED,,,OBSERVED_SYMBOL_HISTORY_NOT_STITCHED,False,UNMAPPED,False,2026-07-21,2026-09-11
SBILIQETF,SBILIQETF,SBILIQETF,,,UNMAPPED,,,OBSERVED_SYMBOL_HISTORY_NOT_STITCHED,False,UNMAPPED,False,2025-08-13,2026-09-11
SBINEQWETF,SBINEQWETF,SBINEQWETF,,,UNMAPPED,,,OBSERVED_SYMBOL_HISTORY_NOT_STITCHED,False,UNMAPPED,False,2024-07-23,2026-09-11
SBINMID150,SBINMID150,SBINMID150,,,UNMAPPED,,,OBSERVED_SYMBOL_HISTORY_NOT_STITCHED,False,UNMAPPED,False,2026-04-06,2026-09-11
SBISILVER,SBISILVER,SBISILVER,,,UNMAPPED,,,OBSERVED_SYMBOL_HISTORY_NOT_STITCHED,False,UNMAPPED,False,2024-07-08,2026-09-11
SBISMLETF,SBISMLETF,SBISMLETF,,,UNMAPPED,,,OBSERVED_SYMBOL_HISTORY_NOT_STITCHED,False,UNMAPPED,False,2026-05-25,2026-09-11
SBIVALETF,SBIVALETF,SBIVALETF,,,UNMAPPED,,,OBSERVED_SYMBOL_HISTORY_NOT_STITCHED,False,UNMAPPED,False,2026-05-25,2026-09-11
SCANSTL,SCANSTL,SCANSTL,,,UNMAPPED,,,OBSERVED_SYMBOL_HISTORY_NOT_STITCHED,False,UNMAPPED,False,2026-04-20,2026-07-31
SCAPDVR,SCAPDVR,SCAPDVR,,,UNMAPPED,,,OBSERVED_SYMBOL_HISTORY_NOT_STITCHED,False,UNMAPPED,False,2020-01-01,2023-06-06
SCODATUBES,SCODATUBES,SCODATUBES,,,UNMAPPED,,,OBSERVED_SYMBOL_HISTORY_NOT_STITCHED,False,UNMAPPED,False,2025-06-18,2026-09-11
SDL24BEES,SDL24BEES,SDL24BEES,,,UNMAPPED,,,OBSERVED_SYMBOL_HISTORY_NOT_STITCHED,False,UNMAPPED,False,2022-05-10,2024-09-25
SDL26BEES,SDL26BEES,SDL26BEES,,,UNMAPPED,,,OBSERVED_SYMBOL_HISTORY_NOT_STITCHED,False,UNMAPPED,False,2022-05-10,2026-04-27
SECURKLOUD,SECURKLOUD,SECURKLOUD,,,UNMAPPED,,,OBSERVED_SYMBOL_HISTORY_NOT_STITCHED,False,UNMAPPED,False,2021-02-02,2026-09-11
SEDEMAC,SEDEMAC,SEDEMAC,,,UNMAPPED,,,OBSERVED_SYMBOL_HISTORY_NOT_STITCHED,False,UNMAPPED,False,2026-03-11,2026-09-11
SEIL,SEIL,SEIL,,,UNMAPPED,,,OBSERVED_SYMBOL_HISTORY_NOT_STITCHED,False,UNMAPPED,False,2026-04-20,2026-09-11
SEKURITIND,SEKURITIND,SEKURITIND,,,UNMAPPED,,,OBSERVED_SYMBOL_HISTORY_NOT_STITCHED,False,UNMAPPED,False,2026-08-17,2026-09-11
SELECTIPO,SELECTIPO,SELECTIPO,,,UNMAPPED,,,OBSERVED_SYMBOL_HISTORY_NOT_STITCHED,False,UNMAPPED,False,2025-03-17,2026-09-11
SELMCL,SELMCL,SELMCL,,,UNMAPPED,,,OBSERVED_SYMBOL_HISTORY_NOT_STITCHED,False,UNMAPPED,False,2020-03-04,2020-03-26
SENSEXADD,SENSEXADD,SENSEXADD,,,UNMAPPED,,,OBSERVED_SYMBOL_HISTORY_NOT_STITCHED,False,UNMAPPED,False,2024-02-15,2026-09-11
SENSEXAXIS,SENSEXAXIS,,,,UNMAPPED,,,OBJECTIVE_SAME_ISIN_ALIAS_OBSERVED_NO_STITCH,True,IDENTITY_AMBIGUOUS,False,2026-07-03,2026-09-11
SENSEXBETA,SENSEXBETA,,,,UNMAPPED,,,OBJECTIVE_SAME_ISIN_ALIAS_OBSERVED_NO_STITCH,True,IDENTITY_AMBIGUOUS,False,2025-12-24,2026-09-11
SENSEXETF,SENSEXETF,SENSEXETF,,,UNMAPPED,,,OBSERVED_SYMBOL_HISTORY_NOT_STITCHED,False,UNMAPPED,False,2023-10-06,2026-09-11
SENSEXIETF,SENSEXIETF,SENSEXIETF,,,UNMAPPED,,,OBSERVED_SYMBOL_HISTORY_NOT_STITCHED,False,UNMAPPED,False,2023-12-20,2026-09-11
SEPOWER,SEPOWER,SEPOWER,,,UNMAPPED,,,OBSERVED_SYMBOL_HISTORY_NOT_STITCHED,False,UNMAPPED,False,2020-01-01,2023-06-14
SETF10GILT,SETF10GILT,SETF10GILT,,,UNMAPPED,,,OBSERVED_SYMBOL_HISTORY_NOT_STITCHED,False,UNMAPPED,False,2020-01-02,2026-09-11
SETFGOLD,SETFGOLD,SETFGOLD,,,UNMAPPED,,,OBSERVED_SYMBOL_HISTORY_NOT_STITCHED,False,UNMAPPED,False,2020-01-01,2026-09-11
SETFNIF50,SETFNIF50,SETFNIF50,,,UNMAPPED,,,OBSERVED_SYMBOL_HISTORY_NOT_STITCHED,False,UNMAPPED,False,2020-01-01,2026-09-11
SETFNIFBK,SETFNIFBK,SETFNIFBK,,,UNMAPPED,,,OBSERVED_SYMBOL_HISTORY_NOT_STITCHED,False,UNMAPPED,False,2020-01-01,2026-09-11
SETFNN50,SETFNN50,SETFNN50,,,UNMAPPED,,,OBSERVED_SYMBOL_HISTORY_NOT_STITCHED,False,UNMAPPED,False,2020-01-01,2026-09-11
SETUINFRA,SETUINFRA,SETUINFRA,,,UNMAPPED,,,OBSERVED_SYMBOL_HISTORY_NOT_STITCHED,False,UNMAPPED,False,2020-01-01,2022-11-16
SEYAIND,SEYAIND,SEYAIND,,,UNMAPPED,,,OBSERVED_SYMBOL_HISTORY_NOT_STITCHED,False,UNMAPPED,False,2020-01-01,2023-05-22
SGFIN,SGFIN,SGFIN,,,UNMAPPED,,,OBSERVED_SYMBOL_HISTORY_NOT_STITCHED,False,UNMAPPED,False,2025-08-05,2026-09-11
SGLRES,SGLRES,SGLRES,,,UNMAPPED,,,OBSERVED_SYMBOL_HISTORY_NOT_STITCHED,False,UNMAPPED,False,2026-08-17,2026-09-11
SGLTL,SGLTL,,,,UNMAPPED,,,OBJECTIVE_SAME_ISIN_ALIAS_OBSERVED_NO_STITCH,True,IDENTITY_AMBIGUOUS,False,2025-01-13,2026-01-16
SGMART,SGMART,SGMART,,,UNMAPPED,,,OBSERVED_SYMBOL_HISTORY_NOT_STITCHED,False,UNMAPPED,False,2025-09-12,2026-09-11
SHANKESH,SHANKESH,SHANKESH,,,UNMAPPED,,,OBSERVED_SYMBOL_HISTORY_NOT_STITCHED,False,UNMAPPED,False,2026-08-25,2026-09-11
SHANTI,SHANTI,SHANTI,,,UNMAPPED,,,OBSERVED_SYMBOL_HISTORY_NOT_STITCHED,False,UNMAPPED,False,2021-09-16,2026-09-11
SHARDUL,SHARDUL,SHARDUL,,,UNMAPPED,,,OBSERVED_SYMBOL_HISTORY_NOT_STITCHED,False,UNMAPPED,False,2026-04-20,2026-07-16
SHARIABEES,SHARIABEES,SHARIABEES,,,UNMAPPED,,,OBSERVED_SYMBOL_HISTORY_NOT_STITCHED,False,UNMAPPED,False,2020-01-01,2026-09-11
SHBAJRG,SHBAJRG,SHBAJRG,,,UNMAPPED,,,OBSERVED_SYMBOL_HISTORY_NOT_STITCHED,False,UNMAPPED,False,2026-04-20,2026-09-11
SHIL,SHIL,SHIL,,,UNMAPPED,,,OBSERVED_SYMBOL_HISTORY_NOT_STITCHED,False,UNMAPPED,False,2020-01-09,2022-06-20
SHILGRAVQ,SHILGRAVQ,SHILGRAVQ,,,UNMAPPED,,,OBSERVED_SYMBOL_HISTORY_NOT_STITCHED,False,UNMAPPED,False,2026-08-17,2026-09-11
SHINDL,SHINDL,SHINDL,,,UNMAPPED,,,OBSERVED_SYMBOL_HISTORY_NOT_STITCHED,False,UNMAPPED,False,2026-04-20,2026-09-11
SHIRPUR-G,SHIRPUR-G,SHIRPUR-G,,,UNMAPPED,,,OBSERVED_SYMBOL_HISTORY_NOT_STITCHED,False,UNMAPPED,False,2020-01-01,2020-11-23
SHIVAAGRO,SHIVAAGRO,SHIVAAGRO,,,UNMAPPED,,,OBSERVED_SYMBOL_HISTORY_NOT_STITCHED,False,UNMAPPED,False,2026-08-17,2026-09-11
SHIVACEM,SHIVACEM,SHIVACEM,,,UNMAPPED,,,OBSERVED_SYMBOL_HISTORY_NOT_STITCHED,False,UNMAPPED,False,2026-08-17,2026-09-11
SHIVAUM,SHIVAUM,SHIVAUM,,,UNMAPPED,,,OBSERVED_SYMBOL_HISTORY_NOT_STITCHED,False,UNMAPPED,False,2025-11-14,2026-09-11
SHRADDHA,SHRADDHA,SHRADDHA,,,UNMAPPED,,,OBSERVED_SYMBOL_HISTORY_NOT_STITCHED,False,UNMAPPED,False,2026-08-17,2026-09-11
SHREEJISPG,SHREEJISPG,SHREEJISPG,,,UNMAPPED,,,OBSERVED_SYMBOL_HISTORY_NOT_STITCHED,False,UNMAPPED,False,2025-08-26,2026-09-11
SHRINGARMS,SHRINGARMS,SHRINGARMS,,,UNMAPPED,,,OBSERVED_SYMBOL_HISTORY_NOT_STITCHED,False,UNMAPPED,False,2025-09-17,2026-09-11
SHRIRAMCIT,SHRIRAMCIT,SHRIRAMCIT,,,UNMAPPED,,,OBSERVED_SYMBOL_HISTORY_NOT_STITCHED,False,UNMAPPED,False,2020-01-01,2022-11-28
SHRIRAMEPC,SHRIRAMEPC,SHRIRAMEPC,,,UNMAPPED,,,OBSERVED_SYMBOL_HISTORY_NOT_STITCHED,False,UNMAPPED,False,2020-01-01,2022-03-08
SHRJAGP,SHRJAGP,SHRJAGP,,,UNMAPPED,,,OBSERVED_SYMBOL_HISTORY_NOT_STITCHED,False,UNMAPPED,False,2026-08-17,2026-09-11
SHUKRAPHAR,SHUKRAPHAR,SHUKRAPHAR,,,UNMAPPED,,,OBSERVED_SYMBOL_HISTORY_NOT_STITCHED,False,UNMAPPED,False,2026-08-14,2026-09-11
SICAGEN,SICAGEN,SICAGEN,,,UNMAPPED,,,OBSERVED_SYMBOL_HISTORY_NOT_STITCHED,False,UNMAPPED,False,2020-01-01,2026-09-11
SICAL,SICAL,SICAL,,,UNMAPPED,,,OBSERVED_SYMBOL_HISTORY_NOT_STITCHED,False,UNMAPPED,False,2020-01-01,2022-12-28
SIEL,SIEL,SIEL,,,UNMAPPED,,,OBSERVED_SYMBOL_HISTORY_NOT_STITCHED,False,UNMAPPED,False,2026-08-17,2026-09-11
SIGMAADV,SIGMAADV,,,,UNMAPPED,,,OBJECTIVE_SAME_ISIN_ALIAS_OBSERVED_NO_STITCH,True,IDENTITY_AMBIGUOUS,False,2026-02-09,2026-08-27
SILVER,SILVER,SILVER,,,UNMAPPED,,,OBSERVED_SYMBOL_HISTORY_NOT_STITCHED,False,UNMAPPED,False,2022-02-03,2026-09-11
SILVER001,SILVER001,SILVER001,,,UNMAPPED,,,OBSERVED_SYMBOL_HISTORY_NOT_STITCHED,False,UNMAPPED,False,2026-08-25,2026-09-11
SILVER1,SILVER1,,,,UNMAPPED,,,MULTIPLE_ISIN_OBSERVED_NO_IDENTITY_INFERENCE,True,IDENTITY_AMBIGUOUS,False,2024-04-16,2026-09-11
SILVER360,SILVER360,SILVER360,,,UNMAPPED,,,OBSERVED_SYMBOL_HISTORY_NOT_STITCHED,False,UNMAPPED,False,2025-04-04,2026-09-11
SILVERADD,SILVERADD,,,,UNMAPPED,,,MULTIPLE_ISIN_OBSERVED_NO_IDENTITY_INFERENCE,True,IDENTITY_AMBIGUOUS,False,2024-02-15,2026-09-11
SILVERAG,SILVERAG,,,,UNMAPPED,,,OBJECTIVE_SAME_ISIN_ALIAS_OBSERVED_NO_STITCH,True,IDENTITY_AMBIGUOUS,False,2025-09-15,2026-09-11
SILVERAXIS,SILVERAXIS,,,,UNMAPPED,,,OBJECTIVE_SAME_ISIN_ALIAS_OBSERVED_NO_STITCH,True,IDENTITY_AMBIGUOUS,False,2026-07-03,2026-09-11
SILVERBEES,SILVERBEES,SILVERBEES,,,UNMAPPED,,,OBSERVED_SYMBOL_HISTORY_NOT_STITCHED,False,UNMAPPED,False,2022-05-10,2026-09-11
SILVERBETA,SILVERBETA,,,,UNMAPPED,,,OBJECTIVE_SAME_ISIN_ALIAS_OBSERVED_NO_STITCH,True,IDENTITY_AMBIGUOUS,False,2025-12-24,2026-09-11
SILVERBND,SILVERBND,SILVERBND,,,UNMAPPED,,,OBSERVED_SYMBOL_HISTORY_NOT_STITCHED,False,UNMAPPED,False,2025-12-12,2026-09-11
SILVERCASE,SILVERCASE,SILVERCASE,,,UNMAPPED,,,OBSERVED_SYMBOL_HISTORY_NOT_STITCHED,False,UNMAPPED,False,2025-03-26,2026-09-11
SILVERETF,SILVERETF,,,,UNMAPPED,,,OBJECTIVE_SAME_ISIN_ALIAS_OBSERVED_NO_STITCH,True,IDENTITY_AMBIGUOUS,False,2023-04-20,2025-12-23
SILVERIETF,SILVERIETF,SILVERIETF,,,UNMAPPED,,,OBSERVED_SYMBOL_HISTORY_NOT_STITCHED,False,UNMAPPED,False,2023-12-20,2026-09-11
SILVRETF,SILVRETF,,,,UNMAPPED,,,OBJECTIVE_SAME_ISIN_ALIAS_OBSERVED_NO_STITCH,True,IDENTITY_AMBIGUOUS,False,2023-09-01,2025-09-12
SIMPLXREA,SIMPLXREA,SIMPLXREA,,,UNMAPPED,,,OBSERVED_SYMBOL_HISTORY_NOT_STITCHED,False,UNMAPPED,False,2026-08-17,2026-09-11
SINTEX,SINTEX,SINTEX,,,UNMAPPED,,,OBSERVED_SYMBOL_HISTORY_NOT_STITCHED,False,UNMAPPED,False,2020-03-04,2022-03-21
SITINET,SITINET,SITINET,,,UNMAPPED,,,OBSERVED_SYMBOL_HISTORY_NOT_STITCHED,False,UNMAPPED,False,2020-03-04,2023-06-06
SKFINDUS,SKFINDUS,SKFINDUS,,,UNMAPPED,,,OBSERVED_SYMBOL_HISTORY_NOT_STITCHED,False,UNMAPPED,False,2025-12-19,2026-09-11
SKIL,SKIL,SKIL,,,UNMAPPED,,,OBSERVED_SYMBOL_HISTORY_NOT_STITCHED,False,UNMAPPED,False,2020-03-04,2021-11-18
SKYWAYS,SKYWAYS,SKYWAYS,,,UNMAPPED,,,OBSERVED_SYMBOL_HISTORY_NOT_STITCHED,False,UNMAPPED,False,2026-09-01,2026-09-11
SMALL250,SMALL250,SMALL250,,,UNMAPPED,,,OBSERVED_SYMBOL_HISTORY_NOT_STITCHED,False,UNMAPPED,False,2025-11-13,2026-09-11
SMALLADD,SMALLADD,SMALLADD,,,UNMAPPED,,,OBSERVED_SYMBOL_HISTORY_NOT_STITCHED,False,UNMAPPED,False,2025-12-18,2026-09-11
SMALLCAP,SMALLCAP,SMALLCAP,,,UNMAPPED,,,OBSERVED_SYMBOL_HISTORY_NOT_STITCHED,False,UNMAPPED,False,2024-02-29,2026-09-11
SMALLGROWW,SMALLGROWW,SMALLGROWW,,,UNMAPPED,,,OBSERVED_SYMBOL_HISTORY_NOT_STITCHED,False,UNMAPPED,False,2026-06-18,2026-09-11
SMALLIETF,SMALLIETF,SMALLIETF,,,UNMAPPED,,,OBSERVED_SYMBOL_HISTORY_NOT_STITCHED,False,UNMAPPED,False,2026-06-24,2026-09-11
SMARTWORKS,SMARTWORKS,SMARTWORKS,,,UNMAPPED,,,OBSERVED_SYMBOL_HISTORY_NOT_STITCHED,False,UNMAPPED,False,2025-07-17,2026-09-11
SML100CASE,SML100CASE,SML100CASE,,,UNMAPPED,,,OBSERVED_SYMBOL_HISTORY_NOT_STITCHED,False,UNMAPPED,False,2025-09-12,2026-09-11
SMLMAH,SMLMAH,,,,UNMAPPED,,,OBJECTIVE_SAME_ISIN_ALIAS_OBSERVED_NO_STITCH,True,IDENTITY_AMBIGUOUS,False,2025-11-10,2026-09-11
SNXT30BEES,SNXT30BEES,SNXT30BEES,,,UNMAPPED,,,OBSERVED_SYMBOL_HISTORY_NOT_STITCHED,False,UNMAPPED,False,2025-06-13,2026-09-11
SNXT50BETA,SNXT50BETA,,,,UNMAPPED,,,OBJECTIVE_SAME_ISIN_ALIAS_OBSERVED_NO_STITCH,True,IDENTITY_AMBIGUOUS,False,2025-12-24,2026-09-11
SONAL,SONAL,SONAL,,,UNMAPPED,,,OBSERVED_SYMBOL_HISTORY_NOT_STITCHED,False,UNMAPPED,False,2026-04-21,2026-09-11
SONAMCLOCK,SONAMCLOCK,SONAMCLOCK,,,UNMAPPED,,,OBSERVED_SYMBOL_HISTORY_NOT_STITCHED,False,UNMAPPED,False,2022-04-07,2023-10-25
SORILINFRA,SORILINFRA,SORILINFRA,,,UNMAPPED,,,OBSERVED_SYMBOL_HISTORY_NOT_STITCHED,False,UNMAPPED,False,2020-01-01,2022-08-17
SPELS,SPELS,SPELS,,,UNMAPPED,,,OBSERVED_SYMBOL_HISTORY_NOT_STITCHED,False,UNMAPPED,False,2026-08-17,2026-09-09
SPICEJET,SPICEJET,SPICEJET,,,UNMAPPED,,,OBSERVED_SYMBOL_HISTORY_NOT_STITCHED,False,UNMAPPED,False,2020-01-01,2023-04-28
SPTL,SPTL,SPTL,,,UNMAPPED,,,OBSERVED_SYMBOL_HISTORY_NOT_STITCHED,False,UNMAPPED,False,2020-03-04,2023-03-02
SPYL,SPYL,SPYL,,,UNMAPPED,,,OBSERVED_SYMBOL_HISTORY_NOT_STITCHED,False,UNMAPPED,False,2020-11-10,2023-11-20
SREINFRA,SREINFRA,SREINFRA,,,UNMAPPED,,,OBSERVED_SYMBOL_HISTORY_NOT_STITCHED,False,UNMAPPED,False,2020-01-01,2022-05-24
SRIKPRIND,SRIKPRIND,SRIKPRIND,,,UNMAPPED,,,OBSERVED_SYMBOL_HISTORY_NOT_STITCHED,False,UNMAPPED,False,2026-08-18,2026-09-07
SRIPIPES,SRIPIPES,SRIPIPES,,,UNMAPPED,,,OBSERVED_SYMBOL_HISTORY_NOT_STITCHED,False,UNMAPPED,False,2020-01-01,2022-01-12
SRTL,SRTL,SRTL,,,UNMAPPED,,,OBSERVED_SYMBOL_HISTORY_NOT_STITCHED,False,UNMAPPED,False,2026-03-17,2026-09-11
SRTRANSFIN,SRTRANSFIN,SRTRANSFIN,,,UNMAPPED,,,OBSERVED_SYMBOL_HISTORY_NOT_STITCHED,False,UNMAPPED,False,2020-01-01,2022-12-19
STAMPEDE,STAMPEDE,STAMPEDE,,,UNMAPPED,,,OBSERVED_SYMBOL_HISTORY_NOT_STITCHED,False,UNMAPPED,False,2020-01-01,2020-04-13
STARTECK,STARTECK,STARTECK,,,UNMAPPED,,,OBSERVED_SYMBOL_HISTORY_NOT_STITCHED,False,UNMAPPED,False,2022-05-04,2026-09-11
STINDIA,STINDIA,STINDIA,,,UNMAPPED,,,OBSERVED_SYMBOL_HISTORY_NOT_STITCHED,False,UNMAPPED,False,2020-01-03,2020-08-21
STLSTRINF,STLSTRINF,STLSTRINF,,,UNMAPPED,,,OBSERVED_SYMBOL_HISTORY_NOT_STITCHED,False,UNMAPPED,False,2026-08-18,2026-09-11
STRTECH,STRTECH,STRTECH,,,UNMAPPED,,,OBSERVED_SYMBOL_HISTORY_NOT_STITCHED,False,UNMAPPED,False,2020-01-01,2020-10-28
STYL,STYL,STYL,,,UNMAPPED,,,OBSERVED_SYMBOL_HISTORY_NOT_STITCHED,False,UNMAPPED,False,2025-09-30,2026-09-11
SUBCAPCITY,SUBCAPCITY,SUBCAPCITY,,,UNMAPPED,,,OBSERVED_SYMBOL_HISTORY_NOT_STITCHED,False,UNMAPPED,False,2022-09-13,2023-01-04
SUBEX,SUBEX,SUBEX,,,UNMAPPED,,,OBSERVED_SYMBOL_HISTORY_NOT_STITCHED,False,UNMAPPED,False,2020-01-01,2020-10-21
SUDARCOLOR,SUDARCOLOR,,,,UNMAPPED,,,OBJECTIVE_SAME_ISIN_ALIAS_OBSERVED_NO_STITCH,True,IDENTITY_AMBIGUOUS,False,2026-01-20,2026-09-11
SUDEEPPHRM,SUDEEPPHRM,SUDEEPPHRM,,,UNMAPPED,,,OBSERVED_SYMBOL_HISTORY_NOT_STITCHED,False,UNMAPPED,False,2025-11-28,2026-09-11
SUJANAUNI,SUJANAUNI,SUJANAUNI,,,UNMAPPED,,,OBSERVED_SYMBOL_HISTORY_NOT_STITCHED,False,UNMAPPED,False,2020-11-10,2020-11-23
SUNCLAYLTD,SUNCLAYLTD,SUNCLAYLTD,,,UNMAPPED,,,OBSERVED_SYMBOL_HISTORY_NOT_STITCHED,False,UNMAPPED,False,2020-01-01,2023-08-09
SUNDARMHLD,SUNDARMHLD,,,,UNMAPPED,,,OBJECTIVE_SAME_ISIN_ALIAS_OBSERVED_NO_STITCH,True,IDENTITY_AMBIGUOUS,False,2020-01-01,2025-10-15
SUNDROP,SUNDROP,,,,UNMAPPED,,,OBJECTIVE_SAME_ISIN_ALIAS_OBSERVED_NO_STITCH,True,IDENTITY_AMBIGUOUS,False,2025-03-28,2026-09-11
SUNLOC,SUNLOC,SUNLOC,,,UNMAPPED,,,OBSERVED_SYMBOL_HISTORY_NOT_STITCHED,False,UNMAPPED,False,2026-08-17,2026-09-11
SUNRAKSHAK,SUNRAKSHAK,SUNRAKSHAK,,,UNMAPPED,,,OBSERVED_SYMBOL_HISTORY_NOT_STITCHED,False,UNMAPPED,False,2026-08-17,2026-09-11
SUNSHIEL,SUNSHIEL,SUNSHIEL,,,UNMAPPED,,,OBSERVED_SYMBOL_HISTORY_NOT_STITCHED,False,UNMAPPED,False,2026-08-17,2026-09-11
SUPERSPIN,SUPERSPIN,SUPERSPIN,,,UNMAPPED,,,OBSERVED_SYMBOL_HISTORY_NOT_STITCHED,False,UNMAPPED,False,2020-03-04,2026-06-17
SUPPETRO,SUPPETRO,SUPPETRO,,,UNMAPPED,,,OBSERVED_SYMBOL_HISTORY_NOT_STITCHED,False,UNMAPPED,False,2020-01-01,2022-04-06
SURANAT&P,SURANAT&P,SURANAT&P,,,UNMAPPED,,,OBSERVED_SYMBOL_HISTORY_NOT_STITCHED,False,UNMAPPED,False,2020-01-01,2026-09-11
SVGLOBAL,SVGLOBAL,SVGLOBAL,,,UNMAPPED,,,OBSERVED_SYMBOL_HISTORY_NOT_STITCHED,False,UNMAPPED,False,2026-08-17,2026-09-11
SWANCORP,SWANCORP,,,,UNMAPPED,,,OBJECTIVE_SAME_ISIN_ALIAS_OBSERVED_NO_STITCH,True,IDENTITY_AMBIGUOUS,False,2025-09-04,2026-09-11
SWARNSAR,SWARNSAR,SWARNSAR,,,UNMAPPED,,,OBSERVED_SYMBOL_HISTORY_NOT_STITCHED,False,UNMAPPED,False,2026-08-17,2026-09-11
SWISSMLTRY,SWISSMLTRY,SWISSMLTRY,,,UNMAPPED,,,OBSERVED_SYMBOL_HISTORY_NOT_STITCHED,False,UNMAPPED,False,2026-08-17,2026-09-02
SYMBIOTEC,SYMBIOTEC,SYMBIOTEC,,,UNMAPPED,,,OBSERVED_SYMBOL_HISTORY_NOT_STITCHED,False,UNMAPPED,False,2026-09-01,2026-09-11
SYNCOM,SYNCOM,SYNCOM,,,UNMAPPED,,,OBSERVED_SYMBOL_HISTORY_NOT_STITCHED,False,UNMAPPED,False,2020-01-01,2020-09-25
SYNDIBANK,SYNDIBANK,SYNDIBANK,,,UNMAPPED,,,OBSERVED_SYMBOL_HISTORY_NOT_STITCHED,False,UNMAPPED,False,2020-01-01,2020-03-19
SYSTMTXC,SYSTMTXC,SYSTMTXC,,,UNMAPPED,,,OBSERVED_SYMBOL_HISTORY_NOT_STITCHED,False,UNMAPPED,False,2025-10-06,2026-06-17
TAALTECH,TAALTECH,TAALTECH,,,UNMAPPED,,,OBSERVED_SYMBOL_HISTORY_NOT_STITCHED,False,UNMAPPED,False,2026-04-20,2026-09-11
TALWALKARS,TALWALKARS,TALWALKARS,,,UNMAPPED,,,OBSERVED_SYMBOL_HISTORY_NOT_STITCHED,False,UNMAPPED,False,2020-01-01,2020-02-20
TALWGYM,TALWGYM,TALWGYM,,,UNMAPPED,,,OBSERVED_SYMBOL_HISTORY_NOT_STITCHED,False,UNMAPPED,False,2020-01-01,2020-02-20
TANAA,TANAA,TANAA,,,UNMAPPED,,,OBSERVED_SYMBOL_HISTORY_NOT_STITCHED,False,UNMAPPED,False,2026-08-17,2026-09-11
TARAPUR,TARAPUR,TARAPUR,,,UNMAPPED,,,OBSERVED_SYMBOL_HISTORY_NOT_STITCHED,False,UNMAPPED,False,2021-05-06,2026-09-11
TATACOFFEE,TATACOFFEE,TATACOFFEE,,,UNMAPPED,,,OBSERVED_SYMBOL_HISTORY_NOT_STITCHED,False,UNMAPPED,False,2020-01-01,2024-01-12
TATAGLOBAL,TATAGLOBAL,TATAGLOBAL,,,UNMAPPED,,,OBSERVED_SYMBOL_HISTORY_NOT_STITCHED,False,UNMAPPED,False,2020-01-01,2020-02-26
TATAGOLD,TATAGOLD,TATAGOLD,,,UNMAPPED,,,OBSERVED_SYMBOL_HISTORY_NOT_STITCHED,False,UNMAPPED,False,2024-01-17,2026-09-11
TATAMETALI,TATAMETALI,TATAMETALI,,,UNMAPPED,,,OBSERVED_SYMBOL_HISTORY_NOT_STITCHED,False,UNMAPPED,False,2020-01-01,2024-02-05
TATASTLBSL,TATASTLBSL,TATASTLBSL,,,UNMAPPED,,,OBSERVED_SYMBOL_HISTORY_NOT_STITCHED,False,UNMAPPED,False,2020-01-01,2021-08-05
TATASTLLP,TATASTLLP,TATASTLLP,,,UNMAPPED,,,OBSERVED_SYMBOL_HISTORY_NOT_STITCHED,False,UNMAPPED,False,2020-01-01,2023-11-16
TATSILV,TATSILV,TATSILV,,,UNMAPPED,,,OBSERVED_SYMBOL_HISTORY_NOT_STITCHED,False,UNMAPPED,False,2024-01-17,2026-09-11
TCC,TCC,,,,UNMAPPED,,,MULTIPLE_ISIN_OBSERVED_NO_IDENTITY_INFERENCE,True,IDENTITY_AMBIGUOUS,False,2026-02-25,2026-09-11
TCIDEVELOP,TCIDEVELOP,TCIDEVELOP,,,UNMAPPED,,,OBSERVED_SYMBOL_HISTORY_NOT_STITCHED,False,UNMAPPED,False,2020-01-01,2022-11-10
TECH,TECH,TECH,,,UNMAPPED,,,OBSERVED_SYMBOL_HISTORY_NOT_STITCHED,False,UNMAPPED,False,2021-11-03,2026-09-11
TECHNOCRAF,TECHNOCRAF,TECHNOCRAF,,,UNMAPPED,,,OBSERVED_SYMBOL_HISTORY_NOT_STITCHED,False,UNMAPPED,False,2026-08-14,2026-09-11
TECHNOFAB,TECHNOFAB,TECHNOFAB,,,UNMAPPED,,,OBSERVED_SYMBOL_HISTORY_NOT_STITCHED,False,UNMAPPED,False,2020-01-01,2020-11-27
TECHNVISN,TECHNVISN,TECHNVISN,,,UNMAPPED,,,OBSERVED_SYMBOL_HISTORY_NOT_STITCHED,False,UNMAPPED,False,2026-04-21,2026-09-11
TGVSL,TGVSL,TGVSL,,,UNMAPPED,,,OBSERVED_SYMBOL_HISTORY_NOT_STITCHED,False,UNMAPPED,False,2026-08-17,2026-09-11
THELEELA,THELEELA,THELEELA,,,UNMAPPED,,,OBSERVED_SYMBOL_HISTORY_NOT_STITCHED,False,UNMAPPED,False,2025-06-02,2026-09-11
TIJARIA,TIJARIA,TIJARIA,,,UNMAPPED,,,OBSERVED_SYMBOL_HISTORY_NOT_STITCHED,False,UNMAPPED,False,2020-01-01,2026-09-03
TIMESGTY,TIMESGTY,,,,UNMAPPED,,,OBJECTIVE_SAME_ISIN_ALIAS_OBSERVED_NO_STITCH,True,IDENTITY_AMBIGUOUS,False,2020-01-01,2025-07-31
TINNARUBR,TINNARUBR,TINNARUBR,,,UNMAPPED,,,OBSERVED_SYMBOL_HISTORY_NOT_STITCHED,False,UNMAPPED,False,2025-04-17,2026-09-11
TINPLATE,TINPLATE,TINPLATE,,,UNMAPPED,,,OBSERVED_SYMBOL_HISTORY_NOT_STITCHED,False,UNMAPPED,False,2020-01-01,2024-01-18
TMRVL,TMRVL,TMRVL,,,UNMAPPED,,,OBSERVED_SYMBOL_HISTORY_NOT_STITCHED,False,UNMAPPED,False,2020-01-01,2022-07-15
TNIDETF,TNIDETF,TNIDETF,,,UNMAPPED,,,OBSERVED_SYMBOL_HISTORY_NOT_STITCHED,False,UNMAPPED,False,2022-04-08,2026-09-11
TNTELE,TNTELE,TNTELE,,,UNMAPPED,,,OBSERVED_SYMBOL_HISTORY_NOT_STITCHED,False,UNMAPPED,False,2023-11-22,2026-09-11
TOP100CASE,TOP100CASE,TOP100CASE,,,UNMAPPED,,,OBSERVED_SYMBOL_HISTORY_NOT_STITCHED,False,UNMAPPED,False,2024-06-19,2026-09-11
TOP10ADD,TOP10ADD,TOP10ADD,,,UNMAPPED,,,OBSERVED_SYMBOL_HISTORY_NOT_STITCHED,False,UNMAPPED,False,2024-09-11,2026-09-11
TOP15IETF,TOP15IETF,TOP15IETF,,,UNMAPPED,,,OBSERVED_SYMBOL_HISTORY_NOT_STITCHED,False,UNMAPPED,False,2025-07-02,2026-09-11
TOP20,TOP20,TOP20,,,UNMAPPED,,,OBSERVED_SYMBOL_HISTORY_NOT_STITCHED,False,UNMAPPED,False,2025-12-19,2026-09-11
TOYAMSL,TOYAMSL,TOYAMSL,,,UNMAPPED,,,OBSERVED_SYMBOL_HISTORY_NOT_STITCHED,False,UNMAPPED,False,2026-08-17,2026-09-11
TRANSCOR,TRANSCOR,TRANSCOR,,,UNMAPPED,,,OBSERVED_SYMBOL_HISTORY_NOT_STITCHED,False,UNMAPPED,False,2026-08-17,2026-09-11
TRANSRAILL,TRANSRAILL,TRANSRAILL,,,UNMAPPED,,,OBSERVED_SYMBOL_HISTORY_NOT_STITCHED,False,UNMAPPED,False,2024-12-27,2026-09-11
TRANSWORLD,TRANSWORLD,,,,UNMAPPED,,,OBJECTIVE_SAME_ISIN_ALIAS_OBSERVED_NO_STITCH,True,IDENTITY_AMBIGUOUS,False,2024-10-23,2026-06-18
TRITONV,TRITONV,TRITONV,,,UNMAPPED,,,OBSERVED_SYMBOL_HISTORY_NOT_STITCHED,False,UNMAPPED,False,2026-08-17,2026-09-11
TSFINV,TSFINV,,,,UNMAPPED,,,OBJECTIVE_SAME_ISIN_ALIAS_OBSERVED_NO_STITCH,True,IDENTITY_AMBIGUOUS,False,2025-10-16,2026-09-11
TUTIALKA,TUTIALKA,TUTIALKA,,,UNMAPPED,,,OBSERVED_SYMBOL_HISTORY_NOT_STITCHED,False,UNMAPPED,False,2026-08-17,2026-09-11
TWCGOLDETF,TWCGOLDETF,TWCGOLDETF,,,UNMAPPED,,,OBSERVED_SYMBOL_HISTORY_NOT_STITCHED,False,UNMAPPED,False,2026-01-02,2026-09-11
TWL,TWL,TWL,,,UNMAPPED,,,OBSERVED_SYMBOL_HISTORY_NOT_STITCHED,False,UNMAPPED,False,2020-01-01,2023-06-16
UCALFUEL,UCALFUEL,UCALFUEL,,,UNMAPPED,,,OBSERVED_SYMBOL_HISTORY_NOT_STITCHED,False,UNMAPPED,False,2020-01-01,2023-07-25
UDAYJEW,UDAYJEW,UDAYJEW,,,UNMAPPED,,,OBSERVED_SYMBOL_HISTORY_NOT_STITCHED,False,UNMAPPED,False,2026-08-17,2026-09-11
UEL,UEL,UEL,,,UNMAPPED,,,OBSERVED_SYMBOL_HISTORY_NOT_STITCHED,False,UNMAPPED,False,2026-02-02,2026-09-11
UJAAS,UJAAS,UJAAS,,,UNMAPPED,,,OBSERVED_SYMBOL_HISTORY_NOT_STITCHED,False,UNMAPPED,False,2020-01-01,2023-11-02
UJJIVAN,UJJIVAN,UJJIVAN,,,UNMAPPED,,,OBSERVED_SYMBOL_HISTORY_NOT_STITCHED,False,UNMAPPED,False,2020-01-01,2024-05-02
UMIYA-MRO,UMIYA-MRO,,,,UNMAPPED,,,OBJECTIVE_SAME_ISIN_ALIAS_OBSERVED_NO_STITCH,True,IDENTITY_AMBIGUOUS,False,2025-04-15,2026-09-11
UNIINFO,UNIINFO,UNIINFO,,,UNMAPPED,,,OBSERVED_SYMBOL_HISTORY_NOT_STITCHED,False,UNMAPPED,False,2022-01-12,2026-09-11
UNIMECH,UNIMECH,UNIMECH,,,UNMAPPED,,,OBSERVED_SYMBOL_HISTORY_NOT_STITCHED,False,UNMAPPED,False,2024-12-31,2026-09-11
UNIONGOLD,UNIONGOLD,UNIONGOLD,,,UNMAPPED,,,OBSERVED_SYMBOL_HISTORY_NOT_STITCHED,False,UNMAPPED,False,2025-02-21,2026-09-11
UNIPLY,UNIPLY,UNIPLY,,,UNMAPPED,,,OBSERVED_SYMBOL_HISTORY_NOT_STITCHED,False,UNMAPPED,False,2020-01-01,2020-09-11
UNITEDBNK,UNITEDBNK,UNITEDBNK,,,UNMAPPED,,,OBSERVED_SYMBOL_HISTORY_NOT_STITCHED,False,UNMAPPED,False,2020-01-01,2020-03-20
UNIVAFOODS,UNIVAFOODS,UNIVAFOODS,,,UNMAPPED,,,OBSERVED_SYMBOL_HISTORY_NOT_STITCHED,False,UNMAPPED,False,2023-09-18,2023-12-18
UNIVPHOTO,UNIVPHOTO,UNIVPHOTO,,,UNMAPPED,,,OBSERVED_SYMBOL_HISTORY_NOT_STITCHED,False,UNMAPPED,False,2020-03-02,2026-02-20
UPHOT,UPHOT,UPHOT,,,UNMAPPED,,,OBSERVED_SYMBOL_HISTORY_NOT_STITCHED,False,UNMAPPED,False,2026-08-18,2026-09-11
URAVI,URAVI,,,,UNMAPPED,,,OBJECTIVE_SAME_ISIN_ALIAS_OBSERVED_NO_STITCH,True,IDENTITY_AMBIGUOUS,False,2023-07-05,2025-01-15
URAVIDEF,URAVIDEF,,,,UNMAPPED,,,OBJECTIVE_SAME_ISIN_ALIAS_OBSERVED_NO_STITCH,True,IDENTITY_AMBIGUOUS,False,2025-01-16,2026-07-02
USK,USK,USK,,,UNMAPPED,,,OBSERVED_SYMBOL_HISTORY_NOT_STITCHED,False,UNMAPPED,False,2023-04-20,2026-09-11
UTIBANKETF,UTIBANKETF,,,,UNMAPPED,,,OBJECTIVE_SAME_ISIN_ALIAS_OBSERVED_NO_STITCH,True,IDENTITY_AMBIGUOUS,False,2020-09-04,2025-12-23
UTINEXT50,UTINEXT50,,,,UNMAPPED,,,OBJECTIVE_SAME_ISIN_ALIAS_OBSERVED_NO_STITCH,True,IDENTITY_AMBIGUOUS,False,2020-01-01,2025-12-23
UTINIFTETF,UTINIFTETF,,,,UNMAPPED,,,OBJECTIVE_SAME_ISIN_ALIAS_OBSERVED_NO_STITCH,True,IDENTITY_AMBIGUOUS,False,2020-01-01,2025-12-23
UTISENSETF,UTISENSETF,,,,UNMAPPED,,,OBJECTIVE_SAME_ISIN_ALIAS_OBSERVED_NO_STITCH,True,IDENTITY_AMBIGUOUS,False,2020-01-01,2025-12-23
UTISXN50,UTISXN50,,,,UNMAPPED,,,OBJECTIVE_SAME_ISIN_ALIAS_OBSERVED_NO_STITCH,True,IDENTITY_AMBIGUOUS,False,2020-01-03,2025-12-23
UTLSOLAR,UTLSOLAR,UTLSOLAR,,,UNMAPPED,,,OBSERVED_SYMBOL_HISTORY_NOT_STITCHED,False,UNMAPPED,False,2025-11-20,2026-09-11
UTTAMSTL,UTTAMSTL,UTTAMSTL,,,UNMAPPED,,,OBSERVED_SYMBOL_HISTORY_NOT_STITCHED,False,UNMAPPED,False,2020-01-01,2022-05-24
UVSL,UVSL,UVSL,,,UNMAPPED,,,OBSERVED_SYMBOL_HISTORY_NOT_STITCHED,False,UNMAPPED,False,2020-01-01,2020-11-20
VADILENT,VADILENT,VADILENT,,,UNMAPPED,,,OBSERVED_SYMBOL_HISTORY_NOT_STITCHED,False,UNMAPPED,False,2026-08-17,2026-09-11
VAL30IETF,VAL30IETF,VAL30IETF,,,UNMAPPED,,,OBSERVED_SYMBOL_HISTORY_NOT_STITCHED,False,UNMAPPED,False,2024-10-22,2026-09-11
VALUEAXIS,VALUEAXIS,,,,UNMAPPED,,,OBJECTIVE_SAME_ISIN_ALIAS_OBSERVED_NO_STITCH,True,IDENTITY_AMBIGUOUS,False,2026-07-03,2026-09-11
VCL,VCL,VCL,,,UNMAPPED,,,OBSERVED_SYMBOL_HISTORY_NOT_STITCHED,False,UNMAPPED,False,2022-04-19,2026-08-19
VEDAVAAG,VEDAVAAG,VEDAVAAG,,,UNMAPPED,,,OBSERVED_SYMBOL_HISTORY_NOT_STITCHED,False,UNMAPPED,False,2026-08-17,2026-09-11
VELJAN,VELJAN,VELJAN,,,UNMAPPED,,,OBSERVED_SYMBOL_HISTORY_NOT_STITCHED,False,UNMAPPED,False,2026-04-20,2026-07-02
VENTIVE,VENTIVE,VENTIVE,,,UNMAPPED,,,OBSERVED_SYMBOL_HISTORY_NOT_STITCHED,False,UNMAPPED,False,2024-12-30,2026-09-11
VGCL,VGCL,VGCL,,,UNMAPPED,,,OBSERVED_SYMBOL_HISTORY_NOT_STITCHED,False,UNMAPPED,False,2026-08-17,2026-09-11
VIJSOLX,VIJSOLX,VIJSOLX,,,UNMAPPED,,,OBSERVED_SYMBOL_HISTORY_NOT_STITCHED,False,UNMAPPED,False,2026-08-17,2026-09-11
VIKASMCORP,VIKASMCORP,VIKASMCORP,,,UNMAPPED,,,OBSERVED_SYMBOL_HISTORY_NOT_STITCHED,False,UNMAPPED,False,2020-01-01,2021-05-05
VIKASPROP,VIKASPROP,VIKASPROP,,,UNMAPPED,,,OBSERVED_SYMBOL_HISTORY_NOT_STITCHED,False,UNMAPPED,False,2020-01-01,2022-08-22
VIKRAN,VIKRAN,VIKRAN,,,UNMAPPED,,,OBSERVED_SYMBOL_HISTORY_NOT_STITCHED,False,UNMAPPED,False,2025-09-03,2026-09-11
VIRTUALG,VIRTUALG,VIRTUALG,,,UNMAPPED,,,OBSERVED_SYMBOL_HISTORY_NOT_STITCHED,False,UNMAPPED,False,2026-08-17,2026-09-02
VISESHINFO,VISESHINFO,VISESHINFO,,,UNMAPPED,,,OBSERVED_SYMBOL_HISTORY_NOT_STITCHED,False,UNMAPPED,False,2022-03-29,2023-09-14
VISHAL,VISHAL,VISHAL,,,UNMAPPED,,,OBSERVED_SYMBOL_HISTORY_NOT_STITCHED,False,UNMAPPED,False,2020-08-31,2026-09-11
VITAL,VITAL,VITAL,,,UNMAPPED,,,OBSERVED_SYMBOL_HISTORY_NOT_STITCHED,False,UNMAPPED,False,2026-03-11,2026-09-11
VIVIMEDLAB,VIVIMEDLAB,VIVIMEDLAB,,,UNMAPPED,,,OBSERVED_SYMBOL_HISTORY_NOT_STITCHED,False,UNMAPPED,False,2020-01-01,2026-04-16
VIVOBIOT,VIVOBIOT,VIVOBIOT,,,UNMAPPED,,,OBSERVED_SYMBOL_HISTORY_NOT_STITCHED,False,UNMAPPED,False,2026-08-17,2026-09-11
VMSTMT,VMSTMT,VMSTMT,,,UNMAPPED,,,OBSERVED_SYMBOL_HISTORY_NOT_STITCHED,False,UNMAPPED,False,2025-10-09,2026-09-11
VOEPL,VOEPL,VOEPL,,,UNMAPPED,,,OBSERVED_SYMBOL_HISTORY_NOT_STITCHED,False,UNMAPPED,False,2026-07-01,2026-09-11
VOITHPAPR,VOITHPAPR,VOITHPAPR,,,UNMAPPED,,,OBSERVED_SYMBOL_HISTORY_NOT_STITCHED,False,UNMAPPED,False,2026-08-17,2026-09-11
VTMLTD,VTMLTD,VTMLTD,,,UNMAPPED,,,OBSERVED_SYMBOL_HISTORY_NOT_STITCHED,False,UNMAPPED,False,2026-08-17,2026-09-11
WAAREEINDO,WAAREEINDO,WAAREEINDO,,,UNMAPPED,,,OBSERVED_SYMBOL_HISTORY_NOT_STITCHED,False,UNMAPPED,False,2026-01-01,2026-09-11
WAAREERTL,WAAREERTL,WAAREERTL,,,UNMAPPED,,,OBSERVED_SYMBOL_HISTORY_NOT_STITCHED,False,UNMAPPED,False,2025-04-09,2026-09-11
WABCOINDIA,WABCOINDIA,WABCOINDIA,,,UNMAPPED,,,OBSERVED_SYMBOL_HISTORY_NOT_STITCHED,False,UNMAPPED,False,2020-01-01,2022-03-31
WARDINMOBI,WARDINMOBI,WARDINMOBI,,,UNMAPPED,,,OBSERVED_SYMBOL_HISTORY_NOT_STITCHED,False,UNMAPPED,False,2026-08-17,2026-09-11
WATERBASE,WATERBASE,WATERBASE,,,UNMAPPED,,,OBSERVED_SYMBOL_HISTORY_NOT_STITCHED,False,UNMAPPED,False,2020-01-01,2026-09-11
WEIZFOREX,WEIZFOREX,WEIZFOREX,,,UNMAPPED,,,OBSERVED_SYMBOL_HISTORY_NOT_STITCHED,False,UNMAPPED,False,2020-01-01,2020-02-26
WELSPUNIND,WELSPUNIND,WELSPUNIND,,,UNMAPPED,,,OBSERVED_SYMBOL_HISTORY_NOT_STITCHED,False,UNMAPPED,False,2020-01-01,2023-12-13
WFL,WFL,WFL,,,UNMAPPED,,,OBSERVED_SYMBOL_HISTORY_NOT_STITCHED,False,UNMAPPED,False,2022-01-17,2023-01-03
WHBRADY,WHBRADY,WHBRADY,,,UNMAPPED,,,OBSERVED_SYMBOL_HISTORY_NOT_STITCHED,False,UNMAPPED,False,2026-08-18,2026-09-10
WIMPLAST,WIMPLAST,WIMPLAST,,,UNMAPPED,,,OBSERVED_SYMBOL_HISTORY_NOT_STITCHED,False,UNMAPPED,False,2026-04-20,2026-06-08
WORTHPERI,WORTHPERI,,,,UNMAPPED,,,OBJECTIVE_SAME_ISIN_ALIAS_OBSERVED_NO_STITCH,True,IDENTITY_AMBIGUOUS,False,2025-10-10,2026-09-11
YAARII,YAARII,YAARII,,,UNMAPPED,,,OBSERVED_SYMBOL_HISTORY_NOT_STITCHED,False,UNMAPPED,False,2020-12-08,2021-12-14
YOGI,YOGI,YOGI,,,UNMAPPED,,,OBSERVED_SYMBOL_HISTORY_NOT_STITCHED,False,UNMAPPED,False,2026-08-18,2026-09-11
ZENITHBIR,ZENITHBIR,ZENITHBIR,,,UNMAPPED,,,OBSERVED_SYMBOL_HISTORY_NOT_STITCHED,False,UNMAPPED,False,2020-01-01,2020-06-15
ZFSTEERING,ZFSTEERING,ZFSTEERING,,,UNMAPPED,,,OBSERVED_SYMBOL_HISTORY_NOT_STITCHED,False,UNMAPPED,False,2026-04-21,2026-09-11
ZICOM,ZICOM,ZICOM,,,UNMAPPED,,,OBSERVED_SYMBOL_HISTORY_NOT_STITCHED,False,UNMAPPED,False,2020-03-04,2020-11-27
ZODJRDMKJ,ZODJRDMKJ,ZODJRDMKJ,,,UNMAPPED,,,OBSERVED_SYMBOL_HISTORY_NOT_STITCHED,False,UNMAPPED,False,2020-01-01,2021-09-20
ZUARIGLOB,ZUARIGLOB,ZUARIGLOB,,,UNMAPPED,,,OBSERVED_SYMBOL_HISTORY_NOT_STITCHED,False,UNMAPPED,False,2020-01-01,2022-07-01
