analysis_tier,universe,evaluation_year,history_end_year,formation_horizon,future_horizon,history_mean_ic,history_median_ic,history_mean_daily_d10_d1_spread,history_pooled_d10_d1_spread,history_decile_monotonicity,history_valid_dates,history_observation_count,evaluation_mean_ic,evaluation_median_ic,evaluation_mean_daily_d10_d1_spread,evaluation_pooled_d10_d1_spread,evaluation_decile_monotonicity,evaluation_valid_dates,evaluation_observation_count
PRIMARY_VERIFIED,BROAD_EQ,2021,2020,5,1,-0.019162719383,-0.0242916543639,0.0016325355991,0.00163013276927,-0.248484848485,240,351955,-0.0235948166905,-0.020059086572,0.00327690951343,0.00331970802888,-0.115151515152,248,381898
PRIMARY_VERIFIED,BROAD_EQ,2022,2021,5,1,-0.0214150967032,-0.0212079151478,0.00246820103097,0.00250979664387,-0.2,488,733853,-0.0473455781606,-0.0475343178415,-0.00141305272356,-0.00144721764607,-0.927272727273,248,432846
PRIMARY_VERIFIED,BROAD_EQ,2023,2022,5,1,-0.0301525415421,-0.0286685943514,0.00116038726586,0.0010382689429,-0.357575757576,736,1166699,-0.0461665619678,-0.0472736214751,-0.000888671389837,-0.000912648786139,-0.648484848485,245,438461
PRIMARY_VERIFIED,BROAD_EQ,2024,2023,5,1,-0.0341519656036,-0.0340106851181,0.000648644788134,0.000505357706833,-0.442424242424,981,1605160,-0.0448814204897,-0.0361985726773,-0.00138376312697,-0.00139403934293,-0.733333333333,248,458511
PRIMARY_VERIFIED,BROAD_EQ,2025,2024,5,1,-0.0363170630908,-0.0345916616442,0.000238525046112,8.3777123221e-05,-0.442424242424,1229,2063671,-0.0470612984991,-0.0466036511177,-0.00229145180486,-0.00226430267786,-0.987878787879,248,522495
PRIMARY_VERIFIED,BROAD_EQ,2026,2025,5,1,-0.0381211053259,-0.0360358354933,-0.000186278108282,-0.000391904313955,-0.563636363636,1477,2586166,-0.0304293722949,-0.0272002979492,-0.00179917336315,-0.00179902068067,-0.975757575758,131,314200
PRIMARY_VERIFIED,BROAD_EQ,2021,2020,5,2,-0.0328863307764,-0.0383799755044,0.000385371585666,0.000376214164076,0.0424242424242,240,350999,-0.0397702471319,-0.0322555227607,0.00325009351372,0.00331529916418,-0.0666666666667,248,381050
PRIMARY_VERIFIED,BROAD_EQ,2022,2021,5,2,-0.036384714498,-0.0343304678546,0.00184121387697,0.00190634715584,-0.115151515152,488,732049,-0.0633150818661,-0.0588906461615,-0.00391772968042,-0.00401580567953,-1,248,432226
PRIMARY_VERIFIED,BROAD_EQ,2023,2022,5,2,-0.0454590774155,-0.0440357381149,-9.92997130177e-05,-0.000305498855255,-0.539393939394,736,1164275,-0.0556584647315,-0.0520072880304,-0.00225251206199,-0.00227880160365,-0.806060606061,245,437518
PRIMARY_VERIFIED,BROAD_EQ,2024,2023,5,2,-0.0480063250123,-0.045747760048,-0.000637054071324,-0.000844497620456,-0.660606060606,981,1601793,-0.0527487519128,-0.0437281423805,-0.00275805687179,-0.00277622702721,-0.939393939394,248,457516
PRIMARY_VERIFIED,BROAD_EQ,2025,2024,5,2,-0.0489632996838,-0.0454822921216,-0.00106505138175,-0.00127268518151,-0.660606060606,1229,2059309,-0.0596931565621,-0.0398636898132,-0.00466712398184,-0.00457133810417,-1,248,521697
PRIMARY_VERIFIED,BROAD_EQ,2026,2025,5,2,-0.0507649276499,-0.0446399231416,-0.00166986790499,-0.0019436749146,-0.818181818182,1477,2581006,-0.034839410412,-0.0305034814759,-0.00363955945072,-0.00365212402197,-0.842424242424,130,311269
PRIMARY_VERIFIED,BROAD_EQ,2021,2020,5,3,-0.0388034914073,-0.0454118736579,-0.00118282603067,-0.00116412874019,-0.442424242424,240,350070,-0.0450705513543,-0.0431264728468,0.00344566049081,0.0035284451019,-0.151515151515,248,380210
PRIMARY_VERIFIED,BROAD_EQ,2022,2021,5,3,-0.0419883907246,-0.0446321413384,0.00116935564418,0.00127919850257,-0.030303030303,488,730280,-0.0722200642858,-0.066687489353,-0.00616836511783,-0.00631718097085,-0.987878787879,248,431610
PRIMARY_VERIFIED,BROAD_EQ,2023,2022,5,3,-0.0521751502941,-0.0521992008841,-0.00130313722128,-0.00157244435552,-0.806060606061,736,1161890,-0.0557496113042,-0.0502691475663,-0.00329480297542,-0.00334660529808,-0.866666666667,245,436587
PRIMARY_VERIFIED,BROAD_EQ,2024,2023,5,3,-0.0530678546239,-0.0521238876831,-0.00180054609973,-0.00205734578006,-0.818181818182,981,1598477,-0.0530357943804,-0.0409076491559,-0.00349373320625,-0.00349400794745,-0.939393939394,248,456533
PRIMARY_VERIFIED,BROAD_EQ,2025,2024,5,3,-0.053061385185,-0.0492150816348,-0.00214221444995,-0.00237518162274,-0.818181818182,1229,2055010,-0.0636596907249,-0.0471455396286,-0.00646434730845,-0.00630905569667,-1,248,520908
PRIMARY_VERIFIED,BROAD_EQ,2026,2025,5,3,-0.0548409246392,-0.0487159668575,-0.00286793479451,-0.00318022334131,-0.963636363636,1477,2575918,-0.0312427185488,-0.0263171647573,-0.00454320403876,-0.00461128197788,-0.757575757576,129,308358
PRIMARY_VERIFIED,BROAD_EQ,2021,2020,5,5,-0.0397751570777,-0.0459373182925,-0.00359401929182,-0.00347866595059,-0.0787878787879,240,348258,-0.0414659752214,-0.0388621606383,0.00470540738799,0.004799173168,-0.115151515152,248,378557
PRIMARY_VERIFIED,BROAD_EQ,2022,2021,5,5,-0.0406344253147,-0.0400542224606,0.000623722135627,0.000835208738721,-0.0666666666667,488,726815,-0.0724336876983,-0.0713233686459,-0.00825797978297,-0.00848273558103,-0.987878787879,248,430416
PRIMARY_VERIFIED,BROAD_EQ,2023,2022,5,5,-0.0513493941613,-0.0485482593372,-0.00236902524999,-0.00270722734667,-0.987878787879,736,1157231,-0.0552760457245,-0.0503060504257,-0.00567021143966,-0.00579656291288,-0.975757575758,245,434767
PRIMARY_VERIFIED,BROAD_EQ,2024,2023,5,5,-0.0523300563764,-0.0496042438451,-0.00319348051652,-0.00355062081088,-0.987878787879,981,1591998,-0.0569783510967,-0.0447464740539,-0.00585549763006,-0.0058954449459,-0.987878787879,248,454622
PRIMARY_VERIFIED,BROAD_EQ,2025,2024,5,5,-0.0532680361084,-0.0487634098024,-0.0037306491448,-0.00407004355516,-1,1229,2046620,-0.0612827374476,-0.0535570989721,-0.00861699050035,-0.00847490959204,-1,248,519377
PRIMARY_VERIFIED,BROAD_EQ,2026,2025,5,5,-0.0546137679514,-0.0497958757576,-0.00455110456537,-0.00499046073912,-1,1477,2565997,-0.0252130743034,-0.0315413954044,-0.0063842810129,-0.00667597149476,-0.745454545455,127,302580
PRIMARY_VERIFIED,BROAD_EQ,2021,2020,5,10,-0.0296713013149,-0.0352492907773,-0.00768464137232,-0.00801426036794,-0.151515151515,240,343949,-0.0293591701515,-0.0297666134387,0.00666244469085,0.00640484475216,0.2,248,374540
PRIMARY_VERIFIED,BROAD_EQ,2022,2021,5,10,-0.029512677281,-0.0302321853829,-0.00039349927464,-0.00052012312898,-0.0909090909091,488,718489,-0.0555333941619,-0.0388603462014,-0.00950401162158,-0.00958369061629,-1,248,427540
PRIMARY_VERIFIED,BROAD_EQ,2023,2022,5,10,-0.0382805275344,-0.0347451016018,-0.00346334582632,-0.00414273036742,-0.915151515152,736,1146029,-0.0449345317915,-0.0343875006145,-0.00775215157333,-0.00813326428819,-1,245,430502
PRIMARY_VERIFIED,BROAD_EQ,2024,2023,5,10,-0.0399423328789,-0.0344931744117,-0.00453445429525,-0.00521753213404,-0.987878787879,981,1576531,-0.0486466676625,-0.0362159605526,-0.00772538696421,-0.00766938440073,-0.987878787879,248,450024
PRIMARY_VERIFIED,BROAD_EQ,2025,2024,5,10,-0.0416987812323,-0.034760945854,-0.00517835283219,-0.00576592306679,-1,1229,2026555,-0.0342949687704,-0.0380095529655,-0.00769060530166,-0.00771284021679,-1,248,515696
PRIMARY_VERIFIED,BROAD_EQ,2026,2025,5,10,-0.0404556224709,-0.035436241402,-0.00560017992253,-0.00625537392797,-1,1477,2542251,-0.0339611257631,-0.0189431376085,-0.00990907936974,-0.0106257581631,-0.939393939394,122,288414
PRIMARY_VERIFIED,BROAD_EQ,2021,2020,5,20,-0.0400238097021,-0.0490633767215,-0.019934504128,-0.0203723139854,-0.915151515152,240,336506,-0.00283321423184,0.00418121146388,0.0114708659952,0.0107645371192,0.781818181818,248,367258
PRIMARY_VERIFIED,BROAD_EQ,2022,2021,5,20,-0.0211236710205,-0.0267916625094,-0.00397439799981,-0.00431691561092,-0.175757575758,488,703764,-0.0378423092491,-0.0296751254157,-0.00478752925998,-0.00391127063172,-0.733333333333,248,422459
PRIMARY_VERIFIED,BROAD_EQ,2023,2022,5,20,-0.0267571252062,-0.0275155415324,-0.00424838788096,-0.00463586930031,-0.454545454545,736,1126223,-0.02743815192,-0.0200776020484,-0.00871281581679,-0.00909777994687,-0.660606060606,245,422548
PRIMARY_VERIFIED,BROAD_EQ,2024,2023,5,20,-0.0269272083305,-0.0237102208694,-0.00536335714118,-0.00578345761661,-0.769696969697,981,1548771,-0.0179278790728,-0.00947474927521,-0.00565647395599,-0.00503536823298,-0.345454545455,248,441595
PRIMARY_VERIFIED,BROAD_EQ,2025,2024,5,20,-0.0251112330205,-0.0200776020484,-0.0054225052047,-0.00560558223791,-0.806060606061,1229,1990366,-0.0148185711966,-0.0101855350226,-0.00596848422788,-0.00577173027269,-0.321212121212,248,508825
PRIMARY_VERIFIED,BROAD_EQ,2026,2025,5,20,-0.0233830135674,-0.0191533189261,-0.00551417940765,-0.00585939775651,-0.854545454545,1477,2499191,-0.0433992637028,-0.0350922681323,-0.0155716370862,-0.0147953153799,-0.939393939394,112,260747
PRIMARY_VERIFIED,BROAD_EQ,2021,2020,10,1,-0.0221860160721,-0.0252071081462,0.000187992099634,0.00018225781986,-0.236363636364,235,340039,-0.0283750533879,-0.0216179095566,0.00205304907287,0.00209003141355,0.175757575758,248,377166
PRIMARY_VERIFIED,BROAD_EQ,2022,2021,10,1,-0.025363824052,-0.0216962085116,0.00114561969666,0.0011861285364,-0.0909090909091,483,717205,-0.0463916877605,-0.0368386107245,-0.00183762741022,-0.00185781599618,-0.987878787879,248,428454
PRIMARY_VERIFIED,BROAD_EQ,2023,2022,10,1,-0.0324977641337,-0.0292365837157,0.000133519446993,4.34601634258e-05,-0.29696969697,731,1145659,-0.0391762864928,-0.0392411954071,-0.00129907254973,-0.00132047593011,-0.624242424242,245,434403
PRIMARY_VERIFIED,BROAD_EQ,2024,2023,10,1,-0.0341742374718,-0.0318834680615,-0.000226096371856,-0.000331503335316,-0.430303030303,976,1580062,-0.0459373883137,-0.0488082403359,-0.00121578176694,-0.00121701745929,-0.709090909091,248,452932
PRIMARY_VERIFIED,BROAD_EQ,2025,2024,10,1,-0.0365576209757,-0.0349836045444,-0.00042662086367,-0.000528658473683,-0.527272727273,1224,2032994,-0.0256260138546,-0.0191944231148,-0.00143529814072,-0.00141349201287,-0.781818181818,248,516461
PRIMARY_VERIFIED,BROAD_EQ,2026,2025,10,1,-0.0347158828194,-0.0320645604806,-0.000596561057086,-0.000709611420115,-0.624242424242,1472,2549455,-0.0238294788659,-0.0264530552547,-0.00156439363544,-0.00158169491453,-0.757575757576,131,311383
PRIMARY_VERIFIED,BROAD_EQ,2021,2020,10,2,-0.0277099072824,-0.038835936841,-0.00075171656034,-0.000720339054125,-0.551515151515,235,339178,-0.0368859790819,-0.0348596571637,0.00243323952381,0.0024892599698,0.224242424242,248,376355
PRIMARY_VERIFIED,BROAD_EQ,2022,2021,10,2,-0.0324214306909,-0.0358187602268,0.000883623209574,0.000969301715243,0.115151515152,483,715533,-0.0556679333072,-0.050455829694,-0.00359734893448,-0.00366925660025,-1,248,427873
PRIMARY_VERIFIED,BROAD_EQ,2023,2022,10,2,-0.0403080690614,-0.0400422352171,-0.000636597162144,-0.000782987674744,-0.612121212121,731,1143406,-0.044398433144,-0.0415579786624,-0.0024208078451,-0.00245067726871,-0.830303030303,245,433541
PRIMARY_VERIFIED,BROAD_EQ,2024,2023,10,2,-0.0413348510288,-0.0404417172912,-0.0010844779176,-0.00124120106321,-0.69696969697,976,1576947,-0.0522247092839,-0.0417506179009,-0.00241902204105,-0.00242199759784,-0.927272727273,248,451999
PRIMARY_VERIFIED,BROAD_EQ,2025,2024,10,2,-0.0435412928975,-0.0406609191207,-0.00135487574653,-0.00150400265046,-0.69696969697,1224,2028946,-0.0284871206492,-0.0169055438282,-0.00264016375878,-0.00259173452492,-0.878787878788,248,515719
PRIMARY_VERIFIED,BROAD_EQ,2026,2025,10,2,-0.0410049921383,-0.0366469179325,-0.00157141883555,-0.00173024823565,-0.806060606061,1472,2544665,-0.030854246649,-0.0230031868688,-0.00328298836307,-0.00333224303242,-0.951515151515,130,308524
PRIMARY_VERIFIED,BROAD_EQ,2021,2020,10,3,-0.0297910417225,-0.0361749934868,-0.00170550731127,-0.00155687842543,-0.612121212121,235,338329,-0.0378348253754,-0.0361252983702,0.00299238199993,0.00306161507647,0.29696969697,248,375557
PRIMARY_VERIFIED,BROAD_EQ,2022,2021,10,3,-0.0339211832254,-0.0361286729658,0.000706659457213,0.000876091118766,0.212121212121,483,713886,-0.0584773821714,-0.0465242526653,-0.00488240819153,-0.00499450655085,-1,248,427297
PRIMARY_VERIFIED,BROAD_EQ,2023,2022,10,3,-0.0422521508569,-0.039591214128,-0.00118949482033,-0.00135783502742,-0.830303030303,731,1141183,-0.043740149016,-0.0431384109314,-0.0028843050946,-0.00295530174128,-0.757575757576,245,432693
PRIMARY_VERIFIED,BROAD_EQ,2024,2023,10,3,-0.042625674985,-0.0399511015433,-0.00161493387484,-0.00179612656781,-0.830303030303,976,1573876,-0.0523893465153,-0.0426061416086,-0.00251132839949,-0.00250288430352,-0.866666666667,248,451076
PRIMARY_VERIFIED,BROAD_EQ,2025,2024,10,3,-0.0446039352297,-0.0402001005339,-0.00179655629486,-0.00195335294593,-0.830303030303,1224,2024952,-0.0283279006304,-0.0225872112246,-0.00326892726345,-0.00319201998606,-0.818181818182,248,514982
PRIMARY_VERIFIED,BROAD_EQ,2026,2025,10,3,-0.0418617772265,-0.0382559373926,-0.00204461879501,-0.00221708582339,-0.927272727273,1472,2539934,-0.0290697373891,-0.0265586911586,-0.0039941693159,-0.00411731029775,-0.915151515152,129,305682
PRIMARY_VERIFIED,BROAD_EQ,2021,2020,10,5,-0.0313340050784,-0.0377811247388,-0.0042567857781,-0.00414835827788,-0.575757575758,235,336675,-0.0324257570204,-0.0370783934846,0.00565171809814,0.00560774066589,0.381818181818,248,373989
PRIMARY_VERIFIED,BROAD_EQ,2022,2021,10,5,-0.0318945733633,-0.0371175459368,0.000830810415082,0.000990310377624,0.478787878788,483,710664,-0.0585128951946,-0.0449553810001,-0.00593067049056,-0.00609721547058,-1,248,426162
PRIMARY_VERIFIED,BROAD_EQ,2023,2022,10,5,-0.0409251394565,-0.0393562352173,-0.00146309829162,-0.0017577127505,-0.915151515152,731,1136826,-0.0428267838087,-0.0377774680239,-0.00428817471499,-0.00445139968591,-0.842424242424,245,431017
PRIMARY_VERIFIED,BROAD_EQ,2024,2023,10,5,-0.0414024989507,-0.0384611269818,-0.00217226194298,-0.00249565293806,-0.963636363636,976,1567843,-0.0512033500246,-0.0372712304513,-0.00323548541742,-0.00319926469277,-0.878787878788,248,449262
PRIMARY_VERIFIED,BROAD_EQ,2025,2024,10,5,-0.0433882923055,-0.0382838342274,-0.00238768630708,-0.00265289258997,-0.987878787879,1224,2017105,-0.0288376637513,-0.0242913034691,-0.00484477979925,-0.00473729045886,-0.939393939394,248,513522
PRIMARY_VERIFIED,BROAD_EQ,2026,2025,10,5,-0.0409368277122,-0.0371251211104,-0.00280165314544,-0.00311039887554,-0.987878787879,1472,2530627,-0.0290830684627,-0.0185463481792,-0.00620536141336,-0.00649424239647,-0.975757575758,127,300038
PRIMARY_VERIFIED,BROAD_EQ,2021,2020,10,10,-0.0307629854781,-0.0337167255023,-0.00929539999823,-0.00974705124555,-0.830303030303,235,332972,-0.015279970527,-0.0196572591957,0.0107547280258,0.0103687599509,0.915151515152,248,370243
PRIMARY_VERIFIED,BROAD_EQ,2022,2021,10,10,-0.0228131144473,-0.0225734668836,0.000999489753237,0.000804333932307,0.612121212121,483,703215,-0.0487485515286,-0.0334008268883,-0.00507388259932,-0.00492950936789,-0.939393939394,248,423557
PRIMARY_VERIFIED,BROAD_EQ,2023,2022,10,10,-0.0316120041821,-0.0275536629389,-0.0010609703609,-0.00160583083452,-0.818181818182,731,1126772,-0.0345355894005,-0.0288029081583,-0.00559693684447,-0.00601244819581,-0.90303030303,245,426968
PRIMARY_VERIFIED,BROAD_EQ,2024,2023,10,10,-0.0323458959634,-0.028056354253,-0.00219960948844,-0.00280011277009,-0.939393939394,976,1553740,-0.0347273372343,-0.0231683838133,-0.00241256354053,-0.00234858547351,-0.90303030303,248,444897
PRIMARY_VERIFIED,BROAD_EQ,2025,2024,10,10,-0.0328284102078,-0.0266204016296,-0.00224275704148,-0.0027011470545,-0.951515151515,1224,1998637,-0.00916432409351,-0.00634131426361,-0.004531986228,-0.00450122412159,-0.151515151515,248,510007
PRIMARY_VERIFIED,BROAD_EQ,2026,2025,10,10,-0.0288415261342,-0.0238366879764,-0.00262844239355,-0.00317234923203,-0.963636363636,1472,2508644,-0.0393973214313,-0.0291352052948,-0.0105421911961,-0.0108132989465,-0.975757575758,122,286104
PRIMARY_VERIFIED,BROAD_EQ,2021,2020,10,20,-0.0522911495868,-0.0577275624306,-0.0255125611059,-0.0260007323528,-1,235,326172,0.00882909994647,0.0140799131969,0.0190505849034,0.0183916250708,0.987878787879,248,363328
PRIMARY_VERIFIED,BROAD_EQ,2022,2021,10,20,-0.0209084955821,-0.0179334393242,-0.00263127702659,-0.00285471885536,-0.478787878788,483,689500,-0.0272960057802,-0.0129306347546,0.00214852517284,0.00309522078888,-0.357575757576,248,418692
PRIMARY_VERIFIED,BROAD_EQ,2023,2022,10,20,-0.0230755305057,-0.0168270073573,-0.00100967518602,-0.00109561289473,-0.527272727273,731,1108192,-0.0220789272807,-0.0139226413927,-0.00604889535249,-0.00641597826639,-0.684848484848,245,419294
PRIMARY_VERIFIED,BROAD_EQ,2024,2023,10,20,-0.0228253585896,-0.0163137912201,-0.00227464336305,-0.00248630352299,-0.672727272727,976,1527486,-0.0151159752231,-0.00581549430987,-0.000442723868215,0.000623912774174,0.272727272727,248,436825
PRIMARY_VERIFIED,BROAD_EQ,2025,2024,10,20,-0.0212633266657,-0.012586957025,-0.00190347013207,-0.00175997905869,-0.515151515152,1224,1964311,0.00694328563995,0.0138341188046,-0.00319544547511,-0.00308710074152,0.442424242424,248,503362
PRIMARY_VERIFIED,BROAD_EQ,2026,2025,10,20,-0.0165111256794,-0.0101695911412,-0.00212113989095,-0.00228527716056,-0.248484848485,1472,2467673,-0.0550396623239,-0.0469317934961,-0.0169105806496,-0.0151324971432,-0.975757575758,112,258667
PRIMARY_VERIFIED,BROAD_EQ,2021,2020,20,1,-0.0275389462648,-0.0333031527662,-0.000334445696991,-0.000305752412271,-0.660606060606,225,317759,-0.0205805275641,-0.0138678602852,0.0018782150157,0.0019160829024,0.563636363636,248,368519
PRIMARY_VERIFIED,BROAD_EQ,2022,2021,20,1,-0.0238905576014,-0.0255449250566,0.000825680850043,0.000887272013965,0.369696969697,473,686278,-0.0391849773661,-0.0269187554466,-0.00119261072006,-0.00120111693332,-0.951515151515,248,420286
PRIMARY_VERIFIED,BROAD_EQ,2023,2022,20,1,-0.0291513288936,-0.0263515675471,0.000131455733005,9.13520310026e-05,-0.0666666666667,721,1106564,-0.0288019745851,-0.029254750485,-0.000741753540607,-0.000776238389096,-0.587878787879,245,427302
PRIMARY_VERIFIED,BROAD_EQ,2024,2023,20,1,-0.02906272454,-0.0278015271094,-9.0010387114e-05,-0.000150314504824,-0.272727272727,966,1533866,-0.0249731771626,-0.0218546742859,-0.000182313471541,-0.000174144871622,-0.0424242424242,248,442487
PRIMARY_VERIFIED,BROAD_EQ,2025,2024,20,1,-0.0282272980576,-0.0267541784516,-0.000108866371412,-0.000155583860371,-0.2,1214,1976353,-0.0114972767471,-0.00913119742634,-0.0009360230918,-0.000909928513873,-0.6,248,505069
PRIMARY_VERIFIED,BROAD_EQ,2026,2025,20,1,-0.0253893737861,-0.0246615308206,-0.000249177497716,-0.000310635179285,-0.175757575758,1462,2481422,-0.0212420873996,-0.0123426482489,-0.00158196908009,-0.0016017375548,-0.806060606061,131,306292
PRIMARY_VERIFIED,BROAD_EQ,2021,2020,20,2,-0.033727457797,-0.0364091568114,-0.00204540705983,-0.00198061239394,-0.878787878788,225,317075,-0.0215501271283,-0.0180500628156,0.00255864063942,0.00260495262447,0.806060606061,248,367803
PRIMARY_VERIFIED,BROAD_EQ,2022,2021,20,2,-0.0273427262836,-0.0259750941497,0.000368554524554,0.000480445813659,0.430303030303,473,684878,-0.0429301886283,-0.037019853569,-0.00241183543231,-0.00244914751865,-0.975757575758,248,419784
PRIMARY_VERIFIED,BROAD_EQ,2023,2022,20,2,-0.0327042944688,-0.0312536928611,-0.000587807069485,-0.000643230421359,-0.321212121212,721,1104662,-0.0293451394262,-0.0302128470107,-0.00153885107956,-0.00160146923316,-0.806060606061,245,426511
PRIMARY_VERIFIED,BROAD_EQ,2024,2023,20,2,-0.0318523348565,-0.030592678341,-0.000829013883634,-0.000909750053926,-0.333333333333,966,1531173,-0.0226264499703,-0.0157125552417,-6.98640257182e-05,-3.9275475945e-05,0.115151515152,248,441644
PRIMARY_VERIFIED,BROAD_EQ,2025,2024,20,2,-0.0299676400857,-0.0258590562124,-0.000673932199315,-0.000715011179004,-0.333333333333,1214,1972817,-0.0133447379808,-0.0116730337633,-0.0017088448022,-0.00163645722733,-0.721212121212,248,504380
PRIMARY_VERIFIED,BROAD_EQ,2026,2025,20,2,-0.0271478865139,-0.0228106094814,-0.000849485089545,-0.000907679601841,-0.357575757576,1462,2477197,-0.0260943179547,-0.0192373305963,-0.00339580401461,-0.00344928114324,-0.890909090909,130,303512
PRIMARY_VERIFIED,BROAD_EQ,2021,2020,20,3,-0.0370349130558,-0.0354187600153,-0.00387358267283,-0.00368125844196,-0.951515151515,225,316400,-0.0196706845155,-0.0169858339157,0.0036170129071,0.00365653103836,0.927272727273,248,367086
PRIMARY_VERIFIED,BROAD_EQ,2022,2021,20,3,-0.027930624096,-0.0245238979708,5.38331914887e-05,0.000254264512616,0.612121212121,473,683486,-0.0436198182962,-0.0303541517222,-0.0029734855439,-0.00304627359896,-0.975757575758,248,419287
PRIMARY_VERIFIED,BROAD_EQ,2023,2022,20,3,-0.0333271846531,-0.0265118837235,-0.000987463682821,-0.00102374140446,-0.418181818182,721,1102773,-0.0284195958245,-0.029657988371,-0.00199297782639,-0.00207798522577,-0.478787878788,245,425729
PRIMARY_VERIFIED,BROAD_EQ,2024,2023,20,3,-0.032082506327,-0.0266823913803,-0.0012424853859,-0.00131637972413,-0.418181818182,966,1528502,-0.01955472634,-0.0133930606438,0.000607627918125,0.000661093847439,0.369696969697,248,440808
PRIMARY_VERIFIED,BROAD_EQ,2025,2024,20,3,-0.029523289328,-0.024164995972,-0.00086453802231,-0.000874339058956,-0.357575757576,1214,1969310,-0.0114738661028,-0.00492970203471,-0.00204806865205,-0.00191032523132,-0.50303030303,248,503696
PRIMARY_VERIFIED,BROAD_EQ,2026,2025,20,3,-0.0264615540613,-0.022231382797,-0.00106530108399,-0.00109603264987,-0.357575757576,1462,2473006,-0.0257177164153,-0.0129291774897,-0.00476920732339,-0.00487936443693,-0.90303030303,129,300737
PRIMARY_VERIFIED,BROAD_EQ,2021,2020,20,5,-0.0443892697229,-0.0354523099519,-0.0080582652451,-0.00787383352276,-1,225,315079,-0.0100561451406,-0.0104240469242,0.00642652737973,0.00637957403515,0.975757575758,248,365668
PRIMARY_VERIFIED,BROAD_EQ,2022,2021,20,5,-0.0263879697305,-0.0198344859613,-0.000463701670136,-0.000240259736761,0.333333333333,473,680747,-0.0430282049863,-0.0247766483917,-0.00266213237322,-0.00280136796704,-0.866666666667,248,418299
PRIMARY_VERIFIED,BROAD_EQ,2023,2022,20,5,-0.0321116567533,-0.0213764995834,-0.00121988865261,-0.00127193837522,-0.721212121212,721,1099046,-0.0266256506267,-0.0223542509663,-0.00307599019385,-0.00316543276575,-0.539393939394,245,424181
PRIMARY_VERIFIED,BROAD_EQ,2024,2023,20,5,-0.0307202783878,-0.021466871104,-0.0016906390435,-0.00179641211833,-0.587878787879,966,1523227,-0.016372556924,-0.00867846824326,0.0014137260626,0.00145569728517,0.527272727273,248,439157
PRIMARY_VERIFIED,BROAD_EQ,2025,2024,20,5,-0.0277892776275,-0.0190174875889,-0.00105646890651,-0.00106894330459,-0.393939393939,1214,1962384,-0.0121188209222,-0.0217141859707,-0.00288900117128,-0.00269721918265,-0.612121212121,248,502344
PRIMARY_VERIFIED,BROAD_EQ,2026,2025,20,5,-0.0251310879812,-0.0192509623217,-0.00136732253282,-0.00142955068621,-0.393939393939,1462,2464728,-0.0277392985835,-0.0220063691498,-0.00730303297544,-0.00755431204057,-0.854545454545,127,295210
PRIMARY_VERIFIED,BROAD_EQ,2021,2020,20,10,-0.0553718324484,-0.0560685402757,-0.0177713726949,-0.0178310436017,-0.987878787879,225,312019,0.00365685413756,0.0108499123737,0.0134354699194,0.0127740105614,0.951515151515,248,362286
PRIMARY_VERIFIED,BROAD_EQ,2022,2021,20,10,-0.0244223308135,-0.0124033130612,-0.00140922265608,-0.00149959230866,-0.236363636364,473,674305,-0.031496676364,-0.0188709120662,0.000800509047348,0.000842601048061,-0.50303030303,248,415907
PRIMARY_VERIFIED,BROAD_EQ,2023,2022,20,10,-0.0268556701984,-0.0137954970586,-0.000649148505664,-0.000771335136468,-0.721212121212,721,1090212,-0.0223258815043,-0.0160829872274,-0.00349480613021,-0.00366982259261,-0.369696969697,245,420411
PRIMARY_VERIFIED,BROAD_EQ,2024,2023,20,10,-0.025706810747,-0.0148551386023,-0.00137087326551,-0.00156407985315,-0.527272727273,966,1510623,-0.0122813910383,-0.00240704788519,0.00333353753589,0.00354906868807,0.951515151515,248,435147
PRIMARY_VERIFIED,BROAD_EQ,2025,2024,20,10,-0.0229642208889,-0.0118489387262,-0.000409840416461,-0.000412090488936,-0.430303030303,1214,1945770,0.0042312495371,-0.00794621005695,-0.00202350978424,-0.00193331995102,0.333333333333,248,499064
PRIMARY_VERIFIED,BROAD_EQ,2026,2025,20,10,-0.0183510357551,-0.0114603232658,-0.000683568188833,-0.000813915390695,-0.224242424242,1462,2444834,-0.0398447105812,-0.0152681199272,-0.011633357209,-0.0116731421967,-0.939393939394,122,281506
PRIMARY_VERIFIED,BROAD_EQ,2021,2020,20,20,-0.0718586073596,-0.0678975605561,-0.0325721958053,-0.031850094128,-1,225,306224,0.000535980095932,0.0116340061018,0.0204893778527,0.019813254619,0.939393939394,248,355925
PRIMARY_VERIFIED,BROAD_EQ,2022,2021,20,20,-0.0339011915267,-0.0266969586619,-0.00475132843281,-0.00441456562234,-0.830303030303,473,662149,-0.0247783366859,-0.011938131629,0.00879815997914,0.00967202687696,0.0787878787879,248,411299
PRIMARY_VERIFIED,BROAD_EQ,2023,2022,20,20,-0.0307632331348,-0.0195491640018,-9.07554422935e-05,0.000602952839719,-0.6,721,1073448,-0.0150801055031,-0.00541358601565,-0.00232321975972,-0.00263341601145,-0.321212121212,245,413242
PRIMARY_VERIFIED,BROAD_EQ,2024,2023,20,20,-0.0267856283007,-0.0137604727711,-0.00065696016048,-0.000263943234334,-0.648484848485,966,1486690,-0.00986959726734,0.00544777120684,0.00594831019113,0.00728666657116,0.527272727273,248,427700
PRIMARY_VERIFIED,BROAD_EQ,2025,2024,20,20,-0.02332996463,-0.0101048975473,0.000692386665877,0.0014944688623,-0.212121212121,1214,1914390,0.0224147500667,0.00941419476544,-0.000190208683712,0.000166867279044,0.745454545455,248,492819
PRIMARY_VERIFIED,BROAD_EQ,2026,2025,20,20,-0.0155702592642,-0.00756709657337,0.000542671449258,0.000976467681157,0.0424242424242,1462,2407209,-0.0509468790724,-0.0479932146655,-0.0150534728275,-0.0123813077284,-0.648484848485,112,254549
PRIMARY_VERIFIED,BROAD_EQ,2021,2020,40,1,-0.0347294515395,-0.0317060518269,-0.000739900362759,-0.000732377989391,-0.806060606061,205,277628,-0.0262638940547,-0.0148027822616,0.00102238582866,0.00104234889759,0.381818181818,248,353278
PRIMARY_VERIFIED,BROAD_EQ,2022,2021,40,1,-0.0300948858525,-0.0255820989398,0.000224883247555,0.000260853524386,-0.260606060606,453,630906,-0.0304036143768,-0.0147116435,-0.000610803106122,-0.000585924648479,-0.721212121212,248,406688
PRIMARY_VERIFIED,BROAD_EQ,2023,2022,40,1,-0.0302041079267,-0.0227926984908,-7.07661329186e-05,-7.23249880625e-05,-0.587878787879,701,1037594,-0.022972699132,-0.0165746495199,-0.000533578887193,-0.000555744546937,-0.418181818182,245,413831
PRIMARY_VERIFIED,BROAD_EQ,2024,2023,40,1,-0.0283312800676,-0.0195879624677,-0.000190627787038,-0.000210137955217,-0.587878787879,946,1451425,-0.0197033396135,-0.0183677561223,-1.98131505966e-06,5.31413309521e-06,-0.0787878787879,248,423819
PRIMARY_VERIFIED,BROAD_EQ,2025,2024,40,1,-0.0265392120336,-0.0193031349115,-0.000151444935237,-0.000161328930787,-0.381818181818,1194,1875244,-0.00505244554319,-0.00216936104684,-0.00110866126359,-0.0010708201909,-0.430303030303,248,484217
PRIMARY_VERIFIED,BROAD_EQ,2026,2025,40,1,-0.0228438458133,-0.0169768021309,-0.000316070212234,-0.000349286045947,-0.466666666667,1442,2359461,-0.000913268730611,0.00386418754816,-0.000665922489522,-0.000707469841509,-0.381818181818,131,296023
PRIMARY_VERIFIED,BROAD_EQ,2021,2020,40,2,-0.0410997252812,-0.0388679415085,-0.00269128316967,-0.00274571265307,-0.915151515152,205,277143,-0.0280488468788,-0.0190260434684,0.0014112179406,0.00138800177918,0.357575757576,248,352667
PRIMARY_VERIFIED,BROAD_EQ,2022,2021,40,2,-0.0339548735289,-0.0237620476333,-0.00044532229694,-0.000433364266409,-0.563636363636,453,629810,-0.031225256011,-0.0205004651549,-0.00106193056886,-0.00103977575013,-0.721212121212,248,406240
PRIMARY_VERIFIED,BROAD_EQ,2023,2022,40,2,-0.0329891885868,-0.0224190630752,-0.000663466164894,-0.000677415542363,-0.624242424242,701,1036050,-0.0210099925882,-0.0198251364917,-0.00117561610911,-0.00119471465465,-0.357575757576,245,413136
PRIMARY_VERIFIED,BROAD_EQ,2024,2023,40,2,-0.0298867541051,-0.0220356248558,-0.000796105421058,-0.000824866499271,-0.624242424242,946,1449186,-0.01705984484,-0.00880798194153,-3.68611478309e-05,-5.39795446437e-06,-0.127272727273,248,423094
PRIMARY_VERIFIED,BROAD_EQ,2025,2024,40,2,-0.0272225384454,-0.0192538290813,-0.000638406443035,-0.000639300976951,-0.478787878788,1194,1872280,-0.00508338031059,-0.00454682768981,-0.00215769527164,-0.00206419301069,-0.466666666667,248,483615
PRIMARY_VERIFIED,BROAD_EQ,2026,2025,40,2,-0.0234149717204,-0.0166869168863,-0.000899698835194,-0.00093625750404,-0.466666666667,1442,2355895,0.0017933314485,0.0127767181274,-0.00130337372881,-0.00138786351153,-0.2,130,293330
PRIMARY_VERIFIED,BROAD_EQ,2021,2020,40,3,-0.0442428156241,-0.0462111818646,-0.00477246422617,-0.00486740970203,-0.963636363636,205,276658,-0.0281077858887,-0.0275932520054,0.00182028440875,0.00176784255321,0.648484848485,248,352060
PRIMARY_VERIFIED,BROAD_EQ,2022,2021,40,3,-0.0354095101619,-0.0317314643744,-0.00116318903531,-0.00115659866436,-0.69696969697,453,628718,-0.0318640697973,-0.0222378156384,-0.00118114173479,-0.00119693506209,-0.709090909091,248,405793
PRIMARY_VERIFIED,BROAD_EQ,2023,2022,40,3,-0.034155203157,-0.0301919288705,-0.00116954034697,-0.00118725527601,-0.69696969697,701,1034511,-0.0182007798353,-0.0176940118031,-0.00141160000446,-0.00143426902356,0.00606060606061,245,412442
PRIMARY_VERIFIED,BROAD_EQ,2024,2023,40,3,-0.0300232436287,-0.0261393704511,-0.00123223021598,-0.00125765871803,-0.684848484848,946,1446953,-0.0140984603722,-0.0148457475854,0.000654369904205,0.000726037058699,0.030303030303,248,422370
PRIMARY_VERIFIED,BROAD_EQ,2025,2024,40,3,-0.0267155834548,-0.0228182938356,-0.000840373574599,-0.000808883621515,-0.454545454545,1194,1869323,-0.00239459244856,-0.000246269735045,-0.00267096778744,-0.00250597449786,-0.284848484848,248,483019
PRIMARY_VERIFIED,BROAD_EQ,2026,2025,40,3,-0.0225327777894,-0.0206800178983,-0.00115520531162,-0.00116666241685,-0.466666666667,1442,2352342,0.00688961997147,0.0124068859949,-0.00139532196757,-0.00150878918809,-0.163636363636,129,290684
PRIMARY_VERIFIED,BROAD_EQ,2021,2020,40,5,-0.0483968680605,-0.0450106968569,-0.0085313913403,-0.00890736610787,-0.987878787879,205,275698,-0.0245232528507,-0.0150681398004,0.00357335337652,0.00338405312347,0.915151515152,248,350873
PRIMARY_VERIFIED,BROAD_EQ,2022,2021,40,5,-0.035326986003,-0.0267476236081,-0.00190451123043,-0.00203202397103,-0.781818181818,453,626571,-0.0313190211417,-0.0225756212865,-0.000549931105471,-0.000597197126333,-0.575757575758,248,404902
PRIMARY_VERIFIED,BROAD_EQ,2023,2022,40,5,-0.0339090469365,-0.0254808457197,-0.00142528744871,-0.00151104887294,-0.6,701,1031473,-0.0156685046244,-0.012052312277,-0.0015523011464,-0.00157862830944,0.00606060606061,245,411059
PRIMARY_VERIFIED,BROAD_EQ,2024,2023,40,5,-0.0291850164223,-0.0224575538355,-0.00145818211671,-0.00153065275805,-0.563636363636,946,1442532,-0.0125494386206,-0.00915472624739,0.00129794665918,0.00141987421762,0.29696969697,248,420944
PRIMARY_VERIFIED,BROAD_EQ,2025,2024,40,5,-0.0257297205305,-0.021273576654,-0.000885719858404,-0.000861324439854,-0.333333333333,1194,1863476,-9.07213910787e-05,-0.0088108171551,-0.00369077779968,-0.0034571102751,-0.248484848485,248,481833
PRIMARY_VERIFIED,BROAD_EQ,2026,2025,40,5,-0.0213202394025,-0.0187640933716,-0.00136814313818,-0.00141977380123,-0.430303030303,1442,2345309,0.0114050246154,0.021652665635,-0.00203234134184,-0.00221932771084,-0.175757575758,127,285405
PRIMARY_VERIFIED,BROAD_EQ,2021,2020,40,10,-0.0524452804226,-0.0612213654684,-0.0155863438066,-0.0165585961062,-0.963636363636,205,273339,-0.0202947068245,-0.00200977373089,0.00716797082363,0.00641280647026,0.830303030303,248,347987
PRIMARY_VERIFIED,BROAD_EQ,2022,2021,40,10,-0.0348440833976,-0.0217989737526,-0.00312923557637,-0.00366850285156,-0.781818181818,453,621326,-0.0237334039094,-0.0132484763615,0.00253752413622,0.00264618269535,-0.0787878787879,248,402718
PRIMARY_VERIFIED,BROAD_EQ,2023,2022,40,10,-0.0309133437213,-0.0192382434247,-0.00112444754681,-0.00134195068059,-0.563636363636,701,1024044,-0.013884175175,-0.00478046897951,-0.000834516099633,-0.000939359422037,-0.0909090909091,245,407671
PRIMARY_VERIFIED,BROAD_EQ,2024,2023,40,10,-0.0265030410851,-0.0148900049504,-0.00104935959273,-0.00123185136461,-0.345454545455,946,1431715,-0.0100230054841,-0.00406759993225,0.00320359319683,0.00348538926479,0.309090909091,248,417477
PRIMARY_VERIFIED,BROAD_EQ,2025,2024,40,10,-0.0230800521161,-0.0130890481926,-0.000165999214329,-0.000147262759971,-0.187878787879,1194,1849192,0.0115605316813,-0.00964562410616,-0.00294050578566,-0.00272864911715,0.212121212121,248,478944
PRIMARY_VERIFIED,BROAD_EQ,2026,2025,40,10,-0.0171224482452,-0.0118365339941,-0.000643168166956,-0.000762615318765,-0.127272727273,1442,2328136,0.0118618403654,0.0270305942218,-0.000106290771415,1.1069973908e-05,0.0666666666667,122,272264
PRIMARY_VERIFIED,BROAD_EQ,2021,2020,40,20,-0.0635335040188,-0.0531765462677,-0.02629208394,-0.0264282159989,-0.963636363636,205,268727,-0.0153764016685,-0.00981699103188,0.0143947771368,0.0139062157151,0.890909090909,248,342455
PRIMARY_VERIFIED,BROAD_EQ,2022,2021,40,20,-0.0371693508558,-0.0235830669928,-0.00401759928868,-0.00353521759388,-0.636363636364,453,611182,-0.0148367295024,-0.00303350885022,0.00957236511988,0.010455080506,0.587878787879,248,398550
PRIMARY_VERIFIED,BROAD_EQ,2023,2022,40,20,-0.0292685090645,-0.0135923504935,0.000790262584818,0.00158448715784,-0.236363636364,701,1009732,-0.0107907020885,-0.0100398855274,0.000144774460344,-8.64415225112e-06,-0.030303030303,245,401103
PRIMARY_VERIFIED,BROAD_EQ,2024,2023,40,20,-0.0244830305137,-0.0131156850402,0.000623090713257,0.00112670663984,-0.127272727273,946,1410835,-2.31611884113e-05,-3.17363547477e-05,0.00661731082092,0.00781276960117,0.721212121212,248,410959
PRIMARY_VERIFIED,BROAD_EQ,2025,2024,40,20,-0.0194025886438,-0.0094552972181,0.00186812135538,0.00275650930501,0.115151515152,1194,1821794,0.0179638787269,0.00806345953576,-0.00085195360123,-0.000186977354153,0.430303030303,248,473471
PRIMARY_VERIFIED,BROAD_EQ,2026,2025,40,20,-0.0129761781667,-0.00852502997755,0.00140031373455,0.00195092674195,0.163636363636,1442,2295265,0.0102860565313,0.0183865217763,0.00502924246156,0.00736603481526,0.0787878787879,112,246294
PRIMARY_VERIFIED,BROAD_EQ,2021,2020,60,1,-0.0365902898766,-0.0238750339113,-0.00141235463129,-0.00142668910307,-0.806060606061,185,241641,-0.0258193648353,-0.0187459616975,0.00121056029826,0.00121233961269,0.721212121212,248,339584
PRIMARY_VERIFIED,BROAD_EQ,2022,2021,60,1,-0.0304212612155,-0.0218212809646,8.99153514567e-05,0.000115253556342,-0.406060606061,433,581225,-0.0197531878327,-0.00636443220158,-0.000309350651022,-0.00030455012609,-0.660606060606,248,393522
PRIMARY_VERIFIED,BROAD_EQ,2023,2022,60,1,-0.0265362653287,-0.0168655886216,-5.54854835135e-05,-5.59583062414e-05,-0.478787878788,681,974747,-0.0167768383856,-0.0117784615846,-0.000446567384848,-0.000467570913353,-0.175757575758,245,402711
PRIMARY_VERIFIED,BROAD_EQ,2024,2023,60,1,-0.0239541275305,-0.0151511867316,-0.000158957476847,-0.000176376085825,-0.442424242424,926,1377458,-0.0118098474274,-0.0080318301328,0.000185634697342,0.000188636634033,0.175757575758,248,406930
PRIMARY_VERIFIED,BROAD_EQ,2025,2024,60,1,-0.0213887259415,-0.0134611611514,-8.61645814479e-05,-9.30768865127e-05,-0.345454545455,1174,1784388,-0.00334497180229,-0.000495029244026,-0.000843035770199,-0.000803165736447,-0.648484848485,248,464945
PRIMARY_VERIFIED,BROAD_EQ,2026,2025,60,1,-0.0182418546148,-0.0112452856267,-0.000218164619992,-0.000240718195217,-0.381818181818,1422,2249333,0.00995057780137,0.0188955311681,-0.000208390097321,-0.000261139865827,-0.139393939394,131,286490
PRIMARY_VERIFIED,BROAD_EQ,2021,2020,60,2,-0.0417325365101,-0.0235567618052,-0.00377020635414,-0.0038326187129,-0.951515151515,185,241236,-0.0239130267581,-0.019179442302,0.00194969293492,0.00192481647066,0.866666666667,248,339069
PRIMARY_VERIFIED,BROAD_EQ,2022,2021,60,2,-0.0315264431648,-0.0212833288802,-0.000494143943782,-0.000467883085082,-0.636363636364,433,580305,-0.0189287476715,-0.0088935808326,-0.000476836669227,-0.000474386873465,-0.587878787879,248,393120
PRIMARY_VERIFIED,BROAD_EQ,2023,2022,60,2,-0.0269387361423,-0.0184359525068,-0.000487841147762,-0.00047715374967,-0.624242424242,681,973425,-0.0122480068677,-0.00899836586953,-0.000856570149917,-0.000880599080553,-0.163636363636,245,402070
PRIMARY_VERIFIED,BROAD_EQ,2024,2023,60,2,-0.0230518801247,-0.0165313060767,-0.000585399037101,-0.000595180788492,-0.527272727273,926,1375495,-0.00715056224308,-0.00411773440188,0.000430532919819,0.000448347669734,0.321212121212,248,406303
PRIMARY_VERIFIED,BROAD_EQ,2025,2024,60,2,-0.0196928283065,-0.014501800111,-0.000370789901397,-0.000356895381881,-0.248484848485,1174,1781798,-0.00274434899871,0.00261985506709,-0.00158490058902,-0.00148111116296,-0.612121212121,248,464415
PRIMARY_VERIFIED,BROAD_EQ,2026,2025,60,2,-0.0167369753752,-0.012170911947,-0.000582533537494,-0.000591945064526,-0.430303030303,1422,2246213,0.0140819327135,0.0175120175018,-0.000428972893189,-0.000537542154828,-0.187878787879,130,283898
PRIMARY_VERIFIED,BROAD_EQ,2021,2020,60,3,-0.0447148519941,-0.0346147962185,-0.00594581896104,-0.00600229863641,-0.951515151515,185,240857,-0.0225317719966,-0.0178322445127,0.00269581267039,0.00264326942146,0.878787878788,248,338560
PRIMARY_VERIFIED,BROAD_EQ,2022,2021,60,3,-0.0320095313489,-0.0231256389426,-0.000996339412324,-0.000947899419864,-0.551515151515,433,579417,-0.0180658604652,-0.00339984987276,-0.000326613041638,-0.000346331003732,-0.442424242424,248,392720
PRIMARY_VERIFIED,BROAD_EQ,2023,2022,60,3,-0.0269316600139,-0.0174227175023,-0.000752444933719,-0.000719823010843,-0.636363636364,681,972137,-0.00873203444469,-0.00636299465097,-0.00094111977813,-0.000979238816977,0.0424242424242,245,401430
PRIMARY_VERIFIED,BROAD_EQ,2024,2023,60,3,-0.0221164243071,-0.0139274500586,-0.000802364304,-0.000795690837584,-0.442424242424,926,1373567,-0.00446185948898,-0.00252369674785,0.0011453000395,0.00117781128353,0.430303030303,248,405680
PRIMARY_VERIFIED,BROAD_EQ,2025,2024,60,3,-0.018387010274,-0.010140020793,-0.000390932653925,-0.000344924082366,-0.224242424242,1174,1779247,-0.00138783949752,0.0075924390905,-0.00190358897252,-0.00173326096712,-0.563636363636,248,463886
PRIMARY_VERIFIED,BROAD_EQ,2026,2025,60,3,-0.0154223166365,-0.00791311320005,-0.000654743319896,-0.000637708523119,-0.224242424242,1422,2243133,0.0198391034469,0.0294950868949,-0.000233202016059,-0.000375954540227,-0.115151515152,129,281384
PRIMARY_VERIFIED,BROAD_EQ,2021,2020,60,5,-0.0456107914138,-0.0326918805174,-0.00893296038453,-0.00910618904602,-0.963636363636,185,240114,-0.0178741461128,-0.0103912712272,0.00532146140587,0.00515802231836,0.927272727273,248,337556
PRIMARY_VERIFIED,BROAD_EQ,2022,2021,60,5,-0.0297246758604,-0.0150533769461,-0.000768764994184,-0.000761619177253,-0.515151515152,433,577670,-0.0156197236369,-0.00469778941356,0.00066579571364,0.000641646179442,-0.10303030303,248,391941
PRIMARY_VERIFIED,BROAD_EQ,2023,2022,60,5,-0.0245880706453,-0.0129389032287,-0.000246340536709,-0.000233199301622,-0.430303030303,681,969611,-0.0057868636607,-0.00129640274055,-0.00106227516132,-0.00114494838006,0.0666666666667,245,400152
PRIMARY_VERIFIED,BROAD_EQ,2024,2023,60,5,-0.0196136692293,-0.00981951106268,-0.000462219568059,-0.000500162803769,-0.2,926,1369763,-0.00161011023133,-0.00187354250978,0.00216814630841,0.00222332534164,0.612121212121,248,404452
PRIMARY_VERIFIED,BROAD_EQ,2025,2024,60,5,-0.0158105324052,-0.00798073782674,9.34284194736e-05,0.000124038589405,-0.0181818181818,1174,1774215,-0.00100502439204,-0.00186593671604,-0.00276211298207,-0.00254728196099,-0.466666666667,248,462838
PRIMARY_VERIFIED,BROAD_EQ,2026,2025,60,5,-0.0132284184901,-0.00679423495182,-0.000404584426928,-0.000443957321464,-0.236363636364,1422,2237053,0.0252164317197,0.0315516614676,0.00053719113555,0.000344939897092,-0.030303030303,127,276366
PRIMARY_VERIFIED,BROAD_EQ,2021,2020,60,10,-0.0481012292579,-0.0384795045242,-0.0139798867077,-0.0144276965984,-0.927272727273,185,238327,-0.00920853478349,0.00212677382709,0.0109123798826,0.0102607148224,0.987878787879,248,335099
PRIMARY_VERIFIED,BROAD_EQ,2022,2021,60,10,-0.0258255058638,-0.00775025468263,0.000277115865932,5.84822171097e-05,-0.0666666666667,433,573426,-0.00409810178294,0.00844338531477,0.00575167350485,0.00583771092978,0.69696969697,248,390064
PRIMARY_VERIFIED,BROAD_EQ,2023,2022,60,10,-0.0179130297815,-0.00140110174803,0.00227078737027,0.00227513510867,0.175757575758,681,963490,0.000194184644426,0.0145835871552,0.00169115573633,0.00158706616587,0.224242424242,245,397054
PRIMARY_VERIFIED,BROAD_EQ,2024,2023,60,10,-0.0131222441072,0.000289994516712,0.00211742910859,0.00207210889084,0.224242424242,926,1360544,0.00217761891704,0.00744109965755,0.00429843197225,0.00444272255404,0.709090909091,248,401434
PRIMARY_VERIFIED,BROAD_EQ,2025,2024,60,10,-0.00989024578524,0.00107132433319,0.00257815203038,0.00263208101959,0.418181818182,1174,1761978,0.00492462788778,0.00140874249382,-0.00260722713726,-0.00244939869794,-0.187878787879,248,460266
PRIMARY_VERIFIED,BROAD_EQ,2026,2025,60,10,-0.00730649847799,0.00107132433319,0.00167381023462,0.00152510103747,0.248484848485,1422,2222244,0.0207432238634,0.030531621424,0.00195408607196,0.00224746169966,-0.0424242424242,122,263897
PRIMARY_VERIFIED,BROAD_EQ,2021,2020,60,20,-0.0655845239334,-0.0550982456102,-0.0272870716451,-0.0264778343198,-0.963636363636,185,235051,0.00348352529435,-0.00292103650326,0.0188537964978,0.0181916033192,0.890909090909,248,330526
PRIMARY_VERIFIED,BROAD_EQ,2022,2021,60,20,-0.0260259183711,-0.0247694260094,-0.000859969336934,-7.42376814754e-05,-0.284848484848,433,565577,0.0118672152178,0.0176308933888,0.0139064074109,0.0146562195431,0.975757575758,248,386388
PRIMARY_VERIFIED,BROAD_EQ,2023,2022,60,20,-0.012226363114,-0.00411997456416,0.0045175070705,0.00556709984605,0.757575757576,681,951965,0.0135284177649,0.0174702898239,0.00850143927477,0.00858779108285,0.527272727273,245,391055
PRIMARY_VERIFIED,BROAD_EQ,2024,2023,60,20,-0.00541219322707,0.00161077842262,0.00557157120662,0.00646390069715,0.745454545455,926,1343020,0.00568383253653,0.00491251841966,0.00554700225474,0.00639166196103,0.769696969697,248,395692
PRIMARY_VERIFIED,BROAD_EQ,2025,2024,60,20,-0.00306822867053,0.0023777307644,0.00556638117249,0.00654484465979,0.842424242424,1174,1738712,0.00894642332892,-0.00139965988204,0.00109097465076,0.00176859177808,0.284848484848,248,455340
PRIMARY_VERIFIED,BROAD_EQ,2026,2025,60,20,-0.000972846324637,0.00229020427392,0.00478586020386,0.00542040030492,0.648484848485,1422,2194052,0.0162880444242,0.0399177363868,0.00372711578961,0.00711374030093,0.0666666666667,112,239292
BROAD_SENSITIVITY,BROAD_EQ,2021,2020,5,1,-0.0197692676903,-0.0242916543639,0.00145805215907,0.0014564327219,-0.212121212121,246,360756,-0.0235948166905,-0.020059086572,0.00327690951343,0.00331970802888,-0.115151515152,248,381898
BROAD_SENSITIVITY,BROAD_EQ,2022,2021,5,1,-0.0216897862168,-0.0212079151478,0.00237116273373,0.00241495382073,-0.2,494,742654,-0.0473455781606,-0.0475343178415,-0.00141305272356,-0.00144721764607,-0.927272727273,248,432846
BROAD_SENSITIVITY,BROAD_EQ,2023,2022,5,1,-0.0302647678907,-0.0286685943514,0.00110635756741,0.000989341174563,-0.357575757576,742,1175500,-0.0461665619678,-0.0472736214751,-0.000888671389837,-0.000912648786139,-0.648484848485,245,438461
BROAD_SENSITIVITY,BROAD_EQ,2024,2023,5,1,-0.0342120217396,-0.0339092763915,0.000611137613484,0.000472623399456,-0.442424242424,987,1613961,-0.0448814204897,-0.0361985726773,-0.00138376312697,-0.00139403934293,-0.733333333333,248,458511
BROAD_SENSITIVITY,BROAD_EQ,2025,2024,5,1,-0.0363545406789,-0.03455882212,0.00021054216115,6.00803584626e-05,-0.442424242424,1235,2072472,-0.0470612984991,-0.0466036511177,-0.00229145180486,-0.00226430267786,-0.987878787879,248,522495
BROAD_SENSITIVITY,BROAD_EQ,2026,2025,5,1,-0.0381450167001,-0.0360144710134,-0.000207862763711,-0.000409222924916,-0.563636363636,1483,2594967,-0.0323871733688,-0.0307708395572,-0.00114506660517,-0.00113462755441,-0.806060606061,171,412534
BROAD_SENSITIVITY,BROAD_EQ,2021,2020,5,2,-0.0335546385597,-0.0383799755044,0.000162524296211,0.000156923752534,-0.0666666666667,246,359771,-0.0397702471319,-0.0322555227607,0.00325009351372,0.00331529916418,-0.0666666666667,248,381050
BROAD_SENSITIVITY,BROAD_EQ,2022,2021,5,2,-0.0366750250494,-0.0343304678546,0.00171255904508,0.00178159452254,-0.0909090909091,494,740821,-0.0633150818661,-0.0588906461615,-0.00391772968042,-0.00401580567953,-1,248,432226
BROAD_SENSITIVITY,BROAD_EQ,2023,2022,5,2,-0.0455789793493,-0.0440357381149,-0.000169262523548,-0.000367822219725,-0.539393939394,742,1173047,-0.0556584647315,-0.0520072880304,-0.00225251206199,-0.00227880160365,-0.806060606061,245,437518
BROAD_SENSITIVITY,BROAD_EQ,2024,2023,5,2,-0.0480809792669,-0.045747760048,-0.000686381203304,-0.000886949770754,-0.660606060606,987,1610565,-0.0527487519128,-0.0437281423805,-0.00275805687179,-0.00277622702721,-0.939393939394,248,457516
BROAD_SENSITIVITY,BROAD_EQ,2025,2024,5,2,-0.0490183133691,-0.0454822921216,-0.00110239380718,-0.00130391754161,-0.745454545455,1235,2068081,-0.0596931565621,-0.0398636898132,-0.00466712398184,-0.00457133810417,-1,248,521697
BROAD_SENSITIVITY,BROAD_EQ,2026,2025,5,2,-0.0508034523521,-0.0446399231416,-0.00169851861049,-0.0019663600672,-0.818181818182,1483,2589778,-0.0353839116278,-0.0334868975127,-0.00258631388629,-0.002570987929,-0.90303030303,170,409196
BROAD_SENSITIVITY,BROAD_EQ,2021,2020,5,3,-0.0394785120376,-0.0454118736579,-0.00148022121111,-0.0014537431422,-0.478787878788,246,358811,-0.0450705513543,-0.0431264728468,0.00344566049081,0.0035284451019,-0.151515151515,248,380210
BROAD_SENSITIVITY,BROAD_EQ,2022,2021,5,3,-0.0422858516136,-0.0446321413384,0.000992691060299,0.00110940051865,-0.0909090909091,494,739021,-0.0722200642858,-0.066687489353,-0.00616836511783,-0.00631718097085,-0.987878787879,248,431610
BROAD_SENSITIVITY,BROAD_EQ,2023,2022,5,3,-0.0522908175741,-0.0521992008841,-0.00140076167848,-0.00165849966255,-0.806060606061,742,1170631,-0.0557496113042,-0.0502691475663,-0.00329480297542,-0.00334660529808,-0.866666666667,245,436587
BROAD_SENSITIVITY,BROAD_EQ,2024,2023,5,3,-0.0531493833936,-0.0521238876831,-0.00187091377347,-0.00211738519582,-0.818181818182,987,1607218,-0.0530357943804,-0.0409076491559,-0.00349373320625,-0.00349400794745,-0.939393939394,248,456533
BROAD_SENSITIVITY,BROAD_EQ,2025,2024,5,3,-0.0531265736161,-0.0492150816348,-0.00219679168386,-0.0024205745977,-0.818181818182,1235,2063751,-0.0636596907249,-0.0471455396286,-0.00646434730845,-0.00630905569667,-1,248,520908
BROAD_SENSITIVITY,BROAD_EQ,2026,2025,5,3,-0.0548880119458,-0.0487159668575,-0.00291044899667,-0.00321378094929,-0.963636363636,1483,2584659,-0.0312579054523,-0.0290487013317,-0.00313783608133,-0.00316184263435,-0.672727272727,169,405892
BROAD_SENSITIVITY,BROAD_EQ,2021,2020,5,5,-0.0410101077981,-0.0477107104622,-0.00396366065933,-0.00384334700517,-0.0545454545455,246,356953,-0.0414659752214,-0.0388621606383,0.00470540738799,0.004799173168,-0.115151515152,248,378557
BROAD_SENSITIVITY,BROAD_EQ,2022,2021,5,5,-0.0412389643183,-0.0413017417273,0.000388422085072,0.000606752011327,-0.0424242424242,494,735510,-0.0724336876983,-0.0713233686459,-0.00825797978297,-0.00848273558103,-0.987878787879,248,430416
BROAD_SENSITIVITY,BROAD_EQ,2023,2022,5,5,-0.0516652330491,-0.0492797623307,-0.00250148042608,-0.00282493061907,-1,742,1165926,-0.0552760457245,-0.0503060504257,-0.00567021143966,-0.00579656291288,-0.975757575758,245,434767
BROAD_SENSITIVITY,BROAD_EQ,2024,2023,5,5,-0.0525615340678,-0.049803645013,-0.00328804486207,-0.00363182352337,-1,987,1600693,-0.0569783510967,-0.0447464740539,-0.00585549763006,-0.0058954449459,-0.987878787879,248,454622
BROAD_SENSITIVITY,BROAD_EQ,2025,2024,5,5,-0.0534484738437,-0.0489552808162,-0.00380361432479,-0.00413111801953,-1,1235,2055315,-0.0612827374476,-0.0535570989721,-0.00861699050035,-0.00847490959204,-1,248,519377
BROAD_SENSITIVITY,BROAD_EQ,2026,2025,5,5,-0.0547585867053,-0.0498316014412,-0.00460854843911,-0.0050361913022,-1,1483,2574692,-0.0255823503558,-0.0332063255939,-0.00429751417173,-0.00448325228562,-0.733333333333,167,399347
BROAD_SENSITIVITY,BROAD_EQ,2021,2020,5,10,-0.0307485164413,-0.0364708809359,-0.00812682431813,-0.00847049146547,-0.115151515152,246,352571,-0.0293591701515,-0.0297666134387,0.00666244469085,0.00640484475216,0.2,248,374540
BROAD_SENSITIVITY,BROAD_EQ,2022,2021,5,10,-0.0300510308545,-0.0308279299703,-0.000702252022121,-0.000836142869223,-0.163636363636,494,727111,-0.0555333941619,-0.0388603462014,-0.00950401162158,-0.00958369061629,-1,248,427540
BROAD_SENSITIVITY,BROAD_EQ,2023,2022,5,10,-0.0385680471621,-0.0352703478106,-0.00364408002841,-0.00430977107656,-0.915151515152,742,1154651,-0.0449345317915,-0.0343875006145,-0.00775215157333,-0.00813326428819,-1,245,430502
BROAD_SENSITIVITY,BROAD_EQ,2024,2023,5,10,-0.0401483802262,-0.0349970287918,-0.00466381409984,-0.00533308637698,-0.987878787879,987,1585153,-0.0486466676625,-0.0362159605526,-0.00772538696421,-0.00766938440073,-0.987878787879,248,450024
BROAD_SENSITIVITY,BROAD_EQ,2025,2024,5,10,-0.0418549189178,-0.0351381502363,-0.00527860767908,-0.00585345826375,-1,1235,2035177,-0.0342949687704,-0.0380095529655,-0.00769060530166,-0.00771284021679,-1,248,515696
BROAD_SENSITIVITY,BROAD_EQ,2026,2025,5,10,-0.0405906791089,-0.035511123959,-0.00568196264227,-0.0063230385152,-1,1483,2550873,-0.0264316316433,-0.0121672061633,-0.00598558772693,-0.00651341331034,-0.806060606061,162,383388
BROAD_SENSITIVITY,BROAD_EQ,2021,2020,5,20,-0.041199100009,-0.0494583131692,-0.0203725714297,-0.0209093846139,-0.806060606061,246,344973,-0.00283321423184,0.00418121146388,0.0114708659952,0.0107645371192,0.781818181818,248,367258
BROAD_SENSITIVITY,BROAD_EQ,2022,2021,5,20,-0.0219384933841,-0.0273159211066,-0.00438639231762,-0.00478901912803,-0.236363636364,494,712231,-0.0378423092491,-0.0296751254157,-0.00478752925998,-0.00391127063172,-0.733333333333,248,422459
BROAD_SENSITIVITY,BROAD_EQ,2023,2022,5,20,-0.0272540544818,-0.0275436304654,-0.00452046504229,-0.00490986728314,-0.454545454545,742,1134690,-0.02743815192,-0.0200776020484,-0.00871281581679,-0.00909777994687,-0.660606060606,245,422548
BROAD_SENSITIVITY,BROAD_EQ,2024,2023,5,20,-0.0272997524275,-0.0245201599646,-0.00556111948986,-0.00597385300863,-0.769696969697,987,1557238,-0.0179278790728,-0.00947474927521,-0.00565647395599,-0.00503536823298,-0.345454545455,248,441595
BROAD_SENSITIVITY,BROAD_EQ,2025,2024,5,20,-0.0254177891951,-0.0201747545772,-0.00558026759318,-0.00575459848467,-0.842424242424,1235,1998833,-0.0148185711966,-0.0101855350226,-0.00596848422788,-0.00577173027269,-0.321212121212,248,508825
BROAD_SENSITIVITY,BROAD_EQ,2026,2025,5,20,-0.0236452969068,-0.0193365508448,-0.00564518851388,-0.00597430659276,-0.842424242424,1483,2507658,-0.0324590279981,-0.0293114312754,-0.0112450378849,-0.0107025665598,-0.769696969697,152,353167
BROAD_SENSITIVITY,BROAD_EQ,2021,2020,10,1,-0.0233613076145,-0.0281515032205,3.87394156375e-05,3.02069009994e-05,-0.236363636364,241,348709,-0.0283750533879,-0.0216179095566,0.00205304907287,0.00209003141355,0.175757575758,248,377166
BROAD_SENSITIVITY,BROAD_EQ,2022,2021,10,1,-0.0259040662071,-0.0244676643937,0.00106031159354,0.00110112208337,-0.0909090909091,489,725875,-0.0463916877605,-0.0368386107245,-0.00183762741022,-0.00185781599618,-0.987878787879,248,428454
BROAD_SENSITIVITY,BROAD_EQ,2023,2022,10,1,-0.0327981369605,-0.0293976052487,8.51570848115e-05,-1.33641334245e-06,-0.418181818182,737,1154329,-0.0391762864928,-0.0392411954071,-0.00129907254973,-0.00132047593011,-0.624242424242,245,434403
BROAD_SENSITIVITY,BROAD_EQ,2024,2023,10,1,-0.0343894268133,-0.0320645604806,-0.000260195522583,-0.000361990196084,-0.430303030303,982,1588732,-0.0459373883137,-0.0488082403359,-0.00121578176694,-0.00121701745929,-0.709090909091,248,452932
BROAD_SENSITIVITY,BROAD_EQ,2025,2024,10,1,-0.0367177962865,-0.0354305962662,-0.000452866570226,-0.000551550909047,-0.527272727273,1230,2041664,-0.0256260138546,-0.0191944231148,-0.00143529814072,-0.00141349201287,-0.781818181818,248,516461
BROAD_SENSITIVITY,BROAD_EQ,2026,2025,10,1,-0.034856658233,-0.0324591741674,-0.000617713004246,-0.000727258446591,-0.624242424242,1478,2558125,-0.0233312351084,-0.0243613379213,-0.000831879977305,-0.000830559384214,-0.624242424242,171,407787
BROAD_SENSITIVITY,BROAD_EQ,2021,2020,10,2,-0.0293505573994,-0.0400429894714,-0.00102160447042,-0.000997319158776,-0.660606060606,241,347835,-0.0368859790819,-0.0348596571637,0.00243323952381,0.0024892599698,0.224242424242,248,376355
BROAD_SENSITIVITY,BROAD_EQ,2022,2021,10,2,-0.0331722027517,-0.0375105000966,0.000730545448943,0.000815748878324,0.115151515152,489,724190,-0.0556679333072,-0.050455829694,-0.00359734893448,-0.00366925660025,-1,248,427873
BROAD_SENSITIVITY,BROAD_EQ,2023,2022,10,2,-0.0407420008219,-0.0406311359727,-0.000725788074923,-0.000865763463048,-0.612121212121,737,1152063,-0.044398433144,-0.0415579786624,-0.0024208078451,-0.00245067726871,-0.830303030303,245,433541
BROAD_SENSITIVITY,BROAD_EQ,2024,2023,10,2,-0.0416542471752,-0.0408137655017,-0.00114867997278,-0.0012987793108,-0.69696969697,982,1585604,-0.0522247092839,-0.0417506179009,-0.00241902204105,-0.00242199759784,-0.927272727273,248,451999
BROAD_SENSITIVITY,BROAD_EQ,2025,2024,10,2,-0.0437855273402,-0.0410088717126,-0.00140481398329,-0.00154769726886,-0.769696969697,1230,2037603,-0.0284871206492,-0.0169055438282,-0.00264016375878,-0.00259173452492,-0.878787878788,248,515719
BROAD_SENSITIVITY,BROAD_EQ,2026,2025,10,2,-0.0412185416437,-0.0370788972184,-0.00161209865469,-0.00176427421403,-0.806060606061,1478,2553322,-0.0268279376292,-0.0188674156807,-0.00185083489085,-0.00186580696923,-0.69696969697,170,404567
BROAD_SENSITIVITY,BROAD_EQ,2021,2020,10,3,-0.0316141821207,-0.038314002383,-0.00204283871563,-0.001909592189,-0.612121212121,241,346975,-0.0378348253754,-0.0361252983702,0.00299238199993,0.00306161507647,0.29696969697,248,375557
BROAD_SENSITIVITY,BROAD_EQ,2022,2021,10,3,-0.0347690277795,-0.0371511537826,0.000510811054224,0.000676630039342,0.212121212121,489,722532,-0.0584773821714,-0.0465242526653,-0.00488240819153,-0.00499450655085,-1,248,427297
BROAD_SENSITIVITY,BROAD_EQ,2023,2022,10,3,-0.042746872948,-0.0401232191492,-0.00130400356307,-0.00146484132997,-0.878787878788,737,1149829,-0.043740149016,-0.0431384109314,-0.0028843050946,-0.00295530174128,-0.757575757576,245,432693
BROAD_SENSITIVITY,BROAD_EQ,2024,2023,10,3,-0.0429946862236,-0.0401831850656,-0.00169827431177,-0.00187134005185,-0.878787878788,982,1582522,-0.0523893465153,-0.0426061416086,-0.00251132839949,-0.00250288430352,-0.866666666667,248,451076
BROAD_SENSITIVITY,BROAD_EQ,2025,2024,10,3,-0.0448888941524,-0.0404011462617,-0.00186220716848,-0.00201122248312,-0.830303030303,1230,2033598,-0.0283279006304,-0.0225872112246,-0.00326892726345,-0.00319201998606,-0.818181818182,248,514982
BROAD_SENSITIVITY,BROAD_EQ,2026,2025,10,3,-0.0421100535614,-0.0383139317915,-0.00209824680553,-0.00226215088177,-0.927272727273,1478,2548580,-0.0235360441413,-0.0128411333898,-0.00201356759291,-0.00208452930907,-0.6,169,401365
BROAD_SENSITIVITY,BROAD_EQ,2021,2020,10,5,-0.0327582107951,-0.0396676208933,-0.00457841177753,-0.00450440750794,-0.575757575758,241,345297,-0.0324257570204,-0.0370783934846,0.00565171809814,0.00560774066589,0.381818181818,248,373989
BROAD_SENSITIVITY,BROAD_EQ,2022,2021,10,5,-0.0325896043817,-0.0380834729382,0.000609874948781,0.000753994986177,0.539393939394,489,719286,-0.0585128951946,-0.0449553810001,-0.00593067049056,-0.00609721547058,-1,248,426162
BROAD_SENSITIVITY,BROAD_EQ,2023,2022,10,5,-0.0413127741532,-0.0396676208933,-0.00159101415428,-0.00188120404644,-0.987878787879,737,1145448,-0.0428267838087,-0.0377774680239,-0.00428817471499,-0.00445139968591,-0.842424242424,245,431017
BROAD_SENSITIVITY,BROAD_EQ,2024,2023,10,5,-0.0416905056864,-0.039033273231,-0.00226393099478,-0.00258089491838,-0.963636363636,982,1576465,-0.0512033500246,-0.0372712304513,-0.00323548541742,-0.00319926469277,-0.878787878788,248,449262
BROAD_SENSITIVITY,BROAD_EQ,2025,2024,10,5,-0.0436085425936,-0.0384941868486,-0.0024598216426,-0.00271847102953,-0.987878787879,1230,2025727,-0.0288376637513,-0.0242913034691,-0.00484477979925,-0.00473729045886,-0.939393939394,248,513522
BROAD_SENSITIVITY,BROAD_EQ,2026,2025,10,5,-0.041130073072,-0.0373937887182,-0.00286000406672,-0.00316054986626,-1,1478,2539249,-0.0228412806276,-0.0117680057288,-0.00337080337819,-0.00357339647509,-0.709090909091,167,395012
BROAD_SENSITIVITY,BROAD_EQ,2021,2020,10,10,-0.0328095809414,-0.0360950960582,-0.00953870566484,-0.0100769526117,-0.757575757576,241,341487,-0.015279970527,-0.0196572591957,0.0107547280258,0.0103687599509,0.915151515152,248,370243
BROAD_SENSITIVITY,BROAD_EQ,2022,2021,10,10,-0.023919308175,-0.0235138766861,0.000753260705871,0.000510106155626,0.369696969697,489,711730,-0.0487485515286,-0.0334008268883,-0.00507388259932,-0.00492950936789,-0.939393939394,248,423557
BROAD_SENSITIVITY,BROAD_EQ,2023,2022,10,10,-0.0322743317187,-0.0286672663026,-0.00120756906304,-0.00175788233989,-0.733333333333,737,1135287,-0.0345355894005,-0.0288029081583,-0.00559693684447,-0.00601244819581,-0.90303030303,245,426968
BROAD_SENSITIVITY,BROAD_EQ,2024,2023,10,10,-0.0328384947859,-0.0286681466021,-0.00230267609609,-0.00290099172456,-0.915151515152,982,1562255,-0.0347273372343,-0.0231683838133,-0.00241256354053,-0.00234858547351,-0.90303030303,248,444897
BROAD_SENSITIVITY,BROAD_EQ,2025,2024,10,10,-0.0332193345641,-0.0270066851252,-0.00232483226375,-0.0027799043319,-0.975757575758,1230,2007152,-0.00916432409351,-0.00634131426361,-0.004531986228,-0.00450122412159,-0.151515151515,248,510007
BROAD_SENSITIVITY,BROAD_EQ,2026,2025,10,10,-0.0291830405203,-0.0243377708913,-0.00269518015491,-0.00323128064891,-0.963636363636,1478,2517159,-0.0246736178898,-0.00135444920044,-0.005653228005,-0.00588123218378,-0.854545454545,162,379420
BROAD_SENSITIVITY,BROAD_EQ,2021,2020,10,20,-0.053865103528,-0.0600364472022,-0.0256731888306,-0.0263442523252,-1,241,334603,0.00882909994647,0.0140799131969,0.0190505849034,0.0183916250708,0.987878787879,248,363328
BROAD_SENSITIVITY,BROAD_EQ,2022,2021,10,20,-0.0220692702731,-0.0205968724929,-0.00299119315364,-0.00333673719917,-0.478787878788,489,697931,-0.0272960057802,-0.0129306347546,0.00214852517284,0.00309522078888,-0.357575757576,248,418692
BROAD_SENSITIVITY,BROAD_EQ,2023,2022,10,20,-0.0238280632253,-0.0175872847182,-0.0012616814237,-0.00137979468903,-0.551515151515,737,1116623,-0.0220789272807,-0.0139226413927,-0.00604889535249,-0.00641597826639,-0.684848484848,245,419294
BROAD_SENSITIVITY,BROAD_EQ,2024,2023,10,20,-0.0233916698379,-0.0169921668213,-0.00245604742426,-0.0026788051901,-0.672727272727,982,1535917,-0.0151159752231,-0.00581549430987,-0.000442723868215,0.000623912774174,0.272727272727,248,436825
BROAD_SENSITIVITY,BROAD_EQ,2025,2024,10,20,-0.0217230745009,-0.0134754560676,-0.00205010901621,-0.00191415660416,-0.515151515152,1230,1972742,0.00694328563995,0.0138341188046,-0.00319544547511,-0.00308710074152,0.442424242424,248,503362
BROAD_SENSITIVITY,BROAD_EQ,2026,2025,10,20,-0.0169130221904,-0.0103493265624,-0.00224228996466,-0.00240124354163,-0.29696969697,1478,2476104,-0.0416377950406,-0.0220785585703,-0.0128018562451,-0.0115030586855,-0.975757575758,152,350447
BROAD_SENSITIVITY,BROAD_EQ,2021,2020,20,1,-0.0277100636396,-0.0333031527662,-0.000475243389697,-0.000442304962711,-0.684848484848,231,326253,-0.0205805275641,-0.0138678602852,0.0018782150157,0.0019160829024,0.563636363636,248,368519
BROAD_SENSITIVITY,BROAD_EQ,2022,2021,20,1,-0.024018779826,-0.0255449250566,0.00074324864483,0.000808574909041,0.369696969697,479,694772,-0.0391849773661,-0.0269187554466,-0.00119261072006,-0.00120111693332,-0.951515151515,248,420286
BROAD_SENSITIVITY,BROAD_EQ,2023,2022,20,1,-0.0291923932922,-0.0263515675471,8.28729605217e-05,4.84725685104e-05,-0.115151515152,727,1115058,-0.0288019745851,-0.029254750485,-0.000741753540607,-0.000776238389096,-0.587878787879,245,427302
BROAD_SENSITIVITY,BROAD_EQ,2024,2023,20,1,-0.0290939852848,-0.0278015271094,-0.000124980427108,-0.00017996350042,-0.29696969697,972,1542360,-0.0249731771626,-0.0218546742859,-0.000182313471541,-0.000174144871622,-0.0424242424242,248,442487
BROAD_SENSITIVITY,BROAD_EQ,2025,2024,20,1,-0.028256312814,-0.0267541784516,-0.00013663501319,-0.000178612792571,-0.2,1220,1984847,-0.0114972767471,-0.00913119742634,-0.0009360230918,-0.000909928513873,-0.6,248,505069
BROAD_SENSITIVITY,BROAD_EQ,2026,2025,20,1,-0.0254250860125,-0.0246615308206,-0.000271681500584,-0.000328443182606,-0.2,1468,2489916,-0.0186703072327,-0.00844779821328,-0.00098783220047,-0.00100764304754,-0.587878787879,171,399417
BROAD_SENSITIVITY,BROAD_EQ,2021,2020,20,2,-0.0339732050238,-0.0381445169829,-0.00222864623444,-0.00216043438378,-0.890909090909,231,325562,-0.0215501271283,-0.0180500628156,0.00255864063942,0.00260495262447,0.806060606061,248,367803
BROAD_SENSITIVITY,BROAD_EQ,2022,2021,20,2,-0.0275412147982,-0.0269298161537,0.000249949057245,0.000365530063568,0.430303030303,479,693365,-0.0429301886283,-0.037019853569,-0.00241183543231,-0.00244914751865,-0.975757575758,248,419784
BROAD_SENSITIVITY,BROAD_EQ,2023,2022,20,2,-0.0327908234775,-0.0316600079767,-0.000658059957074,-0.000705759544409,-0.333333333333,727,1113149,-0.0293451394262,-0.0302128470107,-0.00153885107956,-0.00160146923316,-0.806060606061,245,426511
BROAD_SENSITIVITY,BROAD_EQ,2024,2023,20,2,-0.0319223125798,-0.030785297361,-0.000880070065108,-0.000953444191221,-0.333333333333,972,1539660,-0.0226264499703,-0.0157125552417,-6.98640257182e-05,-3.9275475945e-05,0.115151515152,248,441644
BROAD_SENSITIVITY,BROAD_EQ,2025,2024,20,2,-0.0300326618198,-0.0259859950421,-0.000715372443986,-0.000749838432881,-0.357575757576,1220,1981304,-0.0133447379808,-0.0116730337633,-0.0017088448022,-0.00163645722733,-0.721212121212,248,504380
BROAD_SENSITIVITY,BROAD_EQ,2026,2025,20,2,-0.0272134485282,-0.0231647864688,-0.000883207011314,-0.000934696367355,-0.357575757576,1468,2485684,-0.0210988917124,-0.0148654632577,-0.00219869323225,-0.00224893796199,-0.69696969697,170,396449
BROAD_SENSITIVITY,BROAD_EQ,2021,2020,20,3,-0.0372984656451,-0.0374150830742,-0.00397702617927,-0.00377675643217,-0.951515151515,231,324880,-0.0196706845155,-0.0169858339157,0.0036170129071,0.00365653103836,0.927272727273,248,367086
BROAD_SENSITIVITY,BROAD_EQ,2022,2021,20,3,-0.028171764768,-0.0248599548415,-4.52481136733e-05,0.000160168149299,0.454545454545,479,691966,-0.0436198182962,-0.0303541517222,-0.0029734855439,-0.00304627359896,-0.975757575758,248,419287
BROAD_SENSITIVITY,BROAD_EQ,2023,2022,20,3,-0.033441527182,-0.0265419949418,-0.00104415166621,-0.00107154856445,-0.442424242424,727,1111253,-0.0284195958245,-0.029657988371,-0.00199297782639,-0.00207798522577,-0.478787878788,245,425729
BROAD_SENSITIVITY,BROAD_EQ,2024,2023,20,3,-0.0321757111506,-0.026848372512,-0.00128331052346,-0.00134926709034,-0.418181818182,972,1536982,-0.01955472634,-0.0133930606438,0.000607627918125,0.000661093847439,0.369696969697,248,440808
BROAD_SENSITIVITY,BROAD_EQ,2025,2024,20,3,-0.0296101339104,-0.0242080177098,-0.000898923036974,-0.000901856919431,-0.357575757576,1220,1977790,-0.0114738661028,-0.00492970203471,-0.00204806865205,-0.00191032523132,-0.50303030303,248,503696
BROAD_SENSITIVITY,BROAD_EQ,2026,2025,20,3,-0.0265462412562,-0.0225187104953,-0.00109305662862,-0.00111703342243,-0.357575757576,1468,2481486,-0.0194325600415,-0.00409326075,-0.00297130421791,-0.00306759936141,-0.648484848485,169,393486
BROAD_SENSITIVITY,BROAD_EQ,2021,2020,20,5,-0.0437757551575,-0.0349061378286,-0.00782228450818,-0.00763475194785,-1,231,323546,-0.0100561451406,-0.0104240469242,0.00642652737973,0.00637957403515,0.975757575758,248,365668
BROAD_SENSITIVITY,BROAD_EQ,2022,2021,20,5,-0.0263175854619,-0.0201423445242,-0.000445029083955,-0.000224432235035,0.345454545455,479,689214,-0.0430282049863,-0.0247766483917,-0.00266213237322,-0.00280136796704,-0.866666666667,248,418299
BROAD_SENSITIVITY,BROAD_EQ,2023,2022,20,5,-0.0320180443918,-0.0215572426246,-0.00120134492403,-0.00125228329284,-0.721212121212,727,1107513,-0.0266256506267,-0.0223542509663,-0.00307599019385,-0.00316543276575,-0.539393939394,245,424181
BROAD_SENSITIVITY,BROAD_EQ,2024,2023,20,5,-0.0306588504901,-0.0218960922295,-0.00167386353628,-0.00177919255591,-0.587878787879,972,1531694,-0.016372556924,-0.00867846824326,0.0014137260626,0.00145569728517,0.527272727273,248,439157
BROAD_SENSITIVITY,BROAD_EQ,2025,2024,20,5,-0.0277547514701,-0.0193517084278,-0.00104622237192,-0.00105870984405,-0.393939393939,1220,1970851,-0.0121188209222,-0.0217141859707,-0.00288900117128,-0.00269721918265,-0.612121212121,248,502344
BROAD_SENSITIVITY,BROAD_EQ,2026,2025,20,5,-0.025113259116,-0.0193517084278,-0.00135753650151,-0.00141983766848,-0.393939393939,1468,2473195,-0.0196898351676,-0.00888128915619,-0.00457684880017,-0.00478603723058,-0.709090909091,167,387630
BROAD_SENSITIVITY,BROAD_EQ,2021,2020,20,10,-0.0525933545817,-0.0523421247906,-0.0166990225456,-0.0167816042371,-0.987878787879,231,320450,0.00365685413756,0.0108499123737,0.0134354699194,0.0127740105614,0.951515151515,248,362286
BROAD_SENSITIVITY,BROAD_EQ,2022,2021,20,10,-0.0234700732406,-0.0120187827148,-0.00109703062216,-0.00121904501429,-0.0787878787879,479,682736,-0.031496676364,-0.0188709120662,0.000800509047348,0.000842601048061,-0.50303030303,248,415907
BROAD_SENSITIVITY,BROAD_EQ,2023,2022,20,10,-0.0262081716926,-0.0129975492794,-0.000449726855946,-0.00059523052014,-0.672727272727,727,1098643,-0.0223258815043,-0.0160829872274,-0.00349480613021,-0.00366982259261,-0.369696969697,245,420411
BROAD_SENSITIVITY,BROAD_EQ,2024,2023,20,10,-0.0252296108941,-0.0143680595039,-0.00121726226973,-0.00143134412862,-0.527272727273,972,1519054,-0.0122813910383,-0.00240704788519,0.00333353753589,0.00354906868807,0.951515151515,248,435147
BROAD_SENSITIVITY,BROAD_EQ,2025,2024,20,10,-0.0225975137431,-0.0114603232658,-0.000292181653502,-0.000313966200063,-0.430303030303,1220,1954201,0.0042312495371,-0.00794621005695,-0.00202350978424,-0.00193331995102,0.333333333333,248,499064
BROAD_SENSITIVITY,BROAD_EQ,2026,2025,20,10,-0.0180651341154,-0.0112489774438,-0.000584667604743,-0.000733002710551,-0.224242424242,1468,2453265,-0.0291890979564,-0.0063227674831,-0.0082121378204,-0.00827959600092,-0.878787878788,162,373286
BROAD_SENSITIVITY,BROAD_EQ,2021,2020,20,20,-0.0671426294797,-0.0652593173822,-0.0308125837999,-0.0302847377532,-1,231,314555,0.000535980095932,0.0116340061018,0.0204893778527,0.019813254619,0.939393939394,248,355925
BROAD_SENSITIVITY,BROAD_EQ,2022,2021,20,20,-0.0321023472777,-0.0256622738423,-0.00425123413426,-0.00406850307492,-0.818181818182,479,670480,-0.0247783366859,-0.011938131629,0.00879815997914,0.00967202687696,0.0787878787879,248,411299
BROAD_SENSITIVITY,BROAD_EQ,2023,2022,20,20,-0.0296039227567,-0.0179787345671,0.000200278575673,0.000806106322444,-0.442424242424,727,1081779,-0.0150801055031,-0.00541358601565,-0.00232321975972,-0.00263341601145,-0.321212121212,245,413242
BROAD_SENSITIVITY,BROAD_EQ,2024,2023,20,20,-0.0259430840456,-0.0131152288721,-0.00043578839158,-0.000107956001457,-0.636363636364,972,1495021,-0.00986959726734,0.00544777120684,0.00594831019113,0.00728666657116,0.527272727273,248,427700
BROAD_SENSITIVITY,BROAD_EQ,2025,2024,20,20,-0.0226756867333,-0.00943493304026,0.000861962795724,0.0016053786673,-0.151515151515,1220,1922721,0.0224147500667,0.00941419476544,-0.000190208683712,0.000166867279044,0.745454545455,248,492819
BROAD_SENSITIVITY,BROAD_EQ,2026,2025,20,20,-0.0150582287453,-0.00735219254211,0.000684211755601,0.00107216920842,0.115151515152,1468,2415540,-0.0382694250613,-0.0319349177588,-0.0110036575553,-0.00900423741433,-0.69696969697,152,345244
BROAD_SENSITIVITY,BROAD_EQ,2021,2020,40,1,-0.0311459959326,-0.0303038876182,-0.000594530717332,-0.0005801851751,-0.806060606061,211,285945,-0.0262638940547,-0.0148027822616,0.00102238582866,0.00104234889759,0.381818181818,248,353278
BROAD_SENSITIVITY,BROAD_EQ,2022,2021,40,1,-0.0285081718243,-0.0245673406624,0.000279097394664,0.000316081334682,-0.248484848485,459,639223,-0.0304036143768,-0.0147116435,-0.000610803106122,-0.000585924648479,-0.721212121212,248,406688
BROAD_SENSITIVITY,BROAD_EQ,2023,2022,40,1,-0.0291730512486,-0.0220634336078,-3.30600653004e-05,-3.5807084914e-05,-0.575757575758,707,1045911,-0.022972699132,-0.0165746495199,-0.000533578887193,-0.000555744546937,-0.418181818182,245,413831
BROAD_SENSITIVITY,BROAD_EQ,2024,2023,40,1,-0.0275773723951,-0.0190772817196,-0.000161870056229,-0.000183153850592,-0.587878787879,952,1459742,-0.0197033396135,-0.0183677561223,-1.98131505966e-06,5.31413309521e-06,-0.0787878787879,248,423819
BROAD_SENSITIVITY,BROAD_EQ,2025,2024,40,1,-0.0259500722869,-0.0189038884762,-0.000128826383054,-0.000140665045572,-0.381818181818,1200,1883561,-0.00505244554319,-0.00216936104684,-0.00110866126359,-0.0010708201909,-0.430303030303,248,484217
BROAD_SENSITIVITY,BROAD_EQ,2026,2025,40,1,-0.0223709207452,-0.0167462986811,-0.000296643406791,-0.000332141714963,-0.466666666667,1448,2367778,-0.00214160645576,0.00240742830101,-0.00022088541194,-0.000254028565728,-0.212121212121,171,386626
BROAD_SENSITIVITY,BROAD_EQ,2021,2020,40,2,-0.0360356372097,-0.0363566552414,-0.00227952566569,-0.00232328307822,-0.915151515152,211,285446,-0.0280488468788,-0.0190260434684,0.0014112179406,0.00138800177918,0.357575757576,248,352667
BROAD_SENSITIVITY,BROAD_EQ,2022,2021,40,2,-0.0317203343729,-0.021973286158,-0.000285398401288,-0.000274779383356,-0.563636363636,459,638113,-0.031225256011,-0.0205004651549,-0.00106193056886,-0.00103977575013,-0.721212121212,248,406240
BROAD_SENSITIVITY,BROAD_EQ,2023,2022,40,2,-0.0315466718075,-0.0216560320031,-0.00055778875144,-0.000577982452292,-0.624242424242,707,1044353,-0.0210099925882,-0.0198251364917,-0.00117561610911,-0.00119471465465,-0.357575757576,245,413136
BROAD_SENSITIVITY,BROAD_EQ,2024,2023,40,2,-0.0288350264202,-0.0215702886329,-0.000716788439075,-0.000752690893062,-0.587878787879,952,1457489,-0.01705984484,-0.00880798194153,-3.68611478309e-05,-5.39795446437e-06,-0.127272727273,248,423094
BROAD_SENSITIVITY,BROAD_EQ,2025,2024,40,2,-0.0264014888936,-0.0187367335249,-0.000576270132217,-0.000584312216576,-0.478787878788,1200,1880583,-0.00508338031059,-0.00454682768981,-0.00215769527164,-0.00206419301069,-0.466666666667,248,483615
BROAD_SENSITIVITY,BROAD_EQ,2026,2025,40,2,-0.0227503211253,-0.0161930936074,-0.000847121951677,-0.000891317591903,-0.466666666667,1448,2364198,0.000918215666114,0.000141697437096,-0.000575818098283,-0.000641940511806,-0.115151515152,170,383842
BROAD_SENSITIVITY,BROAD_EQ,2021,2020,40,3,-0.0379748846941,-0.0447536744022,-0.00412288928232,-0.00419664564822,-0.963636363636,211,284948,-0.0281077858887,-0.0275932520054,0.00182028440875,0.00176784255321,0.648484848485,248,352060
BROAD_SENSITIVITY,BROAD_EQ,2022,2021,40,3,-0.0326436417666,-0.0312835121589,-0.000911762756425,-0.0009060001896,-0.624242424242,459,637008,-0.0318640697973,-0.0222378156384,-0.00118114173479,-0.00119693506209,-0.709090909091,248,405793
BROAD_SENSITIVITY,BROAD_EQ,2023,2022,40,3,-0.0323701851211,-0.0300926964138,-0.00100625495817,-0.00103255610361,-0.69696969697,707,1042801,-0.0182007798353,-0.0176940118031,-0.00141160000446,-0.00143426902356,0.00606060606061,245,412442
BROAD_SENSITIVITY,BROAD_EQ,2024,2023,40,3,-0.028723646996,-0.025694170684,-0.00111057169802,-0.0011462382048,-0.6,952,1455243,-0.0140984603722,-0.0148457475854,0.000654369904205,0.000726037058699,0.030303030303,248,422370
BROAD_SENSITIVITY,BROAD_EQ,2025,2024,40,3,-0.0257011084271,-0.0224639135722,-0.00074581710023,-0.000724800317016,-0.454545454545,1200,1877613,-0.00239459244856,-0.000246269735045,-0.00267096778744,-0.00250597449786,-0.284848484848,248,483019
BROAD_SENSITIVITY,BROAD_EQ,2026,2025,40,3,-0.021709384696,-0.0192512718553,-0.00107553904113,-0.00109820024453,-0.454545454545,1448,2360632,0.00581368011218,0.0124068859949,-0.000537437280303,-0.000624901533874,-0.0787878787879,169,381070
BROAD_SENSITIVITY,BROAD_EQ,2021,2020,40,5,-0.0410843471098,-0.0402743865132,-0.00753752549959,-0.00786672987453,-0.987878787879,211,283970,-0.0245232528507,-0.0150681398004,0.00357335337652,0.00338405312347,0.915151515152,248,350873
BROAD_SENSITIVITY,BROAD_EQ,2022,2021,40,5,-0.0321363048957,-0.0259874381909,-0.0015342619674,-0.00166249389154,-0.69696969697,459,634843,-0.0313190211417,-0.0225756212865,-0.000549931105471,-0.000597197126333,-0.575757575758,248,404902
BROAD_SENSITIVITY,BROAD_EQ,2023,2022,40,5,-0.0318496197882,-0.023604457181,-0.00118898042036,-0.00128450560041,-0.539393939394,707,1039745,-0.0156685046244,-0.012052312277,-0.0015523011464,-0.00157862830944,0.00606060606061,245,411059
BROAD_SENSITIVITY,BROAD_EQ,2024,2023,40,5,-0.0276853622093,-0.0221711061575,-0.0012824820778,-0.0013673610215,-0.563636363636,952,1450804,-0.0125494386206,-0.00915472624739,0.00129794665918,0.00141987421762,0.29696969697,248,420944
BROAD_SENSITIVITY,BROAD_EQ,2025,2024,40,5,-0.0245572713343,-0.0201356183261,-0.000749193472156,-0.00073856825558,-0.333333333333,1200,1871748,-9.07213910787e-05,-0.0088108171551,-0.00369077779968,-0.0034571102751,-0.248484848485,248,481833
BROAD_SENSITIVITY,BROAD_EQ,2026,2025,40,5,-0.0203668677529,-0.0180327335516,-0.00125300073267,-0.00131901291998,-0.212121212121,1448,2353581,0.00875580304923,0.016005731348,-0.000823072428326,-0.000967895983012,-0.0787878787879,167,375543
BROAD_SENSITIVITY,BROAD_EQ,2021,2020,40,10,-0.0466239749934,-0.0544062610031,-0.0144880907597,-0.0154987949285,-0.975757575758,211,281576,-0.0202947068245,-0.00200977373089,0.00716797082363,0.00641280647026,0.830303030303,248,347987
BROAD_SENSITIVITY,BROAD_EQ,2022,2021,40,10,-0.0323981394686,-0.0206057268009,-0.00278721217002,-0.00340680458464,-0.672727272727,459,629563,-0.0237334039094,-0.0132484763615,0.00253752413622,0.00264618269535,-0.0787878787879,248,402718
BROAD_SENSITIVITY,BROAD_EQ,2023,2022,40,10,-0.0293587414224,-0.0182274920285,-0.000919412164437,-0.00117794527307,-0.442424242424,707,1032281,-0.013884175175,-0.00478046897951,-0.000834516099633,-0.000939359422037,-0.0909090909091,245,407671
BROAD_SENSITIVITY,BROAD_EQ,2024,2023,40,10,-0.0253763162852,-0.0144223377586,-0.000897563912465,-0.00110938486144,-0.309090909091,952,1439952,-0.0100230054841,-0.00406759993225,0.00320359319683,0.00348538926479,0.309090909091,248,417477
BROAD_SENSITIVITY,BROAD_EQ,2025,2024,40,10,-0.0222032987196,-0.0121375280511,-4.99914432112e-05,-6.05301281408e-05,-0.187878787879,1200,1857429,0.0115605316813,-0.00964562410616,-0.00294050578566,-0.00272864911715,0.212121212121,248,478944
BROAD_SENSITIVITY,BROAD_EQ,2026,2025,40,10,-0.0164205432366,-0.0115060151378,-0.000545051910702,-0.000686233280071,-0.0424242424242,1448,2336373,0.0106977717228,0.0269663967746,0.0015570207445,0.0016173247637,0.115151515152,162,361846
BROAD_SENSITIVITY,BROAD_EQ,2021,2020,40,20,-0.0593953102271,-0.0466136912246,-0.0251237368908,-0.0254663304957,-0.963636363636,211,276837,-0.0153764016685,-0.00981699103188,0.0143947771368,0.0139062157151,0.890909090909,248,342455
BROAD_SENSITIVITY,BROAD_EQ,2022,2021,40,20,-0.0356116733589,-0.0225039128425,-0.00377168573862,-0.00354340245745,-0.612121212121,459,619292,-0.0148367295024,-0.00303350885022,0.00957236511988,0.010455080506,0.587878787879,248,398550
BROAD_SENSITIVITY,BROAD_EQ,2023,2022,40,20,-0.0283242814545,-0.0132713625026,0.000909112865209,0.00158008441652,-0.163636363636,707,1017842,-0.0107907020885,-0.0100398855274,0.000144774460344,-8.64415225112e-06,-0.030303030303,245,401103
BROAD_SENSITIVITY,BROAD_EQ,2024,2023,40,20,-0.0238119632353,-0.012183699248,0.000712408128663,0.00113418394806,-0.127272727273,952,1418945,-2.31611884113e-05,-3.17363547477e-05,0.00661731082092,0.00781276960117,0.721212121212,248,410959
BROAD_SENSITIVITY,BROAD_EQ,2025,2024,40,20,-0.0188956108123,-0.0093498265357,0.00193275468506,0.0027455007018,0.175757575758,1200,1829904,0.0179638787269,0.00806345953576,-0.00085195360123,-0.000186977354153,0.430303030303,248,473471
BROAD_SENSITIVITY,BROAD_EQ,2026,2025,40,20,-0.0125826595652,-0.00815366498074,0.0014558156968,0.00195424917832,0.236363636364,1448,2303375,0.010122507659,0.0147390850373,0.00685086726912,0.00859849043953,-0.00606060606061,152,334865
BROAD_SENSITIVITY,BROAD_EQ,2021,2020,60,1,-0.0379957684544,-0.0257536101885,-0.00145957939017,-0.00147510773964,-0.866666666667,191,249745,-0.0258193648353,-0.0187459616975,0.00121056029826,0.00121233961269,0.721212121212,248,339584
BROAD_SENSITIVITY,BROAD_EQ,2022,2021,60,1,-0.0311170711934,-0.0218587295976,4.88366524969e-05,7.35589499886e-05,-0.418181818182,439,589329,-0.0197531878327,-0.00636443220158,-0.000309350651022,-0.00030455012609,-0.660606060606,248,393522
BROAD_SENSITIVITY,BROAD_EQ,2023,2022,60,1,-0.0270148250894,-0.0169653161622,-8.04653144211e-05,-7.95930240317e-05,-0.539393939394,687,982851,-0.0167768383856,-0.0117784615846,-0.000446567384848,-0.000467570913353,-0.175757575758,245,402711
BROAD_SENSITIVITY,BROAD_EQ,2024,2023,60,1,-0.0243235088422,-0.0152089543018,-0.000176704592591,-0.000192457006654,-0.454545454545,932,1385562,-0.0118098474274,-0.0080318301328,0.000185634697342,0.000188636634033,0.175757575758,248,406930
BROAD_SENSITIVITY,BROAD_EQ,2025,2024,60,1,-0.0216935189855,-0.0135549146242,-0.000100551928266,-0.000105875872318,-0.345454545455,1180,1792492,-0.00334497180229,-0.000495029244026,-0.000843035770199,-0.000803165736447,-0.648484848485,248,464945
BROAD_SENSITIVITY,BROAD_EQ,2026,2025,60,1,-0.0185069365615,-0.0113043300654,-0.000229498701935,-0.000250370578458,-0.381818181818,1428,2257437,0.00770522264909,0.0104544338004,0.000225967143588,0.000187657960006,0.030303030303,171,374966
BROAD_SENSITIVITY,BROAD_EQ,2021,2020,60,2,-0.0447445164431,-0.030118039636,-0.0041099027734,-0.00417847391662,-0.951515151515,191,249335,-0.0239130267581,-0.019179442302,0.00194969293492,0.00192481647066,0.866666666667,248,339069
BROAD_SENSITIVITY,BROAD_EQ,2022,2021,60,2,-0.032976385596,-0.0213647849477,-0.000686714309479,-0.00066030661224,-0.636363636364,439,588404,-0.0189287476715,-0.0088935808326,-0.000476836669227,-0.000474386873465,-0.587878787879,248,393120
BROAD_SENSITIVITY,BROAD_EQ,2023,2022,60,2,-0.0279053314399,-0.0197249420881,-0.00061095061984,-0.000592789995434,-0.624242424242,687,981524,-0.0122480068677,-0.00899836586953,-0.000856570149917,-0.000880599080553,-0.163636363636,245,402070
BROAD_SENSITIVITY,BROAD_EQ,2024,2023,60,2,-0.0237894038431,-0.0172108844783,-0.000675517985579,-0.000676599986681,-0.587878787879,932,1383594,-0.00715056224308,-0.00411773440188,0.000430532919819,0.000448347669734,0.321212121212,248,406303
BROAD_SENSITIVITY,BROAD_EQ,2025,2024,60,2,-0.0202924269645,-0.0147594036402,-0.00044305982919,-0.000420849039999,-0.321212121212,1180,1789897,-0.00274434899871,0.00261985506709,-0.00158490058902,-0.00148111116296,-0.612121212121,248,464415
BROAD_SENSITIVITY,BROAD_EQ,2026,2025,60,2,-0.0172448616035,-0.0130458717622,-0.000641362706247,-0.000641973922949,-0.418181818182,1428,2254312,0.0129759109994,0.0108704332145,0.000291257514574,0.000212432636336,0.0787878787879,170,372275
BROAD_SENSITIVITY,BROAD_EQ,2021,2020,60,3,-0.0489657289614,-0.0419094601408,-0.00670581283755,-0.00677946717449,-0.951515151515,191,248926,-0.0225317719966,-0.0178322445127,0.00269581267039,0.00264326942146,0.878787878788,248,338560
BROAD_SENSITIVITY,BROAD_EQ,2022,2021,60,3,-0.0340326507672,-0.023859681248,-0.00139464398569,-0.00134549214507,-0.648484848485,439,587486,-0.0180658604652,-0.00339984987276,-0.000326613041638,-0.000346331003732,-0.442424242424,248,392720
BROAD_SENSITIVITY,BROAD_EQ,2023,2022,60,3,-0.0282688021574,-0.0184054149392,-0.0010090956973,-0.000960901615132,-0.648484848485,687,980206,-0.00873203444469,-0.00636299465097,-0.00094111977813,-0.000979238816977,0.0424242424242,245,401430
BROAD_SENSITIVITY,BROAD_EQ,2024,2023,60,3,-0.0231330638639,-0.0151814914233,-0.000991226491077,-0.000966412632871,-0.575757575758,932,1381636,-0.00446185948898,-0.00252369674785,0.0011453000395,0.00117781128353,0.430303030303,248,405680
BROAD_SENSITIVITY,BROAD_EQ,2025,2024,60,3,-0.0192089463342,-0.0109760786609,-0.000542193796515,-0.00047878491099,-0.248484848485,1180,1787316,-0.00138783949752,0.0075924390905,-0.00190358897252,-0.00173326096712,-0.563636363636,248,463886
BROAD_SENSITIVITY,BROAD_EQ,2026,2025,60,3,-0.0161139641945,-0.00814145676277,-0.000778626572179,-0.000743160112382,-0.224242424242,1428,2251202,0.0192438523428,0.0242543935449,0.000757742881484,0.000653061048867,0.115151515152,169,369588
BROAD_SENSITIVITY,BROAD_EQ,2021,2020,60,5,-0.0518138851219,-0.0367626551469,-0.0109457875764,-0.0111736787881,-0.963636363636,191,248115,-0.0178741461128,-0.0103912712272,0.00532146140587,0.00515802231836,0.927272727273,248,337556
BROAD_SENSITIVITY,BROAD_EQ,2022,2021,60,5,-0.0326406384835,-0.0158949842957,-0.00175608883471,-0.00174785231869,-0.624242424242,439,585671,-0.0156197236369,-0.00469778941356,0.00066579571364,0.000641646179442,-0.10303030303,248,391941
BROAD_SENSITIVITY,BROAD_EQ,2023,2022,60,5,-0.0264962616539,-0.0141758340415,-0.000881813189894,-0.000831125656108,-0.563636363636,687,977612,-0.0057868636607,-0.00129640274055,-0.00106227516132,-0.00114494838006,0.0666666666667,245,400152
BROAD_SENSITIVITY,BROAD_EQ,2024,2023,60,5,-0.0210522675462,-0.010437890496,-0.000929252227447,-0.000923552154832,-0.321212121212,932,1377764,-0.00161011023133,-0.00187354250978,0.00216814630841,0.00222332534164,0.612121212121,248,404452
BROAD_SENSITIVITY,BROAD_EQ,2025,2024,60,5,-0.0169661192292,-0.00868165339137,-0.000278273552115,-0.000205689765762,-0.224242424242,1180,1782216,-0.00100502439204,-0.00186593671604,-0.00276211298207,-0.00254728196099,-0.466666666667,248,462838
BROAD_SENSITIVITY,BROAD_EQ,2026,2025,60,5,-0.0141941643835,-0.00742378676075,-0.000709640623984,-0.000704381142964,-0.236363636364,1428,2245054,0.0246264004158,0.0242889058444,0.00198441754215,0.00183923397151,0.0909090909091,167,364230
BROAD_SENSITIVITY,BROAD_EQ,2021,2020,60,10,-0.0583156342536,-0.0411347928163,-0.0199165255106,-0.0204992547963,-0.963636363636,191,246162,-0.00920853478349,0.00212677382709,0.0109123798826,0.0102607148224,0.987878787879,248,335099
BROAD_SENSITIVITY,BROAD_EQ,2022,2021,60,10,-0.0305740381976,-0.00999458360251,-0.00250065184886,-0.0026920705019,-0.454545454545,439,581261,-0.00409810178294,0.00844338531477,0.00575167350485,0.00583771092978,0.69696969697,248,390064
BROAD_SENSITIVITY,BROAD_EQ,2023,2022,60,10,-0.0210164949213,-0.00477075444704,0.000478353519002,0.000604623909462,-0.175757575758,687,971325,0.000194184644426,0.0145835871552,0.00169115573633,0.00158706616587,0.224242424242,245,397054
BROAD_SENSITIVITY,BROAD_EQ,2024,2023,60,10,-0.0154407261513,-0.000275638253751,0.000797169552528,0.000884274122561,0.030303030303,932,1368379,0.00217761891704,0.00744109965755,0.00429843197225,0.00444272255404,0.709090909091,248,401434
BROAD_SENSITIVITY,BROAD_EQ,2025,2024,60,10,-0.0117378875268,0.000338782200794,0.00153302809498,0.0017125511582,0.2,1180,1769813,0.00492462788778,0.00140874249382,-0.00260722713726,-0.00244939869794,-0.187878787879,248,460266
BROAD_SENSITIVITY,BROAD_EQ,2026,2025,60,10,-0.00884411734274,0.000394598631671,0.000813992172291,0.000797255862937,0.0666666666667,1428,2230079,0.0241394830726,0.0373701100765,0.00471689714351,0.00493779723417,0.0424242424242,162,350921
BROAD_SENSITIVITY,BROAD_EQ,2021,2020,60,20,-0.0718169671109,-0.0604128161388,-0.0325177170755,-0.031515068916,-0.987878787879,191,242635,0.00348352529435,-0.00292103650326,0.0188537964978,0.0181916033192,0.890909090909,248,330526
BROAD_SENSITIVITY,BROAD_EQ,2022,2021,60,20,-0.029278192358,-0.0259789179383,-0.00349690758532,-0.00249616561001,-0.406060606061,439,573161,0.0118672152178,0.0176308933888,0.0139064074109,0.0146562195431,0.975757575758,248,386388
BROAD_SENSITIVITY,BROAD_EQ,2023,2022,60,20,-0.0144251194631,-0.00632106322966,0.00278551180196,0.00408149267165,0.757575757576,687,959549,0.0135284177649,0.0174702898239,0.00850143927477,0.00858779108285,0.527272727273,245,391055
BROAD_SENSITIVITY,BROAD_EQ,2024,2023,60,20,-0.00707681836777,0.000761397540073,0.00428808930286,0.00539787114058,0.709090909091,932,1350604,0.00568383253653,0.00491251841966,0.00554700225474,0.00639166196103,0.769696969697,248,395692
BROAD_SENSITIVITY,BROAD_EQ,2025,2024,60,20,-0.00439491885568,0.00161077842262,0.00455267439783,0.00572554760824,0.721212121212,1180,1746296,0.00894642332892,-0.00139965988204,0.00109097465076,0.00176859177808,0.284848484848,248,455340
BROAD_SENSITIVITY,BROAD_EQ,2026,2025,60,20,-0.00207793505892,0.00137476705848,0.00395148284512,0.00477415824009,0.624242424242,1428,2201636,0.0172674736604,0.0346434614666,0.00805881412806,0.0106334415408,0.236363636364,152,324727
PRIMARY_VERIFIED,BASIC_LIQUID,2021,2020,5,1,-0.049181605068,-0.0508055323861,-0.00131729392762,-0.00152477001317,-0.963636363636,191,137857,-0.0394718960996,-0.0353624540522,0.000371661529018,0.000340476321421,-0.224242424242,248,247421
PRIMARY_VERIFIED,BASIC_LIQUID,2022,2021,5,1,-0.0436963936234,-0.0422986753079,-0.000363168749383,-0.000327476929889,-0.50303030303,439,385278,-0.0435652463332,-0.0367983219608,-0.00192439645867,-0.00191760986825,-0.975757575758,248,267824
PRIMARY_VERIFIED,BASIC_LIQUID,2023,2022,5,1,-0.0436490507879,-0.0390257494854,-0.00092675604473,-0.000981311305967,-0.90303030303,687,653102,-0.0390838790314,-0.0337762360343,-0.000602300819915,-0.000559685827278,-0.721212121212,245,287732
PRIMARY_VERIFIED,BASIC_LIQUID,2024,2023,5,1,-0.0424489788133,-0.0373273962102,-0.000841464703443,-0.000852443936552,-0.854545454545,932,940834,-0.0437820029913,-0.0407469194689,-0.00155882750498,-0.00152886961364,-0.951515151515,248,347299
PRIMARY_VERIFIED,BASIC_LIQUID,2025,2024,5,1,-0.042729139827,-0.0379320460838,-0.000992232478682,-0.00103455595351,-0.866666666667,1180,1288133,-0.0335668633983,-0.0258743492904,-0.00136062672635,-0.00134042793798,-0.975757575758,248,346942
PRIMARY_VERIFIED,BASIC_LIQUID,2026,2025,5,1,-0.0411379321559,-0.0364194894609,-0.00105621131161,-0.00110017714165,-0.927272727273,1428,1635075,-0.0139771066198,-0.0111981553374,-0.000590981209696,-0.000600328235188,-0.527272727273,131,197643
PRIMARY_VERIFIED,BASIC_LIQUID,2021,2020,5,2,-0.0659459424897,-0.0658780085694,-0.00432782853208,-0.0044881342447,-0.939393939394,191,137783,-0.0512765113609,-0.0502194936828,-0.000683651176808,-0.000765305367641,-0.50303030303,248,247144
PRIMARY_VERIFIED,BASIC_LIQUID,2022,2021,5,2,-0.0576588834465,-0.0548125731847,-0.00226915886441,-0.00209964507676,-0.975757575758,439,384927,-0.0558815432076,-0.0455351277071,-0.00410599872016,-0.00409799125611,-0.987878787879,248,267608
PRIMARY_VERIFIED,BASIC_LIQUID,2023,2022,5,2,-0.05701728173,-0.0530734034664,-0.00293223933635,-0.00292445137313,-0.987878787879,687,652535,-0.0473793643073,-0.041702504312,-0.00143920395911,-0.00134299171094,-0.721212121212,245,287385
PRIMARY_VERIFIED,BASIC_LIQUID,2024,2023,5,2,-0.0544837090169,-0.0476990264668,-0.00253975686058,-0.0024420511836,-0.987878787879,932,939920,-0.0492344117631,-0.0426690128493,-0.00237091534289,-0.00230120024503,-0.951515151515,248,346722
PRIMARY_VERIFIED,BASIC_LIQUID,2025,2024,5,2,-0.0533804668822,-0.0464958433052,-0.00250427152466,-0.00240357839004,-0.987878787879,1180,1286642,-0.0424574765678,-0.0323108340092,-0.00270133645081,-0.00265093139239,-0.987878787879,248,346557
PRIMARY_VERIFIED,BASIC_LIQUID,2026,2025,5,2,-0.0514834769677,-0.0443537968743,-0.0025384956855,-0.00245760706047,-1,1428,1633199,-0.019428479196,-0.00560708311045,-0.00189148509788,-0.00192458635385,-0.660606060606,130,195904
PRIMARY_VERIFIED,BASIC_LIQUID,2021,2020,5,3,-0.0731431626076,-0.0790624414689,-0.0067424351991,-0.00669979773387,-0.963636363636,191,137711,-0.051865621013,-0.0594161282233,-0.000697717772513,-0.000800771991367,-0.69696969697,248,246870
PRIMARY_VERIFIED,BASIC_LIQUID,2022,2021,5,3,-0.0611230479938,-0.0659976331071,-0.00332765177816,-0.00291634027115,-0.963636363636,439,384581,-0.0623139030686,-0.0592083785843,-0.00583030778031,-0.00581350314759,-0.987878787879,248,267399
PRIMARY_VERIFIED,BASIC_LIQUID,2023,2022,5,3,-0.0615529345419,-0.0619909880583,-0.0042310850948,-0.00411536540759,-1,687,651980,-0.046895556662,-0.0435850646684,-0.00169112132013,-0.00153485331815,-0.721212121212,245,287051
PRIMARY_VERIFIED,BASIC_LIQUID,2024,2023,5,3,-0.0576998684683,-0.0568901203279,-0.00356339075489,-0.00332979920165,-1,932,939031,-0.0477851614466,-0.0337373084878,-0.00268423415947,-0.00258487290192,-0.927272727273,248,346154
PRIMARY_VERIFIED,BASIC_LIQUID,2025,2024,5,3,-0.0556160995349,-0.0508460031854,-0.00337861886026,-0.0031282887483,-1,1180,1285185,-0.0456414854157,-0.0225025905447,-0.00368928187662,-0.00362066427224,-0.987878787879,248,346183
PRIMARY_VERIFIED,BASIC_LIQUID,2026,2025,5,3,-0.0538838136095,-0.0475022207162,-0.00343257154097,-0.00323541927895,-1,1428,1631368,-0.0168816082532,-0.00929125169763,-0.00229217090573,-0.00236336806085,-0.624242424242,129,194196
PRIMARY_VERIFIED,BASIC_LIQUID,2021,2020,5,5,-0.0721013148,-0.0722619385897,-0.00847027475192,-0.00808886624618,-0.951515151515,191,137577,-0.0435812765302,-0.0444162965756,0.000365989537861,0.000158065831667,-0.309090909091,248,246352
PRIMARY_VERIFIED,BASIC_LIQUID,2022,2021,5,5,-0.0559897669847,-0.0598331331866,-0.00347848991396,-0.00279942886486,-0.951515151515,439,383929,-0.059647089305,-0.0453485471194,-0.00658573029065,-0.00650838696251,-0.975757575758,248,266999
PRIMARY_VERIFIED,BASIC_LIQUID,2023,2022,5,5,-0.057310023077,-0.0548112804664,-0.00460017202956,-0.00434438313079,-1,687,650928,-0.0434786441796,-0.0379820038752,-0.00175718103355,-0.00160660872218,-0.69696969697,245,286426
PRIMARY_VERIFIED,BASIC_LIQUID,2024,2023,5,5,-0.0536740919291,-0.0498367292013,-0.00385281924628,-0.00351429102228,-1,932,937354,-0.0496339371342,-0.0387454607666,-0.00400207330765,-0.003854799604,-0.939393939394,248,345106
PRIMARY_VERIFIED,BASIC_LIQUID,2025,2024,5,5,-0.0528249746502,-0.0456362614102,-0.00388418789646,-0.00359935183983,-0.987878787879,1180,1282460,-0.0439149839972,-0.0376082764777,-0.00484027257599,-0.00480403528809,-0.975757575758,248,345474
PRIMARY_VERIFIED,BASIC_LIQUID,2026,2025,5,5,-0.0512775813155,-0.0442941549716,-0.00405023061392,-0.00386106455722,-1,1428,1627934,-0.0128778225551,-0.0177517629665,-0.00309845115117,-0.0032562179389,-0.50303030303,127,190812
PRIMARY_VERIFIED,BASIC_LIQUID,2021,2020,5,10,-0.0464343364301,-0.047691331321,-0.00700466150705,-0.00581089425186,-0.890909090909,191,137289,-0.0254016349439,-0.0284802752589,0.00409094953789,0.00363865437109,0.854545454545,248,245150
PRIMARY_VERIFIED,BASIC_LIQUID,2022,2021,5,10,-0.0345525369573,-0.0366376890617,-0.000736525882572,0.000276303091867,-0.187878787879,439,382439,-0.0377214600224,-0.0204778337001,-0.0047334965554,-0.00471662200171,-0.939393939394,248,266082
PRIMARY_VERIFIED,BASIC_LIQUID,2023,2022,5,10,-0.0356964858949,-0.0297576068158,-0.00217939156942,-0.00184339944331,-0.927272727273,687,648521,-0.0283465550119,-0.0124046313459,-0.000950879906053,-0.000934447778496,-0.624242424242,245,285041
PRIMARY_VERIFIED,BASIC_LIQUID,2024,2023,5,10,-0.0337643688709,-0.026392492567,-0.00185644590684,-0.00157200919636,-0.806060606061,932,933562,-0.0384581949534,-0.0329842844865,-0.00362390082934,-0.00333319915073,-0.927272727273,248,342683
PRIMARY_VERIFIED,BASIC_LIQUID,2025,2024,5,10,-0.034750867912,-0.0271659544644,-0.00222791100919,-0.00201103659799,-0.939393939394,1180,1276245,-0.0211086898813,-0.0186655353063,-0.00241417559001,-0.00251348264269,-0.927272727273,248,343904
PRIMARY_VERIFIED,BASIC_LIQUID,2026,2025,5,10,-0.0323816381139,-0.0257745980559,-0.00226025947981,-0.0021419897645,-0.963636363636,1428,1620149,-0.0220257872183,-0.00716367688235,-0.00496359200323,-0.00528324234163,-0.769696969697,122,182446
PRIMARY_VERIFIED,BASIC_LIQUID,2021,2020,5,20,-0.0449732824669,-0.0406503872344,-0.0145426390929,-0.0121005524405,-0.890909090909,191,136762,-0.00411020017465,-0.00608609442229,0.00848552026269,0.00813478238637,0.878787878788,248,243131
PRIMARY_VERIFIED,BASIC_LIQUID,2022,2021,5,20,-0.0218888988485,-0.0185243114803,-0.00153356501501,0.000955993752266,0.139393939394,439,379893,-0.0224693730582,-0.0121321853967,-0.000738546244416,-0.000136254614137,-0.684848484848,248,264387
PRIMARY_VERIFIED,BASIC_LIQUID,2023,2022,5,20,-0.0220984441236,-0.0161993756216,-0.00124657133945,0.000312139899234,-0.248484848485,687,644280,-0.0176852870652,-0.00788716006101,-0.00195829950557,-0.00213740018937,-0.466666666667,245,282585
PRIMARY_VERIFIED,BASIC_LIQUID,2024,2023,5,20,-0.0209383330943,-0.0139297641441,-0.00143366726295,-0.000436683775009,-0.466666666667,932,926865,-0.0102119314083,-0.00276881621301,-0.000614981820375,0.000237678439784,0.551515151515,248,338511
PRIMARY_VERIFIED,BASIC_LIQUID,2025,2024,5,20,-0.0186839707061,-0.0116316041557,-0.00126160455976,-0.000138651476379,-0.345454545455,1180,1265376,-0.00595599689237,-0.0043208503256,0.000857619314675,0.000667540219055,0.175757575758,248,341003
PRIMARY_VERIFIED,BASIC_LIQUID,2026,2025,5,20,-0.0164735102678,-0.0111972801389,-0.000893560077368,-3.75614751401e-05,-0.466666666667,1428,1606379,-0.0343296668478,-0.024359923,-0.010795126843,-0.0111457786813,-0.890909090909,112,166093
PRIMARY_VERIFIED,BASIC_LIQUID,2021,2020,10,1,-0.0449822638458,-0.0510402181475,-0.00114888041018,-0.00118481314214,-0.890909090909,191,137758,-0.039085293942,-0.0294795696498,0.000376452409118,0.000356185696504,0.0787878787879,248,247183
PRIMARY_VERIFIED,BASIC_LIQUID,2022,2021,10,1,-0.0416509459958,-0.0376788934547,-0.000287188976953,-0.000195609095294,-0.2,439,384941,-0.0399378486841,-0.0290952441826,-0.00125333834274,-0.00122225522416,-0.915151515152,248,267380
PRIMARY_VERIFIED,BASIC_LIQUID,2023,2022,10,1,-0.0410325353214,-0.032188241978,-0.000635959053685,-0.000617646856102,-0.769696969697,687,652321,-0.0308499632918,-0.0316243823372,-0.000702359637644,-0.000681129285715,-0.0787878787879,245,287396
PRIMARY_VERIFIED,BASIC_LIQUID,2024,2023,10,1,-0.0383557862364,-0.031781835945,-0.000653414142816,-0.000637052896726,-0.575757575758,932,939717,-0.0440767728683,-0.0447684554731,-0.00121917231458,-0.00119701720013,-0.709090909091,248,346816
PRIMARY_VERIFIED,BASIC_LIQUID,2025,2024,10,1,-0.0395581630878,-0.0359745986611,-0.000772319250103,-0.000787742337893,-0.757575757576,1180,1286533,-0.0172689024958,-0.0114591806401,-0.000827509311994,-0.000814467335702,-0.939393939394,248,346441
PRIMARY_VERIFIED,BASIC_LIQUID,2026,2025,10,1,-0.0356871990634,-0.0308647469843,-0.000781904078779,-0.000794346418857,-0.818181818182,1428,1632974,-0.011573629786,-0.000219454782503,-0.000630775214405,-0.000636731116825,-0.721212121212,131,197443
PRIMARY_VERIFIED,BASIC_LIQUID,2021,2020,10,2,-0.0519295256751,-0.051381560005,-0.00308924148669,-0.00297931891006,-0.90303030303,191,137685,-0.043726198838,-0.0438374258804,0.00054952118935,0.000469227355576,0.10303030303,248,246906
PRIMARY_VERIFIED,BASIC_LIQUID,2022,2021,10,2,-0.0472953000359,-0.0467638925376,-0.00103363068109,-0.000765770248777,-0.69696969697,439,384591,-0.0449628961604,-0.040587409631,-0.00209868088041,-0.00205250636346,-0.951515151515,248,267165
PRIMARY_VERIFIED,BASIC_LIQUID,2023,2022,10,2,-0.0464533260022,-0.044473642843,-0.00141810295101,-0.00129725557082,-0.90303030303,687,651756,-0.0336561105217,-0.0335739870497,-0.00102790404874,-0.000960200150621,-0.515151515152,245,287050
PRIMARY_VERIFIED,BASIC_LIQUID,2024,2023,10,2,-0.0430892511174,-0.0410641002789,-0.00131552920524,-0.00119469119543,-0.878787878788,932,938806,-0.0483990862028,-0.0394846822054,-0.00216578111782,-0.0021180182865,-0.975757575758,248,346240
PRIMARY_VERIFIED,BASIC_LIQUID,2025,2024,10,2,-0.0442052164574,-0.0403089392485,-0.00149422621738,-0.00144199533335,-0.915151515152,1180,1285046,-0.0177331357277,-0.00847723257403,-0.00143208546663,-0.00140703263224,-0.90303030303,248,346056
PRIMARY_VERIFIED,BASIC_LIQUID,2026,2025,10,2,-0.0396078242858,-0.0355785226905,-0.00148343426627,-0.00143709066074,-0.987878787879,1428,1631102,-0.0192817576234,-0.0064743053557,-0.00165694724467,-0.00169199129162,-0.939393939394,130,195706
PRIMARY_VERIFIED,BASIC_LIQUID,2021,2020,10,3,-0.0535492422159,-0.0524471211554,-0.00427814318406,-0.00386810000562,-0.806060606061,191,137613,-0.0413881068929,-0.0414596136285,0.00129855903636,0.0011961342706,0.248484848485,248,246632
PRIMARY_VERIFIED,BASIC_LIQUID,2022,2021,10,3,-0.046679170325,-0.0463790544421,-0.00112775104132,-0.000617200483793,-0.490909090909,439,384245,-0.0445835701467,-0.0308034696316,-0.00230941879526,-0.00224652872316,-0.975757575758,248,266957
PRIMARY_VERIFIED,BASIC_LIQUID,2023,2022,10,3,-0.0459226800132,-0.0419465868056,-0.00155432106021,-0.00129411367029,-0.878787878788,687,651202,-0.0317788319772,-0.0328904886788,-0.000753376436949,-0.000634423593834,-0.539393939394,245,286717
PRIMARY_VERIFIED,BASIC_LIQUID,2024,2023,10,3,-0.0422046083728,-0.0398611621242,-0.00134377231268,-0.00109373413548,-0.878787878788,932,937919,-0.0469159119374,-0.038807966276,-0.00201213839353,-0.00191340909774,-0.818181818182,248,345673
PRIMARY_VERIFIED,BASIC_LIQUID,2025,2024,10,3,-0.0431947806474,-0.0393870898152,-0.00148424247204,-0.00131134321356,-0.890909090909,1180,1283592,-0.0170030761579,-0.00661763842125,-0.00155888041595,-0.00151636942591,-0.890909090909,248,345682
PRIMARY_VERIFIED,BASIC_LIQUID,2026,2025,10,3,-0.0386460812683,-0.0344911555327,-0.00149720480404,-0.0013597009531,-0.915151515152,1428,1629274,-0.0186524716165,0.000662811269983,-0.00155743753752,-0.00164315472233,-0.793939393939,129,194000
PRIMARY_VERIFIED,BASIC_LIQUID,2021,2020,10,5,-0.0526096214228,-0.0566604036545,-0.00529777939158,-0.00434528935884,-0.721212121212,191,137479,-0.0331672447451,-0.0380132288528,0.00418491555614,0.0039947041426,0.6,248,246114
PRIMARY_VERIFIED,BASIC_LIQUID,2022,2021,10,5,-0.0416262286755,-0.0434871951067,5.91872303661e-05,0.0010120556656,0.321212121212,439,383593,-0.0418661005465,-0.0275937315177,-0.00203045353832,-0.00189766448956,-0.866666666667,248,266557
PRIMARY_VERIFIED,BASIC_LIQUID,2023,2022,10,5,-0.0417128199768,-0.0375109159184,-0.000695151795304,-0.000205155953238,-0.660606060606,687,650150,-0.0279082940262,-0.0216353738587,-0.000286029713363,-0.000201529569085,-0.442424242424,245,286095
PRIMARY_VERIFIED,BASIC_LIQUID,2024,2023,10,5,-0.0380839478117,-0.0313379915092,-0.000587603608528,-0.000205738296645,-0.745454545455,932,936245,-0.0438975052359,-0.0317614735476,-0.00175649907086,-0.00156431208921,-0.721212121212,248,344626
PRIMARY_VERIFIED,BASIC_LIQUID,2025,2024,10,5,-0.0393057802195,-0.0315070489413,-0.000833269773493,-0.000561845000591,-0.781818181818,1180,1280871,-0.017548474741,-0.0148501148251,-0.00212884551456,-0.00210281466257,-0.818181818182,248,344973
PRIMARY_VERIFIED,BASIC_LIQUID,2026,2025,10,5,-0.0355272005565,-0.0280847666164,-0.00105827172292,-0.000899529131678,-0.806060606061,1428,1625844,-0.0184404069591,-0.00795554674051,-0.0017364462095,-0.00190417318614,-0.757575757576,127,190620
PRIMARY_VERIFIED,BASIC_LIQUID,2021,2020,10,10,-0.0441044206287,-0.0379265975085,-0.00926941100996,-0.00694253854862,-0.866666666667,191,137191,-0.0147906315017,-0.0150639358192,0.00988780001244,0.00942871059931,0.975757575758,248,244912
PRIMARY_VERIFIED,BASIC_LIQUID,2022,2021,10,10,-0.0275444668622,-0.0205091492541,0.00155288587741,0.00359462974696,0.890909090909,439,382103,-0.0275186957295,-0.0108989093754,0.00102626055861,0.00119341960041,-0.393939393939,248,265640
PRIMARY_VERIFIED,BASIC_LIQUID,2023,2022,10,10,-0.0275351637459,-0.0190328207993,0.00136277950323,0.00252420780894,0.551515151515,687,647743,-0.018897821101,-0.0105336685779,0.000398714427087,0.000219580992757,-0.29696969697,245,284714
PRIMARY_VERIFIED,BASIC_LIQUID,2024,2023,10,10,-0.0252646176643,-0.0172048921884,0.00110935037913,0.00182061871276,0.127272727273,932,932457,-0.0253353611851,-0.0131768558831,0.000138255292997,0.00052521854328,0.369696969697,248,342207
PRIMARY_VERIFIED,BASIC_LIQUID,2025,2024,10,10,-0.0252794857941,-0.0158803357721,0.000905255818658,0.00151598050431,0.309090909091,1180,1274664,-0.000709985843369,-0.00217757581959,-0.000609616978261,-0.000698848454161,0.369696969697,248,343403
PRIMARY_VERIFIED,BASIC_LIQUID,2026,2025,10,10,-0.0210125138139,-0.0135851425638,0.000642168666252,0.00100742045454,0.248484848485,1428,1618067,-0.0282089343088,-0.0192645306484,-0.0027951756342,-0.00305302188558,-0.793939393939,122,182259
PRIMARY_VERIFIED,BASIC_LIQUID,2021,2020,10,20,-0.0462700259796,-0.0415460194504,-0.0163841711687,-0.0130895107715,-0.890909090909,191,136664,0.0086042449986,0.0126149736576,0.0169190218323,0.0168500629753,0.975757575758,248,242893
PRIMARY_VERIFIED,BASIC_LIQUID,2022,2021,10,20,-0.0152704378188,-0.0105451313259,0.0024294777248,0.00623135957368,0.927272727273,439,379557,-0.00770020024291,0.00635308211944,0.0070685787371,0.00778786901463,0.369696969697,248,263946
PRIMARY_VERIFIED,BASIC_LIQUID,2023,2022,10,20,-0.0125376591888,-0.00533463501272,0.00410414592138,0.00662955158031,0.90303030303,687,643503,-0.0147658764877,-0.00072252968698,0.000287027714519,-7.49646329207e-06,-0.175757575758,245,282263
PRIMARY_VERIFIED,BASIC_LIQUID,2024,2023,10,20,-0.0131234030066,-0.00437718768142,0.00310071892494,0.00461044944614,0.806060606061,932,925766,-0.0077661110328,0.000517822864898,0.00216262564998,0.00343294982236,0.890909090909,248,338042
PRIMARY_VERIFIED,BASIC_LIQUID,2025,2024,10,20,-0.0119974636765,-0.00304444422789,0.00290356033834,0.00446347090988,0.842424242424,1180,1263808,0.00960904902282,0.00763956916212,0.00272183334859,0.00231832015107,0.806060606061,248,340502
PRIMARY_VERIFIED,BASIC_LIQUID,2026,2025,10,20,-0.00824507211531,-0.00129014651465,0.00287199990875,0.00390456152974,0.915151515152,1428,1604310,-0.0435712244224,-0.0387271721693,-0.00899371817021,-0.00899534427662,-0.818181818182,112,165924
PRIMARY_VERIFIED,BASIC_LIQUID,2021,2020,20,1,-0.0475855719664,-0.0422684916746,-0.00152499657352,-0.00132153673666,-0.939393939394,191,137542,-0.0322885413403,-0.0291738409519,0.000746309988458,0.0007572611108,0.806060606061,248,246622
PRIMARY_VERIFIED,BASIC_LIQUID,2022,2021,20,1,-0.0389439692437,-0.0345421225432,-0.000241889449668,1.22874635418e-05,0.321212121212,439,384164,-0.0340890040127,-0.024844783488,-0.000747649458925,-0.000716418721366,-0.927272727273,248,266464
PRIMARY_VERIFIED,BASIC_LIQUID,2023,2022,20,1,-0.0371913762636,-0.0312625822501,-0.000424463659706,-0.000287302998605,-0.490909090909,687,650628,-0.0246944584114,-0.0263285682596,-0.00024307377502,-0.000229040532234,0.00606060606061,245,286594
PRIMARY_VERIFIED,BASIC_LIQUID,2024,2023,20,1,-0.0339062422789,-0.0290777638552,-0.000376780696457,-0.000269443175824,-0.369696969697,932,937222,-0.0253643592983,-0.0200451519332,-0.000223577902954,-0.000212744065348,0.175757575758,248,345621
PRIMARY_VERIFIED,BASIC_LIQUID,2025,2024,20,1,-0.0321109990762,-0.0266859485853,-0.000344582143246,-0.000254112008351,-0.0545454545455,1180,1282843,-0.00681290485155,0.000527743011593,-0.00053603140948,-0.000531882169025,-0.527272727273,248,345248
PRIMARY_VERIFIED,BASIC_LIQUID,2026,2025,20,1,-0.0277174925162,-0.0222425822858,-0.000377831035421,-0.000313970327949,-0.29696969697,1428,1628091,-0.0138262029071,-0.0123509427069,-0.000762970783452,-0.000766766731846,-0.648484848485,131,196984
PRIMARY_VERIFIED,BASIC_LIQUID,2021,2020,20,2,-0.0523650442198,-0.0502310514532,-0.00350918827984,-0.00299502858791,-0.963636363636,191,137469,-0.0293777365551,-0.0277414351007,0.000985274650633,0.000972826513566,0.830303030303,248,246349
PRIMARY_VERIFIED,BASIC_LIQUID,2022,2021,20,2,-0.0393790480903,-0.0397769391237,-0.000970175052601,-0.000449127840459,-0.163636363636,439,383818,-0.0345592684002,-0.0253294035035,-0.00115007699513,-0.00109851671615,-0.975757575758,248,266249
PRIMARY_VERIFIED,BASIC_LIQUID,2023,2022,20,2,-0.037639156732,-0.0330067338158,-0.00103511782079,-0.000719203042909,-0.6,687,650067,-0.0239449684375,-0.0209954575948,-0.000460802742406,-0.000434153882713,-0.0545454545455,245,286250
PRIMARY_VERIFIED,BASIC_LIQUID,2024,2023,20,2,-0.0340392896374,-0.0289071291056,-0.000884144436452,-0.000632265622607,-0.539393939394,932,936317,-0.0217236101716,-0.0135307131669,0.000130732421617,0.000171988487751,0.369696969697,248,345048
PRIMARY_VERIFIED,BASIC_LIQUID,2025,2024,20,2,-0.0314509095463,-0.0252415296099,-0.000670848283231,-0.000415583701276,-0.0424242424242,1180,1281365,-0.00749443846873,-0.00186975206724,-0.000595659135735,-0.000578393182875,-0.563636363636,248,344865
PRIMARY_VERIFIED,BASIC_LIQUID,2026,2025,20,2,-0.0272904019642,-0.0226021427363,-0.000657790224002,-0.000453187421727,-0.2,1428,1626230,-0.0202657526918,-0.0126529726493,-0.00192174177351,-0.00192717818394,-0.854545454545,130,195249
PRIMARY_VERIFIED,BASIC_LIQUID,2021,2020,20,3,-0.0552172694012,-0.0522655591732,-0.0047861153522,-0.00387733087942,-0.975757575758,191,137397,-0.0251585001996,-0.0201218478815,0.00184243989372,0.00183856142304,0.915151515152,248,246076
PRIMARY_VERIFIED,BASIC_LIQUID,2022,2021,20,3,-0.0382364612873,-0.0306796351915,-0.00104151011077,-0.000208810179922,0.224242424242,439,383473,-0.0332618839339,-0.0219433707772,-0.000915333958535,-0.000842088999212,-0.842424242424,248,266042
PRIMARY_VERIFIED,BASIC_LIQUID,2023,2022,20,3,-0.0364406895498,-0.0253142613764,-0.00099596180545,-0.000477610826035,-0.406060606061,687,649515,-0.0225025866687,-0.0204815985884,-0.000286162247373,-0.000232442292626,0.187878787879,245,285919
PRIMARY_VERIFIED,BASIC_LIQUID,2024,2023,20,3,-0.0327767032774,-0.0239526973545,-0.000809372865827,-0.000403271672844,-0.393939393939,932,935434,-0.0180323539758,-0.00906092650194,0.00100812169874,0.00108033020034,0.551515151515,248,344488
PRIMARY_VERIFIED,BASIC_LIQUID,2025,2024,20,3,-0.0296778908818,-0.0210876655804,-0.000427390957342,-3.47170717796e-06,0.272727272727,1180,1279922,-0.00606231146154,-0.00881286809277,-0.000354378660174,-0.000324338733615,-0.393939393939,248,344492
PRIMARY_VERIFIED,BASIC_LIQUID,2026,2025,20,3,-0.0255765857724,-0.0193795857031,-0.000414710950551,-7.7387826315e-05,0.151515151515,1428,1624414,-0.0200893462578,-0.00458027074396,-0.00258542838234,-0.00262662806518,-0.878787878788,129,193545
PRIMARY_VERIFIED,BASIC_LIQUID,2021,2020,20,5,-0.0601291350877,-0.0425937327868,-0.00648965813021,-0.00481261444276,-0.915151515152,191,137263,-0.0136178595563,-0.00849431151267,0.00453626825153,0.0044624243388,0.987878787879,248,245559
PRIMARY_VERIFIED,BASIC_LIQUID,2022,2021,20,5,-0.0338539726007,-0.0234688961633,-0.000260888784718,0.00114685331049,0.866666666667,439,382822,-0.0300547094092,-0.0174008774198,0.000741084040966,0.000900615307733,-0.29696969697,248,265643
PRIMARY_VERIFIED,BASIC_LIQUID,2023,2022,20,5,-0.0324824773001,-0.0204616620365,0.000100813196024,0.00101987879083,0.551515151515,687,648465,-0.0198961909485,-0.0154817136415,-3.4707357616e-05,6.19596419228e-06,0.272727272727,245,285302
PRIMARY_VERIFIED,BASIC_LIQUID,2024,2023,20,5,-0.0291738505231,-0.0192413316034,6.51881577819e-05,0.000709412793841,0.6,932,933767,-0.0131638998089,-0.00563202433595,0.00233635350423,0.00246382696054,0.660606060606,248,343448
PRIMARY_VERIFIED,BASIC_LIQUID,2025,2024,20,5,-0.0258090473222,-0.0161408037548,0.000542517823816,0.00118715523223,0.721212121212,1180,1277215,-0.00680919246047,-0.0167155530771,-0.000568776681597,-0.000556955140791,-0.309090909091,248,343789
PRIMARY_VERIFIED,BASIC_LIQUID,2026,2025,20,5,-0.0225093526403,-0.0162839322488,0.000349519898506,0.000803686536558,0.430303030303,1428,1621004,-0.0224721115918,-0.00570695526494,-0.00359780739975,-0.00370674045648,-0.878787878788,127,190171
PRIMARY_VERIFIED,BASIC_LIQUID,2021,2020,20,10,-0.0556737165362,-0.041372743986,-0.00966783116356,-0.00646959093112,-0.915151515152,191,136976,0.00551492556238,0.0110524859494,0.0118342087786,0.011328425267,0.987878787879,248,244362
PRIMARY_VERIFIED,BASIC_LIQUID,2022,2021,20,10,-0.021107012116,-0.00829113683649,0.0024791071181,0.00499632211993,0.939393939394,439,381338,-0.013217094308,-0.00272615827964,0.00560545422536,0.00582481780089,0.527272727273,248,264732
PRIMARY_VERIFIED,BASIC_LIQUID,2023,2022,20,10,-0.0182588321795,-0.00645690707523,0.00360768656875,0.00524464309232,0.90303030303,687,646070,-0.0161945025973,-0.012496503666,0.000548145457064,0.000354480685479,0.393939393939,245,283930
PRIMARY_VERIFIED,BASIC_LIQUID,2024,2023,20,10,-0.0177161704331,-0.00685445610314,0.00280340805763,0.00375227027121,0.951515151515,932,930000,-0.00658227971222,0.00734620547108,0.00478498657138,0.00514587276823,0.963636363636,248,341046
PRIMARY_VERIFIED,BASIC_LIQUID,2025,2024,20,10,-0.0153761662816,-0.0036050478847,0.00321987540629,0.00416805450877,0.963636363636,1180,1271046,0.00491224407178,-0.0129616382185,0.00130256035024,0.00113574627043,0.648484848485,248,342225
PRIMARY_VERIFIED,BASIC_LIQUID,2026,2025,20,10,-0.0118526888533,-0.00489633718959,0.00288689632092,0.00348062331883,0.987878787879,1428,1613271,-0.0327298219185,-0.0184132545674,-0.00649254812368,-0.00658486485647,-0.830303030303,122,181829
PRIMARY_VERIFIED,BASIC_LIQUID,2021,2020,20,20,-0.0461093134501,-0.0345921977289,-0.0108197383288,-0.00679895535415,-0.721212121212,191,136449,0.00572842606837,0.00907666133856,0.0197482031858,0.0198642430248,0.951515151515,248,242347
PRIMARY_VERIFIED,BASIC_LIQUID,2022,2021,20,20,-0.0168251234715,-0.00703033295302,0.00644871154732,0.0104737879311,0.866666666667,439,378796,-0.00392472818762,0.00668215077803,0.0127182999378,0.0134330941046,0.6,248,263054
PRIMARY_VERIFIED,BASIC_LIQUID,2023,2022,20,20,-0.0121682122191,-0.00605636181943,0.008711969074,0.0114414718681,0.830303030303,687,641850,-0.0115182889327,0.00819276976048,0.000650230458398,6.70034175054e-05,0.369696969697,245,281485
PRIMARY_VERIFIED,BASIC_LIQUID,2024,2023,20,20,-0.0119973632865,-0.00181474301318,0.00659273521046,0.00796883759653,0.781818181818,932,923335,-0.00334191972637,0.0100255135872,0.00846149284417,0.0101434749884,0.987878787879,248,336912
PRIMARY_VERIFIED,BASIC_LIQUID,2025,2024,20,20,-0.0101782531146,0.000593242868131,0.00698549105212,0.00870734594878,0.951515151515,1180,1260247,0.0160501486028,0.00750904094475,0.00311687677432,0.00262550197866,0.890909090909,248,339332
PRIMARY_VERIFIED,BASIC_LIQUID,2026,2025,20,20,-0.00562318054739,0.00132562785808,0.00631363086942,0.0072894955891,0.963636363636,1428,1599579,-0.0393435961162,-0.0469379926787,-0.00993941201046,-0.00968154118035,-0.636363636364,112,165559
PRIMARY_VERIFIED,BASIC_LIQUID,2021,2020,40,1,-0.035293961142,-0.0318560422035,-0.000248819318085,-6.41289677267e-05,-0.587878787879,191,136654,-0.0308240693097,-0.024025690461,0.00062426517623,0.000644280931564,0.818181818182,248,243940
PRIMARY_VERIFIED,BASIC_LIQUID,2022,2021,40,1,-0.0327688286262,-0.0280192006899,0.0002444038131,0.000389532043801,0.2,439,380594,-0.0247124111349,-0.0134488529389,8.14889765763e-06,6.99721957627e-06,0.0181818181818,248,263413
PRIMARY_VERIFIED,BASIC_LIQUID,2023,2022,40,1,-0.0298605440005,-0.023724006123,0.000159118195881,0.000231519487539,0.175757575758,687,644007,-0.0225142802618,-0.0194185849695,-0.000220654904227,-0.000207551540158,0.345454545455,245,283136
PRIMARY_VERIFIED,BASIC_LIQUID,2024,2023,40,1,-0.0279293909791,-0.0224241944365,5.92851384489e-05,9.74515703995e-05,0.369696969697,932,927143,-0.0194698012791,-0.0168576700054,0.000213051995957,0.000225401589377,0.357575757576,248,339486
PRIMARY_VERIFIED,BASIC_LIQUID,2025,2024,40,1,-0.0261514433133,-0.021689825916,9.16022407048e-05,0.000131809234648,0.369696969697,1180,1266629,-0.00563551872205,0.00133945566954,-0.000831609341734,-0.000828336874383,-0.660606060606,248,339469
PRIMARY_VERIFIED,BASIC_LIQUID,2026,2025,40,1,-0.0225884536084,-0.0169660728575,-6.87314234722e-05,-7.22551718719e-05,0.2,1428,1606098,0.0079798182657,0.0116845036733,8.59785816086e-06,-3.37107771849e-05,-0.030303030303,131,195167
PRIMARY_VERIFIED,BASIC_LIQUID,2021,2020,40,2,-0.0366968433037,-0.0385704803738,-0.00130259548423,-0.000876775510082,-0.660606060606,191,136582,-0.0274819577006,-0.0216042151673,0.00141242730583,0.00143096468873,0.878787878788,248,243677
PRIMARY_VERIFIED,BASIC_LIQUID,2022,2021,40,2,-0.0314911676099,-0.0282070419264,0.000231175932474,0.000602890917645,0.139393939394,439,380259,-0.0218397061769,-0.012102503772,6.66920674123e-05,5.56276735479e-05,0.0666666666667,248,263209
PRIMARY_VERIFIED,BASIC_LIQUID,2023,2022,40,2,-0.0280070883735,-0.0224048823625,0.000171798933151,0.000373843224797,0.0909090909091,687,643468,-0.0198870425297,-0.0153299658272,-0.000535481418299,-0.000514476765029,0.260606060606,245,282806
PRIMARY_VERIFIED,BASIC_LIQUID,2024,2023,40,2,-0.0258725269661,-0.0208117737558,-1.41277686788e-05,0.000102707916999,0.224242424242,932,926274,-0.0145820004331,-0.00695620286391,0.000371812406201,0.00040765001426,0.418181818182,248,338963
PRIMARY_VERIFIED,BASIC_LIQUID,2025,2024,40,2,-0.0234996027456,-0.0172702270148,6.6985081635e-05,0.000185051953188,0.418181818182,1180,1265237,-0.00563967819681,-0.00367367328965,-0.00142820735704,-0.00141159729502,-0.575757575758,248,339108
PRIMARY_VERIFIED,BASIC_LIQUID,2026,2025,40,2,-0.0203978791545,-0.0136556223383,-0.000192684193428,-0.000155735550636,0.115151515152,1428,1604345,0.00964357398273,0.0237481358556,-3.33402807835e-05,-0.000133397990098,-0.030303030303,130,193452
PRIMARY_VERIFIED,BASIC_LIQUID,2021,2020,40,3,-0.0363566418681,-0.0461942273103,-0.00229537698545,-0.00147953950523,-0.684848484848,191,136511,-0.0249311831521,-0.0213297837712,0.00236411553112,0.00237722066787,0.987878787879,248,243413
PRIMARY_VERIFIED,BASIC_LIQUID,2022,2021,40,3,-0.0299021686071,-0.0298097433589,0.000336864800676,0.000995956469853,0.551515151515,439,379924,-0.0212075983903,-0.00168120525748,0.000422410288595,0.000389632666017,0.0787878787879,248,263012
PRIMARY_VERIFIED,BASIC_LIQUID,2023,2022,40,3,-0.0267635173498,-0.0206415708196,0.000367745850172,0.000736619912048,0.321212121212,687,642936,-0.0176666910417,-0.0156066101305,-0.000519491868972,-0.000480268640984,0.454545454545,245,282489
PRIMARY_VERIFIED,BASIC_LIQUID,2024,2023,40,3,-0.0243721842538,-0.0187369091758,0.000134512758766,0.000365238930037,0.527272727273,932,925425,-0.0106993989051,-0.0127144369727,0.00120897035956,0.00128448394912,0.551515151515,248,338447
PRIMARY_VERIFIED,BASIC_LIQUID,2025,2024,40,3,-0.0214985819093,-0.0174401566932,0.00036033096639,0.000612962911219,0.490909090909,1180,1263872,-0.00363506042428,-0.00193852515305,-0.00165645519205,-0.00160315120973,-0.393939393939,248,338758
PRIMARY_VERIFIED,BASIC_LIQUID,2026,2025,40,3,-0.0183962336402,-0.0156023767236,1.00767876137e-05,0.00013816607701,0.393939393939,1428,1602630,0.014358381785,0.0225166600807,0.000270937991402,0.000126625939612,0.115151515152,129,191772
PRIMARY_VERIFIED,BASIC_LIQUID,2021,2020,40,5,-0.0349149047422,-0.0420027160637,-0.00229091060127,-0.000751942472287,-0.6,191,136379,-0.0183207212049,-0.0159804498934,0.00508462025676,0.0050345373179,0.987878787879,248,242915
PRIMARY_VERIFIED,BASIC_LIQUID,2022,2021,40,5,-0.0255405140423,-0.0279811681215,0.00187567630714,0.00297471321722,0.975757575758,439,379294,-0.0193131601191,-0.004757819685,0.00216289965841,0.00212979764825,0.224242424242,248,262630
PRIMARY_VERIFIED,BASIC_LIQUID,2023,2022,40,5,-0.023292502728,-0.0174539916485,0.00197936101036,0.00259956904382,0.539393939394,687,641924,-0.0146374448276,-0.00573604839075,-0.000102331228896,-1.48231586947e-05,0.478787878788,245,281895
PRIMARY_VERIFIED,BASIC_LIQUID,2024,2023,40,5,-0.0210172997391,-0.0147700499218,0.00143213504618,0.0018019582045,0.612121212121,932,923819,-0.00776974782511,-0.00255610612931,0.00250252228928,0.00264923787976,0.551515151515,248,337491
PRIMARY_VERIFIED,BASIC_LIQUID,2025,2024,40,5,-0.0182330684894,-0.0110932277533,0.0016570977888,0.00203534130354,0.6,1180,1261310,-0.00240611473824,-0.0105727021945,-0.00243104249351,-0.00237058537217,-0.236363636364,248,338096
PRIMARY_VERIFIED,BASIC_LIQUID,2026,2025,40,5,-0.0154844098547,-0.010920658925,0.000947112641729,0.00108941956977,0.478787878788,1428,1599406,0.0175798517825,0.0287116959898,0.000634098498587,0.00042606068927,0.0666666666667,127,188441
PRIMARY_VERIFIED,BASIC_LIQUID,2021,2020,40,10,-0.0270381452637,-0.0423566560611,-0.000218512860196,0.00289072403853,-0.381818181818,191,136098,-0.0093698181177,-0.00763498144635,0.0106436432121,0.0101727494013,1,248,241760
PRIMARY_VERIFIED,BASIC_LIQUID,2022,2021,40,10,-0.0170569490628,-0.0181944726841,0.00591773931732,0.00766069783331,0.963636363636,439,377858,-0.0084898718711,0.00544865341968,0.00670800782545,0.00665930028748,0.636363636364,248,261734
PRIMARY_VERIFIED,BASIC_LIQUID,2023,2022,40,10,-0.0139643214885,-0.00813591708262,0.00620301819653,0.00714973781614,0.890909090909,687,639592,-0.0122345925831,-0.00206969249176,0.000999782565168,0.000992820034506,0.587878787879,245,280560
PRIMARY_VERIFIED,BASIC_LIQUID,2024,2023,40,10,-0.0135096180745,-0.00690931810991,0.0048352148385,0.0052729006616,0.854545454545,932,920152,-0.0031491359448,0.00250205040036,0.00527103120586,0.00559337070159,0.624242424242,248,335291
PRIMARY_VERIFIED,BASIC_LIQUID,2025,2024,40,10,-0.0113321608133,-0.00478105886363,0.00492681014283,0.00539286767111,0.745454545455,1180,1255443,0.00355967277066,-0.0159540539264,-0.00267948608102,-0.00284075800032,0.212121212121,248,336619
PRIMARY_VERIFIED,BASIC_LIQUID,2026,2025,40,10,-0.00874590400044,-0.00668456714875,0.0036058287258,0.00360461668116,0.624242424242,1428,1592062,0.0199664462892,0.0218041943508,0.00319084761306,0.00293022002035,0.248484848485,122,180179
PRIMARY_VERIFIED,BASIC_LIQUID,2021,2020,40,20,-0.0181920632605,-0.0043937190804,0.00429935131035,0.00888624569637,-0.10303030303,191,135573,-0.0010023165218,0.00238209428803,0.0194565015435,0.019241848451,0.915151515152,248,239790
PRIMARY_VERIFIED,BASIC_LIQUID,2022,2021,40,20,-0.00848122683406,0.000272586757999,0.0128619327632,0.0158279257128,0.878787878788,439,375363,0.0042529404842,0.0154023654329,0.012710293406,0.0134147209975,0.951515151515,248,260072
PRIMARY_VERIFIED,BASIC_LIQUID,2023,2022,40,20,-0.00388432218351,0.00565664671797,0.0128071925004,0.0145484018841,0.951515151515,687,635435,-0.0101031557705,-0.00809070178818,0.00146537370862,0.00138422045646,0.490909090909,245,278156
PRIMARY_VERIFIED,BASIC_LIQUID,2024,2023,40,20,-0.00551910139896,0.00236060308427,0.00982570580081,0.0105377506381,0.963636363636,932,913591,0.00637259262092,0.0116260389233,0.00911407349854,0.0102592459329,0.963636363636,248,331424
PRIMARY_VERIFIED,BASIC_LIQUID,2025,2024,40,20,-0.00301983011343,0.00355437303429,0.00967614240169,0.0106024012641,0.963636363636,1180,1245015,0.00293790456089,-0.0176700632774,-0.00277718634619,-0.00333512714281,0.321212121212,248,333860
PRIMARY_VERIFIED,BASIC_LIQUID,2026,2025,40,20,-0.00198515350332,0.00144072327254,0.00751337942587,0.00751370062509,0.806060606061,1428,1578875,0.024935241453,0.0381326495143,0.00673127844858,0.00704516116913,0.236363636364,112,164039
PRIMARY_VERIFIED,BASIC_LIQUID,2021,2020,60,1,-0.0319263268728,-0.0185682360041,-0.000754865794555,-0.000485930107896,-0.624242424242,185,132467,-0.0282128498582,-0.0203378566134,0.00110769727533,0.00108262266017,0.890909090909,248,241325
PRIMARY_VERIFIED,BASIC_LIQUID,2022,2021,60,1,-0.0297994393448,-0.0200466406513,0.000311913977575,0.000526094442962,0.236363636364,433,373792,-0.0152501443814,-0.0113067081954,0.000215629743126,0.000236804928155,0.442424242424,248,260287
PRIMARY_VERIFIED,BASIC_LIQUID,2023,2022,60,1,-0.0245010176841,-0.0176682553052,0.000276850115397,0.000405873517937,0.454545454545,681,634079,-0.0179946165449,-0.0131854711239,0.000277373809379,0.00028139711864,0.636363636364,245,280207
PRIMARY_VERIFIED,BASIC_LIQUID,2024,2023,60,1,-0.0227795616592,-0.0165106131084,0.00027698867374,0.000367780671002,0.478787878788,926,914286,-0.0112058892077,-0.0118716467169,0.000420901031099,0.000413620979163,0.539393939394,248,333723
PRIMARY_VERIFIED,BASIC_LIQUID,2025,2024,60,1,-0.0203346972912,-0.0156868649244,0.00030738923986,0.000380018300112,0.612121212121,1174,1248009,-0.00650788839183,-0.00128727138655,-0.000674126994345,-0.00066519914927,-0.866666666667,248,333905
PRIMARY_VERIFIED,BASIC_LIQUID,2026,2025,60,1,-0.017923270704,-0.0133199252514,0.000136210599858,0.000158620610625,0.127272727273,1422,1581914,0.0161771579753,0.027008990492,0.000224757653511,0.000183849793552,0.50303030303,131,193272
PRIMARY_VERIFIED,BASIC_LIQUID,2021,2020,60,2,-0.0312160330734,-0.0189288826113,-0.0016980988614,-0.00114929045442,-0.612121212121,185,132399,-0.0228716850641,-0.0215689144461,0.00214793038929,0.00206788591706,0.939393939394,248,241078
PRIMARY_VERIFIED,BASIC_LIQUID,2022,2021,60,2,-0.0264368222043,-0.0205540617815,0.000504707730223,0.000927642416638,0.357575757576,433,373477,-0.010623261426,-0.00428669836379,0.00048366455688,0.000533937696574,0.636363636364,248,260091
PRIMARY_VERIFIED,BASIC_LIQUID,2023,2022,60,2,-0.0206779924348,-0.0163170582925,0.000497044430679,0.000761711208461,0.684848484848,681,633568,-0.0128721372577,-0.0120709801083,0.000425703942332,0.000449786052277,0.624242424242,245,279885
PRIMARY_VERIFIED,BASIC_LIQUID,2024,2023,60,2,-0.0186127283761,-0.0137448417188,0.000478169247477,0.000666189432337,0.6,926,913453,-0.0052085300217,-0.00471419694502,0.000874733008369,0.000879498506175,0.709090909091,248,333246
PRIMARY_VERIFIED,BASIC_LIQUID,2025,2024,60,2,-0.0157811771053,-0.0118961700219,0.000561940808552,0.000723434694577,0.636363636364,1174,1246699,-0.00679063895707,-0.00265842768888,-0.00128773431303,-0.00124618436428,-0.660606060606,248,333567
PRIMARY_VERIFIED,BASIC_LIQUID,2026,2025,60,2,-0.0142132070204,-0.00993186145948,0.000239353304929,0.000305636819994,0.309090909091,1422,1580266,0.0185746373639,0.0229366433932,0.000409120606933,0.000326100754869,0.29696969697,130,191576
PRIMARY_VERIFIED,BASIC_LIQUID,2021,2020,60,3,-0.0311953200662,-0.024462840115,-0.00222985316029,-0.00129263945742,-0.50303030303,185,132331,-0.0192874318074,-0.019114397425,0.00335803173657,0.00321862987679,0.939393939394,248,240831
PRIMARY_VERIFIED,BASIC_LIQUID,2022,2021,60,3,-0.0243750976917,-0.0191345828145,0.000970598235598,0.0016225723893,0.854545454545,433,373162,-0.00794068903462,0.00917123388287,0.00117173314847,0.00125297998065,0.721212121212,248,259902
PRIMARY_VERIFIED,BASIC_LIQUID,2023,2022,60,3,-0.0183901735405,-0.0106441652982,0.00104384560475,0.00146195423745,0.781818181818,681,633064,-0.0100156802072,-0.0126208943337,0.000646995898155,0.00069835854905,0.684848484848,245,279575
PRIMARY_VERIFIED,BASIC_LIQUID,2024,2023,60,3,-0.0161744598616,-0.0113221865994,0.000938847572226,0.00122811044827,0.709090909091,926,912639,-0.0020545249619,0.00383363400079,0.00170097784649,0.00172700658177,0.781818181818,248,332777
PRIMARY_VERIFIED,BASIC_LIQUID,2025,2024,60,3,-0.013191713818,-0.00659695751168,0.00109984272386,0.00136214854179,0.806060606061,1174,1245416,-0.00720349269671,0.00329826865451,-0.00158280145225,-0.00150153055385,-0.709090909091,248,333238
PRIMARY_VERIFIED,BASIC_LIQUID,2026,2025,60,3,-0.0121473545789,-0.00558556921427,0.000631983542653,0.00075369196675,0.466666666667,1422,1578654,0.0239261833319,0.0414472265993,0.000994888710365,0.00086036508066,0.418181818182,129,189915
PRIMARY_VERIFIED,BASIC_LIQUID,2021,2020,60,5,-0.0293364628086,-0.0221540173233,-0.00191490639341,-0.000167154190963,-0.515151515152,185,132205,-0.0121826313229,-0.0137120860269,0.00684218125148,0.0066050248692,0.963636363636,248,240368
PRIMARY_VERIFIED,BASIC_LIQUID,2022,2021,60,5,-0.0195116355373,-0.0147622229819,0.00310070038703,0.00422123367032,0.915151515152,433,372573,-0.00347510422801,0.00562667625935,0.00322747715676,0.00338573105818,0.90303030303,248,259533
PRIMARY_VERIFIED,BASIC_LIQUID,2023,2022,60,5,-0.0136716065143,-0.00782186457875,0.00314686872608,0.00385663278464,0.987878787879,681,632106,-0.00697633100335,0.00269228285298,0.00126669412332,0.00131740482889,0.69696969697,245,278996
PRIMARY_VERIFIED,BASIC_LIQUID,2024,2023,60,5,-0.0119001783283,-0.00370449100159,0.00264941432254,0.00307955910879,0.987878787879,926,911102,0.00188480745188,0.0033588093112,0.00299960917162,0.00304381504472,0.866666666667,248,331900
PRIMARY_VERIFIED,BASIC_LIQUID,2025,2024,60,5,-0.00898818814648,-0.00107143654735,0.00272339074722,0.0030747186901,0.927272727273,1174,1243002,-0.00908819895332,-0.00563692641861,-0.00244228314006,-0.00235908769424,-0.672727272727,248,332621
PRIMARY_VERIFIED,BASIC_LIQUID,2026,2025,60,5,-0.00900563025625,-0.00178981710396,0.0018224855967,0.00191736455684,0.733333333333,1422,1575623,0.0286713172545,0.0343636342644,0.0024711447723,0.00226188377053,0.50303030303,127,186620
PRIMARY_VERIFIED,BASIC_LIQUID,2021,2020,60,10,-0.0257074193025,-0.021920233427,-0.000605074985432,0.00254089794481,-0.272727272727,185,131932,0.00121033238752,-0.00453285737605,0.0134881358173,0.0127898213147,0.951515151515,248,239288
PRIMARY_VERIFIED,BASIC_LIQUID,2022,2021,60,10,-0.0102903236463,-0.00986166322883,0.00746678709094,0.00923940313293,0.939393939394,433,371220,0.011327476323,0.0227834027726,0.00907625596164,0.00935349922891,0.987878787879,248,258670
PRIMARY_VERIFIED,BASIC_LIQUID,2023,2022,60,10,-0.00241776213031,-0.00229071545127,0.00805290791316,0.00921895845394,1,681,629890,-0.000283982231241,0.0115477871278,0.00354839738629,0.00354866817734,0.721212121212,245,277702
PRIMARY_VERIFIED,BASIC_LIQUID,2024,2023,60,10,-0.00185320913325,0.00181087478052,0.0068611097716,0.00748693778651,1,926,907592,0.00781821164844,0.0189998099915,0.00619359722743,0.00633456403358,0.951515151515,248,329850
PRIMARY_VERIFIED,BASIC_LIQUID,2025,2024,60,10,0.000189816721824,0.00535890799445,0.00672010201099,0.00720270682503,1,1174,1237442,-0.00960602362713,-0.0126668809548,-0.00274004269063,-0.00294985041094,-0.357575757576,248,331237
PRIMARY_VERIFIED,BASIC_LIQUID,2026,2025,60,10,-0.00151859987912,0.00181087478052,0.00507023148638,0.00502098762971,0.915151515152,1422,1568679,0.0251360263356,0.0321044610357,0.00441176623807,0.00412023142053,0.406060606061,122,178466
PRIMARY_VERIFIED,BASIC_LIQUID,2021,2020,60,20,-0.038741512337,-0.0147526062107,-0.00534815458029,3.12091708165e-05,-0.175757575758,185,131413,0.0181486431373,0.0123040283564,0.0241431114181,0.0230586474457,0.963636363636,248,237388
PRIMARY_VERIFIED,BASIC_LIQUID,2022,2021,60,20,-0.00615777432862,0.000263018807292,0.0115429169384,0.0151575238717,0.915151515152,433,368801,0.0303391815635,0.0366584941219,0.0168199285142,0.0179881361489,0.963636363636,248,257058
PRIMARY_VERIFIED,BASIC_LIQUID,2023,2022,60,20,0.00713333442505,0.0140226238782,0.0134646480262,0.0160714449995,0.987878787879,681,625859,0.0137212958419,0.0123235786335,0.0084461990602,0.00831149123639,0.890909090909,245,275365
PRIMARY_VERIFIED,BASIC_LIQUID,2024,2023,60,20,0.00887636957313,0.0131873308196,0.0121368726519,0.0137212079902,0.987878787879,926,901224,0.0124125735828,0.0163343447834,0.00798759352323,0.00869252868738,0.975757575758,248,326190
PRIMARY_VERIFIED,BASIC_LIQUID,2025,2024,60,20,0.00962337007943,0.0139437454663,0.0112603639432,0.0124811188204,1,1174,1227414,-0.0126480206449,-0.0269853684183,-0.0011308278041,-0.00166627580491,-0.224242424242,248,328607
PRIMARY_VERIFIED,BASIC_LIQUID,2026,2025,60,20,0.00573918941865,0.00886653401227,0.00909931221797,0.00937670605294,1,1422,1556021,0.0218277678078,0.0431238607108,0.00237546891054,0.00274660990367,0.345454545455,112,162518
BROAD_SENSITIVITY,BASIC_LIQUID,2021,2020,5,1,-0.049181605068,-0.0508055323861,-0.00131729392762,-0.00152477001317,-0.963636363636,191,137857,-0.0394718960996,-0.0353624540522,0.000371661529018,0.000340476321421,-0.224242424242,248,247421
BROAD_SENSITIVITY,BASIC_LIQUID,2022,2021,5,1,-0.0436963936234,-0.0422986753079,-0.000363168749383,-0.000327476929889,-0.50303030303,439,385278,-0.0435652463332,-0.0367983219608,-0.00192439645867,-0.00191760986825,-0.975757575758,248,267824
BROAD_SENSITIVITY,BASIC_LIQUID,2023,2022,5,1,-0.0436490507879,-0.0390257494854,-0.00092675604473,-0.000981311305967,-0.90303030303,687,653102,-0.0390838790314,-0.0337762360343,-0.000602300819915,-0.000559685827278,-0.721212121212,245,287732
BROAD_SENSITIVITY,BASIC_LIQUID,2024,2023,5,1,-0.0424489788133,-0.0373273962102,-0.000841464703443,-0.000852443936552,-0.854545454545,932,940834,-0.0437820029913,-0.0407469194689,-0.00155882750498,-0.00152886961364,-0.951515151515,248,347299
BROAD_SENSITIVITY,BASIC_LIQUID,2025,2024,5,1,-0.042729139827,-0.0379320460838,-0.000992232478682,-0.00103455595351,-0.866666666667,1180,1288133,-0.0335668633983,-0.0258743492904,-0.00136062672635,-0.00134042793798,-0.975757575758,248,346942
BROAD_SENSITIVITY,BASIC_LIQUID,2026,2025,5,1,-0.0411379321559,-0.0364194894609,-0.00105621131161,-0.00110017714165,-0.927272727273,1428,1635075,-0.0159456698969,-0.0124070351355,-0.000189221396828,-0.000189238607594,-0.381818181818,171,260023
BROAD_SENSITIVITY,BASIC_LIQUID,2021,2020,5,2,-0.0659459424897,-0.0658780085694,-0.00432782853208,-0.0044881342447,-0.939393939394,191,137783,-0.0512765113609,-0.0502194936828,-0.000683651176808,-0.000765305367641,-0.50303030303,248,247144
BROAD_SENSITIVITY,BASIC_LIQUID,2022,2021,5,2,-0.0576588834465,-0.0548125731847,-0.00226915886441,-0.00209964507676,-0.975757575758,439,384927,-0.0558815432076,-0.0455351277071,-0.00410599872016,-0.00409799125611,-0.987878787879,248,267608
BROAD_SENSITIVITY,BASIC_LIQUID,2023,2022,5,2,-0.05701728173,-0.0530734034664,-0.00293223933635,-0.00292445137313,-0.987878787879,687,652535,-0.0473793643073,-0.041702504312,-0.00143920395911,-0.00134299171094,-0.721212121212,245,287385
BROAD_SENSITIVITY,BASIC_LIQUID,2024,2023,5,2,-0.0544837090169,-0.0476990264668,-0.00253975686058,-0.0024420511836,-0.987878787879,932,939920,-0.0492344117631,-0.0426690128493,-0.00237091534289,-0.00230120024503,-0.951515151515,248,346722
BROAD_SENSITIVITY,BASIC_LIQUID,2025,2024,5,2,-0.0533804668822,-0.0464958433052,-0.00250427152466,-0.00240357839004,-0.987878787879,1180,1286642,-0.0424574765678,-0.0323108340092,-0.00270133645081,-0.00265093139239,-0.987878787879,248,346557
BROAD_SENSITIVITY,BASIC_LIQUID,2026,2025,5,2,-0.0514834769677,-0.0443537968743,-0.0025384956855,-0.00245760706047,-1,1428,1633199,-0.0195226955257,-0.0149667192079,-0.00108864702197,-0.00110012481978,-0.69696969697,170,258236
BROAD_SENSITIVITY,BASIC_LIQUID,2021,2020,5,3,-0.0731431626076,-0.0790624414689,-0.0067424351991,-0.00669979773387,-0.963636363636,191,137711,-0.051865621013,-0.0594161282233,-0.000697717772513,-0.000800771991367,-0.69696969697,248,246870
BROAD_SENSITIVITY,BASIC_LIQUID,2022,2021,5,3,-0.0611230479938,-0.0659976331071,-0.00332765177816,-0.00291634027115,-0.963636363636,439,384581,-0.0623139030686,-0.0592083785843,-0.00583030778031,-0.00581350314759,-0.987878787879,248,267399
BROAD_SENSITIVITY,BASIC_LIQUID,2023,2022,5,3,-0.0615529345419,-0.0619909880583,-0.0042310850948,-0.00411536540759,-1,687,651980,-0.046895556662,-0.0435850646684,-0.00169112132013,-0.00153485331815,-0.721212121212,245,287051
BROAD_SENSITIVITY,BASIC_LIQUID,2024,2023,5,3,-0.0576998684683,-0.0568901203279,-0.00356339075489,-0.00332979920165,-1,932,939031,-0.0477851614466,-0.0337373084878,-0.00268423415947,-0.00258487290192,-0.927272727273,248,346154
BROAD_SENSITIVITY,BASIC_LIQUID,2025,2024,5,3,-0.0556160995349,-0.0508460031854,-0.00337861886026,-0.0031282887483,-1,1180,1285185,-0.0456414854157,-0.0225025905447,-0.00368928187662,-0.00362066427224,-0.987878787879,248,346183
BROAD_SENSITIVITY,BASIC_LIQUID,2026,2025,5,3,-0.0538838136095,-0.0475022207162,-0.00343257154097,-0.00323541927895,-1,1428,1631368,-0.0154747599279,-0.00942044955154,-0.000969682572208,-0.000997906377162,-0.490909090909,169,256453
BROAD_SENSITIVITY,BASIC_LIQUID,2021,2020,5,5,-0.0721013148,-0.0722619385897,-0.00847027475192,-0.00808886624618,-0.951515151515,191,137577,-0.0435812765302,-0.0444162965756,0.000365989537861,0.000158065831667,-0.309090909091,248,246352
BROAD_SENSITIVITY,BASIC_LIQUID,2022,2021,5,5,-0.0559897669847,-0.0598331331866,-0.00347848991396,-0.00279942886486,-0.951515151515,439,383929,-0.059647089305,-0.0453485471194,-0.00658573029065,-0.00650838696251,-0.975757575758,248,266999
BROAD_SENSITIVITY,BASIC_LIQUID,2023,2022,5,5,-0.057310023077,-0.0548112804664,-0.00460017202956,-0.00434438313079,-1,687,650928,-0.0434786441796,-0.0379820038752,-0.00175718103355,-0.00160660872218,-0.69696969697,245,286426
BROAD_SENSITIVITY,BASIC_LIQUID,2024,2023,5,5,-0.0536740919291,-0.0498367292013,-0.00385281924628,-0.00351429102228,-1,932,937354,-0.0496339371342,-0.0387454607666,-0.00400207330765,-0.003854799604,-0.939393939394,248,345106
BROAD_SENSITIVITY,BASIC_LIQUID,2025,2024,5,5,-0.0528249746502,-0.0456362614102,-0.00388418789646,-0.00359935183983,-0.987878787879,1180,1282460,-0.0439149839972,-0.0376082764777,-0.00484027257599,-0.00480403528809,-0.975757575758,248,345474
BROAD_SENSITIVITY,BASIC_LIQUID,2026,2025,5,5,-0.0512775813155,-0.0442941549716,-0.00405023061392,-0.00386106455722,-1,1428,1627934,-0.0109807286353,-0.0146591726195,-0.000802042326232,-0.000873436258155,-0.236363636364,167,252934
BROAD_SENSITIVITY,BASIC_LIQUID,2021,2020,5,10,-0.0464343364301,-0.047691331321,-0.00700466150705,-0.00581089425186,-0.890909090909,191,137289,-0.0254016349439,-0.0284802752589,0.00409094953789,0.00363865437109,0.854545454545,248,245150
BROAD_SENSITIVITY,BASIC_LIQUID,2022,2021,5,10,-0.0345525369573,-0.0366376890617,-0.000736525882572,0.000276303091867,-0.187878787879,439,382439,-0.0377214600224,-0.0204778337001,-0.0047334965554,-0.00471662200171,-0.939393939394,248,266082
BROAD_SENSITIVITY,BASIC_LIQUID,2023,2022,5,10,-0.0356964858949,-0.0297576068158,-0.00217939156942,-0.00184339944331,-0.927272727273,687,648521,-0.0283465550119,-0.0124046313459,-0.000950879906053,-0.000934447778496,-0.624242424242,245,285041
BROAD_SENSITIVITY,BASIC_LIQUID,2024,2023,5,10,-0.0337643688709,-0.026392492567,-0.00185644590684,-0.00157200919636,-0.806060606061,932,933562,-0.0384581949534,-0.0329842844865,-0.00362390082934,-0.00333319915073,-0.927272727273,248,342683
BROAD_SENSITIVITY,BASIC_LIQUID,2025,2024,5,10,-0.034750867912,-0.0271659544644,-0.00222791100919,-0.00201103659799,-0.939393939394,1180,1276245,-0.0211086898813,-0.0186655353063,-0.00241417559001,-0.00251348264269,-0.927272727273,248,343904
BROAD_SENSITIVITY,BASIC_LIQUID,2026,2025,5,10,-0.0323816381139,-0.0257745980559,-0.00226025947981,-0.0021419897645,-0.963636363636,1428,1620149,-0.0133419399173,-0.000403085505218,-0.000859565024634,-0.000995732232354,-0.587878787879,162,244258
BROAD_SENSITIVITY,BASIC_LIQUID,2021,2020,5,20,-0.0449732824669,-0.0406503872344,-0.0145426390929,-0.0121005524405,-0.890909090909,191,136762,-0.00411020017465,-0.00608609442229,0.00848552026269,0.00813478238637,0.878787878788,248,243131
BROAD_SENSITIVITY,BASIC_LIQUID,2022,2021,5,20,-0.0218888988485,-0.0185243114803,-0.00153356501501,0.000955993752266,0.139393939394,439,379893,-0.0224693730582,-0.0121321853967,-0.000738546244416,-0.000136254614137,-0.684848484848,248,264387
BROAD_SENSITIVITY,BASIC_LIQUID,2023,2022,5,20,-0.0220984441236,-0.0161993756216,-0.00124657133945,0.000312139899234,-0.248484848485,687,644280,-0.0176852870652,-0.00788716006101,-0.00195829950557,-0.00213740018937,-0.466666666667,245,282585
BROAD_SENSITIVITY,BASIC_LIQUID,2024,2023,5,20,-0.0209383330943,-0.0139297641441,-0.00143366726295,-0.000436683775009,-0.466666666667,932,926865,-0.0102119314083,-0.00276881621301,-0.000614981820375,0.000237678439784,0.551515151515,248,338511
BROAD_SENSITIVITY,BASIC_LIQUID,2025,2024,5,20,-0.0186839707061,-0.0116316041557,-0.00126160455976,-0.000138651476379,-0.345454545455,1180,1265376,-0.00595599689237,-0.0043208503256,0.000857619314675,0.000667540219055,0.175757575758,248,341003
BROAD_SENSITIVITY,BASIC_LIQUID,2026,2025,5,20,-0.0164735102678,-0.0111972801389,-0.000893560077368,-3.75614751401e-05,-0.466666666667,1428,1606379,-0.0253498571657,-0.0215224480149,-0.00694890956963,-0.00711831070519,-0.769696969697,152,227156
BROAD_SENSITIVITY,BASIC_LIQUID,2021,2020,10,1,-0.0449822638458,-0.0510402181475,-0.00114888041018,-0.00118481314214,-0.890909090909,191,137758,-0.039085293942,-0.0294795696498,0.000376452409118,0.000356185696504,0.0787878787879,248,247183
BROAD_SENSITIVITY,BASIC_LIQUID,2022,2021,10,1,-0.0416509459958,-0.0376788934547,-0.000287188976953,-0.000195609095294,-0.2,439,384941,-0.0399378486841,-0.0290952441826,-0.00125333834274,-0.00122225522416,-0.915151515152,248,267380
BROAD_SENSITIVITY,BASIC_LIQUID,2023,2022,10,1,-0.0410325353214,-0.032188241978,-0.000635959053685,-0.000617646856102,-0.769696969697,687,652321,-0.0308499632918,-0.0316243823372,-0.000702359637644,-0.000681129285715,-0.0787878787879,245,287396
BROAD_SENSITIVITY,BASIC_LIQUID,2024,2023,10,1,-0.0383557862364,-0.031781835945,-0.000653414142816,-0.000637052896726,-0.575757575758,932,939717,-0.0440767728683,-0.0447684554731,-0.00121917231458,-0.00119701720013,-0.709090909091,248,346816
BROAD_SENSITIVITY,BASIC_LIQUID,2025,2024,10,1,-0.0395581630878,-0.0359745986611,-0.000772319250103,-0.000787742337893,-0.757575757576,1180,1286533,-0.0172689024958,-0.0114591806401,-0.000827509311994,-0.000814467335702,-0.939393939394,248,346441
BROAD_SENSITIVITY,BASIC_LIQUID,2026,2025,10,1,-0.0356871990634,-0.0308647469843,-0.000781904078779,-0.000794346418857,-0.818181818182,1428,1632974,-0.0103736807631,-0.000219454782503,-1.1313186229e-05,-3.99382746843e-06,-0.272727272727,171,259818
BROAD_SENSITIVITY,BASIC_LIQUID,2021,2020,10,2,-0.0519295256751,-0.051381560005,-0.00308924148669,-0.00297931891006,-0.90303030303,191,137685,-0.043726198838,-0.0438374258804,0.00054952118935,0.000469227355576,0.10303030303,248,246906
BROAD_SENSITIVITY,BASIC_LIQUID,2022,2021,10,2,-0.0472953000359,-0.0467638925376,-0.00103363068109,-0.000765770248777,-0.69696969697,439,384591,-0.0449628961604,-0.040587409631,-0.00209868088041,-0.00205250636346,-0.951515151515,248,267165
BROAD_SENSITIVITY,BASIC_LIQUID,2023,2022,10,2,-0.0464533260022,-0.044473642843,-0.00141810295101,-0.00129725557082,-0.90303030303,687,651756,-0.0336561105217,-0.0335739870497,-0.00102790404874,-0.000960200150621,-0.515151515152,245,287050
BROAD_SENSITIVITY,BASIC_LIQUID,2024,2023,10,2,-0.0430892511174,-0.0410641002789,-0.00131552920524,-0.00119469119543,-0.878787878788,932,938806,-0.0483990862028,-0.0394846822054,-0.00216578111782,-0.0021180182865,-0.975757575758,248,346240
BROAD_SENSITIVITY,BASIC_LIQUID,2025,2024,10,2,-0.0442052164574,-0.0403089392485,-0.00149422621738,-0.00144199533335,-0.915151515152,1180,1285046,-0.0177331357277,-0.00847723257403,-0.00143208546663,-0.00140703263224,-0.90303030303,248,346056
BROAD_SENSITIVITY,BASIC_LIQUID,2026,2025,10,2,-0.0396078242858,-0.0355785226905,-0.00148343426627,-0.00143709066074,-0.987878787879,1428,1631102,-0.0138049776449,-0.00496901881101,-0.000351232921755,-0.000352626056776,-0.466666666667,170,258031
BROAD_SENSITIVITY,BASIC_LIQUID,2021,2020,10,3,-0.0535492422159,-0.0524471211554,-0.00427814318406,-0.00386810000562,-0.806060606061,191,137613,-0.0413881068929,-0.0414596136285,0.00129855903636,0.0011961342706,0.248484848485,248,246632
BROAD_SENSITIVITY,BASIC_LIQUID,2022,2021,10,3,-0.046679170325,-0.0463790544421,-0.00112775104132,-0.000617200483793,-0.490909090909,439,384245,-0.0445835701467,-0.0308034696316,-0.00230941879526,-0.00224652872316,-0.975757575758,248,266957
BROAD_SENSITIVITY,BASIC_LIQUID,2023,2022,10,3,-0.0459226800132,-0.0419465868056,-0.00155432106021,-0.00129411367029,-0.878787878788,687,651202,-0.0317788319772,-0.0328904886788,-0.000753376436949,-0.000634423593834,-0.539393939394,245,286717
BROAD_SENSITIVITY,BASIC_LIQUID,2024,2023,10,3,-0.0422046083728,-0.0398611621242,-0.00134377231268,-0.00109373413548,-0.878787878788,932,937919,-0.0469159119374,-0.038807966276,-0.00201213839353,-0.00191340909774,-0.818181818182,248,345673
BROAD_SENSITIVITY,BASIC_LIQUID,2025,2024,10,3,-0.0431947806474,-0.0393870898152,-0.00148424247204,-0.00131134321356,-0.890909090909,1180,1283592,-0.0170030761579,-0.00661763842125,-0.00155888041595,-0.00151636942591,-0.890909090909,248,345682
BROAD_SENSITIVITY,BASIC_LIQUID,2026,2025,10,3,-0.0386460812683,-0.0344911555327,-0.00149720480404,-0.0013597009531,-0.915151515152,1428,1629274,-0.0110126967195,0.00617357343635,0.000487320924386,0.000461676831233,-0.248484848485,169,256248
BROAD_SENSITIVITY,BASIC_LIQUID,2021,2020,10,5,-0.0526096214228,-0.0566604036545,-0.00529777939158,-0.00434528935884,-0.721212121212,191,137479,-0.0331672447451,-0.0380132288528,0.00418491555614,0.0039947041426,0.6,248,246114
BROAD_SENSITIVITY,BASIC_LIQUID,2022,2021,10,5,-0.0416262286755,-0.0434871951067,5.91872303661e-05,0.0010120556656,0.321212121212,439,383593,-0.0418661005465,-0.0275937315177,-0.00203045353832,-0.00189766448956,-0.866666666667,248,266557
BROAD_SENSITIVITY,BASIC_LIQUID,2023,2022,10,5,-0.0417128199768,-0.0375109159184,-0.000695151795304,-0.000205155953238,-0.660606060606,687,650150,-0.0279082940262,-0.0216353738587,-0.000286029713363,-0.000201529569085,-0.442424242424,245,286095
BROAD_SENSITIVITY,BASIC_LIQUID,2024,2023,10,5,-0.0380839478117,-0.0313379915092,-0.000587603608528,-0.000205738296645,-0.745454545455,932,936245,-0.0438975052359,-0.0317614735476,-0.00175649907086,-0.00156431208921,-0.721212121212,248,344626
BROAD_SENSITIVITY,BASIC_LIQUID,2025,2024,10,5,-0.0393057802195,-0.0315070489413,-0.000833269773493,-0.000561845000591,-0.781818181818,1180,1280871,-0.017548474741,-0.0148501148251,-0.00212884551456,-0.00210281466257,-0.818181818182,248,344973
BROAD_SENSITIVITY,BASIC_LIQUID,2026,2025,10,5,-0.0355272005565,-0.0280847666164,-0.00105827172292,-0.000899529131678,-0.806060606061,1428,1625844,-0.0100798190399,0.00338822906576,0.0012391635397,0.001173244128,-0.333333333333,167,252729
BROAD_SENSITIVITY,BASIC_LIQUID,2021,2020,10,10,-0.0441044206287,-0.0379265975085,-0.00926941100996,-0.00694253854862,-0.866666666667,191,137191,-0.0147906315017,-0.0150639358192,0.00988780001244,0.00942871059931,0.975757575758,248,244912
BROAD_SENSITIVITY,BASIC_LIQUID,2022,2021,10,10,-0.0275444668622,-0.0205091492541,0.00155288587741,0.00359462974696,0.890909090909,439,382103,-0.0275186957295,-0.0108989093754,0.00102626055861,0.00119341960041,-0.393939393939,248,265640
BROAD_SENSITIVITY,BASIC_LIQUID,2023,2022,10,10,-0.0275351637459,-0.0190328207993,0.00136277950323,0.00252420780894,0.551515151515,687,647743,-0.018897821101,-0.0105336685779,0.000398714427087,0.000219580992757,-0.29696969697,245,284714
BROAD_SENSITIVITY,BASIC_LIQUID,2024,2023,10,10,-0.0252646176643,-0.0172048921884,0.00110935037913,0.00182061871276,0.127272727273,932,932457,-0.0253353611851,-0.0131768558831,0.000138255292997,0.00052521854328,0.369696969697,248,342207
BROAD_SENSITIVITY,BASIC_LIQUID,2025,2024,10,10,-0.0252794857941,-0.0158803357721,0.000905255818658,0.00151598050431,0.309090909091,1180,1274664,-0.000709985843369,-0.00217757581959,-0.000609616978261,-0.000698848454161,0.369696969697,248,343403
BROAD_SENSITIVITY,BASIC_LIQUID,2026,2025,10,10,-0.0210125138139,-0.0135851425638,0.000642168666252,0.00100742045454,0.248484848485,1428,1618067,-0.0131227360959,0.00844646544589,0.00154689208977,0.00144468962516,-0.442424242424,162,244053
BROAD_SENSITIVITY,BASIC_LIQUID,2021,2020,10,20,-0.0462700259796,-0.0415460194504,-0.0163841711687,-0.0130895107715,-0.890909090909,191,136664,0.0086042449986,0.0126149736576,0.0169190218323,0.0168500629753,0.975757575758,248,242893
BROAD_SENSITIVITY,BASIC_LIQUID,2022,2021,10,20,-0.0152704378188,-0.0105451313259,0.0024294777248,0.00623135957368,0.927272727273,439,379557,-0.00770020024291,0.00635308211944,0.0070685787371,0.00778786901463,0.369696969697,248,263946
BROAD_SENSITIVITY,BASIC_LIQUID,2023,2022,10,20,-0.0125376591888,-0.00533463501272,0.00410414592138,0.00662955158031,0.90303030303,687,643503,-0.0147658764877,-0.00072252968698,0.000287027714519,-7.49646329207e-06,-0.175757575758,245,282263
BROAD_SENSITIVITY,BASIC_LIQUID,2024,2023,10,20,-0.0131234030066,-0.00437718768142,0.00310071892494,0.00461044944614,0.806060606061,932,925766,-0.0077661110328,0.000517822864898,0.00216262564998,0.00343294982236,0.890909090909,248,338042
BROAD_SENSITIVITY,BASIC_LIQUID,2025,2024,10,20,-0.0119974636765,-0.00304444422789,0.00290356033834,0.00446347090988,0.842424242424,1180,1263808,0.00960904902282,0.00763956916212,0.00272183334859,0.00231832015107,0.806060606061,248,340502
BROAD_SENSITIVITY,BASIC_LIQUID,2026,2025,10,20,-0.00824507211531,-0.00129014651465,0.00287199990875,0.00390456152974,0.915151515152,1428,1604310,-0.0338098615734,-0.0292972327004,-0.00601274346435,-0.00594429012153,-0.818181818182,152,226951
BROAD_SENSITIVITY,BASIC_LIQUID,2021,2020,20,1,-0.0475855719664,-0.0422684916746,-0.00152499657352,-0.00132153673666,-0.939393939394,191,137542,-0.0322885413403,-0.0291738409519,0.000746309988458,0.0007572611108,0.806060606061,248,246622
BROAD_SENSITIVITY,BASIC_LIQUID,2022,2021,20,1,-0.0389439692437,-0.0345421225432,-0.000241889449668,1.22874635418e-05,0.321212121212,439,384164,-0.0340890040127,-0.024844783488,-0.000747649458925,-0.000716418721366,-0.927272727273,248,266464
BROAD_SENSITIVITY,BASIC_LIQUID,2023,2022,20,1,-0.0371913762636,-0.0312625822501,-0.000424463659706,-0.000287302998605,-0.490909090909,687,650628,-0.0246944584114,-0.0263285682596,-0.00024307377502,-0.000229040532234,0.00606060606061,245,286594
BROAD_SENSITIVITY,BASIC_LIQUID,2024,2023,20,1,-0.0339062422789,-0.0290777638552,-0.000376780696457,-0.000269443175824,-0.369696969697,932,937222,-0.0253643592983,-0.0200451519332,-0.000223577902954,-0.000212744065348,0.175757575758,248,345621
BROAD_SENSITIVITY,BASIC_LIQUID,2025,2024,20,1,-0.0321109990762,-0.0266859485853,-0.000344582143246,-0.000254112008351,-0.0545454545455,1180,1282843,-0.00681290485155,0.000527743011593,-0.00053603140948,-0.000531882169025,-0.527272727273,248,345248
BROAD_SENSITIVITY,BASIC_LIQUID,2026,2025,20,1,-0.0277174925162,-0.0222425822858,-0.000377831035421,-0.000313970327949,-0.29696969697,1428,1628091,-0.0110796806169,-0.00308478604471,-0.000234576149089,-0.00022726387165,-0.29696969697,171,259291
BROAD_SENSITIVITY,BASIC_LIQUID,2021,2020,20,2,-0.0523650442198,-0.0502310514532,-0.00350918827984,-0.00299502858791,-0.963636363636,191,137469,-0.0293777365551,-0.0277414351007,0.000985274650633,0.000972826513566,0.830303030303,248,246349
BROAD_SENSITIVITY,BASIC_LIQUID,2022,2021,20,2,-0.0393790480903,-0.0397769391237,-0.000970175052601,-0.000449127840459,-0.163636363636,439,383818,-0.0345592684002,-0.0253294035035,-0.00115007699513,-0.00109851671615,-0.975757575758,248,266249
BROAD_SENSITIVITY,BASIC_LIQUID,2023,2022,20,2,-0.037639156732,-0.0330067338158,-0.00103511782079,-0.000719203042909,-0.6,687,650067,-0.0239449684375,-0.0209954575948,-0.000460802742406,-0.000434153882713,-0.0545454545455,245,286250
BROAD_SENSITIVITY,BASIC_LIQUID,2024,2023,20,2,-0.0340392896374,-0.0289071291056,-0.000884144436452,-0.000632265622607,-0.539393939394,932,936317,-0.0217236101716,-0.0135307131669,0.000130732421617,0.000171988487751,0.369696969697,248,345048
BROAD_SENSITIVITY,BASIC_LIQUID,2025,2024,20,2,-0.0314509095463,-0.0252415296099,-0.000670848283231,-0.000415583701276,-0.0424242424242,1180,1281365,-0.00749443846873,-0.00186975206724,-0.000595659135735,-0.000578393182875,-0.563636363636,248,344865
BROAD_SENSITIVITY,BASIC_LIQUID,2026,2025,20,2,-0.0272904019642,-0.0226021427363,-0.000657790224002,-0.000453187421727,-0.2,1428,1626230,-0.01435507865,-0.0112004313597,-0.000845260167479,-0.000827098269312,-0.369696969697,170,257506
BROAD_SENSITIVITY,BASIC_LIQUID,2021,2020,20,3,-0.0552172694012,-0.0522655591732,-0.0047861153522,-0.00387733087942,-0.975757575758,191,137397,-0.0251585001996,-0.0201218478815,0.00184243989372,0.00183856142304,0.915151515152,248,246076
BROAD_SENSITIVITY,BASIC_LIQUID,2022,2021,20,3,-0.0382364612873,-0.0306796351915,-0.00104151011077,-0.000208810179922,0.224242424242,439,383473,-0.0332618839339,-0.0219433707772,-0.000915333958535,-0.000842088999212,-0.842424242424,248,266042
BROAD_SENSITIVITY,BASIC_LIQUID,2023,2022,20,3,-0.0364406895498,-0.0253142613764,-0.00099596180545,-0.000477610826035,-0.406060606061,687,649515,-0.0225025866687,-0.0204815985884,-0.000286162247373,-0.000232442292626,0.187878787879,245,285919
BROAD_SENSITIVITY,BASIC_LIQUID,2024,2023,20,3,-0.0327767032774,-0.0239526973545,-0.000809372865827,-0.000403271672844,-0.393939393939,932,935434,-0.0180323539758,-0.00906092650194,0.00100812169874,0.00108033020034,0.551515151515,248,344488
BROAD_SENSITIVITY,BASIC_LIQUID,2025,2024,20,3,-0.0296778908818,-0.0210876655804,-0.000427390957342,-3.47170717796e-06,0.272727272727,1180,1279922,-0.00606231146154,-0.00881286809277,-0.000354378660174,-0.000324338733615,-0.393939393939,248,344492
BROAD_SENSITIVITY,BASIC_LIQUID,2026,2025,20,3,-0.0255765857724,-0.0193795857031,-0.000414710950551,-7.7387826315e-05,0.151515151515,1428,1624414,-0.0126234578145,-0.00390348130076,-0.000961178141039,-0.000955771761001,-0.236363636364,169,255723
BROAD_SENSITIVITY,BASIC_LIQUID,2021,2020,20,5,-0.0601291350877,-0.0425937327868,-0.00648965813021,-0.00481261444276,-0.915151515152,191,137263,-0.0136178595563,-0.00849431151267,0.00453626825153,0.0044624243388,0.987878787879,248,245559
BROAD_SENSITIVITY,BASIC_LIQUID,2022,2021,20,5,-0.0338539726007,-0.0234688961633,-0.000260888784718,0.00114685331049,0.866666666667,439,382822,-0.0300547094092,-0.0174008774198,0.000741084040966,0.000900615307733,-0.29696969697,248,265643
BROAD_SENSITIVITY,BASIC_LIQUID,2023,2022,20,5,-0.0324824773001,-0.0204616620365,0.000100813196024,0.00101987879083,0.551515151515,687,648465,-0.0198961909485,-0.0154817136415,-3.4707357616e-05,6.19596419228e-06,0.272727272727,245,285302
BROAD_SENSITIVITY,BASIC_LIQUID,2024,2023,20,5,-0.0291738505231,-0.0192413316034,6.51881577819e-05,0.000709412793841,0.6,932,933767,-0.0131638998089,-0.00563202433595,0.00233635350423,0.00246382696054,0.660606060606,248,343448
BROAD_SENSITIVITY,BASIC_LIQUID,2025,2024,20,5,-0.0258090473222,-0.0161408037548,0.000542517823816,0.00118715523223,0.721212121212,1180,1277215,-0.00680919246047,-0.0167155530771,-0.000568776681597,-0.000556955140791,-0.309090909091,248,343789
BROAD_SENSITIVITY,BASIC_LIQUID,2026,2025,20,5,-0.0225093526403,-0.0162839322488,0.000349519898506,0.000803686536558,0.430303030303,1428,1621004,-0.0132570029013,0.000898062636402,-0.00130317934595,-0.00132534980512,-0.393939393939,167,252216
BROAD_SENSITIVITY,BASIC_LIQUID,2021,2020,20,10,-0.0556737165362,-0.041372743986,-0.00966783116356,-0.00646959093112,-0.915151515152,191,136976,0.00551492556238,0.0110524859494,0.0118342087786,0.011328425267,0.987878787879,248,244362
BROAD_SENSITIVITY,BASIC_LIQUID,2022,2021,20,10,-0.021107012116,-0.00829113683649,0.0024791071181,0.00499632211993,0.939393939394,439,381338,-0.013217094308,-0.00272615827964,0.00560545422536,0.00582481780089,0.527272727273,248,264732
BROAD_SENSITIVITY,BASIC_LIQUID,2023,2022,20,10,-0.0182588321795,-0.00645690707523,0.00360768656875,0.00524464309232,0.90303030303,687,646070,-0.0161945025973,-0.012496503666,0.000548145457064,0.000354480685479,0.393939393939,245,283930
BROAD_SENSITIVITY,BASIC_LIQUID,2024,2023,20,10,-0.0177161704331,-0.00685445610314,0.00280340805763,0.00375227027121,0.951515151515,932,930000,-0.00658227971222,0.00734620547108,0.00478498657138,0.00514587276823,0.963636363636,248,341046
BROAD_SENSITIVITY,BASIC_LIQUID,2025,2024,20,10,-0.0153761662816,-0.0036050478847,0.00321987540629,0.00416805450877,0.963636363636,1180,1271046,0.00491224407178,-0.0129616382185,0.00130256035024,0.00113574627043,0.648484848485,248,342225
BROAD_SENSITIVITY,BASIC_LIQUID,2026,2025,20,10,-0.0118526888533,-0.00489633718959,0.00288689632092,0.00348062331883,0.987878787879,1428,1613271,-0.0225405262397,-0.00617959876716,-0.00356890602521,-0.00355622851768,-0.672727272727,162,243546
BROAD_SENSITIVITY,BASIC_LIQUID,2021,2020,20,20,-0.0461093134501,-0.0345921977289,-0.0108197383288,-0.00679895535415,-0.721212121212,191,136449,0.00572842606837,0.00907666133856,0.0197482031858,0.0198642430248,0.951515151515,248,242347
BROAD_SENSITIVITY,BASIC_LIQUID,2022,2021,20,20,-0.0168251234715,-0.00703033295302,0.00644871154732,0.0104737879311,0.866666666667,439,378796,-0.00392472818762,0.00668215077803,0.0127182999378,0.0134330941046,0.6,248,263054
BROAD_SENSITIVITY,BASIC_LIQUID,2023,2022,20,20,-0.0121682122191,-0.00605636181943,0.008711969074,0.0114414718681,0.830303030303,687,641850,-0.0115182889327,0.00819276976048,0.000650230458398,6.70034175054e-05,0.369696969697,245,281485
BROAD_SENSITIVITY,BASIC_LIQUID,2024,2023,20,20,-0.0119973632865,-0.00181474301318,0.00659273521046,0.00796883759653,0.781818181818,932,923335,-0.00334191972637,0.0100255135872,0.00846149284417,0.0101434749884,0.987878787879,248,336912
BROAD_SENSITIVITY,BASIC_LIQUID,2025,2024,20,20,-0.0101782531146,0.000593242868131,0.00698549105212,0.00870734594878,0.951515151515,1180,1260247,0.0160501486028,0.00750904094475,0.00311687677432,0.00262550197866,0.890909090909,248,339332
BROAD_SENSITIVITY,BASIC_LIQUID,2026,2025,20,20,-0.00562318054739,0.00132562785808,0.00631363086942,0.0072894955891,0.963636363636,1428,1599579,-0.0305859179795,-0.0350175964671,-0.00671545394131,-0.00642333352537,-0.636363636364,152,226456
BROAD_SENSITIVITY,BASIC_LIQUID,2021,2020,40,1,-0.035293961142,-0.0318560422035,-0.000248819318085,-6.41289677267e-05,-0.587878787879,191,136654,-0.0308240693097,-0.024025690461,0.00062426517623,0.000644280931564,0.818181818182,248,243940
BROAD_SENSITIVITY,BASIC_LIQUID,2022,2021,40,1,-0.0327688286262,-0.0280192006899,0.0002444038131,0.000389532043801,0.2,439,380594,-0.0247124111349,-0.0134488529389,8.14889765763e-06,6.99721957627e-06,0.0181818181818,248,263413
BROAD_SENSITIVITY,BASIC_LIQUID,2023,2022,40,1,-0.0298605440005,-0.023724006123,0.000159118195881,0.000231519487539,0.175757575758,687,644007,-0.0225142802618,-0.0194185849695,-0.000220654904227,-0.000207551540158,0.345454545455,245,283136
BROAD_SENSITIVITY,BASIC_LIQUID,2024,2023,40,1,-0.0279293909791,-0.0224241944365,5.92851384489e-05,9.74515703995e-05,0.369696969697,932,927143,-0.0194698012791,-0.0168576700054,0.000213051995957,0.000225401589377,0.357575757576,248,339486
BROAD_SENSITIVITY,BASIC_LIQUID,2025,2024,40,1,-0.0261514433133,-0.021689825916,9.16022407048e-05,0.000131809234648,0.369696969697,1180,1266629,-0.00563551872205,0.00133945566954,-0.000831609341734,-0.000828336874383,-0.660606060606,248,339469
BROAD_SENSITIVITY,BASIC_LIQUID,2026,2025,40,1,-0.0225884536084,-0.0169660728575,-6.87314234722e-05,-7.22551718719e-05,0.2,1428,1606098,0.00526864579788,0.00620626197647,0.000358819967919,0.000333237275016,0.236363636364,171,256902
BROAD_SENSITIVITY,BASIC_LIQUID,2021,2020,40,2,-0.0366968433037,-0.0385704803738,-0.00130259548423,-0.000876775510082,-0.660606060606,191,136582,-0.0274819577006,-0.0216042151673,0.00141242730583,0.00143096468873,0.878787878788,248,243677
BROAD_SENSITIVITY,BASIC_LIQUID,2022,2021,40,2,-0.0314911676099,-0.0282070419264,0.000231175932474,0.000602890917645,0.139393939394,439,380259,-0.0218397061769,-0.012102503772,6.66920674123e-05,5.56276735479e-05,0.0666666666667,248,263209
BROAD_SENSITIVITY,BASIC_LIQUID,2023,2022,40,2,-0.0280070883735,-0.0224048823625,0.000171798933151,0.000373843224797,0.0909090909091,687,643468,-0.0198870425297,-0.0153299658272,-0.000535481418299,-0.000514476765029,0.260606060606,245,282806
BROAD_SENSITIVITY,BASIC_LIQUID,2024,2023,40,2,-0.0258725269661,-0.0208117737558,-1.41277686788e-05,0.000102707916999,0.224242424242,932,926274,-0.0145820004331,-0.00695620286391,0.000371812406201,0.00040765001426,0.418181818182,248,338963
BROAD_SENSITIVITY,BASIC_LIQUID,2025,2024,40,2,-0.0234996027456,-0.0172702270148,6.6985081635e-05,0.000185051953188,0.418181818182,1180,1265237,-0.00563967819681,-0.00367367328965,-0.00142820735704,-0.00141159729502,-0.575757575758,248,339108
BROAD_SENSITIVITY,BASIC_LIQUID,2026,2025,40,2,-0.0203978791545,-0.0136556223383,-0.000192684193428,-0.000155735550636,0.115151515152,1428,1604345,0.00791695279522,0.00790013366772,0.000499385136265,0.000431829667566,0.321212121212,170,255149
BROAD_SENSITIVITY,BASIC_LIQUID,2021,2020,40,3,-0.0363566418681,-0.0461942273103,-0.00229537698545,-0.00147953950523,-0.684848484848,191,136511,-0.0249311831521,-0.0213297837712,0.00236411553112,0.00237722066787,0.987878787879,248,243413
BROAD_SENSITIVITY,BASIC_LIQUID,2022,2021,40,3,-0.0299021686071,-0.0298097433589,0.000336864800676,0.000995956469853,0.551515151515,439,379924,-0.0212075983903,-0.00168120525748,0.000422410288595,0.000389632666017,0.0787878787879,248,263012
BROAD_SENSITIVITY,BASIC_LIQUID,2023,2022,40,3,-0.0267635173498,-0.0206415708196,0.000367745850172,0.000736619912048,0.321212121212,687,642936,-0.0176666910417,-0.0156066101305,-0.000519491868972,-0.000480268640984,0.454545454545,245,282489
BROAD_SENSITIVITY,BASIC_LIQUID,2024,2023,40,3,-0.0243721842538,-0.0187369091758,0.000134512758766,0.000365238930037,0.527272727273,932,925425,-0.0106993989051,-0.0127144369727,0.00120897035956,0.00128448394912,0.551515151515,248,338447
BROAD_SENSITIVITY,BASIC_LIQUID,2025,2024,40,3,-0.0214985819093,-0.0174401566932,0.00036033096639,0.000612962911219,0.490909090909,1180,1263872,-0.00363506042428,-0.00193852515305,-0.00165645519205,-0.00160315120973,-0.393939393939,248,338758
BROAD_SENSITIVITY,BASIC_LIQUID,2026,2025,40,3,-0.0183962336402,-0.0156023767236,1.00767876137e-05,0.00013816607701,0.393939393939,1428,1602630,0.0127281527542,0.0100080775559,0.00102836507578,0.000935167508281,0.345454545455,169,253398
BROAD_SENSITIVITY,BASIC_LIQUID,2021,2020,40,5,-0.0349149047422,-0.0420027160637,-0.00229091060127,-0.000751942472287,-0.6,191,136379,-0.0183207212049,-0.0159804498934,0.00508462025676,0.0050345373179,0.987878787879,248,242915
BROAD_SENSITIVITY,BASIC_LIQUID,2022,2021,40,5,-0.0255405140423,-0.0279811681215,0.00187567630714,0.00297471321722,0.975757575758,439,379294,-0.0193131601191,-0.004757819685,0.00216289965841,0.00212979764825,0.224242424242,248,262630
BROAD_SENSITIVITY,BASIC_LIQUID,2023,2022,40,5,-0.023292502728,-0.0174539916485,0.00197936101036,0.00259956904382,0.539393939394,687,641924,-0.0146374448276,-0.00573604839075,-0.000102331228896,-1.48231586947e-05,0.478787878788,245,281895
BROAD_SENSITIVITY,BASIC_LIQUID,2024,2023,40,5,-0.0210172997391,-0.0147700499218,0.00143213504618,0.0018019582045,0.612121212121,932,923819,-0.00776974782511,-0.00255610612931,0.00250252228928,0.00264923787976,0.551515151515,248,337491
BROAD_SENSITIVITY,BASIC_LIQUID,2025,2024,40,5,-0.0182330684894,-0.0110932277533,0.0016570977888,0.00203534130354,0.6,1180,1261310,-0.00240611473824,-0.0105727021945,-0.00243104249351,-0.00237058537217,-0.236363636364,248,338096
BROAD_SENSITIVITY,BASIC_LIQUID,2026,2025,40,5,-0.0154844098547,-0.010920658925,0.000947112641729,0.00108941956977,0.478787878788,1428,1599406,0.0150255097787,0.0186853887329,0.00183806890596,0.00171063067453,0.357575757576,167,249942
BROAD_SENSITIVITY,BASIC_LIQUID,2021,2020,40,10,-0.0270381452637,-0.0423566560611,-0.000218512860196,0.00289072403853,-0.381818181818,191,136098,-0.0093698181177,-0.00763498144635,0.0106436432121,0.0101727494013,1,248,241760
BROAD_SENSITIVITY,BASIC_LIQUID,2022,2021,40,10,-0.0170569490628,-0.0181944726841,0.00591773931732,0.00766069783331,0.963636363636,439,377858,-0.0084898718711,0.00544865341968,0.00670800782545,0.00665930028748,0.636363636364,248,261734
BROAD_SENSITIVITY,BASIC_LIQUID,2023,2022,40,10,-0.0139643214885,-0.00813591708262,0.00620301819653,0.00714973781614,0.890909090909,687,639592,-0.0122345925831,-0.00206969249176,0.000999782565168,0.000992820034506,0.587878787879,245,280560
BROAD_SENSITIVITY,BASIC_LIQUID,2024,2023,40,10,-0.0135096180745,-0.00690931810991,0.0048352148385,0.0052729006616,0.854545454545,932,920152,-0.0031491359448,0.00250205040036,0.00527103120586,0.00559337070159,0.624242424242,248,335291
BROAD_SENSITIVITY,BASIC_LIQUID,2025,2024,40,10,-0.0113321608133,-0.00478105886363,0.00492681014283,0.00539286767111,0.745454545455,1180,1255443,0.00355967277066,-0.0159540539264,-0.00267948608102,-0.00284075800032,0.212121212121,248,336619
BROAD_SENSITIVITY,BASIC_LIQUID,2026,2025,40,10,-0.00874590400044,-0.00668456714875,0.0036058287258,0.00360461668116,0.624242424242,1428,1592062,0.0185039988735,0.0202873054826,0.0051212269529,0.00496427794992,0.430303030303,162,241357
BROAD_SENSITIVITY,BASIC_LIQUID,2021,2020,40,20,-0.0181920632605,-0.0043937190804,0.00429935131035,0.00888624569637,-0.10303030303,191,135573,-0.0010023165218,0.00238209428803,0.0194565015435,0.019241848451,0.915151515152,248,239790
BROAD_SENSITIVITY,BASIC_LIQUID,2022,2021,40,20,-0.00848122683406,0.000272586757999,0.0128619327632,0.0158279257128,0.878787878788,439,375363,0.0042529404842,0.0154023654329,0.012710293406,0.0134147209975,0.951515151515,248,260072
BROAD_SENSITIVITY,BASIC_LIQUID,2023,2022,40,20,-0.00388432218351,0.00565664671797,0.0128071925004,0.0145484018841,0.951515151515,687,635435,-0.0101031557705,-0.00809070178818,0.00146537370862,0.00138422045646,0.490909090909,245,278156
BROAD_SENSITIVITY,BASIC_LIQUID,2024,2023,40,20,-0.00551910139896,0.00236060308427,0.00982570580081,0.0105377506381,0.963636363636,932,913591,0.00637259262092,0.0116260389233,0.00911407349854,0.0102592459329,0.963636363636,248,331424
BROAD_SENSITIVITY,BASIC_LIQUID,2025,2024,40,20,-0.00301983011343,0.00355437303429,0.00967614240169,0.0106024012641,0.963636363636,1180,1245015,0.00293790456089,-0.0176700632774,-0.00277718634619,-0.00333512714281,0.321212121212,248,333860
BROAD_SENSITIVITY,BASIC_LIQUID,2026,2025,40,20,-0.00198515350332,0.00144072327254,0.00751337942587,0.00751370062509,0.806060606061,1428,1578875,0.0221562951281,0.0265568975253,0.00856629737008,0.00880981290364,0.50303030303,152,224426
BROAD_SENSITIVITY,BASIC_LIQUID,2021,2020,60,1,-0.0314880705344,-0.0179937112783,-0.00071613279874,-0.00046374726406,-0.624242424242,191,135836,-0.0282128498582,-0.0203378566134,0.00110769727533,0.00108262266017,0.890909090909,248,241325
BROAD_SENSITIVITY,BASIC_LIQUID,2022,2021,60,1,-0.0296378319747,-0.0198843275138,0.000314185785246,0.000524928885619,0.163636363636,439,377161,-0.0152501443814,-0.0113067081954,0.000215629743126,0.000236804928155,0.442424242424,248,260287
BROAD_SENSITIVITY,BASIC_LIQUID,2023,2022,60,1,-0.0244440233529,-0.0176191713775,0.000278608058251,0.000405738313803,0.454545454545,687,637448,-0.0179946165449,-0.0131854711239,0.000277373809379,0.00028139711864,0.636363636364,245,280207
BROAD_SENSITIVITY,BASIC_LIQUID,2024,2023,60,1,-0.0227486320783,-0.016408736674,0.000278283604417,0.000367814749947,0.418181818182,932,917655,-0.0112058892077,-0.0118716467169,0.000420901031099,0.000413620979163,0.539393939394,248,333723
BROAD_SENSITIVITY,BASIC_LIQUID,2025,2024,60,1,-0.0203226996784,-0.0156369526209,0.000308257436465,0.000380007665893,0.612121212121,1180,1251378,-0.00650788839183,-0.00128727138655,-0.000674126994345,-0.00066519914927,-0.866666666667,248,333905
BROAD_SENSITIVITY,BASIC_LIQUID,2026,2025,60,1,-0.0179234887547,-0.0130197197862,0.000137647255204,0.00015906328898,0.127272727273,1428,1585283,0.0133751951752,0.0167028204467,0.000669902231235,0.000650477984958,0.527272727273,171,254503
BROAD_SENSITIVITY,BASIC_LIQUID,2021,2020,60,2,-0.0322717141331,-0.0192007581209,-0.0018415343488,-0.00127683430705,-0.575757575758,191,135767,-0.0228716850641,-0.0215689144461,0.00214793038929,0.00206788591706,0.939393939394,248,241078
BROAD_SENSITIVITY,BASIC_LIQUID,2022,2021,60,2,-0.0269614471419,-0.0208977073406,0.000412195161558,0.000863324185128,0.0545454545455,439,376845,-0.010623261426,-0.00428669836379,0.00048366455688,0.000533937696574,0.636363636364,248,260091
BROAD_SENSITIVITY,BASIC_LIQUID,2023,2022,60,2,-0.021063528572,-0.0169276361674,0.000437994885051,0.000724281247776,0.6,687,636936,-0.0128721372577,-0.0120709801083,0.000425703942332,0.000449786052277,0.624242424242,245,279885
BROAD_SENSITIVITY,BASIC_LIQUID,2024,2023,60,2,-0.0189102121857,-0.0145346394745,0.00043476389689,0.000640537055754,0.6,932,916821,-0.0052085300217,-0.00471419694502,0.000874733008369,0.000879498506175,0.709090909091,248,333246
BROAD_SENSITIVITY,BASIC_LIQUID,2025,2024,60,2,-0.0160305366123,-0.0120785337495,0.000527231981336,0.000704516531183,0.636363636364,1180,1250067,-0.00679063895707,-0.00265842768888,-0.00128773431303,-0.00124618436428,-0.660606060606,248,333567
BROAD_SENSITIVITY,BASIC_LIQUID,2026,2025,60,2,-0.0144258485041,-0.0100731580223,0.000212027750943,0.000291529505416,0.309090909091,1428,1583634,0.0179119670997,0.0195990142273,0.00113189391124,0.00108512809111,0.575757575758,170,252770
BROAD_SENSITIVITY,BASIC_LIQUID,2021,2020,60,3,-0.032911465348,-0.0292127609699,-0.00253565980017,-0.0015597464325,-0.575757575758,191,135698,-0.0192874318074,-0.019114397425,0.00335803173657,0.00321862987679,0.939393939394,248,240831
BROAD_SENSITIVITY,BASIC_LIQUID,2022,2021,60,3,-0.0252149725962,-0.0228056998409,0.000793806033797,0.00150131313443,0.587878787879,439,376529,-0.00794068903462,0.00917123388287,0.00117173314847,0.00125297998065,0.721212121212,248,259902
BROAD_SENSITIVITY,BASIC_LIQUID,2023,2022,60,3,-0.0189791322421,-0.012582081684,0.000930233871407,0.00139060666292,0.660606060606,687,636431,-0.0100156802072,-0.0126208943337,0.000646995898155,0.00069835854905,0.684848484848,245,279575
BROAD_SENSITIVITY,BASIC_LIQUID,2024,2023,60,3,-0.0166228599797,-0.0126014880089,0.000855777537237,0.00117941925912,0.648484848485,932,916006,-0.0020545249619,0.00383363400079,0.00170097784649,0.00172700658177,0.781818181818,248,332777
BROAD_SENSITIVITY,BASIC_LIQUID,2025,2024,60,3,-0.0135610404166,-0.00704123152945,0.00103341285647,0.00132623797021,0.781818181818,1180,1248783,-0.00720349269671,0.00329826865451,-0.00158280145225,-0.00150153055385,-0.709090909091,248,333238
BROAD_SENSITIVITY,BASIC_LIQUID,2026,2025,60,3,-0.0124569284877,-0.00588314802378,0.000579056309856,0.000726529882504,0.466666666667,1428,1582021,0.0243790870079,0.0382903864192,0.0019850906286,0.00190578914538,0.575757575758,169,251040
BROAD_SENSITIVITY,BASIC_LIQUID,2021,2020,60,5,-0.032422284794,-0.0260608568587,-0.00290761080274,-0.000989384216501,-0.478787878788,191,135570,-0.0121826313229,-0.0137120860269,0.00684218125148,0.0066050248692,0.963636363636,248,240368
BROAD_SENSITIVITY,BASIC_LIQUID,2022,2021,60,5,-0.0209884942226,-0.0161679265513,0.00260024438962,0.00389019185429,0.781818181818,439,375938,-0.00347510422801,0.00562667625935,0.00322747715676,0.00338573105818,0.90303030303,248,259533
BROAD_SENSITIVITY,BASIC_LIQUID,2023,2022,60,5,-0.0146663388825,-0.00943858609399,0.00282666902754,0.0036615752589,0.939393939394,687,635471,-0.00697633100335,0.00269228285298,0.00126669412332,0.00131740482889,0.69696969697,245,278996
BROAD_SENSITIVITY,BASIC_LIQUID,2024,2023,60,5,-0.0126448239357,-0.00417940805153,0.0024165897877,0.00294683937189,0.951515151515,932,914467,0.00188480745188,0.0033588093112,0.00299960917162,0.00304381504472,0.866666666667,248,331900
BROAD_SENSITIVITY,BASIC_LIQUID,2025,2024,60,5,-0.00959113869495,-0.00222255275759,0.00253912267517,0.00297785526625,0.927272727273,1180,1246367,-0.00908819895332,-0.00563692641861,-0.00244228314006,-0.00235908769424,-0.672727272727,248,332621
BROAD_SENSITIVITY,BASIC_LIQUID,2026,2025,60,5,-0.00950379341769,-0.00262453278837,0.0016740045784,0.00184306104303,0.709090909091,1428,1578988,0.02981166948,0.0343636342644,0.00419544982998,0.00408170763171,0.515151515152,167,247623
BROAD_SENSITIVITY,BASIC_LIQUID,2021,2020,60,10,-0.0329333850053,-0.0250555937987,-0.00477897729243,-0.000871995221388,-0.478787878788,191,135292,0.00121033238752,-0.00453285737605,0.0134881358173,0.0127898213147,0.951515151515,248,239288
BROAD_SENSITIVITY,BASIC_LIQUID,2022,2021,60,10,-0.0136449068426,-0.0134680530753,0.00554048523879,0.00795967608927,0.890909090909,439,374580,0.011327476323,0.0227834027726,0.00907625596164,0.00935349922891,0.987878787879,248,258670
BROAD_SENSITIVITY,BASIC_LIQUID,2023,2022,60,10,-0.00463013096913,-0.00284628314621,0.00681686244296,0.0084589098071,1,687,633250,-0.000283982231241,0.0115477871278,0.00354839738629,0.00354866817734,0.721212121212,245,277702
BROAD_SENSITIVITY,BASIC_LIQUID,2024,2023,60,10,-0.00348763478803,0.000894571029723,0.00595766293772,0.0069644543649,1,932,910952,0.00781821164844,0.0189998099915,0.00619359722743,0.00633456403358,0.951515151515,248,329850
BROAD_SENSITIVITY,BASIC_LIQUID,2025,2024,60,10,-0.00111149079121,0.00478672791106,0.00600724912742,0.00682107003498,1,1180,1240802,-0.00960602362713,-0.0126668809548,-0.00274004269063,-0.00294985041094,-0.357575757576,248,331237
BROAD_SENSITIVITY,BASIC_LIQUID,2026,2025,60,10,-0.00258673178793,0.0011983311977,0.0044881116128,0.00472340272876,0.830303030303,1428,1572039,0.0304003099356,0.0383579465111,0.0079404273737,0.00779730289587,0.478787878788,162,239131
BROAD_SENSITIVITY,BASIC_LIQUID,2021,2020,60,20,-0.0415527548055,-0.0178786193797,-0.00887569432837,-0.00292797644886,-0.29696969697,191,134769,0.0181486431373,0.0123040283564,0.0241431114181,0.0230586474457,0.963636363636,248,237388
BROAD_SENSITIVITY,BASIC_LIQUID,2022,2021,60,20,-0.00782622476035,-0.0015903573801,0.00977729843959,0.0139729423758,0.878787878788,439,372157,0.0303391815635,0.0366584941219,0.0168199285142,0.0179881361489,0.963636363636,248,257058
BROAD_SENSITIVITY,BASIC_LIQUID,2023,2022,60,20,0.00595109804652,0.0132237422295,0.0123196161376,0.0153622004131,0.987878787879,687,629215,0.0137212958419,0.0123235786335,0.0084461990602,0.00831149123639,0.890909090909,245,275365
BROAD_SENSITIVITY,BASIC_LIQUID,2024,2023,60,20,0.00799369296053,0.0125551150385,0.0113013895453,0.0132354747267,0.987878787879,932,904580,0.0124125735828,0.0163343447834,0.00798759352323,0.00869252868738,0.975757575758,248,326190
BROAD_SENSITIVITY,BASIC_LIQUID,2025,2024,60,20,0.00892240685403,0.0131873308196,0.0106049307203,0.0121296754522,1,1180,1230770,-0.0126480206449,-0.0269853684183,-0.0011308278041,-0.00166627580491,-0.224242424242,248,328607
BROAD_SENSITIVITY,BASIC_LIQUID,2026,2025,60,20,0.00517628219035,0.00812496790318,0.00856678778333,0.00910474071047,1,1428,1559377,0.0234144810237,0.0386926278747,0.00918193505959,0.00964224645947,0.515151515152,152,222377
PRIMARY_VERIFIED,MODERATE_LIQUID,2021,2020,5,1,-0.0500764675141,-0.051659112755,-0.00127298734154,-0.00146264777721,-0.854545454545,131,56402,-0.0307212173798,-0.0291628372415,0.000588189811488,0.000500702779358,0.115151515152,248,148572
PRIMARY_VERIFIED,MODERATE_LIQUID,2022,2021,5,1,-0.0374112906452,-0.0366862807956,-5.51194419317e-05,-4.00881430907e-05,-0.139393939394,379,204974,-0.0361883006545,-0.0290755009044,-0.001289457323,-0.00126018887467,-0.951515151515,248,151746
PRIMARY_VERIFIED,MODERATE_LIQUID,2023,2022,5,1,-0.0369275561672,-0.0332877293175,-0.000543342399675,-0.000561378805415,-0.648484848485,627,356720,-0.033011970588,-0.0323615663304,-0.00026686752209,-0.000183604438762,-0.539393939394,245,179265
PRIMARY_VERIFIED,MODERATE_LIQUID,2024,2023,5,1,-0.0358274203107,-0.0327543716288,-0.000465663104941,-0.000434661125295,-0.539393939394,872,535985,-0.035412528239,-0.0300371722625,-0.000979672462934,-0.000915097616814,-0.769696969697,248,234853
PRIMARY_VERIFIED,MODERATE_LIQUID,2025,2024,5,1,-0.0357355513519,-0.0324096906774,-0.000579479462782,-0.000581069613423,-0.69696969697,1120,770838,-0.0290880271392,-0.022367333083,-0.00107827770597,-0.00104258420341,-0.951515151515,248,225199
PRIMARY_VERIFIED,MODERATE_LIQUID,2026,2025,5,1,-0.0345304446233,-0.0304008118625,-0.000669904875291,-0.000686439086165,-0.854545454545,1368,996037,-0.00930627575467,-0.000886202524477,0.000110461357432,8.21257302812e-05,-0.139393939394,131,130464
PRIMARY_VERIFIED,MODERATE_LIQUID,2021,2020,5,2,-0.0627142791569,-0.0739797515646,-0.00317341746417,-0.00348832693913,-0.866666666667,131,56375,-0.0408906642275,-0.0385928751608,-0.000208297988775,-0.000360241787292,-0.0909090909091,248,148439
PRIMARY_VERIFIED,MODERATE_LIQUID,2022,2021,5,2,-0.048433918992,-0.0473195513915,-0.00123318097367,-0.00122262267675,-0.563636363636,379,204814,-0.0487525684574,-0.0444400142926,-0.00310755891058,-0.00302962717411,-0.951515151515,248,151646
PRIMARY_VERIFIED,MODERATE_LIQUID,2023,2022,5,2,-0.0485599557821,-0.0454273277126,-0.00197456172065,-0.00199783997907,-0.963636363636,627,356460,-0.0396320275852,-0.0325843925517,-0.000767065258538,-0.000580328878458,-0.6,245,179138
PRIMARY_VERIFIED,MODERATE_LIQUID,2024,2023,5,2,-0.0460515355892,-0.0412457670264,-0.00163529952659,-0.00152307644654,-0.915151515152,872,535598,-0.0394252396891,-0.0276527059465,-0.0014692775082,-0.00132758552049,-0.890909090909,248,234568
PRIMARY_VERIFIED,MODERATE_LIQUID,2025,2024,5,2,-0.0445842843542,-0.0377380580278,-0.00159853750824,-0.00146374932239,-0.927272727273,1120,770166,-0.0348260260784,-0.0215050831921,-0.00188787338386,-0.00180381726839,-0.866666666667,248,225011
PRIMARY_VERIFIED,MODERATE_LIQUID,2026,2025,5,2,-0.0428152433802,-0.0358298777402,-0.00165099021083,-0.00154242455176,-0.975757575758,1368,995177,-0.0160672389069,-0.00727667492348,-0.00115181595189,-0.00124025713384,-0.648484848485,130,129264
PRIMARY_VERIFIED,MODERATE_LIQUID,2021,2020,5,3,-0.0637522531729,-0.0671727501123,-0.00419986215241,-0.00456994780635,-0.866666666667,131,56348,-0.0412277628643,-0.0462996750342,-0.000248072847586,-0.000433645401667,-0.0545454545455,248,148308
PRIMARY_VERIFIED,MODERATE_LIQUID,2022,2021,5,3,-0.0490132727071,-0.0555897324394,-0.0016139947445,-0.0015748009594,-0.757575757576,379,204656,-0.0561854464017,-0.0495858869813,-0.00444676755688,-0.00430880340842,-0.951515151515,248,151550
PRIMARY_VERIFIED,MODERATE_LIQUID,2023,2022,5,3,-0.0518501133391,-0.0524511193388,-0.00273445352835,-0.00274937983063,-0.963636363636,627,356206,-0.0373537803987,-0.0277963012494,-0.000445997853152,-0.000118893347884,-0.539393939394,245,179013
PRIMARY_VERIFIED,MODERATE_LIQUID,2024,2023,5,3,-0.0477771757584,-0.0426492621963,-0.00209148146364,-0.0018686491156,-0.951515151515,872,535219,-0.0376520280661,-0.0272526072772,-0.00161399122811,-0.00142050730716,-0.806060606061,248,234289
PRIMARY_VERIFIED,MODERATE_LIQUID,2025,2024,5,3,-0.0455351787694,-0.0397479135532,-0.00198575148292,-0.00173244271588,-0.927272727273,1120,769508,-0.0369659399361,-0.0185382297127,-0.00263007126004,-0.00250691498056,-0.878787878788,248,224832
PRIMARY_VERIFIED,MODERATE_LIQUID,2026,2025,5,3,-0.0439816910277,-0.0361168737206,-0.00210255799222,-0.0019104590087,-0.963636363636,1368,994340,-0.0147781538547,-0.00527526667219,-0.00133652354862,-0.0014938303668,-0.478787878788,129,128066
PRIMARY_VERIFIED,MODERATE_LIQUID,2021,2020,5,5,-0.0604347669342,-0.0650818848533,-0.00505121458645,-0.00531247809433,-0.890909090909,131,56295,-0.0342991175977,-0.0258591822252,0.000642074956968,0.000347249506636,0.551515151515,248,148057
PRIMARY_VERIFIED,MODERATE_LIQUID,2022,2021,5,5,-0.0433328116955,-0.0424804671954,-0.00132579029419,-0.00121473088381,-0.636363636364,379,204352,-0.0556921575839,-0.0391269767858,-0.00573954106459,-0.00549071623381,-0.987878787879,248,151360
PRIMARY_VERIFIED,MODERATE_LIQUID,2023,2022,5,5,-0.0482213567997,-0.0414272837645,-0.00307158007259,-0.00305756010664,-0.963636363636,627,355712,-0.0338997307416,-0.0294914323151,0.000402702499138,0.000896492800814,-0.369696969697,245,178782
PRIMARY_VERIFIED,MODERATE_LIQUID,2024,2023,5,5,-0.0441975054416,-0.0374349637657,-0.00209543416654,-0.00173281161531,-0.90303030303,872,534494,-0.0388834211746,-0.0297852966628,-0.00270060107394,-0.00242533260998,-0.854545454545,248,233777
PRIMARY_VERIFIED,MODERATE_LIQUID,2025,2024,5,5,-0.0430208153539,-0.0362965215595,-0.00222943541032,-0.00194204969796,-0.963636363636,1120,768271,-0.03513334407,-0.0285477631402,-0.00359865459898,-0.00346220636874,-0.915151515152,248,224496
PRIMARY_VERIFIED,MODERATE_LIQUID,2026,2025,5,5,-0.0415909228989,-0.0348512509479,-0.00247765643283,-0.00229235018833,-0.975757575758,1368,992767,-0.0108484846711,-0.0167283582056,-0.00171901634716,-0.00192566760874,-0.406060606061,127,125682
PRIMARY_VERIFIED,MODERATE_LIQUID,2021,2020,5,10,-0.0314795189904,-0.0407724867877,0.000338939425281,0.000213836549468,-0.260606060606,131,56187,-0.0181104619253,-0.0263001594111,0.00387835846153,0.00343407274836,0.963636363636,248,147476
PRIMARY_VERIFIED,MODERATE_LIQUID,2022,2021,5,10,-0.0227314288792,-0.0320951231411,0.00265497087908,0.00256088214523,0.878787878788,379,203663,-0.0389443376616,-0.0229492413258,-0.00429181349847,-0.0040583168754,-0.939393939394,248,150936
PRIMARY_VERIFIED,MODERATE_LIQUID,2023,2022,5,10,-0.0291441902477,-0.0279863289034,-9.27205493597e-05,-0.000319468349245,-0.551515151515,627,354599,-0.0209862769606,-0.011608869387,0.000840590727295,0.00124842215825,-0.224242424242,245,178261
PRIMARY_VERIFIED,MODERATE_LIQUID,2024,2023,5,10,-0.026852115987,-0.0234890509014,0.000169505669425,0.000209982900685,-0.406060606061,872,532860,-0.0314359933121,-0.0168804506375,-0.00267972694948,-0.00211275943003,-0.890909090909,248,232613
PRIMARY_VERIFIED,MODERATE_LIQUID,2025,2024,5,10,-0.0278671173947,-0.0218168370603,-0.000461395839047,-0.000481907701053,-0.624242424242,1120,765473,-0.0146268845075,-0.0145576696848,-0.00102408497776,-0.00100619718982,-0.757575757576,248,223718
PRIMARY_VERIFIED,MODERATE_LIQUID,2026,2025,5,10,-0.0254668412572,-0.019648640008,-0.000563403811563,-0.000622758023651,-0.818181818182,1368,989191,-0.0189609059177,-0.00628380173146,-0.00276872059417,-0.00275449396819,-0.672727272727,122,119839
PRIMARY_VERIFIED,MODERATE_LIQUID,2021,2020,5,20,-0.0282141701821,-0.0383256747363,-0.00212005522666,-0.00200207540514,-0.515151515152,131,55996,-0.00180010372609,-0.00746469567808,0.00907995279953,0.00878104375223,0.975757575758,248,146444
PRIMARY_VERIFIED,MODERATE_LIQUID,2022,2021,5,20,-0.0109300317096,-0.0155808931599,0.00520870991976,0.00584053731294,0.90303030303,379,202440,-0.0233650620265,-0.0115659949001,-0.00187711285733,-0.00118519036486,-0.733333333333,248,150134
PRIMARY_VERIFIED,MODERATE_LIQUID,2023,2022,5,20,-0.0158485126005,-0.0139759374375,0.00240602403664,0.00271049737352,0.442424242424,627,352574,-0.0141704504233,-0.0034307935307,0.000192209134034,0.000464274731303,-0.0666666666667,245,177213
PRIMARY_VERIFIED,MODERATE_LIQUID,2024,2023,5,20,-0.015377038709,-0.0116662927689,0.00178402328992,0.00198986891428,-0.0424242424242,872,529787,-0.00536535721343,0.00470745838578,0.00161014952135,0.00262980335258,0.866666666667,248,230603
PRIMARY_VERIFIED,MODERATE_LIQUID,2025,2024,5,20,-0.0131601663778,-0.0059113781314,0.00174552266974,0.00224558241347,0.442424242424,1120,760390,-0.00482570246596,-0.0106451429284,0.00276569013439,0.00256672381435,0.418181818182,248,222269
PRIMARY_VERIFIED,MODERATE_LIQUID,2026,2025,5,20,-0.0116492401716,-0.00727278969041,0.00193046530953,0.00225607644706,0.587878787879,1368,982659,-0.0297862285285,-0.0165619747858,-0.00903191214846,-0.00844484372928,-0.939393939394,112,108424
PRIMARY_VERIFIED,MODERATE_LIQUID,2021,2020,10,1,-0.044731249947,-0.0455097110566,-0.000421487658157,-0.000522184862572,-0.733333333333,131,56352,-0.0291577293166,-0.0209001963098,0.000516266052797,0.000439622607928,0.309090909091,248,148414
PRIMARY_VERIFIED,MODERATE_LIQUID,2022,2021,10,1,-0.0345406612495,-0.0255077464992,0.000192134822889,0.000174410124205,0.357575757576,379,204766,-0.0331511094413,-0.0248139496733,-0.000869409186758,-0.000837501638269,-0.878787878788,248,151493
PRIMARY_VERIFIED,MODERATE_LIQUID,2023,2022,10,1,-0.0339910458613,-0.025304583945,-0.000227742233558,-0.000257565572046,-0.030303030303,627,356259,-0.0254467797493,-0.0191284137801,-0.000253515166815,-0.000183593263036,0.0787878787879,245,179061
PRIMARY_VERIFIED,MODERATE_LIQUID,2024,2023,10,1,-0.0315904206348,-0.0247233984343,-0.000234983482007,-0.000232273700801,-0.0181818181818,872,535320,-0.0376766980981,-0.0312691079069,-0.000882838448555,-0.00084899755968,-0.684848484848,248,234500
PRIMARY_VERIFIED,MODERATE_LIQUID,2025,2024,10,1,-0.0329380963589,-0.0252984161739,-0.000378437081743,-0.000420093538042,-0.333333333333,1120,769820,-0.0152167070145,-0.00814378147933,-0.000685206501619,-0.0006429166135,-0.90303030303,248,224808
PRIMARY_VERIFIED,MODERATE_LIQUID,2026,2025,10,1,-0.0297254468286,-0.0231756485243,-0.000434050251428,-0.000471457511113,-0.624242424242,1368,994628,-0.00776488573219,-0.000756728023554,-0.00012348997068,-0.000122605912809,-0.418181818182,131,130311
PRIMARY_VERIFIED,MODERATE_LIQUID,2021,2020,10,2,-0.0450328060291,-0.0539795734089,-0.00130894504033,-0.00145082337282,-0.818181818182,131,56325,-0.0324393474716,-0.0313442421104,0.000904206714224,0.000760867763677,0.454545454545,248,148281
PRIMARY_VERIFIED,MODERATE_LIQUID,2022,2021,10,2,-0.0367922315641,-0.0387135003764,0.000139238693519,0.000151031538972,0.369696969697,379,204606,-0.0397596401316,-0.0384354207476,-0.00111766544447,-0.00103713615767,-0.854545454545,248,151393
PRIMARY_VERIFIED,MODERATE_LIQUID,2023,2022,10,2,-0.0379659434058,-0.0387135003764,-0.000357909992638,-0.000359137292385,-0.648484848485,627,355999,-0.0271535610877,-0.0277381986452,-0.000298088948113,-0.000119890761936,-0.224242424242,245,178935
PRIMARY_VERIFIED,MODERATE_LIQUID,2024,2023,10,2,-0.0349280607591,-0.0341647050901,-0.000341102474394,-0.000278059553172,-0.490909090909,872,534934,-0.0406737820364,-0.0299499923429,-0.00168393100224,-0.0015983981979,-0.769696969697,248,234216
PRIMARY_VERIFIED,MODERATE_LIQUID,2025,2024,10,2,-0.0362003276133,-0.0326464076698,-0.00063844307699,-0.000679484898045,-0.745454545455,1120,769150,-0.0139154916809,-0.000655701921283,-0.0010598976883,-0.000987558492041,-0.757575757576,248,224620
PRIMARY_VERIFIED,MODERATE_LIQUID,2026,2025,10,2,-0.0321603865964,-0.0292354486267,-0.000714847129332,-0.000751818983246,-0.866666666667,1368,993770,-0.0157680883483,-0.00159490796988,-0.000939620272527,-0.000956110485791,-0.939393939394,130,129113
PRIMARY_VERIFIED,MODERATE_LIQUID,2021,2020,10,3,-0.041063131553,-0.0495709870805,-0.00106207859303,-0.00116514268911,-0.515151515152,131,56298,-0.0293333730528,-0.0326811566718,0.0019719617608,0.00178279505554,0.636363636364,248,148150
PRIMARY_VERIFIED,MODERATE_LIQUID,2022,2021,10,3,-0.033387722297,-0.0376534826425,0.000923256519764,0.000969992328338,0.527272727273,379,204448,-0.041170636655,-0.030508885429,-0.00119189208624,-0.00106650019156,-0.806060606061,248,151297
PRIMARY_VERIFIED,MODERATE_LIQUID,2023,2022,10,3,-0.0364661318038,-0.0342898661036,8.66427170706e-05,9.4509861566e-05,-0.369696969697,627,355745,-0.0249292345058,-0.0275988325941,0.000256175845887,0.000532248110828,-0.030303030303,245,178811
PRIMARY_VERIFIED,MODERATE_LIQUID,2024,2023,10,3,-0.0332246870354,-0.0320680864434,0.000134275304869,0.000242410842007,-0.381818181818,872,534556,-0.0394168761284,-0.0360949034019,-0.00156327621096,-0.00140985359049,-0.793939393939,248,233938
PRIMARY_VERIFIED,MODERATE_LIQUID,2025,2024,10,3,-0.0345958146203,-0.0327202485902,-0.000241611102208,-0.000258689746331,-0.515151515152,1120,768494,-0.012498365452,-0.00290756361141,-0.00119823955134,-0.00108382935946,-0.793939393939,248,224441
PRIMARY_VERIFIED,MODERATE_LIQUID,2026,2025,10,3,-0.0305898443032,-0.0275685187708,-0.000415034973104,-0.000450172776256,-0.769696969697,1368,992935,-0.0159932835501,-0.0012893384058,-0.000778383608929,-0.000814947620572,-0.757575757576,129,127917
PRIMARY_VERIFIED,MODERATE_LIQUID,2021,2020,10,5,-0.0356989811385,-0.0407859039461,0.000210430071325,0.000121938070759,-0.151515151515,131,56245,-0.0229938200062,-0.0220399116509,0.00470629658749,0.00441209637863,0.927272727273,248,147899
PRIMARY_VERIFIED,MODERATE_LIQUID,2022,2021,10,5,-0.0273853136957,-0.0296111540706,0.00315231634048,0.00323196680956,0.830303030303,379,204144,-0.0409762029214,-0.027312403648,-0.000773811415618,-0.000559059855863,-0.769696969697,248,151107
PRIMARY_VERIFIED,MODERATE_LIQUID,2023,2022,10,5,-0.0327609764198,-0.0278954957833,0.00159939818496,0.00159688571289,0.0787878787879,627,355251,-0.0212065924076,-0.0127232491035,0.0012853730146,0.00157103427494,0.0666666666667,245,178582
PRIMARY_VERIFIED,MODERATE_LIQUID,2024,2023,10,5,-0.0295146185264,-0.0224142436935,0.00151116863594,0.00159196244836,-0.0787878787879,872,533833,-0.0361551939593,-0.0260960446979,-0.00111919755406,-0.000851437350319,-0.866666666667,248,233427
PRIMARY_VERIFIED,MODERATE_LIQUID,2025,2024,10,5,-0.030985031658,-0.0230538676593,0.000928730408159,0.000854150009839,-0.236363636364,1120,767260,-0.01242152478,-0.0123133427925,-0.00129148304243,-0.00116196380519,-0.721212121212,248,224105
PRIMARY_VERIFIED,MODERATE_LIQUID,2026,2025,10,5,-0.0276197175456,-0.0220369263673,0.000526235572087,0.000387541882751,-0.309090909091,1368,991365,-0.0151124532904,-0.00441809404331,-0.000485427142347,-0.000475978782636,-0.648484848485,127,125537
PRIMARY_VERIFIED,MODERATE_LIQUID,2021,2020,10,10,-0.0199030160301,-0.0199950681586,0.00303077851211,0.00294717417475,0.660606060606,131,56137,-0.0086500501197,-0.0127818008612,0.0115539466994,0.0109580900052,0.939393939394,248,147318
PRIMARY_VERIFIED,MODERATE_LIQUID,2022,2021,10,10,-0.0125395977035,-0.0141372764682,0.00860794397503,0.00876891114123,0.90303030303,379,203455,-0.0285718160243,-0.0128303820621,0.00143550759375,0.00172668772148,-0.345454545455,248,150683
PRIMARY_VERIFIED,MODERATE_LIQUID,2023,2022,10,10,-0.0188808897985,-0.013546334512,0.00577099944144,0.00570857149493,0.672727272727,627,354138,-0.0146463935593,-0.00414232449109,0.00217332371395,0.00224506567505,0.0545454545455,245,178061
PRIMARY_VERIFIED,MODERATE_LIQUID,2024,2023,10,10,-0.0176911517496,-0.0108053800537,0.00476018458682,0.00456210333524,0.490909090909,872,532199,-0.0198668334213,-0.00150884518969,0.000640782134135,0.00119518349932,0.757575757576,248,232263
PRIMARY_VERIFIED,MODERATE_LIQUID,2025,2024,10,10,-0.0181729098341,-0.00888596910404,0.00384803118658,0.00356708053897,0.684848484848,1120,764462,0.00184930001199,-0.00422372442964,0.000742160228832,0.000832015664196,0.769696969697,248,223327
PRIMARY_VERIFIED,MODERATE_LIQUID,2026,2025,10,10,-0.0145431524935,-0.0074761531474,0.00328497855681,0.0029164267169,0.769696969697,1368,987789,-0.0245765253638,-0.0177740014873,-0.000790344414646,-0.000388815821535,-0.648484848485,122,119699
PRIMARY_VERIFIED,MODERATE_LIQUID,2021,2020,10,20,-0.0245990546566,-0.0224299115607,-0.000260838849891,-0.000350238525078,-0.260606060606,131,55946,0.009331956867,0.0149566254255,0.0187317941751,0.0186160322874,0.987878787879,248,146286
PRIMARY_VERIFIED,MODERATE_LIQUID,2022,2021,10,20,-0.00239617640368,-0.000566304827356,0.0121670582219,0.0134469873853,0.915151515152,379,202232,-0.00623513323408,0.00407346902131,0.00775373719229,0.00853038092349,0.187878787879,248,149882
PRIMARY_VERIFIED,MODERATE_LIQUID,2023,2022,10,20,-0.00391461546897,0.00100104783683,0.0104214384207,0.011198522935,0.915151515152,627,352114,-0.0118805372936,-0.00319275132944,0.00222707425934,0.0026624991784,0.127272727273,245,177018
PRIMARY_VERIFIED,MODERATE_LIQUID,2024,2023,10,20,-0.00615274717429,-0.00042130582872,0.00811912280198,0.00838485437613,0.769696969697,872,529132,-0.00191443885606,0.00217789686495,0.00471682912516,0.00612006951958,0.963636363636,248,230253
PRIMARY_VERIFIED,MODERATE_LIQUID,2025,2024,10,20,-0.00521426461811,0.000861728054125,0.00736575777354,0.00782047039908,0.915151515152,1120,759385,0.00427099858569,-0.000478842331793,0.00443859393624,0.00402904215749,0.927272727273,248,221878
PRIMARY_VERIFIED,MODERATE_LIQUID,2026,2025,10,20,-0.00349471397883,0.000769432645315,0.00683510234105,0.00687733681768,0.951515151515,1368,981263,-0.0363354236373,-0.0301580244353,-0.00658511907689,-0.00532459512994,-0.806060606061,112,108297
PRIMARY_VERIFIED,MODERATE_LIQUID,2021,2020,20,1,-0.0421151204783,-0.037762844229,-0.000165405879803,-0.000226738444145,-0.357575757576,131,56258,-0.0273680602418,-0.0280571577822,0.000944539465022,0.000921834157136,0.854545454545,248,148075
PRIMARY_VERIFIED,MODERATE_LIQUID,2022,2021,20,1,-0.0324653290834,-0.0305476749923,0.000560890810214,0.000604947304043,0.793939393939,379,204333,-0.0285117603653,-0.0230665235977,-0.000412599820462,-0.000384517628612,-0.612121212121,248,150962
PRIMARY_VERIFIED,MODERATE_LIQUID,2023,2022,20,1,-0.0309015570865,-0.0281093226202,0.000175841884524,0.000182843121133,0.454545454545,627,355295,-0.0222689412465,-0.0218144480259,0.000273360153216,0.000270674039555,0.430303030303,245,178637
PRIMARY_VERIFIED,MODERATE_LIQUID,2024,2023,20,1,-0.0284761088287,-0.0264315203699,0.000203240939374,0.000212591815347,0.6,872,533932,-0.0222498322689,-0.0188094980046,2.12770858903e-05,2.91372658763e-05,0.50303030303,248,233730
PRIMARY_VERIFIED,MODERATE_LIQUID,2025,2024,20,1,-0.0270974333047,-0.0240525609457,0.000162948943246,0.000156758044277,0.563636363636,1120,767662,-0.00784433467217,-0.00677688997985,-0.000468407373487,-0.000451449749155,-0.406060606061,248,223982
PRIMARY_VERIFIED,MODERATE_LIQUID,2026,2025,20,1,-0.0236071054824,-0.0201221475042,4.84925349491e-05,1.82398493421e-05,0.442424242424,1368,991644,-0.0116412743582,-0.00758943633604,-0.000635471794742,-0.000577253130055,-0.490909090909,131,130004
PRIMARY_VERIFIED,MODERATE_LIQUID,2021,2020,20,2,-0.042507984243,-0.0428477660766,4.6766622493e-05,-4.30695216173e-05,-0.6,131,56231,-0.0234136338202,-0.019036405727,0.00180923532162,0.00178943472983,0.927272727273,248,147945
PRIMARY_VERIFIED,MODERATE_LIQUID,2022,2021,20,2,-0.0300135280297,-0.028699253293,0.00120004429369,0.00128415514438,0.90303030303,379,204176,-0.0295104523556,-0.0232641304609,-0.000785429467951,-0.00073342629288,-0.50303030303,248,150862
PRIMARY_VERIFIED,MODERATE_LIQUID,2023,2022,20,2,-0.02981454435,-0.0255285152592,0.000414721338528,0.000421676157857,0.406060606061,627,355038,-0.0204123117786,-0.0190859640009,0.000375574679787,0.000409831557019,0.2,245,178512
PRIMARY_VERIFIED,MODERATE_LIQUID,2024,2023,20,2,-0.0271728620335,-0.0236514751086,0.000403722563997,0.000418583173579,0.236363636364,872,533550,-0.0171601295578,-0.00912663094392,0.000724859450489,0.000750125082439,0.69696969697,248,233446
PRIMARY_VERIFIED,MODERATE_LIQUID,2025,2024,20,2,-0.0249557569853,-0.0198319027708,0.000474831446006,0.000519603227085,0.709090909091,1120,766996,-0.00716415631833,-0.00827127758937,-0.000406751652352,-0.000378851771627,-0.381818181818,248,223795
PRIMARY_VERIFIED,MODERATE_LIQUID,2026,2025,20,2,-0.0217303790866,-0.0187538578483,0.000315012287824,0.000313350123809,0.575757575758,1368,990791,-0.017592689432,-0.0111303415436,-0.00164128807819,-0.00153317439485,-0.866666666667,130,128807
PRIMARY_VERIFIED,MODERATE_LIQUID,2021,2020,20,3,-0.0419508129025,-0.0428037063418,0.000271122490432,0.000152467030215,-0.369696969697,131,56204,-0.0188957137023,-0.0235291734884,0.00286119239262,0.00283059781104,0.975757575758,248,147814
PRIMARY_VERIFIED,MODERATE_LIQUID,2022,2021,20,3,-0.0268646266185,-0.0254760611864,0.00196594395677,0.00209353256828,0.963636363636,379,204018,-0.0296775615032,-0.0198815625494,-0.000197427775667,-0.0001275916014,-0.478787878788,248,150766
PRIMARY_VERIFIED,MODERATE_LIQUID,2023,2022,20,3,-0.0279772388217,-0.0234650360641,0.00111025625399,0.00113966351639,0.624242424242,627,354784,-0.0183049169174,-0.0176198023728,0.000712296270495,0.000816626317232,0.575757575758,245,178389
PRIMARY_VERIFIED,MODERATE_LIQUID,2024,2023,20,3,-0.0252596713142,-0.0214230124992,0.000998444102662,0.00103310123515,0.648484848485,872,533173,-0.0136235478469,-0.00413599293872,0.00161162625404,0.0016513256161,0.757575757576,248,233170
PRIMARY_VERIFIED,MODERATE_LIQUID,2025,2024,20,3,-0.0226831011178,-0.0173161886672,0.00113422015047,0.00122186110303,0.842424242424,1120,766343,-0.00584754543068,-0.00989919274523,-0.000199611353195,-0.000133122703571,-0.418181818182,248,223616
PRIMARY_VERIFIED,MODERATE_LIQUID,2026,2025,20,3,-0.0196310413149,-0.0161176490656,0.000892414439277,0.0009098502352,0.781818181818,1368,989959,-0.017301410739,-0.00401189243309,-0.00209990954122,-0.00198656563943,-0.745454545455,129,127613
PRIMARY_VERIFIED,MODERATE_LIQUID,2021,2020,20,5,-0.0385430625669,-0.0380628710924,0.00139587774393,0.0013143902997,-0.260606060606,131,56151,-0.0105758534888,-0.0022361853952,0.00537395876628,0.00522829134061,0.975757575758,248,147564
PRIMARY_VERIFIED,MODERATE_LIQUID,2022,2021,20,5,-0.0202426196873,-0.0163684230997,0.00399894923085,0.00415738049574,0.987878787879,379,203715,-0.028203770917,-0.0176831547682,0.00120134114028,0.00135397726784,-0.187878787879,248,150576
PRIMARY_VERIFIED,MODERATE_LIQUID,2023,2022,20,5,-0.0233915279887,-0.0166145074552,0.00289239930029,0.00294338699028,0.939393939394,627,354291,-0.0162835519938,-0.00612581840083,0.00116980983397,0.00133314283441,0.478787878788,245,178163
PRIMARY_VERIFIED,MODERATE_LIQUID,2024,2023,20,5,-0.0213944475773,-0.0146278540426,0.00240841487455,0.00240842977908,0.951515151515,872,532454,-0.00781547628952,-0.00246395949441,0.00325818361589,0.00334863496171,0.842424242424,248,232659
PRIMARY_VERIFIED,MODERATE_LIQUID,2025,2024,20,5,-0.0183876753636,-0.00966552948267,0.00259657795299,0.00269834199635,0.927272727273,1120,765113,-0.00782240854993,-0.0136475485681,-8.2664555049e-05,4.3579153615e-06,-0.272727272727,248,223282
PRIMARY_VERIFIED,MODERATE_LIQUID,2026,2025,20,5,-0.0164723345962,-0.0103298197541,0.00211086732287,0.00207678630188,0.854545454545,1368,988395,-0.0181006164207,0.00981382428157,-0.00235455480683,-0.00218787123605,-0.563636363636,127,125238
PRIMARY_VERIFIED,MODERATE_LIQUID,2021,2020,20,10,-0.0330788356145,-0.0281208242247,0.00542360482186,0.00536782933617,-0.236363636364,131,56043,0.00323756538271,0.0084023809771,0.0123511894839,0.0119440713026,0.987878787879,248,146984
PRIMARY_VERIFIED,MODERATE_LIQUID,2022,2021,20,10,-0.00931506926277,-0.00770372882855,0.00995669452158,0.0101679930253,0.987878787879,379,203027,-0.0113497108501,-0.00338154647768,0.00668728273375,0.006970916172,0.248484848485,248,150155
PRIMARY_VERIFIED,MODERATE_LIQUID,2023,2022,20,10,-0.010119839779,-0.00615255053334,0.00866353005047,0.00874760591102,0.987878787879,627,353182,-0.0140605463587,0.00402492599897,0.00193330117126,0.00205553154764,0.648484848485,245,177647
PRIMARY_VERIFIED,MODERATE_LIQUID,2024,2023,20,10,-0.0112270337148,-0.00333320354322,0.00677258271629,0.00651966248197,0.987878787879,872,530829,0.000775418229758,0.0127017063921,0.00708441458548,0.0074612283553,0.951515151515,248,231502
PRIMARY_VERIFIED,MODERATE_LIQUID,2025,2024,20,10,-0.00856934792705,0.00142842859647,0.00684163120161,0.00683350231473,0.987878787879,1120,762331,-0.00131827934529,-0.0113446283245,0.00234493930298,0.00230828029492,0.466666666667,248,222504
PRIMARY_VERIFIED,MODERATE_LIQUID,2026,2025,20,10,-0.00725482672217,-0.00132508840866,0.00602644144221,0.0057713280834,0.975757575758,1368,984835,-0.0235399042849,-0.0104761562011,-0.00353839485803,-0.00278144794712,-0.563636363636,122,119413
PRIMARY_VERIFIED,MODERATE_LIQUID,2021,2020,20,20,-0.0357416745151,-0.0332463585382,0.00721490777335,0.0075932510096,-0.321212121212,131,55852,-0.00103547081854,0.00283619851303,0.0183896516651,0.0186796289497,0.781818181818,248,145953
PRIMARY_VERIFIED,MODERATE_LIQUID,2022,2021,20,20,-0.0130315465026,-0.00966036990103,0.0145271412434,0.0157432445158,0.757575757576,379,201805,0.000239862128692,0.00308964806353,0.0154026052402,0.0161826484606,0.406060606061,248,149364
PRIMARY_VERIFIED,MODERATE_LIQUID,2023,2022,20,20,-0.00778224930872,-0.00637223644098,0.014873417274,0.0157436444681,0.672727272727,627,351169,-0.00997349782984,0.0108064323017,0.00246639470907,0.0029361000048,0.575757575758,245,176606
PRIMARY_VERIFIED,MODERATE_LIQUID,2024,2023,20,20,-0.00839790973036,-0.00190362125078,0.0113874992369,0.0114823818074,0.854545454545,872,527775,0.0063327263232,0.0202947291753,0.0144481709083,0.016289443477,0.987878787879,248,229499
PRIMARY_VERIFIED,MODERATE_LIQUID,2025,2024,20,20,-0.00513612603279,0.00360822560083,0.0120652193927,0.0130483261367,0.987878787879,1120,757274,-0.00134215838418,-0.0088264966347,0.00256437061302,0.00197603586425,0.551515151515,248,221056
PRIMARY_VERIFIED,MODERATE_LIQUID,2026,2025,20,20,-0.00444833072807,0.000291700803318,0.0103428432981,0.0104277608189,0.963636363636,1368,978330,-0.0231956725962,-0.0212799962735,-0.00574983861792,-0.00410790959963,-0.430303030303,112,108059
PRIMARY_VERIFIED,MODERATE_LIQUID,2021,2020,40,1,-0.0337699953297,-0.0364559850887,0.000488402212071,0.000490278264095,0.0181818181818,131,56090,-0.0289113576329,-0.022212814292,0.00093699855614,0.000912770227084,0.866666666667,248,146997
PRIMARY_VERIFIED,MODERATE_LIQUID,2022,2021,40,1,-0.0305907284463,-0.0232622258685,0.000781942827715,0.000795692686507,0.90303030303,379,203087,-0.018953107726,-0.00795980332778,0.000448662765183,0.000453230745935,0.139393939394,248,149745
PRIMARY_VERIFIED,MODERATE_LIQUID,2023,2022,40,1,-0.0259876503943,-0.0170502528106,0.00065011913472,0.000649166859313,0.769696969697,627,352832,-0.0225225161081,-0.0168187580947,-0.000221464879998,-0.000144090915649,0.212121212121,245,177240
PRIMARY_VERIFIED,MODERATE_LIQUID,2024,2023,40,1,-0.0250140748207,-0.0169507424699,0.000405236011319,0.000384169609523,0.660606060606,872,530072,-0.0174492586918,-0.0177717977259,0.000206141373655,0.000204891586004,0.381818181818,248,231166
PRIMARY_VERIFIED,MODERATE_LIQUID,2025,2024,40,1,-0.0233390083922,-0.0172240625626,0.000361150770122,0.000329659461245,0.69696969697,1120,761238,-0.0113467148368,-0.000641288506648,-0.000805717652762,-0.00078798935718,-0.793939393939,248,221321
PRIMARY_VERIFIED,MODERATE_LIQUID,2026,2025,40,1,-0.0211649668705,-0.0141942541441,0.000149613219774,7.67544896722e-05,0.442424242424,1368,982559,0.0105868846184,0.012471133335,0.000592233915724,0.000575510078806,0.369696969697,131,129117
PRIMARY_VERIFIED,MODERATE_LIQUID,2021,2020,40,2,-0.0324848482497,-0.0274651679337,0.000546394578032,0.000573326763766,-0.151515151515,131,56063,-0.0251171383002,-0.0241545075288,0.00191527567479,0.00189144895463,0.939393939394,248,146871
PRIMARY_VERIFIED,MODERATE_LIQUID,2022,2021,40,2,-0.0276637610004,-0.0261935117,0.00144212679965,0.00152723503939,0.866666666667,379,202934,-0.015398680727,-0.00462148720127,0.00102101439884,0.00102899511967,-0.00606060606061,248,149648
PRIMARY_VERIFIED,MODERATE_LIQUID,2023,2022,40,2,-0.0228125011794,-0.0185668821431,0.00127556240507,0.00131215530569,0.806060606061,627,352582,-0.0191107509001,-0.01315700824,-0.000449262151048,-0.000292766887734,0.466666666667,245,177117
PRIMARY_VERIFIED,MODERATE_LIQUID,2024,2023,40,2,-0.0217724451949,-0.016837627378,0.000790950001118,0.000776207293075,0.709090909091,872,529699,-0.0111029703055,-0.0104431954719,0.000654090763149,0.000675028128779,0.612121212121,248,230897
PRIMARY_VERIFIED,MODERATE_LIQUID,2025,2024,40,2,-0.0194099186123,-0.0155252853232,0.000760645455567,0.000745655035769,0.69696969697,1120,760596,-0.0117404933645,-0.00131059106324,-0.00161118139694,-0.00158198922386,-0.793939393939,248,221140
PRIMARY_VERIFIED,MODERATE_LIQUID,2026,2025,40,2,-0.0180195549709,-0.0144049354367,0.000330665148972,0.000217951443599,0.551515151515,1368,981736,0.0121718509962,0.0148637767953,0.00086520571301,0.00084653140088,0.345454545455,130,127929
PRIMARY_VERIFIED,MODERATE_LIQUID,2021,2020,40,3,-0.0328181665128,-0.030595014172,0.000757823600464,0.00083264707692,-0.10303030303,131,56036,-0.0225341895515,-0.02631408407,0.00324822659643,0.00323999447441,0.939393939394,248,146744
PRIMARY_VERIFIED,MODERATE_LIQUID,2022,2021,40,3,-0.0260888095566,-0.0285229531875,0.0023874276717,0.0025759409047,0.842424242424,379,202780,-0.0149062923487,-0.000588034222783,0.00193612815414,0.00193132163425,0.030303030303,248,149555
PRIMARY_VERIFIED,MODERATE_LIQUID,2023,2022,40,3,-0.0216657405493,-0.0184410217068,0.00220892323732,0.00229461068226,0.854545454545,627,352335,-0.0171310186881,-0.0104474337845,-0.000246945805065,2.02831769073e-05,0.575757575758,245,176996
PRIMARY_VERIFIED,MODERATE_LIQUID,2024,2023,40,3,-0.0203916501181,-0.0158973977885,0.00151891416005,0.00153543447158,0.854545454545,872,529331,-0.00608413460487,-0.00364193114426,0.00155943307712,0.00163174983073,0.684848484848,248,230634
PRIMARY_VERIFIED,MODERATE_LIQUID,2025,2024,40,3,-0.0172235573973,-0.0130067107179,0.00152788620597,0.00156535825102,0.842424242424,1120,759965,-0.010672117335,-0.00874504728148,-0.0021265911167,-0.00206137594282,-0.781818181818,248,220966
PRIMARY_VERIFIED,MODERATE_LIQUID,2026,2025,40,3,-0.0160358694328,-0.012719666222,0.000865378621158,0.000742072803021,0.612121212121,1368,980931,0.016879173684,0.0270897146413,0.00152194032198,0.00150840781133,0.381818181818,129,126748
PRIMARY_VERIFIED,MODERATE_LIQUID,2021,2020,40,5,-0.0328237755293,-0.0235204772271,0.00254531924945,0.0028566592416,0.030303030303,131,55983,-0.0191430317987,-0.0188630637793,0.00642063525257,0.00638651237133,0.963636363636,248,146501
PRIMARY_VERIFIED,MODERATE_LIQUID,2022,2021,40,5,-0.0238717321383,-0.0208876791977,0.00508114607999,0.00541800582701,0.781818181818,379,202484,-0.0133535868905,-0.000246619008852,0.00386466106239,0.00383788284275,0.0787878787879,248,149371
PRIMARY_VERIFIED,MODERATE_LIQUID,2023,2022,40,5,-0.0197114450227,-0.0135937593405,0.00459998454193,0.00472616211621,0.818181818182,627,351855,-0.0133907912103,-0.00172254283158,0.000453623216003,0.000925381574221,0.709090909091,245,176773
PRIMARY_VERIFIED,MODERATE_LIQUID,2024,2023,40,5,-0.017935573252,-0.00988129006634,0.00343500916939,0.00345817893404,0.939393939394,872,528628,-0.00116110596324,-6.78756291054e-06,0.00265113309676,0.00279853876114,0.806060606061,248,230146
PRIMARY_VERIFIED,MODERATE_LIQUID,2025,2024,40,5,-0.0142212269238,-0.00729000143363,0.00326143661045,0.0032618066877,0.915151515152,1120,758774,-0.0119925095621,-0.0148764787428,-0.00296596363236,-0.00286630772556,-0.648484848485,248,220640
PRIMARY_VERIFIED,MODERATE_LIQUID,2026,2025,40,5,-0.013817190443,-0.00878485631852,0.00213249270678,0.00186756857942,0.769696969697,1368,979414,0.0207441577061,0.041306009508,0.002917156384,0.00298531705367,0.333333333333,127,124401
PRIMARY_VERIFIED,MODERATE_LIQUID,2021,2020,40,10,-0.0290750570498,-0.0583823261405,0.00711734915063,0.00820868350176,0.0181818181818,131,55875,-0.0138768183582,-0.00286033645204,0.0121295590934,0.0119678430732,0.975757575758,248,145936
PRIMARY_VERIFIED,MODERATE_LIQUID,2022,2021,40,10,-0.0191300354257,-0.0164702222662,0.0103971065802,0.0109683352583,0.709090909091,379,201811,-0.0027063925389,0.00399910689517,0.00820351518601,0.00820430060108,0.345454545455,248,148965
PRIMARY_VERIFIED,MODERATE_LIQUID,2023,2022,40,10,-0.0126339214928,-0.009395447145,0.00952946596496,0.00971737346651,0.854545454545,627,350776,-0.00791628689365,0.00671856707023,0.00221682991907,0.00301095237385,0.69696969697,245,176262
PRIMARY_VERIFIED,MODERATE_LIQUID,2024,2023,40,10,-0.0113084392947,-0.00633603042201,0.00747488358968,0.00748579619265,0.987878787879,872,527038,0.00406184860197,0.00762338228081,0.00586269693169,0.00623545145914,0.866666666667,248,229033
PRIMARY_VERIFIED,MODERATE_LIQUID,2025,2024,40,10,-0.00790501840327,-0.00265876116676,0.00711789940113,0.00712887377414,0.987878787879,1120,756071,-0.0104443715489,-0.02440434157,-0.00429742433245,-0.00423923999611,-0.321212121212,248,219873
PRIMARY_VERIFIED,MODERATE_LIQUID,2026,2025,40,10,-0.00836536897353,-0.00459699406084,0.00504845474767,0.00452414063667,0.842424242424,1368,975944,0.0255709620661,0.0278567468083,0.0061213722477,0.00674579989004,0.478787878788,122,118631
PRIMARY_VERIFIED,MODERATE_LIQUID,2021,2020,40,20,-0.0211333937225,-0.0172867275568,0.0117432978297,0.0147123871724,0.00606060606061,131,55684,-0.00709016481447,0.00116300945231,0.021294404112,0.0215887577088,0.939393939394,248,144923
PRIMARY_VERIFIED,MODERATE_LIQUID,2022,2021,40,20,-0.0119441568645,-0.00817494640732,0.0179930982466,0.0198009101072,0.806060606061,379,200607,0.0108595157139,0.0147837443836,0.0162087513053,0.0169490922588,0.951515151515,248,148182
PRIMARY_VERIFIED,MODERATE_LIQUID,2023,2022,40,20,-0.00292452241561,-0.00112367524353,0.0172873278456,0.0183080848324,0.90303030303,627,348789,-0.00191949226908,0.00738445094963,0.00545369398446,0.00704996515921,0.684848484848,245,175234
PRIMARY_VERIFIED,MODERATE_LIQUID,2024,2023,40,20,-0.00264214582627,0.00223514278651,0.0139625109924,0.0145892854719,0.987878787879,872,524023,0.0114690017316,0.014924778956,0.0115153863338,0.012735115574,0.963636363636,248,227082
PRIMARY_VERIFIED,MODERATE_LIQUID,2025,2024,40,20,0.000482465418685,0.0063070640956,0.0134206476751,0.0141338991996,1,1120,751105,-0.0170357556226,-0.0242728489296,-0.00678479907333,-0.00715798203747,-0.248484848485,248,218459
PRIMARY_VERIFIED,MODERATE_LIQUID,2026,2025,40,20,-0.0026933524309,0.000185249702277,0.0097576719488,0.00919096213276,1,1368,969564,0.0353897390003,0.0443625439383,0.0100074633352,0.0118099752691,0.551515151515,112,107363
PRIMARY_VERIFIED,MODERATE_LIQUID,2021,2020,60,1,-0.0274319816729,-0.0227522385961,0.00110872132526,0.00116882705434,-0.127272727273,131,55868,-0.0257811831577,-0.0176547034051,0.00135402128764,0.00132589203223,0.90303030303,248,146120
PRIMARY_VERIFIED,MODERATE_LIQUID,2022,2021,60,1,-0.0263517757843,-0.0198344569155,0.00126923422941,0.00128162817576,0.830303030303,379,201988,-0.011669098722,-0.0108202520991,0.000685565129471,0.000717972003567,0.539393939394,248,148311
PRIMARY_VERIFIED,MODERATE_LIQUID,2023,2022,60,1,-0.0205442735332,-0.0162277775791,0.00103837308621,0.0010410401051,0.842424242424,627,350299,-0.0176888371259,-0.0175838169311,0.000337993157387,0.000404141098452,0.745454545455,245,175961
PRIMARY_VERIFIED,MODERATE_LIQUID,2024,2023,60,1,-0.0197420006894,-0.016581767424,0.000841592028226,0.000828482442055,0.769696969697,872,526260,-0.0119878371783,-0.00978940359016,0.000387944065286,0.000373872082283,0.854545454545,248,228520
PRIMARY_VERIFIED,MODERATE_LIQUID,2025,2024,60,1,-0.0180250073405,-0.0157244352938,0.000741141407861,0.000690749396894,0.939393939394,1120,754780,-0.0120376359569,0.0011242029943,-0.00105291540761,-0.00100415796165,-0.915151515152,248,218641
PRIMARY_VERIFIED,MODERATE_LIQUID,2026,2025,60,1,-0.0169395774406,-0.0129791411748,0.000415903037805,0.000309120620074,0.660606060606,1368,973421,0.0185328603656,0.0201161631864,0.000736215488208,0.000735218567112,0.684848484848,131,128224
PRIMARY_VERIFIED,MODERATE_LIQUID,2021,2020,60,2,-0.0241518492553,-0.006309361385,0.00173547589288,0.00189032575293,-0.248484848485,131,55841,-0.0196484892507,-0.0238320634463,0.0030428108564,0.00298133577636,0.915151515152,248,145996
PRIMARY_VERIFIED,MODERATE_LIQUID,2022,2021,60,2,-0.0212050595953,-0.0132408553977,0.002590935183,0.00267862010502,0.733333333333,379,201837,-0.00608842565609,-0.00458416792174,0.00134628216585,0.00143504485546,0.636363636364,248,148216
PRIMARY_VERIFIED,MODERATE_LIQUID,2023,2022,60,2,-0.0152259125188,-0.0103045397707,0.00209863223523,0.00214629285528,0.830303030303,627,350053,-0.0107363110376,-0.00581528822071,0.00064812738578,0.000771429806746,0.818181818182,245,175838
PRIMARY_VERIFIED,MODERATE_LIQUID,2024,2023,60,2,-0.0139644992586,-0.00916354485063,0.00169109360207,0.00168723208986,0.818181818182,872,525891,-0.00517671339838,-0.0118637248682,0.000788519763126,0.000783078257611,0.878787878788,248,228264
PRIMARY_VERIFIED,MODERATE_LIQUID,2025,2024,60,2,-0.0120186323896,-0.00998262510511,0.0014912379663,0.00141378283744,0.963636363636,1120,754155,-0.0138075128992,0.00152385922882,-0.0016791762726,-0.00158224901244,-0.890909090909,248,218469
PRIMARY_VERIFIED,MODERATE_LIQUID,2026,2025,60,2,-0.012342932365,-0.00865719850909,0.000916484507787,0.000738266642803,0.793939393939,1368,972624,0.021196839417,0.0193926276329,0.00120124378824,0.00120858463864,0.575757575758,130,127048
PRIMARY_VERIFIED,MODERATE_LIQUID,2021,2020,60,3,-0.0231808749784,-0.0153616781391,0.00267022414618,0.00292622723649,-0.284848484848,131,55814,-0.0158629897824,-0.0192602871705,0.00473676638916,0.0046396240293,0.939393939394,248,145872
PRIMARY_VERIFIED,MODERATE_LIQUID,2022,2021,60,3,-0.018392390734,-0.0184672587587,0.00402247342391,0.00416591816558,0.830303030303,379,201686,-0.00339370291775,0.00641698532733,0.00229025062446,0.00241313779802,0.745454545455,248,148125
PRIMARY_VERIFIED,MODERATE_LIQUID,2023,2022,60,3,-0.0124598953936,-0.00861364838525,0.00333731990833,0.00341260302764,0.90303030303,627,349811,-0.0071331886356,-0.00546638291621,0.0012141803819,0.00147437388692,0.842424242424,245,175718
PRIMARY_VERIFIED,MODERATE_LIQUID,2024,2023,60,3,-0.0109632862701,-0.00754795821039,0.00274079561478,0.00276562221702,0.854545454545,872,525529,-0.00145473862674,0.00454305830389,0.00152972193316,0.0015478904604,0.890909090909,248,228014
PRIMARY_VERIFIED,MODERATE_LIQUID,2025,2024,60,3,-0.00885782214906,-0.00548059771568,0.00247262929957,0.00239796907674,0.987878787879,1120,753543,-0.0161193201028,-0.00642904895841,-0.00226166364155,-0.00210450316956,-0.90303030303,248,218303
PRIMARY_VERIFIED,MODERATE_LIQUID,2026,2025,60,3,-0.0101742340588,-0.00568452513576,0.00161436566697,0.00138171958726,0.90303030303,1368,971846,0.0267901388557,0.0421016529166,0.00182423744246,0.00184443609633,0.551515151515,129,125876
PRIMARY_VERIFIED,MODERATE_LIQUID,2021,2020,60,5,-0.018573617724,-0.00839734685236,0.00507202059449,0.0055949511088,-0.0787878787879,131,55761,-0.0106020520139,-0.013592232487,0.0088011981828,0.00867095872593,0.866666666667,248,145634
PRIMARY_VERIFIED,MODERATE_LIQUID,2022,2021,60,5,-0.0133573953068,-0.0129170637926,0.00751222123275,0.00782674224707,0.866666666667,379,201395,2.04461851531e-05,0.00580046096373,0.0043388640114,0.00453421819822,0.842424242424,248,147944
PRIMARY_VERIFIED,MODERATE_LIQUID,2023,2022,60,5,-0.00806600026695,-0.00446925308918,0.00625704963643,0.00640426249098,0.951515151515,627,349339,-0.00217547988043,0.00637038532238,0.00241653805301,0.00287260593179,0.793939393939,245,175495
PRIMARY_VERIFIED,MODERATE_LIQUID,2024,2023,60,5,-0.00641098020422,-0.0021287949219,0.00517800681769,0.00522642590975,0.915151515152,872,524834,0.00320925426747,0.00472329795878,0.00276045543402,0.00278828757346,0.90303030303,248,227546
PRIMARY_VERIFIED,MODERATE_LIQUID,2025,2024,60,5,-0.00428078542835,-0.000423081098518,0.00464269186845,0.0044921608213,0.987878787879,1120,752380,-0.0207989016847,-0.0101818624894,-0.0033354318369,-0.00310173077199,-0.854545454545,248,217993
PRIMARY_VERIFIED,MODERATE_LIQUID,2026,2025,60,5,-0.00727529773213,-0.00180603889915,0.00319636534877,0.0027741152491,0.987878787879,1368,970373,0.0317992705412,0.0390893797626,0.00325927606965,0.00334064115814,0.515151515152,127,123547
PRIMARY_VERIFIED,MODERATE_LIQUID,2021,2020,60,10,-0.0124122082749,-0.00904293607021,0.0097183948891,0.0112677664436,0.0666666666667,131,55653,0.00192410042631,-0.00309389962224,0.0163638061517,0.0161201829344,0.951515151515,248,145075
PRIMARY_VERIFIED,MODERATE_LIQUID,2022,2021,60,10,-0.00303119361026,-0.00752795385449,0.0140668434197,0.0148164609559,0.975757575758,379,200728,0.013315050315,0.0144597365275,0.00934813892789,0.00962994385595,0.963636363636,248,147548
PRIMARY_VERIFIED,MODERATE_LIQUID,2023,2022,60,10,0.00343430637931,0.00566540618975,0.0122004339876,0.012525150608,0.987878787879,627,348276,0.00674085517472,0.0191546333619,0.00580386233529,0.00652805981344,0.842424242424,245,174989
PRIMARY_VERIFIED,MODERATE_LIQUID,2024,2023,60,10,0.00436332524958,0.00899377264154,0.0104032320898,0.0105342001801,0.975757575758,872,523265,0.00866617012709,0.0138553303648,0.00584746013138,0.00595832855077,0.90303030303,248,226476
PRIMARY_VERIFIED,MODERATE_LIQUID,2025,2024,60,10,0.00531609804388,0.00958621118346,0.00939445401333,0.00916770807084,1,1120,749741,-0.024633335288,-0.0101511933242,-0.00476214217331,-0.00459317859522,-0.660606060606,248,217262
PRIMARY_VERIFIED,MODERATE_LIQUID,2026,2025,60,10,-0.000113331390553,0.00702594825232,0.00682805353505,0.00603701923064,1,1368,967003,0.0309633542787,0.0235582593194,0.00542129655748,0.00589728098301,0.50303030303,122,117813
PRIMARY_VERIFIED,MODERATE_LIQUID,2021,2020,60,20,-0.0211767170327,-0.0168436723591,0.0104930288113,0.0137605494746,0.10303030303,131,55462,0.0207362938948,0.0249596809134,0.0277553672562,0.0270960682329,0.963636363636,248,144062
PRIMARY_VERIFIED,MODERATE_LIQUID,2022,2021,60,20,0.00624921096205,0.00929440833895,0.0217887014612,0.0235266398641,0.987878787879,379,199524,0.0326034515062,0.0302446246837,0.0162618659989,0.017453417799,0.987878787879,248,146785
PRIMARY_VERIFIED,MODERATE_LIQUID,2023,2022,60,20,0.0166732167913,0.0199134848481,0.0196026485192,0.0205940972012,0.987878787879,627,346309,0.0236945016939,0.0360037823757,0.0127521185405,0.0141356737401,0.975757575758,245,173983
PRIMARY_VERIFIED,MODERATE_LIQUID,2024,2023,60,20,0.0186459401871,0.0243741957705,0.0176779009908,0.0185186226724,0.987878787879,872,520292,0.00831084493512,0.0100526164743,0.00853968623031,0.00925493247444,0.975757575758,248,224582
PRIMARY_VERIFIED,MODERATE_LIQUID,2025,2024,60,20,0.0163574548099,0.0207154280568,0.015654439151,0.0157925639308,1,1120,744874,-0.0348525372821,-0.0424979599461,-0.00601918095677,-0.00609650403398,-0.527272727273,248,215873
PRIMARY_VERIFIED,MODERATE_LIQUID,2026,2025,60,20,0.00707377203297,0.0130036651248,0.011725303342,0.0107496581248,1,1368,960747,0.0325161360428,0.0522947827076,0.00473772926108,0.00603849561722,0.527272727273,112,106599
BROAD_SENSITIVITY,MODERATE_LIQUID,2021,2020,5,1,-0.0500764675141,-0.051659112755,-0.00127298734154,-0.00146264777721,-0.854545454545,131,56402,-0.0307212173798,-0.0291628372415,0.000588189811488,0.000500702779358,0.115151515152,248,148572
BROAD_SENSITIVITY,MODERATE_LIQUID,2022,2021,5,1,-0.0374112906452,-0.0366862807956,-5.51194419317e-05,-4.00881430907e-05,-0.139393939394,379,204974,-0.0361883006545,-0.0290755009044,-0.001289457323,-0.00126018887467,-0.951515151515,248,151746
BROAD_SENSITIVITY,MODERATE_LIQUID,2023,2022,5,1,-0.0369275561672,-0.0332877293175,-0.000543342399675,-0.000561378805415,-0.648484848485,627,356720,-0.033011970588,-0.0323615663304,-0.00026686752209,-0.000183604438762,-0.539393939394,245,179265
BROAD_SENSITIVITY,MODERATE_LIQUID,2024,2023,5,1,-0.0358274203107,-0.0327543716288,-0.000465663104941,-0.000434661125295,-0.539393939394,872,535985,-0.035412528239,-0.0300371722625,-0.000979672462934,-0.000915097616814,-0.769696969697,248,234853
BROAD_SENSITIVITY,MODERATE_LIQUID,2025,2024,5,1,-0.0357355513519,-0.0324096906774,-0.000579479462782,-0.000581069613423,-0.69696969697,1120,770838,-0.0290880271392,-0.022367333083,-0.00107827770597,-0.00104258420341,-0.951515151515,248,225199
BROAD_SENSITIVITY,MODERATE_LIQUID,2026,2025,5,1,-0.0345304446233,-0.0304008118625,-0.000669904875291,-0.000686439086165,-0.854545454545,1368,996037,-0.0135595307528,-0.00551515527665,0.000211316076039,0.000195385888789,-0.29696969697,171,174430
BROAD_SENSITIVITY,MODERATE_LIQUID,2021,2020,5,2,-0.0627142791569,-0.0739797515646,-0.00317341746417,-0.00348832693913,-0.866666666667,131,56375,-0.0408906642275,-0.0385928751608,-0.000208297988775,-0.000360241787292,-0.0909090909091,248,148439
BROAD_SENSITIVITY,MODERATE_LIQUID,2022,2021,5,2,-0.048433918992,-0.0473195513915,-0.00123318097367,-0.00122262267675,-0.563636363636,379,204814,-0.0487525684574,-0.0444400142926,-0.00310755891058,-0.00302962717411,-0.951515151515,248,151646
BROAD_SENSITIVITY,MODERATE_LIQUID,2023,2022,5,2,-0.0485599557821,-0.0454273277126,-0.00197456172065,-0.00199783997907,-0.963636363636,627,356460,-0.0396320275852,-0.0325843925517,-0.000767065258538,-0.000580328878458,-0.6,245,179138
BROAD_SENSITIVITY,MODERATE_LIQUID,2024,2023,5,2,-0.0460515355892,-0.0412457670264,-0.00163529952659,-0.00152307644654,-0.915151515152,872,535598,-0.0394252396891,-0.0276527059465,-0.0014692775082,-0.00132758552049,-0.890909090909,248,234568
BROAD_SENSITIVITY,MODERATE_LIQUID,2025,2024,5,2,-0.0445842843542,-0.0377380580278,-0.00159853750824,-0.00146374932239,-0.927272727273,1120,770166,-0.0348260260784,-0.0215050831921,-0.00188787338386,-0.00180381726839,-0.866666666667,248,225011
BROAD_SENSITIVITY,MODERATE_LIQUID,2026,2025,5,2,-0.0428152433802,-0.0358298777402,-0.00165099021083,-0.00154242455176,-0.975757575758,1368,995177,-0.0182874867053,-0.0127374342925,-0.000714794013731,-0.000748703194619,-0.636363636364,170,173241
BROAD_SENSITIVITY,MODERATE_LIQUID,2021,2020,5,3,-0.0637522531729,-0.0671727501123,-0.00419986215241,-0.00456994780635,-0.866666666667,131,56348,-0.0412277628643,-0.0462996750342,-0.000248072847586,-0.000433645401667,-0.0545454545455,248,148308
BROAD_SENSITIVITY,MODERATE_LIQUID,2022,2021,5,3,-0.0490132727071,-0.0555897324394,-0.0016139947445,-0.0015748009594,-0.757575757576,379,204656,-0.0561854464017,-0.0495858869813,-0.00444676755688,-0.00430880340842,-0.951515151515,248,151550
BROAD_SENSITIVITY,MODERATE_LIQUID,2023,2022,5,3,-0.0518501133391,-0.0524511193388,-0.00273445352835,-0.00274937983063,-0.963636363636,627,356206,-0.0373537803987,-0.0277963012494,-0.000445997853152,-0.000118893347884,-0.539393939394,245,179013
BROAD_SENSITIVITY,MODERATE_LIQUID,2024,2023,5,3,-0.0477771757584,-0.0426492621963,-0.00209148146364,-0.0018686491156,-0.951515151515,872,535219,-0.0376520280661,-0.0272526072772,-0.00161399122811,-0.00142050730716,-0.806060606061,248,234289
BROAD_SENSITIVITY,MODERATE_LIQUID,2025,2024,5,3,-0.0455351787694,-0.0397479135532,-0.00198575148292,-0.00173244271588,-0.927272727273,1120,769508,-0.0369659399361,-0.0185382297127,-0.00263007126004,-0.00250691498056,-0.878787878788,248,224832
BROAD_SENSITIVITY,MODERATE_LIQUID,2026,2025,5,3,-0.0439816910277,-0.0361168737206,-0.00210255799222,-0.0019104590087,-0.963636363636,1368,994340,-0.0150203687695,-0.00651514413014,-0.000503184879942,-0.000556928861806,-0.369696969697,169,172050
BROAD_SENSITIVITY,MODERATE_LIQUID,2021,2020,5,5,-0.0604347669342,-0.0650818848533,-0.00505121458645,-0.00531247809433,-0.890909090909,131,56295,-0.0342991175977,-0.0258591822252,0.000642074956968,0.000347249506636,0.551515151515,248,148057
BROAD_SENSITIVITY,MODERATE_LIQUID,2022,2021,5,5,-0.0433328116955,-0.0424804671954,-0.00132579029419,-0.00121473088381,-0.636363636364,379,204352,-0.0556921575839,-0.0391269767858,-0.00573954106459,-0.00549071623381,-0.987878787879,248,151360
BROAD_SENSITIVITY,MODERATE_LIQUID,2023,2022,5,5,-0.0482213567997,-0.0414272837645,-0.00307158007259,-0.00305756010664,-0.963636363636,627,355712,-0.0338997307416,-0.0294914323151,0.000402702499138,0.000896492800814,-0.369696969697,245,178782
BROAD_SENSITIVITY,MODERATE_LIQUID,2024,2023,5,5,-0.0441975054416,-0.0374349637657,-0.00209543416654,-0.00173281161531,-0.90303030303,872,534494,-0.0388834211746,-0.0297852966628,-0.00270060107394,-0.00242533260998,-0.854545454545,248,233777
BROAD_SENSITIVITY,MODERATE_LIQUID,2025,2024,5,5,-0.0430208153539,-0.0362965215595,-0.00222943541032,-0.00194204969796,-0.963636363636,1120,768271,-0.03513334407,-0.0285477631402,-0.00359865459898,-0.00346220636874,-0.915151515152,248,224496
BROAD_SENSITIVITY,MODERATE_LIQUID,2026,2025,5,5,-0.0415909228989,-0.0348512509479,-0.00247765643283,-0.00229235018833,-0.975757575758,1368,992767,-0.00970680426588,-0.0149055584345,-5.08926477411e-06,-2.69821753694e-05,-0.309090909091,167,169674
BROAD_SENSITIVITY,MODERATE_LIQUID,2021,2020,5,10,-0.0314795189904,-0.0407724867877,0.000338939425281,0.000213836549468,-0.260606060606,131,56187,-0.0181104619253,-0.0263001594111,0.00387835846153,0.00343407274836,0.963636363636,248,147476
BROAD_SENSITIVITY,MODERATE_LIQUID,2022,2021,5,10,-0.0227314288792,-0.0320951231411,0.00265497087908,0.00256088214523,0.878787878788,379,203663,-0.0389443376616,-0.0229492413258,-0.00429181349847,-0.0040583168754,-0.939393939394,248,150936
BROAD_SENSITIVITY,MODERATE_LIQUID,2023,2022,5,10,-0.0291441902477,-0.0279863289034,-9.27205493597e-05,-0.000319468349245,-0.551515151515,627,354599,-0.0209862769606,-0.011608869387,0.000840590727295,0.00124842215825,-0.224242424242,245,178261
BROAD_SENSITIVITY,MODERATE_LIQUID,2024,2023,5,10,-0.026852115987,-0.0234890509014,0.000169505669425,0.000209982900685,-0.406060606061,872,532860,-0.0314359933121,-0.0168804506375,-0.00267972694948,-0.00211275943003,-0.890909090909,248,232613
BROAD_SENSITIVITY,MODERATE_LIQUID,2025,2024,5,10,-0.0278671173947,-0.0218168370603,-0.000461395839047,-0.000481907701053,-0.624242424242,1120,765473,-0.0146268845075,-0.0145576696848,-0.00102408497776,-0.00100619718982,-0.757575757576,248,223718
BROAD_SENSITIVITY,MODERATE_LIQUID,2026,2025,5,10,-0.0254668412572,-0.019648640008,-0.000563403811563,-0.000622758023651,-0.818181818182,1368,989191,-0.00966465046011,-9.50783528017e-06,0.00101558575881,0.00134127226479,-0.10303030303,162,163760
BROAD_SENSITIVITY,MODERATE_LIQUID,2021,2020,5,20,-0.0282141701821,-0.0383256747363,-0.00212005522666,-0.00200207540514,-0.515151515152,131,55996,-0.00180010372609,-0.00746469567808,0.00907995279953,0.00878104375223,0.975757575758,248,146444
BROAD_SENSITIVITY,MODERATE_LIQUID,2022,2021,5,20,-0.0109300317096,-0.0155808931599,0.00520870991976,0.00584053731294,0.90303030303,379,202440,-0.0233650620265,-0.0115659949001,-0.00187711285733,-0.00118519036486,-0.733333333333,248,150134
BROAD_SENSITIVITY,MODERATE_LIQUID,2023,2022,5,20,-0.0158485126005,-0.0139759374375,0.00240602403664,0.00271049737352,0.442424242424,627,352574,-0.0141704504233,-0.0034307935307,0.000192209134034,0.000464274731303,-0.0666666666667,245,177213
BROAD_SENSITIVITY,MODERATE_LIQUID,2024,2023,5,20,-0.015377038709,-0.0116662927689,0.00178402328992,0.00198986891428,-0.0424242424242,872,529787,-0.00536535721343,0.00470745838578,0.00161014952135,0.00262980335258,0.866666666667,248,230603
BROAD_SENSITIVITY,MODERATE_LIQUID,2025,2024,5,20,-0.0131601663778,-0.0059113781314,0.00174552266974,0.00224558241347,0.442424242424,1120,760390,-0.00482570246596,-0.0106451429284,0.00276569013439,0.00256672381435,0.418181818182,248,222269
BROAD_SENSITIVITY,MODERATE_LIQUID,2026,2025,5,20,-0.0116492401716,-0.00727278969041,0.00193046530953,0.00225607644706,0.587878787879,1368,982659,-0.0216543499473,-0.0125895392909,-0.00600756769234,-0.00542048301765,-0.745454545455,152,151883
BROAD_SENSITIVITY,MODERATE_LIQUID,2021,2020,10,1,-0.044731249947,-0.0455097110566,-0.000421487658157,-0.000522184862572,-0.733333333333,131,56352,-0.0291577293166,-0.0209001963098,0.000516266052797,0.000439622607928,0.309090909091,248,148414
BROAD_SENSITIVITY,MODERATE_LIQUID,2022,2021,10,1,-0.0345406612495,-0.0255077464992,0.000192134822889,0.000174410124205,0.357575757576,379,204766,-0.0331511094413,-0.0248139496733,-0.000869409186758,-0.000837501638269,-0.878787878788,248,151493
BROAD_SENSITIVITY,MODERATE_LIQUID,2023,2022,10,1,-0.0339910458613,-0.025304583945,-0.000227742233558,-0.000257565572046,-0.030303030303,627,356259,-0.0254467797493,-0.0191284137801,-0.000253515166815,-0.000183593263036,0.0787878787879,245,179061
BROAD_SENSITIVITY,MODERATE_LIQUID,2024,2023,10,1,-0.0315904206348,-0.0247233984343,-0.000234983482007,-0.000232273700801,-0.0181818181818,872,535320,-0.0376766980981,-0.0312691079069,-0.000882838448555,-0.00084899755968,-0.684848484848,248,234500
BROAD_SENSITIVITY,MODERATE_LIQUID,2025,2024,10,1,-0.0329380963589,-0.0252984161739,-0.000378437081743,-0.000420093538042,-0.333333333333,1120,769820,-0.0152167070145,-0.00814378147933,-0.000685206501619,-0.0006429166135,-0.90303030303,248,224808
BROAD_SENSITIVITY,MODERATE_LIQUID,2026,2025,10,1,-0.0297254468286,-0.0231756485243,-0.000434050251428,-0.000471457511113,-0.624242424242,1368,994628,-0.00809168649756,-0.000756728023554,0.000292399532125,0.000317771852098,-0.0666666666667,171,174272
BROAD_SENSITIVITY,MODERATE_LIQUID,2021,2020,10,2,-0.0450328060291,-0.0539795734089,-0.00130894504033,-0.00145082337282,-0.818181818182,131,56325,-0.0324393474716,-0.0313442421104,0.000904206714224,0.000760867763677,0.454545454545,248,148281
BROAD_SENSITIVITY,MODERATE_LIQUID,2022,2021,10,2,-0.0367922315641,-0.0387135003764,0.000139238693519,0.000151031538972,0.369696969697,379,204606,-0.0397596401316,-0.0384354207476,-0.00111766544447,-0.00103713615767,-0.854545454545,248,151393
BROAD_SENSITIVITY,MODERATE_LIQUID,2023,2022,10,2,-0.0379659434058,-0.0387135003764,-0.000357909992638,-0.000359137292385,-0.648484848485,627,355999,-0.0271535610877,-0.0277381986452,-0.000298088948113,-0.000119890761936,-0.224242424242,245,178935
BROAD_SENSITIVITY,MODERATE_LIQUID,2024,2023,10,2,-0.0349280607591,-0.0341647050901,-0.000341102474394,-0.000278059553172,-0.490909090909,872,534934,-0.0406737820364,-0.0299499923429,-0.00168393100224,-0.0015983981979,-0.769696969697,248,234216
BROAD_SENSITIVITY,MODERATE_LIQUID,2025,2024,10,2,-0.0362003276133,-0.0326464076698,-0.00063844307699,-0.000679484898045,-0.745454545455,1120,769150,-0.0139154916809,-0.000655701921283,-0.0010598976883,-0.000987558492041,-0.757575757576,248,224620
BROAD_SENSITIVITY,MODERATE_LIQUID,2026,2025,10,2,-0.0321603865964,-0.0292354486267,-0.000714847129332,-0.000751818983246,-0.866666666667,1368,993770,-0.0113373309834,-0.00159490796988,0.00012574760511,0.000186288814134,-0.127272727273,170,173083
BROAD_SENSITIVITY,MODERATE_LIQUID,2021,2020,10,3,-0.041063131553,-0.0495709870805,-0.00106207859303,-0.00116514268911,-0.515151515152,131,56298,-0.0293333730528,-0.0326811566718,0.0019719617608,0.00178279505554,0.636363636364,248,148150
BROAD_SENSITIVITY,MODERATE_LIQUID,2022,2021,10,3,-0.033387722297,-0.0376534826425,0.000923256519764,0.000969992328338,0.527272727273,379,204448,-0.041170636655,-0.030508885429,-0.00119189208624,-0.00106650019156,-0.806060606061,248,151297
BROAD_SENSITIVITY,MODERATE_LIQUID,2023,2022,10,3,-0.0364661318038,-0.0342898661036,8.66427170706e-05,9.4509861566e-05,-0.369696969697,627,355745,-0.0249292345058,-0.0275988325941,0.000256175845887,0.000532248110828,-0.030303030303,245,178811
BROAD_SENSITIVITY,MODERATE_LIQUID,2024,2023,10,3,-0.0332246870354,-0.0320680864434,0.000134275304869,0.000242410842007,-0.381818181818,872,534556,-0.0394168761284,-0.0360949034019,-0.00156327621096,-0.00140985359049,-0.793939393939,248,233938
BROAD_SENSITIVITY,MODERATE_LIQUID,2025,2024,10,3,-0.0345958146203,-0.0327202485902,-0.000241611102208,-0.000258689746331,-0.515151515152,1120,768494,-0.012498365452,-0.00290756361141,-0.00119823955134,-0.00108382935946,-0.793939393939,248,224441
BROAD_SENSITIVITY,MODERATE_LIQUID,2026,2025,10,3,-0.0305898443032,-0.0275685187708,-0.000415034973104,-0.000450172776256,-0.769696969697,1368,992935,-0.00860226587627,0.00556862321049,0.000991981103816,0.00109271943936,-0.163636363636,169,171892
BROAD_SENSITIVITY,MODERATE_LIQUID,2021,2020,10,5,-0.0356989811385,-0.0407859039461,0.000210430071325,0.000121938070759,-0.151515151515,131,56245,-0.0229938200062,-0.0220399116509,0.00470629658749,0.00441209637863,0.927272727273,248,147899
BROAD_SENSITIVITY,MODERATE_LIQUID,2022,2021,10,5,-0.0273853136957,-0.0296111540706,0.00315231634048,0.00323196680956,0.830303030303,379,204144,-0.0409762029214,-0.027312403648,-0.000773811415618,-0.000559059855863,-0.769696969697,248,151107
BROAD_SENSITIVITY,MODERATE_LIQUID,2023,2022,10,5,-0.0327609764198,-0.0278954957833,0.00159939818496,0.00159688571289,0.0787878787879,627,355251,-0.0212065924076,-0.0127232491035,0.0012853730146,0.00157103427494,0.0666666666667,245,178582
BROAD_SENSITIVITY,MODERATE_LIQUID,2024,2023,10,5,-0.0295146185264,-0.0224142436935,0.00151116863594,0.00159196244836,-0.0787878787879,872,533833,-0.0361551939593,-0.0260960446979,-0.00111919755406,-0.000851437350319,-0.866666666667,248,233427
BROAD_SENSITIVITY,MODERATE_LIQUID,2025,2024,10,5,-0.030985031658,-0.0230538676593,0.000928730408159,0.000854150009839,-0.236363636364,1120,767260,-0.01242152478,-0.0123133427925,-0.00129148304243,-0.00116196380519,-0.721212121212,248,224105
BROAD_SENSITIVITY,MODERATE_LIQUID,2026,2025,10,5,-0.0276197175456,-0.0220369263673,0.000526235572087,0.000387541882751,-0.309090909091,1368,991365,-0.00599696035181,0.00868664512604,0.0023513336097,0.00257243426318,-0.248484848485,167,169516
BROAD_SENSITIVITY,MODERATE_LIQUID,2021,2020,10,10,-0.0199030160301,-0.0199950681586,0.00303077851211,0.00294717417475,0.660606060606,131,56137,-0.0086500501197,-0.0127818008612,0.0115539466994,0.0109580900052,0.939393939394,248,147318
BROAD_SENSITIVITY,MODERATE_LIQUID,2022,2021,10,10,-0.0125395977035,-0.0141372764682,0.00860794397503,0.00876891114123,0.90303030303,379,203455,-0.0285718160243,-0.0128303820621,0.00143550759375,0.00172668772148,-0.345454545455,248,150683
BROAD_SENSITIVITY,MODERATE_LIQUID,2023,2022,10,10,-0.0188808897985,-0.013546334512,0.00577099944144,0.00570857149493,0.672727272727,627,354138,-0.0146463935593,-0.00414232449109,0.00217332371395,0.00224506567505,0.0545454545455,245,178061
BROAD_SENSITIVITY,MODERATE_LIQUID,2024,2023,10,10,-0.0176911517496,-0.0108053800537,0.00476018458682,0.00456210333524,0.490909090909,872,532199,-0.0198668334213,-0.00150884518969,0.000640782134135,0.00119518349932,0.757575757576,248,232263
BROAD_SENSITIVITY,MODERATE_LIQUID,2025,2024,10,10,-0.0181729098341,-0.00888596910404,0.00384803118658,0.00356708053897,0.684848484848,1120,764462,0.00184930001199,-0.00422372442964,0.000742160228832,0.000832015664196,0.769696969697,248,223327
BROAD_SENSITIVITY,MODERATE_LIQUID,2026,2025,10,10,-0.0145431524935,-0.0074761531474,0.00328497855681,0.0029164267169,0.769696969697,1368,987789,-0.00813906006446,0.0114344671229,0.00359068631581,0.00423690824846,-0.357575757576,162,163602
BROAD_SENSITIVITY,MODERATE_LIQUID,2021,2020,10,20,-0.0245990546566,-0.0224299115607,-0.000260838849891,-0.000350238525078,-0.260606060606,131,55946,0.009331956867,0.0149566254255,0.0187317941751,0.0186160322874,0.987878787879,248,146286
BROAD_SENSITIVITY,MODERATE_LIQUID,2022,2021,10,20,-0.00239617640368,-0.000566304827356,0.0121670582219,0.0134469873853,0.915151515152,379,202232,-0.00623513323408,0.00407346902131,0.00775373719229,0.00853038092349,0.187878787879,248,149882
BROAD_SENSITIVITY,MODERATE_LIQUID,2023,2022,10,20,-0.00391461546897,0.00100104783683,0.0104214384207,0.011198522935,0.915151515152,627,352114,-0.0118805372936,-0.00319275132944,0.00222707425934,0.0026624991784,0.127272727273,245,177018
BROAD_SENSITIVITY,MODERATE_LIQUID,2024,2023,10,20,-0.00615274717429,-0.00042130582872,0.00811912280198,0.00838485437613,0.769696969697,872,529132,-0.00191443885606,0.00217789686495,0.00471682912516,0.00612006951958,0.963636363636,248,230253
BROAD_SENSITIVITY,MODERATE_LIQUID,2025,2024,10,20,-0.00521426461811,0.000861728054125,0.00736575777354,0.00782047039908,0.915151515152,1120,759385,0.00427099858569,-0.000478842331793,0.00443859393624,0.00402904215749,0.927272727273,248,221878
BROAD_SENSITIVITY,MODERATE_LIQUID,2026,2025,10,20,-0.00349471397883,0.000769432645315,0.00683510234105,0.00687733681768,0.951515151515,1368,981263,-0.0292507260274,-0.0237171979454,-0.00468802475912,-0.00374700290599,-0.793939393939,152,151725
BROAD_SENSITIVITY,MODERATE_LIQUID,2021,2020,20,1,-0.0421151204783,-0.037762844229,-0.000165405879803,-0.000226738444145,-0.357575757576,131,56258,-0.0273680602418,-0.0280571577822,0.000944539465022,0.000921834157136,0.854545454545,248,148075
BROAD_SENSITIVITY,MODERATE_LIQUID,2022,2021,20,1,-0.0324653290834,-0.0305476749923,0.000560890810214,0.000604947304043,0.793939393939,379,204333,-0.0285117603653,-0.0230665235977,-0.000412599820462,-0.000384517628612,-0.612121212121,248,150962
BROAD_SENSITIVITY,MODERATE_LIQUID,2023,2022,20,1,-0.0309015570865,-0.0281093226202,0.000175841884524,0.000182843121133,0.454545454545,627,355295,-0.0222689412465,-0.0218144480259,0.000273360153216,0.000270674039555,0.430303030303,245,178637
BROAD_SENSITIVITY,MODERATE_LIQUID,2024,2023,20,1,-0.0284761088287,-0.0264315203699,0.000203240939374,0.000212591815347,0.6,872,533932,-0.0222498322689,-0.0188094980046,2.12770858903e-05,2.91372658763e-05,0.50303030303,248,233730
BROAD_SENSITIVITY,MODERATE_LIQUID,2025,2024,20,1,-0.0270974333047,-0.0240525609457,0.000162948943246,0.000156758044277,0.563636363636,1120,767662,-0.00784433467217,-0.00677688997985,-0.000468407373487,-0.000451449749155,-0.406060606061,248,223982
BROAD_SENSITIVITY,MODERATE_LIQUID,2026,2025,20,1,-0.0236071054824,-0.0201221475042,4.84925349491e-05,1.82398493421e-05,0.442424242424,1368,991644,-0.00972686336003,-0.00552022981128,-0.000191599547475,-0.000112452569211,-0.309090909091,171,173912
BROAD_SENSITIVITY,MODERATE_LIQUID,2021,2020,20,2,-0.042507984243,-0.0428477660766,4.6766622493e-05,-4.30695216173e-05,-0.6,131,56231,-0.0234136338202,-0.019036405727,0.00180923532162,0.00178943472983,0.927272727273,248,147945
BROAD_SENSITIVITY,MODERATE_LIQUID,2022,2021,20,2,-0.0300135280297,-0.028699253293,0.00120004429369,0.00128415514438,0.90303030303,379,204176,-0.0295104523556,-0.0232641304609,-0.000785429467951,-0.00073342629288,-0.50303030303,248,150862
BROAD_SENSITIVITY,MODERATE_LIQUID,2023,2022,20,2,-0.02981454435,-0.0255285152592,0.000414721338528,0.000421676157857,0.406060606061,627,355038,-0.0204123117786,-0.0190859640009,0.000375574679787,0.000409831557019,0.2,245,178512
BROAD_SENSITIVITY,MODERATE_LIQUID,2024,2023,20,2,-0.0271728620335,-0.0236514751086,0.000403722563997,0.000418583173579,0.236363636364,872,533550,-0.0171601295578,-0.00912663094392,0.000724859450489,0.000750125082439,0.69696969697,248,233446
BROAD_SENSITIVITY,MODERATE_LIQUID,2025,2024,20,2,-0.0249557569853,-0.0198319027708,0.000474831446006,0.000519603227085,0.709090909091,1120,766996,-0.00716415631833,-0.00827127758937,-0.000406751652352,-0.000378851771627,-0.381818181818,248,223795
BROAD_SENSITIVITY,MODERATE_LIQUID,2026,2025,20,2,-0.0217303790866,-0.0187538578483,0.000315012287824,0.000313350123809,0.575757575758,1368,990791,-0.0124596551375,-0.0139797655644,-0.000620782966067,-0.000454979212646,-0.369696969697,170,172724
BROAD_SENSITIVITY,MODERATE_LIQUID,2021,2020,20,3,-0.0419508129025,-0.0428037063418,0.000271122490432,0.000152467030215,-0.369696969697,131,56204,-0.0188957137023,-0.0235291734884,0.00286119239262,0.00283059781104,0.975757575758,248,147814
BROAD_SENSITIVITY,MODERATE_LIQUID,2022,2021,20,3,-0.0268646266185,-0.0254760611864,0.00196594395677,0.00209353256828,0.963636363636,379,204018,-0.0296775615032,-0.0198815625494,-0.000197427775667,-0.0001275916014,-0.478787878788,248,150766
BROAD_SENSITIVITY,MODERATE_LIQUID,2023,2022,20,3,-0.0279772388217,-0.0234650360641,0.00111025625399,0.00113966351639,0.624242424242,627,354784,-0.0183049169174,-0.0176198023728,0.000712296270495,0.000816626317232,0.575757575758,245,178389
BROAD_SENSITIVITY,MODERATE_LIQUID,2024,2023,20,3,-0.0252596713142,-0.0214230124992,0.000998444102662,0.00103310123515,0.648484848485,872,533173,-0.0136235478469,-0.00413599293872,0.00161162625404,0.0016513256161,0.757575757576,248,233170
BROAD_SENSITIVITY,MODERATE_LIQUID,2025,2024,20,3,-0.0226831011178,-0.0173161886672,0.00113422015047,0.00122186110303,0.842424242424,1120,766343,-0.00584754543068,-0.00989919274523,-0.000199611353195,-0.000133122703571,-0.418181818182,248,223616
BROAD_SENSITIVITY,MODERATE_LIQUID,2026,2025,20,3,-0.0196310413149,-0.0161176490656,0.000892414439277,0.0009098502352,0.781818181818,1368,989959,-0.0102359572262,-0.00370996184988,-0.000640946299489,-0.000435712139828,-0.115151515152,169,171533
BROAD_SENSITIVITY,MODERATE_LIQUID,2021,2020,20,5,-0.0385430625669,-0.0380628710924,0.00139587774393,0.0013143902997,-0.260606060606,131,56151,-0.0105758534888,-0.0022361853952,0.00537395876628,0.00522829134061,0.975757575758,248,147564
BROAD_SENSITIVITY,MODERATE_LIQUID,2022,2021,20,5,-0.0202426196873,-0.0163684230997,0.00399894923085,0.00415738049574,0.987878787879,379,203715,-0.028203770917,-0.0176831547682,0.00120134114028,0.00135397726784,-0.187878787879,248,150576
BROAD_SENSITIVITY,MODERATE_LIQUID,2023,2022,20,5,-0.0233915279887,-0.0166145074552,0.00289239930029,0.00294338699028,0.939393939394,627,354291,-0.0162835519938,-0.00612581840083,0.00116980983397,0.00133314283441,0.478787878788,245,178163
BROAD_SENSITIVITY,MODERATE_LIQUID,2024,2023,20,5,-0.0213944475773,-0.0146278540426,0.00240841487455,0.00240842977908,0.951515151515,872,532454,-0.00781547628952,-0.00246395949441,0.00325818361589,0.00334863496171,0.842424242424,248,232659
BROAD_SENSITIVITY,MODERATE_LIQUID,2025,2024,20,5,-0.0183876753636,-0.00966552948267,0.00259657795299,0.00269834199635,0.927272727273,1120,765113,-0.00782240854993,-0.0136475485681,-8.2664555049e-05,4.3579153615e-06,-0.272727272727,248,223282
BROAD_SENSITIVITY,MODERATE_LIQUID,2026,2025,20,5,-0.0164723345962,-0.0103298197541,0.00211086732287,0.00207678630188,0.854545454545,1368,988395,-0.00931471528416,0.0122287185333,-0.000434114697292,-0.000160776688788,-0.163636363636,167,169165
BROAD_SENSITIVITY,MODERATE_LIQUID,2021,2020,20,10,-0.0330788356145,-0.0281208242247,0.00542360482186,0.00536782933617,-0.236363636364,131,56043,0.00323756538271,0.0084023809771,0.0123511894839,0.0119440713026,0.987878787879,248,146984
BROAD_SENSITIVITY,MODERATE_LIQUID,2022,2021,20,10,-0.00931506926277,-0.00770372882855,0.00995669452158,0.0101679930253,0.987878787879,379,203027,-0.0113497108501,-0.00338154647768,0.00668728273375,0.006970916172,0.248484848485,248,150155
BROAD_SENSITIVITY,MODERATE_LIQUID,2023,2022,20,10,-0.010119839779,-0.00615255053334,0.00866353005047,0.00874760591102,0.987878787879,627,353182,-0.0140605463587,0.00402492599897,0.00193330117126,0.00205553154764,0.648484848485,245,177647
BROAD_SENSITIVITY,MODERATE_LIQUID,2024,2023,20,10,-0.0112270337148,-0.00333320354322,0.00677258271629,0.00651966248197,0.987878787879,872,530829,0.000775418229758,0.0127017063921,0.00708441458548,0.0074612283553,0.951515151515,248,231502
BROAD_SENSITIVITY,MODERATE_LIQUID,2025,2024,20,10,-0.00856934792705,0.00142842859647,0.00684163120161,0.00683350231473,0.987878787879,1120,762331,-0.00131827934529,-0.0113446283245,0.00234493930298,0.00230828029492,0.466666666667,248,222504
BROAD_SENSITIVITY,MODERATE_LIQUID,2026,2025,20,10,-0.00725482672217,-0.00132508840866,0.00602644144221,0.0057713280834,0.975757575758,1368,984835,-0.015203935395,0.00129456395404,-0.00144418347726,-0.000758529998774,-0.163636363636,162,163253
BROAD_SENSITIVITY,MODERATE_LIQUID,2021,2020,20,20,-0.0357416745151,-0.0332463585382,0.00721490777335,0.0075932510096,-0.321212121212,131,55852,-0.00103547081854,0.00283619851303,0.0183896516651,0.0186796289497,0.781818181818,248,145953
BROAD_SENSITIVITY,MODERATE_LIQUID,2022,2021,20,20,-0.0130315465026,-0.00966036990103,0.0145271412434,0.0157432445158,0.757575757576,379,201805,0.000239862128692,0.00308964806353,0.0154026052402,0.0161826484606,0.406060606061,248,149364
BROAD_SENSITIVITY,MODERATE_LIQUID,2023,2022,20,20,-0.00778224930872,-0.00637223644098,0.014873417274,0.0157436444681,0.672727272727,627,351169,-0.00997349782984,0.0108064323017,0.00246639470907,0.0029361000048,0.575757575758,245,176606
BROAD_SENSITIVITY,MODERATE_LIQUID,2024,2023,20,20,-0.00839790973036,-0.00190362125078,0.0113874992369,0.0114823818074,0.854545454545,872,527775,0.0063327263232,0.0202947291753,0.0144481709083,0.016289443477,0.987878787879,248,229499
BROAD_SENSITIVITY,MODERATE_LIQUID,2025,2024,20,20,-0.00513612603279,0.00360822560083,0.0120652193927,0.0130483261367,0.987878787879,1120,757274,-0.00134215838418,-0.0088264966347,0.00256437061302,0.00197603586425,0.551515151515,248,221056
BROAD_SENSITIVITY,MODERATE_LIQUID,2026,2025,20,20,-0.00444833072807,0.000291700803318,0.0103428432981,0.0104277608189,0.963636363636,1368,978330,-0.0196215734451,-0.0154720656818,-0.00517758324204,-0.00414381309468,-0.0909090909091,152,151379
BROAD_SENSITIVITY,MODERATE_LIQUID,2021,2020,40,1,-0.0337699953297,-0.0364559850887,0.000488402212071,0.000490278264095,0.0181818181818,131,56090,-0.0289113576329,-0.022212814292,0.00093699855614,0.000912770227084,0.866666666667,248,146997
BROAD_SENSITIVITY,MODERATE_LIQUID,2022,2021,40,1,-0.0305907284463,-0.0232622258685,0.000781942827715,0.000795692686507,0.90303030303,379,203087,-0.018953107726,-0.00795980332778,0.000448662765183,0.000453230745935,0.139393939394,248,149745
BROAD_SENSITIVITY,MODERATE_LIQUID,2023,2022,40,1,-0.0259876503943,-0.0170502528106,0.00065011913472,0.000649166859313,0.769696969697,627,352832,-0.0225225161081,-0.0168187580947,-0.000221464879998,-0.000144090915649,0.212121212121,245,177240
BROAD_SENSITIVITY,MODERATE_LIQUID,2024,2023,40,1,-0.0250140748207,-0.0169507424699,0.000405236011319,0.000384169609523,0.660606060606,872,530072,-0.0174492586918,-0.0177717977259,0.000206141373655,0.000204891586004,0.381818181818,248,231166
BROAD_SENSITIVITY,MODERATE_LIQUID,2025,2024,40,1,-0.0233390083922,-0.0172240625626,0.000361150770122,0.000329659461245,0.69696969697,1120,761238,-0.0113467148368,-0.000641288506648,-0.000805717652762,-0.00078798935718,-0.793939393939,248,221321
BROAD_SENSITIVITY,MODERATE_LIQUID,2026,2025,40,1,-0.0211649668705,-0.0141942541441,0.000149613219774,7.67544896722e-05,0.442424242424,1368,982559,0.00720706047122,0.00671878503417,0.000691330069625,0.000692196576067,0.381818181818,171,172654
BROAD_SENSITIVITY,MODERATE_LIQUID,2021,2020,40,2,-0.0324848482497,-0.0274651679337,0.000546394578032,0.000573326763766,-0.151515151515,131,56063,-0.0251171383002,-0.0241545075288,0.00191527567479,0.00189144895463,0.939393939394,248,146871
BROAD_SENSITIVITY,MODERATE_LIQUID,2022,2021,40,2,-0.0276637610004,-0.0261935117,0.00144212679965,0.00152723503939,0.866666666667,379,202934,-0.015398680727,-0.00462148720127,0.00102101439884,0.00102899511967,-0.00606060606061,248,149648
BROAD_SENSITIVITY,MODERATE_LIQUID,2023,2022,40,2,-0.0228125011794,-0.0185668821431,0.00127556240507,0.00131215530569,0.806060606061,627,352582,-0.0191107509001,-0.01315700824,-0.000449262151048,-0.000292766887734,0.466666666667,245,177117
BROAD_SENSITIVITY,MODERATE_LIQUID,2024,2023,40,2,-0.0217724451949,-0.016837627378,0.000790950001118,0.000776207293075,0.709090909091,872,529699,-0.0111029703055,-0.0104431954719,0.000654090763149,0.000675028128779,0.612121212121,248,230897
BROAD_SENSITIVITY,MODERATE_LIQUID,2025,2024,40,2,-0.0194099186123,-0.0155252853232,0.000760645455567,0.000745655035769,0.69696969697,1120,760596,-0.0117404933645,-0.00131059106324,-0.00161118139694,-0.00158198922386,-0.793939393939,248,221140
BROAD_SENSITIVITY,MODERATE_LIQUID,2026,2025,40,2,-0.0180195549709,-0.0144049354367,0.000330665148972,0.000217951443599,0.551515151515,1368,981736,0.0101796830934,0.00800431029401,0.00105404099443,0.00106122456151,0.284848484848,170,171479
BROAD_SENSITIVITY,MODERATE_LIQUID,2021,2020,40,3,-0.0328181665128,-0.030595014172,0.000757823600464,0.00083264707692,-0.10303030303,131,56036,-0.0225341895515,-0.02631408407,0.00324822659643,0.00323999447441,0.939393939394,248,146744
BROAD_SENSITIVITY,MODERATE_LIQUID,2022,2021,40,3,-0.0260888095566,-0.0285229531875,0.0023874276717,0.0025759409047,0.842424242424,379,202780,-0.0149062923487,-0.000588034222783,0.00193612815414,0.00193132163425,0.030303030303,248,149555
BROAD_SENSITIVITY,MODERATE_LIQUID,2023,2022,40,3,-0.0216657405493,-0.0184410217068,0.00220892323732,0.00229461068226,0.854545454545,627,352335,-0.0171310186881,-0.0104474337845,-0.000246945805065,2.02831769073e-05,0.575757575758,245,176996
BROAD_SENSITIVITY,MODERATE_LIQUID,2024,2023,40,3,-0.0203916501181,-0.0158973977885,0.00151891416005,0.00153543447158,0.854545454545,872,529331,-0.00608413460487,-0.00364193114426,0.00155943307712,0.00163174983073,0.684848484848,248,230634
BROAD_SENSITIVITY,MODERATE_LIQUID,2025,2024,40,3,-0.0172235573973,-0.0130067107179,0.00152788620597,0.00156535825102,0.842424242424,1120,759965,-0.010672117335,-0.00874504728148,-0.0021265911167,-0.00206137594282,-0.781818181818,248,220966
BROAD_SENSITIVITY,MODERATE_LIQUID,2026,2025,40,3,-0.0160358694328,-0.012719666222,0.000865378621158,0.000742072803021,0.612121212121,1368,980931,0.0154456296112,0.0173653735738,0.00174623317946,0.00175564991303,0.418181818182,169,170302
BROAD_SENSITIVITY,MODERATE_LIQUID,2021,2020,40,5,-0.0328237755293,-0.0235204772271,0.00254531924945,0.0028566592416,0.030303030303,131,55983,-0.0191430317987,-0.0188630637793,0.00642063525257,0.00638651237133,0.963636363636,248,146501
BROAD_SENSITIVITY,MODERATE_LIQUID,2022,2021,40,5,-0.0238717321383,-0.0208876791977,0.00508114607999,0.00541800582701,0.781818181818,379,202484,-0.0133535868905,-0.000246619008852,0.00386466106239,0.00383788284275,0.0787878787879,248,149371
BROAD_SENSITIVITY,MODERATE_LIQUID,2023,2022,40,5,-0.0197114450227,-0.0135937593405,0.00459998454193,0.00472616211621,0.818181818182,627,351855,-0.0133907912103,-0.00172254283158,0.000453623216003,0.000925381574221,0.709090909091,245,176773
BROAD_SENSITIVITY,MODERATE_LIQUID,2024,2023,40,5,-0.017935573252,-0.00988129006634,0.00343500916939,0.00345817893404,0.939393939394,872,528628,-0.00116110596324,-6.78756291054e-06,0.00265113309676,0.00279853876114,0.806060606061,248,230146
BROAD_SENSITIVITY,MODERATE_LIQUID,2025,2024,40,5,-0.0142212269238,-0.00729000143363,0.00326143661045,0.0032618066877,0.915151515152,1120,758774,-0.0119925095621,-0.0148764787428,-0.00296596363236,-0.00286630772556,-0.648484848485,248,220640
BROAD_SENSITIVITY,MODERATE_LIQUID,2026,2025,40,5,-0.013817190443,-0.00878485631852,0.00213249270678,0.00186756857942,0.769696969697,1368,979414,0.0191101724644,0.0255335866216,0.00337257119952,0.00345409976272,0.442424242424,167,167958
BROAD_SENSITIVITY,MODERATE_LIQUID,2021,2020,40,10,-0.0290750570498,-0.0583823261405,0.00711734915063,0.00820868350176,0.0181818181818,131,55875,-0.0138768183582,-0.00286033645204,0.0121295590934,0.0119678430732,0.975757575758,248,145936
BROAD_SENSITIVITY,MODERATE_LIQUID,2022,2021,40,10,-0.0191300354257,-0.0164702222662,0.0103971065802,0.0109683352583,0.709090909091,379,201811,-0.0027063925389,0.00399910689517,0.00820351518601,0.00820430060108,0.345454545455,248,148965
BROAD_SENSITIVITY,MODERATE_LIQUID,2023,2022,40,10,-0.0126339214928,-0.009395447145,0.00952946596496,0.00971737346651,0.854545454545,627,350776,-0.00791628689365,0.00671856707023,0.00221682991907,0.00301095237385,0.69696969697,245,176262
BROAD_SENSITIVITY,MODERATE_LIQUID,2024,2023,40,10,-0.0113084392947,-0.00633603042201,0.00747488358968,0.00748579619265,0.987878787879,872,527038,0.00406184860197,0.00762338228081,0.00586269693169,0.00623545145914,0.866666666667,248,229033
BROAD_SENSITIVITY,MODERATE_LIQUID,2025,2024,40,10,-0.00790501840327,-0.00265876116676,0.00711789940113,0.00712887377414,0.987878787879,1120,756071,-0.0104443715489,-0.02440434157,-0.00429742433245,-0.00423923999611,-0.321212121212,248,219873
BROAD_SENSITIVITY,MODERATE_LIQUID,2026,2025,40,10,-0.00836536897353,-0.00459699406084,0.00504845474767,0.00452414063667,0.842424242424,1368,975944,0.0248437564282,0.0316257961414,0.00692573517751,0.00739678960734,0.648484848485,162,162090
BROAD_SENSITIVITY,MODERATE_LIQUID,2021,2020,40,20,-0.0211333937225,-0.0172867275568,0.0117432978297,0.0147123871724,0.00606060606061,131,55684,-0.00709016481447,0.00116300945231,0.021294404112,0.0215887577088,0.939393939394,248,144923
BROAD_SENSITIVITY,MODERATE_LIQUID,2022,2021,40,20,-0.0119441568645,-0.00817494640732,0.0179930982466,0.0198009101072,0.806060606061,379,200607,0.0108595157139,0.0147837443836,0.0162087513053,0.0169490922588,0.951515151515,248,148182
BROAD_SENSITIVITY,MODERATE_LIQUID,2023,2022,40,20,-0.00292452241561,-0.00112367524353,0.0172873278456,0.0183080848324,0.90303030303,627,348789,-0.00191949226908,0.00738445094963,0.00545369398446,0.00704996515921,0.684848484848,245,175234
BROAD_SENSITIVITY,MODERATE_LIQUID,2024,2023,40,20,-0.00264214582627,0.00223514278651,0.0139625109924,0.0145892854719,0.987878787879,872,524023,0.0114690017316,0.014924778956,0.0115153863338,0.012735115574,0.963636363636,248,227082
BROAD_SENSITIVITY,MODERATE_LIQUID,2025,2024,40,20,0.000482465418685,0.0063070640956,0.0134206476751,0.0141338991996,1,1120,751105,-0.0170357556226,-0.0242728489296,-0.00678479907333,-0.00715798203747,-0.248484848485,248,218459
BROAD_SENSITIVITY,MODERATE_LIQUID,2026,2025,40,20,-0.0026933524309,0.000185249702277,0.0097576719488,0.00919096213276,1,1368,969564,0.0326482251894,0.0386117984002,0.0105295535595,0.0116976061013,0.830303030303,152,150309
BROAD_SENSITIVITY,MODERATE_LIQUID,2021,2020,60,1,-0.0274319816729,-0.0227522385961,0.00110872132526,0.00116882705434,-0.127272727273,131,55868,-0.0257811831577,-0.0176547034051,0.00135402128764,0.00132589203223,0.90303030303,248,146120
BROAD_SENSITIVITY,MODERATE_LIQUID,2022,2021,60,1,-0.0263517757843,-0.0198344569155,0.00126923422941,0.00128162817576,0.830303030303,379,201988,-0.011669098722,-0.0108202520991,0.000685565129471,0.000717972003567,0.539393939394,248,148311
BROAD_SENSITIVITY,MODERATE_LIQUID,2023,2022,60,1,-0.0205442735332,-0.0162277775791,0.00103837308621,0.0010410401051,0.842424242424,627,350299,-0.0176888371259,-0.0175838169311,0.000337993157387,0.000404141098452,0.745454545455,245,175961
BROAD_SENSITIVITY,MODERATE_LIQUID,2024,2023,60,1,-0.0197420006894,-0.016581767424,0.000841592028226,0.000828482442055,0.769696969697,872,526260,-0.0119878371783,-0.00978940359016,0.000387944065286,0.000373872082283,0.854545454545,248,228520
BROAD_SENSITIVITY,MODERATE_LIQUID,2025,2024,60,1,-0.0180250073405,-0.0157244352938,0.000741141407861,0.000690749396894,0.939393939394,1120,754780,-0.0120376359569,0.0011242029943,-0.00105291540761,-0.00100415796165,-0.915151515152,248,218641
BROAD_SENSITIVITY,MODERATE_LIQUID,2026,2025,60,1,-0.0169395774406,-0.0129791411748,0.000415903037805,0.000309120620074,0.660606060606,1368,973421,0.0152505295151,0.0201161631864,0.000986173074674,0.0010064637528,0.781818181818,171,171420
BROAD_SENSITIVITY,MODERATE_LIQUID,2021,2020,60,2,-0.0241518492553,-0.006309361385,0.00173547589288,0.00189032575293,-0.248484848485,131,55841,-0.0196484892507,-0.0238320634463,0.0030428108564,0.00298133577636,0.915151515152,248,145996
BROAD_SENSITIVITY,MODERATE_LIQUID,2022,2021,60,2,-0.0212050595953,-0.0132408553977,0.002590935183,0.00267862010502,0.733333333333,379,201837,-0.00608842565609,-0.00458416792174,0.00134628216585,0.00143504485546,0.636363636364,248,148216
BROAD_SENSITIVITY,MODERATE_LIQUID,2023,2022,60,2,-0.0152259125188,-0.0103045397707,0.00209863223523,0.00214629285528,0.830303030303,627,350053,-0.0107363110376,-0.00581528822071,0.00064812738578,0.000771429806746,0.818181818182,245,175838
BROAD_SENSITIVITY,MODERATE_LIQUID,2024,2023,60,2,-0.0139644992586,-0.00916354485063,0.00169109360207,0.00168723208986,0.818181818182,872,525891,-0.00517671339838,-0.0118637248682,0.000788519763126,0.000783078257611,0.878787878788,248,228264
BROAD_SENSITIVITY,MODERATE_LIQUID,2025,2024,60,2,-0.0120186323896,-0.00998262510511,0.0014912379663,0.00141378283744,0.963636363636,1120,754155,-0.0138075128992,0.00152385922882,-0.0016791762726,-0.00158224901244,-0.890909090909,248,218469
BROAD_SENSITIVITY,MODERATE_LIQUID,2026,2025,60,2,-0.012342932365,-0.00865719850909,0.000916484507787,0.000738266642803,0.793939393939,1368,972624,0.020197724501,0.0161654070798,0.0016793963066,0.00171896792966,0.806060606061,170,170260
BROAD_SENSITIVITY,MODERATE_LIQUID,2021,2020,60,3,-0.0231808749784,-0.0153616781391,0.00267022414618,0.00292622723649,-0.284848484848,131,55814,-0.0158629897824,-0.0192602871705,0.00473676638916,0.0046396240293,0.939393939394,248,145872
BROAD_SENSITIVITY,MODERATE_LIQUID,2022,2021,60,3,-0.018392390734,-0.0184672587587,0.00402247342391,0.00416591816558,0.830303030303,379,201686,-0.00339370291775,0.00641698532733,0.00229025062446,0.00241313779802,0.745454545455,248,148125
BROAD_SENSITIVITY,MODERATE_LIQUID,2023,2022,60,3,-0.0124598953936,-0.00861364838525,0.00333731990833,0.00341260302764,0.90303030303,627,349811,-0.0071331886356,-0.00546638291621,0.0012141803819,0.00147437388692,0.842424242424,245,175718
BROAD_SENSITIVITY,MODERATE_LIQUID,2024,2023,60,3,-0.0109632862701,-0.00754795821039,0.00274079561478,0.00276562221702,0.854545454545,872,525529,-0.00145473862674,0.00454305830389,0.00152972193316,0.0015478904604,0.890909090909,248,228014
BROAD_SENSITIVITY,MODERATE_LIQUID,2025,2024,60,3,-0.00885782214906,-0.00548059771568,0.00247262929957,0.00239796907674,0.987878787879,1120,753543,-0.0161193201028,-0.00642904895841,-0.00226166364155,-0.00210450316956,-0.90303030303,248,218303
BROAD_SENSITIVITY,MODERATE_LIQUID,2026,2025,60,3,-0.0101742340588,-0.00568452513576,0.00161436566697,0.00138171958726,0.90303030303,1368,971846,0.0269736743431,0.0371695397952,0.00248207728527,0.00253913629305,0.781818181818,169,169098
BROAD_SENSITIVITY,MODERATE_LIQUID,2021,2020,60,5,-0.018573617724,-0.00839734685236,0.00507202059449,0.0055949511088,-0.0787878787879,131,55761,-0.0106020520139,-0.013592232487,0.0088011981828,0.00867095872593,0.866666666667,248,145634
BROAD_SENSITIVITY,MODERATE_LIQUID,2022,2021,60,5,-0.0133573953068,-0.0129170637926,0.00751222123275,0.00782674224707,0.866666666667,379,201395,2.04461851531e-05,0.00580046096373,0.0043388640114,0.00453421819822,0.842424242424,248,147944
BROAD_SENSITIVITY,MODERATE_LIQUID,2023,2022,60,5,-0.00806600026695,-0.00446925308918,0.00625704963643,0.00640426249098,0.951515151515,627,349339,-0.00217547988043,0.00637038532238,0.00241653805301,0.00287260593179,0.793939393939,245,175495
BROAD_SENSITIVITY,MODERATE_LIQUID,2024,2023,60,5,-0.00641098020422,-0.0021287949219,0.00517800681769,0.00522642590975,0.915151515152,872,524834,0.00320925426747,0.00472329795878,0.00276045543402,0.00278828757346,0.90303030303,248,227546
BROAD_SENSITIVITY,MODERATE_LIQUID,2025,2024,60,5,-0.00428078542835,-0.000423081098518,0.00464269186845,0.0044921608213,0.987878787879,1120,752380,-0.0207989016847,-0.0101818624894,-0.0033354318369,-0.00310173077199,-0.854545454545,248,217993
BROAD_SENSITIVITY,MODERATE_LIQUID,2026,2025,60,5,-0.00727529773213,-0.00180603889915,0.00319636534877,0.0027741152491,0.987878787879,1368,970373,0.0332458442912,0.0390893797626,0.00463365813048,0.00478457781216,0.806060606061,167,166783
BROAD_SENSITIVITY,MODERATE_LIQUID,2021,2020,60,10,-0.0124122082749,-0.00904293607021,0.0097183948891,0.0112677664436,0.0666666666667,131,55653,0.00192410042631,-0.00309389962224,0.0163638061517,0.0161201829344,0.951515151515,248,145075
BROAD_SENSITIVITY,MODERATE_LIQUID,2022,2021,60,10,-0.00303119361026,-0.00752795385449,0.0140668434197,0.0148164609559,0.975757575758,379,200728,0.013315050315,0.0144597365275,0.00934813892789,0.00962994385595,0.963636363636,248,147548
BROAD_SENSITIVITY,MODERATE_LIQUID,2023,2022,60,10,0.00343430637931,0.00566540618975,0.0122004339876,0.012525150608,0.987878787879,627,348276,0.00674085517472,0.0191546333619,0.00580386233529,0.00652805981344,0.842424242424,245,174989
BROAD_SENSITIVITY,MODERATE_LIQUID,2024,2023,60,10,0.00436332524958,0.00899377264154,0.0104032320898,0.0105342001801,0.975757575758,872,523265,0.00866617012709,0.0138553303648,0.00584746013138,0.00595832855077,0.90303030303,248,226476
BROAD_SENSITIVITY,MODERATE_LIQUID,2025,2024,60,10,0.00531609804388,0.00958621118346,0.00939445401333,0.00916770807084,1,1120,749741,-0.024633335288,-0.0101511933242,-0.00476214217331,-0.00459317859522,-0.660606060606,248,217262
BROAD_SENSITIVITY,MODERATE_LIQUID,2026,2025,60,10,-0.000113331390553,0.00702594825232,0.00682805353505,0.00603701923064,1,1368,967003,0.0357883081063,0.0367688821391,0.00823193812962,0.00874172985958,0.757575757576,162,160976
BROAD_SENSITIVITY,MODERATE_LIQUID,2021,2020,60,20,-0.0211767170327,-0.0168436723591,0.0104930288113,0.0137605494746,0.10303030303,131,55462,0.0207362938948,0.0249596809134,0.0277553672562,0.0270960682329,0.963636363636,248,144062
BROAD_SENSITIVITY,MODERATE_LIQUID,2022,2021,60,20,0.00624921096205,0.00929440833895,0.0217887014612,0.0235266398641,0.987878787879,379,199524,0.0326034515062,0.0302446246837,0.0162618659989,0.017453417799,0.987878787879,248,146785
BROAD_SENSITIVITY,MODERATE_LIQUID,2023,2022,60,20,0.0166732167913,0.0199134848481,0.0196026485192,0.0205940972012,0.987878787879,627,346309,0.0236945016939,0.0360037823757,0.0127521185405,0.0141356737401,0.975757575758,245,173983
BROAD_SENSITIVITY,MODERATE_LIQUID,2024,2023,60,20,0.0186459401871,0.0243741957705,0.0176779009908,0.0185186226724,0.987878787879,872,520292,0.00831084493512,0.0100526164743,0.00853968623031,0.00925493247444,0.975757575758,248,224582
BROAD_SENSITIVITY,MODERATE_LIQUID,2025,2024,60,20,0.0163574548099,0.0207154280568,0.015654439151,0.0157925639308,1,1120,744874,-0.0348525372821,-0.0424979599461,-0.00601918095677,-0.00609650403398,-0.527272727273,248,215873
BROAD_SENSITIVITY,MODERATE_LIQUID,2026,2025,60,20,0.00707377203297,0.0130036651248,0.011725303342,0.0107496581248,1,1368,960747,0.0323802699169,0.0493187420219,0.0104386423451,0.0116980783681,0.624242424242,152,149289
PRIMARY_VERIFIED,STRICT_SENSITIVITY,2021,2020,5,1,,,,,,0,0,-0.0280824493435,-0.0298125403339,0.00071340713191,0.000721873387075,-0.260606060606,149,46741
PRIMARY_VERIFIED,STRICT_SENSITIVITY,2022,2021,5,1,-0.0280824493435,-0.0298125403339,0.00071340713191,0.000721873387075,-0.260606060606,149,46741,-0.0264075164775,-0.0210223784049,-0.00126683568608,-0.00122448603463,-0.672727272727,248,71050
PRIMARY_VERIFIED,STRICT_SENSITIVITY,2023,2022,5,1,-0.0270361436741,-0.0224632541795,-0.000523621127189,-0.000452900529243,-0.563636363636,397,117791,-0.0274223561259,-0.0240985197098,8.91519641746e-05,0.000116593639629,-0.10303030303,245,85609
PRIMARY_VERIFIED,STRICT_SENSITIVITY,2024,2023,5,1,-0.0271835300459,-0.023634802041,-0.000289774698242,-0.000212450764544,-0.406060606061,642,203400,-0.02729414711,-0.0207032895743,-0.000733318665339,-0.000662657173661,-0.527272727273,248,125062
PRIMARY_VERIFIED,STRICT_SENSITIVITY,2025,2024,5,1,-0.0272143536772,-0.0229362802885,-0.000413368972219,-0.000383393271248,-0.563636363636,890,328462,-0.0237094715421,-0.00894811974324,-0.000785529255085,-0.000746284958118,-0.745454545455,248,119522
PRIMARY_VERIFIED,STRICT_SENSITIVITY,2026,2025,5,1,-0.0264505480801,-0.0203716776504,-0.000494472443353,-0.000482639606252,-0.866666666667,1138,447984,-0.00345566459267,0.00150050971403,4.39968783408e-05,1.00670696859e-05,0.309090909091,131,70494
PRIMARY_VERIFIED,STRICT_SENSITIVITY,2021,2020,5,2,,,,,,0,0,-0.0406834488207,-0.0350450433512,0.000233751328433,0.000273547795906,-0.29696969697,149,46709
PRIMARY_VERIFIED,STRICT_SENSITIVITY,2022,2021,5,2,-0.0406834488207,-0.0350450433512,0.000233751328433,0.000273547795906,-0.29696969697,149,46709,-0.0406791717199,-0.0357005663025,-0.00311145711694,-0.00297799656021,-0.951515151515,248,71011
PRIMARY_VERIFIED,STRICT_SENSITIVITY,2023,2022,5,2,-0.0406807769794,-0.0350450433512,-0.00185595067271,-0.00169336405976,-0.987878787879,397,117720,-0.0329588881036,-0.0228068399348,-0.000269301448415,-0.000188432849234,-0.284848484848,245,85565
PRIMARY_VERIFIED,STRICT_SENSITIVITY,2024,2023,5,2,-0.0377339502277,-0.0291527992013,-0.00125045369459,-0.00105812662933,-0.854545454545,642,203285,-0.0309522615689,-0.0230382057292,-0.000718470189625,-0.000584242296162,-0.684848484848,248,124944
PRIMARY_VERIFIED,STRICT_SENSITIVITY,2025,2024,5,2,-0.0358442212531,-0.0278968060024,-0.00110221559433,-0.000877260367946,-0.90303030303,890,328229,-0.0299173818427,-0.0238358047681,-0.00154933705276,-0.00146568938908,-0.721212121212,248,119436
PRIMARY_VERIFIED,STRICT_SENSITIVITY,2026,2025,5,2,-0.0345526077437,-0.0267781955925,-0.00119965506857,-0.00103881194927,-0.951515151515,1138,447665,-0.00838832988747,-0.0137680682776,-0.000638706785974,-0.000747252246565,-0.212121212121,130,69840
PRIMARY_VERIFIED,STRICT_SENSITIVITY,2021,2020,5,3,,,,,,0,0,-0.0416027072169,-0.0396962506118,-0.000548958086172,-0.000481869227086,-0.478787878788,149,46674
PRIMARY_VERIFIED,STRICT_SENSITIVITY,2022,2021,5,3,-0.0416027072169,-0.0396962506118,-0.000548958086172,-0.000481869227086,-0.478787878788,149,46674,-0.0500143372833,-0.0418905747121,-0.00434578127488,-0.00415190154103,-0.951515151515,248,70974
PRIMARY_VERIFIED,STRICT_SENSITIVITY,2023,2022,5,3,-0.0468573275103,-0.0405399466792,-0.00292077710582,-0.00270802313336,-0.951515151515,397,117648,-0.0298876379651,-0.0200892662792,0.000250575458953,0.000510964326535,-0.115151515152,245,85521
PRIMARY_VERIFIED,STRICT_SENSITIVITY,2024,2023,5,3,-0.0403813556434,-0.0340816542729,-0.00171052573764,-0.00134902106509,-0.90303030303,642,203169,-0.0292656905564,-0.0169905705496,-0.000620485368828,-0.000491321646286,-0.527272727273,248,124826
PRIMARY_VERIFIED,STRICT_SENSITIVITY,2025,2024,5,3,-0.0372839568326,-0.0296569099285,-0.00140678415173,-0.00102204858677,-0.890909090909,890,327995,-0.0317297739444,-0.0183344661966,-0.00225436781752,-0.00208351774423,-0.806060606061,248,119352
PRIMARY_VERIFIED,STRICT_SENSITIVITY,2026,2025,5,3,-0.0360735549378,-0.025280353505,-0.00159149482758,-0.00131223921039,-0.927272727273,1138,447347,-0.00771310445552,-0.0022412840347,-0.000428143590173,-0.000620063139353,-0.236363636364,129,69190
PRIMARY_VERIFIED,STRICT_SENSITIVITY,2021,2020,5,5,,,,,,0,0,-0.0391237617566,-0.0347829301473,-0.000893733822608,-0.000792544083886,-0.575757575758,149,46608
PRIMARY_VERIFIED,STRICT_SENSITIVITY,2022,2021,5,5,-0.0391237617566,-0.0347829301473,-0.000893733822608,-0.000792544083886,-0.575757575758,149,46608,-0.0553925663626,-0.0517573229221,-0.00646216667849,-0.00614710749889,-0.951515151515,248,70902
PRIMARY_VERIFIED,STRICT_SENSITIVITY,2023,2022,5,5,-0.0492866422158,-0.0471992586743,-0.00437225107263,-0.00405047154358,-0.963636363636,397,117510,-0.0259976170851,-0.0217523514902,0.00204157779376,0.0025747874065,-0.115151515152,245,85436
PRIMARY_VERIFIED,STRICT_SENSITIVITY,2024,2023,5,5,-0.0403990858964,-0.0324309186346,-0.00192460610025,-0.00125195830655,-0.866666666667,642,202946,-0.0318590231862,-0.0186672627857,-0.00218162605199,-0.00194190434358,-0.757575757576,248,124592
PRIMARY_VERIFIED,STRICT_SENSITIVITY,2025,2024,5,5,-0.0380193830288,-0.0302546337756,-0.00199622514298,-0.00151437620508,-0.806060606061,890,327538,-0.0314124939604,-0.0258194659428,-0.00291835941193,-0.00262485222732,-0.90303030303,248,119193
PRIMARY_VERIFIED,STRICT_SENSITIVITY,2026,2025,5,5,-0.0365795688909,-0.0292710292765,-0.00219718234746,-0.00182207338636,-0.90303030303,1138,446731,-0.00403885603793,-0.00823818297338,0.000296317384912,-1.03868851917e-05,-0.115151515152,127,67895
PRIMARY_VERIFIED,STRICT_SENSITIVITY,2021,2020,5,10,,,,,,0,0,-0.0314857270675,-0.0372222016404,-0.00262319526774,-0.00259465119371,-0.284848484848,149,46482
PRIMARY_VERIFIED,STRICT_SENSITIVITY,2022,2021,5,10,-0.0314857270675,-0.0372222016404,-0.00262319526774,-0.00259465119371,-0.284848484848,149,46482,-0.0350506881768,-0.0278757835147,-0.0058450240179,-0.00567257305528,-0.854545454545,248,70727
PRIMARY_VERIFIED,STRICT_SENSITIVITY,2023,2022,5,10,-0.033712705292,-0.031765735333,-0.00463582380689,-0.00449282703011,-0.684848484848,397,117209,-0.0199229267879,-0.0175753133531,0.002487146518,0.00294079373222,-0.127272727273,245,85216
PRIMARY_VERIFIED,STRICT_SENSITIVITY,2024,2023,5,10,-0.0284502508784,-0.0267593187976,-0.0019175563153,-0.00134546689706,-0.781818181818,642,202425,-0.0287130930036,-0.0133562399056,-0.00333282402113,-0.00273735540817,-0.636363636364,248,124049
PRIMARY_VERIFIED,STRICT_SENSITIVITY,2025,2024,5,10,-0.0285234922796,-0.0225718343883,-0.00231192304681,-0.00187444763237,-0.878787878788,890,326474,-0.010768823023,-0.0086082331289,-0.000176474812112,-1.92289597507e-05,-0.309090909091,248,118832
PRIMARY_VERIFIED,STRICT_SENSITIVITY,2026,2025,5,10,-0.0246542849196,-0.0201271014736,-0.001846552957,-0.00140057893186,-0.866666666667,1138,445306,-0.0109431030739,-0.00758427894032,0.000308419486562,0.000388213056179,0.139393939394,122,64699
PRIMARY_VERIFIED,STRICT_SENSITIVITY,2021,2020,5,20,,,,,,0,0,-0.0146670725984,-0.00386198309554,-0.00217782332757,-0.00192790900804,-0.0787878787879,149,46287
PRIMARY_VERIFIED,STRICT_SENSITIVITY,2022,2021,5,20,-0.0146670725984,-0.00386198309554,-0.00217782332757,-0.00192790900804,-0.0787878787879,149,46287,-0.0191207427487,-0.00256431260553,-0.00142611938046,-0.000623468201771,-0.466666666667,248,70386
PRIMARY_VERIFIED,STRICT_SENSITIVITY,2023,2022,5,20,-0.0174492141532,-0.00317435086059,-0.00170824504323,-0.00120604281843,-0.418181818182,397,116673,-0.00330389543933,-0.0032378016224,0.00337221597241,0.0043302077775,0.0545454545455,245,84763
PRIMARY_VERIFIED,STRICT_SENSITIVITY,2024,2023,5,20,-0.012051078507,-0.00320607624149,0.000230560173017,0.00120708435226,-0.0545454545455,642,201436,-0.00106407774621,0.0113527603626,0.0014121297806,0.00241911549383,0.69696969697,248,123052
PRIMARY_VERIFIED,STRICT_SENSITIVITY,2025,2024,5,20,-0.00898953222755,0.0017606977715,0.00055980653558,0.00167231381914,0.369696969697,890,324488,-0.00716442726768,-0.0108006658352,0.00291260702533,0.00289616356321,0.357575757576,248,118150
PRIMARY_VERIFIED,STRICT_SENSITIVITY,2026,2025,5,20,-0.00859179406407,-0.000888118042198,0.00107254337342,0.00195270579852,0.393939393939,1138,442638,-0.030130998234,-0.0111467500713,-0.00512237568774,-0.00374143831438,-0.6,112,58308
PRIMARY_VERIFIED,STRICT_SENSITIVITY,2021,2020,10,1,,,,,,0,0,-0.030625616904,-0.0298182417997,-0.000225725926073,-0.000176242106558,0.139393939394,149,46671
PRIMARY_VERIFIED,STRICT_SENSITIVITY,2022,2021,10,1,-0.030625616904,-0.0298182417997,-0.000225725926073,-0.000176242106558,0.139393939394,149,46671,-0.0317274658219,-0.0225203516996,-0.000872091672762,-0.000822176803423,-0.842424242424,248,70957
PRIMARY_VERIFIED,STRICT_SENSITIVITY,2023,2022,10,1,-0.0313139255479,-0.0268905102272,-0.00062950100209,-0.00056593726189,-0.69696969697,397,117628,-0.0238910432709,-0.0159939248788,0.000389177600647,0.000454482011477,-0.212121212121,245,85541
PRIMARY_VERIFIED,STRICT_SENSITIVITY,2024,2023,10,1,-0.0284812056758,-0.022209419502,-0.000240752937183,-0.000134926511841,-0.563636363636,642,203169,-0.0331320027504,-0.0332370462421,-0.00125148587302,-0.00123306981046,-0.575757575758,248,124857
PRIMARY_VERIFIED,STRICT_SENSITIVITY,2025,2024,10,1,-0.0297771581191,-0.0264816235531,-0.000522395373236,-0.000552701070453,-0.757575757576,890,328026,-0.0117530250549,-0.00729409169024,-0.000351552435688,-0.000320493171847,-0.612121212121,248,119318
PRIMARY_VERIFIED,STRICT_SENSITIVITY,2026,2025,10,1,-0.0258492275392,-0.0218501645982,-0.000485164223401,-0.000492751921107,-0.854545454545,1138,447344,-0.00382697302043,0.00102504204988,-7.80660127349e-05,-2.08242777408e-05,-0.00606060606061,131,70403
PRIMARY_VERIFIED,STRICT_SENSITIVITY,2021,2020,10,2,,,,,,0,0,-0.03664727352,-0.0274550535879,-0.000702182455434,-0.000616619200244,-0.139393939394,149,46639
PRIMARY_VERIFIED,STRICT_SENSITIVITY,2022,2021,10,2,-0.03664727352,-0.0274550535879,-0.000702182455434,-0.000616619200244,-0.139393939394,149,46639,-0.0408292157058,-0.0296758891552,-0.00168771612763,-0.00155087856347,-0.878787878788,248,70918
PRIMARY_VERIFIED,STRICT_SENSITIVITY,2023,2022,10,2,-0.0392596706537,-0.0289554846762,-0.00131783069398,-0.00118201448529,-0.830303030303,397,117557,-0.0243819401674,-0.0244261515122,0.000713279702485,0.000885982146196,-0.357575757576,245,85497
PRIMARY_VERIFIED,STRICT_SENSITIVITY,2024,2023,10,2,-0.0335820320725,-0.0272453113969,-0.000542718471032,-0.000308638284941,-0.69696969697,642,203054,-0.0378245556887,-0.0292362594259,-0.0026839451999,-0.00261943349669,-0.515151515152,248,124739
PRIMARY_VERIFIED,STRICT_SENSITIVITY,2025,2024,10,2,-0.0347642184284,-0.0279769915716,-0.00113937490784,-0.0011878543554,-0.939393939394,890,327793,-0.0124462645656,-0.00568760550123,-0.000767733513463,-0.000717251976499,-0.248484848485,248,119232
PRIMARY_VERIFIED,STRICT_SENSITIVITY,2026,2025,10,2,-0.0299005518573,-0.0238688248215,-0.0010583845161,-0.00106687003459,-0.915151515152,1138,447025,-0.0101361488653,0.0150090196464,-3.78064965117e-05,2.79221821264e-05,-0.430303030303,130,69750
PRIMARY_VERIFIED,STRICT_SENSITIVITY,2021,2020,10,3,,,,,,0,0,-0.0364292979878,-0.0384875709331,-0.000212229018983,-0.00011473322557,-0.212121212121,149,46604
PRIMARY_VERIFIED,STRICT_SENSITIVITY,2022,2021,10,3,-0.0364292979878,-0.0384875709331,-0.000212229018983,-0.00011473322557,-0.212121212121,149,46604,-0.0427546470447,-0.0323094932553,-0.00206851995017,-0.00188151018358,-0.890909090909,248,70881
PRIMARY_VERIFIED,STRICT_SENSITIVITY,2023,2022,10,3,-0.0403806495397,-0.0337907484748,-0.0013718263765,-0.00118546068013,-0.818181818182,397,117485,-0.0226172214781,-0.0209960416727,0.00157857356284,0.00190074474248,-0.309090909091,245,85453
PRIMARY_VERIFIED,STRICT_SENSITIVITY,2024,2023,10,3,-0.0336017712296,-0.0285244871496,-0.000245894935476,0.00011904111874,-0.515151515152,642,202938,-0.0377488325198,-0.0310984990931,-0.00303114195028,-0.00290744229947,-0.466666666667,248,124621
PRIMARY_VERIFIED,STRICT_SENSITIVITY,2025,2024,10,3,-0.0347573568475,-0.029950613657,-0.00102200871039,-0.00103139824795,-0.90303030303,890,327559,-0.0108858004612,0.000591366362026,-0.000719249731939,-0.000606399526302,0.0181818181818,248,119148
PRIMARY_VERIFIED,STRICT_SENSITIVITY,2026,2025,10,3,-0.0295551196034,-0.0225794282694,-0.00095602960085,-0.00092519629556,-0.927272727273,1138,446707,-0.00777694724301,0.0154822257351,0.00128434713856,0.00137086426664,-0.0424242424242,129,69101
PRIMARY_VERIFIED,STRICT_SENSITIVITY,2021,2020,10,5,,,,,,0,0,-0.0326198443765,-0.0225034180489,0.000800289732038,0.000935279566743,-0.0545454545455,149,46538
PRIMARY_VERIFIED,STRICT_SENSITIVITY,2022,2021,10,5,-0.0326198443765,-0.0225034180489,0.000800289732038,0.000935279566743,-0.0545454545455,149,46538,-0.0399306300407,-0.0296309324293,-0.00146461483927,-0.00114529546859,-0.818181818182,248,70809
PRIMARY_VERIFIED,STRICT_SENSITIVITY,2023,2022,10,5,-0.037186783532,-0.0269548771342,-0.000614562493864,-0.000332876450155,-0.6,397,117347,-0.0164921474414,-0.0124206067942,0.00296878937185,0.00347577070548,-0.0181818181818,245,85368
PRIMARY_VERIFIED,STRICT_SENSITIVITY,2024,2023,10,5,-0.0292892977965,-0.0193660110878,0.000752916021867,0.00128373835954,-0.163636363636,642,202715,-0.0337692304255,-0.0272896083423,-0.00269341998338,-0.00239838328676,-0.612121212121,248,124387
PRIMARY_VERIFIED,STRICT_SENSITIVITY,2025,2024,10,5,-0.030537638574,-0.0223611827514,-0.000207411314427,-0.000113924920879,-0.648484848485,890,327102,-0.00979544784038,-0.0179914818705,-0.000528032010923,-0.000361407788645,-0.115151515152,248,118989
PRIMARY_VERIFIED,STRICT_SENSITIVITY,2026,2025,10,5,-0.0260173720521,-0.0219939856723,-0.00027728296006,-0.000192445907993,-0.733333333333,1138,446091,-0.00486145961116,0.016711995552,0.00274810219898,0.00301071057311,-0.0909090909091,127,67808
PRIMARY_VERIFIED,STRICT_SENSITIVITY,2021,2020,10,10,,,,,,0,0,-0.0265629098747,-0.0159233363931,-0.00014310181159,-4.44876923795e-05,0.115151515152,149,46412
PRIMARY_VERIFIED,STRICT_SENSITIVITY,2022,2021,10,10,-0.0265629098747,-0.0159233363931,-0.00014310181159,-4.44876923795e-05,0.115151515152,149,46412,-0.019149765649,-0.00739218664564,0.00248105059319,0.00276148063543,-0.224242424242,248,70634
PRIMARY_VERIFIED,STRICT_SENSITIVITY,2023,2022,10,10,-0.0219320288471,-0.00902546390188,0.00149616719694,0.0016341180957,-0.139393939394,397,117046,-0.00752991368563,-2.63423183009e-06,0.00438463010511,0.00455968259697,0.0787878787879,245,85148
PRIMARY_VERIFIED,STRICT_SENSITIVITY,2024,2023,10,10,-0.0164358945565,-0.00755235168105,0.00259846223199,0.00289976711372,0.0909090909091,642,202194,-0.0190372484472,-0.0130637967305,-0.000681633315239,-4.10510468278e-05,0.163636363636,248,123844
PRIMARY_VERIFIED,STRICT_SENSITIVITY,2025,2024,10,10,-0.0171607662024,-0.00775736530816,0.0016844580795,0.00178819649692,0.442424242424,890,326038,0.000414049088937,-0.00212310316582,0.00115958641562,0.00132234849638,0.648484848485,248,118628
PRIMARY_VERIFIED,STRICT_SENSITIVITY,2026,2025,10,10,-0.0133307537312,-0.00736708173356,0.0015700747995,0.00163798042733,0.515151515152,1138,444666,-0.0200967164612,-0.00926963656392,0.00390313192871,0.00518241214648,-0.224242424242,122,64616
PRIMARY_VERIFIED,STRICT_SENSITIVITY,2021,2020,10,20,,,,,,0,0,0.00181621068105,0.0154257999677,0.00133553861225,0.00163108515981,0.393939393939,149,46217
PRIMARY_VERIFIED,STRICT_SENSITIVITY,2022,2021,10,20,0.00181621068105,0.0154257999677,0.00133553861225,0.00163108515981,0.393939393939,149,46217,-0.00135475536038,0.0121113331967,0.0097780874078,0.0108087147007,0.50303030303,248,70293
PRIMARY_VERIFIED,STRICT_SENSITIVITY,2023,2022,10,20,-0.000164644679846,0.0150950710774,0.00660947337622,0.00713563351016,0.539393939394,397,116510,8.75650631134e-05,0.0059714631715,0.00641078902947,0.00738697413777,0.345454545455,245,84695
PRIMARY_VERIFIED,STRICT_SENSITIVITY,2024,2023,10,20,-6.83964134517e-05,0.0108677319106,0.00653365146819,0.00734315382417,0.830303030303,642,201205,-0.000860318473683,0.00887834984086,0.00471893542098,0.00627372714092,0.927272727273,248,122847
PRIMARY_VERIFIED,STRICT_SENSITIVITY,2025,2024,10,20,-0.000289066830235,0.0101100298736,0.00602797778312,0.0069639937187,0.854545454545,890,324052,-0.00447042871643,-0.000214492502796,0.00383407131454,0.00382228699102,0.563636363636,248,117946
PRIMARY_VERIFIED,STRICT_SENSITIVITY,2026,2025,10,20,-0.0012002950796,0.00728016292063,0.00554986811334,0.00605758823225,0.927272727273,1138,441998,-0.0393223683859,-0.0396095138983,0.000275616856481,0.00317611867069,-0.393939393939,112,58238
PRIMARY_VERIFIED,STRICT_SENSITIVITY,2021,2020,20,1,,,,,,0,0,-0.0283579862543,-0.0260220441819,0.000146539785045,0.000203970547584,0.563636363636,149,46525
PRIMARY_VERIFIED,STRICT_SENSITIVITY,2022,2021,20,1,-0.0283579862543,-0.0260220441819,0.000146539785045,0.000203970547584,0.563636363636,149,46525,-0.0233330701607,-0.0131264787796,0.000223461895175,0.00025628833053,-0.2,248,70753
PRIMARY_VERIFIED,STRICT_SENSITIVITY,2023,2022,20,1,-0.0252189958482,-0.0191000601807,0.000194591884068,0.000235580958002,0.636363636364,397,117278,-0.0172861759665,-0.00943820633679,0.000756851932832,0.000761438998129,0.709090909091,245,85392
PRIMARY_VERIFIED,STRICT_SENSITIVITY,2024,2023,20,1,-0.0221916736192,-0.0165973678256,0.000409161528846,0.000458729552151,0.733333333333,642,202670,-0.0176323600449,-0.0160571007621,0.000382628570984,0.000357351692159,0.539393939394,248,124422
PRIMARY_VERIFIED,STRICT_SENSITIVITY,2025,2024,20,1,-0.0209212132075,-0.0161990538956,0.000401768075419,0.000420711522641,0.830303030303,890,327092,-0.0105350086521,0.00592415273531,-0.000124061528683,-0.000101819718021,-0.563636363636,248,118885
PRIMARY_VERIFIED,STRICT_SENSITIVITY,2026,2025,20,1,-0.0186577872587,-0.0125781694578,0.000287176035158,0.000279611077083,0.69696969697,1138,445977,-0.0101055230243,-0.00765226679579,-0.000237673491836,-0.000100369154312,-0.29696969697,131,70208
PRIMARY_VERIFIED,STRICT_SENSITIVITY,2021,2020,20,2,,,,,,0,0,-0.0249362566318,-0.00380640572562,0.000393933490836,0.000467704869047,0.672727272727,149,46494
PRIMARY_VERIFIED,STRICT_SENSITIVITY,2022,2021,20,2,-0.0249362566318,-0.00380640572562,0.000393933490836,0.000467704869047,0.672727272727,149,46494,-0.0257244399402,-0.0113440469551,-9.82143319483e-05,-7.80038535467e-06,-0.551515151515,248,70714
PRIMARY_VERIFIED,STRICT_SENSITIVITY,2023,2022,20,2,-0.025428623031,-0.00920975340067,8.64960599783e-05,0.000179834984646,0.478787878788,397,117208,-0.0109507354095,-0.0127144811381,0.00133240909452,0.00135443171637,0.769696969697,245,85349
PRIMARY_VERIFIED,STRICT_SENSITIVITY,2024,2023,20,2,-0.0199035724589,-0.0100225404456,0.000561961314592,0.000678611736212,0.733333333333,642,202557,-0.0114754874539,-0.00908446529603,0.00108601573368,0.001071258682,0.745454545455,248,124304
PRIMARY_VERIFIED,STRICT_SENSITIVITY,2025,2024,20,2,-0.0175550723677,-0.0100225404456,0.000707989961708,0.000827944882511,0.90303030303,890,326861,-0.0113684166443,-0.00530963217939,-0.000104771801545,-4.51369466722e-05,-0.345454545455,248,118800
PRIMARY_VERIFIED,STRICT_SENSITIVITY,2026,2025,20,2,-0.01620683808,-0.00910806690597,0.000530867890279,0.000590886201001,0.842424242424,1138,445661,-0.0169719994059,0.00290992566928,-0.000705689905348,-0.000444238508665,-0.321212121212,130,69556
PRIMARY_VERIFIED,STRICT_SENSITIVITY,2021,2020,20,3,,,,,,0,0,-0.0202722660345,-0.0153098854587,0.000887282964411,0.000963702020652,0.721212121212,149,46459
PRIMARY_VERIFIED,STRICT_SENSITIVITY,2022,2021,20,3,-0.0202722660345,-0.0153098854587,0.000887282964411,0.000963702020652,0.721212121212,149,46459,-0.0269260804763,-0.0223242175292,0.000195544191521,0.000320071592136,-0.357575757576,248,70677
PRIMARY_VERIFIED,STRICT_SENSITIVITY,2023,2022,20,3,-0.0244288050309,-0.0181743906353,0.000455164033235,0.000571828757544,0.612121212121,397,117136,-0.00819140023671,-0.00497851625789,0.00211103889023,0.00219691237533,0.806060606061,245,85306
PRIMARY_VERIFIED,STRICT_SENSITIVITY,2024,2023,20,3,-0.018232287625,-0.0166794705958,0.00108707889299,0.00126382005396,0.757575757576,642,202442,-0.0076049327287,-0.00559043487824,0.00218259784865,0.0021898252088,0.842424242424,248,124186
PRIMARY_VERIFIED,STRICT_SENSITIVITY,2025,2024,20,3,-0.0152709572719,-0.0137596302093,0.00139234709637,0.00161547252674,0.939393939394,890,326628,-0.0113358566661,-0.0158879098515,-1.99999413945e-05,0.000103141221597,-0.345454545455,248,118716
PRIMARY_VERIFIED,STRICT_SENSITIVITY,2026,2025,20,3,-0.0144133958042,-0.0145218888571,0.00108455969271,0.00120490309652,0.842424242424,1138,445344,-0.0168224835864,0.000794520464341,-0.000284219630043,6.87036272987e-05,-0.175757575758,129,68909
PRIMARY_VERIFIED,STRICT_SENSITIVITY,2021,2020,20,5,,,,,,0,0,-0.00961466976608,0.00196873881398,0.00140868384972,0.0013990479975,0.660606060606,149,46394
PRIMARY_VERIFIED,STRICT_SENSITIVITY,2022,2021,20,5,-0.00961466976608,0.00196873881398,0.00140868384972,0.0013990479975,0.660606060606,149,46394,-0.0268487751169,-0.0130278337696,0.00132033819099,0.00158408618024,-0.236363636364,248,70605
PRIMARY_VERIFIED,STRICT_SENSITIVITY,2023,2022,20,5,-0.0203805592548,-0.00825203764044,0.00135349562966,0.00150094602749,0.818181818182,397,116999,-0.0027240536001,0.00559517438115,0.00322561739579,0.00345865042116,0.878787878788,245,85222
PRIMARY_VERIFIED,STRICT_SENSITIVITY,2024,2023,20,5,-0.0136424846669,-0.000200810806656,0.00206793462141,0.00234285200393,0.866666666667,642,202221,-0.00134579725783,0.00382290864918,0.00438078694784,0.00446645485334,0.854545454545,248,123952
PRIMARY_VERIFIED,STRICT_SENSITIVITY,2025,2024,20,5,-0.0102159919956,0.000482306957104,0.00271241482023,0.00314762170692,0.975757575758,890,326173,-0.0170912664145,-0.0239217608297,-0.000263714076699,-5.62992230735e-05,-0.648484848485,248,118557
PRIMARY_VERIFIED,STRICT_SENSITIVITY,2026,2025,20,5,-0.0117142943294,-0.00664538595078,0.00206383839981,0.00227867123204,0.854545454545,1138,444730,-0.0164389356308,0.00836544002019,0.000888256105499,0.00140528651407,-0.284848484848,127,67620
PRIMARY_VERIFIED,STRICT_SENSITIVITY,2021,2020,20,10,,,,,,0,0,0.00220309093593,0.012749046171,0.00260180779886,0.00245514893595,0.624242424242,149,46268
PRIMARY_VERIFIED,STRICT_SENSITIVITY,2022,2021,20,10,0.00220309093593,0.012749046171,0.00260180779886,0.00245514893595,0.624242424242,149,46268,-0.00588301757958,0.00446576761597,0.00677618595492,0.00712045766376,0.406060606061,248,70430
PRIMARY_VERIFIED,STRICT_SENSITIVITY,2023,2022,20,10,-0.00284818088233,0.00755189932019,0.0052094797956,0.00525295805842,0.90303030303,397,116698,0.00136111610344,0.00179531261491,0.00519219409358,0.00549864154995,0.672727272727,245,85002
PRIMARY_VERIFIED,STRICT_SENSITIVITY,2024,2023,20,10,-0.00124182922888,0.00537447025991,0.00520288322707,0.00539268769041,0.854545454545,642,201700,0.00572369632876,0.00926108306584,0.00967440513241,0.0102423580644,0.842424242424,248,123409
PRIMARY_VERIFIED,STRICT_SENSITIVITY,2025,2024,20,10,0.000699126207407,0.00604403796507,0.00644888034226,0.00722693679344,0.975757575758,890,325109,-0.0184757156553,-0.0196928444212,0.0014446498308,0.00168579900287,-0.442424242424,248,118196
PRIMARY_VERIFIED,STRICT_SENSITIVITY,2026,2025,20,10,-0.00347957395249,0.00311987520159,0.00535832747158,0.00571432750336,0.769696969697,1138,443305,-0.0254346619566,-0.0189087400829,0.00223411804365,0.00343522311476,-0.127272727273,122,64440
PRIMARY_VERIFIED,STRICT_SENSITIVITY,2021,2020,20,20,,,,,,0,0,0.00221583097929,0.0016073727136,0.00563977980482,0.00571419624796,0.50303030303,149,46073
PRIMARY_VERIFIED,STRICT_SENSITIVITY,2022,2021,20,20,0.00221583097929,0.0016073727136,0.00563977980482,0.00571419624796,0.50303030303,149,46073,-0.00177080345,0.00261397512831,0.0129763730465,0.0138013035626,0.490909090909,248,70089
PRIMARY_VERIFIED,STRICT_SENSITIVITY,2023,2022,20,20,-0.000274560301476,0.00165626325594,0.0102228405704,0.0105284417159,0.587878787879,397,116162,0.00816968678562,0.013202133769,0.00945659675378,0.0107648801483,0.672727272727,245,84549
PRIMARY_VERIFIED,STRICT_SENSITIVITY,2024,2023,20,20,0.00294793274578,0.00592169941325,0.00993042665285,0.0107107366226,0.878787878788,642,200711,0.00987000043898,0.0238080657194,0.0183193012755,0.0203384042512,0.927272727273,248,122413
PRIMARY_VERIFIED,STRICT_SENSITIVITY,2025,2024,20,20,0.0048767785749,0.010477849142,0.012268000705,0.0143648173466,0.927272727273,890,323124,-0.025591185312,-0.0311456622654,-0.00101195882003,-0.000919209963681,-0.709090909091,248,117514
PRIMARY_VERIFIED,STRICT_SENSITIVITY,2026,2025,20,20,-0.00176298859905,0.00394833783872,0.0093739497716,0.0101990026545,0.842424242424,1138,440638,-0.0244457647828,-0.0234145254611,0.00287627286161,0.00538714368957,0.0424242424242,112,58109
PRIMARY_VERIFIED,STRICT_SENSITIVITY,2021,2020,40,1,,,,,,0,0,-0.027435408072,-0.017845330935,9.00211047516e-05,0.000137520150894,0.551515151515,149,46152
PRIMARY_VERIFIED,STRICT_SENSITIVITY,2022,2021,40,1,-0.027435408072,-0.017845330935,9.00211047516e-05,0.000137520150894,0.551515151515,149,46152,-0.0162122764483,-0.00246699386944,0.000288736159172,0.000274107157356,0.0787878787879,248,70260
PRIMARY_VERIFIED,STRICT_SENSITIVITY,2023,2022,40,1,-0.0204244845388,-0.00589543065756,0.000214155446052,0.000220323996585,0.539393939394,397,116412,-0.0192167747912,-0.024175024286,0.000540808304284,0.000574353233893,0.781818181818,245,85021
PRIMARY_VERIFIED,STRICT_SENSITIVITY,2024,2023,40,1,-0.0199635984202,-0.0118465006032,0.000338812689458,0.000371362109118,0.709090909091,642,201433,-0.0122421379987,-0.0160140147583,0.000811110082404,0.000819102352218,0.636363636364,248,123386
PRIMARY_VERIFIED,STRICT_SENSITIVITY,2025,2024,40,1,-0.0178120004601,-0.0128230152549,0.000470419154009,0.000541791084059,0.781818181818,890,324819,-0.0162790186477,-0.0113401107502,-0.000680269324767,-0.000653398227208,-0.806060606061,248,117830
PRIMARY_VERIFIED,STRICT_SENSITIVITY,2026,2025,40,1,-0.01747792358,-0.0123928055288,0.00021965400222,0.000222539006393,0.333333333333,1138,442649,0.0156223976761,0.0157155445274,0.000954124503058,0.000997080141324,0.454545454545,131,69795
PRIMARY_VERIFIED,STRICT_SENSITIVITY,2021,2020,40,2,,,,,,0,0,-0.0231289090972,-0.01728966824,0.000317873788128,0.000399734624573,0.624242424242,149,46122
PRIMARY_VERIFIED,STRICT_SENSITIVITY,2022,2021,40,2,-0.0231289090972,-0.01728966824,0.000317873788128,0.000399734624573,0.624242424242,149,46122,-0.0149239165723,-0.00430482323936,0.00100623717935,0.000998027567056,0.0181818181818,248,70221
PRIMARY_VERIFIED,STRICT_SENSITIVITY,2023,2022,40,2,-0.018003372205,-0.0113826043238,0.00074788416854,0.000760821135563,0.442424242424,397,116343,-0.0122951708846,-0.0113178026306,0.00116846712133,0.00120098735524,0.842424242424,245,84978
PRIMARY_VERIFIED,STRICT_SENSITIVITY,2024,2023,40,2,-0.0158250087728,-0.0113502034772,0.000908387008779,0.000950664524078,0.721212121212,642,201321,-0.0045980880521,-0.00895630959912,0.00173849018478,0.00174845238826,0.854545454545,248,123269
PRIMARY_VERIFIED,STRICT_SENSITIVITY,2025,2024,40,2,-0.0126966083922,-0.0111985585609,0.00113969665782,0.00125371692892,0.878787878788,890,324590,-0.0190465617491,-0.0151982964762,-0.00133390077392,-0.00127958926219,-0.781818181818,248,117746
PRIMARY_VERIFIED,STRICT_SENSITIVITY,2026,2025,40,2,-0.0140804295104,-0.0115255941732,0.000600635003102,0.000576519798007,0.284848484848,1138,442336,0.0196056421322,0.0311438665569,0.00212238112859,0.002161451232,0.648484848485,130,69151
PRIMARY_VERIFIED,STRICT_SENSITIVITY,2021,2020,40,3,,,,,,0,0,-0.0208230309703,-0.0223814142062,0.000960206556337,0.00103381117535,0.551515151515,149,46088
PRIMARY_VERIFIED,STRICT_SENSITIVITY,2022,2021,40,3,-0.0208230309703,-0.0223814142062,0.000960206556337,0.00103381117535,0.551515151515,149,46088,-0.015271204109,-0.0102385247263,0.00198149431418,0.00197804075186,-0.0787878787879,248,70184
PRIMARY_VERIFIED,STRICT_SENSITIVITY,2023,2022,40,3,-0.0173548872383,-0.0153578313546,0.00159818984084,0.00160205548248,0.587878787879,397,116272,-0.0102387512666,-0.00589833610161,0.00192855646376,0.0020438623661,0.781818181818,245,84935
PRIMARY_VERIFIED,STRICT_SENSITIVITY,2024,2023,40,3,-0.0146392278721,-0.0144103279763,0.00172426433089,0.00179637760524,0.927272727273,642,201207,0.000862171402374,0.000347483424965,0.00283434719862,0.00288288232325,0.90303030303,248,123152
PRIMARY_VERIFIED,STRICT_SENSITIVITY,2025,2024,40,3,-0.0103197368383,-0.00988847106886,0.00203359079291,0.00220873705967,0.939393939394,890,324359,-0.020042668908,-0.0150442708772,-0.00169058353183,-0.00161611831793,-0.69696969697,248,117663
PRIMARY_VERIFIED,STRICT_SENSITIVITY,2026,2025,40,3,-0.0124386183439,-0.0108195111226,0.00122199568523,0.00118543948076,0.527272727273,1138,442022,0.0260360978467,0.0401227262945,0.00335027949985,0.00343403833105,0.50303030303,129,68512
PRIMARY_VERIFIED,STRICT_SENSITIVITY,2021,2020,40,5,,,,,,0,0,-0.0174727507418,-0.014002319567,0.00254920906219,0.00259183264675,0.636363636364,149,46023
PRIMARY_VERIFIED,STRICT_SENSITIVITY,2022,2021,40,5,-0.0174727507418,-0.014002319567,0.00254920906219,0.00259183264675,0.636363636364,149,46023,-0.0155900458094,-0.0134272488612,0.00438954202305,0.00435359168148,-0.030303030303,248,70112
PRIMARY_VERIFIED,STRICT_SENSITIVITY,2023,2022,40,5,-0.0162966529502,-0.014002319567,0.00369883771281,0.00364922690586,0.575757575758,397,116135,-0.00651565573261,-0.00246961609686,0.00388896360689,0.00436979313918,0.769696969697,245,84851
PRIMARY_VERIFIED,STRICT_SENSITIVITY,2024,2023,40,5,-0.0125640294015,-0.0131962034963,0.00377139354466,0.00397211587823,0.793939393939,642,200986,0.00705460588491,0.0121371508141,0.00464887729678,0.00481939514314,0.915151515152,248,122922
PRIMARY_VERIFIED,STRICT_SENSITIVITY,2025,2024,40,5,-0.0070972636138,-0.00261351746691,0.00401590587109,0.00429319351577,0.951515151515,890,323908,-0.0251137383188,-0.0136576290269,-0.00280585279828,-0.00263842790154,-0.636363636364,248,117504
PRIMARY_VERIFIED,STRICT_SENSITIVITY,2026,2025,40,5,-0.0110235252367,-0.00552681405696,0.00252926602048,0.00243793687715,0.660606060606,1138,441412,0.0311691314152,0.0482506300523,0.00541904414039,0.00565860449822,0.587878787879,127,67237
PRIMARY_VERIFIED,STRICT_SENSITIVITY,2021,2020,40,10,,,,,,0,0,-0.0183986061861,0.00100170563773,0.00538769660213,0.00541301523034,0.660606060606,149,45897
PRIMARY_VERIFIED,STRICT_SENSITIVITY,2022,2021,40,10,-0.0183986061861,0.00100170563773,0.00538769660213,0.00541301523034,0.660606060606,149,45897,-0.000396887668293,0.00632947629761,0.0103647859742,0.0103690543435,0.260606060606,248,69937
PRIMARY_VERIFIED,STRICT_SENSITIVITY,2023,2022,40,10,-0.00715320015988,0.00513569490665,0.00849681036606,0.00837678397345,0.527272727273,397,115834,0.00434708065182,0.0048422744282,0.00726411299048,0.00824047835291,0.927272727273,245,84631
PRIMARY_VERIFIED,STRICT_SENSITIVITY,2024,2023,40,10,-0.00276446371305,0.00498898466742,0.0080263884704,0.00836198901369,0.890909090909,642,200465,0.0137939130082,0.0116645844922,0.00784834628492,0.00841281572089,0.842424242424,248,122390
PRIMARY_VERIFIED,STRICT_SENSITIVITY,2025,2024,40,10,0.0018495558677,0.0072004646019,0.00797677671534,0.00838229353643,0.963636363636,890,322855,-0.0313646654503,-0.0307216851127,-0.00553560044983,-0.00527295839797,-0.50303030303,248,117143
PRIMARY_VERIFIED,STRICT_SENSITIVITY,2026,2025,40,10,-0.00538869271479,-0.000222379958405,0.005032075892,0.00472087765679,0.636363636364,1138,439998,0.0340615809359,0.0443989218074,0.00995874328994,0.0111568698982,0.612121212121,122,64086
PRIMARY_VERIFIED,STRICT_SENSITIVITY,2021,2020,40,20,,,,,,0,0,-0.00688678797109,-0.00640862096514,0.0122381096165,0.0129254766884,0.636363636364,149,45702
PRIMARY_VERIFIED,STRICT_SENSITIVITY,2022,2021,40,20,-0.00688678797109,-0.00640862096514,0.0122381096165,0.0129254766884,0.636363636364,149,45702,0.00129368186278,0.00362549512128,0.0184031212347,0.0194458114694,0.115151515152,248,69596
PRIMARY_VERIFIED,STRICT_SENSITIVITY,2023,2022,40,20,-0.0017765700396,0.000249822789157,0.0160893007533,0.016730354846,0.29696969697,397,115298,0.0219646572397,0.0295692806398,0.0171309885028,0.0195101237084,0.987878787879,245,84178
PRIMARY_VERIFIED,STRICT_SENSITIVITY,2024,2023,40,20,0.00728355563551,0.010403022989,0.0164868295674,0.0180363442506,0.951515151515,642,199476,0.0152140087908,0.034543224786,0.0149741822522,0.016237322561,0.890909090909,248,121410
PRIMARY_VERIFIED,STRICT_SENSITIVITY,2025,2024,40,20,0.00949338977316,0.0219649198126,0.0160653278436,0.0173775560391,0.927272727273,890,320886,-0.0468925921579,-0.0534119494294,-0.0113598026296,-0.011116965754,-0.648484848485,248,116461
PRIMARY_VERIFIED,STRICT_SENSITIVITY,2026,2025,40,20,-0.00279459222939,0.00747034893158,0.010088673751,0.00970250521052,0.757575757576,1138,437347,0.0476592477155,0.0692064060167,0.0160850560149,0.0186839141645,0.69696969697,112,57779
PRIMARY_VERIFIED,STRICT_SENSITIVITY,2021,2020,60,1,,,,,,0,0,-0.027413955806,-0.0173860692153,0.000644043583203,0.000686207561457,0.6,149,45801
PRIMARY_VERIFIED,STRICT_SENSITIVITY,2022,2021,60,1,-0.027413955806,-0.0173860692153,0.000644043583203,0.000686207561457,0.6,149,45801,-0.00870057123109,-0.0111399998051,0.000772375051225,0.000857331679099,0.29696969697,248,69701
PRIMARY_VERIFIED,STRICT_SENSITIVITY,2023,2022,60,1,-0.0157239825703,-0.0130001518788,0.000724210344083,0.000789861628345,0.430303030303,397,115502,-0.0135768395669,-0.0111302723237,0.00106151022826,0.00113440906667,0.927272727273,245,84740
PRIMARY_VERIFIED,STRICT_SENSITIVITY,2024,2023,60,1,-0.0149045899911,-0.0124010441507,0.000852930704866,0.000938040607952,0.757575757576,642,200242,-0.00788406630739,-0.00427810531183,0.000853434311198,0.000844767799725,0.830303030303,248,122279
PRIMARY_VERIFIED,STRICT_SENSITIVITY,2025,2024,60,1,-0.0129483092343,-0.0100506391289,0.000853071035619,0.000902757227413,0.793939393939,890,322521,-0.0165603264827,-0.010588495884,-0.00111243485257,-0.00104723554244,-0.806060606061,248,116636
PRIMARY_VERIFIED,STRICT_SENSITIVITY,2026,2025,60,1,-0.0137354623781,-0.0101601472437,0.000424735833271,0.000383964846673,0.333333333333,1138,439157,0.0239153099193,0.0215436399484,0.00110951829626,0.00115567590048,0.830303030303,131,69353
PRIMARY_VERIFIED,STRICT_SENSITIVITY,2021,2020,60,2,,,,,,0,0,-0.0235533168249,-0.018529598954,0.00131983833234,0.00146947372531,0.612121212121,149,45771
PRIMARY_VERIFIED,STRICT_SENSITIVITY,2022,2021,60,2,-0.0235533168249,-0.018529598954,0.00131983833234,0.00146947372531,0.612121212121,149,45771,-0.00594251837058,-0.00384799861476,0.00160709071463,0.00172549602901,0.309090909091,248,69662
PRIMARY_VERIFIED,STRICT_SENSITIVITY,2023,2022,60,2,-0.0125521127527,-0.011404548623,0.00149928062656,0.00162340437121,0.466666666667,397,115433,-0.0030437728485,0.00359947267786,0.00201376092002,0.00216568637504,0.927272727273,245,84697
PRIMARY_VERIFIED,STRICT_SENSITIVITY,2024,2023,60,2,-0.00892354067087,-0.00560495031239,0.0016956165641,0.00185833138748,0.793939393939,642,200130,-0.000172372891017,-0.00742900100279,0.00154374101743,0.00152297249458,0.854545454545,248,122167
PRIMARY_VERIFIED,STRICT_SENSITIVITY,2025,2024,60,2,-0.00648501301986,-0.00622459429853,0.00165329618705,0.00173123110143,0.806060606061,890,322297,-0.0203147180819,-0.00307656848841,-0.00211770280309,-0.00199241667994,-0.69696969697,248,116556
PRIMARY_VERIFIED,STRICT_SENSITIVITY,2026,2025,60,2,-0.00949886790158,-0.00586452342884,0.000831496758617,0.000740007353011,0.321212121212,1138,438853,0.0276520209444,0.0195092125976,0.00220364190626,0.00227694627055,0.769696969697,130,68713
PRIMARY_VERIFIED,STRICT_SENSITIVITY,2021,2020,60,3,,,,,,0,0,-0.02145140837,-0.0215660182907,0.00232061902872,0.00245824726563,0.648484848485,149,45737
PRIMARY_VERIFIED,STRICT_SENSITIVITY,2022,2021,60,3,-0.02145140837,-0.0215660182907,0.00232061902872,0.00245824726563,0.648484848485,149,45737,-0.00426377717756,0.00369399416579,0.002911619565,0.00305934745774,0.357575757576,248,69625
PRIMARY_VERIFIED,STRICT_SENSITIVITY,2023,2022,60,3,-0.0107145505974,-0.00863295882551,0.0026898082806,0.00281830863484,0.50303030303,397,115362,0.00114158607956,0.00663697716349,0.00321398303328,0.00352299145668,0.927272727273,245,84654
PRIMARY_VERIFIED,STRICT_SENSITIVITY,2024,2023,60,3,-0.00619001245743,-0.00385174610299,0.00288984381706,0.00312707361258,0.781818181818,642,200016,0.00395830629547,0.000673400532179,0.00263408785754,0.00262770362462,0.854545454545,248,122056
PRIMARY_VERIFIED,STRICT_SENSITIVITY,2025,2024,60,3,-0.00336216633302,-0.00380273566841,0.00281857698789,0.00293782119547,0.769696969697,890,322072,-0.0241584426101,-0.0077541089067,-0.00303136722497,-0.00284372658184,-0.757575757576,248,116476
PRIMARY_VERIFIED,STRICT_SENSITIVITY,2026,2025,60,3,-0.00789421951116,-0.00385174610299,0.00154372095556,0.00139780244216,0.442424242424,1138,438548,0.0351745336154,0.0383539784765,0.00311469924478,0.00323506151386,0.709090909091,129,68078
PRIMARY_VERIFIED,STRICT_SENSITIVITY,2021,2020,60,5,,,,,,0,0,-0.0165202323199,-0.0213431479845,0.00478381284907,0.00486280414974,0.539393939394,149,45672
PRIMARY_VERIFIED,STRICT_SENSITIVITY,2022,2021,60,5,-0.0165202323199,-0.0213431479845,0.00478381284907,0.00486280414974,0.539393939394,149,45672,-0.000653674411702,0.00247942145337,0.00558503391873,0.00582673884526,0.551515151515,248,69553
PRIMARY_VERIFIED,STRICT_SENSITIVITY,2023,2022,60,5,-0.00660862939489,-0.00567876028328,0.00528432374397,0.0054338118643,0.515151515152,397,115225,0.00770264976579,0.0130035554016,0.00618848199913,0.00680903523151,0.975757575758,245,84570
PRIMARY_VERIFIED,STRICT_SENSITIVITY,2024,2023,60,5,-0.00114715993326,0.000673004092529,0.00562936856097,0.00604290142439,0.757575757576,642,199795,0.00935251806139,0.00696521041398,0.00451430280494,0.00453198055832,0.939393939394,248,121836
PRIMARY_VERIFIED,STRICT_SENSITIVITY,2025,2024,60,5,0.00177859303604,0.00128715466561,0.00531865360873,0.00547096743903,0.90303030303,890,321631,-0.03245636611,-0.0218427168987,-0.00488895694877,-0.00462333694813,-0.69696969697,248,116321
PRIMARY_VERIFIED,STRICT_SENSITIVITY,2026,2025,60,5,-0.00568210104852,-0.00464569554486,0.00309414796878,0.0027798002014,0.721212121212,1138,437952,0.043237864658,0.0592915581517,0.0047159380689,0.00490763408656,0.69696969697,127,66811
PRIMARY_VERIFIED,STRICT_SENSITIVITY,2021,2020,60,10,,,,,,0,0,-0.0121077622066,-0.0195316526868,0.00886351380027,0.00906395860765,0.393939393939,149,45546
PRIMARY_VERIFIED,STRICT_SENSITIVITY,2022,2021,60,10,-0.0121077622066,-0.0195316526868,0.00886351380027,0.00906395860765,0.393939393939,149,45546,0.0190618032342,0.029717845009,0.0128342660516,0.0134572435108,0.781818181818,248,69380
PRIMARY_VERIFIED,STRICT_SENSITIVITY,2023,2022,60,10,0.00736340209899,0.0112643575042,0.0113439837205,0.0116744129157,0.769696969697,397,114926,0.0207049242743,0.031673584216,0.0119601401163,0.0127510932531,0.987878787879,245,84350
PRIMARY_VERIFIED,STRICT_SENSITIVITY,2024,2023,60,10,0.0124547929603,0.0168114862507,0.0115791212859,0.0122025070792,0.927272727273,642,199276,0.0164730034162,0.0134528436296,0.00893138210666,0.00891737589063,0.939393939394,248,121325
PRIMARY_VERIFIED,STRICT_SENSITIVITY,2025,2024,60,10,0.0135744740761,0.0159605131939,0.0108413243011,0.0109625150675,0.963636363636,890,320601,-0.0434583424435,-0.0341666201494,-0.00774508290341,-0.00759265481295,-0.648484848485,248,115966
PRIMARY_VERIFIED,STRICT_SENSITIVITY,2026,2025,60,10,0.00114552987852,0.00251203484741,0.00679085946216,0.00600914648137,0.757575757576,1138,436567,0.0431487777853,0.0460410794544,0.00770894215451,0.00842135831472,0.69696969697,122,63675
PRIMARY_VERIFIED,STRICT_SENSITIVITY,2021,2020,60,20,,,,,,0,0,0.0128697592233,0.0242989336601,0.0156751703556,0.016069685444,0.478787878788,149,45351
PRIMARY_VERIFIED,STRICT_SENSITIVITY,2022,2021,60,20,0.0128697592233,0.0242989336601,0.0156751703556,0.016069685444,0.478787878788,149,45351,0.0314827302433,0.0381192066529,0.0236540621503,0.025317371588,0.878787878788,248,69051
PRIMARY_VERIFIED,STRICT_SENSITIVITY,2023,2022,60,20,0.0244970056036,0.0325328596185,0.0206594654818,0.0214821334526,0.854545454545,397,114402,0.0408816297952,0.0456129390321,0.0239899042523,0.0259356822354,1,245,83897
PRIMARY_VERIFIED,STRICT_SENSITIVITY,2024,2023,60,20,0.0307497048667,0.036837030017,0.0219304273179,0.0235800817823,0.951515151515,642,198299,0.0114133868914,0.024581468043,0.0113417543104,0.0116633524921,0.987878787879,248,120374
PRIMARY_VERIFIED,STRICT_SENSITIVITY,2025,2024,60,20,0.0253616072736,0.0320626075969,0.0189798757383,0.0191159895739,0.987878787879,890,318673,-0.0624151318605,-0.0601093576153,-0.0118304810838,-0.0117434431577,-0.551515151515,248,115290
PRIMARY_VERIFIED,STRICT_SENSITIVITY,2026,2025,60,20,0.00623275726899,0.015514985055,0.0122654921777,0.0108396787111,0.963636363636,1138,433963,0.0480354518413,0.0650065938474,0.00929888989168,0.011256761643,0.721212121212,112,57390
BROAD_SENSITIVITY,STRICT_SENSITIVITY,2021,2020,5,1,,,,,,0,0,-0.0280824493435,-0.0298125403339,0.00071340713191,0.000721873387075,-0.260606060606,149,46741
BROAD_SENSITIVITY,STRICT_SENSITIVITY,2022,2021,5,1,-0.0280824493435,-0.0298125403339,0.00071340713191,0.000721873387075,-0.260606060606,149,46741,-0.0264075164775,-0.0210223784049,-0.00126683568608,-0.00122448603463,-0.672727272727,248,71050
BROAD_SENSITIVITY,STRICT_SENSITIVITY,2023,2022,5,1,-0.0270361436741,-0.0224632541795,-0.000523621127189,-0.000452900529243,-0.563636363636,397,117791,-0.0274223561259,-0.0240985197098,8.91519641746e-05,0.000116593639629,-0.10303030303,245,85609
BROAD_SENSITIVITY,STRICT_SENSITIVITY,2024,2023,5,1,-0.0271835300459,-0.023634802041,-0.000289774698242,-0.000212450764544,-0.406060606061,642,203400,-0.02729414711,-0.0207032895743,-0.000733318665339,-0.000662657173661,-0.527272727273,248,125062
BROAD_SENSITIVITY,STRICT_SENSITIVITY,2025,2024,5,1,-0.0272143536772,-0.0229362802885,-0.000413368972219,-0.000383393271248,-0.563636363636,890,328462,-0.0237094715421,-0.00894811974324,-0.000785529255085,-0.000746284958118,-0.745454545455,248,119522
BROAD_SENSITIVITY,STRICT_SENSITIVITY,2026,2025,5,1,-0.0264505480801,-0.0203716776504,-0.000494472443353,-0.000482639606252,-0.866666666667,1138,447984,-0.0105738868063,-0.00753160112459,-1.63923734652e-06,-3.31895923971e-05,-0.0787878787879,171,94785
BROAD_SENSITIVITY,STRICT_SENSITIVITY,2021,2020,5,2,,,,,,0,0,-0.0406834488207,-0.0350450433512,0.000233751328433,0.000273547795906,-0.29696969697,149,46709
BROAD_SENSITIVITY,STRICT_SENSITIVITY,2022,2021,5,2,-0.0406834488207,-0.0350450433512,0.000233751328433,0.000273547795906,-0.29696969697,149,46709,-0.0406791717199,-0.0357005663025,-0.00311145711694,-0.00297799656021,-0.951515151515,248,71011
BROAD_SENSITIVITY,STRICT_SENSITIVITY,2023,2022,5,2,-0.0406807769794,-0.0350450433512,-0.00185595067271,-0.00169336405976,-0.987878787879,397,117720,-0.0329588881036,-0.0228068399348,-0.000269301448415,-0.000188432849234,-0.284848484848,245,85565
BROAD_SENSITIVITY,STRICT_SENSITIVITY,2024,2023,5,2,-0.0377339502277,-0.0291527992013,-0.00125045369459,-0.00105812662933,-0.854545454545,642,203285,-0.0309522615689,-0.0230382057292,-0.000718470189625,-0.000584242296162,-0.684848484848,248,124944
BROAD_SENSITIVITY,STRICT_SENSITIVITY,2025,2024,5,2,-0.0358442212531,-0.0278968060024,-0.00110221559433,-0.000877260367946,-0.90303030303,890,328229,-0.0299173818427,-0.0238358047681,-0.00154933705276,-0.00146568938908,-0.721212121212,248,119436
BROAD_SENSITIVITY,STRICT_SENSITIVITY,2026,2025,5,2,-0.0345526077437,-0.0267781955925,-0.00119965506857,-0.00103881194927,-0.951515151515,1138,447665,-0.0137629800035,-0.0162354391809,-0.000214300514896,-0.000247181940569,-0.357575757576,170,94119
BROAD_SENSITIVITY,STRICT_SENSITIVITY,2021,2020,5,3,,,,,,0,0,-0.0416027072169,-0.0396962506118,-0.000548958086172,-0.000481869227086,-0.478787878788,149,46674
BROAD_SENSITIVITY,STRICT_SENSITIVITY,2022,2021,5,3,-0.0416027072169,-0.0396962506118,-0.000548958086172,-0.000481869227086,-0.478787878788,149,46674,-0.0500143372833,-0.0418905747121,-0.00434578127488,-0.00415190154103,-0.951515151515,248,70974
BROAD_SENSITIVITY,STRICT_SENSITIVITY,2023,2022,5,3,-0.0468573275103,-0.0405399466792,-0.00292077710582,-0.00270802313336,-0.951515151515,397,117648,-0.0298876379651,-0.0200892662792,0.000250575458953,0.000510964326535,-0.115151515152,245,85521
BROAD_SENSITIVITY,STRICT_SENSITIVITY,2024,2023,5,3,-0.0403813556434,-0.0340816542729,-0.00171052573764,-0.00134902106509,-0.90303030303,642,203169,-0.0292656905564,-0.0169905705496,-0.000620485368828,-0.000491321646286,-0.527272727273,248,124826
BROAD_SENSITIVITY,STRICT_SENSITIVITY,2025,2024,5,3,-0.0372839568326,-0.0296569099285,-0.00140678415173,-0.00102204858677,-0.890909090909,890,327995,-0.0317297739444,-0.0183344661966,-0.00225436781752,-0.00208351774423,-0.806060606061,248,119352
BROAD_SENSITIVITY,STRICT_SENSITIVITY,2026,2025,5,3,-0.0360735549378,-0.025280353505,-0.00159149482758,-0.00131223921039,-0.927272727273,1138,447347,-0.0104489041236,-0.00575048594944,0.000242705322741,0.000173855076297,-0.115151515152,169,93465
BROAD_SENSITIVITY,STRICT_SENSITIVITY,2021,2020,5,5,,,,,,0,0,-0.0391237617566,-0.0347829301473,-0.000893733822608,-0.000792544083886,-0.575757575758,149,46608
BROAD_SENSITIVITY,STRICT_SENSITIVITY,2022,2021,5,5,-0.0391237617566,-0.0347829301473,-0.000893733822608,-0.000792544083886,-0.575757575758,149,46608,-0.0553925663626,-0.0517573229221,-0.00646216667849,-0.00614710749889,-0.951515151515,248,70902
BROAD_SENSITIVITY,STRICT_SENSITIVITY,2023,2022,5,5,-0.0492866422158,-0.0471992586743,-0.00437225107263,-0.00405047154358,-0.963636363636,397,117510,-0.0259976170851,-0.0217523514902,0.00204157779376,0.0025747874065,-0.115151515152,245,85436
BROAD_SENSITIVITY,STRICT_SENSITIVITY,2024,2023,5,5,-0.0403990858964,-0.0324309186346,-0.00192460610025,-0.00125195830655,-0.866666666667,642,202946,-0.0318590231862,-0.0186672627857,-0.00218162605199,-0.00194190434358,-0.757575757576,248,124592
BROAD_SENSITIVITY,STRICT_SENSITIVITY,2025,2024,5,5,-0.0380193830288,-0.0302546337756,-0.00199622514298,-0.00151437620508,-0.806060606061,890,327538,-0.0314124939604,-0.0258194659428,-0.00291835941193,-0.00262485222732,-0.90303030303,248,119193
BROAD_SENSITIVITY,STRICT_SENSITIVITY,2026,2025,5,5,-0.0365795688909,-0.0292710292765,-0.00219718234746,-0.00182207338636,-0.90303030303,1138,446731,-0.0053787393709,-0.00427859739447,0.00114428677997,0.00100214073839,-0.030303030303,167,92150
BROAD_SENSITIVITY,STRICT_SENSITIVITY,2021,2020,5,10,,,,,,0,0,-0.0314857270675,-0.0372222016404,-0.00262319526774,-0.00259465119371,-0.284848484848,149,46482
BROAD_SENSITIVITY,STRICT_SENSITIVITY,2022,2021,5,10,-0.0314857270675,-0.0372222016404,-0.00262319526774,-0.00259465119371,-0.284848484848,149,46482,-0.0350506881768,-0.0278757835147,-0.0058450240179,-0.00567257305528,-0.854545454545,248,70727
BROAD_SENSITIVITY,STRICT_SENSITIVITY,2023,2022,5,10,-0.033712705292,-0.031765735333,-0.00463582380689,-0.00449282703011,-0.684848484848,397,117209,-0.0199229267879,-0.0175753133531,0.002487146518,0.00294079373222,-0.127272727273,245,85216
BROAD_SENSITIVITY,STRICT_SENSITIVITY,2024,2023,5,10,-0.0284502508784,-0.0267593187976,-0.0019175563153,-0.00134546689706,-0.781818181818,642,202425,-0.0287130930036,-0.0133562399056,-0.00333282402113,-0.00273735540817,-0.636363636364,248,124049
BROAD_SENSITIVITY,STRICT_SENSITIVITY,2025,2024,5,10,-0.0285234922796,-0.0225718343883,-0.00231192304681,-0.00187444763237,-0.878787878788,890,326474,-0.010768823023,-0.0086082331289,-0.000176474812112,-1.92289597507e-05,-0.309090909091,248,118832
BROAD_SENSITIVITY,STRICT_SENSITIVITY,2026,2025,5,10,-0.0246542849196,-0.0201271014736,-0.001846552957,-0.00140057893186,-0.866666666667,1138,445306,-0.00267053368244,0.00915099674833,0.00366651050205,0.00405930932665,0.357575757576,162,88855
BROAD_SENSITIVITY,STRICT_SENSITIVITY,2021,2020,5,20,,,,,,0,0,-0.0146670725984,-0.00386198309554,-0.00217782332757,-0.00192790900804,-0.0787878787879,149,46287
BROAD_SENSITIVITY,STRICT_SENSITIVITY,2022,2021,5,20,-0.0146670725984,-0.00386198309554,-0.00217782332757,-0.00192790900804,-0.0787878787879,149,46287,-0.0191207427487,-0.00256431260553,-0.00142611938046,-0.000623468201771,-0.466666666667,248,70386
BROAD_SENSITIVITY,STRICT_SENSITIVITY,2023,2022,5,20,-0.0174492141532,-0.00317435086059,-0.00170824504323,-0.00120604281843,-0.418181818182,397,116673,-0.00330389543933,-0.0032378016224,0.00337221597241,0.0043302077775,0.0545454545455,245,84763
BROAD_SENSITIVITY,STRICT_SENSITIVITY,2024,2023,5,20,-0.012051078507,-0.00320607624149,0.000230560173017,0.00120708435226,-0.0545454545455,642,201436,-0.00106407774621,0.0113527603626,0.0014121297806,0.00241911549383,0.69696969697,248,123052
BROAD_SENSITIVITY,STRICT_SENSITIVITY,2025,2024,5,20,-0.00898953222755,0.0017606977715,0.00055980653558,0.00167231381914,0.369696969697,890,324488,-0.00716442726768,-0.0108006658352,0.00291260702533,0.00289616356321,0.357575757576,248,118150
BROAD_SENSITIVITY,STRICT_SENSITIVITY,2026,2025,5,20,-0.00859179406407,-0.000888118042198,0.00107254337342,0.00195270579852,0.393939393939,1138,442638,-0.0229402065104,-0.00605906139713,-0.00440426348532,-0.00347263906103,-0.575757575758,152,82278
BROAD_SENSITIVITY,STRICT_SENSITIVITY,2021,2020,10,1,,,,,,0,0,-0.030625616904,-0.0298182417997,-0.000225725926073,-0.000176242106558,0.139393939394,149,46671
BROAD_SENSITIVITY,STRICT_SENSITIVITY,2022,2021,10,1,-0.030625616904,-0.0298182417997,-0.000225725926073,-0.000176242106558,0.139393939394,149,46671,-0.0317274658219,-0.0225203516996,-0.000872091672762,-0.000822176803423,-0.842424242424,248,70957
BROAD_SENSITIVITY,STRICT_SENSITIVITY,2023,2022,10,1,-0.0313139255479,-0.0268905102272,-0.00062950100209,-0.00056593726189,-0.69696969697,397,117628,-0.0238910432709,-0.0159939248788,0.000389177600647,0.000454482011477,-0.212121212121,245,85541
BROAD_SENSITIVITY,STRICT_SENSITIVITY,2024,2023,10,1,-0.0284812056758,-0.022209419502,-0.000240752937183,-0.000134926511841,-0.563636363636,642,203169,-0.0331320027504,-0.0332370462421,-0.00125148587302,-0.00123306981046,-0.575757575758,248,124857
BROAD_SENSITIVITY,STRICT_SENSITIVITY,2025,2024,10,1,-0.0297771581191,-0.0264816235531,-0.000522395373236,-0.000552701070453,-0.757575757576,890,328026,-0.0117530250549,-0.00729409169024,-0.000351552435688,-0.000320493171847,-0.612121212121,248,119318
BROAD_SENSITIVITY,STRICT_SENSITIVITY,2026,2025,10,1,-0.0258492275392,-0.0218501645982,-0.000485164223401,-0.000492751921107,-0.854545454545,1138,447344,-0.0065463801171,-0.000275252875371,0.000229102513436,0.000290413932002,0.139393939394,171,94689
BROAD_SENSITIVITY,STRICT_SENSITIVITY,2021,2020,10,2,,,,,,0,0,-0.03664727352,-0.0274550535879,-0.000702182455434,-0.000616619200244,-0.139393939394,149,46639
BROAD_SENSITIVITY,STRICT_SENSITIVITY,2022,2021,10,2,-0.03664727352,-0.0274550535879,-0.000702182455434,-0.000616619200244,-0.139393939394,149,46639,-0.0408292157058,-0.0296758891552,-0.00168771612763,-0.00155087856347,-0.878787878788,248,70918
BROAD_SENSITIVITY,STRICT_SENSITIVITY,2023,2022,10,2,-0.0392596706537,-0.0289554846762,-0.00131783069398,-0.00118201448529,-0.830303030303,397,117557,-0.0243819401674,-0.0244261515122,0.000713279702485,0.000885982146196,-0.357575757576,245,85497
BROAD_SENSITIVITY,STRICT_SENSITIVITY,2024,2023,10,2,-0.0335820320725,-0.0272453113969,-0.000542718471032,-0.000308638284941,-0.69696969697,642,203054,-0.0378245556887,-0.0292362594259,-0.0026839451999,-0.00261943349669,-0.515151515152,248,124739
BROAD_SENSITIVITY,STRICT_SENSITIVITY,2025,2024,10,2,-0.0347642184284,-0.0279769915716,-0.00113937490784,-0.0011878543554,-0.939393939394,890,327793,-0.0124462645656,-0.00568760550123,-0.000767733513463,-0.000717251976499,-0.248484848485,248,119232
BROAD_SENSITIVITY,STRICT_SENSITIVITY,2026,2025,10,2,-0.0299005518573,-0.0238688248215,-0.0010583845161,-0.00106687003459,-0.915151515152,1138,447025,-0.00786160726791,0.0060840818956,0.000626803206552,0.000726900254118,0.284848484848,170,94023
BROAD_SENSITIVITY,STRICT_SENSITIVITY,2021,2020,10,3,,,,,,0,0,-0.0364292979878,-0.0384875709331,-0.000212229018983,-0.00011473322557,-0.212121212121,149,46604
BROAD_SENSITIVITY,STRICT_SENSITIVITY,2022,2021,10,3,-0.0364292979878,-0.0384875709331,-0.000212229018983,-0.00011473322557,-0.212121212121,149,46604,-0.0427546470447,-0.0323094932553,-0.00206851995017,-0.00188151018358,-0.890909090909,248,70881
BROAD_SENSITIVITY,STRICT_SENSITIVITY,2023,2022,10,3,-0.0403806495397,-0.0337907484748,-0.0013718263765,-0.00118546068013,-0.818181818182,397,117485,-0.0226172214781,-0.0209960416727,0.00157857356284,0.00190074474248,-0.309090909091,245,85453
BROAD_SENSITIVITY,STRICT_SENSITIVITY,2024,2023,10,3,-0.0336017712296,-0.0285244871496,-0.000245894935476,0.00011904111874,-0.515151515152,642,202938,-0.0377488325198,-0.0310984990931,-0.00303114195028,-0.00290744229947,-0.466666666667,248,124621
BROAD_SENSITIVITY,STRICT_SENSITIVITY,2025,2024,10,3,-0.0347573568475,-0.029950613657,-0.00102200871039,-0.00103139824795,-0.90303030303,890,327559,-0.0108858004612,0.000591366362026,-0.000719249731939,-0.000606399526302,0.0181818181818,248,119148
BROAD_SENSITIVITY,STRICT_SENSITIVITY,2026,2025,10,3,-0.0295551196034,-0.0225794282694,-0.00095602960085,-0.00092519629556,-0.927272727273,1138,446707,-0.00287037122052,0.0144287531826,0.00221139859448,0.0023541991089,0.29696969697,169,93369
BROAD_SENSITIVITY,STRICT_SENSITIVITY,2021,2020,10,5,,,,,,0,0,-0.0326198443765,-0.0225034180489,0.000800289732038,0.000935279566743,-0.0545454545455,149,46538
BROAD_SENSITIVITY,STRICT_SENSITIVITY,2022,2021,10,5,-0.0326198443765,-0.0225034180489,0.000800289732038,0.000935279566743,-0.0545454545455,149,46538,-0.0399306300407,-0.0296309324293,-0.00146461483927,-0.00114529546859,-0.818181818182,248,70809
BROAD_SENSITIVITY,STRICT_SENSITIVITY,2023,2022,10,5,-0.037186783532,-0.0269548771342,-0.000614562493864,-0.000332876450155,-0.6,397,117347,-0.0164921474414,-0.0124206067942,0.00296878937185,0.00347577070548,-0.0181818181818,245,85368
BROAD_SENSITIVITY,STRICT_SENSITIVITY,2024,2023,10,5,-0.0292892977965,-0.0193660110878,0.000752916021867,0.00128373835954,-0.163636363636,642,202715,-0.0337692304255,-0.0272896083423,-0.00269341998338,-0.00239838328676,-0.612121212121,248,124387
BROAD_SENSITIVITY,STRICT_SENSITIVITY,2025,2024,10,5,-0.030537638574,-0.0223611827514,-0.000207411314427,-0.000113924920879,-0.648484848485,890,327102,-0.00979544784038,-0.0179914818705,-0.000528032010923,-0.000361407788645,-0.115151515152,248,118989
BROAD_SENSITIVITY,STRICT_SENSITIVITY,2026,2025,10,5,-0.0260173720521,-0.0219939856723,-0.00027728296006,-0.000192445907993,-0.733333333333,1138,446091,0.00194791977254,0.019498274992,0.00423066574992,0.00457824120631,0.272727272727,167,92054
BROAD_SENSITIVITY,STRICT_SENSITIVITY,2021,2020,10,10,,,,,,0,0,-0.0265629098747,-0.0159233363931,-0.00014310181159,-4.44876923795e-05,0.115151515152,149,46412
BROAD_SENSITIVITY,STRICT_SENSITIVITY,2022,2021,10,10,-0.0265629098747,-0.0159233363931,-0.00014310181159,-4.44876923795e-05,0.115151515152,149,46412,-0.019149765649,-0.00739218664564,0.00248105059319,0.00276148063543,-0.224242424242,248,70634
BROAD_SENSITIVITY,STRICT_SENSITIVITY,2023,2022,10,10,-0.0219320288471,-0.00902546390188,0.00149616719694,0.0016341180957,-0.139393939394,397,117046,-0.00752991368563,-2.63423183009e-06,0.00438463010511,0.00455968259697,0.0787878787879,245,85148
BROAD_SENSITIVITY,STRICT_SENSITIVITY,2024,2023,10,10,-0.0164358945565,-0.00755235168105,0.00259846223199,0.00289976711372,0.0909090909091,642,202194,-0.0190372484472,-0.0130637967305,-0.000681633315239,-4.10510468278e-05,0.163636363636,248,123844
BROAD_SENSITIVITY,STRICT_SENSITIVITY,2025,2024,10,10,-0.0171607662024,-0.00775736530816,0.0016844580795,0.00178819649692,0.442424242424,890,326038,0.000414049088937,-0.00212310316582,0.00115958641562,0.00132234849638,0.648484848485,248,118628
BROAD_SENSITIVITY,STRICT_SENSITIVITY,2026,2025,10,10,-0.0133307537312,-0.00736708173356,0.0015700747995,0.00163798042733,0.515151515152,1138,444666,-0.00513890650377,0.00328758929776,0.0057766000467,0.00692549554596,0.10303030303,162,88759
BROAD_SENSITIVITY,STRICT_SENSITIVITY,2021,2020,10,20,,,,,,0,0,0.00181621068105,0.0154257999677,0.00133553861225,0.00163108515981,0.393939393939,149,46217
BROAD_SENSITIVITY,STRICT_SENSITIVITY,2022,2021,10,20,0.00181621068105,0.0154257999677,0.00133553861225,0.00163108515981,0.393939393939,149,46217,-0.00135475536038,0.0121113331967,0.0097780874078,0.0108087147007,0.50303030303,248,70293
BROAD_SENSITIVITY,STRICT_SENSITIVITY,2023,2022,10,20,-0.000164644679846,0.0150950710774,0.00660947337622,0.00713563351016,0.539393939394,397,116510,8.75650631134e-05,0.0059714631715,0.00641078902947,0.00738697413777,0.345454545455,245,84695
BROAD_SENSITIVITY,STRICT_SENSITIVITY,2024,2023,10,20,-6.83964134517e-05,0.0108677319106,0.00653365146819,0.00734315382417,0.830303030303,642,201205,-0.000860318473683,0.00887834984086,0.00471893542098,0.00627372714092,0.927272727273,248,122847
BROAD_SENSITIVITY,STRICT_SENSITIVITY,2025,2024,10,20,-0.000289066830235,0.0101100298736,0.00602797778312,0.0069639937187,0.854545454545,890,324052,-0.00447042871643,-0.000214492502796,0.00383407131454,0.00382228699102,0.563636363636,248,117946
BROAD_SENSITIVITY,STRICT_SENSITIVITY,2026,2025,10,20,-0.0012002950796,0.00728016292063,0.00554986811334,0.00605758823225,0.927272727273,1138,441998,-0.0337244736625,-0.0336528043112,-0.00195193375848,-0.00027053630061,-0.648484848485,152,82182
BROAD_SENSITIVITY,STRICT_SENSITIVITY,2021,2020,20,1,,,,,,0,0,-0.0283579862543,-0.0260220441819,0.000146539785045,0.000203970547584,0.563636363636,149,46525
BROAD_SENSITIVITY,STRICT_SENSITIVITY,2022,2021,20,1,-0.0283579862543,-0.0260220441819,0.000146539785045,0.000203970547584,0.563636363636,149,46525,-0.0233330701607,-0.0131264787796,0.000223461895175,0.00025628833053,-0.2,248,70753
BROAD_SENSITIVITY,STRICT_SENSITIVITY,2023,2022,20,1,-0.0252189958482,-0.0191000601807,0.000194591884068,0.000235580958002,0.636363636364,397,117278,-0.0172861759665,-0.00943820633679,0.000756851932832,0.000761438998129,0.709090909091,245,85392
BROAD_SENSITIVITY,STRICT_SENSITIVITY,2024,2023,20,1,-0.0221916736192,-0.0165973678256,0.000409161528846,0.000458729552151,0.733333333333,642,202670,-0.0176323600449,-0.0160571007621,0.000382628570984,0.000357351692159,0.539393939394,248,124422
BROAD_SENSITIVITY,STRICT_SENSITIVITY,2025,2024,20,1,-0.0209212132075,-0.0161990538956,0.000401768075419,0.000420711522641,0.830303030303,890,327092,-0.0105350086521,0.00592415273531,-0.000124061528683,-0.000101819718021,-0.563636363636,248,118885
BROAD_SENSITIVITY,STRICT_SENSITIVITY,2026,2025,20,1,-0.0186577872587,-0.0125781694578,0.000287176035158,0.000279611077083,0.69696969697,1138,445977,-0.0108997233989,-0.00955132254646,-0.000149125028562,-3.87637160339e-05,-0.0787878787879,171,94454
BROAD_SENSITIVITY,STRICT_SENSITIVITY,2021,2020,20,2,,,,,,0,0,-0.0249362566318,-0.00380640572562,0.000393933490836,0.000467704869047,0.672727272727,149,46494
BROAD_SENSITIVITY,STRICT_SENSITIVITY,2022,2021,20,2,-0.0249362566318,-0.00380640572562,0.000393933490836,0.000467704869047,0.672727272727,149,46494,-0.0257244399402,-0.0113440469551,-9.82143319483e-05,-7.80038535467e-06,-0.551515151515,248,70714
BROAD_SENSITIVITY,STRICT_SENSITIVITY,2023,2022,20,2,-0.025428623031,-0.00920975340067,8.64960599783e-05,0.000179834984646,0.478787878788,397,117208,-0.0109507354095,-0.0127144811381,0.00133240909452,0.00135443171637,0.769696969697,245,85349
BROAD_SENSITIVITY,STRICT_SENSITIVITY,2024,2023,20,2,-0.0199035724589,-0.0100225404456,0.000561961314592,0.000678611736212,0.733333333333,642,202557,-0.0114754874539,-0.00908446529603,0.00108601573368,0.001071258682,0.745454545455,248,124304
BROAD_SENSITIVITY,STRICT_SENSITIVITY,2025,2024,20,2,-0.0175550723677,-0.0100225404456,0.000707989961708,0.000827944882511,0.90303030303,890,326861,-0.0113684166443,-0.00530963217939,-0.000104771801545,-4.51369466722e-05,-0.345454545455,248,118800
BROAD_SENSITIVITY,STRICT_SENSITIVITY,2026,2025,20,2,-0.01620683808,-0.00910806690597,0.000530867890279,0.000590886201001,0.842424242424,1138,445661,-0.0146308719256,-0.000193620417366,-0.000413179865854,-0.000181154913634,-0.0545454545455,170,93789
BROAD_SENSITIVITY,STRICT_SENSITIVITY,2021,2020,20,3,,,,,,0,0,-0.0202722660345,-0.0153098854587,0.000887282964411,0.000963702020652,0.721212121212,149,46459
BROAD_SENSITIVITY,STRICT_SENSITIVITY,2022,2021,20,3,-0.0202722660345,-0.0153098854587,0.000887282964411,0.000963702020652,0.721212121212,149,46459,-0.0269260804763,-0.0223242175292,0.000195544191521,0.000320071592136,-0.357575757576,248,70677
BROAD_SENSITIVITY,STRICT_SENSITIVITY,2023,2022,20,3,-0.0244288050309,-0.0181743906353,0.000455164033235,0.000571828757544,0.612121212121,397,117136,-0.00819140023671,-0.00497851625789,0.00211103889023,0.00219691237533,0.806060606061,245,85306
BROAD_SENSITIVITY,STRICT_SENSITIVITY,2024,2023,20,3,-0.018232287625,-0.0166794705958,0.00108707889299,0.00126382005396,0.757575757576,642,202442,-0.0076049327287,-0.00559043487824,0.00218259784865,0.0021898252088,0.842424242424,248,124186
BROAD_SENSITIVITY,STRICT_SENSITIVITY,2025,2024,20,3,-0.0152709572719,-0.0137596302093,0.00139234709637,0.00161547252674,0.939393939394,890,326628,-0.0113358566661,-0.0158879098515,-1.99999413945e-05,0.000103141221597,-0.345454545455,248,118716
BROAD_SENSITIVITY,STRICT_SENSITIVITY,2026,2025,20,3,-0.0144133958042,-0.0145218888571,0.00108455969271,0.00120490309652,0.842424242424,1138,445344,-0.0126023712448,0.000975398285254,-2.44253846965e-05,0.000280247077969,0.163636363636,169,93135
BROAD_SENSITIVITY,STRICT_SENSITIVITY,2021,2020,20,5,,,,,,0,0,-0.00961466976608,0.00196873881398,0.00140868384972,0.0013990479975,0.660606060606,149,46394
BROAD_SENSITIVITY,STRICT_SENSITIVITY,2022,2021,20,5,-0.00961466976608,0.00196873881398,0.00140868384972,0.0013990479975,0.660606060606,149,46394,-0.0268487751169,-0.0130278337696,0.00132033819099,0.00158408618024,-0.236363636364,248,70605
BROAD_SENSITIVITY,STRICT_SENSITIVITY,2023,2022,20,5,-0.0203805592548,-0.00825203764044,0.00135349562966,0.00150094602749,0.818181818182,397,116999,-0.0027240536001,0.00559517438115,0.00322561739579,0.00345865042116,0.878787878788,245,85222
BROAD_SENSITIVITY,STRICT_SENSITIVITY,2024,2023,20,5,-0.0136424846669,-0.000200810806656,0.00206793462141,0.00234285200393,0.866666666667,642,202221,-0.00134579725783,0.00382290864918,0.00438078694784,0.00446645485334,0.854545454545,248,123952
BROAD_SENSITIVITY,STRICT_SENSITIVITY,2025,2024,20,5,-0.0102159919956,0.000482306957104,0.00271241482023,0.00314762170692,0.975757575758,890,326173,-0.0170912664145,-0.0239217608297,-0.000263714076699,-5.62992230735e-05,-0.648484848485,248,118557
BROAD_SENSITIVITY,STRICT_SENSITIVITY,2026,2025,20,5,-0.0117142943294,-0.00664538595078,0.00206383839981,0.00227867123204,0.854545454545,1138,444730,-0.0110227719087,0.0125013205299,0.000669655526292,0.00105867724584,0.442424242424,167,91823
BROAD_SENSITIVITY,STRICT_SENSITIVITY,2021,2020,20,10,,,,,,0,0,0.00220309093593,0.012749046171,0.00260180779886,0.00245514893595,0.624242424242,149,46268
BROAD_SENSITIVITY,STRICT_SENSITIVITY,2022,2021,20,10,0.00220309093593,0.012749046171,0.00260180779886,0.00245514893595,0.624242424242,149,46268,-0.00588301757958,0.00446576761597,0.00677618595492,0.00712045766376,0.406060606061,248,70430
BROAD_SENSITIVITY,STRICT_SENSITIVITY,2023,2022,20,10,-0.00284818088233,0.00755189932019,0.0052094797956,0.00525295805842,0.90303030303,397,116698,0.00136111610344,0.00179531261491,0.00519219409358,0.00549864154995,0.672727272727,245,85002
BROAD_SENSITIVITY,STRICT_SENSITIVITY,2024,2023,20,10,-0.00124182922888,0.00537447025991,0.00520288322707,0.00539268769041,0.854545454545,642,201700,0.00572369632876,0.00926108306584,0.00967440513241,0.0102423580644,0.842424242424,248,123409
BROAD_SENSITIVITY,STRICT_SENSITIVITY,2025,2024,20,10,0.000699126207407,0.00604403796507,0.00644888034226,0.00722693679344,0.975757575758,890,325109,-0.0184757156553,-0.0196928444212,0.0014446498308,0.00168579900287,-0.442424242424,248,118196
BROAD_SENSITIVITY,STRICT_SENSITIVITY,2026,2025,20,10,-0.00347957395249,0.00311987520159,0.00535832747158,0.00571432750336,0.769696969697,1138,443305,-0.0214708026298,-0.0111326345341,0.000558023139715,0.00126727585336,0.260606060606,162,88529
BROAD_SENSITIVITY,STRICT_SENSITIVITY,2021,2020,20,20,,,,,,0,0,0.00221583097929,0.0016073727136,0.00563977980482,0.00571419624796,0.50303030303,149,46073
BROAD_SENSITIVITY,STRICT_SENSITIVITY,2022,2021,20,20,0.00221583097929,0.0016073727136,0.00563977980482,0.00571419624796,0.50303030303,149,46073,-0.00177080345,0.00261397512831,0.0129763730465,0.0138013035626,0.490909090909,248,70089
BROAD_SENSITIVITY,STRICT_SENSITIVITY,2023,2022,20,20,-0.000274560301476,0.00165626325594,0.0102228405704,0.0105284417159,0.587878787879,397,116162,0.00816968678562,0.013202133769,0.00945659675378,0.0107648801483,0.672727272727,245,84549
BROAD_SENSITIVITY,STRICT_SENSITIVITY,2024,2023,20,20,0.00294793274578,0.00592169941325,0.00993042665285,0.0107107366226,0.878787878788,642,200711,0.00987000043898,0.0238080657194,0.0183193012755,0.0203384042512,0.927272727273,248,122413
BROAD_SENSITIVITY,STRICT_SENSITIVITY,2025,2024,20,20,0.0048767785749,0.010477849142,0.012268000705,0.0143648173466,0.927272727273,890,323124,-0.025591185312,-0.0311456622654,-0.00101195882003,-0.000919209963681,-0.709090909091,248,117514
BROAD_SENSITIVITY,STRICT_SENSITIVITY,2026,2025,20,20,-0.00176298859905,0.00394833783872,0.0093739497716,0.0101990026545,0.842424242424,1138,440638,-0.0276275114603,-0.0211755218181,-0.00138170155272,-0.000302150566911,-0.151515151515,152,81953
BROAD_SENSITIVITY,STRICT_SENSITIVITY,2021,2020,40,1,,,,,,0,0,-0.027435408072,-0.017845330935,9.00211047516e-05,0.000137520150894,0.551515151515,149,46152
BROAD_SENSITIVITY,STRICT_SENSITIVITY,2022,2021,40,1,-0.027435408072,-0.017845330935,9.00211047516e-05,0.000137520150894,0.551515151515,149,46152,-0.0162122764483,-0.00246699386944,0.000288736159172,0.000274107157356,0.0787878787879,248,70260
BROAD_SENSITIVITY,STRICT_SENSITIVITY,2023,2022,40,1,-0.0204244845388,-0.00589543065756,0.000214155446052,0.000220323996585,0.539393939394,397,116412,-0.0192167747912,-0.024175024286,0.000540808304284,0.000574353233893,0.781818181818,245,85021
BROAD_SENSITIVITY,STRICT_SENSITIVITY,2024,2023,40,1,-0.0199635984202,-0.0118465006032,0.000338812689458,0.000371362109118,0.709090909091,642,201433,-0.0122421379987,-0.0160140147583,0.000811110082404,0.000819102352218,0.636363636364,248,123386
BROAD_SENSITIVITY,STRICT_SENSITIVITY,2025,2024,40,1,-0.0178120004601,-0.0128230152549,0.000470419154009,0.000541791084059,0.781818181818,890,324819,-0.0162790186477,-0.0113401107502,-0.000680269324767,-0.000653398227208,-0.806060606061,248,117830
BROAD_SENSITIVITY,STRICT_SENSITIVITY,2026,2025,40,1,-0.01747792358,-0.0123928055288,0.00021965400222,0.000222539006393,0.333333333333,1138,442649,0.00855751330892,0.0125878376417,0.000778912813295,0.000810033058353,0.527272727273,171,93839
BROAD_SENSITIVITY,STRICT_SENSITIVITY,2021,2020,40,2,,,,,,0,0,-0.0231289090972,-0.01728966824,0.000317873788128,0.000399734624573,0.624242424242,149,46122
BROAD_SENSITIVITY,STRICT_SENSITIVITY,2022,2021,40,2,-0.0231289090972,-0.01728966824,0.000317873788128,0.000399734624573,0.624242424242,149,46122,-0.0149239165723,-0.00430482323936,0.00100623717935,0.000998027567056,0.0181818181818,248,70221
BROAD_SENSITIVITY,STRICT_SENSITIVITY,2023,2022,40,2,-0.018003372205,-0.0113826043238,0.00074788416854,0.000760821135563,0.442424242424,397,116343,-0.0122951708846,-0.0113178026306,0.00116846712133,0.00120098735524,0.842424242424,245,84978
BROAD_SENSITIVITY,STRICT_SENSITIVITY,2024,2023,40,2,-0.0158250087728,-0.0113502034772,0.000908387008779,0.000950664524078,0.721212121212,642,201321,-0.0045980880521,-0.00895630959912,0.00173849018478,0.00174845238826,0.854545454545,248,123269
BROAD_SENSITIVITY,STRICT_SENSITIVITY,2025,2024,40,2,-0.0126966083922,-0.0111985585609,0.00113969665782,0.00125371692892,0.878787878788,890,324590,-0.0190465617491,-0.0151982964762,-0.00133390077392,-0.00127958926219,-0.781818181818,248,117746
BROAD_SENSITIVITY,STRICT_SENSITIVITY,2026,2025,40,2,-0.0140804295104,-0.0115255941732,0.000600635003102,0.000576519798007,0.284848484848,1138,442336,0.0129616798147,0.016346581014,0.00170916497238,0.00173128695628,0.587878787879,170,93179
BROAD_SENSITIVITY,STRICT_SENSITIVITY,2021,2020,40,3,,,,,,0,0,-0.0208230309703,-0.0223814142062,0.000960206556337,0.00103381117535,0.551515151515,149,46088
BROAD_SENSITIVITY,STRICT_SENSITIVITY,2022,2021,40,3,-0.0208230309703,-0.0223814142062,0.000960206556337,0.00103381117535,0.551515151515,149,46088,-0.015271204109,-0.0102385247263,0.00198149431418,0.00197804075186,-0.0787878787879,248,70184
BROAD_SENSITIVITY,STRICT_SENSITIVITY,2023,2022,40,3,-0.0173548872383,-0.0153578313546,0.00159818984084,0.00160205548248,0.587878787879,397,116272,-0.0102387512666,-0.00589833610161,0.00192855646376,0.0020438623661,0.781818181818,245,84935
BROAD_SENSITIVITY,STRICT_SENSITIVITY,2024,2023,40,3,-0.0146392278721,-0.0144103279763,0.00172426433089,0.00179637760524,0.927272727273,642,201207,0.000862171402374,0.000347483424965,0.00283434719862,0.00288288232325,0.90303030303,248,123152
BROAD_SENSITIVITY,STRICT_SENSITIVITY,2025,2024,40,3,-0.0103197368383,-0.00988847106886,0.00203359079291,0.00220873705967,0.939393939394,890,324359,-0.020042668908,-0.0150442708772,-0.00169058353183,-0.00161611831793,-0.69696969697,248,117663
BROAD_SENSITIVITY,STRICT_SENSITIVITY,2026,2025,40,3,-0.0124386183439,-0.0108195111226,0.00122199568523,0.00118543948076,0.527272727273,1138,442022,0.0194474979696,0.0298877194238,0.00274547743844,0.00279307987099,0.612121212121,169,92531
BROAD_SENSITIVITY,STRICT_SENSITIVITY,2021,2020,40,5,,,,,,0,0,-0.0174727507418,-0.014002319567,0.00254920906219,0.00259183264675,0.636363636364,149,46023
BROAD_SENSITIVITY,STRICT_SENSITIVITY,2022,2021,40,5,-0.0174727507418,-0.014002319567,0.00254920906219,0.00259183264675,0.636363636364,149,46023,-0.0155900458094,-0.0134272488612,0.00438954202305,0.00435359168148,-0.030303030303,248,70112
BROAD_SENSITIVITY,STRICT_SENSITIVITY,2023,2022,40,5,-0.0162966529502,-0.014002319567,0.00369883771281,0.00364922690586,0.575757575758,397,116135,-0.00651565573261,-0.00246961609686,0.00388896360689,0.00436979313918,0.769696969697,245,84851
BROAD_SENSITIVITY,STRICT_SENSITIVITY,2024,2023,40,5,-0.0125640294015,-0.0131962034963,0.00377139354466,0.00397211587823,0.793939393939,642,200986,0.00705460588491,0.0121371508141,0.00464887729678,0.00481939514314,0.915151515152,248,122922
BROAD_SENSITIVITY,STRICT_SENSITIVITY,2025,2024,40,5,-0.0070972636138,-0.00261351746691,0.00401590587109,0.00429319351577,0.951515151515,890,323908,-0.0251137383188,-0.0136576290269,-0.00280585279828,-0.00263842790154,-0.636363636364,248,117504
BROAD_SENSITIVITY,STRICT_SENSITIVITY,2026,2025,40,5,-0.0110235252367,-0.00552681405696,0.00252926602048,0.00243793687715,0.660606060606,1138,441412,0.0234017717025,0.035847466976,0.00467350215535,0.00483880904315,0.575757575758,167,91228
BROAD_SENSITIVITY,STRICT_SENSITIVITY,2021,2020,40,10,,,,,,0,0,-0.0183986061861,0.00100170563773,0.00538769660213,0.00541301523034,0.660606060606,149,45897
BROAD_SENSITIVITY,STRICT_SENSITIVITY,2022,2021,40,10,-0.0183986061861,0.00100170563773,0.00538769660213,0.00541301523034,0.660606060606,149,45897,-0.000396887668293,0.00632947629761,0.0103647859742,0.0103690543435,0.260606060606,248,69937
BROAD_SENSITIVITY,STRICT_SENSITIVITY,2023,2022,40,10,-0.00715320015988,0.00513569490665,0.00849681036606,0.00837678397345,0.527272727273,397,115834,0.00434708065182,0.0048422744282,0.00726411299048,0.00824047835291,0.927272727273,245,84631
BROAD_SENSITIVITY,STRICT_SENSITIVITY,2024,2023,40,10,-0.00276446371305,0.00498898466742,0.0080263884704,0.00836198901369,0.890909090909,642,200465,0.0137939130082,0.0116645844922,0.00784834628492,0.00841281572089,0.842424242424,248,122390
BROAD_SENSITIVITY,STRICT_SENSITIVITY,2025,2024,40,10,0.0018495558677,0.0072004646019,0.00797677671534,0.00838229353643,0.963636363636,890,322855,-0.0313646654503,-0.0307216851127,-0.00553560044983,-0.00527295839797,-0.50303030303,248,117143
BROAD_SENSITIVITY,STRICT_SENSITIVITY,2026,2025,40,10,-0.00538869271479,-0.000222379958405,0.005032075892,0.00472087765679,0.636363636364,1138,439998,0.0252287779996,0.03382764985,0.00813991252782,0.00885017024463,0.636363636364,162,87955
BROAD_SENSITIVITY,STRICT_SENSITIVITY,2021,2020,40,20,,,,,,0,0,-0.00688678797109,-0.00640862096514,0.0122381096165,0.0129254766884,0.636363636364,149,45702
BROAD_SENSITIVITY,STRICT_SENSITIVITY,2022,2021,40,20,-0.00688678797109,-0.00640862096514,0.0122381096165,0.0129254766884,0.636363636364,149,45702,0.00129368186278,0.00362549512128,0.0184031212347,0.0194458114694,0.115151515152,248,69596
BROAD_SENSITIVITY,STRICT_SENSITIVITY,2023,2022,40,20,-0.0017765700396,0.000249822789157,0.0160893007533,0.016730354846,0.29696969697,397,115298,0.0219646572397,0.0295692806398,0.0171309885028,0.0195101237084,0.987878787879,245,84178
BROAD_SENSITIVITY,STRICT_SENSITIVITY,2024,2023,40,20,0.00728355563551,0.010403022989,0.0164868295674,0.0180363442506,0.951515151515,642,199476,0.0152140087908,0.034543224786,0.0149741822522,0.016237322561,0.890909090909,248,121410
BROAD_SENSITIVITY,STRICT_SENSITIVITY,2025,2024,40,20,0.00949338977316,0.0219649198126,0.0160653278436,0.0173775560391,0.927272727273,890,320886,-0.0468925921579,-0.0534119494294,-0.0113598026296,-0.011116965754,-0.648484848485,248,116461
BROAD_SENSITIVITY,STRICT_SENSITIVITY,2026,2025,40,20,-0.00279459222939,0.00747034893158,0.010088673751,0.00970250521052,0.757575757576,1138,437347,0.0293719372115,0.0464797380162,0.0114999169261,0.0126083985555,0.69696969697,152,81428
BROAD_SENSITIVITY,STRICT_SENSITIVITY,2021,2020,60,1,,,,,,0,0,-0.027413955806,-0.0173860692153,0.000644043583203,0.000686207561457,0.6,149,45801
BROAD_SENSITIVITY,STRICT_SENSITIVITY,2022,2021,60,1,-0.027413955806,-0.0173860692153,0.000644043583203,0.000686207561457,0.6,149,45801,-0.00870057123109,-0.0111399998051,0.000772375051225,0.000857331679099,0.29696969697,248,69701
BROAD_SENSITIVITY,STRICT_SENSITIVITY,2023,2022,60,1,-0.0157239825703,-0.0130001518788,0.000724210344083,0.000789861628345,0.430303030303,397,115502,-0.0135768395669,-0.0111302723237,0.00106151022826,0.00113440906667,0.927272727273,245,84740
BROAD_SENSITIVITY,STRICT_SENSITIVITY,2024,2023,60,1,-0.0149045899911,-0.0124010441507,0.000852930704866,0.000938040607952,0.757575757576,642,200242,-0.00788406630739,-0.00427810531183,0.000853434311198,0.000844767799725,0.830303030303,248,122279
BROAD_SENSITIVITY,STRICT_SENSITIVITY,2025,2024,60,1,-0.0129483092343,-0.0100506391289,0.000853071035619,0.000902757227413,0.793939393939,890,322521,-0.0165603264827,-0.010588495884,-0.00111243485257,-0.00104723554244,-0.806060606061,248,116636
BROAD_SENSITIVITY,STRICT_SENSITIVITY,2026,2025,60,1,-0.0137354623781,-0.0101601472437,0.000424735833271,0.000383964846673,0.333333333333,1138,439157,0.0161946960746,0.0102025285187,0.000917334754442,0.000938493010356,0.672727272727,171,93234
BROAD_SENSITIVITY,STRICT_SENSITIVITY,2021,2020,60,2,,,,,,0,0,-0.0235533168249,-0.018529598954,0.00131983833234,0.00146947372531,0.612121212121,149,45771
BROAD_SENSITIVITY,STRICT_SENSITIVITY,2022,2021,60,2,-0.0235533168249,-0.018529598954,0.00131983833234,0.00146947372531,0.612121212121,149,45771,-0.00594251837058,-0.00384799861476,0.00160709071463,0.00172549602901,0.309090909091,248,69662
BROAD_SENSITIVITY,STRICT_SENSITIVITY,2023,2022,60,2,-0.0125521127527,-0.011404548623,0.00149928062656,0.00162340437121,0.466666666667,397,115433,-0.0030437728485,0.00359947267786,0.00201376092002,0.00216568637504,0.927272727273,245,84697
BROAD_SENSITIVITY,STRICT_SENSITIVITY,2024,2023,60,2,-0.00892354067087,-0.00560495031239,0.0016956165641,0.00185833138748,0.793939393939,642,200130,-0.000172372891017,-0.00742900100279,0.00154374101743,0.00152297249458,0.854545454545,248,122167
BROAD_SENSITIVITY,STRICT_SENSITIVITY,2025,2024,60,2,-0.00648501301986,-0.00622459429853,0.00165329618705,0.00173123110143,0.806060606061,890,322297,-0.0203147180819,-0.00307656848841,-0.00211770280309,-0.00199241667994,-0.69696969697,248,116556
BROAD_SENSITIVITY,STRICT_SENSITIVITY,2026,2025,60,2,-0.00949886790158,-0.00586452342884,0.000831496758617,0.000740007353011,0.321212121212,1138,438853,0.0212651179432,0.0167499360954,0.00183695014357,0.00186482411682,0.660606060606,170,92579
BROAD_SENSITIVITY,STRICT_SENSITIVITY,2021,2020,60,3,,,,,,0,0,-0.02145140837,-0.0215660182907,0.00232061902872,0.00245824726563,0.648484848485,149,45737
BROAD_SENSITIVITY,STRICT_SENSITIVITY,2022,2021,60,3,-0.02145140837,-0.0215660182907,0.00232061902872,0.00245824726563,0.648484848485,149,45737,-0.00426377717756,0.00369399416579,0.002911619565,0.00305934745774,0.357575757576,248,69625
BROAD_SENSITIVITY,STRICT_SENSITIVITY,2023,2022,60,3,-0.0107145505974,-0.00863295882551,0.0026898082806,0.00281830863484,0.50303030303,397,115362,0.00114158607956,0.00663697716349,0.00321398303328,0.00352299145668,0.927272727273,245,84654
BROAD_SENSITIVITY,STRICT_SENSITIVITY,2024,2023,60,3,-0.00619001245743,-0.00385174610299,0.00288984381706,0.00312707361258,0.781818181818,642,200016,0.00395830629547,0.000673400532179,0.00263408785754,0.00262770362462,0.854545454545,248,122056
BROAD_SENSITIVITY,STRICT_SENSITIVITY,2025,2024,60,3,-0.00336216633302,-0.00380273566841,0.00281857698789,0.00293782119547,0.769696969697,890,322072,-0.0241584426101,-0.0077541089067,-0.00303136722497,-0.00284372658184,-0.757575757576,248,116476
BROAD_SENSITIVITY,STRICT_SENSITIVITY,2026,2025,60,3,-0.00789421951116,-0.00385174610299,0.00154372095556,0.00139780244216,0.442424242424,1138,438548,0.029038909321,0.0298181005639,0.00269336268839,0.00274997389627,0.672727272727,169,91936
BROAD_SENSITIVITY,STRICT_SENSITIVITY,2021,2020,60,5,,,,,,0,0,-0.0165202323199,-0.0213431479845,0.00478381284907,0.00486280414974,0.539393939394,149,45672
BROAD_SENSITIVITY,STRICT_SENSITIVITY,2022,2021,60,5,-0.0165202323199,-0.0213431479845,0.00478381284907,0.00486280414974,0.539393939394,149,45672,-0.000653674411702,0.00247942145337,0.00558503391873,0.00582673884526,0.551515151515,248,69553
BROAD_SENSITIVITY,STRICT_SENSITIVITY,2023,2022,60,5,-0.00660862939489,-0.00567876028328,0.00528432374397,0.0054338118643,0.515151515152,397,115225,0.00770264976579,0.0130035554016,0.00618848199913,0.00680903523151,0.975757575758,245,84570
BROAD_SENSITIVITY,STRICT_SENSITIVITY,2024,2023,60,5,-0.00114715993326,0.000673004092529,0.00562936856097,0.00604290142439,0.757575757576,642,199795,0.00935251806139,0.00696521041398,0.00451430280494,0.00453198055832,0.939393939394,248,121836
BROAD_SENSITIVITY,STRICT_SENSITIVITY,2025,2024,60,5,0.00177859303604,0.00128715466561,0.00531865360873,0.00547096743903,0.90303030303,890,321631,-0.03245636611,-0.0218427168987,-0.00488895694877,-0.00462333694813,-0.69696969697,248,116321
BROAD_SENSITIVITY,STRICT_SENSITIVITY,2026,2025,60,5,-0.00568210104852,-0.00464569554486,0.00309414796878,0.0027798002014,0.721212121212,1138,437952,0.0367716151805,0.0416628813113,0.00433120396364,0.00444283562099,0.684848484848,167,90643
BROAD_SENSITIVITY,STRICT_SENSITIVITY,2021,2020,60,10,,,,,,0,0,-0.0121077622066,-0.0195316526868,0.00886351380027,0.00906395860765,0.393939393939,149,45546
BROAD_SENSITIVITY,STRICT_SENSITIVITY,2022,2021,60,10,-0.0121077622066,-0.0195316526868,0.00886351380027,0.00906395860765,0.393939393939,149,45546,0.0190618032342,0.029717845009,0.0128342660516,0.0134572435108,0.781818181818,248,69380
BROAD_SENSITIVITY,STRICT_SENSITIVITY,2023,2022,60,10,0.00736340209899,0.0112643575042,0.0113439837205,0.0116744129157,0.769696969697,397,114926,0.0207049242743,0.031673584216,0.0119601401163,0.0127510932531,0.987878787879,245,84350
BROAD_SENSITIVITY,STRICT_SENSITIVITY,2024,2023,60,10,0.0124547929603,0.0168114862507,0.0115791212859,0.0122025070792,0.927272727273,642,199276,0.0164730034162,0.0134528436296,0.00893138210666,0.00891737589063,0.939393939394,248,121325
BROAD_SENSITIVITY,STRICT_SENSITIVITY,2025,2024,60,10,0.0135744740761,0.0159605131939,0.0108413243011,0.0109625150675,0.963636363636,890,320601,-0.0434583424435,-0.0341666201494,-0.00774508290341,-0.00759265481295,-0.648484848485,248,115966
BROAD_SENSITIVITY,STRICT_SENSITIVITY,2026,2025,60,10,0.00114552987852,0.00251203484741,0.00679085946216,0.00600914648137,0.757575757576,1138,436567,0.0383401887546,0.054129631224,0.00720179120182,0.00761862002012,0.684848484848,162,87392
BROAD_SENSITIVITY,STRICT_SENSITIVITY,2021,2020,60,20,,,,,,0,0,0.0128697592233,0.0242989336601,0.0156751703556,0.016069685444,0.478787878788,149,45351
BROAD_SENSITIVITY,STRICT_SENSITIVITY,2022,2021,60,20,0.0128697592233,0.0242989336601,0.0156751703556,0.016069685444,0.478787878788,149,45351,0.0314827302433,0.0381192066529,0.0236540621503,0.025317371588,0.878787878788,248,69051
BROAD_SENSITIVITY,STRICT_SENSITIVITY,2023,2022,60,20,0.0244970056036,0.0325328596185,0.0206594654818,0.0214821334526,0.854545454545,397,114402,0.0408816297952,0.0456129390321,0.0239899042523,0.0259356822354,1,245,83897
BROAD_SENSITIVITY,STRICT_SENSITIVITY,2024,2023,60,20,0.0307497048667,0.036837030017,0.0219304273179,0.0235800817823,0.951515151515,642,198299,0.0114133868914,0.024581468043,0.0113417543104,0.0116633524921,0.987878787879,248,120374
BROAD_SENSITIVITY,STRICT_SENSITIVITY,2025,2024,60,20,0.0253616072736,0.0320626075969,0.0189798757383,0.0191159895739,0.987878787879,890,318673,-0.0624151318605,-0.0601093576153,-0.0118304810838,-0.0117434431577,-0.551515151515,248,115290
BROAD_SENSITIVITY,STRICT_SENSITIVITY,2026,2025,60,20,0.00623275726899,0.015514985055,0.0122654921777,0.0108396787111,0.963636363636,1138,433963,0.0338027396256,0.0520800742719,0.00930920058333,0.0104363190394,0.709090909091,152,80915
