analysis_tier,universe,period,formation_horizon,future_horizon,mean_ic,median_ic,mean_daily_d10_d1_spread,pooled_d10_d1_spread,decile_monotonicity,valid_dates,observation_count
PRIMARY_VERIFIED,BROAD_EQ,RESEARCH_DEVELOPMENT,5,1,-0.0301525415421,-0.0286685943514,0.00116038726586,0.0010382689429,-0.357575757576,736,1166699
PRIMARY_VERIFIED,BROAD_EQ,VALIDATION,5,1,-0.045520081062,-0.0421711570344,-0.00113772362271,-0.00115842964787,-0.733333333333,493,896972
PRIMARY_VERIFIED,BROAD_EQ,OUT_OF_SAMPLE_HOLDOUT,5,1,-0.0413125324496,-0.0342624308894,-0.00212129751498,-0.00208962229788,-0.975757575758,379,836695
PRIMARY_VERIFIED,BROAD_EQ,RESEARCH_DEVELOPMENT,5,2,-0.0454590774155,-0.0440357381149,-9.92997130177e-05,-0.000305498855255,-0.539393939394,736,1164275
PRIMARY_VERIFIED,BROAD_EQ,VALIDATION,5,2,-0.0541947552406,-0.0464144525539,-0.00250682263569,-0.00253244180117,-0.866666666667,493,895034
PRIMARY_VERIFIED,BROAD_EQ,OUT_OF_SAMPLE_HOLDOUT,5,2,-0.0511455719073,-0.0388702234087,-0.00431372877272,-0.00422858675688,-1,378,832966
PRIMARY_VERIFIED,BROAD_EQ,RESEARCH_DEVELOPMENT,5,3,-0.0521751502941,-0.0521992008841,-0.00130313722128,-0.00157244435552,-0.806060606061,736,1161890
PRIMARY_VERIFIED,BROAD_EQ,VALIDATION,5,3,-0.0543844457928,-0.0471497795679,-0.00339487335523,-0.00342073469522,-0.951515151515,493,893120
PRIMARY_VERIFIED,BROAD_EQ,OUT_OF_SAMPLE_HOLDOUT,5,3,-0.0525674111209,-0.0367146215413,-0.00580697998275,-0.00568040771161,-1,377,829266
PRIMARY_VERIFIED,BROAD_EQ,RESEARCH_DEVELOPMENT,5,5,-0.0513493941613,-0.0485482593372,-0.00236902524999,-0.00270722734667,-0.987878787879,736,1157231
PRIMARY_VERIFIED,BROAD_EQ,VALIDATION,5,5,-0.0561323778387,-0.0489441119176,-0.00576341828595,-0.00584378020384,-0.987878787879,493,889389
PRIMARY_VERIFIED,BROAD_EQ,OUT_OF_SAMPLE_HOLDOUT,5,5,-0.0490671448628,-0.0439030126176,-0.0078608462206,-0.00782186479428,-0.987878787879,375,821957
PRIMARY_VERIFIED,BROAD_EQ,RESEARCH_DEVELOPMENT,5,10,-0.0382805275344,-0.0347451016018,-0.00346334582632,-0.00414273036742,-0.915151515152,736,1146029
PRIMARY_VERIFIED,BROAD_EQ,VALIDATION,5,10,-0.0468018942581,-0.034760945854,-0.00773868783487,-0.00787149088958,-0.987878787879,493,880526
PRIMARY_VERIFIED,BROAD_EQ,OUT_OF_SAMPLE_HOLDOUT,5,10,-0.0341848908058,-0.0313807147282,-0.00842210215654,-0.00878080529355,-0.963636363636,370,804110
PRIMARY_VERIFIED,BROAD_EQ,RESEARCH_DEVELOPMENT,5,20,-0.0267571252062,-0.0275155415324,-0.00424838788096,-0.00463586930031,-0.454545454545,736,1126223
PRIMARY_VERIFIED,BROAD_EQ,VALIDATION,5,20,-0.022654079575,-0.0154478445407,-0.0071753456718,-0.00686394851258,-0.660606060606,493,864143
PRIMARY_VERIFIED,BROAD_EQ,OUT_OF_SAMPLE_HOLDOUT,5,20,-0.0237103421985,-0.022293722764,-0.0089561317838,-0.00887994423515,-0.818181818182,360,769572
PRIMARY_VERIFIED,BROAD_EQ,RESEARCH_DEVELOPMENT,10,1,-0.0324977641337,-0.0292365837157,0.000133519446993,4.34601634258e-05,-0.29696969697,731,1145659
PRIMARY_VERIFIED,BROAD_EQ,VALIDATION,10,1,-0.042577408707,-0.0431472171182,-0.0012571737381,-0.00126745235218,-0.672727272727,493,887335
PRIMARY_VERIFIED,BROAD_EQ,OUT_OF_SAMPLE_HOLDOUT,10,1,-0.025005047935,-0.0211847074207,-0.00147991953863,-0.00147705336975,-0.878787878788,379,827844
PRIMARY_VERIFIED,BROAD_EQ,RESEARCH_DEVELOPMENT,10,2,-0.0403080690614,-0.0400422352171,-0.000636597162144,-0.000782987674744,-0.612121212121,731,1143406
PRIMARY_VERIFIED,BROAD_EQ,VALIDATION,10,2,-0.0483353834131,-0.0415579786624,-0.0024199095096,-0.00243524705077,-0.915151515152,493,885540
PRIMARY_VERIFIED,BROAD_EQ,OUT_OF_SAMPLE_HOLDOUT,10,2,-0.0293012116015,-0.0200054382148,-0.00286124100364,-0.00287029821384,-0.975757575758,378,824243
PRIMARY_VERIFIED,BROAD_EQ,RESEARCH_DEVELOPMENT,10,3,-0.0422521508569,-0.039591214128,-0.00118949482033,-0.00135783502742,-0.830303030303,731,1141183
PRIMARY_VERIFIED,BROAD_EQ,VALIDATION,10,3,-0.0480910637824,-0.0429137522068,-0.00269668192951,-0.00272299112362,-0.878787878788,493,883769
PRIMARY_VERIFIED,BROAD_EQ,OUT_OF_SAMPLE_HOLDOUT,10,3,-0.0285817386725,-0.0230041388689,-0.00351708701084,-0.00354027401878,-0.975757575758,377,820664
PRIMARY_VERIFIED,BROAD_EQ,RESEARCH_DEVELOPMENT,10,5,-0.0409251394565,-0.0393562352173,-0.00146309829162,-0.0017577127505,-0.915151515152,731,1136826
PRIMARY_VERIFIED,BROAD_EQ,VALIDATION,10,5,-0.0470405534264,-0.0376676690637,-0.00375862715759,-0.00380851048948,-0.939393939394,493,880279
PRIMARY_VERIFIED,BROAD_EQ,OUT_OF_SAMPLE_HOLDOUT,10,5,-0.0289207741469,-0.0226661384611,-0.00530556343923,-0.00539489486264,-0.951515151515,375,813560
PRIMARY_VERIFIED,BROAD_EQ,RESEARCH_DEVELOPMENT,10,10,-0.0316120041821,-0.0275536629389,-0.0010609703609,-0.00160583083452,-0.818181818182,731,1126772
PRIMARY_VERIFIED,BROAD_EQ,VALIDATION,10,10,-0.0346320467286,-0.025611796023,-0.00399506142991,-0.00410707985323,-0.915151515152,493,871865
PRIMARY_VERIFIED,BROAD_EQ,OUT_OF_SAMPLE_HOLDOUT,10,10,-0.0191330421346,-0.0138093441523,-0.00651372948777,-0.00679649060134,-0.90303030303,370,796111
PRIMARY_VERIFIED,BROAD_EQ,RESEARCH_DEVELOPMENT,10,20,-0.0230755305057,-0.0168270073573,-0.00100967518602,-0.00109561289473,-0.527272727273,731,1108192
PRIMARY_VERIFIED,BROAD_EQ,VALIDATION,10,20,-0.0185762657994,-0.00888799121798,-0.00322875229346,-0.00260344291134,-0.6,493,856119
PRIMARY_VERIFIED,BROAD_EQ,OUT_OF_SAMPLE_HOLDOUT,10,20,-0.012340298171,-0.0102241538718,-0.00746237641828,-0.00724656265248,-0.490909090909,360,762029
PRIMARY_VERIFIED,BROAD_EQ,RESEARCH_DEVELOPMENT,20,1,-0.0291513288936,-0.0263515675471,0.000131455733005,9.13520310026e-05,-0.0666666666667,721,1106564
PRIMARY_VERIFIED,BROAD_EQ,VALIDATION,20,1,-0.0268759263888,-0.0271567893561,-0.000460331355762,-0.000469828094898,-0.260606060606,493,869789
PRIMARY_VERIFIED,BROAD_EQ,OUT_OF_SAMPLE_HOLDOUT,20,1,-0.0148655358381,-0.00972766209578,-0.00115929202179,-0.00117140920049,-0.781818181818,379,811361
PRIMARY_VERIFIED,BROAD_EQ,RESEARCH_DEVELOPMENT,20,2,-0.0327042944688,-0.0312536928611,-0.000587807069485,-0.000643230421359,-0.321212121212,721,1104662
PRIMARY_VERIFIED,BROAD_EQ,VALIDATION,20,2,-0.0259653524382,-0.021488613755,-0.000799888017992,-0.000806523334602,-0.260606060606,493,868155
PRIMARY_VERIFIED,BROAD_EQ,OUT_OF_SAMPLE_HOLDOUT,20,2,-0.0177295141623,-0.0135038377631,-0.00228901595991,-0.00231878994037,-0.927272727273,378,807892
PRIMARY_VERIFIED,BROAD_EQ,RESEARCH_DEVELOPMENT,20,3,-0.0333271846531,-0.0265118837235,-0.000987463682821,-0.00102374140446,-0.418181818182,721,1102773
PRIMARY_VERIFIED,BROAD_EQ,VALIDATION,20,3,-0.0239601888627,-0.0213858542957,-0.000684762360588,-0.000684115732347,-0.0424242424242,493,866537
PRIMARY_VERIFIED,BROAD_EQ,OUT_OF_SAMPLE_HOLDOUT,20,3,-0.016347756528,-0.00648209245902,-0.00297917445736,-0.00302356114739,-0.793939393939,377,804433
PRIMARY_VERIFIED,BROAD_EQ,RESEARCH_DEVELOPMENT,20,5,-0.0321116567533,-0.0213764995834,-0.00121988865261,-0.00127193837522,-0.721212121212,721,1099046
PRIMARY_VERIFIED,BROAD_EQ,VALIDATION,20,5,-0.0214679077499,-0.0160240674207,-0.000817471671335,-0.000810245750114,0.030303030303,493,863338
PRIMARY_VERIFIED,BROAD_EQ,OUT_OF_SAMPLE_HOLDOUT,20,5,-0.0174089560235,-0.0220063691498,-0.00438388660896,-0.00450481245792,-0.854545454545,375,797554
PRIMARY_VERIFIED,BROAD_EQ,RESEARCH_DEVELOPMENT,20,10,-0.0268556701984,-0.0137954970586,-0.000649148505664,-0.000771335136468,-0.721212121212,721,1090212
PRIMARY_VERIFIED,BROAD_EQ,VALIDATION,20,10,-0.0172730749413,-0.00894616505472,-5.98584036502e-05,5.07159180605e-05,0.248484848485,493,855558
PRIMARY_VERIFIED,BROAD_EQ,OUT_OF_SAMPLE_HOLDOUT,20,10,-0.0103019048803,-0.0108766541815,-0.00519216217836,-0.00547657379792,-0.418181818182,370,780570
PRIMARY_VERIFIED,BROAD_EQ,RESEARCH_DEVELOPMENT,20,20,-0.0307632331348,-0.0195491640018,-9.07554422935e-05,0.000602952839719,-0.6,721,1073448
PRIMARY_VERIFIED,BROAD_EQ,VALIDATION,20,20,-0.0124589979119,-0.00169756811602,0.00183771214253,0.00263618161199,0.309090909091,493,840942
PRIMARY_VERIFIED,BROAD_EQ,OUT_OF_SAMPLE_HOLDOUT,20,20,-0.000408867887706,-0.0138269960206,-0.00481433530623,-0.00417920396585,0.163636363636,360,747368
PRIMARY_VERIFIED,BROAD_EQ,RESEARCH_DEVELOPMENT,40,1,-0.0302041079267,-0.0227926984908,-7.07661329186e-05,-7.23249880625e-05,-0.587878787879,701,1037594
PRIMARY_VERIFIED,BROAD_EQ,VALIDATION,40,1,-0.0213280720314,-0.0170036092242,-0.000266162664294,-0.00027172409832,-0.151515151515,493,837650
PRIMARY_VERIFIED,BROAD_EQ,OUT_OF_SAMPLE_HOLDOUT,40,1,-0.00362175382169,0.00179483829442,-0.000955630183368,-0.000933343320797,-0.357575757576,379,780240
PRIMARY_VERIFIED,BROAD_EQ,RESEARCH_DEVELOPMENT,40,2,-0.0329891885868,-0.0224190630752,-0.000663466164894,-0.000677415542363,-0.624242424242,701,1036050
PRIMARY_VERIFIED,BROAD_EQ,VALIDATION,40,2,-0.019022900009,-0.0125445884274,-0.000602773856781,-0.000592430990426,-0.115151515152,493,836230
PRIMARY_VERIFIED,BROAD_EQ,OUT_OF_SAMPLE_HOLDOUT,40,2,-0.00271837362095,-0.000433211259974,-0.00186388098442,-0.0018105063514,-0.357575757576,378,776945
PRIMARY_VERIFIED,BROAD_EQ,RESEARCH_DEVELOPMENT,40,3,-0.034155203157,-0.0301919288705,-0.00116954034697,-0.00118725527601,-0.69696969697,701,1034511
PRIMARY_VERIFIED,BROAD_EQ,VALIDATION,40,3,-0.0161371384015,-0.0157188726186,-0.000372329137625,-0.000340018967265,-0.0787878787879,493,834812
PRIMARY_VERIFIED,BROAD_EQ,OUT_OF_SAMPLE_HOLDOUT,40,3,0.000782233551926,0.00495459472507,-0.00223447359444,-0.00213526164827,-0.284848484848,377,773703
PRIMARY_VERIFIED,BROAD_EQ,RESEARCH_DEVELOPMENT,40,5,-0.0339090469365,-0.0254808457197,-0.00142528744871,-0.00151104887294,-0.6,701,1031473
PRIMARY_VERIFIED,BROAD_EQ,VALIDATION,40,5,-0.0140994815636,-0.0115495401328,-0.000118505090045,-5.53954635114e-05,0.0909090909091,493,832003
PRIMARY_VERIFIED,BROAD_EQ,OUT_OF_SAMPLE_HOLDOUT,40,5,0.00380250458978,0.00485716702383,-0.00312912065263,-0.00300653536148,-0.0666666666667,375,767238
PRIMARY_VERIFIED,BROAD_EQ,RESEARCH_DEVELOPMENT,40,10,-0.0309133437213,-0.0192382434247,-0.00112444754681,-0.00134195068059,-0.563636363636,701,1024044
PRIMARY_VERIFIED,BROAD_EQ,VALIDATION,40,10,-0.0119418423487,-0.00433947307629,0.0011968248852,0.00134380957253,0.333333333333,493,825148
PRIMARY_VERIFIED,BROAD_EQ,OUT_OF_SAMPLE_HOLDOUT,40,10,0.0116598821123,0.000556497343454,-0.00200598083501,-0.00176271764898,0.151515151515,370,751208
PRIMARY_VERIFIED,BROAD_EQ,RESEARCH_DEVELOPMENT,40,20,-0.0292685090645,-0.0135923504935,0.000790262584818,0.00158448715784,-0.236363636364,701,1009732
PRIMARY_VERIFIED,BROAD_EQ,VALIDATION,40,20,-0.00537417035783,-0.00378908544638,0.00340073595613,0.00417214532289,0.406060606061,493,812062
PRIMARY_VERIFIED,BROAD_EQ,OUT_OF_SAMPLE_HOLDOUT,40,20,0.0155752229327,0.00990303001289,0.000977751840526,0.00236652734978,0.345454545455,360,719765
PRIMARY_VERIFIED,BROAD_EQ,RESEARCH_DEVELOPMENT,60,1,-0.0265362653287,-0.0168655886216,-5.54854835135e-05,-5.59583062414e-05,-0.478787878788,681,974747
PRIMARY_VERIFIED,BROAD_EQ,VALIDATION,60,1,-0.0142782303579,-0.0104915444816,-0.000128542808006,-0.000137687041691,-0.0424242424242,493,809641
PRIMARY_VERIFIED,BROAD_EQ,OUT_OF_SAMPLE_HOLDOUT,60,1,0.00125058755939,0.00715768072094,-0.00062367275398,-0.000596469162468,-0.466666666667,379,751435
PRIMARY_VERIFIED,BROAD_EQ,RESEARCH_DEVELOPMENT,60,2,-0.0269387361423,-0.0184359525068,-0.000487841147762,-0.00047715374967,-0.624242424242,681,973425
PRIMARY_VERIFIED,BROAD_EQ,VALIDATION,60,2,-0.00968377508899,-0.00784319408776,-0.000209102479948,-0.000212285572361,0.139393939394,493,808373
PRIMARY_VERIFIED,BROAD_EQ,OUT_OF_SAMPLE_HOLDOUT,60,2,0.00304246746317,0.00580177275331,-0.00118735931796,-0.00112331784192,-0.430303030303,378,748313
PRIMARY_VERIFIED,BROAD_EQ,RESEARCH_DEVELOPMENT,60,3,-0.0269316600139,-0.0174227175023,-0.000752444933719,-0.000719823010843,-0.636363636364,681,972137
PRIMARY_VERIFIED,BROAD_EQ,VALIDATION,60,3,-0.00658395454811,-0.00429149904611,0.000108438264005,0.000105934332126,0.284848484848,493,807110
PRIMARY_VERIFIED,BROAD_EQ,OUT_OF_SAMPLE_HOLDOUT,60,3,0.0058754911121,0.0188918550378,-0.00133202420492,-0.00122208279427,-0.187878787879,377,745270
PRIMARY_VERIFIED,BROAD_EQ,RESEARCH_DEVELOPMENT,60,5,-0.0245880706453,-0.0129389032287,-0.000246340536709,-0.000233199301622,-0.430303030303,681,969611
PRIMARY_VERIFIED,BROAD_EQ,VALIDATION,60,5,-0.00368577877128,-0.00134438837824,0.000562764442111,0.000553281413258,0.284848484848,493,804604
PRIMARY_VERIFIED,BROAD_EQ,OUT_OF_SAMPLE_HOLDOUT,60,5,0.00787530874449,0.0114000614599,-0.00164474865424,-0.00146859712989,-0.224242424242,375,739204
PRIMARY_VERIFIED,BROAD_EQ,RESEARCH_DEVELOPMENT,60,10,-0.0179130297815,-0.00140110174803,0.00227078737027,0.00227513510867,0.175757575758,681,963490
PRIMARY_VERIFIED,BROAD_EQ,VALIDATION,60,10,0.00119193657061,0.00988281401164,0.00300272674345,0.0030659259668,0.478787878788,493,798488
PRIMARY_VERIFIED,BROAD_EQ,OUT_OF_SAMPLE_HOLDOUT,60,10,0.0101404892635,0.0129855452973,-0.00110322656557,-0.000740856407232,-0.115151515152,370,724163
PRIMARY_VERIFIED,BROAD_EQ,RESEARCH_DEVELOPMENT,60,20,-0.012226363114,-0.00411997456416,0.0045175070705,0.00556709984605,0.757575757576,681,951965
PRIMARY_VERIFIED,BROAD_EQ,VALIDATION,60,20,0.00958225724434,0.0106617554441,0.00701523160547,0.00772780456237,0.684848484848,493,786747
PRIMARY_VERIFIED,BROAD_EQ,OUT_OF_SAMPLE_HOLDOUT,60,20,0.0112304832252,0.0163121385701,0.00191110744951,0.00366262160236,0.151515151515,360,694632
BROAD_SENSITIVITY,BROAD_EQ,RESEARCH_DEVELOPMENT,5,1,-0.0302647678907,-0.0286685943514,0.00110635756741,0.000989341174563,-0.357575757576,742,1175500
BROAD_SENSITIVITY,BROAD_EQ,VALIDATION,5,1,-0.045520081062,-0.0421711570344,-0.00113772362271,-0.00115842964787,-0.733333333333,493,896972
BROAD_SENSITIVITY,BROAD_EQ,OUT_OF_SAMPLE_HOLDOUT,5,1,-0.041356961921,-0.0351696369274,-0.00211585116209,-0.00208391528925,-0.975757575758,380,839047
BROAD_SENSITIVITY,BROAD_EQ,RESEARCH_DEVELOPMENT,5,2,-0.0455789793493,-0.0440357381149,-0.000169262523548,-0.000367822219725,-0.539393939394,742,1173047
BROAD_SENSITIVITY,BROAD_EQ,VALIDATION,5,2,-0.0541947552406,-0.0464144525539,-0.00250682263569,-0.00253244180117,-0.866666666667,493,895034
BROAD_SENSITIVITY,BROAD_EQ,OUT_OF_SAMPLE_HOLDOUT,5,2,-0.0511647237378,-0.0388702234087,-0.00430267978813,-0.00421722173847,-1,380,837666
BROAD_SENSITIVITY,BROAD_EQ,RESEARCH_DEVELOPMENT,5,3,-0.0522908175741,-0.0521992008841,-0.00140076167848,-0.00165849966255,-0.806060606061,742,1170631
BROAD_SENSITIVITY,BROAD_EQ,VALIDATION,5,3,-0.0543844457928,-0.0471497795679,-0.00339487335523,-0.00342073469522,-0.951515151515,493,893120
BROAD_SENSITIVITY,BROAD_EQ,OUT_OF_SAMPLE_HOLDOUT,5,3,-0.0524795438147,-0.0359122204379,-0.00577128922353,-0.00564334052028,-1,380,836308
BROAD_SENSITIVITY,BROAD_EQ,RESEARCH_DEVELOPMENT,5,5,-0.0516652330491,-0.0492797623307,-0.00250148042608,-0.00282493061907,-1,742,1165926
BROAD_SENSITIVITY,BROAD_EQ,VALIDATION,5,5,-0.0561323778387,-0.0489441119176,-0.00576341828595,-0.00584378020384,-0.987878787879,493,889389
BROAD_SENSITIVITY,BROAD_EQ,OUT_OF_SAMPLE_HOLDOUT,5,5,-0.0492371469131,-0.0439221913643,-0.00778978016046,-0.00774765483372,-0.987878787879,380,833670
BROAD_SENSITIVITY,BROAD_EQ,RESEARCH_DEVELOPMENT,5,10,-0.0385680471621,-0.0352703478106,-0.00364408002841,-0.00430977107656,-0.915151515152,742,1154651
BROAD_SENSITIVITY,BROAD_EQ,VALIDATION,5,10,-0.0468018942581,-0.034760945854,-0.00773868783487,-0.00787149088958,-0.987878787879,493,880526
BROAD_SENSITIVITY,BROAD_EQ,OUT_OF_SAMPLE_HOLDOUT,5,10,-0.03368744412,-0.029107371451,-0.00812422100676,-0.00845309018173,-0.963636363636,380,827386
BROAD_SENSITIVITY,BROAD_EQ,RESEARCH_DEVELOPMENT,5,20,-0.0272540544818,-0.0275436304654,-0.00452046504229,-0.00490986728314,-0.454545454545,742,1134690
BROAD_SENSITIVITY,BROAD_EQ,VALIDATION,5,20,-0.022654079575,-0.0154478445407,-0.0071753456718,-0.00686394851258,-0.660606060606,493,864143
BROAD_SENSITIVITY,BROAD_EQ,OUT_OF_SAMPLE_HOLDOUT,5,20,-0.0236732584512,-0.0230254728673,-0.00876436007867,-0.00867728925537,-0.842424242424,380,815590
BROAD_SENSITIVITY,BROAD_EQ,RESEARCH_DEVELOPMENT,10,1,-0.0327981369605,-0.0293976052487,8.51570848115e-05,-1.33641334245e-06,-0.418181818182,737,1154329
BROAD_SENSITIVITY,BROAD_EQ,VALIDATION,10,1,-0.042577408707,-0.0431472171182,-0.0012571737381,-0.00126745235218,-0.672727272727,493,887335
BROAD_SENSITIVITY,BROAD_EQ,OUT_OF_SAMPLE_HOLDOUT,10,1,-0.0249185741906,-0.0207465033331,-0.00146781695668,-0.00146405157549,-0.878787878788,380,830184
BROAD_SENSITIVITY,BROAD_EQ,RESEARCH_DEVELOPMENT,10,2,-0.0407420008219,-0.0406311359727,-0.000725788074923,-0.000865763463048,-0.612121212121,737,1152063
BROAD_SENSITIVITY,BROAD_EQ,VALIDATION,10,2,-0.0483353834131,-0.0415579786624,-0.0024199095096,-0.00243524705077,-0.915151515152,493,885540
BROAD_SENSITIVITY,BROAD_EQ,OUT_OF_SAMPLE_HOLDOUT,10,2,-0.0291266173113,-0.0199749957947,-0.00284262290227,-0.00285008660607,-0.975757575758,380,828912
BROAD_SENSITIVITY,BROAD_EQ,RESEARCH_DEVELOPMENT,10,3,-0.042746872948,-0.0401232191492,-0.00130400356307,-0.00146484132997,-0.878787878788,737,1149829
BROAD_SENSITIVITY,BROAD_EQ,VALIDATION,10,3,-0.0480910637824,-0.0429137522068,-0.00269668192951,-0.00272299112362,-0.878787878788,493,883769
BROAD_SENSITIVITY,BROAD_EQ,OUT_OF_SAMPLE_HOLDOUT,10,3,-0.0282711583498,-0.0225872112246,-0.0034904861361,-0.00351152278462,-0.975757575758,380,827657
BROAD_SENSITIVITY,BROAD_EQ,RESEARCH_DEVELOPMENT,10,5,-0.0413127741532,-0.0396676208933,-0.00159101415428,-0.00188120404644,-0.987878787879,737,1145448
BROAD_SENSITIVITY,BROAD_EQ,VALIDATION,10,5,-0.0470405534264,-0.0376676690637,-0.00375862715759,-0.00380851048948,-0.939393939394,493,880279
BROAD_SENSITIVITY,BROAD_EQ,OUT_OF_SAMPLE_HOLDOUT,10,5,-0.0287440076601,-0.0223772579669,-0.00525228670257,-0.00533796316493,-0.987878787879,380,825184
BROAD_SENSITIVITY,BROAD_EQ,RESEARCH_DEVELOPMENT,10,10,-0.0322743317187,-0.0286672663026,-0.00120756906304,-0.00175788233989,-0.733333333333,737,1135287
BROAD_SENSITIVITY,BROAD_EQ,VALIDATION,10,10,-0.0346320467286,-0.025611796023,-0.00399506142991,-0.00410707985323,-0.915151515152,493,871865
BROAD_SENSITIVITY,BROAD_EQ,OUT_OF_SAMPLE_HOLDOUT,10,10,-0.0180709430524,-0.0115281769408,-0.00621512553888,-0.006469294313,-0.939393939394,380,819225
BROAD_SENSITIVITY,BROAD_EQ,RESEARCH_DEVELOPMENT,10,20,-0.0238280632253,-0.0175872847182,-0.0012616814237,-0.00137979468903,-0.551515151515,737,1116623
BROAD_SENSITIVITY,BROAD_EQ,VALIDATION,10,20,-0.0185762657994,-0.00888799121798,-0.00322875229346,-0.00260344291134,-0.6,493,856119
BROAD_SENSITIVITY,BROAD_EQ,OUT_OF_SAMPLE_HOLDOUT,10,20,-0.0135142320625,-0.0113690074835,-0.00780785022536,-0.00763183918873,-0.563636363636,380,807811
BROAD_SENSITIVITY,BROAD_EQ,RESEARCH_DEVELOPMENT,20,1,-0.0291923932922,-0.0263515675471,8.28729605217e-05,4.84725685104e-05,-0.115151515152,727,1115058
BROAD_SENSITIVITY,BROAD_EQ,VALIDATION,20,1,-0.0268759263888,-0.0271567893561,-0.000460331355762,-0.000469828094898,-0.260606060606,493,869789
BROAD_SENSITIVITY,BROAD_EQ,OUT_OF_SAMPLE_HOLDOUT,20,1,-0.0148280538941,-0.00950780946563,-0.00114468385506,-0.00115563833237,-0.781818181818,380,813665
BROAD_SENSITIVITY,BROAD_EQ,RESEARCH_DEVELOPMENT,20,2,-0.0327908234775,-0.0316600079767,-0.000658059957074,-0.000705759544409,-0.333333333333,727,1113149
BROAD_SENSITIVITY,BROAD_EQ,VALIDATION,20,2,-0.0259653524382,-0.021488613755,-0.000799888017992,-0.000806523334602,-0.260606060606,493,868155
BROAD_SENSITIVITY,BROAD_EQ,OUT_OF_SAMPLE_HOLDOUT,20,2,-0.017669482708,-0.0135038377631,-0.00226372204206,-0.00229119351021,-0.939393939394,380,812498
BROAD_SENSITIVITY,BROAD_EQ,RESEARCH_DEVELOPMENT,20,3,-0.033441527182,-0.0265419949418,-0.00104415166621,-0.00107154856445,-0.442424242424,727,1111253
BROAD_SENSITIVITY,BROAD_EQ,VALIDATION,20,3,-0.0239601888627,-0.0213858542957,-0.000684762360588,-0.000684115732347,-0.0424242424242,493,866537
BROAD_SENSITIVITY,BROAD_EQ,OUT_OF_SAMPLE_HOLDOUT,20,3,-0.0164036957587,-0.00982378138632,-0.00296016369134,-0.00300268433779,-0.793939393939,380,811339
BROAD_SENSITIVITY,BROAD_EQ,RESEARCH_DEVELOPMENT,20,5,-0.0320180443918,-0.0215572426246,-0.00120134492403,-0.00125228329284,-0.721212121212,727,1107513
BROAD_SENSITIVITY,BROAD_EQ,VALIDATION,20,5,-0.0214679077499,-0.0160240674207,-0.000817471671335,-0.000810245750114,0.030303030303,493,863338
BROAD_SENSITIVITY,BROAD_EQ,OUT_OF_SAMPLE_HOLDOUT,20,5,-0.01798544622,-0.0233641998756,-0.00439395233967,-0.00451543195906,-0.854545454545,380,809049
BROAD_SENSITIVITY,BROAD_EQ,RESEARCH_DEVELOPMENT,20,10,-0.0262081716926,-0.0129975492794,-0.000449726855946,-0.00059523052014,-0.672727272727,727,1098643
BROAD_SENSITIVITY,BROAD_EQ,VALIDATION,20,10,-0.0172730749413,-0.00894616505472,-5.98584036502e-05,5.07159180605e-05,0.248484848485,493,855558
BROAD_SENSITIVITY,BROAD_EQ,OUT_OF_SAMPLE_HOLDOUT,20,10,-0.0114155169529,-0.0125709568536,-0.00532296557641,-0.00561909605692,-0.612121212121,380,803466
BROAD_SENSITIVITY,BROAD_EQ,RESEARCH_DEVELOPMENT,20,20,-0.0296039227567,-0.0179787345671,0.000200278575673,0.000806106322444,-0.442424242424,727,1081779
BROAD_SENSITIVITY,BROAD_EQ,VALIDATION,20,20,-0.0124589979119,-0.00169756811602,0.00183771214253,0.00263618161199,0.309090909091,493,840942
BROAD_SENSITIVITY,BROAD_EQ,OUT_OF_SAMPLE_HOLDOUT,20,20,-0.00272716450338,-0.0155323856553,-0.00540881964986,-0.00486238329674,0.0181818181818,380,792721
BROAD_SENSITIVITY,BROAD_EQ,RESEARCH_DEVELOPMENT,40,1,-0.0291730512486,-0.0220634336078,-3.30600653004e-05,-3.5807084914e-05,-0.575757575758,707,1045911
BROAD_SENSITIVITY,BROAD_EQ,VALIDATION,40,1,-0.0213280720314,-0.0170036092242,-0.000266162664294,-0.00027172409832,-0.151515151515,493,837650
BROAD_SENSITIVITY,BROAD_EQ,OUT_OF_SAMPLE_HOLDOUT,40,1,-0.00353489658007,0.00191038727786,-0.000933845391061,-0.000909453293141,-0.345454545455,380,782502
BROAD_SENSITIVITY,BROAD_EQ,RESEARCH_DEVELOPMENT,40,2,-0.0315466718075,-0.0216560320031,-0.00055778875144,-0.000577982452292,-0.624242424242,707,1044353
BROAD_SENSITIVITY,BROAD_EQ,VALIDATION,40,2,-0.019022900009,-0.0125445884274,-0.000602773856781,-0.000592430990426,-0.115151515152,493,836230
BROAD_SENSITIVITY,BROAD_EQ,OUT_OF_SAMPLE_HOLDOUT,40,2,-0.00273757458218,-0.000433211259974,-0.00183021517346,-0.00177356051567,-0.357575757576,380,781469
BROAD_SENSITIVITY,BROAD_EQ,RESEARCH_DEVELOPMENT,40,3,-0.0323701851211,-0.0300926964138,-0.00100625495817,-0.00103255610361,-0.69696969697,707,1042801
BROAD_SENSITIVITY,BROAD_EQ,VALIDATION,40,3,-0.0161371384015,-0.0157188726186,-0.000372329137625,-0.000340018967265,-0.0787878787879,493,834812
BROAD_SENSITIVITY,BROAD_EQ,OUT_OF_SAMPLE_HOLDOUT,40,3,0.0004216487399,0.00360999834612,-0.00221254248198,-0.00211199669652,-0.272727272727,380,780447
BROAD_SENSITIVITY,BROAD_EQ,RESEARCH_DEVELOPMENT,40,5,-0.0318496197882,-0.023604457181,-0.00118898042036,-0.00128450560041,-0.539393939394,707,1039745
BROAD_SENSITIVITY,BROAD_EQ,VALIDATION,40,5,-0.0140994815636,-0.0115495401328,-0.000118505090045,-5.53954635114e-05,0.0909090909091,493,832003
BROAD_SENSITIVITY,BROAD_EQ,OUT_OF_SAMPLE_HOLDOUT,40,5,0.0026811763938,0.00261316243791,-0.0031584000637,-0.00304184499193,-0.224242424242,380,778416
BROAD_SENSITIVITY,BROAD_EQ,RESEARCH_DEVELOPMENT,40,10,-0.0293587414224,-0.0182274920285,-0.000919412164437,-0.00117794527307,-0.442424242424,707,1032281
BROAD_SENSITIVITY,BROAD_EQ,VALIDATION,40,10,-0.0119418423487,-0.00433947307629,0.0011968248852,0.00134380957253,0.333333333333,493,825148
BROAD_SENSITIVITY,BROAD_EQ,OUT_OF_SAMPLE_HOLDOUT,40,10,0.0103619919338,-0.000334576065784,-0.00210847605109,-0.0018900304697,0.151515151515,380,773440
BROAD_SENSITIVITY,BROAD_EQ,RESEARCH_DEVELOPMENT,40,20,-0.0283242814545,-0.0132713625026,0.000909112865209,0.00158008441652,-0.163636363636,707,1017842
BROAD_SENSITIVITY,BROAD_EQ,VALIDATION,40,20,-0.00537417035783,-0.00378908544638,0.00340073595613,0.00417214532289,0.406060606061,493,812062
BROAD_SENSITIVITY,BROAD_EQ,OUT_OF_SAMPLE_HOLDOUT,40,20,0.0139821480656,0.00841460870623,0.000751197884142,0.00203947540729,0.272727272727,380,763834
BROAD_SENSITIVITY,BROAD_EQ,RESEARCH_DEVELOPMENT,60,1,-0.0270148250894,-0.0169653161622,-8.04653144211e-05,-7.95930240317e-05,-0.539393939394,687,982851
BROAD_SENSITIVITY,BROAD_EQ,VALIDATION,60,1,-0.0142782303579,-0.0104915444816,-0.000128542808006,-0.000137687041691,-0.0424242424242,493,809641
BROAD_SENSITIVITY,BROAD_EQ,OUT_OF_SAMPLE_HOLDOUT,60,1,0.00143680133072,0.00768679243643,-0.000594416523328,-0.000564047345409,-0.466666666667,380,753639
BROAD_SENSITIVITY,BROAD_EQ,RESEARCH_DEVELOPMENT,60,2,-0.0279053314399,-0.0197249420881,-0.00061095061984,-0.000592789995434,-0.624242424242,687,981524
BROAD_SENSITIVITY,BROAD_EQ,VALIDATION,60,2,-0.00968377508899,-0.00784319408776,-0.000209102479948,-0.000212285572361,0.139393939394,493,808373
BROAD_SENSITIVITY,BROAD_EQ,OUT_OF_SAMPLE_HOLDOUT,60,2,0.00314879776048,0.00580177275331,-0.00115233463717,-0.00108454495437,-0.369696969697,380,752716
BROAD_SENSITIVITY,BROAD_EQ,RESEARCH_DEVELOPMENT,60,3,-0.0282688021574,-0.0184054149392,-0.0010090956973,-0.000960901615132,-0.648484848485,687,980206
BROAD_SENSITIVITY,BROAD_EQ,VALIDATION,60,3,-0.00658395454811,-0.00429149904611,0.000108438264005,0.000105934332126,0.284848484848,493,807110
BROAD_SENSITIVITY,BROAD_EQ,OUT_OF_SAMPLE_HOLDOUT,60,3,0.0058180478857,0.0180998867998,-0.00129600255469,-0.00118331733871,-0.187878787879,380,751796
BROAD_SENSITIVITY,BROAD_EQ,RESEARCH_DEVELOPMENT,60,5,-0.0264962616539,-0.0141758340415,-0.000881813189894,-0.000831125656108,-0.563636363636,687,977612
BROAD_SENSITIVITY,BROAD_EQ,VALIDATION,60,5,-0.00368577877128,-0.00134438837824,0.000562764442111,0.000553281413258,0.284848484848,493,804604
BROAD_SENSITIVITY,BROAD_EQ,OUT_OF_SAMPLE_HOLDOUT,60,5,0.00736852926583,0.0109554731662,-0.00163572829342,-0.00146378846837,-0.224242424242,380,749972
BROAD_SENSITIVITY,BROAD_EQ,RESEARCH_DEVELOPMENT,60,10,-0.0210164949213,-0.00477075444704,0.000478353519002,0.000604623909462,-0.175757575758,687,971325
BROAD_SENSITIVITY,BROAD_EQ,VALIDATION,60,10,0.00119193657061,0.00988281401164,0.00300272674345,0.0030659259668,0.478787878788,493,798488
BROAD_SENSITIVITY,BROAD_EQ,OUT_OF_SAMPLE_HOLDOUT,60,10,0.00923204662016,0.0107452636532,-0.00127775592341,-0.000949304101423,-0.115151515152,380,745482
BROAD_SENSITIVITY,BROAD_EQ,RESEARCH_DEVELOPMENT,60,20,-0.0144251194631,-0.00632106322966,0.00278551180196,0.00408149267165,0.757575757576,687,959549
BROAD_SENSITIVITY,BROAD_EQ,VALIDATION,60,20,0.00958225724434,0.0106617554441,0.00701523160547,0.00772780456237,0.684848484848,493,786747
BROAD_SENSITIVITY,BROAD_EQ,OUT_OF_SAMPLE_HOLDOUT,60,20,0.00876855869349,0.00980319257256,0.00141677795354,0.00302105373306,0.139393939394,380,736810
PRIMARY_VERIFIED,BASIC_LIQUID,RESEARCH_DEVELOPMENT,5,1,-0.0436490507879,-0.0390257494854,-0.00092675604473,-0.000981311305967,-0.90303030303,687,653102
PRIMARY_VERIFIED,BASIC_LIQUID,VALIDATION,5,1,-0.0414472355061,-0.0363290744683,-0.00108347448705,-0.00108933254943,-0.733333333333,493,635031
PRIMARY_VERIFIED,BASIC_LIQUID,OUT_OF_SAMPLE_HOLDOUT,5,1,-0.0267957337467,-0.0219355043246,-0.001094601495,-0.00107168802568,-0.963636363636,379,544585
PRIMARY_VERIFIED,BASIC_LIQUID,RESEARCH_DEVELOPMENT,5,2,-0.05701728173,-0.0530734034664,-0.00293223933635,-0.00292445137313,-0.987878787879,687,652535
PRIMARY_VERIFIED,BASIC_LIQUID,VALIDATION,5,2,-0.0483125321958,-0.0424066637802,-0.00190789447266,-0.00186541690891,-0.927272727273,493,634107
PRIMARY_VERIFIED,BASIC_LIQUID,OUT_OF_SAMPLE_HOLDOUT,5,2,-0.0345374510167,-0.0257944803081,-0.00242281614425,-0.00238845278333,-0.975757575758,378,542461
PRIMARY_VERIFIED,BASIC_LIQUID,RESEARCH_DEVELOPMENT,5,3,-0.0615529345419,-0.0619909880583,-0.0042310850948,-0.00411536540759,-1,687,651980
PRIMARY_VERIFIED,BASIC_LIQUID,VALIDATION,5,3,-0.0473430657626,-0.0363318736261,-0.0021906993813,-0.00210480029318,-0.878787878788,493,633205
PRIMARY_VERIFIED,BASIC_LIQUID,OUT_OF_SAMPLE_HOLDOUT,5,3,-0.0358005725405,-0.0175909825204,-0.00321122533751,-0.00316850228263,-0.987878787879,377,540379
PRIMARY_VERIFIED,BASIC_LIQUID,RESEARCH_DEVELOPMENT,5,5,-0.057310023077,-0.0548112804664,-0.00460017202956,-0.00434438313079,-1,687,650928
PRIMARY_VERIFIED,BASIC_LIQUID,VALIDATION,5,5,-0.0465750187288,-0.0380863549555,-0.00288645747164,-0.00282309262074,-0.866666666667,493,631532
PRIMARY_VERIFIED,BASIC_LIQUID,OUT_OF_SAMPLE_HOLDOUT,5,5,-0.0334037319888,-0.030922024163,-0.00425037572012,-0.00425090133436,-0.975757575758,375,536286
PRIMARY_VERIFIED,BASIC_LIQUID,RESEARCH_DEVELOPMENT,5,10,-0.0356964858949,-0.0297576068158,-0.00217939156942,-0.00184339944331,-0.927272727273,687,648521
PRIMARY_VERIFIED,BASIC_LIQUID,VALIDATION,5,10,-0.0334331406214,-0.0213270448581,-0.0022955232914,-0.00219008827401,-0.830303030303,493,627724
PRIMARY_VERIFIED,BASIC_LIQUID,OUT_OF_SAMPLE_HOLDOUT,5,10,-0.0214110841384,-0.0159519897588,-0.00325479397491,-0.00347429220852,-0.963636363636,370,526350
PRIMARY_VERIFIED,BASIC_LIQUID,RESEARCH_DEVELOPMENT,5,20,-0.0220984441236,-0.0161993756216,-0.00124657133945,0.000312139899234,-0.248484848485,687,644280
PRIMARY_VERIFIED,BASIC_LIQUID,VALIDATION,5,20,-0.0139258708321,-0.00551804433926,-0.00128255348949,-0.000630377287904,-0.163636363636,493,621096
PRIMARY_VERIFIED,BASIC_LIQUID,OUT_OF_SAMPLE_HOLDOUT,5,20,-0.0147833608785,-0.014822333737,-0.00276767948993,-0.00322066475605,-0.890909090909,360,507096
PRIMARY_VERIFIED,BASIC_LIQUID,RESEARCH_DEVELOPMENT,10,1,-0.0410325353214,-0.032188241978,-0.000635959053685,-0.000617646856102,-0.769696969697,687,652321
PRIMARY_VERIFIED,BASIC_LIQUID,VALIDATION,10,1,-0.0375036119226,-0.0371315203264,-0.000962338428478,-0.000962849903507,-0.672727272727,493,634212
PRIMARY_VERIFIED,BASIC_LIQUID,OUT_OF_SAMPLE_HOLDOUT,10,1,-0.0153003517702,-0.00633641363758,-0.000759508871931,-0.000749758159381,-0.890909090909,379,543884
PRIMARY_VERIFIED,BASIC_LIQUID,RESEARCH_DEVELOPMENT,10,2,-0.0464533260022,-0.044473642843,-0.00141810295101,-0.00129725557082,-0.90303030303,687,651756
PRIMARY_VERIFIED,BASIC_LIQUID,VALIDATION,10,2,-0.0410724552863,-0.035997547551,-0.0016003046839,-0.0015911314895,-0.854545454545,493,633290
PRIMARY_VERIFIED,BASIC_LIQUID,OUT_OF_SAMPLE_HOLDOUT,10,2,-0.0182657305596,-0.00771552695409,-0.00150941888236,-0.00150974170379,-0.963636363636,378,541762
PRIMARY_VERIFIED,BASIC_LIQUID,RESEARCH_DEVELOPMENT,10,3,-0.0459226800132,-0.0419465868056,-0.00155432106021,-0.00129411367029,-0.878787878788,687,651202
PRIMARY_VERIFIED,BASIC_LIQUID,VALIDATION,10,3,-0.0393934279815,-0.0365874049442,-0.00138658731977,-0.00132854519862,-0.660606060606,493,632390
PRIMARY_VERIFIED,BASIC_LIQUID,OUT_OF_SAMPLE_HOLDOUT,10,3,-0.0175674581584,-0.00315572821007,-0.00155838669893,-0.00156180022985,-0.987878787879,377,539682
PRIMARY_VERIFIED,BASIC_LIQUID,RESEARCH_DEVELOPMENT,10,5,-0.0417128199768,-0.0375109159184,-0.000695151795304,-0.000205155953238,-0.660606060606,687,650150
PRIMARY_VERIFIED,BASIC_LIQUID,VALIDATION,10,5,-0.0359515483467,-0.0240263180216,-0.00102573843681,-0.000931273145401,-0.636363636364,493,630721
PRIMARY_VERIFIED,BASIC_LIQUID,OUT_OF_SAMPLE_HOLDOUT,10,5,-0.0178505424522,-0.011634885718,-0.00199595294991,-0.002030832294,-0.927272727273,375,535593
PRIMARY_VERIFIED,BASIC_LIQUID,RESEARCH_DEVELOPMENT,10,10,-0.0275351637459,-0.0190328207993,0.00136277950323,0.00252420780894,0.551515151515,687,647743
PRIMARY_VERIFIED,BASIC_LIQUID,VALIDATION,10,10,-0.022136177979,-0.0119621450317,0.000267692388032,0.000457701220747,-0.0545454545455,493,626921
PRIMARY_VERIFIED,BASIC_LIQUID,OUT_OF_SAMPLE_HOLDOUT,10,10,-0.00977720668874,-0.00658700072741,-0.00133026064319,-0.00151642887995,-0.684848484848,370,525662
PRIMARY_VERIFIED,BASIC_LIQUID,RESEARCH_DEVELOPMENT,10,20,-0.0125376591888,-0.00533463501272,0.00410414592138,0.00662955158031,0.90303030303,687,643503
PRIMARY_VERIFIED,BASIC_LIQUID,VALIDATION,10,20,-0.0112446962994,0.000112476962956,0.00123053336968,0.0021602889984,0.6,493,620305
PRIMARY_VERIFIED,BASIC_LIQUID,OUT_OF_SAMPLE_HOLDOUT,10,20,-0.00693592493792,-0.00935369090366,-0.000923004901706,-0.00140220392654,-0.284848484848,360,506426
PRIMARY_VERIFIED,BASIC_LIQUID,RESEARCH_DEVELOPMENT,20,1,-0.0371913762636,-0.0312625822501,-0.000424463659706,-0.000287302998605,-0.490909090909,687,650628
PRIMARY_VERIFIED,BASIC_LIQUID,VALIDATION,20,1,-0.0250314470929,-0.0215900970016,-0.000233266520918,-0.00021991109003,0.175757575758,493,632215
PRIMARY_VERIFIED,BASIC_LIQUID,OUT_OF_SAMPLE_HOLDOUT,20,1,-0.00923702634305,-0.00218861474878,-0.000614472195734,-0.000617010857311,-0.587878787879,379,542232
PRIMARY_VERIFIED,BASIC_LIQUID,RESEARCH_DEVELOPMENT,20,2,-0.037639156732,-0.0330067338158,-0.00103511782079,-0.000719203042909,-0.6,687,650067
PRIMARY_VERIFIED,BASIC_LIQUID,VALIDATION,20,2,-0.022827530608,-0.019018997215,-0.000163235357664,-0.000101843791221,0.260606060606,493,631298
PRIMARY_VERIFIED,BASIC_LIQUID,OUT_OF_SAMPLE_HOLDOUT,20,2,-0.011886689392,-0.00441228764106,-0.00105171930216,-0.00106586815716,-0.878787878788,378,540114
PRIMARY_VERIFIED,BASIC_LIQUID,RESEARCH_DEVELOPMENT,20,3,-0.0364406895498,-0.0253142613764,-0.00099596180545,-0.000477610826035,-0.406060606061,687,649515
PRIMARY_VERIFIED,BASIC_LIQUID,VALIDATION,20,3,-0.0202538692086,-0.0143277560965,0.000364917709292,0.000487500155727,0.539393939394,493,630407
PRIMARY_VERIFIED,BASIC_LIQUID,OUT_OF_SAMPLE_HOLDOUT,20,3,-0.0108620130231,-0.00585730320587,-0.0011177882468,-0.00115256265597,-0.709090909091,377,538037
PRIMARY_VERIFIED,BASIC_LIQUID,RESEARCH_DEVELOPMENT,20,5,-0.0324824773001,-0.0204616620365,0.000100813196024,0.00101987879083,0.551515151515,687,648465
PRIMARY_VERIFIED,BASIC_LIQUID,VALIDATION,20,5,-0.0165095617342,-0.0096813912176,0.00115803725443,0.00135980753819,0.563636363636,493,628750
PRIMARY_VERIFIED,BASIC_LIQUID,OUT_OF_SAMPLE_HOLDOUT,20,5,-0.012113701073,-0.0129730139616,-0.00159460841814,-0.00167815105834,-0.733333333333,375,533960
PRIMARY_VERIFIED,BASIC_LIQUID,RESEARCH_DEVELOPMENT,20,10,-0.0182588321795,-0.00645690707523,0.00360768656875,0.00524464309232,0.90303030303,687,646070
PRIMARY_VERIFIED,BASIC_LIQUID,VALIDATION,20,10,-0.0113591450405,-0.0014756257946,0.00267945701153,0.00303454727065,0.781818181818,493,624976
PRIMARY_VERIFIED,BASIC_LIQUID,OUT_OF_SAMPLE_HOLDOUT,20,10,-0.00749946417367,-0.0150546626533,-0.00126771866008,-0.00154392514342,-0.212121212121,370,524054
PRIMARY_VERIFIED,BASIC_LIQUID,RESEARCH_DEVELOPMENT,20,20,-0.0121682122191,-0.00605636181943,0.008711969074,0.0114414718681,0.830303030303,687,641850
PRIMARY_VERIFIED,BASIC_LIQUID,VALIDATION,20,20,-0.00740522693842,0.00884569609192,0.0045796281697,0.00578347403024,0.975757575758,493,618397
PRIMARY_VERIFIED,BASIC_LIQUID,OUT_OF_SAMPLE_HOLDOUT,20,20,-0.00118346086532,-0.0135271678932,-0.0009450797365,-0.00140381084045,0.2,360,504891
PRIMARY_VERIFIED,BASIC_LIQUID,RESEARCH_DEVELOPMENT,40,1,-0.0298605440005,-0.023724006123,0.000159118195881,0.000231519487539,0.175757575758,687,644007
PRIMARY_VERIFIED,BASIC_LIQUID,VALIDATION,40,1,-0.0209827776498,-0.0179588370878,-2.48185910426e-06,2.85235327628e-05,0.490909090909,493,622622
PRIMARY_VERIFIED,BASIC_LIQUID,OUT_OF_SAMPLE_HOLDOUT,40,1,-0.000929425990133,0.00307458319753,-0.000541194715913,-0.000538035356779,-0.29696969697,379,534636
PRIMARY_VERIFIED,BASIC_LIQUID,RESEARCH_DEVELOPMENT,40,2,-0.0280070883735,-0.0224048823625,0.000171798933151,0.000373843224797,0.0909090909091,687,643468
PRIMARY_VERIFIED,BASIC_LIQUID,VALIDATION,40,2,-0.0172183803797,-0.0101535369637,-7.9073977171e-05,-1.13134069955e-05,0.466666666667,493,621769
PRIMARY_VERIFIED,BASIC_LIQUID,OUT_OF_SAMPLE_HOLDOUT,40,2,-0.000383533267338,0.00297766546357,-0.000948491166791,-0.000946921155004,-0.224242424242,378,532560
PRIMARY_VERIFIED,BASIC_LIQUID,RESEARCH_DEVELOPMENT,40,3,-0.0267635173498,-0.0206415708196,0.000367745850172,0.000736619912048,0.321212121212,687,642936
PRIMARY_VERIFIED,BASIC_LIQUID,VALIDATION,40,3,-0.0141618463158,-0.0143518379884,0.000349998258159,0.000483245637742,0.563636363636,493,620936
PRIMARY_VERIFIED,BASIC_LIQUID,OUT_OF_SAMPLE_HOLDOUT,40,3,0.00252184685688,0.00387836170544,-0.00099694930169,-0.000977262520788,-0.00606060606061,377,530530
PRIMARY_VERIFIED,BASIC_LIQUID,RESEARCH_DEVELOPMENT,40,5,-0.023292502728,-0.0174539916485,0.00197936101036,0.00259956904382,0.539393939394,687,641924
PRIMARY_VERIFIED,BASIC_LIQUID,VALIDATION,40,5,-0.0111827006965,-0.00437252139864,0.00120802104799,0.00144468164389,0.69696969697,493,619386
PRIMARY_VERIFIED,BASIC_LIQUID,OUT_OF_SAMPLE_HOLDOUT,40,5,0.00436246592345,0.00750434447411,-0.00139298141086,-0.00136762350324,0.0545454545455,375,526537
PRIMARY_VERIFIED,BASIC_LIQUID,RESEARCH_DEVELOPMENT,40,10,-0.0139643214885,-0.00813591708262,0.00620301819653,0.00714973781614,0.890909090909,687,639592
PRIMARY_VERIFIED,BASIC_LIQUID,VALIDATION,40,10,-0.00766422088673,-6.06591093602e-06,0.00314840257103,0.00354598903184,0.636363636364,493,615851
PRIMARY_VERIFIED,BASIC_LIQUID,OUT_OF_SAMPLE_HOLDOUT,40,10,0.00896947376865,-0.00257062812966,-0.000743862538647,-0.000830463870137,0.151515151515,370,516798
PRIMARY_VERIFIED,BASIC_LIQUID,RESEARCH_DEVELOPMENT,40,20,-0.00388432218351,0.00565664671797,0.0128071925004,0.0145484018841,0.951515151515,687,635435
PRIMARY_VERIFIED,BASIC_LIQUID,VALIDATION,40,20,-0.00181515252287,0.000709259250193,0.00531299550963,0.00641941971557,0.660606060606,493,609580
PRIMARY_VERIFIED,BASIC_LIQUID,OUT_OF_SAMPLE_HOLDOUT,40,20,0.00978152048289,-0.00188091077998,0.00018100270107,6.50833511247e-05,0.430303030303,360,497899
PRIMARY_VERIFIED,BASIC_LIQUID,RESEARCH_DEVELOPMENT,60,1,-0.0245010176841,-0.0176682553052,0.000276850115397,0.000405873517937,0.454545454545,681,634079
PRIMARY_VERIFIED,BASIC_LIQUID,VALIDATION,60,1,-0.0145795975193,-0.0128257749477,0.00034957411564,0.000353305495264,0.660606060606,493,613930
PRIMARY_VERIFIED,BASIC_LIQUID,OUT_OF_SAMPLE_HOLDOUT,60,1,0.0013331170807,0.00423399722553,-0.000363430717645,-0.000353630324303,-0.369696969697,379,527177
PRIMARY_VERIFIED,BASIC_LIQUID,RESEARCH_DEVELOPMENT,60,2,-0.0206779924348,-0.0163170582925,0.000497044430679,0.000761711208461,0.684848484848,681,633568
PRIMARY_VERIFIED,BASIC_LIQUID,VALIDATION,60,2,-0.0090170163763,-0.00618005422721,0.000651584689547,0.000683780922034,0.648484848485,493,613131
PRIMARY_VERIFIED,BASIC_LIQUID,OUT_OF_SAMPLE_HOLDOUT,60,2,0.00193286877236,0.00707729160896,-0.000704159869654,-0.000671840475321,-0.260606060606,378,525143
PRIMARY_VERIFIED,BASIC_LIQUID,RESEARCH_DEVELOPMENT,60,3,-0.0183901735405,-0.0106441652982,0.00104384560475,0.00146195423745,0.781818181818,681,633064
PRIMARY_VERIFIED,BASIC_LIQUID,VALIDATION,60,3,-0.00601088000265,-0.00455574338108,0.00117719371395,0.0012587221347,0.806060606061,493,612352
PRIMARY_VERIFIED,BASIC_LIQUID,OUT_OF_SAMPLE_HOLDOUT,60,3,0.0034483062627,0.0136678593044,-0.000700780149925,-0.000642866670402,-0.248484848485,377,523153
PRIMARY_VERIFIED,BASIC_LIQUID,RESEARCH_DEVELOPMENT,60,5,-0.0136716065143,-0.00782186457875,0.00314686872608,0.00385663278464,0.987878787879,681,632106
PRIMARY_VERIFIED,BASIC_LIQUID,VALIDATION,60,5,-0.00251880090822,0.00283306591855,0.00213842420847,0.00226215856307,0.818181818182,493,610896
PRIMARY_VERIFIED,BASIC_LIQUID,OUT_OF_SAMPLE_HOLDOUT,60,5,0.00369969053572,0.00688713977351,-0.000778268887074,-0.000694915779906,-0.212121212121,375,519241
PRIMARY_VERIFIED,BASIC_LIQUID,RESEARCH_DEVELOPMENT,60,10,-0.00241776213031,-0.00229071545127,0.00805290791316,0.00921895845394,1,681,629890
PRIMARY_VERIFIED,BASIC_LIQUID,VALIDATION,60,10,0.00379176641412,0.0138848378528,0.00487904558224,0.0051052823119,0.927272727273,493,607552
PRIMARY_VERIFIED,BASIC_LIQUID,OUT_OF_SAMPLE_HOLDOUT,60,10,0.00184946311734,-0.00159130859647,-0.000381878665487,-0.000470383594204,-0.151515151515,370,509703
PRIMARY_VERIFIED,BASIC_LIQUID,RESEARCH_DEVELOPMENT,60,20,0.00713333442505,0.0140226238782,0.0134646480262,0.0160714449995,0.987878787879,681,625859
PRIMARY_VERIFIED,BASIC_LIQUID,VALIDATION,60,20,0.0130629527988,0.0131509194096,0.00821550094018,0.00873541490399,0.963636363636,493,601555
PRIMARY_VERIFIED,BASIC_LIQUID,OUT_OF_SAMPLE_HOLDOUT,60,20,-0.00192221979298,-0.00252618491686,-3.99799373191e-05,-0.000202815022983,-0.0666666666667,360,491125
BROAD_SENSITIVITY,BASIC_LIQUID,RESEARCH_DEVELOPMENT,5,1,-0.0436490507879,-0.0390257494854,-0.00092675604473,-0.000981311305967,-0.90303030303,687,653102
BROAD_SENSITIVITY,BASIC_LIQUID,VALIDATION,5,1,-0.0414472355061,-0.0363290744683,-0.00108347448705,-0.00108933254943,-0.733333333333,493,635031
BROAD_SENSITIVITY,BASIC_LIQUID,OUT_OF_SAMPLE_HOLDOUT,5,1,-0.0269081629555,-0.0225992564034,-0.0010980016359,-0.00107544290296,-0.963636363636,380,546148
BROAD_SENSITIVITY,BASIC_LIQUID,RESEARCH_DEVELOPMENT,5,2,-0.05701728173,-0.0530734034664,-0.00293223933635,-0.00292445137313,-0.987878787879,687,652535
BROAD_SENSITIVITY,BASIC_LIQUID,VALIDATION,5,2,-0.0483125321958,-0.0424066637802,-0.00190789447266,-0.00186541690891,-0.927272727273,493,634107
BROAD_SENSITIVITY,BASIC_LIQUID,OUT_OF_SAMPLE_HOLDOUT,5,2,-0.0346479970798,-0.0264551970551,-0.00242142489542,-0.00238706948252,-0.975757575758,380,545587
BROAD_SENSITIVITY,BASIC_LIQUID,RESEARCH_DEVELOPMENT,5,3,-0.0615529345419,-0.0619909880583,-0.0042310850948,-0.00411536540759,-1,687,651980
BROAD_SENSITIVITY,BASIC_LIQUID,VALIDATION,5,3,-0.0473430657626,-0.0363318736261,-0.0021906993813,-0.00210480029318,-0.878787878788,493,633205
BROAD_SENSITIVITY,BASIC_LIQUID,OUT_OF_SAMPLE_HOLDOUT,5,3,-0.0358005908357,-0.0178452763624,-0.00318582339651,-0.00314134901671,-0.987878787879,380,545041
BROAD_SENSITIVITY,BASIC_LIQUID,RESEARCH_DEVELOPMENT,5,5,-0.057310023077,-0.0548112804664,-0.00460017202956,-0.00434438313079,-1,687,650928
BROAD_SENSITIVITY,BASIC_LIQUID,VALIDATION,5,5,-0.0465750187288,-0.0380863549555,-0.00288645747164,-0.00282309262074,-0.866666666667,493,631532
BROAD_SENSITIVITY,BASIC_LIQUID,OUT_OF_SAMPLE_HOLDOUT,5,5,-0.0336648170841,-0.0311667006201,-0.00417919152051,-0.00417559702252,-0.975757575758,380,544013
BROAD_SENSITIVITY,BASIC_LIQUID,RESEARCH_DEVELOPMENT,5,10,-0.0356964858949,-0.0297576068158,-0.00217939156942,-0.00184339944331,-0.927272727273,687,648521
BROAD_SENSITIVITY,BASIC_LIQUID,VALIDATION,5,10,-0.0334331406214,-0.0213270448581,-0.0022955232914,-0.00219008827401,-0.830303030303,493,627724
BROAD_SENSITIVITY,BASIC_LIQUID,OUT_OF_SAMPLE_HOLDOUT,5,10,-0.021251631587,-0.0160308785867,-0.0030240349654,-0.00321888811083,-0.963636363636,380,541703
BROAD_SENSITIVITY,BASIC_LIQUID,RESEARCH_DEVELOPMENT,5,20,-0.0220984441236,-0.0161993756216,-0.00124657133945,0.000312139899234,-0.248484848485,687,644280
BROAD_SENSITIVITY,BASIC_LIQUID,VALIDATION,5,20,-0.0139258708321,-0.00551804433926,-0.00128255348949,-0.000630377287904,-0.163636363636,493,621096
BROAD_SENSITIVITY,BASIC_LIQUID,OUT_OF_SAMPLE_HOLDOUT,5,20,-0.0158528853704,-0.0169658728648,-0.00301852304956,-0.00346188872746,-0.939393939394,380,537499
BROAD_SENSITIVITY,BASIC_LIQUID,RESEARCH_DEVELOPMENT,10,1,-0.0410325353214,-0.032188241978,-0.000635959053685,-0.000617646856102,-0.769696969697,687,652321
BROAD_SENSITIVITY,BASIC_LIQUID,VALIDATION,10,1,-0.0375036119226,-0.0371315203264,-0.000962338428478,-0.000962849903507,-0.672727272727,493,634212
BROAD_SENSITIVITY,BASIC_LIQUID,OUT_OF_SAMPLE_HOLDOUT,10,1,-0.0153033217547,-0.0064941841464,-0.000764121505274,-0.000754857180339,-0.878787878788,380,545446
BROAD_SENSITIVITY,BASIC_LIQUID,RESEARCH_DEVELOPMENT,10,2,-0.0464533260022,-0.044473642843,-0.00141810295101,-0.00129725557082,-0.90303030303,687,651756
BROAD_SENSITIVITY,BASIC_LIQUID,VALIDATION,10,2,-0.0410724552863,-0.035997547551,-0.0016003046839,-0.0015911314895,-0.854545454545,493,633290
BROAD_SENSITIVITY,BASIC_LIQUID,OUT_OF_SAMPLE_HOLDOUT,10,2,-0.0181914994616,-0.00771552695409,-0.00151992247828,-0.00152120367793,-0.963636363636,380,544885
BROAD_SENSITIVITY,BASIC_LIQUID,RESEARCH_DEVELOPMENT,10,3,-0.0459226800132,-0.0419465868056,-0.00155432106021,-0.00129411367029,-0.878787878788,687,651202
BROAD_SENSITIVITY,BASIC_LIQUID,VALIDATION,10,3,-0.0393934279815,-0.0365874049442,-0.00138658731977,-0.00132854519862,-0.660606060606,493,632390
BROAD_SENSITIVITY,BASIC_LIQUID,OUT_OF_SAMPLE_HOLDOUT,10,3,-0.017345802786,-0.00281145976313,-0.00156220614497,-0.00156602755114,-0.987878787879,380,544339
BROAD_SENSITIVITY,BASIC_LIQUID,RESEARCH_DEVELOPMENT,10,5,-0.0417128199768,-0.0375109159184,-0.000695151795304,-0.000205155953238,-0.660606060606,687,650150
BROAD_SENSITIVITY,BASIC_LIQUID,VALIDATION,10,5,-0.0359515483467,-0.0240263180216,-0.00102573843681,-0.000931273145401,-0.636363636364,493,630721
BROAD_SENSITIVITY,BASIC_LIQUID,OUT_OF_SAMPLE_HOLDOUT,10,5,-0.017835588602,-0.0111060498448,-0.00196189830465,-0.00199402756228,-0.915151515152,380,543311
BROAD_SENSITIVITY,BASIC_LIQUID,RESEARCH_DEVELOPMENT,10,10,-0.0275351637459,-0.0190328207993,0.00136277950323,0.00252420780894,0.551515151515,687,647743
BROAD_SENSITIVITY,BASIC_LIQUID,VALIDATION,10,10,-0.022136177979,-0.0119621450317,0.000267692388032,0.000457701220747,-0.0545454545455,493,626921
BROAD_SENSITIVITY,BASIC_LIQUID,OUT_OF_SAMPLE_HOLDOUT,10,10,-0.00928381140059,-0.00505426182662,-0.00122358846952,-0.00139634843917,-0.636363636364,380,541001
BROAD_SENSITIVITY,BASIC_LIQUID,RESEARCH_DEVELOPMENT,10,20,-0.0125376591888,-0.00533463501272,0.00410414592138,0.00662955158031,0.90303030303,687,643503
BROAD_SENSITIVITY,BASIC_LIQUID,VALIDATION,10,20,-0.0112446962994,0.000112476962956,0.00123053336968,0.0021602889984,0.6,493,620305
BROAD_SENSITIVITY,BASIC_LIQUID,OUT_OF_SAMPLE_HOLDOUT,10,20,-0.00955296695468,-0.0131788540412,-0.00192576297503,-0.00244954741279,-0.393939393939,380,536797
BROAD_SENSITIVITY,BASIC_LIQUID,RESEARCH_DEVELOPMENT,20,1,-0.0371913762636,-0.0312625822501,-0.000424463659706,-0.000287302998605,-0.490909090909,687,650628
BROAD_SENSITIVITY,BASIC_LIQUID,VALIDATION,20,1,-0.0250314470929,-0.0215900970016,-0.000233266520918,-0.00021991109003,0.175757575758,493,632215
BROAD_SENSITIVITY,BASIC_LIQUID,OUT_OF_SAMPLE_HOLDOUT,20,1,-0.00931891536621,-0.00221566628687,-0.00061452884655,-0.000617127340851,-0.575757575758,380,543790
BROAD_SENSITIVITY,BASIC_LIQUID,RESEARCH_DEVELOPMENT,20,2,-0.037639156732,-0.0330067338158,-0.00103511782079,-0.000719203042909,-0.6,687,650067
BROAD_SENSITIVITY,BASIC_LIQUID,VALIDATION,20,2,-0.022827530608,-0.019018997215,-0.000163235357664,-0.000101843791221,0.260606060606,493,631298
BROAD_SENSITIVITY,BASIC_LIQUID,OUT_OF_SAMPLE_HOLDOUT,20,2,-0.0119612767621,-0.00441228764106,-0.00104244829784,-0.00105566241918,-0.890909090909,380,543232
BROAD_SENSITIVITY,BASIC_LIQUID,RESEARCH_DEVELOPMENT,20,3,-0.0364406895498,-0.0253142613764,-0.00099596180545,-0.000477610826035,-0.406060606061,687,649515
BROAD_SENSITIVITY,BASIC_LIQUID,VALIDATION,20,3,-0.0202538692086,-0.0143277560965,0.000364917709292,0.000487500155727,0.539393939394,493,630407
BROAD_SENSITIVITY,BASIC_LIQUID,OUT_OF_SAMPLE_HOLDOUT,20,3,-0.0110815578222,-0.0083088633873,-0.00111002662554,-0.00114376047948,-0.648484848485,380,542687
BROAD_SENSITIVITY,BASIC_LIQUID,RESEARCH_DEVELOPMENT,20,5,-0.0324824773001,-0.0204616620365,0.000100813196024,0.00101987879083,0.551515151515,687,648465
BROAD_SENSITIVITY,BASIC_LIQUID,VALIDATION,20,5,-0.0165095617342,-0.0096813912176,0.00115803725443,0.00135980753819,0.563636363636,493,628750
BROAD_SENSITIVITY,BASIC_LIQUID,OUT_OF_SAMPLE_HOLDOUT,20,5,-0.0129107720578,-0.0154258474979,-0.00166477509131,-0.00175361176349,-0.806060606061,380,541665
BROAD_SENSITIVITY,BASIC_LIQUID,RESEARCH_DEVELOPMENT,20,10,-0.0182588321795,-0.00645690707523,0.00360768656875,0.00524464309232,0.90303030303,687,646070
BROAD_SENSITIVITY,BASIC_LIQUID,VALIDATION,20,10,-0.0113591450405,-0.0014756257946,0.00267945701153,0.00303454727065,0.781818181818,493,624976
BROAD_SENSITIVITY,BASIC_LIQUID,OUT_OF_SAMPLE_HOLDOUT,20,10,-0.00943168053025,-0.0174138971226,-0.00166530618804,-0.00197175859107,-0.381818181818,380,539362
BROAD_SENSITIVITY,BASIC_LIQUID,RESEARCH_DEVELOPMENT,20,20,-0.0121682122191,-0.00605636181943,0.008711969074,0.0114414718681,0.830303030303,687,641850
BROAD_SENSITIVITY,BASIC_LIQUID,VALIDATION,20,20,-0.00740522693842,0.00884569609192,0.0045796281697,0.00578347403024,0.975757575758,493,618397
BROAD_SENSITIVITY,BASIC_LIQUID,OUT_OF_SAMPLE_HOLDOUT,20,20,-0.00431545516045,-0.0185854331761,-0.00201234058907,-0.00253466350178,0.212121212121,380,535172
BROAD_SENSITIVITY,BASIC_LIQUID,RESEARCH_DEVELOPMENT,40,1,-0.0298605440005,-0.023724006123,0.000159118195881,0.000231519487539,0.175757575758,687,644007
BROAD_SENSITIVITY,BASIC_LIQUID,VALIDATION,40,1,-0.0209827776498,-0.0179588370878,-2.48185910426e-06,2.85235327628e-05,0.490909090909,493,622622
BROAD_SENSITIVITY,BASIC_LIQUID,OUT_OF_SAMPLE_HOLDOUT,40,1,-0.000964866981772,0.00306075786389,-0.000534739085078,-0.000531055511797,-0.248484848485,380,536180
BROAD_SENSITIVITY,BASIC_LIQUID,RESEARCH_DEVELOPMENT,40,2,-0.0280070883735,-0.0224048823625,0.000171798933151,0.000373843224797,0.0909090909091,687,643468
BROAD_SENSITIVITY,BASIC_LIQUID,VALIDATION,40,2,-0.0172183803797,-0.0101535369637,-7.9073977171e-05,-1.13134069955e-05,0.466666666667,493,621769
BROAD_SENSITIVITY,BASIC_LIQUID,OUT_OF_SAMPLE_HOLDOUT,40,2,-0.000595364369291,0.00297766546357,-0.00094792398029,-0.000946310182863,-0.224242424242,380,535651
BROAD_SENSITIVITY,BASIC_LIQUID,RESEARCH_DEVELOPMENT,40,3,-0.0267635173498,-0.0206415708196,0.000367745850172,0.000736619912048,0.321212121212,687,642936
BROAD_SENSITIVITY,BASIC_LIQUID,VALIDATION,40,3,-0.0141618463158,-0.0143518379884,0.000349998258159,0.000483245637742,0.563636363636,493,620936
BROAD_SENSITIVITY,BASIC_LIQUID,OUT_OF_SAMPLE_HOLDOUT,40,3,0.00192344046182,0.00257117659053,-0.000999433381687,-0.000980093550282,-0.030303030303,380,535135
BROAD_SENSITIVITY,BASIC_LIQUID,RESEARCH_DEVELOPMENT,40,5,-0.023292502728,-0.0174539916485,0.00197936101036,0.00259956904382,0.539393939394,687,641924
BROAD_SENSITIVITY,BASIC_LIQUID,VALIDATION,40,5,-0.0111827006965,-0.00437252139864,0.00120802104799,0.00144468164389,0.69696969697,493,619386
BROAD_SENSITIVITY,BASIC_LIQUID,OUT_OF_SAMPLE_HOLDOUT,40,5,0.00303521873257,0.00570768896872,-0.00144029312409,-0.00142074800892,0.0545454545455,380,534164
BROAD_SENSITIVITY,BASIC_LIQUID,RESEARCH_DEVELOPMENT,40,10,-0.0139643214885,-0.00813591708262,0.00620301819653,0.00714973781614,0.890909090909,687,639592
BROAD_SENSITIVITY,BASIC_LIQUID,VALIDATION,40,10,-0.00766422088673,-6.06591093602e-06,0.00314840257103,0.00354598903184,0.636363636364,493,615851
BROAD_SENSITIVITY,BASIC_LIQUID,OUT_OF_SAMPLE_HOLDOUT,40,10,0.00719065471198,-0.00396821359029,-0.000935484230364,-0.00104253833441,0.139393939394,380,531964
BROAD_SENSITIVITY,BASIC_LIQUID,RESEARCH_DEVELOPMENT,40,20,-0.00388432218351,0.00565664671797,0.0128071925004,0.0145484018841,0.951515151515,687,635435
BROAD_SENSITIVITY,BASIC_LIQUID,VALIDATION,40,20,-0.00181515252287,0.000709259250193,0.00531299550963,0.00641941971557,0.660606060606,493,609580
BROAD_SENSITIVITY,BASIC_LIQUID,OUT_OF_SAMPLE_HOLDOUT,40,20,0.00780345926919,-0.0059745405754,-0.000262554472561,-0.000414471902178,0.321212121212,380,527928
BROAD_SENSITIVITY,BASIC_LIQUID,RESEARCH_DEVELOPMENT,60,1,-0.0244440233529,-0.0176191713775,0.000278608058251,0.000405738313803,0.454545454545,687,637448
BROAD_SENSITIVITY,BASIC_LIQUID,VALIDATION,60,1,-0.0145795975193,-0.0128257749477,0.00034957411564,0.000353305495264,0.660606060606,493,613930
BROAD_SENSITIVITY,BASIC_LIQUID,OUT_OF_SAMPLE_HOLDOUT,60,1,0.00146472161799,0.00446411200585,-0.000346960879436,-0.000335393835401,-0.309090909091,380,528709
BROAD_SENSITIVITY,BASIC_LIQUID,RESEARCH_DEVELOPMENT,60,2,-0.021063528572,-0.0169276361674,0.000437994885051,0.000724281247776,0.6,687,636936
BROAD_SENSITIVITY,BASIC_LIQUID,VALIDATION,60,2,-0.0090170163763,-0.00618005422721,0.000651584689547,0.000683780922034,0.648484848485,493,613131
BROAD_SENSITIVITY,BASIC_LIQUID,OUT_OF_SAMPLE_HOLDOUT,60,2,0.00195009254201,0.00707729160896,-0.000690481575033,-0.000656786940733,-0.260606060606,380,528208
BROAD_SENSITIVITY,BASIC_LIQUID,RESEARCH_DEVELOPMENT,60,3,-0.0189791322421,-0.012582081684,0.000930233871407,0.00139060666292,0.660606060606,687,636431
BROAD_SENSITIVITY,BASIC_LIQUID,VALIDATION,60,3,-0.00601088000265,-0.00455574338108,0.00117719371395,0.0012587221347,0.806060606061,493,612352
BROAD_SENSITIVITY,BASIC_LIQUID,OUT_OF_SAMPLE_HOLDOUT,60,3,0.00330710131351,0.0136196231174,-0.000706558323779,-0.000649673735063,-0.224242424242,380,527719
BROAD_SENSITIVITY,BASIC_LIQUID,RESEARCH_DEVELOPMENT,60,5,-0.0146663388825,-0.00943858609399,0.00282666902754,0.0036615752589,0.939393939394,687,635471
BROAD_SENSITIVITY,BASIC_LIQUID,VALIDATION,60,5,-0.00251880090822,0.00283306591855,0.00213842420847,0.00226215856307,0.818181818182,493,610896
BROAD_SENSITIVITY,BASIC_LIQUID,OUT_OF_SAMPLE_HOLDOUT,60,5,0.00317243419541,0.00329847937461,-0.000807942620882,-0.000729711811326,-0.175757575758,380,526802
BROAD_SENSITIVITY,BASIC_LIQUID,RESEARCH_DEVELOPMENT,60,10,-0.00463013096913,-0.00284628314621,0.00681686244296,0.0084589098071,1,687,633250
BROAD_SENSITIVITY,BASIC_LIQUID,VALIDATION,60,10,0.00379176641412,0.0138848378528,0.00487904558224,0.0051052823119,0.927272727273,493,607552
BROAD_SENSITIVITY,BASIC_LIQUID,OUT_OF_SAMPLE_HOLDOUT,60,10,0.000636963634878,-0.00305429786261,-0.000663160974504,-0.000779796352184,-0.115151515152,380,524726
BROAD_SENSITIVITY,BASIC_LIQUID,RESEARCH_DEVELOPMENT,60,20,0.00595109804652,0.0132237422295,0.0123196161376,0.0153622004131,0.987878787879,687,629215
BROAD_SENSITIVITY,BASIC_LIQUID,VALIDATION,60,20,0.0130629527988,0.0131509194096,0.00821550094018,0.00873541490399,0.963636363636,493,601555
BROAD_SENSITIVITY,BASIC_LIQUID,OUT_OF_SAMPLE_HOLDOUT,60,20,-0.00430441052234,-0.00591179713721,-0.000570887396518,-0.000772474121019,-0.0666666666667,380,520882
PRIMARY_VERIFIED,MODERATE_LIQUID,RESEARCH_DEVELOPMENT,5,1,-0.0369275561672,-0.0332877293175,-0.000543342399675,-0.000561378805415,-0.648484848485,627,356720
PRIMARY_VERIFIED,MODERATE_LIQUID,VALIDATION,5,1,-0.0342195533415,-0.0305694638846,-0.000625438770223,-0.00059857636265,-0.612121212121,493,414118
PRIMARY_VERIFIED,MODERATE_LIQUID,OUT_OF_SAMPLE_HOLDOUT,5,1,-0.0222505352358,-0.0152689409126,-0.000667394283003,-0.000630045351276,-0.963636363636,379,355663
PRIMARY_VERIFIED,MODERATE_LIQUID,RESEARCH_DEVELOPMENT,5,2,-0.0485599557821,-0.0454273277126,-0.00197456172065,-0.00199783997907,-0.963636363636,627,356460
PRIMARY_VERIFIED,MODERATE_LIQUID,VALIDATION,5,2,-0.039528004465,-0.0315706338608,-0.0011203079318,-0.00100394581203,-0.781818181818,493,413706
PRIMARY_VERIFIED,MODERATE_LIQUID,OUT_OF_SAMPLE_HOLDOUT,5,2,-0.0283745913369,-0.0184841231875,-0.001634731939,-0.00159776596579,-0.939393939394,378,354275
PRIMARY_VERIFIED,MODERATE_LIQUID,RESEARCH_DEVELOPMENT,5,3,-0.0518501133391,-0.0524511193388,-0.00273445352835,-0.00274937983063,-0.963636363636,627,356206
PRIMARY_VERIFIED,MODERATE_LIQUID,VALIDATION,5,3,-0.0375038116797,-0.0275611299567,-0.00103354827301,-0.000855183148361,-0.69696969697,493,413302
PRIMARY_VERIFIED,MODERATE_LIQUID,OUT_OF_SAMPLE_HOLDOUT,5,3,-0.0293738327623,-0.0128770826609,-0.0021874514861,-0.00213838280065,-0.963636363636,377,352898
PRIMARY_VERIFIED,MODERATE_LIQUID,RESEARCH_DEVELOPMENT,5,5,-0.0482213567997,-0.0414272837645,-0.00307158007259,-0.00305756010664,-0.963636363636,627,355712
PRIMARY_VERIFIED,MODERATE_LIQUID,VALIDATION,5,5,-0.0364067393164,-0.0294914323151,-0.00115839138752,-0.000977829598543,-0.624242424242,493,412559
PRIMARY_VERIFIED,MODERATE_LIQUID,OUT_OF_SAMPLE_HOLDOUT,5,5,-0.0269088716869,-0.0231427223486,-0.0029620837777,-0.00290724937833,-0.939393939394,375,350178
PRIMARY_VERIFIED,MODERATE_LIQUID,RESEARCH_DEVELOPMENT,5,10,-0.0291441902477,-0.0279863289034,-9.27205493597e-05,-0.000319468349245,-0.551515151515,627,354599
PRIMARY_VERIFIED,MODERATE_LIQUID,VALIDATION,5,10,-0.0262429294052,-0.0158863367908,-0.000930279016804,-0.000617344943503,-0.660606060606,493,410874
PRIMARY_VERIFIED,MODERATE_LIQUID,OUT_OF_SAMPLE_HOLDOUT,5,10,-0.0160559402157,-0.013360550584,-0.00159934320804,-0.00160999433046,-0.927272727273,370,343557
PRIMARY_VERIFIED,MODERATE_LIQUID,RESEARCH_DEVELOPMENT,5,20,-0.0158485126005,-0.0139759374375,0.00240602403664,0.00271049737352,0.442424242424,627,352574
PRIMARY_VERIFIED,MODERATE_LIQUID,VALIDATION,5,20,-0.00974111347392,-2.99400311911e-06,0.000905493547938,0.00185998826975,0.260606060606,493,407816
PRIMARY_VERIFIED,MODERATE_LIQUID,OUT_OF_SAMPLE_HOLDOUT,5,20,-0.0125911994632,-0.0117117484169,-0.000904675020279,-0.00104782918893,-0.854545454545,360,330693
PRIMARY_VERIFIED,MODERATE_LIQUID,RESEARCH_DEVELOPMENT,10,1,-0.0339910458613,-0.025304583945,-0.000227742233558,-0.000257565572046,-0.030303030303,627,356259
PRIMARY_VERIFIED,MODERATE_LIQUID,VALIDATION,10,1,-0.0315989496286,-0.0252922484028,-0.000570091584404,-0.000560782592906,-0.454545454545,493,413561
PRIMARY_VERIFIED,MODERATE_LIQUID,OUT_OF_SAMPLE_HOLDOUT,10,1,-0.0126410115317,-0.00720513812315,-0.000491051183537,-0.000451826256073,-0.854545454545,379,355119
PRIMARY_VERIFIED,MODERATE_LIQUID,RESEARCH_DEVELOPMENT,10,2,-0.0379659434058,-0.0387135003764,-0.000357909992638,-0.000359137292385,-0.648484848485,627,355999
PRIMARY_VERIFIED,MODERATE_LIQUID,VALIDATION,10,2,-0.033954808137,-0.0283323331183,-0.000995226533153,-0.000956311993364,-0.745454545455,493,413151
PRIMARY_VERIFIED,MODERATE_LIQUID,OUT_OF_SAMPLE_HOLDOUT,10,2,-0.0145526281009,-0.00155723915443,-0.00101853243949,-0.00097567452018,-0.939393939394,378,353733
PRIMARY_VERIFIED,MODERATE_LIQUID,RESEARCH_DEVELOPMENT,10,3,-0.0364661318038,-0.0342898661036,8.66427170706e-05,9.4509861566e-05,-0.369696969697,627,355745
PRIMARY_VERIFIED,MODERATE_LIQUID,VALIDATION,10,3,-0.0322171353626,-0.0320822592435,-0.000659086040724,-0.000563704314755,-0.587878787879,493,412749
PRIMARY_VERIFIED,MODERATE_LIQUID,OUT_OF_SAMPLE_HOLDOUT,10,3,-0.013694239284,-0.00234678219055,-0.0010545753164,-0.000985658522649,-0.951515151515,377,352358
PRIMARY_VERIFIED,MODERATE_LIQUID,RESEARCH_DEVELOPMENT,10,5,-0.0327609764198,-0.0278954957833,0.00159939818496,0.00159688571289,0.0787878787879,627,355251
PRIMARY_VERIFIED,MODERATE_LIQUID,VALIDATION,10,5,-0.028726375744,-0.0198316226396,7.57715926379e-05,0.000212826523315,-0.309090909091,493,412009
PRIMARY_VERIFIED,MODERATE_LIQUID,OUT_OF_SAMPLE_HOLDOUT,10,5,-0.0133328525689,-0.00997314096982,-0.0010184987776,-0.000913853630238,-0.781818181818,375,349642
PRIMARY_VERIFIED,MODERATE_LIQUID,RESEARCH_DEVELOPMENT,10,10,-0.0188808897985,-0.013546334512,0.00577099944144,0.00570857149493,0.672727272727,627,354138
PRIMARY_VERIFIED,MODERATE_LIQUID,VALIDATION,10,10,-0.0172724971815,-0.00290865783275,0.00140239001863,0.00171644048353,0.333333333333,493,410324
PRIMARY_VERIFIED,MODERATE_LIQUID,OUT_OF_SAMPLE_HOLDOUT,10,10,-0.00686408024705,-0.00711351504429,0.000236847886928,0.000409697279958,-0.272727272727,370,343026
PRIMARY_VERIFIED,MODERATE_LIQUID,RESEARCH_DEVELOPMENT,10,20,-0.00391461546897,0.00100104783683,0.0104214384207,0.011198522935,0.915151515152,627,352114
PRIMARY_VERIFIED,MODERATE_LIQUID,VALIDATION,10,20,-0.00686716526012,0.000787068700595,0.00347952701132,0.00490256238123,0.806060606061,493,407271
PRIMARY_VERIFIED,MODERATE_LIQUID,OUT_OF_SAMPLE_HOLDOUT,10,20,-0.00836211055035,-0.00974020908634,0.00100899433216,0.000954180609737,-0.212121212121,360,330175
PRIMARY_VERIFIED,MODERATE_LIQUID,RESEARCH_DEVELOPMENT,20,1,-0.0309015570865,-0.0281093226202,0.000175841884524,0.000182843121133,0.454545454545,627,355295
PRIMARY_VERIFIED,MODERATE_LIQUID,VALIDATION,20,1,-0.0222593286168,-0.0205464886002,0.000146551632533,0.000134027403803,0.612121212121,493,412367
PRIMARY_VERIFIED,MODERATE_LIQUID,OUT_OF_SAMPLE_HOLDOUT,20,1,-0.00915673334994,-0.00704671296297,-0.00052615259561,-0.000497401299659,-0.624242424242,379,353986
PRIMARY_VERIFIED,MODERATE_LIQUID,RESEARCH_DEVELOPMENT,20,2,-0.02981454435,-0.0255285152592,0.000414721338528,0.000421676157857,0.406060606061,627,355038
PRIMARY_VERIFIED,MODERATE_LIQUID,VALIDATION,20,2,-0.0187763255904,-0.0146375593114,0.000551279797706,0.000603964882201,0.69696969697,493,411958
PRIMARY_VERIFIED,MODERATE_LIQUID,OUT_OF_SAMPLE_HOLDOUT,20,2,-0.0107506888707,-0.00982899883004,-0.000831327671819,-0.00080010902505,-0.757575757576,378,352602
PRIMARY_VERIFIED,MODERATE_LIQUID,RESEARCH_DEVELOPMENT,20,3,-0.0279772388217,-0.0234650360641,0.00111025625399,0.00113966351639,0.624242424242,627,354784
PRIMARY_VERIFIED,MODERATE_LIQUID,VALIDATION,20,3,-0.0159499888657,-0.00921025292192,0.00116469756039,0.00129319863697,0.842424242424,493,411559
PRIMARY_VERIFIED,MODERATE_LIQUID,OUT_OF_SAMPLE_HOLDOUT,20,3,-0.00976677255209,-0.0081582283504,-0.000849846011698,-0.000805681285714,-0.806060606061,377,351229
PRIMARY_VERIFIED,MODERATE_LIQUID,RESEARCH_DEVELOPMENT,20,5,-0.0233915279887,-0.0166145074552,0.00289239930029,0.00294338699028,0.939393939394,627,354291
PRIMARY_VERIFIED,MODERATE_LIQUID,VALIDATION,20,5,-0.0120237492055,-0.00391849821802,0.00222035080337,0.00248837487913,0.830303030303,493,410822
PRIMARY_VERIFIED,MODERATE_LIQUID,OUT_OF_SAMPLE_HOLDOUT,20,5,-0.0113032949488,-0.0103990994034,-0.000852078053653,-0.000780971259136,-0.672727272727,375,348520
PRIMARY_VERIFIED,MODERATE_LIQUID,RESEARCH_DEVELOPMENT,20,10,-0.010119839779,-0.00615255053334,0.00866353005047,0.00874760591102,0.987878787879,627,353182
PRIMARY_VERIFIED,MODERATE_LIQUID,VALIDATION,20,10,-0.00659742421277,0.00910278198614,0.00452453063724,0.00518184413,0.878787878788,493,409149
PRIMARY_VERIFIED,MODERATE_LIQUID,OUT_OF_SAMPLE_HOLDOUT,20,10,-0.00864540973078,-0.0110598981514,0.000405029120158,0.00053439687224,-0.333333333333,370,341917
PRIMARY_VERIFIED,MODERATE_LIQUID,RESEARCH_DEVELOPMENT,20,20,-0.00778224930872,-0.00637223644098,0.014873417274,0.0157436444681,0.672727272727,627,351169
PRIMARY_VERIFIED,MODERATE_LIQUID,VALIDATION,20,20,-0.00177077249525,0.0130352473485,0.00849373851722,0.0107190384724,1,493,406105
PRIMARY_VERIFIED,MODERATE_LIQUID,OUT_OF_SAMPLE_HOLDOUT,20,20,-0.00814102947235,-0.013574887057,-2.22722588267e-05,-2.60581861537e-05,-0.139393939394,360,329115
PRIMARY_VERIFIED,MODERATE_LIQUID,RESEARCH_DEVELOPMENT,40,1,-0.0259876503943,-0.0170502528106,0.00065011913472,0.000649166859313,0.769696969697,627,352832
PRIMARY_VERIFIED,MODERATE_LIQUID,VALIDATION,40,1,-0.0199704515255,-0.0173978723147,-6.36071994551e-06,5.33585420974e-05,0.527272727273,493,408406
PRIMARY_VERIFIED,MODERATE_LIQUID,OUT_OF_SAMPLE_HOLDOUT,40,1,-0.00376544431269,0.00463456515749,-0.000322520672625,-0.000285393473279,-0.224242424242,379,350438
PRIMARY_VERIFIED,MODERATE_LIQUID,RESEARCH_DEVELOPMENT,40,2,-0.0228125011794,-0.0185668821431,0.00127556240507,0.00131215530569,0.806060606061,627,352582
PRIMARY_VERIFIED,MODERATE_LIQUID,VALIDATION,40,2,-0.0150824961588,-0.0128325898227,0.000105771363599,0.000255477343617,0.648484848485,493,408014
PRIMARY_VERIFIED,MODERATE_LIQUID,OUT_OF_SAMPLE_HOLDOUT,40,2,-0.00351667122986,0.00305692730053,-0.000759513872357,-0.000691887223725,-0.175757575758,378,349069
PRIMARY_VERIFIED,MODERATE_LIQUID,RESEARCH_DEVELOPMENT,40,3,-0.0216657405493,-0.0184410217068,0.00220892323732,0.00229461068226,0.854545454545,627,352335
PRIMARY_VERIFIED,MODERATE_LIQUID,VALIDATION,40,3,-0.0115739654373,-0.00729496238477,0.000661739717818,0.000934135859874,0.660606060606,493,407630
PRIMARY_VERIFIED,MODERATE_LIQUID,OUT_OF_SAMPLE_HOLDOUT,40,3,-0.00124475250356,0.00644210418841,-0.000878154629723,-0.000760018439655,0.030303030303,377,347714
PRIMARY_VERIFIED,MODERATE_LIQUID,RESEARCH_DEVELOPMENT,40,5,-0.0197114450227,-0.0135937593405,0.00459998454193,0.00472616211621,0.818181818182,627,351855
PRIMARY_VERIFIED,MODERATE_LIQUID,VALIDATION,40,5,-0.00723873859109,-0.00172254283158,0.00155906429192,0.00199423172696,0.781818181818,493,406919
PRIMARY_VERIFIED,MODERATE_LIQUID,OUT_OF_SAMPLE_HOLDOUT,40,5,-0.000905691580579,0.000324416133228,-0.000973546986819,-0.000755724414799,0.115151515152,375,345041
PRIMARY_VERIFIED,MODERATE_LIQUID,RESEARCH_DEVELOPMENT,40,10,-0.0126339214928,-0.009395447145,0.00952946596496,0.00971737346651,0.854545454545,627,350776
PRIMARY_VERIFIED,MODERATE_LIQUID,VALIDATION,40,10,-0.00189077451452,0.00732335117374,0.00405085632704,0.00488678942796,0.854545454545,493,405295
PRIMARY_VERIFIED,MODERATE_LIQUID,OUT_OF_SAMPLE_HOLDOUT,40,10,0.0014309546701,-0.000743878721168,-0.000862037351964,-0.000395426746048,0.248484848485,370,338504
PRIMARY_VERIFIED,MODERATE_LIQUID,RESEARCH_DEVELOPMENT,40,20,-0.00292452241561,-0.00112367524353,0.0172873278456,0.0183080848324,0.90303030303,627,348789
PRIMARY_VERIFIED,MODERATE_LIQUID,VALIDATION,40,20,0.00481549051422,0.0117902507046,0.00850298344212,0.0105140674976,0.951515151515,493,402316
PRIMARY_VERIFIED,MODERATE_LIQUID,OUT_OF_SAMPLE_HOLDOUT,40,20,-0.000725601739894,-0.00192028046108,-0.00156053965733,-0.0009493433725,0.406060606061,360,325822
PRIMARY_VERIFIED,MODERATE_LIQUID,RESEARCH_DEVELOPMENT,60,1,-0.0205442735332,-0.0162277775791,0.00103837308621,0.0010410401051,0.842424242424,627,350299
PRIMARY_VERIFIED,MODERATE_LIQUID,VALIDATION,60,1,-0.0148209913105,-0.0146421400845,0.000363120591787,0.000386993453216,0.878787878788,493,404481
PRIMARY_VERIFIED,MODERATE_LIQUID,OUT_OF_SAMPLE_HOLDOUT,60,1,-0.00147105279528,0.00368765552498,-0.000434508686363,-0.000361071276429,-0.309090909091,379,346865
PRIMARY_VERIFIED,MODERATE_LIQUID,RESEARCH_DEVELOPMENT,60,2,-0.0152259125188,-0.0103045397707,0.00209863223523,0.00214629285528,0.830303030303,627,350053
PRIMARY_VERIFIED,MODERATE_LIQUID,VALIDATION,60,2,-0.00793959660652,-0.00966071043948,0.000718750731788,0.000778656481722,0.878787878788,493,404102
PRIMARY_VERIFIED,MODERATE_LIQUID,OUT_OF_SAMPLE_HOLDOUT,60,2,-0.00176897903381,0.00492431415397,-0.00068855561676,-0.000556112903376,-0.212121212121,378,345517
PRIMARY_VERIFIED,MODERATE_LIQUID,RESEARCH_DEVELOPMENT,60,3,-0.0124598953936,-0.00861364838525,0.00333731990833,0.00341260302764,0.90303030303,627,349811
PRIMARY_VERIFIED,MODERATE_LIQUID,VALIDATION,60,3,-0.00427668639991,0.00144018725548,0.00137291122311,0.00151799721752,0.90303030303,493,403732
PRIMARY_VERIFIED,MODERATE_LIQUID,OUT_OF_SAMPLE_HOLDOUT,60,3,-0.00143677313821,0.00968454940346,-0.000863570167185,-0.000660354351961,-0.163636363636,377,344179
PRIMARY_VERIFIED,MODERATE_LIQUID,RESEARCH_DEVELOPMENT,60,5,-0.00806600026695,-0.00446925308918,0.00625704963643,0.00640426249098,0.951515151515,627,349339
PRIMARY_VERIFIED,MODERATE_LIQUID,VALIDATION,60,5,0.000533270765978,0.00582071235929,0.00258954314528,0.00283374895676,0.915151515152,493,403041
PRIMARY_VERIFIED,MODERATE_LIQUID,OUT_OF_SAMPLE_HOLDOUT,60,5,-0.00298565402418,0.00188482258279,-0.00110202409255,-0.000770281076452,-0.224242424242,375,341540
PRIMARY_VERIFIED,MODERATE_LIQUID,RESEARCH_DEVELOPMENT,60,10,0.00343430637931,0.00566540618975,0.0122004339876,0.012525150608,0.987878787879,627,348276
PRIMARY_VERIFIED,MODERATE_LIQUID,VALIDATION,60,10,0.00770937060715,0.0171051503306,0.00582579388383,0.00625597681145,0.975757575758,493,401465
PRIMARY_VERIFIED,MODERATE_LIQUID,OUT_OF_SAMPLE_HOLDOUT,60,10,-0.00630145386331,-0.000888181079114,-0.00140435967289,-0.000904472286414,-0.151515151515,370,335075
PRIMARY_VERIFIED,MODERATE_LIQUID,RESEARCH_DEVELOPMENT,60,20,0.0166732167913,0.0199134848481,0.0196026485192,0.0205940972012,0.987878787879,627,346309
PRIMARY_VERIFIED,MODERATE_LIQUID,VALIDATION,60,20,0.0159558670566,0.0212085094555,0.0106330856542,0.0116256907465,0.975757575758,493,398565
PRIMARY_VERIFIED,MODERATE_LIQUID,OUT_OF_SAMPLE_HOLDOUT,60,20,-0.0138933944699,-0.00857286206332,-0.00267258666677,-0.00211127019356,-0.187878787879,360,322472
BROAD_SENSITIVITY,MODERATE_LIQUID,RESEARCH_DEVELOPMENT,5,1,-0.0369275561672,-0.0332877293175,-0.000543342399675,-0.000561378805415,-0.648484848485,627,356720
BROAD_SENSITIVITY,MODERATE_LIQUID,VALIDATION,5,1,-0.0342195533415,-0.0305694638846,-0.000625438770223,-0.00059857636265,-0.612121212121,493,414118
BROAD_SENSITIVITY,MODERATE_LIQUID,OUT_OF_SAMPLE_HOLDOUT,5,1,-0.0223659363579,-0.0152946528142,-0.000673508574322,-0.000637407333866,-0.963636363636,380,356775
BROAD_SENSITIVITY,MODERATE_LIQUID,RESEARCH_DEVELOPMENT,5,2,-0.0485599557821,-0.0454273277126,-0.00197456172065,-0.00199783997907,-0.963636363636,627,356460
BROAD_SENSITIVITY,MODERATE_LIQUID,VALIDATION,5,2,-0.039528004465,-0.0315706338608,-0.0011203079318,-0.00100394581203,-0.781818181818,493,413706
BROAD_SENSITIVITY,MODERATE_LIQUID,OUT_OF_SAMPLE_HOLDOUT,5,2,-0.0285013615383,-0.0195002337875,-0.00162715127858,-0.00158892019225,-0.951515151515,380,356501
BROAD_SENSITIVITY,MODERATE_LIQUID,RESEARCH_DEVELOPMENT,5,3,-0.0518501133391,-0.0524511193388,-0.00273445352835,-0.00274937983063,-0.963636363636,627,356206
BROAD_SENSITIVITY,MODERATE_LIQUID,VALIDATION,5,3,-0.0375038116797,-0.0275611299567,-0.00103354827301,-0.000855183148361,-0.69696969697,493,413302
BROAD_SENSITIVITY,MODERATE_LIQUID,OUT_OF_SAMPLE_HOLDOUT,5,3,-0.0294060072813,-0.0149867047559,-0.00215780107178,-0.00210360322052,-0.963636363636,380,356240
BROAD_SENSITIVITY,MODERATE_LIQUID,RESEARCH_DEVELOPMENT,5,5,-0.0482213567997,-0.0414272837645,-0.00307158007259,-0.00305756010664,-0.963636363636,627,355712
BROAD_SENSITIVITY,MODERATE_LIQUID,VALIDATION,5,5,-0.0364067393164,-0.0294914323151,-0.00115839138752,-0.000977829598543,-0.624242424242,493,412559
BROAD_SENSITIVITY,MODERATE_LIQUID,OUT_OF_SAMPLE_HOLDOUT,5,5,-0.027345160411,-0.0244823451992,-0.00289077904927,-0.00282349197893,-0.939393939394,380,355759
BROAD_SENSITIVITY,MODERATE_LIQUID,RESEARCH_DEVELOPMENT,5,10,-0.0291441902477,-0.0279863289034,-9.27205493597e-05,-0.000319468349245,-0.551515151515,627,354599
BROAD_SENSITIVITY,MODERATE_LIQUID,VALIDATION,5,10,-0.0262429294052,-0.0158863367908,-0.000930279016804,-0.000617344943503,-0.660606060606,493,410874
BROAD_SENSITIVITY,MODERATE_LIQUID,OUT_OF_SAMPLE_HOLDOUT,5,10,-0.0162201980537,-0.0143381698225,-0.00146727345837,-0.00145253312121,-0.878787878788,380,354650
BROAD_SENSITIVITY,MODERATE_LIQUID,RESEARCH_DEVELOPMENT,5,20,-0.0158485126005,-0.0139759374375,0.00240602403664,0.00271049737352,0.442424242424,627,352574
BROAD_SENSITIVITY,MODERATE_LIQUID,VALIDATION,5,20,-0.00974111347392,-2.99400311911e-06,0.000905493547938,0.00185998826975,0.260606060606,493,407816
BROAD_SENSITIVITY,MODERATE_LIQUID,OUT_OF_SAMPLE_HOLDOUT,5,20,-0.0143188500967,-0.0138757721309,-0.0015494536881,-0.00180314402823,-0.866666666667,380,352573
BROAD_SENSITIVITY,MODERATE_LIQUID,RESEARCH_DEVELOPMENT,10,1,-0.0339910458613,-0.025304583945,-0.000227742233558,-0.000257565572046,-0.030303030303,627,356259
BROAD_SENSITIVITY,MODERATE_LIQUID,VALIDATION,10,1,-0.0315989496286,-0.0252922484028,-0.000570091584404,-0.000560782592906,-0.454545454545,493,413561
BROAD_SENSITIVITY,MODERATE_LIQUID,OUT_OF_SAMPLE_HOLDOUT,10,1,-0.0126807086389,-0.00733512831798,-0.000495109320342,-0.000456720296477,-0.854545454545,380,356230
BROAD_SENSITIVITY,MODERATE_LIQUID,RESEARCH_DEVELOPMENT,10,2,-0.0379659434058,-0.0387135003764,-0.000357909992638,-0.000359137292385,-0.648484848485,627,355999
BROAD_SENSITIVITY,MODERATE_LIQUID,VALIDATION,10,2,-0.033954808137,-0.0283323331183,-0.000995226533153,-0.000956311993364,-0.745454545455,493,413151
BROAD_SENSITIVITY,MODERATE_LIQUID,OUT_OF_SAMPLE_HOLDOUT,10,2,-0.0145137620496,-0.00155723915443,-0.0010222748476,-0.000980279141789,-0.975757575758,380,355956
BROAD_SENSITIVITY,MODERATE_LIQUID,RESEARCH_DEVELOPMENT,10,3,-0.0364661318038,-0.0342898661036,8.66427170706e-05,9.4509861566e-05,-0.369696969697,627,355745
BROAD_SENSITIVITY,MODERATE_LIQUID,VALIDATION,10,3,-0.0322171353626,-0.0320822592435,-0.000659086040724,-0.000563704314755,-0.587878787879,493,412749
BROAD_SENSITIVITY,MODERATE_LIQUID,OUT_OF_SAMPLE_HOLDOUT,10,3,-0.0135226002918,-0.00230979904331,-0.00104717795577,-0.000977471029553,-0.927272727273,380,355695
BROAD_SENSITIVITY,MODERATE_LIQUID,RESEARCH_DEVELOPMENT,10,5,-0.0327609764198,-0.0278954957833,0.00159939818496,0.00159688571289,0.0787878787879,627,355251
BROAD_SENSITIVITY,MODERATE_LIQUID,VALIDATION,10,5,-0.028726375744,-0.0198316226396,7.57715926379e-05,0.000212826523315,-0.309090909091,493,412009
BROAD_SENSITIVITY,MODERATE_LIQUID,OUT_OF_SAMPLE_HOLDOUT,10,5,-0.0135217308694,-0.0103714616805,-0.000974492025192,-0.000863448164417,-0.709090909091,380,355214
BROAD_SENSITIVITY,MODERATE_LIQUID,RESEARCH_DEVELOPMENT,10,10,-0.0188808897985,-0.013546334512,0.00577099944144,0.00570857149493,0.672727272727,627,354138
BROAD_SENSITIVITY,MODERATE_LIQUID,VALIDATION,10,10,-0.0172724971815,-0.00290865783275,0.00140239001863,0.00171644048353,0.333333333333,493,410324
BROAD_SENSITIVITY,MODERATE_LIQUID,OUT_OF_SAMPLE_HOLDOUT,10,10,-0.00676373665005,-0.00692069604374,0.000275781838568,0.000451540305528,-0.260606060606,380,354105
BROAD_SENSITIVITY,MODERATE_LIQUID,RESEARCH_DEVELOPMENT,10,20,-0.00391461546897,0.00100104783683,0.0104214384207,0.011198522935,0.915151515152,627,352114
BROAD_SENSITIVITY,MODERATE_LIQUID,VALIDATION,10,20,-0.00686716526012,0.000787068700595,0.00347952701132,0.00490256238123,0.806060606061,493,407271
BROAD_SENSITIVITY,MODERATE_LIQUID,OUT_OF_SAMPLE_HOLDOUT,10,20,-0.0118801908023,-0.0154085952103,-0.000527281611578,-0.000854801745276,-0.769696969697,380,352028
BROAD_SENSITIVITY,MODERATE_LIQUID,RESEARCH_DEVELOPMENT,20,1,-0.0309015570865,-0.0281093226202,0.000175841884524,0.000182843121133,0.454545454545,627,355295
BROAD_SENSITIVITY,MODERATE_LIQUID,VALIDATION,20,1,-0.0222593286168,-0.0205464886002,0.000146551632533,0.000134027403803,0.612121212121,493,412367
BROAD_SENSITIVITY,MODERATE_LIQUID,OUT_OF_SAMPLE_HOLDOUT,20,1,-0.00923494841484,-0.00709126985025,-0.000534457899455,-0.000507261004884,-0.624242424242,380,355094
BROAD_SENSITIVITY,MODERATE_LIQUID,RESEARCH_DEVELOPMENT,20,2,-0.02981454435,-0.0255285152592,0.000414721338528,0.000421676157857,0.406060606061,627,355038
BROAD_SENSITIVITY,MODERATE_LIQUID,VALIDATION,20,2,-0.0187763255904,-0.0146375593114,0.000551279797706,0.000603964882201,0.69696969697,493,411958
BROAD_SENSITIVITY,MODERATE_LIQUID,OUT_OF_SAMPLE_HOLDOUT,20,2,-0.0107774263555,-0.00982899883004,-0.000828253669475,-0.000796509558284,-0.757575757576,380,354821
BROAD_SENSITIVITY,MODERATE_LIQUID,RESEARCH_DEVELOPMENT,20,3,-0.0279772388217,-0.0234650360641,0.00111025625399,0.00113966351639,0.624242424242,627,354784
BROAD_SENSITIVITY,MODERATE_LIQUID,VALIDATION,20,3,-0.0159499888657,-0.00921025292192,0.00116469756039,0.00129319863697,0.842424242424,493,411559
BROAD_SENSITIVITY,MODERATE_LIQUID,OUT_OF_SAMPLE_HOLDOUT,20,3,-0.00998562882693,-0.00972029110172,-0.000854462738334,-0.000811542878957,-0.769696969697,380,354560
BROAD_SENSITIVITY,MODERATE_LIQUID,RESEARCH_DEVELOPMENT,20,5,-0.0233915279887,-0.0166145074552,0.00289239930029,0.00294338699028,0.939393939394,627,354291
BROAD_SENSITIVITY,MODERATE_LIQUID,VALIDATION,20,5,-0.0120237492055,-0.00391849821802,0.00222035080337,0.00248837487913,0.830303030303,493,410822
BROAD_SENSITIVITY,MODERATE_LIQUID,OUT_OF_SAMPLE_HOLDOUT,20,5,-0.0123093897922,-0.0117895951352,-0.000968231599297,-0.000922818189125,-0.757575757576,380,354081
BROAD_SENSITIVITY,MODERATE_LIQUID,RESEARCH_DEVELOPMENT,20,10,-0.010119839779,-0.00615255053334,0.00866353005047,0.00874760591102,0.987878787879,627,353182
BROAD_SENSITIVITY,MODERATE_LIQUID,VALIDATION,20,10,-0.00659742421277,0.00910278198614,0.00452453063724,0.00518184413,0.878787878788,493,409149
BROAD_SENSITIVITY,MODERATE_LIQUID,OUT_OF_SAMPLE_HOLDOUT,20,10,-0.0111641580551,-0.0175168639366,-0.000167430099163,-0.000161265337878,-0.442424242424,380,352972
BROAD_SENSITIVITY,MODERATE_LIQUID,RESEARCH_DEVELOPMENT,20,20,-0.00778224930872,-0.00637223644098,0.014873417274,0.0157436444681,0.672727272727,627,351169
BROAD_SENSITIVITY,MODERATE_LIQUID,VALIDATION,20,20,-0.00177077249525,0.0130352473485,0.00849373851722,0.0107190384724,1,493,406105
BROAD_SENSITIVITY,MODERATE_LIQUID,OUT_OF_SAMPLE_HOLDOUT,20,20,-0.0115074855237,-0.0160823493874,-0.00160887669192,-0.00192843480201,-0.29696969697,380,350896
BROAD_SENSITIVITY,MODERATE_LIQUID,RESEARCH_DEVELOPMENT,40,1,-0.0259876503943,-0.0170502528106,0.00065011913472,0.000649166859313,0.769696969697,627,352832
BROAD_SENSITIVITY,MODERATE_LIQUID,VALIDATION,40,1,-0.0199704515255,-0.0173978723147,-6.36071994551e-06,5.33585420974e-05,0.527272727273,493,408406
BROAD_SENSITIVITY,MODERATE_LIQUID,OUT_OF_SAMPLE_HOLDOUT,40,1,-0.00373533666473,0.00464858591416,-0.000316887808729,-0.000278774813161,-0.187878787879,380,351537
BROAD_SENSITIVITY,MODERATE_LIQUID,RESEARCH_DEVELOPMENT,40,2,-0.0228125011794,-0.0185668821431,0.00127556240507,0.00131215530569,0.806060606061,627,352582
BROAD_SENSITIVITY,MODERATE_LIQUID,VALIDATION,40,2,-0.0150824961588,-0.0128325898227,0.000105771363599,0.000255477343617,0.648484848485,493,408014
BROAD_SENSITIVITY,MODERATE_LIQUID,OUT_OF_SAMPLE_HOLDOUT,40,2,-0.00357810943681,0.00305692730053,-0.000777461423672,-0.000713882813681,-0.175757575758,380,351270
BROAD_SENSITIVITY,MODERATE_LIQUID,RESEARCH_DEVELOPMENT,40,3,-0.0216657405493,-0.0184410217068,0.00220892323732,0.00229461068226,0.854545454545,627,352335
BROAD_SENSITIVITY,MODERATE_LIQUID,VALIDATION,40,3,-0.0115739654373,-0.00729496238477,0.000661739717818,0.000934135859874,0.660606060606,493,407630
BROAD_SENSITIVITY,MODERATE_LIQUID,OUT_OF_SAMPLE_HOLDOUT,40,3,-0.00167576099057,0.00581179792981,-0.000911343292763,-0.000801316882033,0.030303030303,380,351014
BROAD_SENSITIVITY,MODERATE_LIQUID,RESEARCH_DEVELOPMENT,40,5,-0.0197114450227,-0.0135937593405,0.00459998454193,0.00472616211621,0.818181818182,627,351855
BROAD_SENSITIVITY,MODERATE_LIQUID,VALIDATION,40,5,-0.00723873859109,-0.00172254283158,0.00155906429192,0.00199423172696,0.781818181818,493,406919
BROAD_SENSITIVITY,MODERATE_LIQUID,OUT_OF_SAMPLE_HOLDOUT,40,5,-0.00213489564966,-0.00341244211424,-0.0010720669041,-0.000879107411814,0.0424242424242,380,350546
BROAD_SENSITIVITY,MODERATE_LIQUID,RESEARCH_DEVELOPMENT,40,10,-0.0126339214928,-0.009395447145,0.00952946596496,0.00971737346651,0.854545454545,627,350776
BROAD_SENSITIVITY,MODERATE_LIQUID,VALIDATION,40,10,-0.00189077451452,0.00732335117374,0.00405085632704,0.00488678942796,0.854545454545,493,405295
BROAD_SENSITIVITY,MODERATE_LIQUID,OUT_OF_SAMPLE_HOLDOUT,40,10,-0.000476075453827,-0.00330826243455,-0.00125223382095,-0.000885602824037,0.236363636364,380,349453
BROAD_SENSITIVITY,MODERATE_LIQUID,RESEARCH_DEVELOPMENT,40,20,-0.00292452241561,-0.00112367524353,0.0172873278456,0.0183080848324,0.90303030303,627,348789
BROAD_SENSITIVITY,MODERATE_LIQUID,VALIDATION,40,20,0.00481549051422,0.0117902507046,0.00850298344212,0.0105140674976,0.951515151515,493,402316
BROAD_SENSITIVITY,MODERATE_LIQUID,OUT_OF_SAMPLE_HOLDOUT,40,20,-0.00222642405167,-0.00548664165103,-0.00236561671024,-0.00194996047498,0.381818181818,380,347419
BROAD_SENSITIVITY,MODERATE_LIQUID,RESEARCH_DEVELOPMENT,60,1,-0.0205442735332,-0.0162277775791,0.00103837308621,0.0010410401051,0.842424242424,627,350299
BROAD_SENSITIVITY,MODERATE_LIQUID,VALIDATION,60,1,-0.0148209913105,-0.0146421400845,0.000363120591787,0.000386993453216,0.878787878788,493,404481
BROAD_SENSITIVITY,MODERATE_LIQUID,OUT_OF_SAMPLE_HOLDOUT,60,1,-0.00127874455524,0.00406407488795,-0.000414727293898,-0.000337556786236,-0.175757575758,380,347956
BROAD_SENSITIVITY,MODERATE_LIQUID,RESEARCH_DEVELOPMENT,60,2,-0.0152259125188,-0.0103045397707,0.00209863223523,0.00214629285528,0.830303030303,627,350053
BROAD_SENSITIVITY,MODERATE_LIQUID,VALIDATION,60,2,-0.00793959660652,-0.00966071043948,0.000718750731788,0.000778656481722,0.878787878788,493,404102
BROAD_SENSITIVITY,MODERATE_LIQUID,OUT_OF_SAMPLE_HOLDOUT,60,2,-0.00169991966319,0.00492431415397,-0.00068314336235,-0.000550398647496,-0.175757575758,380,347701
BROAD_SENSITIVITY,MODERATE_LIQUID,RESEARCH_DEVELOPMENT,60,3,-0.0124598953936,-0.00861364838525,0.00333731990833,0.00341260302764,0.90303030303,627,349811
BROAD_SENSITIVITY,MODERATE_LIQUID,VALIDATION,60,3,-0.00427668639991,0.00144018725548,0.00137291122311,0.00151799721752,0.90303030303,493,403732
BROAD_SENSITIVITY,MODERATE_LIQUID,OUT_OF_SAMPLE_HOLDOUT,60,3,-0.00158447781028,0.00915537438897,-0.000893742733314,-0.000698727023529,-0.163636363636,380,347456
BROAD_SENSITIVITY,MODERATE_LIQUID,RESEARCH_DEVELOPMENT,60,5,-0.00806600026695,-0.00446925308918,0.00625704963643,0.00640426249098,0.951515151515,627,349339
BROAD_SENSITIVITY,MODERATE_LIQUID,VALIDATION,60,5,0.000533270765978,0.00582071235929,0.00258954314528,0.00283374895676,0.915151515152,493,403041
BROAD_SENSITIVITY,MODERATE_LIQUID,OUT_OF_SAMPLE_HOLDOUT,60,5,-0.00364784013431,0.000837073388685,-0.00120564909393,-0.000901320617437,-0.212121212121,380,347009
BROAD_SENSITIVITY,MODERATE_LIQUID,RESEARCH_DEVELOPMENT,60,10,0.00343430637931,0.00566540618975,0.0122004339876,0.012525150608,0.987878787879,627,348276
BROAD_SENSITIVITY,MODERATE_LIQUID,VALIDATION,60,10,0.00770937060715,0.0171051503306,0.00582579388383,0.00625597681145,0.975757575758,493,401465
BROAD_SENSITIVITY,MODERATE_LIQUID,OUT_OF_SAMPLE_HOLDOUT,60,10,-0.00808184978005,-0.00263568823468,-0.00199279696155,-0.00163088094067,-0.151515151515,380,345962
BROAD_SENSITIVITY,MODERATE_LIQUID,RESEARCH_DEVELOPMENT,60,20,0.0166732167913,0.0199134848481,0.0196026485192,0.0205940972012,0.987878787879,627,346309
BROAD_SENSITIVITY,MODERATE_LIQUID,VALIDATION,60,20,0.0159558670566,0.0212085094555,0.0106330856542,0.0116256907465,0.975757575758,493,398565
BROAD_SENSITIVITY,MODERATE_LIQUID,OUT_OF_SAMPLE_HOLDOUT,60,20,-0.0163811024028,-0.0150603049825,-0.00351661568807,-0.0031475842233,-0.175757575758,380,343970
PRIMARY_VERIFIED,STRICT_SENSITIVITY,RESEARCH_DEVELOPMENT,5,1,-0.0270361436741,-0.0224632541795,-0.000523621127189,-0.000452900529243,-0.563636363636,397,117791
PRIMARY_VERIFIED,STRICT_SENSITIVITY,VALIDATION,5,1,-0.0273578615297,-0.0232878205111,-0.000324585796717,-0.000347209403728,-0.466666666667,493,210671
PRIMARY_VERIFIED,STRICT_SENSITIVITY,OUT_OF_SAMPLE_HOLDOUT,5,1,-0.0167088153142,-0.00604315937872,-0.000498806501843,-0.000465803672089,-0.648484848485,379,190016
PRIMARY_VERIFIED,STRICT_SENSITIVITY,RESEARCH_DEVELOPMENT,5,2,-0.0406807769794,-0.0350450433512,-0.00185595067271,-0.00169336405976,-0.987878787879,397,117720
PRIMARY_VERIFIED,STRICT_SENSITIVITY,VALIDATION,5,2,-0.0319494694817,-0.0228068399348,-0.000495252458192,-0.000426570747479,-0.684848484848,493,210509
PRIMARY_VERIFIED,STRICT_SENSITIVITY,OUT_OF_SAMPLE_HOLDOUT,5,2,-0.0225132105353,-0.015535442944,-0.00123615733138,-0.00120047587658,-0.660606060606,378,189276
PRIMARY_VERIFIED,STRICT_SENSITIVITY,RESEARCH_DEVELOPMENT,5,3,-0.0468573275103,-0.0405399466792,-0.00292077710582,-0.00270802313336,-0.951515151515,397,117648
PRIMARY_VERIFIED,STRICT_SENSITIVITY,VALIDATION,5,3,-0.0295747719259,-0.0177305033493,-0.000187605241431,-8.82151125403e-05,-0.50303030303,493,210347
PRIMARY_VERIFIED,STRICT_SENSITIVITY,OUT_OF_SAMPLE_HOLDOUT,5,3,-0.0235118684694,-0.0133822003556,-0.00162947942143,-0.00154616346182,-0.830303030303,377,188542
PRIMARY_VERIFIED,STRICT_SENSITIVITY,RESEARCH_DEVELOPMENT,5,5,-0.0492866422158,-0.0471992586743,-0.00437225107263,-0.00405047154358,-0.963636363636,397,117510
PRIMARY_VERIFIED,STRICT_SENSITIVITY,VALIDATION,5,5,-0.0289461540284,-0.0199565167666,-8.28736337141e-05,-0.000110640004496,-0.466666666667,493,210028
PRIMARY_VERIFIED,STRICT_SENSITIVITY,OUT_OF_SAMPLE_HOLDOUT,5,5,-0.0221419552507,-0.0244418571675,-0.00182965553673,-0.00167447783249,-0.90303030303,375,187088
PRIMARY_VERIFIED,STRICT_SENSITIVITY,RESEARCH_DEVELOPMENT,5,10,-0.033712705292,-0.031765735333,-0.00463582380689,-0.00449282703011,-0.684848484848,397,117209
PRIMARY_VERIFIED,STRICT_SENSITIVITY,VALIDATION,5,10,-0.0243447548234,-0.0159595063226,-0.000440546572679,-0.000427621279976,-0.539393939394,493,209265
PRIMARY_VERIFIED,STRICT_SENSITIVITY,OUT_OF_SAMPLE_HOLDOUT,5,10,-0.0108262883371,-0.00779978604741,-1.65907460627e-05,0.000131133709758,-0.381818181818,370,183531
PRIMARY_VERIFIED,STRICT_SENSITIVITY,RESEARCH_DEVELOPMENT,5,20,-0.0174492141532,-0.00317435086059,-0.00170824504323,-0.00120604281843,-0.418181818182,397,116673
PRIMARY_VERIFIED,STRICT_SENSITIVITY,VALIDATION,5,20,-0.00217717173163,0.00615232249358,0.00238620912541,0.00327786191286,0.466666666667,493,207815
PRIMARY_VERIFIED,STRICT_SENSITIVITY,OUT_OF_SAMPLE_HOLDOUT,5,20,-0.0143095826794,-0.0108006658352,0.000412834625711,0.000710296734598,-0.527272727273,360,176458
PRIMARY_VERIFIED,STRICT_SENSITIVITY,RESEARCH_DEVELOPMENT,10,1,-0.0313139255479,-0.0268905102272,-0.00062950100209,-0.00056593726189,-0.69696969697,397,117628
PRIMARY_VERIFIED,STRICT_SENSITIVITY,VALIDATION,10,1,-0.0285396395202,-0.0263906617958,-0.00043614601288,-0.000548796316884,-0.466666666667,493,210398
PRIMARY_VERIFIED,STRICT_SENSITIVITY,OUT_OF_SAMPLE_HOLDOUT,10,1,-0.00901341340183,-0.00367440674217,-0.000257022827754,-0.000208881633266,-0.757575757576,379,189721
PRIMARY_VERIFIED,STRICT_SENSITIVITY,RESEARCH_DEVELOPMENT,10,2,-0.0392596706537,-0.0289554846762,-0.00131783069398,-0.00118201448529,-0.830303030303,397,117557
PRIMARY_VERIFIED,STRICT_SENSITIVITY,VALIDATION,10,2,-0.0311441483809,-0.027035569206,-0.000995669132792,-0.00119715791911,-0.684848484848,493,210236
PRIMARY_VERIFIED,STRICT_SENSITIVITY,OUT_OF_SAMPLE_HOLDOUT,10,2,-0.01165178033,-0.00130682372211,-0.000516700412395,-0.000441481781618,-0.454545454545,378,188982
PRIMARY_VERIFIED,STRICT_SENSITIVITY,RESEARCH_DEVELOPMENT,10,3,-0.0403806495397,-0.0337907484748,-0.0013718263765,-0.00118546068013,-0.818181818182,397,117485
PRIMARY_VERIFIED,STRICT_SENSITIVITY,VALIDATION,10,3,-0.0302290663835,-0.0271750303407,-0.000740309697312,-0.000953738956085,-0.163636363636,493,210074
PRIMARY_VERIFIED,STRICT_SENSITIVITY,OUT_OF_SAMPLE_HOLDOUT,10,3,-0.00982202840512,0.00732483203269,-3.3668839911e-05,0.00012036815562,-0.224242424242,377,188249
PRIMARY_VERIFIED,STRICT_SENSITIVITY,RESEARCH_DEVELOPMENT,10,5,-0.037186783532,-0.0269548771342,-0.000614562493864,-0.000332876450155,-0.6,397,117347
PRIMARY_VERIFIED,STRICT_SENSITIVITY,VALIDATION,10,5,-0.0251832561231,-0.0186567393894,0.000120456876723,-4.18650824095e-06,-0.236363636364,493,209755
PRIMARY_VERIFIED,STRICT_SENSITIVITY,OUT_OF_SAMPLE_HOLDOUT,10,5,-0.00812447049342,-0.00742739889818,0.000581485441498,0.00086461458308,-0.10303030303,375,186797
PRIMARY_VERIFIED,STRICT_SENSITIVITY,RESEARCH_DEVELOPMENT,10,10,-0.0219320288471,-0.00902546390188,0.00149616719694,0.0016341180957,-0.139393939394,397,117046
PRIMARY_VERIFIED,STRICT_SENSITIVITY,VALIDATION,10,10,-0.0133185932411,-0.00709461307151,0.00183608380035,0.00186189941476,0.127272727273,493,208992
PRIMARY_VERIFIED,STRICT_SENSITIVITY,OUT_OF_SAMPLE_HOLDOUT,10,10,-0.00634896009246,-0.00570451766965,0.00206421493615,0.00269073871528,0.284848484848,370,183244
PRIMARY_VERIFIED,STRICT_SENSITIVITY,RESEARCH_DEVELOPMENT,10,20,-0.000164644679846,0.0150950710774,0.00660947337622,0.00713563351016,0.539393939394,397,116510
PRIMARY_VERIFIED,STRICT_SENSITIVITY,VALIDATION,10,20,-0.000389260732273,0.00702265918198,0.00555971459761,0.00689159596775,0.6,493,207542
PRIMARY_VERIFIED,STRICT_SENSITIVITY,OUT_OF_SAMPLE_HOLDOUT,10,20,-0.0153132543914,-0.0151759704656,0.00272699659425,0.00359891792472,0.10303030303,360,176184
PRIMARY_VERIFIED,STRICT_SENSITIVITY,RESEARCH_DEVELOPMENT,20,1,-0.0252189958482,-0.0191000601807,0.000194591884068,0.000235580958002,0.636363636364,397,117278
PRIMARY_VERIFIED,STRICT_SENSITIVITY,VALIDATION,20,1,-0.0174603213041,-0.0137290295629,0.000568601641274,0.000521315481552,0.830303030303,493,209814
PRIMARY_VERIFIED,STRICT_SENSITIVITY,OUT_OF_SAMPLE_HOLDOUT,20,1,-0.0103865584747,0.00329090950663,-0.00016333109906,-0.000100828993743,-0.563636363636,379,189093
PRIMARY_VERIFIED,STRICT_SENSITIVITY,RESEARCH_DEVELOPMENT,20,2,-0.025428623031,-0.00920975340067,8.64960599783e-05,0.000179834984646,0.478787878788,397,117208
PRIMARY_VERIFIED,STRICT_SENSITIVITY,VALIDATION,20,2,-0.0112147080404,-0.0112326146982,0.00120846273856,0.00118545825001,0.830303030303,493,209653
PRIMARY_VERIFIED,STRICT_SENSITIVITY,OUT_OF_SAMPLE_HOLDOUT,20,2,-0.0132955747369,-0.00368383784123,-0.000311436757879,-0.000191601497888,-0.466666666667,378,188356
PRIMARY_VERIFIED,STRICT_SENSITIVITY,RESEARCH_DEVELOPMENT,20,3,-0.0244288050309,-0.0181743906353,0.000455164033235,0.000571828757544,0.612121212121,397,117136
PRIMARY_VERIFIED,STRICT_SENSITIVITY,VALIDATION,20,3,-0.0078963820988,-0.00539294988757,0.00214703609447,0.00219221416192,0.878787878788,493,209492
PRIMARY_VERIFIED,STRICT_SENSITIVITY,OUT_OF_SAMPLE_HOLDOUT,20,3,-0.0132132435964,-0.00950951424259,-0.000110409330879,9.19319655622e-05,-0.393939393939,377,187625
PRIMARY_VERIFIED,STRICT_SENSITIVITY,RESEARCH_DEVELOPMENT,20,5,-0.0203805592548,-0.00825203764044,0.00135349562966,0.00150094602749,0.818181818182,397,116999
PRIMARY_VERIFIED,STRICT_SENSITIVITY,VALIDATION,20,5,-0.00203073195125,0.00559517438115,0.00380671688648,0.0040607718909,0.963636363636,493,209174
PRIMARY_VERIFIED,STRICT_SENSITIVITY,OUT_OF_SAMPLE_HOLDOUT,20,5,-0.0168703437224,-0.0173811725298,0.000126419825005,0.000476773060098,-0.478787878788,375,186177
PRIMARY_VERIFIED,STRICT_SENSITIVITY,RESEARCH_DEVELOPMENT,20,10,-0.00284818088233,0.00755189932019,0.0052094797956,0.00525295805842,0.90303030303,397,116698
PRIMARY_VERIFIED,STRICT_SENSITIVITY,VALIDATION,20,10,0.00355567978677,0.0056079694875,0.00744693717193,0.00834408720471,0.890909090909,493,208411
PRIMARY_VERIFIED,STRICT_SENSITIVITY,OUT_OF_SAMPLE_HOLDOUT,20,10,-0.0207702871384,-0.0196928444212,0.00170496097125,0.00230600497601,-0.284848484848,370,182636
PRIMARY_VERIFIED,STRICT_SENSITIVITY,RESEARCH_DEVELOPMENT,20,20,-0.000274560301476,0.00165626325594,0.0102228405704,0.0105284417159,0.587878787879,397,116162
PRIMARY_VERIFIED,STRICT_SENSITIVITY,VALIDATION,20,20,0.00902501698041,0.0184368253885,0.013914914647,0.0165753982573,0.975757575758,493,206962
PRIMARY_VERIFIED,STRICT_SENSITIVITY,OUT_OF_SAMPLE_HOLDOUT,20,20,-0.0252348322585,-0.0292280324451,0.000197713258705,0.00113905911828,-0.29696969697,360,175623
PRIMARY_VERIFIED,STRICT_SENSITIVITY,RESEARCH_DEVELOPMENT,40,1,-0.0204244845388,-0.00589543065756,0.000214155446052,0.000220323996585,0.539393939394,397,116412
PRIMARY_VERIFIED,STRICT_SENSITIVITY,VALIDATION,40,1,-0.0157082353905,-0.0219337886271,0.000676781612547,0.000718524828949,0.733333333333,493,208407
PRIMARY_VERIFIED,STRICT_SENSITIVITY,OUT_OF_SAMPLE_HOLDOUT,40,1,-0.0052524077284,-0.00472734307954,-0.000115346919899,-3.88454107741e-05,-0.187878787879,379,187625
PRIMARY_VERIFIED,STRICT_SENSITIVITY,RESEARCH_DEVELOPMENT,40,2,-0.018003372205,-0.0113826043238,0.00074788416854,0.000760821135563,0.442424242424,397,116343
PRIMARY_VERIFIED,STRICT_SENSITIVITY,VALIDATION,40,2,-0.0084232103522,-0.0110793144912,0.00145521300315,0.00152382374247,0.830303030303,493,208247
PRIMARY_VERIFIED,STRICT_SENSITIVITY,OUT_OF_SAMPLE_HOLDOUT,40,2,-0.00575347575816,0.00757257405996,-0.000145232394745,-5.1260466991e-06,-0.127272727273,378,186897
PRIMARY_VERIFIED,STRICT_SENSITIVITY,RESEARCH_DEVELOPMENT,40,3,-0.0173548872383,-0.0153578313546,0.00159818984084,0.00160205548248,0.587878787879,397,116272
PRIMARY_VERIFIED,STRICT_SENSITIVITY,VALIDATION,40,3,-0.00465451430531,-0.00299511837797,0.00238420778677,0.00253922788207,0.927272727273,493,208087
PRIMARY_VERIFIED,STRICT_SENSITIVITY,OUT_OF_SAMPLE_HOLDOUT,40,3,-0.00427566383809,0.000632880568904,3.42741103091e-05,0.000244548783306,0.030303030303,377,186175
PRIMARY_VERIFIED,STRICT_SENSITIVITY,RESEARCH_DEVELOPMENT,40,5,-0.0162966529502,-0.014002319567,0.00369883771281,0.00364922690586,0.575757575758,397,116135
PRIMARY_VERIFIED,STRICT_SENSITIVITY,VALIDATION,40,5,0.000310763904601,0.00679281522488,0.00427123256245,0.00463833611155,0.975757575758,493,207773
PRIMARY_VERIFIED,STRICT_SENSITIVITY,OUT_OF_SAMPLE_HOLDOUT,40,5,-0.00605260643555,0.00468395438063,-2.03543683828e-05,0.000385460392956,0.0909090909091,375,184741
PRIMARY_VERIFIED,STRICT_SENSITIVITY,RESEARCH_DEVELOPMENT,40,10,-0.00715320015988,0.00513569490665,0.00849681036606,0.00837678397345,0.527272727273,397,115834
PRIMARY_VERIFIED,STRICT_SENSITIVITY,VALIDATION,40,10,0.00909923972763,0.00789147682305,0.00755800722379,0.00836677218928,0.963636363636,493,207021
PRIMARY_VERIFIED,STRICT_SENSITIVITY,OUT_OF_SAMPLE_HOLDOUT,40,10,-0.00979168691218,-0.0161171769601,-0.000426654676174,0.000543434058021,0.175757575758,370,181229
PRIMARY_VERIFIED,STRICT_SENSITIVITY,RESEARCH_DEVELOPMENT,40,20,-0.0017765700396,0.000249822789157,0.0160893007533,0.016730354846,0.29696969697,397,115298
PRIMARY_VERIFIED,STRICT_SENSITIVITY,VALIDATION,40,20,0.0185687935169,0.0308352252021,0.0160460230867,0.0177166310522,0.975757575758,493,205588
PRIMARY_VERIFIED,STRICT_SENSITIVITY,OUT_OF_SAMPLE_HOLDOUT,40,20,-0.0174764641973,-0.0126306859846,-0.00282140216243,-0.00126225319314,0.0545454545455,360,174240
PRIMARY_VERIFIED,STRICT_SENSITIVITY,RESEARCH_DEVELOPMENT,60,1,-0.0157239825703,-0.0130001518788,0.000724210344083,0.000789861628345,0.430303030303,397,115502
PRIMARY_VERIFIED,STRICT_SENSITIVITY,VALIDATION,60,1,-0.010713132126,-0.00780748271072,0.000956839178702,0.000962495143173,0.878787878788,493,207019
PRIMARY_VERIFIED,STRICT_SENSITIVITY,OUT_OF_SAMPLE_HOLDOUT,60,1,-0.00257006693479,-0.00178615635562,-0.000344424661289,-0.000225749632423,0.030303030303,379,185989
PRIMARY_VERIFIED,STRICT_SENSITIVITY,RESEARCH_DEVELOPMENT,60,2,-0.0125521127527,-0.011404548623,0.00149928062656,0.00162340437121,0.466666666667,397,115433
PRIMARY_VERIFIED,STRICT_SENSITIVITY,VALIDATION,60,2,-0.00159933635873,-0.00101430168889,0.00177732088789,0.00178537138882,0.939393939394,493,206864
PRIMARY_VERIFIED,STRICT_SENSITIVITY,OUT_OF_SAMPLE_HOLDOUT,60,2,-0.00381822053321,0.00783058147461,-0.000631526051202,-0.00040888456478,0.115151515152,378,185269
PRIMARY_VERIFIED,STRICT_SENSITIVITY,RESEARCH_DEVELOPMENT,60,3,-0.0107145505974,-0.00863295882551,0.0026898082806,0.00281830863484,0.50303030303,397,115362
PRIMARY_VERIFIED,STRICT_SENSITIVITY,VALIDATION,60,3,0.00255851633016,0.00330171422331,0.00292227105847,0.00299459483061,0.951515151515,493,206710
PRIMARY_VERIFIED,STRICT_SENSITIVITY,OUT_OF_SAMPLE_HOLDOUT,60,3,-0.00385617753563,0.00596115955061,-0.000928336523121,-0.000601260861607,0.0424242424242,377,184554
PRIMARY_VERIFIED,STRICT_SENSITIVITY,RESEARCH_DEVELOPMENT,60,5,-0.00660862939489,-0.00567876028328,0.00528432374397,0.0054338118643,0.515151515152,397,115225
PRIMARY_VERIFIED,STRICT_SENSITIVITY,VALIDATION,60,5,0.00853260379684,0.00773402417906,0.00534629855053,0.00547189087187,0.975757575758,493,206406
PRIMARY_VERIFIED,STRICT_SENSITIVITY,OUT_OF_SAMPLE_HOLDOUT,60,5,-0.0068212532899,-0.00693081439431,-0.00163609916946,-0.00114572512013,-0.030303030303,375,183132
PRIMARY_VERIFIED,STRICT_SENSITIVITY,RESEARCH_DEVELOPMENT,60,10,0.00736340209899,0.0112643575042,0.0113439837205,0.0116744129157,0.769696969697,397,114926
PRIMARY_VERIFIED,STRICT_SENSITIVITY,VALIDATION,60,10,0.0185760878183,0.0242862858693,0.0104365458234,0.0105285638097,0.987878787879,493,205675
PRIMARY_VERIFIED,STRICT_SENSITIVITY,OUT_OF_SAMPLE_HOLDOUT,60,10,-0.0149014000978,-0.0204546355331,-0.00264943139783,-0.00191800453316,0.0181818181818,370,179641
PRIMARY_VERIFIED,STRICT_SENSITIVITY,RESEARCH_DEVELOPMENT,60,20,0.0244970056036,0.0325328596185,0.0206594654818,0.0214821334526,0.854545454545,397,114402
PRIMARY_VERIFIED,STRICT_SENSITIVITY,VALIDATION,60,20,0.026057848375,0.0320474154683,0.0176273460665,0.0177445718152,1,493,204271
PRIMARY_VERIFIED,STRICT_SENSITIVITY,OUT_OF_SAMPLE_HOLDOUT,60,20,-0.0280527280422,-0.0405262378681,-0.00525689900254,-0.00414289834434,-0.115151515152,360,172680
BROAD_SENSITIVITY,STRICT_SENSITIVITY,RESEARCH_DEVELOPMENT,5,1,-0.0270361436741,-0.0224632541795,-0.000523621127189,-0.000452900529243,-0.563636363636,397,117791
BROAD_SENSITIVITY,STRICT_SENSITIVITY,VALIDATION,5,1,-0.0273578615297,-0.0232878205111,-0.000324585796717,-0.000347209403728,-0.466666666667,493,210671
BROAD_SENSITIVITY,STRICT_SENSITIVITY,OUT_OF_SAMPLE_HOLDOUT,5,1,-0.016811657725,-0.00665266882273,-0.000510968736296,-0.000480730031529,-0.660606060606,380,190636
BROAD_SENSITIVITY,STRICT_SENSITIVITY,RESEARCH_DEVELOPMENT,5,2,-0.0406807769794,-0.0350450433512,-0.00185595067271,-0.00169336405976,-0.987878787879,397,117720
BROAD_SENSITIVITY,STRICT_SENSITIVITY,VALIDATION,5,2,-0.0319494694817,-0.0228068399348,-0.000495252458192,-0.000426570747479,-0.684848484848,493,210509
BROAD_SENSITIVITY,STRICT_SENSITIVITY,OUT_OF_SAMPLE_HOLDOUT,5,2,-0.0226891008067,-0.0165200611897,-0.00125108078553,-0.00121888223945,-0.69696969697,380,190513
BROAD_SENSITIVITY,STRICT_SENSITIVITY,RESEARCH_DEVELOPMENT,5,3,-0.0468573275103,-0.0405399466792,-0.00292077710582,-0.00270802313336,-0.951515151515,397,117648
BROAD_SENSITIVITY,STRICT_SENSITIVITY,VALIDATION,5,3,-0.0295747719259,-0.0177305033493,-0.000187605241431,-8.82151125403e-05,-0.50303030303,493,210347
BROAD_SENSITIVITY,STRICT_SENSITIVITY,OUT_OF_SAMPLE_HOLDOUT,5,3,-0.0236893114819,-0.0146762393988,-0.00164889162462,-0.00157162692802,-0.830303030303,380,190392
BROAD_SENSITIVITY,STRICT_SENSITIVITY,RESEARCH_DEVELOPMENT,5,5,-0.0492866422158,-0.0471992586743,-0.00437225107263,-0.00405047154358,-0.963636363636,397,117510
BROAD_SENSITIVITY,STRICT_SENSITIVITY,VALIDATION,5,5,-0.0289461540284,-0.0199565167666,-8.28736337141e-05,-0.000110640004496,-0.466666666667,493,210028
BROAD_SENSITIVITY,STRICT_SENSITIVITY,OUT_OF_SAMPLE_HOLDOUT,5,5,-0.0230927181891,-0.0251205118072,-0.00187138487055,-0.00173023400237,-0.890909090909,380,190161
BROAD_SENSITIVITY,STRICT_SENSITIVITY,RESEARCH_DEVELOPMENT,5,10,-0.033712705292,-0.031765735333,-0.00463582380689,-0.00449282703011,-0.684848484848,397,117209
BROAD_SENSITIVITY,STRICT_SENSITIVITY,VALIDATION,5,10,-0.0243447548234,-0.0159595063226,-0.000440546572679,-0.000427621279976,-0.539393939394,493,209265
BROAD_SENSITIVITY,STRICT_SENSITIVITY,OUT_OF_SAMPLE_HOLDOUT,5,10,-0.0112477389169,-0.00779978604741,0.000108209069647,0.000274442991766,-0.345454545455,380,189630
BROAD_SENSITIVITY,STRICT_SENSITIVITY,RESEARCH_DEVELOPMENT,5,20,-0.0174492141532,-0.00317435086059,-0.00170824504323,-0.00120604281843,-0.418181818182,397,116673
BROAD_SENSITIVITY,STRICT_SENSITIVITY,VALIDATION,5,20,-0.00217717173163,0.00615232249358,0.00238620912541,0.00327786191286,0.466666666667,493,207815
BROAD_SENSITIVITY,STRICT_SENSITIVITY,OUT_OF_SAMPLE_HOLDOUT,5,20,-0.0164116049856,-0.0127571678573,-0.000807606905194,-0.000817020486407,-0.733333333333,380,188627
BROAD_SENSITIVITY,STRICT_SENSITIVITY,RESEARCH_DEVELOPMENT,10,1,-0.0313139255479,-0.0268905102272,-0.00062950100209,-0.00056593726189,-0.69696969697,397,117628
BROAD_SENSITIVITY,STRICT_SENSITIVITY,VALIDATION,10,1,-0.0285396395202,-0.0263906617958,-0.00043614601288,-0.000548796316884,-0.466666666667,493,210398
BROAD_SENSITIVITY,STRICT_SENSITIVITY,OUT_OF_SAMPLE_HOLDOUT,10,1,-0.00915600767305,-0.00387798486697,-0.000276812574702,-0.000233320190574,-0.757575757576,380,190340
BROAD_SENSITIVITY,STRICT_SENSITIVITY,RESEARCH_DEVELOPMENT,10,2,-0.0392596706537,-0.0289554846762,-0.00131783069398,-0.00118201448529,-0.830303030303,397,117557
BROAD_SENSITIVITY,STRICT_SENSITIVITY,VALIDATION,10,2,-0.0311441483809,-0.027035569206,-0.000995669132792,-0.00119715791911,-0.684848484848,493,210236
BROAD_SENSITIVITY,STRICT_SENSITIVITY,OUT_OF_SAMPLE_HOLDOUT,10,2,-0.0117958206462,-0.00242299672061,-0.000565508666179,-0.000501988031134,-0.454545454545,380,190217
BROAD_SENSITIVITY,STRICT_SENSITIVITY,RESEARCH_DEVELOPMENT,10,3,-0.0403806495397,-0.0337907484748,-0.0013718263765,-0.00118546068013,-0.818181818182,397,117485
BROAD_SENSITIVITY,STRICT_SENSITIVITY,VALIDATION,10,3,-0.0302290663835,-0.0271750303407,-0.000740309697312,-0.000953738956085,-0.163636363636,493,210074
BROAD_SENSITIVITY,STRICT_SENSITIVITY,OUT_OF_SAMPLE_HOLDOUT,10,3,-0.00989899125684,0.00670776541099,-9.51241089279e-05,4.305156128e-05,-0.272727272727,380,190096
BROAD_SENSITIVITY,STRICT_SENSITIVITY,RESEARCH_DEVELOPMENT,10,5,-0.037186783532,-0.0269548771342,-0.000614562493864,-0.000332876450155,-0.6,397,117347
BROAD_SENSITIVITY,STRICT_SENSITIVITY,VALIDATION,10,5,-0.0251832561231,-0.0186567393894,0.000120456876723,-4.18650824095e-06,-0.236363636364,493,209755
BROAD_SENSITIVITY,STRICT_SENSITIVITY,OUT_OF_SAMPLE_HOLDOUT,10,5,-0.0088778733977,-0.00968289060062,0.000533821569483,0.00080021576932,-0.115151515152,380,189865
BROAD_SENSITIVITY,STRICT_SENSITIVITY,RESEARCH_DEVELOPMENT,10,10,-0.0219320288471,-0.00902546390188,0.00149616719694,0.0016341180957,-0.139393939394,397,117046
BROAD_SENSITIVITY,STRICT_SENSITIVITY,VALIDATION,10,10,-0.0133185932411,-0.00709461307151,0.00183608380035,0.00186189941476,0.127272727273,493,208992
BROAD_SENSITIVITY,STRICT_SENSITIVITY,OUT_OF_SAMPLE_HOLDOUT,10,10,-0.00657978722841,-0.00557840691828,0.0020209298361,0.00261639981522,0.284848484848,380,189334
BROAD_SENSITIVITY,STRICT_SENSITIVITY,RESEARCH_DEVELOPMENT,10,20,-0.000164644679846,0.0150950710774,0.00660947337622,0.00713563351016,0.539393939394,397,116510
BROAD_SENSITIVITY,STRICT_SENSITIVITY,VALIDATION,10,20,-0.000389260732273,0.00702265918198,0.00555971459761,0.00689159596775,0.6,493,207542
BROAD_SENSITIVITY,STRICT_SENSITIVITY,OUT_OF_SAMPLE_HOLDOUT,10,20,-0.0187580028612,-0.0214810262487,0.000682338932032,0.00104591295998,-0.381818181818,380,188331
BROAD_SENSITIVITY,STRICT_SENSITIVITY,RESEARCH_DEVELOPMENT,20,1,-0.0252189958482,-0.0191000601807,0.000194591884068,0.000235580958002,0.636363636364,397,117278
BROAD_SENSITIVITY,STRICT_SENSITIVITY,VALIDATION,20,1,-0.0174603213041,-0.0137290295629,0.000568601641274,0.000521315481552,0.830303030303,493,209814
BROAD_SENSITIVITY,STRICT_SENSITIVITY,OUT_OF_SAMPLE_HOLDOUT,20,1,-0.0105090542972,0.00173525724874,-0.000188553511056,-0.00013206173372,-0.6,380,189710
BROAD_SENSITIVITY,STRICT_SENSITIVITY,RESEARCH_DEVELOPMENT,20,2,-0.025428623031,-0.00920975340067,8.64960599783e-05,0.000179834984646,0.478787878788,397,117208
BROAD_SENSITIVITY,STRICT_SENSITIVITY,VALIDATION,20,2,-0.0112147080404,-0.0112326146982,0.00120846273856,0.00118545825001,0.830303030303,493,209653
BROAD_SENSITIVITY,STRICT_SENSITIVITY,OUT_OF_SAMPLE_HOLDOUT,20,2,-0.0133828850263,-0.00368383784123,-0.000352974981959,-0.0002436570919,-0.466666666667,380,189588
BROAD_SENSITIVITY,STRICT_SENSITIVITY,RESEARCH_DEVELOPMENT,20,3,-0.0244288050309,-0.0181743906353,0.000455164033235,0.000571828757544,0.612121212121,397,117136
BROAD_SENSITIVITY,STRICT_SENSITIVITY,VALIDATION,20,3,-0.0078963820988,-0.00539294988757,0.00214703609447,0.00219221416192,0.878787878788,493,209492
BROAD_SENSITIVITY,STRICT_SENSITIVITY,OUT_OF_SAMPLE_HOLDOUT,20,3,-0.0137007751865,-0.0105619578216,-0.000205467194307,-2.69005139506e-05,-0.660606060606,380,189467
BROAD_SENSITIVITY,STRICT_SENSITIVITY,RESEARCH_DEVELOPMENT,20,5,-0.0203805592548,-0.00825203764044,0.00135349562966,0.00150094602749,0.818181818182,397,116999
BROAD_SENSITIVITY,STRICT_SENSITIVITY,VALIDATION,20,5,-0.00203073195125,0.00559517438115,0.00380671688648,0.0040607718909,0.963636363636,493,209174
BROAD_SENSITIVITY,STRICT_SENSITIVITY,OUT_OF_SAMPLE_HOLDOUT,20,5,-0.0183387708038,-0.0186923950859,-0.000111840219692,0.000175882872547,-0.478787878788,380,189236
BROAD_SENSITIVITY,STRICT_SENSITIVITY,RESEARCH_DEVELOPMENT,20,10,-0.00284818088233,0.00755189932019,0.0052094797956,0.00525295805842,0.90303030303,397,116698
BROAD_SENSITIVITY,STRICT_SENSITIVITY,VALIDATION,20,10,0.00355567978677,0.0056079694875,0.00744693717193,0.00834408720471,0.890909090909,493,208411
BROAD_SENSITIVITY,STRICT_SENSITIVITY,OUT_OF_SAMPLE_HOLDOUT,20,10,-0.0236880735925,-0.0218775427186,0.000866080572276,0.00124854207133,-0.430303030303,380,188705
BROAD_SENSITIVITY,STRICT_SENSITIVITY,RESEARCH_DEVELOPMENT,20,20,-0.000274560301476,0.00165626325594,0.0102228405704,0.0105284417159,0.587878787879,397,116162
BROAD_SENSITIVITY,STRICT_SENSITIVITY,VALIDATION,20,20,0.00902501698041,0.0184368253885,0.013914914647,0.0165753982573,0.975757575758,493,206962
BROAD_SENSITIVITY,STRICT_SENSITIVITY,OUT_OF_SAMPLE_HOLDOUT,20,20,-0.029102095869,-0.031680849397,-0.00216518904057,-0.00183961592094,-0.612121212121,380,187702
BROAD_SENSITIVITY,STRICT_SENSITIVITY,RESEARCH_DEVELOPMENT,40,1,-0.0204244845388,-0.00589543065756,0.000214155446052,0.000220323996585,0.539393939394,397,116412
BROAD_SENSITIVITY,STRICT_SENSITIVITY,VALIDATION,40,1,-0.0157082353905,-0.0219337886271,0.000676781612547,0.000718524828949,0.733333333333,493,208407
BROAD_SENSITIVITY,STRICT_SENSITIVITY,OUT_OF_SAMPLE_HOLDOUT,40,1,-0.00531617335575,-0.00488491724403,-0.000123917887185,-4.95119326492e-05,-0.115151515152,380,188234
BROAD_SENSITIVITY,STRICT_SENSITIVITY,RESEARCH_DEVELOPMENT,40,2,-0.018003372205,-0.0113826043238,0.00074788416854,0.000760821135563,0.442424242424,397,116343
BROAD_SENSITIVITY,STRICT_SENSITIVITY,VALIDATION,40,2,-0.0084232103522,-0.0110793144912,0.00145521300315,0.00152382374247,0.830303030303,493,208247
BROAD_SENSITIVITY,STRICT_SENSITIVITY,OUT_OF_SAMPLE_HOLDOUT,40,2,-0.00600683943839,0.00757257405996,-0.000191118600918,-6.21805166168e-05,-0.163636363636,380,188113
BROAD_SENSITIVITY,STRICT_SENSITIVITY,RESEARCH_DEVELOPMENT,40,3,-0.0173548872383,-0.0153578313546,0.00159818984084,0.00160205548248,0.587878787879,397,116272
BROAD_SENSITIVITY,STRICT_SENSITIVITY,VALIDATION,40,3,-0.00465451430531,-0.00299511837797,0.00238420778677,0.00253922788207,0.927272727273,493,208087
BROAD_SENSITIVITY,STRICT_SENSITIVITY,OUT_OF_SAMPLE_HOLDOUT,40,3,-0.00498507315452,-0.000213033510889,-4.70237198067e-05,0.000142470598503,-0.00606060606061,380,187993
BROAD_SENSITIVITY,STRICT_SENSITIVITY,RESEARCH_DEVELOPMENT,40,5,-0.0162966529502,-0.014002319567,0.00369883771281,0.00364922690586,0.575757575758,397,116135
BROAD_SENSITIVITY,STRICT_SENSITIVITY,VALIDATION,40,5,0.000310763904601,0.00679281522488,0.00427123256245,0.00463833611155,0.975757575758,493,207773
BROAD_SENSITIVITY,STRICT_SENSITIVITY,OUT_OF_SAMPLE_HOLDOUT,40,5,-0.00782872947163,0.00304722423956,-0.000188608396582,0.000169243261455,0.030303030303,380,187762
BROAD_SENSITIVITY,STRICT_SENSITIVITY,RESEARCH_DEVELOPMENT,40,10,-0.00715320015988,0.00513569490665,0.00849681036606,0.00837678397345,0.527272727273,397,115834
BROAD_SENSITIVITY,STRICT_SENSITIVITY,VALIDATION,40,10,0.00909923972763,0.00789147682305,0.00755800722379,0.00836677218928,0.963636363636,493,207021
BROAD_SENSITIVITY,STRICT_SENSITIVITY,OUT_OF_SAMPLE_HOLDOUT,40,10,-0.0126196047322,-0.0198617361212,-0.00118983791838,-0.000436221577386,-0.0545454545455,380,187231
BROAD_SENSITIVITY,STRICT_SENSITIVITY,RESEARCH_DEVELOPMENT,40,20,-0.0017765700396,0.000249822789157,0.0160893007533,0.016730354846,0.29696969697,397,115298
BROAD_SENSITIVITY,STRICT_SENSITIVITY,VALIDATION,40,20,0.0185687935169,0.0308352252021,0.0160460230867,0.0177166310522,0.975757575758,493,205588
BROAD_SENSITIVITY,STRICT_SENSITIVITY,OUT_OF_SAMPLE_HOLDOUT,40,20,-0.0215374908496,-0.0216513202124,-0.00473324116131,-0.00373541682819,0.0545454545455,380,186232
BROAD_SENSITIVITY,STRICT_SENSITIVITY,RESEARCH_DEVELOPMENT,60,1,-0.0157239825703,-0.0130001518788,0.000724210344083,0.000789861628345,0.430303030303,397,115502
BROAD_SENSITIVITY,STRICT_SENSITIVITY,VALIDATION,60,1,-0.010713132126,-0.00780748271072,0.000956839178702,0.000962495143173,0.878787878788,493,207019
BROAD_SENSITIVITY,STRICT_SENSITIVITY,OUT_OF_SAMPLE_HOLDOUT,60,1,-0.00239026531699,-0.000553288778714,-0.000334923394443,-0.00021435851876,0.030303030303,380,186596
BROAD_SENSITIVITY,STRICT_SENSITIVITY,RESEARCH_DEVELOPMENT,60,2,-0.0125521127527,-0.011404548623,0.00149928062656,0.00162340437121,0.466666666667,397,115433
BROAD_SENSITIVITY,STRICT_SENSITIVITY,VALIDATION,60,2,-0.00159933635873,-0.00101430168889,0.00177732088789,0.00178537138882,0.939393939394,493,206864
BROAD_SENSITIVITY,STRICT_SENSITIVITY,OUT_OF_SAMPLE_HOLDOUT,60,2,-0.00396350329252,0.00783058147461,-0.000656619774309,-0.000441314961376,0.139393939394,380,186480
BROAD_SENSITIVITY,STRICT_SENSITIVITY,RESEARCH_DEVELOPMENT,60,3,-0.0107145505974,-0.00863295882551,0.0026898082806,0.00281830863484,0.50303030303,397,115362
BROAD_SENSITIVITY,STRICT_SENSITIVITY,VALIDATION,60,3,0.00255851633016,0.00330171422331,0.00292227105847,0.00299459483061,0.951515151515,493,206710
BROAD_SENSITIVITY,STRICT_SENSITIVITY,OUT_OF_SAMPLE_HOLDOUT,60,3,-0.00442626996606,0.00509426018022,-0.00100521106007,-0.000699788048415,0.0424242424242,380,186364
BROAD_SENSITIVITY,STRICT_SENSITIVITY,RESEARCH_DEVELOPMENT,60,5,-0.00660862939489,-0.00567876028328,0.00528432374397,0.0054338118643,0.515151515152,397,115225
BROAD_SENSITIVITY,STRICT_SENSITIVITY,VALIDATION,60,5,0.00853260379684,0.00773402417906,0.00534629855053,0.00547189087187,0.975757575758,493,206406
BROAD_SENSITIVITY,STRICT_SENSITIVITY,OUT_OF_SAMPLE_HOLDOUT,60,5,-0.00814502657785,-0.00830412993653,-0.00179488760416,-0.00135110190637,-0.030303030303,380,186139
BROAD_SENSITIVITY,STRICT_SENSITIVITY,RESEARCH_DEVELOPMENT,60,10,0.00736340209899,0.0112643575042,0.0113439837205,0.0116744129157,0.769696969697,397,114926
BROAD_SENSITIVITY,STRICT_SENSITIVITY,VALIDATION,60,10,0.0185760878183,0.0242862858693,0.0104365458234,0.0105285638097,0.987878787879,493,205675
BROAD_SENSITIVITY,STRICT_SENSITIVITY,OUT_OF_SAMPLE_HOLDOUT,60,10,-0.0177037409816,-0.0235754425471,-0.00349606474972,-0.00299260545596,0.00606060606061,380,185619
BROAD_SENSITIVITY,STRICT_SENSITIVITY,RESEARCH_DEVELOPMENT,60,20,0.0244970056036,0.0325328596185,0.0206594654818,0.0214821334526,0.854545454545,397,114402
BROAD_SENSITIVITY,STRICT_SENSITIVITY,VALIDATION,60,20,0.026057848375,0.0320474154683,0.0176273460665,0.0177445718152,1,493,204271
BROAD_SENSITIVITY,STRICT_SENSITIVITY,OUT_OF_SAMPLE_HOLDOUT,60,20,-0.0330121898143,-0.044791179484,-0.00732964126088,-0.00676842120054,-0.115151515152,380,184627
