symbol,first_date,last_date,observed_sessions,known_alias,observed_isin_count,continuity_status,identity_ambiguity,identity_policy
20MICRONS,2020-01-01,2026-09-11,1490,,1,OBSERVED_SYMBOL_HISTORY_NOT_STITCHED,False,exact_observed_symbol_no_fuzzy_merge
21STCENMGM,2020-01-02,2026-09-11,1340,,1,OBSERVED_SYMBOL_HISTORY_NOT_STITCHED,False,exact_observed_symbol_no_fuzzy_merge
360ONE,2023-01-23,2026-09-11,898,,1,OBSERVED_SYMBOL_HISTORY_NOT_STITCHED,False,exact_observed_symbol_no_fuzzy_merge
3BBLACKBIO,2026-04-20,2026-09-11,102,,1,OBSERVED_SYMBOL_HISTORY_NOT_STITCHED,False,exact_observed_symbol_no_fuzzy_merge
3IINFOLTD,2021-11-08,2026-08-13,1179,,1,OBSERVED_SYMBOL_HISTORY_NOT_STITCHED,False,exact_observed_symbol_no_fuzzy_merge
3IINFOTECH,2020-01-01,2021-06-08,357,,0,OBSERVED_SYMBOL_HISTORY_NOT_STITCHED,False,exact_observed_symbol_no_fuzzy_merge
3MINDIA,2020-01-01,2026-09-11,1660,,1,OBSERVED_SYMBOL_HISTORY_NOT_STITCHED,False,exact_observed_symbol_no_fuzzy_merge
3PLAND,2020-01-01,2026-09-11,1128,,1,OBSERVED_SYMBOL_HISTORY_NOT_STITCHED,False,exact_observed_symbol_no_fuzzy_merge
4THDIM,2022-09-22,2022-12-05,50,,0,OBSERVED_SYMBOL_HISTORY_NOT_STITCHED,False,exact_observed_symbol_no_fuzzy_merge
5PAISA,2020-01-01,2026-09-11,1601,,1,OBSERVED_SYMBOL_HISTORY_NOT_STITCHED,False,exact_observed_symbol_no_fuzzy_merge
63MOONS,2020-01-01,2026-09-11,1363,,1,OBSERVED_SYMBOL_HISTORY_NOT_STITCHED,False,exact_observed_symbol_no_fuzzy_merge
8KMILES,2020-09-15,2020-09-23,7,,0,OBSERVED_SYMBOL_HISTORY_NOT_STITCHED,False,exact_observed_symbol_no_fuzzy_merge
A2ZINFRA,2020-01-01,2026-09-11,1060,,1,OBSERVED_SYMBOL_HISTORY_NOT_STITCHED,False,exact_observed_symbol_no_fuzzy_merge
AAATECH,2022-11-28,2026-09-11,739,,1,OBSERVED_SYMBOL_HISTORY_NOT_STITCHED,False,exact_observed_symbol_no_fuzzy_merge
AADHARHFC,2024-05-15,2026-09-11,578,,1,OBSERVED_SYMBOL_HISTORY_NOT_STITCHED,False,exact_observed_symbol_no_fuzzy_merge
AAKASH,2020-09-29,2026-09-11,1031,,1,OBSERVED_SYMBOL_HISTORY_NOT_STITCHED,False,exact_observed_symbol_no_fuzzy_merge
AAREYDRUGS,2021-08-06,2026-09-11,735,,1,OBSERVED_SYMBOL_HISTORY_NOT_STITCHED,False,exact_observed_symbol_no_fuzzy_merge
AARNAV,2026-02-25,2026-08-20,119,,1,OBSERVED_SYMBOL_HISTORY_NOT_STITCHED,False,exact_observed_symbol_no_fuzzy_merge
AARON,2020-11-06,2026-09-11,1281,,1,OBSERVED_SYMBOL_HISTORY_NOT_STITCHED,False,exact_observed_symbol_no_fuzzy_merge
AARTECH,2023-07-10,2026-07-09,526,,1,OBSERVED_SYMBOL_HISTORY_NOT_STITCHED,False,exact_observed_symbol_no_fuzzy_merge
AARTIDRUGS,2020-01-01,2026-09-11,1660,,1,OBSERVED_SYMBOL_HISTORY_NOT_STITCHED,False,exact_observed_symbol_no_fuzzy_merge
AARTIIND,2020-01-01,2026-09-11,1660,,1,OBSERVED_SYMBOL_HISTORY_NOT_STITCHED,False,exact_observed_symbol_no_fuzzy_merge
AARTIPHARM,2023-02-13,2026-09-11,884,,1,OBSERVED_SYMBOL_HISTORY_NOT_STITCHED,False,exact_observed_symbol_no_fuzzy_merge
AARTISURF,2020-11-24,2026-08-14,1287,,1,OBSERVED_SYMBOL_HISTORY_NOT_STITCHED,False,exact_observed_symbol_no_fuzzy_merge
AARVEEDEN,2020-01-01,2024-08-02,1014,VGL,1,OBJECTIVE_SAME_ISIN_ALIAS_OBSERVED_NO_STITCH,True,exact_observed_symbol_no_fuzzy_merge
AARVI,2020-06-24,2026-09-11,1542,,1,OBSERVED_SYMBOL_HISTORY_NOT_STITCHED,False,exact_observed_symbol_no_fuzzy_merge
AASTHA,2026-07-20,2026-09-11,40,,1,OBSERVED_SYMBOL_HISTORY_NOT_STITCHED,False,exact_observed_symbol_no_fuzzy_merge
AAVAS,2020-01-01,2026-09-11,1660,,1,OBSERVED_SYMBOL_HISTORY_NOT_STITCHED,False,exact_observed_symbol_no_fuzzy_merge
ABAN,2020-01-01,2025-09-04,1027,,1,OBSERVED_SYMBOL_HISTORY_NOT_STITCHED,False,exact_observed_symbol_no_fuzzy_merge
ABANSENT,2026-04-20,2026-09-11,34,,1,OBSERVED_SYMBOL_HISTORY_NOT_STITCHED,False,exact_observed_symbol_no_fuzzy_merge
ABB,2020-01-06,2026-09-11,1657,,1,OBSERVED_SYMBOL_HISTORY_NOT_STITCHED,False,exact_observed_symbol_no_fuzzy_merge
ABBOTINDIA,2020-01-01,2026-09-11,1660,,1,OBSERVED_SYMBOL_HISTORY_NOT_STITCHED,False,exact_observed_symbol_no_fuzzy_merge
ABCAPITAL,2020-01-01,2026-09-11,1660,,1,OBSERVED_SYMBOL_HISTORY_NOT_STITCHED,False,exact_observed_symbol_no_fuzzy_merge
ABCOTS,2025-09-24,2026-09-11,239,,1,OBSERVED_SYMBOL_HISTORY_NOT_STITCHED,False,exact_observed_symbol_no_fuzzy_merge
ABDL,2024-07-02,2026-09-11,545,,1,OBSERVED_SYMBOL_HISTORY_NOT_STITCHED,False,exact_observed_symbol_no_fuzzy_merge
ABFRL,2020-01-01,2026-09-11,1660,,1,OBSERVED_SYMBOL_HISTORY_NOT_STITCHED,False,exact_observed_symbol_no_fuzzy_merge
ABGSEC,2024-07-10,2026-09-11,508,,1,OBSERVED_SYMBOL_HISTORY_NOT_STITCHED,False,exact_observed_symbol_no_fuzzy_merge
ABINFRA,2025-01-13,2026-08-21,321,,2,MULTIPLE_ISIN_OBSERVED_NO_IDENTITY_INFERENCE,True,exact_observed_symbol_no_fuzzy_merge
ABLBL,2025-07-07,2026-09-11,294,,1,OBSERVED_SYMBOL_HISTORY_NOT_STITCHED,False,exact_observed_symbol_no_fuzzy_merge
ABMINTLLTD,2021-09-27,2026-08-17,513,,1,OBSERVED_SYMBOL_HISTORY_NOT_STITCHED,False,exact_observed_symbol_no_fuzzy_merge
ABMINTLTD,2021-02-02,2021-07-26,118,,0,OBSERVED_SYMBOL_HISTORY_NOT_STITCHED,False,exact_observed_symbol_no_fuzzy_merge
ABMKNO,2026-04-20,2026-09-11,102,,1,OBSERVED_SYMBOL_HISTORY_NOT_STITCHED,False,exact_observed_symbol_no_fuzzy_merge
ABREL,2024-10-10,2026-09-11,476,CENTURYTEX,1,OBJECTIVE_SAME_ISIN_ALIAS_OBSERVED_NO_STITCH,True,exact_observed_symbol_no_fuzzy_merge
ABSL10BANK,2026-03-04,2026-09-11,131,,1,OBSERVED_SYMBOL_HISTORY_NOT_STITCHED,False,exact_observed_symbol_no_fuzzy_merge
ABSLAMC,2021-10-11,2026-09-11,1218,,1,OBSERVED_SYMBOL_HISTORY_NOT_STITCHED,False,exact_observed_symbol_no_fuzzy_merge
ABSLBANETF,2020-01-01,2026-09-11,1651,,1,OBSERVED_SYMBOL_HISTORY_NOT_STITCHED,False,exact_observed_symbol_no_fuzzy_merge
ABSLLIQUID,2023-03-16,2026-09-11,842,,1,OBSERVED_SYMBOL_HISTORY_NOT_STITCHED,False,exact_observed_symbol_no_fuzzy_merge
ABSLMSCIN,2026-02-20,2026-09-11,137,,1,OBSERVED_SYMBOL_HISTORY_NOT_STITCHED,False,exact_observed_symbol_no_fuzzy_merge
ABSLNN50ET,2020-01-01,2026-09-11,1650,,1,OBSERVED_SYMBOL_HISTORY_NOT_STITCHED,False,exact_observed_symbol_no_fuzzy_merge
ABSLPSE,2024-05-23,2026-09-11,572,,1,OBSERVED_SYMBOL_HISTORY_NOT_STITCHED,False,exact_observed_symbol_no_fuzzy_merge
ACC,2020-01-01,2026-09-11,1660,,1,OBSERVED_SYMBOL_HISTORY_NOT_STITCHED,False,exact_observed_symbol_no_fuzzy_merge
ACCELYA,2020-01-01,2026-09-11,1660,,1,OBSERVED_SYMBOL_HISTORY_NOT_STITCHED,False,exact_observed_symbol_no_fuzzy_merge
ACCURACY,2020-12-11,2026-07-01,1065,,1,OBSERVED_SYMBOL_HISTORY_NOT_STITCHED,False,exact_observed_symbol_no_fuzzy_merge
ACE,2020-01-01,2026-09-11,1660,,1,OBSERVED_SYMBOL_HISTORY_NOT_STITCHED,False,exact_observed_symbol_no_fuzzy_merge
ACEINTEG,2022-11-04,2026-09-11,808,,1,OBSERVED_SYMBOL_HISTORY_NOT_STITCHED,False,exact_observed_symbol_no_fuzzy_merge
ACGL,2026-08-17,2026-09-11,20,,1,OBSERVED_SYMBOL_HISTORY_NOT_STITCHED,False,exact_observed_symbol_no_fuzzy_merge
ACI,2022-11-21,2026-09-11,943,,1,OBSERVED_SYMBOL_HISTORY_NOT_STITCHED,False,exact_observed_symbol_no_fuzzy_merge
ACL,2023-05-24,2026-09-11,715,,1,OBSERVED_SYMBOL_HISTORY_NOT_STITCHED,False,exact_observed_symbol_no_fuzzy_merge
ACLGATI,2023-11-30,2025-11-11,482,,1,OBSERVED_SYMBOL_HISTORY_NOT_STITCHED,False,exact_observed_symbol_no_fuzzy_merge
ACMESOLAR,2024-11-13,2026-09-11,452,,1,OBSERVED_SYMBOL_HISTORY_NOT_STITCHED,False,exact_observed_symbol_no_fuzzy_merge
ACRYSIL,2021-01-14,2022-11-17,456,,0,OBSERVED_SYMBOL_HISTORY_NOT_STITCHED,False,exact_observed_symbol_no_fuzzy_merge
ACSTECH,2026-04-20,2026-08-25,89,,1,OBSERVED_SYMBOL_HISTORY_NOT_STITCHED,False,exact_observed_symbol_no_fuzzy_merge
ACUTAAS,2025-06-02,2026-09-11,319,AMIORG,1,OBJECTIVE_SAME_ISIN_ALIAS_OBSERVED_NO_STITCH,True,exact_observed_symbol_no_fuzzy_merge
ADANIENSOL,2023-08-24,2026-09-11,754,,1,OBSERVED_SYMBOL_HISTORY_NOT_STITCHED,False,exact_observed_symbol_no_fuzzy_merge
ADANIENT,2020-01-01,2026-09-11,1660,,1,OBSERVED_SYMBOL_HISTORY_NOT_STITCHED,False,exact_observed_symbol_no_fuzzy_merge
ADANIGAS,2020-01-01,2021-01-12,259,,0,OBSERVED_SYMBOL_HISTORY_NOT_STITCHED,False,exact_observed_symbol_no_fuzzy_merge
ADANIGREEN,2020-01-01,2026-09-11,1595,,1,OBSERVED_SYMBOL_HISTORY_NOT_STITCHED,False,exact_observed_symbol_no_fuzzy_merge
ADANIPORTS,2020-01-01,2026-09-11,1660,,1,OBSERVED_SYMBOL_HISTORY_NOT_STITCHED,False,exact_observed_symbol_no_fuzzy_merge
ADANIPOWER,2020-01-01,2026-09-11,1455,,2,MULTIPLE_ISIN_OBSERVED_NO_IDENTITY_INFERENCE,True,exact_observed_symbol_no_fuzzy_merge
ADANITRANS,2020-01-01,2023-08-23,738,,0,OBSERVED_SYMBOL_HISTORY_NOT_STITCHED,False,exact_observed_symbol_no_fuzzy_merge
ADDIND,2026-08-18,2026-09-11,19,,1,OBSERVED_SYMBOL_HISTORY_NOT_STITCHED,False,exact_observed_symbol_no_fuzzy_merge
ADFFOODS,2020-01-01,2026-09-11,1660,,1,OBSERVED_SYMBOL_HISTORY_NOT_STITCHED,False,exact_observed_symbol_no_fuzzy_merge
ADHUNIKIND,2020-01-01,2021-05-19,279,,0,OBSERVED_SYMBOL_HISTORY_NOT_STITCHED,False,exact_observed_symbol_no_fuzzy_merge
ADL,2024-03-11,2026-09-11,484,,1,OBSERVED_SYMBOL_HISTORY_NOT_STITCHED,False,exact_observed_symbol_no_fuzzy_merge
ADLABS,2020-03-04,2020-04-21,30,,0,OBSERVED_SYMBOL_HISTORY_NOT_STITCHED,False,exact_observed_symbol_no_fuzzy_merge
ADOR,2025-04-11,2026-09-11,352,ADORWELD,1,OBJECTIVE_SAME_ISIN_ALIAS_OBSERVED_NO_STITCH,True,exact_observed_symbol_no_fuzzy_merge
ADORWELD,2020-01-01,2025-04-09,1308,ADOR,1,OBJECTIVE_SAME_ISIN_ALIAS_OBSERVED_NO_STITCH,True,exact_observed_symbol_no_fuzzy_merge
ADROITINFO,2020-03-04,2026-09-11,982,,1,OBSERVED_SYMBOL_HISTORY_NOT_STITCHED,False,exact_observed_symbol_no_fuzzy_merge
ADSL,2020-03-04,2026-09-11,1616,,1,OBSERVED_SYMBOL_HISTORY_NOT_STITCHED,False,exact_observed_symbol_no_fuzzy_merge
ADVAIT,2026-01-20,2026-09-11,160,,1,OBSERVED_SYMBOL_HISTORY_NOT_STITCHED,False,exact_observed_symbol_no_fuzzy_merge
ADVANCE,2025-10-24,2026-09-11,219,,1,OBSERVED_SYMBOL_HISTORY_NOT_STITCHED,False,exact_observed_symbol_no_fuzzy_merge
ADVANIHOTR,2020-01-01,2026-09-11,1620,,1,OBSERVED_SYMBOL_HISTORY_NOT_STITCHED,False,exact_observed_symbol_no_fuzzy_merge
ADVENTHTL,2025-11-27,2026-09-11,196,,1,OBSERVED_SYMBOL_HISTORY_NOT_STITCHED,False,exact_observed_symbol_no_fuzzy_merge
ADVENZYMES,2020-01-01,2026-09-11,1660,,1,OBSERVED_SYMBOL_HISTORY_NOT_STITCHED,False,exact_observed_symbol_no_fuzzy_merge
ADVIKCA,2026-08-17,2026-09-11,20,,1,OBSERVED_SYMBOL_HISTORY_NOT_STITCHED,False,exact_observed_symbol_no_fuzzy_merge
AEGISCHEM,2020-01-01,2024-06-06,1099,,0,OBSERVED_SYMBOL_HISTORY_NOT_STITCHED,False,exact_observed_symbol_no_fuzzy_merge
AEGISLOG,2024-06-07,2026-09-11,561,,1,OBSERVED_SYMBOL_HISTORY_NOT_STITCHED,False,exact_observed_symbol_no_fuzzy_merge
AEGISVOPAK,2025-06-02,2026-09-11,319,,1,OBSERVED_SYMBOL_HISTORY_NOT_STITCHED,False,exact_observed_symbol_no_fuzzy_merge
AEPL,2026-03-12,2026-09-11,104,,1,OBSERVED_SYMBOL_HISTORY_NOT_STITCHED,False,exact_observed_symbol_no_fuzzy_merge
AEQUS,2025-12-10,2026-09-11,187,,1,OBSERVED_SYMBOL_HISTORY_NOT_STITCHED,False,exact_observed_symbol_no_fuzzy_merge
AEROENTER,2025-06-25,2026-09-11,302,SATINDLTD,1,OBJECTIVE_SAME_ISIN_ALIAS_OBSERVED_NO_STITCH,True,exact_observed_symbol_no_fuzzy_merge
AEROFLEX,2023-08-31,2026-09-11,749,,1,OBSERVED_SYMBOL_HISTORY_NOT_STITCHED,False,exact_observed_symbol_no_fuzzy_merge
AERONEU,2025-09-08,2026-09-11,251,SAH,1,OBJECTIVE_SAME_ISIN_ALIAS_OBSERVED_NO_STITCH,True,exact_observed_symbol_no_fuzzy_merge
AEROPLANE,2026-07-20,2026-09-11,40,AMIRCHAND,1,OBJECTIVE_SAME_ISIN_ALIAS_OBSERVED_NO_STITCH,True,exact_observed_symbol_no_fuzzy_merge
AETHER,2022-06-03,2026-09-11,1058,,1,OBSERVED_SYMBOL_HISTORY_NOT_STITCHED,False,exact_observed_symbol_no_fuzzy_merge
AFCONS,2024-11-04,2026-09-11,459,,1,OBSERVED_SYMBOL_HISTORY_NOT_STITCHED,False,exact_observed_symbol_no_fuzzy_merge
AFFLE,2020-01-01,2026-09-11,1542,,1,OBSERVED_SYMBOL_HISTORY_NOT_STITCHED,False,exact_observed_symbol_no_fuzzy_merge
AFFORDABLE,2024-10-23,2026-09-11,374,,1,OBSERVED_SYMBOL_HISTORY_NOT_STITCHED,False,exact_observed_symbol_no_fuzzy_merge
AFIL,2024-07-10,2026-09-11,450,,2,MULTIPLE_ISIN_OBSERVED_NO_IDENTITY_INFERENCE,True,exact_observed_symbol_no_fuzzy_merge
AFSL,2025-05-05,2026-09-11,339,AHL,1,OBJECTIVE_SAME_ISIN_ALIAS_OBSERVED_NO_STITCH,True,exact_observed_symbol_no_fuzzy_merge
AGARIND,2020-01-01,2026-09-11,1605,,1,OBSERVED_SYMBOL_HISTORY_NOT_STITCHED,False,exact_observed_symbol_no_fuzzy_merge
AGARWALEYE,2025-02-04,2026-09-11,396,,1,OBSERVED_SYMBOL_HISTORY_NOT_STITCHED,False,exact_observed_symbol_no_fuzzy_merge
AGCNET,2020-01-01,2021-12-02,256,,0,OBSERVED_SYMBOL_HISTORY_NOT_STITCHED,False,exact_observed_symbol_no_fuzzy_merge
AGI,2022-05-11,2026-09-11,1075,,1,OBSERVED_SYMBOL_HISTORY_NOT_STITCHED,False,exact_observed_symbol_no_fuzzy_merge
AGIIL,2024-07-15,2026-09-11,536,,3,MULTIPLE_ISIN_OBSERVED_NO_IDENTITY_INFERENCE,True,exact_observed_symbol_no_fuzzy_merge
AGL,2026-07-17,2026-09-11,41,,1,OBSERVED_SYMBOL_HISTORY_NOT_STITCHED,False,exact_observed_symbol_no_fuzzy_merge
AGRITECH,2020-01-01,2026-09-11,1230,,1,OBSERVED_SYMBOL_HISTORY_NOT_STITCHED,False,exact_observed_symbol_no_fuzzy_merge
AGROPHOS,2020-01-01,2026-09-11,1598,,1,OBSERVED_SYMBOL_HISTORY_NOT_STITCHED,False,exact_observed_symbol_no_fuzzy_merge
AGSTRA,2022-01-31,2025-01-29,689,,1,OBSERVED_SYMBOL_HISTORY_NOT_STITCHED,False,exact_observed_symbol_no_fuzzy_merge
AHCL,2025-09-17,2026-09-11,181,,2,MULTIPLE_ISIN_OBSERVED_NO_IDENTITY_INFERENCE,True,exact_observed_symbol_no_fuzzy_merge
AHL,2022-12-23,2025-01-29,520,AFSL,1,OBJECTIVE_SAME_ISIN_ALIAS_OBSERVED_NO_STITCH,True,exact_observed_symbol_no_fuzzy_merge
AHLADA,2021-01-28,2026-09-11,1271,,1,OBSERVED_SYMBOL_HISTORY_NOT_STITCHED,False,exact_observed_symbol_no_fuzzy_merge
AHLEAST,2020-01-01,2026-09-11,1610,,1,OBSERVED_SYMBOL_HISTORY_NOT_STITCHED,False,exact_observed_symbol_no_fuzzy_merge
AHLUCONT,2020-01-01,2026-09-11,1660,,1,OBSERVED_SYMBOL_HISTORY_NOT_STITCHED,False,exact_observed_symbol_no_fuzzy_merge
AHLWEST,2020-01-01,2026-04-22,431,,1,OBSERVED_SYMBOL_HISTORY_NOT_STITCHED,False,exact_observed_symbol_no_fuzzy_merge
AIAENG,2020-01-01,2026-09-11,1660,,1,OBSERVED_SYMBOL_HISTORY_NOT_STITCHED,False,exact_observed_symbol_no_fuzzy_merge
AIIL,2024-04-23,2026-09-11,593,,1,OBSERVED_SYMBOL_HISTORY_NOT_STITCHED,False,exact_observed_symbol_no_fuzzy_merge
AIONJSW,2020-01-01,2020-10-09,165,,0,OBSERVED_SYMBOL_HISTORY_NOT_STITCHED,False,exact_observed_symbol_no_fuzzy_merge
AIRAN,2020-01-01,2026-09-11,1354,,1,OBSERVED_SYMBOL_HISTORY_NOT_STITCHED,False,exact_observed_symbol_no_fuzzy_merge
AIROLAM,2021-10-13,2026-09-11,1146,,1,OBSERVED_SYMBOL_HISTORY_NOT_STITCHED,False,exact_observed_symbol_no_fuzzy_merge
AJANTPHARM,2020-01-01,2026-09-11,1660,,1,OBSERVED_SYMBOL_HISTORY_NOT_STITCHED,False,exact_observed_symbol_no_fuzzy_merge
AJAXENGG,2025-02-17,2026-09-11,387,,1,OBSERVED_SYMBOL_HISTORY_NOT_STITCHED,False,exact_observed_symbol_no_fuzzy_merge
AJMERA,2020-01-01,2026-09-11,1569,,2,MULTIPLE_ISIN_OBSERVED_NO_IDENTITY_INFERENCE,True,exact_observed_symbol_no_fuzzy_merge
AJOONI,2021-05-07,2026-09-11,1086,,1,OBSERVED_SYMBOL_HISTORY_NOT_STITCHED,False,exact_observed_symbol_no_fuzzy_merge
AJRINFRA,2021-10-12,2023-01-20,220,,0,OBSERVED_SYMBOL_HISTORY_NOT_STITCHED,False,exact_observed_symbol_no_fuzzy_merge
AKASH,2020-01-01,2026-09-11,1252,,1,OBSERVED_SYMBOL_HISTORY_NOT_STITCHED,False,exact_observed_symbol_no_fuzzy_merge
AKCAPIT,2026-04-20,2026-09-11,102,,1,OBSERVED_SYMBOL_HISTORY_NOT_STITCHED,False,exact_observed_symbol_no_fuzzy_merge
AKG,2021-02-16,2026-09-11,1255,,1,OBSERVED_SYMBOL_HISTORY_NOT_STITCHED,False,exact_observed_symbol_no_fuzzy_merge
AKI,2023-04-06,2026-09-08,431,,1,OBSERVED_SYMBOL_HISTORY_NOT_STITCHED,False,exact_observed_symbol_no_fuzzy_merge
AKSHAR,2022-05-23,2026-09-11,503,,1,OBSERVED_SYMBOL_HISTORY_NOT_STITCHED,False,exact_observed_symbol_no_fuzzy_merge
AKSHARCHEM,2020-01-01,2026-07-01,1580,,1,OBSERVED_SYMBOL_HISTORY_NOT_STITCHED,False,exact_observed_symbol_no_fuzzy_merge
AKSHOPTFBR,2020-01-01,2026-04-16,1126,,1,OBSERVED_SYMBOL_HISTORY_NOT_STITCHED,False,exact_observed_symbol_no_fuzzy_merge
AKUMS,2024-08-06,2026-09-11,521,,1,OBSERVED_SYMBOL_HISTORY_NOT_STITCHED,False,exact_observed_symbol_no_fuzzy_merge
AKZOINDIA,2020-01-01,2026-04-13,1555,JSWDULUX,1,OBJECTIVE_SAME_ISIN_ALIAS_OBSERVED_NO_STITCH,True,exact_observed_symbol_no_fuzzy_merge
ALANKIT,2020-01-01,2026-09-11,1545,,1,OBSERVED_SYMBOL_HISTORY_NOT_STITCHED,False,exact_observed_symbol_no_fuzzy_merge
ALBERTDAVD,2020-01-01,2026-09-11,1596,,1,OBSERVED_SYMBOL_HISTORY_NOT_STITCHED,False,exact_observed_symbol_no_fuzzy_merge
ALBK,2020-01-01,2020-03-19,55,,0,OBSERVED_SYMBOL_HISTORY_NOT_STITCHED,False,exact_observed_symbol_no_fuzzy_merge
ALCHEM,2020-06-23,2020-12-16,125,,0,OBSERVED_SYMBOL_HISTORY_NOT_STITCHED,False,exact_observed_symbol_no_fuzzy_merge
ALEMBICLTD,2020-01-01,2026-09-11,1660,,1,OBSERVED_SYMBOL_HISTORY_NOT_STITCHED,False,exact_observed_symbol_no_fuzzy_merge
ALFREDHE,2026-08-17,2026-09-11,18,,1,OBSERVED_SYMBOL_HISTORY_NOT_STITCHED,False,exact_observed_symbol_no_fuzzy_merge
ALGOQUANT,2026-01-06,2026-09-11,169,,1,OBSERVED_SYMBOL_HISTORY_NOT_STITCHED,False,exact_observed_symbol_no_fuzzy_merge
ALICON,2020-01-01,2026-09-11,1660,,1,OBSERVED_SYMBOL_HISTORY_NOT_STITCHED,False,exact_observed_symbol_no_fuzzy_merge
ALIVUS,2025-01-20,2026-09-11,407,GLS,1,OBJECTIVE_SAME_ISIN_ALIAS_OBSERVED_NO_STITCH,True,exact_observed_symbol_no_fuzzy_merge
ALKALI,2020-01-01,2026-09-11,1436,,1,OBSERVED_SYMBOL_HISTORY_NOT_STITCHED,False,exact_observed_symbol_no_fuzzy_merge
ALKEM,2020-01-01,2026-09-11,1660,,1,OBSERVED_SYMBOL_HISTORY_NOT_STITCHED,False,exact_observed_symbol_no_fuzzy_merge
ALKYLAMINE,2020-01-01,2026-09-11,1660,,1,OBSERVED_SYMBOL_HISTORY_NOT_STITCHED,False,exact_observed_symbol_no_fuzzy_merge
ALLCARGO,2020-01-01,2026-09-11,1640,,1,OBSERVED_SYMBOL_HISTORY_NOT_STITCHED,False,exact_observed_symbol_no_fuzzy_merge
ALLDIGI,2024-09-27,2026-09-11,484,ALLSEC,1,OBJECTIVE_SAME_ISIN_ALIAS_OBSERVED_NO_STITCH,True,exact_observed_symbol_no_fuzzy_merge
ALLSEC,2020-01-01,2024-09-26,1176,ALLDIGI,1,OBJECTIVE_SAME_ISIN_ALIAS_OBSERVED_NO_STITCH,True,exact_observed_symbol_no_fuzzy_merge
ALLTIME,2025-08-14,2026-09-11,266,,1,OBSERVED_SYMBOL_HISTORY_NOT_STITCHED,False,exact_observed_symbol_no_fuzzy_merge
ALMONDZ,2020-01-01,2026-09-11,1434,,2,MULTIPLE_ISIN_OBSERVED_NO_IDENTITY_INFERENCE,True,exact_observed_symbol_no_fuzzy_merge
ALOKINDS,2020-03-05,2026-09-11,1368,,1,OBSERVED_SYMBOL_HISTORY_NOT_STITCHED,False,exact_observed_symbol_no_fuzzy_merge
ALPA,2020-01-01,2026-09-11,1480,,1,OBSERVED_SYMBOL_HISTORY_NOT_STITCHED,False,exact_observed_symbol_no_fuzzy_merge
ALPHA,2024-03-20,2026-09-11,613,,1,OBSERVED_SYMBOL_HISTORY_NOT_STITCHED,False,exact_observed_symbol_no_fuzzy_merge
ALPHAETF,2023-10-27,2026-09-11,711,,1,OBSERVED_SYMBOL_HISTORY_NOT_STITCHED,False,exact_observed_symbol_no_fuzzy_merge
ALPHAGEO,2020-01-01,2026-08-19,1475,,1,OBSERVED_SYMBOL_HISTORY_NOT_STITCHED,False,exact_observed_symbol_no_fuzzy_merge
ALPINETEX,2026-08-04,2026-09-11,29,,1,OBSERVED_SYMBOL_HISTORY_NOT_STITCHED,False,exact_observed_symbol_no_fuzzy_merge
ALPL30IETF,2023-12-20,2026-09-11,675,,1,OBSERVED_SYMBOL_HISTORY_NOT_STITCHED,False,exact_observed_symbol_no_fuzzy_merge
ALPSINDUS,2020-03-06,2025-12-15,336,,1,OBSERVED_SYMBOL_HISTORY_NOT_STITCHED,False,exact_observed_symbol_no_fuzzy_merge
ALUFLUOR,2026-08-17,2026-09-11,20,,1,OBSERVED_SYMBOL_HISTORY_NOT_STITCHED,False,exact_observed_symbol_no_fuzzy_merge
AMAGI,2026-01-21,2026-09-11,159,,1,OBSERVED_SYMBOL_HISTORY_NOT_STITCHED,False,exact_observed_symbol_no_fuzzy_merge
AMAL,2026-08-17,2026-09-11,20,,1,OBSERVED_SYMBOL_HISTORY_NOT_STITCHED,False,exact_observed_symbol_no_fuzzy_merge
AMANTA,2025-09-23,2026-06-16,178,,1,OBSERVED_SYMBOL_HISTORY_NOT_STITCHED,False,exact_observed_symbol_no_fuzzy_merge
AMARAJABAT,2020-01-01,2023-10-26,949,,0,OBSERVED_SYMBOL_HISTORY_NOT_STITCHED,False,exact_observed_symbol_no_fuzzy_merge
AMARJOTHI,2026-08-17,2026-09-11,20,,1,OBSERVED_SYMBOL_HISTORY_NOT_STITCHED,False,exact_observed_symbol_no_fuzzy_merge
AMBALALSA,2026-04-20,2026-08-20,86,,1,OBSERVED_SYMBOL_HISTORY_NOT_STITCHED,False,exact_observed_symbol_no_fuzzy_merge
AMBER,2020-01-01,2026-09-11,1660,,1,OBSERVED_SYMBOL_HISTORY_NOT_STITCHED,False,exact_observed_symbol_no_fuzzy_merge
AMBICAAGAR,2021-04-29,2026-09-11,1150,,1,OBSERVED_SYMBOL_HISTORY_NOT_STITCHED,False,exact_observed_symbol_no_fuzzy_merge
AMBIKCO,2020-01-01,2026-09-11,1660,,1,OBSERVED_SYMBOL_HISTORY_NOT_STITCHED,False,exact_observed_symbol_no_fuzzy_merge
AMBUJACEM,2020-01-01,2026-09-11,1660,,1,OBSERVED_SYMBOL_HISTORY_NOT_STITCHED,False,exact_observed_symbol_no_fuzzy_merge
AMDIND,2020-01-01,2026-09-11,1445,,1,OBSERVED_SYMBOL_HISTORY_NOT_STITCHED,False,exact_observed_symbol_no_fuzzy_merge
AMIORG,2021-09-14,2025-05-30,918,ACUTAAS,2,OBJECTIVE_SAME_ISIN_ALIAS_OBSERVED_NO_STITCH,True,exact_observed_symbol_no_fuzzy_merge
AMIRCHAND,2026-04-02,2026-07-17,72,AEROPLANE,1,OBJECTIVE_SAME_ISIN_ALIAS_OBSERVED_NO_STITCH,True,exact_observed_symbol_no_fuzzy_merge
AMJLAND,2020-01-01,2026-09-11,1595,,1,OBSERVED_SYMBOL_HISTORY_NOT_STITCHED,False,exact_observed_symbol_no_fuzzy_merge
AMNPLST,2023-11-10,2026-09-11,701,,1,OBSERVED_SYMBOL_HISTORY_NOT_STITCHED,False,exact_observed_symbol_no_fuzzy_merge
AMRUTANJAN,2020-01-01,2026-09-11,1660,,1,OBSERVED_SYMBOL_HISTORY_NOT_STITCHED,False,exact_observed_symbol_no_fuzzy_merge
ANANDRATHI,2021-12-14,2026-09-11,1175,,1,OBSERVED_SYMBOL_HISTORY_NOT_STITCHED,False,exact_observed_symbol_no_fuzzy_merge
ANANTRAJ,2020-01-01,2026-09-11,1554,,1,OBSERVED_SYMBOL_HISTORY_NOT_STITCHED,False,exact_observed_symbol_no_fuzzy_merge
ANDHRABANK,2020-01-01,2020-03-19,55,,0,OBSERVED_SYMBOL_HISTORY_NOT_STITCHED,False,exact_observed_symbol_no_fuzzy_merge
ANDHRACEMT,2020-01-01,2023-03-02,442,,0,OBSERVED_SYMBOL_HISTORY_NOT_STITCHED,False,exact_observed_symbol_no_fuzzy_merge
ANDHRAPAP,2020-03-05,2026-09-11,1615,,2,MULTIPLE_ISIN_OBSERVED_NO_IDENTITY_INFERENCE,True,exact_observed_symbol_no_fuzzy_merge
ANDHRSUGAR,2020-01-01,2026-09-11,1660,,1,OBSERVED_SYMBOL_HISTORY_NOT_STITCHED,False,exact_observed_symbol_no_fuzzy_merge
ANDPAPER,2020-01-22,2020-03-04,30,,0,OBSERVED_SYMBOL_HISTORY_NOT_STITCHED,False,exact_observed_symbol_no_fuzzy_merge
ANDREWYU,2021-08-05,2026-09-11,571,,1,OBSERVED_SYMBOL_HISTORY_NOT_STITCHED,False,exact_observed_symbol_no_fuzzy_merge
ANGELBRKG,2020-10-05,2021-11-10,274,,0,OBSERVED_SYMBOL_HISTORY_NOT_STITCHED,False,exact_observed_symbol_no_fuzzy_merge
ANGELONE,2021-11-11,2026-09-11,1197,,2,MULTIPLE_ISIN_OBSERVED_NO_IDENTITY_INFERENCE,True,exact_observed_symbol_no_fuzzy_merge
ANIKINDS,2020-01-01,2026-09-11,1208,,1,OBSERVED_SYMBOL_HISTORY_NOT_STITCHED,False,exact_observed_symbol_no_fuzzy_merge
ANKITMETAL,2020-03-04,2024-05-07,428,,0,OBSERVED_SYMBOL_HISTORY_NOT_STITCHED,False,exact_observed_symbol_no_fuzzy_merge
ANMOL,2021-06-04,2026-09-11,1156,,1,OBSERVED_SYMBOL_HISTORY_NOT_STITCHED,False,exact_observed_symbol_no_fuzzy_merge
ANNAPURNA,2026-08-12,2026-09-11,23,,1,OBSERVED_SYMBOL_HISTORY_NOT_STITCHED,False,exact_observed_symbol_no_fuzzy_merge
ANSALAPI,2020-01-01,2022-09-21,469,,0,OBSERVED_SYMBOL_HISTORY_NOT_STITCHED,False,exact_observed_symbol_no_fuzzy_merge
ANSALBU,2026-08-17,2026-09-11,19,,1,OBSERVED_SYMBOL_HISTORY_NOT_STITCHED,False,exact_observed_symbol_no_fuzzy_merge
ANSALHSG,2020-03-04,2022-10-12,545,,0,OBSERVED_SYMBOL_HISTORY_NOT_STITCHED,False,exact_observed_symbol_no_fuzzy_merge
ANTELOPUS,2025-09-22,2026-09-11,241,SELAN,1,OBJECTIVE_SAME_ISIN_ALIAS_OBSERVED_NO_STITCH,True,exact_observed_symbol_no_fuzzy_merge
ANTGRAPHIC,2022-08-23,2026-09-11,736,,1,OBSERVED_SYMBOL_HISTORY_NOT_STITCHED,False,exact_observed_symbol_no_fuzzy_merge
ANTHEM,2025-07-21,2026-09-11,284,,1,OBSERVED_SYMBOL_HISTORY_NOT_STITCHED,False,exact_observed_symbol_no_fuzzy_merge
ANUHPHR,2024-12-20,2026-09-11,427,,1,OBSERVED_SYMBOL_HISTORY_NOT_STITCHED,False,exact_observed_symbol_no_fuzzy_merge
ANUP,2020-01-01,2026-09-11,1660,,1,OBSERVED_SYMBOL_HISTORY_NOT_STITCHED,False,exact_observed_symbol_no_fuzzy_merge
ANURAS,2021-03-24,2026-09-11,1353,,1,OBSERVED_SYMBOL_HISTORY_NOT_STITCHED,False,exact_observed_symbol_no_fuzzy_merge
AONEGOLD,2025-09-10,2026-09-11,249,,1,OBSERVED_SYMBOL_HISTORY_NOT_STITCHED,False,exact_observed_symbol_no_fuzzy_merge
AONELIQUID,2025-03-28,2026-09-11,360,,1,OBSERVED_SYMBOL_HISTORY_NOT_STITCHED,False,exact_observed_symbol_no_fuzzy_merge
AONENIFTY,2025-05-28,2026-09-11,322,,1,OBSERVED_SYMBOL_HISTORY_NOT_STITCHED,False,exact_observed_symbol_no_fuzzy_merge
AONESILVER,2026-03-02,2026-09-11,132,,1,OBSERVED_SYMBOL_HISTORY_NOT_STITCHED,False,exact_observed_symbol_no_fuzzy_merge
AONETMMQ50,2025-11-27,2026-09-11,196,,1,OBSERVED_SYMBOL_HISTORY_NOT_STITCHED,False,exact_observed_symbol_no_fuzzy_merge
AONETOTAL,2025-03-05,2026-09-11,376,,1,OBSERVED_SYMBOL_HISTORY_NOT_STITCHED,False,exact_observed_symbol_no_fuzzy_merge
APARINDS,2020-01-01,2026-09-11,1660,,1,OBSERVED_SYMBOL_HISTORY_NOT_STITCHED,False,exact_observed_symbol_no_fuzzy_merge
APCL,2020-01-01,2026-09-11,1594,,1,OBSERVED_SYMBOL_HISTORY_NOT_STITCHED,False,exact_observed_symbol_no_fuzzy_merge
APCOTEXIND,2020-01-01,2026-09-11,1660,,1,OBSERVED_SYMBOL_HISTORY_NOT_STITCHED,False,exact_observed_symbol_no_fuzzy_merge
APEX,2020-01-01,2026-09-11,1660,,1,OBSERVED_SYMBOL_HISTORY_NOT_STITCHED,False,exact_observed_symbol_no_fuzzy_merge
APLAPOLLO,2020-01-01,2026-09-11,1660,,1,OBSERVED_SYMBOL_HISTORY_NOT_STITCHED,False,exact_observed_symbol_no_fuzzy_merge
APLLTD,2020-01-01,2026-09-11,1660,,1,OBSERVED_SYMBOL_HISTORY_NOT_STITCHED,False,exact_observed_symbol_no_fuzzy_merge
APOLLO,2020-01-01,2026-09-11,1490,,1,OBSERVED_SYMBOL_HISTORY_NOT_STITCHED,False,exact_observed_symbol_no_fuzzy_merge
APOLLOHOSP,2020-01-01,2026-09-11,1660,,1,OBSERVED_SYMBOL_HISTORY_NOT_STITCHED,False,exact_observed_symbol_no_fuzzy_merge
APOLLOPIPE,2020-01-01,2026-09-11,1660,,1,OBSERVED_SYMBOL_HISTORY_NOT_STITCHED,False,exact_observed_symbol_no_fuzzy_merge
APOLLOTYRE,2020-01-01,2026-09-11,1660,,1,OBSERVED_SYMBOL_HISTORY_NOT_STITCHED,False,exact_observed_symbol_no_fuzzy_merge
APOLSINHOT,2020-01-01,2026-09-11,1579,,1,OBSERVED_SYMBOL_HISTORY_NOT_STITCHED,False,exact_observed_symbol_no_fuzzy_merge
APOORVA,2026-08-20,2026-09-11,9,,1,OBSERVED_SYMBOL_HISTORY_NOT_STITCHED,False,exact_observed_symbol_no_fuzzy_merge
APTECHT,2020-01-01,2026-06-17,1536,,1,OBSERVED_SYMBOL_HISTORY_NOT_STITCHED,False,exact_observed_symbol_no_fuzzy_merge
APTUS,2021-08-24,2026-09-11,1251,,1,OBSERVED_SYMBOL_HISTORY_NOT_STITCHED,False,exact_observed_symbol_no_fuzzy_merge
AQYLON,2026-02-23,2026-09-11,137,SABTNL,2,OBJECTIVE_SAME_ISIN_ALIAS_OBSERVED_NO_STITCH,True,exact_observed_symbol_no_fuzzy_merge
ARCHIDPLY,2020-01-01,2026-09-11,1301,,1,OBSERVED_SYMBOL_HISTORY_NOT_STITCHED,False,exact_observed_symbol_no_fuzzy_merge
ARCHIES,2020-01-01,2026-09-11,1278,,1,OBSERVED_SYMBOL_HISTORY_NOT_STITCHED,False,exact_observed_symbol_no_fuzzy_merge
ARCL,2026-08-17,2026-09-11,20,,1,OBSERVED_SYMBOL_HISTORY_NOT_STITCHED,False,exact_observed_symbol_no_fuzzy_merge
ARCOTECH,2020-03-04,2020-12-16,69,,0,OBSERVED_SYMBOL_HISTORY_NOT_STITCHED,False,exact_observed_symbol_no_fuzzy_merge
ARDEE,2026-08-12,2026-09-11,23,,1,OBSERVED_SYMBOL_HISTORY_NOT_STITCHED,False,exact_observed_symbol_no_fuzzy_merge
ARE&M,2023-10-27,2026-09-11,711,,1,OBSERVED_SYMBOL_HISTORY_NOT_STITCHED,False,exact_observed_symbol_no_fuzzy_merge
ARENTERP,2020-01-14,2026-09-11,1264,,1,OBSERVED_SYMBOL_HISTORY_NOT_STITCHED,False,exact_observed_symbol_no_fuzzy_merge
ARFIN,2025-07-22,2026-09-11,217,,1,OBSERVED_SYMBOL_HISTORY_NOT_STITCHED,False,exact_observed_symbol_no_fuzzy_merge
ARIES,2020-01-01,2026-09-07,1592,,1,OBSERVED_SYMBOL_HISTORY_NOT_STITCHED,False,exact_observed_symbol_no_fuzzy_merge
ARIHANT,2020-01-01,2026-09-11,558,,1,OBSERVED_SYMBOL_HISTORY_NOT_STITCHED,False,exact_observed_symbol_no_fuzzy_merge
ARIHANTCAP,2021-06-15,2026-09-11,1299,,1,OBSERVED_SYMBOL_HISTORY_NOT_STITCHED,False,exact_observed_symbol_no_fuzzy_merge
ARIHANTSUP,2020-01-01,2026-09-11,1558,,1,OBSERVED_SYMBOL_HISTORY_NOT_STITCHED,False,exact_observed_symbol_no_fuzzy_merge
ARIS,2026-02-09,2026-09-11,147,ARISINFRA,1,OBJECTIVE_SAME_ISIN_ALIAS_OBSERVED_NO_STITCH,True,exact_observed_symbol_no_fuzzy_merge
ARISINFRA,2025-06-25,2026-02-06,155,ARIS,1,OBJECTIVE_SAME_ISIN_ALIAS_OBSERVED_NO_STITCH,True,exact_observed_symbol_no_fuzzy_merge
ARKADE,2024-09-24,2026-09-11,487,,1,OBSERVED_SYMBOL_HISTORY_NOT_STITCHED,False,exact_observed_symbol_no_fuzzy_merge
ARMANFIN,2020-01-01,2026-09-11,1660,,1,OBSERVED_SYMBOL_HISTORY_NOT_STITCHED,False,exact_observed_symbol_no_fuzzy_merge
AROGRANITE,2020-01-01,2026-09-11,1598,,1,OBSERVED_SYMBOL_HISTORY_NOT_STITCHED,False,exact_observed_symbol_no_fuzzy_merge
ARROWGREEN,2020-01-01,2026-06-11,1182,,1,OBSERVED_SYMBOL_HISTORY_NOT_STITCHED,False,exact_observed_symbol_no_fuzzy_merge
ARROWTEX,2020-01-01,2020-01-01,1,,0,OBSERVED_SYMBOL_HISTORY_NOT_STITCHED,False,exact_observed_symbol_no_fuzzy_merge
ARSHIYA,2020-01-01,2023-12-13,717,,0,OBSERVED_SYMBOL_HISTORY_NOT_STITCHED,False,exact_observed_symbol_no_fuzzy_merge
ARSSBL,2025-09-30,2026-09-11,235,,1,OBSERVED_SYMBOL_HISTORY_NOT_STITCHED,False,exact_observed_symbol_no_fuzzy_merge
ARSSINFRA,2020-01-01,2022-05-24,490,,0,OBSERVED_SYMBOL_HISTORY_NOT_STITCHED,False,exact_observed_symbol_no_fuzzy_merge
ARTEMISMED,2020-02-06,2026-09-11,1560,,1,OBSERVED_SYMBOL_HISTORY_NOT_STITCHED,False,exact_observed_symbol_no_fuzzy_merge
ARTNIRMAN,2021-10-20,2026-09-11,709,,1,OBSERVED_SYMBOL_HISTORY_NOT_STITCHED,False,exact_observed_symbol_no_fuzzy_merge
ARVEE,2021-03-22,2026-09-11,774,,1,OBSERVED_SYMBOL_HISTORY_NOT_STITCHED,False,exact_observed_symbol_no_fuzzy_merge
ARVIND,2020-01-01,2026-09-11,1660,,1,OBSERVED_SYMBOL_HISTORY_NOT_STITCHED,False,exact_observed_symbol_no_fuzzy_merge
ARVINDFASN,2020-01-01,2026-09-11,1660,,1,OBSERVED_SYMBOL_HISTORY_NOT_STITCHED,False,exact_observed_symbol_no_fuzzy_merge
ARVSMART,2020-01-01,2026-09-11,1603,,1,OBSERVED_SYMBOL_HISTORY_NOT_STITCHED,False,exact_observed_symbol_no_fuzzy_merge
ARYAMAN,2026-08-17,2026-09-11,20,,1,OBSERVED_SYMBOL_HISTORY_NOT_STITCHED,False,exact_observed_symbol_no_fuzzy_merge
ASAHIINDIA,2020-01-01,2026-09-11,1660,,1,OBSERVED_SYMBOL_HISTORY_NOT_STITCHED,False,exact_observed_symbol_no_fuzzy_merge
ASAHISONG,2020-01-01,2026-07-30,1497,,1,OBSERVED_SYMBOL_HISTORY_NOT_STITCHED,False,exact_observed_symbol_no_fuzzy_merge
ASAL,2020-01-01,2026-09-11,1349,,1,OBSERVED_SYMBOL_HISTORY_NOT_STITCHED,False,exact_observed_symbol_no_fuzzy_merge
ASALCBR,2020-02-12,2026-09-11,1630,,1,OBSERVED_SYMBOL_HISTORY_NOT_STITCHED,False,exact_observed_symbol_no_fuzzy_merge
ASHAPURMIN,2020-01-01,2026-09-11,1500,,1,OBSERVED_SYMBOL_HISTORY_NOT_STITCHED,False,exact_observed_symbol_no_fuzzy_merge
ASHIANA,2020-01-01,2026-09-11,1660,,1,OBSERVED_SYMBOL_HISTORY_NOT_STITCHED,False,exact_observed_symbol_no_fuzzy_merge
ASHIKA,2026-04-20,2026-07-24,67,ASHIKAG,1,OBJECTIVE_SAME_ISIN_ALIAS_OBSERVED_NO_STITCH,True,exact_observed_symbol_no_fuzzy_merge
ASHIKAG,2026-07-27,2026-08-10,11,ASHIKA,1,OBJECTIVE_SAME_ISIN_ALIAS_OBSERVED_NO_STITCH,True,exact_observed_symbol_no_fuzzy_merge
ASHIMASYN,2020-01-01,2026-09-11,1309,,1,OBSERVED_SYMBOL_HISTORY_NOT_STITCHED,False,exact_observed_symbol_no_fuzzy_merge
ASHOKA,2020-01-01,2026-09-11,1660,,1,OBSERVED_SYMBOL_HISTORY_NOT_STITCHED,False,exact_observed_symbol_no_fuzzy_merge
ASHOKAMET,2023-06-27,2026-09-11,570,,1,OBSERVED_SYMBOL_HISTORY_NOT_STITCHED,False,exact_observed_symbol_no_fuzzy_merge
ASHOKLEY,2020-01-01,2026-09-11,1660,,1,OBSERVED_SYMBOL_HISTORY_NOT_STITCHED,False,exact_observed_symbol_no_fuzzy_merge
ASIANENE,2021-12-09,2026-09-11,1083,,1,OBSERVED_SYMBOL_HISTORY_NOT_STITCHED,False,exact_observed_symbol_no_fuzzy_merge
ASIANHOTNR,2020-01-01,2026-09-11,1246,,1,OBSERVED_SYMBOL_HISTORY_NOT_STITCHED,False,exact_observed_symbol_no_fuzzy_merge
ASIANPAINT,2020-01-01,2026-09-11,1660,,1,OBSERVED_SYMBOL_HISTORY_NOT_STITCHED,False,exact_observed_symbol_no_fuzzy_merge
ASIANTILES,2020-01-01,2026-09-11,1596,,1,OBSERVED_SYMBOL_HISTORY_NOT_STITCHED,False,exact_observed_symbol_no_fuzzy_merge
ASIANTNE,2026-08-17,2026-09-11,20,,1,OBSERVED_SYMBOL_HISTORY_NOT_STITCHED,False,exact_observed_symbol_no_fuzzy_merge
ASKAUTOLTD,2023-11-15,2026-09-11,699,,1,OBSERVED_SYMBOL_HISTORY_NOT_STITCHED,False,exact_observed_symbol_no_fuzzy_merge
ASMS,2023-03-01,2026-06-18,547,,1,OBSERVED_SYMBOL_HISTORY_NOT_STITCHED,False,exact_observed_symbol_no_fuzzy_merge
ASPINWALL,2020-01-01,2026-09-11,1658,,1,OBSERVED_SYMBOL_HISTORY_NOT_STITCHED,False,exact_observed_symbol_no_fuzzy_merge
ASSAMENT,2026-08-17,2026-09-10,13,,1,OBSERVED_SYMBOL_HISTORY_NOT_STITCHED,False,exact_observed_symbol_no_fuzzy_merge
ASTAR,2026-04-20,2026-09-11,89,,1,OBSERVED_SYMBOL_HISTORY_NOT_STITCHED,False,exact_observed_symbol_no_fuzzy_merge
ASTEC,2020-01-01,2026-09-11,1660,,1,OBSERVED_SYMBOL_HISTORY_NOT_STITCHED,False,exact_observed_symbol_no_fuzzy_merge
ASTERDM,2020-01-01,2026-09-11,1660,,1,OBSERVED_SYMBOL_HISTORY_NOT_STITCHED,False,exact_observed_symbol_no_fuzzy_merge
ASTRAL,2020-01-01,2026-09-11,1660,,1,OBSERVED_SYMBOL_HISTORY_NOT_STITCHED,False,exact_observed_symbol_no_fuzzy_merge
ASTRAMICRO,2020-01-01,2026-09-11,1660,,1,OBSERVED_SYMBOL_HISTORY_NOT_STITCHED,False,exact_observed_symbol_no_fuzzy_merge
ASTRAZEN,2020-01-01,2026-09-11,1660,,1,OBSERVED_SYMBOL_HISTORY_NOT_STITCHED,False,exact_observed_symbol_no_fuzzy_merge
ASTRON,2020-01-01,2026-04-16,1289,,1,OBSERVED_SYMBOL_HISTORY_NOT_STITCHED,False,exact_observed_symbol_no_fuzzy_merge
ATALREAL,2023-05-12,2026-09-11,485,,1,OBSERVED_SYMBOL_HISTORY_NOT_STITCHED,False,exact_observed_symbol_no_fuzzy_merge
ATAM,2023-05-10,2026-09-11,711,,1,OBSERVED_SYMBOL_HISTORY_NOT_STITCHED,False,exact_observed_symbol_no_fuzzy_merge
ATFL,2020-01-01,2025-03-27,1300,SUNDROP,1,OBJECTIVE_SAME_ISIN_ALIAS_OBSERVED_NO_STITCH,True,exact_observed_symbol_no_fuzzy_merge
ATGL,2021-01-13,2026-09-11,1223,,1,OBSERVED_SYMBOL_HISTORY_NOT_STITCHED,False,exact_observed_symbol_no_fuzzy_merge
ATHERENERG,2025-05-06,2026-09-11,338,,1,OBSERVED_SYMBOL_HISTORY_NOT_STITCHED,False,exact_observed_symbol_no_fuzzy_merge
ATL,2023-08-25,2026-09-11,753,,1,OBSERVED_SYMBOL_HISTORY_NOT_STITCHED,False,exact_observed_symbol_no_fuzzy_merge
ATLANTA,2020-01-01,2023-12-13,672,,0,OBSERVED_SYMBOL_HISTORY_NOT_STITCHED,False,exact_observed_symbol_no_fuzzy_merge
ATLANTAA,2024-03-18,2026-09-11,304,,1,OBSERVED_SYMBOL_HISTORY_NOT_STITCHED,False,exact_observed_symbol_no_fuzzy_merge
ATLANTAELE,2025-09-29,2026-09-11,218,,1,OBSERVED_SYMBOL_HISTORY_NOT_STITCHED,False,exact_observed_symbol_no_fuzzy_merge
ATLASCYCLE,2025-01-03,2026-09-11,265,,1,OBSERVED_SYMBOL_HISTORY_NOT_STITCHED,False,exact_observed_symbol_no_fuzzy_merge
ATUL,2020-01-01,2026-09-11,1660,,1,OBSERVED_SYMBOL_HISTORY_NOT_STITCHED,False,exact_observed_symbol_no_fuzzy_merge
ATULAUTO,2020-01-01,2026-09-11,1603,,1,OBSERVED_SYMBOL_HISTORY_NOT_STITCHED,False,exact_observed_symbol_no_fuzzy_merge
AUBANK,2020-01-01,2026-09-11,1660,,1,OBSERVED_SYMBOL_HISTORY_NOT_STITCHED,False,exact_observed_symbol_no_fuzzy_merge
AUGMONT,2026-08-31,2026-09-11,10,,1,OBSERVED_SYMBOL_HISTORY_NOT_STITCHED,False,exact_observed_symbol_no_fuzzy_merge
AURIGROW,2025-10-17,2026-07-07,114,GODHA,1,OBJECTIVE_SAME_ISIN_ALIAS_OBSERVED_NO_STITCH,True,exact_observed_symbol_no_fuzzy_merge
AURIONPRO,2020-01-01,2026-09-11,1380,,1,OBSERVED_SYMBOL_HISTORY_NOT_STITCHED,False,exact_observed_symbol_no_fuzzy_merge
AUROPHARMA,2020-01-01,2026-09-11,1660,,1,OBSERVED_SYMBOL_HISTORY_NOT_STITCHED,False,exact_observed_symbol_no_fuzzy_merge
AURUM,2021-10-22,2026-09-11,969,,1,OBSERVED_SYMBOL_HISTORY_NOT_STITCHED,False,exact_observed_symbol_no_fuzzy_merge
AURUS,2026-07-14,2026-09-11,44,LYPSAGEMS,1,OBJECTIVE_SAME_ISIN_ALIAS_OBSERVED_NO_STITCH,True,exact_observed_symbol_no_fuzzy_merge
AUSOMENT,2020-03-04,2026-09-11,1161,,1,OBSERVED_SYMBOL_HISTORY_NOT_STITCHED,False,exact_observed_symbol_no_fuzzy_merge
AUSTENG,2026-08-17,2026-09-11,20,,1,OBSERVED_SYMBOL_HISTORY_NOT_STITCHED,False,exact_observed_symbol_no_fuzzy_merge
AUTOAXLES,2020-01-01,2026-09-11,1660,,1,OBSERVED_SYMBOL_HISTORY_NOT_STITCHED,False,exact_observed_symbol_no_fuzzy_merge
AUTOBEES,2022-05-10,2026-09-11,1076,,1,OBSERVED_SYMBOL_HISTORY_NOT_STITCHED,False,exact_observed_symbol_no_fuzzy_merge
AUTOIETF,2023-12-20,2026-09-11,675,,1,OBSERVED_SYMBOL_HISTORY_NOT_STITCHED,False,exact_observed_symbol_no_fuzzy_merge
AUTOIND,2020-03-04,2026-09-11,1312,,1,OBSERVED_SYMBOL_HISTORY_NOT_STITCHED,False,exact_observed_symbol_no_fuzzy_merge
AUTOLITIND,2020-01-01,2021-01-22,267,,0,OBSERVED_SYMBOL_HISTORY_NOT_STITCHED,False,exact_observed_symbol_no_fuzzy_merge
AVADHSUGAR,2020-01-01,2026-09-11,1596,,1,OBSERVED_SYMBOL_HISTORY_NOT_STITCHED,False,exact_observed_symbol_no_fuzzy_merge
AVAILFC,2026-04-20,2026-06-03,31,,1,OBSERVED_SYMBOL_HISTORY_NOT_STITCHED,False,exact_observed_symbol_no_fuzzy_merge
AVALON,2023-04-18,2026-09-11,843,,1,OBSERVED_SYMBOL_HISTORY_NOT_STITCHED,False,exact_observed_symbol_no_fuzzy_merge
AVANCE,2026-08-17,2026-09-11,20,,1,OBSERVED_SYMBOL_HISTORY_NOT_STITCHED,False,exact_observed_symbol_no_fuzzy_merge
AVANTEL,2024-07-31,2026-09-11,525,,1,OBSERVED_SYMBOL_HISTORY_NOT_STITCHED,False,exact_observed_symbol_no_fuzzy_merge
AVANTIFEED,2020-01-01,2026-09-11,1660,,1,OBSERVED_SYMBOL_HISTORY_NOT_STITCHED,False,exact_observed_symbol_no_fuzzy_merge
AVG,2023-05-12,2026-07-03,696,,1,OBSERVED_SYMBOL_HISTORY_NOT_STITCHED,False,exact_observed_symbol_no_fuzzy_merge
AVL,2024-11-06,2026-09-11,457,,1,OBSERVED_SYMBOL_HISTORY_NOT_STITCHED,False,exact_observed_symbol_no_fuzzy_merge
AVONMORE,2023-01-04,2026-09-11,623,,1,OBSERVED_SYMBOL_HISTORY_NOT_STITCHED,False,exact_observed_symbol_no_fuzzy_merge
AVROIND,2022-04-07,2026-09-11,892,,2,MULTIPLE_ISIN_OBSERVED_NO_IDENTITY_INFERENCE,True,exact_observed_symbol_no_fuzzy_merge
AVTNPL,2020-01-01,2026-09-11,1660,,1,OBSERVED_SYMBOL_HISTORY_NOT_STITCHED,False,exact_observed_symbol_no_fuzzy_merge
AWFIS,2024-05-30,2026-09-11,567,,1,OBSERVED_SYMBOL_HISTORY_NOT_STITCHED,False,exact_observed_symbol_no_fuzzy_merge
AWHCL,2021-01-01,2026-09-11,1409,,1,OBSERVED_SYMBOL_HISTORY_NOT_STITCHED,False,exact_observed_symbol_no_fuzzy_merge
AWL,2022-02-08,2026-09-11,1065,,1,OBSERVED_SYMBOL_HISTORY_NOT_STITCHED,False,exact_observed_symbol_no_fuzzy_merge
AXISBANK,2020-01-01,2026-09-11,1660,,1,OBSERVED_SYMBOL_HISTORY_NOT_STITCHED,False,exact_observed_symbol_no_fuzzy_merge
AXISBNKETF,2020-11-09,2026-07-02,1395,BNKETFAXIS,1,OBJECTIVE_SAME_ISIN_ALIAS_OBSERVED_NO_STITCH,True,exact_observed_symbol_no_fuzzy_merge
AXISBPSETF,2021-05-18,2026-04-28,1224,,1,OBSERVED_SYMBOL_HISTORY_NOT_STITCHED,False,exact_observed_symbol_no_fuzzy_merge
AXISCADES,2020-01-01,2026-09-11,1256,,1,OBSERVED_SYMBOL_HISTORY_NOT_STITCHED,False,exact_observed_symbol_no_fuzzy_merge
AXISCETF,2021-09-23,2026-07-02,1179,CONSUMAXIS,1,OBJECTIVE_SAME_ISIN_ALIAS_OBSERVED_NO_STITCH,True,exact_observed_symbol_no_fuzzy_merge
AXISGOLD,2020-01-01,2026-07-02,1608,GOLDAXIS,1,OBJECTIVE_SAME_ISIN_ALIAS_OBSERVED_NO_STITCH,True,exact_observed_symbol_no_fuzzy_merge
AXISHCETF,2021-05-21,2026-07-02,1265,HEALTHAXIS,1,OBJECTIVE_SAME_ISIN_ALIAS_OBSERVED_NO_STITCH,True,exact_observed_symbol_no_fuzzy_merge
AXISILVER,2022-09-27,2026-07-02,928,SILVERAXIS,1,OBJECTIVE_SAME_ISIN_ALIAS_OBSERVED_NO_STITCH,True,exact_observed_symbol_no_fuzzy_merge
AXISNIFTY,2020-01-01,2026-07-02,1604,NIFTYAXIS,1,OBJECTIVE_SAME_ISIN_ALIAS_OBSERVED_NO_STITCH,True,exact_observed_symbol_no_fuzzy_merge
AXISTECETF,2021-03-31,2026-07-02,1298,ITAXIS,1,OBJECTIVE_SAME_ISIN_ALIAS_OBSERVED_NO_STITCH,True,exact_observed_symbol_no_fuzzy_merge
AXISVALUE,2025-03-20,2026-07-02,315,VALUEAXIS,1,OBJECTIVE_SAME_ISIN_ALIAS_OBSERVED_NO_STITCH,True,exact_observed_symbol_no_fuzzy_merge
AXITA,2022-06-21,2026-09-11,908,,1,OBSERVED_SYMBOL_HISTORY_NOT_STITCHED,False,exact_observed_symbol_no_fuzzy_merge
AXSENSEX,2023-03-29,2026-07-02,802,SENSEXAXIS,1,OBJECTIVE_SAME_ISIN_ALIAS_OBSERVED_NO_STITCH,True,exact_observed_symbol_no_fuzzy_merge
AXTEL,2026-08-17,2026-09-11,20,,1,OBSERVED_SYMBOL_HISTORY_NOT_STITCHED,False,exact_observed_symbol_no_fuzzy_merge
AYE,2026-02-16,2026-09-11,142,,1,OBSERVED_SYMBOL_HISTORY_NOT_STITCHED,False,exact_observed_symbol_no_fuzzy_merge
AYMSYNTEX,2020-01-01,2026-09-11,1526,,1,OBSERVED_SYMBOL_HISTORY_NOT_STITCHED,False,exact_observed_symbol_no_fuzzy_merge
AZAD,2023-12-28,2026-09-11,670,,1,OBSERVED_SYMBOL_HISTORY_NOT_STITCHED,False,exact_observed_symbol_no_fuzzy_merge
AZADIND,2026-08-17,2026-09-11,20,,1,OBSERVED_SYMBOL_HISTORY_NOT_STITCHED,False,exact_observed_symbol_no_fuzzy_merge
BAFNAPH,2020-03-17,2026-06-09,437,,1,OBSERVED_SYMBOL_HISTORY_NOT_STITCHED,False,exact_observed_symbol_no_fuzzy_merge
BAGFILMS,2020-03-04,2026-09-11,912,,1,OBSERVED_SYMBOL_HISTORY_NOT_STITCHED,False,exact_observed_symbol_no_fuzzy_merge
BAIDFIN,2023-01-20,2026-09-11,748,,1,OBSERVED_SYMBOL_HISTORY_NOT_STITCHED,False,exact_observed_symbol_no_fuzzy_merge
BAJAJ-AUTO,2020-01-01,2026-09-11,1660,,1,OBSERVED_SYMBOL_HISTORY_NOT_STITCHED,False,exact_observed_symbol_no_fuzzy_merge
BAJAJCON,2020-01-01,2026-09-11,1660,,1,OBSERVED_SYMBOL_HISTORY_NOT_STITCHED,False,exact_observed_symbol_no_fuzzy_merge
BAJAJELEC,2020-01-01,2026-09-11,1650,,1,OBSERVED_SYMBOL_HISTORY_NOT_STITCHED,False,exact_observed_symbol_no_fuzzy_merge
BAJAJFINSV,2020-01-01,2026-09-11,1660,,1,OBSERVED_SYMBOL_HISTORY_NOT_STITCHED,False,exact_observed_symbol_no_fuzzy_merge
BAJAJHCARE,2021-11-25,2026-09-11,1188,,1,OBSERVED_SYMBOL_HISTORY_NOT_STITCHED,False,exact_observed_symbol_no_fuzzy_merge
BAJAJHFL,2024-09-16,2026-09-11,493,,1,OBSERVED_SYMBOL_HISTORY_NOT_STITCHED,False,exact_observed_symbol_no_fuzzy_merge
BAJAJHIND,2020-01-01,2026-09-11,1588,,1,OBSERVED_SYMBOL_HISTORY_NOT_STITCHED,False,exact_observed_symbol_no_fuzzy_merge
BAJAJHLDNG,2020-01-01,2026-09-11,1660,,1,OBSERVED_SYMBOL_HISTORY_NOT_STITCHED,False,exact_observed_symbol_no_fuzzy_merge
BAJAJINDEF,2025-03-10,2026-09-11,373,,1,OBSERVED_SYMBOL_HISTORY_NOT_STITCHED,False,exact_observed_symbol_no_fuzzy_merge
BAJAJST,2026-04-20,2026-09-11,102,,1,OBSERVED_SYMBOL_HISTORY_NOT_STITCHED,False,exact_observed_symbol_no_fuzzy_merge
BAJEL,2024-01-03,2026-09-11,608,,1,OBSERVED_SYMBOL_HISTORY_NOT_STITCHED,False,exact_observed_symbol_no_fuzzy_merge
BAJFINANCE,2020-01-01,2026-09-11,1660,,2,MULTIPLE_ISIN_OBSERVED_NO_IDENTITY_INFERENCE,True,exact_observed_symbol_no_fuzzy_merge
BALAJEE,2024-09-26,2026-09-11,485,,1,OBSERVED_SYMBOL_HISTORY_NOT_STITCHED,False,exact_observed_symbol_no_fuzzy_merge
BALAJITELE,2020-01-01,2026-09-11,1470,,1,OBSERVED_SYMBOL_HISTORY_NOT_STITCHED,False,exact_observed_symbol_no_fuzzy_merge
BALAMINES,2020-01-01,2026-09-11,1660,,1,OBSERVED_SYMBOL_HISTORY_NOT_STITCHED,False,exact_observed_symbol_no_fuzzy_merge
BALAXI,2020-01-01,2026-09-11,1425,,1,OBSERVED_SYMBOL_HISTORY_NOT_STITCHED,False,exact_observed_symbol_no_fuzzy_merge
BALKRISHNA,2020-01-01,2026-09-11,1224,,1,OBSERVED_SYMBOL_HISTORY_NOT_STITCHED,False,exact_observed_symbol_no_fuzzy_merge
BALKRISIND,2020-01-01,2026-09-11,1660,,1,OBSERVED_SYMBOL_HISTORY_NOT_STITCHED,False,exact_observed_symbol_no_fuzzy_merge
BALLARPUR,2020-03-04,2020-11-27,83,,0,OBSERVED_SYMBOL_HISTORY_NOT_STITCHED,False,exact_observed_symbol_no_fuzzy_merge
BALMLAWRIE,2020-01-01,2026-09-11,1660,,1,OBSERVED_SYMBOL_HISTORY_NOT_STITCHED,False,exact_observed_symbol_no_fuzzy_merge
BALPHARMA,2020-01-01,2026-09-11,1425,,1,OBSERVED_SYMBOL_HISTORY_NOT_STITCHED,False,exact_observed_symbol_no_fuzzy_merge
BALRAMCHIN,2020-01-01,2026-09-11,1660,,1,OBSERVED_SYMBOL_HISTORY_NOT_STITCHED,False,exact_observed_symbol_no_fuzzy_merge
BALUFORGE,2024-04-29,2026-09-11,531,,1,OBSERVED_SYMBOL_HISTORY_NOT_STITCHED,False,exact_observed_symbol_no_fuzzy_merge
BANARBEADS,2020-01-01,2026-09-11,1596,,1,OBSERVED_SYMBOL_HISTORY_NOT_STITCHED,False,exact_observed_symbol_no_fuzzy_merge
BANARISUG,2020-01-01,2026-09-11,1660,,1,OBSERVED_SYMBOL_HISTORY_NOT_STITCHED,False,exact_observed_symbol_no_fuzzy_merge
BANCOINDIA,2020-01-01,2026-09-11,1660,,1,OBSERVED_SYMBOL_HISTORY_NOT_STITCHED,False,exact_observed_symbol_no_fuzzy_merge
BANDHANBNK,2020-01-01,2026-09-11,1660,,1,OBSERVED_SYMBOL_HISTORY_NOT_STITCHED,False,exact_observed_symbol_no_fuzzy_merge
BANG,2020-01-01,2026-09-11,1430,,1,OBSERVED_SYMBOL_HISTORY_NOT_STITCHED,False,exact_observed_symbol_no_fuzzy_merge
BANK10ADD,2026-03-12,2026-09-11,125,,1,OBSERVED_SYMBOL_HISTORY_NOT_STITCHED,False,exact_observed_symbol_no_fuzzy_merge
BANK10BETF,2026-07-21,2026-09-11,39,,1,OBSERVED_SYMBOL_HISTORY_NOT_STITCHED,False,exact_observed_symbol_no_fuzzy_merge
BANKA,2020-10-29,2026-09-11,1142,,1,OBSERVED_SYMBOL_HISTORY_NOT_STITCHED,False,exact_observed_symbol_no_fuzzy_merge
BANKADD,2025-12-15,2026-09-11,184,BANKETFADD,1,OBJECTIVE_SAME_ISIN_ALIAS_OBSERVED_NO_STITCH,True,exact_observed_symbol_no_fuzzy_merge
BANKBARODA,2020-01-01,2026-09-11,1660,,1,OBSERVED_SYMBOL_HISTORY_NOT_STITCHED,False,exact_observed_symbol_no_fuzzy_merge
BANKBEES,2020-01-01,2026-09-11,1660,,1,OBSERVED_SYMBOL_HISTORY_NOT_STITCHED,False,exact_observed_symbol_no_fuzzy_merge
BANKBETA,2025-12-24,2026-09-11,177,UTIBANKETF,1,OBJECTIVE_SAME_ISIN_ALIAS_OBSERVED_NO_STITCH,True,exact_observed_symbol_no_fuzzy_merge
BANKBETF,2024-01-29,2026-09-11,649,,1,OBSERVED_SYMBOL_HISTORY_NOT_STITCHED,False,exact_observed_symbol_no_fuzzy_merge
BANKETF,2023-07-26,2026-09-11,774,,1,OBSERVED_SYMBOL_HISTORY_NOT_STITCHED,False,exact_observed_symbol_no_fuzzy_merge
BANKETFADD,2024-02-15,2025-12-12,452,BANKADD,1,OBJECTIVE_SAME_ISIN_ALIAS_OBSERVED_NO_STITCH,True,exact_observed_symbol_no_fuzzy_merge
BANKIETF,2023-12-20,2026-09-11,675,,1,OBSERVED_SYMBOL_HISTORY_NOT_STITCHED,False,exact_observed_symbol_no_fuzzy_merge
BANKINDIA,2020-01-01,2026-09-11,1660,,1,OBSERVED_SYMBOL_HISTORY_NOT_STITCHED,False,exact_observed_symbol_no_fuzzy_merge
BANKNIFTY1,2024-03-20,2026-09-11,613,,2,MULTIPLE_ISIN_OBSERVED_NO_IDENTITY_INFERENCE,True,exact_observed_symbol_no_fuzzy_merge
BANKPSU,2024-10-08,2026-09-11,478,,1,OBSERVED_SYMBOL_HISTORY_NOT_STITCHED,False,exact_observed_symbol_no_fuzzy_merge
BANSALWIRE,2024-07-10,2026-09-11,539,,1,OBSERVED_SYMBOL_HISTORY_NOT_STITCHED,False,exact_observed_symbol_no_fuzzy_merge
BANSWRAS,2020-03-04,2026-09-11,1593,,1,OBSERVED_SYMBOL_HISTORY_NOT_STITCHED,False,exact_observed_symbol_no_fuzzy_merge
BARBEQUE,2021-04-07,2025-10-10,1118,UFBL,1,OBJECTIVE_SAME_ISIN_ALIAS_OBSERVED_NO_STITCH,True,exact_observed_symbol_no_fuzzy_merge
BASF,2020-01-01,2026-09-11,1660,,1,OBSERVED_SYMBOL_HISTORY_NOT_STITCHED,False,exact_observed_symbol_no_fuzzy_merge
BASML,2020-01-01,2026-07-01,1485,,1,OBSERVED_SYMBOL_HISTORY_NOT_STITCHED,False,exact_observed_symbol_no_fuzzy_merge
BATAINDIA,2020-01-01,2026-09-11,1660,,1,OBSERVED_SYMBOL_HISTORY_NOT_STITCHED,False,exact_observed_symbol_no_fuzzy_merge
BATLIBOI,2026-04-20,2026-09-11,102,,1,OBSERVED_SYMBOL_HISTORY_NOT_STITCHED,False,exact_observed_symbol_no_fuzzy_merge
BAYERCROP,2020-01-01,2026-09-11,1660,,1,OBSERVED_SYMBOL_HISTORY_NOT_STITCHED,False,exact_observed_symbol_no_fuzzy_merge
BBETF0432,2021-12-17,2026-09-11,1172,,1,OBSERVED_SYMBOL_HISTORY_NOT_STITCHED,False,exact_observed_symbol_no_fuzzy_merge
BBL,2020-01-01,2026-09-11,1660,,1,OBSERVED_SYMBOL_HISTORY_NOT_STITCHED,False,exact_observed_symbol_no_fuzzy_merge
BBNPNBETF,2024-06-24,2026-09-11,551,,1,OBSERVED_SYMBOL_HISTORY_NOT_STITCHED,False,exact_observed_symbol_no_fuzzy_merge
BBNPPGOLD,2023-12-19,2026-09-11,674,,1,OBSERVED_SYMBOL_HISTORY_NOT_STITCHED,False,exact_observed_symbol_no_fuzzy_merge
BBOX,2021-12-03,2026-09-11,1010,,1,OBSERVED_SYMBOL_HISTORY_NOT_STITCHED,False,exact_observed_symbol_no_fuzzy_merge
BBTC,2020-01-01,2026-09-11,1660,,1,OBSERVED_SYMBOL_HISTORY_NOT_STITCHED,False,exact_observed_symbol_no_fuzzy_merge
BBTCL,2022-11-23,2026-09-11,941,,1,OBSERVED_SYMBOL_HISTORY_NOT_STITCHED,False,exact_observed_symbol_no_fuzzy_merge
BCG,2020-03-04,2026-09-11,1039,,1,OBSERVED_SYMBOL_HISTORY_NOT_STITCHED,False,exact_observed_symbol_no_fuzzy_merge
BCLIND,2021-03-04,2026-09-11,1246,,1,OBSERVED_SYMBOL_HISTORY_NOT_STITCHED,False,exact_observed_symbol_no_fuzzy_merge
BCONCEPTS,2022-01-11,2026-09-11,724,,1,OBSERVED_SYMBOL_HISTORY_NOT_STITCHED,False,exact_observed_symbol_no_fuzzy_merge
BCP,2020-01-01,2023-04-28,679,,0,OBSERVED_SYMBOL_HISTORY_NOT_STITCHED,False,exact_observed_symbol_no_fuzzy_merge
BCPL,2026-03-27,2026-09-11,115,,1,OBSERVED_SYMBOL_HISTORY_NOT_STITCHED,False,exact_observed_symbol_no_fuzzy_merge
BDL,2020-01-01,2026-09-11,1660,,1,OBSERVED_SYMBOL_HISTORY_NOT_STITCHED,False,exact_observed_symbol_no_fuzzy_merge
BEARDSELL,2020-01-01,2026-09-11,1294,,1,OBSERVED_SYMBOL_HISTORY_NOT_STITCHED,False,exact_observed_symbol_no_fuzzy_merge
BECTORFOOD,2020-12-24,2026-09-11,1414,,2,MULTIPLE_ISIN_OBSERVED_NO_IDENTITY_INFERENCE,True,exact_observed_symbol_no_fuzzy_merge
BEDMUTHA,2020-03-04,2026-09-11,1371,,1,OBSERVED_SYMBOL_HISTORY_NOT_STITCHED,False,exact_observed_symbol_no_fuzzy_merge
BEEKAY,2026-04-20,2026-09-11,102,,1,OBSERVED_SYMBOL_HISTORY_NOT_STITCHED,False,exact_observed_symbol_no_fuzzy_merge
BEL,2020-01-01,2026-09-11,1660,,1,OBSERVED_SYMBOL_HISTORY_NOT_STITCHED,False,exact_observed_symbol_no_fuzzy_merge
BELLACASA,2025-07-18,2026-09-11,285,,1,OBSERVED_SYMBOL_HISTORY_NOT_STITCHED,False,exact_observed_symbol_no_fuzzy_merge
BELRISE,2025-05-28,2026-09-11,322,,1,OBSERVED_SYMBOL_HISTORY_NOT_STITCHED,False,exact_observed_symbol_no_fuzzy_merge
BEML,2020-01-01,2026-09-11,1650,,2,MULTIPLE_ISIN_OBSERVED_NO_IDENTITY_INFERENCE,True,exact_observed_symbol_no_fuzzy_merge
BENARAS,2026-08-17,2026-09-11,20,,1,OBSERVED_SYMBOL_HISTORY_NOT_STITCHED,False,exact_observed_symbol_no_fuzzy_merge
BENGALASM,2026-04-20,2026-09-11,102,,1,OBSERVED_SYMBOL_HISTORY_NOT_STITCHED,False,exact_observed_symbol_no_fuzzy_merge
BEPL,2020-01-01,2026-09-11,1660,,1,OBSERVED_SYMBOL_HISTORY_NOT_STITCHED,False,exact_observed_symbol_no_fuzzy_merge
BERGEPAINT,2020-01-01,2026-09-11,1660,,1,OBSERVED_SYMBOL_HISTORY_NOT_STITCHED,False,exact_observed_symbol_no_fuzzy_merge
BESTAGRO,2021-02-22,2026-09-11,1061,,2,MULTIPLE_ISIN_OBSERVED_NO_IDENTITY_INFERENCE,True,exact_observed_symbol_no_fuzzy_merge
BETA,2025-11-24,2026-09-11,199,,1,OBSERVED_SYMBOL_HISTORY_NOT_STITCHED,False,exact_observed_symbol_no_fuzzy_merge
BFINVEST,2020-01-01,2026-09-11,1660,,1,OBSERVED_SYMBOL_HISTORY_NOT_STITCHED,False,exact_observed_symbol_no_fuzzy_merge
BFSI,2023-09-01,2026-09-11,748,,1,OBSERVED_SYMBOL_HISTORY_NOT_STITCHED,False,exact_observed_symbol_no_fuzzy_merge
BFUTILITIE,2020-01-01,2026-09-11,1480,,1,OBSERVED_SYMBOL_HISTORY_NOT_STITCHED,False,exact_observed_symbol_no_fuzzy_merge
BGRENERGY,2020-01-01,2026-02-23,1057,,1,OBSERVED_SYMBOL_HISTORY_NOT_STITCHED,False,exact_observed_symbol_no_fuzzy_merge
BHAGCHEM,2021-10-18,2026-09-11,1214,,1,OBSERVED_SYMBOL_HISTORY_NOT_STITCHED,False,exact_observed_symbol_no_fuzzy_merge
BHAGERIA,2020-01-01,2026-06-18,1536,,1,OBSERVED_SYMBOL_HISTORY_NOT_STITCHED,False,exact_observed_symbol_no_fuzzy_merge
BHAGYANGR,2020-01-01,2026-09-11,1353,,1,OBSERVED_SYMBOL_HISTORY_NOT_STITCHED,False,exact_observed_symbol_no_fuzzy_merge
BHAGYAPROP,2020-01-01,2022-12-09,732,,0,OBSERVED_SYMBOL_HISTORY_NOT_STITCHED,False,exact_observed_symbol_no_fuzzy_merge
BHANDARI,2020-01-01,2026-09-11,1392,,1,OBSERVED_SYMBOL_HISTORY_NOT_STITCHED,False,exact_observed_symbol_no_fuzzy_merge
BHARATCOAL,2026-01-19,2026-09-11,161,,1,OBSERVED_SYMBOL_HISTORY_NOT_STITCHED,False,exact_observed_symbol_no_fuzzy_merge
BHARATFORG,2020-01-01,2026-09-11,1660,,1,OBSERVED_SYMBOL_HISTORY_NOT_STITCHED,False,exact_observed_symbol_no_fuzzy_merge
BHARATGEAR,2020-01-01,2026-07-06,1451,,1,OBSERVED_SYMBOL_HISTORY_NOT_STITCHED,False,exact_observed_symbol_no_fuzzy_merge
BHARATRAS,2020-01-01,2026-09-11,1660,,2,MULTIPLE_ISIN_OBSERVED_NO_IDENTITY_INFERENCE,True,exact_observed_symbol_no_fuzzy_merge
BHARATSE,2025-03-24,2026-09-11,298,,1,OBSERVED_SYMBOL_HISTORY_NOT_STITCHED,False,exact_observed_symbol_no_fuzzy_merge
BHARATWIRE,2020-01-01,2026-09-11,1505,,1,OBSERVED_SYMBOL_HISTORY_NOT_STITCHED,False,exact_observed_symbol_no_fuzzy_merge
BHARTIARTL,2020-01-01,2026-09-11,1660,,1,OBSERVED_SYMBOL_HISTORY_NOT_STITCHED,False,exact_observed_symbol_no_fuzzy_merge
BHARTIHEXA,2024-04-12,2026-09-11,599,,1,OBSERVED_SYMBOL_HISTORY_NOT_STITCHED,False,exact_observed_symbol_no_fuzzy_merge
BHEL,2020-01-01,2026-09-11,1660,,1,OBSERVED_SYMBOL_HISTORY_NOT_STITCHED,False,exact_observed_symbol_no_fuzzy_merge
BI,2026-04-20,2026-08-19,85,,1,OBSERVED_SYMBOL_HISTORY_NOT_STITCHED,False,exact_observed_symbol_no_fuzzy_merge
BIGBLOC,2020-03-04,2026-09-11,1410,,1,OBSERVED_SYMBOL_HISTORY_NOT_STITCHED,False,exact_observed_symbol_no_fuzzy_merge
BIKAJI,2022-11-16,2026-09-11,946,,1,OBSERVED_SYMBOL_HISTORY_NOT_STITCHED,False,exact_observed_symbol_no_fuzzy_merge
BIL,2020-01-01,2026-09-11,1128,,1,OBSERVED_SYMBOL_HISTORY_NOT_STITCHED,False,exact_observed_symbol_no_fuzzy_merge
BILENERGY,2020-01-01,2020-11-27,229,,0,OBSERVED_SYMBOL_HISTORY_NOT_STITCHED,False,exact_observed_symbol_no_fuzzy_merge
BILVYAPAR,2025-09-15,2025-11-25,49,BINANIIND,1,OBJECTIVE_SAME_ISIN_ALIAS_OBSERVED_NO_STITCH,True,exact_observed_symbol_no_fuzzy_merge
BIMETAL,2026-04-20,2026-09-11,102,,1,OBSERVED_SYMBOL_HISTORY_NOT_STITCHED,False,exact_observed_symbol_no_fuzzy_merge
BINANIIND,2023-03-02,2025-04-17,207,BILVYAPAR,1,OBJECTIVE_SAME_ISIN_ALIAS_OBSERVED_NO_STITCH,True,exact_observed_symbol_no_fuzzy_merge
BINDALAGRO,2020-01-01,2023-05-18,839,,0,OBSERVED_SYMBOL_HISTORY_NOT_STITCHED,False,exact_observed_symbol_no_fuzzy_merge
BIOCON,2020-01-01,2026-09-11,1660,,1,OBSERVED_SYMBOL_HISTORY_NOT_STITCHED,False,exact_observed_symbol_no_fuzzy_merge
BIOFILCHEM,2020-03-04,2026-09-11,1355,,1,OBSERVED_SYMBOL_HISTORY_NOT_STITCHED,False,exact_observed_symbol_no_fuzzy_merge
BIRLACABLE,2020-01-01,2026-09-11,1437,,1,OBSERVED_SYMBOL_HISTORY_NOT_STITCHED,False,exact_observed_symbol_no_fuzzy_merge
BIRLACORPN,2020-01-01,2026-09-11,1660,,1,OBSERVED_SYMBOL_HISTORY_NOT_STITCHED,False,exact_observed_symbol_no_fuzzy_merge
BIRLAMONEY,2020-01-01,2026-09-11,1431,,1,OBSERVED_SYMBOL_HISTORY_NOT_STITCHED,False,exact_observed_symbol_no_fuzzy_merge
BIRLANU,2025-04-09,2026-09-11,353,HIL,1,OBJECTIVE_SAME_ISIN_ALIAS_OBSERVED_NO_STITCH,True,exact_observed_symbol_no_fuzzy_merge
BIRLAPREC,2026-04-20,2026-09-08,99,,1,OBSERVED_SYMBOL_HISTORY_NOT_STITCHED,False,exact_observed_symbol_no_fuzzy_merge
BIRLATYRE,2020-02-25,2022-05-24,531,,0,OBSERVED_SYMBOL_HISTORY_NOT_STITCHED,False,exact_observed_symbol_no_fuzzy_merge
BKMINDST,2020-01-01,2021-04-09,108,,0,OBSERVED_SYMBOL_HISTORY_NOT_STITCHED,False,exact_observed_symbol_no_fuzzy_merge
BLACKBUCK,2024-11-22,2026-09-11,447,,1,OBSERVED_SYMBOL_HISTORY_NOT_STITCHED,False,exact_observed_symbol_no_fuzzy_merge
BLACKROSE,2026-04-20,2026-06-25,47,,1,OBSERVED_SYMBOL_HISTORY_NOT_STITCHED,False,exact_observed_symbol_no_fuzzy_merge
BLAL,2023-05-04,2026-09-11,832,,1,OBSERVED_SYMBOL_HISTORY_NOT_STITCHED,False,exact_observed_symbol_no_fuzzy_merge
BLBLIMITED,2020-01-01,2026-09-11,1272,,1,OBSERVED_SYMBOL_HISTORY_NOT_STITCHED,False,exact_observed_symbol_no_fuzzy_merge
BLEL,2026-08-19,2026-09-11,18,,1,OBSERVED_SYMBOL_HISTORY_NOT_STITCHED,False,exact_observed_symbol_no_fuzzy_merge
BLIL,2026-04-20,2026-09-11,102,,1,OBSERVED_SYMBOL_HISTORY_NOT_STITCHED,False,exact_observed_symbol_no_fuzzy_merge
BLISSGVS,2020-01-01,2026-07-02,1609,,1,OBSERVED_SYMBOL_HISTORY_NOT_STITCHED,False,exact_observed_symbol_no_fuzzy_merge
BLKASHYAP,2020-01-01,2026-09-11,1505,,1,OBSERVED_SYMBOL_HISTORY_NOT_STITCHED,False,exact_observed_symbol_no_fuzzy_merge
BLS,2020-01-01,2026-09-11,1596,,1,OBSERVED_SYMBOL_HISTORY_NOT_STITCHED,False,exact_observed_symbol_no_fuzzy_merge
BLSE,2024-02-06,2026-09-11,585,,1,OBSERVED_SYMBOL_HISTORY_NOT_STITCHED,False,exact_observed_symbol_no_fuzzy_merge
BLUECHIP,2021-04-12,2026-08-31,54,,1,OBSERVED_SYMBOL_HISTORY_NOT_STITCHED,False,exact_observed_symbol_no_fuzzy_merge
BLUECLOUDS,2026-08-17,2026-09-11,20,,1,OBSERVED_SYMBOL_HISTORY_NOT_STITCHED,False,exact_observed_symbol_no_fuzzy_merge
BLUECOAST,2020-04-13,2026-09-11,183,,1,OBSERVED_SYMBOL_HISTORY_NOT_STITCHED,False,exact_observed_symbol_no_fuzzy_merge
BLUEDART,2020-01-01,2026-09-11,1660,,1,OBSERVED_SYMBOL_HISTORY_NOT_STITCHED,False,exact_observed_symbol_no_fuzzy_merge
BLUEJET,2023-11-01,2026-09-11,708,,1,OBSERVED_SYMBOL_HISTORY_NOT_STITCHED,False,exact_observed_symbol_no_fuzzy_merge
BLUESTARCO,2020-01-01,2026-09-11,1660,,1,OBSERVED_SYMBOL_HISTORY_NOT_STITCHED,False,exact_observed_symbol_no_fuzzy_merge
BLUESTONE,2025-08-19,2026-09-11,264,,1,OBSERVED_SYMBOL_HISTORY_NOT_STITCHED,False,exact_observed_symbol_no_fuzzy_merge
BLUSPRING,2025-06-25,2026-09-11,302,,1,OBSERVED_SYMBOL_HISTORY_NOT_STITCHED,False,exact_observed_symbol_no_fuzzy_merge
BMWVENTLTD,2025-10-16,2026-09-11,224,,1,OBSERVED_SYMBOL_HISTORY_NOT_STITCHED,False,exact_observed_symbol_no_fuzzy_merge
BNAGROCHEM,2026-04-20,2026-09-11,43,,1,OBSERVED_SYMBOL_HISTORY_NOT_STITCHED,False,exact_observed_symbol_no_fuzzy_merge
BNALTD,2026-04-20,2026-07-21,54,,1,OBSERVED_SYMBOL_HISTORY_NOT_STITCHED,False,exact_observed_symbol_no_fuzzy_merge
BNKETFAXIS,2026-07-03,2026-09-11,50,AXISBNKETF,1,OBJECTIVE_SAME_ISIN_ALIAS_OBSERVED_NO_STITCH,True,exact_observed_symbol_no_fuzzy_merge
BODALCHEM,2020-01-01,2026-09-11,1593,,1,OBSERVED_SYMBOL_HISTORY_NOT_STITCHED,False,exact_observed_symbol_no_fuzzy_merge
BOHRAIND,2022-11-11,2026-09-11,308,,1,OBSERVED_SYMBOL_HISTORY_NOT_STITCHED,False,exact_observed_symbol_no_fuzzy_merge
BOMDYEING,2020-01-01,2026-09-11,1660,,1,OBSERVED_SYMBOL_HISTORY_NOT_STITCHED,False,exact_observed_symbol_no_fuzzy_merge
BONLON,2026-04-13,2026-09-11,106,,1,OBSERVED_SYMBOL_HISTORY_NOT_STITCHED,False,exact_observed_symbol_no_fuzzy_merge
BORANA,2025-06-10,2026-09-11,213,,1,OBSERVED_SYMBOL_HISTORY_NOT_STITCHED,False,exact_observed_symbol_no_fuzzy_merge
BOROLTD,2020-11-24,2026-09-11,1368,,1,OBSERVED_SYMBOL_HISTORY_NOT_STITCHED,False,exact_observed_symbol_no_fuzzy_merge
BORORENEW,2020-02-20,2026-09-11,1491,,1,OBSERVED_SYMBOL_HISTORY_NOT_STITCHED,False,exact_observed_symbol_no_fuzzy_merge
BOROSCI,2024-06-24,2026-09-11,551,,1,OBSERVED_SYMBOL_HISTORY_NOT_STITCHED,False,exact_observed_symbol_no_fuzzy_merge
BOROSIL,2020-01-01,2020-02-19,36,,0,OBSERVED_SYMBOL_HISTORY_NOT_STITCHED,False,exact_observed_symbol_no_fuzzy_merge
BOSCH-HCIL,2025-12-24,2026-09-11,177,JCHAC,1,OBJECTIVE_SAME_ISIN_ALIAS_OBSERVED_NO_STITCH,True,exact_observed_symbol_no_fuzzy_merge
BOSCHLTD,2020-01-01,2026-09-11,1660,,1,OBSERVED_SYMBOL_HISTORY_NOT_STITCHED,False,exact_observed_symbol_no_fuzzy_merge
BPCL,2020-01-01,2026-09-11,1660,,1,OBSERVED_SYMBOL_HISTORY_NOT_STITCHED,False,exact_observed_symbol_no_fuzzy_merge
BPL,2020-01-01,2026-09-11,1398,,1,OBSERVED_SYMBOL_HISTORY_NOT_STITCHED,False,exact_observed_symbol_no_fuzzy_merge
BPLPHARMA,2026-08-17,2026-09-11,20,,1,OBSERVED_SYMBOL_HISTORY_NOT_STITCHED,False,exact_observed_symbol_no_fuzzy_merge
BRAHMINFRA,2026-08-17,2026-09-11,20,,1,OBSERVED_SYMBOL_HISTORY_NOT_STITCHED,False,exact_observed_symbol_no_fuzzy_merge
BRFL,2020-01-24,2022-04-01,314,,0,OBSERVED_SYMBOL_HISTORY_NOT_STITCHED,False,exact_observed_symbol_no_fuzzy_merge
BRIGADE,2020-01-01,2026-09-11,1660,,1,OBSERVED_SYMBOL_HISTORY_NOT_STITCHED,False,exact_observed_symbol_no_fuzzy_merge
BRIGHOTEL,2025-07-31,2026-09-11,276,,1,OBSERVED_SYMBOL_HISTORY_NOT_STITCHED,False,exact_observed_symbol_no_fuzzy_merge
BRIGHTBR,2026-08-17,2026-09-11,20,,1,OBSERVED_SYMBOL_HISTORY_NOT_STITCHED,False,exact_observed_symbol_no_fuzzy_merge
BRITANNIA,2020-01-01,2026-09-11,1660,,1,OBSERVED_SYMBOL_HISTORY_NOT_STITCHED,False,exact_observed_symbol_no_fuzzy_merge
BRNL,2020-01-01,2026-09-11,1451,,1,OBSERVED_SYMBOL_HISTORY_NOT_STITCHED,False,exact_observed_symbol_no_fuzzy_merge
BROOKS,2020-01-01,2026-09-11,964,,1,OBSERVED_SYMBOL_HISTORY_NOT_STITCHED,False,exact_observed_symbol_no_fuzzy_merge
BSE,2020-01-01,2026-09-11,1660,,1,OBSERVED_SYMBOL_HISTORY_NOT_STITCHED,False,exact_observed_symbol_no_fuzzy_merge
BSE500IETF,2023-12-20,2026-09-11,675,,1,OBSERVED_SYMBOL_HISTORY_NOT_STITCHED,False,exact_observed_symbol_no_fuzzy_merge
BSELINFRA,2020-01-01,2021-07-12,111,,0,OBSERVED_SYMBOL_HISTORY_NOT_STITCHED,False,exact_observed_symbol_no_fuzzy_merge
BSHSL,2020-10-28,2026-09-11,996,,1,OBSERVED_SYMBOL_HISTORY_NOT_STITCHED,False,exact_observed_symbol_no_fuzzy_merge
BSL,2020-01-01,2026-09-11,1350,,1,OBSERVED_SYMBOL_HISTORY_NOT_STITCHED,False,exact_observed_symbol_no_fuzzy_merge
BSLGOLDETF,2020-01-01,2026-09-11,1660,,1,OBSERVED_SYMBOL_HISTORY_NOT_STITCHED,False,exact_observed_symbol_no_fuzzy_merge
BSLNIFTY,2020-01-01,2026-09-11,1657,,1,OBSERVED_SYMBOL_HISTORY_NOT_STITCHED,False,exact_observed_symbol_no_fuzzy_merge
BSLSENETFG,2021-10-06,2026-09-11,1221,,1,OBSERVED_SYMBOL_HISTORY_NOT_STITCHED,False,exact_observed_symbol_no_fuzzy_merge
BSOFT,2020-01-01,2026-09-11,1660,,1,OBSERVED_SYMBOL_HISTORY_NOT_STITCHED,False,exact_observed_symbol_no_fuzzy_merge
BTML,2023-02-15,2026-09-11,689,,1,OBSERVED_SYMBOL_HISTORY_NOT_STITCHED,False,exact_observed_symbol_no_fuzzy_merge
BTTL,2026-04-20,2026-07-08,55,,1,OBSERVED_SYMBOL_HISTORY_NOT_STITCHED,False,exact_observed_symbol_no_fuzzy_merge
BUILDPRO,2026-01-27,2026-09-11,156,,1,OBSERVED_SYMBOL_HISTORY_NOT_STITCHED,False,exact_observed_symbol_no_fuzzy_merge
BURGERKING,2020-12-14,2022-02-16,293,,0,OBSERVED_SYMBOL_HISTORY_NOT_STITCHED,False,exact_observed_symbol_no_fuzzy_merge
BURNPUR,2020-01-01,2026-09-08,715,,2,MULTIPLE_ISIN_OBSERVED_NO_IDENTITY_INFERENCE,True,exact_observed_symbol_no_fuzzy_merge
BUTTERFLY,2020-01-01,2026-09-11,1486,,1,OBSERVED_SYMBOL_HISTORY_NOT_STITCHED,False,exact_observed_symbol_no_fuzzy_merge
BVCL,2022-12-06,2026-09-11,634,,1,OBSERVED_SYMBOL_HISTORY_NOT_STITCHED,False,exact_observed_symbol_no_fuzzy_merge
BYKE,2020-01-01,2026-06-17,1168,,1,OBSERVED_SYMBOL_HISTORY_NOT_STITCHED,False,exact_observed_symbol_no_fuzzy_merge
CADILAHC,2020-01-01,2022-03-04,542,,0,OBSERVED_SYMBOL_HISTORY_NOT_STITCHED,False,exact_observed_symbol_no_fuzzy_merge
CALSOFT,2020-01-01,2026-09-02,976,,1,OBSERVED_SYMBOL_HISTORY_NOT_STITCHED,False,exact_observed_symbol_no_fuzzy_merge
CAMLINFINE,2020-01-01,2026-09-11,1602,,1,OBSERVED_SYMBOL_HISTORY_NOT_STITCHED,False,exact_observed_symbol_no_fuzzy_merge
CAMPUS,2022-05-09,2026-09-11,1077,,1,OBSERVED_SYMBOL_HISTORY_NOT_STITCHED,False,exact_observed_symbol_no_fuzzy_merge
CAMS,2020-10-05,2026-09-11,1471,,2,MULTIPLE_ISIN_OBSERVED_NO_IDENTITY_INFERENCE,True,exact_observed_symbol_no_fuzzy_merge
CANBK,2020-01-01,2026-09-11,1660,,1,OBSERVED_SYMBOL_HISTORY_NOT_STITCHED,False,exact_observed_symbol_no_fuzzy_merge
CANFINHOME,2020-01-01,2026-09-11,1660,,1,OBSERVED_SYMBOL_HISTORY_NOT_STITCHED,False,exact_observed_symbol_no_fuzzy_merge
CANHLIFE,2025-10-17,2026-09-11,223,,1,OBSERVED_SYMBOL_HISTORY_NOT_STITCHED,False,exact_observed_symbol_no_fuzzy_merge
CANTABIL,2020-01-01,2026-09-11,1603,,1,OBSERVED_SYMBOL_HISTORY_NOT_STITCHED,False,exact_observed_symbol_no_fuzzy_merge
CAPACITE,2020-01-01,2026-09-11,1660,,1,OBSERVED_SYMBOL_HISTORY_NOT_STITCHED,False,exact_observed_symbol_no_fuzzy_merge
CAPILLARY,2025-11-21,2026-09-11,200,,1,OBSERVED_SYMBOL_HISTORY_NOT_STITCHED,False,exact_observed_symbol_no_fuzzy_merge
CAPITALSFB,2024-02-14,2026-09-11,637,,1,OBSERVED_SYMBOL_HISTORY_NOT_STITCHED,False,exact_observed_symbol_no_fuzzy_merge
CAPLIPOINT,2020-01-01,2026-09-11,1660,,1,OBSERVED_SYMBOL_HISTORY_NOT_STITCHED,False,exact_observed_symbol_no_fuzzy_merge
CAPTRUST,2020-01-01,2026-08-06,1352,,1,OBSERVED_SYMBOL_HISTORY_NOT_STITCHED,False,exact_observed_symbol_no_fuzzy_merge
CARBORUNIV,2020-01-01,2026-09-11,1660,,1,OBSERVED_SYMBOL_HISTORY_NOT_STITCHED,False,exact_observed_symbol_no_fuzzy_merge
CAREERP,2020-01-01,2025-03-19,1109,CPCAP,1,OBJECTIVE_SAME_ISIN_ALIAS_OBSERVED_NO_STITCH,True,exact_observed_symbol_no_fuzzy_merge
CARERATING,2020-01-01,2026-09-11,1660,,1,OBSERVED_SYMBOL_HISTORY_NOT_STITCHED,False,exact_observed_symbol_no_fuzzy_merge
CARRARO,2024-12-30,2026-09-11,422,,1,OBSERVED_SYMBOL_HISTORY_NOT_STITCHED,False,exact_observed_symbol_no_fuzzy_merge
CARTRADE,2021-08-20,2026-09-11,1253,,1,OBSERVED_SYMBOL_HISTORY_NOT_STITCHED,False,exact_observed_symbol_no_fuzzy_merge
CARYSIL,2022-11-18,2026-09-11,944,,1,OBSERVED_SYMBOL_HISTORY_NOT_STITCHED,False,exact_observed_symbol_no_fuzzy_merge
CASHIETF,2025-03-19,2026-09-11,366,,1,OBSERVED_SYMBOL_HISTORY_NOT_STITCHED,False,exact_observed_symbol_no_fuzzy_merge
CASTEXTECH,2020-03-04,2020-10-20,27,,0,OBSERVED_SYMBOL_HISTORY_NOT_STITCHED,False,exact_observed_symbol_no_fuzzy_merge
CASTROLIND,2020-01-01,2026-09-11,1660,,1,OBSERVED_SYMBOL_HISTORY_NOT_STITCHED,False,exact_observed_symbol_no_fuzzy_merge
CCAVENUE,2026-02-03,2026-09-11,151,INFIBEAM,1,OBJECTIVE_SAME_ISIN_ALIAS_OBSERVED_NO_STITCH,True,exact_observed_symbol_no_fuzzy_merge
CCCL,2020-08-10,2026-09-11,339,,1,OBSERVED_SYMBOL_HISTORY_NOT_STITCHED,False,exact_observed_symbol_no_fuzzy_merge
CCHHL,2020-02-24,2026-09-11,1055,,1,OBSERVED_SYMBOL_HISTORY_NOT_STITCHED,False,exact_observed_symbol_no_fuzzy_merge
CCL,2020-01-01,2026-09-11,1660,,1,OBSERVED_SYMBOL_HISTORY_NOT_STITCHED,False,exact_observed_symbol_no_fuzzy_merge
CDSL,2020-01-01,2026-09-11,1596,,1,OBSERVED_SYMBOL_HISTORY_NOT_STITCHED,False,exact_observed_symbol_no_fuzzy_merge
CEATLTD,2020-01-01,2026-09-11,1660,,1,OBSERVED_SYMBOL_HISTORY_NOT_STITCHED,False,exact_observed_symbol_no_fuzzy_merge
CEBBCO,2020-01-01,2022-06-17,489,,0,OBSERVED_SYMBOL_HISTORY_NOT_STITCHED,False,exact_observed_symbol_no_fuzzy_merge
CEIGALL,2024-08-08,2026-09-11,519,,1,OBSERVED_SYMBOL_HISTORY_NOT_STITCHED,False,exact_observed_symbol_no_fuzzy_merge
CEINSYS,2026-02-19,2026-09-11,139,,1,OBSERVED_SYMBOL_HISTORY_NOT_STITCHED,False,exact_observed_symbol_no_fuzzy_merge
CELEBRITY,2020-01-01,2026-09-11,1438,,1,OBSERVED_SYMBOL_HISTORY_NOT_STITCHED,False,exact_observed_symbol_no_fuzzy_merge
CELLO,2023-11-06,2026-09-11,705,,1,OBSERVED_SYMBOL_HISTORY_NOT_STITCHED,False,exact_observed_symbol_no_fuzzy_merge
CEMNTGROWW,2026-07-28,2026-09-11,34,,1,OBSERVED_SYMBOL_HISTORY_NOT_STITCHED,False,exact_observed_symbol_no_fuzzy_merge
CEMPRO,2025-09-17,2026-09-11,244,ITDCEM,1,OBJECTIVE_SAME_ISIN_ALIAS_OBSERVED_NO_STITCH,True,exact_observed_symbol_no_fuzzy_merge
CENTENKA,2020-01-01,2026-09-11,1660,,1,OBSERVED_SYMBOL_HISTORY_NOT_STITCHED,False,exact_observed_symbol_no_fuzzy_merge
CENTEXT,2020-01-01,2026-09-11,1301,,1,OBSERVED_SYMBOL_HISTORY_NOT_STITCHED,False,exact_observed_symbol_no_fuzzy_merge
CENTRALBK,2020-01-01,2026-09-11,1660,,1,OBSERVED_SYMBOL_HISTORY_NOT_STITCHED,False,exact_observed_symbol_no_fuzzy_merge
CENTRUM,2020-01-01,2026-09-11,1602,,1,OBSERVED_SYMBOL_HISTORY_NOT_STITCHED,False,exact_observed_symbol_no_fuzzy_merge
CENTUM,2020-01-01,2026-09-11,1598,,1,OBSERVED_SYMBOL_HISTORY_NOT_STITCHED,False,exact_observed_symbol_no_fuzzy_merge
CENTURYPLY,2020-01-01,2026-09-11,1660,,1,OBSERVED_SYMBOL_HISTORY_NOT_STITCHED,False,exact_observed_symbol_no_fuzzy_merge
CENTURYTEX,2020-01-01,2024-10-09,1184,ABREL,1,OBJECTIVE_SAME_ISIN_ALIAS_OBSERVED_NO_STITCH,True,exact_observed_symbol_no_fuzzy_merge
CERA,2020-01-01,2026-09-11,1660,,1,OBSERVED_SYMBOL_HISTORY_NOT_STITCHED,False,exact_observed_symbol_no_fuzzy_merge
CEREBRAINT,2020-05-27,2024-08-07,771,,1,OBSERVED_SYMBOL_HISTORY_NOT_STITCHED,False,exact_observed_symbol_no_fuzzy_merge
CESC,2020-01-01,2026-09-11,1660,,1,OBSERVED_SYMBOL_HISTORY_NOT_STITCHED,False,exact_observed_symbol_no_fuzzy_merge
CESCVENT,2020-01-01,2021-01-29,271,,0,OBSERVED_SYMBOL_HISTORY_NOT_STITCHED,False,exact_observed_symbol_no_fuzzy_merge
CEWATER,2024-12-27,2026-09-11,423,,1,OBSERVED_SYMBOL_HISTORY_NOT_STITCHED,False,exact_observed_symbol_no_fuzzy_merge
CFEL,2026-08-17,2026-09-11,20,,1,OBSERVED_SYMBOL_HISTORY_NOT_STITCHED,False,exact_observed_symbol_no_fuzzy_merge
CGCL,2020-01-01,2026-09-11,1660,,1,OBSERVED_SYMBOL_HISTORY_NOT_STITCHED,False,exact_observed_symbol_no_fuzzy_merge
CGPOWER,2020-02-13,2026-09-11,1481,,1,OBSERVED_SYMBOL_HISTORY_NOT_STITCHED,False,exact_observed_symbol_no_fuzzy_merge
CGVAK,2026-08-17,2026-09-11,20,,1,OBSERVED_SYMBOL_HISTORY_NOT_STITCHED,False,exact_observed_symbol_no_fuzzy_merge
CHALET,2020-01-01,2026-09-11,1660,,1,OBSERVED_SYMBOL_HISTORY_NOT_STITCHED,False,exact_observed_symbol_no_fuzzy_merge
CHAMBLFERT,2020-01-01,2026-09-11,1660,,1,OBSERVED_SYMBOL_HISTORY_NOT_STITCHED,False,exact_observed_symbol_no_fuzzy_merge
CHEMBOND,2020-01-01,2026-09-11,1518,,1,OBSERVED_SYMBOL_HISTORY_NOT_STITCHED,False,exact_observed_symbol_no_fuzzy_merge
CHEMBONDCH,2025-08-06,2026-05-11,185,,1,OBSERVED_SYMBOL_HISTORY_NOT_STITCHED,False,exact_observed_symbol_no_fuzzy_merge
CHEMCON,2020-10-01,2026-06-25,1417,,1,OBSERVED_SYMBOL_HISTORY_NOT_STITCHED,False,exact_observed_symbol_no_fuzzy_merge
CHEMCRUX,2026-08-17,2026-09-11,20,,1,OBSERVED_SYMBOL_HISTORY_NOT_STITCHED,False,exact_observed_symbol_no_fuzzy_merge
CHEMFAB,2020-01-01,2026-09-11,1546,,1,OBSERVED_SYMBOL_HISTORY_NOT_STITCHED,False,exact_observed_symbol_no_fuzzy_merge
CHEMICAL,2025-11-19,2026-09-11,202,,1,OBSERVED_SYMBOL_HISTORY_NOT_STITCHED,False,exact_observed_symbol_no_fuzzy_merge
CHEMPLASTS,2021-08-24,2026-09-11,1251,,1,OBSERVED_SYMBOL_HISTORY_NOT_STITCHED,False,exact_observed_symbol_no_fuzzy_merge
CHENNPETRO,2020-01-01,2026-09-11,1660,,1,OBSERVED_SYMBOL_HISTORY_NOT_STITCHED,False,exact_observed_symbol_no_fuzzy_merge
CHEVIOT,2022-06-20,2026-09-11,1047,,1,OBSERVED_SYMBOL_HISTORY_NOT_STITCHED,False,exact_observed_symbol_no_fuzzy_merge
CHOICEGOLD,2025-11-10,2026-09-11,209,,1,OBSERVED_SYMBOL_HISTORY_NOT_STITCHED,False,exact_observed_symbol_no_fuzzy_merge
CHOICEIN,2022-04-08,2026-09-11,1095,,1,OBSERVED_SYMBOL_HISTORY_NOT_STITCHED,False,exact_observed_symbol_no_fuzzy_merge
CHOLAFIN,2020-01-01,2026-09-11,1660,,1,OBSERVED_SYMBOL_HISTORY_NOT_STITCHED,False,exact_observed_symbol_no_fuzzy_merge
CHOLAHLDNG,2020-01-01,2026-09-11,1660,,1,OBSERVED_SYMBOL_HISTORY_NOT_STITCHED,False,exact_observed_symbol_no_fuzzy_merge
CHROMATIC,2020-04-13,2020-12-16,17,,0,OBSERVED_SYMBOL_HISTORY_NOT_STITCHED,False,exact_observed_symbol_no_fuzzy_merge
CIEINDIA,2023-06-19,2026-09-11,800,,1,OBSERVED_SYMBOL_HISTORY_NOT_STITCHED,False,exact_observed_symbol_no_fuzzy_merge
CIFL,2025-04-17,2026-09-11,349,,1,OBSERVED_SYMBOL_HISTORY_NOT_STITCHED,False,exact_observed_symbol_no_fuzzy_merge
CIGNITITEC,2020-01-01,2026-05-14,1576,,1,OBSERVED_SYMBOL_HISTORY_NOT_STITCHED,False,exact_observed_symbol_no_fuzzy_merge
CIMMCO,2020-01-01,2020-10-21,202,,0,OBSERVED_SYMBOL_HISTORY_NOT_STITCHED,False,exact_observed_symbol_no_fuzzy_merge
CINELINE,2020-01-01,2026-09-11,1380,,1,OBSERVED_SYMBOL_HISTORY_NOT_STITCHED,False,exact_observed_symbol_no_fuzzy_merge
CINEVISTA,2020-01-01,2026-09-11,1230,,1,OBSERVED_SYMBOL_HISTORY_NOT_STITCHED,False,exact_observed_symbol_no_fuzzy_merge
CIPLA,2020-01-01,2026-09-11,1660,,1,OBSERVED_SYMBOL_HISTORY_NOT_STITCHED,False,exact_observed_symbol_no_fuzzy_merge
CKFSL,2020-01-01,2020-02-20,37,,0,OBSERVED_SYMBOL_HISTORY_NOT_STITCHED,False,exact_observed_symbol_no_fuzzy_merge
CLEAN,2021-07-19,2026-09-11,1275,,1,OBSERVED_SYMBOL_HISTORY_NOT_STITCHED,False,exact_observed_symbol_no_fuzzy_merge
CLEANMAX,2026-03-02,2026-09-11,132,,1,OBSERVED_SYMBOL_HISTORY_NOT_STITCHED,False,exact_observed_symbol_no_fuzzy_merge
CLEDUCATE,2020-01-01,2026-09-11,1348,,1,OBSERVED_SYMBOL_HISTORY_NOT_STITCHED,False,exact_observed_symbol_no_fuzzy_merge
CLNINDIA,2020-01-01,2023-03-09,794,,0,OBSERVED_SYMBOL_HISTORY_NOT_STITCHED,False,exact_observed_symbol_no_fuzzy_merge
CLSEL,2021-05-12,2026-09-11,1322,,1,OBSERVED_SYMBOL_HISTORY_NOT_STITCHED,False,exact_observed_symbol_no_fuzzy_merge
CMICABLES,2020-01-01,2023-04-19,668,,0,OBSERVED_SYMBOL_HISTORY_NOT_STITCHED,False,exact_observed_symbol_no_fuzzy_merge
CMLL,2026-07-24,2026-09-11,36,,1,OBSERVED_SYMBOL_HISTORY_NOT_STITCHED,False,exact_observed_symbol_no_fuzzy_merge
CMPDI,2026-03-30,2026-09-11,114,,1,OBSERVED_SYMBOL_HISTORY_NOT_STITCHED,False,exact_observed_symbol_no_fuzzy_merge
CMRGREEN,2026-06-10,2026-09-11,67,,1,OBSERVED_SYMBOL_HISTORY_NOT_STITCHED,False,exact_observed_symbol_no_fuzzy_merge
CMSINFO,2021-12-31,2026-09-11,1162,,1,OBSERVED_SYMBOL_HISTORY_NOT_STITCHED,False,exact_observed_symbol_no_fuzzy_merge
CNL,2025-12-10,2026-09-11,187,CREATIVE,1,OBJECTIVE_SAME_ISIN_ALIAS_OBSERVED_NO_STITCH,True,exact_observed_symbol_no_fuzzy_merge
CNOVAPETRO,2020-01-01,2021-02-24,152,,0,OBSERVED_SYMBOL_HISTORY_NOT_STITCHED,False,exact_observed_symbol_no_fuzzy_merge
COALINDIA,2020-01-01,2026-09-11,1660,,1,OBSERVED_SYMBOL_HISTORY_NOT_STITCHED,False,exact_observed_symbol_no_fuzzy_merge
COASTCORP,2021-10-08,2026-09-11,1156,,2,MULTIPLE_ISIN_OBSERVED_NO_IDENTITY_INFERENCE,True,exact_observed_symbol_no_fuzzy_merge
COCHINSHIP,2020-01-01,2026-09-11,1596,,1,OBSERVED_SYMBOL_HISTORY_NOT_STITCHED,False,exact_observed_symbol_no_fuzzy_merge
COCKERILL,2026-04-20,2026-09-11,102,,1,OBSERVED_SYMBOL_HISTORY_NOT_STITCHED,False,exact_observed_symbol_no_fuzzy_merge
COFFEEDAY,2021-05-03,2026-09-11,1000,,1,OBSERVED_SYMBOL_HISTORY_NOT_STITCHED,False,exact_observed_symbol_no_fuzzy_merge
COFORGE,2020-08-20,2026-09-11,1502,,2,MULTIPLE_ISIN_OBSERVED_NO_IDENTITY_INFERENCE,True,exact_observed_symbol_no_fuzzy_merge
COHANCE,2025-05-19,2026-09-11,329,SUVENPHAR,1,OBJECTIVE_SAME_ISIN_ALIAS_OBSERVED_NO_STITCH,True,exact_observed_symbol_no_fuzzy_merge
COLPAL,2020-01-01,2026-09-11,1660,,1,OBSERVED_SYMBOL_HISTORY_NOT_STITCHED,False,exact_observed_symbol_no_fuzzy_merge
COMFINTE,2026-04-20,2026-09-11,102,,1,OBSERVED_SYMBOL_HISTORY_NOT_STITCHED,False,exact_observed_symbol_no_fuzzy_merge
COMMOIETF,2023-12-20,2026-09-11,675,,1,OBSERVED_SYMBOL_HISTORY_NOT_STITCHED,False,exact_observed_symbol_no_fuzzy_merge
COMPEAU,2026-08-17,2026-09-11,20,,1,OBSERVED_SYMBOL_HISTORY_NOT_STITCHED,False,exact_observed_symbol_no_fuzzy_merge
COMPINFO,2020-01-01,2023-10-27,950,,0,OBSERVED_SYMBOL_HISTORY_NOT_STITCHED,False,exact_observed_symbol_no_fuzzy_merge
COMPUSOFT,2020-01-01,2026-09-11,1426,,1,OBSERVED_SYMBOL_HISTORY_NOT_STITCHED,False,exact_observed_symbol_no_fuzzy_merge
COMSYN,2024-01-23,2026-09-11,504,,1,OBSERVED_SYMBOL_HISTORY_NOT_STITCHED,False,exact_observed_symbol_no_fuzzy_merge
CONCOR,2020-01-01,2026-09-11,1660,,1,OBSERVED_SYMBOL_HISTORY_NOT_STITCHED,False,exact_observed_symbol_no_fuzzy_merge
CONCORDBIO,2023-08-18,2026-09-11,758,,1,OBSERVED_SYMBOL_HISTORY_NOT_STITCHED,False,exact_observed_symbol_no_fuzzy_merge
CONFIPET,2020-01-01,2026-09-11,1660,,1,OBSERVED_SYMBOL_HISTORY_NOT_STITCHED,False,exact_observed_symbol_no_fuzzy_merge
CONS,2024-03-20,2026-09-11,613,,2,MULTIPLE_ISIN_OBSERVED_NO_IDENTITY_INFERENCE,True,exact_observed_symbol_no_fuzzy_merge
CONSOFINVT,2020-01-01,2026-07-22,1498,,1,OBSERVED_SYMBOL_HISTORY_NOT_STITCHED,False,exact_observed_symbol_no_fuzzy_merge
CONSUMAXIS,2026-07-03,2026-09-11,51,AXISCETF,1,OBJECTIVE_SAME_ISIN_ALIAS_OBSERVED_NO_STITCH,True,exact_observed_symbol_no_fuzzy_merge
CONSUMBEES,2022-05-10,2026-09-11,1076,,1,OBSERVED_SYMBOL_HISTORY_NOT_STITCHED,False,exact_observed_symbol_no_fuzzy_merge
CONSUMER,2025-01-01,2026-09-11,420,,1,OBSERVED_SYMBOL_HISTORY_NOT_STITCHED,False,exact_observed_symbol_no_fuzzy_merge
CONSUMIETF,2023-12-20,2026-09-11,675,,1,OBSERVED_SYMBOL_HISTORY_NOT_STITCHED,False,exact_observed_symbol_no_fuzzy_merge
CONTROLPR,2020-01-01,2026-09-11,1660,,1,OBSERVED_SYMBOL_HISTORY_NOT_STITCHED,False,exact_observed_symbol_no_fuzzy_merge
CORALFINAC,2020-01-01,2026-09-11,1498,,1,OBSERVED_SYMBOL_HISTORY_NOT_STITCHED,False,exact_observed_symbol_no_fuzzy_merge
CORDELIA,2026-07-01,2026-09-11,53,,2,MULTIPLE_ISIN_OBSERVED_NO_IDENTITY_INFERENCE,True,exact_observed_symbol_no_fuzzy_merge
CORDSCABLE,2020-01-01,2026-09-11,1406,,1,OBSERVED_SYMBOL_HISTORY_NOT_STITCHED,False,exact_observed_symbol_no_fuzzy_merge
COROMANDEL,2020-01-01,2026-09-11,1660,,1,OBSERVED_SYMBOL_HISTORY_NOT_STITCHED,False,exact_observed_symbol_no_fuzzy_merge
CORONA,2025-12-15,2026-09-11,184,,1,OBSERVED_SYMBOL_HISTORY_NOT_STITCHED,False,exact_observed_symbol_no_fuzzy_merge
CORPBANK,2020-01-01,2020-03-19,55,,0,OBSERVED_SYMBOL_HISTORY_NOT_STITCHED,False,exact_observed_symbol_no_fuzzy_merge
COSMOFILMS,2020-01-01,2022-07-22,638,,0,OBSERVED_SYMBOL_HISTORY_NOT_STITCHED,False,exact_observed_symbol_no_fuzzy_merge
COSMOFIRST,2022-07-25,2026-09-11,1022,,1,OBSERVED_SYMBOL_HISTORY_NOT_STITCHED,False,exact_observed_symbol_no_fuzzy_merge
COUNCODOS,2020-01-01,2026-08-10,1212,,1,OBSERVED_SYMBOL_HISTORY_NOT_STITCHED,False,exact_observed_symbol_no_fuzzy_merge
CPCAP,2025-03-20,2026-09-11,291,CAREERP,1,OBJECTIVE_SAME_ISIN_ALIAS_OBSERVED_NO_STITCH,True,exact_observed_symbol_no_fuzzy_merge
CPEDU,2025-09-19,2026-09-11,242,,1,OBSERVED_SYMBOL_HISTORY_NOT_STITCHED,False,exact_observed_symbol_no_fuzzy_merge
CPL,2026-07-23,2026-09-11,37,,1,OBSERVED_SYMBOL_HISTORY_NOT_STITCHED,False,exact_observed_symbol_no_fuzzy_merge
CPPLUS,2025-08-05,2026-09-11,273,,1,OBSERVED_SYMBOL_HISTORY_NOT_STITCHED,False,exact_observed_symbol_no_fuzzy_merge
CPSEETF,2020-01-01,2026-09-11,1660,,1,OBSERVED_SYMBOL_HISTORY_NOT_STITCHED,False,exact_observed_symbol_no_fuzzy_merge
CRAFTSMAN,2021-03-25,2026-09-11,1352,,1,OBSERVED_SYMBOL_HISTORY_NOT_STITCHED,False,exact_observed_symbol_no_fuzzy_merge
CRAMC,2025-10-16,2026-09-11,224,,1,OBSERVED_SYMBOL_HISTORY_NOT_STITCHED,False,exact_observed_symbol_no_fuzzy_merge
CRAVATEX,2026-08-17,2026-09-11,20,,1,OBSERVED_SYMBOL_HISTORY_NOT_STITCHED,False,exact_observed_symbol_no_fuzzy_merge
CREATIVE,2020-03-04,2025-12-09,1330,CNL,1,OBJECTIVE_SAME_ISIN_ALIAS_OBSERVED_NO_STITCH,True,exact_observed_symbol_no_fuzzy_merge
CREATIVEYE,2020-04-13,2026-09-11,536,,1,OBSERVED_SYMBOL_HISTORY_NOT_STITCHED,False,exact_observed_symbol_no_fuzzy_merge
CREDITACC,2020-01-01,2026-09-11,1660,,1,OBSERVED_SYMBOL_HISTORY_NOT_STITCHED,False,exact_observed_symbol_no_fuzzy_merge
CREST,2020-01-01,2026-09-11,1533,,1,OBSERVED_SYMBOL_HISTORY_NOT_STITCHED,False,exact_observed_symbol_no_fuzzy_merge
CRESTO,2026-09-10,2026-09-11,2,SILLYMONKS,1,OBJECTIVE_SAME_ISIN_ALIAS_OBSERVED_NO_STITCH,True,exact_observed_symbol_no_fuzzy_merge
CRISIL,2020-01-01,2026-09-11,1660,,1,OBSERVED_SYMBOL_HISTORY_NOT_STITCHED,False,exact_observed_symbol_no_fuzzy_merge
CRIZAC,2025-07-09,2026-09-11,292,,1,OBSERVED_SYMBOL_HISTORY_NOT_STITCHED,False,exact_observed_symbol_no_fuzzy_merge
CROMPTON,2020-01-01,2026-09-11,1660,,1,OBSERVED_SYMBOL_HISTORY_NOT_STITCHED,False,exact_observed_symbol_no_fuzzy_merge
CROWN,2022-02-08,2026-09-11,718,,1,OBSERVED_SYMBOL_HISTORY_NOT_STITCHED,False,exact_observed_symbol_no_fuzzy_merge
CRSL,2026-08-17,2026-08-25,7,,1,OBSERVED_SYMBOL_HISTORY_NOT_STITCHED,False,exact_observed_symbol_no_fuzzy_merge
CSBBANK,2020-01-01,2026-09-11,1660,,1,OBSERVED_SYMBOL_HISTORY_NOT_STITCHED,False,exact_observed_symbol_no_fuzzy_merge
CSLFINANCE,2022-07-21,2026-09-11,1024,,1,OBSERVED_SYMBOL_HISTORY_NOT_STITCHED,False,exact_observed_symbol_no_fuzzy_merge
CSM,2026-07-16,2026-09-11,42,,1,OBSERVED_SYMBOL_HISTORY_NOT_STITCHED,False,exact_observed_symbol_no_fuzzy_merge
CTE,2020-01-01,2026-08-25,1245,,1,OBSERVED_SYMBOL_HISTORY_NOT_STITCHED,False,exact_observed_symbol_no_fuzzy_merge
CUB,2020-01-01,2026-09-11,1660,,1,OBSERVED_SYMBOL_HISTORY_NOT_STITCHED,False,exact_observed_symbol_no_fuzzy_merge
CUBEXTUB,2020-01-01,2026-09-11,1128,,1,OBSERVED_SYMBOL_HISTORY_NOT_STITCHED,False,exact_observed_symbol_no_fuzzy_merge
CUMMINSIND,2020-01-01,2026-09-11,1660,,1,OBSERVED_SYMBOL_HISTORY_NOT_STITCHED,False,exact_observed_symbol_no_fuzzy_merge
CUPID,2020-01-01,2026-09-11,1444,,1,OBSERVED_SYMBOL_HISTORY_NOT_STITCHED,False,exact_observed_symbol_no_fuzzy_merge
CURAA,2025-04-08,2026-09-11,72,,1,OBSERVED_SYMBOL_HISTORY_NOT_STITCHED,False,exact_observed_symbol_no_fuzzy_merge
CYBERMEDIA,2020-12-16,2026-09-08,817,,1,OBSERVED_SYMBOL_HISTORY_NOT_STITCHED,False,exact_observed_symbol_no_fuzzy_merge
CYBERTECH,2020-01-01,2026-06-29,1314,,1,OBSERVED_SYMBOL_HISTORY_NOT_STITCHED,False,exact_observed_symbol_no_fuzzy_merge
CYIENT,2020-01-01,2026-09-11,1660,,1,OBSERVED_SYMBOL_HISTORY_NOT_STITCHED,False,exact_observed_symbol_no_fuzzy_merge
CYIENTDLM,2023-07-10,2026-09-11,786,,1,OBSERVED_SYMBOL_HISTORY_NOT_STITCHED,False,exact_observed_symbol_no_fuzzy_merge
DAAWAT,2020-01-01,2023-11-03,955,,0,OBSERVED_SYMBOL_HISTORY_NOT_STITCHED,False,exact_observed_symbol_no_fuzzy_merge
DABUR,2020-01-01,2026-09-11,1660,,1,OBSERVED_SYMBOL_HISTORY_NOT_STITCHED,False,exact_observed_symbol_no_fuzzy_merge
DAICHI,2026-04-20,2026-09-04,65,,1,OBSERVED_SYMBOL_HISTORY_NOT_STITCHED,False,exact_observed_symbol_no_fuzzy_merge
DALBHARAT,2020-01-01,2026-09-11,1660,,1,OBSERVED_SYMBOL_HISTORY_NOT_STITCHED,False,exact_observed_symbol_no_fuzzy_merge
DALMIASUG,2020-01-01,2026-09-11,1650,,1,OBSERVED_SYMBOL_HISTORY_NOT_STITCHED,False,exact_observed_symbol_no_fuzzy_merge
DAMCAPITAL,2024-12-27,2026-09-11,423,,1,OBSERVED_SYMBOL_HISTORY_NOT_STITCHED,False,exact_observed_symbol_no_fuzzy_merge
DAMODARIND,2020-01-01,2026-07-07,1555,,1,OBSERVED_SYMBOL_HISTORY_NOT_STITCHED,False,exact_observed_symbol_no_fuzzy_merge
DANGEE,2020-11-13,2026-09-11,1220,,1,OBSERVED_SYMBOL_HISTORY_NOT_STITCHED,False,exact_observed_symbol_no_fuzzy_merge
DATAMATICS,2020-01-01,2026-09-11,1660,,1,OBSERVED_SYMBOL_HISTORY_NOT_STITCHED,False,exact_observed_symbol_no_fuzzy_merge
DATAPATTNS,2021-12-24,2026-09-11,1167,,1,OBSERVED_SYMBOL_HISTORY_NOT_STITCHED,False,exact_observed_symbol_no_fuzzy_merge
DAVANGERE,2024-01-25,2026-09-11,650,,1,OBSERVED_SYMBOL_HISTORY_NOT_STITCHED,False,exact_observed_symbol_no_fuzzy_merge
DBCORP,2020-01-01,2026-09-11,1602,,1,OBSERVED_SYMBOL_HISTORY_NOT_STITCHED,False,exact_observed_symbol_no_fuzzy_merge
DBEIL,2024-10-28,2026-09-11,396,,2,MULTIPLE_ISIN_OBSERVED_NO_IDENTITY_INFERENCE,True,exact_observed_symbol_no_fuzzy_merge
DBL,2020-01-01,2026-09-11,1660,,1,OBSERVED_SYMBOL_HISTORY_NOT_STITCHED,False,exact_observed_symbol_no_fuzzy_merge
DBOL,2022-09-22,2026-09-11,831,,1,OBSERVED_SYMBOL_HISTORY_NOT_STITCHED,False,exact_observed_symbol_no_fuzzy_merge
DBREALTY,2020-03-04,2026-09-11,1282,,1,OBSERVED_SYMBOL_HISTORY_NOT_STITCHED,False,exact_observed_symbol_no_fuzzy_merge
DBSTOCKBRO,2020-01-01,2026-07-09,1376,,1,OBSERVED_SYMBOL_HISTORY_NOT_STITCHED,False,exact_observed_symbol_no_fuzzy_merge
DCAL,2020-01-01,2026-09-11,1602,,1,OBSERVED_SYMBOL_HISTORY_NOT_STITCHED,False,exact_observed_symbol_no_fuzzy_merge
DCBBANK,2020-01-01,2026-09-11,1660,,1,OBSERVED_SYMBOL_HISTORY_NOT_STITCHED,False,exact_observed_symbol_no_fuzzy_merge
DCI,2022-10-19,2026-09-11,557,,1,OBSERVED_SYMBOL_HISTORY_NOT_STITCHED,False,exact_observed_symbol_no_fuzzy_merge
DCM,2020-01-01,2026-06-12,1374,,1,OBSERVED_SYMBOL_HISTORY_NOT_STITCHED,False,exact_observed_symbol_no_fuzzy_merge
DCMFINSERV,2020-11-10,2026-09-11,574,,1,OBSERVED_SYMBOL_HISTORY_NOT_STITCHED,False,exact_observed_symbol_no_fuzzy_merge
DCMNVL,2020-01-01,2026-09-11,1459,,1,OBSERVED_SYMBOL_HISTORY_NOT_STITCHED,False,exact_observed_symbol_no_fuzzy_merge
DCMSHRIRAM,2020-01-01,2026-09-11,1660,,1,OBSERVED_SYMBOL_HISTORY_NOT_STITCHED,False,exact_observed_symbol_no_fuzzy_merge
DCMSIL,2026-03-04,2026-09-11,32,,1,OBSERVED_SYMBOL_HISTORY_NOT_STITCHED,False,exact_observed_symbol_no_fuzzy_merge
DCMSRIND,2021-12-24,2026-09-11,1157,,1,OBSERVED_SYMBOL_HISTORY_NOT_STITCHED,False,exact_observed_symbol_no_fuzzy_merge
DCW,2020-01-01,2026-09-11,1603,,1,OBSERVED_SYMBOL_HISTORY_NOT_STITCHED,False,exact_observed_symbol_no_fuzzy_merge
DCXINDIA,2022-11-11,2026-09-11,892,,1,OBSERVED_SYMBOL_HISTORY_NOT_STITCHED,False,exact_observed_symbol_no_fuzzy_merge
DDEVPLSTIK,2025-01-15,2026-09-11,410,,1,OBSERVED_SYMBOL_HISTORY_NOT_STITCHED,False,exact_observed_symbol_no_fuzzy_merge
DECCANCE,2020-01-01,2026-09-11,1660,,1,OBSERVED_SYMBOL_HISTORY_NOT_STITCHED,False,exact_observed_symbol_no_fuzzy_merge
DECNGOLD,2026-04-20,2026-09-11,102,,1,OBSERVED_SYMBOL_HISTORY_NOT_STITCHED,False,exact_observed_symbol_no_fuzzy_merge
DEEDEV,2024-06-26,2026-09-11,491,,1,OBSERVED_SYMBOL_HISTORY_NOT_STITCHED,False,exact_observed_symbol_no_fuzzy_merge
DEEP,2026-08-17,2026-09-11,20,,1,OBSERVED_SYMBOL_HISTORY_NOT_STITCHED,False,exact_observed_symbol_no_fuzzy_merge
DEEPA,2026-09-08,2026-09-11,4,,1,OBSERVED_SYMBOL_HISTORY_NOT_STITCHED,False,exact_observed_symbol_no_fuzzy_merge
DEEPAKFERT,2020-01-01,2026-09-11,1597,,1,OBSERVED_SYMBOL_HISTORY_NOT_STITCHED,False,exact_observed_symbol_no_fuzzy_merge
DEEPAKNTR,2020-01-01,2026-09-11,1660,,1,OBSERVED_SYMBOL_HISTORY_NOT_STITCHED,False,exact_observed_symbol_no_fuzzy_merge
DEEPENR,2020-09-30,2024-09-04,738,,1,OBSERVED_SYMBOL_HISTORY_NOT_STITCHED,False,exact_observed_symbol_no_fuzzy_merge
DEEPIND,2020-01-01,2020-09-29,187,,0,OBSERVED_SYMBOL_HISTORY_NOT_STITCHED,False,exact_observed_symbol_no_fuzzy_merge
DEEPINDS,2021-05-11,2026-09-11,1323,,1,OBSERVED_SYMBOL_HISTORY_NOT_STITCHED,False,exact_observed_symbol_no_fuzzy_merge
DEFENCE,2026-02-19,2026-09-11,139,,1,OBSERVED_SYMBOL_HISTORY_NOT_STITCHED,False,exact_observed_symbol_no_fuzzy_merge
DELHIVERY,2022-05-24,2026-09-11,1066,,1,OBSERVED_SYMBOL_HISTORY_NOT_STITCHED,False,exact_observed_symbol_no_fuzzy_merge
DELPHIFX,2021-09-01,2026-07-02,896,,2,MULTIPLE_ISIN_OBSERVED_NO_IDENTITY_INFERENCE,True,exact_observed_symbol_no_fuzzy_merge
DELTACORP,2020-01-01,2026-09-11,1660,,1,OBSERVED_SYMBOL_HISTORY_NOT_STITCHED,False,exact_observed_symbol_no_fuzzy_merge
DELTAMAGNT,2020-01-01,2026-09-11,1382,,1,OBSERVED_SYMBOL_HISTORY_NOT_STITCHED,False,exact_observed_symbol_no_fuzzy_merge
DEN,2020-01-01,2026-09-11,1660,,1,OBSERVED_SYMBOL_HISTORY_NOT_STITCHED,False,exact_observed_symbol_no_fuzzy_merge
DENORA,2020-01-01,2026-09-11,1590,,1,OBSERVED_SYMBOL_HISTORY_NOT_STITCHED,False,exact_observed_symbol_no_fuzzy_merge
DENTA,2025-02-11,2026-09-11,391,,1,OBSERVED_SYMBOL_HISTORY_NOT_STITCHED,False,exact_observed_symbol_no_fuzzy_merge
DEVIT,2022-02-15,2026-09-11,981,,2,MULTIPLE_ISIN_OBSERVED_NO_IDENTITY_INFERENCE,True,exact_observed_symbol_no_fuzzy_merge
DEVX,2025-10-01,2026-09-11,234,,1,OBSERVED_SYMBOL_HISTORY_NOT_STITCHED,False,exact_observed_symbol_no_fuzzy_merge
DEVYANI,2021-08-16,2026-09-11,1256,,1,OBSERVED_SYMBOL_HISTORY_NOT_STITCHED,False,exact_observed_symbol_no_fuzzy_merge
DFMFOODS,2020-01-01,2023-03-27,806,,0,OBSERVED_SYMBOL_HISTORY_NOT_STITCHED,False,exact_observed_symbol_no_fuzzy_merge
DGCONTENT,2020-03-04,2026-09-11,1009,,1,OBSERVED_SYMBOL_HISTORY_NOT_STITCHED,False,exact_observed_symbol_no_fuzzy_merge
DHABRIYA,2026-08-17,2026-08-21,5,,1,OBSERVED_SYMBOL_HISTORY_NOT_STITCHED,False,exact_observed_symbol_no_fuzzy_merge
DHAMPURSUG,2020-01-01,2026-09-11,1650,,1,OBSERVED_SYMBOL_HISTORY_NOT_STITCHED,False,exact_observed_symbol_no_fuzzy_merge
DHANBANK,2020-01-01,2026-09-11,1543,,1,OBSERVED_SYMBOL_HISTORY_NOT_STITCHED,False,exact_observed_symbol_no_fuzzy_merge
DHANI,2020-10-28,2025-10-27,1181,,1,OBSERVED_SYMBOL_HISTORY_NOT_STITCHED,False,exact_observed_symbol_no_fuzzy_merge
DHANUKA,2020-01-01,2026-09-11,1660,,1,OBSERVED_SYMBOL_HISTORY_NOT_STITCHED,False,exact_observed_symbol_no_fuzzy_merge
DHANVARSHA,2022-05-10,2022-08-30,79,,0,OBSERVED_SYMBOL_HISTORY_NOT_STITCHED,False,exact_observed_symbol_no_fuzzy_merge
DHARAMSI,2021-12-01,2022-11-01,229,,0,OBSERVED_SYMBOL_HISTORY_NOT_STITCHED,False,exact_observed_symbol_no_fuzzy_merge
DHARMAJ,2022-12-08,2026-09-11,866,,1,OBSERVED_SYMBOL_HISTORY_NOT_STITCHED,False,exact_observed_symbol_no_fuzzy_merge
DHARSUGAR,2020-01-01,2022-05-24,354,,0,OBSERVED_SYMBOL_HISTORY_NOT_STITCHED,False,exact_observed_symbol_no_fuzzy_merge
DHATRE,2026-08-17,2026-09-11,20,,1,OBSERVED_SYMBOL_HISTORY_NOT_STITCHED,False,exact_observed_symbol_no_fuzzy_merge
DHFL,2020-01-01,2021-06-11,360,,0,OBSERVED_SYMBOL_HISTORY_NOT_STITCHED,False,exact_observed_symbol_no_fuzzy_merge
DHOOTTRANS,2026-08-17,2026-09-11,20,,1,OBSERVED_SYMBOL_HISTORY_NOT_STITCHED,False,exact_observed_symbol_no_fuzzy_merge
DHRUV,2021-11-25,2026-09-11,825,,1,OBSERVED_SYMBOL_HISTORY_NOT_STITCHED,False,exact_observed_symbol_no_fuzzy_merge
DHUNINV,2020-01-01,2026-09-11,1660,,1,OBSERVED_SYMBOL_HISTORY_NOT_STITCHED,False,exact_observed_symbol_no_fuzzy_merge
DIACABS,2023-10-04,2026-08-03,345,,2,MULTIPLE_ISIN_OBSERVED_NO_IDENTITY_INFERENCE,True,exact_observed_symbol_no_fuzzy_merge
DIAMINESQ,2023-09-25,2026-09-11,733,,1,OBSERVED_SYMBOL_HISTORY_NOT_STITCHED,False,exact_observed_symbol_no_fuzzy_merge
DIAMONDYD,2020-01-01,2026-09-11,1660,,1,OBSERVED_SYMBOL_HISTORY_NOT_STITCHED,False,exact_observed_symbol_no_fuzzy_merge
DICIND,2020-01-01,2026-09-11,1595,,1,OBSERVED_SYMBOL_HISTORY_NOT_STITCHED,False,exact_observed_symbol_no_fuzzy_merge
DIFFNKG,2024-10-18,2026-09-11,409,,1,OBSERVED_SYMBOL_HISTORY_NOT_STITCHED,False,exact_observed_symbol_no_fuzzy_merge
DIGIDRIVE,2024-01-24,2026-09-11,488,,1,OBSERVED_SYMBOL_HISTORY_NOT_STITCHED,False,exact_observed_symbol_no_fuzzy_merge
DIGISPICE,2020-01-01,2026-09-11,1107,,1,OBSERVED_SYMBOL_HISTORY_NOT_STITCHED,False,exact_observed_symbol_no_fuzzy_merge
DIGITIDE,2025-06-25,2026-09-11,302,,1,OBSERVED_SYMBOL_HISTORY_NOT_STITCHED,False,exact_observed_symbol_no_fuzzy_merge
DIGJAMLMTD,2021-11-01,2026-09-11,293,,1,OBSERVED_SYMBOL_HISTORY_NOT_STITCHED,False,exact_observed_symbol_no_fuzzy_merge
DIL,2022-03-31,2025-12-24,699,,1,OBSERVED_SYMBOL_HISTORY_NOT_STITCHED,False,exact_observed_symbol_no_fuzzy_merge
DISAQ,2026-04-20,2026-09-11,102,,1,OBSERVED_SYMBOL_HISTORY_NOT_STITCHED,False,exact_observed_symbol_no_fuzzy_merge
DISHTV,2020-01-01,2026-09-11,1461,,1,OBSERVED_SYMBOL_HISTORY_NOT_STITCHED,False,exact_observed_symbol_no_fuzzy_merge
DIVGIITTS,2023-03-14,2026-09-11,864,,1,OBSERVED_SYMBOL_HISTORY_NOT_STITCHED,False,exact_observed_symbol_no_fuzzy_merge
DIVIDEND,2025-12-19,2026-09-11,180,,1,OBSERVED_SYMBOL_HISTORY_NOT_STITCHED,False,exact_observed_symbol_no_fuzzy_merge
DIVISLAB,2020-01-01,2026-09-11,1660,,1,OBSERVED_SYMBOL_HISTORY_NOT_STITCHED,False,exact_observed_symbol_no_fuzzy_merge
DIVOPPBEES,2022-05-10,2026-09-11,1076,,1,OBSERVED_SYMBOL_HISTORY_NOT_STITCHED,False,exact_observed_symbol_no_fuzzy_merge
DIXON,2020-01-01,2026-09-11,1660,,1,OBSERVED_SYMBOL_HISTORY_NOT_STITCHED,False,exact_observed_symbol_no_fuzzy_merge
DJML,2022-12-05,2026-09-11,659,,1,OBSERVED_SYMBOL_HISTORY_NOT_STITCHED,False,exact_observed_symbol_no_fuzzy_merge
DLF,2020-01-01,2026-09-11,1660,,1,OBSERVED_SYMBOL_HISTORY_NOT_STITCHED,False,exact_observed_symbol_no_fuzzy_merge
DLINKINDIA,2020-01-01,2026-09-11,1660,,1,OBSERVED_SYMBOL_HISTORY_NOT_STITCHED,False,exact_observed_symbol_no_fuzzy_merge
DMART,2020-01-01,2026-09-11,1607,,1,OBSERVED_SYMBOL_HISTORY_NOT_STITCHED,False,exact_observed_symbol_no_fuzzy_merge
DMCC,2022-11-02,2026-09-11,890,,1,OBSERVED_SYMBOL_HISTORY_NOT_STITCHED,False,exact_observed_symbol_no_fuzzy_merge
DNAMEDIA,2020-03-04,2026-09-11,1079,,1,OBSERVED_SYMBOL_HISTORY_NOT_STITCHED,False,exact_observed_symbol_no_fuzzy_merge
DODLA,2021-06-28,2026-09-11,1290,,1,OBSERVED_SYMBOL_HISTORY_NOT_STITCHED,False,exact_observed_symbol_no_fuzzy_merge
DOLAT,2020-01-01,2021-12-17,489,,0,OBSERVED_SYMBOL_HISTORY_NOT_STITCHED,False,exact_observed_symbol_no_fuzzy_merge
DOLATALGO,2021-12-20,2026-09-11,1171,,1,OBSERVED_SYMBOL_HISTORY_NOT_STITCHED,False,exact_observed_symbol_no_fuzzy_merge
DOLLAR,2020-01-01,2026-09-11,1660,,1,OBSERVED_SYMBOL_HISTORY_NOT_STITCHED,False,exact_observed_symbol_no_fuzzy_merge
DOLLEX,2026-09-11,2026-09-11,1,,1,OBSERVED_SYMBOL_HISTORY_NOT_STITCHED,False,exact_observed_symbol_no_fuzzy_merge
DOLPHIN,2023-09-04,2026-09-11,339,,1,OBSERVED_SYMBOL_HISTORY_NOT_STITCHED,False,exact_observed_symbol_no_fuzzy_merge
DOMS,2023-12-20,2026-09-11,675,,1,OBSERVED_SYMBOL_HISTORY_NOT_STITCHED,False,exact_observed_symbol_no_fuzzy_merge
DONEAR,2020-01-01,2026-09-11,1549,,1,OBSERVED_SYMBOL_HISTORY_NOT_STITCHED,False,exact_observed_symbol_no_fuzzy_merge
DPABHUSHAN,2020-11-03,2026-09-11,1450,,1,OBSERVED_SYMBOL_HISTORY_NOT_STITCHED,False,exact_observed_symbol_no_fuzzy_merge
DPSCLTD,2020-01-01,2026-05-19,1579,,1,OBSERVED_SYMBOL_HISTORY_NOT_STITCHED,False,exact_observed_symbol_no_fuzzy_merge
DPWIRES,2020-01-17,2026-07-01,1535,,1,OBSERVED_SYMBOL_HISTORY_NOT_STITCHED,False,exact_observed_symbol_no_fuzzy_merge
DQE,2020-01-10,2021-01-01,155,,0,OBSERVED_SYMBOL_HISTORY_NOT_STITCHED,False,exact_observed_symbol_no_fuzzy_merge
DRAGARWQ,2026-04-20,2026-09-11,102,,1,OBSERVED_SYMBOL_HISTORY_NOT_STITCHED,False,exact_observed_symbol_no_fuzzy_merge
DRCSYSTEMS,2021-03-25,2026-09-11,741,,1,OBSERVED_SYMBOL_HISTORY_NOT_STITCHED,False,exact_observed_symbol_no_fuzzy_merge
DREAMFOLKS,2022-09-06,2026-09-11,931,,1,OBSERVED_SYMBOL_HISTORY_NOT_STITCHED,False,exact_observed_symbol_no_fuzzy_merge
DREDGECORP,2020-01-01,2026-09-11,1549,,1,OBSERVED_SYMBOL_HISTORY_NOT_STITCHED,False,exact_observed_symbol_no_fuzzy_merge
DRREDDY,2020-01-01,2026-09-11,1660,,2,MULTIPLE_ISIN_OBSERVED_NO_IDENTITY_INFERENCE,True,exact_observed_symbol_no_fuzzy_merge
DSFCL,2026-03-04,2026-06-18,71,,1,OBSERVED_SYMBOL_HISTORY_NOT_STITCHED,False,exact_observed_symbol_no_fuzzy_merge
DSPBANKETF,2023-01-06,2024-02-14,273,,0,OBSERVED_SYMBOL_HISTORY_NOT_STITCHED,False,exact_observed_symbol_no_fuzzy_merge
DSPGOLDETF,2023-05-05,2024-02-14,195,,0,OBSERVED_SYMBOL_HISTORY_NOT_STITCHED,False,exact_observed_symbol_no_fuzzy_merge
DSPITETF,2023-07-13,2024-02-14,147,,0,OBSERVED_SYMBOL_HISTORY_NOT_STITCHED,False,exact_observed_symbol_no_fuzzy_merge
DSPN50ETF,2021-12-30,2024-02-14,526,,0,OBSERVED_SYMBOL_HISTORY_NOT_STITCHED,False,exact_observed_symbol_no_fuzzy_merge
DSPNEWETF,2021-11-12,2024-02-14,560,,0,OBSERVED_SYMBOL_HISTORY_NOT_STITCHED,False,exact_observed_symbol_no_fuzzy_merge
DSPPSBKETF,2023-08-02,2024-02-14,133,,0,OBSERVED_SYMBOL_HISTORY_NOT_STITCHED,False,exact_observed_symbol_no_fuzzy_merge
DSPPVBKETF,2023-08-02,2024-02-14,133,,0,OBSERVED_SYMBOL_HISTORY_NOT_STITCHED,False,exact_observed_symbol_no_fuzzy_merge
DSPQ50ETF,2021-12-30,2024-02-14,527,,0,OBSERVED_SYMBOL_HISTORY_NOT_STITCHED,False,exact_observed_symbol_no_fuzzy_merge
DSPSENXETF,2023-08-02,2024-02-14,130,,0,OBSERVED_SYMBOL_HISTORY_NOT_STITCHED,False,exact_observed_symbol_no_fuzzy_merge
DSPSILVETF,2022-08-25,2024-02-14,364,,0,OBSERVED_SYMBOL_HISTORY_NOT_STITCHED,False,exact_observed_symbol_no_fuzzy_merge
DSSL,2020-01-01,2026-09-11,1603,,1,OBSERVED_SYMBOL_HISTORY_NOT_STITCHED,False,exact_observed_symbol_no_fuzzy_merge
DTIL,2020-01-01,2026-09-02,1653,,1,OBSERVED_SYMBOL_HISTORY_NOT_STITCHED,False,exact_observed_symbol_no_fuzzy_merge
DUCON,2020-01-01,2026-09-11,1008,,1,OBSERVED_SYMBOL_HISTORY_NOT_STITCHED,False,exact_observed_symbol_no_fuzzy_merge
DVL,2020-01-01,2026-09-11,1608,,1,OBSERVED_SYMBOL_HISTORY_NOT_STITCHED,False,exact_observed_symbol_no_fuzzy_merge
DWARKESH,2020-01-01,2026-09-11,1660,,1,OBSERVED_SYMBOL_HISTORY_NOT_STITCHED,False,exact_observed_symbol_no_fuzzy_merge
DYCL,2022-07-27,2026-09-11,957,,1,OBSERVED_SYMBOL_HISTORY_NOT_STITCHED,False,exact_observed_symbol_no_fuzzy_merge
DYNAMATECH,2020-01-01,2026-09-11,1603,,1,OBSERVED_SYMBOL_HISTORY_NOT_STITCHED,False,exact_observed_symbol_no_fuzzy_merge
DYNPRO,2020-01-01,2026-09-11,1561,,1,OBSERVED_SYMBOL_HISTORY_NOT_STITCHED,False,exact_observed_symbol_no_fuzzy_merge
E2E,2022-04-12,2026-08-10,567,,2,MULTIPLE_ISIN_OBSERVED_NO_IDENTITY_INFERENCE,True,exact_observed_symbol_no_fuzzy_merge
EASEMYTRIP,2021-03-19,2026-09-11,1299,,1,OBSERVED_SYMBOL_HISTORY_NOT_STITCHED,False,exact_observed_symbol_no_fuzzy_merge
EASTSILK,2020-03-04,2022-06-14,235,,0,OBSERVED_SYMBOL_HISTORY_NOT_STITCHED,False,exact_observed_symbol_no_fuzzy_merge
EASTWEST,2026-08-17,2026-09-11,20,,1,OBSERVED_SYMBOL_HISTORY_NOT_STITCHED,False,exact_observed_symbol_no_fuzzy_merge
EBANK,2020-01-01,2023-08-01,536,,0,OBSERVED_SYMBOL_HISTORY_NOT_STITCHED,False,exact_observed_symbol_no_fuzzy_merge
EBANK10,2026-08-05,2026-09-11,28,,1,OBSERVED_SYMBOL_HISTORY_NOT_STITCHED,False,exact_observed_symbol_no_fuzzy_merge
EBANKNIFTY,2024-09-16,2026-09-11,493,,1,OBSERVED_SYMBOL_HISTORY_NOT_STITCHED,False,exact_observed_symbol_no_fuzzy_merge
EBBETF0423,2020-01-02,2023-04-11,813,,0,OBSERVED_SYMBOL_HISTORY_NOT_STITCHED,False,exact_observed_symbol_no_fuzzy_merge
EBBETF0425,2020-07-29,2025-04-08,1165,,1,OBSERVED_SYMBOL_HISTORY_NOT_STITCHED,False,exact_observed_symbol_no_fuzzy_merge
EBBETF0430,2020-01-02,2026-09-11,1659,,1,OBSERVED_SYMBOL_HISTORY_NOT_STITCHED,False,exact_observed_symbol_no_fuzzy_merge
EBBETF0431,2020-07-29,2026-09-11,1518,,1,OBSERVED_SYMBOL_HISTORY_NOT_STITCHED,False,exact_observed_symbol_no_fuzzy_merge
EBBETF0433,2022-12-16,2026-09-11,924,,1,OBSERVED_SYMBOL_HISTORY_NOT_STITCHED,False,exact_observed_symbol_no_fuzzy_merge
EBGNG,2025-07-30,2026-09-11,277,,1,OBSERVED_SYMBOL_HISTORY_NOT_STITCHED,False,exact_observed_symbol_no_fuzzy_merge
EBIX,2026-08-17,2026-09-02,13,,1,OBSERVED_SYMBOL_HISTORY_NOT_STITCHED,False,exact_observed_symbol_no_fuzzy_merge
EBIXFOREX,2020-05-27,2021-08-31,318,,0,OBSERVED_SYMBOL_HISTORY_NOT_STITCHED,False,exact_observed_symbol_no_fuzzy_merge
ECAPINSURE,2025-01-06,2026-09-11,417,,1,OBSERVED_SYMBOL_HISTORY_NOT_STITCHED,False,exact_observed_symbol_no_fuzzy_merge
ECLERX,2020-01-01,2026-09-11,1597,,1,OBSERVED_SYMBOL_HISTORY_NOT_STITCHED,False,exact_observed_symbol_no_fuzzy_merge
ECORECO,2026-08-17,2026-09-11,20,,1,OBSERVED_SYMBOL_HISTORY_NOT_STITCHED,False,exact_observed_symbol_no_fuzzy_merge
ECOSMOBLTY,2024-09-04,2026-09-11,437,,1,OBSERVED_SYMBOL_HISTORY_NOT_STITCHED,False,exact_observed_symbol_no_fuzzy_merge
EDELWEISS,2020-01-01,2026-09-11,1650,,1,OBSERVED_SYMBOL_HISTORY_NOT_STITCHED,False,exact_observed_symbol_no_fuzzy_merge
EFCIL,2025-08-20,2026-09-11,263,,1,OBSERVED_SYMBOL_HISTORY_NOT_STITCHED,False,exact_observed_symbol_no_fuzzy_merge
EGOLD,2023-11-10,2026-09-11,701,,1,OBSERVED_SYMBOL_HISTORY_NOT_STITCHED,False,exact_observed_symbol_no_fuzzy_merge
EICHERMOT,2020-01-01,2026-09-11,1660,,1,OBSERVED_SYMBOL_HISTORY_NOT_STITCHED,False,exact_observed_symbol_no_fuzzy_merge
EIDPARRY,2020-01-01,2026-09-11,1660,,1,OBSERVED_SYMBOL_HISTORY_NOT_STITCHED,False,exact_observed_symbol_no_fuzzy_merge
EIEL,2024-11-29,2026-09-11,442,,1,OBSERVED_SYMBOL_HISTORY_NOT_STITCHED,False,exact_observed_symbol_no_fuzzy_merge
EIFFL,2021-10-12,2026-06-22,1033,,1,OBSERVED_SYMBOL_HISTORY_NOT_STITCHED,False,exact_observed_symbol_no_fuzzy_merge
EIHAHOTELS,2020-01-01,2026-09-11,1660,,1,OBSERVED_SYMBOL_HISTORY_NOT_STITCHED,False,exact_observed_symbol_no_fuzzy_merge
EIHOTEL,2020-01-01,2026-09-11,1660,,1,OBSERVED_SYMBOL_HISTORY_NOT_STITCHED,False,exact_observed_symbol_no_fuzzy_merge
EIMCOELECO,2020-01-01,2026-09-11,1421,,1,OBSERVED_SYMBOL_HISTORY_NOT_STITCHED,False,exact_observed_symbol_no_fuzzy_merge
EKC,2020-01-01,2026-09-11,1543,,1,OBSERVED_SYMBOL_HISTORY_NOT_STITCHED,False,exact_observed_symbol_no_fuzzy_merge
EKI,2026-08-17,2026-09-11,20,,1,OBSERVED_SYMBOL_HISTORY_NOT_STITCHED,False,exact_observed_symbol_no_fuzzy_merge
ELANTAS,2026-04-20,2026-09-11,102,,1,OBSERVED_SYMBOL_HISTORY_NOT_STITCHED,False,exact_observed_symbol_no_fuzzy_merge
ELCIDIN,2026-04-20,2026-09-11,102,,1,OBSERVED_SYMBOL_HISTORY_NOT_STITCHED,False,exact_observed_symbol_no_fuzzy_merge
ELDEHSG,2022-04-12,2026-09-11,1093,,1,OBSERVED_SYMBOL_HISTORY_NOT_STITCHED,False,exact_observed_symbol_no_fuzzy_merge
ELECON,2020-01-01,2026-09-11,1660,,2,MULTIPLE_ISIN_OBSERVED_NO_IDENTITY_INFERENCE,True,exact_observed_symbol_no_fuzzy_merge
ELECTCAST,2020-01-01,2026-09-11,1660,,1,OBSERVED_SYMBOL_HISTORY_NOT_STITCHED,False,exact_observed_symbol_no_fuzzy_merge
ELECTHERM,2020-01-01,2026-09-11,1169,,1,OBSERVED_SYMBOL_HISTORY_NOT_STITCHED,False,exact_observed_symbol_no_fuzzy_merge
ELGIEQUIP,2020-01-01,2026-09-11,1660,,1,OBSERVED_SYMBOL_HISTORY_NOT_STITCHED,False,exact_observed_symbol_no_fuzzy_merge
ELGIRUBCO,2020-01-01,2026-09-11,1129,,1,OBSERVED_SYMBOL_HISTORY_NOT_STITCHED,False,exact_observed_symbol_no_fuzzy_merge
ELIN,2022-12-30,2026-09-11,850,,1,OBSERVED_SYMBOL_HISTORY_NOT_STITCHED,False,exact_observed_symbol_no_fuzzy_merge
ELIQUID,2025-10-10,2026-09-11,212,,1,OBSERVED_SYMBOL_HISTORY_NOT_STITCHED,False,exact_observed_symbol_no_fuzzy_merge
ELITECON,2026-04-20,2026-09-11,102,,1,OBSERVED_SYMBOL_HISTORY_NOT_STITCHED,False,exact_observed_symbol_no_fuzzy_merge
ELLEN,2025-07-01,2026-09-11,298,,1,OBSERVED_SYMBOL_HISTORY_NOT_STITCHED,False,exact_observed_symbol_no_fuzzy_merge
ELM250,2025-09-09,2026-09-11,250,,1,OBSERVED_SYMBOL_HISTORY_NOT_STITCHED,False,exact_observed_symbol_no_fuzzy_merge
ELMDIV,2026-08-05,2026-09-11,28,,1,OBSERVED_SYMBOL_HISTORY_NOT_STITCHED,False,exact_observed_symbol_no_fuzzy_merge
ELPROINTL,2026-04-20,2026-09-11,102,,1,OBSERVED_SYMBOL_HISTORY_NOT_STITCHED,False,exact_observed_symbol_no_fuzzy_merge
EMAMILTD,2020-01-01,2026-09-11,1660,,1,OBSERVED_SYMBOL_HISTORY_NOT_STITCHED,False,exact_observed_symbol_no_fuzzy_merge
EMAMIPAP,2020-01-01,2026-07-24,1625,,1,OBSERVED_SYMBOL_HISTORY_NOT_STITCHED,False,exact_observed_symbol_no_fuzzy_merge
EMAMIREAL,2020-01-01,2026-09-11,1237,,1,OBSERVED_SYMBOL_HISTORY_NOT_STITCHED,False,exact_observed_symbol_no_fuzzy_merge
EMBDL,2024-07-08,2026-09-11,449,,1,OBSERVED_SYMBOL_HISTORY_NOT_STITCHED,False,exact_observed_symbol_no_fuzzy_merge
EMCURE,2024-07-10,2026-09-11,539,,1,OBSERVED_SYMBOL_HISTORY_NOT_STITCHED,False,exact_observed_symbol_no_fuzzy_merge
EMETAL,2026-07-28,2026-09-11,34,,1,OBSERVED_SYMBOL_HISTORY_NOT_STITCHED,False,exact_observed_symbol_no_fuzzy_merge
EMIL,2022-10-17,2026-09-11,945,,1,OBSERVED_SYMBOL_HISTORY_NOT_STITCHED,False,exact_observed_symbol_no_fuzzy_merge
EMKAY,2020-01-01,2026-09-11,1267,,1,OBSERVED_SYMBOL_HISTORY_NOT_STITCHED,False,exact_observed_symbol_no_fuzzy_merge
EMMBI,2020-01-01,2026-07-02,1609,,1,OBSERVED_SYMBOL_HISTORY_NOT_STITCHED,False,exact_observed_symbol_no_fuzzy_merge
EMMVEE,2025-11-18,2026-09-11,203,,1,OBSERVED_SYMBOL_HISTORY_NOT_STITCHED,False,exact_observed_symbol_no_fuzzy_merge
EMPIND,2026-08-17,2026-09-11,20,,1,OBSERVED_SYMBOL_HISTORY_NOT_STITCHED,False,exact_observed_symbol_no_fuzzy_merge
EMPOWER,2026-04-20,2026-09-11,28,,1,OBSERVED_SYMBOL_HISTORY_NOT_STITCHED,False,exact_observed_symbol_no_fuzzy_merge
EMSLIMITED,2023-09-21,2026-09-11,735,,1,OBSERVED_SYMBOL_HISTORY_NOT_STITCHED,False,exact_observed_symbol_no_fuzzy_merge
EMUDHRA,2022-06-01,2026-09-11,1060,,1,OBSERVED_SYMBOL_HISTORY_NOT_STITCHED,False,exact_observed_symbol_no_fuzzy_merge
EMULTIMQ,2024-11-07,2026-09-11,456,,1,OBSERVED_SYMBOL_HISTORY_NOT_STITCHED,False,exact_observed_symbol_no_fuzzy_merge
ENDURANCE,2020-01-01,2026-09-11,1660,,1,OBSERVED_SYMBOL_HISTORY_NOT_STITCHED,False,exact_observed_symbol_no_fuzzy_merge
ENERGY,2025-11-13,2026-09-11,206,,1,OBSERVED_SYMBOL_HISTORY_NOT_STITCHED,False,exact_observed_symbol_no_fuzzy_merge
ENERGYAXIS,2026-09-02,2026-09-11,8,,1,OBSERVED_SYMBOL_HISTORY_NOT_STITCHED,False,exact_observed_symbol_no_fuzzy_merge
ENERGYDEV,2020-01-01,2026-09-11,1220,,1,OBSERVED_SYMBOL_HISTORY_NOT_STITCHED,False,exact_observed_symbol_no_fuzzy_merge
ENEXT50,2026-05-25,2026-09-11,78,,1,OBSERVED_SYMBOL_HISTORY_NOT_STITCHED,False,exact_observed_symbol_no_fuzzy_merge
ENGINERSIN,2020-01-01,2026-09-11,1660,,1,OBSERVED_SYMBOL_HISTORY_NOT_STITCHED,False,exact_observed_symbol_no_fuzzy_merge
ENIFTY,2025-11-27,2026-09-11,196,,1,OBSERVED_SYMBOL_HISTORY_NOT_STITCHED,False,exact_observed_symbol_no_fuzzy_merge
ENIL,2020-01-01,2026-09-11,1660,,1,OBSERVED_SYMBOL_HISTORY_NOT_STITCHED,False,exact_observed_symbol_no_fuzzy_merge
ENKEIWHEL,2026-08-17,2026-09-11,20,,1,OBSERVED_SYMBOL_HISTORY_NOT_STITCHED,False,exact_observed_symbol_no_fuzzy_merge
ENRIN,2025-07-03,2026-09-11,296,,1,OBSERVED_SYMBOL_HISTORY_NOT_STITCHED,False,exact_observed_symbol_no_fuzzy_merge
ENTERO,2024-02-16,2026-09-11,635,,1,OBSERVED_SYMBOL_HISTORY_NOT_STITCHED,False,exact_observed_symbol_no_fuzzy_merge
EON,2020-01-01,2020-02-26,40,,0,OBSERVED_SYMBOL_HISTORY_NOT_STITCHED,False,exact_observed_symbol_no_fuzzy_merge
EPACK,2024-01-30,2026-09-11,591,,1,OBSERVED_SYMBOL_HISTORY_NOT_STITCHED,False,exact_observed_symbol_no_fuzzy_merge
EPACKPEB,2025-10-01,2026-09-11,234,,1,OBSERVED_SYMBOL_HISTORY_NOT_STITCHED,False,exact_observed_symbol_no_fuzzy_merge
EPIGRAL,2023-09-11,2026-09-11,742,,1,OBSERVED_SYMBOL_HISTORY_NOT_STITCHED,False,exact_observed_symbol_no_fuzzy_merge
EPL,2020-10-19,2026-09-11,1461,,1,OBSERVED_SYMBOL_HISTORY_NOT_STITCHED,False,exact_observed_symbol_no_fuzzy_merge
EQ30,2020-01-01,2021-09-30,383,,0,OBSERVED_SYMBOL_HISTORY_NOT_STITCHED,False,exact_observed_symbol_no_fuzzy_merge
EQUAL200,2025-03-17,2026-09-11,369,,1,OBSERVED_SYMBOL_HISTORY_NOT_STITCHED,False,exact_observed_symbol_no_fuzzy_merge
EQUAL50,2025-05-15,2026-09-11,328,,1,OBSERVED_SYMBOL_HISTORY_NOT_STITCHED,False,exact_observed_symbol_no_fuzzy_merge
EQUAL50ADD,2024-02-15,2026-09-11,636,,1,OBSERVED_SYMBOL_HISTORY_NOT_STITCHED,False,exact_observed_symbol_no_fuzzy_merge
EQUIPPP,2021-11-30,2022-05-24,120,,0,OBSERVED_SYMBOL_HISTORY_NOT_STITCHED,False,exact_observed_symbol_no_fuzzy_merge
EQUITAS,2020-01-01,2023-02-02,770,,0,OBSERVED_SYMBOL_HISTORY_NOT_STITCHED,False,exact_observed_symbol_no_fuzzy_merge
EQUITASBNK,2020-11-02,2026-09-11,1451,,1,OBSERVED_SYMBOL_HISTORY_NOT_STITCHED,False,exact_observed_symbol_no_fuzzy_merge
ERIS,2020-01-01,2026-09-11,1660,,1,OBSERVED_SYMBOL_HISTORY_NOT_STITCHED,False,exact_observed_symbol_no_fuzzy_merge
EROSMEDIA,2020-01-01,2024-10-24,1074,,1,OBSERVED_SYMBOL_HISTORY_NOT_STITCHED,False,exact_observed_symbol_no_fuzzy_merge
ESABINDIA,2020-01-01,2026-09-11,1660,,1,OBSERVED_SYMBOL_HISTORY_NOT_STITCHED,False,exact_observed_symbol_no_fuzzy_merge
ESAFSFB,2023-11-10,2026-08-10,677,,1,OBSERVED_SYMBOL_HISTORY_NOT_STITCHED,False,exact_observed_symbol_no_fuzzy_merge
ESCORTS,2020-01-01,2026-09-11,1660,,1,OBSERVED_SYMBOL_HISTORY_NOT_STITCHED,False,exact_observed_symbol_no_fuzzy_merge
ESDS,2026-09-04,2026-09-11,6,,1,OBSERVED_SYMBOL_HISTORY_NOT_STITCHED,False,exact_observed_symbol_no_fuzzy_merge
ESENSEX,2025-11-27,2026-09-11,195,,1,OBSERVED_SYMBOL_HISTORY_NOT_STITCHED,False,exact_observed_symbol_no_fuzzy_merge
ESG,2023-09-01,2026-09-11,748,,1,OBSERVED_SYMBOL_HISTORY_NOT_STITCHED,False,exact_observed_symbol_no_fuzzy_merge
ESILVER,2023-11-24,2026-09-11,692,,1,OBSERVED_SYMBOL_HISTORY_NOT_STITCHED,False,exact_observed_symbol_no_fuzzy_merge
ESSARSHPNG,2020-01-01,2026-09-11,1097,,1,OBSERVED_SYMBOL_HISTORY_NOT_STITCHED,False,exact_observed_symbol_no_fuzzy_merge
ESSELPACK,2020-01-01,2020-10-16,199,,0,OBSERVED_SYMBOL_HISTORY_NOT_STITCHED,False,exact_observed_symbol_no_fuzzy_merge
ESSENTIA,2022-06-21,2026-09-11,560,,1,OBSERVED_SYMBOL_HISTORY_NOT_STITCHED,False,exact_observed_symbol_no_fuzzy_merge
ESTER,2020-01-01,2026-09-11,1660,,1,OBSERVED_SYMBOL_HISTORY_NOT_STITCHED,False,exact_observed_symbol_no_fuzzy_merge
ETERNAL,2025-04-09,2026-09-11,353,ZOMATO,1,OBJECTIVE_SAME_ISIN_ALIAS_OBSERVED_NO_STITCH,True,exact_observed_symbol_no_fuzzy_merge
ETHOSLTD,2022-05-30,2026-09-11,1062,,1,OBSERVED_SYMBOL_HISTORY_NOT_STITCHED,False,exact_observed_symbol_no_fuzzy_merge
EUREKAFORB,2024-09-11,2026-09-11,496,,1,OBSERVED_SYMBOL_HISTORY_NOT_STITCHED,False,exact_observed_symbol_no_fuzzy_merge
EUROBOND,2025-08-01,2026-09-11,275,,1,OBSERVED_SYMBOL_HISTORY_NOT_STITCHED,False,exact_observed_symbol_no_fuzzy_merge
EUROMULTI,2020-03-04,2020-12-24,74,,0,OBSERVED_SYMBOL_HISTORY_NOT_STITCHED,False,exact_observed_symbol_no_fuzzy_merge
EUROPRATIK,2025-09-23,2026-09-11,240,,1,OBSERVED_SYMBOL_HISTORY_NOT_STITCHED,False,exact_observed_symbol_no_fuzzy_merge
EUROTEXIND,2020-01-03,2026-06-12,581,,1,OBSERVED_SYMBOL_HISTORY_NOT_STITCHED,False,exact_observed_symbol_no_fuzzy_merge
EVEREADY,2020-01-01,2026-09-11,1607,,1,OBSERVED_SYMBOL_HISTORY_NOT_STITCHED,False,exact_observed_symbol_no_fuzzy_merge
EVERESTIND,2020-01-01,2026-07-01,1477,,1,OBSERVED_SYMBOL_HISTORY_NOT_STITCHED,False,exact_observed_symbol_no_fuzzy_merge
EVIETF,2025-04-15,2026-09-11,351,,1,OBSERVED_SYMBOL_HISTORY_NOT_STITCHED,False,exact_observed_symbol_no_fuzzy_merge
EVINDIA,2024-07-16,2026-09-11,535,,1,OBSERVED_SYMBOL_HISTORY_NOT_STITCHED,False,exact_observed_symbol_no_fuzzy_merge
EXCEL,2020-01-01,2026-04-01,607,LANDSMILL,1,OBJECTIVE_SAME_ISIN_ALIAS_OBSERVED_NO_STITCH,True,exact_observed_symbol_no_fuzzy_merge
EXCELINDUS,2020-01-01,2026-09-11,1660,,1,OBSERVED_SYMBOL_HISTORY_NOT_STITCHED,False,exact_observed_symbol_no_fuzzy_merge
EXCELSOFT,2025-11-26,2026-09-11,197,,1,OBSERVED_SYMBOL_HISTORY_NOT_STITCHED,False,exact_observed_symbol_no_fuzzy_merge
EXICOM,2024-03-05,2026-09-11,566,,1,OBSERVED_SYMBOL_HISTORY_NOT_STITCHED,False,exact_observed_symbol_no_fuzzy_merge
EXIDEIND,2020-01-01,2026-09-11,1660,,1,OBSERVED_SYMBOL_HISTORY_NOT_STITCHED,False,exact_observed_symbol_no_fuzzy_merge
EXPLEOSOL,2020-01-01,2026-09-11,1594,,1,OBSERVED_SYMBOL_HISTORY_NOT_STITCHED,False,exact_observed_symbol_no_fuzzy_merge
EXXARO,2021-08-31,2026-09-11,1113,,2,MULTIPLE_ISIN_OBSERVED_NO_IDENTITY_INFERENCE,True,exact_observed_symbol_no_fuzzy_merge
FABTECH,2025-10-23,2026-09-11,220,,1,OBSERVED_SYMBOL_HISTORY_NOT_STITCHED,False,exact_observed_symbol_no_fuzzy_merge
FACT,2020-01-01,2026-09-11,1660,,1,OBSERVED_SYMBOL_HISTORY_NOT_STITCHED,False,exact_observed_symbol_no_fuzzy_merge
FAIRCHEM,2020-01-01,2020-10-13,186,,0,OBSERVED_SYMBOL_HISTORY_NOT_STITCHED,False,exact_observed_symbol_no_fuzzy_merge
FAIRCHEMOR,2021-01-08,2026-07-03,1354,,1,OBSERVED_SYMBOL_HISTORY_NOT_STITCHED,False,exact_observed_symbol_no_fuzzy_merge
FAZE3Q,2022-11-18,2026-09-11,890,,1,OBSERVED_SYMBOL_HISTORY_NOT_STITCHED,False,exact_observed_symbol_no_fuzzy_merge
FCL,2020-01-01,2026-09-11,1660,,2,MULTIPLE_ISIN_OBSERVED_NO_IDENTITY_INFERENCE,True,exact_observed_symbol_no_fuzzy_merge
FCONSUMER,2020-01-01,2024-05-15,785,,0,OBSERVED_SYMBOL_HISTORY_NOT_STITCHED,False,exact_observed_symbol_no_fuzzy_merge
FCSSOFT,2020-01-01,2026-09-11,1274,,1,OBSERVED_SYMBOL_HISTORY_NOT_STITCHED,False,exact_observed_symbol_no_fuzzy_merge
FDC,2020-01-01,2026-09-11,1660,,1,OBSERVED_SYMBOL_HISTORY_NOT_STITCHED,False,exact_observed_symbol_no_fuzzy_merge
FEDDERSHOL,2026-04-20,2026-09-11,102,,1,OBSERVED_SYMBOL_HISTORY_NOT_STITCHED,False,exact_observed_symbol_no_fuzzy_merge
FEDERALBNK,2020-01-01,2026-09-11,1660,,1,OBSERVED_SYMBOL_HISTORY_NOT_STITCHED,False,exact_observed_symbol_no_fuzzy_merge
FEDFINA,2023-11-30,2026-09-11,689,,1,OBSERVED_SYMBOL_HISTORY_NOT_STITCHED,False,exact_observed_symbol_no_fuzzy_merge
FEL,2020-01-01,2023-01-20,701,,0,OBSERVED_SYMBOL_HISTORY_NOT_STITCHED,False,exact_observed_symbol_no_fuzzy_merge
FELDVR,2020-01-01,2023-02-21,653,,0,OBSERVED_SYMBOL_HISTORY_NOT_STITCHED,False,exact_observed_symbol_no_fuzzy_merge
FERMENTA,2026-04-20,2026-09-11,102,,1,OBSERVED_SYMBOL_HISTORY_NOT_STITCHED,False,exact_observed_symbol_no_fuzzy_merge
FIBERWEB,2022-02-16,2026-09-11,1014,,1,OBSERVED_SYMBOL_HISTORY_NOT_STITCHED,False,exact_observed_symbol_no_fuzzy_merge
FIEMIND,2020-01-01,2026-09-11,1660,,1,OBSERVED_SYMBOL_HISTORY_NOT_STITCHED,False,exact_observed_symbol_no_fuzzy_merge
FILATEX,2020-01-01,2026-09-11,1660,,1,OBSERVED_SYMBOL_HISTORY_NOT_STITCHED,False,exact_observed_symbol_no_fuzzy_merge
FILATFASH,2024-05-06,2026-09-11,301,,2,MULTIPLE_ISIN_OBSERVED_NO_IDENTITY_INFERENCE,True,exact_observed_symbol_no_fuzzy_merge
FINCABLES,2020-01-01,2026-09-11,1660,,1,OBSERVED_SYMBOL_HISTORY_NOT_STITCHED,False,exact_observed_symbol_no_fuzzy_merge
FINEORG,2020-01-01,2026-09-11,1660,,1,OBSERVED_SYMBOL_HISTORY_NOT_STITCHED,False,exact_observed_symbol_no_fuzzy_merge
FINIETF,2023-12-20,2026-09-11,675,,1,OBSERVED_SYMBOL_HISTORY_NOT_STITCHED,False,exact_observed_symbol_no_fuzzy_merge
FINKURVE,2025-10-01,2026-09-11,234,,1,OBSERVED_SYMBOL_HISTORY_NOT_STITCHED,False,exact_observed_symbol_no_fuzzy_merge
FINOPB,2021-11-12,2026-09-11,1196,,1,OBSERVED_SYMBOL_HISTORY_NOT_STITCHED,False,exact_observed_symbol_no_fuzzy_merge
FINPIPE,2020-01-01,2026-09-11,1660,,1,OBSERVED_SYMBOL_HISTORY_NOT_STITCHED,False,exact_observed_symbol_no_fuzzy_merge
FIRSTCRY,2024-08-13,2026-09-11,516,,1,OBSERVED_SYMBOL_HISTORY_NOT_STITCHED,False,exact_observed_symbol_no_fuzzy_merge
FISCHER,2025-07-10,2026-09-11,291,,2,MULTIPLE_ISIN_OBSERVED_NO_IDENTITY_INFERENCE,True,exact_observed_symbol_no_fuzzy_merge
FIVESTAR,2022-11-21,2026-09-11,943,,1,OBSERVED_SYMBOL_HISTORY_NOT_STITCHED,False,exact_observed_symbol_no_fuzzy_merge
FLAIR,2023-12-01,2026-09-11,688,,1,OBSERVED_SYMBOL_HISTORY_NOT_STITCHED,False,exact_observed_symbol_no_fuzzy_merge
FLEXIADD,2025-10-16,2026-09-11,224,,1,OBSERVED_SYMBOL_HISTORY_NOT_STITCHED,False,exact_observed_symbol_no_fuzzy_merge
FLEXITUFF,2020-03-04,2026-06-16,776,,1,OBSERVED_SYMBOL_HISTORY_NOT_STITCHED,False,exact_observed_symbol_no_fuzzy_merge
FLFL,2020-01-01,2023-03-31,663,,0,OBSERVED_SYMBOL_HISTORY_NOT_STITCHED,False,exact_observed_symbol_no_fuzzy_merge
FLUOROCHEM,2020-01-01,2026-09-11,1598,,1,OBSERVED_SYMBOL_HISTORY_NOT_STITCHED,False,exact_observed_symbol_no_fuzzy_merge
FMCGADD,2026-05-22,2026-09-11,79,,1,OBSERVED_SYMBOL_HISTORY_NOT_STITCHED,False,exact_observed_symbol_no_fuzzy_merge
FMCGIETF,2023-12-20,2026-09-11,675,,1,OBSERVED_SYMBOL_HISTORY_NOT_STITCHED,False,exact_observed_symbol_no_fuzzy_merge
FMGOETZE,2020-01-01,2026-09-11,1660,,1,OBSERVED_SYMBOL_HISTORY_NOT_STITCHED,False,exact_observed_symbol_no_fuzzy_merge
FMNL,2020-01-01,2026-09-11,1180,,1,OBSERVED_SYMBOL_HISTORY_NOT_STITCHED,False,exact_observed_symbol_no_fuzzy_merge
FOCUS,2021-11-24,2026-07-01,903,,1,OBSERVED_SYMBOL_HISTORY_NOT_STITCHED,False,exact_observed_symbol_no_fuzzy_merge
FOODSIN,2021-11-16,2026-09-11,1072,,1,OBSERVED_SYMBOL_HISTORY_NOT_STITCHED,False,exact_observed_symbol_no_fuzzy_merge
FORCEMOT,2020-01-01,2026-09-11,1585,,1,OBSERVED_SYMBOL_HISTORY_NOT_STITCHED,False,exact_observed_symbol_no_fuzzy_merge
FORTIS,2020-01-01,2026-09-11,1660,,1,OBSERVED_SYMBOL_HISTORY_NOT_STITCHED,False,exact_observed_symbol_no_fuzzy_merge
FOSECOIND,2020-01-01,2026-09-11,1660,,1,OBSERVED_SYMBOL_HISTORY_NOT_STITCHED,False,exact_observed_symbol_no_fuzzy_merge
FRACTAL,2026-02-16,2026-09-11,142,,1,OBSERVED_SYMBOL_HISTORY_NOT_STITCHED,False,exact_observed_symbol_no_fuzzy_merge
FREDUN,2026-08-17,2026-09-11,20,,1,OBSERVED_SYMBOL_HISTORY_NOT_STITCHED,False,exact_observed_symbol_no_fuzzy_merge
FRETAIL,2020-01-01,2022-07-22,638,,0,OBSERVED_SYMBOL_HISTORY_NOT_STITCHED,False,exact_observed_symbol_no_fuzzy_merge
FRONTSP,2026-04-20,2026-09-11,102,,1,OBSERVED_SYMBOL_HISTORY_NOT_STITCHED,False,exact_observed_symbol_no_fuzzy_merge
FSC,2020-01-01,2022-11-21,638,,0,OBSERVED_SYMBOL_HISTORY_NOT_STITCHED,False,exact_observed_symbol_no_fuzzy_merge
FSL,2020-01-01,2026-09-11,1660,,1,OBSERVED_SYMBOL_HISTORY_NOT_STITCHED,False,exact_observed_symbol_no_fuzzy_merge
FUSION,2022-11-15,2026-09-11,947,,1,OBSERVED_SYMBOL_HISTORY_NOT_STITCHED,False,exact_observed_symbol_no_fuzzy_merge
G5,2020-12-16,2021-06-15,122,,0,OBSERVED_SYMBOL_HISTORY_NOT_STITCHED,False,exact_observed_symbol_no_fuzzy_merge
GABRIEL,2020-01-01,2026-09-11,1660,,1,OBSERVED_SYMBOL_HISTORY_NOT_STITCHED,False,exact_observed_symbol_no_fuzzy_merge
GAEL,2020-01-01,2026-09-11,1660,,1,OBSERVED_SYMBOL_HISTORY_NOT_STITCHED,False,exact_observed_symbol_no_fuzzy_merge
GAIL,2020-01-01,2026-09-11,1660,,1,OBSERVED_SYMBOL_HISTORY_NOT_STITCHED,False,exact_observed_symbol_no_fuzzy_merge
GAJA,2026-08-26,2026-09-11,13,,1,OBSERVED_SYMBOL_HISTORY_NOT_STITCHED,False,exact_observed_symbol_no_fuzzy_merge
GAL,2020-01-01,2023-06-30,652,,0,OBSERVED_SYMBOL_HISTORY_NOT_STITCHED,False,exact_observed_symbol_no_fuzzy_merge
GALAPREC,2024-09-23,2026-09-11,488,,1,OBSERVED_SYMBOL_HISTORY_NOT_STITCHED,False,exact_observed_symbol_no_fuzzy_merge
GALAXYSURF,2020-01-01,2026-09-11,1660,,1,OBSERVED_SYMBOL_HISTORY_NOT_STITCHED,False,exact_observed_symbol_no_fuzzy_merge
GALLANTT,2020-01-01,2026-09-11,1456,,1,OBSERVED_SYMBOL_HISTORY_NOT_STITCHED,False,exact_observed_symbol_no_fuzzy_merge
GALLISPAT,2020-01-01,2022-06-03,603,,0,OBSERVED_SYMBOL_HISTORY_NOT_STITCHED,False,exact_observed_symbol_no_fuzzy_merge
GAMMNINFRA,2020-03-04,2021-07-19,309,,0,OBSERVED_SYMBOL_HISTORY_NOT_STITCHED,False,exact_observed_symbol_no_fuzzy_merge
GANDHAR,2023-11-30,2026-09-11,689,,1,OBSERVED_SYMBOL_HISTORY_NOT_STITCHED,False,exact_observed_symbol_no_fuzzy_merge
GANDHITUBE,2020-01-01,2026-09-11,1660,,1,OBSERVED_SYMBOL_HISTORY_NOT_STITCHED,False,exact_observed_symbol_no_fuzzy_merge
GANECOS,2020-01-01,2026-09-11,1660,,1,OBSERVED_SYMBOL_HISTORY_NOT_STITCHED,False,exact_observed_symbol_no_fuzzy_merge
GANESHBE,2021-09-16,2026-07-30,1204,,1,OBSERVED_SYMBOL_HISTORY_NOT_STITCHED,False,exact_observed_symbol_no_fuzzy_merge
GANESHCP,2025-09-29,2026-09-11,236,,1,OBSERVED_SYMBOL_HISTORY_NOT_STITCHED,False,exact_observed_symbol_no_fuzzy_merge
GANESHHOU,2025-09-15,2026-09-11,246,GANESHHOUC,1,OBJECTIVE_SAME_ISIN_ALIAS_OBSERVED_NO_STITCH,True,exact_observed_symbol_no_fuzzy_merge
GANESHHOUC,2020-01-01,2025-09-12,1325,GANESHHOU,1,OBJECTIVE_SAME_ISIN_ALIAS_OBSERVED_NO_STITCH,True,exact_observed_symbol_no_fuzzy_merge
GANGAFORGE,2021-07-06,2026-09-11,938,,1,OBSERVED_SYMBOL_HISTORY_NOT_STITCHED,False,exact_observed_symbol_no_fuzzy_merge
GANGESSECU,2020-01-01,2026-09-11,1658,,1,OBSERVED_SYMBOL_HISTORY_NOT_STITCHED,False,exact_observed_symbol_no_fuzzy_merge
GARDENSILK,2020-01-01,2021-01-25,94,,0,OBSERVED_SYMBOL_HISTORY_NOT_STITCHED,False,exact_observed_symbol_no_fuzzy_merge
GARFIBRES,2020-01-01,2026-09-11,1660,,1,OBSERVED_SYMBOL_HISTORY_NOT_STITCHED,False,exact_observed_symbol_no_fuzzy_merge
GARUDA,2024-10-15,2026-09-11,473,,1,OBSERVED_SYMBOL_HISTORY_NOT_STITCHED,False,exact_observed_symbol_no_fuzzy_merge
GATECH,2023-12-12,2026-08-05,347,,1,OBSERVED_SYMBOL_HISTORY_NOT_STITCHED,False,exact_observed_symbol_no_fuzzy_merge
GATECHDVR,2023-12-11,2026-08-03,313,,1,OBSERVED_SYMBOL_HISTORY_NOT_STITCHED,False,exact_observed_symbol_no_fuzzy_merge
GATEWAY,2022-04-05,2026-09-11,1098,,1,OBSERVED_SYMBOL_HISTORY_NOT_STITCHED,False,exact_observed_symbol_no_fuzzy_merge
GATI,2020-01-01,2023-11-29,971,,0,OBSERVED_SYMBOL_HISTORY_NOT_STITCHED,False,exact_observed_symbol_no_fuzzy_merge
GAUDIUMIVF,2026-03-16,2026-04-27,27,,1,OBSERVED_SYMBOL_HISTORY_NOT_STITCHED,False,exact_observed_symbol_no_fuzzy_merge
GAYAHWS,2020-01-01,2026-09-11,364,,1,OBSERVED_SYMBOL_HISTORY_NOT_STITCHED,False,exact_observed_symbol_no_fuzzy_merge
GAYAPROJ,2020-01-01,2026-09-11,635,,1,OBSERVED_SYMBOL_HISTORY_NOT_STITCHED,False,exact_observed_symbol_no_fuzzy_merge
GBGLOBAL,2020-03-11,2021-05-19,138,,0,OBSERVED_SYMBOL_HISTORY_NOT_STITCHED,False,exact_observed_symbol_no_fuzzy_merge
GCSL,2025-09-04,2026-09-11,164,,1,OBSERVED_SYMBOL_HISTORY_NOT_STITCHED,False,exact_observed_symbol_no_fuzzy_merge
GDL,2020-01-01,2022-01-04,437,,0,OBSERVED_SYMBOL_HISTORY_NOT_STITCHED,False,exact_observed_symbol_no_fuzzy_merge
GEECEE,2020-01-01,2026-07-02,1609,,1,OBSERVED_SYMBOL_HISTORY_NOT_STITCHED,False,exact_observed_symbol_no_fuzzy_merge
GEEKAYWIRE,2020-03-06,2026-09-11,1265,,2,MULTIPLE_ISIN_OBSERVED_NO_IDENTITY_INFERENCE,True,exact_observed_symbol_no_fuzzy_merge
GEMAROMA,2025-08-26,2026-09-11,198,,1,OBSERVED_SYMBOL_HISTORY_NOT_STITCHED,False,exact_observed_symbol_no_fuzzy_merge
GENCON,2021-02-16,2026-09-11,1119,,1,OBSERVED_SYMBOL_HISTORY_NOT_STITCHED,False,exact_observed_symbol_no_fuzzy_merge
GENESYS,2020-01-01,2026-09-11,1401,,1,OBSERVED_SYMBOL_HISTORY_NOT_STITCHED,False,exact_observed_symbol_no_fuzzy_merge
GENSOL,2023-07-03,2025-03-18,367,,1,OBSERVED_SYMBOL_HISTORY_NOT_STITCHED,False,exact_observed_symbol_no_fuzzy_merge
GENUSPAPER,2020-01-01,2026-09-11,1581,,1,OBSERVED_SYMBOL_HISTORY_NOT_STITCHED,False,exact_observed_symbol_no_fuzzy_merge
GENUSPOWER,2020-01-01,2026-09-11,1650,,1,OBSERVED_SYMBOL_HISTORY_NOT_STITCHED,False,exact_observed_symbol_no_fuzzy_merge
GEOJITFSL,2020-01-01,2026-09-11,1660,,1,OBSERVED_SYMBOL_HISTORY_NOT_STITCHED,False,exact_observed_symbol_no_fuzzy_merge
GEPIL,2020-01-01,2025-08-26,1345,GVPIL,1,OBJECTIVE_SAME_ISIN_ALIAS_OBSERVED_NO_STITCH,True,exact_observed_symbol_no_fuzzy_merge
GESHIP,2020-01-01,2026-09-11,1660,,1,OBSERVED_SYMBOL_HISTORY_NOT_STITCHED,False,exact_observed_symbol_no_fuzzy_merge
GET&D,2020-01-01,2023-09-29,873,,0,OBSERVED_SYMBOL_HISTORY_NOT_STITCHED,False,exact_observed_symbol_no_fuzzy_merge
GFLLIMITED,2020-01-01,2026-09-11,1629,,1,OBSERVED_SYMBOL_HISTORY_NOT_STITCHED,False,exact_observed_symbol_no_fuzzy_merge
GFSTEELS,2020-04-13,2026-09-11,100,,1,OBSERVED_SYMBOL_HISTORY_NOT_STITCHED,False,exact_observed_symbol_no_fuzzy_merge
GHCL,2020-01-01,2026-09-11,1650,,1,OBSERVED_SYMBOL_HISTORY_NOT_STITCHED,False,exact_observed_symbol_no_fuzzy_merge
GHCLTEXTIL,2023-06-26,2026-09-11,795,,1,OBSERVED_SYMBOL_HISTORY_NOT_STITCHED,False,exact_observed_symbol_no_fuzzy_merge
GICHSGFIN,2020-01-01,2026-09-11,1660,,1,OBSERVED_SYMBOL_HISTORY_NOT_STITCHED,False,exact_observed_symbol_no_fuzzy_merge
GICL,2026-03-23,2026-09-10,117,,1,OBSERVED_SYMBOL_HISTORY_NOT_STITCHED,False,exact_observed_symbol_no_fuzzy_merge
GICRE,2020-01-01,2026-09-11,1660,,1,OBSERVED_SYMBOL_HISTORY_NOT_STITCHED,False,exact_observed_symbol_no_fuzzy_merge
GILLANDERS,2020-01-01,2026-09-11,1375,,1,OBSERVED_SYMBOL_HISTORY_NOT_STITCHED,False,exact_observed_symbol_no_fuzzy_merge
GILLETTE,2020-01-01,2026-09-11,1660,,1,OBSERVED_SYMBOL_HISTORY_NOT_STITCHED,False,exact_observed_symbol_no_fuzzy_merge
GILT10BETA,2025-12-24,2026-09-11,177,NIF10GETF,1,OBJECTIVE_SAME_ISIN_ALIAS_OBSERVED_NO_STITCH,True,exact_observed_symbol_no_fuzzy_merge
GILT5BETA,2025-12-24,2026-09-11,167,NIF5GETF,1,OBJECTIVE_SAME_ISIN_ALIAS_OBSERVED_NO_STITCH,True,exact_observed_symbol_no_fuzzy_merge
GILT5YBEES,2022-05-10,2026-09-11,1076,,1,OBSERVED_SYMBOL_HISTORY_NOT_STITCHED,False,exact_observed_symbol_no_fuzzy_merge
GINNIFILA,2020-01-01,2026-07-08,1345,,1,OBSERVED_SYMBOL_HISTORY_NOT_STITCHED,False,exact_observed_symbol_no_fuzzy_merge
GIPCL,2020-01-01,2026-09-11,1660,,1,OBSERVED_SYMBOL_HISTORY_NOT_STITCHED,False,exact_observed_symbol_no_fuzzy_merge
GISOLUTION,2020-01-01,2023-04-06,121,,0,OBSERVED_SYMBOL_HISTORY_NOT_STITCHED,False,exact_observed_symbol_no_fuzzy_merge
GKB,2026-08-17,2026-09-11,18,,1,OBSERVED_SYMBOL_HISTORY_NOT_STITCHED,False,exact_observed_symbol_no_fuzzy_merge
GKENERGY,2025-09-26,2026-09-11,237,,1,OBSERVED_SYMBOL_HISTORY_NOT_STITCHED,False,exact_observed_symbol_no_fuzzy_merge
GKSL,2025-12-30,2026-09-11,174,,1,OBSERVED_SYMBOL_HISTORY_NOT_STITCHED,False,exact_observed_symbol_no_fuzzy_merge
GKWLIMITED,2020-01-01,2026-09-11,1364,,1,OBSERVED_SYMBOL_HISTORY_NOT_STITCHED,False,exact_observed_symbol_no_fuzzy_merge
GLAND,2020-11-20,2026-09-11,1437,,1,OBSERVED_SYMBOL_HISTORY_NOT_STITCHED,False,exact_observed_symbol_no_fuzzy_merge
GLAXO,2020-01-01,2026-09-11,1660,,1,OBSERVED_SYMBOL_HISTORY_NOT_STITCHED,False,exact_observed_symbol_no_fuzzy_merge
GLENMARK,2020-01-01,2026-09-11,1660,,1,OBSERVED_SYMBOL_HISTORY_NOT_STITCHED,False,exact_observed_symbol_no_fuzzy_merge
GLFL,2020-02-10,2026-09-11,469,,1,OBSERVED_SYMBOL_HISTORY_NOT_STITCHED,False,exact_observed_symbol_no_fuzzy_merge
GLOBAL,2020-12-07,2026-09-11,1104,,2,MULTIPLE_ISIN_OBSERVED_NO_IDENTITY_INFERENCE,True,exact_observed_symbol_no_fuzzy_merge
GLOBALE,2024-09-10,2026-09-11,206,,1,OBSERVED_SYMBOL_HISTORY_NOT_STITCHED,False,exact_observed_symbol_no_fuzzy_merge
GLOBALVECT,2020-01-01,2026-09-11,1153,,1,OBSERVED_SYMBOL_HISTORY_NOT_STITCHED,False,exact_observed_symbol_no_fuzzy_merge
GLOBE,2020-10-07,2026-09-11,971,,1,OBSERVED_SYMBOL_HISTORY_NOT_STITCHED,False,exact_observed_symbol_no_fuzzy_merge
GLOBECIVIL,2025-07-15,2026-09-11,225,,1,OBSERVED_SYMBOL_HISTORY_NOT_STITCHED,False,exact_observed_symbol_no_fuzzy_merge
GLOBOFFS,2020-01-01,2021-03-12,171,,0,OBSERVED_SYMBOL_HISTORY_NOT_STITCHED,False,exact_observed_symbol_no_fuzzy_merge
GLOBUSSPR,2020-01-01,2026-09-11,1584,,1,OBSERVED_SYMBOL_HISTORY_NOT_STITCHED,False,exact_observed_symbol_no_fuzzy_merge
GLOSTERLTD,2024-04-26,2026-09-11,590,,1,OBSERVED_SYMBOL_HISTORY_NOT_STITCHED,False,exact_observed_symbol_no_fuzzy_merge
GLOTTIS,2025-10-07,2026-09-11,168,,1,OBSERVED_SYMBOL_HISTORY_NOT_STITCHED,False,exact_observed_symbol_no_fuzzy_merge
GLS,2021-08-06,2025-01-17,855,ALIVUS,1,OBJECTIVE_SAME_ISIN_ALIAS_OBSERVED_NO_STITCH,True,exact_observed_symbol_no_fuzzy_merge
GMBREW,2020-01-01,2026-09-11,1639,,1,OBSERVED_SYMBOL_HISTORY_NOT_STITCHED,False,exact_observed_symbol_no_fuzzy_merge
GMDCLTD,2020-01-01,2026-09-11,1660,,1,OBSERVED_SYMBOL_HISTORY_NOT_STITCHED,False,exact_observed_symbol_no_fuzzy_merge
GMMPFAUDLR,2020-01-01,2026-09-11,1660,,1,OBSERVED_SYMBOL_HISTORY_NOT_STITCHED,False,exact_observed_symbol_no_fuzzy_merge
GMRAIRPORT,2024-12-11,2026-09-11,434,GMRINFRA,1,OBJECTIVE_SAME_ISIN_ALIAS_OBSERVED_NO_STITCH,True,exact_observed_symbol_no_fuzzy_merge
GMRINFRA,2020-01-01,2024-12-10,1226,GMRAIRPORT,1,OBJECTIVE_SAME_ISIN_ALIAS_OBSERVED_NO_STITCH,True,exact_observed_symbol_no_fuzzy_merge
GMRP&UI,2022-04-06,2026-09-11,1097,,1,OBSERVED_SYMBOL_HISTORY_NOT_STITCHED,False,exact_observed_symbol_no_fuzzy_merge
GNA,2020-01-01,2026-09-11,1660,,1,OBSERVED_SYMBOL_HISTORY_NOT_STITCHED,False,exact_observed_symbol_no_fuzzy_merge
GNFC,2020-01-01,2026-09-11,1660,,1,OBSERVED_SYMBOL_HISTORY_NOT_STITCHED,False,exact_observed_symbol_no_fuzzy_merge
GNRL,2026-04-20,2026-09-11,102,,1,OBSERVED_SYMBOL_HISTORY_NOT_STITCHED,False,exact_observed_symbol_no_fuzzy_merge
GOACARBON,2020-01-01,2026-09-11,1552,,1,OBSERVED_SYMBOL_HISTORY_NOT_STITCHED,False,exact_observed_symbol_no_fuzzy_merge
GOCLCORP,2020-01-01,2026-09-11,1660,,1,OBSERVED_SYMBOL_HISTORY_NOT_STITCHED,False,exact_observed_symbol_no_fuzzy_merge
GOCOLORS,2021-11-30,2026-09-11,1185,,1,OBSERVED_SYMBOL_HISTORY_NOT_STITCHED,False,exact_observed_symbol_no_fuzzy_merge
GODAVARIB,2024-10-30,2026-09-11,343,,1,OBSERVED_SYMBOL_HISTORY_NOT_STITCHED,False,exact_observed_symbol_no_fuzzy_merge
GODFRYPHLP,2020-01-01,2026-09-11,1660,,1,OBSERVED_SYMBOL_HISTORY_NOT_STITCHED,False,exact_observed_symbol_no_fuzzy_merge
GODHA,2020-12-24,2025-10-16,454,AURIGROW,1,OBJECTIVE_SAME_ISIN_ALIAS_OBSERVED_NO_STITCH,True,exact_observed_symbol_no_fuzzy_merge
GODIGIT,2024-05-23,2026-09-11,572,,1,OBSERVED_SYMBOL_HISTORY_NOT_STITCHED,False,exact_observed_symbol_no_fuzzy_merge
GODREJAGRO,2020-01-01,2026-09-11,1660,,1,OBSERVED_SYMBOL_HISTORY_NOT_STITCHED,False,exact_observed_symbol_no_fuzzy_merge
GODREJCP,2020-01-01,2026-09-11,1660,,1,OBSERVED_SYMBOL_HISTORY_NOT_STITCHED,False,exact_observed_symbol_no_fuzzy_merge
GODREJIND,2020-01-01,2026-09-11,1660,,1,OBSERVED_SYMBOL_HISTORY_NOT_STITCHED,False,exact_observed_symbol_no_fuzzy_merge
GODREJPROP,2020-01-01,2026-09-11,1660,,1,OBSERVED_SYMBOL_HISTORY_NOT_STITCHED,False,exact_observed_symbol_no_fuzzy_merge
GOKEX,2020-01-01,2026-09-11,1660,,1,OBSERVED_SYMBOL_HISTORY_NOT_STITCHED,False,exact_observed_symbol_no_fuzzy_merge
GOKUL,2020-01-01,2026-09-11,1483,,1,OBSERVED_SYMBOL_HISTORY_NOT_STITCHED,False,exact_observed_symbol_no_fuzzy_merge
GOKULAGRO,2020-01-01,2026-09-11,1576,,2,MULTIPLE_ISIN_OBSERVED_NO_IDENTITY_INFERENCE,True,exact_observed_symbol_no_fuzzy_merge
GOLD1,2024-04-16,2026-09-11,597,,1,OBSERVED_SYMBOL_HISTORY_NOT_STITCHED,False,exact_observed_symbol_no_fuzzy_merge
GOLD360,2025-03-17,2026-09-11,369,,1,OBSERVED_SYMBOL_HISTORY_NOT_STITCHED,False,exact_observed_symbol_no_fuzzy_merge
GOLDADD,2025-12-15,2026-09-11,184,GOLDETFADD,2,OBJECTIVE_SAME_ISIN_ALIAS_OBSERVED_NO_STITCH,True,exact_observed_symbol_no_fuzzy_merge
GOLDAXIS,2026-07-03,2026-09-11,51,AXISGOLD,1,OBJECTIVE_SAME_ISIN_ALIAS_OBSERVED_NO_STITCH,True,exact_observed_symbol_no_fuzzy_merge
GOLDBEES,2020-01-01,2026-09-11,1660,,1,OBSERVED_SYMBOL_HISTORY_NOT_STITCHED,False,exact_observed_symbol_no_fuzzy_merge
GOLDBETA,2025-12-24,2026-09-11,177,GOLDSHARE,1,OBJECTIVE_SAME_ISIN_ALIAS_OBSERVED_NO_STITCH,True,exact_observed_symbol_no_fuzzy_merge
GOLDBND,2025-12-12,2026-09-11,185,,1,OBSERVED_SYMBOL_HISTORY_NOT_STITCHED,False,exact_observed_symbol_no_fuzzy_merge
GOLDCASE,2024-03-01,2026-09-11,625,,1,OBSERVED_SYMBOL_HISTORY_NOT_STITCHED,False,exact_observed_symbol_no_fuzzy_merge
GOLDENTOBC,2020-01-01,2022-06-14,537,,0,OBSERVED_SYMBOL_HISTORY_NOT_STITCHED,False,exact_observed_symbol_no_fuzzy_merge
GOLDETF,2023-09-01,2026-09-11,748,,1,OBSERVED_SYMBOL_HISTORY_NOT_STITCHED,False,exact_observed_symbol_no_fuzzy_merge
GOLDETFADD,2024-02-15,2025-12-12,452,GOLDADD,1,OBJECTIVE_SAME_ISIN_ALIAS_OBSERVED_NO_STITCH,True,exact_observed_symbol_no_fuzzy_merge
GOLDIAM,2020-01-01,2026-09-11,1660,,1,OBSERVED_SYMBOL_HISTORY_NOT_STITCHED,False,exact_observed_symbol_no_fuzzy_merge
GOLDIETF,2023-12-20,2026-09-11,675,,1,OBSERVED_SYMBOL_HISTORY_NOT_STITCHED,False,exact_observed_symbol_no_fuzzy_merge
GOLDSHARE,2020-01-01,2025-12-23,1483,GOLDBETA,1,OBJECTIVE_SAME_ISIN_ALIAS_OBSERVED_NO_STITCH,True,exact_observed_symbol_no_fuzzy_merge
GOLDTECH,2020-01-01,2026-07-01,1100,,1,OBSERVED_SYMBOL_HISTORY_NOT_STITCHED,False,exact_observed_symbol_no_fuzzy_merge
GOODLUCK,2020-01-01,2026-09-11,1598,,1,OBSERVED_SYMBOL_HISTORY_NOT_STITCHED,False,exact_observed_symbol_no_fuzzy_merge
GOODYEAR,2020-10-05,2026-09-11,861,,1,OBSERVED_SYMBOL_HISTORY_NOT_STITCHED,False,exact_observed_symbol_no_fuzzy_merge
GOPAL,2024-03-14,2026-09-11,617,,1,OBSERVED_SYMBOL_HISTORY_NOT_STITCHED,False,exact_observed_symbol_no_fuzzy_merge
GOYALALUM,2022-11-04,2026-09-11,575,,1,OBSERVED_SYMBOL_HISTORY_NOT_STITCHED,False,exact_observed_symbol_no_fuzzy_merge
GPIL,2020-01-01,2026-09-11,1588,,2,MULTIPLE_ISIN_OBSERVED_NO_IDENTITY_INFERENCE,True,exact_observed_symbol_no_fuzzy_merge
GPPL,2020-01-01,2026-09-11,1660,,1,OBSERVED_SYMBOL_HISTORY_NOT_STITCHED,False,exact_observed_symbol_no_fuzzy_merge
GPTHEALTH,2024-02-29,2026-09-11,626,,1,OBSERVED_SYMBOL_HISTORY_NOT_STITCHED,False,exact_observed_symbol_no_fuzzy_merge
GPTINFRA,2020-01-01,2026-09-11,1394,,1,OBSERVED_SYMBOL_HISTORY_NOT_STITCHED,False,exact_observed_symbol_no_fuzzy_merge
GRADIENTE,2026-05-22,2026-09-11,56,,1,OBSERVED_SYMBOL_HISTORY_NOT_STITCHED,False,exact_observed_symbol_no_fuzzy_merge
GRANDOAK,2026-04-20,2026-09-11,102,,1,OBSERVED_SYMBOL_HISTORY_NOT_STITCHED,False,exact_observed_symbol_no_fuzzy_merge
GRANULES,2020-01-01,2026-09-11,1660,,1,OBSERVED_SYMBOL_HISTORY_NOT_STITCHED,False,exact_observed_symbol_no_fuzzy_merge
GRAPHITE,2020-01-01,2026-09-11,1660,,1,OBSERVED_SYMBOL_HISTORY_NOT_STITCHED,False,exact_observed_symbol_no_fuzzy_merge
GRASIM,2020-01-01,2026-09-11,1660,,1,OBSERVED_SYMBOL_HISTORY_NOT_STITCHED,False,exact_observed_symbol_no_fuzzy_merge
GRAUWEIL,2021-08-05,2026-09-11,653,,1,OBSERVED_SYMBOL_HISTORY_NOT_STITCHED,False,exact_observed_symbol_no_fuzzy_merge
GRAVISSHO,2026-04-20,2026-09-11,101,,1,OBSERVED_SYMBOL_HISTORY_NOT_STITCHED,False,exact_observed_symbol_no_fuzzy_merge
GRAVITA,2020-01-01,2026-09-11,1598,,1,OBSERVED_SYMBOL_HISTORY_NOT_STITCHED,False,exact_observed_symbol_no_fuzzy_merge
GREAVESCOT,2020-01-01,2026-09-11,1660,,1,OBSERVED_SYMBOL_HISTORY_NOT_STITCHED,False,exact_observed_symbol_no_fuzzy_merge
GREENLAM,2020-01-01,2026-09-11,1660,,1,OBSERVED_SYMBOL_HISTORY_NOT_STITCHED,False,exact_observed_symbol_no_fuzzy_merge
GREENPANEL,2020-01-01,2026-09-11,1555,,1,OBSERVED_SYMBOL_HISTORY_NOT_STITCHED,False,exact_observed_symbol_no_fuzzy_merge
GREENPLY,2020-01-01,2026-09-11,1660,,1,OBSERVED_SYMBOL_HISTORY_NOT_STITCHED,False,exact_observed_symbol_no_fuzzy_merge
GREENPOWER,2020-03-04,2026-09-11,1327,,1,OBSERVED_SYMBOL_HISTORY_NOT_STITCHED,False,exact_observed_symbol_no_fuzzy_merge
GRINDWELL,2020-01-01,2026-09-11,1660,,1,OBSERVED_SYMBOL_HISTORY_NOT_STITCHED,False,exact_observed_symbol_no_fuzzy_merge
GRINFRA,2021-07-19,2026-09-11,1275,,1,OBSERVED_SYMBOL_HISTORY_NOT_STITCHED,False,exact_observed_symbol_no_fuzzy_merge
GRMOVER,2022-09-07,2026-09-11,993,,1,OBSERVED_SYMBOL_HISTORY_NOT_STITCHED,False,exact_observed_symbol_no_fuzzy_merge
GROBTEA,2020-03-04,2026-09-11,1445,,1,OBSERVED_SYMBOL_HISTORY_NOT_STITCHED,False,exact_observed_symbol_no_fuzzy_merge
GROWEV,2024-08-12,2024-08-22,8,GROWWEV,1,OBJECTIVE_SAME_ISIN_ALIAS_OBSERVED_NO_STITCH,True,exact_observed_symbol_no_fuzzy_merge
GROWW,2025-11-12,2026-09-11,207,,1,OBSERVED_SYMBOL_HISTORY_NOT_STITCHED,False,exact_observed_symbol_no_fuzzy_merge
GROWWCAPM,2025-12-04,2026-09-11,191,,1,OBSERVED_SYMBOL_HISTORY_NOT_STITCHED,False,exact_observed_symbol_no_fuzzy_merge
GROWWCHEM,2026-01-16,2026-09-11,162,,1,OBSERVED_SYMBOL_HISTORY_NOT_STITCHED,False,exact_observed_symbol_no_fuzzy_merge
GROWWDEFNC,2024-10-11,2026-09-11,475,,1,OBSERVED_SYMBOL_HISTORY_NOT_STITCHED,False,exact_observed_symbol_no_fuzzy_merge
GROWWEV,2024-08-23,2026-09-11,509,GROWEV,1,OBJECTIVE_SAME_ISIN_ALIAS_OBSERVED_NO_STITCH,True,exact_observed_symbol_no_fuzzy_merge
GROWWGOLD,2024-10-24,2026-09-11,466,,2,MULTIPLE_ISIN_OBSERVED_NO_IDENTITY_INFERENCE,True,exact_observed_symbol_no_fuzzy_merge
GROWWHOSPI,2026-03-05,2026-09-11,130,,1,OBSERVED_SYMBOL_HISTORY_NOT_STITCHED,False,exact_observed_symbol_no_fuzzy_merge
GROWWLIQID,2024-09-26,2026-09-11,485,,1,OBSERVED_SYMBOL_HISTORY_NOT_STITCHED,False,exact_observed_symbol_no_fuzzy_merge
GROWWLOVOL,2025-06-17,2026-09-11,308,,1,OBSERVED_SYMBOL_HISTORY_NOT_STITCHED,False,exact_observed_symbol_no_fuzzy_merge
GROWWMC150,2025-11-17,2026-09-11,204,,1,OBSERVED_SYMBOL_HISTORY_NOT_STITCHED,False,exact_observed_symbol_no_fuzzy_merge
GROWWMETAL,2025-12-23,2026-09-11,178,,1,OBSERVED_SYMBOL_HISTORY_NOT_STITCHED,False,exact_observed_symbol_no_fuzzy_merge
GROWWMOM50,2025-04-24,2026-09-11,345,,1,OBSERVED_SYMBOL_HISTORY_NOT_STITCHED,False,exact_observed_symbol_no_fuzzy_merge
GROWWN200,2025-02-28,2026-09-11,379,,1,OBSERVED_SYMBOL_HISTORY_NOT_STITCHED,False,exact_observed_symbol_no_fuzzy_merge
GROWWNET,2025-07-03,2026-09-11,296,,1,OBSERVED_SYMBOL_HISTORY_NOT_STITCHED,False,exact_observed_symbol_no_fuzzy_merge
GROWWNIFTY,2025-07-22,2026-09-11,283,,1,OBSERVED_SYMBOL_HISTORY_NOT_STITCHED,False,exact_observed_symbol_no_fuzzy_merge
GROWWNXT50,2025-08-26,2026-09-11,259,,1,OBSERVED_SYMBOL_HISTORY_NOT_STITCHED,False,exact_observed_symbol_no_fuzzy_merge
GROWWPOWER,2025-08-07,2026-09-11,271,,1,OBSERVED_SYMBOL_HISTORY_NOT_STITCHED,False,exact_observed_symbol_no_fuzzy_merge
GROWWPSE,2026-02-11,2026-09-11,145,,1,OBSERVED_SYMBOL_HISTORY_NOT_STITCHED,False,exact_observed_symbol_no_fuzzy_merge
GROWWPSUBK,2026-03-27,2026-09-11,115,,1,OBSERVED_SYMBOL_HISTORY_NOT_STITCHED,False,exact_observed_symbol_no_fuzzy_merge
GROWWRAIL,2025-02-07,2026-09-11,393,,1,OBSERVED_SYMBOL_HISTORY_NOT_STITCHED,False,exact_observed_symbol_no_fuzzy_merge
GROWWRLTY,2025-10-09,2026-09-11,229,,1,OBSERVED_SYMBOL_HISTORY_NOT_STITCHED,False,exact_observed_symbol_no_fuzzy_merge
GROWWSC250,2025-10-30,2026-09-11,215,,1,OBSERVED_SYMBOL_HISTORY_NOT_STITCHED,False,exact_observed_symbol_no_fuzzy_merge
GROWWSLVR,2025-05-23,2026-09-11,325,,2,MULTIPLE_ISIN_OBSERVED_NO_IDENTITY_INFERENCE,True,exact_observed_symbol_no_fuzzy_merge
GRPLTD,2020-01-01,2026-09-11,1430,,1,OBSERVED_SYMBOL_HISTORY_NOT_STITCHED,False,exact_observed_symbol_no_fuzzy_merge
GRSE,2020-01-01,2026-09-11,1660,,1,OBSERVED_SYMBOL_HISTORY_NOT_STITCHED,False,exact_observed_symbol_no_fuzzy_merge
GRWRHITECH,2022-02-03,2026-09-11,1139,,1,OBSERVED_SYMBOL_HISTORY_NOT_STITCHED,False,exact_observed_symbol_no_fuzzy_merge
GSCLCEMENT,2020-01-01,2023-04-20,820,,0,OBSERVED_SYMBOL_HISTORY_NOT_STITCHED,False,exact_observed_symbol_no_fuzzy_merge
GSEC10ABSL,2024-08-19,2026-09-11,352,,1,OBSERVED_SYMBOL_HISTORY_NOT_STITCHED,False,exact_observed_symbol_no_fuzzy_merge
GSEC10ADD,2026-08-20,2026-09-11,15,,1,OBSERVED_SYMBOL_HISTORY_NOT_STITCHED,False,exact_observed_symbol_no_fuzzy_merge
GSEC10IETF,2023-12-20,2026-09-11,627,,1,OBSERVED_SYMBOL_HISTORY_NOT_STITCHED,False,exact_observed_symbol_no_fuzzy_merge
GSEC10YEAR,2023-09-04,2026-09-11,734,,1,OBSERVED_SYMBOL_HISTORY_NOT_STITCHED,False,exact_observed_symbol_no_fuzzy_merge
GSEC5IETF,2023-12-20,2026-09-11,672,,1,OBSERVED_SYMBOL_HISTORY_NOT_STITCHED,False,exact_observed_symbol_no_fuzzy_merge
GSFC,2020-01-01,2026-09-11,1660,,1,OBSERVED_SYMBOL_HISTORY_NOT_STITCHED,False,exact_observed_symbol_no_fuzzy_merge
GSKCONS,2020-01-01,2020-04-15,70,,0,OBSERVED_SYMBOL_HISTORY_NOT_STITCHED,False,exact_observed_symbol_no_fuzzy_merge
GSLSU,2023-04-11,2026-09-11,790,,1,OBSERVED_SYMBOL_HISTORY_NOT_STITCHED,False,exact_observed_symbol_no_fuzzy_merge
GSPCROP,2026-03-24,2026-09-11,117,,1,OBSERVED_SYMBOL_HISTORY_NOT_STITCHED,False,exact_observed_symbol_no_fuzzy_merge
GSPL,2020-01-01,2026-05-11,1573,,1,OBSERVED_SYMBOL_HISTORY_NOT_STITCHED,False,exact_observed_symbol_no_fuzzy_merge
GSS,2020-01-01,2026-09-11,1384,,1,OBSERVED_SYMBOL_HISTORY_NOT_STITCHED,False,exact_observed_symbol_no_fuzzy_merge
GTECJAINX,2023-12-26,2026-06-08,256,,1,OBSERVED_SYMBOL_HISTORY_NOT_STITCHED,False,exact_observed_symbol_no_fuzzy_merge
GTL,2020-01-01,2026-09-11,1271,,1,OBSERVED_SYMBOL_HISTORY_NOT_STITCHED,False,exact_observed_symbol_no_fuzzy_merge
GTLINFRA,2020-01-01,2026-09-11,1521,,1,OBSERVED_SYMBOL_HISTORY_NOT_STITCHED,False,exact_observed_symbol_no_fuzzy_merge
GTNIND,2020-01-01,2021-03-12,211,,0,OBSERVED_SYMBOL_HISTORY_NOT_STITCHED,False,exact_observed_symbol_no_fuzzy_merge
GTNTEX,2020-05-27,2020-09-28,34,,0,OBSERVED_SYMBOL_HISTORY_NOT_STITCHED,False,exact_observed_symbol_no_fuzzy_merge
GTPL,2020-01-01,2026-09-11,1660,,1,OBSERVED_SYMBOL_HISTORY_NOT_STITCHED,False,exact_observed_symbol_no_fuzzy_merge
GUFICBIO,2020-01-01,2026-09-11,1660,,1,OBSERVED_SYMBOL_HISTORY_NOT_STITCHED,False,exact_observed_symbol_no_fuzzy_merge
GUJALKALI,2020-01-01,2026-09-11,1660,,1,OBSERVED_SYMBOL_HISTORY_NOT_STITCHED,False,exact_observed_symbol_no_fuzzy_merge
GUJAPOLLO,2020-01-01,2026-09-11,1420,,1,OBSERVED_SYMBOL_HISTORY_NOT_STITCHED,False,exact_observed_symbol_no_fuzzy_merge
GUJENERGY,2026-07-01,2026-09-11,43,GUJGASLTD,1,OBJECTIVE_SAME_ISIN_ALIAS_OBSERVED_NO_STITCH,True,exact_observed_symbol_no_fuzzy_merge
GUJGASLTD,2020-01-01,2026-06-30,1607,GUJENERGY,1,OBJECTIVE_SAME_ISIN_ALIAS_OBSERVED_NO_STITCH,True,exact_observed_symbol_no_fuzzy_merge
GUJRAFFIA,2024-04-29,2026-09-11,372,,1,OBSERVED_SYMBOL_HISTORY_NOT_STITCHED,False,exact_observed_symbol_no_fuzzy_merge
GUJTHEM,2025-02-25,2026-09-11,381,,1,OBSERVED_SYMBOL_HISTORY_NOT_STITCHED,False,exact_observed_symbol_no_fuzzy_merge
GULFOILLUB,2020-01-01,2026-09-11,1660,,1,OBSERVED_SYMBOL_HISTORY_NOT_STITCHED,False,exact_observed_symbol_no_fuzzy_merge
GULFPETRO,2020-01-01,2026-06-09,1528,,1,OBSERVED_SYMBOL_HISTORY_NOT_STITCHED,False,exact_observed_symbol_no_fuzzy_merge
GULPOLY,2020-01-01,2026-09-11,1543,,1,OBSERVED_SYMBOL_HISTORY_NOT_STITCHED,False,exact_observed_symbol_no_fuzzy_merge
GVKPIL,2020-01-01,2024-07-19,527,,1,OBSERVED_SYMBOL_HISTORY_NOT_STITCHED,False,exact_observed_symbol_no_fuzzy_merge
GVPIL,2025-08-28,2026-09-11,204,GEPIL,1,OBJECTIVE_SAME_ISIN_ALIAS_OBSERVED_NO_STITCH,True,exact_observed_symbol_no_fuzzy_merge
GVPTECH,2024-03-26,2026-09-02,589,,1,OBSERVED_SYMBOL_HISTORY_NOT_STITCHED,False,exact_observed_symbol_no_fuzzy_merge
GVT&D,2025-01-06,2026-09-11,411,,1,OBSERVED_SYMBOL_HISTORY_NOT_STITCHED,False,exact_observed_symbol_no_fuzzy_merge
GYFTR,2026-07-10,2026-09-11,46,,1,OBSERVED_SYMBOL_HISTORY_NOT_STITCHED,False,exact_observed_symbol_no_fuzzy_merge
HAL,2020-01-01,2026-09-11,1660,,1,OBSERVED_SYMBOL_HISTORY_NOT_STITCHED,False,exact_observed_symbol_no_fuzzy_merge
HALDER,2026-02-24,2026-09-11,135,,1,OBSERVED_SYMBOL_HISTORY_NOT_STITCHED,False,exact_observed_symbol_no_fuzzy_merge
HALDYNGL,2026-04-20,2026-06-23,45,,1,OBSERVED_SYMBOL_HISTORY_NOT_STITCHED,False,exact_observed_symbol_no_fuzzy_merge
HALEOSLABS,2025-11-26,2026-09-11,139,SMSLIFE,1,OBJECTIVE_SAME_ISIN_ALIAS_OBSERVED_NO_STITCH,True,exact_observed_symbol_no_fuzzy_merge
HAMPTON,2026-08-17,2026-09-11,20,,1,OBSERVED_SYMBOL_HISTORY_NOT_STITCHED,False,exact_observed_symbol_no_fuzzy_merge
HAPPSTMNDS,2020-09-17,2026-09-11,1413,,1,OBSERVED_SYMBOL_HISTORY_NOT_STITCHED,False,exact_observed_symbol_no_fuzzy_merge
HAPPYFORGE,2023-12-27,2026-09-11,671,,1,OBSERVED_SYMBOL_HISTORY_NOT_STITCHED,False,exact_observed_symbol_no_fuzzy_merge
HARDWYN,2022-04-12,2026-09-11,870,,1,OBSERVED_SYMBOL_HISTORY_NOT_STITCHED,False,exact_observed_symbol_no_fuzzy_merge
HARIOMPIPE,2022-04-29,2026-09-11,1082,,1,OBSERVED_SYMBOL_HISTORY_NOT_STITCHED,False,exact_observed_symbol_no_fuzzy_merge
HARITASEAT,2020-01-01,2021-04-09,318,,0,OBSERVED_SYMBOL_HISTORY_NOT_STITCHED,False,exact_observed_symbol_no_fuzzy_merge
HARRMALAYA,2020-01-01,2026-09-11,1572,,1,OBSERVED_SYMBOL_HISTORY_NOT_STITCHED,False,exact_observed_symbol_no_fuzzy_merge
HARSHA,2022-09-26,2026-09-11,980,,1,OBSERVED_SYMBOL_HISTORY_NOT_STITCHED,False,exact_observed_symbol_no_fuzzy_merge
HATHWAY,2020-01-01,2026-09-11,1584,,1,OBSERVED_SYMBOL_HISTORY_NOT_STITCHED,False,exact_observed_symbol_no_fuzzy_merge
HATSUN,2020-01-01,2026-09-11,1660,,1,OBSERVED_SYMBOL_HISTORY_NOT_STITCHED,False,exact_observed_symbol_no_fuzzy_merge
HAVELLS,2020-01-01,2026-09-11,1660,,1,OBSERVED_SYMBOL_HISTORY_NOT_STITCHED,False,exact_observed_symbol_no_fuzzy_merge
HAVISHA,2024-04-23,2026-09-11,458,,1,OBSERVED_SYMBOL_HISTORY_NOT_STITCHED,False,exact_observed_symbol_no_fuzzy_merge
HAWKINCOOK,2026-04-20,2026-09-11,102,,1,OBSERVED_SYMBOL_HISTORY_NOT_STITCHED,False,exact_observed_symbol_no_fuzzy_merge
HAZOOR,2026-08-17,2026-09-11,20,,1,OBSERVED_SYMBOL_HISTORY_NOT_STITCHED,False,exact_observed_symbol_no_fuzzy_merge
HBANKETF,2020-08-28,2023-06-15,695,,0,OBSERVED_SYMBOL_HISTORY_NOT_STITCHED,False,exact_observed_symbol_no_fuzzy_merge
HBESD,2026-04-20,2026-09-11,102,,1,OBSERVED_SYMBOL_HISTORY_NOT_STITCHED,False,exact_observed_symbol_no_fuzzy_merge
HBLENGINE,2024-12-23,2026-09-11,426,HBLPOWER,1,OBJECTIVE_SAME_ISIN_ALIAS_OBSERVED_NO_STITCH,True,exact_observed_symbol_no_fuzzy_merge
HBLPOWER,2020-01-01,2024-12-20,1234,HBLENGINE,1,OBJECTIVE_SAME_ISIN_ALIAS_OBSERVED_NO_STITCH,True,exact_observed_symbol_no_fuzzy_merge
HBPOR,2026-08-17,2026-09-11,20,,1,OBSERVED_SYMBOL_HISTORY_NOT_STITCHED,False,exact_observed_symbol_no_fuzzy_merge
HBSL,2020-04-13,2026-09-11,971,,1,OBSERVED_SYMBOL_HISTORY_NOT_STITCHED,False,exact_observed_symbol_no_fuzzy_merge
HCC,2020-01-01,2026-09-11,1602,,1,OBSERVED_SYMBOL_HISTORY_NOT_STITCHED,False,exact_observed_symbol_no_fuzzy_merge
HCG,2020-01-01,2026-09-11,1660,,1,OBSERVED_SYMBOL_HISTORY_NOT_STITCHED,False,exact_observed_symbol_no_fuzzy_merge
HCL-INSYS,2020-01-01,2026-09-11,1319,,1,OBSERVED_SYMBOL_HISTORY_NOT_STITCHED,False,exact_observed_symbol_no_fuzzy_merge
HCLTECH,2020-01-01,2026-09-11,1660,,1,OBSERVED_SYMBOL_HISTORY_NOT_STITCHED,False,exact_observed_symbol_no_fuzzy_merge
HDBFS,2025-07-02,2026-09-11,297,,1,OBSERVED_SYMBOL_HISTORY_NOT_STITCHED,False,exact_observed_symbol_no_fuzzy_merge
HDFC,2020-01-01,2023-07-12,877,,0,OBSERVED_SYMBOL_HISTORY_NOT_STITCHED,False,exact_observed_symbol_no_fuzzy_merge
HDFCAMC,2020-01-01,2026-09-11,1660,,1,OBSERVED_SYMBOL_HISTORY_NOT_STITCHED,False,exact_observed_symbol_no_fuzzy_merge
HDFCBANK,2020-01-01,2026-09-11,1660,,1,OBSERVED_SYMBOL_HISTORY_NOT_STITCHED,False,exact_observed_symbol_no_fuzzy_merge
HDFCBSE500,2023-02-24,2026-09-11,875,,1,OBSERVED_SYMBOL_HISTORY_NOT_STITCHED,False,exact_observed_symbol_no_fuzzy_merge
HDFCGOLD,2023-06-16,2026-09-11,801,,1,OBSERVED_SYMBOL_HISTORY_NOT_STITCHED,False,exact_observed_symbol_no_fuzzy_merge
HDFCGROWTH,2022-09-29,2026-09-11,977,,1,OBSERVED_SYMBOL_HISTORY_NOT_STITCHED,False,exact_observed_symbol_no_fuzzy_merge
HDFCLIFE,2020-01-01,2026-09-11,1660,,1,OBSERVED_SYMBOL_HISTORY_NOT_STITCHED,False,exact_observed_symbol_no_fuzzy_merge
HDFCLIQUID,2023-08-31,2026-09-11,746,,2,MULTIPLE_ISIN_OBSERVED_NO_IDENTITY_INFERENCE,True,exact_observed_symbol_no_fuzzy_merge
HDFCLOWVOL,2022-10-17,2026-09-11,956,,1,OBSERVED_SYMBOL_HISTORY_NOT_STITCHED,False,exact_observed_symbol_no_fuzzy_merge
HDFCMFGETF,2020-01-01,2023-06-15,859,,0,OBSERVED_SYMBOL_HISTORY_NOT_STITCHED,False,exact_observed_symbol_no_fuzzy_merge
HDFCMID150,2023-02-24,2026-09-11,875,,1,OBSERVED_SYMBOL_HISTORY_NOT_STITCHED,False,exact_observed_symbol_no_fuzzy_merge
HDFCMOMENT,2022-10-17,2026-09-11,964,,1,OBSERVED_SYMBOL_HISTORY_NOT_STITCHED,False,exact_observed_symbol_no_fuzzy_merge
HDFCNEXT50,2022-08-11,2026-09-11,1009,,1,OBSERVED_SYMBOL_HISTORY_NOT_STITCHED,False,exact_observed_symbol_no_fuzzy_merge
HDFCNIF100,2022-08-11,2026-09-11,1009,,1,OBSERVED_SYMBOL_HISTORY_NOT_STITCHED,False,exact_observed_symbol_no_fuzzy_merge
HDFCNIFBAN,2023-06-16,2026-09-11,801,,1,OBSERVED_SYMBOL_HISTORY_NOT_STITCHED,False,exact_observed_symbol_no_fuzzy_merge
HDFCNIFETF,2020-01-01,2023-06-15,859,,0,OBSERVED_SYMBOL_HISTORY_NOT_STITCHED,False,exact_observed_symbol_no_fuzzy_merge
HDFCNIFIT,2022-11-22,2026-09-11,942,,1,OBSERVED_SYMBOL_HISTORY_NOT_STITCHED,False,exact_observed_symbol_no_fuzzy_merge
HDFCNIFTY,2023-06-16,2026-09-11,801,,1,OBSERVED_SYMBOL_HISTORY_NOT_STITCHED,False,exact_observed_symbol_no_fuzzy_merge
HDFCNIMEG,2026-07-31,2026-09-11,31,,1,OBSERVED_SYMBOL_HISTORY_NOT_STITCHED,False,exact_observed_symbol_no_fuzzy_merge
HDFCPSUBK,2024-02-07,2026-09-11,642,,1,OBSERVED_SYMBOL_HISTORY_NOT_STITCHED,False,exact_observed_symbol_no_fuzzy_merge
HDFCPVTBAN,2022-11-22,2026-09-11,940,,1,OBSERVED_SYMBOL_HISTORY_NOT_STITCHED,False,exact_observed_symbol_no_fuzzy_merge
HDFCQUAL,2022-09-29,2026-09-11,976,,1,OBSERVED_SYMBOL_HISTORY_NOT_STITCHED,False,exact_observed_symbol_no_fuzzy_merge
HDFCSENETF,2020-01-01,2023-06-15,859,,0,OBSERVED_SYMBOL_HISTORY_NOT_STITCHED,False,exact_observed_symbol_no_fuzzy_merge
HDFCSENSEX,2023-06-16,2026-09-11,801,,1,OBSERVED_SYMBOL_HISTORY_NOT_STITCHED,False,exact_observed_symbol_no_fuzzy_merge
HDFCSILVER,2022-09-07,2026-09-11,993,,1,OBSERVED_SYMBOL_HISTORY_NOT_STITCHED,False,exact_observed_symbol_no_fuzzy_merge
HDFCSML250,2023-02-24,2026-09-11,875,,1,OBSERVED_SYMBOL_HISTORY_NOT_STITCHED,False,exact_observed_symbol_no_fuzzy_merge
HDFCVALUE,2022-09-29,2026-09-11,976,,1,OBSERVED_SYMBOL_HISTORY_NOT_STITCHED,False,exact_observed_symbol_no_fuzzy_merge
HEADSUP,2022-07-18,2026-09-11,894,,1,OBSERVED_SYMBOL_HISTORY_NOT_STITCHED,False,exact_observed_symbol_no_fuzzy_merge
HEALTHADD,2024-02-07,2026-09-11,641,,2,MULTIPLE_ISIN_OBSERVED_NO_IDENTITY_INFERENCE,True,exact_observed_symbol_no_fuzzy_merge
HEALTHAXIS,2026-07-03,2026-09-11,51,AXISHCETF,1,OBJECTIVE_SAME_ISIN_ALIAS_OBSERVED_NO_STITCH,True,exact_observed_symbol_no_fuzzy_merge
HEALTHCARE,2026-02-16,2026-09-11,142,,1,OBSERVED_SYMBOL_HISTORY_NOT_STITCHED,False,exact_observed_symbol_no_fuzzy_merge
HEALTHIETF,2023-12-20,2026-09-11,675,,1,OBSERVED_SYMBOL_HISTORY_NOT_STITCHED,False,exact_observed_symbol_no_fuzzy_merge
HEALTHX,2026-04-30,2026-09-11,94,SASTASUNDR,1,OBJECTIVE_SAME_ISIN_ALIAS_OBSERVED_NO_STITCH,True,exact_observed_symbol_no_fuzzy_merge
HEALTHY,2021-10-28,2026-09-11,1206,,1,OBSERVED_SYMBOL_HISTORY_NOT_STITCHED,False,exact_observed_symbol_no_fuzzy_merge
HECPROJECT,2021-12-30,2026-09-11,851,,1,OBSERVED_SYMBOL_HISTORY_NOT_STITCHED,False,exact_observed_symbol_no_fuzzy_merge
HEG,2020-01-01,2026-09-04,1655,,2,MULTIPLE_ISIN_OBSERVED_NO_IDENTITY_INFERENCE,True,exact_observed_symbol_no_fuzzy_merge
HEIDELBERG,2020-01-01,2026-09-11,1660,,1,OBSERVED_SYMBOL_HISTORY_NOT_STITCHED,False,exact_observed_symbol_no_fuzzy_merge
HEMIPROP,2020-11-05,2026-09-11,1393,,1,OBSERVED_SYMBOL_HISTORY_NOT_STITCHED,False,exact_observed_symbol_no_fuzzy_merge
HERANBA,2021-03-05,2026-09-11,1289,,1,OBSERVED_SYMBOL_HISTORY_NOT_STITCHED,False,exact_observed_symbol_no_fuzzy_merge
HERCULES,2020-01-01,2026-01-01,1349,,1,OBSERVED_SYMBOL_HISTORY_NOT_STITCHED,False,exact_observed_symbol_no_fuzzy_merge
HERITGFOOD,2020-01-01,2026-09-11,1660,,1,OBSERVED_SYMBOL_HISTORY_NOT_STITCHED,False,exact_observed_symbol_no_fuzzy_merge
HEROMOTOCO,2020-01-01,2026-09-11,1660,,1,OBSERVED_SYMBOL_HISTORY_NOT_STITCHED,False,exact_observed_symbol_no_fuzzy_merge
HESTERBIO,2020-01-01,2026-09-11,1660,,1,OBSERVED_SYMBOL_HISTORY_NOT_STITCHED,False,exact_observed_symbol_no_fuzzy_merge
HEUBACHIND,2023-03-10,2026-01-19,706,SUDARCOLOR,1,OBJECTIVE_SAME_ISIN_ALIAS_OBSERVED_NO_STITCH,True,exact_observed_symbol_no_fuzzy_merge
HEXAGON,2026-06-29,2026-07-15,13,,1,OBSERVED_SYMBOL_HISTORY_NOT_STITCHED,False,exact_observed_symbol_no_fuzzy_merge
HEXATRADEX,2020-08-24,2026-09-11,1278,,1,OBSERVED_SYMBOL_HISTORY_NOT_STITCHED,False,exact_observed_symbol_no_fuzzy_merge
HEXAWARE,2020-01-01,2020-10-30,209,,0,OBSERVED_SYMBOL_HISTORY_NOT_STITCHED,False,exact_observed_symbol_no_fuzzy_merge
HEXT,2025-02-19,2026-09-11,385,,1,OBSERVED_SYMBOL_HISTORY_NOT_STITCHED,False,exact_observed_symbol_no_fuzzy_merge
HFCL,2020-01-01,2026-09-02,1590,,1,OBSERVED_SYMBOL_HISTORY_NOT_STITCHED,False,exact_observed_symbol_no_fuzzy_merge
HGINFRA,2020-01-01,2026-09-11,1660,,1,OBSERVED_SYMBOL_HISTORY_NOT_STITCHED,False,exact_observed_symbol_no_fuzzy_merge
HGM,2025-12-02,2026-09-11,193,HOVS,1,OBJECTIVE_SAME_ISIN_ALIAS_OBSERVED_NO_STITCH,True,exact_observed_symbol_no_fuzzy_merge
HGS,2020-01-01,2026-09-11,1554,,1,OBSERVED_SYMBOL_HISTORY_NOT_STITCHED,False,exact_observed_symbol_no_fuzzy_merge
HIKAL,2020-01-01,2026-09-11,1660,,1,OBSERVED_SYMBOL_HISTORY_NOT_STITCHED,False,exact_observed_symbol_no_fuzzy_merge
HIL,2020-01-01,2025-04-08,1307,BIRLANU,1,OBJECTIVE_SAME_ISIN_ALIAS_OBSERVED_NO_STITCH,True,exact_observed_symbol_no_fuzzy_merge
HILINFRA,2025-08-28,2026-09-11,193,,1,OBSERVED_SYMBOL_HISTORY_NOT_STITCHED,False,exact_observed_symbol_no_fuzzy_merge
HILTON,2020-03-04,2026-09-11,1228,,1,OBSERVED_SYMBOL_HISTORY_NOT_STITCHED,False,exact_observed_symbol_no_fuzzy_merge
HIMATSEIDE,2020-01-01,2026-09-11,1598,,1,OBSERVED_SYMBOL_HISTORY_NOT_STITCHED,False,exact_observed_symbol_no_fuzzy_merge
HINDADH,2026-08-17,2026-09-11,20,,1,OBSERVED_SYMBOL_HISTORY_NOT_STITCHED,False,exact_observed_symbol_no_fuzzy_merge
HINDALCO,2020-01-01,2026-09-11,1660,,1,OBSERVED_SYMBOL_HISTORY_NOT_STITCHED,False,exact_observed_symbol_no_fuzzy_merge
HINDALUMI,2026-08-17,2026-09-11,20,,1,OBSERVED_SYMBOL_HISTORY_NOT_STITCHED,False,exact_observed_symbol_no_fuzzy_merge
HINDCOMPOS,2020-01-01,2026-09-11,1660,,1,OBSERVED_SYMBOL_HISTORY_NOT_STITCHED,False,exact_observed_symbol_no_fuzzy_merge
HINDCON,2021-07-05,2026-09-11,902,,1,OBSERVED_SYMBOL_HISTORY_NOT_STITCHED,False,exact_observed_symbol_no_fuzzy_merge
HINDCOPPER,2020-01-01,2026-09-11,1660,,1,OBSERVED_SYMBOL_HISTORY_NOT_STITCHED,False,exact_observed_symbol_no_fuzzy_merge
HINDMOTORS,2020-01-01,2025-10-01,1048,,1,OBSERVED_SYMBOL_HISTORY_NOT_STITCHED,False,exact_observed_symbol_no_fuzzy_merge
HINDNATGLS,2020-01-01,2025-09-02,399,,1,OBSERVED_SYMBOL_HISTORY_NOT_STITCHED,False,exact_observed_symbol_no_fuzzy_merge
HINDOILEXP,2020-01-01,2026-09-11,1660,,1,OBSERVED_SYMBOL_HISTORY_NOT_STITCHED,False,exact_observed_symbol_no_fuzzy_merge
HINDPETRO,2020-01-01,2026-09-11,1660,,1,OBSERVED_SYMBOL_HISTORY_NOT_STITCHED,False,exact_observed_symbol_no_fuzzy_merge
HINDUNILVR,2020-01-01,2026-09-11,1660,,1,OBSERVED_SYMBOL_HISTORY_NOT_STITCHED,False,exact_observed_symbol_no_fuzzy_merge
HINDWAREAP,2022-06-21,2026-09-11,1046,,1,OBSERVED_SYMBOL_HISTORY_NOT_STITCHED,False,exact_observed_symbol_no_fuzzy_merge
HINDZINC,2020-01-01,2026-09-11,1660,,1,OBSERVED_SYMBOL_HISTORY_NOT_STITCHED,False,exact_observed_symbol_no_fuzzy_merge
HIRECT,2020-01-01,2026-09-11,1511,,1,OBSERVED_SYMBOL_HISTORY_NOT_STITCHED,False,exact_observed_symbol_no_fuzzy_merge
HISARMETAL,2020-01-01,2026-09-11,1598,,1,OBSERVED_SYMBOL_HISTORY_NOT_STITCHED,False,exact_observed_symbol_no_fuzzy_merge
HITECH,2020-01-01,2026-09-11,1660,,1,OBSERVED_SYMBOL_HISTORY_NOT_STITCHED,False,exact_observed_symbol_no_fuzzy_merge
HITECHCORP,2020-01-01,2026-06-01,1469,,1,OBSERVED_SYMBOL_HISTORY_NOT_STITCHED,False,exact_observed_symbol_no_fuzzy_merge
HITECHGEAR,2020-01-01,2024-09-03,1045,,1,OBSERVED_SYMBOL_HISTORY_NOT_STITCHED,False,exact_observed_symbol_no_fuzzy_merge
HLEGLAS,2021-02-22,2026-09-11,1374,,1,OBSERVED_SYMBOL_HISTORY_NOT_STITCHED,False,exact_observed_symbol_no_fuzzy_merge
HLVLTD,2020-01-08,2026-09-11,1506,,1,OBSERVED_SYMBOL_HISTORY_NOT_STITCHED,False,exact_observed_symbol_no_fuzzy_merge
HMAAGRO,2023-07-04,2026-09-11,790,,1,OBSERVED_SYMBOL_HISTORY_NOT_STITCHED,False,exact_observed_symbol_no_fuzzy_merge
HMVL,2020-01-01,2026-08-06,1568,,1,OBSERVED_SYMBOL_HISTORY_NOT_STITCHED,False,exact_observed_symbol_no_fuzzy_merge
HNDFDS,2020-01-01,2026-09-11,1536,,1,OBSERVED_SYMBOL_HISTORY_NOT_STITCHED,False,exact_observed_symbol_no_fuzzy_merge
HNGSNGBEES,2020-01-01,2026-09-11,1659,,1,OBSERVED_SYMBOL_HISTORY_NOT_STITCHED,False,exact_observed_symbol_no_fuzzy_merge
HOMEFIRST,2021-02-03,2026-09-11,1387,,1,OBSERVED_SYMBOL_HISTORY_NOT_STITCHED,False,exact_observed_symbol_no_fuzzy_merge
HONASA,2023-11-07,2026-09-11,704,,1,OBSERVED_SYMBOL_HISTORY_NOT_STITCHED,False,exact_observed_symbol_no_fuzzy_merge
HONAUT,2020-01-01,2026-09-11,1660,,1,OBSERVED_SYMBOL_HISTORY_NOT_STITCHED,False,exact_observed_symbol_no_fuzzy_merge
HONDAPOWER,2020-01-01,2026-09-11,1660,,1,OBSERVED_SYMBOL_HISTORY_NOT_STITCHED,False,exact_observed_symbol_no_fuzzy_merge
HORIZONIND,2026-08-24,2026-09-11,15,,1,OBSERVED_SYMBOL_HISTORY_NOT_STITCHED,False,exact_observed_symbol_no_fuzzy_merge
HOTELEELA,2020-01-01,2020-01-07,5,,0,OBSERVED_SYMBOL_HISTORY_NOT_STITCHED,False,exact_observed_symbol_no_fuzzy_merge
HOTELRUGBY,2020-01-06,2022-11-18,85,,0,OBSERVED_SYMBOL_HISTORY_NOT_STITCHED,False,exact_observed_symbol_no_fuzzy_merge
HOVS,2020-01-01,2025-06-12,974,HGM,1,OBJECTIVE_SAME_ISIN_ALIAS_OBSERVED_NO_STITCH,True,exact_observed_symbol_no_fuzzy_merge
HPAL,2022-01-10,2026-09-11,1156,,1,OBSERVED_SYMBOL_HISTORY_NOT_STITCHED,False,exact_observed_symbol_no_fuzzy_merge
HPIL,2022-11-07,2026-09-11,755,,1,OBSERVED_SYMBOL_HISTORY_NOT_STITCHED,False,exact_observed_symbol_no_fuzzy_merge
HPL,2020-01-01,2026-09-11,1641,,1,OBSERVED_SYMBOL_HISTORY_NOT_STITCHED,False,exact_observed_symbol_no_fuzzy_merge
HRYNSHP,2026-08-17,2026-09-11,20,,1,OBSERVED_SYMBOL_HISTORY_NOT_STITCHED,False,exact_observed_symbol_no_fuzzy_merge
HSBCGOLD,2026-03-27,2026-09-11,115,,1,OBSERVED_SYMBOL_HISTORY_NOT_STITCHED,False,exact_observed_symbol_no_fuzzy_merge
HSCL,2020-01-01,2026-09-11,1592,,1,OBSERVED_SYMBOL_HISTORY_NOT_STITCHED,False,exact_observed_symbol_no_fuzzy_merge
HSIL,2020-01-01,2022-05-10,585,,0,OBSERVED_SYMBOL_HISTORY_NOT_STITCHED,False,exact_observed_symbol_no_fuzzy_merge
HTMEDIA,2020-01-01,2026-09-11,1469,,1,OBSERVED_SYMBOL_HISTORY_NOT_STITCHED,False,exact_observed_symbol_no_fuzzy_merge
HUBTOWN,2020-03-04,2026-09-11,1046,,1,OBSERVED_SYMBOL_HISTORY_NOT_STITCHED,False,exact_observed_symbol_no_fuzzy_merge
HUDCO,2020-01-01,2026-09-11,1660,,1,OBSERVED_SYMBOL_HISTORY_NOT_STITCHED,False,exact_observed_symbol_no_fuzzy_merge
HUHTAMAKI,2020-11-26,2026-09-11,1433,,1,OBSERVED_SYMBOL_HISTORY_NOT_STITCHED,False,exact_observed_symbol_no_fuzzy_merge
HYBRIDETF,2026-07-31,2026-09-11,31,,1,OBSERVED_SYMBOL_HISTORY_NOT_STITCHED,False,exact_observed_symbol_no_fuzzy_merge
HYBRIDFIN,2022-12-13,2026-06-23,330,,1,OBSERVED_SYMBOL_HISTORY_NOT_STITCHED,False,exact_observed_symbol_no_fuzzy_merge
HYUNDAI,2024-10-22,2026-09-11,468,,1,OBSERVED_SYMBOL_HISTORY_NOT_STITCHED,False,exact_observed_symbol_no_fuzzy_merge
IBMFNIFTY,2020-01-01,2023-10-25,947,,0,OBSERVED_SYMBOL_HISTORY_NOT_STITCHED,False,exact_observed_symbol_no_fuzzy_merge
IBREALEST,2020-01-01,2024-07-05,1119,,0,OBSERVED_SYMBOL_HISTORY_NOT_STITCHED,False,exact_observed_symbol_no_fuzzy_merge
IBULHSGFIN,2020-01-01,2024-07-25,1132,SAMMAANCAP,1,OBJECTIVE_SAME_ISIN_ALIAS_OBSERVED_NO_STITCH,True,exact_observed_symbol_no_fuzzy_merge
IBULISL,2020-01-01,2020-12-07,191,,0,OBSERVED_SYMBOL_HISTORY_NOT_STITCHED,False,exact_observed_symbol_no_fuzzy_merge
IBULLSLTD,2025-12-09,2026-09-11,130,YAARI,1,OBJECTIVE_SAME_ISIN_ALIAS_OBSERVED_NO_STITCH,True,exact_observed_symbol_no_fuzzy_merge
IBVENTURES,2020-01-01,2020-10-27,206,,0,OBSERVED_SYMBOL_HISTORY_NOT_STITCHED,False,exact_observed_symbol_no_fuzzy_merge
ICDSLTD,2024-10-21,2026-09-08,243,,1,OBSERVED_SYMBOL_HISTORY_NOT_STITCHED,False,exact_observed_symbol_no_fuzzy_merge
ICEMAKE,2020-10-12,2026-09-11,1352,,1,OBSERVED_SYMBOL_HISTORY_NOT_STITCHED,False,exact_observed_symbol_no_fuzzy_merge
ICICI10GS,2022-12-19,2023-12-19,180,,0,OBSERVED_SYMBOL_HISTORY_NOT_STITCHED,False,exact_observed_symbol_no_fuzzy_merge
ICICI500,2020-01-01,2023-12-19,985,,0,OBSERVED_SYMBOL_HISTORY_NOT_STITCHED,False,exact_observed_symbol_no_fuzzy_merge
ICICI5GSEC,2022-03-10,2023-12-19,435,,0,OBSERVED_SYMBOL_HISTORY_NOT_STITCHED,False,exact_observed_symbol_no_fuzzy_merge
ICICIALPLV,2020-08-18,2023-12-19,829,,0,OBSERVED_SYMBOL_HISTORY_NOT_STITCHED,False,exact_observed_symbol_no_fuzzy_merge
ICICIAMC,2025-12-19,2026-09-11,180,,1,OBSERVED_SYMBOL_HISTORY_NOT_STITCHED,False,exact_observed_symbol_no_fuzzy_merge
ICICIAUTO,2022-01-18,2023-12-19,475,,0,OBSERVED_SYMBOL_HISTORY_NOT_STITCHED,False,exact_observed_symbol_no_fuzzy_merge
ICICIB22,2020-01-01,2026-09-11,1660,,1,OBSERVED_SYMBOL_HISTORY_NOT_STITCHED,False,exact_observed_symbol_no_fuzzy_merge
ICICIBANK,2020-01-01,2026-09-11,1660,,1,OBSERVED_SYMBOL_HISTORY_NOT_STITCHED,False,exact_observed_symbol_no_fuzzy_merge
ICICIBANKN,2020-01-01,2023-12-19,985,,0,OBSERVED_SYMBOL_HISTORY_NOT_STITCHED,False,exact_observed_symbol_no_fuzzy_merge
ICICIBANKP,2020-01-01,2023-12-19,985,,0,OBSERVED_SYMBOL_HISTORY_NOT_STITCHED,False,exact_observed_symbol_no_fuzzy_merge
ICICICOMMO,2022-12-21,2023-12-19,245,,0,OBSERVED_SYMBOL_HISTORY_NOT_STITCHED,False,exact_observed_symbol_no_fuzzy_merge
ICICICONSU,2021-11-02,2023-12-19,528,,0,OBSERVED_SYMBOL_HISTORY_NOT_STITCHED,False,exact_observed_symbol_no_fuzzy_merge
ICICIFIN,2022-11-30,2023-12-19,261,,0,OBSERVED_SYMBOL_HISTORY_NOT_STITCHED,False,exact_observed_symbol_no_fuzzy_merge
ICICIFMCG,2021-08-10,2023-12-19,585,,0,OBSERVED_SYMBOL_HISTORY_NOT_STITCHED,False,exact_observed_symbol_no_fuzzy_merge
ICICIGI,2020-01-01,2026-09-11,1660,,1,OBSERVED_SYMBOL_HISTORY_NOT_STITCHED,False,exact_observed_symbol_no_fuzzy_merge
ICICIGOLD,2020-01-01,2023-12-19,985,,0,OBSERVED_SYMBOL_HISTORY_NOT_STITCHED,False,exact_observed_symbol_no_fuzzy_merge
ICICIINFRA,2022-08-23,2023-12-19,328,,0,OBSERVED_SYMBOL_HISTORY_NOT_STITCHED,False,exact_observed_symbol_no_fuzzy_merge
ICICILIQ,2020-01-01,2023-12-19,985,,0,OBSERVED_SYMBOL_HISTORY_NOT_STITCHED,False,exact_observed_symbol_no_fuzzy_merge
ICICILOVOL,2020-01-01,2023-12-19,985,,0,OBSERVED_SYMBOL_HISTORY_NOT_STITCHED,False,exact_observed_symbol_no_fuzzy_merge
ICICIM150,2020-01-28,2023-12-19,966,,0,OBSERVED_SYMBOL_HISTORY_NOT_STITCHED,False,exact_observed_symbol_no_fuzzy_merge
ICICIMCAP,2020-01-01,2023-12-19,985,,0,OBSERVED_SYMBOL_HISTORY_NOT_STITCHED,False,exact_observed_symbol_no_fuzzy_merge
ICICIMOM30,2022-08-10,2023-12-19,336,,0,OBSERVED_SYMBOL_HISTORY_NOT_STITCHED,False,exact_observed_symbol_no_fuzzy_merge
ICICINF100,2020-01-01,2023-12-19,984,,0,OBSERVED_SYMBOL_HISTORY_NOT_STITCHED,False,exact_observed_symbol_no_fuzzy_merge
ICICINIFTY,2020-01-01,2023-12-19,985,,0,OBSERVED_SYMBOL_HISTORY_NOT_STITCHED,False,exact_observed_symbol_no_fuzzy_merge
ICICINV20,2020-01-01,2023-12-19,985,,0,OBSERVED_SYMBOL_HISTORY_NOT_STITCHED,False,exact_observed_symbol_no_fuzzy_merge
ICICINXT50,2020-01-01,2023-12-19,985,,0,OBSERVED_SYMBOL_HISTORY_NOT_STITCHED,False,exact_observed_symbol_no_fuzzy_merge
ICICIPHARM,2021-05-25,2023-12-19,639,,0,OBSERVED_SYMBOL_HISTORY_NOT_STITCHED,False,exact_observed_symbol_no_fuzzy_merge
ICICIPRULI,2020-01-01,2026-09-11,1660,,1,OBSERVED_SYMBOL_HISTORY_NOT_STITCHED,False,exact_observed_symbol_no_fuzzy_merge
ICICIQTY30,2023-08-10,2023-12-19,87,,0,OBSERVED_SYMBOL_HISTORY_NOT_STITCHED,False,exact_observed_symbol_no_fuzzy_merge
ICICISENSX,2020-01-01,2023-12-19,985,,0,OBSERVED_SYMBOL_HISTORY_NOT_STITCHED,False,exact_observed_symbol_no_fuzzy_merge
ICICISILVE,2022-01-31,2023-12-19,467,,0,OBSERVED_SYMBOL_HISTORY_NOT_STITCHED,False,exact_observed_symbol_no_fuzzy_merge
ICICITECH,2020-08-20,2023-12-19,827,,0,OBSERVED_SYMBOL_HISTORY_NOT_STITCHED,False,exact_observed_symbol_no_fuzzy_merge
ICIL,2020-01-01,2026-09-11,1660,,1,OBSERVED_SYMBOL_HISTORY_NOT_STITCHED,False,exact_observed_symbol_no_fuzzy_merge
ICRA,2020-01-01,2026-09-11,1660,,1,OBSERVED_SYMBOL_HISTORY_NOT_STITCHED,False,exact_observed_symbol_no_fuzzy_merge
IDBI,2020-01-01,2026-09-11,1660,,1,OBSERVED_SYMBOL_HISTORY_NOT_STITCHED,False,exact_observed_symbol_no_fuzzy_merge
IDBIGOLD,2020-01-01,2023-07-28,889,,0,OBSERVED_SYMBOL_HISTORY_NOT_STITCHED,False,exact_observed_symbol_no_fuzzy_merge
IDEA,2020-01-01,2026-09-11,1660,,1,OBSERVED_SYMBOL_HISTORY_NOT_STITCHED,False,exact_observed_symbol_no_fuzzy_merge
IDEAFORGE,2023-07-07,2026-09-11,729,,1,OBSERVED_SYMBOL_HISTORY_NOT_STITCHED,False,exact_observed_symbol_no_fuzzy_merge
IDFC,2020-01-01,2024-10-09,1184,,1,OBSERVED_SYMBOL_HISTORY_NOT_STITCHED,False,exact_observed_symbol_no_fuzzy_merge
IDFCFIRSTB,2020-01-01,2026-09-11,1660,,1,OBSERVED_SYMBOL_HISTORY_NOT_STITCHED,False,exact_observed_symbol_no_fuzzy_merge
IDFNIFTYET,2020-01-01,2026-09-11,1644,,1,OBSERVED_SYMBOL_HISTORY_NOT_STITCHED,False,exact_observed_symbol_no_fuzzy_merge
IEL,2023-01-10,2025-10-27,321,,1,OBSERVED_SYMBOL_HISTORY_NOT_STITCHED,False,exact_observed_symbol_no_fuzzy_merge
IEX,2020-01-01,2026-09-11,1660,,1,OBSERVED_SYMBOL_HISTORY_NOT_STITCHED,False,exact_observed_symbol_no_fuzzy_merge
IFBAGRO,2020-01-01,2026-09-11,1474,,1,OBSERVED_SYMBOL_HISTORY_NOT_STITCHED,False,exact_observed_symbol_no_fuzzy_merge
IFBIND,2020-01-01,2026-09-11,1660,,1,OBSERVED_SYMBOL_HISTORY_NOT_STITCHED,False,exact_observed_symbol_no_fuzzy_merge
IFCI,2020-01-01,2026-09-11,1660,,1,OBSERVED_SYMBOL_HISTORY_NOT_STITCHED,False,exact_observed_symbol_no_fuzzy_merge
IFGLEXPOR,2020-01-01,2026-09-11,1660,,1,OBSERVED_SYMBOL_HISTORY_NOT_STITCHED,False,exact_observed_symbol_no_fuzzy_merge
IGARASHI,2020-01-01,2026-09-11,1660,,1,OBSERVED_SYMBOL_HISTORY_NOT_STITCHED,False,exact_observed_symbol_no_fuzzy_merge
IGCL,2025-07-17,2026-09-11,286,,1,OBSERVED_SYMBOL_HISTORY_NOT_STITCHED,False,exact_observed_symbol_no_fuzzy_merge
IGIL,2024-12-20,2026-09-11,427,,1,OBSERVED_SYMBOL_HISTORY_NOT_STITCHED,False,exact_observed_symbol_no_fuzzy_merge
IGL,2020-01-01,2026-09-11,1660,,1,OBSERVED_SYMBOL_HISTORY_NOT_STITCHED,False,exact_observed_symbol_no_fuzzy_merge
IGPL,2020-01-01,2026-09-11,1660,,1,OBSERVED_SYMBOL_HISTORY_NOT_STITCHED,False,exact_observed_symbol_no_fuzzy_merge
IIFL,2020-01-01,2026-09-11,1587,,1,OBSERVED_SYMBOL_HISTORY_NOT_STITCHED,False,exact_observed_symbol_no_fuzzy_merge
IIFLCAPS,2024-12-03,2026-09-11,440,IIFLSEC,1,OBJECTIVE_SAME_ISIN_ALIAS_OBSERVED_NO_STITCH,True,exact_observed_symbol_no_fuzzy_merge
IIFLSEC,2020-01-01,2024-12-02,1220,IIFLCAPS,1,OBJECTIVE_SAME_ISIN_ALIAS_OBSERVED_NO_STITCH,True,exact_observed_symbol_no_fuzzy_merge
IIFLWAM,2020-01-01,2023-01-20,762,,0,OBSERVED_SYMBOL_HISTORY_NOT_STITCHED,False,exact_observed_symbol_no_fuzzy_merge
IITL,2020-01-01,2026-09-11,1058,,1,OBSERVED_SYMBOL_HISTORY_NOT_STITCHED,False,exact_observed_symbol_no_fuzzy_merge
IKIO,2023-06-16,2026-09-11,801,,1,OBSERVED_SYMBOL_HISTORY_NOT_STITCHED,False,exact_observed_symbol_no_fuzzy_merge
IKS,2024-12-19,2026-09-11,428,,1,OBSERVED_SYMBOL_HISTORY_NOT_STITCHED,False,exact_observed_symbol_no_fuzzy_merge
IMAGICAA,2020-04-22,2026-09-11,1325,,1,OBSERVED_SYMBOL_HISTORY_NOT_STITCHED,False,exact_observed_symbol_no_fuzzy_merge
IMFA,2020-01-01,2026-09-11,1598,,1,OBSERVED_SYMBOL_HISTORY_NOT_STITCHED,False,exact_observed_symbol_no_fuzzy_merge
IMPAL,2020-01-01,2026-09-11,1660,,1,OBSERVED_SYMBOL_HISTORY_NOT_STITCHED,False,exact_observed_symbol_no_fuzzy_merge
IMPEXFERRO,2020-01-01,2024-01-18,216,,0,OBSERVED_SYMBOL_HISTORY_NOT_STITCHED,False,exact_observed_symbol_no_fuzzy_merge
INA,2026-03-09,2026-09-11,128,,1,OBSERVED_SYMBOL_HISTORY_NOT_STITCHED,False,exact_observed_symbol_no_fuzzy_merge
INCREDIBLE,2021-05-20,2026-09-11,923,,1,OBSERVED_SYMBOL_HISTORY_NOT_STITCHED,False,exact_observed_symbol_no_fuzzy_merge
INDBANK,2020-01-01,2026-09-11,1597,,1,OBSERVED_SYMBOL_HISTORY_NOT_STITCHED,False,exact_observed_symbol_no_fuzzy_merge
INDGN,2024-05-13,2026-09-11,580,,1,OBSERVED_SYMBOL_HISTORY_NOT_STITCHED,False,exact_observed_symbol_no_fuzzy_merge
INDHOTEL,2020-01-01,2026-09-11,1660,,1,OBSERVED_SYMBOL_HISTORY_NOT_STITCHED,False,exact_observed_symbol_no_fuzzy_merge
INDIACEM,2020-01-01,2026-09-11,1660,,1,OBSERVED_SYMBOL_HISTORY_NOT_STITCHED,False,exact_observed_symbol_no_fuzzy_merge
INDIAGLYCO,2020-01-01,2026-09-01,1652,,2,MULTIPLE_ISIN_OBSERVED_NO_IDENTITY_INFERENCE,True,exact_observed_symbol_no_fuzzy_merge
INDIAMART,2020-01-01,2026-09-11,1660,,1,OBSERVED_SYMBOL_HISTORY_NOT_STITCHED,False,exact_observed_symbol_no_fuzzy_merge
INDIANB,2020-01-01,2026-09-11,1660,,1,OBSERVED_SYMBOL_HISTORY_NOT_STITCHED,False,exact_observed_symbol_no_fuzzy_merge
INDIANCARD,2020-01-01,2026-09-11,1497,,1,OBSERVED_SYMBOL_HISTORY_NOT_STITCHED,False,exact_observed_symbol_no_fuzzy_merge
INDIANHUME,2020-01-01,2026-09-11,1660,,1,OBSERVED_SYMBOL_HISTORY_NOT_STITCHED,False,exact_observed_symbol_no_fuzzy_merge
INDIASHLTR,2023-12-20,2026-09-11,675,,1,OBSERVED_SYMBOL_HISTORY_NOT_STITCHED,False,exact_observed_symbol_no_fuzzy_merge
INDIGO,2020-01-01,2026-09-11,1660,,1,OBSERVED_SYMBOL_HISTORY_NOT_STITCHED,False,exact_observed_symbol_no_fuzzy_merge
INDIGOPNTS,2021-02-02,2026-09-11,1388,,1,OBSERVED_SYMBOL_HISTORY_NOT_STITCHED,False,exact_observed_symbol_no_fuzzy_merge
INDIQUBE,2025-07-30,2026-09-11,277,,1,OBSERVED_SYMBOL_HISTORY_NOT_STITCHED,False,exact_observed_symbol_no_fuzzy_merge
INDLMETER,2020-03-04,2022-04-20,368,,0,OBSERVED_SYMBOL_HISTORY_NOT_STITCHED,False,exact_observed_symbol_no_fuzzy_merge
INDNIPPON,2020-01-01,2026-09-11,1660,,1,OBSERVED_SYMBOL_HISTORY_NOT_STITCHED,False,exact_observed_symbol_no_fuzzy_merge
INDOAMIN,2022-04-29,2026-06-25,1027,,1,OBSERVED_SYMBOL_HISTORY_NOT_STITCHED,False,exact_observed_symbol_no_fuzzy_merge
INDOBORAX,2022-03-29,2026-09-11,982,,1,OBSERVED_SYMBOL_HISTORY_NOT_STITCHED,False,exact_observed_symbol_no_fuzzy_merge
INDOCO,2020-01-01,2026-09-11,1660,,1,OBSERVED_SYMBOL_HISTORY_NOT_STITCHED,False,exact_observed_symbol_no_fuzzy_merge
INDOFARM,2025-01-07,2026-09-11,348,,1,OBSERVED_SYMBOL_HISTORY_NOT_STITCHED,False,exact_observed_symbol_no_fuzzy_merge
INDOKEM,2026-08-17,2026-09-11,20,,1,OBSERVED_SYMBOL_HISTORY_NOT_STITCHED,False,exact_observed_symbol_no_fuzzy_merge
INDOMIM,2026-07-30,2026-09-11,32,,1,OBSERVED_SYMBOL_HISTORY_NOT_STITCHED,False,exact_observed_symbol_no_fuzzy_merge
INDORAMA,2020-01-01,2026-09-11,1537,,1,OBSERVED_SYMBOL_HISTORY_NOT_STITCHED,False,exact_observed_symbol_no_fuzzy_merge
INDOSTAR,2020-01-01,2026-09-11,1291,,1,OBSERVED_SYMBOL_HISTORY_NOT_STITCHED,False,exact_observed_symbol_no_fuzzy_merge
INDOTECH,2020-03-04,2026-09-11,1197,,1,OBSERVED_SYMBOL_HISTORY_NOT_STITCHED,False,exact_observed_symbol_no_fuzzy_merge
INDOTHAI,2020-01-01,2026-09-11,875,,2,MULTIPLE_ISIN_OBSERVED_NO_IDENTITY_INFERENCE,True,exact_observed_symbol_no_fuzzy_merge
INDOUS,2024-09-27,2026-09-11,402,,1,OBSERVED_SYMBOL_HISTORY_NOT_STITCHED,False,exact_observed_symbol_no_fuzzy_merge
INDOWIND,2020-01-01,2026-09-11,851,,1,OBSERVED_SYMBOL_HISTORY_NOT_STITCHED,False,exact_observed_symbol_no_fuzzy_merge
INDPRUD,2026-04-20,2026-09-11,97,,1,OBSERVED_SYMBOL_HISTORY_NOT_STITCHED,False,exact_observed_symbol_no_fuzzy_merge
INDRAMEDCO,2020-01-01,2026-09-11,1348,,1,OBSERVED_SYMBOL_HISTORY_NOT_STITCHED,False,exact_observed_symbol_no_fuzzy_merge
INDSWFTLAB,2020-01-01,2026-09-11,1443,,1,OBSERVED_SYMBOL_HISTORY_NOT_STITCHED,False,exact_observed_symbol_no_fuzzy_merge
INDSWFTLTD,2020-01-01,2025-08-13,716,,1,OBSERVED_SYMBOL_HISTORY_NOT_STITCHED,False,exact_observed_symbol_no_fuzzy_merge
INDTERRAIN,2020-01-01,2026-09-11,1593,,1,OBSERVED_SYMBOL_HISTORY_NOT_STITCHED,False,exact_observed_symbol_no_fuzzy_merge
INDUSINDBK,2020-01-01,2026-09-11,1660,,1,OBSERVED_SYMBOL_HISTORY_NOT_STITCHED,False,exact_observed_symbol_no_fuzzy_merge
INDUSTOWER,2020-12-18,2026-09-11,1418,,1,OBSERVED_SYMBOL_HISTORY_NOT_STITCHED,False,exact_observed_symbol_no_fuzzy_merge
INEOSSTYRO,2020-01-01,2023-01-19,761,,0,OBSERVED_SYMBOL_HISTORY_NOT_STITCHED,False,exact_observed_symbol_no_fuzzy_merge
INFIBEAM,2020-01-01,2026-02-02,1489,CCAVENUE,1,OBJECTIVE_SAME_ISIN_ALIAS_OBSERVED_NO_STITCH,True,exact_observed_symbol_no_fuzzy_merge
INFOBEAN,2020-01-01,2026-09-11,1523,,1,OBSERVED_SYMBOL_HISTORY_NOT_STITCHED,False,exact_observed_symbol_no_fuzzy_merge
INFOMEDIA,2020-03-12,2026-09-11,663,,1,OBSERVED_SYMBOL_HISTORY_NOT_STITCHED,False,exact_observed_symbol_no_fuzzy_merge
INFRA,2026-02-18,2026-09-11,140,,1,OBSERVED_SYMBOL_HISTORY_NOT_STITCHED,False,exact_observed_symbol_no_fuzzy_merge
INFRABEES,2020-01-01,2026-09-11,1660,,1,OBSERVED_SYMBOL_HISTORY_NOT_STITCHED,False,exact_observed_symbol_no_fuzzy_merge
INFRAIETF,2023-12-20,2026-09-11,675,,1,OBSERVED_SYMBOL_HISTORY_NOT_STITCHED,False,exact_observed_symbol_no_fuzzy_merge
INFRATEL,2020-01-01,2020-12-17,242,,0,OBSERVED_SYMBOL_HISTORY_NOT_STITCHED,False,exact_observed_symbol_no_fuzzy_merge
INFY,2020-01-01,2026-09-11,1660,,1,OBSERVED_SYMBOL_HISTORY_NOT_STITCHED,False,exact_observed_symbol_no_fuzzy_merge
INGERRAND,2020-01-01,2026-09-11,1660,,1,OBSERVED_SYMBOL_HISTORY_NOT_STITCHED,False,exact_observed_symbol_no_fuzzy_merge
INNOVACAP,2023-12-29,2026-09-11,669,,1,OBSERVED_SYMBOL_HISTORY_NOT_STITCHED,False,exact_observed_symbol_no_fuzzy_merge
INNOVANA,2024-12-17,2026-09-11,370,,1,OBSERVED_SYMBOL_HISTORY_NOT_STITCHED,False,exact_observed_symbol_no_fuzzy_merge
INNOVISION,2026-03-23,2026-09-11,118,,1,OBSERVED_SYMBOL_HISTORY_NOT_STITCHED,False,exact_observed_symbol_no_fuzzy_merge
INOXGREEN,2022-11-23,2026-09-11,819,,1,OBSERVED_SYMBOL_HISTORY_NOT_STITCHED,False,exact_observed_symbol_no_fuzzy_merge
INOXINDIA,2023-12-21,2026-09-11,674,,1,OBSERVED_SYMBOL_HISTORY_NOT_STITCHED,False,exact_observed_symbol_no_fuzzy_merge
INOXLEISUR,2020-01-01,2023-02-16,780,,0,OBSERVED_SYMBOL_HISTORY_NOT_STITCHED,False,exact_observed_symbol_no_fuzzy_merge
INOXWIND,2020-01-01,2026-09-11,1660,,1,OBSERVED_SYMBOL_HISTORY_NOT_STITCHED,False,exact_observed_symbol_no_fuzzy_merge
INSECTICID,2020-01-01,2026-09-11,1660,,1,OBSERVED_SYMBOL_HISTORY_NOT_STITCHED,False,exact_observed_symbol_no_fuzzy_merge
INSPIRISYS,2020-01-01,2026-09-11,916,,1,OBSERVED_SYMBOL_HISTORY_NOT_STITCHED,False,exact_observed_symbol_no_fuzzy_merge
INSUREIETF,2026-08-05,2026-09-11,28,,1,OBSERVED_SYMBOL_HISTORY_NOT_STITCHED,False,exact_observed_symbol_no_fuzzy_merge
INTEGRA,2020-01-01,2021-02-24,56,,0,OBSERVED_SYMBOL_HISTORY_NOT_STITCHED,False,exact_observed_symbol_no_fuzzy_merge
INTELLECT,2020-01-01,2026-09-11,1660,,1,OBSERVED_SYMBOL_HISTORY_NOT_STITCHED,False,exact_observed_symbol_no_fuzzy_merge
INTENTECH,2020-01-01,2026-09-11,1438,,1,OBSERVED_SYMBOL_HISTORY_NOT_STITCHED,False,exact_observed_symbol_no_fuzzy_merge
INTERARCH,2024-08-26,2026-09-11,450,,1,OBSERVED_SYMBOL_HISTORY_NOT_STITCHED,False,exact_observed_symbol_no_fuzzy_merge
INTERNET,2025-07-08,2026-09-11,293,,1,OBSERVED_SYMBOL_HISTORY_NOT_STITCHED,False,exact_observed_symbol_no_fuzzy_merge
INTLCONV,2021-09-16,2026-09-11,1235,,1,OBSERVED_SYMBOL_HISTORY_NOT_STITCHED,False,exact_observed_symbol_no_fuzzy_merge
INVENTURE,2020-01-01,2026-09-11,1541,,1,OBSERVED_SYMBOL_HISTORY_NOT_STITCHED,False,exact_observed_symbol_no_fuzzy_merge
INVPRECQ,2026-04-20,2026-07-24,67,,1,OBSERVED_SYMBOL_HISTORY_NOT_STITCHED,False,exact_observed_symbol_no_fuzzy_merge
IOB,2020-01-01,2026-09-11,1660,,1,OBSERVED_SYMBOL_HISTORY_NOT_STITCHED,False,exact_observed_symbol_no_fuzzy_merge
IOC,2020-01-01,2026-09-11,1660,,1,OBSERVED_SYMBOL_HISTORY_NOT_STITCHED,False,exact_observed_symbol_no_fuzzy_merge
IOLCP,2020-01-01,2026-09-11,1660,,2,MULTIPLE_ISIN_OBSERVED_NO_IDENTITY_INFERENCE,True,exact_observed_symbol_no_fuzzy_merge
IONEXCHANG,2022-02-22,2026-09-11,1126,,1,OBSERVED_SYMBOL_HISTORY_NOT_STITCHED,False,exact_observed_symbol_no_fuzzy_merge
IPAPPM,2020-01-01,2020-01-21,15,,0,OBSERVED_SYMBOL_HISTORY_NOT_STITCHED,False,exact_observed_symbol_no_fuzzy_merge
IPCALAB,2020-01-01,2026-09-11,1660,,1,OBSERVED_SYMBOL_HISTORY_NOT_STITCHED,False,exact_observed_symbol_no_fuzzy_merge
IPL,2021-07-05,2026-09-11,1285,,1,OBSERVED_SYMBOL_HISTORY_NOT_STITCHED,False,exact_observed_symbol_no_fuzzy_merge
IPRINGLTD,2026-08-17,2026-09-11,20,,1,OBSERVED_SYMBOL_HISTORY_NOT_STITCHED,False,exact_observed_symbol_no_fuzzy_merge
IRB,2020-01-01,2026-09-11,1660,,1,OBSERVED_SYMBOL_HISTORY_NOT_STITCHED,False,exact_observed_symbol_no_fuzzy_merge
IRCON,2020-01-01,2026-09-11,1660,,1,OBSERVED_SYMBOL_HISTORY_NOT_STITCHED,False,exact_observed_symbol_no_fuzzy_merge
IRCTC,2020-01-01,2026-09-11,1660,,1,OBSERVED_SYMBOL_HISTORY_NOT_STITCHED,False,exact_observed_symbol_no_fuzzy_merge
IREDA,2023-11-29,2026-09-11,690,,1,OBSERVED_SYMBOL_HISTORY_NOT_STITCHED,False,exact_observed_symbol_no_fuzzy_merge
IRFC,2021-01-29,2026-09-11,1390,,1,OBSERVED_SYMBOL_HISTORY_NOT_STITCHED,False,exact_observed_symbol_no_fuzzy_merge
IRIS,2021-11-08,2026-09-11,818,,1,OBSERVED_SYMBOL_HISTORY_NOT_STITCHED,False,exact_observed_symbol_no_fuzzy_merge
IRISDOREME,2021-02-22,2026-09-11,1214,,1,OBSERVED_SYMBOL_HISTORY_NOT_STITCHED,False,exact_observed_symbol_no_fuzzy_merge
IRMENERGY,2023-10-26,2026-09-11,712,,1,OBSERVED_SYMBOL_HISTORY_NOT_STITCHED,False,exact_observed_symbol_no_fuzzy_merge
ISEC,2020-01-01,2025-03-21,1296,,1,OBSERVED_SYMBOL_HISTORY_NOT_STITCHED,False,exact_observed_symbol_no_fuzzy_merge
ISFT,2020-01-01,2026-09-11,1535,,1,OBSERVED_SYMBOL_HISTORY_NOT_STITCHED,False,exact_observed_symbol_no_fuzzy_merge
ISGEC,2021-05-05,2026-09-11,1327,,1,OBSERVED_SYMBOL_HISTORY_NOT_STITCHED,False,exact_observed_symbol_no_fuzzy_merge
ISHANCH,2025-03-24,2026-09-11,271,,1,OBSERVED_SYMBOL_HISTORY_NOT_STITCHED,False,exact_observed_symbol_no_fuzzy_merge
ISMTLTD,2020-01-01,2024-08-05,857,,1,OBSERVED_SYMBOL_HISTORY_NOT_STITCHED,False,exact_observed_symbol_no_fuzzy_merge
ISTLTD,2026-08-17,2026-09-11,20,,1,OBSERVED_SYMBOL_HISTORY_NOT_STITCHED,False,exact_observed_symbol_no_fuzzy_merge
IT,2024-03-20,2026-09-11,613,,1,OBSERVED_SYMBOL_HISTORY_NOT_STITCHED,False,exact_observed_symbol_no_fuzzy_merge
ITADD,2025-12-15,2026-09-11,184,ITETFADD,1,OBJECTIVE_SAME_ISIN_ALIAS_OBSERVED_NO_STITCH,True,exact_observed_symbol_no_fuzzy_merge
ITAXIS,2026-07-03,2026-09-11,51,AXISTECETF,1,OBJECTIVE_SAME_ISIN_ALIAS_OBSERVED_NO_STITCH,True,exact_observed_symbol_no_fuzzy_merge
ITBEES,2022-05-10,2026-09-11,1076,,1,OBSERVED_SYMBOL_HISTORY_NOT_STITCHED,False,exact_observed_symbol_no_fuzzy_merge
ITBETA,2025-12-24,2026-09-11,177,NIFITETF,1,OBJECTIVE_SAME_ISIN_ALIAS_OBSERVED_NO_STITCH,True,exact_observed_symbol_no_fuzzy_merge
ITC,2020-01-01,2026-09-11,1660,,1,OBSERVED_SYMBOL_HISTORY_NOT_STITCHED,False,exact_observed_symbol_no_fuzzy_merge
ITCHOTELS,2025-02-11,2026-09-11,391,,1,OBSERVED_SYMBOL_HISTORY_NOT_STITCHED,False,exact_observed_symbol_no_fuzzy_merge
ITDC,2020-01-01,2026-09-11,1660,,1,OBSERVED_SYMBOL_HISTORY_NOT_STITCHED,False,exact_observed_symbol_no_fuzzy_merge
ITDCEM,2020-01-01,2025-09-16,1416,CEMPRO,1,OBJECTIVE_SAME_ISIN_ALIAS_OBSERVED_NO_STITCH,True,exact_observed_symbol_no_fuzzy_merge
ITETF,2023-10-27,2026-09-11,711,,1,OBSERVED_SYMBOL_HISTORY_NOT_STITCHED,False,exact_observed_symbol_no_fuzzy_merge
ITETFADD,2024-02-15,2025-12-12,452,ITADD,1,OBJECTIVE_SAME_ISIN_ALIAS_OBSERVED_NO_STITCH,True,exact_observed_symbol_no_fuzzy_merge
ITI,2020-01-01,2026-09-11,1599,,1,OBSERVED_SYMBOL_HISTORY_NOT_STITCHED,False,exact_observed_symbol_no_fuzzy_merge
ITIETF,2023-12-20,2026-09-11,675,,1,OBSERVED_SYMBOL_HISTORY_NOT_STITCHED,False,exact_observed_symbol_no_fuzzy_merge
ITL,2026-08-17,2026-09-11,20,,1,OBSERVED_SYMBOL_HISTORY_NOT_STITCHED,False,exact_observed_symbol_no_fuzzy_merge
IVALUE,2025-09-25,2026-09-11,238,,1,OBSERVED_SYMBOL_HISTORY_NOT_STITCHED,False,exact_observed_symbol_no_fuzzy_merge
IVC,2020-01-01,2026-09-11,1209,,1,OBSERVED_SYMBOL_HISTORY_NOT_STITCHED,False,exact_observed_symbol_no_fuzzy_merge
IVP,2020-01-01,2026-07-08,1284,,1,OBSERVED_SYMBOL_HISTORY_NOT_STITCHED,False,exact_observed_symbol_no_fuzzy_merge
IVZBANKNF,2026-08-21,2026-09-11,16,,1,OBSERVED_SYMBOL_HISTORY_NOT_STITCHED,False,exact_observed_symbol_no_fuzzy_merge
IVZINGOLD,2020-01-01,2026-09-11,1649,,2,MULTIPLE_ISIN_OBSERVED_NO_IDENTITY_INFERENCE,True,exact_observed_symbol_no_fuzzy_merge
IVZINNIFTY,2020-01-01,2026-09-11,1392,,2,MULTIPLE_ISIN_OBSERVED_NO_IDENTITY_INFERENCE,True,exact_observed_symbol_no_fuzzy_merge
IVZSENSEX,2026-08-21,2026-09-11,16,,1,OBSERVED_SYMBOL_HISTORY_NOT_STITCHED,False,exact_observed_symbol_no_fuzzy_merge
IWEL,2021-06-25,2025-06-19,656,,1,OBSERVED_SYMBOL_HISTORY_NOT_STITCHED,False,exact_observed_symbol_no_fuzzy_merge
IWP,2026-04-20,2026-09-11,102,,1,OBSERVED_SYMBOL_HISTORY_NOT_STITCHED,False,exact_observed_symbol_no_fuzzy_merge
IXIGO,2024-06-18,2026-09-11,555,,1,OBSERVED_SYMBOL_HISTORY_NOT_STITCHED,False,exact_observed_symbol_no_fuzzy_merge
IZMO,2020-01-01,2026-09-11,1127,,1,OBSERVED_SYMBOL_HISTORY_NOT_STITCHED,False,exact_observed_symbol_no_fuzzy_merge
J&KBANK,2020-01-01,2026-09-11,1660,,1,OBSERVED_SYMBOL_HISTORY_NOT_STITCHED,False,exact_observed_symbol_no_fuzzy_merge
JAGRAN,2020-01-01,2026-09-11,1660,,1,OBSERVED_SYMBOL_HISTORY_NOT_STITCHED,False,exact_observed_symbol_no_fuzzy_merge
JAGSNPHARM,2020-01-01,2026-09-11,1660,,2,MULTIPLE_ISIN_OBSERVED_NO_IDENTITY_INFERENCE,True,exact_observed_symbol_no_fuzzy_merge
JAIBALAJI,2020-01-01,2026-09-11,1195,,2,MULTIPLE_ISIN_OBSERVED_NO_IDENTITY_INFERENCE,True,exact_observed_symbol_no_fuzzy_merge
JAICORPLTD,2020-01-01,2026-09-11,1660,,1,OBSERVED_SYMBOL_HISTORY_NOT_STITCHED,False,exact_observed_symbol_no_fuzzy_merge
JAINREC,2025-10-01,2026-09-11,234,,1,OBSERVED_SYMBOL_HISTORY_NOT_STITCHED,False,exact_observed_symbol_no_fuzzy_merge
JAIPURKURT,2021-09-02,2026-09-11,1079,,1,OBSERVED_SYMBOL_HISTORY_NOT_STITCHED,False,exact_observed_symbol_no_fuzzy_merge
JAMNAAUTO,2020-01-01,2026-09-11,1660,,1,OBSERVED_SYMBOL_HISTORY_NOT_STITCHED,False,exact_observed_symbol_no_fuzzy_merge
JARO,2025-09-30,2026-09-11,235,,1,OBSERVED_SYMBOL_HISTORY_NOT_STITCHED,False,exact_observed_symbol_no_fuzzy_merge
JASH,2020-01-01,2026-09-11,1607,,2,MULTIPLE_ISIN_OBSERVED_NO_IDENTITY_INFERENCE,True,exact_observed_symbol_no_fuzzy_merge
JAYAGROGN,2020-01-01,2026-09-11,1638,,1,OBSERVED_SYMBOL_HISTORY_NOT_STITCHED,False,exact_observed_symbol_no_fuzzy_merge
JAYBARMARU,2020-01-01,2026-09-11,1597,,1,OBSERVED_SYMBOL_HISTORY_NOT_STITCHED,False,exact_observed_symbol_no_fuzzy_merge
JAYKAY,2025-12-03,2026-09-11,192,,1,OBSERVED_SYMBOL_HISTORY_NOT_STITCHED,False,exact_observed_symbol_no_fuzzy_merge
JAYNECOIND,2020-01-01,2026-09-11,1333,,1,OBSERVED_SYMBOL_HISTORY_NOT_STITCHED,False,exact_observed_symbol_no_fuzzy_merge
JAYSREETEA,2020-01-01,2026-09-11,1631,,1,OBSERVED_SYMBOL_HISTORY_NOT_STITCHED,False,exact_observed_symbol_no_fuzzy_merge
JBCHEPHARM,2020-01-01,2026-07-16,1619,,1,OBSERVED_SYMBOL_HISTORY_NOT_STITCHED,False,exact_observed_symbol_no_fuzzy_merge
JBFIND,2020-01-01,2023-01-20,400,,0,OBSERVED_SYMBOL_HISTORY_NOT_STITCHED,False,exact_observed_symbol_no_fuzzy_merge
JBMA,2020-01-01,2026-09-11,1598,,2,MULTIPLE_ISIN_OBSERVED_NO_IDENTITY_INFERENCE,True,exact_observed_symbol_no_fuzzy_merge
JCHAC,2020-01-01,2025-12-23,1483,BOSCH-HCIL,1,OBJECTIVE_SAME_ISIN_ALIAS_OBSERVED_NO_STITCH,True,exact_observed_symbol_no_fuzzy_merge
JENBURPH,2026-08-17,2026-09-11,20,,1,OBSERVED_SYMBOL_HISTORY_NOT_STITCHED,False,exact_observed_symbol_no_fuzzy_merge
JETFREIGHT,2021-12-21,2026-09-11,921,,1,OBSERVED_SYMBOL_HISTORY_NOT_STITCHED,False,exact_observed_symbol_no_fuzzy_merge
JGCHEM,2024-03-13,2026-09-11,618,,1,OBSERVED_SYMBOL_HISTORY_NOT_STITCHED,False,exact_observed_symbol_no_fuzzy_merge
JHS,2020-01-01,2026-09-11,1241,,1,OBSERVED_SYMBOL_HISTORY_NOT_STITCHED,False,exact_observed_symbol_no_fuzzy_merge
JINDALPHOT,2020-01-01,2026-09-11,1464,,1,OBSERVED_SYMBOL_HISTORY_NOT_STITCHED,False,exact_observed_symbol_no_fuzzy_merge
JINDALPOLY,2020-01-13,2026-09-11,1652,,1,OBSERVED_SYMBOL_HISTORY_NOT_STITCHED,False,exact_observed_symbol_no_fuzzy_merge
JINDALSAW,2020-01-01,2026-09-11,1660,,2,MULTIPLE_ISIN_OBSERVED_NO_IDENTITY_INFERENCE,True,exact_observed_symbol_no_fuzzy_merge
JINDALSTEL,2020-01-01,2026-09-11,1660,,1,OBSERVED_SYMBOL_HISTORY_NOT_STITCHED,False,exact_observed_symbol_no_fuzzy_merge
JINDRILL,2020-01-01,2026-09-11,1617,,1,OBSERVED_SYMBOL_HISTORY_NOT_STITCHED,False,exact_observed_symbol_no_fuzzy_merge
JINDWORLD,2020-01-01,2026-09-11,1579,,1,OBSERVED_SYMBOL_HISTORY_NOT_STITCHED,False,exact_observed_symbol_no_fuzzy_merge
JIOFIN,2023-09-04,2026-09-11,747,,1,OBSERVED_SYMBOL_HISTORY_NOT_STITCHED,False,exact_observed_symbol_no_fuzzy_merge
JISLDVREQS,2020-01-01,2026-09-11,1382,,1,OBSERVED_SYMBOL_HISTORY_NOT_STITCHED,False,exact_observed_symbol_no_fuzzy_merge
JISLJALEQS,2020-01-01,2026-09-11,1579,,1,OBSERVED_SYMBOL_HISTORY_NOT_STITCHED,False,exact_observed_symbol_no_fuzzy_merge
JITFINFRA,2023-11-22,2026-09-11,349,,1,OBSERVED_SYMBOL_HISTORY_NOT_STITCHED,False,exact_observed_symbol_no_fuzzy_merge
JIYAECO,2020-01-01,2020-11-23,225,,0,OBSERVED_SYMBOL_HISTORY_NOT_STITCHED,False,exact_observed_symbol_no_fuzzy_merge
JKCEMENT,2020-01-01,2026-09-11,1660,,1,OBSERVED_SYMBOL_HISTORY_NOT_STITCHED,False,exact_observed_symbol_no_fuzzy_merge
JKIL,2020-01-01,2026-09-11,1660,,1,OBSERVED_SYMBOL_HISTORY_NOT_STITCHED,False,exact_observed_symbol_no_fuzzy_merge
JKIPL,2025-10-17,2026-09-11,146,,1,OBSERVED_SYMBOL_HISTORY_NOT_STITCHED,False,exact_observed_symbol_no_fuzzy_merge
JKLAKSHMI,2020-01-01,2026-09-11,1660,,1,OBSERVED_SYMBOL_HISTORY_NOT_STITCHED,False,exact_observed_symbol_no_fuzzy_merge
JKPAPER,2020-01-01,2026-09-11,1660,,1,OBSERVED_SYMBOL_HISTORY_NOT_STITCHED,False,exact_observed_symbol_no_fuzzy_merge
JKTYRE,2020-01-01,2026-09-11,1660,,1,OBSERVED_SYMBOL_HISTORY_NOT_STITCHED,False,exact_observed_symbol_no_fuzzy_merge
JLHL,2023-09-18,2026-09-11,737,,2,MULTIPLE_ISIN_OBSERVED_NO_IDENTITY_INFERENCE,True,exact_observed_symbol_no_fuzzy_merge
JMA,2020-01-01,2026-09-11,1597,,1,OBSERVED_SYMBOL_HISTORY_NOT_STITCHED,False,exact_observed_symbol_no_fuzzy_merge
JMCPROJECT,2020-01-01,2023-01-10,754,,0,OBSERVED_SYMBOL_HISTORY_NOT_STITCHED,False,exact_observed_symbol_no_fuzzy_merge
JMFINANCIL,2020-01-01,2026-09-11,1660,,1,OBSERVED_SYMBOL_HISTORY_NOT_STITCHED,False,exact_observed_symbol_no_fuzzy_merge
JMTAUTOLTD,2020-01-01,2021-10-22,319,,0,OBSERVED_SYMBOL_HISTORY_NOT_STITCHED,False,exact_observed_symbol_no_fuzzy_merge
JNKINDIA,2024-04-30,2026-09-11,531,,1,OBSERVED_SYMBOL_HISTORY_NOT_STITCHED,False,exact_observed_symbol_no_fuzzy_merge
JNPR,2026-08-06,2026-09-11,27,,1,OBSERVED_SYMBOL_HISTORY_NOT_STITCHED,False,exact_observed_symbol_no_fuzzy_merge
JOCIL,2020-01-01,2026-09-11,1592,,1,OBSERVED_SYMBOL_HISTORY_NOT_STITCHED,False,exact_observed_symbol_no_fuzzy_merge
JPASSOCIAT,2020-01-01,2024-06-05,1033,,0,OBSERVED_SYMBOL_HISTORY_NOT_STITCHED,False,exact_observed_symbol_no_fuzzy_merge
JPINFRATEC,2020-01-01,2022-05-24,459,,0,OBSERVED_SYMBOL_HISTORY_NOT_STITCHED,False,exact_observed_symbol_no_fuzzy_merge
JPOLYINVST,2020-01-01,2026-09-11,1372,,1,OBSERVED_SYMBOL_HISTORY_NOT_STITCHED,False,exact_observed_symbol_no_fuzzy_merge
JPPOWER,2020-01-01,2026-09-11,1570,,1,OBSERVED_SYMBOL_HISTORY_NOT_STITCHED,False,exact_observed_symbol_no_fuzzy_merge
JSFB,2024-02-14,2026-09-11,637,,1,OBSERVED_SYMBOL_HISTORY_NOT_STITCHED,False,exact_observed_symbol_no_fuzzy_merge
JSL,2020-01-01,2026-09-11,1660,,1,OBSERVED_SYMBOL_HISTORY_NOT_STITCHED,False,exact_observed_symbol_no_fuzzy_merge
JSLHISAR,2020-01-01,2023-03-08,793,,0,OBSERVED_SYMBOL_HISTORY_NOT_STITCHED,False,exact_observed_symbol_no_fuzzy_merge
JSLL,2025-08-11,2026-09-11,269,,1,OBSERVED_SYMBOL_HISTORY_NOT_STITCHED,False,exact_observed_symbol_no_fuzzy_merge
JSWCEMENT,2025-08-14,2026-09-11,266,,1,OBSERVED_SYMBOL_HISTORY_NOT_STITCHED,False,exact_observed_symbol_no_fuzzy_merge
JSWDULUX,2026-04-15,2026-09-11,105,AKZOINDIA,1,OBJECTIVE_SAME_ISIN_ALIAS_OBSERVED_NO_STITCH,True,exact_observed_symbol_no_fuzzy_merge
JSWENERGY,2020-01-01,2026-09-11,1478,,1,OBSERVED_SYMBOL_HISTORY_NOT_STITCHED,False,exact_observed_symbol_no_fuzzy_merge
JSWHL,2020-01-01,2026-09-11,1519,,1,OBSERVED_SYMBOL_HISTORY_NOT_STITCHED,False,exact_observed_symbol_no_fuzzy_merge
JSWINFRA,2023-10-03,2026-09-11,728,,1,OBSERVED_SYMBOL_HISTORY_NOT_STITCHED,False,exact_observed_symbol_no_fuzzy_merge
JSWISPL,2020-10-12,2023-08-09,638,,0,OBSERVED_SYMBOL_HISTORY_NOT_STITCHED,False,exact_observed_symbol_no_fuzzy_merge
JSWSTEEL,2020-01-01,2026-09-11,1660,,1,OBSERVED_SYMBOL_HISTORY_NOT_STITCHED,False,exact_observed_symbol_no_fuzzy_merge
JTEKTINDIA,2020-01-01,2026-09-11,1660,,1,OBSERVED_SYMBOL_HISTORY_NOT_STITCHED,False,exact_observed_symbol_no_fuzzy_merge
JTLIND,2022-11-21,2026-09-11,943,,2,MULTIPLE_ISIN_OBSERVED_NO_IDENTITY_INFERENCE,True,exact_observed_symbol_no_fuzzy_merge
JTLINFRA,2021-12-23,2022-11-18,225,,0,OBSERVED_SYMBOL_HISTORY_NOT_STITCHED,False,exact_observed_symbol_no_fuzzy_merge
JUBILANT,2020-01-01,2021-02-03,274,,0,OBSERVED_SYMBOL_HISTORY_NOT_STITCHED,False,exact_observed_symbol_no_fuzzy_merge
JUBLCPL,2025-03-03,2026-09-11,321,,1,OBSERVED_SYMBOL_HISTORY_NOT_STITCHED,False,exact_observed_symbol_no_fuzzy_merge
JUBLFOOD,2020-01-01,2026-09-11,1660,,1,OBSERVED_SYMBOL_HISTORY_NOT_STITCHED,False,exact_observed_symbol_no_fuzzy_merge
JUBLINDS,2020-01-01,2024-10-25,1106,,1,OBSERVED_SYMBOL_HISTORY_NOT_STITCHED,False,exact_observed_symbol_no_fuzzy_merge
JUBLINGREA,2021-04-06,2026-09-11,1346,,1,OBSERVED_SYMBOL_HISTORY_NOT_STITCHED,False,exact_observed_symbol_no_fuzzy_merge
JUBLPHARMA,2021-02-18,2026-09-11,1376,,1,OBSERVED_SYMBOL_HISTORY_NOT_STITCHED,False,exact_observed_symbol_no_fuzzy_merge
JUMPNET,2020-01-01,2021-12-21,491,,0,OBSERVED_SYMBOL_HISTORY_NOT_STITCHED,False,exact_observed_symbol_no_fuzzy_merge
JUNIORBEES,2020-01-01,2026-09-11,1660,,1,OBSERVED_SYMBOL_HISTORY_NOT_STITCHED,False,exact_observed_symbol_no_fuzzy_merge
JUNIPER,2024-02-28,2026-09-11,627,,1,OBSERVED_SYMBOL_HISTORY_NOT_STITCHED,False,exact_observed_symbol_no_fuzzy_merge
JUSTDIAL,2020-01-01,2026-09-11,1660,,1,OBSERVED_SYMBOL_HISTORY_NOT_STITCHED,False,exact_observed_symbol_no_fuzzy_merge
JWL,2022-06-20,2026-09-11,990,,1,OBSERVED_SYMBOL_HISTORY_NOT_STITCHED,False,exact_observed_symbol_no_fuzzy_merge
JYOTHYLAB,2020-01-01,2026-09-11,1660,,1,OBSERVED_SYMBOL_HISTORY_NOT_STITCHED,False,exact_observed_symbol_no_fuzzy_merge
JYOTICNC,2024-01-16,2026-09-11,657,,1,OBSERVED_SYMBOL_HISTORY_NOT_STITCHED,False,exact_observed_symbol_no_fuzzy_merge
JYOTIRES,2026-08-17,2026-09-11,20,,1,OBSERVED_SYMBOL_HISTORY_NOT_STITCHED,False,exact_observed_symbol_no_fuzzy_merge
JYOTISTRUC,2024-01-20,2026-09-11,553,,1,OBSERVED_SYMBOL_HISTORY_NOT_STITCHED,False,exact_observed_symbol_no_fuzzy_merge
KABRAEXTRU,2020-01-01,2026-09-11,1597,,1,OBSERVED_SYMBOL_HISTORY_NOT_STITCHED,False,exact_observed_symbol_no_fuzzy_merge
KAJARIACER,2020-01-01,2026-09-11,1660,,1,OBSERVED_SYMBOL_HISTORY_NOT_STITCHED,False,exact_observed_symbol_no_fuzzy_merge
KAKATCEM,2020-01-01,2026-09-11,1590,,1,OBSERVED_SYMBOL_HISTORY_NOT_STITCHED,False,exact_observed_symbol_no_fuzzy_merge
KALAMANDIR,2023-09-27,2026-09-11,731,,1,OBSERVED_SYMBOL_HISTORY_NOT_STITCHED,False,exact_observed_symbol_no_fuzzy_merge
KALPATARU,2025-07-01,2026-09-11,298,,1,OBSERVED_SYMBOL_HISTORY_NOT_STITCHED,False,exact_observed_symbol_no_fuzzy_merge
KALPATPOWR,2020-01-01,2023-06-05,851,,0,OBSERVED_SYMBOL_HISTORY_NOT_STITCHED,False,exact_observed_symbol_no_fuzzy_merge
KALYANIFRG,2024-02-22,2026-09-02,433,,1,OBSERVED_SYMBOL_HISTORY_NOT_STITCHED,False,exact_observed_symbol_no_fuzzy_merge
KALYANKJIL,2021-03-26,2026-09-11,1351,,1,OBSERVED_SYMBOL_HISTORY_NOT_STITCHED,False,exact_observed_symbol_no_fuzzy_merge
KAMAHOLD,2026-04-20,2026-09-11,102,,1,OBSERVED_SYMBOL_HISTORY_NOT_STITCHED,False,exact_observed_symbol_no_fuzzy_merge
KAMANWALA,2026-08-17,2026-09-11,20,,1,OBSERVED_SYMBOL_HISTORY_NOT_STITCHED,False,exact_observed_symbol_no_fuzzy_merge
KAMATHOTEL,2020-01-01,2026-09-11,1493,,1,OBSERVED_SYMBOL_HISTORY_NOT_STITCHED,False,exact_observed_symbol_no_fuzzy_merge
KAMDHENU,2020-01-01,2026-06-18,1495,,2,MULTIPLE_ISIN_OBSERVED_NO_IDENTITY_INFERENCE,True,exact_observed_symbol_no_fuzzy_merge
KAMOPAINTS,2023-02-08,2026-09-11,606,,1,OBSERVED_SYMBOL_HISTORY_NOT_STITCHED,False,exact_observed_symbol_no_fuzzy_merge
KANANIIND,2020-01-01,2026-09-11,1173,,1,OBSERVED_SYMBOL_HISTORY_NOT_STITCHED,False,exact_observed_symbol_no_fuzzy_merge
KANCHI,2026-04-20,2026-09-11,32,,1,OBSERVED_SYMBOL_HISTORY_NOT_STITCHED,False,exact_observed_symbol_no_fuzzy_merge
KANCOTEA,2026-08-17,2026-09-11,20,,1,OBSERVED_SYMBOL_HISTORY_NOT_STITCHED,False,exact_observed_symbol_no_fuzzy_merge
KANORICHEM,2020-01-01,2026-05-18,1511,,1,OBSERVED_SYMBOL_HISTORY_NOT_STITCHED,False,exact_observed_symbol_no_fuzzy_merge
KANPRPLA,2021-01-01,2026-09-11,1342,,1,OBSERVED_SYMBOL_HISTORY_NOT_STITCHED,False,exact_observed_symbol_no_fuzzy_merge
KANSAINER,2020-01-01,2026-09-11,1660,,1,OBSERVED_SYMBOL_HISTORY_NOT_STITCHED,False,exact_observed_symbol_no_fuzzy_merge
KAPSTON,2020-05-27,2026-09-11,1010,,1,OBSERVED_SYMBOL_HISTORY_NOT_STITCHED,False,exact_observed_symbol_no_fuzzy_merge
KARDA,2020-01-01,2021-12-15,304,,0,OBSERVED_SYMBOL_HISTORY_NOT_STITCHED,False,exact_observed_symbol_no_fuzzy_merge
KARMAENG,2020-03-04,2026-09-11,927,,1,OBSERVED_SYMBOL_HISTORY_NOT_STITCHED,False,exact_observed_symbol_no_fuzzy_merge
KARURVYSYA,2020-01-01,2026-09-11,1660,,1,OBSERVED_SYMBOL_HISTORY_NOT_STITCHED,False,exact_observed_symbol_no_fuzzy_merge
KAUSHALYA,2020-03-04,2026-07-08,928,,1,OBSERVED_SYMBOL_HISTORY_NOT_STITCHED,False,exact_observed_symbol_no_fuzzy_merge
KAVDEFENCE,2025-09-09,2026-09-11,124,,1,OBSERVED_SYMBOL_HISTORY_NOT_STITCHED,False,exact_observed_symbol_no_fuzzy_merge
KAVVERITEL,2021-07-20,2024-05-29,392,,0,OBSERVED_SYMBOL_HISTORY_NOT_STITCHED,False,exact_observed_symbol_no_fuzzy_merge
KAYA,2020-01-01,2026-08-24,1348,,1,OBSERVED_SYMBOL_HISTORY_NOT_STITCHED,False,exact_observed_symbol_no_fuzzy_merge
KAYNES,2022-11-22,2026-09-11,942,,1,OBSERVED_SYMBOL_HISTORY_NOT_STITCHED,False,exact_observed_symbol_no_fuzzy_merge
KBCGLOBAL,2021-12-16,2025-06-20,543,,1,OBSERVED_SYMBOL_HISTORY_NOT_STITCHED,False,exact_observed_symbol_no_fuzzy_merge
KCP,2020-01-01,2026-09-11,1660,,1,OBSERVED_SYMBOL_HISTORY_NOT_STITCHED,False,exact_observed_symbol_no_fuzzy_merge
KCPSUGIND,2020-01-01,2026-08-10,1498,,1,OBSERVED_SYMBOL_HISTORY_NOT_STITCHED,False,exact_observed_symbol_no_fuzzy_merge
KDDL,2020-01-01,2026-09-11,1594,,1,OBSERVED_SYMBOL_HISTORY_NOT_STITCHED,False,exact_observed_symbol_no_fuzzy_merge
KDGREEN,2026-09-03,2026-09-11,7,MANBRO,1,OBJECTIVE_SAME_ISIN_ALIAS_OBSERVED_NO_STITCH,True,exact_observed_symbol_no_fuzzy_merge
KEC,2020-01-01,2026-09-11,1660,,1,OBSERVED_SYMBOL_HISTORY_NOT_STITCHED,False,exact_observed_symbol_no_fuzzy_merge
KECL,2020-01-01,2026-09-11,1442,,1,OBSERVED_SYMBOL_HISTORY_NOT_STITCHED,False,exact_observed_symbol_no_fuzzy_merge
KEEPLEARN,2024-03-18,2026-09-11,337,,1,OBSERVED_SYMBOL_HISTORY_NOT_STITCHED,False,exact_observed_symbol_no_fuzzy_merge
KEERTI,2020-11-13,2023-06-21,425,,0,OBSERVED_SYMBOL_HISTORY_NOT_STITCHED,False,exact_observed_symbol_no_fuzzy_merge
KEI,2020-01-01,2026-09-11,1660,,1,OBSERVED_SYMBOL_HISTORY_NOT_STITCHED,False,exact_observed_symbol_no_fuzzy_merge
KELLTONTEC,2020-01-01,2026-09-11,1536,,2,MULTIPLE_ISIN_OBSERVED_NO_IDENTITY_INFERENCE,True,exact_observed_symbol_no_fuzzy_merge
KENNAMET,2020-01-01,2026-09-11,1050,,1,OBSERVED_SYMBOL_HISTORY_NOT_STITCHED,False,exact_observed_symbol_no_fuzzy_merge
KERNEX,2024-03-11,2026-09-11,504,,1,OBSERVED_SYMBOL_HISTORY_NOT_STITCHED,False,exact_observed_symbol_no_fuzzy_merge
KESORAMIND,2020-01-08,2026-05-15,1332,,1,OBSERVED_SYMBOL_HISTORY_NOT_STITCHED,False,exact_observed_symbol_no_fuzzy_merge
KEYFINSERV,2020-01-03,2026-09-11,1317,,1,OBSERVED_SYMBOL_HISTORY_NOT_STITCHED,False,exact_observed_symbol_no_fuzzy_merge
KFINTECH,2022-12-29,2026-09-11,915,,1,OBSERVED_SYMBOL_HISTORY_NOT_STITCHED,False,exact_observed_symbol_no_fuzzy_merge
KHADIM,2020-01-01,2026-06-17,1489,,1,OBSERVED_SYMBOL_HISTORY_NOT_STITCHED,False,exact_observed_symbol_no_fuzzy_merge
KHAICHEM,2020-10-30,2026-09-11,1327,,1,OBSERVED_SYMBOL_HISTORY_NOT_STITCHED,False,exact_observed_symbol_no_fuzzy_merge
KHAITANLTD,2021-08-25,2026-09-11,751,,1,OBSERVED_SYMBOL_HISTORY_NOT_STITCHED,False,exact_observed_symbol_no_fuzzy_merge
KHANDSE,2020-01-08,2026-09-11,1283,,1,OBSERVED_SYMBOL_HISTORY_NOT_STITCHED,False,exact_observed_symbol_no_fuzzy_merge
KICL,2020-01-01,2026-09-11,1582,,1,OBSERVED_SYMBOL_HISTORY_NOT_STITCHED,False,exact_observed_symbol_no_fuzzy_merge
KILITCH,2020-01-01,2026-07-02,1176,,1,OBSERVED_SYMBOL_HISTORY_NOT_STITCHED,False,exact_observed_symbol_no_fuzzy_merge
KIMS,2021-06-28,2026-09-11,1290,,2,MULTIPLE_ISIN_OBSERVED_NO_IDENTITY_INFERENCE,True,exact_observed_symbol_no_fuzzy_merge
KINGFA,2020-01-01,2026-09-11,1546,,1,OBSERVED_SYMBOL_HISTORY_NOT_STITCHED,False,exact_observed_symbol_no_fuzzy_merge
KIOCL,2020-01-01,2026-09-11,1643,,1,OBSERVED_SYMBOL_HISTORY_NOT_STITCHED,False,exact_observed_symbol_no_fuzzy_merge
KIRANVYPAR,2026-04-20,2026-09-11,101,,1,OBSERVED_SYMBOL_HISTORY_NOT_STITCHED,False,exact_observed_symbol_no_fuzzy_merge
KIRIINDUS,2020-01-01,2026-09-11,1660,,1,OBSERVED_SYMBOL_HISTORY_NOT_STITCHED,False,exact_observed_symbol_no_fuzzy_merge
KIRLFER,2020-01-01,2026-09-11,1050,,1,OBSERVED_SYMBOL_HISTORY_NOT_STITCHED,False,exact_observed_symbol_no_fuzzy_merge
KIRLOSBROS,2020-01-01,2026-09-11,1574,,1,OBSERVED_SYMBOL_HISTORY_NOT_STITCHED,False,exact_observed_symbol_no_fuzzy_merge
KIRLOSENG,2020-01-01,2026-09-11,1660,,1,OBSERVED_SYMBOL_HISTORY_NOT_STITCHED,False,exact_observed_symbol_no_fuzzy_merge
KIRLOSIND,2020-01-01,2026-09-11,1660,,1,OBSERVED_SYMBOL_HISTORY_NOT_STITCHED,False,exact_observed_symbol_no_fuzzy_merge
KIRLPNU,2023-04-26,2026-09-11,837,,2,MULTIPLE_ISIN_OBSERVED_NO_IDENTITY_INFERENCE,True,exact_observed_symbol_no_fuzzy_merge
KISSHT,2026-05-08,2026-09-11,89,,1,OBSERVED_SYMBOL_HISTORY_NOT_STITCHED,False,exact_observed_symbol_no_fuzzy_merge
KITEX,2020-01-01,2026-09-11,1546,,1,OBSERVED_SYMBOL_HISTORY_NOT_STITCHED,False,exact_observed_symbol_no_fuzzy_merge
KJMCFIN,2026-08-17,2026-09-11,20,,1,OBSERVED_SYMBOL_HISTORY_NOT_STITCHED,False,exact_observed_symbol_no_fuzzy_merge
KKCL,2020-01-01,2026-09-11,1660,,1,OBSERVED_SYMBOL_HISTORY_NOT_STITCHED,False,exact_observed_symbol_no_fuzzy_merge
KLBRENG-B,2026-04-20,2026-09-11,102,,1,OBSERVED_SYMBOL_HISTORY_NOT_STITCHED,False,exact_observed_symbol_no_fuzzy_merge
KMCSHIL,2026-08-17,2026-09-11,20,,1,OBSERVED_SYMBOL_HISTORY_NOT_STITCHED,False,exact_observed_symbol_no_fuzzy_merge
KMEW,2024-11-14,2026-09-11,451,,2,MULTIPLE_ISIN_OBSERVED_NO_IDENTITY_INFERENCE,True,exact_observed_symbol_no_fuzzy_merge
KMSUGAR,2020-01-01,2026-09-11,1594,,1,OBSERVED_SYMBOL_HISTORY_NOT_STITCHED,False,exact_observed_symbol_no_fuzzy_merge
KNACK,2026-07-08,2026-09-11,48,,1,OBSERVED_SYMBOL_HISTORY_NOT_STITCHED,False,exact_observed_symbol_no_fuzzy_merge
KNAGRI,2025-12-09,2026-09-11,188,,1,OBSERVED_SYMBOL_HISTORY_NOT_STITCHED,False,exact_observed_symbol_no_fuzzy_merge
KNRCON,2020-01-01,2026-09-11,1660,,1,OBSERVED_SYMBOL_HISTORY_NOT_STITCHED,False,exact_observed_symbol_no_fuzzy_merge
KOHINOOR,2020-02-11,2026-09-11,860,,1,OBSERVED_SYMBOL_HISTORY_NOT_STITCHED,False,exact_observed_symbol_no_fuzzy_merge
KOKUYOCMLN,2020-01-01,2026-09-11,1604,,1,OBSERVED_SYMBOL_HISTORY_NOT_STITCHED,False,exact_observed_symbol_no_fuzzy_merge
KOLTEPATIL,2020-01-01,2026-09-11,1660,,1,OBSERVED_SYMBOL_HISTORY_NOT_STITCHED,False,exact_observed_symbol_no_fuzzy_merge
KOPRAN,2020-01-01,2026-09-11,1463,,1,OBSERVED_SYMBOL_HISTORY_NOT_STITCHED,False,exact_observed_symbol_no_fuzzy_merge
KOTAKALPHA,2021-12-29,2024-03-19,551,,0,OBSERVED_SYMBOL_HISTORY_NOT_STITCHED,False,exact_observed_symbol_no_fuzzy_merge
KOTAKBANK,2020-01-01,2026-09-11,1660,,2,MULTIPLE_ISIN_OBSERVED_NO_IDENTITY_INFERENCE,True,exact_observed_symbol_no_fuzzy_merge
KOTAKBKETF,2020-01-01,2024-03-19,1047,,0,OBSERVED_SYMBOL_HISTORY_NOT_STITCHED,False,exact_observed_symbol_no_fuzzy_merge
KOTAKCONS,2022-08-04,2024-03-19,387,,0,OBSERVED_SYMBOL_HISTORY_NOT_STITCHED,False,exact_observed_symbol_no_fuzzy_merge
KOTAKGOLD,2020-01-01,2024-04-15,1063,,0,OBSERVED_SYMBOL_HISTORY_NOT_STITCHED,False,exact_observed_symbol_no_fuzzy_merge
KOTAKIT,2021-03-05,2024-03-19,752,,0,OBSERVED_SYMBOL_HISTORY_NOT_STITCHED,False,exact_observed_symbol_no_fuzzy_merge
KOTAKLIQ,2023-02-01,2024-03-19,221,,0,OBSERVED_SYMBOL_HISTORY_NOT_STITCHED,False,exact_observed_symbol_no_fuzzy_merge
KOTAKLOVOL,2022-03-29,2024-03-19,490,,0,OBSERVED_SYMBOL_HISTORY_NOT_STITCHED,False,exact_observed_symbol_no_fuzzy_merge
KOTAKMID50,2022-02-04,2024-03-19,525,,0,OBSERVED_SYMBOL_HISTORY_NOT_STITCHED,False,exact_observed_symbol_no_fuzzy_merge
KOTAKMNC,2022-08-16,2024-03-19,395,,0,OBSERVED_SYMBOL_HISTORY_NOT_STITCHED,False,exact_observed_symbol_no_fuzzy_merge
KOTAKNIFTY,2020-01-01,2024-03-19,1047,,0,OBSERVED_SYMBOL_HISTORY_NOT_STITCHED,False,exact_observed_symbol_no_fuzzy_merge
KOTAKNV20,2020-01-01,2024-03-19,1047,,0,OBSERVED_SYMBOL_HISTORY_NOT_STITCHED,False,exact_observed_symbol_no_fuzzy_merge
KOTAKPSUBK,2020-01-01,2024-03-19,1047,,0,OBSERVED_SYMBOL_HISTORY_NOT_STITCHED,False,exact_observed_symbol_no_fuzzy_merge
KOTAKSILVE,2022-12-14,2024-04-15,327,,0,OBSERVED_SYMBOL_HISTORY_NOT_STITCHED,False,exact_observed_symbol_no_fuzzy_merge
KOTARISUG,2020-01-01,2026-08-26,1583,,1,OBSERVED_SYMBOL_HISTORY_NOT_STITCHED,False,exact_observed_symbol_no_fuzzy_merge
KOTHARIPET,2020-01-01,2026-09-11,1660,,1,OBSERVED_SYMBOL_HISTORY_NOT_STITCHED,False,exact_observed_symbol_no_fuzzy_merge
KOTHARIPRO,2020-01-01,2026-09-11,1423,,1,OBSERVED_SYMBOL_HISTORY_NOT_STITCHED,False,exact_observed_symbol_no_fuzzy_merge
KOTIC,2026-04-20,2026-09-11,102,,1,OBSERVED_SYMBOL_HISTORY_NOT_STITCHED,False,exact_observed_symbol_no_fuzzy_merge
KOTYARK,2026-03-12,2026-06-23,68,,1,OBSERVED_SYMBOL_HISTORY_NOT_STITCHED,False,exact_observed_symbol_no_fuzzy_merge
KOVAI,2021-08-05,2026-09-11,653,,1,OBSERVED_SYMBOL_HISTORY_NOT_STITCHED,False,exact_observed_symbol_no_fuzzy_merge
KPEL,2024-11-14,2026-09-11,451,,1,OBSERVED_SYMBOL_HISTORY_NOT_STITCHED,False,exact_observed_symbol_no_fuzzy_merge
KPIGLOBAL,2021-07-27,2022-04-26,186,,0,OBSERVED_SYMBOL_HISTORY_NOT_STITCHED,False,exact_observed_symbol_no_fuzzy_merge
KPIGREEN,2022-04-27,2026-09-11,1019,,2,MULTIPLE_ISIN_OBSERVED_NO_IDENTITY_INFERENCE,True,exact_observed_symbol_no_fuzzy_merge
KPIL,2023-06-06,2026-09-11,809,,1,OBSERVED_SYMBOL_HISTORY_NOT_STITCHED,False,exact_observed_symbol_no_fuzzy_merge
KPITTECH,2020-01-01,2026-09-11,1660,,1,OBSERVED_SYMBOL_HISTORY_NOT_STITCHED,False,exact_observed_symbol_no_fuzzy_merge
KPL,2026-04-20,2026-09-11,102,,1,OBSERVED_SYMBOL_HISTORY_NOT_STITCHED,False,exact_observed_symbol_no_fuzzy_merge
KPRMILL,2020-01-01,2026-09-11,1660,,1,OBSERVED_SYMBOL_HISTORY_NOT_STITCHED,False,exact_observed_symbol_no_fuzzy_merge
KRBL,2020-01-01,2026-09-11,1660,,1,OBSERVED_SYMBOL_HISTORY_NOT_STITCHED,False,exact_observed_symbol_no_fuzzy_merge
KREBSBIO,2020-01-01,2026-09-11,1341,,1,OBSERVED_SYMBOL_HISTORY_NOT_STITCHED,False,exact_observed_symbol_no_fuzzy_merge
KRIDHANINF,2020-03-04,2026-09-11,855,,1,OBSERVED_SYMBOL_HISTORY_NOT_STITCHED,False,exact_observed_symbol_no_fuzzy_merge
KRISHANA,2021-02-02,2026-09-11,1388,,2,MULTIPLE_ISIN_OBSERVED_NO_IDENTITY_INFERENCE,True,exact_observed_symbol_no_fuzzy_merge
KRISHIVAL,2025-10-20,2026-09-11,222,,1,OBSERVED_SYMBOL_HISTORY_NOT_STITCHED,False,exact_observed_symbol_no_fuzzy_merge
KRISHNADEF,2025-12-30,2026-09-11,174,,1,OBSERVED_SYMBOL_HISTORY_NOT_STITCHED,False,exact_observed_symbol_no_fuzzy_merge
KRITI,2021-11-01,2026-09-11,1010,,1,OBSERVED_SYMBOL_HISTORY_NOT_STITCHED,False,exact_observed_symbol_no_fuzzy_merge
KRITIKA,2022-05-04,2026-09-11,701,,1,OBSERVED_SYMBOL_HISTORY_NOT_STITCHED,False,exact_observed_symbol_no_fuzzy_merge
KRITINUT,2022-10-07,2026-09-11,752,,1,OBSERVED_SYMBOL_HISTORY_NOT_STITCHED,False,exact_observed_symbol_no_fuzzy_merge
KRN,2024-10-03,2026-09-11,423,,1,OBSERVED_SYMBOL_HISTORY_NOT_STITCHED,False,exact_observed_symbol_no_fuzzy_merge
KRONOX,2024-06-25,2026-08-25,537,,1,OBSERVED_SYMBOL_HISTORY_NOT_STITCHED,False,exact_observed_symbol_no_fuzzy_merge
KROSS,2024-09-16,2026-09-11,493,,1,OBSERVED_SYMBOL_HISTORY_NOT_STITCHED,False,exact_observed_symbol_no_fuzzy_merge
KRSNAA,2021-08-16,2026-09-11,1256,,1,OBSERVED_SYMBOL_HISTORY_NOT_STITCHED,False,exact_observed_symbol_no_fuzzy_merge
KRYSTAL,2024-03-21,2026-09-11,546,,1,OBSERVED_SYMBOL_HISTORY_NOT_STITCHED,False,exact_observed_symbol_no_fuzzy_merge
KSB,2020-01-01,2026-09-11,1660,,2,MULTIPLE_ISIN_OBSERVED_NO_IDENTITY_INFERENCE,True,exact_observed_symbol_no_fuzzy_merge
KSCL,2020-01-01,2026-09-11,1660,,1,OBSERVED_SYMBOL_HISTORY_NOT_STITCHED,False,exact_observed_symbol_no_fuzzy_merge
KSE,2026-08-17,2026-09-11,20,,1,OBSERVED_SYMBOL_HISTORY_NOT_STITCHED,False,exact_observed_symbol_no_fuzzy_merge
KSERASERA,2020-03-04,2020-08-21,44,,0,OBSERVED_SYMBOL_HISTORY_NOT_STITCHED,False,exact_observed_symbol_no_fuzzy_merge
KSHINTL,2025-12-23,2026-09-11,178,,1,OBSERVED_SYMBOL_HISTORY_NOT_STITCHED,False,exact_observed_symbol_no_fuzzy_merge
KSHITIJPOL,2022-07-27,2026-09-11,443,,1,OBSERVED_SYMBOL_HISTORY_NOT_STITCHED,False,exact_observed_symbol_no_fuzzy_merge
KSK,2020-03-04,2020-11-27,121,,0,OBSERVED_SYMBOL_HISTORY_NOT_STITCHED,False,exact_observed_symbol_no_fuzzy_merge
KSL,2020-01-01,2026-09-11,1660,,1,OBSERVED_SYMBOL_HISTORY_NOT_STITCHED,False,exact_observed_symbol_no_fuzzy_merge
KSOLVES,2022-09-23,2026-09-11,917,,2,MULTIPLE_ISIN_OBSERVED_NO_IDENTITY_INFERENCE,True,exact_observed_symbol_no_fuzzy_merge
KSR,2025-12-11,2026-09-11,83,,1,OBSERVED_SYMBOL_HISTORY_NOT_STITCHED,False,exact_observed_symbol_no_fuzzy_merge
KTKBANK,2020-01-01,2026-09-11,1660,,1,OBSERVED_SYMBOL_HISTORY_NOT_STITCHED,False,exact_observed_symbol_no_fuzzy_merge
KUANTUM,2020-01-01,2026-09-11,1660,,1,OBSERVED_SYMBOL_HISTORY_NOT_STITCHED,False,exact_observed_symbol_no_fuzzy_merge
KUSUMGAR,2026-07-15,2026-09-11,43,,1,OBSERVED_SYMBOL_HISTORY_NOT_STITCHED,False,exact_observed_symbol_no_fuzzy_merge
KWALITY,2020-03-04,2021-02-23,179,,0,OBSERVED_SYMBOL_HISTORY_NOT_STITCHED,False,exact_observed_symbol_no_fuzzy_merge
KWIL,2026-03-02,2026-09-11,132,,1,OBSERVED_SYMBOL_HISTORY_NOT_STITCHED,False,exact_observed_symbol_no_fuzzy_merge
L&TFH,2020-01-01,2024-04-22,1067,,0,OBSERVED_SYMBOL_HISTORY_NOT_STITCHED,False,exact_observed_symbol_no_fuzzy_merge
LADDERUP,2026-08-17,2026-09-11,20,,1,OBSERVED_SYMBOL_HISTORY_NOT_STITCHED,False,exact_observed_symbol_no_fuzzy_merge
LAGNAM,2021-09-30,2026-09-11,1057,,1,OBSERVED_SYMBOL_HISTORY_NOT_STITCHED,False,exact_observed_symbol_no_fuzzy_merge
LAHOTIOV,2026-04-20,2026-09-11,100,,1,OBSERVED_SYMBOL_HISTORY_NOT_STITCHED,False,exact_observed_symbol_no_fuzzy_merge
LAKSHMIMIL,2026-08-18,2026-09-11,18,,1,OBSERVED_SYMBOL_HISTORY_NOT_STITCHED,False,exact_observed_symbol_no_fuzzy_merge
LAKSHVILAS,2020-01-01,2020-11-25,227,,0,OBSERVED_SYMBOL_HISTORY_NOT_STITCHED,False,exact_observed_symbol_no_fuzzy_merge
LAL,2023-04-10,2026-09-11,454,,1,OBSERVED_SYMBOL_HISTORY_NOT_STITCHED,False,exact_observed_symbol_no_fuzzy_merge
LALITHAA,2026-08-24,2026-09-11,15,,1,OBSERVED_SYMBOL_HISTORY_NOT_STITCHED,False,exact_observed_symbol_no_fuzzy_merge
LALPATHLAB,2020-01-01,2026-09-11,1660,,1,OBSERVED_SYMBOL_HISTORY_NOT_STITCHED,False,exact_observed_symbol_no_fuzzy_merge
LAMBODHARA,2020-01-01,2026-09-11,1470,,1,OBSERVED_SYMBOL_HISTORY_NOT_STITCHED,False,exact_observed_symbol_no_fuzzy_merge
LANCER,2022-05-10,2026-09-11,262,,1,OBSERVED_SYMBOL_HISTORY_NOT_STITCHED,False,exact_observed_symbol_no_fuzzy_merge
LANCORHOL,2024-04-23,2026-09-08,466,,1,OBSERVED_SYMBOL_HISTORY_NOT_STITCHED,False,exact_observed_symbol_no_fuzzy_merge
LANDMARK,2022-12-23,2026-09-11,919,,1,OBSERVED_SYMBOL_HISTORY_NOT_STITCHED,False,exact_observed_symbol_no_fuzzy_merge
LANDSMILL,2026-04-02,2026-09-11,112,EXCEL,1,OBJECTIVE_SAME_ISIN_ALIAS_OBSERVED_NO_STITCH,True,exact_observed_symbol_no_fuzzy_merge
LAOPALA,2020-01-01,2026-09-11,1660,,1,OBSERVED_SYMBOL_HISTORY_NOT_STITCHED,False,exact_observed_symbol_no_fuzzy_merge
LARGEMID50,2026-08-20,2026-09-11,17,,1,OBSERVED_SYMBOL_HISTORY_NOT_STITCHED,False,exact_observed_symbol_no_fuzzy_merge
LASA,2020-01-01,2026-09-09,1264,,1,OBSERVED_SYMBOL_HISTORY_NOT_STITCHED,False,exact_observed_symbol_no_fuzzy_merge
LASERPOWER,2026-07-16,2026-09-11,42,,1,OBSERVED_SYMBOL_HISTORY_NOT_STITCHED,False,exact_observed_symbol_no_fuzzy_merge
LATENTVIEW,2021-11-23,2026-09-11,1132,,1,OBSERVED_SYMBOL_HISTORY_NOT_STITCHED,False,exact_observed_symbol_no_fuzzy_merge
LATTEYS,2023-05-23,2026-09-11,279,,1,OBSERVED_SYMBOL_HISTORY_NOT_STITCHED,False,exact_observed_symbol_no_fuzzy_merge
LAURUSLABS,2020-01-01,2026-09-11,1660,,1,OBSERVED_SYMBOL_HISTORY_NOT_STITCHED,False,exact_observed_symbol_no_fuzzy_merge
LAXMICOT,2021-11-12,2026-09-11,1133,,1,OBSERVED_SYMBOL_HISTORY_NOT_STITCHED,False,exact_observed_symbol_no_fuzzy_merge
LAXMIDENTL,2025-01-20,2026-09-11,407,,1,OBSERVED_SYMBOL_HISTORY_NOT_STITCHED,False,exact_observed_symbol_no_fuzzy_merge
LAXMIINDIA,2025-08-05,2026-09-11,206,,1,OBSERVED_SYMBOL_HISTORY_NOT_STITCHED,False,exact_observed_symbol_no_fuzzy_merge
LAXMIMACH,2020-01-01,2024-10-09,1184,LMW,1,OBJECTIVE_SAME_ISIN_ALIAS_OBSERVED_NO_STITCH,True,exact_observed_symbol_no_fuzzy_merge
LCCINFOTEC,2021-04-07,2026-09-11,629,,1,OBSERVED_SYMBOL_HISTORY_NOT_STITCHED,False,exact_observed_symbol_no_fuzzy_merge
LCL,2026-07-30,2026-09-11,32,,1,OBSERVED_SYMBOL_HISTORY_NOT_STITCHED,False,exact_observed_symbol_no_fuzzy_merge
LEAPIND,2026-08-14,2026-09-11,21,,1,OBSERVED_SYMBOL_HISTORY_NOT_STITCHED,False,exact_observed_symbol_no_fuzzy_merge
LEENEE,2026-08-17,2026-09-02,13,,1,OBSERVED_SYMBOL_HISTORY_NOT_STITCHED,False,exact_observed_symbol_no_fuzzy_merge
LEMERITE,2025-12-12,2026-09-11,185,,2,MULTIPLE_ISIN_OBSERVED_NO_IDENTITY_INFERENCE,True,exact_observed_symbol_no_fuzzy_merge
LEMONTREE,2020-01-01,2026-09-11,1660,,1,OBSERVED_SYMBOL_HISTORY_NOT_STITCHED,False,exact_observed_symbol_no_fuzzy_merge
LENSKART,2025-11-10,2026-09-11,209,,1,OBSERVED_SYMBOL_HISTORY_NOT_STITCHED,False,exact_observed_symbol_no_fuzzy_merge
LEXUS,2023-03-13,2026-09-11,675,,1,OBSERVED_SYMBOL_HISTORY_NOT_STITCHED,False,exact_observed_symbol_no_fuzzy_merge
LFIC,2020-01-02,2026-09-11,1501,,1,OBSERVED_SYMBOL_HISTORY_NOT_STITCHED,False,exact_observed_symbol_no_fuzzy_merge
LGBBROSLTD,2020-01-01,2026-09-11,1660,,1,OBSERVED_SYMBOL_HISTORY_NOT_STITCHED,False,exact_observed_symbol_no_fuzzy_merge
LGBFORGE,2020-01-01,2024-06-25,799,,0,OBSERVED_SYMBOL_HISTORY_NOT_STITCHED,False,exact_observed_symbol_no_fuzzy_merge
LGEINDIA,2025-10-14,2026-09-11,226,,1,OBSERVED_SYMBOL_HISTORY_NOT_STITCHED,False,exact_observed_symbol_no_fuzzy_merge
LGHL,2024-01-31,2026-09-11,466,,1,OBSERVED_SYMBOL_HISTORY_NOT_STITCHED,False,exact_observed_symbol_no_fuzzy_merge
LIBAS,2020-05-27,2026-09-11,1508,,1,OBSERVED_SYMBOL_HISTORY_NOT_STITCHED,False,exact_observed_symbol_no_fuzzy_merge
LIBERTSHOE,2020-01-01,2026-09-11,1478,,1,OBSERVED_SYMBOL_HISTORY_NOT_STITCHED,False,exact_observed_symbol_no_fuzzy_merge
LICHSGFIN,2020-01-01,2026-09-11,1660,,1,OBSERVED_SYMBOL_HISTORY_NOT_STITCHED,False,exact_observed_symbol_no_fuzzy_merge
LICI,2022-05-17,2026-09-11,1071,,1,OBSERVED_SYMBOL_HISTORY_NOT_STITCHED,False,exact_observed_symbol_no_fuzzy_merge
LICMFGOLD,2023-07-31,2026-09-11,771,,2,MULTIPLE_ISIN_OBSERVED_NO_IDENTITY_INFERENCE,True,exact_observed_symbol_no_fuzzy_merge
LICNETFGSC,2020-01-01,2026-09-11,1660,,1,OBSERVED_SYMBOL_HISTORY_NOT_STITCHED,False,exact_observed_symbol_no_fuzzy_merge
LICNETFN50,2020-01-01,2026-09-11,1660,,1,OBSERVED_SYMBOL_HISTORY_NOT_STITCHED,False,exact_observed_symbol_no_fuzzy_merge
LICNETFSEN,2020-01-02,2026-09-11,1589,,1,OBSERVED_SYMBOL_HISTORY_NOT_STITCHED,False,exact_observed_symbol_no_fuzzy_merge
LICNFNHGP,2020-01-01,2026-09-11,1653,,1,OBSERVED_SYMBOL_HISTORY_NOT_STITCHED,False,exact_observed_symbol_no_fuzzy_merge
LICNMID100,2024-02-19,2026-09-11,634,,1,OBSERVED_SYMBOL_HISTORY_NOT_STITCHED,False,exact_observed_symbol_no_fuzzy_merge
LIKHITHA,2020-10-29,2026-09-11,1392,,1,OBSERVED_SYMBOL_HISTORY_NOT_STITCHED,False,exact_observed_symbol_no_fuzzy_merge
LINC,2021-12-20,2026-09-11,1107,,2,MULTIPLE_ISIN_OBSERVED_NO_IDENTITY_INFERENCE,True,exact_observed_symbol_no_fuzzy_merge
LINCOLN,2020-01-01,2026-09-11,1660,,1,OBSERVED_SYMBOL_HISTORY_NOT_STITCHED,False,exact_observed_symbol_no_fuzzy_merge
LINCPEN,2020-01-01,2021-12-17,466,,0,OBSERVED_SYMBOL_HISTORY_NOT_STITCHED,False,exact_observed_symbol_no_fuzzy_merge
LINDEINDIA,2020-01-01,2026-09-11,1660,,1,OBSERVED_SYMBOL_HISTORY_NOT_STITCHED,False,exact_observed_symbol_no_fuzzy_merge
LIQGRWBEES,2025-07-25,2026-09-11,280,,1,OBSERVED_SYMBOL_HISTORY_NOT_STITCHED,False,exact_observed_symbol_no_fuzzy_merge
LIQUID,2023-07-31,2026-09-11,771,,1,OBSERVED_SYMBOL_HISTORY_NOT_STITCHED,False,exact_observed_symbol_no_fuzzy_merge
LIQUID1,2024-03-20,2026-09-11,613,,1,OBSERVED_SYMBOL_HISTORY_NOT_STITCHED,False,exact_observed_symbol_no_fuzzy_merge
LIQUIDADD,2024-04-03,2026-09-11,605,,1,OBSERVED_SYMBOL_HISTORY_NOT_STITCHED,False,exact_observed_symbol_no_fuzzy_merge
LIQUIDBEES,2020-01-01,2026-09-11,1660,,1,OBSERVED_SYMBOL_HISTORY_NOT_STITCHED,False,exact_observed_symbol_no_fuzzy_merge
LIQUIDBETA,2026-07-21,2026-09-11,32,,1,OBSERVED_SYMBOL_HISTORY_NOT_STITCHED,False,exact_observed_symbol_no_fuzzy_merge
LIQUIDBETF,2024-06-03,2026-09-11,564,,1,OBSERVED_SYMBOL_HISTORY_NOT_STITCHED,False,exact_observed_symbol_no_fuzzy_merge
LIQUIDCASE,2024-01-24,2026-09-11,651,,1,OBSERVED_SYMBOL_HISTORY_NOT_STITCHED,False,exact_observed_symbol_no_fuzzy_merge
LIQUIDETF,2020-01-01,2026-09-11,1660,,1,OBSERVED_SYMBOL_HISTORY_NOT_STITCHED,False,exact_observed_symbol_no_fuzzy_merge
LIQUIDIETF,2023-12-20,2026-09-11,675,,1,OBSERVED_SYMBOL_HISTORY_NOT_STITCHED,False,exact_observed_symbol_no_fuzzy_merge
LIQUIDPLUS,2024-11-13,2026-09-11,452,,1,OBSERVED_SYMBOL_HISTORY_NOT_STITCHED,False,exact_observed_symbol_no_fuzzy_merge
LIQUIDSBI,2023-11-02,2026-09-11,706,,1,OBSERVED_SYMBOL_HISTORY_NOT_STITCHED,False,exact_observed_symbol_no_fuzzy_merge
LIQUIDSHRI,2024-07-09,2026-09-11,540,,1,OBSERVED_SYMBOL_HISTORY_NOT_STITCHED,False,exact_observed_symbol_no_fuzzy_merge
LKPSEC,2026-08-17,2026-09-11,20,,1,OBSERVED_SYMBOL_HISTORY_NOT_STITCHED,False,exact_observed_symbol_no_fuzzy_merge
LLOYDSENGG,2023-11-13,2026-09-11,678,,1,OBSERVED_SYMBOL_HISTORY_NOT_STITCHED,False,exact_observed_symbol_no_fuzzy_merge
LLOYDSENT,2024-10-17,2026-09-11,471,,1,OBSERVED_SYMBOL_HISTORY_NOT_STITCHED,False,exact_observed_symbol_no_fuzzy_merge
LLOYDSME,2023-07-17,2026-09-11,781,,1,OBSERVED_SYMBOL_HISTORY_NOT_STITCHED,False,exact_observed_symbol_no_fuzzy_merge
LMW,2024-10-10,2026-09-11,476,LAXMIMACH,1,OBJECTIVE_SAME_ISIN_ALIAS_OBSERVED_NO_STITCH,True,exact_observed_symbol_no_fuzzy_merge
LODHA,2021-04-19,2026-09-11,1338,,1,OBSERVED_SYMBOL_HISTORY_NOT_STITCHED,False,exact_observed_symbol_no_fuzzy_merge
LOKESHMACH,2020-01-01,2026-09-11,1174,,1,OBSERVED_SYMBOL_HISTORY_NOT_STITCHED,False,exact_observed_symbol_no_fuzzy_merge
LORDSCHLO,2023-08-28,2026-09-11,509,,1,OBSERVED_SYMBOL_HISTORY_NOT_STITCHED,False,exact_observed_symbol_no_fuzzy_merge
LOTUSCHO,2026-08-17,2026-09-11,20,,1,OBSERVED_SYMBOL_HISTORY_NOT_STITCHED,False,exact_observed_symbol_no_fuzzy_merge
LOTUSDEV,2025-08-06,2026-08-10,248,,1,OBSERVED_SYMBOL_HISTORY_NOT_STITCHED,False,exact_observed_symbol_no_fuzzy_merge
LOTUSEYE,2020-01-01,2026-09-11,1247,,1,OBSERVED_SYMBOL_HISTORY_NOT_STITCHED,False,exact_observed_symbol_no_fuzzy_merge
LOVABLE,2020-01-01,2026-09-11,1463,,1,OBSERVED_SYMBOL_HISTORY_NOT_STITCHED,False,exact_observed_symbol_no_fuzzy_merge
LOWVOL,2023-09-01,2026-09-11,739,,1,OBSERVED_SYMBOL_HISTORY_NOT_STITCHED,False,exact_observed_symbol_no_fuzzy_merge
LOWVOL1,2024-03-20,2026-09-11,613,,1,OBSERVED_SYMBOL_HISTORY_NOT_STITCHED,False,exact_observed_symbol_no_fuzzy_merge
LOWVOLIETF,2023-12-20,2026-09-11,675,,1,OBSERVED_SYMBOL_HISTORY_NOT_STITCHED,False,exact_observed_symbol_no_fuzzy_merge
LOYALTEX,2022-08-11,2026-09-11,722,,1,OBSERVED_SYMBOL_HISTORY_NOT_STITCHED,False,exact_observed_symbol_no_fuzzy_merge
LPDC,2020-01-01,2026-09-11,1132,,1,OBSERVED_SYMBOL_HISTORY_NOT_STITCHED,False,exact_observed_symbol_no_fuzzy_merge
LSIL,2020-01-01,2023-08-09,638,,0,OBSERVED_SYMBOL_HISTORY_NOT_STITCHED,False,exact_observed_symbol_no_fuzzy_merge
LT,2020-01-01,2026-09-11,1660,,1,OBSERVED_SYMBOL_HISTORY_NOT_STITCHED,False,exact_observed_symbol_no_fuzzy_merge
LTF,2024-04-23,2026-09-11,593,,1,OBSERVED_SYMBOL_HISTORY_NOT_STITCHED,False,exact_observed_symbol_no_fuzzy_merge
LTFOODS,2023-11-06,2026-09-11,705,,1,OBSERVED_SYMBOL_HISTORY_NOT_STITCHED,False,exact_observed_symbol_no_fuzzy_merge
LTGILTBEES,2022-05-10,2026-09-11,1076,,1,OBSERVED_SYMBOL_HISTORY_NOT_STITCHED,False,exact_observed_symbol_no_fuzzy_merge
LTGILTCASE,2025-08-20,2026-09-11,263,,1,OBSERVED_SYMBOL_HISTORY_NOT_STITCHED,False,exact_observed_symbol_no_fuzzy_merge
LTI,2020-01-01,2022-12-02,727,,0,OBSERVED_SYMBOL_HISTORY_NOT_STITCHED,False,exact_observed_symbol_no_fuzzy_merge
LTIM,2022-12-05,2026-02-26,800,LTM,1,OBJECTIVE_SAME_ISIN_ALIAS_OBSERVED_NO_STITCH,True,exact_observed_symbol_no_fuzzy_merge
LTM,2026-02-27,2026-09-11,133,LTIM,1,OBJECTIVE_SAME_ISIN_ALIAS_OBSERVED_NO_STITCH,True,exact_observed_symbol_no_fuzzy_merge
LTTS,2020-01-01,2026-09-11,1660,,1,OBSERVED_SYMBOL_HISTORY_NOT_STITCHED,False,exact_observed_symbol_no_fuzzy_merge
LUMAXIND,2020-01-01,2026-09-11,1660,,1,OBSERVED_SYMBOL_HISTORY_NOT_STITCHED,False,exact_observed_symbol_no_fuzzy_merge
LUMAXTECH,2020-01-01,2026-09-11,1660,,1,OBSERVED_SYMBOL_HISTORY_NOT_STITCHED,False,exact_observed_symbol_no_fuzzy_merge
LUMINO,2026-09-03,2026-09-11,7,,1,OBSERVED_SYMBOL_HISTORY_NOT_STITCHED,False,exact_observed_symbol_no_fuzzy_merge
LUPIN,2020-01-01,2026-09-11,1660,,1,OBSERVED_SYMBOL_HISTORY_NOT_STITCHED,False,exact_observed_symbol_no_fuzzy_merge
LUXIND,2020-01-01,2026-09-11,1660,,1,OBSERVED_SYMBOL_HISTORY_NOT_STITCHED,False,exact_observed_symbol_no_fuzzy_merge
LXCHEM,2021-03-25,2026-09-11,1352,,1,OBSERVED_SYMBOL_HISTORY_NOT_STITCHED,False,exact_observed_symbol_no_fuzzy_merge
LYKALABS,2020-01-01,2026-07-01,1368,,1,OBSERVED_SYMBOL_HISTORY_NOT_STITCHED,False,exact_observed_symbol_no_fuzzy_merge
LYPSAGEMS,2020-01-01,2026-07-13,1237,AURUS,1,OBJECTIVE_SAME_ISIN_ALIAS_OBSERVED_NO_STITCH,True,exact_observed_symbol_no_fuzzy_merge
M&M,2020-01-01,2026-09-11,1660,,1,OBSERVED_SYMBOL_HISTORY_NOT_STITCHED,False,exact_observed_symbol_no_fuzzy_merge
M&MFIN,2020-01-01,2026-09-11,1660,,1,OBSERVED_SYMBOL_HISTORY_NOT_STITCHED,False,exact_observed_symbol_no_fuzzy_merge
M100,2020-01-01,2021-06-15,362,,0,OBSERVED_SYMBOL_HISTORY_NOT_STITCHED,False,exact_observed_symbol_no_fuzzy_merge
M50,2020-01-01,2021-06-15,362,,0,OBSERVED_SYMBOL_HISTORY_NOT_STITCHED,False,exact_observed_symbol_no_fuzzy_merge
MAANALU,2020-01-01,2026-09-11,1256,,1,OBSERVED_SYMBOL_HISTORY_NOT_STITCHED,False,exact_observed_symbol_no_fuzzy_merge
MACPOWER,2020-08-19,2026-09-11,1074,,1,OBSERVED_SYMBOL_HISTORY_NOT_STITCHED,False,exact_observed_symbol_no_fuzzy_merge
MADHAV,2020-01-01,2026-09-11,1536,,1,OBSERVED_SYMBOL_HISTORY_NOT_STITCHED,False,exact_observed_symbol_no_fuzzy_merge
MADHAVIPL,2026-04-20,2026-09-11,102,,1,OBSERVED_SYMBOL_HISTORY_NOT_STITCHED,False,exact_observed_symbol_no_fuzzy_merge
MADHUCON,2020-01-01,2026-06-19,787,,1,OBSERVED_SYMBOL_HISTORY_NOT_STITCHED,False,exact_observed_symbol_no_fuzzy_merge
MADRASFERT,2020-01-01,2026-09-11,1576,,1,OBSERVED_SYMBOL_HISTORY_NOT_STITCHED,False,exact_observed_symbol_no_fuzzy_merge
MAESGETF,2020-11-24,2023-08-31,687,,0,OBSERVED_SYMBOL_HISTORY_NOT_STITCHED,False,exact_observed_symbol_no_fuzzy_merge
MAFANG,2021-05-14,2026-09-11,1321,,1,OBSERVED_SYMBOL_HISTORY_NOT_STITCHED,False,exact_observed_symbol_no_fuzzy_merge
MAFATIND,2026-04-20,2026-09-11,102,,1,OBSERVED_SYMBOL_HISTORY_NOT_STITCHED,False,exact_observed_symbol_no_fuzzy_merge
MAFSETF,2021-08-05,2023-08-31,515,,0,OBSERVED_SYMBOL_HISTORY_NOT_STITCHED,False,exact_observed_symbol_no_fuzzy_merge
MAGADSUGAR,2020-01-01,2026-09-11,1660,,1,OBSERVED_SYMBOL_HISTORY_NOT_STITCHED,False,exact_observed_symbol_no_fuzzy_merge
MAGMA,2020-01-01,2021-06-08,357,,0,OBSERVED_SYMBOL_HISTORY_NOT_STITCHED,False,exact_observed_symbol_no_fuzzy_merge
MAGNUM,2020-01-01,2026-09-11,1332,,1,OBSERVED_SYMBOL_HISTORY_NOT_STITCHED,False,exact_observed_symbol_no_fuzzy_merge
MAGOLDETF,2023-02-24,2023-08-31,127,,0,OBSERVED_SYMBOL_HISTORY_NOT_STITCHED,False,exact_observed_symbol_no_fuzzy_merge
MAGS813ETF,2023-04-10,2023-08-30,75,,0,OBSERVED_SYMBOL_HISTORY_NOT_STITCHED,False,exact_observed_symbol_no_fuzzy_merge
MAHABANK,2020-01-01,2026-09-11,1660,,1,OBSERVED_SYMBOL_HISTORY_NOT_STITCHED,False,exact_observed_symbol_no_fuzzy_merge
MAHAPEXLTD,2022-02-22,2026-09-11,949,,1,OBSERVED_SYMBOL_HISTORY_NOT_STITCHED,False,exact_observed_symbol_no_fuzzy_merge
MAHASTEEL,2020-01-01,2026-08-10,1058,,1,OBSERVED_SYMBOL_HISTORY_NOT_STITCHED,False,exact_observed_symbol_no_fuzzy_merge
MAHEPC,2020-02-14,2026-09-11,1521,,1,OBSERVED_SYMBOL_HISTORY_NOT_STITCHED,False,exact_observed_symbol_no_fuzzy_merge
MAHESHWARI,2020-01-01,2026-06-05,1455,,1,OBSERVED_SYMBOL_HISTORY_NOT_STITCHED,False,exact_observed_symbol_no_fuzzy_merge
MAHINDCIE,2020-01-01,2023-06-16,860,,0,OBSERVED_SYMBOL_HISTORY_NOT_STITCHED,False,exact_observed_symbol_no_fuzzy_merge
MAHKTECH,2021-12-10,2026-09-11,1177,,1,OBSERVED_SYMBOL_HISTORY_NOT_STITCHED,False,exact_observed_symbol_no_fuzzy_merge
MAHLIFE,2020-01-01,2026-09-11,1660,,1,OBSERVED_SYMBOL_HISTORY_NOT_STITCHED,False,exact_observed_symbol_no_fuzzy_merge
MAHLOG,2020-01-01,2026-09-11,1660,,1,OBSERVED_SYMBOL_HISTORY_NOT_STITCHED,False,exact_observed_symbol_no_fuzzy_merge
MAHSCOOTER,2020-01-01,2026-09-11,1636,,1,OBSERVED_SYMBOL_HISTORY_NOT_STITCHED,False,exact_observed_symbol_no_fuzzy_merge
MAHSEAMLES,2020-01-01,2026-09-11,1660,,1,OBSERVED_SYMBOL_HISTORY_NOT_STITCHED,False,exact_observed_symbol_no_fuzzy_merge
MAITHANALL,2020-01-01,2026-09-11,1660,,1,OBSERVED_SYMBOL_HISTORY_NOT_STITCHED,False,exact_observed_symbol_no_fuzzy_merge
MAJESAUT,2026-04-20,2026-08-06,76,,1,OBSERVED_SYMBOL_HISTORY_NOT_STITCHED,False,exact_observed_symbol_no_fuzzy_merge
MAJESCO,2020-01-01,2021-10-21,395,,0,OBSERVED_SYMBOL_HISTORY_NOT_STITCHED,False,exact_observed_symbol_no_fuzzy_merge
MAKEINDIA,2023-09-01,2026-09-11,748,,1,OBSERVED_SYMBOL_HISTORY_NOT_STITCHED,False,exact_observed_symbol_no_fuzzy_merge
MAKERSL,2026-08-17,2026-09-11,20,,1,OBSERVED_SYMBOL_HISTORY_NOT_STITCHED,False,exact_observed_symbol_no_fuzzy_merge
MALLCOM,2022-02-02,2026-09-11,1075,,1,OBSERVED_SYMBOL_HISTORY_NOT_STITCHED,False,exact_observed_symbol_no_fuzzy_merge
MALUPAPER,2020-01-01,2026-09-11,1521,,1,OBSERVED_SYMBOL_HISTORY_NOT_STITCHED,False,exact_observed_symbol_no_fuzzy_merge
MAM150ETF,2022-03-15,2023-08-31,364,,0,OBSERVED_SYMBOL_HISTORY_NOT_STITCHED,False,exact_observed_symbol_no_fuzzy_merge
MAMATA,2025-01-10,2026-09-11,413,,1,OBSERVED_SYMBOL_HISTORY_NOT_STITCHED,False,exact_observed_symbol_no_fuzzy_merge
MAMFGETF,2022-02-02,2023-08-31,392,,0,OBSERVED_SYMBOL_HISTORY_NOT_STITCHED,False,exact_observed_symbol_no_fuzzy_merge
MAN50ETF,2020-01-01,2023-08-31,912,,0,OBSERVED_SYMBOL_HISTORY_NOT_STITCHED,False,exact_observed_symbol_no_fuzzy_merge
MANAKALUCO,2020-01-01,2026-09-11,1306,,1,OBSERVED_SYMBOL_HISTORY_NOT_STITCHED,False,exact_observed_symbol_no_fuzzy_merge
MANAKCOAT,2020-01-01,2026-09-11,1277,,1,OBSERVED_SYMBOL_HISTORY_NOT_STITCHED,False,exact_observed_symbol_no_fuzzy_merge
MANAKSIA,2020-01-01,2026-09-11,1607,,1,OBSERVED_SYMBOL_HISTORY_NOT_STITCHED,False,exact_observed_symbol_no_fuzzy_merge
MANAKSTEEL,2020-01-01,2026-09-04,1384,,1,OBSERVED_SYMBOL_HISTORY_NOT_STITCHED,False,exact_observed_symbol_no_fuzzy_merge
MANALIPETC,2020-01-01,2026-09-11,1569,,1,OBSERVED_SYMBOL_HISTORY_NOT_STITCHED,False,exact_observed_symbol_no_fuzzy_merge
MANAPPURAM,2020-01-01,2026-09-11,1660,,1,OBSERVED_SYMBOL_HISTORY_NOT_STITCHED,False,exact_observed_symbol_no_fuzzy_merge
MANBA,2024-10-15,2026-09-11,473,,1,OBSERVED_SYMBOL_HISTORY_NOT_STITCHED,False,exact_observed_symbol_no_fuzzy_merge
MANBRO,2026-08-17,2026-09-02,13,KDGREEN,1,OBJECTIVE_SAME_ISIN_ALIAS_OBSERVED_NO_STITCH,True,exact_observed_symbol_no_fuzzy_merge
MANCREDIT,2024-08-16,2026-09-11,514,,1,OBSERVED_SYMBOL_HISTORY_NOT_STITCHED,False,exact_observed_symbol_no_fuzzy_merge
MANGALAM,2020-01-01,2026-09-11,1481,,1,OBSERVED_SYMBOL_HISTORY_NOT_STITCHED,False,exact_observed_symbol_no_fuzzy_merge
MANGCHEFER,2020-01-01,2025-10-30,1446,,1,OBSERVED_SYMBOL_HISTORY_NOT_STITCHED,False,exact_observed_symbol_no_fuzzy_merge
MANGLMCEM,2020-01-01,2026-09-11,1660,,1,OBSERVED_SYMBOL_HISTORY_NOT_STITCHED,False,exact_observed_symbol_no_fuzzy_merge
MANGTIMBER,2020-03-04,2022-01-04,356,,0,OBSERVED_SYMBOL_HISTORY_NOT_STITCHED,False,exact_observed_symbol_no_fuzzy_merge
MANINDS,2020-01-01,2026-09-11,1589,,1,OBSERVED_SYMBOL_HISTORY_NOT_STITCHED,False,exact_observed_symbol_no_fuzzy_merge
MANINFRA,2020-01-01,2026-09-11,1660,,1,OBSERVED_SYMBOL_HISTORY_NOT_STITCHED,False,exact_observed_symbol_no_fuzzy_merge
MANIPALHOS,2026-08-05,2026-09-11,28,,1,OBSERVED_SYMBOL_HISTORY_NOT_STITCHED,False,exact_observed_symbol_no_fuzzy_merge
MANKIND,2023-05-09,2026-09-11,829,,1,OBSERVED_SYMBOL_HISTORY_NOT_STITCHED,False,exact_observed_symbol_no_fuzzy_merge
MANOMAY,2023-01-18,2026-09-11,653,,1,OBSERVED_SYMBOL_HISTORY_NOT_STITCHED,False,exact_observed_symbol_no_fuzzy_merge
MANORAMA,2022-07-01,2026-09-11,921,,1,OBSERVED_SYMBOL_HISTORY_NOT_STITCHED,False,exact_observed_symbol_no_fuzzy_merge
MANORG,2021-11-02,2026-09-11,916,,1,OBSERVED_SYMBOL_HISTORY_NOT_STITCHED,False,exact_observed_symbol_no_fuzzy_merge
MANUFGBEES,2025-08-29,2026-09-11,257,,1,OBSERVED_SYMBOL_HISTORY_NOT_STITCHED,False,exact_observed_symbol_no_fuzzy_merge
MANUGRAPH,2020-01-01,2026-06-11,1240,,1,OBSERVED_SYMBOL_HISTORY_NOT_STITCHED,False,exact_observed_symbol_no_fuzzy_merge
MANV30F,2023-03-31,2023-08-31,96,,0,OBSERVED_SYMBOL_HISTORY_NOT_STITCHED,False,exact_observed_symbol_no_fuzzy_merge
MANXT50,2020-01-31,2023-08-31,890,,0,OBSERVED_SYMBOL_HISTORY_NOT_STITCHED,False,exact_observed_symbol_no_fuzzy_merge
MANYAVAR,2022-02-16,2026-09-11,1130,,1,OBSERVED_SYMBOL_HISTORY_NOT_STITCHED,False,exact_observed_symbol_no_fuzzy_merge
MAPMYINDIA,2021-12-21,2026-09-11,1170,,1,OBSERVED_SYMBOL_HISTORY_NOT_STITCHED,False,exact_observed_symbol_no_fuzzy_merge
MARALOVER,2020-01-01,2026-09-11,1509,,1,OBSERVED_SYMBOL_HISTORY_NOT_STITCHED,False,exact_observed_symbol_no_fuzzy_merge
MARATHON,2020-01-01,2026-09-11,1660,,1,OBSERVED_SYMBOL_HISTORY_NOT_STITCHED,False,exact_observed_symbol_no_fuzzy_merge
MARICO,2020-01-01,2026-09-11,1660,,1,OBSERVED_SYMBOL_HISTORY_NOT_STITCHED,False,exact_observed_symbol_no_fuzzy_merge
MARINE,2020-12-02,2026-09-11,1055,,1,OBSERVED_SYMBOL_HISTORY_NOT_STITCHED,False,exact_observed_symbol_no_fuzzy_merge
MARKOLINES,2025-10-14,2026-09-11,226,,1,OBSERVED_SYMBOL_HISTORY_NOT_STITCHED,False,exact_observed_symbol_no_fuzzy_merge
MARKSANS,2020-01-01,2026-09-11,1660,,1,OBSERVED_SYMBOL_HISTORY_NOT_STITCHED,False,exact_observed_symbol_no_fuzzy_merge
MARSHALL,2021-11-22,2024-11-14,474,,1,OBSERVED_SYMBOL_HISTORY_NOT_STITCHED,False,exact_observed_symbol_no_fuzzy_merge
MARSONS,2026-03-13,2026-09-11,124,,1,OBSERVED_SYMBOL_HISTORY_NOT_STITCHED,False,exact_observed_symbol_no_fuzzy_merge
MARUTI,2020-01-01,2026-09-11,1660,,1,OBSERVED_SYMBOL_HISTORY_NOT_STITCHED,False,exact_observed_symbol_no_fuzzy_merge
MASFIN,2020-01-01,2026-09-11,1660,,1,OBSERVED_SYMBOL_HISTORY_NOT_STITCHED,False,exact_observed_symbol_no_fuzzy_merge
MASILVER,2023-06-15,2023-08-31,54,,0,OBSERVED_SYMBOL_HISTORY_NOT_STITCHED,False,exact_observed_symbol_no_fuzzy_merge
MASKINVEST,2024-04-08,2026-09-11,169,,1,OBSERVED_SYMBOL_HISTORY_NOT_STITCHED,False,exact_observed_symbol_no_fuzzy_merge
MASPTOP50,2021-09-24,2026-09-11,1229,,1,OBSERVED_SYMBOL_HISTORY_NOT_STITCHED,False,exact_observed_symbol_no_fuzzy_merge
MASTEK,2020-01-01,2026-09-11,1660,,1,OBSERVED_SYMBOL_HISTORY_NOT_STITCHED,False,exact_observed_symbol_no_fuzzy_merge
MASTERTR,2024-11-12,2026-09-11,453,,1,OBSERVED_SYMBOL_HISTORY_NOT_STITCHED,False,exact_observed_symbol_no_fuzzy_merge
MATRIMONY,2020-01-01,2026-09-11,1660,,1,OBSERVED_SYMBOL_HISTORY_NOT_STITCHED,False,exact_observed_symbol_no_fuzzy_merge
MAWANASUG,2020-01-01,2026-09-11,1442,,1,OBSERVED_SYMBOL_HISTORY_NOT_STITCHED,False,exact_observed_symbol_no_fuzzy_merge
MAXESTATES,2023-11-13,2026-09-11,700,,1,OBSERVED_SYMBOL_HISTORY_NOT_STITCHED,False,exact_observed_symbol_no_fuzzy_merge
MAXHEALTH,2020-09-04,2026-09-11,1491,,1,OBSERVED_SYMBOL_HISTORY_NOT_STITCHED,False,exact_observed_symbol_no_fuzzy_merge
MAXIND,2020-09-11,2026-09-11,1432,,1,OBSERVED_SYMBOL_HISTORY_NOT_STITCHED,False,exact_observed_symbol_no_fuzzy_merge
MAXINDIA,2020-01-01,2020-06-11,109,,0,OBSERVED_SYMBOL_HISTORY_NOT_STITCHED,False,exact_observed_symbol_no_fuzzy_merge
MAXVIL,2020-01-01,2023-08-10,898,,0,OBSERVED_SYMBOL_HISTORY_NOT_STITCHED,False,exact_observed_symbol_no_fuzzy_merge
MAYURUNIQ,2020-01-01,2026-09-11,1660,,1,OBSERVED_SYMBOL_HISTORY_NOT_STITCHED,False,exact_observed_symbol_no_fuzzy_merge
MAZDA,2020-01-01,2026-07-08,1470,,2,MULTIPLE_ISIN_OBSERVED_NO_IDENTITY_INFERENCE,True,exact_observed_symbol_no_fuzzy_merge
MAZDOCK,2020-10-12,2026-09-11,1466,,2,MULTIPLE_ISIN_OBSERVED_NO_IDENTITY_INFERENCE,True,exact_observed_symbol_no_fuzzy_merge
MBAPL,2021-04-27,2026-09-11,1134,,2,MULTIPLE_ISIN_OBSERVED_NO_IDENTITY_INFERENCE,True,exact_observed_symbol_no_fuzzy_merge
MBECL,2024-04-22,2024-08-08,44,,1,OBSERVED_SYMBOL_HISTORY_NOT_STITCHED,False,exact_observed_symbol_no_fuzzy_merge
MBEL,2025-08-06,2026-09-11,272,,1,OBSERVED_SYMBOL_HISTORY_NOT_STITCHED,False,exact_observed_symbol_no_fuzzy_merge
MBLINFRA,2020-01-01,2026-09-11,1211,,1,OBSERVED_SYMBOL_HISTORY_NOT_STITCHED,False,exact_observed_symbol_no_fuzzy_merge
MCCHRLS-B,2026-04-20,2026-09-11,102,,1,OBSERVED_SYMBOL_HISTORY_NOT_STITCHED,False,exact_observed_symbol_no_fuzzy_merge
MCDHOLDING,2020-01-01,2021-09-22,331,,0,OBSERVED_SYMBOL_HISTORY_NOT_STITCHED,False,exact_observed_symbol_no_fuzzy_merge
MCDOWELL-N,2020-01-01,2024-06-06,1099,,0,OBSERVED_SYMBOL_HISTORY_NOT_STITCHED,False,exact_observed_symbol_no_fuzzy_merge
MCL,2020-08-19,2026-09-11,1058,,1,OBSERVED_SYMBOL_HISTORY_NOT_STITCHED,False,exact_observed_symbol_no_fuzzy_merge
MCLEODRUSS,2020-01-01,2026-09-11,1077,,1,OBSERVED_SYMBOL_HISTORY_NOT_STITCHED,False,exact_observed_symbol_no_fuzzy_merge
MCLOUD,2025-02-07,2026-09-11,393,,1,OBSERVED_SYMBOL_HISTORY_NOT_STITCHED,False,exact_observed_symbol_no_fuzzy_merge
MCX,2020-01-01,2026-09-11,1660,,2,MULTIPLE_ISIN_OBSERVED_NO_IDENTITY_INFERENCE,True,exact_observed_symbol_no_fuzzy_merge
MEDANTA,2022-11-16,2026-09-11,946,,1,OBSERVED_SYMBOL_HISTORY_NOT_STITCHED,False,exact_observed_symbol_no_fuzzy_merge
MEDIASSIST,2024-01-23,2026-09-11,652,,1,OBSERVED_SYMBOL_HISTORY_NOT_STITCHED,False,exact_observed_symbol_no_fuzzy_merge
MEDICAMEQ,2021-10-27,2026-09-11,1207,,1,OBSERVED_SYMBOL_HISTORY_NOT_STITCHED,False,exact_observed_symbol_no_fuzzy_merge
MEDICAPQ,2026-08-17,2026-09-11,20,,1,OBSERVED_SYMBOL_HISTORY_NOT_STITCHED,False,exact_observed_symbol_no_fuzzy_merge
MEDICO,2022-05-26,2026-09-11,764,,1,OBSERVED_SYMBOL_HISTORY_NOT_STITCHED,False,exact_observed_symbol_no_fuzzy_merge
MEDPLUS,2021-12-23,2026-09-11,1168,,1,OBSERVED_SYMBOL_HISTORY_NOT_STITCHED,False,exact_observed_symbol_no_fuzzy_merge
MEESHO,2025-12-10,2026-09-11,187,,1,OBSERVED_SYMBOL_HISTORY_NOT_STITCHED,False,exact_observed_symbol_no_fuzzy_merge
MEGASOFT,2020-01-01,2025-11-06,824,SIGMAADV,1,OBJECTIVE_SAME_ISIN_ALIAS_OBSERVED_NO_STITCH,True,exact_observed_symbol_no_fuzzy_merge
MEGASTAR,2022-02-16,2026-09-11,947,,1,OBSERVED_SYMBOL_HISTORY_NOT_STITCHED,False,exact_observed_symbol_no_fuzzy_merge
MEGH,2020-01-01,2021-05-17,341,,0,OBSERVED_SYMBOL_HISTORY_NOT_STITCHED,False,exact_observed_symbol_no_fuzzy_merge
MEIL,2025-08-28,2026-09-11,194,,1,OBSERVED_SYMBOL_HISTORY_NOT_STITCHED,False,exact_observed_symbol_no_fuzzy_merge
MENNPIS,2026-04-20,2026-09-09,100,,1,OBSERVED_SYMBOL_HISTORY_NOT_STITCHED,False,exact_observed_symbol_no_fuzzy_merge
MENONBE,2020-01-01,2026-06-25,1548,,1,OBSERVED_SYMBOL_HISTORY_NOT_STITCHED,False,exact_observed_symbol_no_fuzzy_merge
MEP,2020-01-01,2024-03-19,850,,0,OBSERVED_SYMBOL_HISTORY_NOT_STITCHED,False,exact_observed_symbol_no_fuzzy_merge
MERCANTILE,2026-04-20,2026-09-11,101,,1,OBSERVED_SYMBOL_HISTORY_NOT_STITCHED,False,exact_observed_symbol_no_fuzzy_merge
MERCATOR,2020-01-01,2022-05-24,271,,0,OBSERVED_SYMBOL_HISTORY_NOT_STITCHED,False,exact_observed_symbol_no_fuzzy_merge
MERCURYEV,2026-07-27,2026-09-11,35,,1,OBSERVED_SYMBOL_HISTORY_NOT_STITCHED,False,exact_observed_symbol_no_fuzzy_merge
METAL,2024-10-09,2026-09-11,477,,1,OBSERVED_SYMBOL_HISTORY_NOT_STITCHED,False,exact_observed_symbol_no_fuzzy_merge
METALFORGE,2020-01-01,2021-02-24,131,,0,OBSERVED_SYMBOL_HISTORY_NOT_STITCHED,False,exact_observed_symbol_no_fuzzy_merge
METALIETF,2024-08-20,2026-09-11,512,,1,OBSERVED_SYMBOL_HISTORY_NOT_STITCHED,False,exact_observed_symbol_no_fuzzy_merge
METROBRAND,2021-12-22,2026-09-11,1169,,1,OBSERVED_SYMBOL_HISTORY_NOT_STITCHED,False,exact_observed_symbol_no_fuzzy_merge
METROGLOBL,2026-04-20,2026-09-11,102,,1,OBSERVED_SYMBOL_HISTORY_NOT_STITCHED,False,exact_observed_symbol_no_fuzzy_merge
METROPOLIS,2020-01-01,2026-09-11,1660,,1,OBSERVED_SYMBOL_HISTORY_NOT_STITCHED,False,exact_observed_symbol_no_fuzzy_merge
MFL,2021-09-02,2023-09-08,502,,0,OBSERVED_SYMBOL_HISTORY_NOT_STITCHED,False,exact_observed_symbol_no_fuzzy_merge
MFML,2024-09-10,2026-09-11,256,,1,OBSERVED_SYMBOL_HISTORY_NOT_STITCHED,False,exact_observed_symbol_no_fuzzy_merge
MFSL,2020-01-01,2026-09-11,1660,,1,OBSERVED_SYMBOL_HISTORY_NOT_STITCHED,False,exact_observed_symbol_no_fuzzy_merge
MGEL,2020-12-23,2026-09-11,1127,,2,MULTIPLE_ISIN_OBSERVED_NO_IDENTITY_INFERENCE,True,exact_observed_symbol_no_fuzzy_merge
MGL,2020-01-01,2026-09-11,1660,,1,OBSERVED_SYMBOL_HISTORY_NOT_STITCHED,False,exact_observed_symbol_no_fuzzy_merge
MHLXMIRU,2022-01-27,2026-08-17,917,,1,OBSERVED_SYMBOL_HISTORY_NOT_STITCHED,False,exact_observed_symbol_no_fuzzy_merge
MHRIL,2020-01-01,2026-09-11,1660,,1,OBSERVED_SYMBOL_HISTORY_NOT_STITCHED,False,exact_observed_symbol_no_fuzzy_merge
MIC,2020-03-04,2021-05-14,72,,0,OBSERVED_SYMBOL_HISTORY_NOT_STITCHED,False,exact_observed_symbol_no_fuzzy_merge
MICEL,2022-01-03,2026-07-02,654,,1,OBSERVED_SYMBOL_HISTORY_NOT_STITCHED,False,exact_observed_symbol_no_fuzzy_merge
MID150,2025-03-28,2026-09-11,360,,1,OBSERVED_SYMBOL_HISTORY_NOT_STITCHED,False,exact_observed_symbol_no_fuzzy_merge
MID150BEES,2022-05-10,2026-09-11,1076,,1,OBSERVED_SYMBOL_HISTORY_NOT_STITCHED,False,exact_observed_symbol_no_fuzzy_merge
MID150CASE,2024-06-19,2026-09-11,554,,1,OBSERVED_SYMBOL_HISTORY_NOT_STITCHED,False,exact_observed_symbol_no_fuzzy_merge
MIDBANKADD,2026-08-07,2026-09-11,26,,1,OBSERVED_SYMBOL_HISTORY_NOT_STITCHED,False,exact_observed_symbol_no_fuzzy_merge
MIDCAP,2024-03-20,2026-09-11,613,,2,MULTIPLE_ISIN_OBSERVED_NO_IDENTITY_INFERENCE,True,exact_observed_symbol_no_fuzzy_merge
MIDCAPADD,2025-12-18,2026-09-11,181,,1,OBSERVED_SYMBOL_HISTORY_NOT_STITCHED,False,exact_observed_symbol_no_fuzzy_merge
MIDCAPBETA,2025-12-24,2026-09-11,177,NIFMID150,1,OBJECTIVE_SAME_ISIN_ALIAS_OBSERVED_NO_STITCH,True,exact_observed_symbol_no_fuzzy_merge
MIDCAPETF,2023-09-01,2026-09-11,748,,1,OBSERVED_SYMBOL_HISTORY_NOT_STITCHED,False,exact_observed_symbol_no_fuzzy_merge
MIDCAPIETF,2023-12-20,2026-09-11,675,,1,OBSERVED_SYMBOL_HISTORY_NOT_STITCHED,False,exact_observed_symbol_no_fuzzy_merge
MIDHANI,2020-01-01,2026-09-11,1660,,1,OBSERVED_SYMBOL_HISTORY_NOT_STITCHED,False,exact_observed_symbol_no_fuzzy_merge
MIDQ50ADD,2024-02-15,2026-09-11,636,,2,MULTIPLE_ISIN_OBSERVED_NO_IDENTITY_INFERENCE,True,exact_observed_symbol_no_fuzzy_merge
MIDSELIETF,2023-12-20,2026-09-11,675,,1,OBSERVED_SYMBOL_HISTORY_NOT_STITCHED,False,exact_observed_symbol_no_fuzzy_merge
MIDSMALL,2024-05-28,2026-09-11,569,,1,OBSERVED_SYMBOL_HISTORY_NOT_STITCHED,False,exact_observed_symbol_no_fuzzy_merge
MIDWESTLTD,2025-10-24,2026-09-11,219,,1,OBSERVED_SYMBOL_HISTORY_NOT_STITCHED,False,exact_observed_symbol_no_fuzzy_merge
MIIL,2026-08-17,2026-09-11,20,,1,OBSERVED_SYMBOL_HISTORY_NOT_STITCHED,False,exact_observed_symbol_no_fuzzy_merge
MILKYMIST,2026-08-18,2026-09-11,19,,1,OBSERVED_SYMBOL_HISTORY_NOT_STITCHED,False,exact_observed_symbol_no_fuzzy_merge
MINALIND,2026-08-17,2026-08-25,7,,1,OBSERVED_SYMBOL_HISTORY_NOT_STITCHED,False,exact_observed_symbol_no_fuzzy_merge
MINDACORP,2020-01-01,2026-09-11,1660,,1,OBSERVED_SYMBOL_HISTORY_NOT_STITCHED,False,exact_observed_symbol_no_fuzzy_merge
MINDAIND,2020-01-01,2022-08-04,647,,0,OBSERVED_SYMBOL_HISTORY_NOT_STITCHED,False,exact_observed_symbol_no_fuzzy_merge
MINDTECK,2020-01-01,2026-09-11,1358,,1,OBSERVED_SYMBOL_HISTORY_NOT_STITCHED,False,exact_observed_symbol_no_fuzzy_merge
MINDTREE,2020-01-01,2022-11-22,719,,0,OBSERVED_SYMBOL_HISTORY_NOT_STITCHED,False,exact_observed_symbol_no_fuzzy_merge
MIRCELECTR,2020-01-01,2026-05-18,1085,ONIDA,1,OBJECTIVE_SAME_ISIN_ALIAS_OBSERVED_NO_STITCH,True,exact_observed_symbol_no_fuzzy_merge
MIRZAINT,2020-01-01,2026-09-11,1537,,1,OBSERVED_SYMBOL_HISTORY_NOT_STITCHED,False,exact_observed_symbol_no_fuzzy_merge
MITCON,2022-03-17,2026-09-11,934,,1,OBSERVED_SYMBOL_HISTORY_NOT_STITCHED,False,exact_observed_symbol_no_fuzzy_merge
MITTAL,2020-04-29,2026-09-11,1347,,1,OBSERVED_SYMBOL_HISTORY_NOT_STITCHED,False,exact_observed_symbol_no_fuzzy_merge
MKEXIM,2026-08-17,2026-09-11,20,,1,OBSERVED_SYMBOL_HISTORY_NOT_STITCHED,False,exact_observed_symbol_no_fuzzy_merge
MKPL,2023-06-13,2026-09-11,488,,1,OBSERVED_SYMBOL_HISTORY_NOT_STITCHED,False,exact_observed_symbol_no_fuzzy_merge
MLKFOOD,2026-08-17,2026-09-11,20,,1,OBSERVED_SYMBOL_HISTORY_NOT_STITCHED,False,exact_observed_symbol_no_fuzzy_merge
MMFL,2020-01-01,2026-09-11,1660,,1,OBSERVED_SYMBOL_HISTORY_NOT_STITCHED,False,exact_observed_symbol_no_fuzzy_merge
MMP,2020-01-09,2026-09-11,1490,,1,OBSERVED_SYMBOL_HISTORY_NOT_STITCHED,False,exact_observed_symbol_no_fuzzy_merge
MMTC,2020-01-01,2026-09-11,1649,,1,OBSERVED_SYMBOL_HISTORY_NOT_STITCHED,False,exact_observed_symbol_no_fuzzy_merge
MMWL,2026-04-20,2026-09-11,44,,1,OBSERVED_SYMBOL_HISTORY_NOT_STITCHED,False,exact_observed_symbol_no_fuzzy_merge
MNC,2024-03-20,2026-09-11,613,,1,OBSERVED_SYMBOL_HISTORY_NOT_STITCHED,False,exact_observed_symbol_no_fuzzy_merge
MOALPHA50,2025-07-10,2026-09-11,291,,1,OBSERVED_SYMBOL_HISTORY_NOT_STITCHED,False,exact_observed_symbol_no_fuzzy_merge
MOBANK10,2026-04-10,2026-09-11,107,,1,OBSERVED_SYMBOL_HISTORY_NOT_STITCHED,False,exact_observed_symbol_no_fuzzy_merge
MOBIKWIK,2024-12-18,2026-09-11,429,,1,OBSERVED_SYMBOL_HISTORY_NOT_STITCHED,False,exact_observed_symbol_no_fuzzy_merge
MOCAPITAL,2025-03-13,2026-09-11,370,,1,OBSERVED_SYMBOL_HISTORY_NOT_STITCHED,False,exact_observed_symbol_no_fuzzy_merge
MODEFENCE,2024-08-27,2026-09-11,507,,1,OBSERVED_SYMBOL_HISTORY_NOT_STITCHED,False,exact_observed_symbol_no_fuzzy_merge
MODINATUR,2025-12-11,2026-09-11,119,,1,OBSERVED_SYMBOL_HISTORY_NOT_STITCHED,False,exact_observed_symbol_no_fuzzy_merge
MODIRUBBER,2024-03-11,2026-09-11,431,,1,OBSERVED_SYMBOL_HISTORY_NOT_STITCHED,False,exact_observed_symbol_no_fuzzy_merge
MODIS,2025-11-14,2026-09-11,205,,1,OBSERVED_SYMBOL_HISTORY_NOT_STITCHED,False,exact_observed_symbol_no_fuzzy_merge
MODISNME,2021-05-03,2022-08-12,321,,0,OBSERVED_SYMBOL_HISTORY_NOT_STITCHED,False,exact_observed_symbol_no_fuzzy_merge
MODISONLTD,2022-08-16,2026-09-10,759,,1,OBSERVED_SYMBOL_HISTORY_NOT_STITCHED,False,exact_observed_symbol_no_fuzzy_merge
MODTHREAD,2025-02-24,2026-09-11,380,,1,OBSERVED_SYMBOL_HISTORY_NOT_STITCHED,False,exact_observed_symbol_no_fuzzy_merge
MOENERGY,2025-10-16,2026-09-11,224,,1,OBSERVED_SYMBOL_HISTORY_NOT_STITCHED,False,exact_observed_symbol_no_fuzzy_merge
MOGOLD,2025-07-31,2026-09-11,276,,1,OBSERVED_SYMBOL_HISTORY_NOT_STITCHED,False,exact_observed_symbol_no_fuzzy_merge
MOGSEC,2021-06-16,2026-09-11,1298,,1,OBSERVED_SYMBOL_HISTORY_NOT_STITCHED,False,exact_observed_symbol_no_fuzzy_merge
MOHEALTH,2022-08-04,2026-09-11,1014,,1,OBSERVED_SYMBOL_HISTORY_NOT_STITCHED,False,exact_observed_symbol_no_fuzzy_merge
MOHITE,2026-08-17,2026-09-11,20,,1,OBSERVED_SYMBOL_HISTORY_NOT_STITCHED,False,exact_observed_symbol_no_fuzzy_merge
MOHITIND,2020-09-28,2026-09-11,1084,,1,OBSERVED_SYMBOL_HISTORY_NOT_STITCHED,False,exact_observed_symbol_no_fuzzy_merge
MOHOTAIND,2020-01-01,2021-11-18,279,,0,OBSERVED_SYMBOL_HISTORY_NOT_STITCHED,False,exact_observed_symbol_no_fuzzy_merge
MOIL,2020-01-01,2026-09-11,1660,,1,OBSERVED_SYMBOL_HISTORY_NOT_STITCHED,False,exact_observed_symbol_no_fuzzy_merge
MOINFRA,2025-05-21,2026-09-11,327,,1,OBSERVED_SYMBOL_HISTORY_NOT_STITCHED,False,exact_observed_symbol_no_fuzzy_merge
MOIPO,2025-11-20,2026-09-11,200,,1,OBSERVED_SYMBOL_HISTORY_NOT_STITCHED,False,exact_observed_symbol_no_fuzzy_merge
MOKSH,2021-05-21,2026-09-11,1081,,1,OBSERVED_SYMBOL_HISTORY_NOT_STITCHED,False,exact_observed_symbol_no_fuzzy_merge
MOL,2021-09-02,2026-09-11,1244,,1,OBSERVED_SYMBOL_HISTORY_NOT_STITCHED,False,exact_observed_symbol_no_fuzzy_merge
MOLBIO,2026-08-17,2026-09-11,20,,1,OBSERVED_SYMBOL_HISTORY_NOT_STITCHED,False,exact_observed_symbol_no_fuzzy_merge
MOLDTECH,2020-01-01,2026-08-10,1522,,1,OBSERVED_SYMBOL_HISTORY_NOT_STITCHED,False,exact_observed_symbol_no_fuzzy_merge
MOLDTKPAC,2020-01-01,2026-09-11,1660,,1,OBSERVED_SYMBOL_HISTORY_NOT_STITCHED,False,exact_observed_symbol_no_fuzzy_merge
MOLOWVOL,2022-03-30,2026-09-11,1101,,1,OBSERVED_SYMBOL_HISTORY_NOT_STITCHED,False,exact_observed_symbol_no_fuzzy_merge
MOM100,2021-06-16,2026-09-11,1298,,1,OBSERVED_SYMBOL_HISTORY_NOT_STITCHED,False,exact_observed_symbol_no_fuzzy_merge
MOM30IETF,2023-12-20,2026-09-11,675,,1,OBSERVED_SYMBOL_HISTORY_NOT_STITCHED,False,exact_observed_symbol_no_fuzzy_merge
MOM50,2021-06-16,2026-09-11,1298,,1,OBSERVED_SYMBOL_HISTORY_NOT_STITCHED,False,exact_observed_symbol_no_fuzzy_merge
MOMENTUM,2022-08-19,2026-09-11,1005,,1,OBSERVED_SYMBOL_HISTORY_NOT_STITCHED,False,exact_observed_symbol_no_fuzzy_merge
MOMENTUM30,2025-10-17,2026-09-11,223,,1,OBSERVED_SYMBOL_HISTORY_NOT_STITCHED,False,exact_observed_symbol_no_fuzzy_merge
MOMENTUM50,2024-09-30,2026-09-11,483,,1,OBSERVED_SYMBOL_HISTORY_NOT_STITCHED,False,exact_observed_symbol_no_fuzzy_merge
MOMETAL,2026-08-06,2026-09-11,27,,1,OBSERVED_SYMBOL_HISTORY_NOT_STITCHED,False,exact_observed_symbol_no_fuzzy_merge
MOMGF,2025-05-28,2026-09-11,320,,1,OBSERVED_SYMBOL_HISTORY_NOT_STITCHED,False,exact_observed_symbol_no_fuzzy_merge
MOMIDMTM,2025-07-03,2026-09-11,296,,1,OBSERVED_SYMBOL_HISTORY_NOT_STITCHED,False,exact_observed_symbol_no_fuzzy_merge
MOMMIDCAP,2026-07-22,2026-09-11,38,,1,OBSERVED_SYMBOL_HISTORY_NOT_STITCHED,False,exact_observed_symbol_no_fuzzy_merge
MOMNC,2025-12-04,2026-09-11,190,,1,OBSERVED_SYMBOL_HISTORY_NOT_STITCHED,False,exact_observed_symbol_no_fuzzy_merge
MOMOMENTUM,2022-02-17,2026-09-11,1129,,1,OBSERVED_SYMBOL_HISTORY_NOT_STITCHED,False,exact_observed_symbol_no_fuzzy_merge
MON100,2021-06-16,2026-09-11,1298,,1,OBSERVED_SYMBOL_HISTORY_NOT_STITCHED,False,exact_observed_symbol_no_fuzzy_merge
MON50EQUAL,2025-05-07,2026-09-11,336,,1,OBSERVED_SYMBOL_HISTORY_NOT_STITCHED,False,exact_observed_symbol_no_fuzzy_merge
MONARCH,2022-01-06,2026-09-11,1158,,1,OBSERVED_SYMBOL_HISTORY_NOT_STITCHED,False,exact_observed_symbol_no_fuzzy_merge
MONEXT50,2025-05-14,2026-09-11,332,,1,OBSERVED_SYMBOL_HISTORY_NOT_STITCHED,False,exact_observed_symbol_no_fuzzy_merge
MONEYBOXX,2025-10-15,2026-09-11,225,,1,OBSERVED_SYMBOL_HISTORY_NOT_STITCHED,False,exact_observed_symbol_no_fuzzy_merge
MONIFTY100,2025-10-16,2026-09-11,224,,1,OBSERVED_SYMBOL_HISTORY_NOT_STITCHED,False,exact_observed_symbol_no_fuzzy_merge
MONIFTY500,2023-10-06,2026-09-11,725,,1,OBSERVED_SYMBOL_HISTORY_NOT_STITCHED,False,exact_observed_symbol_no_fuzzy_merge
MONQ50,2021-12-29,2026-09-11,1164,,1,OBSERVED_SYMBOL_HISTORY_NOT_STITCHED,False,exact_observed_symbol_no_fuzzy_merge
MONTECARLO,2020-01-01,2026-09-11,1660,,1,OBSERVED_SYMBOL_HISTORY_NOT_STITCHED,False,exact_observed_symbol_no_fuzzy_merge
MOOILGAS,2026-08-06,2026-09-11,27,,1,OBSERVED_SYMBOL_HISTORY_NOT_STITCHED,False,exact_observed_symbol_no_fuzzy_merge
MOPSE,2025-06-05,2026-09-11,313,,1,OBSERVED_SYMBOL_HISTORY_NOT_STITCHED,False,exact_observed_symbol_no_fuzzy_merge
MOQUALITY,2022-08-26,2026-09-11,955,,1,OBSERVED_SYMBOL_HISTORY_NOT_STITCHED,False,exact_observed_symbol_no_fuzzy_merge
MORARJEE,2020-01-01,2024-01-30,883,,0,OBSERVED_SYMBOL_HISTORY_NOT_STITCHED,False,exact_observed_symbol_no_fuzzy_merge
MOREALTY,2024-03-21,2026-09-11,612,,1,OBSERVED_SYMBOL_HISTORY_NOT_STITCHED,False,exact_observed_symbol_no_fuzzy_merge
MOREPENLAB,2020-01-01,2026-09-11,1660,,1,OBSERVED_SYMBOL_HISTORY_NOT_STITCHED,False,exact_observed_symbol_no_fuzzy_merge
MOSCHIP,2025-02-05,2026-09-11,395,,1,OBSERVED_SYMBOL_HISTORY_NOT_STITCHED,False,exact_observed_symbol_no_fuzzy_merge
MOSERVICE,2025-11-27,2026-09-11,196,,1,OBSERVED_SYMBOL_HISTORY_NOT_STITCHED,False,exact_observed_symbol_no_fuzzy_merge
MOSILVER,2025-08-14,2026-09-11,265,,1,OBSERVED_SYMBOL_HISTORY_NOT_STITCHED,False,exact_observed_symbol_no_fuzzy_merge
MOSMALL250,2024-03-21,2026-09-11,612,,1,OBSERVED_SYMBOL_HISTORY_NOT_STITCHED,False,exact_observed_symbol_no_fuzzy_merge
MOTHERSON,2022-06-09,2026-09-11,1054,,1,OBSERVED_SYMBOL_HISTORY_NOT_STITCHED,False,exact_observed_symbol_no_fuzzy_merge
MOTHERSUMI,2020-01-01,2022-06-08,606,,0,OBSERVED_SYMBOL_HISTORY_NOT_STITCHED,False,exact_observed_symbol_no_fuzzy_merge
MOTILALOFS,2020-01-01,2026-09-11,1660,,1,OBSERVED_SYMBOL_HISTORY_NOT_STITCHED,False,exact_observed_symbol_no_fuzzy_merge
MOTISONS,2024-01-09,2026-09-11,605,,2,MULTIPLE_ISIN_OBSERVED_NO_IDENTITY_INFERENCE,True,exact_observed_symbol_no_fuzzy_merge
MOTOGENFIN,2020-01-01,2026-09-11,1224,,1,OBSERVED_SYMBOL_HISTORY_NOT_STITCHED,False,exact_observed_symbol_no_fuzzy_merge
MOTOUR,2025-06-12,2026-09-11,311,,1,OBSERVED_SYMBOL_HISTORY_NOT_STITCHED,False,exact_observed_symbol_no_fuzzy_merge
MOVALUE,2022-08-26,2026-09-11,996,,1,OBSERVED_SYMBOL_HISTORY_NOT_STITCHED,False,exact_observed_symbol_no_fuzzy_merge
MPDL,2026-08-18,2026-08-26,7,,1,OBSERVED_SYMBOL_HISTORY_NOT_STITCHED,False,exact_observed_symbol_no_fuzzy_merge
MPHASIS,2020-01-01,2026-09-11,1660,,1,OBSERVED_SYMBOL_HISTORY_NOT_STITCHED,False,exact_observed_symbol_no_fuzzy_merge
MPSLTD,2020-01-01,2026-09-11,1660,,1,OBSERVED_SYMBOL_HISTORY_NOT_STITCHED,False,exact_observed_symbol_no_fuzzy_merge
MRF,2020-01-01,2026-09-11,1660,,1,OBSERVED_SYMBOL_HISTORY_NOT_STITCHED,False,exact_observed_symbol_no_fuzzy_merge
MRO-TEK,2020-05-12,2025-04-11,1057,UMIYA-MRO,1,OBJECTIVE_SAME_ISIN_ALIAS_OBSERVED_NO_STITCH,True,exact_observed_symbol_no_fuzzy_merge
MRPL,2020-01-01,2026-09-11,1660,,1,OBSERVED_SYMBOL_HISTORY_NOT_STITCHED,False,exact_observed_symbol_no_fuzzy_merge
MSCI360,2026-05-29,2026-09-11,74,,1,OBSERVED_SYMBOL_HISTORY_NOT_STITCHED,False,exact_observed_symbol_no_fuzzy_merge
MSCIADD,2025-12-01,2026-09-11,192,,1,OBSERVED_SYMBOL_HISTORY_NOT_STITCHED,False,exact_observed_symbol_no_fuzzy_merge
MSCIINDIA,2025-02-27,2026-09-11,380,,1,OBSERVED_SYMBOL_HISTORY_NOT_STITCHED,False,exact_observed_symbol_no_fuzzy_merge
MSL,2026-08-17,2026-09-11,20,,1,OBSERVED_SYMBOL_HISTORY_NOT_STITCHED,False,exact_observed_symbol_no_fuzzy_merge
MSPL,2020-01-01,2026-09-11,1305,,1,OBSERVED_SYMBOL_HISTORY_NOT_STITCHED,False,exact_observed_symbol_no_fuzzy_merge
MSTCLTD,2020-01-01,2026-09-11,1660,,1,OBSERVED_SYMBOL_HISTORY_NOT_STITCHED,False,exact_observed_symbol_no_fuzzy_merge
MSUMI,2022-04-11,2026-09-11,1094,,1,OBSERVED_SYMBOL_HISTORY_NOT_STITCHED,False,exact_observed_symbol_no_fuzzy_merge
MTARTECH,2021-03-15,2026-06-24,1304,,1,OBSERVED_SYMBOL_HISTORY_NOT_STITCHED,False,exact_observed_symbol_no_fuzzy_merge
MTEDUCARE,2020-01-01,2022-12-23,719,,0,OBSERVED_SYMBOL_HISTORY_NOT_STITCHED,False,exact_observed_symbol_no_fuzzy_merge
MTNL,2020-01-01,2026-09-11,1660,,1,OBSERVED_SYMBOL_HISTORY_NOT_STITCHED,False,exact_observed_symbol_no_fuzzy_merge
MUFIN,2023-11-07,2026-09-11,704,,1,OBSERVED_SYMBOL_HISTORY_NOT_STITCHED,False,exact_observed_symbol_no_fuzzy_merge
MUFTI,2023-12-27,2026-09-11,671,,1,OBSERVED_SYMBOL_HISTORY_NOT_STITCHED,False,exact_observed_symbol_no_fuzzy_merge
MUKANDENGG,2020-01-01,2021-04-06,250,,0,OBSERVED_SYMBOL_HISTORY_NOT_STITCHED,False,exact_observed_symbol_no_fuzzy_merge
MUKANDLTD,2020-01-01,2026-09-11,1506,,1,OBSERVED_SYMBOL_HISTORY_NOT_STITCHED,False,exact_observed_symbol_no_fuzzy_merge
MUKESHB,2026-08-17,2026-09-11,18,,1,OBSERVED_SYMBOL_HISTORY_NOT_STITCHED,False,exact_observed_symbol_no_fuzzy_merge
MUKKA,2024-03-22,2026-09-11,611,,1,OBSERVED_SYMBOL_HISTORY_NOT_STITCHED,False,exact_observed_symbol_no_fuzzy_merge
MUKTAARTS,2020-01-01,2026-06-23,1327,,1,OBSERVED_SYMBOL_HISTORY_NOT_STITCHED,False,exact_observed_symbol_no_fuzzy_merge
MULTICAP,2024-09-05,2026-09-11,500,,1,OBSERVED_SYMBOL_HISTORY_NOT_STITCHED,False,exact_observed_symbol_no_fuzzy_merge
MUNJALAU,2020-01-01,2026-09-11,1660,,1,OBSERVED_SYMBOL_HISTORY_NOT_STITCHED,False,exact_observed_symbol_no_fuzzy_merge
MUNJALSHOW,2020-01-01,2026-09-11,1660,,1,OBSERVED_SYMBOL_HISTORY_NOT_STITCHED,False,exact_observed_symbol_no_fuzzy_merge
MURUDCERA,2020-01-01,2026-09-11,1512,,1,OBSERVED_SYMBOL_HISTORY_NOT_STITCHED,False,exact_observed_symbol_no_fuzzy_merge
MUTHOOTCAP,2020-01-01,2026-09-11,1660,,1,OBSERVED_SYMBOL_HISTORY_NOT_STITCHED,False,exact_observed_symbol_no_fuzzy_merge
MUTHOOTFIN,2020-01-01,2026-09-11,1660,,1,OBSERVED_SYMBOL_HISTORY_NOT_STITCHED,False,exact_observed_symbol_no_fuzzy_merge
MUTHOOTMF,2023-12-26,2026-09-11,672,,1,OBSERVED_SYMBOL_HISTORY_NOT_STITCHED,False,exact_observed_symbol_no_fuzzy_merge
MVELECTRO,2026-08-06,2026-09-11,27,,1,OBSERVED_SYMBOL_HISTORY_NOT_STITCHED,False,exact_observed_symbol_no_fuzzy_merge
MVGJL,2023-10-03,2026-09-11,728,,1,OBSERVED_SYMBOL_HISTORY_NOT_STITCHED,False,exact_observed_symbol_no_fuzzy_merge
MWL,2025-09-18,2026-09-11,243,,2,MULTIPLE_ISIN_OBSERVED_NO_IDENTITY_INFERENCE,True,exact_observed_symbol_no_fuzzy_merge
MYSORPETRO,2026-08-18,2026-08-24,5,,1,OBSERVED_SYMBOL_HISTORY_NOT_STITCHED,False,exact_observed_symbol_no_fuzzy_merge
N100,2020-01-01,2021-06-15,362,,0,OBSERVED_SYMBOL_HISTORY_NOT_STITCHED,False,exact_observed_symbol_no_fuzzy_merge
NACLIND,2020-01-01,2026-09-11,1498,,1,OBSERVED_SYMBOL_HISTORY_NOT_STITCHED,False,exact_observed_symbol_no_fuzzy_merge
NAGAFERT,2020-03-06,2026-04-09,1053,,1,OBSERVED_SYMBOL_HISTORY_NOT_STITCHED,False,exact_observed_symbol_no_fuzzy_merge
NAGREEKCAP,2020-01-01,2026-09-11,735,,1,OBSERVED_SYMBOL_HISTORY_NOT_STITCHED,False,exact_observed_symbol_no_fuzzy_merge
NAGREEKEXP,2020-01-01,2026-09-11,1390,,1,OBSERVED_SYMBOL_HISTORY_NOT_STITCHED,False,exact_observed_symbol_no_fuzzy_merge
NAHARCAP,2020-01-01,2026-09-11,1596,,1,OBSERVED_SYMBOL_HISTORY_NOT_STITCHED,False,exact_observed_symbol_no_fuzzy_merge
NAHARINDUS,2020-01-01,2026-09-11,1506,,1,OBSERVED_SYMBOL_HISTORY_NOT_STITCHED,False,exact_observed_symbol_no_fuzzy_merge
NAHARPOLY,2020-01-01,2026-09-11,1530,,1,OBSERVED_SYMBOL_HISTORY_NOT_STITCHED,False,exact_observed_symbol_no_fuzzy_merge
NAHARSPING,2020-01-01,2026-09-11,1370,,1,OBSERVED_SYMBOL_HISTORY_NOT_STITCHED,False,exact_observed_symbol_no_fuzzy_merge
NAM-INDIA,2020-01-23,2026-09-11,1644,,1,OBSERVED_SYMBOL_HISTORY_NOT_STITCHED,False,exact_observed_symbol_no_fuzzy_merge
NARMADA,2022-10-27,2026-09-11,672,,2,MULTIPLE_ISIN_OBSERVED_NO_IDENTITY_INFERENCE,True,exact_observed_symbol_no_fuzzy_merge
NATCAPSUQ,2025-02-14,2026-09-02,341,,1,OBSERVED_SYMBOL_HISTORY_NOT_STITCHED,False,exact_observed_symbol_no_fuzzy_merge
NATCOPHARM,2020-01-01,2026-09-11,1660,,1,OBSERVED_SYMBOL_HISTORY_NOT_STITCHED,False,exact_observed_symbol_no_fuzzy_merge
NATHBIOGEN,2020-01-01,2026-09-11,1540,,1,OBSERVED_SYMBOL_HISTORY_NOT_STITCHED,False,exact_observed_symbol_no_fuzzy_merge
NATIONALUM,2020-01-01,2026-09-11,1660,,1,OBSERVED_SYMBOL_HISTORY_NOT_STITCHED,False,exact_observed_symbol_no_fuzzy_merge
NATIONSTD,2026-04-20,2026-09-11,101,,1,OBSERVED_SYMBOL_HISTORY_NOT_STITCHED,False,exact_observed_symbol_no_fuzzy_merge
NATNLSTEEL,2020-01-01,2022-01-10,107,,0,OBSERVED_SYMBOL_HISTORY_NOT_STITCHED,False,exact_observed_symbol_no_fuzzy_merge
NAUKRI,2020-01-01,2026-09-11,1660,,2,MULTIPLE_ISIN_OBSERVED_NO_IDENTITY_INFERENCE,True,exact_observed_symbol_no_fuzzy_merge
NAVA,2022-07-29,2026-09-11,1018,,2,MULTIPLE_ISIN_OBSERVED_NO_IDENTITY_INFERENCE,True,exact_observed_symbol_no_fuzzy_merge
NAVINFLUOR,2020-01-01,2026-09-11,1660,,1,OBSERVED_SYMBOL_HISTORY_NOT_STITCHED,False,exact_observed_symbol_no_fuzzy_merge
NAVINIFTY,2023-09-25,2024-11-28,290,,1,OBSERVED_SYMBOL_HISTORY_NOT_STITCHED,False,exact_observed_symbol_no_fuzzy_merge
NAVKARCORP,2020-01-01,2026-09-11,1660,,1,OBSERVED_SYMBOL_HISTORY_NOT_STITCHED,False,exact_observed_symbol_no_fuzzy_merge
NAVKARURB,2025-01-17,2026-06-17,153,,2,MULTIPLE_ISIN_OBSERVED_NO_IDENTITY_INFERENCE,True,exact_observed_symbol_no_fuzzy_merge
NAVNETEDUL,2020-01-01,2026-09-11,1660,,1,OBSERVED_SYMBOL_HISTORY_NOT_STITCHED,False,exact_observed_symbol_no_fuzzy_merge
NAZARA,2021-03-30,2026-09-11,1293,,2,MULTIPLE_ISIN_OBSERVED_NO_IDENTITY_INFERENCE,True,exact_observed_symbol_no_fuzzy_merge
NBCC,2020-01-01,2026-09-11,1660,,1,OBSERVED_SYMBOL_HISTORY_NOT_STITCHED,False,exact_observed_symbol_no_fuzzy_merge
NBIFIN,2020-01-01,2026-09-11,1528,,1,OBSERVED_SYMBOL_HISTORY_NOT_STITCHED,False,exact_observed_symbol_no_fuzzy_merge
NBVENTURES,2020-01-01,2022-07-28,642,,0,OBSERVED_SYMBOL_HISTORY_NOT_STITCHED,False,exact_observed_symbol_no_fuzzy_merge
NCC,2020-01-01,2026-09-11,1660,,1,OBSERVED_SYMBOL_HISTORY_NOT_STITCHED,False,exact_observed_symbol_no_fuzzy_merge
NCLIND,2020-01-01,2026-09-11,1660,,1,OBSERVED_SYMBOL_HISTORY_NOT_STITCHED,False,exact_observed_symbol_no_fuzzy_merge
NCPSESDL24,2020-11-18,2022-05-09,361,,0,OBSERVED_SYMBOL_HISTORY_NOT_STITCHED,False,exact_observed_symbol_no_fuzzy_merge
NDGL,2020-01-01,2026-09-11,1301,,1,OBSERVED_SYMBOL_HISTORY_NOT_STITCHED,False,exact_observed_symbol_no_fuzzy_merge
NDL,2020-01-01,2026-09-11,1449,,2,MULTIPLE_ISIN_OBSERVED_NO_IDENTITY_INFERENCE,True,exact_observed_symbol_no_fuzzy_merge
NDLVENTURE,2023-05-09,2026-09-11,577,,1,OBSERVED_SYMBOL_HISTORY_NOT_STITCHED,False,exact_observed_symbol_no_fuzzy_merge
NDRAUTO,2020-08-13,2026-09-11,1287,,1,OBSERVED_SYMBOL_HISTORY_NOT_STITCHED,False,exact_observed_symbol_no_fuzzy_merge
NDTV,2020-01-01,2026-09-11,1486,,1,OBSERVED_SYMBOL_HISTORY_NOT_STITCHED,False,exact_observed_symbol_no_fuzzy_merge
NEAGI,2026-04-22,2026-09-11,75,,1,OBSERVED_SYMBOL_HISTORY_NOT_STITCHED,False,exact_observed_symbol_no_fuzzy_merge
NECCLTD,2020-01-01,2026-07-02,1477,,1,OBSERVED_SYMBOL_HISTORY_NOT_STITCHED,False,exact_observed_symbol_no_fuzzy_merge
NECLIFE,2020-01-01,2026-09-11,1368,,1,OBSERVED_SYMBOL_HISTORY_NOT_STITCHED,False,exact_observed_symbol_no_fuzzy_merge
NELCAST,2020-01-01,2026-09-11,1660,,1,OBSERVED_SYMBOL_HISTORY_NOT_STITCHED,False,exact_observed_symbol_no_fuzzy_merge
NELCO,2020-01-01,2026-09-11,1523,,1,OBSERVED_SYMBOL_HISTORY_NOT_STITCHED,False,exact_observed_symbol_no_fuzzy_merge
NEOGEN,2020-01-01,2026-09-11,1607,,1,OBSERVED_SYMBOL_HISTORY_NOT_STITCHED,False,exact_observed_symbol_no_fuzzy_merge
NEPHROPLUS,2025-12-17,2026-09-11,182,,1,OBSERVED_SYMBOL_HISTORY_NOT_STITCHED,False,exact_observed_symbol_no_fuzzy_merge
NESCO,2020-01-01,2026-09-11,1660,,1,OBSERVED_SYMBOL_HISTORY_NOT_STITCHED,False,exact_observed_symbol_no_fuzzy_merge
NESTLEIND,2020-01-01,2026-09-11,1660,,1,OBSERVED_SYMBOL_HISTORY_NOT_STITCHED,False,exact_observed_symbol_no_fuzzy_merge
NETF,2020-01-01,2026-09-11,1650,,1,OBSERVED_SYMBOL_HISTORY_NOT_STITCHED,False,exact_observed_symbol_no_fuzzy_merge
NETFAUTO,2022-01-25,2022-05-09,69,,0,OBSERVED_SYMBOL_HISTORY_NOT_STITCHED,False,exact_observed_symbol_no_fuzzy_merge
NETFCONSUM,2020-01-01,2022-05-09,584,,0,OBSERVED_SYMBOL_HISTORY_NOT_STITCHED,False,exact_observed_symbol_no_fuzzy_merge
NETFDIVOPP,2020-01-01,2022-05-09,584,,0,OBSERVED_SYMBOL_HISTORY_NOT_STITCHED,False,exact_observed_symbol_no_fuzzy_merge
NETFGILT5Y,2021-04-08,2022-05-09,264,,0,OBSERVED_SYMBOL_HISTORY_NOT_STITCHED,False,exact_observed_symbol_no_fuzzy_merge
NETFIT,2020-07-01,2022-05-09,462,,0,OBSERVED_SYMBOL_HISTORY_NOT_STITCHED,False,exact_observed_symbol_no_fuzzy_merge
NETFLTGILT,2020-01-01,2022-05-09,584,,0,OBSERVED_SYMBOL_HISTORY_NOT_STITCHED,False,exact_observed_symbol_no_fuzzy_merge
NETFMID150,2020-01-01,2022-05-09,584,,0,OBSERVED_SYMBOL_HISTORY_NOT_STITCHED,False,exact_observed_symbol_no_fuzzy_merge
NETFNIF100,2020-01-01,2022-05-09,583,,0,OBSERVED_SYMBOL_HISTORY_NOT_STITCHED,False,exact_observed_symbol_no_fuzzy_merge
NETFNV20,2020-01-01,2022-05-09,584,,0,OBSERVED_SYMBOL_HISTORY_NOT_STITCHED,False,exact_observed_symbol_no_fuzzy_merge
NETFPHARMA,2021-07-07,2022-05-09,207,,0,OBSERVED_SYMBOL_HISTORY_NOT_STITCHED,False,exact_observed_symbol_no_fuzzy_merge
NETFSDL26,2021-03-31,2022-05-09,270,,0,OBSERVED_SYMBOL_HISTORY_NOT_STITCHED,False,exact_observed_symbol_no_fuzzy_merge
NETFSILVER,2022-02-07,2022-05-09,61,,0,OBSERVED_SYMBOL_HISTORY_NOT_STITCHED,False,exact_observed_symbol_no_fuzzy_merge
NETWEB,2023-07-27,2026-09-11,767,,1,OBSERVED_SYMBOL_HISTORY_NOT_STITCHED,False,exact_observed_symbol_no_fuzzy_merge
NETWORK18,2020-03-04,2026-09-11,1562,,1,OBSERVED_SYMBOL_HISTORY_NOT_STITCHED,False,exact_observed_symbol_no_fuzzy_merge
NEULANDLAB,2020-01-01,2026-09-11,1595,,1,OBSERVED_SYMBOL_HISTORY_NOT_STITCHED,False,exact_observed_symbol_no_fuzzy_merge
NEWGEN,2020-01-01,2026-09-11,1529,,1,OBSERVED_SYMBOL_HISTORY_NOT_STITCHED,False,exact_observed_symbol_no_fuzzy_merge
NEXT30ADD,2025-02-05,2026-09-11,395,,1,OBSERVED_SYMBOL_HISTORY_NOT_STITCHED,False,exact_observed_symbol_no_fuzzy_merge
NEXT50,2023-09-01,2026-09-11,748,,1,OBSERVED_SYMBOL_HISTORY_NOT_STITCHED,False,exact_observed_symbol_no_fuzzy_merge
NEXT50ADD,2026-01-09,2026-09-11,166,,1,OBSERVED_SYMBOL_HISTORY_NOT_STITCHED,False,exact_observed_symbol_no_fuzzy_merge
NEXT50BETA,2025-12-24,2026-09-11,177,UTINEXT50,1,OBJECTIVE_SAME_ISIN_ALIAS_OBSERVED_NO_STITCH,True,exact_observed_symbol_no_fuzzy_merge
NEXT50ETF,2026-01-14,2026-09-11,163,,1,OBSERVED_SYMBOL_HISTORY_NOT_STITCHED,False,exact_observed_symbol_no_fuzzy_merge
NEXT50IETF,2023-12-20,2026-09-11,675,,1,OBSERVED_SYMBOL_HISTORY_NOT_STITCHED,False,exact_observed_symbol_no_fuzzy_merge
NEXTMEDIA,2020-01-01,2026-09-11,1084,,1,OBSERVED_SYMBOL_HISTORY_NOT_STITCHED,False,exact_observed_symbol_no_fuzzy_merge
NFL,2020-01-01,2026-09-11,1660,,1,OBSERVED_SYMBOL_HISTORY_NOT_STITCHED,False,exact_observed_symbol_no_fuzzy_merge
NGIL,2021-08-20,2026-09-11,957,,1,OBSERVED_SYMBOL_HISTORY_NOT_STITCHED,False,exact_observed_symbol_no_fuzzy_merge
NGLFINE,2022-07-08,2026-09-11,939,,1,OBSERVED_SYMBOL_HISTORY_NOT_STITCHED,False,exact_observed_symbol_no_fuzzy_merge
NH,2020-01-01,2026-09-11,1660,,1,OBSERVED_SYMBOL_HISTORY_NOT_STITCHED,False,exact_observed_symbol_no_fuzzy_merge
NHPC,2020-01-01,2026-09-11,1660,,1,OBSERVED_SYMBOL_HISTORY_NOT_STITCHED,False,exact_observed_symbol_no_fuzzy_merge
NIACL,2020-01-01,2026-09-11,1660,,1,OBSERVED_SYMBOL_HISTORY_NOT_STITCHED,False,exact_observed_symbol_no_fuzzy_merge
NIBE,2025-02-07,2026-09-11,393,,1,OBSERVED_SYMBOL_HISTORY_NOT_STITCHED,False,exact_observed_symbol_no_fuzzy_merge
NIBL,2020-01-01,2026-09-11,1127,,1,OBSERVED_SYMBOL_HISTORY_NOT_STITCHED,False,exact_observed_symbol_no_fuzzy_merge
NICCOPAR,2026-08-18,2026-09-11,19,,1,OBSERVED_SYMBOL_HISTORY_NOT_STITCHED,False,exact_observed_symbol_no_fuzzy_merge
NIF100BEES,2022-05-10,2026-09-11,1076,,1,OBSERVED_SYMBOL_HISTORY_NOT_STITCHED,False,exact_observed_symbol_no_fuzzy_merge
NIF100IETF,2023-12-20,2026-09-11,675,,1,OBSERVED_SYMBOL_HISTORY_NOT_STITCHED,False,exact_observed_symbol_no_fuzzy_merge
NIF10GETF,2024-02-05,2025-12-23,463,GILT10BETA,1,OBJECTIVE_SAME_ISIN_ALIAS_OBSERVED_NO_STITCH,True,exact_observed_symbol_no_fuzzy_merge
NIF500BETA,2026-08-28,2026-09-11,11,,1,OBSERVED_SYMBOL_HISTORY_NOT_STITCHED,False,exact_observed_symbol_no_fuzzy_merge
NIF5GETF,2024-02-05,2025-12-23,446,GILT5BETA,1,OBJECTIVE_SAME_ISIN_ALIAS_OBSERVED_NO_STITCH,True,exact_observed_symbol_no_fuzzy_merge
NIFITETF,2024-02-01,2025-12-23,469,ITBETA,1,OBJECTIVE_SAME_ISIN_ALIAS_OBSERVED_NO_STITCH,True,exact_observed_symbol_no_fuzzy_merge
NIFMID150,2023-09-05,2025-12-23,568,MIDCAPBETA,1,OBJECTIVE_SAME_ISIN_ALIAS_OBSERVED_NO_STITCH,True,exact_observed_symbol_no_fuzzy_merge
NIFTY1,2024-03-20,2026-09-11,613,,1,OBSERVED_SYMBOL_HISTORY_NOT_STITCHED,False,exact_observed_symbol_no_fuzzy_merge
NIFTY100EW,2025-03-04,2026-09-11,377,,1,OBSERVED_SYMBOL_HISTORY_NOT_STITCHED,False,exact_observed_symbol_no_fuzzy_merge
NIFTY50ADD,2024-02-15,2025-12-12,452,NIFTYADD,1,OBJECTIVE_SAME_ISIN_ALIAS_OBSERVED_NO_STITCH,True,exact_observed_symbol_no_fuzzy_merge
NIFTYADD,2025-12-15,2026-09-11,184,NIFTY50ADD,1,OBJECTIVE_SAME_ISIN_ALIAS_OBSERVED_NO_STITCH,True,exact_observed_symbol_no_fuzzy_merge
NIFTYAXIS,2026-07-03,2026-09-11,51,AXISNIFTY,1,OBJECTIVE_SAME_ISIN_ALIAS_OBSERVED_NO_STITCH,True,exact_observed_symbol_no_fuzzy_merge
NIFTYBEES,2020-01-01,2026-09-11,1660,,1,OBSERVED_SYMBOL_HISTORY_NOT_STITCHED,False,exact_observed_symbol_no_fuzzy_merge
NIFTYBETA,2025-12-24,2026-09-11,177,UTINIFTETF,1,OBJECTIVE_SAME_ISIN_ALIAS_OBSERVED_NO_STITCH,True,exact_observed_symbol_no_fuzzy_merge
NIFTYBETF,2024-01-29,2026-09-11,649,,1,OBSERVED_SYMBOL_HISTORY_NOT_STITCHED,False,exact_observed_symbol_no_fuzzy_merge
NIFTYCASE,2025-10-20,2026-09-11,222,,1,OBSERVED_SYMBOL_HISTORY_NOT_STITCHED,False,exact_observed_symbol_no_fuzzy_merge
NIFTYEES,2020-01-01,2021-09-29,244,,0,OBSERVED_SYMBOL_HISTORY_NOT_STITCHED,False,exact_observed_symbol_no_fuzzy_merge
NIFTYETF,2023-09-01,2026-09-11,748,,1,OBSERVED_SYMBOL_HISTORY_NOT_STITCHED,False,exact_observed_symbol_no_fuzzy_merge
NIFTYIETF,2023-12-20,2026-09-11,675,,1,OBSERVED_SYMBOL_HISTORY_NOT_STITCHED,False,exact_observed_symbol_no_fuzzy_merge
NIFTYJBLK,2026-08-20,2026-09-11,17,,1,OBSERVED_SYMBOL_HISTORY_NOT_STITCHED,False,exact_observed_symbol_no_fuzzy_merge
NIFTYQLITY,2022-08-19,2026-09-11,1005,,1,OBSERVED_SYMBOL_HISTORY_NOT_STITCHED,False,exact_observed_symbol_no_fuzzy_merge
NIITLTD,2020-01-01,2026-09-11,1650,,1,OBSERVED_SYMBOL_HISTORY_NOT_STITCHED,False,exact_observed_symbol_no_fuzzy_merge
NIITMTS,2023-08-23,2026-09-11,755,,1,OBSERVED_SYMBOL_HISTORY_NOT_STITCHED,False,exact_observed_symbol_no_fuzzy_merge
NIITTECH,2020-01-01,2020-08-19,158,,0,OBSERVED_SYMBOL_HISTORY_NOT_STITCHED,False,exact_observed_symbol_no_fuzzy_merge
NILAINFRA,2020-01-01,2026-09-11,1417,,1,OBSERVED_SYMBOL_HISTORY_NOT_STITCHED,False,exact_observed_symbol_no_fuzzy_merge
NILASPACES,2020-01-01,2026-09-11,872,,1,OBSERVED_SYMBOL_HISTORY_NOT_STITCHED,False,exact_observed_symbol_no_fuzzy_merge
NILE,2026-04-20,2026-09-11,102,,1,OBSERVED_SYMBOL_HISTORY_NOT_STITCHED,False,exact_observed_symbol_no_fuzzy_merge
NILKAMAL,2020-01-01,2026-09-11,1660,,1,OBSERVED_SYMBOL_HISTORY_NOT_STITCHED,False,exact_observed_symbol_no_fuzzy_merge
NIMBSPROJ,2026-04-06,2026-09-11,60,,1,OBSERVED_SYMBOL_HISTORY_NOT_STITCHED,False,exact_observed_symbol_no_fuzzy_merge
NINSYS,2023-02-21,2026-09-11,709,,1,OBSERVED_SYMBOL_HISTORY_NOT_STITCHED,False,exact_observed_symbol_no_fuzzy_merge
NIPPOBATRY,2020-01-01,2026-09-11,1557,,1,OBSERVED_SYMBOL_HISTORY_NOT_STITCHED,False,exact_observed_symbol_no_fuzzy_merge
NIRAJ,2020-10-01,2026-09-11,1136,,1,OBSERVED_SYMBOL_HISTORY_NOT_STITCHED,False,exact_observed_symbol_no_fuzzy_merge
NIRAJISPAT,2024-09-04,2026-09-02,171,,1,OBSERVED_SYMBOL_HISTORY_NOT_STITCHED,False,exact_observed_symbol_no_fuzzy_merge
NIRLON,2026-04-20,2026-09-11,102,,1,OBSERVED_SYMBOL_HISTORY_NOT_STITCHED,False,exact_observed_symbol_no_fuzzy_merge
NITCO,2020-01-01,2026-09-11,1416,,1,OBSERVED_SYMBOL_HISTORY_NOT_STITCHED,False,exact_observed_symbol_no_fuzzy_merge
NITINSPIN,2020-01-01,2026-09-11,1503,,1,OBSERVED_SYMBOL_HISTORY_NOT_STITCHED,False,exact_observed_symbol_no_fuzzy_merge
NITIRAJ,2021-04-22,2026-09-11,1059,,1,OBSERVED_SYMBOL_HISTORY_NOT_STITCHED,False,exact_observed_symbol_no_fuzzy_merge
NITTAGELA,2026-04-20,2026-09-11,102,,1,OBSERVED_SYMBOL_HISTORY_NOT_STITCHED,False,exact_observed_symbol_no_fuzzy_merge
NIVABUPA,2024-11-14,2026-09-11,451,,1,OBSERVED_SYMBOL_HISTORY_NOT_STITCHED,False,exact_observed_symbol_no_fuzzy_merge
NKIND,2020-01-02,2026-09-11,1114,,1,OBSERVED_SYMBOL_HISTORY_NOT_STITCHED,False,exact_observed_symbol_no_fuzzy_merge
NLCINDIA,2020-01-01,2026-09-11,1660,,1,OBSERVED_SYMBOL_HISTORY_NOT_STITCHED,False,exact_observed_symbol_no_fuzzy_merge
NMDC,2020-01-01,2026-09-11,1660,,1,OBSERVED_SYMBOL_HISTORY_NOT_STITCHED,False,exact_observed_symbol_no_fuzzy_merge
NOCIL,2020-01-01,2026-09-11,1660,,1,OBSERVED_SYMBOL_HISTORY_NOT_STITCHED,False,exact_observed_symbol_no_fuzzy_merge
NOIDATOLL,2020-01-01,2026-09-11,1001,,1,OBSERVED_SYMBOL_HISTORY_NOT_STITCHED,False,exact_observed_symbol_no_fuzzy_merge
NORBTEAEXP,2020-04-13,2026-09-11,356,,1,OBSERVED_SYMBOL_HISTORY_NOT_STITCHED,False,exact_observed_symbol_no_fuzzy_merge
NORTHARC,2024-09-24,2026-09-11,487,,1,OBSERVED_SYMBOL_HISTORY_NOT_STITCHED,False,exact_observed_symbol_no_fuzzy_merge
NOVAAGRI,2024-02-14,2026-06-11,507,,1,OBSERVED_SYMBOL_HISTORY_NOT_STITCHED,False,exact_observed_symbol_no_fuzzy_merge
NOVARTIND,2020-10-05,2026-09-11,861,,1,OBSERVED_SYMBOL_HISTORY_NOT_STITCHED,False,exact_observed_symbol_no_fuzzy_merge
NPBET,2020-01-01,2026-09-11,1655,,1,OBSERVED_SYMBOL_HISTORY_NOT_STITCHED,False,exact_observed_symbol_no_fuzzy_merge
NPST,2025-04-30,2026-09-11,341,,1,OBSERVED_SYMBOL_HISTORY_NOT_STITCHED,False,exact_observed_symbol_no_fuzzy_merge
NRAIL,2020-01-01,2026-09-11,1594,,1,OBSERVED_SYMBOL_HISTORY_NOT_STITCHED,False,exact_observed_symbol_no_fuzzy_merge
NRBBEARING,2020-01-01,2026-09-11,1660,,1,OBSERVED_SYMBOL_HISTORY_NOT_STITCHED,False,exact_observed_symbol_no_fuzzy_merge
NRL,2023-01-12,2026-06-17,716,,1,OBSERVED_SYMBOL_HISTORY_NOT_STITCHED,False,exact_observed_symbol_no_fuzzy_merge
NSIL,2020-01-01,2026-09-11,1639,,1,OBSERVED_SYMBOL_HISTORY_NOT_STITCHED,False,exact_observed_symbol_no_fuzzy_merge
NSLNISP,2023-03-06,2026-09-11,869,,1,OBSERVED_SYMBOL_HISTORY_NOT_STITCHED,False,exact_observed_symbol_no_fuzzy_merge
NTCIND,2026-08-17,2026-09-11,20,,1,OBSERVED_SYMBOL_HISTORY_NOT_STITCHED,False,exact_observed_symbol_no_fuzzy_merge
NTL,2020-03-04,2021-12-01,144,,0,OBSERVED_SYMBOL_HISTORY_NOT_STITCHED,False,exact_observed_symbol_no_fuzzy_merge
NTPC,2020-01-01,2026-09-11,1660,,1,OBSERVED_SYMBOL_HISTORY_NOT_STITCHED,False,exact_observed_symbol_no_fuzzy_merge
NTPCGREEN,2024-11-27,2026-09-11,444,,1,OBSERVED_SYMBOL_HISTORY_NOT_STITCHED,False,exact_observed_symbol_no_fuzzy_merge
NUCLEUS,2020-01-01,2026-09-11,1583,,1,OBSERVED_SYMBOL_HISTORY_NOT_STITCHED,False,exact_observed_symbol_no_fuzzy_merge
NURECA,2021-03-12,2026-08-10,1146,,1,OBSERVED_SYMBOL_HISTORY_NOT_STITCHED,False,exact_observed_symbol_no_fuzzy_merge
NUVAMA,2023-10-11,2026-09-11,722,,2,MULTIPLE_ISIN_OBSERVED_NO_IDENTITY_INFERENCE,True,exact_observed_symbol_no_fuzzy_merge
NUVOCO,2021-08-23,2026-09-11,1252,,1,OBSERVED_SYMBOL_HISTORY_NOT_STITCHED,False,exact_observed_symbol_no_fuzzy_merge
NV20,2024-03-20,2026-09-11,613,,2,MULTIPLE_ISIN_OBSERVED_NO_IDENTITY_INFERENCE,True,exact_observed_symbol_no_fuzzy_merge
NV20BEES,2022-05-10,2026-09-11,1076,,1,OBSERVED_SYMBOL_HISTORY_NOT_STITCHED,False,exact_observed_symbol_no_fuzzy_merge
NV20IETF,2023-12-20,2026-09-11,675,,1,OBSERVED_SYMBOL_HISTORY_NOT_STITCHED,False,exact_observed_symbol_no_fuzzy_merge
NXTDIGITAL,2020-01-01,2023-05-08,769,,0,OBSERVED_SYMBOL_HISTORY_NOT_STITCHED,False,exact_observed_symbol_no_fuzzy_merge
NYKAA,2021-11-10,2026-09-11,1198,,1,OBSERVED_SYMBOL_HISTORY_NOT_STITCHED,False,exact_observed_symbol_no_fuzzy_merge
OAL,2020-01-01,2026-09-11,1660,,1,OBSERVED_SYMBOL_HISTORY_NOT_STITCHED,False,exact_observed_symbol_no_fuzzy_merge
OBCL,2022-04-07,2026-09-11,1096,,1,OBSERVED_SYMBOL_HISTORY_NOT_STITCHED,False,exact_observed_symbol_no_fuzzy_merge
OBEROIRLTY,2020-01-01,2026-09-11,1660,,1,OBSERVED_SYMBOL_HISTORY_NOT_STITCHED,False,exact_observed_symbol_no_fuzzy_merge
OCCL,2020-01-01,2025-06-11,1275,,1,OBSERVED_SYMBOL_HISTORY_NOT_STITCHED,False,exact_observed_symbol_no_fuzzy_merge
OCCLLTD,2024-11-13,2026-06-10,316,,1,OBSERVED_SYMBOL_HISTORY_NOT_STITCHED,False,exact_observed_symbol_no_fuzzy_merge
ODIGMA,2024-12-27,2026-09-11,135,,1,OBSERVED_SYMBOL_HISTORY_NOT_STITCHED,False,exact_observed_symbol_no_fuzzy_merge
ODYCORP,2026-08-17,2026-09-11,20,,1,OBSERVED_SYMBOL_HISTORY_NOT_STITCHED,False,exact_observed_symbol_no_fuzzy_merge
OFSS,2020-01-01,2026-09-11,1660,,1,OBSERVED_SYMBOL_HISTORY_NOT_STITCHED,False,exact_observed_symbol_no_fuzzy_merge
OIL,2020-01-01,2026-09-11,1660,,1,OBSERVED_SYMBOL_HISTORY_NOT_STITCHED,False,exact_observed_symbol_no_fuzzy_merge
OILCOUNTUB,2020-01-01,2026-04-29,687,,1,OBSERVED_SYMBOL_HISTORY_NOT_STITCHED,False,exact_observed_symbol_no_fuzzy_merge
OILIETF,2024-07-24,2026-09-11,530,,1,OBSERVED_SYMBOL_HISTORY_NOT_STITCHED,False,exact_observed_symbol_no_fuzzy_merge
OISL,2020-01-01,2020-11-27,157,,0,OBSERVED_SYMBOL_HISTORY_NOT_STITCHED,False,exact_observed_symbol_no_fuzzy_merge
OLAELEC,2024-08-09,2026-09-11,461,,1,OBSERVED_SYMBOL_HISTORY_NOT_STITCHED,False,exact_observed_symbol_no_fuzzy_merge
OLECTRA,2020-01-01,2026-09-11,1538,,1,OBSERVED_SYMBOL_HISTORY_NOT_STITCHED,False,exact_observed_symbol_no_fuzzy_merge
OMAXAUTO,2020-01-01,2026-09-11,1254,,1,OBSERVED_SYMBOL_HISTORY_NOT_STITCHED,False,exact_observed_symbol_no_fuzzy_merge
OMAXE,2020-01-01,2026-09-11,1603,,1,OBSERVED_SYMBOL_HISTORY_NOT_STITCHED,False,exact_observed_symbol_no_fuzzy_merge
OMFREIGHT,2025-10-24,2026-07-02,168,,1,OBSERVED_SYMBOL_HISTORY_NOT_STITCHED,False,exact_observed_symbol_no_fuzzy_merge
OMINFRAL,2021-02-10,2026-09-11,1159,,1,OBSERVED_SYMBOL_HISTORY_NOT_STITCHED,False,exact_observed_symbol_no_fuzzy_merge
OMKARCHEM,2020-01-01,2022-11-02,427,,0,OBSERVED_SYMBOL_HISTORY_NOT_STITCHED,False,exact_observed_symbol_no_fuzzy_merge
OMMETALS,2020-01-01,2021-02-09,245,,0,OBSERVED_SYMBOL_HISTORY_NOT_STITCHED,False,exact_observed_symbol_no_fuzzy_merge
OMNI,2026-03-05,2026-09-11,130,,1,OBSERVED_SYMBOL_HISTORY_NOT_STITCHED,False,exact_observed_symbol_no_fuzzy_merge
OMPOWER,2026-05-04,2026-09-11,93,,1,OBSERVED_SYMBOL_HISTORY_NOT_STITCHED,False,exact_observed_symbol_no_fuzzy_merge
ONEGLOBAL,2026-08-17,2026-09-11,20,,1,OBSERVED_SYMBOL_HISTORY_NOT_STITCHED,False,exact_observed_symbol_no_fuzzy_merge
ONELIFECAP,2020-01-01,2026-05-21,980,,1,OBSERVED_SYMBOL_HISTORY_NOT_STITCHED,False,exact_observed_symbol_no_fuzzy_merge
ONEPOINT,2020-01-01,2026-09-11,1212,,1,OBSERVED_SYMBOL_HISTORY_NOT_STITCHED,False,exact_observed_symbol_no_fuzzy_merge
ONESOURCE,2025-02-06,2026-09-11,394,,1,OBSERVED_SYMBOL_HISTORY_NOT_STITCHED,False,exact_observed_symbol_no_fuzzy_merge
ONGC,2020-01-01,2026-09-11,1660,,1,OBSERVED_SYMBOL_HISTORY_NOT_STITCHED,False,exact_observed_symbol_no_fuzzy_merge
ONIDA,2026-08-11,2026-09-11,24,MIRCELECTR,1,OBJECTIVE_SAME_ISIN_ALIAS_OBSERVED_NO_STITCH,True,exact_observed_symbol_no_fuzzy_merge
ONIXSOLAR,2026-08-17,2026-09-11,20,,1,OBSERVED_SYMBOL_HISTORY_NOT_STITCHED,False,exact_observed_symbol_no_fuzzy_merge
ONMOBILE,2020-01-01,2026-07-06,1611,,1,OBSERVED_SYMBOL_HISTORY_NOT_STITCHED,False,exact_observed_symbol_no_fuzzy_merge
ONWARDTEC,2020-01-01,2026-09-11,1561,,1,OBSERVED_SYMBOL_HISTORY_NOT_STITCHED,False,exact_observed_symbol_no_fuzzy_merge
OPTIEMUS,2020-01-01,2026-09-11,1388,,1,OBSERVED_SYMBOL_HISTORY_NOT_STITCHED,False,exact_observed_symbol_no_fuzzy_merge
OPTIFIN,2026-08-17,2026-09-11,20,,1,OBSERVED_SYMBOL_HISTORY_NOT_STITCHED,False,exact_observed_symbol_no_fuzzy_merge
OPTOCIRCUI,2020-01-01,2021-02-19,157,,0,OBSERVED_SYMBOL_HISTORY_NOT_STITCHED,False,exact_observed_symbol_no_fuzzy_merge
ORBTEXP,2020-01-01,2026-06-25,1410,,1,OBSERVED_SYMBOL_HISTORY_NOT_STITCHED,False,exact_observed_symbol_no_fuzzy_merge
ORCHASP,2025-02-07,2026-09-11,279,,1,OBSERVED_SYMBOL_HISTORY_NOT_STITCHED,False,exact_observed_symbol_no_fuzzy_merge
ORCHPHARMA,2021-05-05,2026-09-11,862,,1,OBSERVED_SYMBOL_HISTORY_NOT_STITCHED,False,exact_observed_symbol_no_fuzzy_merge
ORICONENT,2020-01-01,2026-09-11,1464,,1,OBSERVED_SYMBOL_HISTORY_NOT_STITCHED,False,exact_observed_symbol_no_fuzzy_merge
ORIENTABRA,2020-01-01,2023-07-12,877,,0,OBSERVED_SYMBOL_HISTORY_NOT_STITCHED,False,exact_observed_symbol_no_fuzzy_merge
ORIENTALTL,2020-01-01,2026-09-11,1357,,1,OBSERVED_SYMBOL_HISTORY_NOT_STITCHED,False,exact_observed_symbol_no_fuzzy_merge
ORIENTBANK,2020-01-01,2020-03-20,56,,0,OBSERVED_SYMBOL_HISTORY_NOT_STITCHED,False,exact_observed_symbol_no_fuzzy_merge
ORIENTBELL,2020-01-01,2026-09-11,1660,,1,OBSERVED_SYMBOL_HISTORY_NOT_STITCHED,False,exact_observed_symbol_no_fuzzy_merge
ORIENTCEM,2020-01-01,2026-09-11,1660,,1,OBSERVED_SYMBOL_HISTORY_NOT_STITCHED,False,exact_observed_symbol_no_fuzzy_merge
ORIENTCER,2023-10-16,2026-09-11,719,,1,OBSERVED_SYMBOL_HISTORY_NOT_STITCHED,False,exact_observed_symbol_no_fuzzy_merge
ORIENTELEC,2020-01-01,2026-09-11,1660,,1,OBSERVED_SYMBOL_HISTORY_NOT_STITCHED,False,exact_observed_symbol_no_fuzzy_merge
ORIENTHOT,2020-01-01,2026-09-11,1617,,1,OBSERVED_SYMBOL_HISTORY_NOT_STITCHED,False,exact_observed_symbol_no_fuzzy_merge
ORIENTLTD,2020-01-01,2026-07-29,1473,,1,OBSERVED_SYMBOL_HISTORY_NOT_STITCHED,False,exact_observed_symbol_no_fuzzy_merge
ORIENTPPR,2020-01-01,2026-09-11,1660,,1,OBSERVED_SYMBOL_HISTORY_NOT_STITCHED,False,exact_observed_symbol_no_fuzzy_merge
ORIENTREF,2020-01-01,2021-07-20,387,,0,OBSERVED_SYMBOL_HISTORY_NOT_STITCHED,False,exact_observed_symbol_no_fuzzy_merge
ORIENTTECH,2024-09-11,2026-09-11,496,,1,OBSERVED_SYMBOL_HISTORY_NOT_STITCHED,False,exact_observed_symbol_no_fuzzy_merge
ORIRAIL,2026-08-17,2026-09-11,20,,1,OBSERVED_SYMBOL_HISTORY_NOT_STITCHED,False,exact_observed_symbol_no_fuzzy_merge
ORISSAMINE,2020-01-01,2026-09-11,1535,,1,OBSERVED_SYMBOL_HISTORY_NOT_STITCHED,False,exact_observed_symbol_no_fuzzy_merge
ORKLAINDIA,2025-11-06,2026-09-11,211,,1,OBSERVED_SYMBOL_HISTORY_NOT_STITCHED,False,exact_observed_symbol_no_fuzzy_merge
ORTINGLOBE,2024-09-03,2026-09-11,226,ORTINLAB,1,OBJECTIVE_SAME_ISIN_ALIAS_OBSERVED_NO_STITCH,True,exact_observed_symbol_no_fuzzy_merge
ORTINLAB,2021-04-15,2024-09-02,760,ORTINGLOBE,1,OBJECTIVE_SAME_ISIN_ALIAS_OBSERVED_NO_STITCH,True,exact_observed_symbol_no_fuzzy_merge
ORTINLABSS,2020-01-01,2021-01-11,203,,0,OBSERVED_SYMBOL_HISTORY_NOT_STITCHED,False,exact_observed_symbol_no_fuzzy_merge
OSIAHYPER,2022-12-01,2026-05-05,380,,1,OBSERVED_SYMBOL_HISTORY_NOT_STITCHED,False,exact_observed_symbol_no_fuzzy_merge
OSWALAGRO,2020-01-01,2026-09-11,1517,,1,OBSERVED_SYMBOL_HISTORY_NOT_STITCHED,False,exact_observed_symbol_no_fuzzy_merge
OSWALGREEN,2023-05-19,2026-09-11,821,,1,OBSERVED_SYMBOL_HISTORY_NOT_STITCHED,False,exact_observed_symbol_no_fuzzy_merge
OSWALPUMPS,2025-06-20,2026-09-11,305,,1,OBSERVED_SYMBOL_HISTORY_NOT_STITCHED,False,exact_observed_symbol_no_fuzzy_merge
OSWALSEEDS,2023-02-28,2026-09-11,593,,1,OBSERVED_SYMBOL_HISTORY_NOT_STITCHED,False,exact_observed_symbol_no_fuzzy_merge
PACEDIGITK,2025-10-06,2026-09-11,232,,1,OBSERVED_SYMBOL_HISTORY_NOT_STITCHED,False,exact_observed_symbol_no_fuzzy_merge
PACIFICI,2026-08-17,2026-09-11,20,,1,OBSERVED_SYMBOL_HISTORY_NOT_STITCHED,False,exact_observed_symbol_no_fuzzy_merge
PAEL,2020-03-06,2022-04-08,43,,0,OBSERVED_SYMBOL_HISTORY_NOT_STITCHED,False,exact_observed_symbol_no_fuzzy_merge
PAGEIND,2020-01-01,2026-09-11,1660,,1,OBSERVED_SYMBOL_HISTORY_NOT_STITCHED,False,exact_observed_symbol_no_fuzzy_merge
PAISALO,2020-01-01,2026-09-11,1660,,1,OBSERVED_SYMBOL_HISTORY_NOT_STITCHED,False,exact_observed_symbol_no_fuzzy_merge
PAKKA,2023-07-11,2026-09-11,785,,1,OBSERVED_SYMBOL_HISTORY_NOT_STITCHED,False,exact_observed_symbol_no_fuzzy_merge
PALASHSECU,2020-01-01,2026-09-11,1256,,1,OBSERVED_SYMBOL_HISTORY_NOT_STITCHED,False,exact_observed_symbol_no_fuzzy_merge
PALREDTEC,2020-01-01,2026-09-11,909,,1,OBSERVED_SYMBOL_HISTORY_NOT_STITCHED,False,exact_observed_symbol_no_fuzzy_merge
PANACEABIO,2020-01-01,2026-09-11,1593,,1,OBSERVED_SYMBOL_HISTORY_NOT_STITCHED,False,exact_observed_symbol_no_fuzzy_merge
PANACHE,2020-01-06,2026-07-15,929,,1,OBSERVED_SYMBOL_HISTORY_NOT_STITCHED,False,exact_observed_symbol_no_fuzzy_merge
PANAMAPET,2020-01-01,2026-09-11,1660,,1,OBSERVED_SYMBOL_HISTORY_NOT_STITCHED,False,exact_observed_symbol_no_fuzzy_merge
PANCHMAHQ,2026-08-17,2026-09-11,14,,1,OBSERVED_SYMBOL_HISTORY_NOT_STITCHED,False,exact_observed_symbol_no_fuzzy_merge
PANORAMA,2026-08-17,2026-09-11,20,,1,OBSERVED_SYMBOL_HISTORY_NOT_STITCHED,False,exact_observed_symbol_no_fuzzy_merge
PANSARI,2021-10-19,2026-09-11,758,,1,OBSERVED_SYMBOL_HISTORY_NOT_STITCHED,False,exact_observed_symbol_no_fuzzy_merge
PAPERPROD,2020-01-01,2020-11-25,227,,0,OBSERVED_SYMBOL_HISTORY_NOT_STITCHED,False,exact_observed_symbol_no_fuzzy_merge
PAR,2021-09-16,2026-09-03,975,,1,OBSERVED_SYMBOL_HISTORY_NOT_STITCHED,False,exact_observed_symbol_no_fuzzy_merge
PARACABLES,2020-01-01,2026-09-11,1294,,1,OBSERVED_SYMBOL_HISTORY_NOT_STITCHED,False,exact_observed_symbol_no_fuzzy_merge
PARADEEP,2022-05-27,2026-09-11,1063,,1,OBSERVED_SYMBOL_HISTORY_NOT_STITCHED,False,exact_observed_symbol_no_fuzzy_merge
PARAGMILK,2020-01-01,2026-09-11,1660,,1,OBSERVED_SYMBOL_HISTORY_NOT_STITCHED,False,exact_observed_symbol_no_fuzzy_merge
PARAS,2021-10-18,2026-09-11,1157,,2,MULTIPLE_ISIN_OBSERVED_NO_IDENTITY_INFERENCE,True,exact_observed_symbol_no_fuzzy_merge
PARASPETRO,2024-12-30,2026-09-11,354,,1,OBSERVED_SYMBOL_HISTORY_NOT_STITCHED,False,exact_observed_symbol_no_fuzzy_merge
PARKHOSPS,2025-12-17,2026-09-11,182,,1,OBSERVED_SYMBOL_HISTORY_NOT_STITCHED,False,exact_observed_symbol_no_fuzzy_merge
PARKHOTELS,2024-02-12,2026-09-11,639,,1,OBSERVED_SYMBOL_HISTORY_NOT_STITCHED,False,exact_observed_symbol_no_fuzzy_merge
PARNAXLAB,2026-08-17,2026-09-11,20,,1,OBSERVED_SYMBOL_HISTORY_NOT_STITCHED,False,exact_observed_symbol_no_fuzzy_merge
PARSVNATH,2020-01-01,2026-04-20,987,,1,OBSERVED_SYMBOL_HISTORY_NOT_STITCHED,False,exact_observed_symbol_no_fuzzy_merge
PASHUPATI,2025-07-17,2026-09-11,286,,2,MULTIPLE_ISIN_OBSERVED_NO_IDENTITY_INFERENCE,True,exact_observed_symbol_no_fuzzy_merge
PASUPTAC,2021-10-12,2026-06-10,1001,,1,OBSERVED_SYMBOL_HISTORY_NOT_STITCHED,False,exact_observed_symbol_no_fuzzy_merge
PATANJALI,2023-11-01,2026-09-11,708,,1,OBSERVED_SYMBOL_HISTORY_NOT_STITCHED,False,exact_observed_symbol_no_fuzzy_merge
PATELENG,2020-01-01,2026-09-11,1544,,1,OBSERVED_SYMBOL_HISTORY_NOT_STITCHED,False,exact_observed_symbol_no_fuzzy_merge
PATELRMART,2025-09-10,2026-09-11,249,,1,OBSERVED_SYMBOL_HISTORY_NOT_STITCHED,False,exact_observed_symbol_no_fuzzy_merge
PATINTLOG,2020-01-01,2026-06-19,1537,,1,OBSERVED_SYMBOL_HISTORY_NOT_STITCHED,False,exact_observed_symbol_no_fuzzy_merge
PATSPINLTD,2020-03-04,2022-01-03,300,,0,OBSERVED_SYMBOL_HISTORY_NOT_STITCHED,False,exact_observed_symbol_no_fuzzy_merge
PAUSHAKLTD,2025-12-01,2026-09-11,194,,1,OBSERVED_SYMBOL_HISTORY_NOT_STITCHED,False,exact_observed_symbol_no_fuzzy_merge
PAVNAIND,2023-06-01,2026-09-11,632,,2,MULTIPLE_ISIN_OBSERVED_NO_IDENTITY_INFERENCE,True,exact_observed_symbol_no_fuzzy_merge
PAYTM,2021-11-18,2026-09-11,1192,,1,OBSERVED_SYMBOL_HISTORY_NOT_STITCHED,False,exact_observed_symbol_no_fuzzy_merge
PBAINFRA,2021-06-07,2022-08-23,246,,0,OBSERVED_SYMBOL_HISTORY_NOT_STITCHED,False,exact_observed_symbol_no_fuzzy_merge
PBMPOLY,2026-08-17,2026-09-11,14,,1,OBSERVED_SYMBOL_HISTORY_NOT_STITCHED,False,exact_observed_symbol_no_fuzzy_merge
PCBL,2022-01-13,2026-09-11,1153,,1,OBSERVED_SYMBOL_HISTORY_NOT_STITCHED,False,exact_observed_symbol_no_fuzzy_merge
PCJEWELLER,2020-01-01,2026-09-11,1517,,2,MULTIPLE_ISIN_OBSERVED_NO_IDENTITY_INFERENCE,True,exact_observed_symbol_no_fuzzy_merge
PDMJEPAPER,2020-01-01,2026-09-11,1592,,1,OBSERVED_SYMBOL_HISTORY_NOT_STITCHED,False,exact_observed_symbol_no_fuzzy_merge
PDPL,2021-10-11,2021-10-28,10,,0,OBSERVED_SYMBOL_HISTORY_NOT_STITCHED,False,exact_observed_symbol_no_fuzzy_merge
PDSL,2022-02-17,2026-09-11,1129,,1,OBSERVED_SYMBOL_HISTORY_NOT_STITCHED,False,exact_observed_symbol_no_fuzzy_merge
PDSMFL,2020-01-01,2022-02-16,531,,0,OBSERVED_SYMBOL_HISTORY_NOT_STITCHED,False,exact_observed_symbol_no_fuzzy_merge
PEARLPOLY,2020-03-04,2026-09-11,1410,,1,OBSERVED_SYMBOL_HISTORY_NOT_STITCHED,False,exact_observed_symbol_no_fuzzy_merge
PEL,2020-01-01,2025-09-22,1420,,1,OBSERVED_SYMBOL_HISTORY_NOT_STITCHED,False,exact_observed_symbol_no_fuzzy_merge
PENIND,2020-01-01,2026-09-11,1660,,1,OBSERVED_SYMBOL_HISTORY_NOT_STITCHED,False,exact_observed_symbol_no_fuzzy_merge
PENINLAND,2020-01-01,2026-09-11,1123,,1,OBSERVED_SYMBOL_HISTORY_NOT_STITCHED,False,exact_observed_symbol_no_fuzzy_merge
PERMAGN,2026-08-17,2026-09-11,20,,1,OBSERVED_SYMBOL_HISTORY_NOT_STITCHED,False,exact_observed_symbol_no_fuzzy_merge
PERNIASPOP,2026-09-07,2026-09-11,5,,1,OBSERVED_SYMBOL_HISTORY_NOT_STITCHED,False,exact_observed_symbol_no_fuzzy_merge
PERSISTENT,2020-01-01,2026-09-11,1660,,1,OBSERVED_SYMBOL_HISTORY_NOT_STITCHED,False,exact_observed_symbol_no_fuzzy_merge
PETRONET,2020-01-01,2026-09-11,1660,,1,OBSERVED_SYMBOL_HISTORY_NOT_STITCHED,False,exact_observed_symbol_no_fuzzy_merge
PFC,2020-01-01,2026-09-11,1660,,1,OBSERVED_SYMBOL_HISTORY_NOT_STITCHED,False,exact_observed_symbol_no_fuzzy_merge
PFIZER,2020-01-01,2026-09-11,1660,,1,OBSERVED_SYMBOL_HISTORY_NOT_STITCHED,False,exact_observed_symbol_no_fuzzy_merge
PFOCUS,2020-01-01,2026-09-11,1500,,1,OBSERVED_SYMBOL_HISTORY_NOT_STITCHED,False,exact_observed_symbol_no_fuzzy_merge
PFS,2020-01-01,2026-09-11,1559,,1,OBSERVED_SYMBOL_HISTORY_NOT_STITCHED,False,exact_observed_symbol_no_fuzzy_merge
PGEL,2020-01-01,2026-09-11,1523,,2,MULTIPLE_ISIN_OBSERVED_NO_IDENTITY_INFERENCE,True,exact_observed_symbol_no_fuzzy_merge
PGHH,2020-01-01,2026-09-11,1660,,1,OBSERVED_SYMBOL_HISTORY_NOT_STITCHED,False,exact_observed_symbol_no_fuzzy_merge
PGHL,2020-01-01,2026-09-11,1660,,1,OBSERVED_SYMBOL_HISTORY_NOT_STITCHED,False,exact_observed_symbol_no_fuzzy_merge
PGIL,2020-01-01,2026-09-11,1591,,1,OBSERVED_SYMBOL_HISTORY_NOT_STITCHED,False,exact_observed_symbol_no_fuzzy_merge
PHARMABEES,2022-05-10,2026-09-11,1076,,1,OBSERVED_SYMBOL_HISTORY_NOT_STITCHED,False,exact_observed_symbol_no_fuzzy_merge
PHILIPCARB,2020-01-01,2022-01-12,507,,0,OBSERVED_SYMBOL_HISTORY_NOT_STITCHED,False,exact_observed_symbol_no_fuzzy_merge
PHOENIXLTD,2020-01-01,2026-09-11,1660,,1,OBSERVED_SYMBOL_HISTORY_NOT_STITCHED,False,exact_observed_symbol_no_fuzzy_merge
PHOENXINTL,2026-08-17,2026-09-11,20,,1,OBSERVED_SYMBOL_HISTORY_NOT_STITCHED,False,exact_observed_symbol_no_fuzzy_merge
PICCADIL,2025-07-02,2026-09-11,297,,1,OBSERVED_SYMBOL_HISTORY_NOT_STITCHED,False,exact_observed_symbol_no_fuzzy_merge
PIDILITIND,2020-01-01,2026-09-11,1660,,1,OBSERVED_SYMBOL_HISTORY_NOT_STITCHED,False,exact_observed_symbol_no_fuzzy_merge
PIGL,2023-05-17,2026-09-11,273,,1,OBSERVED_SYMBOL_HISTORY_NOT_STITCHED,False,exact_observed_symbol_no_fuzzy_merge
PIIND,2020-01-01,2026-09-11,1660,,1,OBSERVED_SYMBOL_HISTORY_NOT_STITCHED,False,exact_observed_symbol_no_fuzzy_merge
PILANIINVS,2020-01-01,2026-09-11,1638,,1,OBSERVED_SYMBOL_HISTORY_NOT_STITCHED,False,exact_observed_symbol_no_fuzzy_merge
PILITA,2020-01-01,2026-09-11,1322,,1,OBSERVED_SYMBOL_HISTORY_NOT_STITCHED,False,exact_observed_symbol_no_fuzzy_merge
PINELABS,2025-11-14,2026-09-11,205,,1,OBSERVED_SYMBOL_HISTORY_NOT_STITCHED,False,exact_observed_symbol_no_fuzzy_merge
PIONDIST,2020-01-01,2023-01-05,698,,0,OBSERVED_SYMBOL_HISTORY_NOT_STITCHED,False,exact_observed_symbol_no_fuzzy_merge
PIONEEREMB,2020-01-01,2026-09-11,1483,,1,OBSERVED_SYMBOL_HISTORY_NOT_STITCHED,False,exact_observed_symbol_no_fuzzy_merge
PIONRINV,2026-04-20,2026-07-27,68,,1,OBSERVED_SYMBOL_HISTORY_NOT_STITCHED,False,exact_observed_symbol_no_fuzzy_merge
PIRAMALFIN,2025-11-21,2026-09-11,200,,1,OBSERVED_SYMBOL_HISTORY_NOT_STITCHED,False,exact_observed_symbol_no_fuzzy_merge
PITTIENG,2020-01-01,2026-09-11,1660,,1,OBSERVED_SYMBOL_HISTORY_NOT_STITCHED,False,exact_observed_symbol_no_fuzzy_merge
PIXTRANS,2022-04-28,2026-09-11,1083,,1,OBSERVED_SYMBOL_HISTORY_NOT_STITCHED,False,exact_observed_symbol_no_fuzzy_merge
PKTEA,2024-03-11,2026-09-11,372,,1,OBSERVED_SYMBOL_HISTORY_NOT_STITCHED,False,exact_observed_symbol_no_fuzzy_merge
PLASTIBLEN,2020-01-01,2026-09-11,1596,,1,OBSERVED_SYMBOL_HISTORY_NOT_STITCHED,False,exact_observed_symbol_no_fuzzy_merge
PLATIND,2024-03-20,2026-09-11,613,,1,OBSERVED_SYMBOL_HISTORY_NOT_STITCHED,False,exact_observed_symbol_no_fuzzy_merge
PLAZACABLE,2023-10-27,2026-09-11,581,,1,OBSERVED_SYMBOL_HISTORY_NOT_STITCHED,False,exact_observed_symbol_no_fuzzy_merge
PML,2026-04-20,2026-09-11,102,,1,OBSERVED_SYMBOL_HISTORY_NOT_STITCHED,False,exact_observed_symbol_no_fuzzy_merge
PNB,2020-01-01,2026-09-11,1660,,1,OBSERVED_SYMBOL_HISTORY_NOT_STITCHED,False,exact_observed_symbol_no_fuzzy_merge
PNBGILTS,2020-01-01,2026-09-11,1660,,1,OBSERVED_SYMBOL_HISTORY_NOT_STITCHED,False,exact_observed_symbol_no_fuzzy_merge
PNBHOUSING,2020-01-01,2026-09-11,1597,,1,OBSERVED_SYMBOL_HISTORY_NOT_STITCHED,False,exact_observed_symbol_no_fuzzy_merge
PNC,2020-01-01,2026-09-11,1306,,1,OBSERVED_SYMBOL_HISTORY_NOT_STITCHED,False,exact_observed_symbol_no_fuzzy_merge
PNCINFRA,2020-01-01,2026-09-11,1660,,1,OBSERVED_SYMBOL_HISTORY_NOT_STITCHED,False,exact_observed_symbol_no_fuzzy_merge
PNGJL,2024-09-17,2026-09-11,492,,1,OBSERVED_SYMBOL_HISTORY_NOT_STITCHED,False,exact_observed_symbol_no_fuzzy_merge
PNGSREVA,2026-03-04,2026-09-11,131,,1,OBSERVED_SYMBOL_HISTORY_NOT_STITCHED,False,exact_observed_symbol_no_fuzzy_merge
POCL,2023-03-06,2026-09-11,869,,3,MULTIPLE_ISIN_OBSERVED_NO_IDENTITY_INFERENCE,True,exact_observed_symbol_no_fuzzy_merge
PODDARHOUS,2020-01-01,2023-10-27,765,,0,OBSERVED_SYMBOL_HISTORY_NOT_STITCHED,False,exact_observed_symbol_no_fuzzy_merge
PODDARMENT,2020-01-01,2026-09-11,1660,,1,OBSERVED_SYMBOL_HISTORY_NOT_STITCHED,False,exact_observed_symbol_no_fuzzy_merge
POEL,2026-08-17,2026-09-11,20,,1,OBSERVED_SYMBOL_HISTORY_NOT_STITCHED,False,exact_observed_symbol_no_fuzzy_merge
POKARNA,2020-01-01,2026-09-11,1564,,1,OBSERVED_SYMBOL_HISTORY_NOT_STITCHED,False,exact_observed_symbol_no_fuzzy_merge
POLICYBZR,2021-11-15,2026-09-11,1195,,1,OBSERVED_SYMBOL_HISTORY_NOT_STITCHED,False,exact_observed_symbol_no_fuzzy_merge
POLYCAB,2020-01-01,2026-09-11,1660,,1,OBSERVED_SYMBOL_HISTORY_NOT_STITCHED,False,exact_observed_symbol_no_fuzzy_merge
POLYMED,2020-01-01,2026-09-11,1660,,1,OBSERVED_SYMBOL_HISTORY_NOT_STITCHED,False,exact_observed_symbol_no_fuzzy_merge
POLYPLEX,2020-01-01,2026-09-11,1660,,1,OBSERVED_SYMBOL_HISTORY_NOT_STITCHED,False,exact_observed_symbol_no_fuzzy_merge
POLYSPIN,2026-08-17,2026-09-11,19,,1,OBSERVED_SYMBOL_HISTORY_NOT_STITCHED,False,exact_observed_symbol_no_fuzzy_merge
PONNIERODE,2020-01-01,2026-09-11,1603,,1,OBSERVED_SYMBOL_HISTORY_NOT_STITCHED,False,exact_observed_symbol_no_fuzzy_merge
POONAWALLA,2021-09-13,2026-09-11,1231,,1,OBSERVED_SYMBOL_HISTORY_NOT_STITCHED,False,exact_observed_symbol_no_fuzzy_merge
POWERGRID,2020-01-01,2026-09-11,1660,,1,OBSERVED_SYMBOL_HISTORY_NOT_STITCHED,False,exact_observed_symbol_no_fuzzy_merge
POWERICA,2026-04-02,2026-09-11,112,,1,OBSERVED_SYMBOL_HISTORY_NOT_STITCHED,False,exact_observed_symbol_no_fuzzy_merge
POWERINDIA,2020-04-17,2026-09-11,1589,,1,OBSERVED_SYMBOL_HISTORY_NOT_STITCHED,False,exact_observed_symbol_no_fuzzy_merge
POWERMECH,2020-01-01,2026-09-11,1659,,1,OBSERVED_SYMBOL_HISTORY_NOT_STITCHED,False,exact_observed_symbol_no_fuzzy_merge
PPAP,2020-01-01,2026-07-14,1484,,1,OBSERVED_SYMBOL_HISTORY_NOT_STITCHED,False,exact_observed_symbol_no_fuzzy_merge
PPL,2020-01-01,2026-07-01,1608,,1,OBSERVED_SYMBOL_HISTORY_NOT_STITCHED,False,exact_observed_symbol_no_fuzzy_merge
PPLPHARMA,2022-11-03,2026-09-11,954,,1,OBSERVED_SYMBOL_HISTORY_NOT_STITCHED,False,exact_observed_symbol_no_fuzzy_merge
PRABHA,2025-04-03,2026-09-11,357,,1,OBSERVED_SYMBOL_HISTORY_NOT_STITCHED,False,exact_observed_symbol_no_fuzzy_merge
PRABHAT,2020-01-01,2021-04-22,325,,0,OBSERVED_SYMBOL_HISTORY_NOT_STITCHED,False,exact_observed_symbol_no_fuzzy_merge
PRADIP,2020-02-24,2021-10-14,34,,0,OBSERVED_SYMBOL_HISTORY_NOT_STITCHED,False,exact_observed_symbol_no_fuzzy_merge
PRADPME,2026-04-20,2026-06-30,49,,1,OBSERVED_SYMBOL_HISTORY_NOT_STITCHED,False,exact_observed_symbol_no_fuzzy_merge
PRAENG,2020-01-01,2026-09-11,1153,,1,OBSERVED_SYMBOL_HISTORY_NOT_STITCHED,False,exact_observed_symbol_no_fuzzy_merge
PRAJIND,2020-01-01,2026-09-11,1531,,1,OBSERVED_SYMBOL_HISTORY_NOT_STITCHED,False,exact_observed_symbol_no_fuzzy_merge
PRAKASH,2020-01-01,2026-09-11,1598,,1,OBSERVED_SYMBOL_HISTORY_NOT_STITCHED,False,exact_observed_symbol_no_fuzzy_merge
PRAKASHSTL,2020-08-18,2026-09-11,1141,,1,OBSERVED_SYMBOL_HISTORY_NOT_STITCHED,False,exact_observed_symbol_no_fuzzy_merge
PRAVEG,2026-04-20,2026-09-11,102,,1,OBSERVED_SYMBOL_HISTORY_NOT_STITCHED,False,exact_observed_symbol_no_fuzzy_merge
PRAXIS,2020-01-01,2026-09-11,810,,1,OBSERVED_SYMBOL_HISTORY_NOT_STITCHED,False,exact_observed_symbol_no_fuzzy_merge
PRECAM,2020-03-04,2026-09-11,1616,,1,OBSERVED_SYMBOL_HISTORY_NOT_STITCHED,False,exact_observed_symbol_no_fuzzy_merge
PRECOT,2020-01-01,2026-09-11,1238,,1,OBSERVED_SYMBOL_HISTORY_NOT_STITCHED,False,exact_observed_symbol_no_fuzzy_merge
PRECWIRE,2020-01-01,2026-09-11,1597,,1,OBSERVED_SYMBOL_HISTORY_NOT_STITCHED,False,exact_observed_symbol_no_fuzzy_merge
PREMCO,2026-04-20,2026-09-11,102,,1,OBSERVED_SYMBOL_HISTORY_NOT_STITCHED,False,exact_observed_symbol_no_fuzzy_merge
PREMEXPLN,2020-01-01,2026-09-11,1333,,1,OBSERVED_SYMBOL_HISTORY_NOT_STITCHED,False,exact_observed_symbol_no_fuzzy_merge
PREMIER,2020-03-04,2022-05-24,191,,0,OBSERVED_SYMBOL_HISTORY_NOT_STITCHED,False,exact_observed_symbol_no_fuzzy_merge
PREMIERENE,2024-09-03,2026-09-11,502,,1,OBSERVED_SYMBOL_HISTORY_NOT_STITCHED,False,exact_observed_symbol_no_fuzzy_merge
PREMIERPOL,2020-01-02,2026-09-11,1367,,2,MULTIPLE_ISIN_OBSERVED_NO_IDENTITY_INFERENCE,True,exact_observed_symbol_no_fuzzy_merge
PRESSMN,2020-01-01,2023-06-06,821,,0,OBSERVED_SYMBOL_HISTORY_NOT_STITCHED,False,exact_observed_symbol_no_fuzzy_merge
PRESTIGE,2020-01-01,2026-09-11,1660,,1,OBSERVED_SYMBOL_HISTORY_NOT_STITCHED,False,exact_observed_symbol_no_fuzzy_merge
PRICOLLTD,2020-01-01,2026-09-11,1638,,1,OBSERVED_SYMBOL_HISTORY_NOT_STITCHED,False,exact_observed_symbol_no_fuzzy_merge
PRIMESECU,2020-01-01,2026-09-11,1632,,1,OBSERVED_SYMBOL_HISTORY_NOT_STITCHED,False,exact_observed_symbol_no_fuzzy_merge
PRIMO,2025-04-22,2026-09-11,347,,1,OBSERVED_SYMBOL_HISTORY_NOT_STITCHED,False,exact_observed_symbol_no_fuzzy_merge
PRINCEPIPE,2020-01-01,2026-09-11,1660,,1,OBSERVED_SYMBOL_HISTORY_NOT_STITCHED,False,exact_observed_symbol_no_fuzzy_merge
PRISMX,2026-08-17,2026-09-11,20,,1,OBSERVED_SYMBOL_HISTORY_NOT_STITCHED,False,exact_observed_symbol_no_fuzzy_merge
PRITI,2022-03-02,2026-06-08,894,,1,OBSERVED_SYMBOL_HISTORY_NOT_STITCHED,False,exact_observed_symbol_no_fuzzy_merge
PRITIKAUTO,2021-08-10,2026-06-22,1058,,1,OBSERVED_SYMBOL_HISTORY_NOT_STITCHED,False,exact_observed_symbol_no_fuzzy_merge
PRIVISCL,2020-10-14,2026-09-11,1464,,1,OBSERVED_SYMBOL_HISTORY_NOT_STITCHED,False,exact_observed_symbol_no_fuzzy_merge
PROINDIA,2021-06-03,2021-11-29,38,,0,OBSERVED_SYMBOL_HISTORY_NOT_STITCHED,False,exact_observed_symbol_no_fuzzy_merge
PROSEED,2020-01-01,2020-12-17,26,,0,OBSERVED_SYMBOL_HISTORY_NOT_STITCHED,False,exact_observed_symbol_no_fuzzy_merge
PROSTARM,2025-06-17,2026-09-11,308,,1,OBSERVED_SYMBOL_HISTORY_NOT_STITCHED,False,exact_observed_symbol_no_fuzzy_merge
PROTEAN,2025-02-06,2026-09-11,394,,1,OBSERVED_SYMBOL_HISTORY_NOT_STITCHED,False,exact_observed_symbol_no_fuzzy_merge
PROZONER,2023-08-04,2026-09-11,582,,1,OBSERVED_SYMBOL_HISTORY_NOT_STITCHED,False,exact_observed_symbol_no_fuzzy_merge
PROZONINTU,2020-01-01,2023-08-03,781,,0,OBSERVED_SYMBOL_HISTORY_NOT_STITCHED,False,exact_observed_symbol_no_fuzzy_merge
PRSMJOHNSN,2020-01-01,2026-09-11,1660,,1,OBSERVED_SYMBOL_HISTORY_NOT_STITCHED,False,exact_observed_symbol_no_fuzzy_merge
PRUDENT,2022-05-20,2026-09-11,1068,,1,OBSERVED_SYMBOL_HISTORY_NOT_STITCHED,False,exact_observed_symbol_no_fuzzy_merge
PRUDMOULI,2024-03-11,2026-06-10,331,,1,OBSERVED_SYMBOL_HISTORY_NOT_STITCHED,False,exact_observed_symbol_no_fuzzy_merge
PSB,2020-01-01,2026-09-11,1660,,1,OBSERVED_SYMBOL_HISTORY_NOT_STITCHED,False,exact_observed_symbol_no_fuzzy_merge
PSL,2020-07-21,2020-08-17,20,,0,OBSERVED_SYMBOL_HISTORY_NOT_STITCHED,False,exact_observed_symbol_no_fuzzy_merge
PSPPROJECT,2020-01-01,2026-09-11,1660,,1,OBSERVED_SYMBOL_HISTORY_NOT_STITCHED,False,exact_observed_symbol_no_fuzzy_merge
PSUBANK,2024-03-20,2026-09-11,613,,2,MULTIPLE_ISIN_OBSERVED_NO_IDENTITY_INFERENCE,True,exact_observed_symbol_no_fuzzy_merge
PSUBANKADD,2024-02-15,2026-09-11,636,,1,OBSERVED_SYMBOL_HISTORY_NOT_STITCHED,False,exact_observed_symbol_no_fuzzy_merge
PSUBANKICI,2023-03-21,2023-12-19,184,,0,OBSERVED_SYMBOL_HISTORY_NOT_STITCHED,False,exact_observed_symbol_no_fuzzy_merge
PSUBNKBEES,2020-01-01,2026-09-11,1660,,1,OBSERVED_SYMBOL_HISTORY_NOT_STITCHED,False,exact_observed_symbol_no_fuzzy_merge
PSUBNKIETF,2023-12-20,2026-09-11,675,,1,OBSERVED_SYMBOL_HISTORY_NOT_STITCHED,False,exact_observed_symbol_no_fuzzy_merge
PTC,2020-01-01,2026-09-11,1618,,1,OBSERVED_SYMBOL_HISTORY_NOT_STITCHED,False,exact_observed_symbol_no_fuzzy_merge
PTCIL,2023-06-09,2026-09-11,749,,1,OBSERVED_SYMBOL_HISTORY_NOT_STITCHED,False,exact_observed_symbol_no_fuzzy_merge
PTL,2020-01-01,2026-09-11,1660,,1,OBSERVED_SYMBOL_HISTORY_NOT_STITCHED,False,exact_observed_symbol_no_fuzzy_merge
PUNJABCHEM,2020-01-01,2026-09-11,1660,,1,OBSERVED_SYMBOL_HISTORY_NOT_STITCHED,False,exact_observed_symbol_no_fuzzy_merge
PURVA,2020-01-01,2026-09-11,1544,,1,OBSERVED_SYMBOL_HISTORY_NOT_STITCHED,False,exact_observed_symbol_no_fuzzy_merge
PVP,2021-07-29,2026-09-11,754,,1,OBSERVED_SYMBOL_HISTORY_NOT_STITCHED,False,exact_observed_symbol_no_fuzzy_merge
PVR,2020-01-01,2023-05-11,834,,0,OBSERVED_SYMBOL_HISTORY_NOT_STITCHED,False,exact_observed_symbol_no_fuzzy_merge
PVRINOX,2023-05-12,2026-09-11,826,,1,OBSERVED_SYMBOL_HISTORY_NOT_STITCHED,False,exact_observed_symbol_no_fuzzy_merge
PVSL,2024-03-19,2026-09-11,614,,1,OBSERVED_SYMBOL_HISTORY_NOT_STITCHED,False,exact_observed_symbol_no_fuzzy_merge
PVTBANIETF,2023-12-20,2026-09-11,675,,1,OBSERVED_SYMBOL_HISTORY_NOT_STITCHED,False,exact_observed_symbol_no_fuzzy_merge
PVTBANK,2026-07-22,2026-09-11,38,,1,OBSERVED_SYMBOL_HISTORY_NOT_STITCHED,False,exact_observed_symbol_no_fuzzy_merge
PVTBANKADD,2024-02-15,2026-09-11,636,,1,OBSERVED_SYMBOL_HISTORY_NOT_STITCHED,False,exact_observed_symbol_no_fuzzy_merge
PVTBKGROWW,2026-05-26,2026-09-11,77,,1,OBSERVED_SYMBOL_HISTORY_NOT_STITCHED,False,exact_observed_symbol_no_fuzzy_merge
PWL,2025-11-18,2026-09-11,203,,1,OBSERVED_SYMBOL_HISTORY_NOT_STITCHED,False,exact_observed_symbol_no_fuzzy_merge
PYRAMID,2023-09-12,2026-09-11,741,,1,OBSERVED_SYMBOL_HISTORY_NOT_STITCHED,False,exact_observed_symbol_no_fuzzy_merge
QGOLDHALF,2020-01-01,2026-09-11,1660,,1,OBSERVED_SYMBOL_HISTORY_NOT_STITCHED,False,exact_observed_symbol_no_fuzzy_merge
QMSMEDI,2026-06-18,2026-08-17,42,,1,OBSERVED_SYMBOL_HISTORY_NOT_STITCHED,False,exact_observed_symbol_no_fuzzy_merge
QNIFTY,2020-01-06,2026-09-11,1619,,2,MULTIPLE_ISIN_OBSERVED_NO_IDENTITY_INFERENCE,True,exact_observed_symbol_no_fuzzy_merge
QPOWER,2025-02-24,2026-09-11,324,,1,OBSERVED_SYMBOL_HISTORY_NOT_STITCHED,False,exact_observed_symbol_no_fuzzy_merge
QUADFUTURE,2025-01-14,2026-09-11,411,,1,OBSERVED_SYMBOL_HISTORY_NOT_STITCHED,False,exact_observed_symbol_no_fuzzy_merge
QUAL30IETF,2023-12-20,2026-09-11,675,,1,OBSERVED_SYMBOL_HISTORY_NOT_STITCHED,False,exact_observed_symbol_no_fuzzy_merge
QUALITY,2025-07-18,2025-07-18,1,QUALITY30,1,OBJECTIVE_SAME_ISIN_ALIAS_OBSERVED_NO_STITCH,True,exact_observed_symbol_no_fuzzy_merge
QUALITY30,2025-07-21,2026-09-11,284,QUALITY,1,OBJECTIVE_SAME_ISIN_ALIAS_OBSERVED_NO_STITCH,True,exact_observed_symbol_no_fuzzy_merge
QUESS,2020-01-01,2026-09-11,1650,,1,OBSERVED_SYMBOL_HISTORY_NOT_STITCHED,False,exact_observed_symbol_no_fuzzy_merge
QUICKHEAL,2020-01-01,2026-09-11,1594,,1,OBSERVED_SYMBOL_HISTORY_NOT_STITCHED,False,exact_observed_symbol_no_fuzzy_merge
QUINT,2026-04-20,2026-09-11,102,,1,OBSERVED_SYMBOL_HISTORY_NOT_STITCHED,False,exact_observed_symbol_no_fuzzy_merge
RACE,2023-05-09,2026-09-11,768,,1,OBSERVED_SYMBOL_HISTORY_NOT_STITCHED,False,exact_observed_symbol_no_fuzzy_merge
RACLGEAR,2024-11-27,2026-09-11,444,,1,OBSERVED_SYMBOL_HISTORY_NOT_STITCHED,False,exact_observed_symbol_no_fuzzy_merge
RADAAN,2020-04-13,2026-09-11,582,,1,OBSERVED_SYMBOL_HISTORY_NOT_STITCHED,False,exact_observed_symbol_no_fuzzy_merge
RADHIKAJWE,2022-07-18,2026-09-11,966,,1,OBSERVED_SYMBOL_HISTORY_NOT_STITCHED,False,exact_observed_symbol_no_fuzzy_merge
RADIANTCMS,2023-01-04,2026-09-11,911,,1,OBSERVED_SYMBOL_HISTORY_NOT_STITCHED,False,exact_observed_symbol_no_fuzzy_merge
RADICO,2020-01-01,2026-09-11,1660,,1,OBSERVED_SYMBOL_HISTORY_NOT_STITCHED,False,exact_observed_symbol_no_fuzzy_merge
RADIOCITY,2020-01-01,2026-09-11,1516,,1,OBSERVED_SYMBOL_HISTORY_NOT_STITCHED,False,exact_observed_symbol_no_fuzzy_merge
RAILTEL,2021-02-26,2026-09-11,1370,,1,OBSERVED_SYMBOL_HISTORY_NOT_STITCHED,False,exact_observed_symbol_no_fuzzy_merge
RAIN,2020-01-01,2026-09-11,1660,,1,OBSERVED_SYMBOL_HISTORY_NOT_STITCHED,False,exact_observed_symbol_no_fuzzy_merge
RAINBOW,2022-05-10,2026-09-11,1076,,1,OBSERVED_SYMBOL_HISTORY_NOT_STITCHED,False,exact_observed_symbol_no_fuzzy_merge
RAJESHEXPO,2020-01-01,2025-12-24,1484,,1,OBSERVED_SYMBOL_HISTORY_NOT_STITCHED,False,exact_observed_symbol_no_fuzzy_merge
RAJMET,2021-02-16,2026-09-11,917,,1,OBSERVED_SYMBOL_HISTORY_NOT_STITCHED,False,exact_observed_symbol_no_fuzzy_merge
RAJOOENG,2025-05-29,2026-06-30,268,,1,OBSERVED_SYMBOL_HISTORY_NOT_STITCHED,False,exact_observed_symbol_no_fuzzy_merge
RAJPALAYAM,2026-04-20,2026-09-11,102,,1,OBSERVED_SYMBOL_HISTORY_NOT_STITCHED,False,exact_observed_symbol_no_fuzzy_merge
RAJRATAN,2020-05-22,2026-09-11,1382,,1,OBSERVED_SYMBOL_HISTORY_NOT_STITCHED,False,exact_observed_symbol_no_fuzzy_merge
RAJRILTD,2022-04-01,2022-04-29,19,,0,OBSERVED_SYMBOL_HISTORY_NOT_STITCHED,False,exact_observed_symbol_no_fuzzy_merge
RAJSREESUG,2020-01-01,2026-09-11,1391,,1,OBSERVED_SYMBOL_HISTORY_NOT_STITCHED,False,exact_observed_symbol_no_fuzzy_merge
RAJTV,2020-01-01,2026-09-11,1110,,1,OBSERVED_SYMBOL_HISTORY_NOT_STITCHED,False,exact_observed_symbol_no_fuzzy_merge
RALLIS,2020-01-01,2026-09-11,1660,,1,OBSERVED_SYMBOL_HISTORY_NOT_STITCHED,False,exact_observed_symbol_no_fuzzy_merge
RAMANEWS,2020-01-01,2026-09-11,1525,,1,OBSERVED_SYMBOL_HISTORY_NOT_STITCHED,False,exact_observed_symbol_no_fuzzy_merge
RAMAPHO,2022-08-05,2026-09-11,915,,2,MULTIPLE_ISIN_OBSERVED_NO_IDENTITY_INFERENCE,True,exact_observed_symbol_no_fuzzy_merge
RAMASTEEL,2020-01-01,2026-06-25,1429,,1,OBSERVED_SYMBOL_HISTORY_NOT_STITCHED,False,exact_observed_symbol_no_fuzzy_merge
RAMBHAJO,2026-07-15,2026-09-11,43,,1,OBSERVED_SYMBOL_HISTORY_NOT_STITCHED,False,exact_observed_symbol_no_fuzzy_merge
RAMCOCEM,2020-01-01,2026-09-11,1660,,1,OBSERVED_SYMBOL_HISTORY_NOT_STITCHED,False,exact_observed_symbol_no_fuzzy_merge
RAMCOIND,2020-01-01,2026-09-11,1660,,1,OBSERVED_SYMBOL_HISTORY_NOT_STITCHED,False,exact_observed_symbol_no_fuzzy_merge
RAMCOSYS,2020-01-01,2026-09-11,1544,,1,OBSERVED_SYMBOL_HISTORY_NOT_STITCHED,False,exact_observed_symbol_no_fuzzy_merge
RAMKY,2020-01-01,2026-09-11,1565,,1,OBSERVED_SYMBOL_HISTORY_NOT_STITCHED,False,exact_observed_symbol_no_fuzzy_merge
RAMRAT,2022-07-29,2026-09-11,1018,,1,OBSERVED_SYMBOL_HISTORY_NOT_STITCHED,False,exact_observed_symbol_no_fuzzy_merge
RANASUG,2020-03-04,2026-09-11,1428,,1,OBSERVED_SYMBOL_HISTORY_NOT_STITCHED,False,exact_observed_symbol_no_fuzzy_merge
RANEENGINE,2020-01-01,2025-04-21,1073,,1,OBSERVED_SYMBOL_HISTORY_NOT_STITCHED,False,exact_observed_symbol_no_fuzzy_merge
RANEHOLDIN,2020-01-01,2026-09-11,1660,,1,OBSERVED_SYMBOL_HISTORY_NOT_STITCHED,False,exact_observed_symbol_no_fuzzy_merge
RATEGAIN,2021-12-17,2026-09-11,1172,,1,OBSERVED_SYMBOL_HISTORY_NOT_STITCHED,False,exact_observed_symbol_no_fuzzy_merge
RATNAMANI,2020-01-01,2026-09-11,1660,,1,OBSERVED_SYMBOL_HISTORY_NOT_STITCHED,False,exact_observed_symbol_no_fuzzy_merge
RATNAVEER,2023-09-26,2026-09-11,667,,1,OBSERVED_SYMBOL_HISTORY_NOT_STITCHED,False,exact_observed_symbol_no_fuzzy_merge
RAYMOND,2020-01-01,2026-09-11,1640,,1,OBSERVED_SYMBOL_HISTORY_NOT_STITCHED,False,exact_observed_symbol_no_fuzzy_merge
RAYMONDLSL,2024-09-19,2026-09-11,490,,1,OBSERVED_SYMBOL_HISTORY_NOT_STITCHED,False,exact_observed_symbol_no_fuzzy_merge
RAYMONDREL,2025-07-15,2026-09-11,288,,1,OBSERVED_SYMBOL_HISTORY_NOT_STITCHED,False,exact_observed_symbol_no_fuzzy_merge
RBA,2022-02-17,2026-09-11,1129,,1,OBSERVED_SYMBOL_HISTORY_NOT_STITCHED,False,exact_observed_symbol_no_fuzzy_merge
RBL,2020-01-01,2025-04-21,1251,,1,OBSERVED_SYMBOL_HISTORY_NOT_STITCHED,False,exact_observed_symbol_no_fuzzy_merge
RBLBANK,2020-01-01,2026-09-11,1660,,1,OBSERVED_SYMBOL_HISTORY_NOT_STITCHED,False,exact_observed_symbol_no_fuzzy_merge
RBZJEWEL,2024-01-10,2026-09-07,448,,1,OBSERVED_SYMBOL_HISTORY_NOT_STITCHED,False,exact_observed_symbol_no_fuzzy_merge
RCF,2020-01-01,2026-09-11,1660,,1,OBSERVED_SYMBOL_HISTORY_NOT_STITCHED,False,exact_observed_symbol_no_fuzzy_merge
RCOM,2020-03-04,2022-05-24,363,,0,OBSERVED_SYMBOL_HISTORY_NOT_STITCHED,False,exact_observed_symbol_no_fuzzy_merge
RECLTD,2020-01-01,2026-09-11,1660,,1,OBSERVED_SYMBOL_HISTORY_NOT_STITCHED,False,exact_observed_symbol_no_fuzzy_merge
REDINGTON,2020-01-01,2026-09-11,1660,,1,OBSERVED_SYMBOL_HISTORY_NOT_STITCHED,False,exact_observed_symbol_no_fuzzy_merge
REDTAPE,2023-08-28,2026-09-11,752,,1,OBSERVED_SYMBOL_HISTORY_NOT_STITCHED,False,exact_observed_symbol_no_fuzzy_merge
REFEX,2020-01-01,2026-09-11,1552,,1,OBSERVED_SYMBOL_HISTORY_NOT_STITCHED,False,exact_observed_symbol_no_fuzzy_merge
REGAAL,2025-08-20,2026-09-11,197,,1,OBSERVED_SYMBOL_HISTORY_NOT_STITCHED,False,exact_observed_symbol_no_fuzzy_merge
REGENCERAM,2024-03-13,2026-09-11,345,,1,OBSERVED_SYMBOL_HISTORY_NOT_STITCHED,False,exact_observed_symbol_no_fuzzy_merge
RELAXO,2020-01-01,2026-09-11,1660,,1,OBSERVED_SYMBOL_HISTORY_NOT_STITCHED,False,exact_observed_symbol_no_fuzzy_merge
RELCAPITAL,2020-01-01,2022-05-24,435,,0,OBSERVED_SYMBOL_HISTORY_NOT_STITCHED,False,exact_observed_symbol_no_fuzzy_merge
RELCHEMQ,2022-05-25,2026-09-11,999,,1,OBSERVED_SYMBOL_HISTORY_NOT_STITCHED,False,exact_observed_symbol_no_fuzzy_merge
RELIABLE,2024-07-10,2026-09-11,351,,1,OBSERVED_SYMBOL_HISTORY_NOT_STITCHED,False,exact_observed_symbol_no_fuzzy_merge
RELIANCE,2020-01-01,2026-09-11,1660,,1,OBSERVED_SYMBOL_HISTORY_NOT_STITCHED,False,exact_observed_symbol_no_fuzzy_merge
RELIGARE,2020-01-01,2026-09-11,1660,,1,OBSERVED_SYMBOL_HISTORY_NOT_STITCHED,False,exact_observed_symbol_no_fuzzy_merge
RELINFRA,2020-01-01,2025-06-04,1020,,1,OBSERVED_SYMBOL_HISTORY_NOT_STITCHED,False,exact_observed_symbol_no_fuzzy_merge
RELTD,2024-07-30,2026-09-11,411,,1,OBSERVED_SYMBOL_HISTORY_NOT_STITCHED,False,exact_observed_symbol_no_fuzzy_merge
REMSONSIND,2020-01-01,2026-09-11,1427,,1,OBSERVED_SYMBOL_HISTORY_NOT_STITCHED,False,exact_observed_symbol_no_fuzzy_merge
RENUKA,2020-01-01,2026-09-11,1591,,1,OBSERVED_SYMBOL_HISTORY_NOT_STITCHED,False,exact_observed_symbol_no_fuzzy_merge
REPCOHOME,2020-01-01,2026-09-11,1660,,1,OBSERVED_SYMBOL_HISTORY_NOT_STITCHED,False,exact_observed_symbol_no_fuzzy_merge
REPL,2020-12-14,2026-06-17,1262,,1,OBSERVED_SYMBOL_HISTORY_NOT_STITCHED,False,exact_observed_symbol_no_fuzzy_merge
REPRO,2020-01-01,2026-09-11,1660,,1,OBSERVED_SYMBOL_HISTORY_NOT_STITCHED,False,exact_observed_symbol_no_fuzzy_merge
RESPONIND,2020-01-01,2026-09-11,1660,,1,OBSERVED_SYMBOL_HISTORY_NOT_STITCHED,False,exact_observed_symbol_no_fuzzy_merge
RETAIL,2024-07-10,2026-09-11,451,,1,OBSERVED_SYMBOL_HISTORY_NOT_STITCHED,False,exact_observed_symbol_no_fuzzy_merge
REVATHI,2020-01-01,2023-07-04,871,,0,OBSERVED_SYMBOL_HISTORY_NOT_STITCHED,False,exact_observed_symbol_no_fuzzy_merge
REVATHIEQU,2024-09-25,2024-10-30,25,RVTH,1,OBJECTIVE_SAME_ISIN_ALIAS_OBSERVED_NO_STITCH,True,exact_observed_symbol_no_fuzzy_merge
RGL,2020-01-01,2026-09-11,1660,,1,OBSERVED_SYMBOL_HISTORY_NOT_STITCHED,False,exact_observed_symbol_no_fuzzy_merge
RHETAN,2025-09-26,2026-09-11,237,,1,OBSERVED_SYMBOL_HISTORY_NOT_STITCHED,False,exact_observed_symbol_no_fuzzy_merge
RHFL,2020-01-01,2025-09-23,660,,1,OBSERVED_SYMBOL_HISTORY_NOT_STITCHED,False,exact_observed_symbol_no_fuzzy_merge
RHIM,2021-07-22,2026-09-11,1273,,1,OBSERVED_SYMBOL_HISTORY_NOT_STITCHED,False,exact_observed_symbol_no_fuzzy_merge
RHL,2023-05-10,2026-09-11,652,,1,OBSERVED_SYMBOL_HISTORY_NOT_STITCHED,False,exact_observed_symbol_no_fuzzy_merge
RICOAUTO,2020-01-01,2026-09-11,1660,,1,OBSERVED_SYMBOL_HISTORY_NOT_STITCHED,False,exact_observed_symbol_no_fuzzy_merge
RIIL,2020-01-01,2026-09-11,1660,,1,OBSERVED_SYMBOL_HISTORY_NOT_STITCHED,False,exact_observed_symbol_no_fuzzy_merge
RIR,2026-07-16,2026-09-11,42,,1,OBSERVED_SYMBOL_HISTORY_NOT_STITCHED,False,exact_observed_symbol_no_fuzzy_merge
RISHABH,2023-09-11,2026-09-11,685,,1,OBSERVED_SYMBOL_HISTORY_NOT_STITCHED,False,exact_observed_symbol_no_fuzzy_merge
RITCO,2022-04-12,2026-09-11,980,,1,OBSERVED_SYMBOL_HISTORY_NOT_STITCHED,False,exact_observed_symbol_no_fuzzy_merge
RITES,2020-01-01,2026-09-11,1660,,1,OBSERVED_SYMBOL_HISTORY_NOT_STITCHED,False,exact_observed_symbol_no_fuzzy_merge
RKDL,2020-01-01,2026-09-11,1070,,1,OBSERVED_SYMBOL_HISTORY_NOT_STITCHED,False,exact_observed_symbol_no_fuzzy_merge
RKEC,2020-12-18,2026-09-11,1353,,1,OBSERVED_SYMBOL_HISTORY_NOT_STITCHED,False,exact_observed_symbol_no_fuzzy_merge
RKFORGE,2020-01-01,2026-09-11,1660,,1,OBSERVED_SYMBOL_HISTORY_NOT_STITCHED,False,exact_observed_symbol_no_fuzzy_merge
RKSWAMY,2024-03-12,2026-09-11,619,,1,OBSERVED_SYMBOL_HISTORY_NOT_STITCHED,False,exact_observed_symbol_no_fuzzy_merge
RMC,2026-06-22,2026-09-11,59,,1,OBSERVED_SYMBOL_HISTORY_NOT_STITCHED,False,exact_observed_symbol_no_fuzzy_merge
RMCL,2020-01-01,2021-02-19,31,,0,OBSERVED_SYMBOL_HISTORY_NOT_STITCHED,False,exact_observed_symbol_no_fuzzy_merge
RMDRIP,2025-07-30,2026-07-28,244,,2,MULTIPLE_ISIN_OBSERVED_NO_IDENTITY_INFERENCE,True,exact_observed_symbol_no_fuzzy_merge
RML,2020-01-01,2026-09-11,1660,,1,OBSERVED_SYMBOL_HISTORY_NOT_STITCHED,False,exact_observed_symbol_no_fuzzy_merge
RNAM,2020-01-01,2020-01-22,16,,0,OBSERVED_SYMBOL_HISTORY_NOT_STITCHED,False,exact_observed_symbol_no_fuzzy_merge
RNAVAL,2020-03-04,2021-01-22,142,,0,OBSERVED_SYMBOL_HISTORY_NOT_STITCHED,False,exact_observed_symbol_no_fuzzy_merge
RNBDENIMS,2025-09-04,2026-09-04,194,,2,MULTIPLE_ISIN_OBSERVED_NO_IDENTITY_INFERENCE,True,exact_observed_symbol_no_fuzzy_merge
ROHITFERRO,2020-03-04,2022-04-07,88,,0,OBSERVED_SYMBOL_HISTORY_NOT_STITCHED,False,exact_observed_symbol_no_fuzzy_merge
ROHLTD,2020-01-01,2026-09-11,1551,,1,OBSERVED_SYMBOL_HISTORY_NOT_STITCHED,False,exact_observed_symbol_no_fuzzy_merge
ROLEXRINGS,2021-08-09,2026-09-11,1261,,2,MULTIPLE_ISIN_OBSERVED_NO_IDENTITY_INFERENCE,True,exact_observed_symbol_no_fuzzy_merge
ROLLT,2020-01-01,2026-05-07,717,,1,OBSERVED_SYMBOL_HISTORY_NOT_STITCHED,False,exact_observed_symbol_no_fuzzy_merge
ROLTA,2020-02-24,2022-08-22,386,,0,OBSERVED_SYMBOL_HISTORY_NOT_STITCHED,False,exact_observed_symbol_no_fuzzy_merge
ROML,2020-11-03,2026-09-11,991,,1,OBSERVED_SYMBOL_HISTORY_NOT_STITCHED,False,exact_observed_symbol_no_fuzzy_merge
ROSSARI,2020-07-23,2026-09-11,1522,,1,OBSERVED_SYMBOL_HISTORY_NOT_STITCHED,False,exact_observed_symbol_no_fuzzy_merge
ROSSELLIND,2020-03-04,2026-09-11,1449,,1,OBSERVED_SYMBOL_HISTORY_NOT_STITCHED,False,exact_observed_symbol_no_fuzzy_merge
ROSSTECH,2024-12-23,2026-09-11,340,,1,OBSERVED_SYMBOL_HISTORY_NOT_STITCHED,False,exact_observed_symbol_no_fuzzy_merge
ROTO,2022-04-21,2026-09-11,1088,,2,MULTIPLE_ISIN_OBSERVED_NO_IDENTITY_INFERENCE,True,exact_observed_symbol_no_fuzzy_merge
ROUTE,2020-09-21,2026-09-11,1480,,1,OBSERVED_SYMBOL_HISTORY_NOT_STITCHED,False,exact_observed_symbol_no_fuzzy_merge
RPEL,2024-08-08,2026-09-11,519,,1,OBSERVED_SYMBOL_HISTORY_NOT_STITCHED,False,exact_observed_symbol_no_fuzzy_merge
RPGLIFE,2020-01-01,2026-09-11,1660,,1,OBSERVED_SYMBOL_HISTORY_NOT_STITCHED,False,exact_observed_symbol_no_fuzzy_merge
RPOWER,2020-01-01,2026-09-11,1256,,1,OBSERVED_SYMBOL_HISTORY_NOT_STITCHED,False,exact_observed_symbol_no_fuzzy_merge
RPPINFRA,2020-01-01,2026-09-11,1244,,1,OBSERVED_SYMBOL_HISTORY_NOT_STITCHED,False,exact_observed_symbol_no_fuzzy_merge
RPPL,2021-11-26,2026-08-10,1103,,2,MULTIPLE_ISIN_OBSERVED_NO_IDENTITY_INFERENCE,True,exact_observed_symbol_no_fuzzy_merge
RPSGVENT,2021-02-01,2026-09-11,1389,,1,OBSERVED_SYMBOL_HISTORY_NOT_STITCHED,False,exact_observed_symbol_no_fuzzy_merge
RPTECH,2024-02-14,2026-09-11,637,,1,OBSERVED_SYMBOL_HISTORY_NOT_STITCHED,False,exact_observed_symbol_no_fuzzy_merge
RRECL,2026-08-17,2026-09-11,19,,1,OBSERVED_SYMBOL_HISTORY_NOT_STITCHED,False,exact_observed_symbol_no_fuzzy_merge
RRIL,2026-04-20,2026-09-11,102,,1,OBSERVED_SYMBOL_HISTORY_NOT_STITCHED,False,exact_observed_symbol_no_fuzzy_merge
RRKABEL,2023-09-20,2026-09-11,736,,1,OBSERVED_SYMBOL_HISTORY_NOT_STITCHED,False,exact_observed_symbol_no_fuzzy_merge
RSDFIN,2026-04-20,2026-08-05,68,,1,OBSERVED_SYMBOL_HISTORY_NOT_STITCHED,False,exact_observed_symbol_no_fuzzy_merge
RSL,2026-03-19,2026-09-11,120,,1,OBSERVED_SYMBOL_HISTORY_NOT_STITCHED,False,exact_observed_symbol_no_fuzzy_merge
RSSOFTWARE,2020-01-01,2026-09-11,1005,,1,OBSERVED_SYMBOL_HISTORY_NOT_STITCHED,False,exact_observed_symbol_no_fuzzy_merge
RSWM,2020-01-01,2026-06-17,1516,,1,OBSERVED_SYMBOL_HISTORY_NOT_STITCHED,False,exact_observed_symbol_no_fuzzy_merge
RSYSTEMS,2020-01-01,2026-09-11,1660,,1,OBSERVED_SYMBOL_HISTORY_NOT_STITCHED,False,exact_observed_symbol_no_fuzzy_merge
RTNINDIA,2021-04-07,2026-09-11,1259,,1,OBSERVED_SYMBOL_HISTORY_NOT_STITCHED,False,exact_observed_symbol_no_fuzzy_merge
RTNINFRA,2020-05-27,2021-04-06,175,,0,OBSERVED_SYMBOL_HISTORY_NOT_STITCHED,False,exact_observed_symbol_no_fuzzy_merge
RTNPOWER,2020-01-01,2026-09-11,1442,,1,OBSERVED_SYMBOL_HISTORY_NOT_STITCHED,False,exact_observed_symbol_no_fuzzy_merge
RTSPOWR,2026-08-17,2026-09-11,20,,1,OBSERVED_SYMBOL_HISTORY_NOT_STITCHED,False,exact_observed_symbol_no_fuzzy_merge
RUBFILA,2024-08-08,2026-09-11,519,,1,OBSERVED_SYMBOL_HISTORY_NOT_STITCHED,False,exact_observed_symbol_no_fuzzy_merge
RUBICON,2025-10-16,2026-09-11,224,,1,OBSERVED_SYMBOL_HISTORY_NOT_STITCHED,False,exact_observed_symbol_no_fuzzy_merge
RUBYMILLS,2020-01-01,2026-09-11,1595,,1,OBSERVED_SYMBOL_HISTORY_NOT_STITCHED,False,exact_observed_symbol_no_fuzzy_merge
RUCHI,2020-02-07,2022-05-24,382,,0,OBSERVED_SYMBOL_HISTORY_NOT_STITCHED,False,exact_observed_symbol_no_fuzzy_merge
RUCHINFRA,2024-03-26,2026-09-11,489,,1,OBSERVED_SYMBOL_HISTORY_NOT_STITCHED,False,exact_observed_symbol_no_fuzzy_merge
RUCHIRA,2020-01-01,2026-09-11,1629,,1,OBSERVED_SYMBOL_HISTORY_NOT_STITCHED,False,exact_observed_symbol_no_fuzzy_merge
RUDRA,2025-12-19,2026-09-11,117,,1,OBSERVED_SYMBOL_HISTORY_NOT_STITCHED,False,exact_observed_symbol_no_fuzzy_merge
RUPA,2020-01-01,2026-09-11,1660,,1,OBSERVED_SYMBOL_HISTORY_NOT_STITCHED,False,exact_observed_symbol_no_fuzzy_merge
RUSHIL,2020-01-01,2026-09-11,1617,,2,MULTIPLE_ISIN_OBSERVED_NO_IDENTITY_INFERENCE,True,exact_observed_symbol_no_fuzzy_merge
RUSTOMJEE,2022-11-24,2026-09-11,940,,1,OBSERVED_SYMBOL_HISTORY_NOT_STITCHED,False,exact_observed_symbol_no_fuzzy_merge
RVHL,2021-01-04,2026-09-11,1048,,1,OBSERVED_SYMBOL_HISTORY_NOT_STITCHED,False,exact_observed_symbol_no_fuzzy_merge
RVNL,2020-01-01,2026-09-11,1660,,1,OBSERVED_SYMBOL_HISTORY_NOT_STITCHED,False,exact_observed_symbol_no_fuzzy_merge
RVTH,2025-02-03,2026-09-11,297,REVATHIEQU,1,OBJECTIVE_SAME_ISIN_ALIAS_OBSERVED_NO_STITCH,True,exact_observed_symbol_no_fuzzy_merge
S&SPOWER,2020-04-07,2026-09-11,436,,1,OBSERVED_SYMBOL_HISTORY_NOT_STITCHED,False,exact_observed_symbol_no_fuzzy_merge
SAATVIKGL,2025-09-26,2026-09-11,237,,1,OBSERVED_SYMBOL_HISTORY_NOT_STITCHED,False,exact_observed_symbol_no_fuzzy_merge
SAB,2026-08-17,2026-09-10,15,,1,OBSERVED_SYMBOL_HISTORY_NOT_STITCHED,False,exact_observed_symbol_no_fuzzy_merge
SABEVENTS,2020-08-18,2026-08-04,198,,1,OBSERVED_SYMBOL_HISTORY_NOT_STITCHED,False,exact_observed_symbol_no_fuzzy_merge
SABTN,2020-01-01,2021-06-17,147,,0,OBSERVED_SYMBOL_HISTORY_NOT_STITCHED,False,exact_observed_symbol_no_fuzzy_merge
SABTNL,2024-04-18,2025-12-11,60,AQYLON,1,OBJECTIVE_SAME_ISIN_ALIAS_OBSERVED_NO_STITCH,True,exact_observed_symbol_no_fuzzy_merge
SADBHAV,2020-01-01,2026-09-11,1197,,1,OBSERVED_SYMBOL_HISTORY_NOT_STITCHED,False,exact_observed_symbol_no_fuzzy_merge
SADBHIN,2020-01-01,2026-06-11,1237,,1,OBSERVED_SYMBOL_HISTORY_NOT_STITCHED,False,exact_observed_symbol_no_fuzzy_merge
SADHNANIQ,2023-05-05,2026-04-23,538,,1,OBSERVED_SYMBOL_HISTORY_NOT_STITCHED,False,exact_observed_symbol_no_fuzzy_merge
SAFARI,2020-01-01,2026-09-11,1660,,1,OBSERVED_SYMBOL_HISTORY_NOT_STITCHED,False,exact_observed_symbol_no_fuzzy_merge
SAGARDEEP,2020-05-27,2026-09-11,1205,,1,OBSERVED_SYMBOL_HISTORY_NOT_STITCHED,False,exact_observed_symbol_no_fuzzy_merge
SAGCEM,2020-01-01,2026-09-11,1660,,1,OBSERVED_SYMBOL_HISTORY_NOT_STITCHED,False,exact_observed_symbol_no_fuzzy_merge
SAGILITY,2024-11-12,2026-09-11,418,,1,OBSERVED_SYMBOL_HISTORY_NOT_STITCHED,False,exact_observed_symbol_no_fuzzy_merge
SAH,2023-01-27,2025-06-02,515,AERONEU,1,OBJECTIVE_SAME_ISIN_ALIAS_OBSERVED_NO_STITCH,True,exact_observed_symbol_no_fuzzy_merge
SAHLIBHFI,2026-04-10,2026-09-11,107,,1,OBSERVED_SYMBOL_HISTORY_NOT_STITCHED,False,exact_observed_symbol_no_fuzzy_merge
SAHYADRI,2023-04-06,2026-09-11,849,,1,OBSERVED_SYMBOL_HISTORY_NOT_STITCHED,False,exact_observed_symbol_no_fuzzy_merge
SAICAPI,2026-08-17,2026-09-11,19,,1,OBSERVED_SYMBOL_HISTORY_NOT_STITCHED,False,exact_observed_symbol_no_fuzzy_merge
SAIL,2020-01-01,2026-09-11,1660,,1,OBSERVED_SYMBOL_HISTORY_NOT_STITCHED,False,exact_observed_symbol_no_fuzzy_merge
SAILIFE,2024-12-18,2026-09-11,429,,1,OBSERVED_SYMBOL_HISTORY_NOT_STITCHED,False,exact_observed_symbol_no_fuzzy_merge
SAIPARENT,2026-04-02,2026-09-11,112,,1,OBSERVED_SYMBOL_HISTORY_NOT_STITCHED,False,exact_observed_symbol_no_fuzzy_merge
SAKAR,2020-03-04,2026-09-11,1491,,1,OBSERVED_SYMBOL_HISTORY_NOT_STITCHED,False,exact_observed_symbol_no_fuzzy_merge
SAKHTISUG,2020-01-01,2026-09-11,1438,,1,OBSERVED_SYMBOL_HISTORY_NOT_STITCHED,False,exact_observed_symbol_no_fuzzy_merge
SAKSOFT,2020-01-01,2026-09-11,1597,,1,OBSERVED_SYMBOL_HISTORY_NOT_STITCHED,False,exact_observed_symbol_no_fuzzy_merge
SAKUMA,2020-01-01,2026-09-11,1185,,1,OBSERVED_SYMBOL_HISTORY_NOT_STITCHED,False,exact_observed_symbol_no_fuzzy_merge
SALASAR,2020-01-01,2026-09-11,1601,,1,OBSERVED_SYMBOL_HISTORY_NOT_STITCHED,False,exact_observed_symbol_no_fuzzy_merge
SALONA,2020-01-01,2026-09-11,1654,,1,OBSERVED_SYMBOL_HISTORY_NOT_STITCHED,False,exact_observed_symbol_no_fuzzy_merge
SALSTEEL,2020-01-01,2026-09-11,1025,,1,OBSERVED_SYMBOL_HISTORY_NOT_STITCHED,False,exact_observed_symbol_no_fuzzy_merge
SALZERELEC,2020-01-01,2026-09-11,1660,,1,OBSERVED_SYMBOL_HISTORY_NOT_STITCHED,False,exact_observed_symbol_no_fuzzy_merge
SAMBANDAM,2026-08-19,2026-09-11,18,,1,OBSERVED_SYMBOL_HISTORY_NOT_STITCHED,False,exact_observed_symbol_no_fuzzy_merge
SAMBHAAV,2020-01-01,2026-09-11,1060,,1,OBSERVED_SYMBOL_HISTORY_NOT_STITCHED,False,exact_observed_symbol_no_fuzzy_merge
SAMBHV,2025-07-02,2026-09-11,297,,1,OBSERVED_SYMBOL_HISTORY_NOT_STITCHED,False,exact_observed_symbol_no_fuzzy_merge
SAMHI,2023-09-22,2026-09-11,734,,1,OBSERVED_SYMBOL_HISTORY_NOT_STITCHED,False,exact_observed_symbol_no_fuzzy_merge
SAMMAANCAP,2024-07-26,2026-09-11,528,IBULHSGFIN,1,OBJECTIVE_SAME_ISIN_ALIAS_OBSERVED_NO_STITCH,True,exact_observed_symbol_no_fuzzy_merge
SAMPANN,2023-10-30,2026-09-11,483,,1,OBSERVED_SYMBOL_HISTORY_NOT_STITCHED,False,exact_observed_symbol_no_fuzzy_merge
SANATHAN,2024-12-27,2026-09-11,423,,1,OBSERVED_SYMBOL_HISTORY_NOT_STITCHED,False,exact_observed_symbol_no_fuzzy_merge
SANCO,2020-01-01,2022-10-04,614,,0,OBSERVED_SYMBOL_HISTORY_NOT_STITCHED,False,exact_observed_symbol_no_fuzzy_merge
SANDESH,2020-01-01,2026-09-11,1660,,1,OBSERVED_SYMBOL_HISTORY_NOT_STITCHED,False,exact_observed_symbol_no_fuzzy_merge
SANDHAR,2020-01-01,2026-09-11,1660,,1,OBSERVED_SYMBOL_HISTORY_NOT_STITCHED,False,exact_observed_symbol_no_fuzzy_merge
SANDUMA,2023-09-07,2026-09-11,744,,1,OBSERVED_SYMBOL_HISTORY_NOT_STITCHED,False,exact_observed_symbol_no_fuzzy_merge
SANGAMIND,2020-03-04,2026-09-11,1531,,1,OBSERVED_SYMBOL_HISTORY_NOT_STITCHED,False,exact_observed_symbol_no_fuzzy_merge
SANGHIIND,2020-01-01,2026-04-02,1436,,1,OBSERVED_SYMBOL_HISTORY_NOT_STITCHED,False,exact_observed_symbol_no_fuzzy_merge
SANGHVIFOR,2020-01-01,2021-04-30,162,,0,OBSERVED_SYMBOL_HISTORY_NOT_STITCHED,False,exact_observed_symbol_no_fuzzy_merge
SANGHVIMOV,2020-01-01,2026-09-11,1660,,2,MULTIPLE_ISIN_OBSERVED_NO_IDENTITY_INFERENCE,True,exact_observed_symbol_no_fuzzy_merge
SANGINITA,2020-03-04,2026-02-25,1292,,1,OBSERVED_SYMBOL_HISTORY_NOT_STITCHED,False,exact_observed_symbol_no_fuzzy_merge
SANOFI,2020-01-01,2026-09-11,1650,,1,OBSERVED_SYMBOL_HISTORY_NOT_STITCHED,False,exact_observed_symbol_no_fuzzy_merge
SANOFICONR,2024-09-27,2026-09-11,484,,1,OBSERVED_SYMBOL_HISTORY_NOT_STITCHED,False,exact_observed_symbol_no_fuzzy_merge
SANSERA,2021-09-24,2026-09-11,1229,,1,OBSERVED_SYMBOL_HISTORY_NOT_STITCHED,False,exact_observed_symbol_no_fuzzy_merge
SANSTAR,2024-07-26,2026-09-11,528,,1,OBSERVED_SYMBOL_HISTORY_NOT_STITCHED,False,exact_observed_symbol_no_fuzzy_merge
SANWARIA,2020-01-01,2020-09-11,94,,0,OBSERVED_SYMBOL_HISTORY_NOT_STITCHED,False,exact_observed_symbol_no_fuzzy_merge
SAPPHIRE,2021-11-18,2026-09-11,1192,,2,MULTIPLE_ISIN_OBSERVED_NO_IDENTITY_INFERENCE,True,exact_observed_symbol_no_fuzzy_merge
SAPPL,2026-04-21,2026-09-11,101,,1,OBSERVED_SYMBOL_HISTORY_NOT_STITCHED,False,exact_observed_symbol_no_fuzzy_merge
SARDAEN,2020-01-01,2026-09-11,1598,,1,OBSERVED_SYMBOL_HISTORY_NOT_STITCHED,False,exact_observed_symbol_no_fuzzy_merge
SAREGAMA,2020-01-01,2026-09-11,1463,,1,OBSERVED_SYMBOL_HISTORY_NOT_STITCHED,False,exact_observed_symbol_no_fuzzy_merge
SARLAPOLY,2020-01-01,2026-09-11,1473,,1,OBSERVED_SYMBOL_HISTORY_NOT_STITCHED,False,exact_observed_symbol_no_fuzzy_merge
SARVESHWAR,2022-12-08,2026-09-11,709,,1,OBSERVED_SYMBOL_HISTORY_NOT_STITCHED,False,exact_observed_symbol_no_fuzzy_merge
SASKEN,2020-01-01,2026-09-11,1660,,1,OBSERVED_SYMBOL_HISTORY_NOT_STITCHED,False,exact_observed_symbol_no_fuzzy_merge
SASTASUNDR,2020-01-01,2026-04-29,1473,HEALTHX,1,OBJECTIVE_SAME_ISIN_ALIAS_OBSERVED_NO_STITCH,True,exact_observed_symbol_no_fuzzy_merge
SATHAISPAT,2020-01-01,2020-05-18,40,,0,OBSERVED_SYMBOL_HISTORY_NOT_STITCHED,False,exact_observed_symbol_no_fuzzy_merge
SATIA,2020-01-01,2026-09-11,1660,,1,OBSERVED_SYMBOL_HISTORY_NOT_STITCHED,False,exact_observed_symbol_no_fuzzy_merge
SATIN,2020-01-01,2026-09-11,1603,,1,OBSERVED_SYMBOL_HISTORY_NOT_STITCHED,False,exact_observed_symbol_no_fuzzy_merge
SATINDLTD,2022-11-21,2025-06-24,641,AEROENTER,1,OBJECTIVE_SAME_ISIN_ALIAS_OBSERVED_NO_STITCH,True,exact_observed_symbol_no_fuzzy_merge
SAURASHCEM,2024-02-27,2026-09-11,628,,1,OBSERVED_SYMBOL_HISTORY_NOT_STITCHED,False,exact_observed_symbol_no_fuzzy_merge
SAYAJIHOTL,2026-04-22,2026-09-11,85,,1,OBSERVED_SYMBOL_HISTORY_NOT_STITCHED,False,exact_observed_symbol_no_fuzzy_merge
SAYAJIIND,2026-08-17,2026-09-11,20,,1,OBSERVED_SYMBOL_HISTORY_NOT_STITCHED,False,exact_observed_symbol_no_fuzzy_merge
SBC,2021-11-23,2026-09-11,1013,,1,OBSERVED_SYMBOL_HISTORY_NOT_STITCHED,False,exact_observed_symbol_no_fuzzy_merge
SBCL,2021-06-24,2026-09-11,1292,,1,OBSERVED_SYMBOL_HISTORY_NOT_STITCHED,False,exact_observed_symbol_no_fuzzy_merge
SBFC,2023-08-16,2026-09-11,760,,1,OBSERVED_SYMBOL_HISTORY_NOT_STITCHED,False,exact_observed_symbol_no_fuzzy_merge
SBGLP,2023-02-10,2026-09-11,778,,1,OBSERVED_SYMBOL_HISTORY_NOT_STITCHED,False,exact_observed_symbol_no_fuzzy_merge
SBIBPB,2025-03-27,2026-09-11,361,,1,OBSERVED_SYMBOL_HISTORY_NOT_STITCHED,False,exact_observed_symbol_no_fuzzy_merge
SBICARD,2020-03-16,2026-09-11,1609,,1,OBSERVED_SYMBOL_HISTORY_NOT_STITCHED,False,exact_observed_symbol_no_fuzzy_merge
SBIETFCON,2021-07-29,2026-09-11,1268,,1,OBSERVED_SYMBOL_HISTORY_NOT_STITCHED,False,exact_observed_symbol_no_fuzzy_merge
SBIETFIT,2020-10-22,2026-09-11,1458,,1,OBSERVED_SYMBOL_HISTORY_NOT_STITCHED,False,exact_observed_symbol_no_fuzzy_merge
SBIETFPB,2020-10-22,2026-09-11,1458,,1,OBSERVED_SYMBOL_HISTORY_NOT_STITCHED,False,exact_observed_symbol_no_fuzzy_merge
SBIETFQLTY,2020-01-01,2026-09-11,1660,,1,OBSERVED_SYMBOL_HISTORY_NOT_STITCHED,False,exact_observed_symbol_no_fuzzy_merge
SBIFUNDS,2026-07-21,2026-09-11,39,,1,OBSERVED_SYMBOL_HISTORY_NOT_STITCHED,False,exact_observed_symbol_no_fuzzy_merge
SBILIFE,2020-01-01,2026-09-11,1660,,1,OBSERVED_SYMBOL_HISTORY_NOT_STITCHED,False,exact_observed_symbol_no_fuzzy_merge
SBILIQETF,2025-08-13,2026-09-11,265,,1,OBSERVED_SYMBOL_HISTORY_NOT_STITCHED,False,exact_observed_symbol_no_fuzzy_merge
SBIMIDMOM,2026-03-06,2026-09-11,129,,1,OBSERVED_SYMBOL_HISTORY_NOT_STITCHED,False,exact_observed_symbol_no_fuzzy_merge
SBIN,2020-01-01,2026-09-11,1660,,1,OBSERVED_SYMBOL_HISTORY_NOT_STITCHED,False,exact_observed_symbol_no_fuzzy_merge
SBINEQWETF,2024-07-23,2026-09-11,531,,1,OBSERVED_SYMBOL_HISTORY_NOT_STITCHED,False,exact_observed_symbol_no_fuzzy_merge
SBINMID150,2026-04-06,2026-09-11,111,,1,OBSERVED_SYMBOL_HISTORY_NOT_STITCHED,False,exact_observed_symbol_no_fuzzy_merge
SBISILVER,2024-07-08,2026-09-11,541,,1,OBSERVED_SYMBOL_HISTORY_NOT_STITCHED,False,exact_observed_symbol_no_fuzzy_merge
SBISMLETF,2026-05-25,2026-09-11,78,,1,OBSERVED_SYMBOL_HISTORY_NOT_STITCHED,False,exact_observed_symbol_no_fuzzy_merge
SBIVALETF,2026-05-25,2026-09-11,78,,1,OBSERVED_SYMBOL_HISTORY_NOT_STITCHED,False,exact_observed_symbol_no_fuzzy_merge
SCANSTL,2026-04-20,2026-07-31,72,,1,OBSERVED_SYMBOL_HISTORY_NOT_STITCHED,False,exact_observed_symbol_no_fuzzy_merge
SCAPDVR,2020-01-01,2023-06-06,523,,0,OBSERVED_SYMBOL_HISTORY_NOT_STITCHED,False,exact_observed_symbol_no_fuzzy_merge
SCHAEFFLER,2020-01-01,2026-09-11,1660,,1,OBSERVED_SYMBOL_HISTORY_NOT_STITCHED,False,exact_observed_symbol_no_fuzzy_merge
SCHAND,2020-03-04,2026-09-11,1525,,1,OBSERVED_SYMBOL_HISTORY_NOT_STITCHED,False,exact_observed_symbol_no_fuzzy_merge
SCHNEIDER,2020-01-01,2026-09-11,1488,,1,OBSERVED_SYMBOL_HISTORY_NOT_STITCHED,False,exact_observed_symbol_no_fuzzy_merge
SCI,2020-01-01,2026-09-11,1650,,1,OBSERVED_SYMBOL_HISTORY_NOT_STITCHED,False,exact_observed_symbol_no_fuzzy_merge
SCILAL,2024-04-04,2026-09-11,604,,1,OBSERVED_SYMBOL_HISTORY_NOT_STITCHED,False,exact_observed_symbol_no_fuzzy_merge
SCODATUBES,2025-06-18,2026-09-11,307,,1,OBSERVED_SYMBOL_HISTORY_NOT_STITCHED,False,exact_observed_symbol_no_fuzzy_merge
SCPL,2022-11-22,2026-08-21,714,,1,OBSERVED_SYMBOL_HISTORY_NOT_STITCHED,False,exact_observed_symbol_no_fuzzy_merge
SDBL,2020-06-16,2026-09-11,1459,,1,OBSERVED_SYMBOL_HISTORY_NOT_STITCHED,False,exact_observed_symbol_no_fuzzy_merge
SDL24BEES,2022-05-10,2024-09-25,587,,1,OBSERVED_SYMBOL_HISTORY_NOT_STITCHED,False,exact_observed_symbol_no_fuzzy_merge
SDL26BEES,2022-05-10,2026-04-27,974,,1,OBSERVED_SYMBOL_HISTORY_NOT_STITCHED,False,exact_observed_symbol_no_fuzzy_merge
SEAMECLTD,2020-01-01,2026-09-11,1549,,1,OBSERVED_SYMBOL_HISTORY_NOT_STITCHED,False,exact_observed_symbol_no_fuzzy_merge
SECMARK,2023-10-16,2026-09-11,501,,1,OBSERVED_SYMBOL_HISTORY_NOT_STITCHED,False,exact_observed_symbol_no_fuzzy_merge
SECURCRED,2022-10-17,2024-06-21,408,,0,OBSERVED_SYMBOL_HISTORY_NOT_STITCHED,False,exact_observed_symbol_no_fuzzy_merge
SECURKLOUD,2021-02-02,2026-09-11,1069,,1,OBSERVED_SYMBOL_HISTORY_NOT_STITCHED,False,exact_observed_symbol_no_fuzzy_merge
SEDEMAC,2026-03-11,2026-09-11,126,,1,OBSERVED_SYMBOL_HISTORY_NOT_STITCHED,False,exact_observed_symbol_no_fuzzy_merge
SEIL,2026-04-20,2026-09-11,102,,1,OBSERVED_SYMBOL_HISTORY_NOT_STITCHED,False,exact_observed_symbol_no_fuzzy_merge
SEJALLTD,2022-04-05,2026-09-11,227,,1,OBSERVED_SYMBOL_HISTORY_NOT_STITCHED,False,exact_observed_symbol_no_fuzzy_merge
SEKURITIND,2026-08-17,2026-09-11,20,,1,OBSERVED_SYMBOL_HISTORY_NOT_STITCHED,False,exact_observed_symbol_no_fuzzy_merge
SELAN,2020-01-01,2025-09-19,1419,ANTELOPUS,1,OBJECTIVE_SAME_ISIN_ALIAS_OBSERVED_NO_STITCH,True,exact_observed_symbol_no_fuzzy_merge
SELECTIPO,2025-03-17,2026-09-11,369,,1,OBSERVED_SYMBOL_HISTORY_NOT_STITCHED,False,exact_observed_symbol_no_fuzzy_merge
SELMC,2021-11-12,2026-09-09,500,,1,OBSERVED_SYMBOL_HISTORY_NOT_STITCHED,False,exact_observed_symbol_no_fuzzy_merge
SELMCL,2020-03-04,2020-03-26,16,,0,OBSERVED_SYMBOL_HISTORY_NOT_STITCHED,False,exact_observed_symbol_no_fuzzy_merge
SEMAC,2024-01-15,2026-09-11,258,,1,OBSERVED_SYMBOL_HISTORY_NOT_STITCHED,False,exact_observed_symbol_no_fuzzy_merge
SENCO,2023-07-14,2026-09-11,782,,2,MULTIPLE_ISIN_OBSERVED_NO_IDENTITY_INFERENCE,True,exact_observed_symbol_no_fuzzy_merge
SENORES,2024-12-30,2026-09-11,422,,1,OBSERVED_SYMBOL_HISTORY_NOT_STITCHED,False,exact_observed_symbol_no_fuzzy_merge
SENSEXADD,2024-02-15,2026-09-11,636,,1,OBSERVED_SYMBOL_HISTORY_NOT_STITCHED,False,exact_observed_symbol_no_fuzzy_merge
SENSEXAXIS,2026-07-03,2026-09-11,51,AXSENSEX,1,OBJECTIVE_SAME_ISIN_ALIAS_OBSERVED_NO_STITCH,True,exact_observed_symbol_no_fuzzy_merge
SENSEXBETA,2025-12-24,2026-09-11,177,UTISENSETF,1,OBJECTIVE_SAME_ISIN_ALIAS_OBSERVED_NO_STITCH,True,exact_observed_symbol_no_fuzzy_merge
SENSEXETF,2023-10-06,2026-09-11,725,,1,OBSERVED_SYMBOL_HISTORY_NOT_STITCHED,False,exact_observed_symbol_no_fuzzy_merge
SENSEXIETF,2023-12-20,2026-09-11,675,,1,OBSERVED_SYMBOL_HISTORY_NOT_STITCHED,False,exact_observed_symbol_no_fuzzy_merge
SEPC,2022-03-09,2026-09-11,1116,,1,OBSERVED_SYMBOL_HISTORY_NOT_STITCHED,False,exact_observed_symbol_no_fuzzy_merge
SEPOWER,2020-01-01,2023-06-14,597,,0,OBSERVED_SYMBOL_HISTORY_NOT_STITCHED,False,exact_observed_symbol_no_fuzzy_merge
SEQUENT,2020-01-01,2026-01-22,1446,VIYASH,1,OBJECTIVE_SAME_ISIN_ALIAS_OBSERVED_NO_STITCH,True,exact_observed_symbol_no_fuzzy_merge
SERVOTECH,2021-09-02,2026-09-11,884,,1,OBSERVED_SYMBOL_HISTORY_NOT_STITCHED,False,exact_observed_symbol_no_fuzzy_merge
SESHAPAPER,2020-01-01,2026-09-11,1660,,1,OBSERVED_SYMBOL_HISTORY_NOT_STITCHED,False,exact_observed_symbol_no_fuzzy_merge
SETCO,2020-01-01,2026-04-08,993,,1,OBSERVED_SYMBOL_HISTORY_NOT_STITCHED,False,exact_observed_symbol_no_fuzzy_merge
SETF10GILT,2020-01-02,2026-09-11,1652,,1,OBSERVED_SYMBOL_HISTORY_NOT_STITCHED,False,exact_observed_symbol_no_fuzzy_merge
SETFGOLD,2020-01-01,2026-09-11,1660,,1,OBSERVED_SYMBOL_HISTORY_NOT_STITCHED,False,exact_observed_symbol_no_fuzzy_merge
SETFNIF50,2020-01-01,2026-09-11,1660,,1,OBSERVED_SYMBOL_HISTORY_NOT_STITCHED,False,exact_observed_symbol_no_fuzzy_merge
SETFNIFBK,2020-01-01,2026-09-11,1660,,1,OBSERVED_SYMBOL_HISTORY_NOT_STITCHED,False,exact_observed_symbol_no_fuzzy_merge
SETFNN50,2020-01-01,2026-09-11,1660,,1,OBSERVED_SYMBOL_HISTORY_NOT_STITCHED,False,exact_observed_symbol_no_fuzzy_merge
SETL,2026-01-19,2026-09-11,161,SGLTL,1,OBJECTIVE_SAME_ISIN_ALIAS_OBSERVED_NO_STITCH,True,exact_observed_symbol_no_fuzzy_merge
SETUINFRA,2020-01-01,2022-11-16,336,,0,OBSERVED_SYMBOL_HISTORY_NOT_STITCHED,False,exact_observed_symbol_no_fuzzy_merge
SEYAIND,2020-01-01,2023-05-22,533,,0,OBSERVED_SYMBOL_HISTORY_NOT_STITCHED,False,exact_observed_symbol_no_fuzzy_merge
SFL,2020-01-01,2026-09-11,1660,,1,OBSERVED_SYMBOL_HISTORY_NOT_STITCHED,False,exact_observed_symbol_no_fuzzy_merge
SGFIN,2025-08-05,2026-09-11,273,,1,OBSERVED_SYMBOL_HISTORY_NOT_STITCHED,False,exact_observed_symbol_no_fuzzy_merge
SGIL,2021-07-28,2026-09-11,1105,,1,OBSERVED_SYMBOL_HISTORY_NOT_STITCHED,False,exact_observed_symbol_no_fuzzy_merge
SGL,2020-01-01,2026-09-11,1467,,1,OBSERVED_SYMBOL_HISTORY_NOT_STITCHED,False,exact_observed_symbol_no_fuzzy_merge
SGLRES,2026-08-17,2026-09-11,20,,1,OBSERVED_SYMBOL_HISTORY_NOT_STITCHED,False,exact_observed_symbol_no_fuzzy_merge
SGLTL,2025-01-13,2026-01-16,193,SETL,1,OBJECTIVE_SAME_ISIN_ALIAS_OBSERVED_NO_STITCH,True,exact_observed_symbol_no_fuzzy_merge
SGMART,2025-09-12,2026-09-11,247,,1,OBSERVED_SYMBOL_HISTORY_NOT_STITCHED,False,exact_observed_symbol_no_fuzzy_merge
SGRL,2026-08-17,2026-09-11,20,,1,OBSERVED_SYMBOL_HISTORY_NOT_STITCHED,False,exact_observed_symbol_no_fuzzy_merge
SHADOWFAX,2026-01-28,2026-09-11,155,,1,OBSERVED_SYMBOL_HISTORY_NOT_STITCHED,False,exact_observed_symbol_no_fuzzy_merge
SHAH,2023-07-03,2026-09-11,570,,1,OBSERVED_SYMBOL_HISTORY_NOT_STITCHED,False,exact_observed_symbol_no_fuzzy_merge
SHAHALLOYS,2020-01-01,2026-09-02,1113,,1,OBSERVED_SYMBOL_HISTORY_NOT_STITCHED,False,exact_observed_symbol_no_fuzzy_merge
SHAILY,2022-04-04,2026-09-11,1041,,1,OBSERVED_SYMBOL_HISTORY_NOT_STITCHED,False,exact_observed_symbol_no_fuzzy_merge
SHAKTIPUMP,2020-01-01,2026-09-11,1296,,1,OBSERVED_SYMBOL_HISTORY_NOT_STITCHED,False,exact_observed_symbol_no_fuzzy_merge
SHALBY,2020-01-01,2026-09-11,1660,,1,OBSERVED_SYMBOL_HISTORY_NOT_STITCHED,False,exact_observed_symbol_no_fuzzy_merge
SHALPAINTS,2020-01-01,2026-08-05,1633,,1,OBSERVED_SYMBOL_HISTORY_NOT_STITCHED,False,exact_observed_symbol_no_fuzzy_merge
SHANKARA,2020-01-01,2026-09-11,1577,,1,OBSERVED_SYMBOL_HISTORY_NOT_STITCHED,False,exact_observed_symbol_no_fuzzy_merge
SHANKESH,2026-08-25,2026-09-11,14,,1,OBSERVED_SYMBOL_HISTORY_NOT_STITCHED,False,exact_observed_symbol_no_fuzzy_merge
SHANTI,2021-09-16,2026-09-11,868,,1,OBSERVED_SYMBOL_HISTORY_NOT_STITCHED,False,exact_observed_symbol_no_fuzzy_merge
SHANTIGEAR,2020-01-01,2026-09-11,1660,,1,OBSERVED_SYMBOL_HISTORY_NOT_STITCHED,False,exact_observed_symbol_no_fuzzy_merge
SHANTIGOLD,2025-08-01,2026-09-11,275,,1,OBSERVED_SYMBOL_HISTORY_NOT_STITCHED,False,exact_observed_symbol_no_fuzzy_merge
SHARDACROP,2020-01-01,2026-09-11,1660,,1,OBSERVED_SYMBOL_HISTORY_NOT_STITCHED,False,exact_observed_symbol_no_fuzzy_merge
SHARDAMOTR,2020-01-01,2026-09-11,1586,,1,OBSERVED_SYMBOL_HISTORY_NOT_STITCHED,False,exact_observed_symbol_no_fuzzy_merge
SHARDUL,2026-04-20,2026-07-16,61,,1,OBSERVED_SYMBOL_HISTORY_NOT_STITCHED,False,exact_observed_symbol_no_fuzzy_merge
SHAREINDIA,2020-09-21,2026-09-11,1480,,1,OBSERVED_SYMBOL_HISTORY_NOT_STITCHED,False,exact_observed_symbol_no_fuzzy_merge
SHARIABEES,2020-01-01,2026-09-11,1654,,1,OBSERVED_SYMBOL_HISTORY_NOT_STITCHED,False,exact_observed_symbol_no_fuzzy_merge
SHBAJRG,2026-04-20,2026-09-11,102,,1,OBSERVED_SYMBOL_HISTORY_NOT_STITCHED,False,exact_observed_symbol_no_fuzzy_merge
SHEKHAWATI,2025-08-11,2026-08-14,187,,1,OBSERVED_SYMBOL_HISTORY_NOT_STITCHED,False,exact_observed_symbol_no_fuzzy_merge
SHEMAROO,2020-01-01,2026-06-23,1272,,1,OBSERVED_SYMBOL_HISTORY_NOT_STITCHED,False,exact_observed_symbol_no_fuzzy_merge
SHERVANI,2026-08-17,2026-09-11,19,,1,OBSERVED_SYMBOL_HISTORY_NOT_STITCHED,False,exact_observed_symbol_no_fuzzy_merge
SHIL,2020-01-09,2022-06-20,494,,0,OBSERVED_SYMBOL_HISTORY_NOT_STITCHED,False,exact_observed_symbol_no_fuzzy_merge
SHILCTECH,2025-11-24,2026-09-11,199,,1,OBSERVED_SYMBOL_HISTORY_NOT_STITCHED,False,exact_observed_symbol_no_fuzzy_merge
SHILGRAVQ,2026-08-17,2026-09-11,20,,1,OBSERVED_SYMBOL_HISTORY_NOT_STITCHED,False,exact_observed_symbol_no_fuzzy_merge
SHILPAMED,2020-01-01,2026-09-11,1602,,1,OBSERVED_SYMBOL_HISTORY_NOT_STITCHED,False,exact_observed_symbol_no_fuzzy_merge
SHINDL,2026-04-20,2026-09-11,102,,1,OBSERVED_SYMBOL_HISTORY_NOT_STITCHED,False,exact_observed_symbol_no_fuzzy_merge
SHIPROCKET,2026-08-19,2026-09-11,18,,1,OBSERVED_SYMBOL_HISTORY_NOT_STITCHED,False,exact_observed_symbol_no_fuzzy_merge
SHIRPUR-G,2020-01-01,2020-11-23,192,,0,OBSERVED_SYMBOL_HISTORY_NOT_STITCHED,False,exact_observed_symbol_no_fuzzy_merge
SHIVAAGRO,2026-08-17,2026-09-11,20,,1,OBSERVED_SYMBOL_HISTORY_NOT_STITCHED,False,exact_observed_symbol_no_fuzzy_merge
SHIVACEM,2026-08-17,2026-09-11,20,,1,OBSERVED_SYMBOL_HISTORY_NOT_STITCHED,False,exact_observed_symbol_no_fuzzy_merge
SHIVALIK,2021-12-09,2026-09-11,1111,,1,OBSERVED_SYMBOL_HISTORY_NOT_STITCHED,False,exact_observed_symbol_no_fuzzy_merge
SHIVAMAUTO,2020-01-01,2026-09-11,1299,,1,OBSERVED_SYMBOL_HISTORY_NOT_STITCHED,False,exact_observed_symbol_no_fuzzy_merge
SHIVAMILLS,2020-01-01,2026-09-11,1464,,1,OBSERVED_SYMBOL_HISTORY_NOT_STITCHED,False,exact_observed_symbol_no_fuzzy_merge
SHIVATEX,2020-01-01,2026-09-11,1581,,1,OBSERVED_SYMBOL_HISTORY_NOT_STITCHED,False,exact_observed_symbol_no_fuzzy_merge
SHIVAUM,2025-11-14,2026-09-11,161,,1,OBSERVED_SYMBOL_HISTORY_NOT_STITCHED,False,exact_observed_symbol_no_fuzzy_merge
SHK,2020-01-01,2026-09-11,1660,,1,OBSERVED_SYMBOL_HISTORY_NOT_STITCHED,False,exact_observed_symbol_no_fuzzy_merge
SHOPERSTOP,2020-01-01,2026-09-11,1660,,1,OBSERVED_SYMBOL_HISTORY_NOT_STITCHED,False,exact_observed_symbol_no_fuzzy_merge
SHRADDHA,2026-08-17,2026-09-11,20,,1,OBSERVED_SYMBOL_HISTORY_NOT_STITCHED,False,exact_observed_symbol_no_fuzzy_merge
SHRADHA,2020-10-22,2026-09-11,1010,,1,OBSERVED_SYMBOL_HISTORY_NOT_STITCHED,False,exact_observed_symbol_no_fuzzy_merge
SHREDIGCEM,2020-01-01,2026-09-11,1660,,1,OBSERVED_SYMBOL_HISTORY_NOT_STITCHED,False,exact_observed_symbol_no_fuzzy_merge
SHREECEM,2020-01-01,2026-09-11,1660,,1,OBSERVED_SYMBOL_HISTORY_NOT_STITCHED,False,exact_observed_symbol_no_fuzzy_merge
SHREEJISPG,2025-08-26,2026-09-11,259,,1,OBSERVED_SYMBOL_HISTORY_NOT_STITCHED,False,exact_observed_symbol_no_fuzzy_merge
SHREEPUSHK,2020-01-01,2026-09-11,1597,,1,OBSERVED_SYMBOL_HISTORY_NOT_STITCHED,False,exact_observed_symbol_no_fuzzy_merge
SHREERAMA,2020-01-01,2026-09-11,1062,,1,OBSERVED_SYMBOL_HISTORY_NOT_STITCHED,False,exact_observed_symbol_no_fuzzy_merge
SHRENIK,2020-01-01,2026-01-01,1166,,1,OBSERVED_SYMBOL_HISTORY_NOT_STITCHED,False,exact_observed_symbol_no_fuzzy_merge
SHREYANIND,2020-01-01,2026-09-11,1450,,1,OBSERVED_SYMBOL_HISTORY_NOT_STITCHED,False,exact_observed_symbol_no_fuzzy_merge
SHREYAS,2020-01-01,2024-10-22,1134,TRANSWORLD,1,OBJECTIVE_SAME_ISIN_ALIAS_OBSERVED_NO_STITCH,True,exact_observed_symbol_no_fuzzy_merge
SHRIKRISH,2026-04-20,2026-09-11,97,,1,OBSERVED_SYMBOL_HISTORY_NOT_STITCHED,False,exact_observed_symbol_no_fuzzy_merge
SHRINGARMS,2025-09-17,2026-09-11,244,,1,OBSERVED_SYMBOL_HISTORY_NOT_STITCHED,False,exact_observed_symbol_no_fuzzy_merge
SHRIPISTON,2023-05-22,2026-09-11,759,,1,OBSERVED_SYMBOL_HISTORY_NOT_STITCHED,False,exact_observed_symbol_no_fuzzy_merge
SHRIRAMCIT,2020-01-01,2022-11-28,723,,0,OBSERVED_SYMBOL_HISTORY_NOT_STITCHED,False,exact_observed_symbol_no_fuzzy_merge
SHRIRAMEPC,2020-01-01,2022-03-08,544,,0,OBSERVED_SYMBOL_HISTORY_NOT_STITCHED,False,exact_observed_symbol_no_fuzzy_merge
SHRIRAMFIN,2022-12-20,2026-09-11,922,,2,MULTIPLE_ISIN_OBSERVED_NO_IDENTITY_INFERENCE,True,exact_observed_symbol_no_fuzzy_merge
SHRIRAMPPS,2021-12-20,2026-09-11,1171,,1,OBSERVED_SYMBOL_HISTORY_NOT_STITCHED,False,exact_observed_symbol_no_fuzzy_merge
SHRJAGP,2026-08-17,2026-09-11,20,,1,OBSERVED_SYMBOL_HISTORY_NOT_STITCHED,False,exact_observed_symbol_no_fuzzy_merge
SHUKRAPHAR,2026-08-14,2026-09-11,21,,1,OBSERVED_SYMBOL_HISTORY_NOT_STITCHED,False,exact_observed_symbol_no_fuzzy_merge
SHYAMCENT,2020-01-01,2026-07-02,1252,,1,OBSERVED_SYMBOL_HISTORY_NOT_STITCHED,False,exact_observed_symbol_no_fuzzy_merge
SHYAMMETL,2021-06-24,2026-09-11,1292,,1,OBSERVED_SYMBOL_HISTORY_NOT_STITCHED,False,exact_observed_symbol_no_fuzzy_merge
SHYAMTEL,2020-03-05,2026-09-11,601,,1,OBSERVED_SYMBOL_HISTORY_NOT_STITCHED,False,exact_observed_symbol_no_fuzzy_merge
SICAGEN,2020-01-01,2026-09-11,437,,1,OBSERVED_SYMBOL_HISTORY_NOT_STITCHED,False,exact_observed_symbol_no_fuzzy_merge
SICAL,2020-01-01,2022-12-28,461,,0,OBSERVED_SYMBOL_HISTORY_NOT_STITCHED,False,exact_observed_symbol_no_fuzzy_merge
SICALLOG,2023-10-27,2026-07-31,25,,1,OBSERVED_SYMBOL_HISTORY_NOT_STITCHED,False,exact_observed_symbol_no_fuzzy_merge
SIEL,2026-08-17,2026-09-11,20,,1,OBSERVED_SYMBOL_HISTORY_NOT_STITCHED,False,exact_observed_symbol_no_fuzzy_merge
SIEMENS,2020-01-01,2026-09-11,1660,,1,OBSERVED_SYMBOL_HISTORY_NOT_STITCHED,False,exact_observed_symbol_no_fuzzy_merge
SIGACHI,2021-11-30,2026-09-11,1109,,1,OBSERVED_SYMBOL_HISTORY_NOT_STITCHED,False,exact_observed_symbol_no_fuzzy_merge
SIGIND,2020-01-01,2026-08-24,1448,,1,OBSERVED_SYMBOL_HISTORY_NOT_STITCHED,False,exact_observed_symbol_no_fuzzy_merge
SIGMA,2023-06-09,2026-09-11,650,,2,MULTIPLE_ISIN_OBSERVED_NO_IDENTITY_INFERENCE,True,exact_observed_symbol_no_fuzzy_merge
SIGMAADV,2026-02-09,2026-08-27,66,MEGASOFT,1,OBJECTIVE_SAME_ISIN_ALIAS_OBSERVED_NO_STITCH,True,exact_observed_symbol_no_fuzzy_merge
SIGNATURE,2023-09-27,2026-09-11,731,,1,OBSERVED_SYMBOL_HISTORY_NOT_STITCHED,False,exact_observed_symbol_no_fuzzy_merge
SIGNPOST,2024-02-28,2026-09-11,569,,1,OBSERVED_SYMBOL_HISTORY_NOT_STITCHED,False,exact_observed_symbol_no_fuzzy_merge
SIKA,2026-04-20,2026-09-11,102,,1,OBSERVED_SYMBOL_HISTORY_NOT_STITCHED,False,exact_observed_symbol_no_fuzzy_merge
SIKKO,2021-10-22,2026-08-10,854,,2,MULTIPLE_ISIN_OBSERVED_NO_IDENTITY_INFERENCE,True,exact_observed_symbol_no_fuzzy_merge
SIL,2024-03-11,2026-09-11,555,,1,OBSERVED_SYMBOL_HISTORY_NOT_STITCHED,False,exact_observed_symbol_no_fuzzy_merge
SILGO,2021-03-03,2026-09-11,1113,,1,OBSERVED_SYMBOL_HISTORY_NOT_STITCHED,False,exact_observed_symbol_no_fuzzy_merge
SILINV,2020-01-01,2026-09-11,1527,,1,OBSERVED_SYMBOL_HISTORY_NOT_STITCHED,False,exact_observed_symbol_no_fuzzy_merge
SILLYMONKS,2020-07-08,2026-09-09,1091,CRESTO,1,OBJECTIVE_SAME_ISIN_ALIAS_OBSERVED_NO_STITCH,True,exact_observed_symbol_no_fuzzy_merge
SILVER,2022-02-03,2026-09-11,1139,,1,OBSERVED_SYMBOL_HISTORY_NOT_STITCHED,False,exact_observed_symbol_no_fuzzy_merge
SILVER001,2026-08-25,2026-09-11,14,,1,OBSERVED_SYMBOL_HISTORY_NOT_STITCHED,False,exact_observed_symbol_no_fuzzy_merge
SILVER1,2024-04-16,2026-09-11,597,,2,MULTIPLE_ISIN_OBSERVED_NO_IDENTITY_INFERENCE,True,exact_observed_symbol_no_fuzzy_merge
SILVER360,2025-04-04,2026-09-11,356,,1,OBSERVED_SYMBOL_HISTORY_NOT_STITCHED,False,exact_observed_symbol_no_fuzzy_merge
SILVERADD,2024-02-15,2026-09-11,636,,2,MULTIPLE_ISIN_OBSERVED_NO_IDENTITY_INFERENCE,True,exact_observed_symbol_no_fuzzy_merge
SILVERAG,2025-09-15,2026-09-11,246,SILVRETF,1,OBJECTIVE_SAME_ISIN_ALIAS_OBSERVED_NO_STITCH,True,exact_observed_symbol_no_fuzzy_merge
SILVERAXIS,2026-07-03,2026-09-11,51,AXISILVER,1,OBJECTIVE_SAME_ISIN_ALIAS_OBSERVED_NO_STITCH,True,exact_observed_symbol_no_fuzzy_merge
SILVERBEES,2022-05-10,2026-09-11,1076,,1,OBSERVED_SYMBOL_HISTORY_NOT_STITCHED,False,exact_observed_symbol_no_fuzzy_merge
SILVERBETA,2025-12-24,2026-09-11,177,SILVERETF,1,OBJECTIVE_SAME_ISIN_ALIAS_OBSERVED_NO_STITCH,True,exact_observed_symbol_no_fuzzy_merge
SILVERBND,2025-12-12,2026-09-11,185,,1,OBSERVED_SYMBOL_HISTORY_NOT_STITCHED,False,exact_observed_symbol_no_fuzzy_merge
SILVERCASE,2025-03-26,2026-09-11,362,,1,OBSERVED_SYMBOL_HISTORY_NOT_STITCHED,False,exact_observed_symbol_no_fuzzy_merge
SILVERETF,2023-04-20,2025-12-23,664,SILVERBETA,1,OBJECTIVE_SAME_ISIN_ALIAS_OBSERVED_NO_STITCH,True,exact_observed_symbol_no_fuzzy_merge
SILVERIETF,2023-12-20,2026-09-11,675,,1,OBSERVED_SYMBOL_HISTORY_NOT_STITCHED,False,exact_observed_symbol_no_fuzzy_merge
SILVERTUC,2022-05-12,2026-09-11,1017,,2,MULTIPLE_ISIN_OBSERVED_NO_IDENTITY_INFERENCE,True,exact_observed_symbol_no_fuzzy_merge
SILVRETF,2023-09-01,2025-09-12,502,SILVERAG,1,OBJECTIVE_SAME_ISIN_ALIAS_OBSERVED_NO_STITCH,True,exact_observed_symbol_no_fuzzy_merge
SIMBHALS,2020-01-01,2024-06-26,937,,0,OBSERVED_SYMBOL_HISTORY_NOT_STITCHED,False,exact_observed_symbol_no_fuzzy_merge
SIMPLEXINF,2020-01-01,2026-09-11,1282,,1,OBSERVED_SYMBOL_HISTORY_NOT_STITCHED,False,exact_observed_symbol_no_fuzzy_merge
SIMPLXREA,2026-08-17,2026-09-11,18,,1,OBSERVED_SYMBOL_HISTORY_NOT_STITCHED,False,exact_observed_symbol_no_fuzzy_merge
SINCLAIR,2024-04-10,2026-09-11,600,,1,OBSERVED_SYMBOL_HISTORY_NOT_STITCHED,False,exact_observed_symbol_no_fuzzy_merge
SINDHUTRAD,2023-06-20,2026-09-11,743,,1,OBSERVED_SYMBOL_HISTORY_NOT_STITCHED,False,exact_observed_symbol_no_fuzzy_merge
SINGERIND,2026-03-19,2026-09-11,120,,1,OBSERVED_SYMBOL_HISTORY_NOT_STITCHED,False,exact_observed_symbol_no_fuzzy_merge
SINTERCOM,2020-10-07,2026-09-11,1406,,1,OBSERVED_SYMBOL_HISTORY_NOT_STITCHED,False,exact_observed_symbol_no_fuzzy_merge
SINTEX,2020-03-04,2022-03-21,247,,0,OBSERVED_SYMBOL_HISTORY_NOT_STITCHED,False,exact_observed_symbol_no_fuzzy_merge
SIRCA,2020-03-04,2026-09-11,1561,,1,OBSERVED_SYMBOL_HISTORY_NOT_STITCHED,False,exact_observed_symbol_no_fuzzy_merge
SIS,2020-01-01,2026-09-11,1660,,1,OBSERVED_SYMBOL_HISTORY_NOT_STITCHED,False,exact_observed_symbol_no_fuzzy_merge
SITINET,2020-03-04,2023-06-06,480,,0,OBSERVED_SYMBOL_HISTORY_NOT_STITCHED,False,exact_observed_symbol_no_fuzzy_merge
SIYSIL,2020-01-01,2026-09-11,1660,,1,OBSERVED_SYMBOL_HISTORY_NOT_STITCHED,False,exact_observed_symbol_no_fuzzy_merge
SJS,2021-11-15,2026-09-11,1195,,1,OBSERVED_SYMBOL_HISTORY_NOT_STITCHED,False,exact_observed_symbol_no_fuzzy_merge
SJVN,2020-01-01,2026-09-11,1660,,1,OBSERVED_SYMBOL_HISTORY_NOT_STITCHED,False,exact_observed_symbol_no_fuzzy_merge
SKFINDIA,2020-01-01,2026-09-11,1649,,1,OBSERVED_SYMBOL_HISTORY_NOT_STITCHED,False,exact_observed_symbol_no_fuzzy_merge
SKFINDUS,2025-12-19,2026-09-11,180,,1,OBSERVED_SYMBOL_HISTORY_NOT_STITCHED,False,exact_observed_symbol_no_fuzzy_merge
SKIL,2020-03-04,2021-11-18,263,,0,OBSERVED_SYMBOL_HISTORY_NOT_STITCHED,False,exact_observed_symbol_no_fuzzy_merge
SKIPPER,2020-01-01,2026-09-11,1660,,1,OBSERVED_SYMBOL_HISTORY_NOT_STITCHED,False,exact_observed_symbol_no_fuzzy_merge
SKMEGGPROD,2020-01-01,2026-09-11,1508,,2,MULTIPLE_ISIN_OBSERVED_NO_IDENTITY_INFERENCE,True,exact_observed_symbol_no_fuzzy_merge
SKYGOLD,2023-01-06,2026-09-11,518,,1,OBSERVED_SYMBOL_HISTORY_NOT_STITCHED,False,exact_observed_symbol_no_fuzzy_merge
SKYWAYS,2026-09-01,2026-09-11,9,,1,OBSERVED_SYMBOL_HISTORY_NOT_STITCHED,False,exact_observed_symbol_no_fuzzy_merge
SMALL250,2025-11-13,2026-09-11,206,,1,OBSERVED_SYMBOL_HISTORY_NOT_STITCHED,False,exact_observed_symbol_no_fuzzy_merge
SMALLADD,2025-12-18,2026-09-11,181,,1,OBSERVED_SYMBOL_HISTORY_NOT_STITCHED,False,exact_observed_symbol_no_fuzzy_merge
SMALLCAP,2024-02-29,2026-09-11,626,,1,OBSERVED_SYMBOL_HISTORY_NOT_STITCHED,False,exact_observed_symbol_no_fuzzy_merge
SMALLGROWW,2026-06-18,2026-09-11,61,,1,OBSERVED_SYMBOL_HISTORY_NOT_STITCHED,False,exact_observed_symbol_no_fuzzy_merge
SMALLIETF,2026-06-24,2026-09-11,57,,1,OBSERVED_SYMBOL_HISTORY_NOT_STITCHED,False,exact_observed_symbol_no_fuzzy_merge
SMARTLINK,2020-01-01,2026-05-18,1377,,1,OBSERVED_SYMBOL_HISTORY_NOT_STITCHED,False,exact_observed_symbol_no_fuzzy_merge
SMARTWORKS,2025-07-17,2026-09-11,286,,1,OBSERVED_SYMBOL_HISTORY_NOT_STITCHED,False,exact_observed_symbol_no_fuzzy_merge
SMCGLOBAL,2021-03-10,2026-09-11,1362,,1,OBSERVED_SYMBOL_HISTORY_NOT_STITCHED,False,exact_observed_symbol_no_fuzzy_merge
SML100CASE,2025-09-12,2026-09-11,247,,1,OBSERVED_SYMBOL_HISTORY_NOT_STITCHED,False,exact_observed_symbol_no_fuzzy_merge
SMLISUZU,2020-01-01,2025-11-07,1451,SMLMAH,1,OBJECTIVE_SAME_ISIN_ALIAS_OBSERVED_NO_STITCH,True,exact_observed_symbol_no_fuzzy_merge
SMLMAH,2025-11-10,2026-09-11,209,SMLISUZU,1,OBJECTIVE_SAME_ISIN_ALIAS_OBSERVED_NO_STITCH,True,exact_observed_symbol_no_fuzzy_merge
SMLT,2021-11-25,2026-09-11,1062,,1,OBSERVED_SYMBOL_HISTORY_NOT_STITCHED,False,exact_observed_symbol_no_fuzzy_merge
SMSLIFE,2020-01-01,2025-11-25,1326,HALEOSLABS,1,OBJECTIVE_SAME_ISIN_ALIAS_OBSERVED_NO_STITCH,True,exact_observed_symbol_no_fuzzy_merge
SMSPHARMA,2020-01-01,2026-09-11,1660,,1,OBSERVED_SYMBOL_HISTORY_NOT_STITCHED,False,exact_observed_symbol_no_fuzzy_merge
SNOWMAN,2020-01-01,2026-09-11,1660,,1,OBSERVED_SYMBOL_HISTORY_NOT_STITCHED,False,exact_observed_symbol_no_fuzzy_merge
SNXT30BEES,2025-06-13,2026-09-11,310,,1,OBSERVED_SYMBOL_HISTORY_NOT_STITCHED,False,exact_observed_symbol_no_fuzzy_merge
SNXT50BETA,2025-12-24,2026-09-11,177,UTISXN50,1,OBJECTIVE_SAME_ISIN_ALIAS_OBSERVED_NO_STITCH,True,exact_observed_symbol_no_fuzzy_merge
SOBHA,2020-01-01,2026-09-11,1660,,1,OBSERVED_SYMBOL_HISTORY_NOT_STITCHED,False,exact_observed_symbol_no_fuzzy_merge
SOFTTECH,2022-02-25,2026-09-11,759,,1,OBSERVED_SYMBOL_HISTORY_NOT_STITCHED,False,exact_observed_symbol_no_fuzzy_merge
SOLARA,2020-01-01,2026-09-11,1603,,1,OBSERVED_SYMBOL_HISTORY_NOT_STITCHED,False,exact_observed_symbol_no_fuzzy_merge
SOLARINDS,2020-01-01,2026-09-11,1660,,1,OBSERVED_SYMBOL_HISTORY_NOT_STITCHED,False,exact_observed_symbol_no_fuzzy_merge
SOLARWORLD,2025-09-30,2026-09-11,235,,1,OBSERVED_SYMBOL_HISTORY_NOT_STITCHED,False,exact_observed_symbol_no_fuzzy_merge
SOLEX,2025-10-08,2026-09-11,230,,1,OBSERVED_SYMBOL_HISTORY_NOT_STITCHED,False,exact_observed_symbol_no_fuzzy_merge
SOMANYCERA,2020-01-01,2026-09-11,1592,,1,OBSERVED_SYMBOL_HISTORY_NOT_STITCHED,False,exact_observed_symbol_no_fuzzy_merge
SOMATEX,2020-01-01,2026-09-11,744,,1,OBSERVED_SYMBOL_HISTORY_NOT_STITCHED,False,exact_observed_symbol_no_fuzzy_merge
SOMICONVEY,2020-01-01,2026-09-11,1189,,1,OBSERVED_SYMBOL_HISTORY_NOT_STITCHED,False,exact_observed_symbol_no_fuzzy_merge
SONACOMS,2021-06-24,2026-09-11,1292,,1,OBSERVED_SYMBOL_HISTORY_NOT_STITCHED,False,exact_observed_symbol_no_fuzzy_merge
SONAL,2026-04-21,2026-09-11,71,,1,OBSERVED_SYMBOL_HISTORY_NOT_STITCHED,False,exact_observed_symbol_no_fuzzy_merge
SONAMCLOCK,2022-04-07,2023-10-25,384,,0,OBSERVED_SYMBOL_HISTORY_NOT_STITCHED,False,exact_observed_symbol_no_fuzzy_merge
SONAMLTD,2024-01-29,2026-09-02,555,,1,OBSERVED_SYMBOL_HISTORY_NOT_STITCHED,False,exact_observed_symbol_no_fuzzy_merge
SONATSOFTW,2020-01-01,2026-09-11,1660,,1,OBSERVED_SYMBOL_HISTORY_NOT_STITCHED,False,exact_observed_symbol_no_fuzzy_merge
SORILINFRA,2020-01-01,2022-08-17,654,,0,OBSERVED_SYMBOL_HISTORY_NOT_STITCHED,False,exact_observed_symbol_no_fuzzy_merge
SOTL,2020-01-01,2026-09-11,1660,,1,OBSERVED_SYMBOL_HISTORY_NOT_STITCHED,False,exact_observed_symbol_no_fuzzy_merge
SOUTHBANK,2020-01-01,2026-09-11,1660,,1,OBSERVED_SYMBOL_HISTORY_NOT_STITCHED,False,exact_observed_symbol_no_fuzzy_merge
SOUTHWEST,2020-01-01,2026-09-11,1276,,1,OBSERVED_SYMBOL_HISTORY_NOT_STITCHED,False,exact_observed_symbol_no_fuzzy_merge
SPAL,2020-01-01,2026-09-11,1660,,1,OBSERVED_SYMBOL_HISTORY_NOT_STITCHED,False,exact_observed_symbol_no_fuzzy_merge
SPANDANA,2020-01-01,2026-09-11,1603,,1,OBSERVED_SYMBOL_HISTORY_NOT_STITCHED,False,exact_observed_symbol_no_fuzzy_merge
SPARC,2020-01-01,2026-09-11,1606,,1,OBSERVED_SYMBOL_HISTORY_NOT_STITCHED,False,exact_observed_symbol_no_fuzzy_merge
SPCENET,2020-03-04,2026-09-11,721,,1,OBSERVED_SYMBOL_HISTORY_NOT_STITCHED,False,exact_observed_symbol_no_fuzzy_merge
SPECIALITY,2020-01-01,2026-08-13,1639,,1,OBSERVED_SYMBOL_HISTORY_NOT_STITCHED,False,exact_observed_symbol_no_fuzzy_merge
SPECTRUM,2025-03-28,2026-08-10,336,,1,OBSERVED_SYMBOL_HISTORY_NOT_STITCHED,False,exact_observed_symbol_no_fuzzy_merge
SPELS,2026-08-17,2026-09-09,18,,1,OBSERVED_SYMBOL_HISTORY_NOT_STITCHED,False,exact_observed_symbol_no_fuzzy_merge
SPENCERS,2020-01-01,2026-09-11,1660,,1,OBSERVED_SYMBOL_HISTORY_NOT_STITCHED,False,exact_observed_symbol_no_fuzzy_merge
SPIC,2020-01-01,2026-09-11,1660,,1,OBSERVED_SYMBOL_HISTORY_NOT_STITCHED,False,exact_observed_symbol_no_fuzzy_merge
SPICEJET,2020-01-01,2023-04-28,826,,0,OBSERVED_SYMBOL_HISTORY_NOT_STITCHED,False,exact_observed_symbol_no_fuzzy_merge
SPLIL,2020-01-01,2026-09-11,1568,,1,OBSERVED_SYMBOL_HISTORY_NOT_STITCHED,False,exact_observed_symbol_no_fuzzy_merge
SPLPETRO,2022-06-07,2026-09-11,1056,,1,OBSERVED_SYMBOL_HISTORY_NOT_STITCHED,False,exact_observed_symbol_no_fuzzy_merge
SPMLINFRA,2020-01-01,2026-09-11,1077,,1,OBSERVED_SYMBOL_HISTORY_NOT_STITCHED,False,exact_observed_symbol_no_fuzzy_merge
SPORTKING,2022-08-24,2026-09-11,1002,,2,MULTIPLE_ISIN_OBSERVED_NO_IDENTITY_INFERENCE,True,exact_observed_symbol_no_fuzzy_merge
SPTL,2020-03-04,2023-03-02,484,,0,OBSERVED_SYMBOL_HISTORY_NOT_STITCHED,False,exact_observed_symbol_no_fuzzy_merge
SPYL,2020-11-10,2023-11-20,61,,0,OBSERVED_SYMBOL_HISTORY_NOT_STITCHED,False,exact_observed_symbol_no_fuzzy_merge
SRD,2024-10-09,2026-09-11,352,,1,OBSERVED_SYMBOL_HISTORY_NOT_STITCHED,False,exact_observed_symbol_no_fuzzy_merge
SREEL,2020-01-01,2026-09-11,1660,,1,OBSERVED_SYMBOL_HISTORY_NOT_STITCHED,False,exact_observed_symbol_no_fuzzy_merge
SREINFRA,2020-01-01,2022-05-24,506,,0,OBSERVED_SYMBOL_HISTORY_NOT_STITCHED,False,exact_observed_symbol_no_fuzzy_merge
SRF,2020-01-01,2026-09-11,1660,,1,OBSERVED_SYMBOL_HISTORY_NOT_STITCHED,False,exact_observed_symbol_no_fuzzy_merge
SRGHFL,2023-08-21,2026-09-11,756,,1,OBSERVED_SYMBOL_HISTORY_NOT_STITCHED,False,exact_observed_symbol_no_fuzzy_merge
SRHHYPOLTD,2020-01-01,2026-09-11,1660,,1,OBSERVED_SYMBOL_HISTORY_NOT_STITCHED,False,exact_observed_symbol_no_fuzzy_merge
SRIKPRIND,2026-08-18,2026-09-07,15,,1,OBSERVED_SYMBOL_HISTORY_NOT_STITCHED,False,exact_observed_symbol_no_fuzzy_merge
SRIPIPES,2020-01-01,2022-01-12,507,,0,OBSERVED_SYMBOL_HISTORY_NOT_STITCHED,False,exact_observed_symbol_no_fuzzy_merge
SRM,2024-04-19,2026-09-11,466,,1,OBSERVED_SYMBOL_HISTORY_NOT_STITCHED,False,exact_observed_symbol_no_fuzzy_merge
SRPL,2020-09-23,2024-10-22,454,,1,OBSERVED_SYMBOL_HISTORY_NOT_STITCHED,False,exact_observed_symbol_no_fuzzy_merge
SRTL,2026-03-17,2026-09-11,122,,1,OBSERVED_SYMBOL_HISTORY_NOT_STITCHED,False,exact_observed_symbol_no_fuzzy_merge
SRTRANSFIN,2020-01-01,2022-12-19,738,,0,OBSERVED_SYMBOL_HISTORY_NOT_STITCHED,False,exact_observed_symbol_no_fuzzy_merge
SSDL,2024-09-03,2026-09-11,502,,1,OBSERVED_SYMBOL_HISTORY_NOT_STITCHED,False,exact_observed_symbol_no_fuzzy_merge
SSWL,2020-01-01,2026-09-11,1600,,1,OBSERVED_SYMBOL_HISTORY_NOT_STITCHED,False,exact_observed_symbol_no_fuzzy_merge
STALLION,2025-02-05,2026-08-10,247,,1,OBSERVED_SYMBOL_HISTORY_NOT_STITCHED,False,exact_observed_symbol_no_fuzzy_merge
STAMPEDE,2020-01-01,2020-04-13,46,,0,OBSERVED_SYMBOL_HISTORY_NOT_STITCHED,False,exact_observed_symbol_no_fuzzy_merge
STANLEY,2024-06-28,2026-09-11,547,,1,OBSERVED_SYMBOL_HISTORY_NOT_STITCHED,False,exact_observed_symbol_no_fuzzy_merge
STAR,2020-01-01,2026-09-11,1650,,1,OBSERVED_SYMBOL_HISTORY_NOT_STITCHED,False,exact_observed_symbol_no_fuzzy_merge
STARCEMENT,2020-01-01,2026-09-11,1660,,1,OBSERVED_SYMBOL_HISTORY_NOT_STITCHED,False,exact_observed_symbol_no_fuzzy_merge
STARHEALTH,2021-12-10,2026-09-11,1177,,1,OBSERVED_SYMBOL_HISTORY_NOT_STITCHED,False,exact_observed_symbol_no_fuzzy_merge
STARPAPER,2020-01-01,2026-09-11,1660,,1,OBSERVED_SYMBOL_HISTORY_NOT_STITCHED,False,exact_observed_symbol_no_fuzzy_merge
STARTECK,2022-05-04,2026-09-11,843,,1,OBSERVED_SYMBOL_HISTORY_NOT_STITCHED,False,exact_observed_symbol_no_fuzzy_merge
STCINDIA,2020-01-01,2026-09-11,1574,,1,OBSERVED_SYMBOL_HISTORY_NOT_STITCHED,False,exact_observed_symbol_no_fuzzy_merge
STEELCAS,2021-11-23,2026-09-11,1190,,2,MULTIPLE_ISIN_OBSERVED_NO_IDENTITY_INFERENCE,True,exact_observed_symbol_no_fuzzy_merge
STEELCITY,2020-01-01,2026-09-11,1660,,1,OBSERVED_SYMBOL_HISTORY_NOT_STITCHED,False,exact_observed_symbol_no_fuzzy_merge
STEELXIND,2020-03-04,2026-09-11,1516,,1,OBSERVED_SYMBOL_HISTORY_NOT_STITCHED,False,exact_observed_symbol_no_fuzzy_merge
STEL,2020-01-01,2026-09-11,1422,,1,OBSERVED_SYMBOL_HISTORY_NOT_STITCHED,False,exact_observed_symbol_no_fuzzy_merge
STERTOOLS,2020-01-01,2026-06-25,1605,,1,OBSERVED_SYMBOL_HISTORY_NOT_STITCHED,False,exact_observed_symbol_no_fuzzy_merge
STINDIA,2020-01-03,2020-08-21,83,,0,OBSERVED_SYMBOL_HISTORY_NOT_STITCHED,False,exact_observed_symbol_no_fuzzy_merge
STLNETWORK,2025-09-18,2026-09-11,185,,1,OBSERVED_SYMBOL_HISTORY_NOT_STITCHED,False,exact_observed_symbol_no_fuzzy_merge
STLSTRINF,2026-08-18,2026-09-11,18,,1,OBSERVED_SYMBOL_HISTORY_NOT_STITCHED,False,exact_observed_symbol_no_fuzzy_merge
STLTECH,2020-10-29,2026-05-13,1358,,1,OBSERVED_SYMBOL_HISTORY_NOT_STITCHED,False,exact_observed_symbol_no_fuzzy_merge
STOVEKRAFT,2021-02-05,2026-09-11,1385,,1,OBSERVED_SYMBOL_HISTORY_NOT_STITCHED,False,exact_observed_symbol_no_fuzzy_merge
STRTECH,2020-01-01,2020-10-28,207,,0,OBSERVED_SYMBOL_HISTORY_NOT_STITCHED,False,exact_observed_symbol_no_fuzzy_merge
STUDDS,2025-11-07,2026-09-11,210,,1,OBSERVED_SYMBOL_HISTORY_NOT_STITCHED,False,exact_observed_symbol_no_fuzzy_merge
STYL,2025-09-30,2026-09-11,235,,1,OBSERVED_SYMBOL_HISTORY_NOT_STITCHED,False,exact_observed_symbol_no_fuzzy_merge
STYLAMIND,2021-08-02,2026-09-11,1266,,1,OBSERVED_SYMBOL_HISTORY_NOT_STITCHED,False,exact_observed_symbol_no_fuzzy_merge
STYLEBAAZA,2024-09-06,2026-09-11,441,,1,OBSERVED_SYMBOL_HISTORY_NOT_STITCHED,False,exact_observed_symbol_no_fuzzy_merge
STYRENIX,2023-01-20,2026-09-11,899,,1,OBSERVED_SYMBOL_HISTORY_NOT_STITCHED,False,exact_observed_symbol_no_fuzzy_merge
SUBCAPCITY,2022-09-13,2023-01-04,48,,0,OBSERVED_SYMBOL_HISTORY_NOT_STITCHED,False,exact_observed_symbol_no_fuzzy_merge
SUBEX,2020-01-01,2020-10-21,149,,0,OBSERVED_SYMBOL_HISTORY_NOT_STITCHED,False,exact_observed_symbol_no_fuzzy_merge
SUBEXLTD,2020-11-19,2026-09-11,1314,,1,OBSERVED_SYMBOL_HISTORY_NOT_STITCHED,False,exact_observed_symbol_no_fuzzy_merge
SUBROS,2020-01-01,2026-09-11,1660,,1,OBSERVED_SYMBOL_HISTORY_NOT_STITCHED,False,exact_observed_symbol_no_fuzzy_merge
SUDARCOLOR,2026-01-20,2026-09-11,160,HEUBACHIND,1,OBJECTIVE_SAME_ISIN_ALIAS_OBSERVED_NO_STITCH,True,exact_observed_symbol_no_fuzzy_merge
SUDARSCHEM,2020-01-01,2026-09-11,1660,,1,OBSERVED_SYMBOL_HISTORY_NOT_STITCHED,False,exact_observed_symbol_no_fuzzy_merge
SUDEEPPHRM,2025-11-28,2026-09-11,195,,1,OBSERVED_SYMBOL_HISTORY_NOT_STITCHED,False,exact_observed_symbol_no_fuzzy_merge
SUJANAUNI,2020-11-10,2020-11-23,10,,0,OBSERVED_SYMBOL_HISTORY_NOT_STITCHED,False,exact_observed_symbol_no_fuzzy_merge
SUKHJITS,2022-11-07,2026-09-11,952,,2,MULTIPLE_ISIN_OBSERVED_NO_IDENTITY_INFERENCE,True,exact_observed_symbol_no_fuzzy_merge
SULA,2022-12-22,2026-09-11,920,,1,OBSERVED_SYMBOL_HISTORY_NOT_STITCHED,False,exact_observed_symbol_no_fuzzy_merge
SUMEDHA,2026-08-17,2026-09-11,20,,1,OBSERVED_SYMBOL_HISTORY_NOT_STITCHED,False,exact_observed_symbol_no_fuzzy_merge
SUMEETINDS,2020-03-04,2026-09-11,644,,3,MULTIPLE_ISIN_OBSERVED_NO_IDENTITY_INFERENCE,True,exact_observed_symbol_no_fuzzy_merge
SUMICHEM,2020-02-07,2026-09-11,1633,,1,OBSERVED_SYMBOL_HISTORY_NOT_STITCHED,False,exact_observed_symbol_no_fuzzy_merge
SUMIT,2020-08-18,2026-09-11,799,,1,OBSERVED_SYMBOL_HISTORY_NOT_STITCHED,False,exact_observed_symbol_no_fuzzy_merge
SUMMITSEC,2020-01-01,2026-09-11,1660,,1,OBSERVED_SYMBOL_HISTORY_NOT_STITCHED,False,exact_observed_symbol_no_fuzzy_merge
SUNCLAY,2024-01-12,2026-09-11,659,,1,OBSERVED_SYMBOL_HISTORY_NOT_STITCHED,False,exact_observed_symbol_no_fuzzy_merge
SUNCLAYLTD,2020-01-01,2023-08-09,897,,0,OBSERVED_SYMBOL_HISTORY_NOT_STITCHED,False,exact_observed_symbol_no_fuzzy_merge
SUNDARAM,2020-01-01,2026-09-11,1307,,1,OBSERVED_SYMBOL_HISTORY_NOT_STITCHED,False,exact_observed_symbol_no_fuzzy_merge
SUNDARMFIN,2020-01-01,2026-09-11,1660,,1,OBSERVED_SYMBOL_HISTORY_NOT_STITCHED,False,exact_observed_symbol_no_fuzzy_merge
SUNDARMHLD,2020-01-01,2025-10-15,1436,TSFINV,1,OBJECTIVE_SAME_ISIN_ALIAS_OBSERVED_NO_STITCH,True,exact_observed_symbol_no_fuzzy_merge
SUNDRMBRAK,2020-01-01,2026-06-23,1410,,1,OBSERVED_SYMBOL_HISTORY_NOT_STITCHED,False,exact_observed_symbol_no_fuzzy_merge
SUNDRMFAST,2020-01-01,2026-09-11,1660,,1,OBSERVED_SYMBOL_HISTORY_NOT_STITCHED,False,exact_observed_symbol_no_fuzzy_merge
SUNDROP,2025-03-28,2026-09-11,360,ATFL,1,OBJECTIVE_SAME_ISIN_ALIAS_OBSERVED_NO_STITCH,True,exact_observed_symbol_no_fuzzy_merge
SUNFLAG,2020-01-01,2026-09-11,1602,,1,OBSERVED_SYMBOL_HISTORY_NOT_STITCHED,False,exact_observed_symbol_no_fuzzy_merge
SUNLOC,2026-08-17,2026-09-11,18,,1,OBSERVED_SYMBOL_HISTORY_NOT_STITCHED,False,exact_observed_symbol_no_fuzzy_merge
SUNPHARMA,2020-01-01,2026-09-11,1660,,1,OBSERVED_SYMBOL_HISTORY_NOT_STITCHED,False,exact_observed_symbol_no_fuzzy_merge
SUNRAKSHAK,2026-08-17,2026-09-11,20,,1,OBSERVED_SYMBOL_HISTORY_NOT_STITCHED,False,exact_observed_symbol_no_fuzzy_merge
SUNSHIEL,2026-08-17,2026-09-11,20,,1,OBSERVED_SYMBOL_HISTORY_NOT_STITCHED,False,exact_observed_symbol_no_fuzzy_merge
SUNSHINE,2026-08-25,2026-09-11,14,,1,OBSERVED_SYMBOL_HISTORY_NOT_STITCHED,False,exact_observed_symbol_no_fuzzy_merge
SUNTECK,2020-01-01,2026-09-11,1660,,1,OBSERVED_SYMBOL_HISTORY_NOT_STITCHED,False,exact_observed_symbol_no_fuzzy_merge
SUNTV,2020-01-01,2026-09-11,1660,,1,OBSERVED_SYMBOL_HISTORY_NOT_STITCHED,False,exact_observed_symbol_no_fuzzy_merge
SUPERHOUSE,2020-01-01,2026-09-11,1660,,1,OBSERVED_SYMBOL_HISTORY_NOT_STITCHED,False,exact_observed_symbol_no_fuzzy_merge
SUPERSPIN,2020-03-04,2026-06-17,1070,,1,OBSERVED_SYMBOL_HISTORY_NOT_STITCHED,False,exact_observed_symbol_no_fuzzy_merge
SUPPETRO,2020-01-01,2022-04-06,499,,0,OBSERVED_SYMBOL_HISTORY_NOT_STITCHED,False,exact_observed_symbol_no_fuzzy_merge
SUPRAJIT,2020-01-01,2026-09-11,1660,,1,OBSERVED_SYMBOL_HISTORY_NOT_STITCHED,False,exact_observed_symbol_no_fuzzy_merge
SUPREME,2025-02-03,2026-09-11,397,,1,OBSERVED_SYMBOL_HISTORY_NOT_STITCHED,False,exact_observed_symbol_no_fuzzy_merge
SUPREMEENG,2020-12-04,2024-05-14,518,,0,OBSERVED_SYMBOL_HISTORY_NOT_STITCHED,False,exact_observed_symbol_no_fuzzy_merge
SUPREMEIND,2020-01-01,2026-09-11,1660,,1,OBSERVED_SYMBOL_HISTORY_NOT_STITCHED,False,exact_observed_symbol_no_fuzzy_merge
SUPREMEINF,2020-01-01,2026-09-11,354,,1,OBSERVED_SYMBOL_HISTORY_NOT_STITCHED,False,exact_observed_symbol_no_fuzzy_merge
SUPRIYA,2021-12-28,2026-09-11,1165,,1,OBSERVED_SYMBOL_HISTORY_NOT_STITCHED,False,exact_observed_symbol_no_fuzzy_merge
SUPTANERY,2026-08-17,2026-08-26,8,,1,OBSERVED_SYMBOL_HISTORY_NOT_STITCHED,False,exact_observed_symbol_no_fuzzy_merge
SURAJEST,2023-12-26,2026-09-11,615,,1,OBSERVED_SYMBOL_HISTORY_NOT_STITCHED,False,exact_observed_symbol_no_fuzzy_merge
SURAJLTD,2024-08-29,2026-09-11,405,,1,OBSERVED_SYMBOL_HISTORY_NOT_STITCHED,False,exact_observed_symbol_no_fuzzy_merge
SURAKSHA,2024-12-06,2026-09-11,437,,1,OBSERVED_SYMBOL_HISTORY_NOT_STITCHED,False,exact_observed_symbol_no_fuzzy_merge
SURANASOL,2020-01-01,2026-09-11,1163,,1,OBSERVED_SYMBOL_HISTORY_NOT_STITCHED,False,exact_observed_symbol_no_fuzzy_merge
SURANAT&P,2020-01-01,2026-09-11,1450,,1,OBSERVED_SYMBOL_HISTORY_NOT_STITCHED,False,exact_observed_symbol_no_fuzzy_merge
SURYALA,2026-04-20,2026-09-11,102,,1,OBSERVED_SYMBOL_HISTORY_NOT_STITCHED,False,exact_observed_symbol_no_fuzzy_merge
SURYALAXMI,2020-01-01,2026-09-11,1466,,1,OBSERVED_SYMBOL_HISTORY_NOT_STITCHED,False,exact_observed_symbol_no_fuzzy_merge
SURYAROSNI,2020-01-01,2026-09-11,1660,,1,OBSERVED_SYMBOL_HISTORY_NOT_STITCHED,False,exact_observed_symbol_no_fuzzy_merge
SURYODAY,2021-03-26,2026-09-11,1351,,1,OBSERVED_SYMBOL_HISTORY_NOT_STITCHED,False,exact_observed_symbol_no_fuzzy_merge
SUTLEJTEX,2020-01-01,2026-07-02,1531,,1,OBSERVED_SYMBOL_HISTORY_NOT_STITCHED,False,exact_observed_symbol_no_fuzzy_merge
SUULD,2020-10-19,2024-07-02,664,,0,OBSERVED_SYMBOL_HISTORY_NOT_STITCHED,False,exact_observed_symbol_no_fuzzy_merge
SUVEN,2020-01-01,2026-09-11,1539,,1,OBSERVED_SYMBOL_HISTORY_NOT_STITCHED,False,exact_observed_symbol_no_fuzzy_merge
SUVENPHAR,2020-03-24,2025-05-16,1274,COHANCE,1,OBJECTIVE_SAME_ISIN_ALIAS_OBSERVED_NO_STITCH,True,exact_observed_symbol_no_fuzzy_merge
SUVIDHAA,2021-04-16,2026-09-11,1027,,1,OBSERVED_SYMBOL_HISTORY_NOT_STITCHED,False,exact_observed_symbol_no_fuzzy_merge
SUYOG,2024-08-20,2026-09-11,420,,1,OBSERVED_SYMBOL_HISTORY_NOT_STITCHED,False,exact_observed_symbol_no_fuzzy_merge
SUZLON,2020-01-01,2026-09-11,1466,,1,OBSERVED_SYMBOL_HISTORY_NOT_STITCHED,False,exact_observed_symbol_no_fuzzy_merge
SVGLOBAL,2026-08-17,2026-09-11,20,,1,OBSERVED_SYMBOL_HISTORY_NOT_STITCHED,False,exact_observed_symbol_no_fuzzy_merge
SVLL,2023-04-21,2026-06-10,399,,1,OBSERVED_SYMBOL_HISTORY_NOT_STITCHED,False,exact_observed_symbol_no_fuzzy_merge
SVPGLOB,2021-07-14,2026-09-11,785,,1,OBSERVED_SYMBOL_HISTORY_NOT_STITCHED,False,exact_observed_symbol_no_fuzzy_merge
SWANCORP,2025-09-04,2026-09-11,253,SWANENERGY,1,OBJECTIVE_SAME_ISIN_ALIAS_OBSERVED_NO_STITCH,True,exact_observed_symbol_no_fuzzy_merge
SWANENERGY,2020-01-01,2025-09-03,1407,SWANCORP,1,OBJECTIVE_SAME_ISIN_ALIAS_OBSERVED_NO_STITCH,True,exact_observed_symbol_no_fuzzy_merge
SWARAJ,2026-08-13,2026-08-25,9,,1,OBSERVED_SYMBOL_HISTORY_NOT_STITCHED,False,exact_observed_symbol_no_fuzzy_merge
SWARAJENG,2020-01-01,2026-09-11,1660,,1,OBSERVED_SYMBOL_HISTORY_NOT_STITCHED,False,exact_observed_symbol_no_fuzzy_merge
SWARNSAR,2026-08-17,2026-09-11,20,,1,OBSERVED_SYMBOL_HISTORY_NOT_STITCHED,False,exact_observed_symbol_no_fuzzy_merge
SWELECTES,2020-01-01,2026-09-11,1470,,1,OBSERVED_SYMBOL_HISTORY_NOT_STITCHED,False,exact_observed_symbol_no_fuzzy_merge
SWIGGY,2024-11-13,2026-09-11,452,,1,OBSERVED_SYMBOL_HISTORY_NOT_STITCHED,False,exact_observed_symbol_no_fuzzy_merge
SWISSMLTRY,2026-08-17,2026-09-02,13,,1,OBSERVED_SYMBOL_HISTORY_NOT_STITCHED,False,exact_observed_symbol_no_fuzzy_merge
SWSOLAR,2020-01-01,2026-09-11,1604,,1,OBSERVED_SYMBOL_HISTORY_NOT_STITCHED,False,exact_observed_symbol_no_fuzzy_merge
SYMBIOTEC,2026-09-01,2026-09-11,9,,1,OBSERVED_SYMBOL_HISTORY_NOT_STITCHED,False,exact_observed_symbol_no_fuzzy_merge
SYMPHONY,2020-01-01,2026-09-11,1660,,1,OBSERVED_SYMBOL_HISTORY_NOT_STITCHED,False,exact_observed_symbol_no_fuzzy_merge
SYNCOM,2020-01-01,2020-09-25,33,,0,OBSERVED_SYMBOL_HISTORY_NOT_STITCHED,False,exact_observed_symbol_no_fuzzy_merge
SYNCOMF,2022-11-18,2026-09-11,832,,1,OBSERVED_SYMBOL_HISTORY_NOT_STITCHED,False,exact_observed_symbol_no_fuzzy_merge
SYNDIBANK,2020-01-01,2020-03-19,55,,0,OBSERVED_SYMBOL_HISTORY_NOT_STITCHED,False,exact_observed_symbol_no_fuzzy_merge
SYNGENE,2020-01-01,2026-09-11,1660,,1,OBSERVED_SYMBOL_HISTORY_NOT_STITCHED,False,exact_observed_symbol_no_fuzzy_merge
SYRMA,2022-08-26,2026-09-11,1000,,1,OBSERVED_SYMBOL_HISTORY_NOT_STITCHED,False,exact_observed_symbol_no_fuzzy_merge
SYSTMTXC,2025-10-06,2026-06-17,171,,1,OBSERVED_SYMBOL_HISTORY_NOT_STITCHED,False,exact_observed_symbol_no_fuzzy_merge
TAALTECH,2026-04-20,2026-09-11,102,,1,OBSERVED_SYMBOL_HISTORY_NOT_STITCHED,False,exact_observed_symbol_no_fuzzy_merge
TAINWALCHM,2020-01-01,2026-09-11,1469,,1,OBSERVED_SYMBOL_HISTORY_NOT_STITCHED,False,exact_observed_symbol_no_fuzzy_merge
TAJGVK,2020-01-01,2026-09-11,1660,,1,OBSERVED_SYMBOL_HISTORY_NOT_STITCHED,False,exact_observed_symbol_no_fuzzy_merge
TAKE,2020-01-01,2026-09-11,1282,,1,OBSERVED_SYMBOL_HISTORY_NOT_STITCHED,False,exact_observed_symbol_no_fuzzy_merge
TALBROAUTO,2020-01-01,2026-09-11,1578,,1,OBSERVED_SYMBOL_HISTORY_NOT_STITCHED,False,exact_observed_symbol_no_fuzzy_merge
TALWALKARS,2020-01-01,2020-02-20,37,,0,OBSERVED_SYMBOL_HISTORY_NOT_STITCHED,False,exact_observed_symbol_no_fuzzy_merge
TALWGYM,2020-01-01,2020-02-20,37,,0,OBSERVED_SYMBOL_HISTORY_NOT_STITCHED,False,exact_observed_symbol_no_fuzzy_merge
TAMBOLIIN,2026-04-20,2026-07-01,50,,1,OBSERVED_SYMBOL_HISTORY_NOT_STITCHED,False,exact_observed_symbol_no_fuzzy_merge
TANAA,2026-08-17,2026-09-11,20,,1,OBSERVED_SYMBOL_HISTORY_NOT_STITCHED,False,exact_observed_symbol_no_fuzzy_merge
TANLA,2020-01-01,2026-09-11,1582,,1,OBSERVED_SYMBOL_HISTORY_NOT_STITCHED,False,exact_observed_symbol_no_fuzzy_merge
TARACHAND,2024-04-16,2026-09-11,421,,2,MULTIPLE_ISIN_OBSERVED_NO_IDENTITY_INFERENCE,True,exact_observed_symbol_no_fuzzy_merge
TARAPUR,2021-05-06,2026-09-11,279,,1,OBSERVED_SYMBOL_HISTORY_NOT_STITCHED,False,exact_observed_symbol_no_fuzzy_merge
TARC,2021-01-04,2026-09-11,1232,,1,OBSERVED_SYMBOL_HISTORY_NOT_STITCHED,False,exact_observed_symbol_no_fuzzy_merge
TARIL,2025-02-03,2026-09-11,397,,1,OBSERVED_SYMBOL_HISTORY_NOT_STITCHED,False,exact_observed_symbol_no_fuzzy_merge
TARMAT,2020-01-01,2026-09-11,1478,,1,OBSERVED_SYMBOL_HISTORY_NOT_STITCHED,False,exact_observed_symbol_no_fuzzy_merge
TARSONS,2021-11-26,2026-09-11,1187,,1,OBSERVED_SYMBOL_HISTORY_NOT_STITCHED,False,exact_observed_symbol_no_fuzzy_merge
TASTYBITE,2020-01-01,2026-09-11,1660,,1,OBSERVED_SYMBOL_HISTORY_NOT_STITCHED,False,exact_observed_symbol_no_fuzzy_merge
TATACAP,2025-10-13,2026-09-11,227,,1,OBSERVED_SYMBOL_HISTORY_NOT_STITCHED,False,exact_observed_symbol_no_fuzzy_merge
TATACHEM,2020-01-01,2026-09-11,1660,,1,OBSERVED_SYMBOL_HISTORY_NOT_STITCHED,False,exact_observed_symbol_no_fuzzy_merge
TATACOFFEE,2020-01-01,2024-01-12,1002,,0,OBSERVED_SYMBOL_HISTORY_NOT_STITCHED,False,exact_observed_symbol_no_fuzzy_merge
TATACOMM,2020-01-01,2026-09-11,1660,,1,OBSERVED_SYMBOL_HISTORY_NOT_STITCHED,False,exact_observed_symbol_no_fuzzy_merge
TATACONSUM,2020-02-27,2026-09-11,1620,,1,OBSERVED_SYMBOL_HISTORY_NOT_STITCHED,False,exact_observed_symbol_no_fuzzy_merge
TATAELXSI,2020-01-01,2026-09-11,1660,,1,OBSERVED_SYMBOL_HISTORY_NOT_STITCHED,False,exact_observed_symbol_no_fuzzy_merge
TATAGLOBAL,2020-01-01,2020-02-26,40,,0,OBSERVED_SYMBOL_HISTORY_NOT_STITCHED,False,exact_observed_symbol_no_fuzzy_merge
TATAGOLD,2024-01-17,2026-09-11,656,,1,OBSERVED_SYMBOL_HISTORY_NOT_STITCHED,False,exact_observed_symbol_no_fuzzy_merge
TATAINVEST,2020-01-01,2026-09-11,1599,,2,MULTIPLE_ISIN_OBSERVED_NO_IDENTITY_INFERENCE,True,exact_observed_symbol_no_fuzzy_merge
TATAMETALI,2020-01-01,2024-02-05,1017,,0,OBSERVED_SYMBOL_HISTORY_NOT_STITCHED,False,exact_observed_symbol_no_fuzzy_merge
TATAMOTORS,2020-01-01,2025-10-23,1441,TMPV,1,OBJECTIVE_SAME_ISIN_ALIAS_OBSERVED_NO_STITCH,True,exact_observed_symbol_no_fuzzy_merge
TATAMTRDVR,2020-01-01,2024-08-29,1156,,1,OBSERVED_SYMBOL_HISTORY_NOT_STITCHED,False,exact_observed_symbol_no_fuzzy_merge
TATAPOWER,2020-01-01,2026-09-11,1660,,1,OBSERVED_SYMBOL_HISTORY_NOT_STITCHED,False,exact_observed_symbol_no_fuzzy_merge
TATASTEEL,2020-01-01,2026-09-11,1660,,1,OBSERVED_SYMBOL_HISTORY_NOT_STITCHED,False,exact_observed_symbol_no_fuzzy_merge
TATASTLBSL,2020-01-01,2021-08-05,398,,0,OBSERVED_SYMBOL_HISTORY_NOT_STITCHED,False,exact_observed_symbol_no_fuzzy_merge
TATASTLLP,2020-01-01,2023-11-16,898,,0,OBSERVED_SYMBOL_HISTORY_NOT_STITCHED,False,exact_observed_symbol_no_fuzzy_merge
TATATECH,2023-11-30,2026-09-11,689,,1,OBSERVED_SYMBOL_HISTORY_NOT_STITCHED,False,exact_observed_symbol_no_fuzzy_merge
TATSILV,2024-01-17,2026-09-11,656,,1,OBSERVED_SYMBOL_HISTORY_NOT_STITCHED,False,exact_observed_symbol_no_fuzzy_merge
TATVA,2021-07-29,2026-09-11,1268,,1,OBSERVED_SYMBOL_HISTORY_NOT_STITCHED,False,exact_observed_symbol_no_fuzzy_merge
TBOTEK,2024-05-15,2026-09-11,578,,1,OBSERVED_SYMBOL_HISTORY_NOT_STITCHED,False,exact_observed_symbol_no_fuzzy_merge
TBZ,2020-01-01,2026-09-11,1660,,1,OBSERVED_SYMBOL_HISTORY_NOT_STITCHED,False,exact_observed_symbol_no_fuzzy_merge
TCC,2026-02-25,2026-09-11,135,,2,MULTIPLE_ISIN_OBSERVED_NO_IDENTITY_INFERENCE,True,exact_observed_symbol_no_fuzzy_merge
TCI,2020-01-01,2026-09-11,1660,,1,OBSERVED_SYMBOL_HISTORY_NOT_STITCHED,False,exact_observed_symbol_no_fuzzy_merge
TCIDEVELOP,2020-01-01,2022-11-10,667,,0,OBSERVED_SYMBOL_HISTORY_NOT_STITCHED,False,exact_observed_symbol_no_fuzzy_merge
TCIEXP,2020-01-01,2026-09-11,1660,,1,OBSERVED_SYMBOL_HISTORY_NOT_STITCHED,False,exact_observed_symbol_no_fuzzy_merge
TCIFINANCE,2020-01-01,2026-06-11,372,,1,OBSERVED_SYMBOL_HISTORY_NOT_STITCHED,False,exact_observed_symbol_no_fuzzy_merge
TCLCONS,2023-10-31,2025-02-06,120,TICL,1,OBJECTIVE_SAME_ISIN_ALIAS_OBSERVED_NO_STITCH,True,exact_observed_symbol_no_fuzzy_merge
TCNSBRANDS,2020-01-01,2024-09-02,1158,,1,OBSERVED_SYMBOL_HISTORY_NOT_STITCHED,False,exact_observed_symbol_no_fuzzy_merge
TCPLPACK,2020-01-01,2026-09-11,1660,,1,OBSERVED_SYMBOL_HISTORY_NOT_STITCHED,False,exact_observed_symbol_no_fuzzy_merge
TCS,2020-01-01,2026-09-11,1660,,1,OBSERVED_SYMBOL_HISTORY_NOT_STITCHED,False,exact_observed_symbol_no_fuzzy_merge
TDPOWERSYS,2020-01-01,2026-09-11,1660,,2,MULTIPLE_ISIN_OBSERVED_NO_IDENTITY_INFERENCE,True,exact_observed_symbol_no_fuzzy_merge
TEAMGTY,2025-11-17,2026-09-11,204,TIMESGTY,1,OBJECTIVE_SAME_ISIN_ALIAS_OBSERVED_NO_STITCH,True,exact_observed_symbol_no_fuzzy_merge
TEAMLEASE,2020-01-01,2026-09-11,1660,,1,OBSERVED_SYMBOL_HISTORY_NOT_STITCHED,False,exact_observed_symbol_no_fuzzy_merge
TECH,2021-11-03,2026-09-11,1202,,1,OBSERVED_SYMBOL_HISTORY_NOT_STITCHED,False,exact_observed_symbol_no_fuzzy_merge
TECHIN,2020-01-01,2023-08-10,439,,0,OBSERVED_SYMBOL_HISTORY_NOT_STITCHED,False,exact_observed_symbol_no_fuzzy_merge
TECHM,2020-01-01,2026-09-11,1660,,1,OBSERVED_SYMBOL_HISTORY_NOT_STITCHED,False,exact_observed_symbol_no_fuzzy_merge
TECHNOCRAF,2026-08-14,2026-09-11,21,,1,OBSERVED_SYMBOL_HISTORY_NOT_STITCHED,False,exact_observed_symbol_no_fuzzy_merge
TECHNOE,2020-01-01,2026-09-11,1597,,1,OBSERVED_SYMBOL_HISTORY_NOT_STITCHED,False,exact_observed_symbol_no_fuzzy_merge
TECHNOFAB,2020-01-01,2020-11-27,121,,0,OBSERVED_SYMBOL_HISTORY_NOT_STITCHED,False,exact_observed_symbol_no_fuzzy_merge
TECHNVISN,2026-04-21,2026-09-11,101,,1,OBSERVED_SYMBOL_HISTORY_NOT_STITCHED,False,exact_observed_symbol_no_fuzzy_merge
TECILCHEM,2024-06-03,2026-09-11,274,,1,OBSERVED_SYMBOL_HISTORY_NOT_STITCHED,False,exact_observed_symbol_no_fuzzy_merge
TEGA,2021-12-13,2026-09-11,1176,,1,OBSERVED_SYMBOL_HISTORY_NOT_STITCHED,False,exact_observed_symbol_no_fuzzy_merge
TEJASNET,2020-01-01,2026-09-11,1523,,1,OBSERVED_SYMBOL_HISTORY_NOT_STITCHED,False,exact_observed_symbol_no_fuzzy_merge
TEMBO,2021-04-23,2026-09-11,950,,2,MULTIPLE_ISIN_OBSERVED_NO_IDENTITY_INFERENCE,True,exact_observed_symbol_no_fuzzy_merge
TEMPSENS,2026-08-28,2026-09-11,11,,1,OBSERVED_SYMBOL_HISTORY_NOT_STITCHED,False,exact_observed_symbol_no_fuzzy_merge
TENNIND,2025-11-19,2026-09-11,202,,1,OBSERVED_SYMBOL_HISTORY_NOT_STITCHED,False,exact_observed_symbol_no_fuzzy_merge
TERAI,2026-08-17,2026-09-11,17,,1,OBSERVED_SYMBOL_HISTORY_NOT_STITCHED,False,exact_observed_symbol_no_fuzzy_merge
TERASOFT,2020-01-01,2026-09-11,1096,,1,OBSERVED_SYMBOL_HISTORY_NOT_STITCHED,False,exact_observed_symbol_no_fuzzy_merge
TEXINFRA,2020-01-01,2026-09-11,1660,,1,OBSERVED_SYMBOL_HISTORY_NOT_STITCHED,False,exact_observed_symbol_no_fuzzy_merge
TEXMOPIPES,2020-01-01,2026-09-11,1610,,1,OBSERVED_SYMBOL_HISTORY_NOT_STITCHED,False,exact_observed_symbol_no_fuzzy_merge
TEXRAIL,2020-01-01,2026-09-11,1660,,1,OBSERVED_SYMBOL_HISTORY_NOT_STITCHED,False,exact_observed_symbol_no_fuzzy_merge
TFCILTD,2020-01-01,2026-09-11,1660,,2,MULTIPLE_ISIN_OBSERVED_NO_IDENTITY_INFERENCE,True,exact_observed_symbol_no_fuzzy_merge
TFL,2020-03-04,2026-09-11,842,,1,OBSERVED_SYMBOL_HISTORY_NOT_STITCHED,False,exact_observed_symbol_no_fuzzy_merge
TGBHOTELS,2020-01-01,2026-09-11,1333,,1,OBSERVED_SYMBOL_HISTORY_NOT_STITCHED,False,exact_observed_symbol_no_fuzzy_merge
TGVSL,2026-08-17,2026-09-11,20,,1,OBSERVED_SYMBOL_HISTORY_NOT_STITCHED,False,exact_observed_symbol_no_fuzzy_merge
THACKER,2026-04-20,2026-09-11,34,,1,OBSERVED_SYMBOL_HISTORY_NOT_STITCHED,False,exact_observed_symbol_no_fuzzy_merge
THAKDEV,2026-04-21,2026-09-11,85,,1,OBSERVED_SYMBOL_HISTORY_NOT_STITCHED,False,exact_observed_symbol_no_fuzzy_merge
THANGAMAYL,2020-01-01,2026-09-11,1660,,1,OBSERVED_SYMBOL_HISTORY_NOT_STITCHED,False,exact_observed_symbol_no_fuzzy_merge
THEINVEST,2020-01-01,2026-09-11,1466,,1,OBSERVED_SYMBOL_HISTORY_NOT_STITCHED,False,exact_observed_symbol_no_fuzzy_merge
THEJO,2023-10-10,2026-09-11,723,,1,OBSERVED_SYMBOL_HISTORY_NOT_STITCHED,False,exact_observed_symbol_no_fuzzy_merge
THELEELA,2025-06-02,2026-09-11,319,,1,OBSERVED_SYMBOL_HISTORY_NOT_STITCHED,False,exact_observed_symbol_no_fuzzy_merge
THEMISMED,2020-01-01,2026-09-11,1522,,1,OBSERVED_SYMBOL_HISTORY_NOT_STITCHED,False,exact_observed_symbol_no_fuzzy_merge
THERMAX,2020-01-01,2026-09-11,1660,,1,OBSERVED_SYMBOL_HISTORY_NOT_STITCHED,False,exact_observed_symbol_no_fuzzy_merge
THOMASCOOK,2020-01-01,2026-09-11,1604,,1,OBSERVED_SYMBOL_HISTORY_NOT_STITCHED,False,exact_observed_symbol_no_fuzzy_merge
THOMASCOTT,2023-02-22,2026-09-11,365,,1,OBSERVED_SYMBOL_HISTORY_NOT_STITCHED,False,exact_observed_symbol_no_fuzzy_merge
THYROCARE,2020-01-01,2026-09-11,1660,,1,OBSERVED_SYMBOL_HISTORY_NOT_STITCHED,False,exact_observed_symbol_no_fuzzy_merge
TI,2020-03-04,2026-09-11,1496,,1,OBSERVED_SYMBOL_HISTORY_NOT_STITCHED,False,exact_observed_symbol_no_fuzzy_merge
TICL,2025-02-07,2026-07-23,203,TCLCONS,1,OBJECTIVE_SAME_ISIN_ALIAS_OBSERVED_NO_STITCH,True,exact_observed_symbol_no_fuzzy_merge
TIDEWATER,2020-01-01,2024-10-08,1120,VEEDOL,1,OBJECTIVE_SAME_ISIN_ALIAS_OBSERVED_NO_STITCH,True,exact_observed_symbol_no_fuzzy_merge
TIGERLOGS,2025-09-18,2026-09-11,177,,1,OBSERVED_SYMBOL_HISTORY_NOT_STITCHED,False,exact_observed_symbol_no_fuzzy_merge
TIIL,2020-01-01,2026-09-11,1660,,1,OBSERVED_SYMBOL_HISTORY_NOT_STITCHED,False,exact_observed_symbol_no_fuzzy_merge
TIINDIA,2020-01-01,2026-09-11,1660,,1,OBSERVED_SYMBOL_HISTORY_NOT_STITCHED,False,exact_observed_symbol_no_fuzzy_merge
TIJARIA,2020-01-01,2026-09-03,898,,1,OBSERVED_SYMBOL_HISTORY_NOT_STITCHED,False,exact_observed_symbol_no_fuzzy_merge
TIL,2020-01-01,2026-08-10,1012,,1,OBSERVED_SYMBOL_HISTORY_NOT_STITCHED,False,exact_observed_symbol_no_fuzzy_merge
TIMESGTY,2020-01-01,2025-07-31,1165,TEAMGTY,1,OBJECTIVE_SAME_ISIN_ALIAS_OBSERVED_NO_STITCH,True,exact_observed_symbol_no_fuzzy_merge
TIMETECHNO,2020-01-01,2026-09-11,1660,,1,OBSERVED_SYMBOL_HISTORY_NOT_STITCHED,False,exact_observed_symbol_no_fuzzy_merge
TIMEX,2026-04-20,2026-09-11,102,,1,OBSERVED_SYMBOL_HISTORY_NOT_STITCHED,False,exact_observed_symbol_no_fuzzy_merge
TIMKEN,2020-01-01,2026-09-11,1660,,1,OBSERVED_SYMBOL_HISTORY_NOT_STITCHED,False,exact_observed_symbol_no_fuzzy_merge
TINNARUBR,2025-04-17,2026-09-11,349,,1,OBSERVED_SYMBOL_HISTORY_NOT_STITCHED,False,exact_observed_symbol_no_fuzzy_merge
TINPLATE,2020-01-01,2024-01-18,1006,,0,OBSERVED_SYMBOL_HISTORY_NOT_STITCHED,False,exact_observed_symbol_no_fuzzy_merge
TIPSFILMS,2022-10-20,2026-09-11,737,,1,OBSERVED_SYMBOL_HISTORY_NOT_STITCHED,False,exact_observed_symbol_no_fuzzy_merge
TIPSINDLTD,2020-03-04,2024-09-27,845,TIPSMUSIC,1,OBJECTIVE_SAME_ISIN_ALIAS_OBSERVED_NO_STITCH,True,exact_observed_symbol_no_fuzzy_merge
TIPSMUSIC,2024-09-30,2026-09-11,483,TIPSINDLTD,1,OBJECTIVE_SAME_ISIN_ALIAS_OBSERVED_NO_STITCH,True,exact_observed_symbol_no_fuzzy_merge
TIRUMALCHM,2020-01-01,2026-09-11,1660,,1,OBSERVED_SYMBOL_HISTORY_NOT_STITCHED,False,exact_observed_symbol_no_fuzzy_merge
TIRUPATIFL,2020-08-04,2026-07-23,639,,1,OBSERVED_SYMBOL_HISTORY_NOT_STITCHED,False,exact_observed_symbol_no_fuzzy_merge
TITAGARH,2023-06-19,2026-09-11,800,,1,OBSERVED_SYMBOL_HISTORY_NOT_STITCHED,False,exact_observed_symbol_no_fuzzy_merge
TITAN,2020-01-01,2026-09-11,1660,,1,OBSERVED_SYMBOL_HISTORY_NOT_STITCHED,False,exact_observed_symbol_no_fuzzy_merge
TMB,2022-09-21,2026-09-11,983,,1,OBSERVED_SYMBOL_HISTORY_NOT_STITCHED,False,exact_observed_symbol_no_fuzzy_merge
TMCV,2025-11-26,2026-09-11,197,,1,OBSERVED_SYMBOL_HISTORY_NOT_STITCHED,False,exact_observed_symbol_no_fuzzy_merge
TMPV,2025-10-24,2026-09-11,219,TATAMOTORS,1,OBJECTIVE_SAME_ISIN_ALIAS_OBSERVED_NO_STITCH,True,exact_observed_symbol_no_fuzzy_merge
TMRVL,2020-01-01,2022-07-15,545,,0,OBSERVED_SYMBOL_HISTORY_NOT_STITCHED,False,exact_observed_symbol_no_fuzzy_merge
TNIDETF,2022-04-08,2026-09-11,1095,,1,OBSERVED_SYMBOL_HISTORY_NOT_STITCHED,False,exact_observed_symbol_no_fuzzy_merge
TNPETRO,2020-01-01,2026-09-11,1595,,1,OBSERVED_SYMBOL_HISTORY_NOT_STITCHED,False,exact_observed_symbol_no_fuzzy_merge
TNPL,2020-01-01,2026-09-11,1660,,1,OBSERVED_SYMBOL_HISTORY_NOT_STITCHED,False,exact_observed_symbol_no_fuzzy_merge
TNTELE,2023-11-22,2026-09-11,405,,1,OBSERVED_SYMBOL_HISTORY_NOT_STITCHED,False,exact_observed_symbol_no_fuzzy_merge
TOKYOPLAST,2020-01-01,2026-09-11,1562,,1,OBSERVED_SYMBOL_HISTORY_NOT_STITCHED,False,exact_observed_symbol_no_fuzzy_merge
TOLINS,2024-09-30,2026-09-11,421,,1,OBSERVED_SYMBOL_HISTORY_NOT_STITCHED,False,exact_observed_symbol_no_fuzzy_merge
TOP100CASE,2024-06-19,2026-09-11,554,,1,OBSERVED_SYMBOL_HISTORY_NOT_STITCHED,False,exact_observed_symbol_no_fuzzy_merge
TOP10ADD,2024-09-11,2026-09-11,496,,1,OBSERVED_SYMBOL_HISTORY_NOT_STITCHED,False,exact_observed_symbol_no_fuzzy_merge
TOP15IETF,2025-07-02,2026-09-11,297,,1,OBSERVED_SYMBOL_HISTORY_NOT_STITCHED,False,exact_observed_symbol_no_fuzzy_merge
TOP20,2025-12-19,2026-09-11,180,,1,OBSERVED_SYMBOL_HISTORY_NOT_STITCHED,False,exact_observed_symbol_no_fuzzy_merge
TORNTPHARM,2020-01-01,2026-09-11,1660,,1,OBSERVED_SYMBOL_HISTORY_NOT_STITCHED,False,exact_observed_symbol_no_fuzzy_merge
TORNTPOWER,2020-01-01,2026-09-11,1660,,1,OBSERVED_SYMBOL_HISTORY_NOT_STITCHED,False,exact_observed_symbol_no_fuzzy_merge
TOTAL,2020-08-28,2026-09-09,1302,,1,OBSERVED_SYMBOL_HISTORY_NOT_STITCHED,False,exact_observed_symbol_no_fuzzy_merge
TOUCHWOOD,2020-01-21,2026-09-10,1159,,1,OBSERVED_SYMBOL_HISTORY_NOT_STITCHED,False,exact_observed_symbol_no_fuzzy_merge
TOYAMSL,2026-08-17,2026-09-11,20,,1,OBSERVED_SYMBOL_HISTORY_NOT_STITCHED,False,exact_observed_symbol_no_fuzzy_merge
TPHQ,2024-06-10,2026-08-21,323,,1,OBSERVED_SYMBOL_HISTORY_NOT_STITCHED,False,exact_observed_symbol_no_fuzzy_merge
TPLPLASTEH,2020-01-01,2026-09-11,1528,,1,OBSERVED_SYMBOL_HISTORY_NOT_STITCHED,False,exact_observed_symbol_no_fuzzy_merge
TRACXN,2022-10-20,2026-09-11,963,,1,OBSERVED_SYMBOL_HISTORY_NOT_STITCHED,False,exact_observed_symbol_no_fuzzy_merge
TRANSCOR,2026-08-17,2026-09-11,20,,1,OBSERVED_SYMBOL_HISTORY_NOT_STITCHED,False,exact_observed_symbol_no_fuzzy_merge
TRANSPEK,2026-04-20,2026-08-10,78,,1,OBSERVED_SYMBOL_HISTORY_NOT_STITCHED,False,exact_observed_symbol_no_fuzzy_merge
TRANSRAILL,2024-12-27,2026-09-11,423,,1,OBSERVED_SYMBOL_HISTORY_NOT_STITCHED,False,exact_observed_symbol_no_fuzzy_merge
TRANSWORLD,2024-10-23,2026-06-18,407,SHREYAS,1,OBJECTIVE_SAME_ISIN_ALIAS_OBSERVED_NO_STITCH,True,exact_observed_symbol_no_fuzzy_merge
TRAVELFOOD,2025-07-14,2026-09-11,289,,1,OBSERVED_SYMBOL_HISTORY_NOT_STITCHED,False,exact_observed_symbol_no_fuzzy_merge
TREEHOUSE,2020-01-01,2026-09-11,1138,,1,OBSERVED_SYMBOL_HISTORY_NOT_STITCHED,False,exact_observed_symbol_no_fuzzy_merge
TREJHARA,2020-01-01,2026-09-11,1125,,1,OBSERVED_SYMBOL_HISTORY_NOT_STITCHED,False,exact_observed_symbol_no_fuzzy_merge
TREL,2023-08-25,2026-09-11,753,,1,OBSERVED_SYMBOL_HISTORY_NOT_STITCHED,False,exact_observed_symbol_no_fuzzy_merge
TRENT,2020-01-01,2026-09-11,1660,,1,OBSERVED_SYMBOL_HISTORY_NOT_STITCHED,False,exact_observed_symbol_no_fuzzy_merge
TRF,2020-01-01,2026-09-11,1289,,1,OBSERVED_SYMBOL_HISTORY_NOT_STITCHED,False,exact_observed_symbol_no_fuzzy_merge
TRIDENT,2020-01-01,2026-09-11,1599,,1,OBSERVED_SYMBOL_HISTORY_NOT_STITCHED,False,exact_observed_symbol_no_fuzzy_merge
TRIGYN,2020-01-01,2026-09-11,1557,,1,OBSERVED_SYMBOL_HISTORY_NOT_STITCHED,False,exact_observed_symbol_no_fuzzy_merge
TRIL,2020-01-01,2024-05-13,989,,0,OBSERVED_SYMBOL_HISTORY_NOT_STITCHED,False,exact_observed_symbol_no_fuzzy_merge
TRITONV,2026-08-17,2026-09-11,20,,1,OBSERVED_SYMBOL_HISTORY_NOT_STITCHED,False,exact_observed_symbol_no_fuzzy_merge
TRITURBINE,2020-01-01,2026-09-11,1660,,1,OBSERVED_SYMBOL_HISTORY_NOT_STITCHED,False,exact_observed_symbol_no_fuzzy_merge
TRIVENI,2020-01-01,2026-09-11,1650,,1,OBSERVED_SYMBOL_HISTORY_NOT_STITCHED,False,exact_observed_symbol_no_fuzzy_merge
TRU,2022-09-01,2026-09-11,728,,1,OBSERVED_SYMBOL_HISTORY_NOT_STITCHED,False,exact_observed_symbol_no_fuzzy_merge
TRUALT,2025-10-03,2026-09-11,233,,1,OBSERVED_SYMBOL_HISTORY_NOT_STITCHED,False,exact_observed_symbol_no_fuzzy_merge
TSFINV,2025-10-16,2026-09-11,224,SUNDARMHLD,1,OBJECTIVE_SAME_ISIN_ALIAS_OBSERVED_NO_STITCH,True,exact_observed_symbol_no_fuzzy_merge
TTKHLTCARE,2020-01-01,2026-09-11,1660,,1,OBSERVED_SYMBOL_HISTORY_NOT_STITCHED,False,exact_observed_symbol_no_fuzzy_merge
TTKPRESTIG,2020-01-01,2026-09-11,1660,,1,OBSERVED_SYMBOL_HISTORY_NOT_STITCHED,False,exact_observed_symbol_no_fuzzy_merge
TTL,2020-01-01,2026-09-11,1442,,2,MULTIPLE_ISIN_OBSERVED_NO_IDENTITY_INFERENCE,True,exact_observed_symbol_no_fuzzy_merge
TTML,2020-01-01,2026-09-11,1220,,1,OBSERVED_SYMBOL_HISTORY_NOT_STITCHED,False,exact_observed_symbol_no_fuzzy_merge
TURTLEMINT,2026-06-29,2026-09-11,55,,1,OBSERVED_SYMBOL_HISTORY_NOT_STITCHED,False,exact_observed_symbol_no_fuzzy_merge
TUTIALKA,2026-08-17,2026-09-11,20,,1,OBSERVED_SYMBOL_HISTORY_NOT_STITCHED,False,exact_observed_symbol_no_fuzzy_merge
TV18BRDCST,2020-01-01,2024-10-15,1134,,1,OBSERVED_SYMBOL_HISTORY_NOT_STITCHED,False,exact_observed_symbol_no_fuzzy_merge
TVSELECT,2020-01-01,2026-09-11,1349,,1,OBSERVED_SYMBOL_HISTORY_NOT_STITCHED,False,exact_observed_symbol_no_fuzzy_merge
TVSHLTD,2023-08-10,2026-09-11,729,,1,OBSERVED_SYMBOL_HISTORY_NOT_STITCHED,False,exact_observed_symbol_no_fuzzy_merge
TVSMOTOR,2020-01-01,2026-09-11,1660,,1,OBSERVED_SYMBOL_HISTORY_NOT_STITCHED,False,exact_observed_symbol_no_fuzzy_merge
TVSSCS,2023-08-23,2026-09-11,701,,1,OBSERVED_SYMBOL_HISTORY_NOT_STITCHED,False,exact_observed_symbol_no_fuzzy_merge
TVSSRICHAK,2020-01-01,2026-09-11,1660,,1,OBSERVED_SYMBOL_HISTORY_NOT_STITCHED,False,exact_observed_symbol_no_fuzzy_merge
TVTODAY,2020-01-01,2026-09-11,1660,,1,OBSERVED_SYMBOL_HISTORY_NOT_STITCHED,False,exact_observed_symbol_no_fuzzy_merge
TVVISION,2020-05-27,2026-08-04,414,,1,OBSERVED_SYMBOL_HISTORY_NOT_STITCHED,False,exact_observed_symbol_no_fuzzy_merge
TWCGOLDETF,2026-01-02,2026-09-11,171,,1,OBSERVED_SYMBOL_HISTORY_NOT_STITCHED,False,exact_observed_symbol_no_fuzzy_merge
TWL,2020-01-01,2023-06-16,803,,0,OBSERVED_SYMBOL_HISTORY_NOT_STITCHED,False,exact_observed_symbol_no_fuzzy_merge
UBL,2020-01-01,2026-09-11,1660,,1,OBSERVED_SYMBOL_HISTORY_NOT_STITCHED,False,exact_observed_symbol_no_fuzzy_merge
UCAL,2023-07-26,2026-08-19,630,,1,OBSERVED_SYMBOL_HISTORY_NOT_STITCHED,False,exact_observed_symbol_no_fuzzy_merge
UCALFUEL,2020-01-01,2023-07-25,886,,0,OBSERVED_SYMBOL_HISTORY_NOT_STITCHED,False,exact_observed_symbol_no_fuzzy_merge
UCOBANK,2020-01-01,2026-09-11,1660,,1,OBSERVED_SYMBOL_HISTORY_NOT_STITCHED,False,exact_observed_symbol_no_fuzzy_merge
UDAICEMENT,2021-12-23,2025-08-22,789,,1,OBSERVED_SYMBOL_HISTORY_NOT_STITCHED,False,exact_observed_symbol_no_fuzzy_merge
UDAYJEW,2026-08-17,2026-09-11,20,,1,OBSERVED_SYMBOL_HISTORY_NOT_STITCHED,False,exact_observed_symbol_no_fuzzy_merge
UDS,2023-10-04,2026-09-11,727,,1,OBSERVED_SYMBOL_HISTORY_NOT_STITCHED,False,exact_observed_symbol_no_fuzzy_merge
UEL,2026-02-02,2026-09-11,152,,1,OBSERVED_SYMBOL_HISTORY_NOT_STITCHED,False,exact_observed_symbol_no_fuzzy_merge
UFBL,2025-10-13,2026-08-11,204,BARBEQUE,1,OBJECTIVE_SAME_ISIN_ALIAS_OBSERVED_NO_STITCH,True,exact_observed_symbol_no_fuzzy_merge
UFLEX,2020-01-01,2026-09-11,1660,,1,OBSERVED_SYMBOL_HISTORY_NOT_STITCHED,False,exact_observed_symbol_no_fuzzy_merge
UFO,2020-01-01,2026-09-11,1595,,1,OBSERVED_SYMBOL_HISTORY_NOT_STITCHED,False,exact_observed_symbol_no_fuzzy_merge
UGARSUGAR,2020-01-01,2026-09-11,1660,,1,OBSERVED_SYMBOL_HISTORY_NOT_STITCHED,False,exact_observed_symbol_no_fuzzy_merge
UGROCAP,2021-08-11,2026-09-11,1259,,1,OBSERVED_SYMBOL_HISTORY_NOT_STITCHED,False,exact_observed_symbol_no_fuzzy_merge
UJAAS,2020-01-01,2023-11-02,454,,0,OBSERVED_SYMBOL_HISTORY_NOT_STITCHED,False,exact_observed_symbol_no_fuzzy_merge
UJJIVAN,2020-01-01,2024-05-02,1074,,0,OBSERVED_SYMBOL_HISTORY_NOT_STITCHED,False,exact_observed_symbol_no_fuzzy_merge
UJJIVANSFB,2020-01-01,2026-09-11,1660,,1,OBSERVED_SYMBOL_HISTORY_NOT_STITCHED,False,exact_observed_symbol_no_fuzzy_merge
ULTRACEMCO,2020-01-01,2026-09-11,1660,,1,OBSERVED_SYMBOL_HISTORY_NOT_STITCHED,False,exact_observed_symbol_no_fuzzy_merge
ULTRAMAR,2026-04-20,2026-09-11,102,,1,OBSERVED_SYMBOL_HISTORY_NOT_STITCHED,False,exact_observed_symbol_no_fuzzy_merge
UMAEXPORTS,2022-04-25,2026-06-08,678,,1,OBSERVED_SYMBOL_HISTORY_NOT_STITCHED,False,exact_observed_symbol_no_fuzzy_merge
UMANGDAIRY,2020-01-01,2025-06-26,1191,,1,OBSERVED_SYMBOL_HISTORY_NOT_STITCHED,False,exact_observed_symbol_no_fuzzy_merge
UMESLTD,2020-01-01,2026-09-11,861,,1,OBSERVED_SYMBOL_HISTORY_NOT_STITCHED,False,exact_observed_symbol_no_fuzzy_merge
UMIYA-MRO,2025-04-15,2026-09-11,351,MRO-TEK,1,OBJECTIVE_SAME_ISIN_ALIAS_OBSERVED_NO_STITCH,True,exact_observed_symbol_no_fuzzy_merge
UNICHEMLAB,2020-01-01,2026-09-11,1660,,1,OBSERVED_SYMBOL_HISTORY_NOT_STITCHED,False,exact_observed_symbol_no_fuzzy_merge
UNIDT,2020-09-25,2026-06-08,1408,,1,OBSERVED_SYMBOL_HISTORY_NOT_STITCHED,False,exact_observed_symbol_no_fuzzy_merge
UNIECOM,2024-08-13,2026-09-11,516,,1,OBSERVED_SYMBOL_HISTORY_NOT_STITCHED,False,exact_observed_symbol_no_fuzzy_merge
UNIENTER,2020-01-01,2026-09-11,1660,,1,OBSERVED_SYMBOL_HISTORY_NOT_STITCHED,False,exact_observed_symbol_no_fuzzy_merge
UNIINFO,2022-01-12,2026-09-11,781,,1,OBSERVED_SYMBOL_HISTORY_NOT_STITCHED,False,exact_observed_symbol_no_fuzzy_merge
UNIMECH,2024-12-31,2026-09-11,363,,1,OBSERVED_SYMBOL_HISTORY_NOT_STITCHED,False,exact_observed_symbol_no_fuzzy_merge
UNIONBANK,2020-01-01,2026-09-11,1660,,1,OBSERVED_SYMBOL_HISTORY_NOT_STITCHED,False,exact_observed_symbol_no_fuzzy_merge
UNIONGOLD,2025-02-21,2026-09-11,383,,1,OBSERVED_SYMBOL_HISTORY_NOT_STITCHED,False,exact_observed_symbol_no_fuzzy_merge
UNIPARTS,2022-12-12,2026-09-11,928,,1,OBSERVED_SYMBOL_HISTORY_NOT_STITCHED,False,exact_observed_symbol_no_fuzzy_merge
UNIPLY,2020-01-01,2020-09-11,175,,0,OBSERVED_SYMBOL_HISTORY_NOT_STITCHED,False,exact_observed_symbol_no_fuzzy_merge
UNITDSPR,2024-06-07,2026-09-11,561,,1,OBSERVED_SYMBOL_HISTORY_NOT_STITCHED,False,exact_observed_symbol_no_fuzzy_merge
UNITECH,2025-10-07,2026-09-11,231,,1,OBSERVED_SYMBOL_HISTORY_NOT_STITCHED,False,exact_observed_symbol_no_fuzzy_merge
UNITEDBNK,2020-01-01,2020-03-20,56,,0,OBSERVED_SYMBOL_HISTORY_NOT_STITCHED,False,exact_observed_symbol_no_fuzzy_merge
UNITEDPOLY,2021-12-31,2026-09-11,688,,2,MULTIPLE_ISIN_OBSERVED_NO_IDENTITY_INFERENCE,True,exact_observed_symbol_no_fuzzy_merge
UNITEDTEA,2020-01-01,2026-09-11,1660,,1,OBSERVED_SYMBOL_HISTORY_NOT_STITCHED,False,exact_observed_symbol_no_fuzzy_merge
UNIVAFOODS,2023-09-18,2023-12-18,7,,0,OBSERVED_SYMBOL_HISTORY_NOT_STITCHED,False,exact_observed_symbol_no_fuzzy_merge
UNIVASTU,2020-06-22,2026-07-01,1259,,1,OBSERVED_SYMBOL_HISTORY_NOT_STITCHED,False,exact_observed_symbol_no_fuzzy_merge
UNIVCABLES,2020-01-01,2026-09-11,1660,,1,OBSERVED_SYMBOL_HISTORY_NOT_STITCHED,False,exact_observed_symbol_no_fuzzy_merge
UNIVPHOTO,2020-03-02,2026-02-20,1290,,1,OBSERVED_SYMBOL_HISTORY_NOT_STITCHED,False,exact_observed_symbol_no_fuzzy_merge
UNOMINDA,2022-08-05,2026-09-11,1013,,1,OBSERVED_SYMBOL_HISTORY_NOT_STITCHED,False,exact_observed_symbol_no_fuzzy_merge
UPHOT,2026-08-18,2026-09-11,14,,1,OBSERVED_SYMBOL_HISTORY_NOT_STITCHED,False,exact_observed_symbol_no_fuzzy_merge
UPL,2020-01-01,2026-09-11,1660,,1,OBSERVED_SYMBOL_HISTORY_NOT_STITCHED,False,exact_observed_symbol_no_fuzzy_merge
URAVI,2023-07-05,2025-01-15,245,URAVIDEF,1,OBJECTIVE_SAME_ISIN_ALIAS_OBSERVED_NO_STITCH,True,exact_observed_symbol_no_fuzzy_merge
URAVIDEF,2025-01-16,2026-07-02,245,URAVI,1,OBJECTIVE_SAME_ISIN_ALIAS_OBSERVED_NO_STITCH,True,exact_observed_symbol_no_fuzzy_merge
URBANCO,2025-09-17,2026-09-11,244,,1,OBSERVED_SYMBOL_HISTORY_NOT_STITCHED,False,exact_observed_symbol_no_fuzzy_merge
URJA,2020-03-04,2026-09-11,1162,,1,OBSERVED_SYMBOL_HISTORY_NOT_STITCHED,False,exact_observed_symbol_no_fuzzy_merge
USHAMART,2020-01-01,2026-09-11,1660,,1,OBSERVED_SYMBOL_HISTORY_NOT_STITCHED,False,exact_observed_symbol_no_fuzzy_merge
USK,2023-04-20,2026-09-11,643,,1,OBSERVED_SYMBOL_HISTORY_NOT_STITCHED,False,exact_observed_symbol_no_fuzzy_merge
UTIAMC,2020-10-12,2026-09-11,1466,,1,OBSERVED_SYMBOL_HISTORY_NOT_STITCHED,False,exact_observed_symbol_no_fuzzy_merge
UTIBANKETF,2020-09-04,2025-12-23,1314,BANKBETA,1,OBJECTIVE_SAME_ISIN_ALIAS_OBSERVED_NO_STITCH,True,exact_observed_symbol_no_fuzzy_merge
UTINEXT50,2020-01-01,2025-12-23,1482,NEXT50BETA,1,OBJECTIVE_SAME_ISIN_ALIAS_OBSERVED_NO_STITCH,True,exact_observed_symbol_no_fuzzy_merge
UTINIFTETF,2020-01-01,2025-12-23,1483,NIFTYBETA,1,OBJECTIVE_SAME_ISIN_ALIAS_OBSERVED_NO_STITCH,True,exact_observed_symbol_no_fuzzy_merge
UTISENSETF,2020-01-01,2025-12-23,1483,SENSEXBETA,1,OBJECTIVE_SAME_ISIN_ALIAS_OBSERVED_NO_STITCH,True,exact_observed_symbol_no_fuzzy_merge
UTISXN50,2020-01-03,2025-12-23,1461,SNXT50BETA,1,OBJECTIVE_SAME_ISIN_ALIAS_OBSERVED_NO_STITCH,True,exact_observed_symbol_no_fuzzy_merge
UTKARSHBNK,2023-07-21,2026-09-11,777,,1,OBSERVED_SYMBOL_HISTORY_NOT_STITCHED,False,exact_observed_symbol_no_fuzzy_merge
UTLSOLAR,2025-11-20,2026-09-11,194,,1,OBSERVED_SYMBOL_HISTORY_NOT_STITCHED,False,exact_observed_symbol_no_fuzzy_merge
UTTAMSTL,2020-01-01,2022-05-24,365,,0,OBSERVED_SYMBOL_HISTORY_NOT_STITCHED,False,exact_observed_symbol_no_fuzzy_merge
UTTAMSUGAR,2020-01-01,2026-09-11,1594,,1,OBSERVED_SYMBOL_HISTORY_NOT_STITCHED,False,exact_observed_symbol_no_fuzzy_merge
UVSL,2020-01-01,2020-11-20,118,,0,OBSERVED_SYMBOL_HISTORY_NOT_STITCHED,False,exact_observed_symbol_no_fuzzy_merge
UYFINCORP,2024-10-03,2026-08-10,391,,1,OBSERVED_SYMBOL_HISTORY_NOT_STITCHED,False,exact_observed_symbol_no_fuzzy_merge
V2RETAIL,2020-01-01,2026-09-11,1133,,2,MULTIPLE_ISIN_OBSERVED_NO_IDENTITY_INFERENCE,True,exact_observed_symbol_no_fuzzy_merge
VADILALIND,2020-01-01,2026-09-11,1660,,1,OBSERVED_SYMBOL_HISTORY_NOT_STITCHED,False,exact_observed_symbol_no_fuzzy_merge
VADILENT,2026-08-17,2026-09-11,18,,1,OBSERVED_SYMBOL_HISTORY_NOT_STITCHED,False,exact_observed_symbol_no_fuzzy_merge
VAIBHAVGBL,2020-01-01,2026-09-11,1660,,1,OBSERVED_SYMBOL_HISTORY_NOT_STITCHED,False,exact_observed_symbol_no_fuzzy_merge
VAISHALI,2020-01-15,2026-09-11,1410,,2,MULTIPLE_ISIN_OBSERVED_NO_IDENTITY_INFERENCE,True,exact_observed_symbol_no_fuzzy_merge
VAKRANGEE,2020-01-01,2026-09-11,1582,,1,OBSERVED_SYMBOL_HISTORY_NOT_STITCHED,False,exact_observed_symbol_no_fuzzy_merge
VAL30IETF,2024-10-22,2026-09-11,468,,1,OBSERVED_SYMBOL_HISTORY_NOT_STITCHED,False,exact_observed_symbol_no_fuzzy_merge
VALIANTLAB,2023-10-20,2026-08-27,594,,1,OBSERVED_SYMBOL_HISTORY_NOT_STITCHED,False,exact_observed_symbol_no_fuzzy_merge
VALIANTORG,2020-10-05,2026-06-19,1317,,1,OBSERVED_SYMBOL_HISTORY_NOT_STITCHED,False,exact_observed_symbol_no_fuzzy_merge
VALUE,2026-03-27,2026-09-11,115,,1,OBSERVED_SYMBOL_HISTORY_NOT_STITCHED,False,exact_observed_symbol_no_fuzzy_merge
VALUEAXIS,2026-07-03,2026-09-11,51,AXISVALUE,1,OBJECTIVE_SAME_ISIN_ALIAS_OBSERVED_NO_STITCH,True,exact_observed_symbol_no_fuzzy_merge
VAML,2026-06-30,2026-09-11,54,,1,OBSERVED_SYMBOL_HISTORY_NOT_STITCHED,False,exact_observed_symbol_no_fuzzy_merge
VARDHACRLC,2020-01-01,2026-07-02,1609,,1,OBSERVED_SYMBOL_HISTORY_NOT_STITCHED,False,exact_observed_symbol_no_fuzzy_merge
VARDMNPOLY,2020-03-04,2026-09-11,1022,,1,OBSERVED_SYMBOL_HISTORY_NOT_STITCHED,False,exact_observed_symbol_no_fuzzy_merge
VARROC,2020-01-01,2026-09-11,1660,,1,OBSERVED_SYMBOL_HISTORY_NOT_STITCHED,False,exact_observed_symbol_no_fuzzy_merge
VASCONEQ,2020-01-01,2026-09-11,1553,,1,OBSERVED_SYMBOL_HISTORY_NOT_STITCHED,False,exact_observed_symbol_no_fuzzy_merge
VASUPRADA,2026-08-17,2026-09-10,14,,1,OBSERVED_SYMBOL_HISTORY_NOT_STITCHED,False,exact_observed_symbol_no_fuzzy_merge
VASWANI,2020-01-01,2026-09-11,1337,,1,OBSERVED_SYMBOL_HISTORY_NOT_STITCHED,False,exact_observed_symbol_no_fuzzy_merge
VBL,2020-01-01,2026-09-11,1660,,2,MULTIPLE_ISIN_OBSERVED_NO_IDENTITY_INFERENCE,True,exact_observed_symbol_no_fuzzy_merge
VCL,2022-04-19,2026-08-19,580,,1,OBSERVED_SYMBOL_HISTORY_NOT_STITCHED,False,exact_observed_symbol_no_fuzzy_merge
VEDAVAAG,2026-08-17,2026-09-11,20,,1,OBSERVED_SYMBOL_HISTORY_NOT_STITCHED,False,exact_observed_symbol_no_fuzzy_merge
VEDL,2020-01-01,2026-09-11,1660,,1,OBSERVED_SYMBOL_HISTORY_NOT_STITCHED,False,exact_observed_symbol_no_fuzzy_merge
VEDPOWER,2026-06-30,2026-09-11,54,,1,OBSERVED_SYMBOL_HISTORY_NOT_STITCHED,False,exact_observed_symbol_no_fuzzy_merge
VEEDOL,2024-10-09,2026-09-11,477,TIDEWATER,1,OBJECTIVE_SAME_ISIN_ALIAS_OBSERVED_NO_STITCH,True,exact_observed_symbol_no_fuzzy_merge
VELJAN,2026-04-20,2026-07-02,51,,1,OBSERVED_SYMBOL_HISTORY_NOT_STITCHED,False,exact_observed_symbol_no_fuzzy_merge
VENKEYS,2020-01-01,2026-09-11,1660,,1,OBSERVED_SYMBOL_HISTORY_NOT_STITCHED,False,exact_observed_symbol_no_fuzzy_merge
VENTIVE,2024-12-30,2026-09-11,422,,1,OBSERVED_SYMBOL_HISTORY_NOT_STITCHED,False,exact_observed_symbol_no_fuzzy_merge
VENUSPIPES,2022-06-07,2026-09-11,1056,,1,OBSERVED_SYMBOL_HISTORY_NOT_STITCHED,False,exact_observed_symbol_no_fuzzy_merge
VENUSREM,2020-01-01,2026-06-12,1268,,1,OBSERVED_SYMBOL_HISTORY_NOT_STITCHED,False,exact_observed_symbol_no_fuzzy_merge
VERANDA,2022-04-27,2026-09-11,1027,,1,OBSERVED_SYMBOL_HISTORY_NOT_STITCHED,False,exact_observed_symbol_no_fuzzy_merge
VERTOZ,2020-05-14,2026-09-11,1157,,2,MULTIPLE_ISIN_OBSERVED_NO_IDENTITY_INFERENCE,True,exact_observed_symbol_no_fuzzy_merge
VESUVIUS,2020-01-01,2026-09-11,1660,,2,MULTIPLE_ISIN_OBSERVED_NO_IDENTITY_INFERENCE,True,exact_observed_symbol_no_fuzzy_merge
VETO,2020-01-01,2026-06-18,1503,,1,OBSERVED_SYMBOL_HISTORY_NOT_STITCHED,False,exact_observed_symbol_no_fuzzy_merge
VGCL,2026-08-17,2026-09-11,20,,1,OBSERVED_SYMBOL_HISTORY_NOT_STITCHED,False,exact_observed_symbol_no_fuzzy_merge
VGL,2025-12-01,2026-09-11,194,AARVEEDEN,2,OBJECTIVE_SAME_ISIN_ALIAS_OBSERVED_NO_STITCH,True,exact_observed_symbol_no_fuzzy_merge
VGUARD,2020-01-01,2026-09-11,1660,,1,OBSERVED_SYMBOL_HISTORY_NOT_STITCHED,False,exact_observed_symbol_no_fuzzy_merge
VHL,2020-01-01,2026-09-11,1645,,1,OBSERVED_SYMBOL_HISTORY_NOT_STITCHED,False,exact_observed_symbol_no_fuzzy_merge
VIDHIING,2020-01-01,2026-09-11,1660,,1,OBSERVED_SYMBOL_HISTORY_NOT_STITCHED,False,exact_observed_symbol_no_fuzzy_merge
VIDYAWIRES,2025-12-10,2026-09-11,187,,1,OBSERVED_SYMBOL_HISTORY_NOT_STITCHED,False,exact_observed_symbol_no_fuzzy_merge
VIJAYA,2021-09-14,2026-09-11,1237,,1,OBSERVED_SYMBOL_HISTORY_NOT_STITCHED,False,exact_observed_symbol_no_fuzzy_merge
VIJIFIN,2020-01-01,2026-03-18,832,,1,OBSERVED_SYMBOL_HISTORY_NOT_STITCHED,False,exact_observed_symbol_no_fuzzy_merge
VIJSOLX,2026-08-17,2026-09-11,20,,1,OBSERVED_SYMBOL_HISTORY_NOT_STITCHED,False,exact_observed_symbol_no_fuzzy_merge
VIKASECO,2020-01-01,2026-09-11,1413,,1,OBSERVED_SYMBOL_HISTORY_NOT_STITCHED,False,exact_observed_symbol_no_fuzzy_merge
VIKASLIFE,2021-05-06,2026-09-11,1093,,1,OBSERVED_SYMBOL_HISTORY_NOT_STITCHED,False,exact_observed_symbol_no_fuzzy_merge
VIKASMCORP,2020-01-01,2021-05-05,262,,0,OBSERVED_SYMBOL_HISTORY_NOT_STITCHED,False,exact_observed_symbol_no_fuzzy_merge
VIKASPROP,2020-01-01,2022-08-22,600,,0,OBSERVED_SYMBOL_HISTORY_NOT_STITCHED,False,exact_observed_symbol_no_fuzzy_merge
VIKASWSP,2020-01-01,2022-04-22,524,,0,OBSERVED_SYMBOL_HISTORY_NOT_STITCHED,False,exact_observed_symbol_no_fuzzy_merge
VIKRAMSOLR,2025-08-26,2026-09-11,254,,1,OBSERVED_SYMBOL_HISTORY_NOT_STITCHED,False,exact_observed_symbol_no_fuzzy_merge
VIKRAN,2025-09-03,2026-09-11,254,,1,OBSERVED_SYMBOL_HISTORY_NOT_STITCHED,False,exact_observed_symbol_no_fuzzy_merge
VIMTALABS,2020-01-01,2026-09-11,1601,,1,OBSERVED_SYMBOL_HISTORY_NOT_STITCHED,False,exact_observed_symbol_no_fuzzy_merge
VINATIORGA,2020-01-01,2026-09-11,1660,,1,OBSERVED_SYMBOL_HISTORY_NOT_STITCHED,False,exact_observed_symbol_no_fuzzy_merge
VINCOFE,2024-10-18,2026-09-11,470,,1,OBSERVED_SYMBOL_HISTORY_NOT_STITCHED,False,exact_observed_symbol_no_fuzzy_merge
VINDHYATEL,2020-01-01,2026-09-11,1660,,1,OBSERVED_SYMBOL_HISTORY_NOT_STITCHED,False,exact_observed_symbol_no_fuzzy_merge
VINEETLAB,2021-06-29,2026-09-11,1026,,1,OBSERVED_SYMBOL_HISTORY_NOT_STITCHED,False,exact_observed_symbol_no_fuzzy_merge
VINNY,2022-11-28,2026-09-11,401,,1,OBSERVED_SYMBOL_HISTORY_NOT_STITCHED,False,exact_observed_symbol_no_fuzzy_merge
VINYLINDIA,2020-01-01,2026-09-11,1532,,1,OBSERVED_SYMBOL_HISTORY_NOT_STITCHED,False,exact_observed_symbol_no_fuzzy_merge
VIPCLOTHNG,2020-01-01,2026-09-11,1167,,1,OBSERVED_SYMBOL_HISTORY_NOT_STITCHED,False,exact_observed_symbol_no_fuzzy_merge
VIPIND,2020-01-01,2026-09-11,1660,,1,OBSERVED_SYMBOL_HISTORY_NOT_STITCHED,False,exact_observed_symbol_no_fuzzy_merge
VIPULLTD,2020-01-01,2026-07-07,1064,,1,OBSERVED_SYMBOL_HISTORY_NOT_STITCHED,False,exact_observed_symbol_no_fuzzy_merge
VIRAT,2026-08-17,2026-09-11,20,,1,OBSERVED_SYMBOL_HISTORY_NOT_STITCHED,False,exact_observed_symbol_no_fuzzy_merge
VIRINCHI,2023-05-03,2026-09-11,619,,1,OBSERVED_SYMBOL_HISTORY_NOT_STITCHED,False,exact_observed_symbol_no_fuzzy_merge
VIRTUALG,2026-08-17,2026-09-02,13,,1,OBSERVED_SYMBOL_HISTORY_NOT_STITCHED,False,exact_observed_symbol_no_fuzzy_merge
VISACHROME,2026-08-17,2026-09-11,20,VISASTEEL,1,OBJECTIVE_SAME_ISIN_ALIAS_OBSERVED_NO_STITCH,True,exact_observed_symbol_no_fuzzy_merge
VISAKAIND,2020-01-01,2026-09-11,1596,,1,OBSERVED_SYMBOL_HISTORY_NOT_STITCHED,False,exact_observed_symbol_no_fuzzy_merge
VISASTEEL,2020-01-01,2026-05-13,599,VISACHROME,1,OBJECTIVE_SAME_ISIN_ALIAS_OBSERVED_NO_STITCH,True,exact_observed_symbol_no_fuzzy_merge
VISESHINFO,2022-03-29,2023-09-14,293,,0,OBSERVED_SYMBOL_HISTORY_NOT_STITCHED,False,exact_observed_symbol_no_fuzzy_merge
VISHAL,2020-08-31,2026-09-11,847,,1,OBSERVED_SYMBOL_HISTORY_NOT_STITCHED,False,exact_observed_symbol_no_fuzzy_merge
VISHNU,2020-01-01,2026-09-11,1449,,1,OBSERVED_SYMBOL_HISTORY_NOT_STITCHED,False,exact_observed_symbol_no_fuzzy_merge
VISHWARAJ,2020-01-01,2026-09-11,1639,,1,OBSERVED_SYMBOL_HISTORY_NOT_STITCHED,False,exact_observed_symbol_no_fuzzy_merge
VISL,2026-06-30,2026-09-11,54,,1,OBSERVED_SYMBOL_HISTORY_NOT_STITCHED,False,exact_observed_symbol_no_fuzzy_merge
VITAL,2026-03-11,2026-09-11,33,,1,OBSERVED_SYMBOL_HISTORY_NOT_STITCHED,False,exact_observed_symbol_no_fuzzy_merge
VIVIANA,2026-09-07,2026-09-11,5,,1,OBSERVED_SYMBOL_HISTORY_NOT_STITCHED,False,exact_observed_symbol_no_fuzzy_merge
VIVIDHA,2020-03-04,2026-09-11,1094,,1,OBSERVED_SYMBOL_HISTORY_NOT_STITCHED,False,exact_observed_symbol_no_fuzzy_merge
VIVIMEDLAB,2020-01-01,2026-04-16,682,,1,OBSERVED_SYMBOL_HISTORY_NOT_STITCHED,False,exact_observed_symbol_no_fuzzy_merge
VIVOBIOT,2026-08-17,2026-09-11,20,,1,OBSERVED_SYMBOL_HISTORY_NOT_STITCHED,False,exact_observed_symbol_no_fuzzy_merge
VIYASH,2026-01-23,2026-09-11,157,SEQUENT,1,OBJECTIVE_SAME_ISIN_ALIAS_OBSERVED_NO_STITCH,True,exact_observed_symbol_no_fuzzy_merge
VLEGOV,2023-08-29,2026-09-11,357,,1,OBSERVED_SYMBOL_HISTORY_NOT_STITCHED,False,exact_observed_symbol_no_fuzzy_merge
VLSFINANCE,2020-01-01,2026-09-11,1660,,1,OBSERVED_SYMBOL_HISTORY_NOT_STITCHED,False,exact_observed_symbol_no_fuzzy_merge
VMART,2020-01-01,2026-09-11,1660,,1,OBSERVED_SYMBOL_HISTORY_NOT_STITCHED,False,exact_observed_symbol_no_fuzzy_merge
VMM,2024-12-18,2026-09-11,429,,1,OBSERVED_SYMBOL_HISTORY_NOT_STITCHED,False,exact_observed_symbol_no_fuzzy_merge
VMSTMT,2025-10-09,2026-09-11,162,,1,OBSERVED_SYMBOL_HISTORY_NOT_STITCHED,False,exact_observed_symbol_no_fuzzy_merge
VOEPL,2026-07-01,2026-09-11,53,,1,OBSERVED_SYMBOL_HISTORY_NOT_STITCHED,False,exact_observed_symbol_no_fuzzy_merge
VOGL,2026-06-30,2026-09-11,54,,1,OBSERVED_SYMBOL_HISTORY_NOT_STITCHED,False,exact_observed_symbol_no_fuzzy_merge
VOITHPAPR,2026-08-17,2026-09-11,20,,1,OBSERVED_SYMBOL_HISTORY_NOT_STITCHED,False,exact_observed_symbol_no_fuzzy_merge
VOLTAMP,2020-01-01,2026-09-11,1660,,1,OBSERVED_SYMBOL_HISTORY_NOT_STITCHED,False,exact_observed_symbol_no_fuzzy_merge
VOLTAS,2020-01-01,2026-09-11,1660,,1,OBSERVED_SYMBOL_HISTORY_NOT_STITCHED,False,exact_observed_symbol_no_fuzzy_merge
VPRPL,2023-09-05,2026-09-11,678,,1,OBSERVED_SYMBOL_HISTORY_NOT_STITCHED,False,exact_observed_symbol_no_fuzzy_merge
VRAJ,2024-07-18,2026-09-11,534,,1,OBSERVED_SYMBOL_HISTORY_NOT_STITCHED,False,exact_observed_symbol_no_fuzzy_merge
VRLLOG,2020-01-01,2026-09-11,1660,,1,OBSERVED_SYMBOL_HISTORY_NOT_STITCHED,False,exact_observed_symbol_no_fuzzy_merge
VSSL,2020-01-01,2026-09-11,1617,,1,OBSERVED_SYMBOL_HISTORY_NOT_STITCHED,False,exact_observed_symbol_no_fuzzy_merge
VSTIND,2020-01-01,2026-09-11,1660,,1,OBSERVED_SYMBOL_HISTORY_NOT_STITCHED,False,exact_observed_symbol_no_fuzzy_merge
VSTL,2024-03-05,2026-09-11,534,,1,OBSERVED_SYMBOL_HISTORY_NOT_STITCHED,False,exact_observed_symbol_no_fuzzy_merge
VSTTILLERS,2020-01-01,2026-09-11,1660,,1,OBSERVED_SYMBOL_HISTORY_NOT_STITCHED,False,exact_observed_symbol_no_fuzzy_merge
VTL,2020-01-01,2026-09-11,1660,,1,OBSERVED_SYMBOL_HISTORY_NOT_STITCHED,False,exact_observed_symbol_no_fuzzy_merge
VTMLTD,2026-08-17,2026-09-11,20,,1,OBSERVED_SYMBOL_HISTORY_NOT_STITCHED,False,exact_observed_symbol_no_fuzzy_merge
WAAREEENER,2024-10-28,2026-09-11,464,,1,OBSERVED_SYMBOL_HISTORY_NOT_STITCHED,False,exact_observed_symbol_no_fuzzy_merge
WAAREEINDO,2026-01-01,2026-09-11,90,,1,OBSERVED_SYMBOL_HISTORY_NOT_STITCHED,False,exact_observed_symbol_no_fuzzy_merge
WAAREERTL,2025-04-09,2026-09-11,353,,1,OBSERVED_SYMBOL_HISTORY_NOT_STITCHED,False,exact_observed_symbol_no_fuzzy_merge
WABAG,2020-01-01,2026-09-11,1660,,1,OBSERVED_SYMBOL_HISTORY_NOT_STITCHED,False,exact_observed_symbol_no_fuzzy_merge
WABCOINDIA,2020-01-01,2022-03-31,560,,0,OBSERVED_SYMBOL_HISTORY_NOT_STITCHED,False,exact_observed_symbol_no_fuzzy_merge
WAKEFIT,2025-12-15,2026-09-11,184,,1,OBSERVED_SYMBOL_HISTORY_NOT_STITCHED,False,exact_observed_symbol_no_fuzzy_merge
WALCHANNAG,2020-01-01,2026-09-11,1288,,1,OBSERVED_SYMBOL_HISTORY_NOT_STITCHED,False,exact_observed_symbol_no_fuzzy_merge
WANBURY,2024-04-08,2026-09-11,397,,1,OBSERVED_SYMBOL_HISTORY_NOT_STITCHED,False,exact_observed_symbol_no_fuzzy_merge
WARDINMOBI,2026-08-17,2026-09-11,20,,1,OBSERVED_SYMBOL_HISTORY_NOT_STITCHED,False,exact_observed_symbol_no_fuzzy_merge
WATERBASE,2020-01-01,2026-09-11,968,,1,OBSERVED_SYMBOL_HISTORY_NOT_STITCHED,False,exact_observed_symbol_no_fuzzy_merge
WCIL,2024-09-24,2026-09-11,487,,1,OBSERVED_SYMBOL_HISTORY_NOT_STITCHED,False,exact_observed_symbol_no_fuzzy_merge
WEALTH,2021-01-21,2026-09-11,881,,1,OBSERVED_SYMBOL_HISTORY_NOT_STITCHED,False,exact_observed_symbol_no_fuzzy_merge
WEBELSOLAR,2020-01-01,2026-09-11,1383,,2,MULTIPLE_ISIN_OBSERVED_NO_IDENTITY_INFERENCE,True,exact_observed_symbol_no_fuzzy_merge
WEIZFOREX,2020-01-01,2020-02-26,40,,0,OBSERVED_SYMBOL_HISTORY_NOT_STITCHED,False,exact_observed_symbol_no_fuzzy_merge
WEIZMANIND,2020-01-01,2026-09-11,1484,,1,OBSERVED_SYMBOL_HISTORY_NOT_STITCHED,False,exact_observed_symbol_no_fuzzy_merge
WEL,2023-01-04,2026-09-11,777,,2,MULTIPLE_ISIN_OBSERVED_NO_IDENTITY_INFERENCE,True,exact_observed_symbol_no_fuzzy_merge
WELCORP,2020-01-01,2026-09-11,1660,,1,OBSERVED_SYMBOL_HISTORY_NOT_STITCHED,False,exact_observed_symbol_no_fuzzy_merge
WELENT,2020-01-01,2026-09-11,1660,,1,OBSERVED_SYMBOL_HISTORY_NOT_STITCHED,False,exact_observed_symbol_no_fuzzy_merge
WELINV,2020-01-01,2026-05-27,1328,,1,OBSERVED_SYMBOL_HISTORY_NOT_STITCHED,False,exact_observed_symbol_no_fuzzy_merge
WELSPLSOL,2026-04-20,2026-09-11,102,,1,OBSERVED_SYMBOL_HISTORY_NOT_STITCHED,False,exact_observed_symbol_no_fuzzy_merge
WELSPUNIND,2020-01-01,2023-12-13,981,,0,OBSERVED_SYMBOL_HISTORY_NOT_STITCHED,False,exact_observed_symbol_no_fuzzy_merge
WELSPUNLIV,2023-12-14,2026-09-11,679,,1,OBSERVED_SYMBOL_HISTORY_NOT_STITCHED,False,exact_observed_symbol_no_fuzzy_merge
WENDT,2020-01-01,2026-09-11,1660,,1,OBSERVED_SYMBOL_HISTORY_NOT_STITCHED,False,exact_observed_symbol_no_fuzzy_merge
WESTLIFE,2020-01-01,2026-09-11,1660,,1,OBSERVED_SYMBOL_HISTORY_NOT_STITCHED,False,exact_observed_symbol_no_fuzzy_merge
WEWIN,2022-06-15,2026-09-11,540,,1,OBSERVED_SYMBOL_HISTORY_NOT_STITCHED,False,exact_observed_symbol_no_fuzzy_merge
WEWORK,2025-10-10,2026-09-11,228,,1,OBSERVED_SYMBOL_HISTORY_NOT_STITCHED,False,exact_observed_symbol_no_fuzzy_merge
WFL,2022-01-17,2023-01-03,151,,0,OBSERVED_SYMBOL_HISTORY_NOT_STITCHED,False,exact_observed_symbol_no_fuzzy_merge
WHBRADY,2026-08-18,2026-09-10,16,,1,OBSERVED_SYMBOL_HISTORY_NOT_STITCHED,False,exact_observed_symbol_no_fuzzy_merge
WHEELS,2020-01-01,2026-09-11,1660,,1,OBSERVED_SYMBOL_HISTORY_NOT_STITCHED,False,exact_observed_symbol_no_fuzzy_merge
WHIRLPOOL,2020-01-01,2026-09-11,1660,,1,OBSERVED_SYMBOL_HISTORY_NOT_STITCHED,False,exact_observed_symbol_no_fuzzy_merge
WILLAMAGOR,2020-01-01,2026-09-11,1429,,1,OBSERVED_SYMBOL_HISTORY_NOT_STITCHED,False,exact_observed_symbol_no_fuzzy_merge
WIMPLAST,2026-04-20,2026-06-08,34,,1,OBSERVED_SYMBOL_HISTORY_NOT_STITCHED,False,exact_observed_symbol_no_fuzzy_merge
WINDLAS,2021-08-16,2026-09-11,1256,,1,OBSERVED_SYMBOL_HISTORY_NOT_STITCHED,False,exact_observed_symbol_no_fuzzy_merge
WINDMACHIN,2020-01-01,2026-09-11,1509,,1,OBSERVED_SYMBOL_HISTORY_NOT_STITCHED,False,exact_observed_symbol_no_fuzzy_merge
WINPRO,2021-12-22,2023-04-28,315,,0,OBSERVED_SYMBOL_HISTORY_NOT_STITCHED,False,exact_observed_symbol_no_fuzzy_merge
WINSOME,2023-10-03,2023-11-10,28,,0,OBSERVED_SYMBOL_HISTORY_NOT_STITCHED,False,exact_observed_symbol_no_fuzzy_merge
WIPL,2024-04-22,2026-09-11,504,,1,OBSERVED_SYMBOL_HISTORY_NOT_STITCHED,False,exact_observed_symbol_no_fuzzy_merge
WIPRO,2020-01-01,2026-09-11,1660,,1,OBSERVED_SYMBOL_HISTORY_NOT_STITCHED,False,exact_observed_symbol_no_fuzzy_merge
WOCKPHARMA,2020-01-01,2026-09-11,1545,,1,OBSERVED_SYMBOL_HISTORY_NOT_STITCHED,False,exact_observed_symbol_no_fuzzy_merge
WONDERLA,2020-01-01,2026-09-11,1660,,1,OBSERVED_SYMBOL_HISTORY_NOT_STITCHED,False,exact_observed_symbol_no_fuzzy_merge
WORTH,2020-08-04,2025-10-09,1286,WORTHPERI,1,OBJECTIVE_SAME_ISIN_ALIAS_OBSERVED_NO_STITCH,True,exact_observed_symbol_no_fuzzy_merge
WORTHPERI,2025-10-10,2026-09-11,228,WORTH,1,OBJECTIVE_SAME_ISIN_ALIAS_OBSERVED_NO_STITCH,True,exact_observed_symbol_no_fuzzy_merge
WPIL,2026-04-20,2026-09-11,102,,1,OBSERVED_SYMBOL_HISTORY_NOT_STITCHED,False,exact_observed_symbol_no_fuzzy_merge
WSI,2020-01-01,2026-09-11,715,,1,OBSERVED_SYMBOL_HISTORY_NOT_STITCHED,False,exact_observed_symbol_no_fuzzy_merge
WSTCSTPAPR,2020-01-01,2026-09-11,1660,,1,OBSERVED_SYMBOL_HISTORY_NOT_STITCHED,False,exact_observed_symbol_no_fuzzy_merge
XCHANGING,2020-01-01,2026-09-11,1660,,1,OBSERVED_SYMBOL_HISTORY_NOT_STITCHED,False,exact_observed_symbol_no_fuzzy_merge
XELPMOC,2020-01-01,2026-09-11,1184,,1,OBSERVED_SYMBOL_HISTORY_NOT_STITCHED,False,exact_observed_symbol_no_fuzzy_merge
XPROINDIA,2020-01-01,2026-09-11,1317,,1,OBSERVED_SYMBOL_HISTORY_NOT_STITCHED,False,exact_observed_symbol_no_fuzzy_merge
XTGLOBAL,2024-09-16,2026-09-11,493,,1,OBSERVED_SYMBOL_HISTORY_NOT_STITCHED,False,exact_observed_symbol_no_fuzzy_merge
XTRANET,2026-08-13,2026-09-11,22,,1,OBSERVED_SYMBOL_HISTORY_NOT_STITCHED,False,exact_observed_symbol_no_fuzzy_merge
YAARI,2021-12-15,2025-05-28,468,IBULLSLTD,1,OBJECTIVE_SAME_ISIN_ALIAS_OBSERVED_NO_STITCH,True,exact_observed_symbol_no_fuzzy_merge
YAARII,2020-12-08,2021-12-14,187,,0,OBSERVED_SYMBOL_HISTORY_NOT_STITCHED,False,exact_observed_symbol_no_fuzzy_merge
YASHO,2023-08-21,2026-09-11,757,,1,OBSERVED_SYMBOL_HISTORY_NOT_STITCHED,False,exact_observed_symbol_no_fuzzy_merge
YATHARTH,2023-08-07,2026-09-11,766,,1,OBSERVED_SYMBOL_HISTORY_NOT_STITCHED,False,exact_observed_symbol_no_fuzzy_merge
YATRA,2023-09-28,2026-09-11,730,,1,OBSERVED_SYMBOL_HISTORY_NOT_STITCHED,False,exact_observed_symbol_no_fuzzy_merge
YESBANK,2020-01-01,2026-09-11,1660,,1,OBSERVED_SYMBOL_HISTORY_NOT_STITCHED,False,exact_observed_symbol_no_fuzzy_merge
YOGI,2026-08-18,2026-09-11,19,,1,OBSERVED_SYMBOL_HISTORY_NOT_STITCHED,False,exact_observed_symbol_no_fuzzy_merge
YUKEN,2021-09-02,2026-09-11,1244,,1,OBSERVED_SYMBOL_HISTORY_NOT_STITCHED,False,exact_observed_symbol_no_fuzzy_merge
ZAGGLE,2023-09-22,2026-09-11,677,,1,OBSERVED_SYMBOL_HISTORY_NOT_STITCHED,False,exact_observed_symbol_no_fuzzy_merge
ZEEL,2020-01-01,2026-09-11,1660,,1,OBSERVED_SYMBOL_HISTORY_NOT_STITCHED,False,exact_observed_symbol_no_fuzzy_merge
ZEELEARN,2020-01-01,2026-06-09,1190,,1,OBSERVED_SYMBOL_HISTORY_NOT_STITCHED,False,exact_observed_symbol_no_fuzzy_merge
ZEEMEDIA,2020-03-04,2026-09-11,1277,,1,OBSERVED_SYMBOL_HISTORY_NOT_STITCHED,False,exact_observed_symbol_no_fuzzy_merge
ZENITHBIR,2020-01-01,2020-06-15,22,,0,OBSERVED_SYMBOL_HISTORY_NOT_STITCHED,False,exact_observed_symbol_no_fuzzy_merge
ZENITHEXPO,2020-03-04,2026-09-11,1130,,1,OBSERVED_SYMBOL_HISTORY_NOT_STITCHED,False,exact_observed_symbol_no_fuzzy_merge
ZENITHSTL,2021-01-11,2026-09-11,699,,1,OBSERVED_SYMBOL_HISTORY_NOT_STITCHED,False,exact_observed_symbol_no_fuzzy_merge
ZENSARTECH,2020-01-01,2026-09-11,1660,,1,OBSERVED_SYMBOL_HISTORY_NOT_STITCHED,False,exact_observed_symbol_no_fuzzy_merge
ZENTEC,2020-01-01,2026-09-11,1580,,1,OBSERVED_SYMBOL_HISTORY_NOT_STITCHED,False,exact_observed_symbol_no_fuzzy_merge
ZFCVINDIA,2022-04-01,2026-09-11,1100,,1,OBSERVED_SYMBOL_HISTORY_NOT_STITCHED,False,exact_observed_symbol_no_fuzzy_merge
ZFSTEERING,2026-04-21,2026-09-11,101,,1,OBSERVED_SYMBOL_HISTORY_NOT_STITCHED,False,exact_observed_symbol_no_fuzzy_merge
ZICOM,2020-03-04,2020-11-27,66,,0,OBSERVED_SYMBOL_HISTORY_NOT_STITCHED,False,exact_observed_symbol_no_fuzzy_merge
ZIMLAB,2022-11-25,2026-09-11,874,,1,OBSERVED_SYMBOL_HISTORY_NOT_STITCHED,False,exact_observed_symbol_no_fuzzy_merge
ZODIAC,2021-12-14,2026-09-11,516,,1,OBSERVED_SYMBOL_HISTORY_NOT_STITCHED,False,exact_observed_symbol_no_fuzzy_merge
ZODIACLOTH,2020-01-01,2026-09-11,1591,,1,OBSERVED_SYMBOL_HISTORY_NOT_STITCHED,False,exact_observed_symbol_no_fuzzy_merge
ZODJRDMKJ,2020-01-01,2021-09-20,371,,0,OBSERVED_SYMBOL_HISTORY_NOT_STITCHED,False,exact_observed_symbol_no_fuzzy_merge
ZOMATO,2021-07-23,2025-04-08,919,ETERNAL,1,OBJECTIVE_SAME_ISIN_ALIAS_OBSERVED_NO_STITCH,True,exact_observed_symbol_no_fuzzy_merge
ZOTA,2020-01-01,2026-09-11,1660,,1,OBSERVED_SYMBOL_HISTORY_NOT_STITCHED,False,exact_observed_symbol_no_fuzzy_merge
ZSARACOM,2026-04-20,2026-09-11,101,,1,OBSERVED_SYMBOL_HISTORY_NOT_STITCHED,False,exact_observed_symbol_no_fuzzy_merge
ZUARI,2020-01-01,2026-09-11,1581,,1,OBSERVED_SYMBOL_HISTORY_NOT_STITCHED,False,exact_observed_symbol_no_fuzzy_merge
ZUARIGLOB,2020-01-01,2022-07-01,499,,0,OBSERVED_SYMBOL_HISTORY_NOT_STITCHED,False,exact_observed_symbol_no_fuzzy_merge
ZUARIIND,2022-07-04,2026-09-11,1037,,1,OBSERVED_SYMBOL_HISTORY_NOT_STITCHED,False,exact_observed_symbol_no_fuzzy_merge
ZYDUSLIFE,2022-03-07,2026-09-11,1118,,1,OBSERVED_SYMBOL_HISTORY_NOT_STITCHED,False,exact_observed_symbol_no_fuzzy_merge
ZYDUSWELL,2020-01-01,2026-09-11,1660,,2,MULTIPLE_ISIN_OBSERVED_NO_IDENTITY_INFERENCE,True,exact_observed_symbol_no_fuzzy_merge
