analysis_tier,universe,formation_horizon,future_horizon,mean_ic,median_ic,mean_daily_d10_d1_spread,pooled_d10_d1_spread,decile_monotonicity,valid_dates,observation_count,ic_positive_pct,ic_negative_pct,median_cross_section_count,mean_cross_section_count,d1_mean,d10_mean,d10_d1_spread,top_5_count,top_5_mean,top_5_median,top_5_positive_pct,bottom_5_count,bottom_5_mean,bottom_5_median,bottom_5_positive_pct,top_bottom_5_spread,top_10_count,top_10_mean,top_10_median,top_10_positive_pct,bottom_10_count,bottom_10_mean,bottom_10_median,bottom_10_positive_pct,top_bottom_10_spread,top_20_count,top_20_mean,top_20_median,top_20_positive_pct,bottom_20_count,bottom_20_mean,bottom_20_median,bottom_20_positive_pct,top_bottom_20_spread
PRIMARY_VERIFIED,BROAD_EQ,5,1,-0.0374944778215,-0.0345752418821,-0.00031767691325,-0.000544649524125,-0.660606060606,1608,2900366,32.1517412935,67.8482587065,1787,1807.34017413,0.00217628867996,0.00163163915583,-0.000544649524125,144513,0.00258311177861,-0.00221456692913,47.017223364,145374,0.0022432325386,0,48.8092781378,0.000339879240003,289321,0.00163216107007,-0.00227799698979,46.19194597,290389,0.00217628867996,0,49.040425085,-0.000544127609886,579303,0.0010082944336,-0.00189813350206,45.836289472,580595,0.00191094560967,0,48.8877789165,-0.000902651176065
PRIMARY_VERIFIED,BROAD_EQ,5,2,-0.0494766157389,-0.0436978220845,-0.00182920822916,-0.00212810076625,-0.818181818182,1607,2892275,27.13130056,72.86869944,1787,1806.99813317,0.00406849118952,0.00194039042327,-0.00212810076625,142537,0.00256335615354,-0.00446745142533,44.8711562612,144693,0.00410859452057,0,49.5276205483,-0.00154523836703,286721,0.00194882014125,-0.00392787002321,45.0280935125,289364,0.00406849118952,0,49.9084198449,-0.00211967104828,575937,0.00156274084328,-0.00307242764755,45.3619059029,579034,0.00365228587484,0,49.7777332592,-0.00208954503156
PRIMARY_VERIFIED,BROAD_EQ,5,3,-0.0529454273879,-0.0468805226498,-0.00300249876244,-0.00333394020531,-0.963636363636,1606,2884276,26.1519302615,73.8480697385,1787,1806.65691158,0.0057489656057,0.0024150254004,-0.00333394020531,140297,0.00278575383618,-0.00712287656768,44.6559798143,144142,0.00574116211903,0.000316205541501,50.1734400799,-0.00295540828285,283846,0.00242307744243,-0.00558061137325,45.0001056911,288537,0.0057489656057,0.00059488399762,50.4798344753,-0.00332588816327,572290,0.00226392651671,-0.00399237887729,45.494067693,577717,0.00522798101042,0.000324306794227,50.253670915,-0.00296405449372
PRIMARY_VERIFIED,BROAD_EQ,5,5,-0.0522859075441,-0.0470767517876,-0.0046962500821,-0.0051700929412,-1,1604,2868577,27.680798005,72.319201995,1787,1805.97506234,0.00859371177628,0.00342361883508,-0.0051700929412,136028,0.00316365318377,-0.00942428814848,44.4055635604,143218,0.00846966025858,0.000758060706985,50.4559482747,-0.00530600707481,278244,0.00343250589805,-0.00703557476584,45.1172352324,287072,0.00859371177628,0.00101678739222,50.7193317356,-0.00516120587822,565112,0.00369345378245,-0.00485773768217,45.870907006,575296,0.00800055048139,0.000868809730669,50.667308655,-0.00430709669894
PRIMARY_VERIFIED,BROAD_EQ,5,10,-0.0399601074,-0.0340408441292,-0.00592893897979,-0.00671017760182,-0.987878787879,1599,2830665,32.6454033771,67.3545966229,1787,1804.26766729,0.013505236023,0.00679505842114,-0.00671017760182,128611,0.00564065111582,-0.0118296529968,44.7605570286,141188,0.0129783830233,0.000552995466864,50.2160240247,-0.00733773190748,267791,0.00679901579643,-0.00809971022588,45.8779421265,283539,0.013505236023,0.00118953211737,50.5563608534,-0.00670622022654,550376,0.00780208302224,-0.00467590450522,47.16739102,568963,0.0130160129187,0.00124031007752,50.6553150205,-0.00521392989646
PRIMARY_VERIFIED,BROAD_EQ,5,20,-0.0247938505813,-0.0207742966627,-0.00622307510305,-0.00671862590113,-0.866666666667,1589,2759938,39.1441157961,60.8558842039,1786,1800.61611076,0.020314017714,0.0135953918128,-0.00671862590113,121762,0.0115364453874,-0.0128584730387,45.9396199143,136238,0.0187999837466,0.00109870020339,50.3405804548,-0.00726353835917,256444,0.0136178805684,-0.00733873562957,47.3729157243,274829,0.020314017714,0.00265486725664,50.9331256891,-0.00669613714551,531582,0.0157187157594,-0.00192804918524,49.0120056736,553571,0.0207408393332,0.00350682908822,51.365588154,-0.00502212357382
PRIMARY_VERIFIED,BROAD_EQ,10,1,-0.0338262266012,-0.0319710964462,-0.000675654050077,-0.000804746338407,-0.624242424242,1603,2860838,35.6830941984,64.3169058016,1772,1788.04366812,0.00209780749321,0.00129306115481,-0.000804746338407,141990,0.00160372891878,-0.00239472244471,46.6117332206,143745,0.0021269587609,0,48.3314202233,-0.000523229842119,284734,0.00128780095008,-0.00207425478855,46.3734573321,286886,0.00209780749321,0,48.4659411752,-0.000810006543138,570699,0.00100317496448,-0.00162337662338,46.3429934168,573209,0.0018359757397,0,48.3464146585,-0.000832800775213
PRIMARY_VERIFIED,BROAD_EQ,10,2,-0.0401812737153,-0.0357730919473,-0.0017103102454,-0.00190408454561,-0.866666666667,1602,2853189,32.3345817728,67.6654182272,1772,1787.70349563,0.00384010399444,0.00193601944883,-0.00190408454561,139600,0.00196798467767,-0.00385688407917,45.335243553,143342,0.00400922017994,0,49.0616846423,-0.00204123550227,281729,0.00193731455267,-0.003204700227,45.7141437339,286255,0.00384010399444,0,49.2047300484,-0.00190278944177,566907,0.00175122210405,-0.00247524752475,46.1578354122,572140,0.00339232279301,0,49.1065123921,-0.00164110068895
PRIMARY_VERIFIED,BROAD_EQ,10,3,-0.0408310632109,-0.0371582046174,-0.00220170312805,-0.00242225765193,-0.927272727273,1601,2845616,32.104934416,67.895065584,1772,1787.3635228,0.00530636827427,0.00288411062234,-0.00242225765193,137142,0.00275431068272,-0.00561418304809,45.5783056977,142958,0.00551834272922,0,49.7334881574,-0.0027640320465,278598,0.00288344290469,-0.00413302555722,46.0721182492,285641,0.00530636827427,0,49.7439093127,-0.00242292536958,563031,0.002705309894,-0.00302423314088,46.4676012511,571113,0.00476629418685,0,49.5185716312,-0.00206098429285
PRIMARY_VERIFIED,BROAD_EQ,10,5,-0.0399953471464,-0.0359582733165,-0.00307199145064,-0.00347214666894,-0.987878787879,1599,2830665,32.707942464,67.292057536,1772,1786.68667917,0.00793300144652,0.00446085477758,-0.00347214666894,132700,0.00401601430439,-0.00702264804435,45.7279577995,142257,0.00824548489614,0.000132961042415,50.0439345691,-0.00422947059174,272797,0.00446095272802,-0.00498063087991,46.3953049337,284450,0.00793300144652,0.000150670514436,50.0720689049,-0.0034720487185,555677,0.00444335385734,-0.00344827586207,46.943998042,569053,0.00726173456158,0,49.948774543,-0.00281838070425
PRIMARY_VERIFIED,BROAD_EQ,10,10,-0.0296494351845,-0.0243377708913,-0.00323413709488,-0.00396519733344,-1,1594,2794748,37.9548306148,62.0451693852,1771,1784.97804266,0.0126356446363,0.00867044730286,-0.00396519733344,125832,0.00771162853325,-0.00836820083682,46.2251255642,140397,0.0126964958367,0,49.969016432,-0.00498486730342,262869,0.00868115932895,-0.00530705079606,47.2075444423,281254,0.0126356446363,0.000509868353531,50.2140414003,-0.00395448530735,541751,0.0090659943462,-0.00286020736503,48.1339213033,563301,0.0120522698154,0.000563737580157,50.2718795102,-0.0029862754692
PRIMARY_VERIFIED,BROAD_EQ,10,20,-0.0192353656441,-0.0117778761647,-0.00316685792439,-0.00351649936768,-0.842424242424,1584,2726340,43.4974747475,56.5025252525,1769,1781.28282828,0.0197509019073,0.0162344025396,-0.00351649936768,119102,0.0152599315364,-0.00815903649086,47.4181793757,135544,0.0182592318732,0.0006467783416,50.1873930237,-0.0029993003368,251523,0.0162750812255,-0.00411522633745,48.4603793689,272931,0.0197509019073,0.00253305856088,50.9095705508,-0.00347582068179,523084,0.0173685380814,0,49.7960174656,548766,0.0201032891345,0.00349494635372,51.4086149652,-0.00273475105307
PRIMARY_VERIFIED,BROAD_EQ,20,1,-0.0250483226143,-0.0231732874743,-0.00035877931648,-0.000452706263746,-0.442424242424,1593,2787714,39.5480225989,60.4519774011,1730,1752.94538606,0.00172840865768,0.00127570239394,-0.000452706263746,138571,0.00151135063689,-0.00177588350204,47.1714860974,140141,0.00159885785262,-0.00039133837725,47.3651536667,-8.75072157395e-05,277579,0.00127307939742,-0.00165145588874,46.9113297476,279620,0.00172840865768,-0.000200023081019,47.701165868,-0.000455329260269,556182,0.00109480920967,-0.00134682802247,46.84365909,558640,0.00154592879468,-0.000266403824167,47.6559143635,-0.000451119585006
PRIMARY_VERIFIED,BROAD_EQ,20,2,-0.0270618539054,-0.0226557004875,-0.00105741314247,-0.00118577030372,-0.478787878788,1592,2780709,40.0125628141,59.9874371859,1730,1752.59798995,0.00334001671864,0.00215424641492,-0.00118577030372,136544,0.00239652171786,-0.00267297019615,46.5439711741,139797,0.00328737303249,-0.000232919254658,48.0460954098,-0.000890851314632,274862,0.00214902947319,-0.00239027954045,46.7543712845,279072,0.00334001671864,0,48.3660130719,-0.00119098724545,552711,0.00207440547625,-0.00183643486778,47.0211376289,557704,0.00300092210459,-0.000135585965331,48.382295985,-0.00092651662834
PRIMARY_VERIFIED,BROAD_EQ,20,3,-0.0264012429009,-0.021633663999,-0.0013656178061,-0.00150748711206,-0.430303030303,1591,2773743,40.7291011942,59.2708988058,1730,1752.25015713,0.00476180412791,0.00325431701585,-0.00150748711206,134471,0.00363240798255,-0.00347071583514,47.0621918481,139457,0.00472770864803,-0.000165166405153,48.5368249711,-0.00109530066548,272100,0.00324906775364,-0.00284690754828,47.1933112826,278522,0.00476180412791,0,48.8306130216,-0.00151273637427,549207,0.00321527618852,-0.00212389380531,47.38086004,556789,0.00431109198428,-6.85025345937e-05,48.7493467005,-0.00109581579577
PRIMARY_VERIFIED,BROAD_EQ,20,5,-0.0253395478594,-0.0193737943959,-0.00184173110816,-0.00208800952485,-0.490909090909,1589,2759938,41.7243549402,58.2756450598,1730,1751.55506608,0.0073312995221,0.00524328999726,-0.00208800952485,130860,0.00568489300845,-0.00405031348443,47.2787712059,138784,0.00733162979286,0,49.1468757205,-0.00164673678442,267080,0.0052378482863,-0.0032232779287,47.5292047327,277427,0.0073312995221,0,49.4731947503,-0.0020934512358,542570,0.00531828903717,-0.00212824011548,47.9729804449,554908,0.00675455150901,0,49.4586490013,-0.00143626247185
PRIMARY_VERIFIED,BROAD_EQ,20,10,-0.0200064829323,-0.0116222246913,-0.00152692315125,-0.00194463174185,-0.406060606061,1584,2726340,44.9494949495,55.0505050505,1729,1749.79229798,0.0123716927694,0.0104270610276,-0.00194463174185,124897,0.0109490436299,-0.0038082437276,48.1124446544,136935,0.0121143920991,0,49.6418008544,-0.0011653484692,258183,0.0104212864511,-0.00231892459872,48.6356576537,274288,0.0123716927694,0.000300730507662,50.117394855,-0.0019504063183,529761,0.0104203320786,-0.00106521087847,49.1263041258,549445,0.0118819228093,0.00035325287018,50.1749947674,-0.00146159073076
PRIMARY_VERIFIED,BROAD_EQ,20,20,-0.0180875282721,-0.0111070844945,-0.000567092311226,-0.000304459273002,-0.454545454545,1574,2661758,45.9974587039,54.0025412961,1728,1746.01143583,0.0203259682826,0.0200215090096,-0.000304459273002,118789,0.0207654671313,-0.00138504155125,49.4406047698,132359,0.0186500639661,0.00171456564337,50.5670184876,0.00211540316524,247697,0.0200024988435,0.000235690773705,50.0583374042,266493,0.0203259682826,0.00367917586461,51.3904680423,-0.000323469439076,512238,0.0195720782458,0.00207596624971,50.775030357,535800,0.0207471393927,0.00394463903608,51.6724524076,-0.00117506114697
PRIMARY_VERIFIED,BROAD_EQ,40,1,-0.0210174595464,-0.0158905895301,-0.000345206034437,-0.000389280486285,-0.466666666667,1573,2655484,43.1023521933,56.8976478067,1682,1690.71455817,0.00177394175516,0.00138466126887,-0.000389280486285,132370,0.00158342722443,-0.00136693944401,47.7034071164,133451,0.00174595357059,-0.000599520383693,46.8524027546,-0.000162526346153,264803,0.00138555134994,-0.00127206233105,47.4900208834,266303,0.00177394175516,-0.000455373406193,47.1327773251,-0.000388390405215,530121,0.00124002460332,-0.00105689624802,47.4193627493,532045,0.00160133379169,-0.000370507595406,47.3687376068,-0.000361309188367
PRIMARY_VERIFIED,BROAD_EQ,40,2,-0.0213303156059,-0.0148275398469,-0.000933081619018,-0.000986457576336,-0.466666666667,1572,2649225,43.893129771,56.106870229,1682,1690.34860051,0.00361861358175,0.00263215600542,-0.000986457576336,130887,0.00284798349179,-0.0017490339638,47.7144407008,133110,0.00370537181524,-0.000561593991021,47.6598302156,-0.000857388323454,262671,0.00263980253462,-0.00146755082074,47.8385508869,265753,0.00361861358175,-0.000355871886121,47.9772570771,-0.000978811047132,527267,0.00244254721619,-0.00113830392715,47.9872626203,531131,0.00326196857724,-0.000302449843734,48.1244739998,-0.00081942136105
PRIMARY_VERIFIED,BROAD_EQ,40,3,-0.0201168075086,-0.0176940118031,-0.0011749220835,-0.00120461284718,-0.454545454545,1571,2643026,43.8574156588,56.1425843412,1682,1690.00891152,0.00528109652464,0.00407648367746,-0.00120461284718,129380,0.0043304962947,-0.0017185632106,48.3297263874,132786,0.00539685775253,-0.000436003785131,48.250568584,-0.00106636145783,260530,0.0040833966004,-0.00139442236609,48.3959620773,265215,0.00528109652464,-0.000218483722963,48.4866994702,-0.00119769992423,524380,0.00380546392823,-0.00100564280159,48.5399900835,530237,0.00474262358029,-0.000237388724036,48.5437643921,-0.000937159652062
PRIMARY_VERIFIED,BROAD_EQ,40,5,-0.0186713493258,-0.0147373109149,-0.00142190551668,-0.00150754146014,-0.260606060606,1569,2630714,43.7858508604,56.2141491396,1682,1689.32695985,0.00836587869533,0.00685833723519,-0.00150754146014,126921,0.0071433384478,-0.00171919770774,48.7618282239,132141,0.0086727922544,0,49.1005819541,-0.0015294538066,256749,0.00685309080741,-0.00105174589819,49.0241442031,264169,0.00836587869533,0,49.3869454781,-0.00151278788792,518949,0.00647669041483,-0.000503446567991,49.269581404,528463,0.0075622647076,0,49.387563557,-0.00108557429277
PRIMARY_VERIFIED,BROAD_EQ,40,10,-0.0148615254764,-0.00964562410616,-0.000601288983928,-0.000684522724609,-0.115151515152,1564,2600400,45.3964194373,54.6035805627,1682,1687.58631714,0.0145705222734,0.0138859995488,-0.000684522724609,122842,0.0139967170427,0,49.9202227251,130359,0.0147517041001,7.83330722232e-05,50.0118902416,-0.000754987057397,249822,0.0138809823077,0.000762647238762,50.3614573576,261232,0.0145705222734,0.000639060312624,50.2970539597,-0.00068953996572,508083,0.0131650028989,0.00118260260173,50.6446781333,523225,0.0136261644561,0.000731439717177,50.4029815089,-0.000461161557208
PRIMARY_VERIFIED,BROAD_EQ,40,20,-0.011299620711,-0.00744508259729,0.00166185814731,0.00246944687668,0.0787878787879,1554,2541559,47.0398970399,52.9601029601,1681.5,1683.83655084,0.0243608545763,0.026830301453,0.00246944687668,117535,0.0263726163886,0.00438889057336,51.376185817,126255,0.0238341722078,0.00374963945774,51.3112351986,0.00253844418077,240687,0.0268079890889,0.00557643350709,52.0418634991,254201,0.0243608545763,0.00454849498328,51.7374046522,0.00244713451259,492295,0.0255468787497,0.00594602127561,52.4788998466,510902,0.0238791592279,0.00468228652034,52.0647795468,0.00166771952184
PRIMARY_VERIFIED,BROAD_EQ,60,1,-0.0158637421573,-0.00962007564643,-0.000217340110997,-0.000243177745168,-0.345454545455,1553,2535823,44.5589182228,55.4410817772,1643,1635.12813909,0.00180289859127,0.0015597208461,-0.000243177745168,126727,0.00166964362948,-0.00108682526265,48.1199744332,127496,0.00172587619061,-0.00077652132616,46.2979230721,-5.62325611294e-05,253233,0.00155793531376,-0.000931077551947,47.985452133,254362,0.00180289859127,-0.000586866021331,46.8021952965,-0.00024496327751,506531,0.0013350392045,-0.000833333333333,47.860249422,508058,0.00163872695903,-0.000491561540315,47.1089914931,-0.000303687754532
PRIMARY_VERIFIED,BROAD_EQ,60,2,-0.0141554946719,-0.01041238336,-0.000569670854659,-0.000586133313832,-0.272727272727,1552,2530111,45.8118556701,54.1881443299,1642.5,1634.7628866,0.00357829031504,0.00299215700121,-0.000586133313832,125599,0.00312850311122,-0.00115131578947,48.4024554336,127180,0.00355291367969,-0.000990842752671,46.9727944645,-0.000424410568472,251534,0.00298707361996,-0.000831428013473,48.5838892555,253850,0.00357829031504,-0.000671325307721,47.5028560173,-0.000591216695076,504106,0.00267796193818,-0.000761552484196,48.5153916041,507201,0.00325626515385,-0.000543306017114,47.7739594362,-0.000578303215674
PRIMARY_VERIFIED,BROAD_EQ,60,3,-0.0124895486218,-0.00494441416762,-0.000619682824606,-0.000608909264715,-0.224242424242,1551,2524517,47.9690522244,52.0309477756,1642,1634.44616377,0.00516532908521,0.0045564198205,-0.000608909264715,124458,0.00481573785498,-0.000901104096997,48.9610953093,126869,0.00515028296798,-0.00110294117647,47.4678605491,-0.000334545112999,249806,0.00455172793406,-0.00057623958605,49.1461374026,253351,0.00516532908521,-0.000725163161711,47.9307364092,-0.000613601151155,501688,0.00409832518592,-0.000522312886647,49.0707371912,506368,0.00468659977121,-0.000543773790103,48.1857068377,-0.000588274585296
PRIMARY_VERIFIED,BROAD_EQ,60,5,-0.0100763875175,-0.00509728495495,-0.000327369774613,-0.000358205029985,-0.139393939394,1549,2513419,47.9018721756,52.0981278244,1642,1633.81084571,0.00793446046875,0.00757625543876,-0.000358205029985,122766,0.0078928579453,-0.000272170560778,49.6554420605,126262,0.00814509254253,-0.000946408879624,48.2338312398,-0.00025223459723,246876,0.00757966252492,0,49.9550381568,252368,0.00793446046875,-0.000448698934156,48.6503835669,-0.000354797943831,497153,0.00686341130764,0,49.8765973453,504649,0.00730477243574,-0.000142267747902,48.9296520948,-0.000441361128105
PRIMARY_VERIFIED,BROAD_EQ,60,10,-0.00509013440697,0.00391195819003,0.00169595638239,0.00159761903497,0.115151515152,1544,2486141,51.4896373057,48.5103626943,1641,1632.20919689,0.0131999675288,0.0147975865638,0.00159761903497,119677,0.014964709944,0.001841997544,50.8343290691,124560,0.0130470760881,-0.000416551758847,49.0639049454,0.00191763385585,241526,0.0148013672283,0.00229217609265,51.1472884907,249510,0.0131999675288,0,49.4990180754,0.00160139969954,488148,0.013565402153,0.00200806433696,51.1680883666,499703,0.0125225955619,0,49.909446211,0.0010428065912
PRIMARY_VERIFIED,BROAD_EQ,60,20,0.000287401239816,0.00564392230695,0.00470855943828,0.00557528265067,0.624242424242,1534,2433344,51.8252933507,48.1747066493,1639,1628.79726206,0.0211609561209,0.0267362387716,0.00557528265067,115358,0.0264442023763,0.00581250178164,51.8316891763,120734,0.0201953258773,0.00120703550257,50.3868007355,0.00624887649904,233894,0.026749117993,0.00707616714452,52.5768082978,242897,0.0211609561209,0.00233301650393,50.9084097375,0.00558816187207,474634,0.0255174029326,0.00670616459159,52.8457716893,488279,0.0211989837072,0.00309466872978,51.3513790272,0.00431841922541
BROAD_SENSITIVITY,BROAD_EQ,5,1,-0.0375497378551,-0.0346534707354,-0.000304756268482,-0.000508973130439,-0.563636363636,1654,3007501,31.9226118501,68.0773881499,1790,1821.96795647,0.00217330828902,0.00166433515858,-0.000508973130439,149838,0.00262134685585,-0.00219274205026,47.0221172199,150741,0.00221243950728,0,48.8015868277,0.000408907348561,299999,0.00166427687992,-0.00225657226673,46.218487395,301106,0.00217330828902,0,49.051828924,-0.0005090314091,600691,0.00102737120889,-0.00191326530612,45.8140707951,602027,0.00191627079036,0,48.8825252024,-0.000888899581467
BROAD_SENSITIVITY,BROAD_EQ,5,2,-0.0492176556654,-0.0435253010626,-0.00178982241986,-0.0020492662918,-0.818181818182,1653,2998974,26.981246219,73.018753781,1790,1821.49667272,0.004033831851,0.0019845655592,-0.0020492662918,147776,0.00261998384592,-0.00440045296358,44.9389616717,150026,0.00403762613461,0,49.4887552824,-0.00141764228869,297290,0.00199214526545,-0.00388837379376,45.0748427461,300030,0.004033831851,0,49.8843448988,-0.00204168658554,597176,0.00159161034853,-0.00307386252392,45.3678647501,600380,0.00363337096153,0,49.7363336554,-0.002041760613
BROAD_SENSITIVITY,BROAD_EQ,5,3,-0.05247064633,-0.045940377479,-0.00293371075049,-0.00320717092773,-0.963636363636,1652,2990551,26.1501210654,73.8498789346,1790,1821.02360775,0.00568356565771,0.00247639472997,-0.00320717092773,145446,0.002859600078,-0.00694788257284,44.7575045034,149452,0.00561424839756,0.000254958834768,50.1344913417,-0.00275464831956,294305,0.00248344499143,-0.00547223348196,45.0695706835,299161,0.00568356565771,0.000554426168915,50.4524319681,-0.00320012066628,593385,0.00229293620801,-0.00397037037037,45.5115987091,598982,0.00518420437739,0.000264192102496,50.1966670117,-0.00289126816938
BROAD_SENSITIVITY,BROAD_EQ,5,5,-0.0518055979354,-0.0467473346981,-0.00457706800114,-0.00496352419586,-0.987878787879,1650,2974039,27.5757575758,72.4242424242,1790,1820.06727273,0.00843022873926,0.00346670454341,-0.00496352419586,141044,0.00321673849472,-0.00926129694436,44.4705198378,148490,0.00819713508319,0.000594707580002,50.347498148,-0.00498039658846,288516,0.00347441272806,-0.00691542463752,45.1656060669,297620,0.00843022873926,0.000900900900901,50.625629998,-0.00495581601121,585935,0.00369269698431,-0.00484902717148,45.8608890065,596426,0.00789660069197,0.000759711346444,50.5693916764,-0.00420390370766
BROAD_SENSITIVITY,BROAD_EQ,5,10,-0.0391962926716,-0.0329023208875,-0.00571186371443,-0.00635726089129,-0.987878787879,1645,2934261,32.8875379939,67.1124620061,1789,1817.69422492,0.0131354570512,0.00677819615994,-0.00635726089129,133452,0.0056572640814,-0.0116279069767,44.8303509876,146385,0.012468983016,0.000262204814736,50.0823171773,-0.00681171893464,277748,0.00678065205433,-0.00798175292274,45.9283235163,293919,0.0131354570512,0.000928332714445,50.4169516091,-0.00635480499689,570678,0.00776510309426,-0.00466328794306,47.1674043857,589760,0.0127467028919,0.000983595070215,50.5069858926,-0.00498159979763
BROAD_SENSITIVITY,BROAD_EQ,5,20,-0.0244646774119,-0.0203586916675,-0.00616578613125,-0.00657786267197,-0.866666666667,1635,2860825,39.2048929664,60.7951070336,1788,1813.42262997,0.0196736445423,0.0130957818704,-0.00657786267197,126348,0.0108974145948,-0.0133314015261,45.7846582455,141264,0.0179715270825,0.000410594434567,50.1182183713,-0.00707411248769,265996,0.0131170450731,-0.007706570306,47.2258981338,284895,0.0196736445423,0.00213861863309,50.7474683655,-0.0065565994692,551188,0.0153331309606,-0.00224992649469,48.8967466636,573792,0.020203870368,0.00299710993353,51.1629649769,-0.00487073940735
BROAD_SENSITIVITY,BROAD_EQ,10,1,-0.0336614809411,-0.0317177998657,-0.000639921950512,-0.000741653136537,-0.624242424242,1649,2965912,35.4154032747,64.5845967253,1775,1801.98302001,0.00205153141392,0.00130987827738,-0.000741653136537,147207,0.00162238691155,-0.0024024024024,46.5922136855,149025,0.00206054632458,0,48.2596879718,-0.00043815941303,295196,0.00130431810502,-0.00209131981493,46.3441239041,297418,0.00205153141392,0,48.3887996019,-0.000747213308902,591667,0.00100152312264,-0.00165247235287,46.2893823722,594258,0.00180062021906,0,48.2820593076,-0.00079909709642
BROAD_SENSITIVITY,BROAD_EQ,10,2,-0.0397340739966,-0.0348908216601,-0.00163672557225,-0.00177866706283,-0.806060606061,1648,2957889,32.3422330097,67.6577669903,1774.5,1801.52063107,0.00373440344465,0.00195573638182,-0.00177866706283,144739,0.00200180959187,-0.00382262996942,45.3671781621,148605,0.00386408437285,0,48.9573029171,-0.00186227478098,292092,0.00195746442762,-0.00320280501748,45.7167604727,296757,0.00373440344465,0,49.0849415515,-0.00177693901703,587739,0.001747727571,-0.00249376558603,46.1344236132,593131,0.00331214554645,0,48.9895149638,-0.00156441797544
BROAD_SENSITIVITY,BROAD_EQ,10,3,-0.0402041594558,-0.036048338666,-0.00208955780314,-0.00223878977034,-0.927272727273,1647,2949945,32.3011536126,67.6988463874,1774,1801.05403764,0.00514252847479,0.00290373870444,-0.00223878977034,142197,0.00281475692015,-0.00547350130321,45.6613008713,148205,0.00528070222244,0,49.5927937654,-0.00246594530229,288854,0.0029040813306,-0.00410106035866,46.0976825663,296109,0.00514252847479,0,49.6107852176,-0.00223844714419,583727,0.00269786920843,-0.00303118382261,46.4557918342,592043,0.00464181552261,0,49.3801970465,-0.00194394631418
BROAD_SENSITIVITY,BROAD_EQ,10,5,-0.0392733993102,-0.0342255942921,-0.00291186028861,-0.00321877408298,-0.987878787879,1645,2934261,32.8875379939,67.1124620061,1774,1800.1100304,0.00767769057673,0.00445891649375,-0.00321877408298,137636,0.00405970735018,-0.00689089880272,45.7663692639,147474,0.00787223000095,0,49.8474307336,-0.00381252265077,282884,0.00445490362071,-0.0049623056087,46.3949887586,294861,0.00767769057673,0,49.9123315732,-0.00322278695602,576133,0.00440222506059,-0.00348664688427,46.9018438451,589861,0.00705876789143,0,49.7690133777,-0.00265654283084
BROAD_SENSITIVITY,BROAD_EQ,10,10,-0.0287375975532,-0.0225508104199,-0.00298737756449,-0.00358893741725,-0.987878787879,1640,2896579,38.7804878049,61.2195121951,1774,1797.75304878,0.012115311721,0.00852637430374,-0.00358893741725,130566,0.00759887524171,-0.00832219637639,46.2402156764,145530,0.0119842124501,0,49.7162097162,-0.00438533720844,272642,0.0085327593644,-0.00537798187435,47.1735829403,291499,0.012115311721,0,49.9864493532,-0.00358255235659,561701,0.0088352665094,-0.00304153597567,48.0463805477,583789,0.0116123606455,1.0000100001e-05,50.0110485124,-0.00277709413609
BROAD_SENSITIVITY,BROAD_EQ,10,20,-0.0192186451801,-0.0115134839758,-0.00322698571596,-0.00354973929777,-0.878787878788,1630,2826551,43.7423312883,56.2576687117,1773,1794.07484663,0.0190450203351,0.0154952810373,-0.00354973929777,123607,0.0144403094777,-0.00890598650927,47.1955471777,140582,0.0173470687554,0,49.9438050391,-0.00290675927774,260966,0.0155308556452,-0.00474081717827,48.2564778554,282995,0.0190450203351,0.00189880486988,50.6789872613,-0.00351416468991,542538,0.016727666915,-0.000351893067444,49.602424162,568915,0.0194891319475,0.0028659160696,51.1524568697,-0.00276146503251
BROAD_SENSITIVITY,BROAD_EQ,20,1,-0.0247203470428,-0.0222293087712,-0.000346398870737,-0.000422541745003,-0.430303030303,1639,2889333,39.7803538743,60.2196461257,1741,1765.82062233,0.00168344526438,0.00126090351938,-0.000422541745003,143620,0.00149558786458,-0.00178254966804,47.1445481131,145243,0.00152515933535,-0.00045079565433,47.2766329531,-2.95714707741e-05,287700,0.00125851359741,-0.00167149210667,46.8720889816,289805,0.00168344526438,-0.000258642986464,47.6316833733,-0.00042493166697,576462,0.00108068165832,-0.00137349880879,46.7977073944,578996,0.00150458167734,-0.000318331945168,47.5749400687,-0.000423900019017
BROAD_SENSITIVITY,BROAD_EQ,20,2,-0.0265788486145,-0.0225070050735,-0.00101973488528,-0.00111615110109,-0.418181818182,1638,2882133,39.9877899878,60.0122100122,1741,1765.43528694,0.00323507530129,0.00211892420021,-0.00111615110109,141533,0.00235809676683,-0.00269541778976,46.5269583772,144893,0.00313807449044,-0.000375939849624,47.933302506,-0.000779977723603,284906,0.00211351793306,-0.002413224474,46.7269906566,289243,0.00323507530129,-0.000156764383132,48.2642622293,-0.00112155736823,572900,0.00204122330251,-0.00186760831671,46.9890033165,578035,0.00291409306808,-0.000251656740206,48.2716444506,-0.000872869765572
BROAD_SENSITIVITY,BROAD_EQ,20,3,-0.0258118416684,-0.0213347307509,-0.00128696245794,-0.00138521971523,-0.418181818182,1637,2874972,40.9896151497,59.0103848503,1741,1765.04703726,0.00459553054027,0.00321031082505,-0.00138521971523,139395,0.00358172873826,-0.00344789233678,47.0712722838,144546,0.00448606866673,-0.000334541525342,48.4060437508,-0.000904339928472,282061,0.00320480173147,-0.00285103349964,47.1901468122,288681,0.00459553054027,-4.95024998762e-05,48.7129391959,-0.0013907288088,569304,0.00316126314544,-0.00214239259658,47.3585290109,577094,0.00417848097775,-0.000233740438434,48.6239676725,-0.00101721783232
BROAD_SENSITIVITY,BROAD_EQ,20,5,-0.0245593069451,-0.018527231782,-0.00168635922559,-0.00187950482519,-0.430303030303,1635,2860825,42.0795107034,57.9204892966,1741,1764.29357798,0.00704481446692,0.00516530964172,-0.00187950482519,135685,0.00560966504662,-0.00403225806452,47.2786232819,143864,0.00693710621087,0,48.9948840572,-0.00132744116424,276913,0.00515902068251,-0.00325150382052,47.5062564777,287567,0.00704481446692,0,49.3165071096,-0.0018857937844,562508,0.00524359234938,-0.00218417139329,47.9321182988,575174,0.00654222571393,0,49.2948220886,-0.00129863336455
BROAD_SENSITIVITY,BROAD_EQ,20,10,-0.0191707059818,-0.0106442998793,-0.00134273519673,-0.00174195035402,-0.369696969697,1630,2826551,45.3987730061,54.6012269939,1739.5,1762.49815951,0.0118544376567,0.0101124873027,-0.00174195035402,129566,0.010579165306,-0.00400437171852,48.017998549,141994,0.0113945139174,0,49.4098342183,-0.000815348611414,267812,0.0101075185363,-0.00251705049623,48.5400206115,284381,0.0118544376567,0,49.8862441584,-0.00174691912044,549421,0.0101521416279,-0.00129010062785,49.0154180492,569612,0.0114581055648,0,49.9403102463,-0.00130596393691
BROAD_SENSITIVITY,BROAD_EQ,20,20,-0.0172360693873,-0.0103385302655,-0.000412427834066,-0.000200858949165,-0.406060606061,1620,2760784,46.2345679012,53.7654320988,1735.5,1758.9845679,0.0193775310556,0.0191766721064,-0.000200858949165,123289,0.0197242825245,-0.00244840853445,49.1398259374,137320,0.0175630614856,0.000964365154298,50.3029420332,0.00216122103896,257042,0.019156360703,-9.99999999995e-06,49.8000326795,276437,0.0193775310556,0.00301615798923,51.1107413262,-0.000221170352658,531458,0.0188413616808,0.00146126008362,50.5437870914,555715,0.0198342089449,0.003300330033,51.3515021189,-0.000992847264082
BROAD_SENSITIVITY,BROAD_EQ,40,1,-0.0202342853261,-0.0155926705079,-0.000288641790287,-0.000321237129477,-0.466666666667,1619,2754404,43.2983323039,56.7016676961,1686,1703.83878938,0.00166575255709,0.00134451542761,-0.000321237129477,137295,0.00154153127275,-0.00140433001755,47.6295567938,138428,0.00163551678432,-0.000650910499963,46.7542693675,-9.39855115688e-05,274665,0.00134517732019,-0.00132082394255,47.4050206615,276228,0.00166575255709,-0.000533041190003,46.9934257208,-0.000320575236901,549868,0.00119274144272,-0.0011092769893,47.3255399478,551864,0.00151158344118,-0.000438788942519,47.2326515228,-0.000318841998462
BROAD_SENSITIVITY,BROAD_EQ,40,2,-0.0202635156527,-0.01460907676,-0.000818616602433,-0.00085665632128,-0.454545454545,1618,2748040,44.0667490729,55.9332509271,1685.5,1703.48887515,0.00339262524846,0.00253596892718,-0.00085665632128,135754,0.00274671175305,-0.00180721336319,47.6508979478,138084,0.00346795545493,-0.00069480888099,47.4971756322,-0.000721243701882,272465,0.00254342967942,-0.00156051086198,47.7499862368,275674,0.00339262524846,-0.000503512443473,47.7832512315,-0.000849195569044,546935,0.00233531636962,-0.00123456790123,47.8683938676,550946,0.00306514544687,-0.000445792838437,47.9308316968,-0.000729829077247
BROAD_SENSITIVITY,BROAD_EQ,40,3,-0.0188328244285,-0.0173270942974,-0.00101929958685,-0.00103267066478,-0.284848484848,1617,2741702,44.2795299938,55.7204700062,1685,1703.13852814,0.00496325911275,0.00393058844796,-0.00103267066478,134185,0.00418991841368,-0.00179456169781,48.2676901293,137755,0.00504458824037,-0.000612307378304,48.0875467315,-0.00085466982669,270251,0.00393825363112,-0.00150190540238,48.3013938894,275128,0.00496325911275,-0.00043866804806,48.2837079468,-0.00102500548163,543959,0.00363446699146,-0.00114781277898,48.4054864429,550040,0.00444140969523,-0.000441754763995,48.3179405134,-0.000806942703768
BROAD_SENSITIVITY,BROAD_EQ,40,5,-0.0173554212984,-0.0133843238045,-0.00120854375012,-0.00127155403354,-0.175757575758,1615,2729124,44.3343653251,55.6656346749,1685,1702.43529412,0.00779346656026,0.00652191252672,-0.00127155403354,131642,0.00681350298106,-0.00191892551218,48.6356937755,137101,0.00807687260368,-0.000108225108225,48.9259742817,-0.00126336962262,266351,0.00651851554279,-0.00126250364184,48.8764825362,274065,0.00779346656026,0,49.1543976794,-0.00127495101748,538376,0.00609673006816,-0.000785584541029,49.0644085175,548234,0.00700615433259,0,49.1043970275,-0.000909424264432
BROAD_SENSITIVITY,BROAD_EQ,40,10,-0.0136918680668,-0.00813565953497,-0.000333539009992,-0.000380444893345,-0.127272727273,1610,2698219,45.8385093168,54.1614906832,1685,1700.67204969,0.0133643045674,0.0129838596741,-0.000380444893345,127458,0.0130567822615,-0.000311012365563,49.6995088578,135279,0.0134186579929,0,49.6640276761,-0.000361875731483,259253,0.0129776033771,0.000314603913673,50.1290245436,271063,0.0133643045674,0,49.9891169212,-0.000386701190345,527260,0.012229277345,0.000710631266702,50.3650950195,542890,0.0124751847169,0.000107530233039,50.063917184,-0.000245907371926
BROAD_SENSITIVITY,BROAD_EQ,40,20,-0.0104256686789,-0.0054735568589,0.00196834559617,0.00278835691569,0.163636363636,1600,2638240,47.5625,52.4375,1683.5,1697.15125,0.0226761312947,0.0254644882104,0.00278835691569,122080,0.024921580427,0.00358879870158,51.1336828309,131072,0.0219366266054,0.00288408843465,50.9735107422,0.0029849538216,249924,0.025437014922,0.00493843427194,51.7725388518,263880,0.0226761312947,0.00366317139831,51.3816886464,0.00276088362727,511091,0.0241738523276,0.00531005310053,52.1905101049,530333,0.0222857774003,0.00388595938926,51.6826220507,0.00188807492723
BROAD_SENSITIVITY,BROAD_EQ,60,1,-0.0157037600606,-0.00911551367085,-0.000180790346973,-0.00018811915798,-0.333333333333,1599,2632403,44.4652908068,55.5347091932,1648,1648.54346467,0.00179762227093,0.00160950311295,-0.00018811915798,131555,0.00170458474031,-0.00106901057133,48.1350005701,132358,0.00170032371938,-0.000799200831105,46.2790311126,4.26102092754e-06,262875,0.00160726656881,-0.000923218956763,47.9969567285,264049,0.00179762227093,-0.000603136308806,46.7757878273,-0.000190355702125,525821,0.00136286718883,-0.000851426138783,47.8286336985,527401,0.0016418240515,-0.000514800514801,47.0647571772,-0.000278956862668
BROAD_SENSITIVITY,BROAD_EQ,60,2,-0.0140298857946,-0.0103710874865,-0.000542147789138,-0.000521107260394,-0.272727272727,1598,2626587,45.8072590738,54.1927409262,1648,1648.18585732,0.0036103492488,0.0030892419884,-0.000521107260394,130387,0.00320514544437,-0.00109793588054,48.4496153758,132041,0.00354144386987,-0.00103359173127,46.9339068926,-0.000336298425502,261122,0.00308306638375,-0.000779423345187,48.6554177741,263536,0.0036103492488,-0.000703432877134,47.4739694008,-0.000527282865042,523327,0.00274873493676,-0.000756544106521,48.5260649651,526536,0.00330145100269,-0.000589828552632,47.7127869699,-0.000552716065929
BROAD_SENSITIVITY,BROAD_EQ,60,3,-0.0123722791633,-0.00429149904611,-0.000616042703883,-0.000546530938969,-0.224242424242,1597,2620790,48.1527864746,51.8472135254,1648,1647.82529743,0.00524024247337,0.0046937115344,-0.000546530938969,129199,0.00491603244402,-0.000785545954438,49.0630732436,131724,0.00516793502979,-0.00113605634495,47.4605994352,-0.000251902585768,259330,0.00468799043176,-0.000475753683272,49.2484479235,263024,0.00524024247337,-0.00075474075169,47.910076647,-0.000552252041611,520820,0.0041933224516,-0.000506713992495,49.0927767751,525678,0.00477820543513,-0.000609516781378,48.119381066,-0.000584882983529
BROAD_SENSITIVITY,BROAD_EQ,60,5,-0.0101295660628,-0.00370044505769,-0.000427566822263,-0.000350128126176,-0.212121212121,1595,2609284,48.2131661442,51.7868338558,1648,1647.1015674,0.00813715884808,0.00778703072191,-0.000350128126176,127470,0.00807078498796,0,49.7779869773,131104,0.00824140741041,-0.000998103613097,48.2014278741,-0.000170622422442,256300,0.007790376402,9.88080169456e-05,50.0522824815,262015,0.00813715884808,-0.000508633382412,48.6063774975,-0.000346782446082,516131,0.00702366885337,0,49.907678477,523903,0.00753329666091,-0.000258353427489,48.8523638918,-0.000509627807538
BROAD_SENSITIVITY,BROAD_EQ,60,10,-0.00548352409287,0.00506246116296,0.00121164664106,0.00135505749866,0.115151515152,1590,2581000,51.8867924528,48.1132075472,1647,1645.27358491,0.01367384939,0.0150289068887,0.00135505749866,124317,0.01517802564,0.0020093770931,50.9109775815,129354,0.0134187152281,-0.00053840675084,49.0220634847,0.00175931041193,250794,0.0150322576494,0.00242729180551,51.2308906912,259060,0.01367384939,0,49.4159654134,0.00135840825938,506831,0.0137467087016,0.00204166218934,51.191422782,518766,0.0129713910313,0,49.7821753931,0.000775317670344
BROAD_SENSITIVITY,BROAD_EQ,60,20,-0.000216857764403,0.00564392230695,0.00434661851284,0.00550984654896,0.539393939394,1580,2526363,51.835443038,48.164556962,1645,1641.60632911,0.0213936204155,0.0269034669645,0.00550984654896,119909,0.0266878945262,0.00605252359458,51.9085306357,125384,0.0205240108648,0.00103977132058,50.3317807695,0.00616388366141,242942,0.0269160460154,0.00716587443189,52.6170855595,252218,0.0213936204155,0.00207186936187,50.7929648162,0.00552242559984,492833,0.0255143622057,0.00663024700005,52.80835496,506951,0.0213152960775,0.0027972027972,51.225463605,0.00419906612817
PRIMARY_VERIFIED,BASIC_LIQUID,5,1,-0.0388556562449,-0.034837236563,-0.00101711885276,-0.00104641014436,-0.987878787879,1559,1832718,33.3547145606,66.6452854394,1172,1176.91789609,0.00181411131975,0.00076770117539,-0.00104641014436,91936,0.000917814968249,-0.00314288335996,45.8786547163,92222,0.00182481330258,-0.000177024928269,49.2951790245,-0.000906998334326,183461,0.000765607715432,-0.00244215938303,46.055019868,183828,0.00181411131975,-6.87570190344e-05,49.3885588702,-0.00104850360432,366660,0.000642046663466,-0.00179171333585,46.3061146566,367114,0.00168780595401,-0.000113018187418,49.2321186334,-0.00104575929054
PRIMARY_VERIFIED,BASIC_LIQUID,5,2,-0.0488087980779,-0.0427824615425,-0.00248450892273,-0.00240071410644,-1,1558,1829103,30.0385109114,69.9614890886,1172,1176.66880616,0.00342300622408,0.00102229211764,-0.00240071410644,91226,0.000845495705828,-0.00454338386755,45.1121390832,91924,0.00333576231095,0.000213390374039,50.1816718158,-0.00249026660513,182504,0.0010221952351,-0.0035093400522,45.7803664577,183373,0.00342300622408,0.000357525920629,50.4338152291,-0.00240081098898,365356,0.00107524405876,-0.00251783466219,46.4223935011,366371,0.00326951705862,0.000266987051128,50.3495091042,-0.00219427299986
PRIMARY_VERIFIED,BASIC_LIQUID,5,3,-0.0508181202948,-0.0447716841733,-0.00333808748064,-0.00314288270467,-1,1557,1825564,29.4155427103,70.5844572897,1172,1176.43545279,0.00484079491093,0.00169791220625,-0.00314288270467,90453,0.00147965536471,-0.00570323348542,45.4457010823,91681,0.0046449284337,0.000888362451881,50.8262344433,-0.00316527306899,181475,0.00169111950296,-0.00415923945336,46.1573219452,182981,0.00484079491093,0.00095785440613,51.0369929118,-0.00314967540797,363981,0.00182008967274,-0.00293009627459,46.7535393331,365726,0.0046738106708,0.000758111066073,50.8943854142,-0.00285372099806
PRIMARY_VERIFIED,BASIC_LIQUID,5,5,-0.0481413952303,-0.0419478672991,-0.00397249685715,-0.00379839638072,-1,1555,1818746,30.9967845659,69.0032154341,1171,1175.97106109,0.00737241492936,0.00357401854864,-0.00379839638072,89145,0.00327068421857,-0.00576982961876,46.3077009367,91269,0.00691066324766,0.00132680138804,51.087444806,-0.00363997902909,179672,0.00357431656764,-0.00422105037081,46.9410926577,182298,0.00737241492936,0.00153626780107,51.3691867163,-0.00379809836172,361488,0.00363319422636,-0.00292616930573,47.4721152569,364522,0.00722832303764,0.00152813422192,51.4819407333,-0.00359512881128
PRIMARY_VERIFIED,BASIC_LIQUID,5,10,-0.0315665324305,-0.0246551806602,-0.00247303791069,-0.00246327115629,-0.963636363636,1550,1802595,38.3225806452,61.6774193548,1171,1174.81806452,0.0118354396164,0.00937216846011,-0.00246327115629,86773,0.00915951819153,-0.0045045045045,47.8904728429,90404,0.0108852760782,0.00143341774898,50.8041679572,-0.0017257578867,176177,0.00937828189954,-0.00280005091002,48.4983851468,180698,0.0118354396164,0.00210567883444,51.2861238088,-0.00245715771686,356233,0.00919389351066,-0.0013037809648,49.0895004112,361581,0.0119551315872,0.00244762091247,51.5878876379,-0.00276123807655
PRIMARY_VERIFIED,BASIC_LIQUID,5,20,-0.0177721398373,-0.0123639515497,-0.00161367402396,-0.00108297830814,-0.757575757576,1540,1772472,42.5324675325,57.4675324675,1169.5,1172.46363636,0.0203016752826,0.0192186969745,-0.00108297830814,83717,0.0189810793213,-0.00145613396432,49.4905455284,88601,0.0185859202743,0.00343053173242,51.3876818546,0.000395159046968,171205,0.019253711599,0.000247218788628,50.0721357437,177357,0.0203016752826,0.00467774911422,51.969755916,-0.00104796368361,348141,0.0191370921884,0.00232387475538,50.8756509575,355457,0.0207307838401,0.0051227321238,52.3101247127,-0.00159369165173
PRIMARY_VERIFIED,BASIC_LIQUID,10,1,-0.0336609786816,-0.0289434156787,-0.000769204988828,-0.000777496899996,-0.866666666667,1559,1830417,38.1013470173,61.8986529827,1170,1175.43938422,0.00170196942589,0.000924472525894,-0.000777496899996,91622,0.000822628758435,-0.00285203554816,46.1264761738,92255,0.00174328831497,-0.000459558823529,48.6976315647,-0.000920659556537,183010,0.000924687369811,-0.00207936239132,46.5482760505,183769,0.00170196942589,-0.000345901072293,48.8080144094,-0.000777282056079,365928,0.00088256326712,-0.00153121989153,46.8764347085,366825,0.00152704950141,-0.000333643144825,48.71669052,-0.000644486234292
PRIMARY_VERIFIED,BASIC_LIQUID,10,2,-0.0379118110213,-0.0336541232555,-0.00149791224264,-0.00146481600262,-0.987878787879,1558,1826808,34.59563543,65.40436457,1170,1175.19062901,0.00312451928366,0.00165970328104,-0.00146481600262,90746,0.00130028419694,-0.00371331165259,45.8863200582,92068,0.00311495742709,0,49.6611200417,-0.00181467323015,181870,0.00166747817273,-0.00277748228871,46.6124154616,183454,0.00312451928366,0,49.8179380117,-0.00145704111093,364428,0.00169543421401,-0.00195817918919,47.2068556752,366263,0.00289603370272,0,49.7030822114,-0.00120059948871
PRIMARY_VERIFIED,BASIC_LIQUID,10,3,-0.0369895779638,-0.0327970369248,-0.00150219518465,-0.00139056004354,-0.915151515152,1557,1823274,35.9666024406,64.0333975594,1170,1174.95761079,0.00426852422292,0.00287796417937,-0.00139056004354,89840,0.00244839700473,-0.00417998697963,46.5627782725,91884,0.00413418055959,0.000335872752381,50.2535806016,-0.00168578355487,180714,0.00288776448282,-0.00296845092745,47.2287703222,183144,0.00426852422292,0.000358654330803,50.3439916132,-0.0013807597401,362895,0.00281908928233,-0.00195544691962,47.7460422436,365720,0.0040365194281,0.000167413155713,50.1599584381,-0.00121743014577
PRIMARY_VERIFIED,BASIC_LIQUID,10,5,-0.0341316875103,-0.026403607411,-0.00111365960703,-0.00100654996606,-0.781818181818,1555,1816464,36.6559485531,63.3440514469,1170,1174.49389068,0.00633583125932,0.00532928129326,-0.00100654996606,88347,0.00491112759571,-0.00401958972464,47.4119098555,91542,0.00611942099604,0.000728199743877,50.5866159796,-0.00120829340034,178717,0.00533502991164,-0.00267379679144,48.0547457712,182529,0.00633583125932,0.000840512712755,50.7349517063,-0.00100080134769,360158,0.00507783954913,-0.00166810275757,48.4839986895,364628,0.00616380181644,0.000807691076842,50.7533705585,-0.00108596226731
PRIMARY_VERIFIED,BASIC_LIQUID,10,10,-0.0215789417496,-0.0143966975384,0.000371616405184,0.000592905661754,-0.321212121212,1550,1800326,43.0967741935,56.9032258065,1169,1173.33935484,0.0106581976255,0.0112511032872,0.000592905661754,85689,0.0109151204812,-0.00282621191799,48.6771931053,90725,0.0100485231854,0.00121988411101,50.6596858639,0.000866597295795,174806,0.0112713416237,-0.00130676263538,49.2711920643,181060,0.0106581976255,0.00157590766326,50.9587981884,0.000613143998258,354507,0.010805585023,0,49.8472526636,361909,0.0105849369396,0.00170602496184,51.1029015581,0.000220648083341
PRIMARY_VERIFIED,BASIC_LIQUID,10,20,-0.0108142468286,-0.00415822333014,0.00200903859391,0.00269357825649,0.793939393939,1540,1770234,48.1818181818,51.8181818182,1167,1170.98701299,0.0187975038559,0.0214910821124,0.00269357825649,82351,0.0222659700017,0.00162627216452,50.4972617212,88950,0.0174149056254,0.00295474368344,51.1523327712,0.00485106437629,169322,0.0215241929352,0.00241557703345,50.8439541229,177862,0.0187975038559,0.00396127645428,51.6973833646,0.00272668907933,345832,0.0210562949389,0.00385194802663,51.4616923824,356107,0.0194607282513,0.00461133069829,52.1264676066,0.00159556668755
PRIMARY_VERIFIED,BASIC_LIQUID,20,1,-0.0265502321321,-0.0215563370458,-0.00041019364414,-0.000362997391463,-0.393939393939,1559,1825075,41.1161000641,58.8838999359,1167,1172.00513149,0.00136536804467,0.00100237065321,-0.000362997391463,91309,0.000915949531984,-0.00223205059315,46.7226669879,92008,0.00134227273312,-0.000826137891289,47.9393096252,-0.000426323201137,182372,0.00101103115553,-0.00176410411918,47.0028293817,183280,0.00136536804467,-0.000623372452552,48.1940200786,-0.000354336889141,364746,0.00105853522055,-0.00130166706424,47.2885240688,365856,0.00126124956073,-0.000557431879145,48.1397052392,-0.000202714340184
PRIMARY_VERIFIED,BASIC_LIQUID,20,2,-0.0267042630647,-0.0221933931829,-0.0007632547307,-0.000611730290829,-0.418181818182,1558,1821479,40.1797175866,59.8202824134,1166.5,1171.75481386,0.00267017960353,0.0020584493127,-0.000611730290829,90405,0.00183711633428,-0.00283866164084,46.704275206,91837,0.00266887472965,-0.000579710144928,48.9367030717,-0.000831758395372,181147,0.00205935527624,-0.00217653051774,47.3957614534,182995,0.00267017960353,-0.000439174352218,49.0324872264,-0.000610824327287,363141,0.00212310083459,-0.0014880952381,47.8453272971,365345,0.00248290730574,-0.000346260387812,49.0454228195,-0.000359806471147
PRIMARY_VERIFIED,BASIC_LIQUID,20,3,-0.0251219589918,-0.018280536248,-0.0005945584449,-0.000349839225322,0.030303030303,1557,1817959,40.7193320488,59.2806679512,1166,1171.52087347,0.00374186630632,0.003392027081,-0.000349839225322,89489,0.00323789958336,-0.00313446870755,47.4091787817,91673,0.00373633884186,-0.000280504908836,49.4333118803,-0.000498439258509,179920,0.00338494850099,-0.0021283340105,47.9879946643,182709,0.00374186630632,-0.000137337483977,49.52739055,-0.000356917805334,361540,0.00339202370551,-0.00138599211558,48.3584112408,364847,0.00355097601468,-0.000116198001394,49.4547029303,-0.00015895230917
PRIMARY_VERIFIED,BASIC_LIQUID,20,5,-0.0225063110884,-0.0155707737247,2.71336818639e-05,0.00032740594113,0.272727272727,1555,1811175,42.6366559486,57.3633440514,1166,1171.05659164,0.00565325513698,0.00598066107811,0.00032740594113,87936,0.0059437450456,-0.00284983655344,48.0804221252,91352,0.00555936306848,0,49.9616866626,0.000384381977127,177788,0.00598689388224,-0.00192847851597,48.5893311135,182156,0.00565325513698,0.000281749678003,50.2124552581,0.000333638745255,358684,0.00588916023637,-0.000798948051953,49.1903736994,363852,0.0055688855866,0.000266497899164,50.2294889131,0.000320274649762
PRIMARY_VERIFIED,BASIC_LIQUID,20,10,-0.0134959212623,-0.00580040225114,0.00214864327431,0.00245531165141,0.830303030303,1550,1795100,47.7419354839,52.2580645161,1165.5,1169.90258065,0.00997880391666,0.0124341155681,0.00245531165141,85140,0.0127244641796,-0.000672384211799,49.6053558844,90534,0.00932637378021,0.000810105706051,50.4064771246,0.00339809039936,173632,0.0124421793097,0.00012018680761,50.0362836344,180719,0.00997880391666,0.001386001386,50.8424681411,0.00246337539302,352729,0.0119684757568,0.0010111223458,50.5549586226,361279,0.00992966075864,0.00136482316639,50.8936306843,0.00203881499815
PRIMARY_VERIFIED,BASIC_LIQUID,20,20,-0.00807557440695,-0.00273722247074,0.00513159138725,0.00570200350903,0.890909090909,1540,1765138,49.2207792208,50.7792207792,1163,1167.56623377,0.018616436221,0.02431843973,0.00570200350903,81662,0.0250001547701,0.00403593697388,51.2417036076,88883,0.0176365429813,0.00366712657033,51.5239134593,0.00736361178883,167894,0.0243274159091,0.00524848711126,51.8392557209,177785,0.018616436221,0.00446428571429,51.9785133729,0.00571097968811,343532,0.0227734699789,0.00539297222396,52.1945553835,355915,0.0188985991436,0.00452716297787,52.1352008204,0.00387487083528
PRIMARY_VERIFIED,BASIC_LIQUID,40,1,-0.0200198560359,-0.0145920362982,-6.22335813337e-05,-6.81290221898e-05,0.127272727273,1559,1801265,43.296985247,56.703014753,1158,1156.65041693,0.0013279362902,0.00125980726801,-6.81290221898e-05,90227,0.00127751373648,-0.00166828861393,47.4436698549,90803,0.00137518107168,-0.000970873786408,47.4488728346,-9.76673351972e-05,180073,0.0012665601331,-0.00138386620886,47.5446069094,180896,0.0013279362902,-0.000809874235925,47.5930921635,-6.13761571006e-05,360049,0.00122544099815,-0.00105596620908,47.7704423565,361088,0.00120591612561,-0.0006578370369,47.7637030308,1.95248725415e-05
PRIMARY_VERIFIED,BASIC_LIQUID,40,2,-0.0178912110493,-0.0113094986756,-0.000179388488266,-0.000153455525756,0.0787878787879,1558,1797797,45.9563543004,54.0436456996,1157.5,1156.39858793,0.00270202293026,0.00254856740451,-0.000153455525756,89468,0.00257109316391,-0.00188261371831,47.8618053382,90641,0.00288705007508,-0.000873413299173,48.4449641994,-0.000315956911169,178971,0.0025611017734,-0.00140584535701,48.2117214521,180616,0.00270202293026,-0.000650085617655,48.6031137884,-0.000140921156864,358517,0.0025290172029,-0.000871485010458,48.6532019402,360592,0.00242328847231,-0.000530848400887,48.5942561122,0.000105728730595
PRIMARY_VERIFIED,BASIC_LIQUID,40,3,-0.0156824601079,-0.0130457480494,3.16895655769e-05,0.00013666730967,0.393939393939,1557,1794402,44.9582530507,55.0417469493,1157,1156.1669878,0.00389562740841,0.00403229471808,0.00013666730967,88709,0.00418602076112,-0.00158465387823,48.5598980938,90485,0.0040778145409,-0.000574943942966,49.1385312483,0.000108206220221,177864,0.00405044657773,-0.001062934604,48.8547429497,180347,0.00389562740841,-0.00043442571605,49.1252973435,0.000154819169322,357004,0.00398461974218,-0.000491702527405,49.2767588038,360113,0.00350282023946,-0.000376746073147,49.0357193437,0.000481799502724
PRIMARY_VERIFIED,BASIC_LIQUID,40,5,-0.0127839846278,-0.00758173287554,0.000921548142579,0.00101902317249,0.454545454545,1555,1787847,47.0739549839,52.9260450161,1157,1155.70546624,0.00607271573561,0.0070917389081,0.00101902317249,87484,0.00740480999947,-0.00111537894476,49.245576334,90183,0.00629224373661,0,49.8752536509,0.00111256626286,175976,0.00711702395985,-0.000270440906223,49.7016638633,179813,0.00607271573561,1.0000100001e-05,50.0086200664,0.00104430822424,354265,0.00678971650994,0.000184713898695,50.1076877479,359153,0.00553211466017,0,49.8770718886,0.00125760184977
PRIMARY_VERIFIED,BASIC_LIQUID,40,10,-0.00648596417119,-0.00435314706932,0.00357316569628,0.00353706771386,0.551515151515,1550,1772241,47.8064516129,52.1935483871,1155.5,1154.54451613,0.0104993361389,0.0140364038527,0.00353706771386,85228,0.0144079311072,0.00100007341109,50.4540761252,89457,0.0106787662401,0.00122711431797,50.7003364745,0.00372916486709,172259,0.0140626722659,0.00193657709998,50.9622138756,178507,0.0104993361389,0.00133910177173,50.8120129743,0.00356333612706,348480,0.013346952505,0.00237664244127,51.3349403122,356686,0.0100552983569,0.00122892684751,50.8239740276,0.00329165414811
PRIMARY_VERIFIED,BASIC_LIQUID,40,20,-2.73065974061e-05,0.00246688654316,0.00745649935479,0.00747929112647,0.733333333333,1540,1742914,51.4935064935,48.5064935065,1153,1152.19090909,0.0187785045709,0.0262577956974,0.00747929112647,81897,0.0262750529163,0.00639917619801,52.0165573831,87860,0.018871713009,0.00413607023379,51.6469383109,0.00740333990728,166697,0.0263142319698,0.00717647058824,52.5408375676,175719,0.0187785045709,0.00424628450106,51.7986102812,0.00753572739889,339256,0.0253446042574,0.00780934042423,53.0599311434,351567,0.0183290389733,0.00403496973773,51.9482772843,0.00701556528406
PRIMARY_VERIFIED,BASIC_LIQUID,60,1,-0.0150468018328,-0.0115009609462,0.000143679797558,0.000161303581098,0.321212121212,1553,1775186,45.009658725,54.990341275,1151,1144.25563426,0.00117457766134,0.00133588124244,0.000161303581098,89042,0.00140937778195,-0.00127811496321,48.0076817682,89518,0.00121230046241,-0.00116055209601,46.844210103,0.000197077319535,177583,0.00132958772246,-0.00108767901384,47.9989638648,178280,0.00117457766134,-0.000966679312187,47.0720215392,0.000155010061119,354926,0.00121966440644,-0.000897915622538,48.0567780326,355846,0.00112638547808,-0.000735508194508,47.4949837851,9.32789283673e-05
PRIMARY_VERIFIED,BASIC_LIQUID,60,2,-0.0114668025294,-0.00811106370623,0.000253573504195,0.000307731402119,0.29696969697,1552,1771842,46.7139175258,53.2860824742,1151,1144.00386598,0.00239657432796,0.00270430573008,0.000307731402119,88402,0.00275370637404,-0.0013572205126,48.4423429334,89360,0.00246734340878,-0.00136170248273,47.6443598926,0.000286362965266,176606,0.00269990198398,-0.000867002011679,48.8573434651,178009,0.00239657432796,-0.00104112441437,47.8919605189,0.000303327656021,353517,0.00251165309715,-0.000643145902242,48.9481411078,355376,0.0021948207826,-0.000760911191048,48.1706699383,0.000316832314555
PRIMARY_VERIFIED,BASIC_LIQUID,60,3,-0.00914704098088,-0.00224879809735,0.000662167144609,0.000764931756502,0.466666666667,1551,1768569,49.3230174081,50.6769825919,1151,1143.77176015,0.00339643892191,0.00416137067841,0.000764931756502,87775,0.00436984068217,-0.00108964834076,48.9569923099,89201,0.00350970161175,-0.00129198966408,48.1765899485,0.000860139070415,175642,0.00415692454882,-0.000563947744159,49.3310256089,177747,0.00339643892191,-0.000964320154291,48.383376372,0.000760485626912,352137,0.00391164794569,-0.000257312569538,49.5412296919,354908,0.00313128823696,-0.000705847412718,48.569770194,0.000780359708736
PRIMARY_VERIFIED,BASIC_LIQUID,60,5,-0.00591655838158,-0.000341568216533,0.00187566811142,0.00195329736631,0.660606060606,1549,1762243,49.9677211104,50.0322788896,1148,1143.30987734,0.00526944068114,0.00722273804745,0.00195329736631,86793,0.00747022765414,0,49.9210765845,88890,0.00547055218202,-0.000959226664978,48.9740128248,0.00199967547212,174043,0.00721638267418,0.000390167772142,50.2513746603,177217,0.00526944068114,-0.000533839492259,49.178126252,0.00194694199305,349632,0.00666164488683,0.000512686102412,50.3623810178,353955,0.00494118893137,-0.000224416517056,49.3492110579,0.00172045595546
PRIMARY_VERIFIED,BASIC_LIQUID,60,10,0.00058752991246,0.00470588781893,0.00501820249655,0.00492926887445,0.830303030303,1544,1747145,51.1658031088,48.8341968912,1146,1142.15414508,0.00923966457173,0.0141689334462,0.00492926887445,84847,0.014444299574,0.00245307167235,51.1626810612,88145,0.00935059979453,0,49.840603551,0.00509369977944,170806,0.0141724295795,0.00292595769006,51.5216093111,175903,0.00923966457173,0,49.9860718692,0.00493276500775,344335,0.0132134345349,0.00277041969428,51.636923345,351573,0.00900140999163,0.000328434189999,50.2359396199,0.00421202454327
PRIMARY_VERIFIED,BASIC_LIQUID,60,20,0.00691384442489,0.0112964465181,0.00860839275876,0.00875868247485,0.963636363636,1534,1718539,54.3676662321,45.6323337679,1143,1139.79791395,0.0169077515665,0.0256664340413,0.00875868247485,81871,0.0262484398469,0.00751561342225,52.3689706978,86635,0.0169475537071,0.00265755504935,51.0717377503,0.00930088613979,165768,0.0256908071103,0.00791120923963,52.8292553448,173207,0.0169077515665,0.00264042246759,51.1671006368,0.00878305554381,335735,0.0248578346683,0.00779923599321,53.135955441,346608,0.0168820384497,0.00304461053691,51.428703319,0.00797579621857
BROAD_SENSITIVITY,BASIC_LIQUID,5,1,-0.0384438253102,-0.0345249746438,-0.000963493816033,-0.000975280696103,-0.927272727273,1599,1895098,33.5834896811,66.4165103189,1185,1186.51907442,0.00177388900988,0.000798608313776,-0.000975280696103,95055,0.00096285995138,-0.0030804335425,45.9071064121,95357,0.00177592807577,-0.000196772924046,49.2695869207,-0.000813068124388,189700,0.000797030012209,-0.00242130750605,46.0732735899,190086,0.00177388900988,-0.000116776474429,49.3308292036,-0.00097685899767,379135,0.000648677510045,-0.00180808472168,46.2713809065,379612,0.00165703379257,-0.000158065281948,49.1588780123,-0.00100835628253
BROAD_SENSITIVITY,BASIC_LIQUID,5,2,-0.0480833938356,-0.0422074581705,-0.00238425646598,-0.00227236304718,-1,1598,1891435,30.1627033792,69.8372966208,1184.5,1186.28285357,0.00333984594139,0.0010674828942,-0.00227236304718,94321,0.000929265152998,-0.00443339100346,45.2030830886,95056,0.00324413039791,0.000150648660725,50.1146692476,-0.00231486524491,188715,0.00106846705373,-0.00345821325648,45.8246562276,189625,0.00333984594139,0.000292705772158,50.3351351351,-0.00227137888765,377801,0.00107989353083,-0.00252851024305,46.4072355552,378862,0.00319250302803,0.000195905620505,50.2317466518,-0.0021126094972
BROAD_SENSITIVITY,BASIC_LIQUID,5,3,-0.0498192362318,-0.0429346300954,-0.0031719402099,-0.00293143632602,-1,1597,1887821,29.6180338134,70.3819661866,1184,1186.04320601,0.00470493274163,0.00177349641561,-0.00293143632602,93521,0.00158909925722,-0.00549261929283,45.5694442959,94811,0.00446273918139,0.000781271047173,50.7198531816,-0.00287363992417,187656,0.00176989358647,-0.00404465726695,46.2388625997,189229,0.00470493274163,0.0008620043475,50.9314111473,-0.00293503915517,376389,0.00182853998364,-0.00292151918998,46.7516319552,378210,0.0045502208659,0.000651885430011,50.7527564052,-0.00272168088226
BROAD_SENSITIVITY,BASIC_LIQUID,5,5,-0.0470584124142,-0.041343635046,-0.00371013817251,-0.00345950304456,-0.987878787879,1595,1880868,31.2225705329,68.7774294671,1183,1185.56551724,0.00710925029065,0.00364974724608,-0.00345950304456,92179,0.00339363268682,-0.00554524963597,46.4205513186,94393,0.00655401548937,0.00111111111111,50.8893667963,-0.00316038280255,185805,0.00365208123531,-0.00411368735976,47.0041172197,188538,0.00710925029065,0.00131612628807,51.1774814626,-0.00345716905533,373832,0.00362161958918,-0.00293800805873,47.4542040275,376990,0.00702460893264,0.00132685484585,51.2899546407,-0.00340298934345
BROAD_SENSITIVITY,BASIC_LIQUID,5,10,-0.0304417443354,-0.0224793940607,-0.00211754721457,-0.00199404515303,-0.866666666667,1590,1864407,38.9308176101,61.0691823899,1181.5,1184.36540881,0.0114289174734,0.00943487232037,-0.00199404515303,89755,0.00933066367024,-0.00428265524625,48.0073533508,93517,0.010345628602,0.00110356536503,50.5940096453,-0.00101496493179,182226,0.00944034983889,-0.00265076753623,48.5660663133,186916,0.0114289174734,0.00182893802743,51.0721393567,-0.00198856763451,368450,0.00916190103793,-0.00130455586647,49.0924141675,374005,0.011632004626,0.00213205151812,51.3642865737,-0.00247010358809
BROAD_SENSITIVITY,BASIC_LIQUID,5,20,-0.0173274373112,-0.0121307446917,-0.00147610002852,-0.000920460644807,-0.684848484848,1580,1833535,42.7215189873,57.2784810127,1180,1181.9056962,0.0198045064459,0.0188840458011,-0.000920460644807,86594,0.0186153947753,-0.00180049725459,49.3879483567,91667,0.0179823645542,0.00293482952093,51.1852684172,0.000633030221074,177098,0.0189250335415,0,49.9553919299,183486,0.0198045064459,0.00424685025302,51.7914173288,-0.000879472904358,360120,0.0188842585513,0.0020964360587,50.7925136066,367712,0.0203550819824,0.00480550655925,52.1576668697,-0.00147082343109
BROAD_SENSITIVITY,BASIC_LIQUID,10,1,-0.0329801248737,-0.0274291323791,-0.000699495671883,-0.000685945938568,-0.830303030303,1599,1892792,38.3989993746,61.6010006254,1183,1185.07442151,0.00164977594502,0.000963830006454,-0.000685945938568,94740,0.000880069044833,-0.00279917630805,46.1526282457,95395,0.00166913923848,-0.000510334268946,48.6042245401,-0.00078907019365,189242,0.000962734497516,-0.00206212144165,46.5573181429,190029,0.00164977594502,-0.000398883127244,48.7057238632,-0.000687041447506,378394,0.000899824240043,-0.0015447379911,46.8376877012,379325,0.00148628504771,-0.000375599916533,48.6319119489,-0.000586460807666
BROAD_SENSITIVITY,BASIC_LIQUID,10,2,-0.0368628406006,-0.0316356307205,-0.00136298731472,-0.00128921144949,-0.987878787879,1598,1889133,35.0438047559,64.9561952441,1182.5,1184.83729662,0.00301791757339,0.00172870612389,-0.00128921144949,93838,0.00139897126384,-0.00361915020768,45.9845691511,95208,0.00296974427687,-0.000131595557192,49.5336526342,-0.00157077301303,188071,0.00173610438091,-0.00271708366353,46.6775845292,189714,0.00301791757339,0,49.6800446989,-0.00128181319248,376858,0.00173019040238,-0.00194913965385,47.218315652,378763,0.00281009436772,0,49.5584309977,-0.00107990396534
BROAD_SENSITIVITY,BASIC_LIQUID,10,3,-0.0357218220393,-0.0316337848682,-0.00128719550654,-0.00111248114903,-0.842424242424,1597,1885522,36.7564182843,63.2435817157,1182,1184.59674389,0.00410495128396,0.00299247013493,-0.00111248114903,92900,0.00260447248863,-0.00397230628294,46.7050592034,95022,0.00390536330417,0.000163943776856,50.1052387868,-0.00130089081554,186875,0.00300110503714,-0.002849002849,47.3311036789,189401,0.00410495128396,0.000218914185639,50.1950887271,-0.00110384624682,375277,0.00286867327243,-0.00192165558019,47.776175998,378214,0.00391131827096,1.0000100001e-05,50.0044948098,-0.00104264499853
BROAD_SENSITIVITY,BASIC_LIQUID,10,5,-0.0328628038711,-0.0245050110376,-0.000817725209531,-0.000621514850348,-0.781818181818,1595,1878573,37.3667711599,62.6332288401,1181,1184.11724138,0.00608636771135,0.005464852861,-0.000621514850348,91359,0.00509371011605,-0.00374679550385,47.5432086603,94676,0.00574819108103,0.000484292290133,50.3612319912,-0.000654480964977,184818,0.005469426442,-0.00254644066459,48.1300522676,188780,0.00608636771135,0.000653717417346,50.5546138362,-0.000616941269346,372469,0.0051097318576,-0.00164680809842,48.4953110192,377110,0.00596056833018,0.000605485712531,50.5491766328,-0.000850836472584
BROAD_SENSITIVITY,BASIC_LIQUID,10,10,-0.020208649669,-0.0123675173478,0.000734348033931,0.00106236449615,-0.187878787879,1590,1862120,44.1509433962,55.8490566038,1181,1182.91257862,0.0102906311472,0.0113529956434,0.00106236449615,88619,0.0110923873769,-0.00255786648776,48.8157167199,93849,0.00950166525756,0.000803427959293,50.4001108163,0.00159072211933,180798,0.0113666127268,-0.00116924030003,49.3440192922,187290,0.0102906311472,0.00122342868743,50.7389609696,0.0010759815796,366673,0.0107429721936,0,49.8378664369,374346,0.0102695323088,0.00133331590459,50.8572283396,0.000473439884808
BROAD_SENSITIVITY,BASIC_LIQUID,10,20,-0.0107044695822,-0.00357576787659,0.00201726510323,0.00267811003066,0.793939393939,1580,1831261,48.3544303797,51.6455696203,1177.5,1180.44367089,0.018430284388,0.0211083944186,0.00267811003066,85175,0.021802601627,0.0011583011583,50.3492808923,92029,0.0169326780398,0.00254303599374,50.9882754349,0.00486992358715,175160,0.0211373209949,0.00207668917556,50.7176295958,183995,0.018430284388,0.00373134328358,51.5600967418,0.00270703660699,357757,0.0206840897801,0.00357422640031,51.3449072974,368376,0.019108781623,0.00423841380466,51.9604968836,0.00157530815712
BROAD_SENSITIVITY,BASIC_LIQUID,20,1,-0.0259382143206,-0.0207862589894,-0.000362511094481,-0.000302208420468,-0.248484848485,1599,1887382,41.588492808,58.411507192,1178,1181.68355222,0.00131676348163,0.00101455506116,-0.000302208420468,94412,0.000940600481339,-0.00221908545043,46.7387620218,95143,0.0012838677299,-0.000853606487409,47.8689971937,-0.000343267248558,188587,0.00102311152392,-0.0017608217168,46.9942254768,189531,0.00131676348163,-0.000665802219752,48.109280276,-0.000293651957713,377190,0.00106812824272,-0.00131453277727,47.2525782762,378343,0.00122272131118,-0.000602288697049,48.0444993035,-0.000154593068465
BROAD_SENSITIVITY,BASIC_LIQUID,20,2,-0.0259143037393,-0.0208472842278,-0.00067773383501,-0.000504809313672,-0.2,1598,1883736,40.2377972466,59.7622027534,1177.5,1181.44493116,0.00256002409639,0.00205521478272,-0.000504809313672,93474,0.00185075823391,-0.00284194938245,46.700686822,94972,0.0025369863636,-0.000665731517993,48.8185991661,-0.000686228129696,187322,0.00205723254997,-0.00218020976047,47.3815141841,189246,0.00256002409639,-0.000525748840018,48.9130549655,-0.00050279154642,375543,0.00212252219454,-0.00150471670814,47.8259480273,377831,0.00239838802691,-0.000426673168353,48.9173731113,-0.000275865832366
BROAD_SENSITIVITY,BASIC_LIQUID,20,3,-0.0242058414863,-0.0173504926601,-0.000472539976971,-0.000197837343635,0.0545454545455,1597,1880137,40.9517845961,59.0482154039,1177,1181.20225423,0.00356910177607,0.00337126443244,-0.000197837343635,92524,0.00323799864245,-0.00310267319806,47.4168864295,94806,0.00351049538512,-0.000406445357886,49.2996223868,-0.000272496742665,186054,0.00336385764059,-0.00212161974531,47.990905866,188957,0.00356910177607,-0.000259672812257,49.3884852109,-0.000205244135486,373895,0.00337151127407,-0.00139694820546,48.3483330882,377327,0.00342202681913,-0.000248830496666,49.3147853188,-5.05155450534e-05
BROAD_SENSITIVITY,BASIC_LIQUID,20,5,-0.0215406113197,-0.0149834396956,0.000176478660999,0.000514249125023,0.406060606061,1595,1873220,43.0721003135,56.9278996865,1177,1180.72601881,0.0053729596091,0.00588720873412,0.000514249125023,90922,0.00585031419687,-0.00285908143434,48.0609753415,94482,0.00520910022807,0,49.8052539108,0.000641213968795,183859,0.00589485198161,-0.00194440443612,48.5633012254,188399,0.0053729596091,4.81208796497e-05,50.036359004,0.000521892372516,370960,0.00582480313414,-0.000863848060249,49.1449212853,376320,0.0053610068797,4.22106217721e-05,50.0523490646,0.000463796254442
BROAD_SENSITIVITY,BASIC_LIQUID,20,10,-0.0129416383228,-0.00522486091164,0.00222913532716,0.00254998124302,0.854545454545,1590,1856817,47.9874213836,52.0125786164,1175,1179.51383648,0.00958902999827,0.0121390112413,0.00254998124302,88049,0.0123489544372,-0.000963982122513,49.478131495,93655,0.00881115593521,0.000420698359276,50.1980673749,0.00353779850195,179593,0.0121506643643,0,49.9518355392,186941,0.00958902999827,0.00106632544253,50.6314826603,0.002561634366,364863,0.0117558535518,0.000828586224754,50.4507171185,373706,0.0096612292048,0.0010957703397,50.7112543015,0.002094624347
BROAD_SENSITIVITY,BASIC_LIQUID,20,20,-0.00802465908516,-0.00252329064549,0.0050601999256,0.00558236106785,0.927272727273,1580,1826035,49.2405063291,50.7594936709,1173,1177.02721519,0.0181578645736,0.0237402256414,0.00558236106785,84507,0.0242299037736,0.00306983883346,50.9614588141,91963,0.0171312225499,0.00339904826649,51.4021943608,0.00709868122369,173716,0.0237507581536,0.00463699379762,51.6147044602,183930,0.0181578645736,0.00417231734025,51.8414614255,0.00559289358006,355411,0.0223653957275,0.00499907424551,52.023713391,368197,0.0185019547159,0.00419036216702,51.9792393746,0.0038634410117
BROAD_SENSITIVITY,BASIC_LIQUID,40,1,-0.0196093641785,-0.0143949457239,-2.30082915598e-05,-1.64016959019e-05,0.187878787879,1599,1863000,43.4646654159,56.5353345841,1172,1166.35397123,0.00128521498483,0.00126881328893,-1.64016959019e-05,93305,0.00130710614311,-0.00165412290133,47.4497615348,93912,0.00132821386972,-0.00099358518723,47.378396797,-2.11077266146e-05,186232,0.0012757120393,-0.00139972118283,47.5047252889,187094,0.00128521498483,-0.000835998976952,47.5178252643,-9.50294552634e-06,372378,0.00122166019907,-0.00108342361863,47.7138821305,373460,0.00117453028508,-0.00069311506012,47.6827504954,4.71299139892e-05
BROAD_SENSITIVITY,BASIC_LIQUID,40,2,-0.0173856629896,-0.0110391252623,-0.000119059796653,-7.52723373147e-05,0.127272727273,1598,1859494,46.1201501877,53.8798498123,1171.5,1166.12015019,0.00262208623478,0.00254681389746,-7.52723373147e-05,92516,0.00260138328425,-0.00185528756957,47.8911755804,93751,0.00278700193886,-0.000921658986175,48.3461509744,-0.000185618654611,185092,0.00255983764017,-0.0014245014245,48.1873878936,186815,0.00262208623478,-0.00071403070332,48.4987822177,-6.224859461e-05,370807,0.0025070800291,-0.000922225637873,48.5907763338,372966,0.00234251526357,-0.000605730209988,48.4725149209,0.000164564765538
BROAD_SENSITIVITY,BASIC_LIQUID,40,3,-0.0151025446605,-0.0114793556723,0.000117835535703,0.000246695585577,0.418181818182,1597,1856028,45.2097683156,54.7902316844,1171,1165.88290545,0.0037828534238,0.00402954900938,0.000246695585577,91725,0.0042220330722,-0.00153292455345,48.6159716544,93593,0.00393834049604,-0.00062893081761,49.0613614266,0.000283692576152,183948,0.00404748142893,-0.00106408161182,48.855654859,186543,0.0037828534238,-0.000518806744488,49.0181888358,0.000264628005129,369252,0.00394395549575,-0.000543217100937,49.2295234691,372482,0.00337454138771,-0.000486499663912,48.8904161812,0.000569414108046
BROAD_SENSITIVITY,BASIC_LIQUID,40,5,-0.0122899543195,-0.00758173287554,0.00104039771767,0.00117276026089,0.527272727273,1595,1849348,47.1473354232,52.8526645768,1170,1165.41065831,0.0058904264511,0.00706318671199,0.00117276026089,90452,0.00740355313722,-0.00105994986841,49.2692256667,93287,0.00608609525232,0,49.8032952073,0.0013174578849,182003,0.00708600052569,-0.000315457413249,49.6739064741,186003,0.0058904264511,0,49.8959694198,0.00119557407459,366442,0.00670634636679,5.03894005939e-05,50.0278352372,371511,0.00532700851453,0,49.6983938564,0.00137933785226
BROAD_SENSITIVITY,BASIC_LIQUID,40,10,-0.00596949880197,-0.00328026063112,0.00376022779045,0.00378328024533,0.587878787879,1590,1833419,48.1761006289,51.8238993711,1168.5,1164.19245283,0.0101582692604,0.0139415495057,0.00378328024533,88128,0.0142718715345,0.000857220696233,50.3812636166,92550,0.0102890645929,0.000909909029795,50.5056726094,0.00398280694158,178192,0.0139629572741,0.00182637975319,50.8979078747,184678,0.0101582692604,0.00105213518736,50.6389499561,0.00380468801365,360518,0.0131813087581,0.00222191140588,51.2224077577,369006,0.00971114041187,0.000889218233856,50.603513222,0.00347016834628
BROAD_SENSITIVITY,BASIC_LIQUID,40,20,0.000337314972613,0.00280400006767,0.00761467279772,0.00767815881691,0.733333333333,1580,1803301,51.7088607595,48.2911392405,1164,1161.68734177,0.0182767304952,0.0259548893121,0.00767815881691,84757,0.0259165953749,0.00602236879839,51.907217103,90917,0.018254418991,0.00386847195358,51.5371162709,0.00766217638391,172529,0.0260035255169,0.00689223057644,52.4346631581,181824,0.0182767304952,0.00389619442286,51.6477472721,0.00772679502164,351063,0.0250784027962,0.00746268656716,52.9360826974,363760,0.0178563290517,0.00373460317928,51.7500549813,0.0072220737445
BROAD_SENSITIVITY,BASIC_LIQUID,60,1,-0.0145763499479,-0.0108075905081,0.000194567580971,0.000226977859162,0.333333333333,1599,1839786,45.3408380238,54.6591619762,1165,1151.76672921,0.00115650301028,0.00138348086945,0.000226977859162,92272,0.0014386868162,-0.00125979853099,48.0232356511,92771,0.00117930311462,-0.00119300106045,46.7958737105,0.00025938370158,184033,0.00137501987641,-0.00107238605898,48.0104111763,184761,0.00115650301028,-0.000985585807564,47.0266993575,0.000218516866127,367834,0.00125395871969,-0.000903219979431,48.0398766835,368792,0.00110631887377,-0.000766929983804,47.4139894575,0.000147639845914
BROAD_SENSITIVITY,BASIC_LIQUID,60,2,-0.0109856553547,-0.00804564906073,0.000309885853102,0.00040063629961,0.369696969697,1598,1836404,46.8710888611,53.1289111389,1164,1151.53191489,0.00238763808932,0.00278827438893,0.00040063629961,91607,0.00280635389299,-0.00130867823498,48.4962939513,92613,0.00242549160483,-0.00140060025725,47.5764741451,0.00038086228816,183027,0.00278063237768,-0.000820152314001,48.8987963525,184491,0.00238763808932,-0.00107411385607,47.837563892,0.000392994288353,366388,0.00257723836065,-0.000632777923111,48.9603917159,368323,0.00217667013211,-0.000825286787159,48.0570043141,0.000400568228535
BROAD_SENSITIVITY,BASIC_LIQUID,60,3,-0.00855881538889,-0.00165241329471,0.000727847668571,0.000887812609534,0.466666666667,1597,1833061,49.4677520351,50.5322479649,1163,1151.29367564,0.00338828643095,0.00427609904049,0.000887812609534,90957,0.00447110035198,-0.000926784059314,49.0605450927,92453,0.00346088462552,-0.00134219608846,48.1228299785,0.00101021572646,182030,0.00426795877199,-0.000476174346441,49.4105367247,184226,0.00338828643095,-0.00102202063617,48.3324829286,0.000879672341035,364966,0.00400348901672,-0.000221864856011,49.5785908824,367849,0.00310845215522,-0.000801924619086,48.4511307629,0.000895036861507
BROAD_SENSITIVITY,BASIC_LIQUID,60,5,-0.00538737818013,0.000156961047141,0.0019380054292,0.00214596740571,0.745454545455,1595,1826611,50.0940438871,49.9059561129,1163,1150.81943574,0.00525890324026,0.00740487064597,0.00214596740571,89963,0.00765672977748,0.000110314396029,50.0461300757,92140,0.00540015356899,-0.00106013546677,48.8571738659,0.00225657620849,180395,0.00739535386808,0.000511596180082,50.3373153358,183692,0.00525890324026,-0.000630915077636,49.0886919409,0.00213645062782,362402,0.00680822525233,0.000549357121463,50.3962450538,366886,0.00494288560293,-0.000377976571453,49.2084734768,0.00186533964941
BROAD_SENSITIVITY,BASIC_LIQUID,60,10,0.000774212085793,0.00515916660398,0.00483985699221,0.00512895221345,0.842424242424,1590,1811170,51.4465408805,48.5534591195,1160,1149.59119497,0.00927606044402,0.0144050126575,0.00512895221345,87985,0.01465494629,0.00259067357513,51.23486958,91385,0.00934321160352,-0.000292825768668,49.6930568474,0.00531173468653,177098,0.0144051568794,0.00307083926462,51.5799162046,182358,0.00927606044402,0,49.8201340221,0.00512909643534,356983,0.0133866640371,0.00282272563826,51.6654854713,364461,0.0090277398731,1.0000100001e-05,50.0517202115,0.00435892416404
BROAD_SENSITIVITY,BASIC_LIQUID,60,20,0.00693084309077,0.010886023355,0.00862596650864,0.00917653035311,0.951515151515,1580,1781754,54.1772151899,45.8227848101,1155,1147.06898734,0.0167530050397,0.0259295353928,0.00917653035311,84946,0.0263485283518,0.00759541746191,52.3897534905,89841,0.0167957501602,0.002536900369,51.0145701851,0.00955277819161,171950,0.0259543256316,0.00801484317471,52.8694387903,179598,0.0167530050397,0.00239733616421,51.0618158331,0.00920132059196,348144,0.0249576117479,0.00779940528093,53.1320373179,359365,0.0167117138031,0.00279149667168,51.3177410154,0.00824589794479
PRIMARY_VERIFIED,MODERATE_LIQUID,5,1,-0.0323260642886,-0.0289894559364,-0.000601707426,-0.000597645168265,-0.830303030303,1499,1126501,36.0240160107,63.9759839893,771,752.145430287,0.00146887337537,0.000871228207101,-0.000597645168265,56911,0.00102533723978,-0.00254823443757,46.3794345557,56988,0.00155313299165,-9.89531683031e-05,49.5384993332,-0.000527795751873,113178,0.000865374045972,-0.00189885436548,46.7131421301,113276,0.00146887337537,-0.000118400830954,49.4685546806,-0.000603499329395,225744,0.000688777757071,-0.0014053168011,47.0679176412,225876,0.0014173110169,-7.80126895854e-05,49.4576670386,-0.000728533259827
PRIMARY_VERIFIED,MODERATE_LIQUID,5,2,-0.0404939879853,-0.0340267973648,-0.00160767068235,-0.00150800268794,-0.963636363636,1498,1124441,33.91188251,66.08811749,770.5,751.903204272,0.00275695304746,0.00124895035952,-0.00150800268794,56614,0.00121115602642,-0.00354585017547,46.053979581,56835,0.00267064657601,0.000213561131874,50.2155362013,-0.00145949054959,112757,0.00125241905563,-0.00256739409499,46.7616201211,113027,0.00275695304746,0.000328904091567,50.4224654286,-0.00150453399183,225119,0.00117934249745,-0.00186284782862,47.2976514643,225434,0.00270659226263,0.000299538529367,50.4258452585,-0.00152724976518
PRIMARY_VERIFIED,MODERATE_LIQUID,5,3,-0.0414651537562,-0.0343104419215,-0.0020365470081,-0.00186338549116,-0.951515151515,1497,1122406,34.0681362725,65.9318637275,770,751.658650635,0.00383268739043,0.00196930189927,-0.00186338549116,56298,0.00197806641605,-0.00388448817652,46.7565455256,56708,0.00373978483354,0.000896837099221,50.9469563377,-0.0017617184175,112313,0.00197414015158,-0.0028667319256,47.3159830118,112804,0.00383268739043,0.000876056300915,51.017694408,-0.00185854723886,224461,0.0019044190446,-0.00200929298003,47.7000458877,225043,0.00385051106835,0.000773514851485,50.977813129,-0.00194609202374
PRIMARY_VERIFIED,MODERATE_LIQUID,5,5,-0.0389793579124,-0.032847937318,-0.00241321008441,-0.00225185116137,-0.963636363636,1495,1118449,35.9866220736,64.0133779264,770,751.162541806,0.00602226381766,0.0037704126563,-0.00225185116137,55750,0.00405702179607,-0.00353441954509,47.6825112108,56487,0.00578611138882,0.00140405616225,51.2401083435,-0.00172908959275,111515,0.0037993604879,-0.0025137470542,48.1065327534,112399,0.00602226381766,0.00148212190453,51.3839091095,-0.00222290332976,223249,0.0035990417768,-0.00179015415216,48.3688616746,224322,0.00599467304576,0.00153257637604,51.5433171958,-0.00239563126896
PRIMARY_VERIFIED,MODERATE_LIQUID,5,10,-0.0249341405113,-0.0184334149273,-0.000743973373629,-0.000854740102922,-0.854545454545,1490,1109030,41.2751677852,58.7248322148,769,749.972483221,0.00975513941274,0.00890039930982,-0.000854740102922,54725,0.0100820497776,-0.00160216909046,49.2224760164,55998,0.00918353652787,0.0015008949645,50.8982463659,0.000898513249685,109904,0.00890304883231,-0.00125529577907,49.2457053428,111463,0.00975513941274,0.00196790796246,51.2178929331,-0.000852090580431,220617,0.0086038784947,-0.000199362041467,49.7119442291,222565,0.0100050579453,0.00242183406977,51.6042504437,-0.00140117945056
PRIMARY_VERIFIED,MODERATE_LIQUID,5,20,-0.0130217690202,-0.00795550870455,0.00110087998838,0.00119368256369,0.030303030303,1480,1091083,45.8108108108,54.1891891892,757.5,747.65,0.0174182505637,0.0186119331274,0.00119368256369,53144,0.0200942224906,0.00162325899086,50.52310703,55069,0.0163579701356,0.00382852011155,51.6533803047,0.00373625235491,107264,0.0186512120589,0.00219294392028,50.7579430191,109676,0.0174182505637,0.00451863193466,51.9657901455,0.00123296149521,216117,0.0179846613456,0.00328705015585,51.2379868312,219129,0.017833422816,0.00481630824373,52.21171091,0.000151238529627
PRIMARY_VERIFIED,MODERATE_LIQUID,10,1,-0.0278062783805,-0.0210971708864,-0.000406909893337,-0.000431204909002,-0.624242424242,1499,1124939,40.0933955971,59.9066044029,769,751.102068045,0.00136559322904,0.000934388320037,-0.000431204909002,56740,0.00107130631669,-0.00222104025237,46.7712372224,56962,0.00140066410192,-0.000417851704761,48.8887328394,-0.000329357785237,112919,0.000947552989576,-0.00173787110789,47.0523118341,113179,0.00136559322904,-0.000303324435817,49.0488518188,-0.000418040239463,225333,0.000884986528949,-0.00126984126984,47.4053955701,225635,0.00120224600814,-0.000306225119209,48.9378864095,-0.000317259479189
PRIMARY_VERIFIED,MODERATE_LIQUID,10,2,-0.0307378239981,-0.0277343628701,-0.000734353476872,-0.000775653160148,-0.890909090909,1498,1122883,38.6515353805,61.3484646195,769,750.860480641,0.00248036239951,0.00170470923936,-0.000775653160148,56391,0.00178616323232,-0.00264624513853,46.9277012289,56858,0.00251190182549,0,49.8118118822,-0.000725738593173,112442,0.00173562199028,-0.00224133486938,47.3515234521,112988,0.00248036239951,0,49.9274259213,-0.000744740409227,224634,0.00167315633308,-0.00151181753168,47.8240159548,225280,0.00228852315836,0,49.873046875,-0.000615366825285
PRIMARY_VERIFIED,MODERATE_LIQUID,10,3,-0.0293320244388,-0.0251671298763,-0.000446345576993,-0.000492262356489,-0.781818181818,1497,1120852,39.8129592518,60.1870407482,769,750.616566466,0.00334432138296,0.00285205902648,-0.000492262356489,56028,0.00294775744259,-0.0028648467278,47.604769044,56759,0.00324872953714,0.000432733916722,50.4448633697,-0.000300972094548,111957,0.00286626170648,-0.00211931757974,48.000571648,112808,0.00334432138296,0.000401403663924,50.45386852,-0.000478059676484,223923,0.00269969191474,-0.00141776937618,48.3773439977,224937,0.00320999031042,0.000316439006382,50.3598785438,-0.000510298395675
PRIMARY_VERIFIED,MODERATE_LIQUID,10,5,-0.0265572275387,-0.0214383457165,0.00044029499367,0.000289950090021,-0.309090909091,1495,1116902,41.2040133779,58.7959866221,769,750.12173913,0.00491527757,0.00520522766002,0.000289950090021,55402,0.00563616056166,-0.00178472847245,48.7437276633,56556,0.00467397434334,0.000619744702927,50.5481292878,0.00096218621832,111085,0.00522603300632,-0.00139938427092,48.936400054,112426,0.00491527757,0.000858230993634,50.8281002615,0.000310755436316,222634,0.00477857994584,-0.000889696486739,49.1313096832,224252,0.00497064629332,0.000873035791963,50.9056775413,-0.000192066347473
PRIMARY_VERIFIED,MODERATE_LIQUID,10,10,-0.0153646769836,-0.0084720819251,0.00295129439405,0.00255934114375,0.6,1490,1107488,45.4362416107,54.5637583893,767.5,748.931543624,0.00829001565233,0.0108493567961,0.00255934114375,54201,0.0119647810404,-0.000118786007008,49.8902234276,56087,0.00789604838083,0.0012315270936,50.7336816018,0.00406873265954,109271,0.0108903060148,0,49.9977121103,111544,0.00829001565233,0.00145979291246,50.9565731908,0.00260029036249,219825,0.0100325454802,0.000580245285507,50.3191174798,222609,0.00868338376926,0.00178534642587,51.1866097058,0.00134916171096
PRIMARY_VERIFIED,MODERATE_LIQUID,10,20,-0.0059799568719,-0.00121556657136,0.00581951801753,0.00567084352406,0.866666666667,1480,1089560,49.3918918919,50.6081081081,757,746.610810811,0.0155694084619,0.021240251986,0.00567084352406,52465,0.0239279645753,0.00472411186697,51.5238730582,55153,0.0143862361196,0.00306991483462,51.3190578935,0.00954172845569,106373,0.0212928618722,0.00405170750531,51.434104519,109768,0.0155694084619,0.003820990914,51.7063260695,0.00572345341025,215031,0.0197114533116,0.00458496513516,51.7902069934,219230,0.0164512426299,0.00433432217033,52.0572002007,0.00326021068173
PRIMARY_VERIFIED,MODERATE_LIQUID,20,1,-0.0225613924222,-0.019638512076,-1.12801983327e-05,-5.08720989342e-05,0.236363636364,1499,1121648,42.895263509,57.104736491,767,748.90527018,0.00110704371432,0.00105617161539,-5.08720989342e-05,56520,0.00104748325557,-0.0018864902867,47.1231422505,56789,0.00110135318875,-0.00076472087688,48.1871489197,-5.38699331744e-05,112518,0.00105844824149,-0.00152691195544,47.3906397199,112866,0.00110704371432,-0.000562191118558,48.4742969539,-4.85954728291e-05,224607,0.00103867552304,-0.00107933081489,47.7905853335,225014,0.00100619803899,-0.000433613740144,48.5565342601,3.24774840514e-05
PRIMARY_VERIFIED,MODERATE_LIQUID,20,2,-0.0213713005452,-0.0178921443025,0.00014523989291,0.000100571983477,0.309090909091,1498,1119598,42.0560747664,57.9439252336,766.5,748.662883845,0.00208474804992,0.0021853200334,0.000100571983477,56149,0.00211518769671,-0.00247456695078,47.3525797432,56692,0.0021092325752,-0.000498178003473,49.110985677,5.95512150879e-06,111976,0.00218899102664,-0.00174071081419,47.9316996499,112691,0.00208474804992,-0.000354945575012,49.2488308738,0.000104242976718,223860,0.00207844527532,-0.00110054750528,48.4061466988,224685,0.00192424895729,-0.000175716042875,49.3544295347,0.000154196318028
PRIMARY_VERIFIED,MODERATE_LIQUID,20,3,-0.0194302915859,-0.0155683354134,0.000634558865807,0.00057851024004,0.587878787879,1497,1117572,44.2885771543,55.7114228457,766,748.418837675,0.00293781747087,0.00351632771091,0.00057851024004,55756,0.00356571455105,-0.00216812243928,48.1436975393,56601,0.0029553768642,-0.000117267663442,49.7182028586,0.000610337686843,111440,0.00351789499121,-0.00146311315372,48.5965541996,112521,0.00293781747087,0,49.8582486825,0.00058007752034,223119,0.00325098327374,-0.000865596474662,48.9344251274,224374,0.00280041327456,0,49.8306399137,0.000450569999178
PRIMARY_VERIFIED,MODERATE_LIQUID,20,5,-0.0166106568649,-0.00969641968777,0.00173153045968,0.00159589097167,0.709090909091,1495,1113633,45.1505016722,54.8494983278,766,747.924414716,0.00443524306115,0.00603113403282,0.00159589097167,55052,0.00631372432612,-0.00148921070724,49.0372738502,56422,0.00414404712642,8.33750251888e-05,50.053170749,0.0021696771997,110463,0.00601919043185,-0.00108774474257,49.1829843477,112193,0.00443524306115,0.00043630017452,50.3721266033,0.0015839473707,221750,0.00555929551539,-0.000180023410983,49.708680947,223738,0.00445711521643,0.0004482598772,50.4384592693,0.00110218029896
PRIMARY_VERIFIED,MODERATE_LIQUID,20,10,-0.00858823575751,-0.00167318013437,0.00524328034917,0.00484498265402,0.939393939394,1490,1104248,49.5302013423,50.4697986577,765,746.73557047,0.00779770313335,0.0126426857874,0.00484498265402,53672,0.0137391634839,0.00137156871302,50.609256223,55940,0.00704505967019,0.000731691060141,50.4290311048,0.00669410381373,108408,0.0126422990793,0.00154128888993,50.7231938602,111319,0.00779770313335,0.00155642023346,51.0317196525,0.00484459594593,218760,0.0113792370094,0.00182952841695,51.0184677272,222120,0.00807194437992,0.00158969876213,51.0922024131,0.00330729262947
PRIMARY_VERIFIED,MODERATE_LIQUID,20,20,-0.00586704849106,-0.000825221812609,0.0091250187207,0.00899232153407,0.915151515152,1480,1086389,49.3243243243,50.6756756757,756,744.432432432,0.0151951003048,0.0241874218389,0.00899232153407,51781,0.0261973845596,0.00597591247587,51.9341071049,55025,0.0140074316966,0.00374511207799,51.6310767833,0.0121899528629,105300,0.0242232609124,0.00628669819524,52.2146248813,109621,0.0151951003048,0.00446247464503,52.0548070169,0.00902816060765,213720,0.0215316001737,0.00561797752809,52.2529477821,218908,0.0157786180859,0.00443803395703,52.1360571564,0.00575298208782
PRIMARY_VERIFIED,MODERATE_LIQUID,40,1,-0.0183901219438,-0.0128852789537,0.000188294548106,0.00013470213743,0.466666666667,1499,1111676,45.6971314209,54.3028685791,765,742.228152101,0.00103430931412,0.00116901145155,0.00013470213743,56043,0.00120704966666,-0.00160128102482,47.5492032903,56287,0.00106946314598,-0.000791452314998,47.9204789738,0.000137586520676,111536,0.0011820498729,-0.00130154015621,47.7881580835,111869,0.00103430931412,-0.000650748360615,48.1268269136,0.000147740558778,222611,0.00120558119367,-0.000868432479375,48.1934854971,223039,0.000962554124128,-0.000497326868084,48.2606180982,0.000243027069542
PRIMARY_VERIFIED,MODERATE_LIQUID,40,2,-0.0153994730111,-0.0127953694761,0.000377053849456,0.000290473488494,0.454545454545,1498,1109665,46.261682243,53.738317757,764.5,741.987316422,0.00207452818739,0.00236500167588,0.000290473488494,55689,0.00244416707696,-0.0018686599039,48.0148682864,56195,0.00221133991616,-0.000635660557262,48.8797935759,0.000232827160807,111019,0.0023738087426,-0.0012927978648,48.4637764707,111702,0.00207452818739,-0.000462062578346,49.0027036221,0.000299280555212,221864,0.00238638129092,-0.000643024483373,49.0309378718,222729,0.00193552759535,-0.000315040010081,49.0304360905,0.000450853695575
PRIMARY_VERIFIED,MODERATE_LIQUID,40,3,-0.0131995029919,-0.00969171962692,0.000921956082351,0.000829934144534,0.539393939394,1497,1107679,46.2925851703,53.7074148297,764,741.74749499,0.00296326600023,0.00379320014476,0.000829934144534,55344,0.00394161217605,-0.00161320059149,48.5255854293,56112,0.00319543237894,-0.000197304191704,49.6186199031,0.000746179797107,110489,0.00379925295399,-0.000873235336923,49.0926698585,111541,0.00296326600023,-0.000167466785754,49.5512860742,0.000835986953764,221121,0.00370834248196,-0.000249937515621,49.6004450052,222423,0.00280470187509,-8.89205050684e-05,49.4616114341,0.00090364060687
PRIMARY_VERIFIED,MODERATE_LIQUID,40,5,-0.0108812096972,-0.00631866057139,0.00219914975495,0.00199440806279,0.660606060606,1495,1103815,47.6254180602,52.3745819398,764,741.260869565,0.0046196271833,0.00661403524609,0.00199440806279,54726,0.00701454044229,-0.00104568031,49.3275591127,55936,0.00500655319909,0.000444653320378,50.3414616705,0.0020079872432,109555,0.00662749951665,-0.000117598635856,49.8525854594,111212,0.0046196271833,0.00037084424231,50.3407905622,0.00200787233335,219721,0.00626130469412,0.000450416635388,50.3224543853,221809,0.00442404447442,0.000218277066356,50.2396205745,0.0018372602197
PRIMARY_VERIFIED,MODERATE_LIQUID,40,10,-0.00558668951928,-0.00242088193117,0.00513630436848,0.00476828337521,0.733333333333,1490,1094575,49.2617449664,50.7382550336,762.5,740.083221477,0.00843152188205,0.0131998052573,0.00476828337521,53534,0.0140294970567,0.0011991706585,50.5809392162,55513,0.00856085326993,0.00124714196633,50.8043161061,0.00546864378675,107645,0.0132391521868,0.00205838323353,51.0427795067,110405,0.00843152188205,0.00154354419411,51.008559395,0.00480763030472,216666,0.0124634373646,0.00271739130435,51.5447739839,220237,0.00823296881207,0.00149233482567,51.0581782353,0.00423046855256
PRIMARY_VERIFIED,MODERATE_LIQUID,40,20,0.000188611244976,0.00481587383961,0.00977657508075,0.0094666372862,0.963636363636,1480,1076927,51.2162162162,48.7837837838,753,737.790540541,0.0151825848291,0.0246492221153,0.0094666372862,51642,0.0255603801838,0.00654319187908,52.0855117927,54635,0.0148296085867,0.00344728526286,51.4999542418,0.0107307715971,104531,0.0246572778847,0.00703844071467,52.4303795046,108783,0.0151825848291,0.00402281291374,51.8325473649,0.00947469305567,211452,0.0237149218671,0.00793768556283,53.0366229688,217157,0.0151852509178,0.00406734102002,52.0222696022,0.00852967094931
PRIMARY_VERIFIED,MODERATE_LIQUID,60,1,-0.0138395845436,-0.010478111852,0.000443895653551,0.000358734949888,0.684848484848,1499,1101645,46.0306871247,53.9693128753,761,735.516344229,0.000924432877949,0.00128316782784,0.000358734949888,55585,0.00121408471417,-0.00134431188036,47.9230008096,55813,0.00088239351163,-0.000970873786408,47.356350671,0.000331691202539,110559,0.00128051887787,-0.00105320642846,48.1815139428,110865,0.000924432877949,-0.00077899376805,47.6507464033,0.000356085999924,220599,0.00119640615702,-0.000771128932758,48.386892053,221008,0.000900639630887,-0.000602566947055,47.9285817708,0.000295766526135
PRIMARY_VERIFIED,MODERATE_LIQUID,60,2,-0.00943227126242,-0.00608812468292,0.000941196594875,0.000792676148679,0.660606060606,1498,1099672,47.3965287049,52.6034712951,761,735.277036048,0.00185361283982,0.00264628898849,0.000792676148679,55263,0.00241158631631,-0.00128865979381,48.5659482837,55724,0.00185022929518,-0.00101354576897,48.1874955136,0.000561357021127,110085,0.00263150441989,-0.000633412509897,49.1883544534,110704,0.00185361283982,-0.000801748581381,48.3252637664,0.000777891580073,219887,0.002420096845,-0.000455489560179,49.2807669394,220709,0.00176937967312,-0.000500437883148,48.6273781314,0.000650717171878
PRIMARY_VERIFIED,MODERATE_LIQUID,60,3,-0.00698892737478,-0.00225334276906,0.00163245080995,0.00143480934727,0.769696969697,1497,1097722,49.5657982632,50.4342017368,761,735.036740147,0.00263587037995,0.00407067972722,0.00143480934727,54951,0.00389430447936,-0.000972819998821,49.0819093374,55640,0.00259031939683,-0.000960204169419,48.5891445004,0.00130398508253,109618,0.00404156255876,-0.00024815069795,49.7190242478,110547,0.00263587037995,-0.000622609623766,48.8968493039,0.00140569217881,219180,0.00378112807197,0,49.9758189616,220414,0.00256393289904,-0.000387383017978,49.0177574927,0.00121719517293
PRIMARY_VERIFIED,MODERATE_LIQUID,60,5,-0.00395591969152,0.000109465997454,0.00320170960398,0.00283813964559,0.90303030303,1495,1093920,50.1003344482,49.8996655518,760,734.549832776,0.00412525395189,0.00696339359748,0.00283813964559,54379,0.00667313801239,-0.00016591085057,49.8538038581,55471,0.00407587418621,-0.000640683395622,49.299634043,0.00259726382618,108789,0.00694798908102,0.000747184714736,50.4793683185,110239,0.00412525395189,-0.000127097102186,49.584992607,0.00282273512913,217865,0.00645171809717,0.00102810143934,50.7681362312,219804,0.00408687573555,0,49.7124711106,0.00236484236162
PRIMARY_VERIFIED,MODERATE_LIQUID,60,10,0.00243120260384,0.00832733947848,0.00671286940669,0.00602422841145,0.987878787879,1490,1084816,52.6174496644,47.3825503356,759,733.367114094,0.00762358968063,0.0136478180921,0.00602422841145,53262,0.0133254511835,0.00209424141176,51.0495287447,55065,0.00712020165446,0.000169635284139,50.0753654772,0.00620524952905,107001,0.0136462803165,0.00346820809249,51.8051233166,109473,0.00762358968063,0.000357291728696,50.2763238424,0.00602269063588,214983,0.0127398755909,0.00346624428988,51.9631784839,218305,0.00765947529735,0.000689823983622,50.5086919677,0.00508040029354
PRIMARY_VERIFIED,MODERATE_LIQUID,60,20,0.0089991401202,0.016579426726,0.0111965139521,0.0102942553141,1,1480,1067346,57.1621621622,42.8378378378,748,731.054054054,0.0141152781712,0.0244095334853,0.0102942553141,51447,0.0239976721944,0.00614420062696,51.9447198087,54293,0.013891757799,0.00344780030341,51.5186119758,0.0101059143953,103991,0.0244291070739,0.00793589045359,52.7170620534,107959,0.0141152781712,0.00292153589316,51.3565334988,0.0103138289027,209931,0.0238109570357,0.00839475839476,53.2303471141,215315,0.0142062861941,0.00308166409861,51.472958224,0.00960467084163
BROAD_SENSITIVITY,MODERATE_LIQUID,5,1,-0.0322003430821,-0.0283058179425,-0.000571991436254,-0.000555261755525,-0.830303030303,1539,1170467,36.0623781676,63.9376218324,803,761.177387914,0.00144455810953,0.000889296354004,-0.000555261755525,59122,0.00106473245365,-0.00250048621337,46.41250296,59202,0.00152039052067,-0.000122018181163,49.5067734198,-0.000455658067014,117586,0.000883216183911,-0.00190231148981,46.7019883319,117688,0.00144455810953,-0.000163003613367,49.3984093535,-0.000561341925618,234548,0.000686387303835,-0.0014421910234,46.9997612429,234684,0.00139315963082,-0.000130250799505,49.3651037139,-0.000706772326982
BROAD_SENSITIVITY,MODERATE_LIQUID,5,2,-0.0401041129285,-0.0334473621973,-0.00154750948684,-0.00142515334205,-0.963636363636,1538,1168418,33.7451235371,66.2548764629,802.5,760.968140442,0.00269182512912,0.00126667178707,-0.00142515334205,58818,0.00127360356457,-0.00341277920536,46.1525383386,59048,0.0025982960745,0.00016511189142,50.154111909,-0.00132469250994,117158,0.00127110951637,-0.00255548941958,46.7761484491,117439,0.00269182512912,0.000273822562979,50.3257010022,-0.00142071561275,233918,0.0011580265744,-0.00190273332667,47.2503184877,234244,0.00264214772432,0.000232355523522,50.2975529789,-0.00148412114992
BROAD_SENSITIVITY,MODERATE_LIQUID,5,3,-0.0407972645725,-0.0335222686181,-0.00192669979054,-0.0017113755498,-0.951515151515,1537,1166390,34.1574495771,65.8425504229,802,760.752765127,0.0037259057167,0.00201453016689,-0.0017113755498,58496,0.00204151842813,-0.00371548645469,46.8698714442,58922,0.00358124516511,0.000772104312989,50.8265164115,-0.00153972673698,116708,0.00201816513334,-0.00279155007648,47.3617918223,117218,0.0037259057167,0.000761817180618,50.8983261956,-0.00170774058335,233254,0.00188091581468,-0.00204480197293,47.660490281,233858,0.00374848427191,0.000666735456875,50.8222938706,-0.00186756845723
BROAD_SENSITIVITY,MODERATE_LIQUID,5,5,-0.038122096963,-0.0320048095982,-0.00220865401129,-0.00196265616332,-0.963636363636,1535,1162441,36.2866449511,63.7133550489,801,760.309446254,0.00578937996307,0.00382672379976,-0.00196265616332,57938,0.0041497320634,-0.00327483001427,47.8252614864,58703,0.00544571030505,0.00109079576148,50.9769517742,-0.00129597824166,115895,0.00384438821726,-0.00242854474127,48.1703265887,116817,0.00578937996307,0.00121247393181,51.1543696551,-0.00194499174581,232027,0.00356417500055,-0.00181570585565,48.3426497778,233145,0.00581298292323,0.00130901474823,51.3298591006,-0.00224880792267
BROAD_SENSITIVITY,MODERATE_LIQUID,5,10,-0.023793668114,-0.0176325178949,-0.000396216680583,-0.000345587119375,-0.660606060606,1530,1152951,41.7647058824,58.2352941176,798,759.174509804,0.00937156047253,0.00902597335316,-0.000345587119375,56896,0.010320303208,-0.00121660180696,49.3936304837,58215,0.00868390464854,0.00102744752679,50.6141028944,0.0016363985595,114258,0.00901703280727,-0.00109024911829,49.3514677309,115880,0.00937156047253,0.00154522494142,50.9544356231,-0.000354527665257,229358,0.00859496445503,-0.000178095989493,49.7266282406,231386,0.00968154436225,0.0020317177985,51.3259229167,-0.00108657990723
BROAD_SENSITIVITY,MODERATE_LIQUID,5,20,-0.0126497511491,-0.00776210677562,0.00113666200934,0.00122557573078,0.272727272727,1520,1134542,45.8552631579,54.1447368421,780,756.785526316,0.0170071265075,0.0182327022383,0.00122557573078,55267,0.0196637343092,0.0012012012012,50.3989722619,57245,0.0158472499206,0.00314771790452,51.3844003843,0.00381648438855,111551,0.0182603710806,0.0017559262511,50.6118277738,114027,0.0170071265075,0.00405494548136,51.7675638226,0.00125324457314,224746,0.0177035684201,0.0030226267029,51.1266051454,227837,0.0175271554706,0.00443828016644,52.0332518423,0.000176412949463
BROAD_SENSITIVITY,MODERATE_LIQUID,10,1,-0.0273216956807,-0.0207570906395,-0.000353333608811,-0.000353958465672,-0.454545454545,1539,1168900,40.350877193,59.649122807,801,760.157894737,0.00132405734148,0.000970098875811,-0.000353958465672,58951,0.00111628728807,-0.00219298245614,46.7846177334,59178,0.00133260629181,-0.000466254865268,48.7799520092,-0.000216319003735,117325,0.000983599473411,-0.00174148606811,47.0360110803,117594,0.00132405734148,-0.000360742288409,48.9259656105,-0.000340457868072,234133,0.000902992808953,-0.0012927978648,47.3572712945,234446,0.00116820184536,-0.000353879815408,48.8317139128,-0.00026520903641
BROAD_SENSITIVITY,MODERATE_LIQUID,10,2,-0.0298587484597,-0.0268871101656,-0.000621933537098,-0.000613073788627,-0.793939393939,1538,1166853,38.9466840052,61.0533159948,800.5,759.947984395,0.00238348024758,0.00177040645896,-0.000613073788627,58596,0.00187268330985,-0.00256402278361,47.0134480169,59075,0.00238439772227,-0.000112318535366,49.6758358019,-0.000511714412418,116842,0.00179952338441,-0.00218047390301,47.4058985639,117406,0.00238348024758,0,49.788767184,-0.000583956863175,233428,0.00170361327278,-0.00149894733018,47.8275956612,234097,0.00221047117764,0,49.7234052551,-0.000506857904857
BROAD_SENSITIVITY,MODERATE_LIQUID,10,3,-0.0281722120624,-0.023823214021,-0.00026032728475,-0.00022306212261,-0.612121212121,1537,1164827,40.5335068315,59.4664931685,800,759.731945348,0.0031833148679,0.00296025274529,-0.00022306212261,58226,0.00309041262662,-0.00264707829893,47.7535808745,58977,0.00304119595004,0.000314070351759,50.280617868,4.92166765703e-05,116348,0.00297260800651,-0.00198657876851,48.0962285557,117228,0.0031833148679,0.000279552735421,50.2942982905,-0.000210706861393,232706,0.00274295167441,-0.00138099691429,48.4074325544,233759,0.00308633494899,0.000167785234899,50.1773193759,-0.000343383274585
BROAD_SENSITIVITY,MODERATE_LIQUID,10,5,-0.0252672742548,-0.0194370885198,0.000724796726668,0.000705863191467,-0.284848484848,1535,1160881,41.9543973941,58.0456026059,799,759.287296417,0.00465936677525,0.00536522996671,0.000705863191467,57586,0.00582243605419,-0.00157223444415,48.8938283611,58776,0.00432073235903,0.000375530882123,50.2994419491,0.00150170369516,115458,0.00538108902368,-0.00124888508319,49.029950285,116850,0.00465936677525,0.000643216081442,50.593923834,0.000721722248436,231400,0.00481833611038,-0.000859186798994,49.1590319793,233082,0.00475683342595,0.000666906641796,50.6641439493,6.15026844375e-05
BROAD_SENSITIVITY,MODERATE_LIQUID,10,10,-0.0138650721187,-0.00630960784475,0.00331734761365,0.00310334497055,0.660606060606,1530,1151391,46.4052287582,53.5947712418,796,758.149019608,0.00790417379411,0.0110075187647,0.00310334497055,56354,0.012113076755,0.000183714909197,50.049685914,58307,0.00737638691098,0.000702864171499,50.4056116761,0.00473668984402,113605,0.011041242965,0.00023301875801,50.0981470886,115966,0.00790417379411,0.00102580291358,50.665712364,0.00313706917093,228538,0.00999679432883,0.000611690586757,50.3369242752,231431,0.00834053802717,0.00130704474967,50.8760710536,0.00165625630166
BROAD_SENSITIVITY,MODERATE_LIQUID,10,20,-0.00607031518368,-0.000979664521504,0.00568278963103,0.00545610635898,0.866666666667,1520,1132988,49.5394736842,50.4605263158,778.5,755.753289474,0.0153266537483,0.0207827601073,0.00545610635898,54571,0.0232960727847,0.00399866711096,51.2983086255,57337,0.0141717060089,0.00264169068204,51.1240560197,0.00912436677571,110639,0.0208288278245,0.00356466525565,51.2685400266,114120,0.0153266537483,0.00347876008955,51.5290921837,0.00550217407617,223626,0.0192983353505,0.00428265524625,51.6464990654,227933,0.0162070913915,0.00400829787982,51.8762092369,0.00309124395895
BROAD_SENSITIVITY,MODERATE_LIQUID,20,1,-0.0220648563577,-0.0190285089875,2.1815636902e-05,-1.41692442561e-06,0.175757575758,1539,1165556,43.2098765432,56.7901234568,798,757.983755686,0.00105882274613,0.00105740582171,-1.41692442561e-06,58725,0.00106267827883,-0.00187394829432,47.1468710089,59002,0.00103928244597,-0.000798669171756,48.079726111,2.33958328645e-05,116912,0.00106224952504,-0.00153611104087,47.3663952374,117271,0.00105882274613,-0.000609756097561,48.360634769,3.42677890478e-06,233391,0.00104563844119,-0.00110375275938,47.7332030798,233812,0.000970128188609,-0.000482370853728,48.4359228782,7.55102525783e-05
BROAD_SENSITIVITY,MODERATE_LIQUID,20,2,-0.0207056566735,-0.0178921443025,0.000211575881347,0.000198755932836,0.406060606061,1538,1163515,42.1326397919,57.8673602081,798,757.773081925,0.00197228489506,0.0021710408279,0.000198755932836,58344,0.00211342171938,-0.0024719321975,47.3433429316,58906,0.00198106353398,-0.000576767985155,48.9729399382,0.000132358185394,116359,0.00216835255847,-0.00176263219741,47.9043305632,117099,0.00197228489506,-0.000437810945274,49.1131435794,0.000196067663408,232635,0.00207343115929,-0.00112654900488,48.3744922303,233488,0.00184065193207,-0.000286505714901,49.2093812102,0.000232779227215
BROAD_SENSITIVITY,MODERATE_LIQUID,20,3,-0.018598009948,-0.0149521367788,0.000723814592269,0.000710112895075,0.660606060606,1537,1161492,44.4372153546,55.5627846454,798,757.555627846,0.00276628049575,0.00347639339082,0.000710112895075,57942,0.00352141932676,-0.00217164287789,48.1395188292,58816,0.00274829866767,-0.000263569880423,49.5511425462,0.000773120659085,115813,0.00347246546692,-0.00147715561663,48.5809019713,116931,0.00276628049575,-7.06913615156e-05,49.7028161907,0.000706184971174,231883,0.00322695964807,-0.00088308884855,48.9177731873,233181,0.00267049113661,0,49.6618506654,0.000556468511454
BROAD_SENSITIVITY,MODERATE_LIQUID,20,5,-0.0156936229186,-0.00917604182935,0.00183398654283,0.00174728205321,0.806060606061,1535,1157560,45.4723127036,54.5276872964,795,757.113355049,0.00416449854469,0.00591178059789,0.00174728205321,57225,0.00616688823018,-0.00155477031802,48.996068152,58639,0.00382700830037,0,49.8610140009,0.00233987992981,114821,0.00589526270676,-0.00112153344209,49.1443202898,116607,0.00416449854469,0.000217533173809,50.1745178248,0.00173076416207,230498,0.00549974909259,-0.000242424470379,49.672448351,232554,0.00424567100541,0.000224695458963,50.2167238577,0.00125407808719
BROAD_SENSITIVITY,MODERATE_LIQUID,20,10,-0.00809649705224,-0.00102339456306,0.0052354340978,0.00483706042024,0.975757575758,1530,1148088,49.6732026144,50.3267973856,792,755.969281046,0.00744492855303,0.0122819889733,0.00483706042024,55814,0.013240284219,0.000958888806137,50.4407496327,58157,0.0066111848527,0.000378334068983,50.2071977578,0.00662909936626,112727,0.0122807645826,0.0012936610608,50.6098805078,115732,0.00744492855303,0.00117409369884,50.7837071856,0.00483583602962,227462,0.0111391775349,0.00162737956845,50.9144384557,230929,0.00780303807059,0.00124254473161,50.8645514422,0.00333613946433
BROAD_SENSITIVITY,MODERATE_LIQUID,20,20,-0.00596565499977,-0.00072808457993,0.00879080064412,0.00847443917552,0.951515151515,1520,1129709,49.4736842105,50.5263157895,776,753.561184211,0.0149457921579,0.0234202313334,0.00847443917552,53884,0.0252083408727,0.004867731004,51.5403459283,57215,0.0138286176763,0.00353132922854,51.5389320982,0.0113797231964,109549,0.0234553633409,0.00549073438572,51.9192324896,113981,0.0149457921579,0.00420168067227,51.9130381379,0.00850957118296,222288,0.0210719167039,0.005169960268,52.0558914561,227619,0.0154629108872,0.00405824779184,51.9398644226,0.00560900581667
BROAD_SENSITIVITY,MODERATE_LIQUID,40,1,-0.018012519388,-0.0119456137398,0.000209803980869,0.000168711521502,0.454545454545,1539,1155213,45.7439896036,54.2560103964,788,751.239116309,0.00100219631933,0.00117090784083,0.000168711521502,58232,0.0012387791137,-0.00157591143427,47.561478225,58484,0.00102547937804,-0.000802596999857,47.850694207,0.000213299735656,115898,0.00118293748412,-0.00131639033172,47.7454313275,116243,0.00100219631933,-0.000687674446827,48.0338601034,0.000180741164789,231322,0.00119579076072,-0.000897610180607,48.1277180726,231767,0.000933000678552,-0.000537056928034,48.1539649734,0.000262790082171
BROAD_SENSITIVITY,MODERATE_LIQUID,40,2,-0.0149026040795,-0.0126935924152,0.000410622167001,0.000343227902705,0.563636363636,1538,1153215,46.3589076723,53.6410923277,788,751.032509753,0.00200020097636,0.00234342887906,0.000343227902705,57869,0.0024643853557,-0.00182834456459,48.0516338627,58394,0.00210804059525,-0.000678447520286,48.785834161,0.000356344760447,115370,0.00234900804998,-0.00131652381796,48.4415359279,116080,0.00200020097636,-0.000532058985871,48.8947277739,0.00034880707362,230565,0.00236806485831,-0.000683423190827,48.9792466333,231464,0.00184974221211,-0.000400120040014,48.8875159852,0.000518322646203
BROAD_SENSITIVITY,MODERATE_LIQUID,40,3,-0.0125743383083,-0.00872766910486,0.000962232505577,0.000891860378774,0.539393939394,1537,1151233,46.4541314249,53.5458685751,788,750.81977879,0.00285876476573,0.00375062514451,0.000891860378774,57515,0.00394730499208,-0.00154320987654,48.608189168,58313,0.00306649670928,-0.000281597597034,49.5481282047,0.000880808282795,114830,0.0037526616522,-0.000875711796529,49.0917007751,115922,0.00285876476573,-0.000281327185251,49.428926347,0.000893896886462,229812,0.00367203701308,-0.000286137905645,49.5670374045,231163,0.00267155693602,-0.000231320842008,49.2872994381,0.00100048007706
BROAD_SENSITIVITY,MODERATE_LIQUID,40,5,-0.0102348649671,-0.00631866057139,0.00226740678384,0.00209991588963,0.781818181818,1535,1147372,47.6872964169,52.3127035831,788,750.382410423,0.00444398385039,0.00654389974002,0.00209991588963,56882,0.00694907697357,-0.000995892153215,49.3424985057,58139,0.00483147804289,0.000340174622973,50.2605823974,0.00211759893068,113878,0.00655154491213,-0.000151368292408,49.8331547797,115597,0.00444398385039,0.000228362639872,50.2089154563,0.00210756106174,228394,0.00619397082773,0.000378315379776,50.2631417638,230557,0.00420092002074,1.0000100001e-05,50.0106264394,0.00199305080699
BROAD_SENSITIVITY,MODERATE_LIQUID,40,10,-0.00484910863688,-0.00117198328976,0.00524722561671,0.00493443178194,0.842424242424,1530,1138034,49.5424836601,50.4575163399,785.5,749.238562092,0.00809722306965,0.0130316548516,0.00493443178194,55661,0.0138401962502,0.000997435166714,50.473401484,57714,0.0082401346643,0.000944334929128,50.6047059639,0.00560006158591,111932,0.0130651496834,0.00187664755541,50.9380695422,114786,0.00809722306965,0.00119889185171,50.8014914711,0.0049679266137,225289,0.0123032745899,0.00253672869736,51.4374869612,228976,0.00785542107442,0.00108035114914,50.7778107749,0.00444785351546
BROAD_SENSITIVITY,MODERATE_LIQUID,40,20,0.000840805331135,0.00518022182857,0.00983486010987,0.00953502124054,0.963636363636,1520,1119873,51.5131578947,48.4868421053,772.5,746.834210526,0.0147064086945,0.024241429935,0.00953502124054,53731,0.0250545635643,0.00589991987763,51.8955537771,56815,0.0143309762313,0.00307889672867,51.3473554519,0.010723587333,108741,0.0242522487708,0.00657462195924,52.284786787,113122,0.0147064086945,0.00362557134464,51.6318664804,0.00954584007637,219947,0.0234342889821,0.00749531542786,52.8881957926,225809,0.0146320973138,0.00367924110111,51.7397446515,0.00880219166822
BROAD_SENSITIVITY,MODERATE_LIQUID,60,1,-0.0133628988899,-0.0100020743748,0.000479266375235,0.00041350437029,0.733333333333,1539,1144841,46.3287849253,53.6712150747,785,744.478882391,0.000877865742025,0.00129137011232,0.00041350437029,57759,0.00123444998158,-0.0013303728714,47.9440433526,57993,0.000815070668863,-0.00102854204166,47.2315624299,0.000419379312717,114888,0.00128721701563,-0.00105283826873,48.1642991435,115204,0.000877865742025,-0.000817926244977,47.5313357175,0.000409351273602,229247,0.00120223671967,-0.000793650793651,48.3400000872,229667,0.00085265528464,-0.000660153155532,47.7887550236,0.000349581435032
BROAD_SENSITIVITY,MODERATE_LIQUID,60,2,-0.00874611073482,-0.0054466648478,0.00100081155967,0.000884299082552,0.769696969697,1538,1142884,47.5942782835,52.4057217165,784,744.274382315,0.00176249110338,0.00264679018593,0.000884299082552,57432,0.00242839160707,-0.00124979308783,48.6157542833,57906,0.00171599346753,-0.00108587501717,48.0571961455,0.000712398139545,114408,0.00263098094762,-0.000643974246481,49.1722606811,115047,0.00176249110338,-0.000865907966353,48.2089928464,0.000868489844243,228529,0.00242114773849,-0.00049394912324,49.2440784321,229375,0.001664297698,-0.000605393505779,48.4368392371,0.000756850040494
BROAD_SENSITIVITY,MODERATE_LIQUID,60,3,-0.00608965597167,-0.000780961084146,0.00170977442656,0.00155301179803,0.806060606061,1537,1140944,49.9024072869,50.0975927131,783,744.063760573,0.0025044665355,0.00405747833353,0.00155301179803,57114,0.0039257366906,-0.000856971972632,49.1630773541,57823,0.00239000629136,-0.00106186518929,48.4564965498,0.00153573039924,113936,0.0040313368801,-0.000236079266984,49.7340612274,114893,0.0025044665355,-0.000732081709765,48.7627618741,0.0015268703446,227814,0.00377716485693,0,49.9561045414,229085,0.00240396998891,-0.000540487421384,48.8102669315,0.00137319486802
BROAD_SENSITIVITY,MODERATE_LIQUID,60,5,-0.00286680866509,0.00177702397894,0.00335273531264,0.00306842119476,0.951515151515,1535,1137156,50.4234527687,49.5765472313,783,743.630618893,0.00388207631868,0.00695049751344,0.00306842119476,56534,0.00673242305543,0,49.9257084232,57657,0.00371764674176,-0.000883392226149,49.060825225,0.00301477631367,113102,0.00693671732495,0.000782987569064,50.5066223409,114590,0.00388207631868,-0.000333482072732,49.3961078628,0.00305464100626,226490,0.00644001572333,0.00097997783245,50.7298335467,228485,0.00382982254161,-0.000101173613921,49.4588266188,0.00261019318172
BROAD_SENSITIVITY,MODERATE_LIQUID,60,10,0.00368801867382,0.00899377264154,0.00697670013918,0.00642366353664,0.987878787879,1530,1127979,53.0718954248,46.9281045752,782,742.494771242,0.00717204590988,0.0135957094465,0.00642366353664,55395,0.0133916532359,0.00211225105613,51.0515389476,57249,0.00659372602104,-0.000154966682163,49.8017432619,0.00679792721489,111288,0.0136016978081,0.00339691665417,51.7611961757,113820,0.00717204590988,0,49.9894570374,0.00642965189826,223575,0.0127389406234,0.00339044463999,51.9181482724,226980,0.00722656867451,0.000197941688541,50.1735835756,0.00551237194892
BROAD_SENSITIVITY,MODERATE_LIQUID,60,20,0.00960442182135,0.0167350171697,0.0115966372423,0.0108889731796,1,1520,1110036,57.1710526316,42.8289473684,769,740.1,0.0135155791362,0.0244045523158,0.0108889731796,53519,0.0238848477346,0.00589550276146,51.8712980437,56461,0.0132723111849,0.00300369685767,51.3292361099,0.0106125365497,108190,0.0244291852944,0.00773539842573,52.6499676495,112265,0.0135155791362,0.00238122671583,51.128134325,0.0109136061582,218388,0.0237867546877,0.00825335305797,53.1814934887,223909,0.0136216222734,0.00254108080637,51.2297406536,0.0101651324144
PRIMARY_VERIFIED,STRICT_SENSITIVITY,5,1,-0.0240767657816,-0.0196378049331,-0.000438885775787,-0.000415761992881,-0.781818181818,1269,518478,43.0260047281,56.9739952719,440,408.862884161,0.00107372709622,0.000657965103338,-0.000415761992881,26495,0.000496802916262,-0.00223386227084,46.4276278543,26502,0.00102166045377,-0.000398087654749,49.0076220663,-0.000524857537506,52387,0.000660525738724,-0.00140665294746,47.3056292592,52388,0.00107372709622,-0.000179491391946,49.4120791021,-0.000413201357495,104180,0.000566642693433,-0.000929517371519,47.8316375504,104198,0.000973712235786,-5.92797050058e-05,49.5383788556,-0.000407069542353
PRIMARY_VERIFIED,STRICT_SENSITIVITY,5,2,-0.0318701502347,-0.0248791960044,-0.00114214459796,-0.000999682630021,-0.963636363636,1268,517505,40.0630914826,59.9369085174,440,408.697949527,0.00193034079916,0.000930658169137,-0.000999682630021,26395,0.00047443312136,-0.00285816362987,46.5770032203,26428,0.00161239251323,-0.0001373152863,49.708642349,-0.00113795939187,52234,0.000943482553223,-0.00165004565798,47.742849485,52264,0.00193034079916,0.00036413877936,50.4802540946,-0.000986858245935,103935,0.000919446426989,-0.00108371714982,48.2465002165,103980,0.00194061486553,0.000364075267708,50.5703019812,-0.00102116843854
PRIMARY_VERIFIED,STRICT_SENSITIVITY,5,3,-0.0331860268303,-0.0239666332754,-0.00147304785865,-0.0012197462752,-0.939393939394,1267,516537,40.8050513023,59.1949486977,440,408.535122336,0.00275841806345,0.00153867178825,-0.0012197462752,26286,0.00114084242724,-0.00326169744384,47.1391615309,26366,0.00251681310515,0.000437786770325,50.4703026625,-0.0013759706779,52064,0.00158722988649,-0.00185683788176,48.0159035034,52156,0.00275841806345,0.000765627530108,50.9107293504,-0.00117118817696,103672,0.00150465504008,-0.00108373079983,48.5782081951,103779,0.00282796276001,0.00074387465712,50.9737037358,-0.00132330771993
PRIMARY_VERIFIED,STRICT_SENSITIVITY,5,5,-0.0333126356638,-0.0276515289352,-0.00194684680121,-0.00158287275857,-0.915151515152,1265,514626,39.7628458498,60.2371541502,439,408.211067194,0.0045931030205,0.00301023026193,-0.00158287275857,26081,0.00252581997589,-0.00296772597997,47.9966258962,26253,0.00413168574442,0.000867553499132,50.7599131528,-0.00160586576853,51751,0.00302084845542,-0.00133346032956,48.9227261309,51959,0.0045931030205,0.00124168514412,51.1865124425,-0.00157225456508,103168,0.00275768279453,-0.000752283935646,49.1722239454,103415,0.00467674321539,0.00153633207963,51.560218537,-0.00191906042087
PRIMARY_VERIFIED,STRICT_SENSITIVITY,5,10,-0.0233266942965,-0.0178220057131,-0.00163789689501,-0.00117320746894,-0.890909090909,1260,510005,42.8571428571,57.1428571429,438,407.417460317,0.00752501258505,0.0063518051161,-0.00117320746894,25653,0.00643417382967,-0.0017094017094,49.1326550501,26013,0.00669589818001,0.000375234521576,50.213354861,-0.000261724350337,51050,0.00635624887154,-0.000864610618728,49.4260528893,51501,0.00752501258505,0.00120807276862,50.7660045436,-0.00116876371351,101959,0.00617318383377,0,49.8867191714,102537,0.00775956079207,0.00200931857892,51.3726752294,-0.00158637695831
PRIMARY_VERIFIED,STRICT_SENSITIVITY,5,20,-0.0105217067577,-0.00197306436916,0.000517478625538,0.00129627309069,-0.0545454545455,1250,500946,49.2,50.8,436,405.756,0.0134398785805,0.0147361516712,0.00129627309069,24972,0.0155413875708,0.00145730133659,50.5085695979,25543,0.0126327020608,0.00176687238702,50.7262263634,0.00290868550996,49869,0.0147527611079,0.00204214642624,50.7489622812,50591,0.0134398785805,0.00316179677279,51.3312644542,0.00131288252733,99874,0.0138960884578,0.0031715771536,51.2746060036,100763,0.0137131052593,0.00386983289358,51.7501463831,0.000182983198523
PRIMARY_VERIFIED,STRICT_SENSITIVITY,10,1,-0.0235758505952,-0.0198357242443,-0.000443139112607,-0.000428536711682,-0.818181818182,1269,517747,43.0260047281,56.9739952719,439,408.286840032,0.00104248799481,0.000613951283133,-0.000428536711682,26432,0.00049535922048,-0.00205356512287,46.8333837772,26488,0.00105783922821,-0.000333182623153,49.0826034431,-0.000562480007732,52275,0.000611807263303,-0.00142308853336,47.4548063128,52341,0.00104248799481,-0.000190023752969,49.2787680786,-0.000430680731511,104003,0.000631099738156,-0.000893832555368,47.9563089526,104085,0.000914352358369,-8.0703736583e-05,49.4086563866,-0.000283252620213
PRIMARY_VERIFIED,STRICT_SENSITIVITY,10,2,-0.0278742329385,-0.0221168646897,-0.000953751122921,-0.000919227479269,-0.890909090909,1268,516775,42.1924290221,57.8075709779,439,408.122239748,0.00192904030127,0.001009812822,-0.000919227479269,26321,0.000857766836496,-0.00239639131661,47.2056532807,26434,0.00201788884985,9.67269026219e-05,50.1021411818,-0.00116012201335,52103,0.00101540628287,-0.00167204797048,47.8264207435,52248,0.00192904030127,0.000116220299094,50.1435461644,-0.0009136340184,103732,0.00115008964943,-0.00104141907864,48.3476651371,103898,0.00177883993382,0.000194212937267,50.2974070723,-0.000628750284398
PRIMARY_VERIFIED,STRICT_SENSITIVITY,10,3,-0.027337768195,-0.0188635859777,-0.000727924944667,-0.00061770426336,-0.818181818182,1267,515808,43.0149960537,56.9850039463,439,407.959747435,0.00256027298429,0.00194256872093,-0.00061770426336,26193,0.00173123353881,-0.00231948366277,47.8524796701,26383,0.0026906359989,0.000677639209247,50.7751203426,-0.00095940246009,51923,0.00194403861803,-0.00154569599861,48.3157752826,52151,0.00256027298429,0.0003885003885,50.4975935265,-0.000616234366253,103447,0.001965256332,-0.000912825193975,48.8056686032,103716,0.00250582423626,0.000402750488883,50.5582552355,-0.000540567904262
PRIMARY_VERIFIED,STRICT_SENSITIVITY,10,5,-0.0238934187873,-0.0192793718217,2.64513602546e-05,0.000231137069062,-0.551515151515,1265,513899,41.976284585,58.023715415,439,407.636363636,0.00361333496971,0.00384447203877,0.000231137069062,25953,0.00365899425551,-0.00196320138794,48.6533348746,26275,0.0036362903679,0.000446395357488,50.3862987631,2.27038876093e-05,51579,0.00385030524476,-0.00100015791967,49.1459702592,51950,0.00361333496971,0.000478102905227,50.4985563041,0.000236970275057,102907,0.00358944174117,-0.000386548125241,49.4912882506,103354,0.00384239218793,0.000808945404148,50.8620856474,-0.000252950446754
PRIMARY_VERIFIED,STRICT_SENSITIVITY,10,10,-0.0139858707574,-0.00755235168105,0.00179597398185,0.00209195408759,0.381818181818,1260,509282,46.6666666667,53.3333333333,438,406.843650794,0.0060356359767,0.00812759006429,0.00209195408759,25495,0.00921255113112,-0.000258966722776,49.876446362,26042,0.00561032295422,0.000506530638947,50.3532754781,0.00360222817691,50841,0.00821160675632,-0.00010965393219,49.9203398832,51500,0.0060356359767,0.000705137969551,50.4834951456,0.00217597077962,101678,0.00765080336701,0.000661129733604,50.4061842286,102496,0.0064656068238,0.00114413219103,50.8400327818,0.00118519654321
PRIMARY_VERIFIED,STRICT_SENSITIVITY,10,20,-0.00461603284784,0.00398031249028,0.00507729520073,0.00573395166747,0.769696969697,1250,500236,51.6,48.4,434.5,405.188,0.0113691375445,0.017103089212,0.00573395166747,24739,0.0201788213718,0.00438637424172,51.4612555075,25583,0.0103562255875,0.00167663114115,50.7641793378,0.00982259578434,49562,0.0171565758156,0.00369089832959,51.3336830636,50617,0.0113691375445,0.00244498777506,51.0777011676,0.00578743827107,99461,0.0155552000485,0.00419023674838,51.7207749771,100766,0.0122531255712,0.00329832710241,51.5927991584,0.0033020744773
PRIMARY_VERIFIED,STRICT_SENSITIVITY,20,1,-0.0177749294063,-0.0122184316626,0.000232995351126,0.000227858113746,0.393939393939,1269,516185,46.414499606,53.585500394,438,407.054373522,0.000623051100905,0.00085090921465,0.000227858113746,26348,0.000842097916197,-0.00159563292362,47.4722939123,26420,0.000744092149908,-0.000547008610944,48.5844057532,9.80057662889e-05,52115,0.000867313999041,-0.00111061750333,47.9612395663,52210,0.000623051100905,-0.000406538476082,48.7588584562,0.000244262898136,103685,0.00086277981874,-0.000766645043345,48.2528813232,103792,0.000659643142512,-0.000220465919581,48.9584939109,0.000203136676228
PRIMARY_VERIFIED,STRICT_SENSITIVITY,20,2,-0.0162852852191,-0.007327860322,0.000404091460128,0.000451082470629,0.624242424242,1268,515217,47.1608832808,52.8391167192,437.5,406.889589905,0.00125413964368,0.0017052221143,0.000451082470629,26228,0.00177895500769,-0.00179583144531,48.0135732805,26371,0.00138574274553,-0.000294782352363,49.387584847,0.000393212262164,51924,0.00172367641782,-0.00124508584668,48.4477312996,52119,0.00125413964368,-0.000147786891303,49.5270438804,0.000469536774148,103407,0.00174232937541,-0.000668861905742,48.9328575435,103622,0.00128072697891,0,49.7326822489,0.000461602396498
PRIMARY_VERIFIED,STRICT_SENSITIVITY,20,3,-0.0146586778278,-0.0121815831153,0.000945196999232,0.00105285834067,0.757575757576,1267,514253,45.7774269929,54.2225730071,437,406.727703236,0.00186401837132,0.00291687671199,0.00105285834067,26097,0.00308274558949,-0.00134867116224,48.7220753343,26324,0.00196215050339,0,49.8670414831,0.0011205950861,51727,0.00295953206605,-0.000890511598914,49.0014885843,52028,0.00186401837132,0,49.911586069,0.00109551369473,103125,0.00268151966681,-0.000530241436601,49.2838787879,103455,0.00190049264117,1.18340394308e-05,50.1000434972,0.000781027025641
PRIMARY_VERIFIED,STRICT_SENSITIVITY,20,5,-0.0121886259067,-0.00388583196381,0.00194581551335,0.00216421140005,0.818181818182,1265,512350,48.9328063241,51.0671936759,437,406.405533597,0.00302129533094,0.00518550673099,0.00216421140005,25834,0.00591317731862,-7.31319847768e-05,49.9070991716,26232,0.00294883719661,4.49542943354e-05,50.0343092406,0.00296434012202,51340,0.00521324460682,-0.000488344899197,49.5656408259,51854,0.00302129533094,0.000283464237305,50.2719173063,0.00219194927588,102565,0.00460925398314,0.000151148730351,50.1018866085,103107,0.00316065406869,0.000448783627018,50.5513689662,0.00144859991445
PRIMARY_VERIFIED,STRICT_SENSITIVITY,20,10,-0.00560538406082,0.00166098527007,0.00505582465395,0.00542933315447,0.757575757576,1260,507745,50.6349206349,49.3650793651,436,405.617460317,0.00551036886635,0.0109397020208,0.00542933315447,25276,0.0131833478399,0.00291801228003,51.2976736825,25994,0.00534836154995,0.000318409598991,50.1615757482,0.00783498628991,50498,0.0109010194226,0.00197979690802,50.9683551824,51410,0.00551036886635,0.000870527220202,50.6146664073,0.00539065055628,101268,0.00928929973209,0.00193707218831,51.0872141249,102278,0.00591697006661,0.000987020699718,50.7469837111,0.00337232966548
PRIMARY_VERIFIED,STRICT_SENSITIVITY,20,20,-0.00379536534511,-9.05751497867e-06,0.00879175792046,0.00965122109745,0.781818181818,1250,498747,50,50,434,403.9896,0.0111627034843,0.0208139245817,0.00965122109745,24472,0.0243419340804,0.00728054868002,52.5049035633,25537,0.0106262773632,0.00331389996932,51.4899949093,0.0137156567172,49127,0.020743419209,0.0066540778707,52.4009200643,50560,0.0111627034843,0.0038779902953,51.7978639241,0.0095807157247,98916,0.0175844585334,0.00557292762613,52.2503942739,100633,0.0116179471201,0.00379418758962,51.8597279223,0.00596651141329
PRIMARY_VERIFIED,STRICT_SENSITIVITY,40,1,-0.0140609479421,-0.010123317315,0.000295474046042,0.000328352775395,0.430303030303,1269,512444,46.8085106383,53.1914893617,432,404.101654846,0.000762092020995,0.00109044479639,0.000328352775395,26127,0.00128854908785,-0.00116333178222,48.1915260076,26196,0.000759203401546,-0.000650834474152,48.2859978623,0.000529345686306,51731,0.00108839154558,-0.00085649029311,48.4390404206,51833,0.000762092020995,-0.000432525951557,48.5694441765,0.000326299524582,102895,0.00105958442661,-0.00052557813595,48.8109237572,103022,0.000662703465428,-0.00024045012066,48.7410456019,0.000396880961181
PRIMARY_VERIFIED,STRICT_SENSITIVITY,40,2,-0.0106268101779,-0.00741511402942,0.000756649984423,0.000791472363021,0.442424242424,1268,511487,47.8706624606,52.1293375394,432,403.940851735,0.00150963976531,0.00230111212833,0.000791472363021,26002,0.00257838957111,-0.00083870781173,49.0500730713,26147,0.00164040044812,-0.000383141762452,49.2714269323,0.000937989122996,51540,0.00228343890631,-0.000530473849839,49.3015133877,51745,0.00150963976531,-0.00016415868673,49.4540535317,0.000773799140991,102602,0.00210950480022,-0.000153357324801,49.6579014054,102858,0.00135616323765,-9.99999999995e-06,49.4312547395,0.000753341562576
PRIMARY_VERIFIED,STRICT_SENSITIVITY,40,3,-0.00852130312004,-0.0064061942158,0.00143868756533,0.00148857851722,0.527272727273,1267,510534,47.8295185478,52.1704814522,432,403.782951855,0.00214626777379,0.00363484629101,0.00148857851722,25876,0.00413181915209,-0.000581160701607,49.3662080693,26097,0.00225103556421,-0.000114090131204,49.775836303,0.00188078358789,51342,0.00362868474961,-0.000123954854203,49.8247049199,51659,0.00214626777379,0,49.822876943,0.00148241697583,102307,0.0032341464674,8.66235858699e-05,50.0522935869,102695,0.00196358000578,0,49.7278348508,0.00127056646162
PRIMARY_VERIFIED,STRICT_SENSITIVITY,40,5,-0.00678758263211,-0.00111158385418,0.00281938603726,0.0028670238341,0.660606060606,1265,508649,49.6442687747,50.3557312253,432,403.467193676,0.00339381319709,0.00626083703119,0.0028670238341,25629,0.00705572942544,0.000235349493999,50.1151039838,26001,0.00363853226895,0.000468634933387,50.3557555479,0.00341719715649,50969,0.00624079763168,0.000850581230508,50.534638702,51478,0.00339381319709,0.000509219690899,50.5303236334,0.0028469844346,101713,0.00543772351565,0.00102550955006,50.7801362658,102366,0.00317237595498,0.000317058423625,50.3975929508,0.00226534756067
PRIMARY_VERIFIED,STRICT_SENSITIVITY,40,10,-0.00156890431369,0.00166332817328,0.00550910241783,0.00554743264861,0.733333333333,1260,504084,50.5555555556,49.4444444444,431.5,402.69047619,0.00638296730457,0.0119303999532,0.00554743264861,25136,0.0135698501962,0.00247106070863,51.1696371738,25782,0.00619624421674,0.00103980997175,50.7718563339,0.00737360597942,50162,0.011895027259,0.00281641582884,51.3974721901,51049,0.00638296730457,0.00130463144162,50.9471292288,0.00551205995444,100373,0.0105269081741,0.00313409447056,51.6891992867,101553,0.00606485553018,0.00129296892416,50.9980010438,0.00446205264388
PRIMARY_VERIFIED,STRICT_SENSITIVITY,40,20,0.00172607182967,0.014951348786,0.0106259496019,0.0107675817987,0.769696969697,1250,495126,53.92,46.08,431,401.0584,0.0111714731243,0.021939054923,0.0107675817987,24298,0.0244918434481,0.0070348416181,52.391143304,25356,0.0106546029791,0.00363270110995,51.7037387601,0.0138372404691,48773,0.021901575436,0.00738649729475,52.6151764296,50237,0.0111714731243,0.00372736954207,51.8701355575,0.0107301023116,97998,0.0197523778348,0.00719689906109,52.7684238454,99958,0.0113829095756,0.0038753622085,52.0278516977,0.00836946825924
PRIMARY_VERIFIED,STRICT_SENSITIVITY,60,1,-0.00984873962712,-0.00794735373975,0.0004954265367,0.00048931709231,0.575757575758,1269,508510,47.3601260835,52.6398739165,428,400.993695823,0.00067168319323,0.00116100028554,0.00048931709231,25927,0.000966936032663,-0.00107379929715,48.320283874,26002,0.000644929003602,-0.000748690958608,47.9847704023,0.000322007029061,51319,0.00116507228361,-0.000678978815861,48.7558214307,51416,0.00067168319323,-0.000494129274724,48.2398475183,0.00049338909038,102101,0.00107518765923,-0.000432845321451,49.0171496851,102224,0.000664958534056,-0.000245356843799,48.6040460166,0.000410229125171
PRIMARY_VERIFIED,STRICT_SENSITIVITY,60,2,-0.00569002283062,-0.0026176848057,0.000972174100252,0.000948430167378,0.490909090909,1268,507566,49.1324921136,50.8675078864,428,400.832807571,0.00138099257374,0.00232942274112,0.000948430167378,25804,0.0020283262145,-0.000700534912017,49.2133002635,25957,0.00129341210114,-0.000776578395589,48.5957545171,0.000734914113363,51138,0.00230887884733,-0.00023165091972,49.6577887285,51329,0.00138099257374,-0.000448470714862,48.8359406963,0.000927886273595,101820,0.00220024395634,0,49.9666077391,102066,0.0012526065308,-0.000140553340311,49.0515940666,0.000947637425538
PRIMARY_VERIFIED,STRICT_SENSITIVITY,60,3,-0.00350916098447,0.000470219961998,0.00170367059985,0.00164533615432,0.648484848485,1267,506626,50.1973164957,49.8026835043,428,400.674822415,0.00194191145202,0.00358724760635,0.00164533615432,25680,0.00337336109492,-0.000515243235513,49.4470404984,25911,0.00191998045674,-0.000719026548673,48.994635483,0.00145338063818,50956,0.0035621825586,0.000155573002256,50.086349007,51244,0.00194191145202,-0.000254555554081,49.2779642495,0.00162027110658,101535,0.00339688474288,0.000421052631579,50.3993696755,101910,0.00181891902301,-9.99999999995e-06,49.4122264743,0.00157796571987
PRIMARY_VERIFIED,STRICT_SENSITIVITY,60,5,-0.000770768523036,-0.000243446798999,0.00325696800255,0.00306275423469,0.854545454545,1265,504763,49.8814229249,50.1185770751,428,400.358893281,0.00304947622531,0.00611223046001,0.00306275423469,25442,0.00603557329793,0.000840724825029,50.5345491707,25819,0.00319625848727,-0.000376010528295,49.5681474883,0.00283931481066,50603,0.00605237623594,0.00114174801621,50.7479793688,51074,0.00304947622531,0,49.833574813,0.00300290001062,100977,0.00569222234339,0.00155941366046,51.2334492013,101590,0.00289900920603,0,49.9370016734,0.00279321313735
PRIMARY_VERIFIED,STRICT_SENSITIVITY,60,10,0.00521251102505,0.00479307656002,0.00687975318316,0.00632069006502,0.939393939394,1260,500242,51.5873015873,48.4126984127,427.5,399.577777778,0.00569485948882,0.0120155495538,0.00632069006502,24941,0.0119591128014,0.00303813833226,51.3531935367,25613,0.00559238005163,0.000783330722231,50.5173154258,0.00636673274978,49807,0.0119071825832,0.00414572403419,52.046901038,50685,0.00569485948882,0.000648672024217,50.4942290619,0.00621232309438,99682,0.0110041547047,0.00407213163989,52.1588651913,100803,0.00558700748801,0.000698051614758,50.5788518199,0.0054171472167
PRIMARY_VERIFIED,STRICT_SENSITIVITY,60,20,0.00997827870267,0.0197206146989,0.0119996846129,0.010898759934,0.939393939394,1250,491353,56.4,43.6,426,397.9376,0.0107747828444,0.0216735427783,0.010898759934,24093,0.0216007560629,0.00663276586336,52.1396256174,25206,0.0104066757375,0.00358514599587,51.7059430294,0.0111940803254,48373,0.0215793633354,0.00782608695652,52.8083848428,49884,0.0107747828444,0.00309513871474,51.5636276161,0.010804580491,97334,0.0204336560377,0.00844649174277,53.2814843734,99203,0.0105731018375,0.00269593683805,51.4026793545,0.00986055420021
BROAD_SENSITIVITY,STRICT_SENSITIVITY,5,1,-0.0243765151712,-0.0193025654512,-0.000430091634929,-0.000404383271297,-0.745454545455,1309,542769,42.8571428571,57.1428571429,443,414.932773109,0.00104755068446,0.000643167413164,-0.000404383271297,27728,0.000529951441743,-0.00221068219273,46.4404212349,27735,0.000999613990631,-0.000410340582684,48.9778258518,-0.000469662548888,54831,0.00065161225487,-0.00145542753184,47.2397001696,54832,0.00104755068446,-0.000228815531714,49.3106215349,-0.000395938429591,109052,0.000544907210655,-0.000993155461778,47.699262737,109070,0.000954805088325,-0.000114390449384,49.4214724489,-0.00040989787767
BROAD_SENSITIVITY,STRICT_SENSITIVITY,5,2,-0.0318505919059,-0.0251396770917,-0.00107158910976,-0.000901660309249,-0.963636363636,1308,541784,39.8318042813,60.1681957187,443,414.775993884,0.00186095172535,0.0009592914161,-0.000901660309249,27626,0.000541778056904,-0.00272772618085,46.6625642511,27660,0.0015558315505,-0.000161156856518,49.6710050615,-0.00101405349359,54675,0.0009759424035,-0.00166085367879,47.727480567,54706,0.00186095172535,0.000287814648402,50.3692465177,-0.000885009321849,108804,0.000884032698932,-0.00114768344943,48.1342597699,108849,0.00188242839381,0.000269759913677,50.4166322153,-0.00099839569488
BROAD_SENSITIVITY,STRICT_SENSITIVITY,5,3,-0.0327601915196,-0.0233148171917,-0.00135432587164,-0.0010557272106,-0.939393939394,1307,540812,40.9334353481,59.0665646519,443,414.627390972,0.00266106599406,0.00160533878346,-0.0010557272106,27514,0.00117859676649,-0.00315017301987,47.2559424293,27598,0.00235584462032,0.000341298522972,50.3623450975,-0.00117724785383,54503,0.00165576415938,-0.00178699070765,48.0799222061,54599,0.00266106599406,0.00068135362253,50.7994651917,-0.00100530183468,108537,0.00146808130996,-0.00116422407889,48.4995900016,108649,0.00272953957816,0.000616197183099,50.7919999264,-0.0012614582682
BROAD_SENSITIVITY,STRICT_SENSITIVITY,5,5,-0.0325868190596,-0.026664719882,-0.00176957671966,-0.00133924664169,-0.878787878788,1305,538881,39.9233716475,60.0766283525,443,414.318773946,0.00442506600186,0.00308581936017,-0.00133924664169,27306,0.0025997608208,-0.00264933575912,48.1689006079,27485,0.00387156824752,0.000684612247276,50.5766781881,-0.00127180742672,54184,0.00309673624176,-0.00122841036195,48.9775579507,54401,0.00442506600186,0.00101115155717,50.9714894947,-0.0013283297601,108025,0.00273004865169,-0.000865225964828,49.0895626012,108284,0.00451592356796,0.00128203657497,51.3169073917,-0.00178587491627
BROAD_SENSITIVITY,STRICT_SENSITIVITY,5,10,-0.0219147713039,-0.0164052214532,-0.00115954043364,-0.000491766924869,-0.769696969697,1300,534161,43.6923076923,56.3076923077,442,413.520769231,0.00713280852741,0.00664104160254,-0.000491766924869,26871,0.00690419222629,-0.00106486411408,49.4361951546,27242,0.00624462638355,0,49.9265839513,0.000659565842742,53469,0.00665412208932,-0.000565645447319,49.6175353943,53937,0.00713280852741,0.000749906261717,50.4681387545,-0.000478686438083,106789,0.00625622007176,0,49.9321091124,107394,0.00745478751617,0.00154381578723,51.0596495149,-0.00119856744441
BROAD_SENSITIVITY,STRICT_SENSITIVITY,5,20,-0.0102824597167,-0.00166142057673,0.000427214193163,0.00110396587276,0.0424242424242,1290,524916,49.3798449612,50.6201550388,441,411.876744186,0.0131306173601,0.0142345832329,0.00110396587276,26176,0.0149854705078,0.000842362239051,50.3170843521,26750,0.0123428172243,0.00135760996507,50.5757009346,0.00264265328348,52267,0.0142643852919,0.00138542532557,50.540494002,52992,0.0131306173601,0.0028793664899,51.1945199275,0.00113376793179,104662,0.0135871040716,0.00280350458245,51.1360379125,105563,0.0135577026092,0.00353271778402,51.5862565482,2.94014623399e-05
BROAD_SENSITIVITY,STRICT_SENSITIVITY,10,1,-0.0233276179829,-0.0184120949406,-0.000391856651209,-0.000355901068687,-0.733333333333,1309,542033,43.1627196333,56.8372803667,442,414.370511841,0.00100480276869,0.000648901700005,-0.000355901068687,27665,0.000533028907813,-0.00202893538532,46.8534249051,27722,0.00101446424626,-0.000368153580402,48.9827573768,-0.000481435338448,54719,0.000648039335366,-0.00141703273346,47.4515250644,54787,0.00100480276869,-0.000253742704897,49.1375691314,-0.000356763433327,108873,0.000637310026685,-0.000932980873892,47.8631065553,108958,0.000871377282572,-0.000140648088986,49.2611832082,-0.000234067255887
BROAD_SENSITIVITY,STRICT_SENSITIVITY,10,2,-0.0270361630345,-0.0211112276477,-0.000839361646944,-0.000755341464768,-0.90303030303,1308,541048,42.3547400612,57.6452599388,442,414.213302752,0.00183327175606,0.00107793029129,-0.000755341464768,27552,0.000899940366615,-0.00233942368923,47.2524680604,27668,0.00190549879774,0,49.9710857308,-0.00100555843113,54545,0.0010838143936,-0.00162135195809,47.8870657255,54694,0.00183327175606,0,49.952462793,-0.000749457362461,108597,0.00118158246019,-0.00106393758233,48.3125684872,108771,0.00168079132618,3.47898691901e-05,50.0638957075,-0.000499208865999
BROAD_SENSITIVITY,STRICT_SENSITIVITY,10,3,-0.0261046815952,-0.0179522388843,-0.000546469260368,-0.000358454552043,-0.745454545455,1307,540076,43.6113236419,56.3886763581,442,414.064269319,0.00240393185043,0.00204547729838,-0.000358454552043,27420,0.00183110638879,-0.002204871183,47.9722830051,27617,0.00251452442487,0.000550913598384,50.6282362313,-0.00068341803608,54360,0.00205202396175,-0.00145440374927,48.4105960265,54598,0.00240393185043,0.000247103709455,50.3150298546,-0.000351907888672,108305,0.00203258168471,-0.000902212471037,48.8186140991,108590,0.00234466831365,0.000246811841124,50.3250759738,-0.000312086628948
BROAD_SENSITIVITY,STRICT_SENSITIVITY,10,5,-0.0224386718722,-0.0180559415602,0.000299596300144,0.000624482987256,-0.115151515152,1305,538145,42.6819923372,57.3180076628,442,413.754789272,0.00339181252309,0.00401629551035,0.000624482987256,27177,0.0038323017128,-0.00166547704021,48.8022960592,27509,0.00335850868158,0.000230255583698,50.1544948926,0.000473793031218,54009,0.00402999883528,-0.000859958986571,49.2510507508,54396,0.00339181252309,0.000255825362254,50.2297963086,0.000638186312183,107755,0.00368220669098,-0.000346140533056,49.5253120505,108227,0.00359417888513,0.000478194338179,50.5336006727,8.80278058515e-05
BROAD_SENSITIVITY,STRICT_SENSITIVITY,10,10,-0.0123099235382,-0.00584585332304,0.00209427256107,0.00252015755942,0.454545454545,1300,533425,47.5384615385,52.4615384615,442,412.954615385,0.00568254510414,0.00820270266356,0.00252015755942,26710,0.00924400914472,0.000335136971387,50.1123174841,27272,0.00519854564125,0.000206245028644,50.1026694045,0.00404546350347,53252,0.00828726489553,0.000106504388671,50.050702321,53937,0.00568254510414,0.000261096605744,50.1566642564,0.0026047197914,106488,0.00764218316769,0.000722830605592,50.4376079934,107348,0.00609196933099,0.000619867458063,50.459254015,0.0015502138367
BROAD_SENSITIVITY,STRICT_SENSITIVITY,10,20,-0.00503260139325,0.00340883033117,0.00466593486953,0.00507545337277,0.69696969697,1290,524180,51.3953488372,48.6046511628,441,411.30620155,0.0113024178029,0.0163778711756,0.00507545337277,25940,0.0191611995086,0.00325998382283,51.0909791827,26789,0.0103667440181,0.00148533234311,50.6588525141,0.0087944554905,51952,0.0164533162513,0.00296846052003,51.0875423468,53011,0.0113024178029,0.0021922312804,50.9573484748,0.00515089844845,104233,0.015104014873,0.00382444334124,51.5614056969,105557,0.0120997453471,0.00296260709424,51.4290857072,0.00300426952588
BROAD_SENSITIVITY,STRICT_SENSITIVITY,20,1,-0.0176443197873,-0.0124057146978,0.000230180250669,0.000223787013557,0.660606060606,1309,540431,46.371275783,53.628724217,441,413.145148969,0.000608357192048,0.000832144205605,0.000223787013557,27579,0.000824959713344,-0.00160192230677,47.4418941949,27652,0.000717269228963,-0.000584913081034,48.5136698973,0.000107690484381,54555,0.00084783179549,-0.00114409586319,47.8984511044,54652,0.000608357192048,-0.000437126769502,48.6642757813,0.000239474603442,108545,0.000850670551028,-0.000811161583387,48.1708047354,108655,0.00062288071882,-0.000286232895839,48.7975702913,0.000227789832208
BROAD_SENSITIVITY,STRICT_SENSITIVITY,20,2,-0.0160020106746,-0.007327860322,0.000408170551943,0.00045605900901,0.672727272727,1308,539450,47.0948012232,52.9051987768,441,412.987767584,0.00118022068339,0.0016362796924,0.00045605900901,27456,0.00166222736348,-0.00194247820313,47.8583916084,27603,0.0013033090971,-0.000332932848892,49.3388399812,0.000358918266373,54360,0.00166045494836,-0.00134074472901,48.3443708609,54561,0.00118022068339,-0.000219042056075,49.4125840802,0.000480234264969,108262,0.00171062064713,-0.000711611180503,48.8758751917,108484,0.00119511022924,-9.99999999995e-06,49.5354153608,0.000515510417891
BROAD_SENSITIVITY,STRICT_SENSITIVITY,20,3,-0.0141792235391,-0.0108727272376,0.000941163764566,0.00104396324595,0.818181818182,1307,538479,46.0596786534,53.9403213466,441,412.83779648,0.00172603314736,0.00276999639331,0.00104396324595,27322,0.00284500725326,-0.00148825366535,48.5945391992,27556,0.00178826213591,-0.000100010026008,49.7677456815,0.00105674511735,54159,0.00281877347487,-0.00104096958882,48.8819956055,54471,0.00172603314736,0,49.7640946559,0.0010927403275,107974,0.00262362579162,-0.000559847959979,49.2405579121,108318,0.00176642708759,0,49.8661348991,0.000857198704037
BROAD_SENSITIVITY,STRICT_SENSITIVITY,20,5,-0.0116258006557,-0.0033371039299,0.00188542572558,0.00206781682122,0.818181818182,1305,536553,49.1187739464,50.8812260536,441,412.528735632,0.00280151680463,0.00486933362585,0.00206781682122,27055,0.00540773481554,-0.000376387930494,49.7098503049,27464,0.00263978577231,-5.86082845325e-05,49.8834838334,0.00276794904322,53766,0.00490680519326,-0.000668321394432,49.4104080646,54296,0.00280151680463,8.07399678158e-05,50.0810372771,0.00210528838863,107406,0.00448675337447,1.0000100001e-05,50.0130346536,107968,0.00296013799705,0.000206085431304,50.2648933017,0.00152661537743
BROAD_SENSITIVITY,STRICT_SENSITIVITY,20,10,-0.00572155783381,0.00137406927967,0.00476013570099,0.00497125691153,0.854545454545,1300,531834,50.6153846154,49.3846153846,440,411.724615385,0.00527177105664,0.0102430279682,0.00497125691153,26490,0.0120777203055,0.00226464140858,51.0041525104,27223,0.00489030896703,8.68809730667e-05,50.0202035044,0.00718741133849,52906,0.0102237124727,0.00154564783229,50.7484973349,53844,0.00527177105664,0.000637002971503,50.4605898522,0.00495194141603,106079,0.00890725861652,0.00166011358672,50.9365661441,107120,0.00572598439874,0.000640787593842,50.5265123226,0.00318127421778
BROAD_SENSITIVITY,STRICT_SENSITIVITY,20,20,-0.00481059129278,-0.00020492981654,0.00810661721245,0.00855857525895,0.769696969697,1290,522591,49.9224806202,50.0775193798,439,410.06744186,0.0110838047954,0.0196423800544,0.00855857525895,25675,0.0226902306463,0.00549073438572,51.8325219085,26746,0.0104002369955,0.00319324647614,51.413295446,0.0122899936507,51510,0.0195783175282,0.00537989250262,51.9180741604,52960,0.0110838047954,0.00379216537619,51.7333836858,0.00849451273277,103672,0.0169965207492,0.00484626648231,51.9619569411,105417,0.0114716653325,0.00352566858715,51.717464925,0.00552485541673
BROAD_SENSITIVITY,STRICT_SENSITIVITY,40,1,-0.0140768084479,-0.0108289312044,0.000292712257906,0.000325505749582,0.539393939394,1309,536488,46.6768525592,53.3231474408,436,410.128342246,0.000747027954236,0.00107253370382,0.000325505749582,27348,0.00129098284837,-0.00117657506249,48.1424601433,27418,0.000727609336937,-0.000673445191415,48.2092056313,0.000563373511435,54150,0.00106784277925,-0.000899130490429,48.3471837488,54254,0.000747027954236,-0.000443935485865,48.5107088878,0.000320814825014,107713,0.00104004497585,-0.000578368999422,48.6914300038,107846,0.000636565211069,-0.000287960378801,48.6026370936,0.000403479764785
BROAD_SENSITIVITY,STRICT_SENSITIVITY,40,2,-0.0105657822739,-0.00691316633745,0.00074470999911,0.000777654087289,0.490909090909,1308,535515,48.0122324159,51.9877675841,436,409.972477064,0.0014552194112,0.00223287349849,0.000777654087289,27222,0.00254859245539,-0.000894939887528,49.0044816692,27369,0.00156462812741,-0.000424808836024,49.1906901969,0.00098396432798,53954,0.00221228559935,-0.000602960638593,49.2197056752,54165,0.0014552194112,-0.000222717149221,49.3547493769,0.00075706618815,107413,0.00206340218691,-0.000234984491024,49.5619710836,107681,0.00127719482422,-9.26440615158e-05,49.2454564872,0.000786207362695
BROAD_SENSITIVITY,STRICT_SENSITIVITY,40,3,-0.00831562396208,-0.0064260792661,0.00141898758752,0.00146412606512,0.575757575758,1307,534553,47.8194338179,52.1805661821,436,409.824789594,0.00204444867898,0.0035085747441,0.00146412606512,27093,0.00406694017338,-0.000536320839044,49.3928320969,27319,0.00215148221027,-0.000196425063838,49.6687287236,0.00191545796311,53752,0.00350041852517,-0.000206945777309,49.7432653669,54079,0.00204444867898,-7.8382191566e-05,49.6588324488,0.00145596984619,107112,0.0031608069948,0,49.9813279558,107518,0.0018292870389,-9.99999999995e-06,49.496828438,0.0013315199559
BROAD_SENSITIVITY,STRICT_SENSITIVITY,40,5,-0.00661814240999,-0.0013203520299,0.00280366252203,0.00285061503593,0.769696969697,1305,532640,49.5785440613,50.4214559387,436,409.518007663,0.00320556771713,0.00605618275306,0.00285061503593,26842,0.00689124927588,0.000184683336849,50.0819611057,27222,0.0035289353717,0.00036315955782,50.2718389538,0.00336231390418,53371,0.00603251663139,0.000701311452416,50.4337561597,53896,0.00320556771713,0.000302722110622,50.3321211222,0.00282694891426,106506,0.00529438987885,0.000867179040038,50.6581788819,107186,0.00295686081574,1.0000100001e-05,50.0811673166,0.00233752906311
BROAD_SENSITIVITY,STRICT_SENSITIVITY,40,10,-0.00157328482577,0.00166332817328,0.0054193601497,0.0054138771079,0.757575757576,1300,527953,50.5384615385,49.4615384615,436,408.715384615,0.00611601148104,0.0115298885889,0.0054138771079,26338,0.0130778720059,0.00227595210847,51.0213379907,26999,0.00610062013886,0.000883367053258,50.6574317567,0.00697725186701,52552,0.0114900641007,0.00250636771538,51.2178413762,53458,0.00611601148104,0.000953882535132,50.7183209248,0.00537405261968,105140,0.0102500817808,0.00285457206828,51.541753852,106355,0.00575174119415,0.000807346856393,50.6605237177,0.00449834058665
BROAD_SENSITIVITY,STRICT_SENSITIVITY,40,20,0.000995572479918,0.0117766389392,0.0102549597685,0.0101727632314,0.818181818182,1290,518775,53.6434108527,46.3565891473,434,407.065116279,0.0109777698112,0.0211505330426,0.0101727632314,25484,0.0232336822525,0.00581620870695,52.0169518129,26562,0.0104250846263,0.00372114413767,51.7430916347,0.0128085976263,51139,0.0211068020487,0.00654613466334,52.3318797786,52627,0.0109777698112,0.00365919992088,51.8327094457,0.0101290322375,102722,0.0192492345548,0.00647349635035,52.5048188314,104713,0.0110631397475,0.00352633375043,51.8331057271,0.0081860948073
BROAD_SENSITIVITY,STRICT_SENSITIVITY,60,1,-0.00982556390946,-0.00794735373975,0.000489086036113,0.000481143593035,0.430303030303,1309,532391,47.4407944996,52.5592055004,433,406.990068755,0.00066221229604,0.00114335588907,0.000481143593035,27139,0.000967956464682,-0.00105961115482,48.3105493939,27214,0.000615083726939,-0.000799618037343,47.8503711325,0.000352872737743,53724,0.00115056706329,-0.000704027160262,48.6970441516,53824,0.00066221229604,-0.000524486365275,48.1383769322,0.000488354767253,106892,0.00106751173062,-0.000470438802378,48.9185345957,107018,0.000641901211003,-0.000302179872867,48.4656786709,0.000425610519622
BROAD_SENSITIVITY,STRICT_SENSITIVITY,60,2,-0.00550049053643,-0.00285006888938,0.000962174950851,0.000936220153045,0.563636363636,1308,531432,49.0825688073,50.9174311927,432.5,406.834097859,0.0013547387178,0.00229095887085,0.000936220153045,27016,0.00203474460756,-0.000694008586329,49.2411904057,27169,0.00122551616877,-0.000842046172198,48.481725496,0.00080922843879,53540,0.0022790290944,-0.000289775192892,49.6021666044,53736,0.0013547387178,-0.000499136300484,48.7494417151,0.000924290376594,106605,0.0021783222578,0,49.8841517752,106858,0.0012013232504,-0.000229785935036,48.8919874974,0.000976999007399
BROAD_SENSITIVITY,STRICT_SENSITIVITY,60,3,-0.00311862748926,0.000961511220922,0.00169237394167,0.00163257216939,0.648484848485,1307,530484,50.4208110176,49.5791889824,432,406.686304514,0.00189452240844,0.00352709457783,0.00163257216939,26893,0.00335786225638,-0.00047919973644,49.4961514149,27124,0.00183438949958,-0.000783466522921,48.8865948975,0.0015234727568,53357,0.0035154271372,0.00013468920466,50.0646588077,53652,0.00189452240844,-0.000313492432227,49.1854916872,0.00162090472877,106316,0.00335988693495,0.000380608042851,50.3621279958,106703,0.00173143751639,-8.35282325428e-05,49.234791899,0.00162844941856
BROAD_SENSITIVITY,STRICT_SENSITIVITY,60,5,-0.00024932663454,0.000401324310593,0.0032524532187,0.00306602263922,0.866666666667,1305,528595,50.1149425287,49.8850574713,432,406.379310345,0.0029745031036,0.00604052574282,0.00306602263922,26654,0.00600643520502,0.000823969738048,50.5252494935,27031,0.00301159536519,-0.000556483027268,49.3581443528,0.00299483983984,53004,0.00598378343167,0.00107571346958,50.6999471738,53481,0.0029745031036,0,49.7036330659,0.00300928032808,105751,0.00564092559634,0.00143364281813,51.1484524969,106380,0.00276643060928,0,49.7104718932,0.00287449498706
BROAD_SENSITIVITY,STRICT_SENSITIVITY,60,10,0.0057805566,0.00547323511865,0.00684206787895,0.00628247481603,0.878787878788,1300,523959,51.6923076923,48.3076923077,431,405.576923077,0.00562295872223,0.0119054335383,0.00628247481603,26149,0.0118881556312,0.00303813833226,51.3365711882,26821,0.00545736604243,0.000668672684721,50.4119906044,0.0064307895888,52202,0.0118014979396,0.00407435282338,51.9941764683,53083,0.00562295872223,0.000444620096828,50.3607557975,0.00617853921741,104437,0.0109290454696,0.00398984403337,52.1070118828,105575,0.0054019552857,0.000303324435817,50.3102060147,0.00552709018395
BROAD_SENSITIVITY,STRICT_SENSITIVITY,60,20,0.00948131332961,0.0191887403291,0.0119171539434,0.010790376172,0.927272727273,1290,514878,56.1240310078,43.8759689922,430,403.940310078,0.0107110089291,0.0215013851011,0.010790376172,25281,0.0211815169007,0.00609988562714,51.9678810174,26409,0.010374951085,0.00390084308544,51.8118823128,0.0108065658157,50738,0.0214023577164,0.00747233813389,52.672553116,52265,0.0107110089291,0.00309586631486,51.5603176122,0.0106913487873,102047,0.0202577897099,0.0080076111948,53.1392397621,103935,0.0104296828309,0.00254647313471,51.3407418098,0.00982810687894
