analysis_tier,universe,year,formation_horizon,future_horizon,mean_ic,median_ic,mean_daily_d10_d1_spread,pooled_d10_d1_spread,decile_monotonicity,valid_dates,observation_count,ic_positive_pct
PRIMARY_VERIFIED,BROAD_EQ,2021,5,1,-0.0235948166905,-0.020059086572,0.00327690951343,0.00331970802888,-0.115151515152,248,381898,40.7258064516
PRIMARY_VERIFIED,BROAD_EQ,2022,5,1,-0.0473455781606,-0.0475343178415,-0.00141305272356,-0.00144721764607,-0.927272727273,248,432846,29.8387096774
PRIMARY_VERIFIED,BROAD_EQ,2023,5,1,-0.0461665619678,-0.0472736214751,-0.000888671389837,-0.000912648786139,-0.648484848485,245,438461,22.8571428571
PRIMARY_VERIFIED,BROAD_EQ,2024,5,1,-0.0448814204897,-0.0361985726773,-0.00138376312697,-0.00139403934293,-0.733333333333,248,458511,27.4193548387
PRIMARY_VERIFIED,BROAD_EQ,2025,5,1,-0.0470612984991,-0.0466036511177,-0.00229145180486,-0.00226430267786,-0.987878787879,248,522495,32.2580645161
PRIMARY_VERIFIED,BROAD_EQ,2026,5,1,-0.0304293722949,-0.0272002979492,-0.00179917336315,-0.00179902068067,-0.975757575758,131,314200,32.0610687023
PRIMARY_VERIFIED,BROAD_EQ,2021,5,2,-0.0397702471319,-0.0322555227607,0.00325009351372,0.00331529916418,-0.0666666666667,248,381050,31.4516129032
PRIMARY_VERIFIED,BROAD_EQ,2022,5,2,-0.0633150818661,-0.0588906461615,-0.00391772968042,-0.00401580567953,-1,248,432226,22.9838709677
PRIMARY_VERIFIED,BROAD_EQ,2023,5,2,-0.0556584647315,-0.0520072880304,-0.00225251206199,-0.00227880160365,-0.806060606061,245,437518,18.3673469388
PRIMARY_VERIFIED,BROAD_EQ,2024,5,2,-0.0527487519128,-0.0437281423805,-0.00275805687179,-0.00277622702721,-0.939393939394,248,457516,25.8064516129
PRIMARY_VERIFIED,BROAD_EQ,2025,5,2,-0.0596931565621,-0.0398636898132,-0.00466712398184,-0.00457133810417,-1,248,521697,28.2258064516
PRIMARY_VERIFIED,BROAD_EQ,2026,5,2,-0.034839410412,-0.0305034814759,-0.00363955945072,-0.00365212402197,-0.842424242424,130,311269,34.6153846154
PRIMARY_VERIFIED,BROAD_EQ,2021,5,3,-0.0450705513543,-0.0431264728468,0.00344566049081,0.0035284451019,-0.151515151515,248,380210,26.2096774194
PRIMARY_VERIFIED,BROAD_EQ,2022,5,3,-0.0722200642858,-0.066687489353,-0.00616836511783,-0.00631718097085,-0.987878787879,248,431610,21.7741935484
PRIMARY_VERIFIED,BROAD_EQ,2023,5,3,-0.0557496113042,-0.0502691475663,-0.00329480297542,-0.00334660529808,-0.866666666667,245,436587,19.5918367347
PRIMARY_VERIFIED,BROAD_EQ,2024,5,3,-0.0530357943804,-0.0409076491559,-0.00349373320625,-0.00349400794745,-0.939393939394,248,456533,28.2258064516
PRIMARY_VERIFIED,BROAD_EQ,2025,5,3,-0.0636596907249,-0.0471455396286,-0.00646434730845,-0.00630905569667,-1,248,520908,27.0161290323
PRIMARY_VERIFIED,BROAD_EQ,2026,5,3,-0.0312427185488,-0.0263171647573,-0.00454320403876,-0.00461128197788,-0.757575757576,129,308358,37.984496124
PRIMARY_VERIFIED,BROAD_EQ,2021,5,5,-0.0414659752214,-0.0388621606383,0.00470540738799,0.004799173168,-0.115151515152,248,378557,29.8387096774
PRIMARY_VERIFIED,BROAD_EQ,2022,5,5,-0.0724336876983,-0.0713233686459,-0.00825797978297,-0.00848273558103,-0.987878787879,248,430416,25
PRIMARY_VERIFIED,BROAD_EQ,2023,5,5,-0.0552760457245,-0.0503060504257,-0.00567021143966,-0.00579656291288,-0.975757575758,245,434767,21.6326530612
PRIMARY_VERIFIED,BROAD_EQ,2024,5,5,-0.0569783510967,-0.0447464740539,-0.00585549763006,-0.0058954449459,-0.987878787879,248,454622,28.2258064516
PRIMARY_VERIFIED,BROAD_EQ,2025,5,5,-0.0612827374476,-0.0535570989721,-0.00861699050035,-0.00847490959204,-1,248,519377,27.0161290323
PRIMARY_VERIFIED,BROAD_EQ,2026,5,5,-0.0252130743034,-0.0315413954044,-0.0063842810129,-0.00667597149476,-0.745454545455,127,302580,33.8582677165
PRIMARY_VERIFIED,BROAD_EQ,2021,5,10,-0.0293591701515,-0.0297666134387,0.00666244469085,0.00640484475216,0.2,248,374540,33.064516129
PRIMARY_VERIFIED,BROAD_EQ,2022,5,10,-0.0555333941619,-0.0388603462014,-0.00950401162158,-0.00958369061629,-1,248,427540,25.4032258065
PRIMARY_VERIFIED,BROAD_EQ,2023,5,10,-0.0449345317915,-0.0343875006145,-0.00775215157333,-0.00813326428819,-1,245,430502,27.3469387755
PRIMARY_VERIFIED,BROAD_EQ,2024,5,10,-0.0486466676625,-0.0362159605526,-0.00772538696421,-0.00766938440073,-0.987878787879,248,450024,30.2419354839
PRIMARY_VERIFIED,BROAD_EQ,2025,5,10,-0.0342949687704,-0.0380095529655,-0.00769060530166,-0.00771284021679,-1,248,515696,35.8870967742
PRIMARY_VERIFIED,BROAD_EQ,2026,5,10,-0.0339611257631,-0.0189431376085,-0.00990907936974,-0.0106257581631,-0.939393939394,122,288414,38.5245901639
PRIMARY_VERIFIED,BROAD_EQ,2021,5,20,-0.00283321423184,0.00418121146388,0.0114708659952,0.0107645371192,0.781818181818,248,367258,52.0161290323
PRIMARY_VERIFIED,BROAD_EQ,2022,5,20,-0.0378423092491,-0.0296751254157,-0.00478752925998,-0.00391127063172,-0.733333333333,248,422459,31.8548387097
PRIMARY_VERIFIED,BROAD_EQ,2023,5,20,-0.02743815192,-0.0200776020484,-0.00871281581679,-0.00909777994687,-0.660606060606,245,422548,37.9591836735
PRIMARY_VERIFIED,BROAD_EQ,2024,5,20,-0.0179278790728,-0.00947474927521,-0.00565647395599,-0.00503536823298,-0.345454545455,248,441595,43.1451612903
PRIMARY_VERIFIED,BROAD_EQ,2025,5,20,-0.0148185711966,-0.0101855350226,-0.00596848422788,-0.00577173027269,-0.321212121212,248,508825,43.1451612903
PRIMARY_VERIFIED,BROAD_EQ,2026,5,20,-0.0433992637028,-0.0350922681323,-0.0155716370862,-0.0147953153799,-0.939393939394,112,260747,26.7857142857
PRIMARY_VERIFIED,BROAD_EQ,2021,10,1,-0.0283750533879,-0.0216179095566,0.00205304907287,0.00209003141355,0.175757575758,248,377166,38.3064516129
PRIMARY_VERIFIED,BROAD_EQ,2022,10,1,-0.0463916877605,-0.0368386107245,-0.00183762741022,-0.00185781599618,-0.987878787879,248,428454,30.6451612903
PRIMARY_VERIFIED,BROAD_EQ,2023,10,1,-0.0391762864928,-0.0392411954071,-0.00129907254973,-0.00132047593011,-0.624242424242,245,434403,29.7959183673
PRIMARY_VERIFIED,BROAD_EQ,2024,10,1,-0.0459373883137,-0.0488082403359,-0.00121578176694,-0.00121701745929,-0.709090909091,248,452932,31.0483870968
PRIMARY_VERIFIED,BROAD_EQ,2025,10,1,-0.0256260138546,-0.0191944231148,-0.00143529814072,-0.00141349201287,-0.781818181818,248,516461,42.7419354839
PRIMARY_VERIFIED,BROAD_EQ,2026,10,1,-0.0238294788659,-0.0264530552547,-0.00156439363544,-0.00158169491453,-0.757575757576,131,311383,38.9312977099
PRIMARY_VERIFIED,BROAD_EQ,2021,10,2,-0.0368859790819,-0.0348596571637,0.00243323952381,0.0024892599698,0.224242424242,248,376355,32.6612903226
PRIMARY_VERIFIED,BROAD_EQ,2022,10,2,-0.0556679333072,-0.050455829694,-0.00359734893448,-0.00366925660025,-1,248,427873,26.6129032258
PRIMARY_VERIFIED,BROAD_EQ,2023,10,2,-0.044398433144,-0.0415579786624,-0.0024208078451,-0.00245067726871,-0.830303030303,245,433541,25.306122449
PRIMARY_VERIFIED,BROAD_EQ,2024,10,2,-0.0522247092839,-0.0417506179009,-0.00241902204105,-0.00242199759784,-0.927272727273,248,451999,29.0322580645
PRIMARY_VERIFIED,BROAD_EQ,2025,10,2,-0.0284871206492,-0.0169055438282,-0.00264016375878,-0.00259173452492,-0.878787878788,248,515719,41.5322580645
PRIMARY_VERIFIED,BROAD_EQ,2026,10,2,-0.030854246649,-0.0230031868688,-0.00328298836307,-0.00333224303242,-0.951515151515,130,308524,36.1538461538
PRIMARY_VERIFIED,BROAD_EQ,2021,10,3,-0.0378348253754,-0.0361252983702,0.00299238199993,0.00306161507647,0.29696969697,248,375557,30.6451612903
PRIMARY_VERIFIED,BROAD_EQ,2022,10,3,-0.0584773821714,-0.0465242526653,-0.00488240819153,-0.00499450655085,-1,248,427297,27.0161290323
PRIMARY_VERIFIED,BROAD_EQ,2023,10,3,-0.043740149016,-0.0431384109314,-0.0028843050946,-0.00295530174128,-0.757575757576,245,432693,26.5306122449
PRIMARY_VERIFIED,BROAD_EQ,2024,10,3,-0.0523893465153,-0.0426061416086,-0.00251132839949,-0.00250288430352,-0.866666666667,248,451076,29.0322580645
PRIMARY_VERIFIED,BROAD_EQ,2025,10,3,-0.0283279006304,-0.0225872112246,-0.00326892726345,-0.00319201998606,-0.818181818182,248,514982,41.935483871
PRIMARY_VERIFIED,BROAD_EQ,2026,10,3,-0.0290697373891,-0.0265586911586,-0.0039941693159,-0.00411731029775,-0.915151515152,129,305682,37.2093023256
PRIMARY_VERIFIED,BROAD_EQ,2021,10,5,-0.0324257570204,-0.0370783934846,0.00565171809814,0.00560774066589,0.381818181818,248,373989,34.6774193548
PRIMARY_VERIFIED,BROAD_EQ,2022,10,5,-0.0585128951946,-0.0449553810001,-0.00593067049056,-0.00609721547058,-1,248,426162,27.0161290323
PRIMARY_VERIFIED,BROAD_EQ,2023,10,5,-0.0428267838087,-0.0377774680239,-0.00428817471499,-0.00445139968591,-0.842424242424,245,431017,28.5714285714
PRIMARY_VERIFIED,BROAD_EQ,2024,10,5,-0.0512033500246,-0.0372712304513,-0.00323548541742,-0.00319926469277,-0.878787878788,248,449262,29.435483871
PRIMARY_VERIFIED,BROAD_EQ,2025,10,5,-0.0288376637513,-0.0242913034691,-0.00484477979925,-0.00473729045886,-0.939393939394,248,513522,38.3064516129
PRIMARY_VERIFIED,BROAD_EQ,2026,10,5,-0.0290830684627,-0.0185463481792,-0.00620536141336,-0.00649424239647,-0.975757575758,127,300038,40.157480315
PRIMARY_VERIFIED,BROAD_EQ,2021,10,10,-0.015279970527,-0.0196572591957,0.0107547280258,0.0103687599509,0.915151515152,248,370243,38.7096774194
PRIMARY_VERIFIED,BROAD_EQ,2022,10,10,-0.0487485515286,-0.0334008268883,-0.00507388259932,-0.00492950936789,-0.939393939394,248,423557,27.0161290323
PRIMARY_VERIFIED,BROAD_EQ,2023,10,10,-0.0345355894005,-0.0288029081583,-0.00559693684447,-0.00601244819581,-0.90303030303,245,426968,35.1020408163
PRIMARY_VERIFIED,BROAD_EQ,2024,10,10,-0.0347273372343,-0.0231683838133,-0.00241256354053,-0.00234858547351,-0.90303030303,248,444897,39.1129032258
PRIMARY_VERIFIED,BROAD_EQ,2025,10,10,-0.00916432409351,-0.00634131426361,-0.004531986228,-0.00450122412159,-0.151515151515,248,510007,46.7741935484
PRIMARY_VERIFIED,BROAD_EQ,2026,10,10,-0.0393973214313,-0.0291352052948,-0.0105421911961,-0.0108132989465,-0.975757575758,122,286104,40.1639344262
PRIMARY_VERIFIED,BROAD_EQ,2021,10,20,0.00882909994647,0.0140799131969,0.0190505849034,0.0183916250708,0.987878787879,248,363328,55.6451612903
PRIMARY_VERIFIED,BROAD_EQ,2022,10,20,-0.0272960057802,-0.0129306347546,0.00214852517284,0.00309522078888,-0.357575757576,248,418692,42.3387096774
PRIMARY_VERIFIED,BROAD_EQ,2023,10,20,-0.0220789272807,-0.0139226413927,-0.00604889535249,-0.00641597826639,-0.684848484848,245,419294,40.8163265306
PRIMARY_VERIFIED,BROAD_EQ,2024,10,20,-0.0151159752231,-0.00581549430987,-0.000442723868215,0.000623912774174,0.272727272727,248,436825,46.3709677419
PRIMARY_VERIFIED,BROAD_EQ,2025,10,20,0.00694328563995,0.0138341188046,-0.00319544547511,-0.00308710074152,0.442424242424,248,503362,53.6290322581
PRIMARY_VERIFIED,BROAD_EQ,2026,10,20,-0.0550396623239,-0.0469317934961,-0.0169105806496,-0.0151324971432,-0.975757575758,112,258667,33.0357142857
PRIMARY_VERIFIED,BROAD_EQ,2021,20,1,-0.0205805275641,-0.0138678602852,0.0018782150157,0.0019160829024,0.563636363636,248,368519,42.3387096774
PRIMARY_VERIFIED,BROAD_EQ,2022,20,1,-0.0391849773661,-0.0269187554466,-0.00119261072006,-0.00120111693332,-0.951515151515,248,420286,36.2903225806
PRIMARY_VERIFIED,BROAD_EQ,2023,20,1,-0.0288019745851,-0.029254750485,-0.000741753540607,-0.000776238389096,-0.587878787879,245,427302,36.7346938776
PRIMARY_VERIFIED,BROAD_EQ,2024,20,1,-0.0249731771626,-0.0218546742859,-0.000182313471541,-0.000174144871622,-0.0424242424242,248,442487,39.1129032258
PRIMARY_VERIFIED,BROAD_EQ,2025,20,1,-0.0114972767471,-0.00913119742634,-0.0009360230918,-0.000909928513873,-0.6,248,505069,42.7419354839
PRIMARY_VERIFIED,BROAD_EQ,2026,20,1,-0.0212420873996,-0.0123426482489,-0.00158196908009,-0.0016017375548,-0.806060606061,131,306292,43.5114503817
PRIMARY_VERIFIED,BROAD_EQ,2021,20,2,-0.0215501271283,-0.0180500628156,0.00255864063942,0.00260495262447,0.806060606061,248,367803,42.3387096774
PRIMARY_VERIFIED,BROAD_EQ,2022,20,2,-0.0429301886283,-0.037019853569,-0.00241183543231,-0.00244914751865,-0.975757575758,248,419784,34.6774193548
PRIMARY_VERIFIED,BROAD_EQ,2023,20,2,-0.0293451394262,-0.0302128470107,-0.00153885107956,-0.00160146923316,-0.806060606061,245,426511,34.693877551
PRIMARY_VERIFIED,BROAD_EQ,2024,20,2,-0.0226264499703,-0.0157125552417,-6.98640257182e-05,-3.9275475945e-05,0.115151515152,248,441644,43.5483870968
PRIMARY_VERIFIED,BROAD_EQ,2025,20,2,-0.0133447379808,-0.0116730337633,-0.0017088448022,-0.00163645722733,-0.721212121212,248,504380,45.1612903226
PRIMARY_VERIFIED,BROAD_EQ,2026,20,2,-0.0260943179547,-0.0192373305963,-0.00339580401461,-0.00344928114324,-0.890909090909,130,303512,43.8461538462
PRIMARY_VERIFIED,BROAD_EQ,2021,20,3,-0.0196706845155,-0.0169858339157,0.0036170129071,0.00365653103836,0.927272727273,248,367086,41.935483871
PRIMARY_VERIFIED,BROAD_EQ,2022,20,3,-0.0436198182962,-0.0303541517222,-0.0029734855439,-0.00304627359896,-0.975757575758,248,419287,37.0967741935
PRIMARY_VERIFIED,BROAD_EQ,2023,20,3,-0.0284195958245,-0.029657988371,-0.00199297782639,-0.00207798522577,-0.478787878788,245,425729,35.5102040816
PRIMARY_VERIFIED,BROAD_EQ,2024,20,3,-0.01955472634,-0.0133930606438,0.000607627918125,0.000661093847439,0.369696969697,248,440808,44.3548387097
PRIMARY_VERIFIED,BROAD_EQ,2025,20,3,-0.0114738661028,-0.00492970203471,-0.00204806865205,-0.00191032523132,-0.50303030303,248,503696,46.7741935484
PRIMARY_VERIFIED,BROAD_EQ,2026,20,3,-0.0257177164153,-0.0129291774897,-0.00476920732339,-0.00487936443693,-0.90303030303,129,300737,45.7364341085
PRIMARY_VERIFIED,BROAD_EQ,2021,20,5,-0.0100561451406,-0.0104240469242,0.00642652737973,0.00637957403515,0.975757575758,248,365668,46.3709677419
PRIMARY_VERIFIED,BROAD_EQ,2022,20,5,-0.0430282049863,-0.0247766483917,-0.00266213237322,-0.00280136796704,-0.866666666667,248,418299,37.5
PRIMARY_VERIFIED,BROAD_EQ,2023,20,5,-0.0266256506267,-0.0223542509663,-0.00307599019385,-0.00316543276575,-0.539393939394,245,424181,40
PRIMARY_VERIFIED,BROAD_EQ,2024,20,5,-0.016372556924,-0.00867846824326,0.0014137260626,0.00145569728517,0.527272727273,248,439157,44.3548387097
PRIMARY_VERIFIED,BROAD_EQ,2025,20,5,-0.0121188209222,-0.0217141859707,-0.00288900117128,-0.00269721918265,-0.612121212121,248,502344,43.9516129032
PRIMARY_VERIFIED,BROAD_EQ,2026,20,5,-0.0277392985835,-0.0220063691498,-0.00730303297544,-0.00755431204057,-0.854545454545,127,295210,41.7322834646
PRIMARY_VERIFIED,BROAD_EQ,2021,20,10,0.00365685413756,0.0108499123737,0.0134354699194,0.0127740105614,0.951515151515,248,362286,56.8548387097
PRIMARY_VERIFIED,BROAD_EQ,2022,20,10,-0.031496676364,-0.0188709120662,0.000800509047348,0.000842601048061,-0.50303030303,248,415907,43.5483870968
PRIMARY_VERIFIED,BROAD_EQ,2023,20,10,-0.0223258815043,-0.0160829872274,-0.00349480613021,-0.00366982259261,-0.369696969697,245,420411,39.1836734694
PRIMARY_VERIFIED,BROAD_EQ,2024,20,10,-0.0122813910383,-0.00240704788519,0.00333353753589,0.00354906868807,0.951515151515,248,435147,48.7903225806
PRIMARY_VERIFIED,BROAD_EQ,2025,20,10,0.0042312495371,-0.00794621005695,-0.00202350978424,-0.00193331995102,0.333333333333,248,499064,48.3870967742
PRIMARY_VERIFIED,BROAD_EQ,2026,20,10,-0.0398447105812,-0.0152681199272,-0.011633357209,-0.0116731421967,-0.939393939394,122,281506,45.9016393443
PRIMARY_VERIFIED,BROAD_EQ,2021,20,20,0.000535980095932,0.0116340061018,0.0204893778527,0.019813254619,0.939393939394,248,355925,58.8709677419
PRIMARY_VERIFIED,BROAD_EQ,2022,20,20,-0.0247783366859,-0.011938131629,0.00879815997914,0.00967202687696,0.0787878787879,248,411299,45.9677419355
PRIMARY_VERIFIED,BROAD_EQ,2023,20,20,-0.0150801055031,-0.00541358601565,-0.00232321975972,-0.00263341601145,-0.321212121212,245,413242,45.7142857143
PRIMARY_VERIFIED,BROAD_EQ,2024,20,20,-0.00986959726734,0.00544777120684,0.00594831019113,0.00728666657116,0.527272727273,248,427700,52.8225806452
PRIMARY_VERIFIED,BROAD_EQ,2025,20,20,0.0224147500667,0.00941419476544,-0.000190208683712,0.000166867279044,0.745454545455,248,492819,51.6129032258
PRIMARY_VERIFIED,BROAD_EQ,2026,20,20,-0.0509468790724,-0.0479932146655,-0.0150534728275,-0.0123813077284,-0.648484848485,112,254549,31.25
PRIMARY_VERIFIED,BROAD_EQ,2021,40,1,-0.0262638940547,-0.0148027822616,0.00102238582866,0.00104234889759,0.381818181818,248,353278,40.7258064516
PRIMARY_VERIFIED,BROAD_EQ,2022,40,1,-0.0304036143768,-0.0147116435,-0.000610803106122,-0.000585924648479,-0.721212121212,248,406688,43.9516129032
PRIMARY_VERIFIED,BROAD_EQ,2023,40,1,-0.022972699132,-0.0165746495199,-0.000533578887193,-0.000555744546937,-0.418181818182,245,413831,41.6326530612
PRIMARY_VERIFIED,BROAD_EQ,2024,40,1,-0.0197033396135,-0.0183677561223,-1.98131505966e-06,5.31413309521e-06,-0.0787878787879,248,423819,41.935483871
PRIMARY_VERIFIED,BROAD_EQ,2025,40,1,-0.00505244554319,-0.00216936104684,-0.00110866126359,-0.0010708201909,-0.430303030303,248,484217,49.1935483871
PRIMARY_VERIFIED,BROAD_EQ,2026,40,1,-0.000913268730611,0.00386418754816,-0.000665922489522,-0.000707469841509,-0.381818181818,131,296023,52.6717557252
PRIMARY_VERIFIED,BROAD_EQ,2021,40,2,-0.0280488468788,-0.0190260434684,0.0014112179406,0.00138800177918,0.357575757576,248,352667,41.1290322581
PRIMARY_VERIFIED,BROAD_EQ,2022,40,2,-0.031225256011,-0.0205004651549,-0.00106193056886,-0.00103977575013,-0.721212121212,248,406240,41.935483871
PRIMARY_VERIFIED,BROAD_EQ,2023,40,2,-0.0210099925882,-0.0198251364917,-0.00117561610911,-0.00119471465465,-0.357575757576,245,413136,42.0408163265
PRIMARY_VERIFIED,BROAD_EQ,2024,40,2,-0.01705984484,-0.00880798194153,-3.68611478309e-05,-5.39795446437e-06,-0.127272727273,248,423094,46.7741935484
PRIMARY_VERIFIED,BROAD_EQ,2025,40,2,-0.00508338031059,-0.00454682768981,-0.00215769527164,-0.00206419301069,-0.466666666667,248,483615,48.7903225806
PRIMARY_VERIFIED,BROAD_EQ,2026,40,2,0.0017933314485,0.0127767181274,-0.00130337372881,-0.00138786351153,-0.2,130,293330,52.3076923077
PRIMARY_VERIFIED,BROAD_EQ,2021,40,3,-0.0281077858887,-0.0275932520054,0.00182028440875,0.00176784255321,0.648484848485,248,352060,39.1129032258
PRIMARY_VERIFIED,BROAD_EQ,2022,40,3,-0.0318640697973,-0.0222378156384,-0.00118114173479,-0.00119693506209,-0.709090909091,248,405793,41.5322580645
PRIMARY_VERIFIED,BROAD_EQ,2023,40,3,-0.0182007798353,-0.0176940118031,-0.00141160000446,-0.00143426902356,0.00606060606061,245,412442,41.6326530612
PRIMARY_VERIFIED,BROAD_EQ,2024,40,3,-0.0140984603722,-0.0148457475854,0.000654369904205,0.000726037058699,0.030303030303,248,422370,45.9677419355
PRIMARY_VERIFIED,BROAD_EQ,2025,40,3,-0.00239459244856,-0.000246269735045,-0.00267096778744,-0.00250597449786,-0.284848484848,248,483019,50
PRIMARY_VERIFIED,BROAD_EQ,2026,40,3,0.00688961997147,0.0124068859949,-0.00139532196757,-0.00150878918809,-0.163636363636,129,290684,56.5891472868
PRIMARY_VERIFIED,BROAD_EQ,2021,40,5,-0.0245232528507,-0.0150681398004,0.00357335337652,0.00338405312347,0.915151515152,248,350873,41.1290322581
PRIMARY_VERIFIED,BROAD_EQ,2022,40,5,-0.0313190211417,-0.0225756212865,-0.000549931105471,-0.000597197126333,-0.575757575758,248,404902,41.935483871
PRIMARY_VERIFIED,BROAD_EQ,2023,40,5,-0.0156685046244,-0.012052312277,-0.0015523011464,-0.00157862830944,0.00606060606061,245,411059,43.2653061224
PRIMARY_VERIFIED,BROAD_EQ,2024,40,5,-0.0125494386206,-0.00915472624739,0.00129794665918,0.00141987421762,0.29696969697,248,420944,45.564516129
PRIMARY_VERIFIED,BROAD_EQ,2025,40,5,-9.07213910787e-05,-0.0088108171551,-0.00369077779968,-0.0034571102751,-0.248484848485,248,481833,47.9838709677
PRIMARY_VERIFIED,BROAD_EQ,2026,40,5,0.0114050246154,0.021652665635,-0.00203234134184,-0.00221932771084,-0.175757575758,127,285405,56.6929133858
PRIMARY_VERIFIED,BROAD_EQ,2021,40,10,-0.0202947068245,-0.00200977373089,0.00716797082363,0.00641280647026,0.830303030303,248,347987,48.7903225806
PRIMARY_VERIFIED,BROAD_EQ,2022,40,10,-0.0237334039094,-0.0132484763615,0.00253752413622,0.00264618269535,-0.0787878787879,248,402718,41.5322580645
PRIMARY_VERIFIED,BROAD_EQ,2023,40,10,-0.013884175175,-0.00478046897951,-0.000834516099633,-0.000939359422037,-0.0909090909091,245,407671,46.5306122449
PRIMARY_VERIFIED,BROAD_EQ,2024,40,10,-0.0100230054841,-0.00406759993225,0.00320359319683,0.00348538926479,0.309090909091,248,417477,46.3709677419
PRIMARY_VERIFIED,BROAD_EQ,2025,40,10,0.0115605316813,-0.00964562410616,-0.00294050578566,-0.00272864911715,0.212121212121,248,478944,45.564516129
PRIMARY_VERIFIED,BROAD_EQ,2026,40,10,0.0118618403654,0.0270305942218,-0.000106290771415,1.1069973908e-05,0.0666666666667,122,272264,59.0163934426
PRIMARY_VERIFIED,BROAD_EQ,2021,40,20,-0.0153764016685,-0.00981699103188,0.0143947771368,0.0139062157151,0.890909090909,248,342455,46.3709677419
PRIMARY_VERIFIED,BROAD_EQ,2022,40,20,-0.0148367295024,-0.00303350885022,0.00957236511988,0.010455080506,0.587878787879,248,398550,47.9838709677
PRIMARY_VERIFIED,BROAD_EQ,2023,40,20,-0.0107907020885,-0.0100398855274,0.000144774460344,-8.64415225112e-06,-0.030303030303,245,401103,46.1224489796
PRIMARY_VERIFIED,BROAD_EQ,2024,40,20,-2.31611884113e-05,-3.17363547477e-05,0.00661731082092,0.00781276960117,0.721212121212,248,410959,49.5967741935
PRIMARY_VERIFIED,BROAD_EQ,2025,40,20,0.0179638787269,0.00806345953576,-0.00085195360123,-0.000186977354153,0.430303030303,248,473471,51.6129032258
PRIMARY_VERIFIED,BROAD_EQ,2026,40,20,0.0102860565313,0.0183865217763,0.00502924246156,0.00736603481526,0.0787878787879,112,246294,55.3571428571
PRIMARY_VERIFIED,BROAD_EQ,2021,60,1,-0.0258193648353,-0.0187459616975,0.00121056029826,0.00121233961269,0.721212121212,248,339584,40.7258064516
PRIMARY_VERIFIED,BROAD_EQ,2022,60,1,-0.0197531878327,-0.00636443220158,-0.000309350651022,-0.00030455012609,-0.660606060606,248,393522,44.7580645161
PRIMARY_VERIFIED,BROAD_EQ,2023,60,1,-0.0167768383856,-0.0117784615846,-0.000446567384848,-0.000467570913353,-0.175757575758,245,402711,43.2653061224
PRIMARY_VERIFIED,BROAD_EQ,2024,60,1,-0.0118098474274,-0.0080318301328,0.000185634697342,0.000188636634033,0.175757575758,248,406930,44.7580645161
PRIMARY_VERIFIED,BROAD_EQ,2025,60,1,-0.00334497180229,-0.000495029244026,-0.000843035770199,-0.000803165736447,-0.648484848485,248,464945,49.5967741935
PRIMARY_VERIFIED,BROAD_EQ,2026,60,1,0.00995057780137,0.0188955311681,-0.000208390097321,-0.000261139865827,-0.139393939394,131,286490,55.7251908397
PRIMARY_VERIFIED,BROAD_EQ,2021,60,2,-0.0239130267581,-0.019179442302,0.00194969293492,0.00192481647066,0.866666666667,248,339069,43.1451612903
PRIMARY_VERIFIED,BROAD_EQ,2022,60,2,-0.0189287476715,-0.0088935808326,-0.000476836669227,-0.000474386873465,-0.587878787879,248,393120,45.1612903226
PRIMARY_VERIFIED,BROAD_EQ,2023,60,2,-0.0122480068677,-0.00899836586953,-0.000856570149917,-0.000880599080553,-0.163636363636,245,402070,45.306122449
PRIMARY_VERIFIED,BROAD_EQ,2024,60,2,-0.00715056224308,-0.00411773440188,0.000430532919819,0.000448347669734,0.321212121212,248,406303,48.7903225806
PRIMARY_VERIFIED,BROAD_EQ,2025,60,2,-0.00274434899871,0.00261985506709,-0.00158490058902,-0.00148111116296,-0.612121212121,248,464415,50.8064516129
PRIMARY_VERIFIED,BROAD_EQ,2026,60,2,0.0140819327135,0.0175120175018,-0.000428972893189,-0.000537542154828,-0.187878787879,130,283898,53.8461538462
PRIMARY_VERIFIED,BROAD_EQ,2021,60,3,-0.0225317719966,-0.0178322445127,0.00269581267039,0.00264326942146,0.878787878788,248,338560,42.7419354839
PRIMARY_VERIFIED,BROAD_EQ,2022,60,3,-0.0180658604652,-0.00339984987276,-0.000326613041638,-0.000346331003732,-0.442424242424,248,392720,48.3870967742
PRIMARY_VERIFIED,BROAD_EQ,2023,60,3,-0.00873203444469,-0.00636299465097,-0.00094111977813,-0.000979238816977,0.0424242424242,245,401430,47.3469387755
PRIMARY_VERIFIED,BROAD_EQ,2024,60,3,-0.00446185948898,-0.00252369674785,0.0011453000395,0.00117781128353,0.430303030303,248,405680,48.3870967742
PRIMARY_VERIFIED,BROAD_EQ,2025,60,3,-0.00138783949752,0.0075924390905,-0.00190358897252,-0.00173326096712,-0.563636363636,248,463886,51.6129032258
PRIMARY_VERIFIED,BROAD_EQ,2026,60,3,0.0198391034469,0.0294950868949,-0.000233202016059,-0.000375954540227,-0.115151515152,129,281384,61.2403100775
PRIMARY_VERIFIED,BROAD_EQ,2021,60,5,-0.0178741461128,-0.0103912712272,0.00532146140587,0.00515802231836,0.927272727273,248,337556,42.7419354839
PRIMARY_VERIFIED,BROAD_EQ,2022,60,5,-0.0156197236369,-0.00469778941356,0.00066579571364,0.000641646179442,-0.10303030303,248,391941,47.9838709677
PRIMARY_VERIFIED,BROAD_EQ,2023,60,5,-0.0057868636607,-0.00129640274055,-0.00106227516132,-0.00114494838006,0.0666666666667,245,400152,49.387755102
PRIMARY_VERIFIED,BROAD_EQ,2024,60,5,-0.00161011023133,-0.00187354250978,0.00216814630841,0.00222332534164,0.612121212121,248,404452,49.5967741935
PRIMARY_VERIFIED,BROAD_EQ,2025,60,5,-0.00100502439204,-0.00186593671604,-0.00276211298207,-0.00254728196099,-0.466666666667,248,462838,49.5967741935
PRIMARY_VERIFIED,BROAD_EQ,2026,60,5,0.0252164317197,0.0315516614676,0.00053719113555,0.000344939897092,-0.030303030303,127,276366,59.842519685
PRIMARY_VERIFIED,BROAD_EQ,2021,60,10,-0.00920853478349,0.00212677382709,0.0109123798826,0.0102607148224,0.987878787879,248,335099,52.0161290323
PRIMARY_VERIFIED,BROAD_EQ,2022,60,10,-0.00409810178294,0.00844338531477,0.00575167350485,0.00583771092978,0.69696969697,248,390064,54.0322580645
PRIMARY_VERIFIED,BROAD_EQ,2023,60,10,0.000194184644426,0.0145835871552,0.00169115573633,0.00158706616587,0.224242424242,245,397054,52.6530612245
PRIMARY_VERIFIED,BROAD_EQ,2024,60,10,0.00217761891704,0.00744109965755,0.00429843197225,0.00444272255404,0.709090909091,248,401434,51.6129032258
PRIMARY_VERIFIED,BROAD_EQ,2025,60,10,0.00492462788778,0.00140874249382,-0.00260722713726,-0.00244939869794,-0.187878787879,248,460266,50.8064516129
PRIMARY_VERIFIED,BROAD_EQ,2026,60,10,0.0207432238634,0.030531621424,0.00195408607196,0.00224746169966,-0.0424242424242,122,263897,61.4754098361
PRIMARY_VERIFIED,BROAD_EQ,2021,60,20,0.00348352529435,-0.00292103650326,0.0188537964978,0.0181916033192,0.890909090909,248,330526,48.7903225806
PRIMARY_VERIFIED,BROAD_EQ,2022,60,20,0.0118672152178,0.0176308933888,0.0139064074109,0.0146562195431,0.975757575758,248,386388,58.4677419355
PRIMARY_VERIFIED,BROAD_EQ,2023,60,20,0.0135284177649,0.0174702898239,0.00850143927477,0.00858779108285,0.527272727273,245,391055,58.7755102041
PRIMARY_VERIFIED,BROAD_EQ,2024,60,20,0.00568383253653,0.00491251841966,0.00554700225474,0.00639166196103,0.769696969697,248,395692,51.6129032258
PRIMARY_VERIFIED,BROAD_EQ,2025,60,20,0.00894642332892,-0.00139965988204,0.00109097465076,0.00176859177808,0.284848484848,248,455340,49.5967741935
PRIMARY_VERIFIED,BROAD_EQ,2026,60,20,0.0162880444242,0.0399177363868,0.00372711578961,0.00711374030093,0.0666666666667,112,239292,66.0714285714
BROAD_SENSITIVITY,BROAD_EQ,2021,5,1,-0.0235948166905,-0.020059086572,0.00327690951343,0.00331970802888,-0.115151515152,248,381898,40.7258064516
BROAD_SENSITIVITY,BROAD_EQ,2022,5,1,-0.0473455781606,-0.0475343178415,-0.00141305272356,-0.00144721764607,-0.927272727273,248,432846,29.8387096774
BROAD_SENSITIVITY,BROAD_EQ,2023,5,1,-0.0461665619678,-0.0472736214751,-0.000888671389837,-0.000912648786139,-0.648484848485,245,438461,22.8571428571
BROAD_SENSITIVITY,BROAD_EQ,2024,5,1,-0.0448814204897,-0.0361985726773,-0.00138376312697,-0.00139403934293,-0.733333333333,248,458511,27.4193548387
BROAD_SENSITIVITY,BROAD_EQ,2025,5,1,-0.0470612984991,-0.0466036511177,-0.00229145180486,-0.00226430267786,-0.987878787879,248,522495,32.2580645161
BROAD_SENSITIVITY,BROAD_EQ,2026,5,1,-0.0323871733688,-0.0307708395572,-0.00114506660517,-0.00113462755441,-0.806060606061,171,412534,30.4093567251
BROAD_SENSITIVITY,BROAD_EQ,2021,5,2,-0.0397702471319,-0.0322555227607,0.00325009351372,0.00331529916418,-0.0666666666667,248,381050,31.4516129032
BROAD_SENSITIVITY,BROAD_EQ,2022,5,2,-0.0633150818661,-0.0588906461615,-0.00391772968042,-0.00401580567953,-1,248,432226,22.9838709677
BROAD_SENSITIVITY,BROAD_EQ,2023,5,2,-0.0556584647315,-0.0520072880304,-0.00225251206199,-0.00227880160365,-0.806060606061,245,437518,18.3673469388
BROAD_SENSITIVITY,BROAD_EQ,2024,5,2,-0.0527487519128,-0.0437281423805,-0.00275805687179,-0.00277622702721,-0.939393939394,248,457516,25.8064516129
BROAD_SENSITIVITY,BROAD_EQ,2025,5,2,-0.0596931565621,-0.0398636898132,-0.00466712398184,-0.00457133810417,-1,248,521697,28.2258064516
BROAD_SENSITIVITY,BROAD_EQ,2026,5,2,-0.0353839116278,-0.0334868975127,-0.00258631388629,-0.002570987929,-0.90303030303,170,409196,32.3529411765
BROAD_SENSITIVITY,BROAD_EQ,2021,5,3,-0.0450705513543,-0.0431264728468,0.00344566049081,0.0035284451019,-0.151515151515,248,380210,26.2096774194
BROAD_SENSITIVITY,BROAD_EQ,2022,5,3,-0.0722200642858,-0.066687489353,-0.00616836511783,-0.00631718097085,-0.987878787879,248,431610,21.7741935484
BROAD_SENSITIVITY,BROAD_EQ,2023,5,3,-0.0557496113042,-0.0502691475663,-0.00329480297542,-0.00334660529808,-0.866666666667,245,436587,19.5918367347
BROAD_SENSITIVITY,BROAD_EQ,2024,5,3,-0.0530357943804,-0.0409076491559,-0.00349373320625,-0.00349400794745,-0.939393939394,248,456533,28.2258064516
BROAD_SENSITIVITY,BROAD_EQ,2025,5,3,-0.0636596907249,-0.0471455396286,-0.00646434730845,-0.00630905569667,-1,248,520908,27.0161290323
BROAD_SENSITIVITY,BROAD_EQ,2026,5,3,-0.0312579054523,-0.0290487013317,-0.00313783608133,-0.00316184263435,-0.672727272727,169,405892,35.5029585799
BROAD_SENSITIVITY,BROAD_EQ,2021,5,5,-0.0414659752214,-0.0388621606383,0.00470540738799,0.004799173168,-0.115151515152,248,378557,29.8387096774
BROAD_SENSITIVITY,BROAD_EQ,2022,5,5,-0.0724336876983,-0.0713233686459,-0.00825797978297,-0.00848273558103,-0.987878787879,248,430416,25
BROAD_SENSITIVITY,BROAD_EQ,2023,5,5,-0.0552760457245,-0.0503060504257,-0.00567021143966,-0.00579656291288,-0.975757575758,245,434767,21.6326530612
BROAD_SENSITIVITY,BROAD_EQ,2024,5,5,-0.0569783510967,-0.0447464740539,-0.00585549763006,-0.0058954449459,-0.987878787879,248,454622,28.2258064516
BROAD_SENSITIVITY,BROAD_EQ,2025,5,5,-0.0612827374476,-0.0535570989721,-0.00861699050035,-0.00847490959204,-1,248,519377,27.0161290323
BROAD_SENSITIVITY,BROAD_EQ,2026,5,5,-0.0255823503558,-0.0332063255939,-0.00429751417173,-0.00448325228562,-0.733333333333,167,399347,32.3353293413
BROAD_SENSITIVITY,BROAD_EQ,2021,5,10,-0.0293591701515,-0.0297666134387,0.00666244469085,0.00640484475216,0.2,248,374540,33.064516129
BROAD_SENSITIVITY,BROAD_EQ,2022,5,10,-0.0555333941619,-0.0388603462014,-0.00950401162158,-0.00958369061629,-1,248,427540,25.4032258065
BROAD_SENSITIVITY,BROAD_EQ,2023,5,10,-0.0449345317915,-0.0343875006145,-0.00775215157333,-0.00813326428819,-1,245,430502,27.3469387755
BROAD_SENSITIVITY,BROAD_EQ,2024,5,10,-0.0486466676625,-0.0362159605526,-0.00772538696421,-0.00766938440073,-0.987878787879,248,450024,30.2419354839
BROAD_SENSITIVITY,BROAD_EQ,2025,5,10,-0.0342949687704,-0.0380095529655,-0.00769060530166,-0.00771284021679,-1,248,515696,35.8870967742
BROAD_SENSITIVITY,BROAD_EQ,2026,5,10,-0.0264316316433,-0.0121672061633,-0.00598558772693,-0.00651341331034,-0.806060606061,162,383388,40.7407407407
BROAD_SENSITIVITY,BROAD_EQ,2021,5,20,-0.00283321423184,0.00418121146388,0.0114708659952,0.0107645371192,0.781818181818,248,367258,52.0161290323
BROAD_SENSITIVITY,BROAD_EQ,2022,5,20,-0.0378423092491,-0.0296751254157,-0.00478752925998,-0.00391127063172,-0.733333333333,248,422459,31.8548387097
BROAD_SENSITIVITY,BROAD_EQ,2023,5,20,-0.02743815192,-0.0200776020484,-0.00871281581679,-0.00909777994687,-0.660606060606,245,422548,37.9591836735
BROAD_SENSITIVITY,BROAD_EQ,2024,5,20,-0.0179278790728,-0.00947474927521,-0.00565647395599,-0.00503536823298,-0.345454545455,248,441595,43.1451612903
BROAD_SENSITIVITY,BROAD_EQ,2025,5,20,-0.0148185711966,-0.0101855350226,-0.00596848422788,-0.00577173027269,-0.321212121212,248,508825,43.1451612903
BROAD_SENSITIVITY,BROAD_EQ,2026,5,20,-0.0324590279981,-0.0293114312754,-0.0112450378849,-0.0107025665598,-0.769696969697,152,353167,32.2368421053
BROAD_SENSITIVITY,BROAD_EQ,2021,10,1,-0.0283750533879,-0.0216179095566,0.00205304907287,0.00209003141355,0.175757575758,248,377166,38.3064516129
BROAD_SENSITIVITY,BROAD_EQ,2022,10,1,-0.0463916877605,-0.0368386107245,-0.00183762741022,-0.00185781599618,-0.987878787879,248,428454,30.6451612903
BROAD_SENSITIVITY,BROAD_EQ,2023,10,1,-0.0391762864928,-0.0392411954071,-0.00129907254973,-0.00132047593011,-0.624242424242,245,434403,29.7959183673
BROAD_SENSITIVITY,BROAD_EQ,2024,10,1,-0.0459373883137,-0.0488082403359,-0.00121578176694,-0.00121701745929,-0.709090909091,248,452932,31.0483870968
BROAD_SENSITIVITY,BROAD_EQ,2025,10,1,-0.0256260138546,-0.0191944231148,-0.00143529814072,-0.00141349201287,-0.781818181818,248,516461,42.7419354839
BROAD_SENSITIVITY,BROAD_EQ,2026,10,1,-0.0233312351084,-0.0243613379213,-0.000831879977305,-0.000830559384214,-0.624242424242,171,407787,36.8421052632
BROAD_SENSITIVITY,BROAD_EQ,2021,10,2,-0.0368859790819,-0.0348596571637,0.00243323952381,0.0024892599698,0.224242424242,248,376355,32.6612903226
BROAD_SENSITIVITY,BROAD_EQ,2022,10,2,-0.0556679333072,-0.050455829694,-0.00359734893448,-0.00366925660025,-1,248,427873,26.6129032258
BROAD_SENSITIVITY,BROAD_EQ,2023,10,2,-0.044398433144,-0.0415579786624,-0.0024208078451,-0.00245067726871,-0.830303030303,245,433541,25.306122449
BROAD_SENSITIVITY,BROAD_EQ,2024,10,2,-0.0522247092839,-0.0417506179009,-0.00241902204105,-0.00242199759784,-0.927272727273,248,451999,29.0322580645
BROAD_SENSITIVITY,BROAD_EQ,2025,10,2,-0.0284871206492,-0.0169055438282,-0.00264016375878,-0.00259173452492,-0.878787878788,248,515719,41.5322580645
BROAD_SENSITIVITY,BROAD_EQ,2026,10,2,-0.0268279376292,-0.0188674156807,-0.00185083489085,-0.00186580696923,-0.69696969697,170,404567,36.4705882353
BROAD_SENSITIVITY,BROAD_EQ,2021,10,3,-0.0378348253754,-0.0361252983702,0.00299238199993,0.00306161507647,0.29696969697,248,375557,30.6451612903
BROAD_SENSITIVITY,BROAD_EQ,2022,10,3,-0.0584773821714,-0.0465242526653,-0.00488240819153,-0.00499450655085,-1,248,427297,27.0161290323
BROAD_SENSITIVITY,BROAD_EQ,2023,10,3,-0.043740149016,-0.0431384109314,-0.0028843050946,-0.00295530174128,-0.757575757576,245,432693,26.5306122449
BROAD_SENSITIVITY,BROAD_EQ,2024,10,3,-0.0523893465153,-0.0426061416086,-0.00251132839949,-0.00250288430352,-0.866666666667,248,451076,29.0322580645
BROAD_SENSITIVITY,BROAD_EQ,2025,10,3,-0.0283279006304,-0.0225872112246,-0.00326892726345,-0.00319201998606,-0.818181818182,248,514982,41.935483871
BROAD_SENSITIVITY,BROAD_EQ,2026,10,3,-0.0235360441413,-0.0128411333898,-0.00201356759291,-0.00208452930907,-0.6,169,401365,39.0532544379
BROAD_SENSITIVITY,BROAD_EQ,2021,10,5,-0.0324257570204,-0.0370783934846,0.00565171809814,0.00560774066589,0.381818181818,248,373989,34.6774193548
BROAD_SENSITIVITY,BROAD_EQ,2022,10,5,-0.0585128951946,-0.0449553810001,-0.00593067049056,-0.00609721547058,-1,248,426162,27.0161290323
BROAD_SENSITIVITY,BROAD_EQ,2023,10,5,-0.0428267838087,-0.0377774680239,-0.00428817471499,-0.00445139968591,-0.842424242424,245,431017,28.5714285714
BROAD_SENSITIVITY,BROAD_EQ,2024,10,5,-0.0512033500246,-0.0372712304513,-0.00323548541742,-0.00319926469277,-0.878787878788,248,449262,29.435483871
BROAD_SENSITIVITY,BROAD_EQ,2025,10,5,-0.0288376637513,-0.0242913034691,-0.00484477979925,-0.00473729045886,-0.939393939394,248,513522,38.3064516129
BROAD_SENSITIVITY,BROAD_EQ,2026,10,5,-0.0228412806276,-0.0117680057288,-0.00337080337819,-0.00357339647509,-0.709090909091,167,395012,41.3173652695
BROAD_SENSITIVITY,BROAD_EQ,2021,10,10,-0.015279970527,-0.0196572591957,0.0107547280258,0.0103687599509,0.915151515152,248,370243,38.7096774194
BROAD_SENSITIVITY,BROAD_EQ,2022,10,10,-0.0487485515286,-0.0334008268883,-0.00507388259932,-0.00492950936789,-0.939393939394,248,423557,27.0161290323
BROAD_SENSITIVITY,BROAD_EQ,2023,10,10,-0.0345355894005,-0.0288029081583,-0.00559693684447,-0.00601244819581,-0.90303030303,245,426968,35.1020408163
BROAD_SENSITIVITY,BROAD_EQ,2024,10,10,-0.0347273372343,-0.0231683838133,-0.00241256354053,-0.00234858547351,-0.90303030303,248,444897,39.1129032258
BROAD_SENSITIVITY,BROAD_EQ,2025,10,10,-0.00916432409351,-0.00634131426361,-0.004531986228,-0.00450122412159,-0.151515151515,248,510007,46.7741935484
BROAD_SENSITIVITY,BROAD_EQ,2026,10,10,-0.0246736178898,-0.00135444920044,-0.005653228005,-0.00588123218378,-0.854545454545,162,379420,49.3827160494
BROAD_SENSITIVITY,BROAD_EQ,2021,10,20,0.00882909994647,0.0140799131969,0.0190505849034,0.0183916250708,0.987878787879,248,363328,55.6451612903
BROAD_SENSITIVITY,BROAD_EQ,2022,10,20,-0.0272960057802,-0.0129306347546,0.00214852517284,0.00309522078888,-0.357575757576,248,418692,42.3387096774
BROAD_SENSITIVITY,BROAD_EQ,2023,10,20,-0.0220789272807,-0.0139226413927,-0.00604889535249,-0.00641597826639,-0.684848484848,245,419294,40.8163265306
BROAD_SENSITIVITY,BROAD_EQ,2024,10,20,-0.0151159752231,-0.00581549430987,-0.000442723868215,0.000623912774174,0.272727272727,248,436825,46.3709677419
BROAD_SENSITIVITY,BROAD_EQ,2025,10,20,0.00694328563995,0.0138341188046,-0.00319544547511,-0.00308710074152,0.442424242424,248,503362,53.6290322581
BROAD_SENSITIVITY,BROAD_EQ,2026,10,20,-0.0416377950406,-0.0220785585703,-0.0128018562451,-0.0115030586855,-0.975757575758,152,350447,40.1315789474
BROAD_SENSITIVITY,BROAD_EQ,2021,20,1,-0.0205805275641,-0.0138678602852,0.0018782150157,0.0019160829024,0.563636363636,248,368519,42.3387096774
BROAD_SENSITIVITY,BROAD_EQ,2022,20,1,-0.0391849773661,-0.0269187554466,-0.00119261072006,-0.00120111693332,-0.951515151515,248,420286,36.2903225806
BROAD_SENSITIVITY,BROAD_EQ,2023,20,1,-0.0288019745851,-0.029254750485,-0.000741753540607,-0.000776238389096,-0.587878787879,245,427302,36.7346938776
BROAD_SENSITIVITY,BROAD_EQ,2024,20,1,-0.0249731771626,-0.0218546742859,-0.000182313471541,-0.000174144871622,-0.0424242424242,248,442487,39.1129032258
BROAD_SENSITIVITY,BROAD_EQ,2025,20,1,-0.0114972767471,-0.00913119742634,-0.0009360230918,-0.000909928513873,-0.6,248,505069,42.7419354839
BROAD_SENSITIVITY,BROAD_EQ,2026,20,1,-0.0186703072327,-0.00844779821328,-0.00098783220047,-0.00100764304754,-0.587878787879,171,399417,44.4444444444
BROAD_SENSITIVITY,BROAD_EQ,2021,20,2,-0.0215501271283,-0.0180500628156,0.00255864063942,0.00260495262447,0.806060606061,248,367803,42.3387096774
BROAD_SENSITIVITY,BROAD_EQ,2022,20,2,-0.0429301886283,-0.037019853569,-0.00241183543231,-0.00244914751865,-0.975757575758,248,419784,34.6774193548
BROAD_SENSITIVITY,BROAD_EQ,2023,20,2,-0.0293451394262,-0.0302128470107,-0.00153885107956,-0.00160146923316,-0.806060606061,245,426511,34.693877551
BROAD_SENSITIVITY,BROAD_EQ,2024,20,2,-0.0226264499703,-0.0157125552417,-6.98640257182e-05,-3.9275475945e-05,0.115151515152,248,441644,43.5483870968
BROAD_SENSITIVITY,BROAD_EQ,2025,20,2,-0.0133447379808,-0.0116730337633,-0.0017088448022,-0.00163645722733,-0.721212121212,248,504380,45.1612903226
BROAD_SENSITIVITY,BROAD_EQ,2026,20,2,-0.0210988917124,-0.0148654632577,-0.00219869323225,-0.00224893796199,-0.69696969697,170,396449,42.9411764706
BROAD_SENSITIVITY,BROAD_EQ,2021,20,3,-0.0196706845155,-0.0169858339157,0.0036170129071,0.00365653103836,0.927272727273,248,367086,41.935483871
BROAD_SENSITIVITY,BROAD_EQ,2022,20,3,-0.0436198182962,-0.0303541517222,-0.0029734855439,-0.00304627359896,-0.975757575758,248,419287,37.0967741935
BROAD_SENSITIVITY,BROAD_EQ,2023,20,3,-0.0284195958245,-0.029657988371,-0.00199297782639,-0.00207798522577,-0.478787878788,245,425729,35.5102040816
BROAD_SENSITIVITY,BROAD_EQ,2024,20,3,-0.01955472634,-0.0133930606438,0.000607627918125,0.000661093847439,0.369696969697,248,440808,44.3548387097
BROAD_SENSITIVITY,BROAD_EQ,2025,20,3,-0.0114738661028,-0.00492970203471,-0.00204806865205,-0.00191032523132,-0.50303030303,248,503696,46.7741935484
BROAD_SENSITIVITY,BROAD_EQ,2026,20,3,-0.0194325600415,-0.00409326075,-0.00297130421791,-0.00306759936141,-0.648484848485,169,393486,47.3372781065
BROAD_SENSITIVITY,BROAD_EQ,2021,20,5,-0.0100561451406,-0.0104240469242,0.00642652737973,0.00637957403515,0.975757575758,248,365668,46.3709677419
BROAD_SENSITIVITY,BROAD_EQ,2022,20,5,-0.0430282049863,-0.0247766483917,-0.00266213237322,-0.00280136796704,-0.866666666667,248,418299,37.5
BROAD_SENSITIVITY,BROAD_EQ,2023,20,5,-0.0266256506267,-0.0223542509663,-0.00307599019385,-0.00316543276575,-0.539393939394,245,424181,40
BROAD_SENSITIVITY,BROAD_EQ,2024,20,5,-0.016372556924,-0.00867846824326,0.0014137260626,0.00145569728517,0.527272727273,248,439157,44.3548387097
BROAD_SENSITIVITY,BROAD_EQ,2025,20,5,-0.0121188209222,-0.0217141859707,-0.00288900117128,-0.00269721918265,-0.612121212121,248,502344,43.9516129032
BROAD_SENSITIVITY,BROAD_EQ,2026,20,5,-0.0196898351676,-0.00888128915619,-0.00457684880017,-0.00478603723058,-0.709090909091,167,387630,46.1077844311
BROAD_SENSITIVITY,BROAD_EQ,2021,20,10,0.00365685413756,0.0108499123737,0.0134354699194,0.0127740105614,0.951515151515,248,362286,56.8548387097
BROAD_SENSITIVITY,BROAD_EQ,2022,20,10,-0.031496676364,-0.0188709120662,0.000800509047348,0.000842601048061,-0.50303030303,248,415907,43.5483870968
BROAD_SENSITIVITY,BROAD_EQ,2023,20,10,-0.0223258815043,-0.0160829872274,-0.00349480613021,-0.00366982259261,-0.369696969697,245,420411,39.1836734694
BROAD_SENSITIVITY,BROAD_EQ,2024,20,10,-0.0122813910383,-0.00240704788519,0.00333353753589,0.00354906868807,0.951515151515,248,435147,48.7903225806
BROAD_SENSITIVITY,BROAD_EQ,2025,20,10,0.0042312495371,-0.00794621005695,-0.00202350978424,-0.00193331995102,0.333333333333,248,499064,48.3870967742
BROAD_SENSITIVITY,BROAD_EQ,2026,20,10,-0.0291890979564,-0.0063227674831,-0.0082121378204,-0.00827959600092,-0.878787878788,162,373286,48.7654320988
BROAD_SENSITIVITY,BROAD_EQ,2021,20,20,0.000535980095932,0.0116340061018,0.0204893778527,0.019813254619,0.939393939394,248,355925,58.8709677419
BROAD_SENSITIVITY,BROAD_EQ,2022,20,20,-0.0247783366859,-0.011938131629,0.00879815997914,0.00967202687696,0.0787878787879,248,411299,45.9677419355
BROAD_SENSITIVITY,BROAD_EQ,2023,20,20,-0.0150801055031,-0.00541358601565,-0.00232321975972,-0.00263341601145,-0.321212121212,245,413242,45.7142857143
BROAD_SENSITIVITY,BROAD_EQ,2024,20,20,-0.00986959726734,0.00544777120684,0.00594831019113,0.00728666657116,0.527272727273,248,427700,52.8225806452
BROAD_SENSITIVITY,BROAD_EQ,2025,20,20,0.0224147500667,0.00941419476544,-0.000190208683712,0.000166867279044,0.745454545455,248,492819,51.6129032258
BROAD_SENSITIVITY,BROAD_EQ,2026,20,20,-0.0382694250613,-0.0319349177588,-0.0110036575553,-0.00900423741433,-0.69696969697,152,345244,36.1842105263
BROAD_SENSITIVITY,BROAD_EQ,2021,40,1,-0.0262638940547,-0.0148027822616,0.00102238582866,0.00104234889759,0.381818181818,248,353278,40.7258064516
BROAD_SENSITIVITY,BROAD_EQ,2022,40,1,-0.0304036143768,-0.0147116435,-0.000610803106122,-0.000585924648479,-0.721212121212,248,406688,43.9516129032
BROAD_SENSITIVITY,BROAD_EQ,2023,40,1,-0.022972699132,-0.0165746495199,-0.000533578887193,-0.000555744546937,-0.418181818182,245,413831,41.6326530612
BROAD_SENSITIVITY,BROAD_EQ,2024,40,1,-0.0197033396135,-0.0183677561223,-1.98131505966e-06,5.31413309521e-06,-0.0787878787879,248,423819,41.935483871
BROAD_SENSITIVITY,BROAD_EQ,2025,40,1,-0.00505244554319,-0.00216936104684,-0.00110866126359,-0.0010708201909,-0.430303030303,248,484217,49.1935483871
BROAD_SENSITIVITY,BROAD_EQ,2026,40,1,-0.00214160645576,0.00240742830101,-0.00022088541194,-0.000254028565728,-0.212121212121,171,386626,50.8771929825
BROAD_SENSITIVITY,BROAD_EQ,2021,40,2,-0.0280488468788,-0.0190260434684,0.0014112179406,0.00138800177918,0.357575757576,248,352667,41.1290322581
BROAD_SENSITIVITY,BROAD_EQ,2022,40,2,-0.031225256011,-0.0205004651549,-0.00106193056886,-0.00103977575013,-0.721212121212,248,406240,41.935483871
BROAD_SENSITIVITY,BROAD_EQ,2023,40,2,-0.0210099925882,-0.0198251364917,-0.00117561610911,-0.00119471465465,-0.357575757576,245,413136,42.0408163265
BROAD_SENSITIVITY,BROAD_EQ,2024,40,2,-0.01705984484,-0.00880798194153,-3.68611478309e-05,-5.39795446437e-06,-0.127272727273,248,423094,46.7741935484
BROAD_SENSITIVITY,BROAD_EQ,2025,40,2,-0.00508338031059,-0.00454682768981,-0.00215769527164,-0.00206419301069,-0.466666666667,248,483615,48.7903225806
BROAD_SENSITIVITY,BROAD_EQ,2026,40,2,0.000918215666114,0.000141697437096,-0.000575818098283,-0.000641940511806,-0.115151515152,170,383842,50
BROAD_SENSITIVITY,BROAD_EQ,2021,40,3,-0.0281077858887,-0.0275932520054,0.00182028440875,0.00176784255321,0.648484848485,248,352060,39.1129032258
BROAD_SENSITIVITY,BROAD_EQ,2022,40,3,-0.0318640697973,-0.0222378156384,-0.00118114173479,-0.00119693506209,-0.709090909091,248,405793,41.5322580645
BROAD_SENSITIVITY,BROAD_EQ,2023,40,3,-0.0182007798353,-0.0176940118031,-0.00141160000446,-0.00143426902356,0.00606060606061,245,412442,41.6326530612
BROAD_SENSITIVITY,BROAD_EQ,2024,40,3,-0.0140984603722,-0.0148457475854,0.000654369904205,0.000726037058699,0.030303030303,248,422370,45.9677419355
BROAD_SENSITIVITY,BROAD_EQ,2025,40,3,-0.00239459244856,-0.000246269735045,-0.00267096778744,-0.00250597449786,-0.284848484848,248,483019,50
BROAD_SENSITIVITY,BROAD_EQ,2026,40,3,0.00581368011218,0.0124068859949,-0.000537437280303,-0.000624901533874,-0.0787878787879,169,381070,55.6213017751
BROAD_SENSITIVITY,BROAD_EQ,2021,40,5,-0.0245232528507,-0.0150681398004,0.00357335337652,0.00338405312347,0.915151515152,248,350873,41.1290322581
BROAD_SENSITIVITY,BROAD_EQ,2022,40,5,-0.0313190211417,-0.0225756212865,-0.000549931105471,-0.000597197126333,-0.575757575758,248,404902,41.935483871
BROAD_SENSITIVITY,BROAD_EQ,2023,40,5,-0.0156685046244,-0.012052312277,-0.0015523011464,-0.00157862830944,0.00606060606061,245,411059,43.2653061224
BROAD_SENSITIVITY,BROAD_EQ,2024,40,5,-0.0125494386206,-0.00915472624739,0.00129794665918,0.00141987421762,0.29696969697,248,420944,45.564516129
BROAD_SENSITIVITY,BROAD_EQ,2025,40,5,-9.07213910787e-05,-0.0088108171551,-0.00369077779968,-0.0034571102751,-0.248484848485,248,481833,47.9838709677
BROAD_SENSITIVITY,BROAD_EQ,2026,40,5,0.00875580304923,0.016005731348,-0.000823072428326,-0.000967895983012,-0.0787878787879,167,375543,56.8862275449
BROAD_SENSITIVITY,BROAD_EQ,2021,40,10,-0.0202947068245,-0.00200977373089,0.00716797082363,0.00641280647026,0.830303030303,248,347987,48.7903225806
BROAD_SENSITIVITY,BROAD_EQ,2022,40,10,-0.0237334039094,-0.0132484763615,0.00253752413622,0.00264618269535,-0.0787878787879,248,402718,41.5322580645
BROAD_SENSITIVITY,BROAD_EQ,2023,40,10,-0.013884175175,-0.00478046897951,-0.000834516099633,-0.000939359422037,-0.0909090909091,245,407671,46.5306122449
BROAD_SENSITIVITY,BROAD_EQ,2024,40,10,-0.0100230054841,-0.00406759993225,0.00320359319683,0.00348538926479,0.309090909091,248,417477,46.3709677419
BROAD_SENSITIVITY,BROAD_EQ,2025,40,10,0.0115605316813,-0.00964562410616,-0.00294050578566,-0.00272864911715,0.212121212121,248,478944,45.564516129
BROAD_SENSITIVITY,BROAD_EQ,2026,40,10,0.0106977717228,0.0269663967746,0.0015570207445,0.0016173247637,0.115151515152,162,361846,58.024691358
BROAD_SENSITIVITY,BROAD_EQ,2021,40,20,-0.0153764016685,-0.00981699103188,0.0143947771368,0.0139062157151,0.890909090909,248,342455,46.3709677419
BROAD_SENSITIVITY,BROAD_EQ,2022,40,20,-0.0148367295024,-0.00303350885022,0.00957236511988,0.010455080506,0.587878787879,248,398550,47.9838709677
BROAD_SENSITIVITY,BROAD_EQ,2023,40,20,-0.0107907020885,-0.0100398855274,0.000144774460344,-8.64415225112e-06,-0.030303030303,245,401103,46.1224489796
BROAD_SENSITIVITY,BROAD_EQ,2024,40,20,-2.31611884113e-05,-3.17363547477e-05,0.00661731082092,0.00781276960117,0.721212121212,248,410959,49.5967741935
BROAD_SENSITIVITY,BROAD_EQ,2025,40,20,0.0179638787269,0.00806345953576,-0.00085195360123,-0.000186977354153,0.430303030303,248,473471,51.6129032258
BROAD_SENSITIVITY,BROAD_EQ,2026,40,20,0.010122507659,0.0147390850373,0.00685086726912,0.00859849043953,-0.00606060606061,152,334865,56.5789473684
BROAD_SENSITIVITY,BROAD_EQ,2021,60,1,-0.0258193648353,-0.0187459616975,0.00121056029826,0.00121233961269,0.721212121212,248,339584,40.7258064516
BROAD_SENSITIVITY,BROAD_EQ,2022,60,1,-0.0197531878327,-0.00636443220158,-0.000309350651022,-0.00030455012609,-0.660606060606,248,393522,44.7580645161
BROAD_SENSITIVITY,BROAD_EQ,2023,60,1,-0.0167768383856,-0.0117784615846,-0.000446567384848,-0.000467570913353,-0.175757575758,245,402711,43.2653061224
BROAD_SENSITIVITY,BROAD_EQ,2024,60,1,-0.0118098474274,-0.0080318301328,0.000185634697342,0.000188636634033,0.175757575758,248,406930,44.7580645161
BROAD_SENSITIVITY,BROAD_EQ,2025,60,1,-0.00334497180229,-0.000495029244026,-0.000843035770199,-0.000803165736447,-0.648484848485,248,464945,49.5967741935
BROAD_SENSITIVITY,BROAD_EQ,2026,60,1,0.00770522264909,0.0104544338004,0.000225967143588,0.000187657960006,0.030303030303,171,374966,53.8011695906
BROAD_SENSITIVITY,BROAD_EQ,2021,60,2,-0.0239130267581,-0.019179442302,0.00194969293492,0.00192481647066,0.866666666667,248,339069,43.1451612903
BROAD_SENSITIVITY,BROAD_EQ,2022,60,2,-0.0189287476715,-0.0088935808326,-0.000476836669227,-0.000474386873465,-0.587878787879,248,393120,45.1612903226
BROAD_SENSITIVITY,BROAD_EQ,2023,60,2,-0.0122480068677,-0.00899836586953,-0.000856570149917,-0.000880599080553,-0.163636363636,245,402070,45.306122449
BROAD_SENSITIVITY,BROAD_EQ,2024,60,2,-0.00715056224308,-0.00411773440188,0.000430532919819,0.000448347669734,0.321212121212,248,406303,48.7903225806
BROAD_SENSITIVITY,BROAD_EQ,2025,60,2,-0.00274434899871,0.00261985506709,-0.00158490058902,-0.00148111116296,-0.612121212121,248,464415,50.8064516129
BROAD_SENSITIVITY,BROAD_EQ,2026,60,2,0.0129759109994,0.0108704332145,0.000291257514574,0.000212432636336,0.0787878787879,170,372275,53.5294117647
BROAD_SENSITIVITY,BROAD_EQ,2021,60,3,-0.0225317719966,-0.0178322445127,0.00269581267039,0.00264326942146,0.878787878788,248,338560,42.7419354839
BROAD_SENSITIVITY,BROAD_EQ,2022,60,3,-0.0180658604652,-0.00339984987276,-0.000326613041638,-0.000346331003732,-0.442424242424,248,392720,48.3870967742
BROAD_SENSITIVITY,BROAD_EQ,2023,60,3,-0.00873203444469,-0.00636299465097,-0.00094111977813,-0.000979238816977,0.0424242424242,245,401430,47.3469387755
BROAD_SENSITIVITY,BROAD_EQ,2024,60,3,-0.00446185948898,-0.00252369674785,0.0011453000395,0.00117781128353,0.430303030303,248,405680,48.3870967742
BROAD_SENSITIVITY,BROAD_EQ,2025,60,3,-0.00138783949752,0.0075924390905,-0.00190358897252,-0.00173326096712,-0.563636363636,248,463886,51.6129032258
BROAD_SENSITIVITY,BROAD_EQ,2026,60,3,0.0192438523428,0.0242543935449,0.000757742881484,0.000653061048867,0.115151515152,169,369588,61.5384615385
BROAD_SENSITIVITY,BROAD_EQ,2021,60,5,-0.0178741461128,-0.0103912712272,0.00532146140587,0.00515802231836,0.927272727273,248,337556,42.7419354839
BROAD_SENSITIVITY,BROAD_EQ,2022,60,5,-0.0156197236369,-0.00469778941356,0.00066579571364,0.000641646179442,-0.10303030303,248,391941,47.9838709677
BROAD_SENSITIVITY,BROAD_EQ,2023,60,5,-0.0057868636607,-0.00129640274055,-0.00106227516132,-0.00114494838006,0.0666666666667,245,400152,49.387755102
BROAD_SENSITIVITY,BROAD_EQ,2024,60,5,-0.00161011023133,-0.00187354250978,0.00216814630841,0.00222332534164,0.612121212121,248,404452,49.5967741935
BROAD_SENSITIVITY,BROAD_EQ,2025,60,5,-0.00100502439204,-0.00186593671604,-0.00276211298207,-0.00254728196099,-0.466666666667,248,462838,49.5967741935
BROAD_SENSITIVITY,BROAD_EQ,2026,60,5,0.0246264004158,0.0242889058444,0.00198441754215,0.00183923397151,0.0909090909091,167,364230,61.6766467066
BROAD_SENSITIVITY,BROAD_EQ,2021,60,10,-0.00920853478349,0.00212677382709,0.0109123798826,0.0102607148224,0.987878787879,248,335099,52.0161290323
BROAD_SENSITIVITY,BROAD_EQ,2022,60,10,-0.00409810178294,0.00844338531477,0.00575167350485,0.00583771092978,0.69696969697,248,390064,54.0322580645
BROAD_SENSITIVITY,BROAD_EQ,2023,60,10,0.000194184644426,0.0145835871552,0.00169115573633,0.00158706616587,0.224242424242,245,397054,52.6530612245
BROAD_SENSITIVITY,BROAD_EQ,2024,60,10,0.00217761891704,0.00744109965755,0.00429843197225,0.00444272255404,0.709090909091,248,401434,51.6129032258
BROAD_SENSITIVITY,BROAD_EQ,2025,60,10,0.00492462788778,0.00140874249382,-0.00260722713726,-0.00244939869794,-0.187878787879,248,460266,50.8064516129
BROAD_SENSITIVITY,BROAD_EQ,2026,60,10,0.0241394830726,0.0373701100765,0.00471689714351,0.00493779723417,0.0424242424242,162,350921,64.8148148148
BROAD_SENSITIVITY,BROAD_EQ,2021,60,20,0.00348352529435,-0.00292103650326,0.0188537964978,0.0181916033192,0.890909090909,248,330526,48.7903225806
BROAD_SENSITIVITY,BROAD_EQ,2022,60,20,0.0118672152178,0.0176308933888,0.0139064074109,0.0146562195431,0.975757575758,248,386388,58.4677419355
BROAD_SENSITIVITY,BROAD_EQ,2023,60,20,0.0135284177649,0.0174702898239,0.00850143927477,0.00858779108285,0.527272727273,245,391055,58.7755102041
BROAD_SENSITIVITY,BROAD_EQ,2024,60,20,0.00568383253653,0.00491251841966,0.00554700225474,0.00639166196103,0.769696969697,248,395692,51.6129032258
BROAD_SENSITIVITY,BROAD_EQ,2025,60,20,0.00894642332892,-0.00139965988204,0.00109097465076,0.00176859177808,0.284848484848,248,455340,49.5967741935
BROAD_SENSITIVITY,BROAD_EQ,2026,60,20,0.0172674736604,0.0346434614666,0.00805881412806,0.0106334415408,0.236363636364,152,324727,64.4736842105
PRIMARY_VERIFIED,BASIC_LIQUID,2021,5,1,-0.0394718960996,-0.0353624540522,0.000371661529018,0.000340476321421,-0.224242424242,248,247421,32.6612903226
PRIMARY_VERIFIED,BASIC_LIQUID,2022,5,1,-0.0435652463332,-0.0367983219608,-0.00192439645867,-0.00191760986825,-0.975757575758,248,267824,36.2903225806
PRIMARY_VERIFIED,BASIC_LIQUID,2023,5,1,-0.0390838790314,-0.0337762360343,-0.000602300819915,-0.000559685827278,-0.721212121212,245,287732,24.0816326531
PRIMARY_VERIFIED,BASIC_LIQUID,2024,5,1,-0.0437820029913,-0.0407469194689,-0.00155882750498,-0.00152886961364,-0.951515151515,248,347299,30.2419354839
PRIMARY_VERIFIED,BASIC_LIQUID,2025,5,1,-0.0335668633983,-0.0258743492904,-0.00136062672635,-0.00134042793798,-0.975757575758,248,346942,37.5
PRIMARY_VERIFIED,BASIC_LIQUID,2026,5,1,-0.0139771066198,-0.0111981553374,-0.000590981209696,-0.000600328235188,-0.527272727273,131,197643,46.5648854962
PRIMARY_VERIFIED,BASIC_LIQUID,2021,5,2,-0.0512765113609,-0.0502194936828,-0.000683651176808,-0.000765305367641,-0.50303030303,248,247144,27.0161290323
PRIMARY_VERIFIED,BASIC_LIQUID,2022,5,2,-0.0558815432076,-0.0455351277071,-0.00410599872016,-0.00409799125611,-0.987878787879,248,267608,26.6129032258
PRIMARY_VERIFIED,BASIC_LIQUID,2023,5,2,-0.0473793643073,-0.041702504312,-0.00143920395911,-0.00134299171094,-0.721212121212,245,287385,24.4897959184
PRIMARY_VERIFIED,BASIC_LIQUID,2024,5,2,-0.0492344117631,-0.0426690128493,-0.00237091534289,-0.00230120024503,-0.951515151515,248,346722,31.4516129032
PRIMARY_VERIFIED,BASIC_LIQUID,2025,5,2,-0.0424574765678,-0.0323108340092,-0.00270133645081,-0.00265093139239,-0.987878787879,248,346557,35.8870967742
PRIMARY_VERIFIED,BASIC_LIQUID,2026,5,2,-0.019428479196,-0.00560708311045,-0.00189148509788,-0.00192458635385,-0.660606060606,130,195904,47.6923076923
PRIMARY_VERIFIED,BASIC_LIQUID,2021,5,3,-0.051865621013,-0.0594161282233,-0.000697717772513,-0.000800771991367,-0.69696969697,248,246870,26.6129032258
PRIMARY_VERIFIED,BASIC_LIQUID,2022,5,3,-0.0623139030686,-0.0592083785843,-0.00583030778031,-0.00581350314759,-0.987878787879,248,267399,24.5967741935
PRIMARY_VERIFIED,BASIC_LIQUID,2023,5,3,-0.046895556662,-0.0435850646684,-0.00169112132013,-0.00153485331815,-0.721212121212,245,287051,26.1224489796
PRIMARY_VERIFIED,BASIC_LIQUID,2024,5,3,-0.0477851614466,-0.0337373084878,-0.00268423415947,-0.00258487290192,-0.927272727273,248,346154,31.4516129032
PRIMARY_VERIFIED,BASIC_LIQUID,2025,5,3,-0.0456414854157,-0.0225025905447,-0.00368928187662,-0.00362066427224,-0.987878787879,248,346183,37.0967741935
PRIMARY_VERIFIED,BASIC_LIQUID,2026,5,3,-0.0168816082532,-0.00929125169763,-0.00229217090573,-0.00236336806085,-0.624242424242,129,194196,44.9612403101
PRIMARY_VERIFIED,BASIC_LIQUID,2021,5,5,-0.0435812765302,-0.0444162965756,0.000365989537861,0.000158065831667,-0.309090909091,248,246352,30.2419354839
PRIMARY_VERIFIED,BASIC_LIQUID,2022,5,5,-0.059647089305,-0.0453485471194,-0.00658573029065,-0.00650838696251,-0.975757575758,248,266999,29.8387096774
PRIMARY_VERIFIED,BASIC_LIQUID,2023,5,5,-0.0434786441796,-0.0379820038752,-0.00175718103355,-0.00160660872218,-0.69696969697,245,286426,30.2040816327
PRIMARY_VERIFIED,BASIC_LIQUID,2024,5,5,-0.0496339371342,-0.0387454607666,-0.00400207330765,-0.003854799604,-0.939393939394,248,345106,31.8548387097
PRIMARY_VERIFIED,BASIC_LIQUID,2025,5,5,-0.0439149839972,-0.0376082764777,-0.00484027257599,-0.00480403528809,-0.975757575758,248,345474,34.6774193548
PRIMARY_VERIFIED,BASIC_LIQUID,2026,5,5,-0.0128778225551,-0.0177517629665,-0.00309845115117,-0.0032562179389,-0.50303030303,127,190812,43.3070866142
PRIMARY_VERIFIED,BASIC_LIQUID,2021,5,10,-0.0254016349439,-0.0284802752589,0.00409094953789,0.00363865437109,0.854545454545,248,245150,36.2903225806
PRIMARY_VERIFIED,BASIC_LIQUID,2022,5,10,-0.0377214600224,-0.0204778337001,-0.0047334965554,-0.00471662200171,-0.939393939394,248,266082,39.9193548387
PRIMARY_VERIFIED,BASIC_LIQUID,2023,5,10,-0.0283465550119,-0.0124046313459,-0.000950879906053,-0.000934447778496,-0.624242424242,245,285041,42.0408163265
PRIMARY_VERIFIED,BASIC_LIQUID,2024,5,10,-0.0384581949534,-0.0329842844865,-0.00362390082934,-0.00333319915073,-0.927272727273,248,342683,36.2903225806
PRIMARY_VERIFIED,BASIC_LIQUID,2025,5,10,-0.0211086898813,-0.0186655353063,-0.00241417559001,-0.00251348264269,-0.927272727273,248,343904,39.1129032258
PRIMARY_VERIFIED,BASIC_LIQUID,2026,5,10,-0.0220257872183,-0.00716367688235,-0.00496359200323,-0.00528324234163,-0.769696969697,122,182446,45.9016393443
PRIMARY_VERIFIED,BASIC_LIQUID,2021,5,20,-0.00411020017465,-0.00608609442229,0.00848552026269,0.00813478238637,0.878787878788,248,243131,46.3709677419
PRIMARY_VERIFIED,BASIC_LIQUID,2022,5,20,-0.0224693730582,-0.0121321853967,-0.000738546244416,-0.000136254614137,-0.684848484848,248,264387,43.9516129032
PRIMARY_VERIFIED,BASIC_LIQUID,2023,5,20,-0.0176852870652,-0.00788716006101,-0.00195829950557,-0.00213740018937,-0.466666666667,245,282585,43.6734693878
PRIMARY_VERIFIED,BASIC_LIQUID,2024,5,20,-0.0102119314083,-0.00276881621301,-0.000614981820375,0.000237678439784,0.551515151515,248,338511,47.9838709677
PRIMARY_VERIFIED,BASIC_LIQUID,2025,5,20,-0.00595599689237,-0.0043208503256,0.000857619314675,0.000667540219055,0.175757575758,248,341003,45.1612903226
PRIMARY_VERIFIED,BASIC_LIQUID,2026,5,20,-0.0343296668478,-0.024359923,-0.010795126843,-0.0111457786813,-0.890909090909,112,166093,34.8214285714
PRIMARY_VERIFIED,BASIC_LIQUID,2021,10,1,-0.039085293942,-0.0294795696498,0.000376452409118,0.000356185696504,0.0787878787879,248,247183,35.0806451613
PRIMARY_VERIFIED,BASIC_LIQUID,2022,10,1,-0.0399378486841,-0.0290952441826,-0.00125333834274,-0.00122225522416,-0.915151515152,248,267380,38.7096774194
PRIMARY_VERIFIED,BASIC_LIQUID,2023,10,1,-0.0308499632918,-0.0316243823372,-0.000702359637644,-0.000681129285715,-0.0787878787879,245,287396,33.4693877551
PRIMARY_VERIFIED,BASIC_LIQUID,2024,10,1,-0.0440767728683,-0.0447684554731,-0.00121917231458,-0.00119701720013,-0.709090909091,248,346816,32.6612903226
PRIMARY_VERIFIED,BASIC_LIQUID,2025,10,1,-0.0172689024958,-0.0114591806401,-0.000827509311994,-0.000814467335702,-0.939393939394,248,346441,46.7741935484
PRIMARY_VERIFIED,BASIC_LIQUID,2026,10,1,-0.011573629786,-0.000219454782503,-0.000630775214405,-0.000636731116825,-0.721212121212,131,197443,49.6183206107
PRIMARY_VERIFIED,BASIC_LIQUID,2021,10,2,-0.043726198838,-0.0438374258804,0.00054952118935,0.000469227355576,0.10303030303,248,246906,31.0483870968
PRIMARY_VERIFIED,BASIC_LIQUID,2022,10,2,-0.0449628961604,-0.040587409631,-0.00209868088041,-0.00205250636346,-0.951515151515,248,267165,32.6612903226
PRIMARY_VERIFIED,BASIC_LIQUID,2023,10,2,-0.0336561105217,-0.0335739870497,-0.00102790404874,-0.000960200150621,-0.515151515152,245,287050,30.2040816327
PRIMARY_VERIFIED,BASIC_LIQUID,2024,10,2,-0.0483990862028,-0.0394846822054,-0.00216578111782,-0.0021180182865,-0.975757575758,248,346240,31.4516129032
PRIMARY_VERIFIED,BASIC_LIQUID,2025,10,2,-0.0177331357277,-0.00847723257403,-0.00143208546663,-0.00140703263224,-0.90303030303,248,346056,47.9838709677
PRIMARY_VERIFIED,BASIC_LIQUID,2026,10,2,-0.0192817576234,-0.0064743053557,-0.00165694724467,-0.00169199129162,-0.939393939394,130,195706,44.6153846154
PRIMARY_VERIFIED,BASIC_LIQUID,2021,10,3,-0.0413881068929,-0.0414596136285,0.00129855903636,0.0011961342706,0.248484848485,248,246632,31.4516129032
PRIMARY_VERIFIED,BASIC_LIQUID,2022,10,3,-0.0445835701467,-0.0308034696316,-0.00230941879526,-0.00224652872316,-0.975757575758,248,266957,33.8709677419
PRIMARY_VERIFIED,BASIC_LIQUID,2023,10,3,-0.0317788319772,-0.0328904886788,-0.000753376436949,-0.000634423593834,-0.539393939394,245,286717,30.2040816327
PRIMARY_VERIFIED,BASIC_LIQUID,2024,10,3,-0.0469159119374,-0.038807966276,-0.00201213839353,-0.00191340909774,-0.818181818182,248,345673,33.8709677419
PRIMARY_VERIFIED,BASIC_LIQUID,2025,10,3,-0.0170030761579,-0.00661763842125,-0.00155888041595,-0.00151636942591,-0.890909090909,248,345682,47.9838709677
PRIMARY_VERIFIED,BASIC_LIQUID,2026,10,3,-0.0186524716165,0.000662811269983,-0.00155743753752,-0.00164315472233,-0.793939393939,129,194000,50.3875968992
PRIMARY_VERIFIED,BASIC_LIQUID,2021,10,5,-0.0331672447451,-0.0380132288528,0.00418491555614,0.0039947041426,0.6,248,246114,37.5
PRIMARY_VERIFIED,BASIC_LIQUID,2022,10,5,-0.0418661005465,-0.0275937315177,-0.00203045353832,-0.00189766448956,-0.866666666667,248,266557,37.5
PRIMARY_VERIFIED,BASIC_LIQUID,2023,10,5,-0.0279082940262,-0.0216353738587,-0.000286029713363,-0.000201529569085,-0.442424242424,245,286095,37.1428571429
PRIMARY_VERIFIED,BASIC_LIQUID,2024,10,5,-0.0438975052359,-0.0317614735476,-0.00175649907086,-0.00156431208921,-0.721212121212,248,344626,31.4516129032
PRIMARY_VERIFIED,BASIC_LIQUID,2025,10,5,-0.017548474741,-0.0148501148251,-0.00212884551456,-0.00210281466257,-0.818181818182,248,344973,42.7419354839
PRIMARY_VERIFIED,BASIC_LIQUID,2026,10,5,-0.0184404069591,-0.00795554674051,-0.0017364462095,-0.00190417318614,-0.757575757576,127,190620,47.2440944882
PRIMARY_VERIFIED,BASIC_LIQUID,2021,10,10,-0.0147906315017,-0.0150639358192,0.00988780001244,0.00942871059931,0.975757575758,248,244912,41.935483871
PRIMARY_VERIFIED,BASIC_LIQUID,2022,10,10,-0.0275186957295,-0.0108989093754,0.00102626055861,0.00119341960041,-0.393939393939,248,265640,44.3548387097
PRIMARY_VERIFIED,BASIC_LIQUID,2023,10,10,-0.018897821101,-0.0105336685779,0.000398714427087,0.000219580992757,-0.29696969697,245,284714,42.0408163265
PRIMARY_VERIFIED,BASIC_LIQUID,2024,10,10,-0.0253353611851,-0.0131768558831,0.000138255292997,0.00052521854328,0.369696969697,248,342207,45.1612903226
PRIMARY_VERIFIED,BASIC_LIQUID,2025,10,10,-0.000709985843369,-0.00217757581959,-0.000609616978261,-0.000698848454161,0.369696969697,248,343403,48.7903225806
PRIMARY_VERIFIED,BASIC_LIQUID,2026,10,10,-0.0282089343088,-0.0192645306484,-0.0027951756342,-0.00305302188558,-0.793939393939,122,182259,44.262295082
PRIMARY_VERIFIED,BASIC_LIQUID,2021,10,20,0.0086042449986,0.0126149736576,0.0169190218323,0.0168500629753,0.975757575758,248,242893,55.6451612903
PRIMARY_VERIFIED,BASIC_LIQUID,2022,10,20,-0.00770020024291,0.00635308211944,0.0070685787371,0.00778786901463,0.369696969697,248,263946,51.2096774194
PRIMARY_VERIFIED,BASIC_LIQUID,2023,10,20,-0.0147658764877,-0.00072252968698,0.000287027714519,-7.49646329207e-06,-0.175757575758,245,282263,49.7959183673
PRIMARY_VERIFIED,BASIC_LIQUID,2024,10,20,-0.0077661110328,0.000517822864898,0.00216262564998,0.00343294982236,0.890909090909,248,338042,50.8064516129
PRIMARY_VERIFIED,BASIC_LIQUID,2025,10,20,0.00960904902282,0.00763956916212,0.00272183334859,0.00231832015107,0.806060606061,248,340502,52.4193548387
PRIMARY_VERIFIED,BASIC_LIQUID,2026,10,20,-0.0435712244224,-0.0387271721693,-0.00899371817021,-0.00899534427662,-0.818181818182,112,165924,33.9285714286
PRIMARY_VERIFIED,BASIC_LIQUID,2021,20,1,-0.0322885413403,-0.0291738409519,0.000746309988458,0.0007572611108,0.806060606061,248,246622,36.6935483871
PRIMARY_VERIFIED,BASIC_LIQUID,2022,20,1,-0.0340890040127,-0.024844783488,-0.000747649458925,-0.000716418721366,-0.927272727273,248,266464,40.3225806452
PRIMARY_VERIFIED,BASIC_LIQUID,2023,20,1,-0.0246944584114,-0.0263285682596,-0.00024307377502,-0.000229040532234,0.00606060606061,245,286594,38.7755102041
PRIMARY_VERIFIED,BASIC_LIQUID,2024,20,1,-0.0253643592983,-0.0200451519332,-0.000223577902954,-0.000212744065348,0.175757575758,248,345621,38.3064516129
PRIMARY_VERIFIED,BASIC_LIQUID,2025,20,1,-0.00681290485155,0.000527743011593,-0.00053603140948,-0.000531882169025,-0.527272727273,248,345248,50
PRIMARY_VERIFIED,BASIC_LIQUID,2026,20,1,-0.0138262029071,-0.0123509427069,-0.000762970783452,-0.000766766731846,-0.648484848485,131,196984,46.5648854962
PRIMARY_VERIFIED,BASIC_LIQUID,2021,20,2,-0.0293777365551,-0.0277414351007,0.000985274650633,0.000972826513566,0.830303030303,248,246349,40.7258064516
PRIMARY_VERIFIED,BASIC_LIQUID,2022,20,2,-0.0345592684002,-0.0253294035035,-0.00115007699513,-0.00109851671615,-0.975757575758,248,266249,37.5
PRIMARY_VERIFIED,BASIC_LIQUID,2023,20,2,-0.0239449684375,-0.0209954575948,-0.000460802742406,-0.000434153882713,-0.0545454545455,245,286250,36.3265306122
PRIMARY_VERIFIED,BASIC_LIQUID,2024,20,2,-0.0217236101716,-0.0135307131669,0.000130732421617,0.000171988487751,0.369696969697,248,345048,41.1290322581
PRIMARY_VERIFIED,BASIC_LIQUID,2025,20,2,-0.00749443846873,-0.00186975206724,-0.000595659135735,-0.000578393182875,-0.563636363636,248,344865,49.1935483871
PRIMARY_VERIFIED,BASIC_LIQUID,2026,20,2,-0.0202657526918,-0.0126529726493,-0.00192174177351,-0.00192717818394,-0.854545454545,130,195249,46.9230769231
PRIMARY_VERIFIED,BASIC_LIQUID,2021,20,3,-0.0251585001996,-0.0201218478815,0.00184243989372,0.00183856142304,0.915151515152,248,246076,39.1129032258
PRIMARY_VERIFIED,BASIC_LIQUID,2022,20,3,-0.0332618839339,-0.0219433707772,-0.000915333958535,-0.000842088999212,-0.842424242424,248,266042,39.9193548387
PRIMARY_VERIFIED,BASIC_LIQUID,2023,20,3,-0.0225025866687,-0.0204815985884,-0.000286162247373,-0.000232442292626,0.187878787879,245,285919,38.7755102041
PRIMARY_VERIFIED,BASIC_LIQUID,2024,20,3,-0.0180323539758,-0.00906092650194,0.00100812169874,0.00108033020034,0.551515151515,248,344488,43.5483870968
PRIMARY_VERIFIED,BASIC_LIQUID,2025,20,3,-0.00606231146154,-0.00881286809277,-0.000354378660174,-0.000324338733615,-0.393939393939,248,344492,47.1774193548
PRIMARY_VERIFIED,BASIC_LIQUID,2026,20,3,-0.0200893462578,-0.00458027074396,-0.00258542838234,-0.00262662806518,-0.878787878788,129,193545,46.511627907
PRIMARY_VERIFIED,BASIC_LIQUID,2021,20,5,-0.0136178595563,-0.00849431151267,0.00453626825153,0.0044624243388,0.987878787879,248,245559,44.7580645161
PRIMARY_VERIFIED,BASIC_LIQUID,2022,20,5,-0.0300547094092,-0.0174008774198,0.000741084040966,0.000900615307733,-0.29696969697,248,265643,42.7419354839
PRIMARY_VERIFIED,BASIC_LIQUID,2023,20,5,-0.0198961909485,-0.0154817136415,-3.4707357616e-05,6.19596419228e-06,0.272727272727,245,285302,41.2244897959
PRIMARY_VERIFIED,BASIC_LIQUID,2024,20,5,-0.0131638998089,-0.00563202433595,0.00233635350423,0.00246382696054,0.660606060606,248,343448,47.1774193548
PRIMARY_VERIFIED,BASIC_LIQUID,2025,20,5,-0.00680919246047,-0.0167155530771,-0.000568776681597,-0.000556955140791,-0.309090909091,248,343789,44.7580645161
PRIMARY_VERIFIED,BASIC_LIQUID,2026,20,5,-0.0224721115918,-0.00570695526494,-0.00359780739975,-0.00370674045648,-0.878787878788,127,190171,48.031496063
PRIMARY_VERIFIED,BASIC_LIQUID,2021,20,10,0.00551492556238,0.0110524859494,0.0118342087786,0.011328425267,0.987878787879,248,244362,55.2419354839
PRIMARY_VERIFIED,BASIC_LIQUID,2022,20,10,-0.013217094308,-0.00272615827964,0.00560545422536,0.00582481780089,0.527272727273,248,264732,48.7903225806
PRIMARY_VERIFIED,BASIC_LIQUID,2023,20,10,-0.0161945025973,-0.012496503666,0.000548145457064,0.000354480685479,0.393939393939,245,283930,44.4897959184
PRIMARY_VERIFIED,BASIC_LIQUID,2024,20,10,-0.00658227971222,0.00734620547108,0.00478498657138,0.00514587276823,0.963636363636,248,341046,53.6290322581
PRIMARY_VERIFIED,BASIC_LIQUID,2025,20,10,0.00491224407178,-0.0129616382185,0.00130256035024,0.00113574627043,0.648484848485,248,342225,46.3709677419
PRIMARY_VERIFIED,BASIC_LIQUID,2026,20,10,-0.0327298219185,-0.0184132545674,-0.00649254812368,-0.00658486485647,-0.830303030303,122,181829,45.0819672131
PRIMARY_VERIFIED,BASIC_LIQUID,2021,20,20,0.00572842606837,0.00907666133856,0.0197482031858,0.0198642430248,0.951515151515,248,242347,57.2580645161
PRIMARY_VERIFIED,BASIC_LIQUID,2022,20,20,-0.00392472818762,0.00668215077803,0.0127182999378,0.0134330941046,0.6,248,263054,52.4193548387
PRIMARY_VERIFIED,BASIC_LIQUID,2023,20,20,-0.0115182889327,0.00819276976048,0.000650230458398,6.70034175054e-05,0.369696969697,245,281485,53.0612244898
PRIMARY_VERIFIED,BASIC_LIQUID,2024,20,20,-0.00334191972637,0.0100255135872,0.00846149284417,0.0101434749884,0.987878787879,248,336912,53.6290322581
PRIMARY_VERIFIED,BASIC_LIQUID,2025,20,20,0.0160501486028,0.00750904094475,0.00311687677432,0.00262550197866,0.890909090909,248,339332,51.6129032258
PRIMARY_VERIFIED,BASIC_LIQUID,2026,20,20,-0.0393435961162,-0.0469379926787,-0.00993941201046,-0.00968154118035,-0.636363636364,112,165559,33.0357142857
PRIMARY_VERIFIED,BASIC_LIQUID,2021,40,1,-0.0308240693097,-0.024025690461,0.00062426517623,0.000644280931564,0.818181818182,248,243940,39.9193548387
PRIMARY_VERIFIED,BASIC_LIQUID,2022,40,1,-0.0247124111349,-0.0134488529389,8.14889765763e-06,6.99721957627e-06,0.0181818181818,248,263413,43.5483870968
PRIMARY_VERIFIED,BASIC_LIQUID,2023,40,1,-0.0225142802618,-0.0194185849695,-0.000220654904227,-0.000207551540158,0.345454545455,245,283136,42.4489795918
PRIMARY_VERIFIED,BASIC_LIQUID,2024,40,1,-0.0194698012791,-0.0168576700054,0.000213051995957,0.000225401589377,0.357575757576,248,339486,39.1129032258
PRIMARY_VERIFIED,BASIC_LIQUID,2025,40,1,-0.00563551872205,0.00133945566954,-0.000831609341734,-0.000828336874383,-0.660606060606,248,339469,50
PRIMARY_VERIFIED,BASIC_LIQUID,2026,40,1,0.0079798182657,0.0116845036733,8.59785816086e-06,-3.37107771849e-05,-0.030303030303,131,195167,51.9083969466
PRIMARY_VERIFIED,BASIC_LIQUID,2021,40,2,-0.0274819577006,-0.0216042151673,0.00141242730583,0.00143096468873,0.878787878788,248,243677,42.3387096774
PRIMARY_VERIFIED,BASIC_LIQUID,2022,40,2,-0.0218397061769,-0.012102503772,6.66920674123e-05,5.56276735479e-05,0.0666666666667,248,263209,46.7741935484
PRIMARY_VERIFIED,BASIC_LIQUID,2023,40,2,-0.0198870425297,-0.0153299658272,-0.000535481418299,-0.000514476765029,0.260606060606,245,282806,44.8979591837
PRIMARY_VERIFIED,BASIC_LIQUID,2024,40,2,-0.0145820004331,-0.00695620286391,0.000371812406201,0.00040765001426,0.418181818182,248,338963,46.7741935484
PRIMARY_VERIFIED,BASIC_LIQUID,2025,40,2,-0.00563967819681,-0.00367367328965,-0.00142820735704,-0.00141159729502,-0.575757575758,248,339108,48.3870967742
PRIMARY_VERIFIED,BASIC_LIQUID,2026,40,2,0.00964357398273,0.0237481358556,-3.33402807835e-05,-0.000133397990098,-0.030303030303,130,193452,53.8461538462
PRIMARY_VERIFIED,BASIC_LIQUID,2021,40,3,-0.0249311831521,-0.0213297837712,0.00236411553112,0.00237722066787,0.987878787879,248,243413,39.1129032258
PRIMARY_VERIFIED,BASIC_LIQUID,2022,40,3,-0.0212075983903,-0.00168120525748,0.000422410288595,0.000389632666017,0.0787878787879,248,263012,49.5967741935
PRIMARY_VERIFIED,BASIC_LIQUID,2023,40,3,-0.0176666910417,-0.0156066101305,-0.000519491868972,-0.000480268640984,0.454545454545,245,282489,42.8571428571
PRIMARY_VERIFIED,BASIC_LIQUID,2024,40,3,-0.0106993989051,-0.0127144369727,0.00120897035956,0.00128448394912,0.551515151515,248,338447,43.5483870968
PRIMARY_VERIFIED,BASIC_LIQUID,2025,40,3,-0.00363506042428,-0.00193852515305,-0.00165645519205,-0.00160315120973,-0.393939393939,248,338758,49.5967741935
PRIMARY_VERIFIED,BASIC_LIQUID,2026,40,3,0.014358381785,0.0225166600807,0.000270937991402,0.000126625939612,0.115151515152,129,191772,56.5891472868
PRIMARY_VERIFIED,BASIC_LIQUID,2021,40,5,-0.0183207212049,-0.0159804498934,0.00508462025676,0.0050345373179,0.987878787879,248,242915,43.9516129032
PRIMARY_VERIFIED,BASIC_LIQUID,2022,40,5,-0.0193131601191,-0.004757819685,0.00216289965841,0.00212979764825,0.224242424242,248,262630,48.3870967742
PRIMARY_VERIFIED,BASIC_LIQUID,2023,40,5,-0.0146374448276,-0.00573604839075,-0.000102331228896,-1.48231586947e-05,0.478787878788,245,281895,46.9387755102
PRIMARY_VERIFIED,BASIC_LIQUID,2024,40,5,-0.00776974782511,-0.00255610612931,0.00250252228928,0.00264923787976,0.551515151515,248,337491,49.5967741935
PRIMARY_VERIFIED,BASIC_LIQUID,2025,40,5,-0.00240611473824,-0.0105727021945,-0.00243104249351,-0.00237058537217,-0.236363636364,248,338096,47.9838709677
PRIMARY_VERIFIED,BASIC_LIQUID,2026,40,5,0.0175798517825,0.0287116959898,0.000634098498587,0.00042606068927,0.0666666666667,127,188441,57.4803149606
PRIMARY_VERIFIED,BASIC_LIQUID,2021,40,10,-0.0093698181177,-0.00763498144635,0.0106436432121,0.0101727494013,1,248,241760,46.3709677419
PRIMARY_VERIFIED,BASIC_LIQUID,2022,40,10,-0.0084898718711,0.00544865341968,0.00670800782545,0.00665930028748,0.636363636364,248,261734,52.0161290323
PRIMARY_VERIFIED,BASIC_LIQUID,2023,40,10,-0.0122345925831,-0.00206969249176,0.000999782565168,0.000992820034506,0.587878787879,245,280560,48.5714285714
PRIMARY_VERIFIED,BASIC_LIQUID,2024,40,10,-0.0031491359448,0.00250205040036,0.00527103120586,0.00559337070159,0.624242424242,248,335291,51.2096774194
PRIMARY_VERIFIED,BASIC_LIQUID,2025,40,10,0.00355967277066,-0.0159540539264,-0.00267948608102,-0.00284075800032,0.212121212121,248,336619,42.3387096774
PRIMARY_VERIFIED,BASIC_LIQUID,2026,40,10,0.0199664462892,0.0218041943508,0.00319084761306,0.00293022002035,0.248484848485,122,180179,59.8360655738
PRIMARY_VERIFIED,BASIC_LIQUID,2021,40,20,-0.0010023165218,0.00238209428803,0.0194565015435,0.019241848451,0.915151515152,248,239790,50.8064516129
PRIMARY_VERIFIED,BASIC_LIQUID,2022,40,20,0.0042529404842,0.0154023654329,0.012710293406,0.0134147209975,0.951515151515,248,260072,58.064516129
PRIMARY_VERIFIED,BASIC_LIQUID,2023,40,20,-0.0101031557705,-0.00809070178818,0.00146537370862,0.00138422045646,0.490909090909,245,278156,46.5306122449
PRIMARY_VERIFIED,BASIC_LIQUID,2024,40,20,0.00637259262092,0.0116260389233,0.00911407349854,0.0102592459329,0.963636363636,248,331424,55.6451612903
PRIMARY_VERIFIED,BASIC_LIQUID,2025,40,20,0.00293790456089,-0.0176700632774,-0.00277718634619,-0.00333512714281,0.321212121212,248,333860,44.7580645161
PRIMARY_VERIFIED,BASIC_LIQUID,2026,40,20,0.024935241453,0.0381326495143,0.00673127844858,0.00704516116913,0.236363636364,112,164039,58.9285714286
PRIMARY_VERIFIED,BASIC_LIQUID,2021,60,1,-0.0282128498582,-0.0203378566134,0.00110769727533,0.00108262266017,0.890909090909,248,241325,39.9193548387
PRIMARY_VERIFIED,BASIC_LIQUID,2022,60,1,-0.0152501443814,-0.0113067081954,0.000215629743126,0.000236804928155,0.442424242424,248,260287,45.1612903226
PRIMARY_VERIFIED,BASIC_LIQUID,2023,60,1,-0.0179946165449,-0.0131854711239,0.000277373809379,0.00028139711864,0.636363636364,245,280207,44.0816326531
PRIMARY_VERIFIED,BASIC_LIQUID,2024,60,1,-0.0112058892077,-0.0118716467169,0.000420901031099,0.000413620979163,0.539393939394,248,333723,44.7580645161
PRIMARY_VERIFIED,BASIC_LIQUID,2025,60,1,-0.00650788839183,-0.00128727138655,-0.000674126994345,-0.00066519914927,-0.866666666667,248,333905,49.5967741935
PRIMARY_VERIFIED,BASIC_LIQUID,2026,60,1,0.0161771579753,0.027008990492,0.000224757653511,0.000183849793552,0.50303030303,131,193272,54.9618320611
PRIMARY_VERIFIED,BASIC_LIQUID,2021,60,2,-0.0228716850641,-0.0215689144461,0.00214793038929,0.00206788591706,0.939393939394,248,241078,39.5161290323
PRIMARY_VERIFIED,BASIC_LIQUID,2022,60,2,-0.010623261426,-0.00428669836379,0.00048366455688,0.000533937696574,0.636363636364,248,260091,49.1935483871
PRIMARY_VERIFIED,BASIC_LIQUID,2023,60,2,-0.0128721372577,-0.0120709801083,0.000425703942332,0.000449786052277,0.624242424242,245,279885,45.7142857143
PRIMARY_VERIFIED,BASIC_LIQUID,2024,60,2,-0.0052085300217,-0.00471419694502,0.000874733008369,0.000879498506175,0.709090909091,248,333246,47.5806451613
PRIMARY_VERIFIED,BASIC_LIQUID,2025,60,2,-0.00679063895707,-0.00265842768888,-0.00128773431303,-0.00124618436428,-0.660606060606,248,333567,48.7903225806
PRIMARY_VERIFIED,BASIC_LIQUID,2026,60,2,0.0185746373639,0.0229366433932,0.000409120606933,0.000326100754869,0.29696969697,130,191576,56.1538461538
PRIMARY_VERIFIED,BASIC_LIQUID,2021,60,3,-0.0192874318074,-0.019114397425,0.00335803173657,0.00321862987679,0.939393939394,248,240831,43.5483870968
PRIMARY_VERIFIED,BASIC_LIQUID,2022,60,3,-0.00794068903462,0.00917123388287,0.00117173314847,0.00125297998065,0.721212121212,248,259902,53.2258064516
PRIMARY_VERIFIED,BASIC_LIQUID,2023,60,3,-0.0100156802072,-0.0126208943337,0.000646995898155,0.00069835854905,0.684848484848,245,279575,44.4897959184
PRIMARY_VERIFIED,BASIC_LIQUID,2024,60,3,-0.0020545249619,0.00383363400079,0.00170097784649,0.00172700658177,0.781818181818,248,332777,51.2096774194
PRIMARY_VERIFIED,BASIC_LIQUID,2025,60,3,-0.00720349269671,0.00329826865451,-0.00158280145225,-0.00150153055385,-0.709090909091,248,333238,51.6129032258
PRIMARY_VERIFIED,BASIC_LIQUID,2026,60,3,0.0239261833319,0.0414472265993,0.000994888710365,0.00086036508066,0.418181818182,129,189915,62.7906976744
PRIMARY_VERIFIED,BASIC_LIQUID,2021,60,5,-0.0121826313229,-0.0137120860269,0.00684218125148,0.0066050248692,0.963636363636,248,240368,45.564516129
PRIMARY_VERIFIED,BASIC_LIQUID,2022,60,5,-0.00347510422801,0.00562667625935,0.00322747715676,0.00338573105818,0.90303030303,248,259533,52.8225806452
PRIMARY_VERIFIED,BASIC_LIQUID,2023,60,5,-0.00697633100335,0.00269228285298,0.00126669412332,0.00131740482889,0.69696969697,245,278996,51.4285714286
PRIMARY_VERIFIED,BASIC_LIQUID,2024,60,5,0.00188480745188,0.0033588093112,0.00299960917162,0.00304381504472,0.866666666667,248,331900,53.6290322581
PRIMARY_VERIFIED,BASIC_LIQUID,2025,60,5,-0.00908819895332,-0.00563692641861,-0.00244228314006,-0.00235908769424,-0.672727272727,248,332621,48.7903225806
PRIMARY_VERIFIED,BASIC_LIQUID,2026,60,5,0.0286713172545,0.0343636342644,0.0024711447723,0.00226188377053,0.50303030303,127,186620,55.905511811
PRIMARY_VERIFIED,BASIC_LIQUID,2021,60,10,0.00121033238752,-0.00453285737605,0.0134881358173,0.0127898213147,0.951515151515,248,239288,47.5806451613
PRIMARY_VERIFIED,BASIC_LIQUID,2022,60,10,0.011327476323,0.0227834027726,0.00907625596164,0.00935349922891,0.987878787879,248,258670,56.0483870968
PRIMARY_VERIFIED,BASIC_LIQUID,2023,60,10,-0.000283982231241,0.0115477871278,0.00354839738629,0.00354866817734,0.721212121212,245,277702,54.2857142857
PRIMARY_VERIFIED,BASIC_LIQUID,2024,60,10,0.00781821164844,0.0189998099915,0.00619359722743,0.00633456403358,0.951515151515,248,329850,56.0483870968
PRIMARY_VERIFIED,BASIC_LIQUID,2025,60,10,-0.00960602362713,-0.0126668809548,-0.00274004269063,-0.00294985041094,-0.357575757576,248,331237,45.1612903226
PRIMARY_VERIFIED,BASIC_LIQUID,2026,60,10,0.0251360263356,0.0321044610357,0.00441176623807,0.00412023142053,0.406060606061,122,178466,59.0163934426
PRIMARY_VERIFIED,BASIC_LIQUID,2021,60,20,0.0181486431373,0.0123040283564,0.0241431114181,0.0230586474457,0.963636363636,248,237388,56.4516129032
PRIMARY_VERIFIED,BASIC_LIQUID,2022,60,20,0.0303391815635,0.0366584941219,0.0168199285142,0.0179881361489,0.963636363636,248,257058,67.7419354839
PRIMARY_VERIFIED,BASIC_LIQUID,2023,60,20,0.0137212958419,0.0123235786335,0.0084461990602,0.00831149123639,0.890909090909,245,275365,55.5102040816
PRIMARY_VERIFIED,BASIC_LIQUID,2024,60,20,0.0124125735828,0.0163343447834,0.00798759352323,0.00869252868738,0.975757575758,248,326190,55.6451612903
PRIMARY_VERIFIED,BASIC_LIQUID,2025,60,20,-0.0126480206449,-0.0269853684183,-0.0011308278041,-0.00166627580491,-0.224242424242,248,328607,40.3225806452
PRIMARY_VERIFIED,BASIC_LIQUID,2026,60,20,0.0218277678078,0.0431238607108,0.00237546891054,0.00274660990367,0.345454545455,112,162518,66.9642857143
BROAD_SENSITIVITY,BASIC_LIQUID,2021,5,1,-0.0394718960996,-0.0353624540522,0.000371661529018,0.000340476321421,-0.224242424242,248,247421,32.6612903226
BROAD_SENSITIVITY,BASIC_LIQUID,2022,5,1,-0.0435652463332,-0.0367983219608,-0.00192439645867,-0.00191760986825,-0.975757575758,248,267824,36.2903225806
BROAD_SENSITIVITY,BASIC_LIQUID,2023,5,1,-0.0390838790314,-0.0337762360343,-0.000602300819915,-0.000559685827278,-0.721212121212,245,287732,24.0816326531
BROAD_SENSITIVITY,BASIC_LIQUID,2024,5,1,-0.0437820029913,-0.0407469194689,-0.00155882750498,-0.00152886961364,-0.951515151515,248,347299,30.2419354839
BROAD_SENSITIVITY,BASIC_LIQUID,2025,5,1,-0.0335668633983,-0.0258743492904,-0.00136062672635,-0.00134042793798,-0.975757575758,248,346942,37.5
BROAD_SENSITIVITY,BASIC_LIQUID,2026,5,1,-0.0159456698969,-0.0124070351355,-0.000189221396828,-0.000189238607594,-0.381818181818,171,260023,45.6140350877
BROAD_SENSITIVITY,BASIC_LIQUID,2021,5,2,-0.0512765113609,-0.0502194936828,-0.000683651176808,-0.000765305367641,-0.50303030303,248,247144,27.0161290323
BROAD_SENSITIVITY,BASIC_LIQUID,2022,5,2,-0.0558815432076,-0.0455351277071,-0.00410599872016,-0.00409799125611,-0.987878787879,248,267608,26.6129032258
BROAD_SENSITIVITY,BASIC_LIQUID,2023,5,2,-0.0473793643073,-0.041702504312,-0.00143920395911,-0.00134299171094,-0.721212121212,245,287385,24.4897959184
BROAD_SENSITIVITY,BASIC_LIQUID,2024,5,2,-0.0492344117631,-0.0426690128493,-0.00237091534289,-0.00230120024503,-0.951515151515,248,346722,31.4516129032
BROAD_SENSITIVITY,BASIC_LIQUID,2025,5,2,-0.0424574765678,-0.0323108340092,-0.00270133645081,-0.00265093139239,-0.987878787879,248,346557,35.8870967742
BROAD_SENSITIVITY,BASIC_LIQUID,2026,5,2,-0.0195226955257,-0.0149667192079,-0.00108864702197,-0.00110012481978,-0.69696969697,170,258236,44.7058823529
BROAD_SENSITIVITY,BASIC_LIQUID,2021,5,3,-0.051865621013,-0.0594161282233,-0.000697717772513,-0.000800771991367,-0.69696969697,248,246870,26.6129032258
BROAD_SENSITIVITY,BASIC_LIQUID,2022,5,3,-0.0623139030686,-0.0592083785843,-0.00583030778031,-0.00581350314759,-0.987878787879,248,267399,24.5967741935
BROAD_SENSITIVITY,BASIC_LIQUID,2023,5,3,-0.046895556662,-0.0435850646684,-0.00169112132013,-0.00153485331815,-0.721212121212,245,287051,26.1224489796
BROAD_SENSITIVITY,BASIC_LIQUID,2024,5,3,-0.0477851614466,-0.0337373084878,-0.00268423415947,-0.00258487290192,-0.927272727273,248,346154,31.4516129032
BROAD_SENSITIVITY,BASIC_LIQUID,2025,5,3,-0.0456414854157,-0.0225025905447,-0.00368928187662,-0.00362066427224,-0.987878787879,248,346183,37.0967741935
BROAD_SENSITIVITY,BASIC_LIQUID,2026,5,3,-0.0154747599279,-0.00942044955154,-0.000969682572208,-0.000997906377162,-0.490909090909,169,256453,43.1952662722
BROAD_SENSITIVITY,BASIC_LIQUID,2021,5,5,-0.0435812765302,-0.0444162965756,0.000365989537861,0.000158065831667,-0.309090909091,248,246352,30.2419354839
BROAD_SENSITIVITY,BASIC_LIQUID,2022,5,5,-0.059647089305,-0.0453485471194,-0.00658573029065,-0.00650838696251,-0.975757575758,248,266999,29.8387096774
BROAD_SENSITIVITY,BASIC_LIQUID,2023,5,5,-0.0434786441796,-0.0379820038752,-0.00175718103355,-0.00160660872218,-0.69696969697,245,286426,30.2040816327
BROAD_SENSITIVITY,BASIC_LIQUID,2024,5,5,-0.0496339371342,-0.0387454607666,-0.00400207330765,-0.003854799604,-0.939393939394,248,345106,31.8548387097
BROAD_SENSITIVITY,BASIC_LIQUID,2025,5,5,-0.0439149839972,-0.0376082764777,-0.00484027257599,-0.00480403528809,-0.975757575758,248,345474,34.6774193548
BROAD_SENSITIVITY,BASIC_LIQUID,2026,5,5,-0.0109807286353,-0.0146591726195,-0.000802042326232,-0.000873436258155,-0.236363636364,167,252934,42.5149700599
BROAD_SENSITIVITY,BASIC_LIQUID,2021,5,10,-0.0254016349439,-0.0284802752589,0.00409094953789,0.00363865437109,0.854545454545,248,245150,36.2903225806
BROAD_SENSITIVITY,BASIC_LIQUID,2022,5,10,-0.0377214600224,-0.0204778337001,-0.0047334965554,-0.00471662200171,-0.939393939394,248,266082,39.9193548387
BROAD_SENSITIVITY,BASIC_LIQUID,2023,5,10,-0.0283465550119,-0.0124046313459,-0.000950879906053,-0.000934447778496,-0.624242424242,245,285041,42.0408163265
BROAD_SENSITIVITY,BASIC_LIQUID,2024,5,10,-0.0384581949534,-0.0329842844865,-0.00362390082934,-0.00333319915073,-0.927272727273,248,342683,36.2903225806
BROAD_SENSITIVITY,BASIC_LIQUID,2025,5,10,-0.0211086898813,-0.0186655353063,-0.00241417559001,-0.00251348264269,-0.927272727273,248,343904,39.1129032258
BROAD_SENSITIVITY,BASIC_LIQUID,2026,5,10,-0.0133419399173,-0.000403085505218,-0.000859565024634,-0.000995732232354,-0.587878787879,162,244258,50
BROAD_SENSITIVITY,BASIC_LIQUID,2021,5,20,-0.00411020017465,-0.00608609442229,0.00848552026269,0.00813478238637,0.878787878788,248,243131,46.3709677419
BROAD_SENSITIVITY,BASIC_LIQUID,2022,5,20,-0.0224693730582,-0.0121321853967,-0.000738546244416,-0.000136254614137,-0.684848484848,248,264387,43.9516129032
BROAD_SENSITIVITY,BASIC_LIQUID,2023,5,20,-0.0176852870652,-0.00788716006101,-0.00195829950557,-0.00213740018937,-0.466666666667,245,282585,43.6734693878
BROAD_SENSITIVITY,BASIC_LIQUID,2024,5,20,-0.0102119314083,-0.00276881621301,-0.000614981820375,0.000237678439784,0.551515151515,248,338511,47.9838709677
BROAD_SENSITIVITY,BASIC_LIQUID,2025,5,20,-0.00595599689237,-0.0043208503256,0.000857619314675,0.000667540219055,0.175757575758,248,341003,45.1612903226
BROAD_SENSITIVITY,BASIC_LIQUID,2026,5,20,-0.0253498571657,-0.0215224480149,-0.00694890956963,-0.00711831070519,-0.769696969697,152,227156,38.8157894737
BROAD_SENSITIVITY,BASIC_LIQUID,2021,10,1,-0.039085293942,-0.0294795696498,0.000376452409118,0.000356185696504,0.0787878787879,248,247183,35.0806451613
BROAD_SENSITIVITY,BASIC_LIQUID,2022,10,1,-0.0399378486841,-0.0290952441826,-0.00125333834274,-0.00122225522416,-0.915151515152,248,267380,38.7096774194
BROAD_SENSITIVITY,BASIC_LIQUID,2023,10,1,-0.0308499632918,-0.0316243823372,-0.000702359637644,-0.000681129285715,-0.0787878787879,245,287396,33.4693877551
BROAD_SENSITIVITY,BASIC_LIQUID,2024,10,1,-0.0440767728683,-0.0447684554731,-0.00121917231458,-0.00119701720013,-0.709090909091,248,346816,32.6612903226
BROAD_SENSITIVITY,BASIC_LIQUID,2025,10,1,-0.0172689024958,-0.0114591806401,-0.000827509311994,-0.000814467335702,-0.939393939394,248,346441,46.7741935484
BROAD_SENSITIVITY,BASIC_LIQUID,2026,10,1,-0.0103736807631,-0.000219454782503,-1.1313186229e-05,-3.99382746843e-06,-0.272727272727,171,259818,49.7076023392
BROAD_SENSITIVITY,BASIC_LIQUID,2021,10,2,-0.043726198838,-0.0438374258804,0.00054952118935,0.000469227355576,0.10303030303,248,246906,31.0483870968
BROAD_SENSITIVITY,BASIC_LIQUID,2022,10,2,-0.0449628961604,-0.040587409631,-0.00209868088041,-0.00205250636346,-0.951515151515,248,267165,32.6612903226
BROAD_SENSITIVITY,BASIC_LIQUID,2023,10,2,-0.0336561105217,-0.0335739870497,-0.00102790404874,-0.000960200150621,-0.515151515152,245,287050,30.2040816327
BROAD_SENSITIVITY,BASIC_LIQUID,2024,10,2,-0.0483990862028,-0.0394846822054,-0.00216578111782,-0.0021180182865,-0.975757575758,248,346240,31.4516129032
BROAD_SENSITIVITY,BASIC_LIQUID,2025,10,2,-0.0177331357277,-0.00847723257403,-0.00143208546663,-0.00140703263224,-0.90303030303,248,346056,47.9838709677
BROAD_SENSITIVITY,BASIC_LIQUID,2026,10,2,-0.0138049776449,-0.00496901881101,-0.000351232921755,-0.000352626056776,-0.466666666667,170,258031,46.4705882353
BROAD_SENSITIVITY,BASIC_LIQUID,2021,10,3,-0.0413881068929,-0.0414596136285,0.00129855903636,0.0011961342706,0.248484848485,248,246632,31.4516129032
BROAD_SENSITIVITY,BASIC_LIQUID,2022,10,3,-0.0445835701467,-0.0308034696316,-0.00230941879526,-0.00224652872316,-0.975757575758,248,266957,33.8709677419
BROAD_SENSITIVITY,BASIC_LIQUID,2023,10,3,-0.0317788319772,-0.0328904886788,-0.000753376436949,-0.000634423593834,-0.539393939394,245,286717,30.2040816327
BROAD_SENSITIVITY,BASIC_LIQUID,2024,10,3,-0.0469159119374,-0.038807966276,-0.00201213839353,-0.00191340909774,-0.818181818182,248,345673,33.8709677419
BROAD_SENSITIVITY,BASIC_LIQUID,2025,10,3,-0.0170030761579,-0.00661763842125,-0.00155888041595,-0.00151636942591,-0.890909090909,248,345682,47.9838709677
BROAD_SENSITIVITY,BASIC_LIQUID,2026,10,3,-0.0110126967195,0.00617357343635,0.000487320924386,0.000461676831233,-0.248484848485,169,256248,54.4378698225
BROAD_SENSITIVITY,BASIC_LIQUID,2021,10,5,-0.0331672447451,-0.0380132288528,0.00418491555614,0.0039947041426,0.6,248,246114,37.5
BROAD_SENSITIVITY,BASIC_LIQUID,2022,10,5,-0.0418661005465,-0.0275937315177,-0.00203045353832,-0.00189766448956,-0.866666666667,248,266557,37.5
BROAD_SENSITIVITY,BASIC_LIQUID,2023,10,5,-0.0279082940262,-0.0216353738587,-0.000286029713363,-0.000201529569085,-0.442424242424,245,286095,37.1428571429
BROAD_SENSITIVITY,BASIC_LIQUID,2024,10,5,-0.0438975052359,-0.0317614735476,-0.00175649907086,-0.00156431208921,-0.721212121212,248,344626,31.4516129032
BROAD_SENSITIVITY,BASIC_LIQUID,2025,10,5,-0.017548474741,-0.0148501148251,-0.00212884551456,-0.00210281466257,-0.818181818182,248,344973,42.7419354839
BROAD_SENSITIVITY,BASIC_LIQUID,2026,10,5,-0.0100798190399,0.00338822906576,0.0012391635397,0.001173244128,-0.333333333333,167,252729,51.497005988
BROAD_SENSITIVITY,BASIC_LIQUID,2021,10,10,-0.0147906315017,-0.0150639358192,0.00988780001244,0.00942871059931,0.975757575758,248,244912,41.935483871
BROAD_SENSITIVITY,BASIC_LIQUID,2022,10,10,-0.0275186957295,-0.0108989093754,0.00102626055861,0.00119341960041,-0.393939393939,248,265640,44.3548387097
BROAD_SENSITIVITY,BASIC_LIQUID,2023,10,10,-0.018897821101,-0.0105336685779,0.000398714427087,0.000219580992757,-0.29696969697,245,284714,42.0408163265
BROAD_SENSITIVITY,BASIC_LIQUID,2024,10,10,-0.0253353611851,-0.0131768558831,0.000138255292997,0.00052521854328,0.369696969697,248,342207,45.1612903226
BROAD_SENSITIVITY,BASIC_LIQUID,2025,10,10,-0.000709985843369,-0.00217757581959,-0.000609616978261,-0.000698848454161,0.369696969697,248,343403,48.7903225806
BROAD_SENSITIVITY,BASIC_LIQUID,2026,10,10,-0.0131227360959,0.00844646544589,0.00154689208977,0.00144468962516,-0.442424242424,162,244053,54.3209876543
BROAD_SENSITIVITY,BASIC_LIQUID,2021,10,20,0.0086042449986,0.0126149736576,0.0169190218323,0.0168500629753,0.975757575758,248,242893,55.6451612903
BROAD_SENSITIVITY,BASIC_LIQUID,2022,10,20,-0.00770020024291,0.00635308211944,0.0070685787371,0.00778786901463,0.369696969697,248,263946,51.2096774194
BROAD_SENSITIVITY,BASIC_LIQUID,2023,10,20,-0.0147658764877,-0.00072252968698,0.000287027714519,-7.49646329207e-06,-0.175757575758,245,282263,49.7959183673
BROAD_SENSITIVITY,BASIC_LIQUID,2024,10,20,-0.0077661110328,0.000517822864898,0.00216262564998,0.00343294982236,0.890909090909,248,338042,50.8064516129
BROAD_SENSITIVITY,BASIC_LIQUID,2025,10,20,0.00960904902282,0.00763956916212,0.00272183334859,0.00231832015107,0.806060606061,248,340502,52.4193548387
BROAD_SENSITIVITY,BASIC_LIQUID,2026,10,20,-0.0338098615734,-0.0292972327004,-0.00601274346435,-0.00594429012153,-0.818181818182,152,226951,39.4736842105
BROAD_SENSITIVITY,BASIC_LIQUID,2021,20,1,-0.0322885413403,-0.0291738409519,0.000746309988458,0.0007572611108,0.806060606061,248,246622,36.6935483871
BROAD_SENSITIVITY,BASIC_LIQUID,2022,20,1,-0.0340890040127,-0.024844783488,-0.000747649458925,-0.000716418721366,-0.927272727273,248,266464,40.3225806452
BROAD_SENSITIVITY,BASIC_LIQUID,2023,20,1,-0.0246944584114,-0.0263285682596,-0.00024307377502,-0.000229040532234,0.00606060606061,245,286594,38.7755102041
BROAD_SENSITIVITY,BASIC_LIQUID,2024,20,1,-0.0253643592983,-0.0200451519332,-0.000223577902954,-0.000212744065348,0.175757575758,248,345621,38.3064516129
BROAD_SENSITIVITY,BASIC_LIQUID,2025,20,1,-0.00681290485155,0.000527743011593,-0.00053603140948,-0.000531882169025,-0.527272727273,248,345248,50
BROAD_SENSITIVITY,BASIC_LIQUID,2026,20,1,-0.0110796806169,-0.00308478604471,-0.000234576149089,-0.00022726387165,-0.29696969697,171,259291,49.7076023392
BROAD_SENSITIVITY,BASIC_LIQUID,2021,20,2,-0.0293777365551,-0.0277414351007,0.000985274650633,0.000972826513566,0.830303030303,248,246349,40.7258064516
BROAD_SENSITIVITY,BASIC_LIQUID,2022,20,2,-0.0345592684002,-0.0253294035035,-0.00115007699513,-0.00109851671615,-0.975757575758,248,266249,37.5
BROAD_SENSITIVITY,BASIC_LIQUID,2023,20,2,-0.0239449684375,-0.0209954575948,-0.000460802742406,-0.000434153882713,-0.0545454545455,245,286250,36.3265306122
BROAD_SENSITIVITY,BASIC_LIQUID,2024,20,2,-0.0217236101716,-0.0135307131669,0.000130732421617,0.000171988487751,0.369696969697,248,345048,41.1290322581
BROAD_SENSITIVITY,BASIC_LIQUID,2025,20,2,-0.00749443846873,-0.00186975206724,-0.000595659135735,-0.000578393182875,-0.563636363636,248,344865,49.1935483871
BROAD_SENSITIVITY,BASIC_LIQUID,2026,20,2,-0.01435507865,-0.0112004313597,-0.000845260167479,-0.000827098269312,-0.369696969697,170,257506,45.8823529412
BROAD_SENSITIVITY,BASIC_LIQUID,2021,20,3,-0.0251585001996,-0.0201218478815,0.00184243989372,0.00183856142304,0.915151515152,248,246076,39.1129032258
BROAD_SENSITIVITY,BASIC_LIQUID,2022,20,3,-0.0332618839339,-0.0219433707772,-0.000915333958535,-0.000842088999212,-0.842424242424,248,266042,39.9193548387
BROAD_SENSITIVITY,BASIC_LIQUID,2023,20,3,-0.0225025866687,-0.0204815985884,-0.000286162247373,-0.000232442292626,0.187878787879,245,285919,38.7755102041
BROAD_SENSITIVITY,BASIC_LIQUID,2024,20,3,-0.0180323539758,-0.00906092650194,0.00100812169874,0.00108033020034,0.551515151515,248,344488,43.5483870968
BROAD_SENSITIVITY,BASIC_LIQUID,2025,20,3,-0.00606231146154,-0.00881286809277,-0.000354378660174,-0.000324338733615,-0.393939393939,248,344492,47.1774193548
BROAD_SENSITIVITY,BASIC_LIQUID,2026,20,3,-0.0126234578145,-0.00390348130076,-0.000961178141039,-0.000955771761001,-0.236363636364,169,255723,47.3372781065
BROAD_SENSITIVITY,BASIC_LIQUID,2021,20,5,-0.0136178595563,-0.00849431151267,0.00453626825153,0.0044624243388,0.987878787879,248,245559,44.7580645161
BROAD_SENSITIVITY,BASIC_LIQUID,2022,20,5,-0.0300547094092,-0.0174008774198,0.000741084040966,0.000900615307733,-0.29696969697,248,265643,42.7419354839
BROAD_SENSITIVITY,BASIC_LIQUID,2023,20,5,-0.0198961909485,-0.0154817136415,-3.4707357616e-05,6.19596419228e-06,0.272727272727,245,285302,41.2244897959
BROAD_SENSITIVITY,BASIC_LIQUID,2024,20,5,-0.0131638998089,-0.00563202433595,0.00233635350423,0.00246382696054,0.660606060606,248,343448,47.1774193548
BROAD_SENSITIVITY,BASIC_LIQUID,2025,20,5,-0.00680919246047,-0.0167155530771,-0.000568776681597,-0.000556955140791,-0.309090909091,248,343789,44.7580645161
BROAD_SENSITIVITY,BASIC_LIQUID,2026,20,5,-0.0132570029013,0.000898062636402,-0.00130317934595,-0.00132534980512,-0.393939393939,167,252216,50.8982035928
BROAD_SENSITIVITY,BASIC_LIQUID,2021,20,10,0.00551492556238,0.0110524859494,0.0118342087786,0.011328425267,0.987878787879,248,244362,55.2419354839
BROAD_SENSITIVITY,BASIC_LIQUID,2022,20,10,-0.013217094308,-0.00272615827964,0.00560545422536,0.00582481780089,0.527272727273,248,264732,48.7903225806
BROAD_SENSITIVITY,BASIC_LIQUID,2023,20,10,-0.0161945025973,-0.012496503666,0.000548145457064,0.000354480685479,0.393939393939,245,283930,44.4897959184
BROAD_SENSITIVITY,BASIC_LIQUID,2024,20,10,-0.00658227971222,0.00734620547108,0.00478498657138,0.00514587276823,0.963636363636,248,341046,53.6290322581
BROAD_SENSITIVITY,BASIC_LIQUID,2025,20,10,0.00491224407178,-0.0129616382185,0.00130256035024,0.00113574627043,0.648484848485,248,342225,46.3709677419
BROAD_SENSITIVITY,BASIC_LIQUID,2026,20,10,-0.0225405262397,-0.00617959876716,-0.00356890602521,-0.00355622851768,-0.672727272727,162,243546,48.1481481481
BROAD_SENSITIVITY,BASIC_LIQUID,2021,20,20,0.00572842606837,0.00907666133856,0.0197482031858,0.0198642430248,0.951515151515,248,242347,57.2580645161
BROAD_SENSITIVITY,BASIC_LIQUID,2022,20,20,-0.00392472818762,0.00668215077803,0.0127182999378,0.0134330941046,0.6,248,263054,52.4193548387
BROAD_SENSITIVITY,BASIC_LIQUID,2023,20,20,-0.0115182889327,0.00819276976048,0.000650230458398,6.70034175054e-05,0.369696969697,245,281485,53.0612244898
BROAD_SENSITIVITY,BASIC_LIQUID,2024,20,20,-0.00334191972637,0.0100255135872,0.00846149284417,0.0101434749884,0.987878787879,248,336912,53.6290322581
BROAD_SENSITIVITY,BASIC_LIQUID,2025,20,20,0.0160501486028,0.00750904094475,0.00311687677432,0.00262550197866,0.890909090909,248,339332,51.6129032258
BROAD_SENSITIVITY,BASIC_LIQUID,2026,20,20,-0.0305859179795,-0.0350175964671,-0.00671545394131,-0.00642333352537,-0.636363636364,152,226456,37.5
BROAD_SENSITIVITY,BASIC_LIQUID,2021,40,1,-0.0308240693097,-0.024025690461,0.00062426517623,0.000644280931564,0.818181818182,248,243940,39.9193548387
BROAD_SENSITIVITY,BASIC_LIQUID,2022,40,1,-0.0247124111349,-0.0134488529389,8.14889765763e-06,6.99721957627e-06,0.0181818181818,248,263413,43.5483870968
BROAD_SENSITIVITY,BASIC_LIQUID,2023,40,1,-0.0225142802618,-0.0194185849695,-0.000220654904227,-0.000207551540158,0.345454545455,245,283136,42.4489795918
BROAD_SENSITIVITY,BASIC_LIQUID,2024,40,1,-0.0194698012791,-0.0168576700054,0.000213051995957,0.000225401589377,0.357575757576,248,339486,39.1129032258
BROAD_SENSITIVITY,BASIC_LIQUID,2025,40,1,-0.00563551872205,0.00133945566954,-0.000831609341734,-0.000828336874383,-0.660606060606,248,339469,50
BROAD_SENSITIVITY,BASIC_LIQUID,2026,40,1,0.00526864579788,0.00620626197647,0.000358819967919,0.000333237275016,0.236363636364,171,256902,51.4619883041
BROAD_SENSITIVITY,BASIC_LIQUID,2021,40,2,-0.0274819577006,-0.0216042151673,0.00141242730583,0.00143096468873,0.878787878788,248,243677,42.3387096774
BROAD_SENSITIVITY,BASIC_LIQUID,2022,40,2,-0.0218397061769,-0.012102503772,6.66920674123e-05,5.56276735479e-05,0.0666666666667,248,263209,46.7741935484
BROAD_SENSITIVITY,BASIC_LIQUID,2023,40,2,-0.0198870425297,-0.0153299658272,-0.000535481418299,-0.000514476765029,0.260606060606,245,282806,44.8979591837
BROAD_SENSITIVITY,BASIC_LIQUID,2024,40,2,-0.0145820004331,-0.00695620286391,0.000371812406201,0.00040765001426,0.418181818182,248,338963,46.7741935484
BROAD_SENSITIVITY,BASIC_LIQUID,2025,40,2,-0.00563967819681,-0.00367367328965,-0.00142820735704,-0.00141159729502,-0.575757575758,248,339108,48.3870967742
BROAD_SENSITIVITY,BASIC_LIQUID,2026,40,2,0.00791695279522,0.00790013366772,0.000499385136265,0.000431829667566,0.321212121212,170,255149,53.5294117647
BROAD_SENSITIVITY,BASIC_LIQUID,2021,40,3,-0.0249311831521,-0.0213297837712,0.00236411553112,0.00237722066787,0.987878787879,248,243413,39.1129032258
BROAD_SENSITIVITY,BASIC_LIQUID,2022,40,3,-0.0212075983903,-0.00168120525748,0.000422410288595,0.000389632666017,0.0787878787879,248,263012,49.5967741935
BROAD_SENSITIVITY,BASIC_LIQUID,2023,40,3,-0.0176666910417,-0.0156066101305,-0.000519491868972,-0.000480268640984,0.454545454545,245,282489,42.8571428571
BROAD_SENSITIVITY,BASIC_LIQUID,2024,40,3,-0.0106993989051,-0.0127144369727,0.00120897035956,0.00128448394912,0.551515151515,248,338447,43.5483870968
BROAD_SENSITIVITY,BASIC_LIQUID,2025,40,3,-0.00363506042428,-0.00193852515305,-0.00165645519205,-0.00160315120973,-0.393939393939,248,338758,49.5967741935
BROAD_SENSITIVITY,BASIC_LIQUID,2026,40,3,0.0127281527542,0.0100080775559,0.00102836507578,0.000935167508281,0.345454545455,169,253398,56.2130177515
BROAD_SENSITIVITY,BASIC_LIQUID,2021,40,5,-0.0183207212049,-0.0159804498934,0.00508462025676,0.0050345373179,0.987878787879,248,242915,43.9516129032
BROAD_SENSITIVITY,BASIC_LIQUID,2022,40,5,-0.0193131601191,-0.004757819685,0.00216289965841,0.00212979764825,0.224242424242,248,262630,48.3870967742
BROAD_SENSITIVITY,BASIC_LIQUID,2023,40,5,-0.0146374448276,-0.00573604839075,-0.000102331228896,-1.48231586947e-05,0.478787878788,245,281895,46.9387755102
BROAD_SENSITIVITY,BASIC_LIQUID,2024,40,5,-0.00776974782511,-0.00255610612931,0.00250252228928,0.00264923787976,0.551515151515,248,337491,49.5967741935
BROAD_SENSITIVITY,BASIC_LIQUID,2025,40,5,-0.00240611473824,-0.0105727021945,-0.00243104249351,-0.00237058537217,-0.236363636364,248,338096,47.9838709677
BROAD_SENSITIVITY,BASIC_LIQUID,2026,40,5,0.0150255097787,0.0186853887329,0.00183806890596,0.00171063067453,0.357575757576,167,249942,55.6886227545
BROAD_SENSITIVITY,BASIC_LIQUID,2021,40,10,-0.0093698181177,-0.00763498144635,0.0106436432121,0.0101727494013,1,248,241760,46.3709677419
BROAD_SENSITIVITY,BASIC_LIQUID,2022,40,10,-0.0084898718711,0.00544865341968,0.00670800782545,0.00665930028748,0.636363636364,248,261734,52.0161290323
BROAD_SENSITIVITY,BASIC_LIQUID,2023,40,10,-0.0122345925831,-0.00206969249176,0.000999782565168,0.000992820034506,0.587878787879,245,280560,48.5714285714
BROAD_SENSITIVITY,BASIC_LIQUID,2024,40,10,-0.0031491359448,0.00250205040036,0.00527103120586,0.00559337070159,0.624242424242,248,335291,51.2096774194
BROAD_SENSITIVITY,BASIC_LIQUID,2025,40,10,0.00355967277066,-0.0159540539264,-0.00267948608102,-0.00284075800032,0.212121212121,248,336619,42.3387096774
BROAD_SENSITIVITY,BASIC_LIQUID,2026,40,10,0.0185039988735,0.0202873054826,0.0051212269529,0.00496427794992,0.430303030303,162,241357,60.4938271605
BROAD_SENSITIVITY,BASIC_LIQUID,2021,40,20,-0.0010023165218,0.00238209428803,0.0194565015435,0.019241848451,0.915151515152,248,239790,50.8064516129
BROAD_SENSITIVITY,BASIC_LIQUID,2022,40,20,0.0042529404842,0.0154023654329,0.012710293406,0.0134147209975,0.951515151515,248,260072,58.064516129
BROAD_SENSITIVITY,BASIC_LIQUID,2023,40,20,-0.0101031557705,-0.00809070178818,0.00146537370862,0.00138422045646,0.490909090909,245,278156,46.5306122449
BROAD_SENSITIVITY,BASIC_LIQUID,2024,40,20,0.00637259262092,0.0116260389233,0.00911407349854,0.0102592459329,0.963636363636,248,331424,55.6451612903
BROAD_SENSITIVITY,BASIC_LIQUID,2025,40,20,0.00293790456089,-0.0176700632774,-0.00277718634619,-0.00333512714281,0.321212121212,248,333860,44.7580645161
BROAD_SENSITIVITY,BASIC_LIQUID,2026,40,20,0.0221562951281,0.0265568975253,0.00856629737008,0.00880981290364,0.50303030303,152,224426,59.2105263158
BROAD_SENSITIVITY,BASIC_LIQUID,2021,60,1,-0.0282128498582,-0.0203378566134,0.00110769727533,0.00108262266017,0.890909090909,248,241325,39.9193548387
BROAD_SENSITIVITY,BASIC_LIQUID,2022,60,1,-0.0152501443814,-0.0113067081954,0.000215629743126,0.000236804928155,0.442424242424,248,260287,45.1612903226
BROAD_SENSITIVITY,BASIC_LIQUID,2023,60,1,-0.0179946165449,-0.0131854711239,0.000277373809379,0.00028139711864,0.636363636364,245,280207,44.0816326531
BROAD_SENSITIVITY,BASIC_LIQUID,2024,60,1,-0.0112058892077,-0.0118716467169,0.000420901031099,0.000413620979163,0.539393939394,248,333723,44.7580645161
BROAD_SENSITIVITY,BASIC_LIQUID,2025,60,1,-0.00650788839183,-0.00128727138655,-0.000674126994345,-0.00066519914927,-0.866666666667,248,333905,49.5967741935
BROAD_SENSITIVITY,BASIC_LIQUID,2026,60,1,0.0133751951752,0.0167028204467,0.000669902231235,0.000650477984958,0.527272727273,171,254503,55.5555555556
BROAD_SENSITIVITY,BASIC_LIQUID,2021,60,2,-0.0228716850641,-0.0215689144461,0.00214793038929,0.00206788591706,0.939393939394,248,241078,39.5161290323
BROAD_SENSITIVITY,BASIC_LIQUID,2022,60,2,-0.010623261426,-0.00428669836379,0.00048366455688,0.000533937696574,0.636363636364,248,260091,49.1935483871
BROAD_SENSITIVITY,BASIC_LIQUID,2023,60,2,-0.0128721372577,-0.0120709801083,0.000425703942332,0.000449786052277,0.624242424242,245,279885,45.7142857143
BROAD_SENSITIVITY,BASIC_LIQUID,2024,60,2,-0.0052085300217,-0.00471419694502,0.000874733008369,0.000879498506175,0.709090909091,248,333246,47.5806451613
BROAD_SENSITIVITY,BASIC_LIQUID,2025,60,2,-0.00679063895707,-0.00265842768888,-0.00128773431303,-0.00124618436428,-0.660606060606,248,333567,48.7903225806
BROAD_SENSITIVITY,BASIC_LIQUID,2026,60,2,0.0179119670997,0.0195990142273,0.00113189391124,0.00108512809111,0.575757575758,170,252770,55.8823529412
BROAD_SENSITIVITY,BASIC_LIQUID,2021,60,3,-0.0192874318074,-0.019114397425,0.00335803173657,0.00321862987679,0.939393939394,248,240831,43.5483870968
BROAD_SENSITIVITY,BASIC_LIQUID,2022,60,3,-0.00794068903462,0.00917123388287,0.00117173314847,0.00125297998065,0.721212121212,248,259902,53.2258064516
BROAD_SENSITIVITY,BASIC_LIQUID,2023,60,3,-0.0100156802072,-0.0126208943337,0.000646995898155,0.00069835854905,0.684848484848,245,279575,44.4897959184
BROAD_SENSITIVITY,BASIC_LIQUID,2024,60,3,-0.0020545249619,0.00383363400079,0.00170097784649,0.00172700658177,0.781818181818,248,332777,51.2096774194
BROAD_SENSITIVITY,BASIC_LIQUID,2025,60,3,-0.00720349269671,0.00329826865451,-0.00158280145225,-0.00150153055385,-0.709090909091,248,333238,51.6129032258
BROAD_SENSITIVITY,BASIC_LIQUID,2026,60,3,0.0243790870079,0.0382903864192,0.0019850906286,0.00190578914538,0.575757575758,169,251040,62.7218934911
BROAD_SENSITIVITY,BASIC_LIQUID,2021,60,5,-0.0121826313229,-0.0137120860269,0.00684218125148,0.0066050248692,0.963636363636,248,240368,45.564516129
BROAD_SENSITIVITY,BASIC_LIQUID,2022,60,5,-0.00347510422801,0.00562667625935,0.00322747715676,0.00338573105818,0.90303030303,248,259533,52.8225806452
BROAD_SENSITIVITY,BASIC_LIQUID,2023,60,5,-0.00697633100335,0.00269228285298,0.00126669412332,0.00131740482889,0.69696969697,245,278996,51.4285714286
BROAD_SENSITIVITY,BASIC_LIQUID,2024,60,5,0.00188480745188,0.0033588093112,0.00299960917162,0.00304381504472,0.866666666667,248,331900,53.6290322581
BROAD_SENSITIVITY,BASIC_LIQUID,2025,60,5,-0.00908819895332,-0.00563692641861,-0.00244228314006,-0.00235908769424,-0.672727272727,248,332621,48.7903225806
BROAD_SENSITIVITY,BASIC_LIQUID,2026,60,5,0.02981166948,0.0343636342644,0.00419544982998,0.00408170763171,0.515151515152,167,247623,57.4850299401
BROAD_SENSITIVITY,BASIC_LIQUID,2021,60,10,0.00121033238752,-0.00453285737605,0.0134881358173,0.0127898213147,0.951515151515,248,239288,47.5806451613
BROAD_SENSITIVITY,BASIC_LIQUID,2022,60,10,0.011327476323,0.0227834027726,0.00907625596164,0.00935349922891,0.987878787879,248,258670,56.0483870968
BROAD_SENSITIVITY,BASIC_LIQUID,2023,60,10,-0.000283982231241,0.0115477871278,0.00354839738629,0.00354866817734,0.721212121212,245,277702,54.2857142857
BROAD_SENSITIVITY,BASIC_LIQUID,2024,60,10,0.00781821164844,0.0189998099915,0.00619359722743,0.00633456403358,0.951515151515,248,329850,56.0483870968
BROAD_SENSITIVITY,BASIC_LIQUID,2025,60,10,-0.00960602362713,-0.0126668809548,-0.00274004269063,-0.00294985041094,-0.357575757576,248,331237,45.1612903226
BROAD_SENSITIVITY,BASIC_LIQUID,2026,60,10,0.0304003099356,0.0383579465111,0.0079404273737,0.00779730289587,0.478787878788,162,239131,61.7283950617
BROAD_SENSITIVITY,BASIC_LIQUID,2021,60,20,0.0181486431373,0.0123040283564,0.0241431114181,0.0230586474457,0.963636363636,248,237388,56.4516129032
BROAD_SENSITIVITY,BASIC_LIQUID,2022,60,20,0.0303391815635,0.0366584941219,0.0168199285142,0.0179881361489,0.963636363636,248,257058,67.7419354839
BROAD_SENSITIVITY,BASIC_LIQUID,2023,60,20,0.0137212958419,0.0123235786335,0.0084461990602,0.00831149123639,0.890909090909,245,275365,55.5102040816
BROAD_SENSITIVITY,BASIC_LIQUID,2024,60,20,0.0124125735828,0.0163343447834,0.00798759352323,0.00869252868738,0.975757575758,248,326190,55.6451612903
BROAD_SENSITIVITY,BASIC_LIQUID,2025,60,20,-0.0126480206449,-0.0269853684183,-0.0011308278041,-0.00166627580491,-0.224242424242,248,328607,40.3225806452
BROAD_SENSITIVITY,BASIC_LIQUID,2026,60,20,0.0234144810237,0.0386926278747,0.00918193505959,0.00964224645947,0.515151515152,152,222377,63.8157894737
PRIMARY_VERIFIED,MODERATE_LIQUID,2021,5,1,-0.0307212173798,-0.0291628372415,0.000588189811488,0.000500702779358,0.115151515152,248,148572,37.5
PRIMARY_VERIFIED,MODERATE_LIQUID,2022,5,1,-0.0361883006545,-0.0290755009044,-0.001289457323,-0.00126018887467,-0.951515151515,248,151746,35.8870967742
PRIMARY_VERIFIED,MODERATE_LIQUID,2023,5,1,-0.033011970588,-0.0323615663304,-0.00026686752209,-0.000183604438762,-0.539393939394,245,179265,29.7959183673
PRIMARY_VERIFIED,MODERATE_LIQUID,2024,5,1,-0.035412528239,-0.0300371722625,-0.000979672462934,-0.000915097616814,-0.769696969697,248,234853,36.6935483871
PRIMARY_VERIFIED,MODERATE_LIQUID,2025,5,1,-0.0290880271392,-0.022367333083,-0.00107827770597,-0.00104258420341,-0.951515151515,248,225199,37.0967741935
PRIMARY_VERIFIED,MODERATE_LIQUID,2026,5,1,-0.00930627575467,-0.000886202524477,0.000110461357432,8.21257302812e-05,-0.139393939394,131,130464,48.8549618321
PRIMARY_VERIFIED,MODERATE_LIQUID,2021,5,2,-0.0408906642275,-0.0385928751608,-0.000208297988775,-0.000360241787292,-0.0909090909091,248,148439,32.2580645161
PRIMARY_VERIFIED,MODERATE_LIQUID,2022,5,2,-0.0487525684574,-0.0444400142926,-0.00310755891058,-0.00302962717411,-0.951515151515,248,151646,33.4677419355
PRIMARY_VERIFIED,MODERATE_LIQUID,2023,5,2,-0.0396320275852,-0.0325843925517,-0.000767065258538,-0.000580328878458,-0.6,245,179138,31.0204081633
PRIMARY_VERIFIED,MODERATE_LIQUID,2024,5,2,-0.0394252396891,-0.0276527059465,-0.0014692775082,-0.00132758552049,-0.890909090909,248,234568,32.6612903226
PRIMARY_VERIFIED,MODERATE_LIQUID,2025,5,2,-0.0348260260784,-0.0215050831921,-0.00188787338386,-0.00180381726839,-0.866666666667,248,225011,39.5161290323
PRIMARY_VERIFIED,MODERATE_LIQUID,2026,5,2,-0.0160672389069,-0.00727667492348,-0.00115181595189,-0.00124025713384,-0.648484848485,130,129264,46.1538461538
PRIMARY_VERIFIED,MODERATE_LIQUID,2021,5,3,-0.0412277628643,-0.0462996750342,-0.000248072847586,-0.000433645401667,-0.0545454545455,248,148308,31.0483870968
PRIMARY_VERIFIED,MODERATE_LIQUID,2022,5,3,-0.0561854464017,-0.0495858869813,-0.00444676755688,-0.00430880340842,-0.951515151515,248,151550,27.8225806452
PRIMARY_VERIFIED,MODERATE_LIQUID,2023,5,3,-0.0373537803987,-0.0277963012494,-0.000445997853152,-0.000118893347884,-0.539393939394,245,179013,33.8775510204
PRIMARY_VERIFIED,MODERATE_LIQUID,2024,5,3,-0.0376520280661,-0.0272526072772,-0.00161399122811,-0.00142050730716,-0.806060606061,248,234289,36.2903225806
PRIMARY_VERIFIED,MODERATE_LIQUID,2025,5,3,-0.0369659399361,-0.0185382297127,-0.00263007126004,-0.00250691498056,-0.878787878788,248,224832,40.3225806452
PRIMARY_VERIFIED,MODERATE_LIQUID,2026,5,3,-0.0147781538547,-0.00527526667219,-0.00133652354862,-0.0014938303668,-0.478787878788,129,128066,46.511627907
PRIMARY_VERIFIED,MODERATE_LIQUID,2021,5,5,-0.0342991175977,-0.0258591822252,0.000642074956968,0.000347249506636,0.551515151515,248,148057,34.6774193548
PRIMARY_VERIFIED,MODERATE_LIQUID,2022,5,5,-0.0556921575839,-0.0391269767858,-0.00573954106459,-0.00549071623381,-0.987878787879,248,151360,33.8709677419
PRIMARY_VERIFIED,MODERATE_LIQUID,2023,5,5,-0.0338997307416,-0.0294914323151,0.000402702499138,0.000896492800814,-0.369696969697,245,178782,37.5510204082
PRIMARY_VERIFIED,MODERATE_LIQUID,2024,5,5,-0.0388834211746,-0.0297852966628,-0.00270060107394,-0.00242533260998,-0.854545454545,248,233777,38.3064516129
PRIMARY_VERIFIED,MODERATE_LIQUID,2025,5,5,-0.03513334407,-0.0285477631402,-0.00359865459898,-0.00346220636874,-0.915151515152,248,224496,37.9032258065
PRIMARY_VERIFIED,MODERATE_LIQUID,2026,5,5,-0.0108484846711,-0.0167283582056,-0.00171901634716,-0.00192566760874,-0.406060606061,127,125682,42.5196850394
PRIMARY_VERIFIED,MODERATE_LIQUID,2021,5,10,-0.0181104619253,-0.0263001594111,0.00387835846153,0.00343407274836,0.963636363636,248,147476,41.935483871
PRIMARY_VERIFIED,MODERATE_LIQUID,2022,5,10,-0.0389443376616,-0.0229492413258,-0.00429181349847,-0.0040583168754,-0.939393939394,248,150936,42.3387096774
PRIMARY_VERIFIED,MODERATE_LIQUID,2023,5,10,-0.0209862769606,-0.011608869387,0.000840590727295,0.00124842215825,-0.224242424242,245,178261,42.4489795918
PRIMARY_VERIFIED,MODERATE_LIQUID,2024,5,10,-0.0314359933121,-0.0168804506375,-0.00267972694948,-0.00211275943003,-0.890909090909,248,232613,40.7258064516
PRIMARY_VERIFIED,MODERATE_LIQUID,2025,5,10,-0.0146268845075,-0.0145576696848,-0.00102408497776,-0.00100619718982,-0.757575757576,248,223718,39.5161290323
PRIMARY_VERIFIED,MODERATE_LIQUID,2026,5,10,-0.0189609059177,-0.00628380173146,-0.00276872059417,-0.00275449396819,-0.672727272727,122,119839,46.7213114754
PRIMARY_VERIFIED,MODERATE_LIQUID,2021,5,20,-0.00180010372609,-0.00746469567808,0.00907995279953,0.00878104375223,0.975757575758,248,146444,47.9838709677
PRIMARY_VERIFIED,MODERATE_LIQUID,2022,5,20,-0.0233650620265,-0.0115659949001,-0.00187711285733,-0.00118519036486,-0.733333333333,248,150134,45.564516129
PRIMARY_VERIFIED,MODERATE_LIQUID,2023,5,20,-0.0141704504233,-0.0034307935307,0.000192209134034,0.000464274731303,-0.0666666666667,245,177213,47.7551020408
PRIMARY_VERIFIED,MODERATE_LIQUID,2024,5,20,-0.00536535721343,0.00470745838578,0.00161014952135,0.00262980335258,0.866666666667,248,230603,52.0161290323
PRIMARY_VERIFIED,MODERATE_LIQUID,2025,5,20,-0.00482570246596,-0.0106451429284,0.00276569013439,0.00256672381435,0.418181818182,248,222269,45.1612903226
PRIMARY_VERIFIED,MODERATE_LIQUID,2026,5,20,-0.0297862285285,-0.0165619747858,-0.00903191214846,-0.00844484372928,-0.939393939394,112,108424,37.5
PRIMARY_VERIFIED,MODERATE_LIQUID,2021,10,1,-0.0291577293166,-0.0209001963098,0.000516266052797,0.000439622607928,0.309090909091,248,148414,39.9193548387
PRIMARY_VERIFIED,MODERATE_LIQUID,2022,10,1,-0.0331511094413,-0.0248139496733,-0.000869409186758,-0.000837501638269,-0.878787878788,248,151493,39.1129032258
PRIMARY_VERIFIED,MODERATE_LIQUID,2023,10,1,-0.0254467797493,-0.0191284137801,-0.000253515166815,-0.000183593263036,0.0787878787879,245,179061,38.3673469388
PRIMARY_VERIFIED,MODERATE_LIQUID,2024,10,1,-0.0376766980981,-0.0312691079069,-0.000882838448555,-0.00084899755968,-0.684848484848,248,234500,35.0806451613
PRIMARY_VERIFIED,MODERATE_LIQUID,2025,10,1,-0.0152167070145,-0.00814378147933,-0.000685206501619,-0.0006429166135,-0.90303030303,248,224808,46.7741935484
PRIMARY_VERIFIED,MODERATE_LIQUID,2026,10,1,-0.00776488573219,-0.000756728023554,-0.00012348997068,-0.000122605912809,-0.418181818182,131,130311,49.6183206107
PRIMARY_VERIFIED,MODERATE_LIQUID,2021,10,2,-0.0324393474716,-0.0313442421104,0.000904206714224,0.000760867763677,0.454545454545,248,148281,34.6774193548
PRIMARY_VERIFIED,MODERATE_LIQUID,2022,10,2,-0.0397596401316,-0.0384354207476,-0.00111766544447,-0.00103713615767,-0.854545454545,248,151393,35.8870967742
PRIMARY_VERIFIED,MODERATE_LIQUID,2023,10,2,-0.0271535610877,-0.0277381986452,-0.000298088948113,-0.000119890761936,-0.224242424242,245,178935,35.9183673469
PRIMARY_VERIFIED,MODERATE_LIQUID,2024,10,2,-0.0406737820364,-0.0299499923429,-0.00168393100224,-0.0015983981979,-0.769696969697,248,234216,35.8870967742
PRIMARY_VERIFIED,MODERATE_LIQUID,2025,10,2,-0.0139154916809,-0.000655701921283,-0.0010598976883,-0.000987558492041,-0.757575757576,248,224620,50
PRIMARY_VERIFIED,MODERATE_LIQUID,2026,10,2,-0.0157680883483,-0.00159490796988,-0.000939620272527,-0.000956110485791,-0.939393939394,130,129113,49.2307692308
PRIMARY_VERIFIED,MODERATE_LIQUID,2021,10,3,-0.0293333730528,-0.0326811566718,0.0019719617608,0.00178279505554,0.636363636364,248,148150,36.2903225806
PRIMARY_VERIFIED,MODERATE_LIQUID,2022,10,3,-0.041170636655,-0.030508885429,-0.00119189208624,-0.00106650019156,-0.806060606061,248,151297,37.9032258065
PRIMARY_VERIFIED,MODERATE_LIQUID,2023,10,3,-0.0249292345058,-0.0275988325941,0.000256175845887,0.000532248110828,-0.030303030303,245,178811,38.3673469388
PRIMARY_VERIFIED,MODERATE_LIQUID,2024,10,3,-0.0394168761284,-0.0360949034019,-0.00156327621096,-0.00140985359049,-0.793939393939,248,233938,36.6935483871
PRIMARY_VERIFIED,MODERATE_LIQUID,2025,10,3,-0.012498365452,-0.00290756361141,-0.00119823955134,-0.00108382935946,-0.793939393939,248,224441,48.3870967742
PRIMARY_VERIFIED,MODERATE_LIQUID,2026,10,3,-0.0159932835501,-0.0012893384058,-0.000778383608929,-0.000814947620572,-0.757575757576,129,127917,49.6124031008
PRIMARY_VERIFIED,MODERATE_LIQUID,2021,10,5,-0.0229938200062,-0.0220399116509,0.00470629658749,0.00441209637863,0.927272727273,248,147899,41.5322580645
PRIMARY_VERIFIED,MODERATE_LIQUID,2022,10,5,-0.0409762029214,-0.027312403648,-0.000773811415618,-0.000559059855863,-0.769696969697,248,151107,38.7096774194
PRIMARY_VERIFIED,MODERATE_LIQUID,2023,10,5,-0.0212065924076,-0.0127232491035,0.0012853730146,0.00157103427494,0.0666666666667,245,178582,41.6326530612
PRIMARY_VERIFIED,MODERATE_LIQUID,2024,10,5,-0.0361551939593,-0.0260960446979,-0.00111919755406,-0.000851437350319,-0.866666666667,248,233427,36.2903225806
PRIMARY_VERIFIED,MODERATE_LIQUID,2025,10,5,-0.01242152478,-0.0123133427925,-0.00129148304243,-0.00116196380519,-0.721212121212,248,224105,45.1612903226
PRIMARY_VERIFIED,MODERATE_LIQUID,2026,10,5,-0.0151124532904,-0.00441809404331,-0.000485427142347,-0.000475978782636,-0.648484848485,127,125537,49.6062992126
PRIMARY_VERIFIED,MODERATE_LIQUID,2021,10,10,-0.0086500501197,-0.0127818008612,0.0115539466994,0.0109580900052,0.939393939394,248,147318,47.1774193548
PRIMARY_VERIFIED,MODERATE_LIQUID,2022,10,10,-0.0285718160243,-0.0128303820621,0.00143550759375,0.00172668772148,-0.345454545455,248,150683,42.7419354839
PRIMARY_VERIFIED,MODERATE_LIQUID,2023,10,10,-0.0146463935593,-0.00414232449109,0.00217332371395,0.00224506567505,0.0545454545455,245,178061,46.5306122449
PRIMARY_VERIFIED,MODERATE_LIQUID,2024,10,10,-0.0198668334213,-0.00150884518969,0.000640782134135,0.00119518349932,0.757575757576,248,232263,47.5806451613
PRIMARY_VERIFIED,MODERATE_LIQUID,2025,10,10,0.00184930001199,-0.00422372442964,0.000742160228832,0.000832015664196,0.769696969697,248,223327,47.1774193548
PRIMARY_VERIFIED,MODERATE_LIQUID,2026,10,10,-0.0245765253638,-0.0177740014873,-0.000790344414646,-0.000388815821535,-0.648484848485,122,119699,44.262295082
PRIMARY_VERIFIED,MODERATE_LIQUID,2021,10,20,0.009331956867,0.0149566254255,0.0187317941751,0.0186160322874,0.987878787879,248,146286,56.8548387097
PRIMARY_VERIFIED,MODERATE_LIQUID,2022,10,20,-0.00623513323408,0.00407346902131,0.00775373719229,0.00853038092349,0.187878787879,248,149882,51.2096774194
PRIMARY_VERIFIED,MODERATE_LIQUID,2023,10,20,-0.0118805372936,-0.00319275132944,0.00222707425934,0.0026624991784,0.127272727273,245,177018,48.5714285714
PRIMARY_VERIFIED,MODERATE_LIQUID,2024,10,20,-0.00191443885606,0.00217789686495,0.00471682912516,0.00612006951958,0.963636363636,248,230253,52.8225806452
PRIMARY_VERIFIED,MODERATE_LIQUID,2025,10,20,0.00427099858569,-0.000478842331793,0.00443859393624,0.00402904215749,0.927272727273,248,221878,49.5967741935
PRIMARY_VERIFIED,MODERATE_LIQUID,2026,10,20,-0.0363354236373,-0.0301580244353,-0.00658511907689,-0.00532459512994,-0.806060606061,112,108297,37.5
PRIMARY_VERIFIED,MODERATE_LIQUID,2021,20,1,-0.0273680602418,-0.0280571577822,0.000944539465022,0.000921834157136,0.854545454545,248,148075,39.9193548387
PRIMARY_VERIFIED,MODERATE_LIQUID,2022,20,1,-0.0285117603653,-0.0230665235977,-0.000412599820462,-0.000384517628612,-0.612121212121,248,150962,41.1290322581
PRIMARY_VERIFIED,MODERATE_LIQUID,2023,20,1,-0.0222689412465,-0.0218144480259,0.000273360153216,0.000270674039555,0.430303030303,245,178637,42.4489795918
PRIMARY_VERIFIED,MODERATE_LIQUID,2024,20,1,-0.0222498322689,-0.0188094980046,2.12770858903e-05,2.91372658763e-05,0.50303030303,248,233730,43.1451612903
PRIMARY_VERIFIED,MODERATE_LIQUID,2025,20,1,-0.00784433467217,-0.00677688997985,-0.000468407373487,-0.000451449749155,-0.406060606061,248,223982,47.5806451613
PRIMARY_VERIFIED,MODERATE_LIQUID,2026,20,1,-0.0116412743582,-0.00758943633604,-0.000635471794742,-0.000577253130055,-0.490909090909,131,130004,48.0916030534
PRIMARY_VERIFIED,MODERATE_LIQUID,2021,20,2,-0.0234136338202,-0.019036405727,0.00180923532162,0.00178943472983,0.927272727273,248,147945,39.9193548387
PRIMARY_VERIFIED,MODERATE_LIQUID,2022,20,2,-0.0295104523556,-0.0232641304609,-0.000785429467951,-0.00073342629288,-0.50303030303,248,150862,40.7258064516
PRIMARY_VERIFIED,MODERATE_LIQUID,2023,20,2,-0.0204123117786,-0.0190859640009,0.000375574679787,0.000409831557019,0.2,245,178512,39.1836734694
PRIMARY_VERIFIED,MODERATE_LIQUID,2024,20,2,-0.0171601295578,-0.00912663094392,0.000724859450489,0.000750125082439,0.69696969697,248,233446,44.7580645161
PRIMARY_VERIFIED,MODERATE_LIQUID,2025,20,2,-0.00716415631833,-0.00827127758937,-0.000406751652352,-0.000378851771627,-0.381818181818,248,223795,47.9838709677
PRIMARY_VERIFIED,MODERATE_LIQUID,2026,20,2,-0.017592689432,-0.0111303415436,-0.00164128807819,-0.00153317439485,-0.866666666667,130,128807,46.9230769231
PRIMARY_VERIFIED,MODERATE_LIQUID,2021,20,3,-0.0188957137023,-0.0235291734884,0.00286119239262,0.00283059781104,0.975757575758,248,147814,41.935483871
PRIMARY_VERIFIED,MODERATE_LIQUID,2022,20,3,-0.0296775615032,-0.0198815625494,-0.000197427775667,-0.0001275916014,-0.478787878788,248,150766,42.3387096774
PRIMARY_VERIFIED,MODERATE_LIQUID,2023,20,3,-0.0183049169174,-0.0176198023728,0.000712296270495,0.000816626317232,0.575757575758,245,178389,44.8979591837
PRIMARY_VERIFIED,MODERATE_LIQUID,2024,20,3,-0.0136235478469,-0.00413599293872,0.00161162625404,0.0016513256161,0.757575757576,248,233170,47.1774193548
PRIMARY_VERIFIED,MODERATE_LIQUID,2025,20,3,-0.00584754543068,-0.00989919274523,-0.000199611353195,-0.000133122703571,-0.418181818182,248,223616,45.9677419355
PRIMARY_VERIFIED,MODERATE_LIQUID,2026,20,3,-0.017301410739,-0.00401189243309,-0.00209990954122,-0.00198656563943,-0.745454545455,129,127613,48.8372093023
PRIMARY_VERIFIED,MODERATE_LIQUID,2021,20,5,-0.0105758534888,-0.0022361853952,0.00537395876628,0.00522829134061,0.975757575758,248,147564,48.7903225806
PRIMARY_VERIFIED,MODERATE_LIQUID,2022,20,5,-0.028203770917,-0.0176831547682,0.00120134114028,0.00135397726784,-0.187878787879,248,150576,41.935483871
PRIMARY_VERIFIED,MODERATE_LIQUID,2023,20,5,-0.0162835519938,-0.00612581840083,0.00116980983397,0.00133314283441,0.478787878788,245,178163,46.1224489796
PRIMARY_VERIFIED,MODERATE_LIQUID,2024,20,5,-0.00781547628952,-0.00246395949441,0.00325818361589,0.00334863496171,0.842424242424,248,232659,48.7903225806
PRIMARY_VERIFIED,MODERATE_LIQUID,2025,20,5,-0.00782240854993,-0.0136475485681,-8.2664555049e-05,4.3579153615e-06,-0.272727272727,248,223282,42.7419354839
PRIMARY_VERIFIED,MODERATE_LIQUID,2026,20,5,-0.0181006164207,0.00981382428157,-0.00235455480683,-0.00218787123605,-0.563636363636,127,125238,51.1811023622
PRIMARY_VERIFIED,MODERATE_LIQUID,2021,20,10,0.00323756538271,0.0084023809771,0.0123511894839,0.0119440713026,0.987878787879,248,146984,52.4193548387
PRIMARY_VERIFIED,MODERATE_LIQUID,2022,20,10,-0.0113497108501,-0.00338154647768,0.00668728273375,0.006970916172,0.248484848485,248,150155,49.5967741935
PRIMARY_VERIFIED,MODERATE_LIQUID,2023,20,10,-0.0140605463587,0.00402492599897,0.00193330117126,0.00205553154764,0.648484848485,245,177647,51.0204081633
PRIMARY_VERIFIED,MODERATE_LIQUID,2024,20,10,0.000775418229758,0.0127017063921,0.00708441458548,0.0074612283553,0.951515151515,248,231502,56.4516129032
PRIMARY_VERIFIED,MODERATE_LIQUID,2025,20,10,-0.00131827934529,-0.0113446283245,0.00234493930298,0.00230828029492,0.466666666667,248,222504,45.9677419355
PRIMARY_VERIFIED,MODERATE_LIQUID,2026,20,10,-0.0235399042849,-0.0104761562011,-0.00353839485803,-0.00278144794712,-0.563636363636,122,119413,48.3606557377
PRIMARY_VERIFIED,MODERATE_LIQUID,2021,20,20,-0.00103547081854,0.00283619851303,0.0183896516651,0.0186796289497,0.781818181818,248,145953,51.2096774194
PRIMARY_VERIFIED,MODERATE_LIQUID,2022,20,20,0.000239862128692,0.00308964806353,0.0154026052402,0.0161826484606,0.406060606061,248,149364,51.2096774194
PRIMARY_VERIFIED,MODERATE_LIQUID,2023,20,20,-0.00997349782984,0.0108064323017,0.00246639470907,0.0029361000048,0.575757575758,245,176606,54.2857142857
PRIMARY_VERIFIED,MODERATE_LIQUID,2024,20,20,0.0063327263232,0.0202947291753,0.0144481709083,0.016289443477,0.987878787879,248,229499,58.4677419355
PRIMARY_VERIFIED,MODERATE_LIQUID,2025,20,20,-0.00134215838418,-0.0088264966347,0.00256437061302,0.00197603586425,0.551515151515,248,221056,45.9677419355
PRIMARY_VERIFIED,MODERATE_LIQUID,2026,20,20,-0.0231956725962,-0.0212799962735,-0.00574983861792,-0.00410790959963,-0.430303030303,112,108059,39.2857142857
PRIMARY_VERIFIED,MODERATE_LIQUID,2021,40,1,-0.0289113576329,-0.022212814292,0.00093699855614,0.000912770227084,0.866666666667,248,146997,42.7419354839
PRIMARY_VERIFIED,MODERATE_LIQUID,2022,40,1,-0.018953107726,-0.00795980332778,0.000448662765183,0.000453230745935,0.139393939394,248,149745,47.9838709677
PRIMARY_VERIFIED,MODERATE_LIQUID,2023,40,1,-0.0225225161081,-0.0168187580947,-0.000221464879998,-0.000144090915649,0.212121212121,245,177240,43.6734693878
PRIMARY_VERIFIED,MODERATE_LIQUID,2024,40,1,-0.0174492586918,-0.0177717977259,0.000206141373655,0.000204891586004,0.381818181818,248,231166,43.1451612903
PRIMARY_VERIFIED,MODERATE_LIQUID,2025,40,1,-0.0113467148368,-0.000641288506648,-0.000805717652762,-0.00078798935718,-0.793939393939,248,221321,50
PRIMARY_VERIFIED,MODERATE_LIQUID,2026,40,1,0.0105868846184,0.012471133335,0.000592233915724,0.000575510078806,0.369696969697,131,129117,54.9618320611
PRIMARY_VERIFIED,MODERATE_LIQUID,2021,40,2,-0.0251171383002,-0.0241545075288,0.00191527567479,0.00189144895463,0.939393939394,248,146871,40.7258064516
PRIMARY_VERIFIED,MODERATE_LIQUID,2022,40,2,-0.015398680727,-0.00462148720127,0.00102101439884,0.00102899511967,-0.00606060606061,248,149648,47.1774193548
PRIMARY_VERIFIED,MODERATE_LIQUID,2023,40,2,-0.0191107509001,-0.01315700824,-0.000449262151048,-0.000292766887734,0.466666666667,245,177117,46.1224489796
PRIMARY_VERIFIED,MODERATE_LIQUID,2024,40,2,-0.0111029703055,-0.0104431954719,0.000654090763149,0.000675028128779,0.612121212121,248,230897,46.7741935484
PRIMARY_VERIFIED,MODERATE_LIQUID,2025,40,2,-0.0117404933645,-0.00131059106324,-0.00161118139694,-0.00158198922386,-0.793939393939,248,221140,50
PRIMARY_VERIFIED,MODERATE_LIQUID,2026,40,2,0.0121718509962,0.0148637767953,0.00086520571301,0.00084653140088,0.345454545455,130,127929,53.0769230769
PRIMARY_VERIFIED,MODERATE_LIQUID,2021,40,3,-0.0225341895515,-0.02631408407,0.00324822659643,0.00323999447441,0.939393939394,248,146744,38.3064516129
PRIMARY_VERIFIED,MODERATE_LIQUID,2022,40,3,-0.0149062923487,-0.000588034222783,0.00193612815414,0.00193132163425,0.030303030303,248,149555,49.5967741935
PRIMARY_VERIFIED,MODERATE_LIQUID,2023,40,3,-0.0171310186881,-0.0104474337845,-0.000246945805065,2.02831769073e-05,0.575757575758,245,176996,44.0816326531
PRIMARY_VERIFIED,MODERATE_LIQUID,2024,40,3,-0.00608413460487,-0.00364193114426,0.00155943307712,0.00163174983073,0.684848484848,248,230634,49.1935483871
PRIMARY_VERIFIED,MODERATE_LIQUID,2025,40,3,-0.010672117335,-0.00874504728148,-0.0021265911167,-0.00206137594282,-0.781818181818,248,220966,47.1774193548
PRIMARY_VERIFIED,MODERATE_LIQUID,2026,40,3,0.016879173684,0.0270897146413,0.00152194032198,0.00150840781133,0.381818181818,129,126748,58.9147286822
PRIMARY_VERIFIED,MODERATE_LIQUID,2021,40,5,-0.0191430317987,-0.0188630637793,0.00642063525257,0.00638651237133,0.963636363636,248,146501,42.3387096774
PRIMARY_VERIFIED,MODERATE_LIQUID,2022,40,5,-0.0133535868905,-0.000246619008852,0.00386466106239,0.00383788284275,0.0787878787879,248,149371,49.1935483871
PRIMARY_VERIFIED,MODERATE_LIQUID,2023,40,5,-0.0133907912103,-0.00172254283158,0.000453623216003,0.000925381574221,0.709090909091,245,176773,47.7551020408
PRIMARY_VERIFIED,MODERATE_LIQUID,2024,40,5,-0.00116110596324,-6.78756291054e-06,0.00265113309676,0.00279853876114,0.806060606061,248,230146,50
PRIMARY_VERIFIED,MODERATE_LIQUID,2025,40,5,-0.0119925095621,-0.0148764787428,-0.00296596363236,-0.00286630772556,-0.648484848485,248,220640,45.564516129
PRIMARY_VERIFIED,MODERATE_LIQUID,2026,40,5,0.0207441577061,0.041306009508,0.002917156384,0.00298531705367,0.333333333333,127,124401,59.842519685
PRIMARY_VERIFIED,MODERATE_LIQUID,2021,40,10,-0.0138768183582,-0.00286033645204,0.0121295590934,0.0119678430732,0.975757575758,248,145936,47.9838709677
PRIMARY_VERIFIED,MODERATE_LIQUID,2022,40,10,-0.0027063925389,0.00399910689517,0.00820351518601,0.00820430060108,0.345454545455,248,148965,51.6129032258
PRIMARY_VERIFIED,MODERATE_LIQUID,2023,40,10,-0.00791628689365,0.00671856707023,0.00221682991907,0.00301095237385,0.69696969697,245,176262,51.4285714286
PRIMARY_VERIFIED,MODERATE_LIQUID,2024,40,10,0.00406184860197,0.00762338228081,0.00586269693169,0.00623545145914,0.866666666667,248,229033,54.435483871
PRIMARY_VERIFIED,MODERATE_LIQUID,2025,40,10,-0.0104443715489,-0.02440434157,-0.00429742433245,-0.00423923999611,-0.321212121212,248,219873,44.3548387097
PRIMARY_VERIFIED,MODERATE_LIQUID,2026,40,10,0.0255709620661,0.0278567468083,0.0061213722477,0.00674579989004,0.478787878788,122,118631,60.6557377049
PRIMARY_VERIFIED,MODERATE_LIQUID,2021,40,20,-0.00709016481447,0.00116300945231,0.021294404112,0.0215887577088,0.939393939394,248,144923,50
PRIMARY_VERIFIED,MODERATE_LIQUID,2022,40,20,0.0108595157139,0.0147837443836,0.0162087513053,0.0169490922588,0.951515151515,248,148182,52.8225806452
PRIMARY_VERIFIED,MODERATE_LIQUID,2023,40,20,-0.00191949226908,0.00738445094963,0.00545369398446,0.00704996515921,0.684848484848,245,175234,52.2448979592
PRIMARY_VERIFIED,MODERATE_LIQUID,2024,40,20,0.0114690017316,0.014924778956,0.0115153863338,0.012735115574,0.963636363636,248,227082,57.6612903226
PRIMARY_VERIFIED,MODERATE_LIQUID,2025,40,20,-0.0170357556226,-0.0242728489296,-0.00678479907333,-0.00715798203747,-0.248484848485,248,218459,42.3387096774
PRIMARY_VERIFIED,MODERATE_LIQUID,2026,40,20,0.0353897390003,0.0443625439383,0.0100074633352,0.0118099752691,0.551515151515,112,107363,65.1785714286
PRIMARY_VERIFIED,MODERATE_LIQUID,2021,60,1,-0.0257811831577,-0.0176547034051,0.00135402128764,0.00132589203223,0.90303030303,248,146120,43.9516129032
PRIMARY_VERIFIED,MODERATE_LIQUID,2022,60,1,-0.011669098722,-0.0108202520991,0.000685565129471,0.000717972003567,0.539393939394,248,148311,45.1612903226
PRIMARY_VERIFIED,MODERATE_LIQUID,2023,60,1,-0.0176888371259,-0.0175838169311,0.000337993157387,0.000404141098452,0.745454545455,245,175961,44.4897959184
PRIMARY_VERIFIED,MODERATE_LIQUID,2024,60,1,-0.0119878371783,-0.00978940359016,0.000387944065286,0.000373872082283,0.854545454545,248,228520,45.564516129
PRIMARY_VERIFIED,MODERATE_LIQUID,2025,60,1,-0.0120376359569,0.0011242029943,-0.00105291540761,-0.00100415796165,-0.915151515152,248,218641,50.8064516129
PRIMARY_VERIFIED,MODERATE_LIQUID,2026,60,1,0.0185328603656,0.0201161631864,0.000736215488208,0.000735218567112,0.684848484848,131,128224,54.9618320611
PRIMARY_VERIFIED,MODERATE_LIQUID,2021,60,2,-0.0196484892507,-0.0238320634463,0.0030428108564,0.00298133577636,0.915151515152,248,145996,45.1612903226
PRIMARY_VERIFIED,MODERATE_LIQUID,2022,60,2,-0.00608842565609,-0.00458416792174,0.00134628216585,0.00143504485546,0.636363636364,248,148216,46.3709677419
PRIMARY_VERIFIED,MODERATE_LIQUID,2023,60,2,-0.0107363110376,-0.00581528822071,0.00064812738578,0.000771429806746,0.818181818182,245,175838,48.1632653061
PRIMARY_VERIFIED,MODERATE_LIQUID,2024,60,2,-0.00517671339838,-0.0118637248682,0.000788519763126,0.000783078257611,0.878787878788,248,228264,46.3709677419
PRIMARY_VERIFIED,MODERATE_LIQUID,2025,60,2,-0.0138075128992,0.00152385922882,-0.0016791762726,-0.00158224901244,-0.890909090909,248,218469,50.4032258065
PRIMARY_VERIFIED,MODERATE_LIQUID,2026,60,2,0.021196839417,0.0193926276329,0.00120124378824,0.00120858463864,0.575757575758,130,127048,54.6153846154
PRIMARY_VERIFIED,MODERATE_LIQUID,2021,60,3,-0.0158629897824,-0.0192602871705,0.00473676638916,0.0046396240293,0.939393939394,248,145872,43.1451612903
PRIMARY_VERIFIED,MODERATE_LIQUID,2022,60,3,-0.00339370291775,0.00641698532733,0.00229025062446,0.00241313779802,0.745454545455,248,148125,52.0161290323
PRIMARY_VERIFIED,MODERATE_LIQUID,2023,60,3,-0.0071331886356,-0.00546638291621,0.0012141803819,0.00147437388692,0.842424242424,245,175718,48.9795918367
PRIMARY_VERIFIED,MODERATE_LIQUID,2024,60,3,-0.00145473862674,0.00454305830389,0.00152972193316,0.0015478904604,0.890909090909,248,228014,51.6129032258
PRIMARY_VERIFIED,MODERATE_LIQUID,2025,60,3,-0.0161193201028,-0.00642904895841,-0.00226166364155,-0.00210450316956,-0.90303030303,248,218303,48.7903225806
PRIMARY_VERIFIED,MODERATE_LIQUID,2026,60,3,0.0267901388557,0.0421016529166,0.00182423744246,0.00184443609633,0.551515151515,129,125876,59.6899224806
PRIMARY_VERIFIED,MODERATE_LIQUID,2021,60,5,-0.0106020520139,-0.013592232487,0.0088011981828,0.00867095872593,0.866666666667,248,145634,44.3548387097
PRIMARY_VERIFIED,MODERATE_LIQUID,2022,60,5,2.04461851531e-05,0.00580046096373,0.0043388640114,0.00453421819822,0.842424242424,248,147944,51.2096774194
PRIMARY_VERIFIED,MODERATE_LIQUID,2023,60,5,-0.00217547988043,0.00637038532238,0.00241653805301,0.00287260593179,0.793939393939,245,175495,52.6530612245
PRIMARY_VERIFIED,MODERATE_LIQUID,2024,60,5,0.00320925426747,0.00472329795878,0.00276045543402,0.00278828757346,0.90303030303,248,227546,51.6129032258
PRIMARY_VERIFIED,MODERATE_LIQUID,2025,60,5,-0.0207989016847,-0.0101818624894,-0.0033354318369,-0.00310173077199,-0.854545454545,248,217993,46.3709677419
PRIMARY_VERIFIED,MODERATE_LIQUID,2026,60,5,0.0317992705412,0.0390893797626,0.00325927606965,0.00334064115814,0.515151515152,127,123547,59.0551181102
PRIMARY_VERIFIED,MODERATE_LIQUID,2021,60,10,0.00192410042631,-0.00309389962224,0.0163638061517,0.0161201829344,0.951515151515,248,145075,48.7903225806
PRIMARY_VERIFIED,MODERATE_LIQUID,2022,60,10,0.013315050315,0.0144597365275,0.00934813892789,0.00962994385595,0.963636363636,248,147548,57.2580645161
PRIMARY_VERIFIED,MODERATE_LIQUID,2023,60,10,0.00674085517472,0.0191546333619,0.00580386233529,0.00652805981344,0.842424242424,245,174989,57.1428571429
PRIMARY_VERIFIED,MODERATE_LIQUID,2024,60,10,0.00866617012709,0.0138553303648,0.00584746013138,0.00595832855077,0.90303030303,248,226476,56.0483870968
PRIMARY_VERIFIED,MODERATE_LIQUID,2025,60,10,-0.024633335288,-0.0101511933242,-0.00476214217331,-0.00459317859522,-0.660606060606,248,217262,45.1612903226
PRIMARY_VERIFIED,MODERATE_LIQUID,2026,60,10,0.0309633542787,0.0235582593194,0.00542129655748,0.00589728098301,0.50303030303,122,117813,59.0163934426
PRIMARY_VERIFIED,MODERATE_LIQUID,2021,60,20,0.0207362938948,0.0249596809134,0.0277553672562,0.0270960682329,0.963636363636,248,144062,60.0806451613
PRIMARY_VERIFIED,MODERATE_LIQUID,2022,60,20,0.0326034515062,0.0302446246837,0.0162618659989,0.017453417799,0.987878787879,248,146785,64.5161290323
PRIMARY_VERIFIED,MODERATE_LIQUID,2023,60,20,0.0236945016939,0.0360037823757,0.0127521185405,0.0141356737401,0.975757575758,245,173983,65.306122449
PRIMARY_VERIFIED,MODERATE_LIQUID,2024,60,20,0.00831084493512,0.0100526164743,0.00853968623031,0.00925493247444,0.975757575758,248,224582,57.6612903226
PRIMARY_VERIFIED,MODERATE_LIQUID,2025,60,20,-0.0348525372821,-0.0424979599461,-0.00601918095677,-0.00609650403398,-0.527272727273,248,215873,39.5161290323
PRIMARY_VERIFIED,MODERATE_LIQUID,2026,60,20,0.0325161360428,0.0522947827076,0.00473772926108,0.00603849561722,0.527272727273,112,106599,68.75
BROAD_SENSITIVITY,MODERATE_LIQUID,2021,5,1,-0.0307212173798,-0.0291628372415,0.000588189811488,0.000500702779358,0.115151515152,248,148572,37.5
BROAD_SENSITIVITY,MODERATE_LIQUID,2022,5,1,-0.0361883006545,-0.0290755009044,-0.001289457323,-0.00126018887467,-0.951515151515,248,151746,35.8870967742
BROAD_SENSITIVITY,MODERATE_LIQUID,2023,5,1,-0.033011970588,-0.0323615663304,-0.00026686752209,-0.000183604438762,-0.539393939394,245,179265,29.7959183673
BROAD_SENSITIVITY,MODERATE_LIQUID,2024,5,1,-0.035412528239,-0.0300371722625,-0.000979672462934,-0.000915097616814,-0.769696969697,248,234853,36.6935483871
BROAD_SENSITIVITY,MODERATE_LIQUID,2025,5,1,-0.0290880271392,-0.022367333083,-0.00107827770597,-0.00104258420341,-0.951515151515,248,225199,37.0967741935
BROAD_SENSITIVITY,MODERATE_LIQUID,2026,5,1,-0.0135595307528,-0.00551515527665,0.000211316076039,0.000195385888789,-0.29696969697,171,174430,46.1988304094
BROAD_SENSITIVITY,MODERATE_LIQUID,2021,5,2,-0.0408906642275,-0.0385928751608,-0.000208297988775,-0.000360241787292,-0.0909090909091,248,148439,32.2580645161
BROAD_SENSITIVITY,MODERATE_LIQUID,2022,5,2,-0.0487525684574,-0.0444400142926,-0.00310755891058,-0.00302962717411,-0.951515151515,248,151646,33.4677419355
BROAD_SENSITIVITY,MODERATE_LIQUID,2023,5,2,-0.0396320275852,-0.0325843925517,-0.000767065258538,-0.000580328878458,-0.6,245,179138,31.0204081633
BROAD_SENSITIVITY,MODERATE_LIQUID,2024,5,2,-0.0394252396891,-0.0276527059465,-0.0014692775082,-0.00132758552049,-0.890909090909,248,234568,32.6612903226
BROAD_SENSITIVITY,MODERATE_LIQUID,2025,5,2,-0.0348260260784,-0.0215050831921,-0.00188787338386,-0.00180381726839,-0.866666666667,248,225011,39.5161290323
BROAD_SENSITIVITY,MODERATE_LIQUID,2026,5,2,-0.0182874867053,-0.0127374342925,-0.000714794013731,-0.000748703194619,-0.636363636364,170,173241,41.7647058824
BROAD_SENSITIVITY,MODERATE_LIQUID,2021,5,3,-0.0412277628643,-0.0462996750342,-0.000248072847586,-0.000433645401667,-0.0545454545455,248,148308,31.0483870968
BROAD_SENSITIVITY,MODERATE_LIQUID,2022,5,3,-0.0561854464017,-0.0495858869813,-0.00444676755688,-0.00430880340842,-0.951515151515,248,151550,27.8225806452
BROAD_SENSITIVITY,MODERATE_LIQUID,2023,5,3,-0.0373537803987,-0.0277963012494,-0.000445997853152,-0.000118893347884,-0.539393939394,245,179013,33.8775510204
BROAD_SENSITIVITY,MODERATE_LIQUID,2024,5,3,-0.0376520280661,-0.0272526072772,-0.00161399122811,-0.00142050730716,-0.806060606061,248,234289,36.2903225806
BROAD_SENSITIVITY,MODERATE_LIQUID,2025,5,3,-0.0369659399361,-0.0185382297127,-0.00263007126004,-0.00250691498056,-0.878787878788,248,224832,40.3225806452
BROAD_SENSITIVITY,MODERATE_LIQUID,2026,5,3,-0.0150203687695,-0.00651514413014,-0.000503184879942,-0.000556928861806,-0.369696969697,169,172050,44.3786982249
BROAD_SENSITIVITY,MODERATE_LIQUID,2021,5,5,-0.0342991175977,-0.0258591822252,0.000642074956968,0.000347249506636,0.551515151515,248,148057,34.6774193548
BROAD_SENSITIVITY,MODERATE_LIQUID,2022,5,5,-0.0556921575839,-0.0391269767858,-0.00573954106459,-0.00549071623381,-0.987878787879,248,151360,33.8709677419
BROAD_SENSITIVITY,MODERATE_LIQUID,2023,5,5,-0.0338997307416,-0.0294914323151,0.000402702499138,0.000896492800814,-0.369696969697,245,178782,37.5510204082
BROAD_SENSITIVITY,MODERATE_LIQUID,2024,5,5,-0.0388834211746,-0.0297852966628,-0.00270060107394,-0.00242533260998,-0.854545454545,248,233777,38.3064516129
BROAD_SENSITIVITY,MODERATE_LIQUID,2025,5,5,-0.03513334407,-0.0285477631402,-0.00359865459898,-0.00346220636874,-0.915151515152,248,224496,37.9032258065
BROAD_SENSITIVITY,MODERATE_LIQUID,2026,5,5,-0.00970680426588,-0.0149055584345,-5.08926477411e-06,-2.69821753694e-05,-0.309090909091,167,169674,43.7125748503
BROAD_SENSITIVITY,MODERATE_LIQUID,2021,5,10,-0.0181104619253,-0.0263001594111,0.00387835846153,0.00343407274836,0.963636363636,248,147476,41.935483871
BROAD_SENSITIVITY,MODERATE_LIQUID,2022,5,10,-0.0389443376616,-0.0229492413258,-0.00429181349847,-0.0040583168754,-0.939393939394,248,150936,42.3387096774
BROAD_SENSITIVITY,MODERATE_LIQUID,2023,5,10,-0.0209862769606,-0.011608869387,0.000840590727295,0.00124842215825,-0.224242424242,245,178261,42.4489795918
BROAD_SENSITIVITY,MODERATE_LIQUID,2024,5,10,-0.0314359933121,-0.0168804506375,-0.00267972694948,-0.00211275943003,-0.890909090909,248,232613,40.7258064516
BROAD_SENSITIVITY,MODERATE_LIQUID,2025,5,10,-0.0146268845075,-0.0145576696848,-0.00102408497776,-0.00100619718982,-0.757575757576,248,223718,39.5161290323
BROAD_SENSITIVITY,MODERATE_LIQUID,2026,5,10,-0.00966465046011,-9.50783528017e-06,0.00101558575881,0.00134127226479,-0.10303030303,162,163760,50
BROAD_SENSITIVITY,MODERATE_LIQUID,2021,5,20,-0.00180010372609,-0.00746469567808,0.00907995279953,0.00878104375223,0.975757575758,248,146444,47.9838709677
BROAD_SENSITIVITY,MODERATE_LIQUID,2022,5,20,-0.0233650620265,-0.0115659949001,-0.00187711285733,-0.00118519036486,-0.733333333333,248,150134,45.564516129
BROAD_SENSITIVITY,MODERATE_LIQUID,2023,5,20,-0.0141704504233,-0.0034307935307,0.000192209134034,0.000464274731303,-0.0666666666667,245,177213,47.7551020408
BROAD_SENSITIVITY,MODERATE_LIQUID,2024,5,20,-0.00536535721343,0.00470745838578,0.00161014952135,0.00262980335258,0.866666666667,248,230603,52.0161290323
BROAD_SENSITIVITY,MODERATE_LIQUID,2025,5,20,-0.00482570246596,-0.0106451429284,0.00276569013439,0.00256672381435,0.418181818182,248,222269,45.1612903226
BROAD_SENSITIVITY,MODERATE_LIQUID,2026,5,20,-0.0216543499473,-0.0125895392909,-0.00600756769234,-0.00542048301765,-0.745454545455,152,151883,40.1315789474
BROAD_SENSITIVITY,MODERATE_LIQUID,2021,10,1,-0.0291577293166,-0.0209001963098,0.000516266052797,0.000439622607928,0.309090909091,248,148414,39.9193548387
BROAD_SENSITIVITY,MODERATE_LIQUID,2022,10,1,-0.0331511094413,-0.0248139496733,-0.000869409186758,-0.000837501638269,-0.878787878788,248,151493,39.1129032258
BROAD_SENSITIVITY,MODERATE_LIQUID,2023,10,1,-0.0254467797493,-0.0191284137801,-0.000253515166815,-0.000183593263036,0.0787878787879,245,179061,38.3673469388
BROAD_SENSITIVITY,MODERATE_LIQUID,2024,10,1,-0.0376766980981,-0.0312691079069,-0.000882838448555,-0.00084899755968,-0.684848484848,248,234500,35.0806451613
BROAD_SENSITIVITY,MODERATE_LIQUID,2025,10,1,-0.0152167070145,-0.00814378147933,-0.000685206501619,-0.0006429166135,-0.90303030303,248,224808,46.7741935484
BROAD_SENSITIVITY,MODERATE_LIQUID,2026,10,1,-0.00809168649756,-0.000756728023554,0.000292399532125,0.000317771852098,-0.0666666666667,171,174272,49.7076023392
BROAD_SENSITIVITY,MODERATE_LIQUID,2021,10,2,-0.0324393474716,-0.0313442421104,0.000904206714224,0.000760867763677,0.454545454545,248,148281,34.6774193548
BROAD_SENSITIVITY,MODERATE_LIQUID,2022,10,2,-0.0397596401316,-0.0384354207476,-0.00111766544447,-0.00103713615767,-0.854545454545,248,151393,35.8870967742
BROAD_SENSITIVITY,MODERATE_LIQUID,2023,10,2,-0.0271535610877,-0.0277381986452,-0.000298088948113,-0.000119890761936,-0.224242424242,245,178935,35.9183673469
BROAD_SENSITIVITY,MODERATE_LIQUID,2024,10,2,-0.0406737820364,-0.0299499923429,-0.00168393100224,-0.0015983981979,-0.769696969697,248,234216,35.8870967742
BROAD_SENSITIVITY,MODERATE_LIQUID,2025,10,2,-0.0139154916809,-0.000655701921283,-0.0010598976883,-0.000987558492041,-0.757575757576,248,224620,50
BROAD_SENSITIVITY,MODERATE_LIQUID,2026,10,2,-0.0113373309834,-0.00159490796988,0.00012574760511,0.000186288814134,-0.127272727273,170,173083,49.4117647059
BROAD_SENSITIVITY,MODERATE_LIQUID,2021,10,3,-0.0293333730528,-0.0326811566718,0.0019719617608,0.00178279505554,0.636363636364,248,148150,36.2903225806
BROAD_SENSITIVITY,MODERATE_LIQUID,2022,10,3,-0.041170636655,-0.030508885429,-0.00119189208624,-0.00106650019156,-0.806060606061,248,151297,37.9032258065
BROAD_SENSITIVITY,MODERATE_LIQUID,2023,10,3,-0.0249292345058,-0.0275988325941,0.000256175845887,0.000532248110828,-0.030303030303,245,178811,38.3673469388
BROAD_SENSITIVITY,MODERATE_LIQUID,2024,10,3,-0.0394168761284,-0.0360949034019,-0.00156327621096,-0.00140985359049,-0.793939393939,248,233938,36.6935483871
BROAD_SENSITIVITY,MODERATE_LIQUID,2025,10,3,-0.012498365452,-0.00290756361141,-0.00119823955134,-0.00108382935946,-0.793939393939,248,224441,48.3870967742
BROAD_SENSITIVITY,MODERATE_LIQUID,2026,10,3,-0.00860226587627,0.00556862321049,0.000991981103816,0.00109271943936,-0.163636363636,169,171892,53.8461538462
BROAD_SENSITIVITY,MODERATE_LIQUID,2021,10,5,-0.0229938200062,-0.0220399116509,0.00470629658749,0.00441209637863,0.927272727273,248,147899,41.5322580645
BROAD_SENSITIVITY,MODERATE_LIQUID,2022,10,5,-0.0409762029214,-0.027312403648,-0.000773811415618,-0.000559059855863,-0.769696969697,248,151107,38.7096774194
BROAD_SENSITIVITY,MODERATE_LIQUID,2023,10,5,-0.0212065924076,-0.0127232491035,0.0012853730146,0.00157103427494,0.0666666666667,245,178582,41.6326530612
BROAD_SENSITIVITY,MODERATE_LIQUID,2024,10,5,-0.0361551939593,-0.0260960446979,-0.00111919755406,-0.000851437350319,-0.866666666667,248,233427,36.2903225806
BROAD_SENSITIVITY,MODERATE_LIQUID,2025,10,5,-0.01242152478,-0.0123133427925,-0.00129148304243,-0.00116196380519,-0.721212121212,248,224105,45.1612903226
BROAD_SENSITIVITY,MODERATE_LIQUID,2026,10,5,-0.00599696035181,0.00868664512604,0.0023513336097,0.00257243426318,-0.248484848485,167,169516,54.4910179641
BROAD_SENSITIVITY,MODERATE_LIQUID,2021,10,10,-0.0086500501197,-0.0127818008612,0.0115539466994,0.0109580900052,0.939393939394,248,147318,47.1774193548
BROAD_SENSITIVITY,MODERATE_LIQUID,2022,10,10,-0.0285718160243,-0.0128303820621,0.00143550759375,0.00172668772148,-0.345454545455,248,150683,42.7419354839
BROAD_SENSITIVITY,MODERATE_LIQUID,2023,10,10,-0.0146463935593,-0.00414232449109,0.00217332371395,0.00224506567505,0.0545454545455,245,178061,46.5306122449
BROAD_SENSITIVITY,MODERATE_LIQUID,2024,10,10,-0.0198668334213,-0.00150884518969,0.000640782134135,0.00119518349932,0.757575757576,248,232263,47.5806451613
BROAD_SENSITIVITY,MODERATE_LIQUID,2025,10,10,0.00184930001199,-0.00422372442964,0.000742160228832,0.000832015664196,0.769696969697,248,223327,47.1774193548
BROAD_SENSITIVITY,MODERATE_LIQUID,2026,10,10,-0.00813906006446,0.0114344671229,0.00359068631581,0.00423690824846,-0.357575757576,162,163602,53.7037037037
BROAD_SENSITIVITY,MODERATE_LIQUID,2021,10,20,0.009331956867,0.0149566254255,0.0187317941751,0.0186160322874,0.987878787879,248,146286,56.8548387097
BROAD_SENSITIVITY,MODERATE_LIQUID,2022,10,20,-0.00623513323408,0.00407346902131,0.00775373719229,0.00853038092349,0.187878787879,248,149882,51.2096774194
BROAD_SENSITIVITY,MODERATE_LIQUID,2023,10,20,-0.0118805372936,-0.00319275132944,0.00222707425934,0.0026624991784,0.127272727273,245,177018,48.5714285714
BROAD_SENSITIVITY,MODERATE_LIQUID,2024,10,20,-0.00191443885606,0.00217789686495,0.00471682912516,0.00612006951958,0.963636363636,248,230253,52.8225806452
BROAD_SENSITIVITY,MODERATE_LIQUID,2025,10,20,0.00427099858569,-0.000478842331793,0.00443859393624,0.00402904215749,0.927272727273,248,221878,49.5967741935
BROAD_SENSITIVITY,MODERATE_LIQUID,2026,10,20,-0.0292507260274,-0.0237171979454,-0.00468802475912,-0.00374700290599,-0.793939393939,152,151725,42.1052631579
BROAD_SENSITIVITY,MODERATE_LIQUID,2021,20,1,-0.0273680602418,-0.0280571577822,0.000944539465022,0.000921834157136,0.854545454545,248,148075,39.9193548387
BROAD_SENSITIVITY,MODERATE_LIQUID,2022,20,1,-0.0285117603653,-0.0230665235977,-0.000412599820462,-0.000384517628612,-0.612121212121,248,150962,41.1290322581
BROAD_SENSITIVITY,MODERATE_LIQUID,2023,20,1,-0.0222689412465,-0.0218144480259,0.000273360153216,0.000270674039555,0.430303030303,245,178637,42.4489795918
BROAD_SENSITIVITY,MODERATE_LIQUID,2024,20,1,-0.0222498322689,-0.0188094980046,2.12770858903e-05,2.91372658763e-05,0.50303030303,248,233730,43.1451612903
BROAD_SENSITIVITY,MODERATE_LIQUID,2025,20,1,-0.00784433467217,-0.00677688997985,-0.000468407373487,-0.000451449749155,-0.406060606061,248,223982,47.5806451613
BROAD_SENSITIVITY,MODERATE_LIQUID,2026,20,1,-0.00972686336003,-0.00552022981128,-0.000191599547475,-0.000112452569211,-0.309090909091,171,173912,49.7076023392
BROAD_SENSITIVITY,MODERATE_LIQUID,2021,20,2,-0.0234136338202,-0.019036405727,0.00180923532162,0.00178943472983,0.927272727273,248,147945,39.9193548387
BROAD_SENSITIVITY,MODERATE_LIQUID,2022,20,2,-0.0295104523556,-0.0232641304609,-0.000785429467951,-0.00073342629288,-0.50303030303,248,150862,40.7258064516
BROAD_SENSITIVITY,MODERATE_LIQUID,2023,20,2,-0.0204123117786,-0.0190859640009,0.000375574679787,0.000409831557019,0.2,245,178512,39.1836734694
BROAD_SENSITIVITY,MODERATE_LIQUID,2024,20,2,-0.0171601295578,-0.00912663094392,0.000724859450489,0.000750125082439,0.69696969697,248,233446,44.7580645161
BROAD_SENSITIVITY,MODERATE_LIQUID,2025,20,2,-0.00716415631833,-0.00827127758937,-0.000406751652352,-0.000378851771627,-0.381818181818,248,223795,47.9838709677
BROAD_SENSITIVITY,MODERATE_LIQUID,2026,20,2,-0.0124596551375,-0.0139797655644,-0.000620782966067,-0.000454979212646,-0.369696969697,170,172724,46.4705882353
BROAD_SENSITIVITY,MODERATE_LIQUID,2021,20,3,-0.0188957137023,-0.0235291734884,0.00286119239262,0.00283059781104,0.975757575758,248,147814,41.935483871
BROAD_SENSITIVITY,MODERATE_LIQUID,2022,20,3,-0.0296775615032,-0.0198815625494,-0.000197427775667,-0.0001275916014,-0.478787878788,248,150766,42.3387096774
BROAD_SENSITIVITY,MODERATE_LIQUID,2023,20,3,-0.0183049169174,-0.0176198023728,0.000712296270495,0.000816626317232,0.575757575758,245,178389,44.8979591837
BROAD_SENSITIVITY,MODERATE_LIQUID,2024,20,3,-0.0136235478469,-0.00413599293872,0.00161162625404,0.0016513256161,0.757575757576,248,233170,47.1774193548
BROAD_SENSITIVITY,MODERATE_LIQUID,2025,20,3,-0.00584754543068,-0.00989919274523,-0.000199611353195,-0.000133122703571,-0.418181818182,248,223616,45.9677419355
BROAD_SENSITIVITY,MODERATE_LIQUID,2026,20,3,-0.0102359572262,-0.00370996184988,-0.000640946299489,-0.000435712139828,-0.115151515152,169,171533,49.1124260355
BROAD_SENSITIVITY,MODERATE_LIQUID,2021,20,5,-0.0105758534888,-0.0022361853952,0.00537395876628,0.00522829134061,0.975757575758,248,147564,48.7903225806
BROAD_SENSITIVITY,MODERATE_LIQUID,2022,20,5,-0.028203770917,-0.0176831547682,0.00120134114028,0.00135397726784,-0.187878787879,248,150576,41.935483871
BROAD_SENSITIVITY,MODERATE_LIQUID,2023,20,5,-0.0162835519938,-0.00612581840083,0.00116980983397,0.00133314283441,0.478787878788,245,178163,46.1224489796
BROAD_SENSITIVITY,MODERATE_LIQUID,2024,20,5,-0.00781547628952,-0.00246395949441,0.00325818361589,0.00334863496171,0.842424242424,248,232659,48.7903225806
BROAD_SENSITIVITY,MODERATE_LIQUID,2025,20,5,-0.00782240854993,-0.0136475485681,-8.2664555049e-05,4.3579153615e-06,-0.272727272727,248,223282,42.7419354839
BROAD_SENSITIVITY,MODERATE_LIQUID,2026,20,5,-0.00931471528416,0.0122287185333,-0.000434114697292,-0.000160776688788,-0.163636363636,167,169165,52.6946107784
BROAD_SENSITIVITY,MODERATE_LIQUID,2021,20,10,0.00323756538271,0.0084023809771,0.0123511894839,0.0119440713026,0.987878787879,248,146984,52.4193548387
BROAD_SENSITIVITY,MODERATE_LIQUID,2022,20,10,-0.0113497108501,-0.00338154647768,0.00668728273375,0.006970916172,0.248484848485,248,150155,49.5967741935
BROAD_SENSITIVITY,MODERATE_LIQUID,2023,20,10,-0.0140605463587,0.00402492599897,0.00193330117126,0.00205553154764,0.648484848485,245,177647,51.0204081633
BROAD_SENSITIVITY,MODERATE_LIQUID,2024,20,10,0.000775418229758,0.0127017063921,0.00708441458548,0.0074612283553,0.951515151515,248,231502,56.4516129032
BROAD_SENSITIVITY,MODERATE_LIQUID,2025,20,10,-0.00131827934529,-0.0113446283245,0.00234493930298,0.00230828029492,0.466666666667,248,222504,45.9677419355
BROAD_SENSITIVITY,MODERATE_LIQUID,2026,20,10,-0.015203935395,0.00129456395404,-0.00144418347726,-0.000758529998774,-0.163636363636,162,163253,50
BROAD_SENSITIVITY,MODERATE_LIQUID,2021,20,20,-0.00103547081854,0.00283619851303,0.0183896516651,0.0186796289497,0.781818181818,248,145953,51.2096774194
BROAD_SENSITIVITY,MODERATE_LIQUID,2022,20,20,0.000239862128692,0.00308964806353,0.0154026052402,0.0161826484606,0.406060606061,248,149364,51.2096774194
BROAD_SENSITIVITY,MODERATE_LIQUID,2023,20,20,-0.00997349782984,0.0108064323017,0.00246639470907,0.0029361000048,0.575757575758,245,176606,54.2857142857
BROAD_SENSITIVITY,MODERATE_LIQUID,2024,20,20,0.0063327263232,0.0202947291753,0.0144481709083,0.016289443477,0.987878787879,248,229499,58.4677419355
BROAD_SENSITIVITY,MODERATE_LIQUID,2025,20,20,-0.00134215838418,-0.0088264966347,0.00256437061302,0.00197603586425,0.551515151515,248,221056,45.9677419355
BROAD_SENSITIVITY,MODERATE_LIQUID,2026,20,20,-0.0196215734451,-0.0154720656818,-0.00517758324204,-0.00414381309468,-0.0909090909091,152,151379,43.4210526316
BROAD_SENSITIVITY,MODERATE_LIQUID,2021,40,1,-0.0289113576329,-0.022212814292,0.00093699855614,0.000912770227084,0.866666666667,248,146997,42.7419354839
BROAD_SENSITIVITY,MODERATE_LIQUID,2022,40,1,-0.018953107726,-0.00795980332778,0.000448662765183,0.000453230745935,0.139393939394,248,149745,47.9838709677
BROAD_SENSITIVITY,MODERATE_LIQUID,2023,40,1,-0.0225225161081,-0.0168187580947,-0.000221464879998,-0.000144090915649,0.212121212121,245,177240,43.6734693878
BROAD_SENSITIVITY,MODERATE_LIQUID,2024,40,1,-0.0174492586918,-0.0177717977259,0.000206141373655,0.000204891586004,0.381818181818,248,231166,43.1451612903
BROAD_SENSITIVITY,MODERATE_LIQUID,2025,40,1,-0.0113467148368,-0.000641288506648,-0.000805717652762,-0.00078798935718,-0.793939393939,248,221321,50
BROAD_SENSITIVITY,MODERATE_LIQUID,2026,40,1,0.00720706047122,0.00671878503417,0.000691330069625,0.000692196576067,0.381818181818,171,172654,53.216374269
BROAD_SENSITIVITY,MODERATE_LIQUID,2021,40,2,-0.0251171383002,-0.0241545075288,0.00191527567479,0.00189144895463,0.939393939394,248,146871,40.7258064516
BROAD_SENSITIVITY,MODERATE_LIQUID,2022,40,2,-0.015398680727,-0.00462148720127,0.00102101439884,0.00102899511967,-0.00606060606061,248,149648,47.1774193548
BROAD_SENSITIVITY,MODERATE_LIQUID,2023,40,2,-0.0191107509001,-0.01315700824,-0.000449262151048,-0.000292766887734,0.466666666667,245,177117,46.1224489796
BROAD_SENSITIVITY,MODERATE_LIQUID,2024,40,2,-0.0111029703055,-0.0104431954719,0.000654090763149,0.000675028128779,0.612121212121,248,230897,46.7741935484
BROAD_SENSITIVITY,MODERATE_LIQUID,2025,40,2,-0.0117404933645,-0.00131059106324,-0.00161118139694,-0.00158198922386,-0.793939393939,248,221140,50
BROAD_SENSITIVITY,MODERATE_LIQUID,2026,40,2,0.0101796830934,0.00800431029401,0.00105404099443,0.00106122456151,0.284848484848,170,171479,52.3529411765
BROAD_SENSITIVITY,MODERATE_LIQUID,2021,40,3,-0.0225341895515,-0.02631408407,0.00324822659643,0.00323999447441,0.939393939394,248,146744,38.3064516129
BROAD_SENSITIVITY,MODERATE_LIQUID,2022,40,3,-0.0149062923487,-0.000588034222783,0.00193612815414,0.00193132163425,0.030303030303,248,149555,49.5967741935
BROAD_SENSITIVITY,MODERATE_LIQUID,2023,40,3,-0.0171310186881,-0.0104474337845,-0.000246945805065,2.02831769073e-05,0.575757575758,245,176996,44.0816326531
BROAD_SENSITIVITY,MODERATE_LIQUID,2024,40,3,-0.00608413460487,-0.00364193114426,0.00155943307712,0.00163174983073,0.684848484848,248,230634,49.1935483871
BROAD_SENSITIVITY,MODERATE_LIQUID,2025,40,3,-0.010672117335,-0.00874504728148,-0.0021265911167,-0.00206137594282,-0.781818181818,248,220966,47.1774193548
BROAD_SENSITIVITY,MODERATE_LIQUID,2026,40,3,0.0154456296112,0.0173653735738,0.00174623317946,0.00175564991303,0.418181818182,169,170302,57.3964497041
BROAD_SENSITIVITY,MODERATE_LIQUID,2021,40,5,-0.0191430317987,-0.0188630637793,0.00642063525257,0.00638651237133,0.963636363636,248,146501,42.3387096774
BROAD_SENSITIVITY,MODERATE_LIQUID,2022,40,5,-0.0133535868905,-0.000246619008852,0.00386466106239,0.00383788284275,0.0787878787879,248,149371,49.1935483871
BROAD_SENSITIVITY,MODERATE_LIQUID,2023,40,5,-0.0133907912103,-0.00172254283158,0.000453623216003,0.000925381574221,0.709090909091,245,176773,47.7551020408
BROAD_SENSITIVITY,MODERATE_LIQUID,2024,40,5,-0.00116110596324,-6.78756291054e-06,0.00265113309676,0.00279853876114,0.806060606061,248,230146,50
BROAD_SENSITIVITY,MODERATE_LIQUID,2025,40,5,-0.0119925095621,-0.0148764787428,-0.00296596363236,-0.00286630772556,-0.648484848485,248,220640,45.564516129
BROAD_SENSITIVITY,MODERATE_LIQUID,2026,40,5,0.0191101724644,0.0255335866216,0.00337257119952,0.00345409976272,0.442424242424,167,167958,57.4850299401
BROAD_SENSITIVITY,MODERATE_LIQUID,2021,40,10,-0.0138768183582,-0.00286033645204,0.0121295590934,0.0119678430732,0.975757575758,248,145936,47.9838709677
BROAD_SENSITIVITY,MODERATE_LIQUID,2022,40,10,-0.0027063925389,0.00399910689517,0.00820351518601,0.00820430060108,0.345454545455,248,148965,51.6129032258
BROAD_SENSITIVITY,MODERATE_LIQUID,2023,40,10,-0.00791628689365,0.00671856707023,0.00221682991907,0.00301095237385,0.69696969697,245,176262,51.4285714286
BROAD_SENSITIVITY,MODERATE_LIQUID,2024,40,10,0.00406184860197,0.00762338228081,0.00586269693169,0.00623545145914,0.866666666667,248,229033,54.435483871
BROAD_SENSITIVITY,MODERATE_LIQUID,2025,40,10,-0.0104443715489,-0.02440434157,-0.00429742433245,-0.00423923999611,-0.321212121212,248,219873,44.3548387097
BROAD_SENSITIVITY,MODERATE_LIQUID,2026,40,10,0.0248437564282,0.0316257961414,0.00692573517751,0.00739678960734,0.648484848485,162,162090,60.4938271605
BROAD_SENSITIVITY,MODERATE_LIQUID,2021,40,20,-0.00709016481447,0.00116300945231,0.021294404112,0.0215887577088,0.939393939394,248,144923,50
BROAD_SENSITIVITY,MODERATE_LIQUID,2022,40,20,0.0108595157139,0.0147837443836,0.0162087513053,0.0169490922588,0.951515151515,248,148182,52.8225806452
BROAD_SENSITIVITY,MODERATE_LIQUID,2023,40,20,-0.00191949226908,0.00738445094963,0.00545369398446,0.00704996515921,0.684848484848,245,175234,52.2448979592
BROAD_SENSITIVITY,MODERATE_LIQUID,2024,40,20,0.0114690017316,0.014924778956,0.0115153863338,0.012735115574,0.963636363636,248,227082,57.6612903226
BROAD_SENSITIVITY,MODERATE_LIQUID,2025,40,20,-0.0170357556226,-0.0242728489296,-0.00678479907333,-0.00715798203747,-0.248484848485,248,218459,42.3387096774
BROAD_SENSITIVITY,MODERATE_LIQUID,2026,40,20,0.0326482251894,0.0386117984002,0.0105295535595,0.0116976061013,0.830303030303,152,150309,64.4736842105
BROAD_SENSITIVITY,MODERATE_LIQUID,2021,60,1,-0.0257811831577,-0.0176547034051,0.00135402128764,0.00132589203223,0.90303030303,248,146120,43.9516129032
BROAD_SENSITIVITY,MODERATE_LIQUID,2022,60,1,-0.011669098722,-0.0108202520991,0.000685565129471,0.000717972003567,0.539393939394,248,148311,45.1612903226
BROAD_SENSITIVITY,MODERATE_LIQUID,2023,60,1,-0.0176888371259,-0.0175838169311,0.000337993157387,0.000404141098452,0.745454545455,245,175961,44.4897959184
BROAD_SENSITIVITY,MODERATE_LIQUID,2024,60,1,-0.0119878371783,-0.00978940359016,0.000387944065286,0.000373872082283,0.854545454545,248,228520,45.564516129
BROAD_SENSITIVITY,MODERATE_LIQUID,2025,60,1,-0.0120376359569,0.0011242029943,-0.00105291540761,-0.00100415796165,-0.915151515152,248,218641,50.8064516129
BROAD_SENSITIVITY,MODERATE_LIQUID,2026,60,1,0.0152505295151,0.0201161631864,0.000986173074674,0.0010064637528,0.781818181818,171,171420,55.5555555556
BROAD_SENSITIVITY,MODERATE_LIQUID,2021,60,2,-0.0196484892507,-0.0238320634463,0.0030428108564,0.00298133577636,0.915151515152,248,145996,45.1612903226
BROAD_SENSITIVITY,MODERATE_LIQUID,2022,60,2,-0.00608842565609,-0.00458416792174,0.00134628216585,0.00143504485546,0.636363636364,248,148216,46.3709677419
BROAD_SENSITIVITY,MODERATE_LIQUID,2023,60,2,-0.0107363110376,-0.00581528822071,0.00064812738578,0.000771429806746,0.818181818182,245,175838,48.1632653061
BROAD_SENSITIVITY,MODERATE_LIQUID,2024,60,2,-0.00517671339838,-0.0118637248682,0.000788519763126,0.000783078257611,0.878787878788,248,228264,46.3709677419
BROAD_SENSITIVITY,MODERATE_LIQUID,2025,60,2,-0.0138075128992,0.00152385922882,-0.0016791762726,-0.00158224901244,-0.890909090909,248,218469,50.4032258065
BROAD_SENSITIVITY,MODERATE_LIQUID,2026,60,2,0.020197724501,0.0161654070798,0.0016793963066,0.00171896792966,0.806060606061,170,170260,54.7058823529
BROAD_SENSITIVITY,MODERATE_LIQUID,2021,60,3,-0.0158629897824,-0.0192602871705,0.00473676638916,0.0046396240293,0.939393939394,248,145872,43.1451612903
BROAD_SENSITIVITY,MODERATE_LIQUID,2022,60,3,-0.00339370291775,0.00641698532733,0.00229025062446,0.00241313779802,0.745454545455,248,148125,52.0161290323
BROAD_SENSITIVITY,MODERATE_LIQUID,2023,60,3,-0.0071331886356,-0.00546638291621,0.0012141803819,0.00147437388692,0.842424242424,245,175718,48.9795918367
BROAD_SENSITIVITY,MODERATE_LIQUID,2024,60,3,-0.00145473862674,0.00454305830389,0.00152972193316,0.0015478904604,0.890909090909,248,228014,51.6129032258
BROAD_SENSITIVITY,MODERATE_LIQUID,2025,60,3,-0.0161193201028,-0.00642904895841,-0.00226166364155,-0.00210450316956,-0.90303030303,248,218303,48.7903225806
BROAD_SENSITIVITY,MODERATE_LIQUID,2026,60,3,0.0269736743431,0.0371695397952,0.00248207728527,0.00253913629305,0.781818181818,169,169098,60.3550295858
BROAD_SENSITIVITY,MODERATE_LIQUID,2021,60,5,-0.0106020520139,-0.013592232487,0.0088011981828,0.00867095872593,0.866666666667,248,145634,44.3548387097
BROAD_SENSITIVITY,MODERATE_LIQUID,2022,60,5,2.04461851531e-05,0.00580046096373,0.0043388640114,0.00453421819822,0.842424242424,248,147944,51.2096774194
BROAD_SENSITIVITY,MODERATE_LIQUID,2023,60,5,-0.00217547988043,0.00637038532238,0.00241653805301,0.00287260593179,0.793939393939,245,175495,52.6530612245
BROAD_SENSITIVITY,MODERATE_LIQUID,2024,60,5,0.00320925426747,0.00472329795878,0.00276045543402,0.00278828757346,0.90303030303,248,227546,51.6129032258
BROAD_SENSITIVITY,MODERATE_LIQUID,2025,60,5,-0.0207989016847,-0.0101818624894,-0.0033354318369,-0.00310173077199,-0.854545454545,248,217993,46.3709677419
BROAD_SENSITIVITY,MODERATE_LIQUID,2026,60,5,0.0332458442912,0.0390893797626,0.00463365813048,0.00478457781216,0.806060606061,167,166783,59.880239521
BROAD_SENSITIVITY,MODERATE_LIQUID,2021,60,10,0.00192410042631,-0.00309389962224,0.0163638061517,0.0161201829344,0.951515151515,248,145075,48.7903225806
BROAD_SENSITIVITY,MODERATE_LIQUID,2022,60,10,0.013315050315,0.0144597365275,0.00934813892789,0.00962994385595,0.963636363636,248,147548,57.2580645161
BROAD_SENSITIVITY,MODERATE_LIQUID,2023,60,10,0.00674085517472,0.0191546333619,0.00580386233529,0.00652805981344,0.842424242424,245,174989,57.1428571429
BROAD_SENSITIVITY,MODERATE_LIQUID,2024,60,10,0.00866617012709,0.0138553303648,0.00584746013138,0.00595832855077,0.90303030303,248,226476,56.0483870968
BROAD_SENSITIVITY,MODERATE_LIQUID,2025,60,10,-0.024633335288,-0.0101511933242,-0.00476214217331,-0.00459317859522,-0.660606060606,248,217262,45.1612903226
BROAD_SENSITIVITY,MODERATE_LIQUID,2026,60,10,0.0357883081063,0.0367688821391,0.00823193812962,0.00874172985958,0.757575757576,162,160976,61.7283950617
BROAD_SENSITIVITY,MODERATE_LIQUID,2021,60,20,0.0207362938948,0.0249596809134,0.0277553672562,0.0270960682329,0.963636363636,248,144062,60.0806451613
BROAD_SENSITIVITY,MODERATE_LIQUID,2022,60,20,0.0326034515062,0.0302446246837,0.0162618659989,0.017453417799,0.987878787879,248,146785,64.5161290323
BROAD_SENSITIVITY,MODERATE_LIQUID,2023,60,20,0.0236945016939,0.0360037823757,0.0127521185405,0.0141356737401,0.975757575758,245,173983,65.306122449
BROAD_SENSITIVITY,MODERATE_LIQUID,2024,60,20,0.00831084493512,0.0100526164743,0.00853968623031,0.00925493247444,0.975757575758,248,224582,57.6612903226
BROAD_SENSITIVITY,MODERATE_LIQUID,2025,60,20,-0.0348525372821,-0.0424979599461,-0.00601918095677,-0.00609650403398,-0.527272727273,248,215873,39.5161290323
BROAD_SENSITIVITY,MODERATE_LIQUID,2026,60,20,0.0323802699169,0.0493187420219,0.0104386423451,0.0116980783681,0.624242424242,152,149289,65.7894736842
PRIMARY_VERIFIED,STRICT_SENSITIVITY,2021,5,1,-0.0280824493435,-0.0298125403339,0.00071340713191,0.000721873387075,-0.260606060606,149,46741,39.5973154362
PRIMARY_VERIFIED,STRICT_SENSITIVITY,2022,5,1,-0.0264075164775,-0.0210223784049,-0.00126683568608,-0.00122448603463,-0.672727272727,248,71050,43.1451612903
PRIMARY_VERIFIED,STRICT_SENSITIVITY,2023,5,1,-0.0274223561259,-0.0240985197098,8.91519641746e-05,0.000116593639629,-0.10303030303,245,85609,37.5510204082
PRIMARY_VERIFIED,STRICT_SENSITIVITY,2024,5,1,-0.02729414711,-0.0207032895743,-0.000733318665339,-0.000662657173661,-0.527272727273,248,125062,43.9516129032
PRIMARY_VERIFIED,STRICT_SENSITIVITY,2025,5,1,-0.0237094715421,-0.00894811974324,-0.000785529255085,-0.000746284958118,-0.745454545455,248,119522,45.1612903226
PRIMARY_VERIFIED,STRICT_SENSITIVITY,2026,5,1,-0.00345566459267,0.00150050971403,4.39968783408e-05,1.00670696859e-05,0.309090909091,131,70494,51.1450381679
PRIMARY_VERIFIED,STRICT_SENSITIVITY,2021,5,2,-0.0406834488207,-0.0350450433512,0.000233751328433,0.000273547795906,-0.29696969697,149,46709,37.5838926174
PRIMARY_VERIFIED,STRICT_SENSITIVITY,2022,5,2,-0.0406791717199,-0.0357005663025,-0.00311145711694,-0.00297799656021,-0.951515151515,248,71011,38.7096774194
PRIMARY_VERIFIED,STRICT_SENSITIVITY,2023,5,2,-0.0329588881036,-0.0228068399348,-0.000269301448415,-0.000188432849234,-0.284848484848,245,85565,37.9591836735
PRIMARY_VERIFIED,STRICT_SENSITIVITY,2024,5,2,-0.0309522615689,-0.0230382057292,-0.000718470189625,-0.000584242296162,-0.684848484848,248,124944,39.1129032258
PRIMARY_VERIFIED,STRICT_SENSITIVITY,2025,5,2,-0.0299173818427,-0.0238358047681,-0.00154933705276,-0.00146568938908,-0.721212121212,248,119436,41.5322580645
PRIMARY_VERIFIED,STRICT_SENSITIVITY,2026,5,2,-0.00838832988747,-0.0137680682776,-0.000638706785974,-0.000747252246565,-0.212121212121,130,69840,48.4615384615
PRIMARY_VERIFIED,STRICT_SENSITIVITY,2021,5,3,-0.0416027072169,-0.0396962506118,-0.000548958086172,-0.000481869227086,-0.478787878788,149,46674,34.8993288591
PRIMARY_VERIFIED,STRICT_SENSITIVITY,2022,5,3,-0.0500143372833,-0.0418905747121,-0.00434578127488,-0.00415190154103,-0.951515151515,248,70974,36.6935483871
PRIMARY_VERIFIED,STRICT_SENSITIVITY,2023,5,3,-0.0298876379651,-0.0200892662792,0.000250575458953,0.000510964326535,-0.115151515152,245,85521,39.5918367347
PRIMARY_VERIFIED,STRICT_SENSITIVITY,2024,5,3,-0.0292656905564,-0.0169905705496,-0.000620485368828,-0.000491321646286,-0.527272727273,248,124826,44.3548387097
PRIMARY_VERIFIED,STRICT_SENSITIVITY,2025,5,3,-0.0317297739444,-0.0183344661966,-0.00225436781752,-0.00208351774423,-0.806060606061,248,119352,41.5322580645
PRIMARY_VERIFIED,STRICT_SENSITIVITY,2026,5,3,-0.00771310445552,-0.0022412840347,-0.000428143590173,-0.000620063139353,-0.236363636364,129,69190,49.6124031008
PRIMARY_VERIFIED,STRICT_SENSITIVITY,2021,5,5,-0.0391237617566,-0.0347829301473,-0.000893733822608,-0.000792544083886,-0.575757575758,149,46608,30.8724832215
PRIMARY_VERIFIED,STRICT_SENSITIVITY,2022,5,5,-0.0553925663626,-0.0517573229221,-0.00646216667849,-0.00614710749889,-0.951515151515,248,70902,35.4838709677
PRIMARY_VERIFIED,STRICT_SENSITIVITY,2023,5,5,-0.0259976170851,-0.0217523514902,0.00204157779376,0.0025747874065,-0.115151515152,245,85436,42.0408163265
PRIMARY_VERIFIED,STRICT_SENSITIVITY,2024,5,5,-0.0318590231862,-0.0186672627857,-0.00218162605199,-0.00194190434358,-0.757575757576,248,124592,42.7419354839
PRIMARY_VERIFIED,STRICT_SENSITIVITY,2025,5,5,-0.0314124939604,-0.0258194659428,-0.00291835941193,-0.00262485222732,-0.90303030303,248,119193,40.3225806452
PRIMARY_VERIFIED,STRICT_SENSITIVITY,2026,5,5,-0.00403885603793,-0.00823818297338,0.000296317384912,-1.03868851917e-05,-0.115151515152,127,67895,47.2440944882
PRIMARY_VERIFIED,STRICT_SENSITIVITY,2021,5,10,-0.0314857270675,-0.0372222016404,-0.00262319526774,-0.00259465119371,-0.284848484848,149,46482,39.5973154362
PRIMARY_VERIFIED,STRICT_SENSITIVITY,2022,5,10,-0.0350506881768,-0.0278757835147,-0.0058450240179,-0.00567257305528,-0.854545454545,248,70727,39.9193548387
PRIMARY_VERIFIED,STRICT_SENSITIVITY,2023,5,10,-0.0199229267879,-0.0175753133531,0.002487146518,0.00294079373222,-0.127272727273,245,85216,40
PRIMARY_VERIFIED,STRICT_SENSITIVITY,2024,5,10,-0.0287130930036,-0.0133562399056,-0.00333282402113,-0.00273735540817,-0.636363636364,248,124049,43.5483870968
PRIMARY_VERIFIED,STRICT_SENSITIVITY,2025,5,10,-0.010768823023,-0.0086082331289,-0.000176474812112,-1.92289597507e-05,-0.309090909091,248,118832,47.1774193548
PRIMARY_VERIFIED,STRICT_SENSITIVITY,2026,5,10,-0.0109431030739,-0.00758427894032,0.000308419486562,0.000388213056179,0.139393939394,122,64699,48.3606557377
PRIMARY_VERIFIED,STRICT_SENSITIVITY,2021,5,20,-0.0146670725984,-0.00386198309554,-0.00217782332757,-0.00192790900804,-0.0787878787879,149,46287,47.6510067114
PRIMARY_VERIFIED,STRICT_SENSITIVITY,2022,5,20,-0.0191207427487,-0.00256431260553,-0.00142611938046,-0.000623468201771,-0.466666666667,248,70386,49.1935483871
PRIMARY_VERIFIED,STRICT_SENSITIVITY,2023,5,20,-0.00330389543933,-0.0032378016224,0.00337221597241,0.0043302077775,0.0545454545455,245,84763,49.387755102
PRIMARY_VERIFIED,STRICT_SENSITIVITY,2024,5,20,-0.00106407774621,0.0113527603626,0.0014121297806,0.00241911549383,0.69696969697,248,123052,56.8548387097
PRIMARY_VERIFIED,STRICT_SENSITIVITY,2025,5,20,-0.00716442726768,-0.0108006658352,0.00291260702533,0.00289616356321,0.357575757576,248,118150,44.7580645161
PRIMARY_VERIFIED,STRICT_SENSITIVITY,2026,5,20,-0.030130998234,-0.0111467500713,-0.00512237568774,-0.00374143831438,-0.6,112,58308,43.75
PRIMARY_VERIFIED,STRICT_SENSITIVITY,2021,10,1,-0.030625616904,-0.0298182417997,-0.000225725926073,-0.000176242106558,0.139393939394,149,46671,38.255033557
PRIMARY_VERIFIED,STRICT_SENSITIVITY,2022,10,1,-0.0317274658219,-0.0225203516996,-0.000872091672762,-0.000822176803423,-0.842424242424,248,70957,39.5161290323
PRIMARY_VERIFIED,STRICT_SENSITIVITY,2023,10,1,-0.0238910432709,-0.0159939248788,0.000389177600647,0.000454482011477,-0.212121212121,245,85541,44.4897959184
PRIMARY_VERIFIED,STRICT_SENSITIVITY,2024,10,1,-0.0331320027504,-0.0332370462421,-0.00125148587302,-0.00123306981046,-0.575757575758,248,124857,38.7096774194
PRIMARY_VERIFIED,STRICT_SENSITIVITY,2025,10,1,-0.0117530250549,-0.00729409169024,-0.000351552435688,-0.000320493171847,-0.612121212121,248,119318,48.3870967742
PRIMARY_VERIFIED,STRICT_SENSITIVITY,2026,10,1,-0.00382697302043,0.00102504204988,-7.80660127349e-05,-2.08242777408e-05,-0.00606060606061,131,70403,50.3816793893
PRIMARY_VERIFIED,STRICT_SENSITIVITY,2021,10,2,-0.03664727352,-0.0274550535879,-0.000702182455434,-0.000616619200244,-0.139393939394,149,46639,40.2684563758
PRIMARY_VERIFIED,STRICT_SENSITIVITY,2022,10,2,-0.0408292157058,-0.0296758891552,-0.00168771612763,-0.00155087856347,-0.878787878788,248,70918,37.9032258065
PRIMARY_VERIFIED,STRICT_SENSITIVITY,2023,10,2,-0.0243819401674,-0.0244261515122,0.000713279702485,0.000885982146196,-0.357575757576,245,85497,40.4081632653
PRIMARY_VERIFIED,STRICT_SENSITIVITY,2024,10,2,-0.0378245556887,-0.0292362594259,-0.0026839451999,-0.00261943349669,-0.515151515152,248,124739,37.9032258065
PRIMARY_VERIFIED,STRICT_SENSITIVITY,2025,10,2,-0.0124462645656,-0.00568760550123,-0.000767733513463,-0.000717251976499,-0.248484848485,248,119232,47.5806451613
PRIMARY_VERIFIED,STRICT_SENSITIVITY,2026,10,2,-0.0101361488653,0.0150090196464,-3.78064965117e-05,2.79221821264e-05,-0.430303030303,130,69750,53.8461538462
PRIMARY_VERIFIED,STRICT_SENSITIVITY,2021,10,3,-0.0364292979878,-0.0384875709331,-0.000212229018983,-0.00011473322557,-0.212121212121,149,46604,35.5704697987
PRIMARY_VERIFIED,STRICT_SENSITIVITY,2022,10,3,-0.0427546470447,-0.0323094932553,-0.00206851995017,-0.00188151018358,-0.890909090909,248,70881,38.3064516129
PRIMARY_VERIFIED,STRICT_SENSITIVITY,2023,10,3,-0.0226172214781,-0.0209960416727,0.00157857356284,0.00190074474248,-0.309090909091,245,85453,42.4489795918
PRIMARY_VERIFIED,STRICT_SENSITIVITY,2024,10,3,-0.0377488325198,-0.0310984990931,-0.00303114195028,-0.00290744229947,-0.466666666667,248,124621,37.5
PRIMARY_VERIFIED,STRICT_SENSITIVITY,2025,10,3,-0.0108858004612,0.000591366362026,-0.000719249731939,-0.000606399526302,0.0181818181818,248,119148,50
PRIMARY_VERIFIED,STRICT_SENSITIVITY,2026,10,3,-0.00777694724301,0.0154822257351,0.00128434713856,0.00137086426664,-0.0424242424242,129,69101,58.9147286822
PRIMARY_VERIFIED,STRICT_SENSITIVITY,2021,10,5,-0.0326198443765,-0.0225034180489,0.000800289732038,0.000935279566743,-0.0545454545455,149,46538,40.9395973154
PRIMARY_VERIFIED,STRICT_SENSITIVITY,2022,10,5,-0.0399306300407,-0.0296309324293,-0.00146461483927,-0.00114529546859,-0.818181818182,248,70809,37.5
PRIMARY_VERIFIED,STRICT_SENSITIVITY,2023,10,5,-0.0164921474414,-0.0124206067942,0.00296878937185,0.00347577070548,-0.0181818181818,245,85368,44.4897959184
PRIMARY_VERIFIED,STRICT_SENSITIVITY,2024,10,5,-0.0337692304255,-0.0272896083423,-0.00269341998338,-0.00239838328676,-0.612121212121,248,124387,36.2903225806
PRIMARY_VERIFIED,STRICT_SENSITIVITY,2025,10,5,-0.00979544784038,-0.0179914818705,-0.000528032010923,-0.000361407788645,-0.115151515152,248,118989,44.3548387097
PRIMARY_VERIFIED,STRICT_SENSITIVITY,2026,10,5,-0.00486145961116,0.016711995552,0.00274810219898,0.00301071057311,-0.0909090909091,127,67808,53.5433070866
PRIMARY_VERIFIED,STRICT_SENSITIVITY,2021,10,10,-0.0265629098747,-0.0159233363931,-0.00014310181159,-4.44876923795e-05,0.115151515152,149,46412,42.9530201342
PRIMARY_VERIFIED,STRICT_SENSITIVITY,2022,10,10,-0.019149765649,-0.00739218664564,0.00248105059319,0.00276148063543,-0.224242424242,248,70634,45.564516129
PRIMARY_VERIFIED,STRICT_SENSITIVITY,2023,10,10,-0.00752991368563,-2.63423183009e-06,0.00438463010511,0.00455968259697,0.0787878787879,245,85148,49.7959183673
PRIMARY_VERIFIED,STRICT_SENSITIVITY,2024,10,10,-0.0190372484472,-0.0130637967305,-0.000681633315239,-4.10510468278e-05,0.163636363636,248,123844,45.9677419355
PRIMARY_VERIFIED,STRICT_SENSITIVITY,2025,10,10,0.000414049088937,-0.00212310316582,0.00115958641562,0.00132234849638,0.648484848485,248,118628,49.1935483871
PRIMARY_VERIFIED,STRICT_SENSITIVITY,2026,10,10,-0.0200967164612,-0.00926963656392,0.00390313192871,0.00518241214648,-0.224242424242,122,64616,43.4426229508
PRIMARY_VERIFIED,STRICT_SENSITIVITY,2021,10,20,0.00181621068105,0.0154257999677,0.00133553861225,0.00163108515981,0.393939393939,149,46217,59.0604026846
PRIMARY_VERIFIED,STRICT_SENSITIVITY,2022,10,20,-0.00135475536038,0.0121113331967,0.0097780874078,0.0108087147007,0.50303030303,248,70293,54.8387096774
PRIMARY_VERIFIED,STRICT_SENSITIVITY,2023,10,20,8.75650631134e-05,0.0059714631715,0.00641078902947,0.00738697413777,0.345454545455,245,84695,51.4285714286
PRIMARY_VERIFIED,STRICT_SENSITIVITY,2024,10,20,-0.000860318473683,0.00887834984086,0.00471893542098,0.00627372714092,0.927272727273,248,122847,54.435483871
PRIMARY_VERIFIED,STRICT_SENSITIVITY,2025,10,20,-0.00447042871643,-0.000214492502796,0.00383407131454,0.00382228699102,0.563636363636,248,117946,49.5967741935
PRIMARY_VERIFIED,STRICT_SENSITIVITY,2026,10,20,-0.0393223683859,-0.0396095138983,0.000275616856481,0.00317611867069,-0.393939393939,112,58238,33.0357142857
PRIMARY_VERIFIED,STRICT_SENSITIVITY,2021,20,1,-0.0283579862543,-0.0260220441819,0.000146539785045,0.000203970547584,0.563636363636,149,46525,41.610738255
PRIMARY_VERIFIED,STRICT_SENSITIVITY,2022,20,1,-0.0233330701607,-0.0131264787796,0.000223461895175,0.00025628833053,-0.2,248,70753,46.3709677419
PRIMARY_VERIFIED,STRICT_SENSITIVITY,2023,20,1,-0.0172861759665,-0.00943820633679,0.000756851932832,0.000761438998129,0.709090909091,245,85392,46.1224489796
PRIMARY_VERIFIED,STRICT_SENSITIVITY,2024,20,1,-0.0176323600449,-0.0160571007621,0.000382628570984,0.000357351692159,0.539393939394,248,124422,43.5483870968
PRIMARY_VERIFIED,STRICT_SENSITIVITY,2025,20,1,-0.0105350086521,0.00592415273531,-0.000124061528683,-0.000101819718021,-0.563636363636,248,118885,52.4193548387
PRIMARY_VERIFIED,STRICT_SENSITIVITY,2026,20,1,-0.0101055230243,-0.00765226679579,-0.000237673491836,-0.000100369154312,-0.29696969697,131,70208,46.5648854962
PRIMARY_VERIFIED,STRICT_SENSITIVITY,2021,20,2,-0.0249362566318,-0.00380640572562,0.000393933490836,0.000467704869047,0.672727272727,149,46494,46.9798657718
PRIMARY_VERIFIED,STRICT_SENSITIVITY,2022,20,2,-0.0257244399402,-0.0113440469551,-9.82143319483e-05,-7.80038535467e-06,-0.551515151515,248,70714,46.3709677419
PRIMARY_VERIFIED,STRICT_SENSITIVITY,2023,20,2,-0.0109507354095,-0.0127144811381,0.00133240909452,0.00135443171637,0.769696969697,245,85349,45.306122449
PRIMARY_VERIFIED,STRICT_SENSITIVITY,2024,20,2,-0.0114754874539,-0.00908446529603,0.00108601573368,0.001071258682,0.745454545455,248,124304,46.7741935484
PRIMARY_VERIFIED,STRICT_SENSITIVITY,2025,20,2,-0.0113684166443,-0.00530963217939,-0.000104771801545,-4.51369466722e-05,-0.345454545455,248,118800,47.9838709677
PRIMARY_VERIFIED,STRICT_SENSITIVITY,2026,20,2,-0.0169719994059,0.00290992566928,-0.000705689905348,-0.000444238508665,-0.321212121212,130,69556,51.5384615385
PRIMARY_VERIFIED,STRICT_SENSITIVITY,2021,20,3,-0.0202722660345,-0.0153098854587,0.000887282964411,0.000963702020652,0.721212121212,149,46459,44.2953020134
PRIMARY_VERIFIED,STRICT_SENSITIVITY,2022,20,3,-0.0269260804763,-0.0223242175292,0.000195544191521,0.000320071592136,-0.357575757576,248,70677,43.1451612903
PRIMARY_VERIFIED,STRICT_SENSITIVITY,2023,20,3,-0.00819140023671,-0.00497851625789,0.00211103889023,0.00219691237533,0.806060606061,245,85306,46.5306122449
PRIMARY_VERIFIED,STRICT_SENSITIVITY,2024,20,3,-0.0076049327287,-0.00559043487824,0.00218259784865,0.0021898252088,0.842424242424,248,124186,47.1774193548
PRIMARY_VERIFIED,STRICT_SENSITIVITY,2025,20,3,-0.0113358566661,-0.0158879098515,-1.99999413945e-05,0.000103141221597,-0.345454545455,248,118716,44.3548387097
PRIMARY_VERIFIED,STRICT_SENSITIVITY,2026,20,3,-0.0168224835864,0.000794520464341,-0.000284219630043,6.87036272987e-05,-0.175757575758,129,68909,51.1627906977
PRIMARY_VERIFIED,STRICT_SENSITIVITY,2021,20,5,-0.00961466976608,0.00196873881398,0.00140868384972,0.0013990479975,0.660606060606,149,46394,53.0201342282
PRIMARY_VERIFIED,STRICT_SENSITIVITY,2022,20,5,-0.0268487751169,-0.0130278337696,0.00132033819099,0.00158408618024,-0.236363636364,248,70605,45.1612903226
PRIMARY_VERIFIED,STRICT_SENSITIVITY,2023,20,5,-0.0027240536001,0.00559517438115,0.00322561739579,0.00345865042116,0.878787878788,245,85222,53.0612244898
PRIMARY_VERIFIED,STRICT_SENSITIVITY,2024,20,5,-0.00134579725783,0.00382290864918,0.00438078694784,0.00446645485334,0.854545454545,248,123952,50.8064516129
PRIMARY_VERIFIED,STRICT_SENSITIVITY,2025,20,5,-0.0170912664145,-0.0239217608297,-0.000263714076699,-5.62992230735e-05,-0.648484848485,248,118557,41.935483871
PRIMARY_VERIFIED,STRICT_SENSITIVITY,2026,20,5,-0.0164389356308,0.00836544002019,0.000888256105499,0.00140528651407,-0.284848484848,127,67620,53.5433070866
PRIMARY_VERIFIED,STRICT_SENSITIVITY,2021,20,10,0.00220309093593,0.012749046171,0.00260180779886,0.00245514893595,0.624242424242,149,46268,57.0469798658
PRIMARY_VERIFIED,STRICT_SENSITIVITY,2022,20,10,-0.00588301757958,0.00446576761597,0.00677618595492,0.00712045766376,0.406060606061,248,70430,51.2096774194
PRIMARY_VERIFIED,STRICT_SENSITIVITY,2023,20,10,0.00136111610344,0.00179531261491,0.00519219409358,0.00549864154995,0.672727272727,245,85002,50.612244898
PRIMARY_VERIFIED,STRICT_SENSITIVITY,2024,20,10,0.00572369632876,0.00926108306584,0.00967440513241,0.0102423580644,0.842424242424,248,123409,54.0322580645
PRIMARY_VERIFIED,STRICT_SENSITIVITY,2025,20,10,-0.0184757156553,-0.0196928444212,0.0014446498308,0.00168579900287,-0.442424242424,248,118196,44.3548387097
PRIMARY_VERIFIED,STRICT_SENSITIVITY,2026,20,10,-0.0254346619566,-0.0189087400829,0.00223411804365,0.00343522311476,-0.127272727273,122,64440,47.5409836066
PRIMARY_VERIFIED,STRICT_SENSITIVITY,2021,20,20,0.00221583097929,0.0016073727136,0.00563977980482,0.00571419624796,0.50303030303,149,46073,50.3355704698
PRIMARY_VERIFIED,STRICT_SENSITIVITY,2022,20,20,-0.00177080345,0.00261397512831,0.0129763730465,0.0138013035626,0.490909090909,248,70089,51.2096774194
PRIMARY_VERIFIED,STRICT_SENSITIVITY,2023,20,20,0.00816968678562,0.013202133769,0.00945659675378,0.0107648801483,0.672727272727,245,84549,54.2857142857
PRIMARY_VERIFIED,STRICT_SENSITIVITY,2024,20,20,0.00987000043898,0.0238080657194,0.0183193012755,0.0203384042512,0.927272727273,248,122413,56.8548387097
PRIMARY_VERIFIED,STRICT_SENSITIVITY,2025,20,20,-0.025591185312,-0.0311456622654,-0.00101195882003,-0.000919209963681,-0.709090909091,248,117514,43.1451612903
PRIMARY_VERIFIED,STRICT_SENSITIVITY,2026,20,20,-0.0244457647828,-0.0234145254611,0.00287627286161,0.00538714368957,0.0424242424242,112,58109,37.5
PRIMARY_VERIFIED,STRICT_SENSITIVITY,2021,40,1,-0.027435408072,-0.017845330935,9.00211047516e-05,0.000137520150894,0.551515151515,149,46152,43.6241610738
PRIMARY_VERIFIED,STRICT_SENSITIVITY,2022,40,1,-0.0162122764483,-0.00246699386944,0.000288736159172,0.000274107157356,0.0787878787879,248,70260,48.3870967742
PRIMARY_VERIFIED,STRICT_SENSITIVITY,2023,40,1,-0.0192167747912,-0.024175024286,0.000540808304284,0.000574353233893,0.781818181818,245,85021,46.1224489796
PRIMARY_VERIFIED,STRICT_SENSITIVITY,2024,40,1,-0.0122421379987,-0.0160140147583,0.000811110082404,0.000819102352218,0.636363636364,248,123386,43.9516129032
PRIMARY_VERIFIED,STRICT_SENSITIVITY,2025,40,1,-0.0162790186477,-0.0113401107502,-0.000680269324767,-0.000653398227208,-0.806060606061,248,117830,46.3709677419
PRIMARY_VERIFIED,STRICT_SENSITIVITY,2026,40,1,0.0156223976761,0.0157155445274,0.000954124503058,0.000997080141324,0.454545454545,131,69795,54.9618320611
PRIMARY_VERIFIED,STRICT_SENSITIVITY,2021,40,2,-0.0231289090972,-0.01728966824,0.000317873788128,0.000399734624573,0.624242424242,149,46122,40.9395973154
PRIMARY_VERIFIED,STRICT_SENSITIVITY,2022,40,2,-0.0149239165723,-0.00430482323936,0.00100623717935,0.000998027567056,0.0181818181818,248,70221,49.1935483871
PRIMARY_VERIFIED,STRICT_SENSITIVITY,2023,40,2,-0.0122951708846,-0.0113178026306,0.00116846712133,0.00120098735524,0.842424242424,245,84978,44.4897959184
PRIMARY_VERIFIED,STRICT_SENSITIVITY,2024,40,2,-0.0045980880521,-0.00895630959912,0.00173849018478,0.00174845238826,0.854545454545,248,123269,48.3870967742
PRIMARY_VERIFIED,STRICT_SENSITIVITY,2025,40,2,-0.0190465617491,-0.0151982964762,-0.00133390077392,-0.00127958926219,-0.781818181818,248,117746,46.7741935484
PRIMARY_VERIFIED,STRICT_SENSITIVITY,2026,40,2,0.0196056421322,0.0311438665569,0.00212238112859,0.002161451232,0.648484848485,130,69151,60.7692307692
PRIMARY_VERIFIED,STRICT_SENSITIVITY,2021,40,3,-0.0208230309703,-0.0223814142062,0.000960206556337,0.00103381117535,0.551515151515,149,46088,38.255033557
PRIMARY_VERIFIED,STRICT_SENSITIVITY,2022,40,3,-0.015271204109,-0.0102385247263,0.00198149431418,0.00197804075186,-0.0787878787879,248,70184,47.1774193548
PRIMARY_VERIFIED,STRICT_SENSITIVITY,2023,40,3,-0.0102387512666,-0.00589833610161,0.00192855646376,0.0020438623661,0.781818181818,245,84935,48.1632653061
PRIMARY_VERIFIED,STRICT_SENSITIVITY,2024,40,3,0.000862171402374,0.000347483424965,0.00283434719862,0.00288288232325,0.90303030303,248,123152,50
PRIMARY_VERIFIED,STRICT_SENSITIVITY,2025,40,3,-0.020042668908,-0.0150442708772,-0.00169058353183,-0.00161611831793,-0.69696969697,248,117663,44.7580645161
PRIMARY_VERIFIED,STRICT_SENSITIVITY,2026,40,3,0.0260360978467,0.0401227262945,0.00335027949985,0.00343403833105,0.50303030303,129,68512,61.2403100775
PRIMARY_VERIFIED,STRICT_SENSITIVITY,2021,40,5,-0.0174727507418,-0.014002319567,0.00254920906219,0.00259183264675,0.636363636364,149,46023,44.2953020134
PRIMARY_VERIFIED,STRICT_SENSITIVITY,2022,40,5,-0.0155900458094,-0.0134272488612,0.00438954202305,0.00435359168148,-0.030303030303,248,70112,45.564516129
PRIMARY_VERIFIED,STRICT_SENSITIVITY,2023,40,5,-0.00651565573261,-0.00246961609686,0.00388896360689,0.00436979313918,0.769696969697,245,84851,48.9795918367
PRIMARY_VERIFIED,STRICT_SENSITIVITY,2024,40,5,0.00705460588491,0.0121371508141,0.00464887729678,0.00481939514314,0.915151515152,248,122922,54.0322580645
PRIMARY_VERIFIED,STRICT_SENSITIVITY,2025,40,5,-0.0251137383188,-0.0136576290269,-0.00280585279828,-0.00263842790154,-0.636363636364,248,117504,45.564516129
PRIMARY_VERIFIED,STRICT_SENSITIVITY,2026,40,5,0.0311691314152,0.0482506300523,0.00541904414039,0.00565860449822,0.587878787879,127,67237,64.5669291339
PRIMARY_VERIFIED,STRICT_SENSITIVITY,2021,40,10,-0.0183986061861,0.00100170563773,0.00538769660213,0.00541301523034,0.660606060606,149,45897,51.0067114094
PRIMARY_VERIFIED,STRICT_SENSITIVITY,2022,40,10,-0.000396887668293,0.00632947629761,0.0103647859742,0.0103690543435,0.260606060606,248,69937,52.4193548387
PRIMARY_VERIFIED,STRICT_SENSITIVITY,2023,40,10,0.00434708065182,0.0048422744282,0.00726411299048,0.00824047835291,0.927272727273,245,84631,53.0612244898
PRIMARY_VERIFIED,STRICT_SENSITIVITY,2024,40,10,0.0137939130082,0.0116645844922,0.00784834628492,0.00841281572089,0.842424242424,248,122390,54.0322580645
PRIMARY_VERIFIED,STRICT_SENSITIVITY,2025,40,10,-0.0313646654503,-0.0307216851127,-0.00553560044983,-0.00527295839797,-0.50303030303,248,117143,39.1129032258
PRIMARY_VERIFIED,STRICT_SENSITIVITY,2026,40,10,0.0340615809359,0.0443989218074,0.00995874328994,0.0111568698982,0.612121212121,122,64086,57.3770491803
PRIMARY_VERIFIED,STRICT_SENSITIVITY,2021,40,20,-0.00688678797109,-0.00640862096514,0.0122381096165,0.0129254766884,0.636363636364,149,45702,48.322147651
PRIMARY_VERIFIED,STRICT_SENSITIVITY,2022,40,20,0.00129368186278,0.00362549512128,0.0184031212347,0.0194458114694,0.115151515152,248,69596,51.2096774194
PRIMARY_VERIFIED,STRICT_SENSITIVITY,2023,40,20,0.0219646572397,0.0295692806398,0.0171309885028,0.0195101237084,0.987878787879,245,84178,59.1836734694
PRIMARY_VERIFIED,STRICT_SENSITIVITY,2024,40,20,0.0152140087908,0.034543224786,0.0149741822522,0.016237322561,0.890909090909,248,121410,64.1129032258
PRIMARY_VERIFIED,STRICT_SENSITIVITY,2025,40,20,-0.0468925921579,-0.0534119494294,-0.0113598026296,-0.011116965754,-0.648484848485,248,116461,37.0967741935
PRIMARY_VERIFIED,STRICT_SENSITIVITY,2026,40,20,0.0476592477155,0.0692064060167,0.0160850560149,0.0186839141645,0.69696969697,112,57779,70.5357142857
PRIMARY_VERIFIED,STRICT_SENSITIVITY,2021,60,1,-0.027413955806,-0.0173860692153,0.000644043583203,0.000686207561457,0.6,149,45801,42.2818791946
PRIMARY_VERIFIED,STRICT_SENSITIVITY,2022,60,1,-0.00870057123109,-0.0111399998051,0.000772375051225,0.000857331679099,0.29696969697,248,69701,47.9838709677
PRIMARY_VERIFIED,STRICT_SENSITIVITY,2023,60,1,-0.0135768395669,-0.0111302723237,0.00106151022826,0.00113440906667,0.927272727273,245,84740,45.306122449
PRIMARY_VERIFIED,STRICT_SENSITIVITY,2024,60,1,-0.00788406630739,-0.00427810531183,0.000853434311198,0.000844767799725,0.830303030303,248,122279,47.9838709677
PRIMARY_VERIFIED,STRICT_SENSITIVITY,2025,60,1,-0.0165603264827,-0.010588495884,-0.00111243485257,-0.00104723554244,-0.806060606061,248,116636,47.1774193548
PRIMARY_VERIFIED,STRICT_SENSITIVITY,2026,60,1,0.0239153099193,0.0215436399484,0.00110951829626,0.00115567590048,0.830303030303,131,69353,54.9618320611
PRIMARY_VERIFIED,STRICT_SENSITIVITY,2021,60,2,-0.0235533168249,-0.018529598954,0.00131983833234,0.00146947372531,0.612121212121,149,45771,40.2684563758
PRIMARY_VERIFIED,STRICT_SENSITIVITY,2022,60,2,-0.00594251837058,-0.00384799861476,0.00160709071463,0.00172549602901,0.309090909091,248,69662,48.7903225806
PRIMARY_VERIFIED,STRICT_SENSITIVITY,2023,60,2,-0.0030437728485,0.00359947267786,0.00201376092002,0.00216568637504,0.927272727273,245,84697,52.2448979592
PRIMARY_VERIFIED,STRICT_SENSITIVITY,2024,60,2,-0.000172372891017,-0.00742900100279,0.00154374101743,0.00152297249458,0.854545454545,248,122167,47.1774193548
PRIMARY_VERIFIED,STRICT_SENSITIVITY,2025,60,2,-0.0203147180819,-0.00307656848841,-0.00211770280309,-0.00199241667994,-0.69696969697,248,116556,49.1935483871
PRIMARY_VERIFIED,STRICT_SENSITIVITY,2026,60,2,0.0276520209444,0.0195092125976,0.00220364190626,0.00227694627055,0.769696969697,130,68713,57.6923076923
PRIMARY_VERIFIED,STRICT_SENSITIVITY,2021,60,3,-0.02145140837,-0.0215660182907,0.00232061902872,0.00245824726563,0.648484848485,149,45737,40.2684563758
PRIMARY_VERIFIED,STRICT_SENSITIVITY,2022,60,3,-0.00426377717756,0.00369399416579,0.002911619565,0.00305934745774,0.357575757576,248,69625,50.8064516129
PRIMARY_VERIFIED,STRICT_SENSITIVITY,2023,60,3,0.00114158607956,0.00663697716349,0.00321398303328,0.00352299145668,0.927272727273,245,84654,52.6530612245
PRIMARY_VERIFIED,STRICT_SENSITIVITY,2024,60,3,0.00395830629547,0.000673400532179,0.00263408785754,0.00262770362462,0.854545454545,248,122056,50.4032258065
PRIMARY_VERIFIED,STRICT_SENSITIVITY,2025,60,3,-0.0241584426101,-0.0077541089067,-0.00303136722497,-0.00284372658184,-0.757575757576,248,116476,47.1774193548
PRIMARY_VERIFIED,STRICT_SENSITIVITY,2026,60,3,0.0351745336154,0.0383539784765,0.00311469924478,0.00323506151386,0.709090909091,129,68078,61.2403100775
PRIMARY_VERIFIED,STRICT_SENSITIVITY,2021,60,5,-0.0165202323199,-0.0213431479845,0.00478381284907,0.00486280414974,0.539393939394,149,45672,42.2818791946
PRIMARY_VERIFIED,STRICT_SENSITIVITY,2022,60,5,-0.000653674411702,0.00247942145337,0.00558503391873,0.00582673884526,0.551515151515,248,69553,50.8064516129
PRIMARY_VERIFIED,STRICT_SENSITIVITY,2023,60,5,0.00770264976579,0.0130035554016,0.00618848199913,0.00680903523151,0.975757575758,245,84570,54.2857142857
PRIMARY_VERIFIED,STRICT_SENSITIVITY,2024,60,5,0.00935251806139,0.00696521041398,0.00451430280494,0.00453198055832,0.939393939394,248,121836,50.8064516129
PRIMARY_VERIFIED,STRICT_SENSITIVITY,2025,60,5,-0.03245636611,-0.0218427168987,-0.00488895694877,-0.00462333694813,-0.69696969697,248,116321,41.5322580645
PRIMARY_VERIFIED,STRICT_SENSITIVITY,2026,60,5,0.043237864658,0.0592915581517,0.0047159380689,0.00490763408656,0.69696969697,127,66811,62.9921259843
PRIMARY_VERIFIED,STRICT_SENSITIVITY,2021,60,10,-0.0121077622066,-0.0195316526868,0.00886351380027,0.00906395860765,0.393939393939,149,45546,44.966442953
PRIMARY_VERIFIED,STRICT_SENSITIVITY,2022,60,10,0.0190618032342,0.029717845009,0.0128342660516,0.0134572435108,0.781818181818,248,69380,57.6612903226
PRIMARY_VERIFIED,STRICT_SENSITIVITY,2023,60,10,0.0207049242743,0.031673584216,0.0119601401163,0.0127510932531,0.987878787879,245,84350,57.5510204082
PRIMARY_VERIFIED,STRICT_SENSITIVITY,2024,60,10,0.0164730034162,0.0134528436296,0.00893138210666,0.00891737589063,0.939393939394,248,121325,55.2419354839
PRIMARY_VERIFIED,STRICT_SENSITIVITY,2025,60,10,-0.0434583424435,-0.0341666201494,-0.00774508290341,-0.00759265481295,-0.648484848485,248,115966,36.2903225806
PRIMARY_VERIFIED,STRICT_SENSITIVITY,2026,60,10,0.0431487777853,0.0460410794544,0.00770894215451,0.00842135831472,0.69696969697,122,63675,59.0163934426
PRIMARY_VERIFIED,STRICT_SENSITIVITY,2021,60,20,0.0128697592233,0.0242989336601,0.0156751703556,0.016069685444,0.478787878788,149,45351,58.389261745
PRIMARY_VERIFIED,STRICT_SENSITIVITY,2022,60,20,0.0314827302433,0.0381192066529,0.0236540621503,0.025317371588,0.878787878788,248,69051,64.1129032258
PRIMARY_VERIFIED,STRICT_SENSITIVITY,2023,60,20,0.0408816297952,0.0456129390321,0.0239899042523,0.0259356822354,1,245,83897,65.306122449
PRIMARY_VERIFIED,STRICT_SENSITIVITY,2024,60,20,0.0114133868914,0.024581468043,0.0113417543104,0.0116633524921,0.987878787879,248,120374,60.8870967742
PRIMARY_VERIFIED,STRICT_SENSITIVITY,2025,60,20,-0.0624151318605,-0.0601093576153,-0.0118304810838,-0.0117434431577,-0.551515151515,248,115290,29.435483871
PRIMARY_VERIFIED,STRICT_SENSITIVITY,2026,60,20,0.0480354518413,0.0650065938474,0.00929888989168,0.011256761643,0.721212121212,112,57390,66.9642857143
BROAD_SENSITIVITY,STRICT_SENSITIVITY,2021,5,1,-0.0280824493435,-0.0298125403339,0.00071340713191,0.000721873387075,-0.260606060606,149,46741,39.5973154362
BROAD_SENSITIVITY,STRICT_SENSITIVITY,2022,5,1,-0.0264075164775,-0.0210223784049,-0.00126683568608,-0.00122448603463,-0.672727272727,248,71050,43.1451612903
BROAD_SENSITIVITY,STRICT_SENSITIVITY,2023,5,1,-0.0274223561259,-0.0240985197098,8.91519641746e-05,0.000116593639629,-0.10303030303,245,85609,37.5510204082
BROAD_SENSITIVITY,STRICT_SENSITIVITY,2024,5,1,-0.02729414711,-0.0207032895743,-0.000733318665339,-0.000662657173661,-0.527272727273,248,125062,43.9516129032
BROAD_SENSITIVITY,STRICT_SENSITIVITY,2025,5,1,-0.0237094715421,-0.00894811974324,-0.000785529255085,-0.000746284958118,-0.745454545455,248,119522,45.1612903226
BROAD_SENSITIVITY,STRICT_SENSITIVITY,2026,5,1,-0.0105738868063,-0.00753160112459,-1.63923734652e-06,-3.31895923971e-05,-0.0787878787879,171,94785,47.9532163743
BROAD_SENSITIVITY,STRICT_SENSITIVITY,2021,5,2,-0.0406834488207,-0.0350450433512,0.000233751328433,0.000273547795906,-0.29696969697,149,46709,37.5838926174
BROAD_SENSITIVITY,STRICT_SENSITIVITY,2022,5,2,-0.0406791717199,-0.0357005663025,-0.00311145711694,-0.00297799656021,-0.951515151515,248,71011,38.7096774194
BROAD_SENSITIVITY,STRICT_SENSITIVITY,2023,5,2,-0.0329588881036,-0.0228068399348,-0.000269301448415,-0.000188432849234,-0.284848484848,245,85565,37.9591836735
BROAD_SENSITIVITY,STRICT_SENSITIVITY,2024,5,2,-0.0309522615689,-0.0230382057292,-0.000718470189625,-0.000584242296162,-0.684848484848,248,124944,39.1129032258
BROAD_SENSITIVITY,STRICT_SENSITIVITY,2025,5,2,-0.0299173818427,-0.0238358047681,-0.00154933705276,-0.00146568938908,-0.721212121212,248,119436,41.5322580645
BROAD_SENSITIVITY,STRICT_SENSITIVITY,2026,5,2,-0.0137629800035,-0.0162354391809,-0.000214300514896,-0.000247181940569,-0.357575757576,170,94119,44.7058823529
BROAD_SENSITIVITY,STRICT_SENSITIVITY,2021,5,3,-0.0416027072169,-0.0396962506118,-0.000548958086172,-0.000481869227086,-0.478787878788,149,46674,34.8993288591
BROAD_SENSITIVITY,STRICT_SENSITIVITY,2022,5,3,-0.0500143372833,-0.0418905747121,-0.00434578127488,-0.00415190154103,-0.951515151515,248,70974,36.6935483871
BROAD_SENSITIVITY,STRICT_SENSITIVITY,2023,5,3,-0.0298876379651,-0.0200892662792,0.000250575458953,0.000510964326535,-0.115151515152,245,85521,39.5918367347
BROAD_SENSITIVITY,STRICT_SENSITIVITY,2024,5,3,-0.0292656905564,-0.0169905705496,-0.000620485368828,-0.000491321646286,-0.527272727273,248,124826,44.3548387097
BROAD_SENSITIVITY,STRICT_SENSITIVITY,2025,5,3,-0.0317297739444,-0.0183344661966,-0.00225436781752,-0.00208351774423,-0.806060606061,248,119352,41.5322580645
BROAD_SENSITIVITY,STRICT_SENSITIVITY,2026,5,3,-0.0104489041236,-0.00575048594944,0.000242705322741,0.000173855076297,-0.115151515152,169,93465,48.5207100592
BROAD_SENSITIVITY,STRICT_SENSITIVITY,2021,5,5,-0.0391237617566,-0.0347829301473,-0.000893733822608,-0.000792544083886,-0.575757575758,149,46608,30.8724832215
BROAD_SENSITIVITY,STRICT_SENSITIVITY,2022,5,5,-0.0553925663626,-0.0517573229221,-0.00646216667849,-0.00614710749889,-0.951515151515,248,70902,35.4838709677
BROAD_SENSITIVITY,STRICT_SENSITIVITY,2023,5,5,-0.0259976170851,-0.0217523514902,0.00204157779376,0.0025747874065,-0.115151515152,245,85436,42.0408163265
BROAD_SENSITIVITY,STRICT_SENSITIVITY,2024,5,5,-0.0318590231862,-0.0186672627857,-0.00218162605199,-0.00194190434358,-0.757575757576,248,124592,42.7419354839
BROAD_SENSITIVITY,STRICT_SENSITIVITY,2025,5,5,-0.0314124939604,-0.0258194659428,-0.00291835941193,-0.00262485222732,-0.90303030303,248,119193,40.3225806452
BROAD_SENSITIVITY,STRICT_SENSITIVITY,2026,5,5,-0.0053787393709,-0.00427859739447,0.00114428677997,0.00100214073839,-0.030303030303,167,92150,46.7065868263
BROAD_SENSITIVITY,STRICT_SENSITIVITY,2021,5,10,-0.0314857270675,-0.0372222016404,-0.00262319526774,-0.00259465119371,-0.284848484848,149,46482,39.5973154362
BROAD_SENSITIVITY,STRICT_SENSITIVITY,2022,5,10,-0.0350506881768,-0.0278757835147,-0.0058450240179,-0.00567257305528,-0.854545454545,248,70727,39.9193548387
BROAD_SENSITIVITY,STRICT_SENSITIVITY,2023,5,10,-0.0199229267879,-0.0175753133531,0.002487146518,0.00294079373222,-0.127272727273,245,85216,40
BROAD_SENSITIVITY,STRICT_SENSITIVITY,2024,5,10,-0.0287130930036,-0.0133562399056,-0.00333282402113,-0.00273735540817,-0.636363636364,248,124049,43.5483870968
BROAD_SENSITIVITY,STRICT_SENSITIVITY,2025,5,10,-0.010768823023,-0.0086082331289,-0.000176474812112,-1.92289597507e-05,-0.309090909091,248,118832,47.1774193548
BROAD_SENSITIVITY,STRICT_SENSITIVITY,2026,5,10,-0.00267053368244,0.00915099674833,0.00366651050205,0.00405930932665,0.357575757576,162,88855,53.7037037037
BROAD_SENSITIVITY,STRICT_SENSITIVITY,2021,5,20,-0.0146670725984,-0.00386198309554,-0.00217782332757,-0.00192790900804,-0.0787878787879,149,46287,47.6510067114
BROAD_SENSITIVITY,STRICT_SENSITIVITY,2022,5,20,-0.0191207427487,-0.00256431260553,-0.00142611938046,-0.000623468201771,-0.466666666667,248,70386,49.1935483871
BROAD_SENSITIVITY,STRICT_SENSITIVITY,2023,5,20,-0.00330389543933,-0.0032378016224,0.00337221597241,0.0043302077775,0.0545454545455,245,84763,49.387755102
BROAD_SENSITIVITY,STRICT_SENSITIVITY,2024,5,20,-0.00106407774621,0.0113527603626,0.0014121297806,0.00241911549383,0.69696969697,248,123052,56.8548387097
BROAD_SENSITIVITY,STRICT_SENSITIVITY,2025,5,20,-0.00716442726768,-0.0108006658352,0.00291260702533,0.00289616356321,0.357575757576,248,118150,44.7580645161
BROAD_SENSITIVITY,STRICT_SENSITIVITY,2026,5,20,-0.0229402065104,-0.00605906139713,-0.00440426348532,-0.00347263906103,-0.575757575758,152,82278,46.7105263158
BROAD_SENSITIVITY,STRICT_SENSITIVITY,2021,10,1,-0.030625616904,-0.0298182417997,-0.000225725926073,-0.000176242106558,0.139393939394,149,46671,38.255033557
BROAD_SENSITIVITY,STRICT_SENSITIVITY,2022,10,1,-0.0317274658219,-0.0225203516996,-0.000872091672762,-0.000822176803423,-0.842424242424,248,70957,39.5161290323
BROAD_SENSITIVITY,STRICT_SENSITIVITY,2023,10,1,-0.0238910432709,-0.0159939248788,0.000389177600647,0.000454482011477,-0.212121212121,245,85541,44.4897959184
BROAD_SENSITIVITY,STRICT_SENSITIVITY,2024,10,1,-0.0331320027504,-0.0332370462421,-0.00125148587302,-0.00123306981046,-0.575757575758,248,124857,38.7096774194
BROAD_SENSITIVITY,STRICT_SENSITIVITY,2025,10,1,-0.0117530250549,-0.00729409169024,-0.000351552435688,-0.000320493171847,-0.612121212121,248,119318,48.3870967742
BROAD_SENSITIVITY,STRICT_SENSITIVITY,2026,10,1,-0.0065463801171,-0.000275252875371,0.000229102513436,0.000290413932002,0.139393939394,171,94689,49.7076023392
BROAD_SENSITIVITY,STRICT_SENSITIVITY,2021,10,2,-0.03664727352,-0.0274550535879,-0.000702182455434,-0.000616619200244,-0.139393939394,149,46639,40.2684563758
BROAD_SENSITIVITY,STRICT_SENSITIVITY,2022,10,2,-0.0408292157058,-0.0296758891552,-0.00168771612763,-0.00155087856347,-0.878787878788,248,70918,37.9032258065
BROAD_SENSITIVITY,STRICT_SENSITIVITY,2023,10,2,-0.0243819401674,-0.0244261515122,0.000713279702485,0.000885982146196,-0.357575757576,245,85497,40.4081632653
BROAD_SENSITIVITY,STRICT_SENSITIVITY,2024,10,2,-0.0378245556887,-0.0292362594259,-0.0026839451999,-0.00261943349669,-0.515151515152,248,124739,37.9032258065
BROAD_SENSITIVITY,STRICT_SENSITIVITY,2025,10,2,-0.0124462645656,-0.00568760550123,-0.000767733513463,-0.000717251976499,-0.248484848485,248,119232,47.5806451613
BROAD_SENSITIVITY,STRICT_SENSITIVITY,2026,10,2,-0.00786160726791,0.0060840818956,0.000626803206552,0.000726900254118,0.284848484848,170,94023,52.3529411765
BROAD_SENSITIVITY,STRICT_SENSITIVITY,2021,10,3,-0.0364292979878,-0.0384875709331,-0.000212229018983,-0.00011473322557,-0.212121212121,149,46604,35.5704697987
BROAD_SENSITIVITY,STRICT_SENSITIVITY,2022,10,3,-0.0427546470447,-0.0323094932553,-0.00206851995017,-0.00188151018358,-0.890909090909,248,70881,38.3064516129
BROAD_SENSITIVITY,STRICT_SENSITIVITY,2023,10,3,-0.0226172214781,-0.0209960416727,0.00157857356284,0.00190074474248,-0.309090909091,245,85453,42.4489795918
BROAD_SENSITIVITY,STRICT_SENSITIVITY,2024,10,3,-0.0377488325198,-0.0310984990931,-0.00303114195028,-0.00290744229947,-0.466666666667,248,124621,37.5
BROAD_SENSITIVITY,STRICT_SENSITIVITY,2025,10,3,-0.0108858004612,0.000591366362026,-0.000719249731939,-0.000606399526302,0.0181818181818,248,119148,50
BROAD_SENSITIVITY,STRICT_SENSITIVITY,2026,10,3,-0.00287037122052,0.0144287531826,0.00221139859448,0.0023541991089,0.29696969697,169,93369,59.7633136095
BROAD_SENSITIVITY,STRICT_SENSITIVITY,2021,10,5,-0.0326198443765,-0.0225034180489,0.000800289732038,0.000935279566743,-0.0545454545455,149,46538,40.9395973154
BROAD_SENSITIVITY,STRICT_SENSITIVITY,2022,10,5,-0.0399306300407,-0.0296309324293,-0.00146461483927,-0.00114529546859,-0.818181818182,248,70809,37.5
BROAD_SENSITIVITY,STRICT_SENSITIVITY,2023,10,5,-0.0164921474414,-0.0124206067942,0.00296878937185,0.00347577070548,-0.0181818181818,245,85368,44.4897959184
BROAD_SENSITIVITY,STRICT_SENSITIVITY,2024,10,5,-0.0337692304255,-0.0272896083423,-0.00269341998338,-0.00239838328676,-0.612121212121,248,124387,36.2903225806
BROAD_SENSITIVITY,STRICT_SENSITIVITY,2025,10,5,-0.00979544784038,-0.0179914818705,-0.000528032010923,-0.000361407788645,-0.115151515152,248,118989,44.3548387097
BROAD_SENSITIVITY,STRICT_SENSITIVITY,2026,10,5,0.00194791977254,0.019498274992,0.00423066574992,0.00457824120631,0.272727272727,167,92054,56.2874251497
BROAD_SENSITIVITY,STRICT_SENSITIVITY,2021,10,10,-0.0265629098747,-0.0159233363931,-0.00014310181159,-4.44876923795e-05,0.115151515152,149,46412,42.9530201342
BROAD_SENSITIVITY,STRICT_SENSITIVITY,2022,10,10,-0.019149765649,-0.00739218664564,0.00248105059319,0.00276148063543,-0.224242424242,248,70634,45.564516129
BROAD_SENSITIVITY,STRICT_SENSITIVITY,2023,10,10,-0.00752991368563,-2.63423183009e-06,0.00438463010511,0.00455968259697,0.0787878787879,245,85148,49.7959183673
BROAD_SENSITIVITY,STRICT_SENSITIVITY,2024,10,10,-0.0190372484472,-0.0130637967305,-0.000681633315239,-4.10510468278e-05,0.163636363636,248,123844,45.9677419355
BROAD_SENSITIVITY,STRICT_SENSITIVITY,2025,10,10,0.000414049088937,-0.00212310316582,0.00115958641562,0.00132234849638,0.648484848485,248,118628,49.1935483871
BROAD_SENSITIVITY,STRICT_SENSITIVITY,2026,10,10,-0.00513890650377,0.00328758929776,0.0057766000467,0.00692549554596,0.10303030303,162,88759,51.2345679012
BROAD_SENSITIVITY,STRICT_SENSITIVITY,2021,10,20,0.00181621068105,0.0154257999677,0.00133553861225,0.00163108515981,0.393939393939,149,46217,59.0604026846
BROAD_SENSITIVITY,STRICT_SENSITIVITY,2022,10,20,-0.00135475536038,0.0121113331967,0.0097780874078,0.0108087147007,0.50303030303,248,70293,54.8387096774
BROAD_SENSITIVITY,STRICT_SENSITIVITY,2023,10,20,8.75650631134e-05,0.0059714631715,0.00641078902947,0.00738697413777,0.345454545455,245,84695,51.4285714286
BROAD_SENSITIVITY,STRICT_SENSITIVITY,2024,10,20,-0.000860318473683,0.00887834984086,0.00471893542098,0.00627372714092,0.927272727273,248,122847,54.435483871
BROAD_SENSITIVITY,STRICT_SENSITIVITY,2025,10,20,-0.00447042871643,-0.000214492502796,0.00383407131454,0.00382228699102,0.563636363636,248,117946,49.5967741935
BROAD_SENSITIVITY,STRICT_SENSITIVITY,2026,10,20,-0.0337244736625,-0.0336528043112,-0.00195193375848,-0.00027053630061,-0.648484848485,152,82182,36.1842105263
BROAD_SENSITIVITY,STRICT_SENSITIVITY,2021,20,1,-0.0283579862543,-0.0260220441819,0.000146539785045,0.000203970547584,0.563636363636,149,46525,41.610738255
BROAD_SENSITIVITY,STRICT_SENSITIVITY,2022,20,1,-0.0233330701607,-0.0131264787796,0.000223461895175,0.00025628833053,-0.2,248,70753,46.3709677419
BROAD_SENSITIVITY,STRICT_SENSITIVITY,2023,20,1,-0.0172861759665,-0.00943820633679,0.000756851932832,0.000761438998129,0.709090909091,245,85392,46.1224489796
BROAD_SENSITIVITY,STRICT_SENSITIVITY,2024,20,1,-0.0176323600449,-0.0160571007621,0.000382628570984,0.000357351692159,0.539393939394,248,124422,43.5483870968
BROAD_SENSITIVITY,STRICT_SENSITIVITY,2025,20,1,-0.0105350086521,0.00592415273531,-0.000124061528683,-0.000101819718021,-0.563636363636,248,118885,52.4193548387
BROAD_SENSITIVITY,STRICT_SENSITIVITY,2026,20,1,-0.0108997233989,-0.00955132254646,-0.000149125028562,-3.87637160339e-05,-0.0787878787879,171,94454,46.1988304094
BROAD_SENSITIVITY,STRICT_SENSITIVITY,2021,20,2,-0.0249362566318,-0.00380640572562,0.000393933490836,0.000467704869047,0.672727272727,149,46494,46.9798657718
BROAD_SENSITIVITY,STRICT_SENSITIVITY,2022,20,2,-0.0257244399402,-0.0113440469551,-9.82143319483e-05,-7.80038535467e-06,-0.551515151515,248,70714,46.3709677419
BROAD_SENSITIVITY,STRICT_SENSITIVITY,2023,20,2,-0.0109507354095,-0.0127144811381,0.00133240909452,0.00135443171637,0.769696969697,245,85349,45.306122449
BROAD_SENSITIVITY,STRICT_SENSITIVITY,2024,20,2,-0.0114754874539,-0.00908446529603,0.00108601573368,0.001071258682,0.745454545455,248,124304,46.7741935484
BROAD_SENSITIVITY,STRICT_SENSITIVITY,2025,20,2,-0.0113684166443,-0.00530963217939,-0.000104771801545,-4.51369466722e-05,-0.345454545455,248,118800,47.9838709677
BROAD_SENSITIVITY,STRICT_SENSITIVITY,2026,20,2,-0.0146308719256,-0.000193620417366,-0.000413179865854,-0.000181154913634,-0.0545454545455,170,93789,50
BROAD_SENSITIVITY,STRICT_SENSITIVITY,2021,20,3,-0.0202722660345,-0.0153098854587,0.000887282964411,0.000963702020652,0.721212121212,149,46459,44.2953020134
BROAD_SENSITIVITY,STRICT_SENSITIVITY,2022,20,3,-0.0269260804763,-0.0223242175292,0.000195544191521,0.000320071592136,-0.357575757576,248,70677,43.1451612903
BROAD_SENSITIVITY,STRICT_SENSITIVITY,2023,20,3,-0.00819140023671,-0.00497851625789,0.00211103889023,0.00219691237533,0.806060606061,245,85306,46.5306122449
BROAD_SENSITIVITY,STRICT_SENSITIVITY,2024,20,3,-0.0076049327287,-0.00559043487824,0.00218259784865,0.0021898252088,0.842424242424,248,124186,47.1774193548
BROAD_SENSITIVITY,STRICT_SENSITIVITY,2025,20,3,-0.0113358566661,-0.0158879098515,-1.99999413945e-05,0.000103141221597,-0.345454545455,248,118716,44.3548387097
BROAD_SENSITIVITY,STRICT_SENSITIVITY,2026,20,3,-0.0126023712448,0.000975398285254,-2.44253846965e-05,0.000280247077969,0.163636363636,169,93135,52.0710059172
BROAD_SENSITIVITY,STRICT_SENSITIVITY,2021,20,5,-0.00961466976608,0.00196873881398,0.00140868384972,0.0013990479975,0.660606060606,149,46394,53.0201342282
BROAD_SENSITIVITY,STRICT_SENSITIVITY,2022,20,5,-0.0268487751169,-0.0130278337696,0.00132033819099,0.00158408618024,-0.236363636364,248,70605,45.1612903226
BROAD_SENSITIVITY,STRICT_SENSITIVITY,2023,20,5,-0.0027240536001,0.00559517438115,0.00322561739579,0.00345865042116,0.878787878788,245,85222,53.0612244898
BROAD_SENSITIVITY,STRICT_SENSITIVITY,2024,20,5,-0.00134579725783,0.00382290864918,0.00438078694784,0.00446645485334,0.854545454545,248,123952,50.8064516129
BROAD_SENSITIVITY,STRICT_SENSITIVITY,2025,20,5,-0.0170912664145,-0.0239217608297,-0.000263714076699,-5.62992230735e-05,-0.648484848485,248,118557,41.935483871
BROAD_SENSITIVITY,STRICT_SENSITIVITY,2026,20,5,-0.0110227719087,0.0125013205299,0.000669655526292,0.00105867724584,0.442424242424,167,91823,53.8922155689
BROAD_SENSITIVITY,STRICT_SENSITIVITY,2021,20,10,0.00220309093593,0.012749046171,0.00260180779886,0.00245514893595,0.624242424242,149,46268,57.0469798658
BROAD_SENSITIVITY,STRICT_SENSITIVITY,2022,20,10,-0.00588301757958,0.00446576761597,0.00677618595492,0.00712045766376,0.406060606061,248,70430,51.2096774194
BROAD_SENSITIVITY,STRICT_SENSITIVITY,2023,20,10,0.00136111610344,0.00179531261491,0.00519219409358,0.00549864154995,0.672727272727,245,85002,50.612244898
BROAD_SENSITIVITY,STRICT_SENSITIVITY,2024,20,10,0.00572369632876,0.00926108306584,0.00967440513241,0.0102423580644,0.842424242424,248,123409,54.0322580645
BROAD_SENSITIVITY,STRICT_SENSITIVITY,2025,20,10,-0.0184757156553,-0.0196928444212,0.0014446498308,0.00168579900287,-0.442424242424,248,118196,44.3548387097
BROAD_SENSITIVITY,STRICT_SENSITIVITY,2026,20,10,-0.0214708026298,-0.0111326345341,0.000558023139715,0.00126727585336,0.260606060606,162,88529,48.1481481481
BROAD_SENSITIVITY,STRICT_SENSITIVITY,2021,20,20,0.00221583097929,0.0016073727136,0.00563977980482,0.00571419624796,0.50303030303,149,46073,50.3355704698
BROAD_SENSITIVITY,STRICT_SENSITIVITY,2022,20,20,-0.00177080345,0.00261397512831,0.0129763730465,0.0138013035626,0.490909090909,248,70089,51.2096774194
BROAD_SENSITIVITY,STRICT_SENSITIVITY,2023,20,20,0.00816968678562,0.013202133769,0.00945659675378,0.0107648801483,0.672727272727,245,84549,54.2857142857
BROAD_SENSITIVITY,STRICT_SENSITIVITY,2024,20,20,0.00987000043898,0.0238080657194,0.0183193012755,0.0203384042512,0.927272727273,248,122413,56.8548387097
BROAD_SENSITIVITY,STRICT_SENSITIVITY,2025,20,20,-0.025591185312,-0.0311456622654,-0.00101195882003,-0.000919209963681,-0.709090909091,248,117514,43.1451612903
BROAD_SENSITIVITY,STRICT_SENSITIVITY,2026,20,20,-0.0276275114603,-0.0211755218181,-0.00138170155272,-0.000302150566911,-0.151515151515,152,81953,40.1315789474
BROAD_SENSITIVITY,STRICT_SENSITIVITY,2021,40,1,-0.027435408072,-0.017845330935,9.00211047516e-05,0.000137520150894,0.551515151515,149,46152,43.6241610738
BROAD_SENSITIVITY,STRICT_SENSITIVITY,2022,40,1,-0.0162122764483,-0.00246699386944,0.000288736159172,0.000274107157356,0.0787878787879,248,70260,48.3870967742
BROAD_SENSITIVITY,STRICT_SENSITIVITY,2023,40,1,-0.0192167747912,-0.024175024286,0.000540808304284,0.000574353233893,0.781818181818,245,85021,46.1224489796
BROAD_SENSITIVITY,STRICT_SENSITIVITY,2024,40,1,-0.0122421379987,-0.0160140147583,0.000811110082404,0.000819102352218,0.636363636364,248,123386,43.9516129032
BROAD_SENSITIVITY,STRICT_SENSITIVITY,2025,40,1,-0.0162790186477,-0.0113401107502,-0.000680269324767,-0.000653398227208,-0.806060606061,248,117830,46.3709677419
BROAD_SENSITIVITY,STRICT_SENSITIVITY,2026,40,1,0.00855751330892,0.0125878376417,0.000778912813295,0.000810033058353,0.527272727273,171,93839,52.0467836257
BROAD_SENSITIVITY,STRICT_SENSITIVITY,2021,40,2,-0.0231289090972,-0.01728966824,0.000317873788128,0.000399734624573,0.624242424242,149,46122,40.9395973154
BROAD_SENSITIVITY,STRICT_SENSITIVITY,2022,40,2,-0.0149239165723,-0.00430482323936,0.00100623717935,0.000998027567056,0.0181818181818,248,70221,49.1935483871
BROAD_SENSITIVITY,STRICT_SENSITIVITY,2023,40,2,-0.0122951708846,-0.0113178026306,0.00116846712133,0.00120098735524,0.842424242424,245,84978,44.4897959184
BROAD_SENSITIVITY,STRICT_SENSITIVITY,2024,40,2,-0.0045980880521,-0.00895630959912,0.00173849018478,0.00174845238826,0.854545454545,248,123269,48.3870967742
BROAD_SENSITIVITY,STRICT_SENSITIVITY,2025,40,2,-0.0190465617491,-0.0151982964762,-0.00133390077392,-0.00127958926219,-0.781818181818,248,117746,46.7741935484
BROAD_SENSITIVITY,STRICT_SENSITIVITY,2026,40,2,0.0129616798147,0.016346581014,0.00170916497238,0.00173128695628,0.587878787879,170,93179,58.8235294118
BROAD_SENSITIVITY,STRICT_SENSITIVITY,2021,40,3,-0.0208230309703,-0.0223814142062,0.000960206556337,0.00103381117535,0.551515151515,149,46088,38.255033557
BROAD_SENSITIVITY,STRICT_SENSITIVITY,2022,40,3,-0.015271204109,-0.0102385247263,0.00198149431418,0.00197804075186,-0.0787878787879,248,70184,47.1774193548
BROAD_SENSITIVITY,STRICT_SENSITIVITY,2023,40,3,-0.0102387512666,-0.00589833610161,0.00192855646376,0.0020438623661,0.781818181818,245,84935,48.1632653061
BROAD_SENSITIVITY,STRICT_SENSITIVITY,2024,40,3,0.000862171402374,0.000347483424965,0.00283434719862,0.00288288232325,0.90303030303,248,123152,50
BROAD_SENSITIVITY,STRICT_SENSITIVITY,2025,40,3,-0.020042668908,-0.0150442708772,-0.00169058353183,-0.00161611831793,-0.69696969697,248,117663,44.7580645161
BROAD_SENSITIVITY,STRICT_SENSITIVITY,2026,40,3,0.0194474979696,0.0298877194238,0.00274547743844,0.00279307987099,0.612121212121,169,92531,57.9881656805
BROAD_SENSITIVITY,STRICT_SENSITIVITY,2021,40,5,-0.0174727507418,-0.014002319567,0.00254920906219,0.00259183264675,0.636363636364,149,46023,44.2953020134
BROAD_SENSITIVITY,STRICT_SENSITIVITY,2022,40,5,-0.0155900458094,-0.0134272488612,0.00438954202305,0.00435359168148,-0.030303030303,248,70112,45.564516129
BROAD_SENSITIVITY,STRICT_SENSITIVITY,2023,40,5,-0.00651565573261,-0.00246961609686,0.00388896360689,0.00436979313918,0.769696969697,245,84851,48.9795918367
BROAD_SENSITIVITY,STRICT_SENSITIVITY,2024,40,5,0.00705460588491,0.0121371508141,0.00464887729678,0.00481939514314,0.915151515152,248,122922,54.0322580645
BROAD_SENSITIVITY,STRICT_SENSITIVITY,2025,40,5,-0.0251137383188,-0.0136576290269,-0.00280585279828,-0.00263842790154,-0.636363636364,248,117504,45.564516129
BROAD_SENSITIVITY,STRICT_SENSITIVITY,2026,40,5,0.0234017717025,0.035847466976,0.00467350215535,0.00483880904315,0.575757575758,167,91228,60.4790419162
BROAD_SENSITIVITY,STRICT_SENSITIVITY,2021,40,10,-0.0183986061861,0.00100170563773,0.00538769660213,0.00541301523034,0.660606060606,149,45897,51.0067114094
BROAD_SENSITIVITY,STRICT_SENSITIVITY,2022,40,10,-0.000396887668293,0.00632947629761,0.0103647859742,0.0103690543435,0.260606060606,248,69937,52.4193548387
BROAD_SENSITIVITY,STRICT_SENSITIVITY,2023,40,10,0.00434708065182,0.0048422744282,0.00726411299048,0.00824047835291,0.927272727273,245,84631,53.0612244898
BROAD_SENSITIVITY,STRICT_SENSITIVITY,2024,40,10,0.0137939130082,0.0116645844922,0.00784834628492,0.00841281572089,0.842424242424,248,122390,54.0322580645
BROAD_SENSITIVITY,STRICT_SENSITIVITY,2025,40,10,-0.0313646654503,-0.0307216851127,-0.00553560044983,-0.00527295839797,-0.50303030303,248,117143,39.1129032258
BROAD_SENSITIVITY,STRICT_SENSITIVITY,2026,40,10,0.0252287779996,0.03382764985,0.00813991252782,0.00885017024463,0.636363636364,162,87955,55.5555555556
BROAD_SENSITIVITY,STRICT_SENSITIVITY,2021,40,20,-0.00688678797109,-0.00640862096514,0.0122381096165,0.0129254766884,0.636363636364,149,45702,48.322147651
BROAD_SENSITIVITY,STRICT_SENSITIVITY,2022,40,20,0.00129368186278,0.00362549512128,0.0184031212347,0.0194458114694,0.115151515152,248,69596,51.2096774194
BROAD_SENSITIVITY,STRICT_SENSITIVITY,2023,40,20,0.0219646572397,0.0295692806398,0.0171309885028,0.0195101237084,0.987878787879,245,84178,59.1836734694
BROAD_SENSITIVITY,STRICT_SENSITIVITY,2024,40,20,0.0152140087908,0.034543224786,0.0149741822522,0.016237322561,0.890909090909,248,121410,64.1129032258
BROAD_SENSITIVITY,STRICT_SENSITIVITY,2025,40,20,-0.0468925921579,-0.0534119494294,-0.0113598026296,-0.011116965754,-0.648484848485,248,116461,37.0967741935
BROAD_SENSITIVITY,STRICT_SENSITIVITY,2026,40,20,0.0293719372115,0.0464797380162,0.0114999169261,0.0126083985555,0.69696969697,152,81428,63.8157894737
BROAD_SENSITIVITY,STRICT_SENSITIVITY,2021,60,1,-0.027413955806,-0.0173860692153,0.000644043583203,0.000686207561457,0.6,149,45801,42.2818791946
BROAD_SENSITIVITY,STRICT_SENSITIVITY,2022,60,1,-0.00870057123109,-0.0111399998051,0.000772375051225,0.000857331679099,0.29696969697,248,69701,47.9838709677
BROAD_SENSITIVITY,STRICT_SENSITIVITY,2023,60,1,-0.0135768395669,-0.0111302723237,0.00106151022826,0.00113440906667,0.927272727273,245,84740,45.306122449
BROAD_SENSITIVITY,STRICT_SENSITIVITY,2024,60,1,-0.00788406630739,-0.00427810531183,0.000853434311198,0.000844767799725,0.830303030303,248,122279,47.9838709677
BROAD_SENSITIVITY,STRICT_SENSITIVITY,2025,60,1,-0.0165603264827,-0.010588495884,-0.00111243485257,-0.00104723554244,-0.806060606061,248,116636,47.1774193548
BROAD_SENSITIVITY,STRICT_SENSITIVITY,2026,60,1,0.0161946960746,0.0102025285187,0.000917334754442,0.000938493010356,0.672727272727,171,93234,53.8011695906
BROAD_SENSITIVITY,STRICT_SENSITIVITY,2021,60,2,-0.0235533168249,-0.018529598954,0.00131983833234,0.00146947372531,0.612121212121,149,45771,40.2684563758
BROAD_SENSITIVITY,STRICT_SENSITIVITY,2022,60,2,-0.00594251837058,-0.00384799861476,0.00160709071463,0.00172549602901,0.309090909091,248,69662,48.7903225806
BROAD_SENSITIVITY,STRICT_SENSITIVITY,2023,60,2,-0.0030437728485,0.00359947267786,0.00201376092002,0.00216568637504,0.927272727273,245,84697,52.2448979592
BROAD_SENSITIVITY,STRICT_SENSITIVITY,2024,60,2,-0.000172372891017,-0.00742900100279,0.00154374101743,0.00152297249458,0.854545454545,248,122167,47.1774193548
BROAD_SENSITIVITY,STRICT_SENSITIVITY,2025,60,2,-0.0203147180819,-0.00307656848841,-0.00211770280309,-0.00199241667994,-0.69696969697,248,116556,49.1935483871
BROAD_SENSITIVITY,STRICT_SENSITIVITY,2026,60,2,0.0212651179432,0.0167499360954,0.00183695014357,0.00186482411682,0.660606060606,170,92579,55.2941176471
BROAD_SENSITIVITY,STRICT_SENSITIVITY,2021,60,3,-0.02145140837,-0.0215660182907,0.00232061902872,0.00245824726563,0.648484848485,149,45737,40.2684563758
BROAD_SENSITIVITY,STRICT_SENSITIVITY,2022,60,3,-0.00426377717756,0.00369399416579,0.002911619565,0.00305934745774,0.357575757576,248,69625,50.8064516129
BROAD_SENSITIVITY,STRICT_SENSITIVITY,2023,60,3,0.00114158607956,0.00663697716349,0.00321398303328,0.00352299145668,0.927272727273,245,84654,52.6530612245
BROAD_SENSITIVITY,STRICT_SENSITIVITY,2024,60,3,0.00395830629547,0.000673400532179,0.00263408785754,0.00262770362462,0.854545454545,248,122056,50.4032258065
BROAD_SENSITIVITY,STRICT_SENSITIVITY,2025,60,3,-0.0241584426101,-0.0077541089067,-0.00303136722497,-0.00284372658184,-0.757575757576,248,116476,47.1774193548
BROAD_SENSITIVITY,STRICT_SENSITIVITY,2026,60,3,0.029038909321,0.0298181005639,0.00269336268839,0.00274997389627,0.672727272727,169,91936,60.3550295858
BROAD_SENSITIVITY,STRICT_SENSITIVITY,2021,60,5,-0.0165202323199,-0.0213431479845,0.00478381284907,0.00486280414974,0.539393939394,149,45672,42.2818791946
BROAD_SENSITIVITY,STRICT_SENSITIVITY,2022,60,5,-0.000653674411702,0.00247942145337,0.00558503391873,0.00582673884526,0.551515151515,248,69553,50.8064516129
BROAD_SENSITIVITY,STRICT_SENSITIVITY,2023,60,5,0.00770264976579,0.0130035554016,0.00618848199913,0.00680903523151,0.975757575758,245,84570,54.2857142857
BROAD_SENSITIVITY,STRICT_SENSITIVITY,2024,60,5,0.00935251806139,0.00696521041398,0.00451430280494,0.00453198055832,0.939393939394,248,121836,50.8064516129
BROAD_SENSITIVITY,STRICT_SENSITIVITY,2025,60,5,-0.03245636611,-0.0218427168987,-0.00488895694877,-0.00462333694813,-0.69696969697,248,116321,41.5322580645
BROAD_SENSITIVITY,STRICT_SENSITIVITY,2026,60,5,0.0367716151805,0.0416628813113,0.00433120396364,0.00444283562099,0.684848484848,167,90643,61.6766467066
BROAD_SENSITIVITY,STRICT_SENSITIVITY,2021,60,10,-0.0121077622066,-0.0195316526868,0.00886351380027,0.00906395860765,0.393939393939,149,45546,44.966442953
BROAD_SENSITIVITY,STRICT_SENSITIVITY,2022,60,10,0.0190618032342,0.029717845009,0.0128342660516,0.0134572435108,0.781818181818,248,69380,57.6612903226
BROAD_SENSITIVITY,STRICT_SENSITIVITY,2023,60,10,0.0207049242743,0.031673584216,0.0119601401163,0.0127510932531,0.987878787879,245,84350,57.5510204082
BROAD_SENSITIVITY,STRICT_SENSITIVITY,2024,60,10,0.0164730034162,0.0134528436296,0.00893138210666,0.00891737589063,0.939393939394,248,121325,55.2419354839
BROAD_SENSITIVITY,STRICT_SENSITIVITY,2025,60,10,-0.0434583424435,-0.0341666201494,-0.00774508290341,-0.00759265481295,-0.648484848485,248,115966,36.2903225806
BROAD_SENSITIVITY,STRICT_SENSITIVITY,2026,60,10,0.0383401887546,0.054129631224,0.00720179120182,0.00761862002012,0.684848484848,162,87392,58.024691358
BROAD_SENSITIVITY,STRICT_SENSITIVITY,2021,60,20,0.0128697592233,0.0242989336601,0.0156751703556,0.016069685444,0.478787878788,149,45351,58.389261745
BROAD_SENSITIVITY,STRICT_SENSITIVITY,2022,60,20,0.0314827302433,0.0381192066529,0.0236540621503,0.025317371588,0.878787878788,248,69051,64.1129032258
BROAD_SENSITIVITY,STRICT_SENSITIVITY,2023,60,20,0.0408816297952,0.0456129390321,0.0239899042523,0.0259356822354,1,245,83897,65.306122449
BROAD_SENSITIVITY,STRICT_SENSITIVITY,2024,60,20,0.0114133868914,0.024581468043,0.0113417543104,0.0116633524921,0.987878787879,248,120374,60.8870967742
BROAD_SENSITIVITY,STRICT_SENSITIVITY,2025,60,20,-0.0624151318605,-0.0601093576153,-0.0118304810838,-0.0117434431577,-0.551515151515,248,115290,29.435483871
BROAD_SENSITIVITY,STRICT_SENSITIVITY,2026,60,20,0.0338027396256,0.0520800742719,0.00930920058333,0.0104363190394,0.709090909091,152,80915,61.8421052632
