rebalance_id,symbol,expected_presence,actual_presence,expected_side,actual_side,expected_quantity,actual_quantity,result
SMV2-0018,ASIANPAINT,True,True,BUY,BUY,32,32,EXACT
SMV2-0018,AUROPHARMA,True,True,BUY,BUY,90,90,EXACT
SMV2-0018,AVANTIFEED,True,True,BUY,BUY,134,134,EXACT
SMV2-0018,BBTC,True,True,BUY,BUY,62,62,EXACT
SMV2-0018,CIPLA,True,True,BUY,BUY,94,94,EXACT
SMV2-0018,PIDILITIND,True,True,BUY,BUY,37,37,EXACT
SMV2-0018,SUNPHARMA,True,True,BUY,BUY,119,119,EXACT
SMV2-0018,UPL,True,True,BUY,BUY,140,140,EXACT
SMV2-0018,VENKEYS,True,True,BUY,BUY,51,51,EXACT
SMV2-0019,ADANIPORTS,True,True,BUY,BUY,189,189,EXACT
SMV2-0019,ASIANPAINT,True,True,SELL,SELL,32,32,EXACT
SMV2-0019,LT,True,True,BUY,BUY,65,65,EXACT
SMV2-0019,NCC,True,True,BUY,BUY,1983,1983,EXACT
SMV2-0019,PIDILITIND,True,True,SELL,SELL,37,37,EXACT
SMV2-0019,UPL,True,True,SELL,SELL,140,140,EXACT
SMV2-0020,AVANTIFEED,True,True,SELL,SELL,134,134,EXACT
SMV2-0020,BBTC,True,True,SELL,SELL,62,62,EXACT
SMV2-0020,HDFCLIFE,True,True,BUY,BUY,111,111,EXACT
SMV2-0020,ICICIPRULI,True,True,BUY,BUY,142,142,EXACT
SMV2-0020,SBILIFE,True,True,BUY,BUY,72,72,EXACT
SMV2-0020,VENKEYS,True,True,SELL,SELL,51,51,EXACT
SMV2-0021,ADANIPORTS,True,True,SELL,SELL,189,189,EXACT
SMV2-0021,AUROPHARMA,True,True,SELL,SELL,15,15,EXACT
SMV2-0021,HCLTECH,True,True,BUY,BUY,103,103,EXACT
SMV2-0021,INFY,True,True,BUY,BUY,79,79,EXACT
SMV2-0021,LT,True,True,SELL,SELL,65,65,EXACT
SMV2-0021,NCC,True,True,SELL,SELL,1983,1983,EXACT
SMV2-0021,TCS,True,True,BUY,BUY,27,27,EXACT
SMV2-0022,ACC,True,True,BUY,BUY,44,44,EXACT
SMV2-0022,AUROPHARMA,True,True,SELL,SELL,75,75,EXACT
SMV2-0022,CIPLA,True,True,SELL,SELL,94,94,EXACT
SMV2-0022,HCLTECH,True,True,SELL,SELL,103,103,EXACT
SMV2-0022,HINDALCO,True,True,BUY,BUY,399,399,EXACT
SMV2-0022,INFY,True,True,SELL,SELL,79,79,EXACT
SMV2-0022,SHREECEM,True,True,BUY,BUY,2,2,EXACT
SMV2-0022,SUNPHARMA,True,True,SELL,SELL,119,119,EXACT
SMV2-0022,TATASTEEL,True,True,BUY,BUY,187,187,EXACT
SMV2-0022,TCS,True,True,SELL,SELL,27,27,EXACT
SMV2-0022,ULTRACEMCO,True,True,BUY,BUY,14,14,EXACT
SMV2-0022,VEDL,True,True,BUY,BUY,607,607,EXACT
SMV2-0023,ACC,True,True,SELL,SELL,44,44,EXACT
SMV2-0023,ARVIND,True,True,BUY,BUY,1562,1562,EXACT
SMV2-0023,CHALET,True,True,BUY,BUY,346,346,EXACT
SMV2-0023,HDFCLIFE,True,True,SELL,SELL,111,111,EXACT
SMV2-0023,ICICIPRULI,True,True,SELL,SELL,142,142,EXACT
SMV2-0023,INDHOTEL,True,True,BUY,BUY,623,623,EXACT
SMV2-0023,PAGEIND,True,True,BUY,BUY,2,2,EXACT
SMV2-0023,RAYMOND,True,True,BUY,BUY,179,179,EXACT
SMV2-0023,SBILIFE,True,True,SELL,SELL,72,72,EXACT
SMV2-0023,SHREECEM,True,True,SELL,SELL,2,2,EXACT
SMV2-0023,ULTRACEMCO,True,True,SELL,SELL,14,14,EXACT
SMV2-0023,WESTLIFE,True,True,BUY,BUY,187,187,EXACT
SMV2-0024,AVANTIFEED,True,True,BUY,BUY,114,114,EXACT
SMV2-0024,CHALET,True,True,SELL,SELL,346,346,EXACT
SMV2-0024,INDHOTEL,True,True,SELL,SELL,623,623,EXACT
SMV2-0024,TATACONSUM,True,True,BUY,BUY,146,146,EXACT
SMV2-0024,VENKEYS,True,True,BUY,BUY,47,47,EXACT
SMV2-0024,WESTLIFE,True,True,SELL,SELL,187,187,EXACT
SMV2-0025,AXISBANK,True,True,BUY,BUY,130,130,EXACT
SMV2-0025,HDFCBANK,True,True,BUY,BUY,52,52,EXACT
SMV2-0025,HINDALCO,True,True,SELL,SELL,399,399,EXACT
SMV2-0025,ICICIBANK,True,True,BUY,BUY,148,148,EXACT
SMV2-0025,PAGEIND,True,True,BUY,BUY,1,1,EXACT
SMV2-0025,TATASTEEL,True,True,SELL,SELL,187,187,EXACT
SMV2-0025,VEDL,True,True,SELL,SELL,607,607,EXACT
SMV2-0026,AVANTIFEED,True,True,SELL,SELL,114,114,EXACT
SMV2-0026,BAJAJFINSV,True,True,BUY,BUY,9,9,EXACT
SMV2-0026,CHOLAFIN,True,True,BUY,BUY,275,275,EXACT
SMV2-0026,MUTHOOTFIN,True,True,BUY,BUY,50,50,EXACT
SMV2-0026,TATACONSUM,True,True,SELL,SELL,146,146,EXACT
SMV2-0026,VENKEYS,True,True,SELL,SELL,47,47,EXACT
SMV2-0027,ACC,True,True,BUY,BUY,42,42,EXACT
SMV2-0027,ARVIND,True,True,SELL,SELL,1562,1562,EXACT
SMV2-0027,PAGEIND,True,True,SELL,SELL,3,3,EXACT
SMV2-0027,RAYMOND,True,True,SELL,SELL,179,179,EXACT
SMV2-0027,SHREECEM,True,True,BUY,BUY,2,2,EXACT
SMV2-0027,ULTRACEMCO,True,True,BUY,BUY,14,14,EXACT
SMV2-0028,ACC,True,True,SELL,SELL,42,42,EXACT
SMV2-0028,BHARTIARTL,True,True,BUY,BUY,98,98,EXACT
SMV2-0028,HATHWAY,True,True,BUY,BUY,1634,1634,EXACT
SMV2-0028,ITI,True,True,BUY,BUY,441,441,EXACT
SMV2-0028,SHREECEM,True,True,SELL,SELL,2,2,EXACT
SMV2-0028,ULTRACEMCO,True,True,SELL,SELL,14,14,EXACT
SMV2-0029,AXISBANK,True,True,SELL,SELL,130,130,EXACT
SMV2-0029,HATHWAY,True,True,SELL,SELL,372,372,EXACT
SMV2-0029,HDFCBANK,True,True,SELL,SELL,52,52,EXACT
SMV2-0029,ICICIBANK,True,True,SELL,SELL,148,148,EXACT
SMV2-0029,INFY,True,True,BUY,BUY,64,64,EXACT
SMV2-0029,TCS,True,True,BUY,BUY,26,26,EXACT
SMV2-0029,WIPRO,True,True,BUY,BUY,223,223,EXACT
SMV2-0030,HATHWAY,True,True,SELL,SELL,1262,1262,EXACT
SMV2-0030,TATACOMM,True,True,BUY,BUY,95,95,EXACT
SMV2-0031,BAJAJFINSV,True,True,SELL,SELL,9,9,EXACT
SMV2-0031,BIOCON,True,True,BUY,BUY,149,149,EXACT
SMV2-0031,CHOLAFIN,True,True,SELL,SELL,275,275,EXACT
SMV2-0031,CIPLA,True,True,BUY,BUY,84,84,EXACT
SMV2-0031,MUTHOOTFIN,True,True,SELL,SELL,50,50,EXACT
SMV2-0031,SUNPHARMA,True,True,BUY,BUY,115,115,EXACT
SMV2-0031,TATACOMM,True,True,SELL,SELL,17,17,EXACT
SMV2-0033,BHARTIARTL,True,True,SELL,SELL,98,98,EXACT
SMV2-0033,BIOCON,True,True,SELL,SELL,149,149,EXACT
SMV2-0033,DIVISLAB,True,True,BUY,BUY,20,20,EXACT
SMV2-0033,EIHOTEL,True,True,BUY,BUY,789,789,EXACT
SMV2-0033,INDHOTEL,True,True,BUY,BUY,654,654,EXACT
SMV2-0033,ITI,True,True,SELL,SELL,441,441,EXACT
SMV2-0033,TATACOMM,True,True,SELL,SELL,78,78,EXACT
SMV2-0033,WESTLIFE,True,True,BUY,BUY,168,168,EXACT
SMV2-0034,CIPLA,True,True,SELL,SELL,84,84,EXACT
SMV2-0034,DIVISLAB,True,True,SELL,SELL,20,20,EXACT
SMV2-0034,DLF,True,True,BUY,BUY,394,394,EXACT
SMV2-0034,GODREJPROP,True,True,BUY,BUY,74,74,EXACT
SMV2-0034,NBCC,True,True,BUY,BUY,2153,2153,EXACT
SMV2-0034,SUNPHARMA,True,True,SELL,SELL,115,115,EXACT
SMV2-0035,ALOKINDS,True,True,BUY,BUY,1893,1893,EXACT
SMV2-0035,INFY,True,True,SELL,SELL,64,64,EXACT
SMV2-0035,PAGEIND,True,True,BUY,BUY,3,3,EXACT
SMV2-0035,RAYMOND,True,True,BUY,BUY,174,174,EXACT
SMV2-0035,TCS,True,True,SELL,SELL,26,26,EXACT
SMV2-0035,WIPRO,True,True,SELL,SELL,223,223,EXACT
SMV2-0036,ALOKINDS,True,True,SELL,SELL,1893,1893,EXACT
SMV2-0036,BAJAJELEC,True,True,BUY,BUY,85,85,EXACT
SMV2-0036,DIXON,True,True,BUY,BUY,7,7,EXACT
SMV2-0036,PAGEIND,True,True,SELL,SELL,3,3,EXACT
SMV2-0036,RAYMOND,True,True,SELL,SELL,174,174,EXACT
SMV2-0036,VOLTAS,True,True,BUY,BUY,93,93,EXACT
SMV2-0037,BAJAJELEC,True,True,BUY,BUY,46,46,EXACT
SMV2-0037,BLUEDART,True,True,BUY,BUY,21,21,EXACT
SMV2-0037,CONCOR,True,True,BUY,BUY,157,157,EXACT
SMV2-0037,DLF,True,True,SELL,SELL,394,394,EXACT
SMV2-0037,EIHOTEL,True,True,SELL,SELL,789,789,EXACT
SMV2-0037,GODREJPROP,True,True,SELL,SELL,74,74,EXACT
SMV2-0037,INDHOTEL,True,True,SELL,SELL,654,654,EXACT
SMV2-0037,INFY,True,True,BUY,BUY,63,63,EXACT
SMV2-0037,NBCC,True,True,SELL,SELL,2153,2153,EXACT
SMV2-0037,TCS,True,True,BUY,BUY,25,25,EXACT
SMV2-0037,VRLLOG,True,True,BUY,BUY,355,355,EXACT
SMV2-0037,WESTLIFE,True,True,SELL,SELL,168,168,EXACT
SMV2-0037,WIPRO,True,True,BUY,BUY,207,207,EXACT
SMV2-0038,BLUEDART,True,True,SELL,SELL,21,21,EXACT
SMV2-0038,CONCOR,True,True,SELL,SELL,157,157,EXACT
SMV2-0038,MCDOWELL-N,True,True,BUY,BUY,114,114,EXACT
SMV2-0038,RADICO,True,True,BUY,BUY,119,119,EXACT
SMV2-0038,UBL,True,True,BUY,BUY,61,61,EXACT
SMV2-0038,VRLLOG,True,True,SELL,SELL,355,355,EXACT
SMV2-0040,CIPLA,True,True,BUY,BUY,78,78,EXACT
SMV2-0040,DIVISLAB,True,True,BUY,BUY,14,14,EXACT
SMV2-0040,MCDOWELL-N,True,True,SELL,SELL,114,114,EXACT
SMV2-0040,RADICO,True,True,SELL,SELL,119,119,EXACT
SMV2-0040,SUNPHARMA,True,True,BUY,BUY,120,120,EXACT
SMV2-0040,UBL,True,True,SELL,SELL,61,61,EXACT
SMV2-0041,ALOKINDS,True,True,BUY,BUY,2879,2879,EXACT
SMV2-0041,BAJAJELEC,True,True,SELL,SELL,131,131,EXACT
SMV2-0041,DIVISLAB,True,True,BUY,BUY,6,6,EXACT
SMV2-0041,DIXON,True,True,SELL,SELL,7,7,EXACT
SMV2-0041,PAGEIND,True,True,BUY,BUY,3,3,EXACT
SMV2-0041,RAYMOND,True,True,BUY,BUY,212,212,EXACT
SMV2-0041,VOLTAS,True,True,SELL,SELL,93,93,EXACT
SMV2-0041,WIPRO,True,True,SELL,SELL,36,36,EXACT
SMV2-0043,ACC,True,True,BUY,BUY,39,39,EXACT
SMV2-0043,AMBUJACEM,True,True,BUY,BUY,251,251,EXACT
SMV2-0043,CIPLA,True,True,SELL,SELL,78,78,EXACT
SMV2-0043,DIVISLAB,True,True,SELL,SELL,20,20,EXACT
SMV2-0043,DLF,True,True,BUY,BUY,362,362,EXACT
SMV2-0043,GODREJPROP,True,True,BUY,BUY,59,59,EXACT
SMV2-0043,INFY,True,True,SELL,SELL,63,63,EXACT
SMV2-0043,OBEROIRLTY,True,True,BUY,BUY,136,136,EXACT
SMV2-0043,SUNPHARMA,True,True,SELL,SELL,120,120,EXACT
SMV2-0043,TCS,True,True,SELL,SELL,25,25,EXACT
SMV2-0043,ULTRACEMCO,True,True,BUY,BUY,13,13,EXACT
SMV2-0043,WIPRO,True,True,SELL,SELL,171,171,EXACT
SMV2-0044,ALOKINDS,True,True,SELL,SELL,2879,2879,EXACT
SMV2-0044,BHARTIARTL,True,True,BUY,BUY,141,141,EXACT
SMV2-0044,ITI,True,True,BUY,BUY,516,516,EXACT
SMV2-0044,PAGEIND,True,True,SELL,SELL,3,3,EXACT
SMV2-0044,RAYMOND,True,True,SELL,SELL,212,212,EXACT
SMV2-0044,TATACOMM,True,True,BUY,BUY,63,63,EXACT
SMV2-0045,AMBER,True,True,BUY,BUY,27,27,EXACT
SMV2-0045,ASTRAL,True,True,BUY,BUY,51,51,EXACT
SMV2-0045,BHARTIARTL,True,True,SELL,SELL,141,141,EXACT
SMV2-0045,DIXON,True,True,BUY,BUY,6,6,EXACT
SMV2-0045,DLF,True,True,SELL,SELL,362,362,EXACT
SMV2-0045,GODREJPROP,True,True,SELL,SELL,59,59,EXACT
SMV2-0045,ITI,True,True,SELL,SELL,516,516,EXACT
SMV2-0045,OBEROIRLTY,True,True,SELL,SELL,136,136,EXACT
SMV2-0045,POLYPLEX,True,True,BUY,BUY,78,78,EXACT
SMV2-0045,SUPREMEIND,True,True,BUY,BUY,42,42,EXACT
SMV2-0045,TATACOMM,True,True,SELL,SELL,63,63,EXACT
SMV2-0045,VOLTAS,True,True,BUY,BUY,80,80,EXACT
SMV2-0046,AMBER,True,True,SELL,SELL,27,27,EXACT
SMV2-0046,DIXON,True,True,SELL,SELL,6,6,EXACT
SMV2-0046,SUNTV,True,True,BUY,BUY,146,146,EXACT
SMV2-0046,TV18BRDCST,True,True,BUY,BUY,2116,2116,EXACT
SMV2-0046,VOLTAS,True,True,SELL,SELL,80,80,EXACT
SMV2-0046,ZEEL,True,True,BUY,BUY,323,323,EXACT
SMV2-0047,ACC,True,True,SELL,SELL,39,39,EXACT
SMV2-0047,AMBUJACEM,True,True,SELL,SELL,251,251,EXACT
SMV2-0047,BHEL,True,True,BUY,BUY,2184,2184,EXACT
SMV2-0047,EIHOTEL,True,True,BUY,BUY,719,719,EXACT
SMV2-0047,HAVELLS,True,True,BUY,BUY,77,77,EXACT
SMV2-0047,INDHOTEL,True,True,BUY,BUY,572,572,EXACT
SMV2-0047,SIEMENS,True,True,BUY,BUY,40,40,EXACT
SMV2-0047,SUNTV,True,True,SELL,SELL,146,146,EXACT
SMV2-0047,THOMASCOOK,True,True,BUY,BUY,1288,1288,EXACT
SMV2-0047,TV18BRDCST,True,True,SELL,SELL,2116,2116,EXACT
SMV2-0047,ULTRACEMCO,True,True,SELL,SELL,13,13,EXACT
SMV2-0047,ZEEL,True,True,SELL,SELL,323,323,EXACT
SMV2-0049,ADANIPORTS,True,True,BUY,BUY,149,149,EXACT
SMV2-0049,BHEL,True,True,SELL,SELL,2184,2184,EXACT
SMV2-0049,HAVELLS,True,True,SELL,SELL,77,77,EXACT
SMV2-0049,LT,True,True,BUY,BUY,59,59,EXACT
SMV2-0049,NCC,True,True,BUY,BUY,1190,1190,EXACT
SMV2-0049,SIEMENS,True,True,SELL,SELL,40,40,EXACT
SMV2-0050,ABB,True,True,BUY,BUY,59,59,EXACT
SMV2-0050,ASTRAL,True,True,SELL,SELL,51,51,EXACT
SMV2-0050,FINCABLES,True,True,BUY,BUY,188,188,EXACT
SMV2-0050,POLYCAB,True,True,BUY,BUY,66,66,EXACT
SMV2-0050,POLYPLEX,True,True,SELL,SELL,78,78,EXACT
SMV2-0050,SUPREMEIND,True,True,SELL,SELL,42,42,EXACT
SMV2-0051,ADANIPORTS,True,True,SELL,SELL,149,149,EXACT
SMV2-0051,DLF,True,True,BUY,BUY,303,303,EXACT
SMV2-0051,EIHOTEL,True,True,SELL,SELL,719,719,EXACT
SMV2-0051,GODREJPROP,True,True,BUY,BUY,50,50,EXACT
SMV2-0051,INDHOTEL,True,True,SELL,SELL,572,572,EXACT
SMV2-0051,LT,True,True,SELL,SELL,59,59,EXACT
SMV2-0051,NBCC,True,True,BUY,BUY,2291,2291,EXACT
SMV2-0051,NCC,True,True,SELL,SELL,1190,1190,EXACT
SMV2-0051,RAJESHEXPO,True,True,BUY,BUY,140,140,EXACT
SMV2-0051,THOMASCOOK,True,True,SELL,SELL,1288,1288,EXACT
SMV2-0051,TITAN,True,True,BUY,BUY,45,45,EXACT
SMV2-0051,VAIBHAVGBL,True,True,BUY,BUY,32,32,EXACT
SMV2-0052,DLF,True,True,SELL,SELL,303,303,EXACT
SMV2-0052,GODREJPROP,True,True,SELL,SELL,50,50,EXACT
SMV2-0052,INFY,True,True,BUY,BUY,56,56,EXACT
SMV2-0052,IRCTC,True,True,BUY,BUY,48,48,EXACT
SMV2-0052,NBCC,True,True,SELL,SELL,2291,2291,EXACT
SMV2-0052,TCS,True,True,BUY,BUY,23,23,EXACT
SMV2-0053,ABB,True,True,SELL,SELL,59,59,EXACT
SMV2-0053,CROMPTON,True,True,BUY,BUY,187,187,EXACT
SMV2-0053,DIXON,True,True,BUY,BUY,5,5,EXACT
SMV2-0053,FINCABLES,True,True,SELL,SELL,188,188,EXACT
SMV2-0053,POLYCAB,True,True,SELL,SELL,66,66,EXACT
SMV2-0053,VOLTAS,True,True,BUY,BUY,85,85,EXACT
SMV2-0055,IRCTC,True,True,SELL,SELL,48,48,EXACT
SMV2-0055,WIPRO,True,True,BUY,BUY,156,156,EXACT
SMV2-0056,ADANIENT,True,True,BUY,BUY,140,140,EXACT
SMV2-0056,INFY,True,True,SELL,SELL,56,56,EXACT
SMV2-0056,MMTC,True,True,BUY,BUY,2522,2522,EXACT
SMV2-0056,MSTCLTD,True,True,BUY,BUY,321,321,EXACT
SMV2-0056,TCS,True,True,SELL,SELL,23,23,EXACT
SMV2-0056,WIPRO,True,True,SELL,SELL,156,156,EXACT
SMV2-0057,BAJAJ-AUTO,True,True,BUY,BUY,17,17,EXACT
SMV2-0057,EICHERMOT,True,True,BUY,BUY,26,26,EXACT
SMV2-0057,MARUTI,True,True,BUY,BUY,9,9,EXACT
SMV2-0057,RAJESHEXPO,True,True,SELL,SELL,140,140,EXACT
SMV2-0057,TITAN,True,True,SELL,SELL,45,45,EXACT
SMV2-0057,VAIBHAVGBL,True,True,SELL,SELL,32,32,EXACT
SMV2-0058,MSTCLTD,True,True,SELL,SELL,58,58,EXACT
SMV2-0059,ADANIENT,True,True,SELL,SELL,26,26,EXACT
SMV2-0059,ADANIPORTS,True,True,BUY,BUY,134,134,EXACT
SMV2-0059,BAJAJ-AUTO,True,True,SELL,SELL,17,17,EXACT
SMV2-0059,EICHERMOT,True,True,SELL,SELL,26,26,EXACT
SMV2-0059,LT,True,True,BUY,BUY,54,54,EXACT
SMV2-0059,MARUTI,True,True,SELL,SELL,9,9,EXACT
SMV2-0059,NCC,True,True,BUY,BUY,967,967,EXACT
SMV2-0061,CROMPTON,True,True,SELL,SELL,187,187,EXACT
SMV2-0061,DIXON,True,True,SELL,SELL,5,5,EXACT
SMV2-0061,HDFCBANK,True,True,BUY,BUY,56,56,EXACT
SMV2-0061,ICICIBANK,True,True,BUY,BUY,145,145,EXACT
SMV2-0061,SBIN,True,True,BUY,BUY,223,223,EXACT
SMV2-0061,VOLTAS,True,True,SELL,SELL,85,85,EXACT
SMV2-0062,ABFRL,True,True,BUY,BUY,428,428,EXACT
SMV2-0062,ADANIPORTS,True,True,SELL,SELL,134,134,EXACT
SMV2-0062,DMART,True,True,BUY,BUY,28,28,EXACT
SMV2-0062,GRASIM,True,True,BUY,BUY,69,69,EXACT
SMV2-0062,HDFCBANK,True,True,SELL,SELL,56,56,EXACT
SMV2-0062,ICICIBANK,True,True,SELL,SELL,145,145,EXACT
SMV2-0062,ITC,True,True,BUY,BUY,445,445,EXACT
SMV2-0062,LT,True,True,SELL,SELL,54,54,EXACT
SMV2-0062,MMTC,True,True,SELL,SELL,557,557,EXACT
SMV2-0062,NCC,True,True,SELL,SELL,967,967,EXACT
SMV2-0062,SBIN,True,True,SELL,SELL,223,223,EXACT
SMV2-0062,SRF,True,True,BUY,BUY,16,16,EXACT
SMV2-0062,TRENT,True,True,BUY,BUY,105,105,EXACT
SMV2-0063,ABFRL,True,True,SELL,SELL,428,428,EXACT
SMV2-0063,DMART,True,True,SELL,SELL,28,28,EXACT
SMV2-0063,JKPAPER,True,True,BUY,BUY,599,599,EXACT
SMV2-0063,ORIENTPPR,True,True,BUY,BUY,3244,3244,EXACT
SMV2-0063,TRENT,True,True,SELL,SELL,105,105,EXACT
SMV2-0063,WSTCSTPAPR,True,True,BUY,BUY,367,367,EXACT
SMV2-0064,ASTRAL,True,True,BUY,BUY,53,53,EXACT
SMV2-0064,EPL,True,True,BUY,BUY,426,426,EXACT
SMV2-0064,GRASIM,True,True,SELL,SELL,69,69,EXACT
SMV2-0064,ITC,True,True,SELL,SELL,445,445,EXACT
SMV2-0064,SRF,True,True,SELL,SELL,16,16,EXACT
SMV2-0064,SUPREMEIND,True,True,BUY,BUY,45,45,EXACT
SMV2-0065,ADANIENT,True,True,SELL,SELL,114,114,EXACT
SMV2-0065,GRASIM,True,True,BUY,BUY,65,65,EXACT
SMV2-0065,ITC,True,True,BUY,BUY,435,435,EXACT
SMV2-0065,MMTC,True,True,SELL,SELL,1965,1965,EXACT
SMV2-0065,MSTCLTD,True,True,SELL,SELL,263,263,EXACT
SMV2-0065,SRF,True,True,BUY,BUY,17,17,EXACT
SMV2-0066,HCLTECH,True,True,BUY,BUY,93,93,EXACT
SMV2-0066,INFY,True,True,BUY,BUY,67,67,EXACT
SMV2-0066,JKPAPER,True,True,SELL,SELL,599,599,EXACT
SMV2-0066,ORIENTPPR,True,True,SELL,SELL,3244,3244,EXACT
SMV2-0066,TCS,True,True,BUY,BUY,29,29,EXACT
SMV2-0066,WSTCSTPAPR,True,True,SELL,SELL,367,367,EXACT
SMV2-0067,ASTRAL,True,True,SELL,SELL,53,53,EXACT
SMV2-0067,EPL,True,True,SELL,SELL,426,426,EXACT
SMV2-0067,GRASIM,True,True,SELL,SELL,65,65,EXACT
SMV2-0067,ITC,True,True,SELL,SELL,435,435,EXACT
SMV2-0067,JSWSTEEL,True,True,BUY,BUY,154,154,EXACT
SMV2-0067,RAJESHEXPO,True,True,BUY,BUY,171,171,EXACT
SMV2-0067,SAIL,True,True,BUY,BUY,1026,1026,EXACT
SMV2-0067,SRF,True,True,SELL,SELL,17,17,EXACT
SMV2-0067,SUPREMEIND,True,True,SELL,SELL,45,45,EXACT
SMV2-0067,TATASTEEL,True,True,BUY,BUY,107,107,EXACT
SMV2-0067,TITAN,True,True,BUY,BUY,60,60,EXACT
SMV2-0067,VAIBHAVGBL,True,True,BUY,BUY,21,21,EXACT
SMV2-0068,CIPLA,True,True,BUY,BUY,95,95,EXACT
SMV2-0068,DIVISLAB,True,True,BUY,BUY,21,21,EXACT
SMV2-0068,RAJESHEXPO,True,True,SELL,SELL,171,171,EXACT
SMV2-0068,SUNPHARMA,True,True,BUY,BUY,139,139,EXACT
SMV2-0068,TITAN,True,True,SELL,SELL,60,60,EXACT
SMV2-0068,VAIBHAVGBL,True,True,SELL,SELL,21,21,EXACT
SMV2-0070,ASIANPAINT,True,True,BUY,BUY,38,38,EXACT
SMV2-0070,HCLTECH,True,True,SELL,SELL,93,93,EXACT
SMV2-0070,INFY,True,True,SELL,SELL,67,67,EXACT
SMV2-0070,SAIL,True,True,SELL,SELL,217,217,EXACT
SMV2-0070,TATACHEM,True,True,BUY,BUY,121,121,EXACT
SMV2-0070,TCS,True,True,SELL,SELL,29,29,EXACT
SMV2-0070,UPL,True,True,BUY,BUY,159,159,EXACT
SMV2-0071,SAIL,True,True,SELL,SELL,133,133,EXACT
SMV2-0071,TATACHEM,True,True,BUY,BUY,27,27,EXACT
SMV2-0071,TATASTEEL,True,True,SELL,SELL,23,23,EXACT
SMV2-0072,DIVISLAB,True,True,SELL,SELL,21,21,EXACT
SMV2-0072,LUPIN,True,True,BUY,BUY,85,85,EXACT
SMV2-0072,UPL,True,True,SELL,SELL,25,25,EXACT
SMV2-0073,ASTRAL,True,True,BUY,BUY,58,58,EXACT
SMV2-0073,CIPLA,True,True,SELL,SELL,95,95,EXACT
SMV2-0073,JSWSTEEL,True,True,SELL,SELL,154,154,EXACT
SMV2-0073,KSCL,True,True,BUY,BUY,130,130,EXACT
SMV2-0073,LUPIN,True,True,SELL,SELL,85,85,EXACT
SMV2-0073,PRINCEPIPE,True,True,BUY,BUY,140,140,EXACT
SMV2-0073,SAIL,True,True,SELL,SELL,676,676,EXACT
SMV2-0073,SUNPHARMA,True,True,SELL,SELL,139,139,EXACT
SMV2-0073,SUPREMEIND,True,True,BUY,BUY,42,42,EXACT
SMV2-0073,TATACONSUM,True,True,BUY,BUY,156,156,EXACT
SMV2-0073,TATASTEEL,True,True,SELL,SELL,84,84,EXACT
SMV2-0073,VENKEYS,True,True,BUY,BUY,44,44,EXACT
SMV2-0074,ASIANPAINT,True,True,SELL,SELL,38,38,EXACT
SMV2-0074,INDHOTEL,True,True,BUY,BUY,774,774,EXACT
SMV2-0074,LEMONTREE,True,True,BUY,BUY,2463,2463,EXACT
SMV2-0074,MHRIL,True,True,BUY,BUY,393,393,EXACT
SMV2-0074,TATACHEM,True,True,SELL,SELL,148,148,EXACT
SMV2-0074,UPL,True,True,SELL,SELL,134,134,EXACT
SMV2-0076,ADANIENT,True,True,BUY,BUY,73,73,EXACT
SMV2-0076,ASTRAL,True,True,SELL,SELL,58,58,EXACT
SMV2-0076,KSCL,True,True,SELL,SELL,130,130,EXACT
SMV2-0076,MMTC,True,True,BUY,BUY,1788,1788,EXACT
SMV2-0076,PRINCEPIPE,True,True,SELL,SELL,140,140,EXACT
SMV2-0076,REDINGTON,True,True,BUY,BUY,377,377,EXACT
SMV2-0076,SUNTV,True,True,BUY,BUY,203,203,EXACT
SMV2-0076,SUPREMEIND,True,True,SELL,SELL,42,42,EXACT
SMV2-0076,TATACONSUM,True,True,SELL,SELL,156,156,EXACT
SMV2-0076,TV18BRDCST,True,True,BUY,BUY,2306,2306,EXACT
SMV2-0076,VENKEYS,True,True,SELL,SELL,44,44,EXACT
SMV2-0076,ZEEL,True,True,BUY,BUY,479,479,EXACT
SMV2-0077,ALOKINDS,True,True,BUY,BUY,3805,3805,EXACT
SMV2-0077,INDHOTEL,True,True,SELL,SELL,774,774,EXACT
SMV2-0077,LEMONTREE,True,True,SELL,SELL,2463,2463,EXACT
SMV2-0077,LUXIND,True,True,BUY,BUY,30,30,EXACT
SMV2-0077,MCDOWELL-N,True,True,BUY,BUY,155,155,EXACT
SMV2-0077,MHRIL,True,True,SELL,SELL,393,393,EXACT
SMV2-0077,PAGEIND,True,True,BUY,BUY,3,3,EXACT
SMV2-0077,RADICO,True,True,BUY,BUY,132,132,EXACT
SMV2-0077,SUNTV,True,True,SELL,SELL,203,203,EXACT
SMV2-0077,TV18BRDCST,True,True,SELL,SELL,2306,2306,EXACT
SMV2-0077,UBL,True,True,BUY,BUY,74,74,EXACT
SMV2-0077,ZEEL,True,True,SELL,SELL,479,479,EXACT
SMV2-0078,ABB,True,True,BUY,BUY,56,56,EXACT
SMV2-0078,ADANIENT,True,True,SELL,SELL,73,73,EXACT
SMV2-0078,ALOKINDS,True,True,SELL,SELL,3805,3805,EXACT
SMV2-0078,BATAINDIA,True,True,BUY,BUY,63,63,EXACT
SMV2-0078,FINCABLES,True,True,BUY,BUY,199,199,EXACT
SMV2-0078,KHADIM,True,True,BUY,BUY,339,339,EXACT
SMV2-0078,LUXIND,True,True,SELL,SELL,30,30,EXACT
SMV2-0078,MMTC,True,True,SELL,SELL,1788,1788,EXACT
SMV2-0078,PAGEIND,True,True,SELL,SELL,3,3,EXACT
SMV2-0078,POLYCAB,True,True,BUY,BUY,52,52,EXACT
SMV2-0078,REDINGTON,True,True,SELL,SELL,377,377,EXACT
SMV2-0078,RELAXO,True,True,BUY,BUY,86,86,EXACT
SMV2-0080,ABB,True,True,SELL,SELL,56,56,EXACT
SMV2-0080,AVANTIFEED,True,True,BUY,BUY,152,152,EXACT
SMV2-0080,BATAINDIA,True,True,SELL,SELL,63,63,EXACT
SMV2-0080,FINCABLES,True,True,SELL,SELL,199,199,EXACT
SMV2-0080,JKPAPER,True,True,BUY,BUY,448,448,EXACT
SMV2-0080,KHADIM,True,True,SELL,SELL,339,339,EXACT
SMV2-0080,ORIENTPPR,True,True,BUY,BUY,3225,3225,EXACT
SMV2-0080,POLYCAB,True,True,SELL,SELL,52,52,EXACT
SMV2-0080,RELAXO,True,True,SELL,SELL,86,86,EXACT
SMV2-0080,TATACONSUM,True,True,BUY,BUY,131,131,EXACT
SMV2-0080,VENKEYS,True,True,BUY,BUY,29,29,EXACT
SMV2-0080,WSTCSTPAPR,True,True,BUY,BUY,381,381,EXACT
SMV2-0081,AVANTIFEED,True,True,SELL,SELL,152,152,EXACT
SMV2-0081,BOMDYEING,True,True,BUY,BUY,994,994,EXACT
SMV2-0081,DLF,True,True,BUY,BUY,306,306,EXACT
SMV2-0081,GODREJPROP,True,True,BUY,BUY,63,63,EXACT
SMV2-0081,HAPPSTMNDS,True,True,BUY,BUY,68,68,EXACT
SMV2-0081,IBREALEST,True,True,BUY,BUY,700,700,EXACT
SMV2-0081,INFY,True,True,BUY,BUY,64,64,EXACT
SMV2-0081,JKPAPER,True,True,SELL,SELL,448,448,EXACT
SMV2-0081,MCDOWELL-N,True,True,SELL,SELL,155,155,EXACT
SMV2-0081,ORIENTPPR,True,True,SELL,SELL,3225,3225,EXACT
SMV2-0081,PAGEIND,True,True,BUY,BUY,3,3,EXACT
SMV2-0081,RADICO,True,True,SELL,SELL,132,132,EXACT
SMV2-0081,RAYMOND,True,True,BUY,BUY,214,214,EXACT
SMV2-0081,TATACONSUM,True,True,SELL,SELL,131,131,EXACT
SMV2-0081,TCS,True,True,BUY,BUY,31,31,EXACT
SMV2-0081,UBL,True,True,SELL,SELL,74,74,EXACT
SMV2-0081,VENKEYS,True,True,SELL,SELL,29,29,EXACT
SMV2-0081,WSTCSTPAPR,True,True,SELL,SELL,381,381,EXACT
SMV2-0084,DLF,True,True,SELL,SELL,306,306,EXACT
SMV2-0084,GODREJPROP,True,True,SELL,SELL,63,63,EXACT
SMV2-0084,HAPPSTMNDS,True,True,SELL,SELL,68,68,EXACT
SMV2-0084,IBREALEST,True,True,SELL,SELL,700,700,EXACT
SMV2-0084,JSWSTEEL,True,True,BUY,BUY,132,132,EXACT
SMV2-0084,SAIL,True,True,BUY,BUY,711,711,EXACT
SMV2-0084,TATASTEEL,True,True,BUY,BUY,70,70,EXACT
SMV2-0084,WIPRO,True,True,BUY,BUY,168,168,EXACT
SMV2-0085,ABFRL,True,True,BUY,BUY,482,482,EXACT
SMV2-0085,DMART,True,True,BUY,BUY,27,27,EXACT
SMV2-0085,INFY,True,True,SELL,SELL,64,64,EXACT
SMV2-0085,TCS,True,True,SELL,SELL,31,31,EXACT
SMV2-0085,TRENT,True,True,BUY,BUY,112,112,EXACT
SMV2-0085,WIPRO,True,True,SELL,SELL,168,168,EXACT
SMV2-0086,BOMDYEING,True,True,SELL,SELL,994,994,EXACT
SMV2-0086,BPCL,True,True,BUY,BUY,209,209,EXACT
SMV2-0086,JSWSTEEL,True,True,SELL,SELL,132,132,EXACT
SMV2-0086,KALYANKJIL,True,True,BUY,BUY,1552,1552,EXACT
SMV2-0086,ONGC,True,True,BUY,BUY,824,824,EXACT
SMV2-0086,PAGEIND,True,True,SELL,SELL,3,3,EXACT
SMV2-0086,RAJESHEXPO,True,True,BUY,BUY,155,155,EXACT
SMV2-0086,RAYMOND,True,True,SELL,SELL,214,214,EXACT
SMV2-0086,RELIANCE,True,True,BUY,BUY,44,44,EXACT
SMV2-0086,SAIL,True,True,SELL,SELL,711,711,EXACT
SMV2-0086,TATASTEEL,True,True,SELL,SELL,70,70,EXACT
SMV2-0086,TITAN,True,True,BUY,BUY,50,50,EXACT
SMV2-0087,ABFRL,True,True,SELL,SELL,482,482,EXACT
SMV2-0087,CONFIPET,True,True,BUY,BUY,1294,1294,EXACT
SMV2-0087,DMART,True,True,SELL,SELL,27,27,EXACT
SMV2-0087,GAIL,True,True,BUY,BUY,684,684,EXACT
SMV2-0087,HDFCLIFE,True,True,BUY,BUY,138,138,EXACT
SMV2-0087,ICICIGI,True,True,BUY,BUY,62,62,EXACT
SMV2-0087,KALYANKJIL,True,True,SELL,SELL,1552,1552,EXACT
SMV2-0087,MGL,True,True,BUY,BUY,85,85,EXACT
SMV2-0087,RAJESHEXPO,True,True,SELL,SELL,155,155,EXACT
SMV2-0087,SBILIFE,True,True,BUY,BUY,82,82,EXACT
SMV2-0087,TITAN,True,True,SELL,SELL,50,50,EXACT
SMV2-0087,TRENT,True,True,SELL,SELL,112,112,EXACT
SMV2-0088,BEL,True,True,BUY,BUY,504,504,EXACT
SMV2-0088,CONFIPET,True,True,SELL,SELL,1294,1294,EXACT
SMV2-0088,GAIL,True,True,SELL,SELL,684,684,EXACT
SMV2-0088,HAL,True,True,BUY,BUY,71,71,EXACT
SMV2-0088,INDIGO,True,True,BUY,BUY,47,47,EXACT
SMV2-0088,MGL,True,True,SELL,SELL,85,85,EXACT
SMV2-0089,GOLDIAM,True,True,BUY,BUY,107,107,EXACT
SMV2-0089,HDFCLIFE,True,True,SELL,SELL,138,138,EXACT
SMV2-0089,ICICIGI,True,True,SELL,SELL,62,62,EXACT
SMV2-0089,RAJESHEXPO,True,True,BUY,BUY,162,162,EXACT
SMV2-0089,SBILIFE,True,True,SELL,SELL,82,82,EXACT
SMV2-0089,TITAN,True,True,BUY,BUY,48,48,EXACT
SMV2-0090,ASTRAL,True,True,BUY,BUY,47,47,EXACT
SMV2-0090,BLS,True,True,BUY,BUY,328,328,EXACT
SMV2-0090,BPCL,True,True,SELL,SELL,209,209,EXACT
SMV2-0090,EASEMYTRIP,True,True,BUY,BUY,156,156,EXACT
SMV2-0090,GOLDIAM,True,True,SELL,SELL,107,107,EXACT
SMV2-0090,INDHOTEL,True,True,BUY,BUY,665,665,EXACT
SMV2-0090,ONGC,True,True,SELL,SELL,824,824,EXACT
SMV2-0090,POLYPLEX,True,True,BUY,BUY,57,57,EXACT
SMV2-0090,PRINCEPIPE,True,True,BUY,BUY,140,140,EXACT
SMV2-0090,RAJESHEXPO,True,True,SELL,SELL,162,162,EXACT
SMV2-0090,RELIANCE,True,True,SELL,SELL,44,44,EXACT
SMV2-0090,TITAN,True,True,SELL,SELL,48,48,EXACT
SMV2-0091,ASTRAL,True,True,SELL,SELL,47,47,EXACT
SMV2-0091,BEL,True,True,SELL,SELL,504,504,EXACT
SMV2-0091,BLS,True,True,BUY,BUY,94,94,EXACT
SMV2-0091,DLF,True,True,BUY,BUY,237,237,EXACT
SMV2-0091,GODREJPROP,True,True,BUY,BUY,44,44,EXACT
SMV2-0091,HAL,True,True,SELL,SELL,71,71,EXACT
SMV2-0091,INDHOTEL,True,True,SELL,SELL,125,125,EXACT
SMV2-0091,INDIGO,True,True,SELL,SELL,47,47,EXACT
SMV2-0091,OBEROIRLTY,True,True,BUY,BUY,105,105,EXACT
SMV2-0091,POLYPLEX,True,True,SELL,SELL,57,57,EXACT
SMV2-0091,PRINCEPIPE,True,True,SELL,SELL,140,140,EXACT
SMV2-0091,SUNTV,True,True,BUY,BUY,191,191,EXACT
SMV2-0091,TV18BRDCST,True,True,BUY,BUY,2572,2572,EXACT
SMV2-0091,ZEEL,True,True,BUY,BUY,322,322,EXACT
SMV2-0092,BLS,True,True,SELL,SELL,422,422,EXACT
SMV2-0092,CHALET,True,True,BUY,BUY,433,433,EXACT
SMV2-0093,ABFRL,True,True,BUY,BUY,398,398,EXACT
SMV2-0093,DMART,True,True,BUY,BUY,23,23,EXACT
SMV2-0093,SUNTV,True,True,SELL,SELL,191,191,EXACT
SMV2-0093,TRENT,True,True,BUY,BUY,92,92,EXACT
SMV2-0093,TV18BRDCST,True,True,SELL,SELL,2572,2572,EXACT
SMV2-0093,ZEEL,True,True,SELL,SELL,322,322,EXACT
SMV2-0094,EASEMYTRIP,True,True,SELL,SELL,156,156,EXACT
SMV2-0094,LEMONTREE,True,True,BUY,BUY,1911,1911,EXACT
SMV2-0095,CHALET,True,True,SELL,SELL,433,433,EXACT
SMV2-0095,DLF,True,True,SELL,SELL,237,237,EXACT
SMV2-0095,GODREJPROP,True,True,SELL,SELL,44,44,EXACT
SMV2-0095,IEX,True,True,BUY,BUY,131,131,EXACT
SMV2-0095,INDHOTEL,True,True,SELL,SELL,540,540,EXACT
SMV2-0095,LEMONTREE,True,True,SELL,SELL,1911,1911,EXACT
SMV2-0095,MCDOWELL-N,True,True,BUY,BUY,121,121,EXACT
SMV2-0095,NTPC,True,True,BUY,BUY,701,701,EXACT
SMV2-0095,OBEROIRLTY,True,True,SELL,SELL,105,105,EXACT
SMV2-0095,RADICO,True,True,BUY,BUY,91,91,EXACT
SMV2-0095,TATAPOWER,True,True,BUY,BUY,452,452,EXACT
SMV2-0095,UBL,True,True,BUY,BUY,62,62,EXACT
SMV2-0096,BATAINDIA,True,True,BUY,BUY,50,50,EXACT
SMV2-0096,IEX,True,True,SELL,SELL,131,131,EXACT
SMV2-0096,MIRZAINT,True,True,BUY,BUY,1434,1434,EXACT
SMV2-0096,NTPC,True,True,SELL,SELL,701,701,EXACT
SMV2-0096,RELAXO,True,True,BUY,BUY,76,76,EXACT
SMV2-0096,TATAPOWER,True,True,SELL,SELL,452,452,EXACT
SMV2-0098,MCDOWELL-N,True,True,SELL,SELL,121,121,EXACT
SMV2-0098,RADICO,True,True,SELL,SELL,91,91,EXACT
SMV2-0098,SUNTV,True,True,BUY,BUY,195,195,EXACT
SMV2-0098,TV18BRDCST,True,True,BUY,BUY,2102,2102,EXACT
SMV2-0098,UBL,True,True,SELL,SELL,62,62,EXACT
SMV2-0098,ZEEL,True,True,BUY,BUY,351,351,EXACT
SMV2-0099,ABB,True,True,BUY,BUY,49,49,EXACT
SMV2-0099,ABFRL,True,True,SELL,SELL,398,398,EXACT
SMV2-0099,ARVIND,True,True,BUY,BUY,850,850,EXACT
SMV2-0099,DMART,True,True,SELL,SELL,23,23,EXACT
SMV2-0099,KEI,True,True,BUY,BUY,102,102,EXACT
SMV2-0099,PAGEIND,True,True,BUY,BUY,2,2,EXACT
SMV2-0099,POLYCAB,True,True,BUY,BUY,42,42,EXACT
SMV2-0099,SUNTV,True,True,SELL,SELL,195,195,EXACT
SMV2-0099,TRENT,True,True,SELL,SELL,92,92,EXACT
SMV2-0099,TRIDENT,True,True,BUY,BUY,2357,2357,EXACT
SMV2-0099,TV18BRDCST,True,True,SELL,SELL,2102,2102,EXACT
SMV2-0099,ZEEL,True,True,SELL,SELL,351,351,EXACT
SMV2-0100,BATAINDIA,True,True,SELL,SELL,50,50,EXACT
SMV2-0100,INFY,True,True,BUY,BUY,61,61,EXACT
SMV2-0100,IRCTC,True,True,BUY,BUY,132,132,EXACT
SMV2-0100,MIRZAINT,True,True,SELL,SELL,1434,1434,EXACT
SMV2-0100,RELAXO,True,True,SELL,SELL,76,76,EXACT
SMV2-0100,TCS,True,True,BUY,BUY,30,30,EXACT
SMV2-0100,TRIDENT,True,True,SELL,SELL,560,560,EXACT
SMV2-0101,ABB,True,True,SELL,SELL,49,49,EXACT
SMV2-0101,ARVIND,True,True,SELL,SELL,850,850,EXACT
SMV2-0101,BATAINDIA,True,True,BUY,BUY,56,56,EXACT
SMV2-0101,BHARTIARTL,True,True,BUY,BUY,148,148,EXACT
SMV2-0101,INDUSTOWER,True,True,BUY,BUY,379,379,EXACT
SMV2-0101,KEI,True,True,SELL,SELL,102,102,EXACT
SMV2-0101,MIRZAINT,True,True,BUY,BUY,994,994,EXACT
SMV2-0101,PAGEIND,True,True,SELL,SELL,2,2,EXACT
SMV2-0101,POLYCAB,True,True,SELL,SELL,42,42,EXACT
SMV2-0101,RELAXO,True,True,BUY,BUY,80,80,EXACT
SMV2-0101,TRIDENT,True,True,SELL,SELL,1797,1797,EXACT
SMV2-0101,TTML,True,True,BUY,BUY,778,778,EXACT
SMV2-0102,HFCL,True,True,BUY,BUY,1262,1262,EXACT
SMV2-0102,TTML,True,True,SELL,SELL,778,778,EXACT
SMV2-0103,BATAINDIA,True,True,SELL,SELL,56,56,EXACT
SMV2-0103,MIRZAINT,True,True,SELL,SELL,994,994,EXACT
SMV2-0103,NETWORK18,True,True,BUY,BUY,1152,1152,EXACT
SMV2-0103,RELAXO,True,True,SELL,SELL,80,80,EXACT
SMV2-0103,TV18BRDCST,True,True,BUY,BUY,2326,2326,EXACT
SMV2-0103,ZEEL,True,True,BUY,BUY,309,309,EXACT
SMV2-0104,ABB,True,True,BUY,BUY,46,46,EXACT
SMV2-0104,BHARTIARTL,True,True,SELL,SELL,148,148,EXACT
SMV2-0104,HFCL,True,True,SELL,SELL,1262,1262,EXACT
SMV2-0104,INDUSTOWER,True,True,SELL,SELL,379,379,EXACT
SMV2-0104,KEI,True,True,BUY,BUY,82,82,EXACT
SMV2-0104,POLYCAB,True,True,BUY,BUY,45,45,EXACT
SMV2-0105,IRCTC,True,True,SELL,SELL,132,132,EXACT
SMV2-0105,WIPRO,True,True,BUY,BUY,147,147,EXACT
SMV2-0106,BOMDYEING,True,True,BUY,BUY,941,941,EXACT
SMV2-0106,NETWORK18,True,True,SELL,SELL,1152,1152,EXACT
SMV2-0106,PAGEIND,True,True,BUY,BUY,2,2,EXACT
SMV2-0106,TRIDENT,True,True,BUY,BUY,1969,1969,EXACT
SMV2-0106,TV18BRDCST,True,True,SELL,SELL,2326,2326,EXACT
SMV2-0106,ZEEL,True,True,SELL,SELL,309,309,EXACT
SMV2-0107,ABB,True,True,SELL,SELL,46,46,EXACT
SMV2-0107,BHEL,True,True,BUY,BUY,1734,1734,EXACT
SMV2-0107,GREAVESCOT,True,True,BUY,BUY,478,478,EXACT
SMV2-0107,KEI,True,True,SELL,SELL,82,82,EXACT
SMV2-0107,LTTS,True,True,BUY,BUY,19,19,EXACT
SMV2-0107,POLYCAB,True,True,SELL,SELL,45,45,EXACT
SMV2-0107,TRIDENT,True,True,SELL,SELL,329,329,EXACT
SMV2-0108,ALOKINDS,True,True,BUY,BUY,3314,3314,EXACT
SMV2-0108,COFFEEDAY,True,True,BUY,BUY,1357,1357,EXACT
SMV2-0108,INDHOTEL,True,True,BUY,BUY,510,510,EXACT
SMV2-0108,INFY,True,True,SELL,SELL,61,61,EXACT
SMV2-0108,LEMONTREE,True,True,BUY,BUY,2141,2141,EXACT
SMV2-0108,TCS,True,True,SELL,SELL,30,30,EXACT
SMV2-0108,TRIDENT,True,True,SELL,SELL,1640,1640,EXACT
SMV2-0108,WIPRO,True,True,SELL,SELL,147,147,EXACT
SMV2-0109,BHEL,True,True,SELL,SELL,1734,1734,EXACT
SMV2-0109,BPCL,True,True,BUY,BUY,263,263,EXACT
SMV2-0109,GREAVESCOT,True,True,SELL,SELL,478,478,EXACT
SMV2-0109,LTTS,True,True,SELL,SELL,19,19,EXACT
SMV2-0109,ONGC,True,True,BUY,BUY,599,599,EXACT
SMV2-0109,RELIANCE,True,True,BUY,BUY,43,43,EXACT
SMV2-0111,ALOKINDS,True,True,SELL,SELL,3314,3314,EXACT
SMV2-0111,BOMDYEING,True,True,SELL,SELL,941,941,EXACT
SMV2-0111,PAGEIND,True,True,SELL,SELL,2,2,EXACT
SMV2-0111,SUNTV,True,True,BUY,BUY,190,190,EXACT
SMV2-0111,TV18BRDCST,True,True,BUY,BUY,1381,1381,EXACT
SMV2-0111,ZEEL,True,True,BUY,BUY,378,378,EXACT
SMV2-0113,BPCL,True,True,SELL,SELL,263,263,EXACT
SMV2-0113,JINDALPOLY,True,True,BUY,BUY,91,91,EXACT
SMV2-0113,ONGC,True,True,SELL,SELL,599,599,EXACT
SMV2-0113,RELIANCE,True,True,SELL,SELL,43,43,EXACT
SMV2-0113,TCPLPACK,True,True,BUY,BUY,127,127,EXACT
SMV2-0113,UFLEX,True,True,BUY,BUY,175,175,EXACT
SMV2-0114,COFFEEDAY,True,True,BUY,BUY,239,239,EXACT
SMV2-0114,LEMONTREE,True,True,SELL,SELL,400,400,EXACT
SMV2-0115,BPCL,True,True,BUY,BUY,267,267,EXACT
SMV2-0115,JINDALPOLY,True,True,SELL,SELL,91,91,EXACT
SMV2-0115,JKPAPER,True,True,BUY,BUY,359,359,EXACT
SMV2-0115,ONGC,True,True,BUY,BUY,553,553,EXACT
SMV2-0115,RELIANCE,True,True,BUY,BUY,40,40,EXACT
SMV2-0115,SATIA,True,True,BUY,BUY,922,922,EXACT
SMV2-0115,SUNTV,True,True,SELL,SELL,190,190,EXACT
SMV2-0115,TCPLPACK,True,True,SELL,SELL,127,127,EXACT
SMV2-0115,TV18BRDCST,True,True,SELL,SELL,1381,1381,EXACT
SMV2-0115,UFLEX,True,True,SELL,SELL,175,175,EXACT
SMV2-0115,WSTCSTPAPR,True,True,BUY,BUY,341,341,EXACT
SMV2-0115,ZEEL,True,True,SELL,SELL,378,378,EXACT
SMV2-0116,BPCL,True,True,SELL,SELL,267,267,EXACT
SMV2-0116,HINDALCO,True,True,BUY,BUY,171,171,EXACT
SMV2-0116,ONGC,True,True,SELL,SELL,553,553,EXACT
SMV2-0116,RELIANCE,True,True,SELL,SELL,40,40,EXACT
SMV2-0116,TATASTEEL,True,True,BUY,BUY,76,76,EXACT
SMV2-0116,VEDL,True,True,BUY,BUY,230,230,EXACT
SMV2-0118,COFFEEDAY,True,True,SELL,SELL,1596,1596,EXACT
SMV2-0118,EASEMYTRIP,True,True,BUY,BUY,181,181,EXACT
SMV2-0118,HINDALCO,True,True,SELL,SELL,171,171,EXACT
SMV2-0118,SUNTV,True,True,BUY,BUY,212,212,EXACT
SMV2-0118,TATASTEEL,True,True,SELL,SELL,76,76,EXACT
SMV2-0118,TV18BRDCST,True,True,BUY,BUY,1399,1399,EXACT
SMV2-0118,VEDL,True,True,SELL,SELL,230,230,EXACT
SMV2-0118,ZEEL,True,True,BUY,BUY,353,353,EXACT
SMV2-0119,EASEMYTRIP,True,True,BUY,BUY,75,75,EXACT
SMV2-0119,HUHTAMAKI,True,True,BUY,BUY,350,350,EXACT
SMV2-0119,JINDALPOLY,True,True,BUY,BUY,93,93,EXACT
SMV2-0119,SUNTV,True,True,SELL,SELL,212,212,EXACT
SMV2-0119,TV18BRDCST,True,True,SELL,SELL,1399,1399,EXACT
SMV2-0119,UFLEX,True,True,BUY,BUY,161,161,EXACT
SMV2-0119,ZEEL,True,True,SELL,SELL,353,353,EXACT
SMV2-0121,EASEMYTRIP,True,True,SELL,SELL,256,256,EXACT
SMV2-0121,HUHTAMAKI,True,True,BUY,BUY,260,260,EXACT
SMV2-0121,INDHOTEL,True,True,SELL,SELL,510,510,EXACT
SMV2-0121,IOC,True,True,BUY,BUY,543,543,EXACT
SMV2-0121,LEMONTREE,True,True,SELL,SELL,1741,1741,EXACT
SMV2-0121,ONGC,True,True,BUY,BUY,638,638,EXACT
SMV2-0121,RELIANCE,True,True,BUY,BUY,39,39,EXACT
SMV2-0122,JKPAPER,True,True,SELL,SELL,57,57,EXACT
SMV2-0123,ADANIENT,True,True,BUY,BUY,46,46,EXACT
SMV2-0123,IOC,True,True,BUY,BUY,280,280,EXACT
SMV2-0123,JKPAPER,True,True,SELL,SELL,302,302,EXACT
SMV2-0123,MMTC,True,True,BUY,BUY,2413,2413,EXACT
SMV2-0123,REDINGTON,True,True,BUY,BUY,750,750,EXACT
SMV2-0123,SATIA,True,True,SELL,SELL,922,922,EXACT
SMV2-0123,WSTCSTPAPR,True,True,SELL,SELL,341,341,EXACT
SMV2-0124,ADANIENT,True,True,SELL,SELL,46,46,EXACT
SMV2-0124,BRITANNIA,True,True,BUY,BUY,29,29,EXACT
SMV2-0124,HEROMOTOCO,True,True,BUY,BUY,39,39,EXACT
SMV2-0124,HINDUNILVR,True,True,BUY,BUY,44,44,EXACT
SMV2-0124,HUHTAMAKI,True,True,SELL,SELL,610,610,EXACT
SMV2-0124,JINDALPOLY,True,True,SELL,SELL,93,93,EXACT
SMV2-0124,JUBLFOOD,True,True,BUY,BUY,201,201,EXACT
SMV2-0124,M&M,True,True,BUY,BUY,108,108,EXACT
SMV2-0124,MARUTI,True,True,BUY,BUY,13,13,EXACT
SMV2-0124,MMTC,True,True,SELL,SELL,2413,2413,EXACT
SMV2-0124,REDINGTON,True,True,SELL,SELL,750,750,EXACT
SMV2-0124,UFLEX,True,True,SELL,SELL,161,161,EXACT
SMV2-0126,HDFCLIFE,True,True,BUY,BUY,168,168,EXACT
SMV2-0126,ICICIPRULI,True,True,BUY,BUY,170,170,EXACT
SMV2-0126,IOC,True,True,SELL,SELL,823,823,EXACT
SMV2-0126,ONGC,True,True,SELL,SELL,638,638,EXACT
SMV2-0126,RELIANCE,True,True,SELL,SELL,39,39,EXACT
SMV2-0126,SBILIFE,True,True,BUY,BUY,90,90,EXACT
SMV2-0127,BEL,True,True,BUY,BUY,422,422,EXACT
SMV2-0127,BRITANNIA,True,True,SELL,SELL,29,29,EXACT
SMV2-0127,HAL,True,True,BUY,BUY,53,53,EXACT
SMV2-0127,HINDUNILVR,True,True,SELL,SELL,44,44,EXACT
SMV2-0127,INDIGO,True,True,BUY,BUY,56,56,EXACT
SMV2-0127,JUBLFOOD,True,True,SELL,SELL,201,201,EXACT
SMV2-0128,ASHOKLEY,True,True,BUY,BUY,705,705,EXACT
SMV2-0128,HDFCLIFE,True,True,SELL,SELL,168,168,EXACT
SMV2-0128,HEROMOTOCO,True,True,SELL,SELL,39,39,EXACT
SMV2-0128,ICICIPRULI,True,True,SELL,SELL,170,170,EXACT
SMV2-0128,MRPL,True,True,BUY,BUY,867,867,EXACT
SMV2-0128,ONGC,True,True,BUY,BUY,624,624,EXACT
SMV2-0128,RELIANCE,True,True,BUY,BUY,38,38,EXACT
SMV2-0128,SBILIFE,True,True,SELL,SELL,90,90,EXACT
SMV2-0129,BATAINDIA,True,True,BUY,BUY,57,57,EXACT
SMV2-0129,METROBRAND,True,True,BUY,BUY,136,136,EXACT
SMV2-0129,MIRZAINT,True,True,BUY,BUY,423,423,EXACT
SMV2-0129,MRPL,True,True,SELL,SELL,867,867,EXACT
SMV2-0129,ONGC,True,True,SELL,SELL,624,624,EXACT
SMV2-0129,RELIANCE,True,True,SELL,SELL,38,38,EXACT
SMV2-0130,ASHOKLEY,True,True,SELL,SELL,705,705,EXACT
SMV2-0130,BAJAJ-AUTO,True,True,BUY,BUY,25,25,EXACT
SMV2-0130,BATAINDIA,True,True,SELL,SELL,57,57,EXACT
SMV2-0130,BEL,True,True,SELL,SELL,422,422,EXACT
SMV2-0130,HAL,True,True,SELL,SELL,53,53,EXACT
SMV2-0130,INDIGO,True,True,SELL,SELL,56,56,EXACT
SMV2-0130,M&M,True,True,SELL,SELL,18,18,EXACT
SMV2-0130,MCDOWELL-N,True,True,BUY,BUY,127,127,EXACT
SMV2-0130,METROBRAND,True,True,SELL,SELL,136,136,EXACT
SMV2-0130,MIRZAINT,True,True,SELL,SELL,423,423,EXACT
SMV2-0130,MRPL,True,True,BUY,BUY,1144,1144,EXACT
SMV2-0130,ONGC,True,True,BUY,BUY,701,701,EXACT
SMV2-0130,RADICO,True,True,BUY,BUY,106,106,EXACT
SMV2-0130,RELIANCE,True,True,BUY,BUY,38,38,EXACT
SMV2-0130,UBL,True,True,BUY,BUY,65,65,EXACT
SMV2-0131,JKPAPER,True,True,BUY,BUY,312,312,EXACT
SMV2-0131,MRPL,True,True,SELL,SELL,1144,1144,EXACT
SMV2-0131,ONGC,True,True,SELL,SELL,701,701,EXACT
SMV2-0131,RELIANCE,True,True,SELL,SELL,38,38,EXACT
SMV2-0131,SATIA,True,True,BUY,BUY,641,641,EXACT
SMV2-0131,WSTCSTPAPR,True,True,BUY,BUY,273,273,EXACT
SMV2-0132,BRITANNIA,True,True,BUY,BUY,25,25,EXACT
SMV2-0132,HINDUNILVR,True,True,BUY,BUY,38,38,EXACT
SMV2-0132,JKPAPER,True,True,SELL,SELL,312,312,EXACT
SMV2-0132,JUBLFOOD,True,True,BUY,BUY,169,169,EXACT
SMV2-0132,MCDOWELL-N,True,True,SELL,SELL,127,127,EXACT
SMV2-0132,RADICO,True,True,SELL,SELL,106,106,EXACT
SMV2-0132,RAJESHEXPO,True,True,BUY,BUY,164,164,EXACT
SMV2-0132,SATIA,True,True,SELL,SELL,641,641,EXACT
SMV2-0132,TITAN,True,True,BUY,BUY,44,44,EXACT
SMV2-0132,UBL,True,True,SELL,SELL,65,65,EXACT
SMV2-0132,VAIBHAVGBL,True,True,BUY,BUY,277,277,EXACT
SMV2-0132,WSTCSTPAPR,True,True,SELL,SELL,273,273,EXACT
SMV2-0133,CROMPTON,True,True,BUY,BUY,202,202,EXACT
SMV2-0133,DIXON,True,True,BUY,BUY,26,26,EXACT
SMV2-0133,RAJESHEXPO,True,True,SELL,SELL,164,164,EXACT
SMV2-0133,TITAN,True,True,SELL,SELL,44,44,EXACT
SMV2-0133,VAIBHAVGBL,True,True,SELL,SELL,277,277,EXACT
SMV2-0133,VOLTAS,True,True,BUY,BUY,99,99,EXACT
SMV2-0134,BAJAJ-AUTO,True,True,SELL,SELL,25,25,EXACT
SMV2-0134,BRITANNIA,True,True,SELL,SELL,25,25,EXACT
SMV2-0134,CROMPTON,True,True,BUY,BUY,60,60,EXACT
SMV2-0134,DLF,True,True,BUY,BUY,275,275,EXACT
SMV2-0134,GODREJPROP,True,True,BUY,BUY,68,68,EXACT
SMV2-0134,HINDUNILVR,True,True,SELL,SELL,38,38,EXACT
SMV2-0134,JKPAPER,True,True,BUY,BUY,299,299,EXACT
SMV2-0134,JUBLFOOD,True,True,SELL,SELL,169,169,EXACT
SMV2-0134,M&M,True,True,SELL,SELL,90,90,EXACT
SMV2-0134,MARUTI,True,True,SELL,SELL,13,13,EXACT
SMV2-0134,OBEROIRLTY,True,True,BUY,BUY,110,110,EXACT
SMV2-0134,TNPL,True,True,BUY,BUY,464,464,EXACT
SMV2-0134,WSTCSTPAPR,True,True,BUY,BUY,263,263,EXACT
SMV2-0135,AXISBANK,True,True,BUY,BUY,142,142,EXACT
SMV2-0135,BEL,True,True,BUY,BUY,375,375,EXACT
SMV2-0135,DLF,True,True,SELL,SELL,275,275,EXACT
SMV2-0135,GODREJPROP,True,True,SELL,SELL,68,68,EXACT
SMV2-0135,HAL,True,True,BUY,BUY,51,51,EXACT
SMV2-0135,HDFCBANK,True,True,BUY,BUY,71,71,EXACT
SMV2-0135,ICICIBANK,True,True,BUY,BUY,126,126,EXACT
SMV2-0135,INDIGO,True,True,BUY,BUY,54,54,EXACT
SMV2-0135,JKPAPER,True,True,SELL,SELL,299,299,EXACT
SMV2-0135,OBEROIRLTY,True,True,SELL,SELL,110,110,EXACT
SMV2-0135,TNPL,True,True,SELL,SELL,464,464,EXACT
SMV2-0135,WSTCSTPAPR,True,True,SELL,SELL,263,263,EXACT
SMV2-0136,CROMPTON,True,True,SELL,SELL,262,262,EXACT
SMV2-0136,DIXON,True,True,SELL,SELL,26,26,EXACT
SMV2-0136,JKPAPER,True,True,BUY,BUY,270,270,EXACT
SMV2-0136,TNPL,True,True,BUY,BUY,393,393,EXACT
SMV2-0136,VOLTAS,True,True,SELL,SELL,99,99,EXACT
SMV2-0136,WSTCSTPAPR,True,True,BUY,BUY,208,208,EXACT
SMV2-0138,AXISBANK,True,True,SELL,SELL,142,142,EXACT
SMV2-0138,HDFCBANK,True,True,SELL,SELL,71,71,EXACT
SMV2-0138,ICICIBANK,True,True,SELL,SELL,126,126,EXACT
SMV2-0138,NDTV,True,True,BUY,BUY,286,286,EXACT
SMV2-0138,SUNTV,True,True,BUY,BUY,220,220,EXACT
SMV2-0138,ZEEL,True,True,BUY,BUY,416,416,EXACT
SMV2-0140,NDTV,True,True,SELL,SELL,69,69,EXACT
SMV2-0141,AGI,True,True,BUY,BUY,312,312,EXACT
SMV2-0141,BEL,True,True,SELL,SELL,375,375,EXACT
SMV2-0141,DLF,True,True,BUY,BUY,289,289,EXACT
SMV2-0141,GODREJPROP,True,True,BUY,BUY,81,81,EXACT
SMV2-0141,HAL,True,True,SELL,SELL,51,51,EXACT
SMV2-0141,IBREALEST,True,True,BUY,BUY,1324,1324,EXACT
SMV2-0141,INDIGO,True,True,SELL,SELL,54,54,EXACT
SMV2-0141,JKPAPER,True,True,SELL,SELL,270,270,EXACT
SMV2-0141,NDTV,True,True,BUY,BUY,55,55,EXACT
SMV2-0141,TCPLPACK,True,True,BUY,BUY,84,84,EXACT
SMV2-0141,TNPL,True,True,SELL,SELL,393,393,EXACT
SMV2-0141,UFLEX,True,True,BUY,BUY,149,149,EXACT
SMV2-0141,WSTCSTPAPR,True,True,SELL,SELL,208,208,EXACT
SMV2-0142,AGI,True,True,SELL,SELL,312,312,EXACT
SMV2-0142,ALLCARGO,True,True,BUY,BUY,274,274,EXACT
SMV2-0142,BEL,True,True,BUY,BUY,985,985,EXACT
SMV2-0142,BLS,True,True,BUY,BUY,392,392,EXACT
SMV2-0142,BLUEDART,True,True,BUY,BUY,13,13,EXACT
SMV2-0142,CONCOR,True,True,BUY,BUY,149,149,EXACT
SMV2-0142,DLF,True,True,SELL,SELL,289,289,EXACT
SMV2-0142,EASEMYTRIP,True,True,BUY,BUY,264,264,EXACT
SMV2-0142,GODREJPROP,True,True,SELL,SELL,81,81,EXACT
SMV2-0142,HAL,True,True,BUY,BUY,44,44,EXACT
SMV2-0142,IBREALEST,True,True,SELL,SELL,1324,1324,EXACT
SMV2-0142,INDHOTEL,True,True,BUY,BUY,347,347,EXACT
SMV2-0142,INDIGO,True,True,BUY,BUY,59,59,EXACT
SMV2-0142,NDTV,True,True,SELL,SELL,272,272,EXACT
SMV2-0142,SUNTV,True,True,SELL,SELL,220,220,EXACT
SMV2-0142,TCPLPACK,True,True,SELL,SELL,84,84,EXACT
SMV2-0142,UFLEX,True,True,SELL,SELL,149,149,EXACT
SMV2-0142,ZEEL,True,True,SELL,SELL,416,416,EXACT
SMV2-0144,BATAINDIA,True,True,BUY,BUY,59,59,EXACT
SMV2-0144,BEL,True,True,SELL,SELL,985,985,EXACT
SMV2-0144,CAMPUS,True,True,BUY,BUY,187,187,EXACT
SMV2-0144,HAL,True,True,SELL,SELL,44,44,EXACT
SMV2-0144,INDIGO,True,True,SELL,SELL,59,59,EXACT
SMV2-0144,METROBRAND,True,True,BUY,BUY,108,108,EXACT
SMV2-0146,ALLCARGO,True,True,SELL,SELL,274,274,EXACT
SMV2-0146,BLUEDART,True,True,SELL,SELL,13,13,EXACT
SMV2-0146,CONCOR,True,True,SELL,SELL,149,149,EXACT
SMV2-0146,MCDOWELL-N,True,True,BUY,BUY,129,129,EXACT
SMV2-0146,RADICO,True,True,BUY,BUY,102,102,EXACT
SMV2-0146,UBL,True,True,BUY,BUY,64,64,EXACT
SMV2-0147,BEL,True,True,BUY,BUY,1048,1048,EXACT
SMV2-0147,BLS,True,True,SELL,SELL,392,392,EXACT
SMV2-0147,EASEMYTRIP,True,True,SELL,SELL,264,264,EXACT
SMV2-0147,HAL,True,True,BUY,BUY,45,45,EXACT
SMV2-0147,INDHOTEL,True,True,SELL,SELL,347,347,EXACT
SMV2-0147,INDIGO,True,True,BUY,BUY,60,60,EXACT
SMV2-0147,JKPAPER,True,True,BUY,BUY,282,282,EXACT
SMV2-0147,MCDOWELL-N,True,True,SELL,SELL,129,129,EXACT
SMV2-0147,RADICO,True,True,SELL,SELL,102,102,EXACT
SMV2-0147,TNPL,True,True,BUY,BUY,450,450,EXACT
SMV2-0147,UBL,True,True,SELL,SELL,64,64,EXACT
SMV2-0147,WSTCSTPAPR,True,True,BUY,BUY,192,192,EXACT
SMV2-0148,AXISBANK,True,True,BUY,BUY,122,122,EXACT
SMV2-0148,BATAINDIA,True,True,SELL,SELL,59,59,EXACT
SMV2-0148,CAMPUS,True,True,SELL,SELL,187,187,EXACT
SMV2-0148,HDFCBANK,True,True,BUY,BUY,62,62,EXACT
SMV2-0148,ICICIBANK,True,True,BUY,BUY,121,121,EXACT
SMV2-0148,METROBRAND,True,True,SELL,SELL,108,108,EXACT
SMV2-0150,ADANIENT,True,True,BUY,BUY,27,27,EXACT
SMV2-0150,JKPAPER,True,True,SELL,SELL,282,282,EXACT
SMV2-0150,REDINGTON,True,True,BUY,BUY,738,738,EXACT
SMV2-0150,SUNDRMFAST,True,True,BUY,BUY,114,114,EXACT
SMV2-0150,TNPL,True,True,SELL,SELL,450,450,EXACT
SMV2-0150,WSTCSTPAPR,True,True,SELL,SELL,192,192,EXACT
SMV2-0151,BEL,True,True,SELL,SELL,1048,1048,EXACT
SMV2-0151,GAIL,True,True,BUY,BUY,1241,1241,EXACT
SMV2-0151,HAL,True,True,SELL,SELL,45,45,EXACT
SMV2-0151,INDIGO,True,True,SELL,SELL,60,60,EXACT
SMV2-0151,MGL,True,True,BUY,BUY,124,124,EXACT
SMV2-0151,REFEX,True,True,BUY,BUY,498,498,EXACT
SMV2-0153,REFEX,True,True,SELL,SELL,97,97,EXACT
SMV2-0154,ADANIPORTS,True,True,BUY,BUY,132,132,EXACT
SMV2-0154,GAIL,True,True,SELL,SELL,1241,1241,EXACT
SMV2-0154,LT,True,True,BUY,BUY,54,54,EXACT
SMV2-0154,MGL,True,True,SELL,SELL,124,124,EXACT
SMV2-0154,REFEX,True,True,SELL,SELL,401,401,EXACT
SMV2-0154,RVNL,True,True,BUY,BUY,1772,1772,EXACT
SMV2-0156,ADANIENT,True,True,SELL,SELL,27,27,EXACT
SMV2-0156,ADANIPORTS,True,True,SELL,SELL,132,132,EXACT
SMV2-0156,APOLLOHOSP,True,True,BUY,BUY,23,23,EXACT
SMV2-0156,CIPLA,True,True,BUY,BUY,98,98,EXACT
SMV2-0156,HDFCLIFE,True,True,BUY,BUY,197,197,EXACT
SMV2-0156,LICI,True,True,BUY,BUY,167,167,EXACT
SMV2-0156,LT,True,True,SELL,SELL,54,54,EXACT
SMV2-0156,POLICYBZR,True,True,BUY,BUY,247,247,EXACT
SMV2-0156,REDINGTON,True,True,SELL,SELL,738,738,EXACT
SMV2-0156,RVNL,True,True,SELL,SELL,1772,1772,EXACT
SMV2-0156,SUNDRMFAST,True,True,SELL,SELL,114,114,EXACT
SMV2-0156,SUNPHARMA,True,True,BUY,BUY,109,109,EXACT
SMV2-0157,APOLLOHOSP,True,True,SELL,SELL,23,23,EXACT
SMV2-0157,ASTRAL,True,True,BUY,BUY,55,55,EXACT
SMV2-0157,CIPLA,True,True,SELL,SELL,98,98,EXACT
SMV2-0157,FINPIPE,True,True,BUY,BUY,595,595,EXACT
SMV2-0157,HDFCLIFE,True,True,SELL,SELL,197,197,EXACT
SMV2-0157,HINDALCO,True,True,BUY,BUY,232,232,EXACT
SMV2-0157,LICI,True,True,SELL,SELL,167,167,EXACT
SMV2-0157,POLICYBZR,True,True,SELL,SELL,247,247,EXACT
SMV2-0157,SUNPHARMA,True,True,SELL,SELL,109,109,EXACT
SMV2-0157,SUPREMEIND,True,True,BUY,BUY,45,45,EXACT
SMV2-0157,TATASTEEL,True,True,BUY,BUY,966,966,EXACT
SMV2-0157,VEDL,True,True,BUY,BUY,356,356,EXACT
SMV2-0158,ABB,True,True,BUY,BUY,38,38,EXACT
SMV2-0158,ASTRAL,True,True,SELL,SELL,55,55,EXACT
SMV2-0158,FINPIPE,True,True,SELL,SELL,595,595,EXACT
SMV2-0158,HDFCLIFE,True,True,BUY,BUY,180,180,EXACT
SMV2-0158,HINDALCO,True,True,SELL,SELL,232,232,EXACT
SMV2-0158,KEI,True,True,BUY,BUY,74,74,EXACT
SMV2-0158,LICI,True,True,BUY,BUY,154,154,EXACT
SMV2-0158,POLYCAB,True,True,BUY,BUY,41,41,EXACT
SMV2-0158,SBILIFE,True,True,BUY,BUY,86,86,EXACT
SMV2-0158,SUPREMEIND,True,True,SELL,SELL,45,45,EXACT
SMV2-0158,TATASTEEL,True,True,SELL,SELL,966,966,EXACT
SMV2-0158,VEDL,True,True,SELL,SELL,356,356,EXACT
SMV2-0159,AXISBANK,True,True,SELL,SELL,122,122,EXACT
SMV2-0159,HDFCBANK,True,True,SELL,SELL,62,62,EXACT
SMV2-0159,ICICIBANK,True,True,SELL,SELL,121,121,EXACT
SMV2-0159,KALYANKJIL,True,True,BUY,BUY,893,893,EXACT
SMV2-0159,RAJESHEXPO,True,True,BUY,BUY,137,137,EXACT
SMV2-0159,TITAN,True,True,BUY,BUY,45,45,EXACT
SMV2-0160,HDFCLIFE,True,True,SELL,SELL,180,180,EXACT
SMV2-0160,HINDALCO,True,True,BUY,BUY,225,225,EXACT
SMV2-0160,LICI,True,True,SELL,SELL,154,154,EXACT
SMV2-0160,SBILIFE,True,True,SELL,SELL,86,86,EXACT
SMV2-0160,TATASTEEL,True,True,BUY,BUY,902,902,EXACT
SMV2-0160,VEDL,True,True,BUY,BUY,326,326,EXACT
SMV2-0162,ABB,True,True,SELL,SELL,38,38,EXACT
SMV2-0162,HCLTECH,True,True,BUY,BUY,98,98,EXACT
SMV2-0162,INFY,True,True,BUY,BUY,70,70,EXACT
SMV2-0162,KEI,True,True,SELL,SELL,74,74,EXACT
SMV2-0162,POLYCAB,True,True,SELL,SELL,41,41,EXACT
SMV2-0162,TCS,True,True,BUY,BUY,32,32,EXACT
SMV2-0164,BEL,True,True,BUY,BUY,1035,1035,EXACT
SMV2-0164,GRASIM,True,True,BUY,BUY,65,65,EXACT
SMV2-0164,HAL,True,True,BUY,BUY,40,40,EXACT
SMV2-0164,HINDALCO,True,True,SELL,SELL,225,225,EXACT
SMV2-0164,INDIGO,True,True,BUY,BUY,56,56,EXACT
SMV2-0164,ITC,True,True,BUY,BUY,278,278,EXACT
SMV2-0164,KALYANKJIL,True,True,SELL,SELL,893,893,EXACT
SMV2-0164,RAJESHEXPO,True,True,SELL,SELL,137,137,EXACT
SMV2-0164,SRF,True,True,BUY,BUY,46,46,EXACT
SMV2-0164,TATASTEEL,True,True,SELL,SELL,902,902,EXACT
SMV2-0164,TITAN,True,True,SELL,SELL,45,45,EXACT
SMV2-0164,VEDL,True,True,SELL,SELL,326,326,EXACT
SMV2-0165,BATAINDIA,True,True,BUY,BUY,72,72,EXACT
SMV2-0165,BEL,True,True,SELL,SELL,1035,1035,EXACT
SMV2-0165,CAMPUS,True,True,BUY,BUY,237,237,EXACT
SMV2-0165,HAL,True,True,SELL,SELL,40,40,EXACT
SMV2-0165,INDIGO,True,True,SELL,SELL,56,56,EXACT
SMV2-0165,MIRZAINT,True,True,BUY,BUY,362,362,EXACT
SMV2-0166,GRASIM,True,True,SELL,SELL,65,65,EXACT
SMV2-0166,HCLTECH,True,True,SELL,SELL,98,98,EXACT
SMV2-0166,HDFCLIFE,True,True,BUY,BUY,210,210,EXACT
SMV2-0166,INFY,True,True,SELL,SELL,70,70,EXACT
SMV2-0166,ITC,True,True,SELL,SELL,278,278,EXACT
SMV2-0166,NTPC,True,True,BUY,BUY,599,599,EXACT
SMV2-0166,POLICYBZR,True,True,BUY,BUY,171,171,EXACT
SMV2-0166,POWERGRID,True,True,BUY,BUY,462,462,EXACT
SMV2-0166,SBILIFE,True,True,BUY,BUY,91,91,EXACT
SMV2-0166,SRF,True,True,SELL,SELL,46,46,EXACT
SMV2-0166,TATAPOWER,True,True,BUY,BUY,496,496,EXACT
SMV2-0166,TCS,True,True,SELL,SELL,32,32,EXACT
SMV2-0167,HDFCLIFE,True,True,SELL,SELL,210,210,EXACT
SMV2-0167,HINDPETRO,True,True,BUY,BUY,448,448,EXACT
SMV2-0167,ONGC,True,True,BUY,BUY,657,657,EXACT
SMV2-0167,POLICYBZR,True,True,SELL,SELL,171,171,EXACT
SMV2-0167,RELIANCE,True,True,BUY,BUY,44,44,EXACT
SMV2-0167,SBILIFE,True,True,SELL,SELL,91,91,EXACT
SMV2-0168,BATAINDIA,True,True,SELL,SELL,72,72,EXACT
SMV2-0168,CAMPUS,True,True,SELL,SELL,237,237,EXACT
SMV2-0168,MCDOWELL-N,True,True,BUY,BUY,134,134,EXACT
SMV2-0168,MIRZAINT,True,True,SELL,SELL,362,362,EXACT
SMV2-0168,RADICO,True,True,BUY,BUY,78,78,EXACT
SMV2-0168,UBL,True,True,BUY,BUY,70,70,EXACT
SMV2-0169,ABB,True,True,BUY,BUY,29,29,EXACT
SMV2-0169,FINCABLES,True,True,BUY,BUY,126,126,EXACT
SMV2-0169,NTPC,True,True,SELL,SELL,599,599,EXACT
SMV2-0169,OLECTRA,True,True,BUY,BUY,157,157,EXACT
SMV2-0169,POWERGRID,True,True,SELL,SELL,462,462,EXACT
SMV2-0169,TATAPOWER,True,True,SELL,SELL,496,496,EXACT
SMV2-0172,BEL,True,True,BUY,BUY,991,991,EXACT
SMV2-0172,HAL,True,True,BUY,BUY,35,35,EXACT
SMV2-0172,HINDPETRO,True,True,SELL,SELL,448,448,EXACT
SMV2-0172,INDIGO,True,True,BUY,BUY,52,52,EXACT
SMV2-0172,JKPAPER,True,True,BUY,BUY,263,263,EXACT
SMV2-0172,MCDOWELL-N,True,True,SELL,SELL,134,134,EXACT
SMV2-0172,ONGC,True,True,SELL,SELL,657,657,EXACT
SMV2-0172,RADICO,True,True,SELL,SELL,78,78,EXACT
SMV2-0172,RELIANCE,True,True,SELL,SELL,44,44,EXACT
SMV2-0172,TNPL,True,True,BUY,BUY,417,417,EXACT
SMV2-0172,UBL,True,True,SELL,SELL,70,70,EXACT
SMV2-0172,WSTCSTPAPR,True,True,BUY,BUY,176,176,EXACT
SMV2-0173,AGI,True,True,BUY,BUY,258,258,EXACT
SMV2-0173,BEL,True,True,SELL,SELL,991,991,EXACT
SMV2-0173,BLS,True,True,BUY,BUY,563,563,EXACT
SMV2-0173,HAL,True,True,SELL,SELL,35,35,EXACT
SMV2-0173,INDHOTEL,True,True,BUY,BUY,297,297,EXACT
SMV2-0173,INDIGO,True,True,SELL,SELL,52,52,EXACT
SMV2-0173,JINDALPOLY,True,True,BUY,BUY,170,170,EXACT
SMV2-0173,JKPAPER,True,True,SELL,SELL,263,263,EXACT
SMV2-0173,LEMONTREE,True,True,BUY,BUY,1109,1109,EXACT
SMV2-0173,TNPL,True,True,SELL,SELL,417,417,EXACT
SMV2-0173,UFLEX,True,True,BUY,BUY,252,252,EXACT
SMV2-0173,WSTCSTPAPR,True,True,SELL,SELL,176,176,EXACT
SMV2-0174,ABB,True,True,SELL,SELL,29,29,EXACT
SMV2-0174,AXITA,True,True,BUY,BUY,1992,1992,EXACT
SMV2-0174,FINCABLES,True,True,SELL,SELL,126,126,EXACT
SMV2-0174,OLECTRA,True,True,SELL,SELL,157,157,EXACT
SMV2-0174,PAGEIND,True,True,BUY,BUY,2,2,EXACT
SMV2-0174,RAYMOND,True,True,BUY,BUY,64,64,EXACT
SMV2-0175,AGI,True,True,SELL,SELL,55,55,EXACT
SMV2-0175,AXITA,True,True,BUY,BUY,885,885,EXACT
SMV2-0176,AXITA,True,True,SELL,SELL,2877,2877,EXACT
SMV2-0176,IRCON,True,True,BUY,BUY,1040,1040,EXACT
SMV2-0176,LT,True,True,BUY,BUY,47,47,EXACT
SMV2-0176,PAGEIND,True,True,SELL,SELL,2,2,EXACT
SMV2-0176,RAYMOND,True,True,SELL,SELL,64,64,EXACT
SMV2-0176,RVNL,True,True,BUY,BUY,849,849,EXACT
SMV2-0177,ABB,True,True,BUY,BUY,27,27,EXACT
SMV2-0177,BLS,True,True,SELL,SELL,563,563,EXACT
SMV2-0177,INDHOTEL,True,True,SELL,SELL,297,297,EXACT
SMV2-0177,IRCON,True,True,BUY,BUY,302,302,EXACT
SMV2-0177,KEI,True,True,BUY,BUY,39,39,EXACT
SMV2-0177,LEMONTREE,True,True,SELL,SELL,1109,1109,EXACT
SMV2-0177,POLYCAB,True,True,BUY,BUY,30,30,EXACT
SMV2-0178,INFY,True,True,BUY,BUY,78,78,EXACT
SMV2-0178,IRCON,True,True,SELL,SELL,1342,1342,EXACT
SMV2-0178,KEI,True,True,BUY,BUY,13,13,EXACT
SMV2-0178,LT,True,True,SELL,SELL,47,47,EXACT
SMV2-0178,PAYTM,True,True,BUY,BUY,111,111,EXACT
SMV2-0178,RVNL,True,True,SELL,SELL,849,849,EXACT
SMV2-0178,TCS,True,True,BUY,BUY,31,31,EXACT
SMV2-0179,AGI,True,True,SELL,SELL,203,203,EXACT
SMV2-0179,GAIL,True,True,BUY,BUY,1002,1002,EXACT
SMV2-0179,JINDALPOLY,True,True,SELL,SELL,170,170,EXACT
SMV2-0179,MGL,True,True,BUY,BUY,101,101,EXACT
SMV2-0179,PAYTM,True,True,BUY,BUY,34,34,EXACT
SMV2-0179,REFEX,True,True,BUY,BUY,193,193,EXACT
SMV2-0179,UFLEX,True,True,SELL,SELL,252,252,EXACT
SMV2-0180,GAIL,True,True,SELL,SELL,1002,1002,EXACT
SMV2-0180,MCDOWELL-N,True,True,BUY,BUY,118,118,EXACT
SMV2-0180,MGL,True,True,SELL,SELL,101,101,EXACT
SMV2-0180,REFEX,True,True,SELL,SELL,193,193,EXACT
SMV2-0180,SULA,True,True,BUY,BUY,207,207,EXACT
SMV2-0180,UBL,True,True,BUY,BUY,71,71,EXACT
SMV2-0181,BEL,True,True,BUY,BUY,776,776,EXACT
SMV2-0181,HAL,True,True,BUY,BUY,27,27,EXACT
SMV2-0181,INDIGO,True,True,BUY,BUY,44,44,EXACT
SMV2-0181,INFY,True,True,SELL,SELL,78,78,EXACT
SMV2-0181,MCDOWELL-N,True,True,SELL,SELL,118,118,EXACT
SMV2-0181,PAYTM,True,True,SELL,SELL,145,145,EXACT
SMV2-0181,SULA,True,True,SELL,SELL,207,207,EXACT
SMV2-0181,SUNTV,True,True,BUY,BUY,245,245,EXACT
SMV2-0181,TCS,True,True,SELL,SELL,31,31,EXACT
SMV2-0181,TV18BRDCST,True,True,BUY,BUY,2700,2700,EXACT
SMV2-0181,UBL,True,True,SELL,SELL,71,71,EXACT
SMV2-0181,ZEEL,True,True,BUY,BUY,586,586,EXACT
SMV2-0182,BHEL,True,True,BUY,BUY,1238,1238,EXACT
SMV2-0182,GRAPHITE,True,True,BUY,BUY,255,255,EXACT
SMV2-0182,SIEMENS,True,True,BUY,BUY,28,28,EXACT
SMV2-0182,SUNTV,True,True,SELL,SELL,245,245,EXACT
SMV2-0182,TV18BRDCST,True,True,SELL,SELL,2700,2700,EXACT
SMV2-0182,ZEEL,True,True,SELL,SELL,586,586,EXACT
SMV2-0183,ABB,True,True,SELL,SELL,27,27,EXACT
SMV2-0183,HEROMOTOCO,True,True,BUY,BUY,37,37,EXACT
SMV2-0183,KEI,True,True,SELL,SELL,52,52,EXACT
SMV2-0183,M&M,True,True,BUY,BUY,73,73,EXACT
SMV2-0183,MARUTI,True,True,BUY,BUY,11,11,EXACT
SMV2-0183,POLYCAB,True,True,SELL,SELL,30,30,EXACT
SMV2-0185,BHEL,True,True,SELL,SELL,1238,1238,EXACT
SMV2-0185,CONFIPET,True,True,BUY,BUY,1481,1481,EXACT
SMV2-0185,GAIL,True,True,BUY,BUY,1015,1015,EXACT
SMV2-0185,GRAPHITE,True,True,SELL,SELL,255,255,EXACT
SMV2-0185,MGL,True,True,BUY,BUY,103,103,EXACT
SMV2-0185,SIEMENS,True,True,SELL,SELL,28,28,EXACT
SMV2-0186,ABB,True,True,BUY,BUY,26,26,EXACT
SMV2-0186,BDL,True,True,BUY,BUY,94,94,EXACT
SMV2-0186,BEL,True,True,SELL,SELL,776,776,EXACT
SMV2-0186,HAL,True,True,SELL,SELL,27,27,EXACT
SMV2-0186,HEROMOTOCO,True,True,SELL,SELL,37,37,EXACT
SMV2-0186,INDIAMART,True,True,BUY,BUY,35,35,EXACT
SMV2-0186,INDIGO,True,True,SELL,SELL,44,44,EXACT
SMV2-0186,M&M,True,True,SELL,SELL,73,73,EXACT
SMV2-0186,MARUTI,True,True,SELL,SELL,11,11,EXACT
SMV2-0186,OLECTRA,True,True,BUY,BUY,87,87,EXACT
SMV2-0186,POLYCAB,True,True,BUY,BUY,24,24,EXACT
SMV2-0186,ZENTEC,True,True,BUY,BUY,181,181,EXACT
SMV2-0187,BDL,True,True,SELL,SELL,94,94,EXACT
SMV2-0187,BHARTIARTL,True,True,BUY,BUY,126,126,EXACT
SMV2-0187,INDIAMART,True,True,SELL,SELL,35,35,EXACT
SMV2-0187,TATACOMM,True,True,BUY,BUY,63,63,EXACT
SMV2-0187,TEJASNET,True,True,BUY,BUY,132,132,EXACT
SMV2-0187,ZENTEC,True,True,SELL,SELL,181,181,EXACT
SMV2-0189,ABB,True,True,SELL,SELL,26,26,EXACT
SMV2-0189,ADANIPORTS,True,True,BUY,BUY,137,137,EXACT
SMV2-0189,BHARTIARTL,True,True,SELL,SELL,126,126,EXACT
SMV2-0189,CONFIPET,True,True,SELL,SELL,1481,1481,EXACT
SMV2-0189,GAIL,True,True,SELL,SELL,1015,1015,EXACT
SMV2-0189,IRFC,True,True,BUY,BUY,2207,2207,EXACT
SMV2-0189,LT,True,True,BUY,BUY,40,40,EXACT
SMV2-0189,MGL,True,True,SELL,SELL,103,103,EXACT
SMV2-0189,NTPC,True,True,BUY,BUY,503,503,EXACT
SMV2-0189,OLECTRA,True,True,SELL,SELL,87,87,EXACT
SMV2-0189,PFC,True,True,BUY,BUY,408,408,EXACT
SMV2-0189,POLYCAB,True,True,SELL,SELL,24,24,EXACT
SMV2-0189,POWERGRID,True,True,BUY,BUY,438,438,EXACT
SMV2-0189,RECLTD,True,True,BUY,BUY,484,484,EXACT
SMV2-0189,RVNL,True,True,BUY,BUY,843,843,EXACT
SMV2-0189,TATACOMM,True,True,SELL,SELL,63,63,EXACT
SMV2-0189,TATAPOWER,True,True,BUY,BUY,455,455,EXACT
SMV2-0189,TEJASNET,True,True,SELL,SELL,132,132,EXACT
SMV2-0190,IRFC,True,True,SELL,SELL,2207,2207,EXACT
SMV2-0190,JKPAPER,True,True,BUY,BUY,291,291,EXACT
SMV2-0190,PFC,True,True,SELL,SELL,408,408,EXACT
SMV2-0190,RECLTD,True,True,SELL,SELL,484,484,EXACT
SMV2-0190,SATIA,True,True,BUY,BUY,811,811,EXACT
SMV2-0190,WSTCSTPAPR,True,True,BUY,BUY,190,190,EXACT
SMV2-0191,ABB,True,True,BUY,BUY,25,25,EXACT
SMV2-0191,NTPC,True,True,SELL,SELL,503,503,EXACT
SMV2-0191,OLECTRA,True,True,BUY,BUY,89,89,EXACT
SMV2-0191,POLYCAB,True,True,BUY,BUY,21,21,EXACT
SMV2-0191,POWERGRID,True,True,SELL,SELL,438,438,EXACT
SMV2-0191,TATAPOWER,True,True,SELL,SELL,455,455,EXACT
SMV2-0192,ADANIPORTS,True,True,SELL,SELL,137,137,EXACT
SMV2-0192,BHARTIARTL,True,True,BUY,BUY,129,129,EXACT
SMV2-0192,LT,True,True,SELL,SELL,40,40,EXACT
SMV2-0192,RAILTEL,True,True,BUY,BUY,466,466,EXACT
SMV2-0192,RVNL,True,True,SELL,SELL,843,843,EXACT
SMV2-0192,TATACOMM,True,True,BUY,BUY,60,60,EXACT
SMV2-0195,ABB,True,True,SELL,SELL,25,25,EXACT
SMV2-0195,ADANIENT,True,True,BUY,BUY,45,45,EXACT
SMV2-0195,AGI,True,True,BUY,BUY,125,125,EXACT
SMV2-0195,COSMOFIRST,True,True,BUY,BUY,165,165,EXACT
SMV2-0195,JKPAPER,True,True,SELL,SELL,291,291,EXACT
SMV2-0195,MMTC,True,True,BUY,BUY,1957,1957,EXACT
SMV2-0195,OLECTRA,True,True,SELL,SELL,89,89,EXACT
SMV2-0195,POLYCAB,True,True,SELL,SELL,21,21,EXACT
SMV2-0195,REDINGTON,True,True,BUY,BUY,715,715,EXACT
SMV2-0195,SATIA,True,True,SELL,SELL,811,811,EXACT
SMV2-0195,UFLEX,True,True,BUY,BUY,257,257,EXACT
SMV2-0195,WSTCSTPAPR,True,True,SELL,SELL,190,190,EXACT
SMV2-0196,AGI,True,True,SELL,SELL,125,125,EXACT
SMV2-0196,AXISBANK,True,True,BUY,BUY,109,109,EXACT
SMV2-0196,COSMOFIRST,True,True,SELL,SELL,165,165,EXACT
SMV2-0196,HDFCBANK,True,True,BUY,BUY,74,74,EXACT
SMV2-0196,ICICIBANK,True,True,BUY,BUY,119,119,EXACT
SMV2-0196,UFLEX,True,True,SELL,SELL,257,257,EXACT
SMV2-0197,ADANIENT,True,True,SELL,SELL,45,45,EXACT
SMV2-0197,AGI,True,True,BUY,BUY,120,120,EXACT
SMV2-0197,BHARTIARTL,True,True,SELL,SELL,129,129,EXACT
SMV2-0197,DLF,True,True,BUY,BUY,202,202,EXACT
SMV2-0197,IBREALEST,True,True,BUY,BUY,1362,1362,EXACT
SMV2-0197,JINDALPOLY,True,True,BUY,BUY,164,164,EXACT
SMV2-0197,MMTC,True,True,SELL,SELL,1957,1957,EXACT
SMV2-0197,NBCC,True,True,BUY,BUY,1853,1853,EXACT
SMV2-0197,RAILTEL,True,True,SELL,SELL,466,466,EXACT
SMV2-0197,REDINGTON,True,True,SELL,SELL,715,715,EXACT
SMV2-0197,TATACOMM,True,True,SELL,SELL,60,60,EXACT
SMV2-0197,UFLEX,True,True,BUY,BUY,251,251,EXACT
SMV2-0198,AXISBANK,True,True,SELL,SELL,109,109,EXACT
SMV2-0198,HDFCBANK,True,True,SELL,SELL,74,74,EXACT
SMV2-0198,ICICIBANK,True,True,SELL,SELL,119,119,EXACT
SMV2-0198,IRFC,True,True,BUY,BUY,1477,1477,EXACT
SMV2-0198,PFC,True,True,BUY,BUY,416,416,EXACT
SMV2-0198,RECLTD,True,True,BUY,BUY,386,386,EXACT
SMV2-0199,AGI,True,True,SELL,SELL,120,120,EXACT
SMV2-0199,BATAINDIA,True,True,BUY,BUY,70,70,EXACT
SMV2-0199,CAMPUS,True,True,BUY,BUY,385,385,EXACT
SMV2-0199,IRFC,True,True,SELL,SELL,1477,1477,EXACT
SMV2-0199,JINDALPOLY,True,True,SELL,SELL,164,164,EXACT
SMV2-0199,KALYANKJIL,True,True,BUY,BUY,374,374,EXACT
SMV2-0199,METROBRAND,True,True,BUY,BUY,92,92,EXACT
SMV2-0199,PFC,True,True,SELL,SELL,416,416,EXACT
SMV2-0199,RAJESHEXPO,True,True,BUY,BUY,245,245,EXACT
SMV2-0199,RECLTD,True,True,SELL,SELL,386,386,EXACT
SMV2-0199,TITAN,True,True,BUY,BUY,34,34,EXACT
SMV2-0199,UFLEX,True,True,SELL,SELL,251,251,EXACT
SMV2-0200,IBREALEST,True,True,SELL,SELL,1362,1362,EXACT
SMV2-0200,PRESTIGE,True,True,BUY,BUY,135,135,EXACT
SMV2-0202,BATAINDIA,True,True,SELL,SELL,70,70,EXACT
SMV2-0202,BEL,True,True,BUY,BUY,727,727,EXACT
SMV2-0202,CAMPUS,True,True,SELL,SELL,385,385,EXACT
SMV2-0202,HAL,True,True,BUY,BUY,55,55,EXACT
SMV2-0202,INDIGO,True,True,BUY,BUY,45,45,EXACT
SMV2-0202,METROBRAND,True,True,SELL,SELL,92,92,EXACT
SMV2-0203,KALYANKJIL,True,True,SELL,SELL,374,374,EXACT
SMV2-0203,NTPC,True,True,BUY,BUY,457,457,EXACT
SMV2-0203,POWERGRID,True,True,BUY,BUY,441,441,EXACT
SMV2-0203,RAJESHEXPO,True,True,SELL,SELL,245,245,EXACT
SMV2-0203,RPOWER,True,True,BUY,BUY,4997,4997,EXACT
SMV2-0203,TITAN,True,True,SELL,SELL,34,34,EXACT
SMV2-0204,GODREJPROP,True,True,BUY,BUY,62,62,EXACT
SMV2-0204,PRESTIGE,True,True,SELL,SELL,135,135,EXACT
SMV2-0205,POWERGRID,True,True,BUY,BUY,52,52,EXACT
SMV2-0206,GODREJPROP,True,True,SELL,SELL,62,62,EXACT
SMV2-0206,LODHA,True,True,BUY,BUY,129,129,EXACT
SMV2-0207,ADANIENT,True,True,BUY,BUY,44,44,EXACT
SMV2-0207,DLF,True,True,SELL,SELL,202,202,EXACT
SMV2-0207,LODHA,True,True,SELL,SELL,129,129,EXACT
SMV2-0207,MMTC,True,True,BUY,BUY,2202,2202,EXACT
SMV2-0207,MSTCLTD,True,True,BUY,BUY,266,266,EXACT
SMV2-0207,NBCC,True,True,SELL,SELL,1853,1853,EXACT
SMV2-0209,BEL,True,True,SELL,SELL,727,727,EXACT
SMV2-0209,COALINDIA,True,True,BUY,BUY,368,368,EXACT
SMV2-0209,HAL,True,True,SELL,SELL,55,55,EXACT
SMV2-0209,HINDCOPPER,True,True,BUY,BUY,504,504,EXACT
SMV2-0209,INDIGO,True,True,SELL,SELL,45,45,EXACT
SMV2-0209,MSTCLTD,True,True,SELL,SELL,60,60,EXACT
SMV2-0209,SAIL,True,True,BUY,BUY,1126,1126,EXACT
SMV2-0210,ADANIENT,True,True,SELL,SELL,44,44,EXACT
SMV2-0210,BHARTIARTL,True,True,BUY,BUY,137,137,EXACT
SMV2-0210,HFCL,True,True,BUY,BUY,1571,1571,EXACT
SMV2-0210,MMTC,True,True,SELL,SELL,2202,2202,EXACT
SMV2-0210,MSTCLTD,True,True,SELL,SELL,206,206,EXACT
SMV2-0210,RAILTEL,True,True,BUY,BUY,405,405,EXACT
SMV2-0211,BHARTIARTL,True,True,SELL,SELL,137,137,EXACT
SMV2-0211,BLS,True,True,BUY,BUY,375,375,EXACT
SMV2-0211,COALINDIA,True,True,SELL,SELL,368,368,EXACT
SMV2-0211,DLF,True,True,BUY,BUY,177,177,EXACT
SMV2-0211,EASEMYTRIP,True,True,BUY,BUY,2820,2820,EXACT
SMV2-0211,HFCL,True,True,SELL,SELL,1571,1571,EXACT
SMV2-0211,HINDCOPPER,True,True,SELL,SELL,504,504,EXACT
SMV2-0211,HINDPETRO,True,True,BUY,BUY,314,314,EXACT
SMV2-0211,IBREALEST,True,True,BUY,BUY,1407,1407,EXACT
SMV2-0211,LEMONTREE,True,True,BUY,BUY,1056,1056,EXACT
SMV2-0211,NBCC,True,True,BUY,BUY,1546,1546,EXACT
SMV2-0211,NTPC,True,True,SELL,SELL,457,457,EXACT
SMV2-0211,ONGC,True,True,BUY,BUY,622,622,EXACT
SMV2-0211,POWERGRID,True,True,SELL,SELL,493,493,EXACT
SMV2-0211,RAILTEL,True,True,SELL,SELL,405,405,EXACT
SMV2-0211,RELIANCE,True,True,BUY,BUY,51,51,EXACT
SMV2-0211,RPOWER,True,True,SELL,SELL,4997,4997,EXACT
SMV2-0211,SAIL,True,True,SELL,SELL,1126,1126,EXACT
SMV2-0213,HINDPETRO,True,True,SELL,SELL,314,314,EXACT
SMV2-0213,JKPAPER,True,True,BUY,BUY,346,346,EXACT
SMV2-0213,NBCC,True,True,SELL,SELL,301,301,EXACT
SMV2-0213,ONGC,True,True,SELL,SELL,622,622,EXACT
SMV2-0213,ORIENTPPR,True,True,BUY,BUY,2601,2601,EXACT
SMV2-0213,PAKKA,True,True,BUY,BUY,399,399,EXACT
SMV2-0213,RELIANCE,True,True,SELL,SELL,51,51,EXACT
SMV2-0214,DLF,True,True,SELL,SELL,177,177,EXACT
SMV2-0214,IBREALEST,True,True,SELL,SELL,1407,1407,EXACT
SMV2-0214,NBCC,True,True,SELL,SELL,1245,1245,EXACT
SMV2-0214,NHPC,True,True,BUY,BUY,1444,1444,EXACT
SMV2-0214,SJVN,True,True,BUY,BUY,1053,1053,EXACT
SMV2-0214,TATAPOWER,True,True,BUY,BUY,386,386,EXACT
SMV2-0216,BPCL,True,True,BUY,BUY,218,218,EXACT
SMV2-0216,IOC,True,True,BUY,BUY,765,765,EXACT
SMV2-0216,JKPAPER,True,True,SELL,SELL,346,346,EXACT
SMV2-0216,ORIENTPPR,True,True,SELL,SELL,2601,2601,EXACT
SMV2-0216,PAKKA,True,True,SELL,SELL,399,399,EXACT
SMV2-0216,RELIANCE,True,True,BUY,BUY,49,49,EXACT
SMV2-0217,HDFCLIFE,True,True,BUY,BUY,249,249,EXACT
SMV2-0217,LICI,True,True,BUY,BUY,132,132,EXACT
SMV2-0217,NHPC,True,True,SELL,SELL,1444,1444,EXACT
SMV2-0217,POLICYBZR,True,True,BUY,BUY,138,138,EXACT
SMV2-0217,SJVN,True,True,SELL,SELL,1053,1053,EXACT
SMV2-0217,TATAPOWER,True,True,SELL,SELL,386,386,EXACT
SMV2-0218,BEL,True,True,BUY,BUY,690,690,EXACT
SMV2-0218,BLS,True,True,SELL,SELL,375,375,EXACT
SMV2-0218,EASEMYTRIP,True,True,SELL,SELL,2820,2820,EXACT
SMV2-0218,HAL,True,True,BUY,BUY,45,45,EXACT
SMV2-0218,INDIGO,True,True,BUY,BUY,45,45,EXACT
SMV2-0218,LEMONTREE,True,True,SELL,SELL,1056,1056,EXACT
SMV2-0220,BATAINDIA,True,True,BUY,BUY,99,99,EXACT
SMV2-0220,BPCL,True,True,SELL,SELL,218,218,EXACT
SMV2-0220,CAMPUS,True,True,BUY,BUY,597,597,EXACT
SMV2-0220,IOC,True,True,SELL,SELL,765,765,EXACT
SMV2-0220,METROBRAND,True,True,BUY,BUY,113,113,EXACT
SMV2-0220,RELIANCE,True,True,SELL,SELL,49,49,EXACT
SMV2-0221,BATAINDIA,True,True,SELL,SELL,99,99,EXACT
SMV2-0221,CAMPUS,True,True,SELL,SELL,597,597,EXACT
SMV2-0221,MCDOWELL-N,True,True,BUY,BUY,123,123,EXACT
SMV2-0221,METROBRAND,True,True,SELL,SELL,113,113,EXACT
SMV2-0221,RADICO,True,True,BUY,BUY,71,71,EXACT
SMV2-0221,SULA,True,True,BUY,BUY,254,254,EXACT
SMV2-0222,ABFRL,True,True,BUY,BUY,568,568,EXACT
SMV2-0222,DMART,True,True,BUY,BUY,31,31,EXACT
SMV2-0222,MCDOWELL-N,True,True,SELL,SELL,123,123,EXACT
SMV2-0222,RADICO,True,True,SELL,SELL,71,71,EXACT
SMV2-0222,SULA,True,True,SELL,SELL,254,254,EXACT
SMV2-0222,TRENT,True,True,BUY,BUY,36,36,EXACT
SMV2-0223,ABFRL,True,True,SELL,SELL,568,568,EXACT
SMV2-0223,DMART,True,True,SELL,SELL,31,31,EXACT
SMV2-0223,HDFCLIFE,True,True,SELL,SELL,249,249,EXACT
SMV2-0223,LICI,True,True,SELL,SELL,132,132,EXACT
SMV2-0223,MCDOWELL-N,True,True,BUY,BUY,132,132,EXACT
SMV2-0223,NHPC,True,True,BUY,BUY,1597,1597,EXACT
SMV2-0223,NTPC,True,True,BUY,BUY,361,361,EXACT
SMV2-0223,POLICYBZR,True,True,SELL,SELL,138,138,EXACT
SMV2-0223,RADICO,True,True,BUY,BUY,88,88,EXACT
SMV2-0223,TATAPOWER,True,True,BUY,BUY,361,361,EXACT
SMV2-0223,TRENT,True,True,SELL,SELL,36,36,EXACT
SMV2-0223,UBL,True,True,BUY,BUY,83,83,EXACT
SMV2-0224,BEL,True,True,SELL,SELL,690,690,EXACT
SMV2-0224,HAL,True,True,SELL,SELL,45,45,EXACT
SMV2-0224,HINDCOPPER,True,True,BUY,BUY,421,421,EXACT
SMV2-0224,INDIGO,True,True,SELL,SELL,45,45,EXACT
SMV2-0224,SAIL,True,True,BUY,BUY,993,993,EXACT
SMV2-0224,TATASTEEL,True,True,BUY,BUY,938,938,EXACT
SMV2-0225,DLF,True,True,BUY,BUY,176,176,EXACT
SMV2-0225,GODREJPROP,True,True,BUY,BUY,60,60,EXACT
SMV2-0225,IBREALEST,True,True,BUY,BUY,1133,1133,EXACT
SMV2-0225,NHPC,True,True,SELL,SELL,1597,1597,EXACT
SMV2-0225,NTPC,True,True,SELL,SELL,361,361,EXACT
SMV2-0225,TATAPOWER,True,True,SELL,SELL,361,361,EXACT
SMV2-0226,BEL,True,True,BUY,BUY,667,667,EXACT
SMV2-0226,HAL,True,True,BUY,BUY,39,39,EXACT
SMV2-0226,INDIGO,True,True,BUY,BUY,40,40,EXACT
SMV2-0226,MCDOWELL-N,True,True,SELL,SELL,132,132,EXACT
SMV2-0226,RADICO,True,True,SELL,SELL,88,88,EXACT
SMV2-0226,UBL,True,True,SELL,SELL,83,83,EXACT
SMV2-0227,BEL,True,True,SELL,SELL,667,667,EXACT
SMV2-0227,DLF,True,True,SELL,SELL,176,176,EXACT
SMV2-0227,GODREJPROP,True,True,SELL,SELL,60,60,EXACT
SMV2-0227,HAL,True,True,SELL,SELL,39,39,EXACT
SMV2-0227,IBREALEST,True,True,SELL,SELL,1133,1133,EXACT
SMV2-0227,INDIGO,True,True,SELL,SELL,40,40,EXACT
SMV2-0227,IREDA,True,True,BUY,BUY,884,884,EXACT
SMV2-0227,JKPAPER,True,True,BUY,BUY,410,410,EXACT
SMV2-0227,NTPC,True,True,BUY,BUY,429,429,EXACT
SMV2-0227,ORIENTPPR,True,True,BUY,BUY,2743,2743,EXACT
SMV2-0227,TATAPOWER,True,True,BUY,BUY,344,344,EXACT
SMV2-0227,WSTCSTPAPR,True,True,BUY,BUY,209,209,EXACT
SMV2-0228,BEL,True,True,BUY,BUY,645,645,EXACT
SMV2-0228,BHEL,True,True,BUY,BUY,537,537,EXACT
SMV2-0228,HAL,True,True,BUY,BUY,38,38,EXACT
SMV2-0228,HAVELLS,True,True,BUY,BUY,87,87,EXACT
SMV2-0228,HINDCOPPER,True,True,SELL,SELL,421,421,EXACT
SMV2-0228,INDIGO,True,True,BUY,BUY,36,36,EXACT
SMV2-0228,IREDA,True,True,SELL,SELL,884,884,EXACT
SMV2-0228,NTPC,True,True,SELL,SELL,429,429,EXACT
SMV2-0228,SAIL,True,True,SELL,SELL,993,993,EXACT
SMV2-0228,SIEMENS,True,True,BUY,BUY,23,23,EXACT
SMV2-0228,TATAPOWER,True,True,SELL,SELL,344,344,EXACT
SMV2-0228,TATASTEEL,True,True,SELL,SELL,938,938,EXACT
SMV2-0230,ADANIPORTS,True,True,BUY,BUY,115,115,EXACT
SMV2-0230,BHEL,True,True,SELL,SELL,537,537,EXACT
SMV2-0230,HAL,True,True,SELL,SELL,6,6,EXACT
SMV2-0230,HAVELLS,True,True,SELL,SELL,87,87,EXACT
SMV2-0230,IREDA,True,True,BUY,BUY,802,802,EXACT
SMV2-0230,JKPAPER,True,True,SELL,SELL,410,410,EXACT
SMV2-0230,LT,True,True,BUY,BUY,45,45,EXACT
SMV2-0230,NHPC,True,True,BUY,BUY,1605,1605,EXACT
SMV2-0230,ORIENTPPR,True,True,SELL,SELL,2743,2743,EXACT
SMV2-0230,RVNL,True,True,BUY,BUY,442,442,EXACT
SMV2-0230,SIEMENS,True,True,SELL,SELL,23,23,EXACT
SMV2-0230,TATAPOWER,True,True,BUY,BUY,370,370,EXACT
SMV2-0230,WSTCSTPAPR,True,True,SELL,SELL,209,209,EXACT
SMV2-0231,CARBORUNIV,True,True,BUY,BUY,99,99,EXACT
SMV2-0231,IREDA,True,True,SELL,SELL,802,802,EXACT
SMV2-0231,NHPC,True,True,SELL,SELL,1605,1605,EXACT
SMV2-0231,TATAPOWER,True,True,SELL,SELL,370,370,EXACT
SMV2-0231,TEXRAIL,True,True,BUY,BUY,827,827,EXACT
SMV2-0231,TITAGARH,True,True,BUY,BUY,113,113,EXACT
SMV2-0233,ABB,True,True,BUY,BUY,18,18,EXACT
SMV2-0233,BEL,True,True,SELL,SELL,645,645,EXACT
SMV2-0233,FINCABLES,True,True,BUY,BUY,108,108,EXACT
SMV2-0233,HAL,True,True,SELL,SELL,32,32,EXACT
SMV2-0233,INDIGO,True,True,SELL,SELL,36,36,EXACT
SMV2-0233,POLYCAB,True,True,BUY,BUY,24,24,EXACT
SMV2-0235,ABB,True,True,SELL,SELL,18,18,EXACT
SMV2-0235,CARBORUNIV,True,True,SELL,SELL,99,99,EXACT
SMV2-0235,CROMPTON,True,True,BUY,BUY,438,438,EXACT
SMV2-0235,DIXON,True,True,BUY,BUY,14,14,EXACT
SMV2-0235,FINCABLES,True,True,SELL,SELL,108,108,EXACT
SMV2-0235,HUHTAMAKI,True,True,BUY,BUY,486,486,EXACT
SMV2-0235,JINDALPOLY,True,True,BUY,BUY,256,256,EXACT
SMV2-0235,POLYCAB,True,True,SELL,SELL,24,24,EXACT
SMV2-0235,TEXRAIL,True,True,SELL,SELL,827,827,EXACT
SMV2-0235,TITAGARH,True,True,SELL,SELL,113,113,EXACT
SMV2-0235,UFLEX,True,True,BUY,BUY,341,341,EXACT
SMV2-0235,VOLTAS,True,True,BUY,BUY,120,120,EXACT
SMV2-0236,ADANIPORTS,True,True,SELL,SELL,115,115,EXACT
SMV2-0236,CARBORUNIV,True,True,BUY,BUY,97,97,EXACT
SMV2-0236,CROMPTON,True,True,SELL,SELL,438,438,EXACT
SMV2-0236,DIXON,True,True,SELL,SELL,14,14,EXACT
SMV2-0236,GAIL,True,True,BUY,BUY,849,849,EXACT
SMV2-0236,LT,True,True,SELL,SELL,45,45,EXACT
SMV2-0236,MGL,True,True,BUY,BUY,111,111,EXACT
SMV2-0236,REFEX,True,True,BUY,BUY,895,895,EXACT
SMV2-0236,RVNL,True,True,SELL,SELL,442,442,EXACT
SMV2-0236,TEXRAIL,True,True,BUY,BUY,680,680,EXACT
SMV2-0236,TITAGARH,True,True,BUY,BUY,102,102,EXACT
SMV2-0236,VOLTAS,True,True,SELL,SELL,120,120,EXACT
SMV2-0237,CARBORUNIV,True,True,SELL,SELL,97,97,EXACT
SMV2-0237,JKPAPER,True,True,BUY,BUY,337,337,EXACT
SMV2-0237,ORIENTPPR,True,True,BUY,BUY,3294,3294,EXACT
SMV2-0237,TEXRAIL,True,True,SELL,SELL,680,680,EXACT
SMV2-0237,TITAGARH,True,True,SELL,SELL,102,102,EXACT
SMV2-0237,WSTCSTPAPR,True,True,BUY,BUY,221,221,EXACT
SMV2-0238,BHARTIARTL,True,True,BUY,BUY,124,124,EXACT
SMV2-0238,HDFCLIFE,True,True,BUY,BUY,286,286,EXACT
SMV2-0238,HUHTAMAKI,True,True,SELL,SELL,486,486,EXACT
SMV2-0238,INDUSTOWER,True,True,BUY,BUY,441,441,EXACT
SMV2-0238,JINDALPOLY,True,True,SELL,SELL,256,256,EXACT
SMV2-0238,JKPAPER,True,True,SELL,SELL,337,337,EXACT
SMV2-0238,LICI,True,True,BUY,BUY,164,164,EXACT
SMV2-0238,ORIENTPPR,True,True,SELL,SELL,3294,3294,EXACT
SMV2-0238,POLICYBZR,True,True,BUY,BUY,106,106,EXACT
SMV2-0238,RAILTEL,True,True,BUY,BUY,350,350,EXACT
SMV2-0238,UFLEX,True,True,SELL,SELL,341,341,EXACT
SMV2-0238,WSTCSTPAPR,True,True,SELL,SELL,221,221,EXACT
SMV2-0240,POLICYBZR,True,True,SELL,SELL,106,106,EXACT
SMV2-0240,REFEX,True,True,SELL,SELL,141,141,EXACT
SMV2-0240,SBILIFE,True,True,BUY,BUY,112,112,EXACT
SMV2-0241,AGI,True,True,BUY,BUY,252,252,EXACT
SMV2-0241,BHARTIARTL,True,True,SELL,SELL,124,124,EXACT
SMV2-0241,COSMOFIRST,True,True,BUY,BUY,194,194,EXACT
SMV2-0241,HDFCLIFE,True,True,SELL,SELL,286,286,EXACT
SMV2-0241,HUHTAMAKI,True,True,BUY,BUY,436,436,EXACT
SMV2-0241,INDUSTOWER,True,True,SELL,SELL,441,441,EXACT
SMV2-0241,LICI,True,True,SELL,SELL,164,164,EXACT
SMV2-0241,LUXIND,True,True,BUY,BUY,81,81,EXACT
SMV2-0241,PAGEIND,True,True,BUY,BUY,4,4,EXACT
SMV2-0241,RAILTEL,True,True,SELL,SELL,350,350,EXACT
SMV2-0241,SBILIFE,True,True,SELL,SELL,112,112,EXACT
SMV2-0241,WELSPUNLIV,True,True,BUY,BUY,1068,1068,EXACT
SMV2-0242,GOLDIAM,True,True,BUY,BUY,651,651,EXACT
SMV2-0242,KALYANKJIL,True,True,BUY,BUY,331,331,EXACT
SMV2-0242,LUXIND,True,True,SELL,SELL,81,81,EXACT
SMV2-0242,PAGEIND,True,True,SELL,SELL,4,4,EXACT
SMV2-0242,TITAN,True,True,BUY,BUY,55,55,EXACT
SMV2-0242,WELSPUNLIV,True,True,SELL,SELL,1068,1068,EXACT
SMV2-0243,DIVISLAB,True,True,BUY,BUY,41,41,EXACT
SMV2-0243,GAIL,True,True,SELL,SELL,849,849,EXACT
SMV2-0243,LUPIN,True,True,BUY,BUY,95,95,EXACT
SMV2-0243,MGL,True,True,SELL,SELL,111,111,EXACT
SMV2-0243,REFEX,True,True,SELL,SELL,754,754,EXACT
SMV2-0243,SUNPHARMA,True,True,BUY,BUY,112,112,EXACT
SMV2-0244,AGI,True,True,SELL,SELL,252,252,EXACT
SMV2-0244,AVANTIFEED,True,True,BUY,BUY,299,299,EXACT
SMV2-0244,COSMOFIRST,True,True,SELL,SELL,194,194,EXACT
SMV2-0244,HUHTAMAKI,True,True,SELL,SELL,436,436,EXACT
SMV2-0244,PATANJALI,True,True,BUY,BUY,94,94,EXACT
SMV2-0244,TATACONSUM,True,True,BUY,BUY,169,169,EXACT
SMV2-0245,AVANTIFEED,True,True,SELL,SELL,299,299,EXACT
SMV2-0245,DIVISLAB,True,True,SELL,SELL,41,41,EXACT
SMV2-0245,PATANJALI,True,True,SELL,SELL,94,94,EXACT
SMV2-0245,RADICO,True,True,BUY,BUY,101,101,EXACT
SMV2-0245,TATACONSUM,True,True,SELL,SELL,169,169,EXACT
SMV2-0245,TI,True,True,BUY,BUY,577,577,EXACT
SMV2-0245,UNITDSPR,True,True,BUY,BUY,138,138,EXACT
SMV2-0245,ZYDUSLIFE,True,True,BUY,BUY,184,184,EXACT
SMV2-0246,LUPIN,True,True,SELL,SELL,95,95,EXACT
SMV2-0246,MOREPENLAB,True,True,BUY,BUY,2287,2287,EXACT
SMV2-0247,GRANULES,True,True,BUY,BUY,365,365,EXACT
SMV2-0247,MOREPENLAB,True,True,SELL,SELL,2287,2287,EXACT
SMV2-0248,GAIL,True,True,BUY,BUY,898,898,EXACT
SMV2-0248,GRANULES,True,True,SELL,SELL,365,365,EXACT
SMV2-0248,MGL,True,True,BUY,BUY,108,108,EXACT
SMV2-0248,REFEX,True,True,BUY,BUY,268,268,EXACT
SMV2-0248,SUNPHARMA,True,True,SELL,SELL,112,112,EXACT
SMV2-0248,TI,True,True,BUY,BUY,144,144,EXACT
SMV2-0248,ZYDUSLIFE,True,True,SELL,SELL,184,184,EXACT
SMV2-0249,NTPC,True,True,BUY,BUY,479,479,EXACT
SMV2-0249,POWERGRID,True,True,BUY,BUY,449,449,EXACT
SMV2-0249,RADICO,True,True,SELL,SELL,101,101,EXACT
SMV2-0249,REFEX,True,True,BUY,BUY,100,100,EXACT
SMV2-0249,TATAPOWER,True,True,BUY,BUY,441,441,EXACT
SMV2-0249,TI,True,True,SELL,SELL,721,721,EXACT
SMV2-0249,UNITDSPR,True,True,SELL,SELL,138,138,EXACT
SMV2-0250,GAIL,True,True,SELL,SELL,898,898,EXACT
SMV2-0250,KALYANKJIL,True,True,SELL,SELL,54,54,EXACT
SMV2-0250,MGL,True,True,SELL,SELL,108,108,EXACT
SMV2-0250,NATIONALUM,True,True,BUY,BUY,756,756,EXACT
SMV2-0250,POWERGRID,True,True,BUY,BUY,158,158,EXACT
SMV2-0250,REFEX,True,True,SELL,SELL,368,368,EXACT
SMV2-0250,TATASTEEL,True,True,BUY,BUY,1237,1237,EXACT
SMV2-0250,VEDL,True,True,BUY,BUY,400,400,EXACT
SMV2-0251,AMBER,True,True,BUY,BUY,37,37,EXACT
SMV2-0251,DIXON,True,True,BUY,BUY,12,12,EXACT
SMV2-0251,GOLDIAM,True,True,SELL,SELL,134,134,EXACT
SMV2-0251,NTPC,True,True,SELL,SELL,479,479,EXACT
SMV2-0251,POWERGRID,True,True,SELL,SELL,607,607,EXACT
SMV2-0251,TATAPOWER,True,True,SELL,SELL,441,441,EXACT
SMV2-0251,VOLTAS,True,True,BUY,BUY,107,107,EXACT
SMV2-0252,AMBER,True,True,SELL,SELL,7,7,EXACT
SMV2-0252,CIPLA,True,True,BUY,BUY,128,128,EXACT
SMV2-0252,DIVISLAB,True,True,BUY,BUY,33,33,EXACT
SMV2-0252,NATIONALUM,True,True,SELL,SELL,756,756,EXACT
SMV2-0252,SUNPHARMA,True,True,BUY,BUY,102,102,EXACT
SMV2-0252,TATASTEEL,True,True,SELL,SELL,1237,1237,EXACT
SMV2-0252,VEDL,True,True,SELL,SELL,400,400,EXACT
SMV2-0253,AMBER,True,True,SELL,SELL,30,30,EXACT
SMV2-0253,CDSL,True,True,BUY,BUY,123,123,EXACT
SMV2-0253,DIXON,True,True,SELL,SELL,12,12,EXACT
SMV2-0253,INDIAMART,True,True,BUY,BUY,74,74,EXACT
SMV2-0253,SYRMA,True,True,BUY,BUY,383,383,EXACT
SMV2-0253,VOLTAS,True,True,SELL,SELL,107,107,EXACT
SMV2-0254,CDSL,True,True,SELL,SELL,123,123,EXACT
SMV2-0254,GOLDIAM,True,True,SELL,SELL,517,517,EXACT
SMV2-0254,GRINDWELL,True,True,BUY,BUY,89,89,EXACT
SMV2-0254,INDIAMART,True,True,SELL,SELL,74,74,EXACT
SMV2-0254,KALYANKJIL,True,True,SELL,SELL,277,277,EXACT
SMV2-0254,RADICO,True,True,BUY,BUY,83,83,EXACT
SMV2-0254,SYRMA,True,True,SELL,SELL,383,383,EXACT
SMV2-0254,TEXRAIL,True,True,BUY,BUY,882,882,EXACT
SMV2-0254,TI,True,True,BUY,BUY,515,515,EXACT
SMV2-0254,TITAGARH,True,True,BUY,BUY,166,166,EXACT
SMV2-0254,TITAN,True,True,SELL,SELL,55,55,EXACT
SMV2-0254,UNITDSPR,True,True,BUY,BUY,132,132,EXACT
SMV2-0255,BBTC,True,True,BUY,BUY,70,70,EXACT
SMV2-0255,PATANJALI,True,True,BUY,BUY,100,100,EXACT
SMV2-0255,RADICO,True,True,SELL,SELL,83,83,EXACT
SMV2-0255,TATACONSUM,True,True,BUY,BUY,199,199,EXACT
SMV2-0255,TI,True,True,SELL,SELL,515,515,EXACT
SMV2-0255,UNITDSPR,True,True,SELL,SELL,132,132,EXACT
SMV2-0257,BBTC,True,True,SELL,SELL,70,70,EXACT
SMV2-0257,BEL,True,True,BUY,BUY,610,610,EXACT
SMV2-0257,CIPLA,True,True,SELL,SELL,128,128,EXACT
SMV2-0257,DIVISLAB,True,True,SELL,SELL,33,33,EXACT
SMV2-0257,HAL,True,True,BUY,BUY,41,41,EXACT
SMV2-0257,INDIGO,True,True,BUY,BUY,42,42,EXACT
SMV2-0257,KITEX,True,True,BUY,BUY,253,253,EXACT
SMV2-0257,PAGEIND,True,True,BUY,BUY,4,4,EXACT
SMV2-0257,PATANJALI,True,True,SELL,SELL,100,100,EXACT
SMV2-0257,RAYMOND,True,True,BUY,BUY,113,113,EXACT
SMV2-0257,SUNPHARMA,True,True,SELL,SELL,102,102,EXACT
SMV2-0257,TATACONSUM,True,True,SELL,SELL,199,199,EXACT
SMV2-0258,BEL,True,True,SELL,SELL,610,610,EXACT
SMV2-0258,HAL,True,True,SELL,SELL,41,41,EXACT
SMV2-0258,HIMATSEIDE,True,True,BUY,BUY,969,969,EXACT
SMV2-0258,INDIGO,True,True,SELL,SELL,42,42,EXACT
SMV2-0258,KITEX,True,True,SELL,SELL,253,253,EXACT
SMV2-0258,NETWORK18,True,True,BUY,BUY,2317,2317,EXACT
SMV2-0258,PVRINOX,True,True,BUY,BUY,122,122,EXACT
SMV2-0258,ZEEL,True,True,BUY,BUY,1327,1327,EXACT
SMV2-0259,ABB,True,True,BUY,BUY,22,22,EXACT
SMV2-0259,BHARTIARTL,True,True,BUY,BUY,115,115,EXACT
SMV2-0259,GRINDWELL,True,True,SELL,SELL,89,89,EXACT
SMV2-0259,INDUSTOWER,True,True,BUY,BUY,555,555,EXACT
SMV2-0259,ITI,True,True,BUY,BUY,541,541,EXACT
SMV2-0259,KAYNES,True,True,BUY,BUY,28,28,EXACT
SMV2-0259,NETWORK18,True,True,SELL,SELL,2317,2317,EXACT
SMV2-0259,PREMIERENE,True,True,BUY,BUY,149,149,EXACT
SMV2-0259,PVRINOX,True,True,SELL,SELL,122,122,EXACT
SMV2-0259,TEXRAIL,True,True,SELL,SELL,882,882,EXACT
SMV2-0259,TITAGARH,True,True,SELL,SELL,166,166,EXACT
SMV2-0259,ZEEL,True,True,SELL,SELL,1327,1327,EXACT
SMV2-0260,ABB,True,True,BUY,BUY,5,5,EXACT
SMV2-0260,BHARTIARTL,True,True,SELL,SELL,115,115,EXACT
SMV2-0260,HIMATSEIDE,True,True,SELL,SELL,969,969,EXACT
SMV2-0260,INDUSTOWER,True,True,SELL,SELL,555,555,EXACT
SMV2-0260,ITI,True,True,SELL,SELL,541,541,EXACT
SMV2-0260,JKPAPER,True,True,BUY,BUY,427,427,EXACT
SMV2-0260,PDMJEPAPER,True,True,BUY,BUY,876,876,EXACT
SMV2-0260,TNPL,True,True,BUY,BUY,738,738,EXACT
SMV2-0260,TRIDENT,True,True,BUY,BUY,5520,5520,EXACT
SMV2-0262,JKPAPER,True,True,SELL,SELL,427,427,EXACT
SMV2-0262,PDMJEPAPER,True,True,SELL,SELL,876,876,EXACT
SMV2-0262,RADICO,True,True,BUY,BUY,71,71,EXACT
SMV2-0262,TI,True,True,BUY,BUY,271,271,EXACT
SMV2-0262,TNPL,True,True,SELL,SELL,738,738,EXACT
SMV2-0262,UNITDSPR,True,True,BUY,BUY,110,110,EXACT
SMV2-0263,ABB,True,True,SELL,SELL,27,27,EXACT
SMV2-0263,BPCL,True,True,BUY,BUY,610,610,EXACT
SMV2-0263,CIPLA,True,True,BUY,BUY,113,113,EXACT
SMV2-0263,KAYNES,True,True,SELL,SELL,28,28,EXACT
SMV2-0263,LUPIN,True,True,BUY,BUY,76,76,EXACT
SMV2-0263,ONGC,True,True,BUY,BUY,622,622,EXACT
SMV2-0263,PAGEIND,True,True,SELL,SELL,4,4,EXACT
SMV2-0263,PREMIERENE,True,True,SELL,SELL,149,149,EXACT
SMV2-0263,RAYMOND,True,True,SELL,SELL,113,113,EXACT
SMV2-0263,RELIANCE,True,True,BUY,BUY,134,134,EXACT
SMV2-0263,SUNPHARMA,True,True,BUY,BUY,92,92,EXACT
SMV2-0263,TI,True,True,BUY,BUY,145,145,EXACT
SMV2-0263,TRIDENT,True,True,SELL,SELL,5520,5520,EXACT
SMV2-0264,BEL,True,True,BUY,BUY,585,585,EXACT
SMV2-0264,CIPLA,True,True,SELL,SELL,113,113,EXACT
SMV2-0264,HAL,True,True,BUY,BUY,40,40,EXACT
SMV2-0264,HDFCLIFE,True,True,BUY,BUY,258,258,EXACT
SMV2-0264,INDIGO,True,True,BUY,BUY,40,40,EXACT
SMV2-0264,LUPIN,True,True,SELL,SELL,76,76,EXACT
SMV2-0264,POLICYBZR,True,True,BUY,BUY,96,96,EXACT
SMV2-0264,RADICO,True,True,SELL,SELL,71,71,EXACT
SMV2-0264,SBILIFE,True,True,BUY,BUY,99,99,EXACT
SMV2-0264,SUNPHARMA,True,True,SELL,SELL,92,92,EXACT
SMV2-0264,TI,True,True,SELL,SELL,416,416,EXACT
SMV2-0264,UNITDSPR,True,True,SELL,SELL,110,110,EXACT
SMV2-0265,ADANIENT,True,True,BUY,BUY,68,68,EXACT
SMV2-0265,AXISBANK,True,True,BUY,BUY,167,167,EXACT
SMV2-0265,BEL,True,True,SELL,SELL,585,585,EXACT
SMV2-0265,BPCL,True,True,SELL,SELL,610,610,EXACT
SMV2-0265,GRASIM,True,True,BUY,BUY,63,63,EXACT
SMV2-0265,HAL,True,True,SELL,SELL,40,40,EXACT
SMV2-0265,HDFCBANK,True,True,BUY,BUY,96,96,EXACT
SMV2-0265,HDFCLIFE,True,True,SELL,SELL,258,258,EXACT
SMV2-0265,ICICIBANK,True,True,BUY,BUY,131,131,EXACT
SMV2-0265,INDIGO,True,True,SELL,SELL,40,40,EXACT
SMV2-0265,ITC,True,True,BUY,BUY,357,357,EXACT
SMV2-0265,MMTC,True,True,BUY,BUY,2298,2298,EXACT
SMV2-0265,ONGC,True,True,SELL,SELL,622,622,EXACT
SMV2-0265,POLICYBZR,True,True,SELL,SELL,96,96,EXACT
SMV2-0265,REDINGTON,True,True,BUY,BUY,706,706,EXACT
SMV2-0265,RELIANCE,True,True,SELL,SELL,134,134,EXACT
SMV2-0265,SBILIFE,True,True,SELL,SELL,99,99,EXACT
SMV2-0265,SRF,True,True,BUY,BUY,61,61,EXACT
SMV2-0266,ADANIENT,True,True,SELL,SELL,68,68,EXACT
SMV2-0266,AVANTIFEED,True,True,BUY,BUY,183,183,EXACT
SMV2-0266,MMTC,True,True,SELL,SELL,2298,2298,EXACT
SMV2-0266,PATANJALI,True,True,BUY,BUY,88,88,EXACT
SMV2-0266,REDINGTON,True,True,SELL,SELL,706,706,EXACT
SMV2-0266,TATACONSUM,True,True,BUY,BUY,148,148,EXACT
SMV2-0268,AVANTIFEED,True,True,BUY,BUY,50,50,EXACT
SMV2-0268,BRITANNIA,True,True,BUY,BUY,25,25,EXACT
SMV2-0268,GODFRYPHLP,True,True,BUY,BUY,26,26,EXACT
SMV2-0268,GRASIM,True,True,SELL,SELL,63,63,EXACT
SMV2-0268,HINDUNILVR,True,True,BUY,BUY,66,66,EXACT
SMV2-0268,ITC,True,True,SELL,SELL,357,357,EXACT
SMV2-0268,SRF,True,True,SELL,SELL,61,61,EXACT
SMV2-0269,AVANTIFEED,True,True,SELL,SELL,233,233,EXACT
SMV2-0269,BRITANNIA,True,True,BUY,BUY,7,7,EXACT
SMV2-0269,NTPC,True,True,BUY,BUY,476,476,EXACT
SMV2-0269,PATANJALI,True,True,SELL,SELL,88,88,EXACT
SMV2-0269,POWERGRID,True,True,BUY,BUY,531,531,EXACT
SMV2-0269,TATACONSUM,True,True,SELL,SELL,148,148,EXACT
SMV2-0269,WAAREEENER,True,True,BUY,BUY,69,69,EXACT
SMV2-0270,BLS,True,True,BUY,BUY,436,436,EXACT
SMV2-0270,INDHOTEL,True,True,BUY,BUY,209,209,EXACT
SMV2-0270,LEMONTREE,True,True,BUY,BUY,1074,1074,EXACT
SMV2-0270,NTPC,True,True,SELL,SELL,476,476,EXACT
SMV2-0270,POWERGRID,True,True,SELL,SELL,531,531,EXACT
SMV2-0270,WAAREEENER,True,True,SELL,SELL,69,69,EXACT
SMV2-0271,AGI,True,True,BUY,BUY,213,213,EXACT
SMV2-0271,AXISBANK,True,True,SELL,SELL,167,167,EXACT
SMV2-0271,BRITANNIA,True,True,SELL,SELL,32,32,EXACT
SMV2-0271,COSMOFIRST,True,True,BUY,BUY,238,238,EXACT
SMV2-0271,GODFRYPHLP,True,True,SELL,SELL,26,26,EXACT
SMV2-0271,HDFCBANK,True,True,SELL,SELL,96,96,EXACT
SMV2-0271,HINDALCO,True,True,BUY,BUY,221,221,EXACT
SMV2-0271,HINDUNILVR,True,True,SELL,SELL,66,66,EXACT
SMV2-0271,ICICIBANK,True,True,SELL,SELL,131,131,EXACT
SMV2-0271,TATASTEEL,True,True,BUY,BUY,1007,1007,EXACT
SMV2-0271,TCPLPACK,True,True,BUY,BUY,32,32,EXACT
SMV2-0271,VEDL,True,True,BUY,BUY,342,342,EXACT
SMV2-0272,AGI,True,True,SELL,SELL,213,213,EXACT
SMV2-0272,AMBER,True,True,BUY,BUY,23,23,EXACT
SMV2-0272,COSMOFIRST,True,True,SELL,SELL,238,238,EXACT
SMV2-0272,DIXON,True,True,BUY,BUY,11,11,EXACT
SMV2-0272,TCPLPACK,True,True,SELL,SELL,32,32,EXACT
SMV2-0272,VOLTAS,True,True,BUY,BUY,105,105,EXACT
SMV2-0273,AMBER,True,True,SELL,SELL,23,23,EXACT
SMV2-0273,BEL,True,True,BUY,BUY,538,538,EXACT
SMV2-0273,DIXON,True,True,SELL,SELL,11,11,EXACT
SMV2-0273,HAL,True,True,BUY,BUY,40,40,EXACT
SMV2-0273,INDIGO,True,True,BUY,BUY,29,29,EXACT
SMV2-0273,VOLTAS,True,True,SELL,SELL,105,105,EXACT
SMV2-0274,BLS,True,True,SELL,SELL,436,436,EXACT
SMV2-0274,BPCL,True,True,BUY,BUY,573,573,EXACT
SMV2-0274,HINDALCO,True,True,SELL,SELL,221,221,EXACT
SMV2-0274,INDHOTEL,True,True,SELL,SELL,209,209,EXACT
SMV2-0274,IREDA,True,True,BUY,BUY,982,982,EXACT
SMV2-0274,LEMONTREE,True,True,SELL,SELL,1074,1074,EXACT
SMV2-0274,NTPC,True,True,BUY,BUY,447,447,EXACT
SMV2-0274,ONGC,True,True,BUY,BUY,583,583,EXACT
SMV2-0274,POWERGRID,True,True,BUY,BUY,544,544,EXACT
SMV2-0274,RELIANCE,True,True,BUY,BUY,124,124,EXACT
SMV2-0274,TATASTEEL,True,True,SELL,SELL,1007,1007,EXACT
SMV2-0274,VEDL,True,True,SELL,SELL,342,342,EXACT
SMV2-0276,AVANTIFEED,True,True,BUY,BUY,193,193,EXACT
SMV2-0276,BPCL,True,True,SELL,SELL,573,573,EXACT
SMV2-0276,ONGC,True,True,SELL,SELL,583,583,EXACT
SMV2-0276,PATANJALI,True,True,BUY,BUY,75,75,EXACT
SMV2-0276,RELIANCE,True,True,SELL,SELL,124,124,EXACT
SMV2-0276,TATACONSUM,True,True,BUY,BUY,142,142,EXACT
SMV2-0277,ADANIPORTS,True,True,BUY,BUY,121,121,EXACT
SMV2-0277,AVANTIFEED,True,True,SELL,SELL,193,193,EXACT
SMV2-0277,LT,True,True,BUY,BUY,50,50,EXACT
SMV2-0277,PATANJALI,True,True,SELL,SELL,75,75,EXACT
SMV2-0277,RVNL,True,True,BUY,BUY,437,437,EXACT
SMV2-0277,TATACONSUM,True,True,SELL,SELL,142,142,EXACT
SMV2-0278,ADANIENT,True,True,BUY,BUY,67,67,EXACT
SMV2-0278,ADANIPORTS,True,True,SELL,SELL,121,121,EXACT
SMV2-0278,BEL,True,True,SELL,SELL,538,538,EXACT
SMV2-0278,BRITANNIA,True,True,BUY,BUY,29,29,EXACT
SMV2-0278,GODREJCP,True,True,BUY,BUY,125,125,EXACT
SMV2-0278,HAL,True,True,SELL,SELL,40,40,EXACT
SMV2-0278,HDFCBANK,True,True,BUY,BUY,82,82,EXACT
SMV2-0278,HINDUNILVR,True,True,BUY,BUY,67,67,EXACT
SMV2-0278,ICICIBANK,True,True,BUY,BUY,112,112,EXACT
SMV2-0278,INDIGO,True,True,SELL,SELL,29,29,EXACT
SMV2-0278,INDUSINDBK,True,True,BUY,BUY,191,191,EXACT
SMV2-0278,IREDA,True,True,SELL,SELL,982,982,EXACT
SMV2-0278,LT,True,True,SELL,SELL,50,50,EXACT
SMV2-0278,NTPC,True,True,SELL,SELL,447,447,EXACT
SMV2-0278,POWERGRID,True,True,SELL,SELL,544,544,EXACT
SMV2-0278,REDINGTON,True,True,BUY,BUY,646,646,EXACT
SMV2-0278,RVNL,True,True,SELL,SELL,437,437,EXACT
SMV2-0278,STYLEBAAZA,True,True,BUY,BUY,516,516,EXACT
SMV2-0279,ADANIENT,True,True,SELL,SELL,67,67,EXACT
SMV2-0279,BEL,True,True,BUY,BUY,506,506,EXACT
SMV2-0279,HAL,True,True,BUY,BUY,35,35,EXACT
SMV2-0279,INDIGO,True,True,BUY,BUY,29,29,EXACT
SMV2-0279,REDINGTON,True,True,SELL,SELL,646,646,EXACT
SMV2-0279,STYLEBAAZA,True,True,SELL,SELL,516,516,EXACT
SMV2-0280,BRITANNIA,True,True,SELL,SELL,29,29,EXACT
SMV2-0280,GODREJCP,True,True,SELL,SELL,125,125,EXACT
SMV2-0280,HDFCBANK,True,True,SELL,SELL,82,82,EXACT
SMV2-0280,HDFCLIFE,True,True,BUY,BUY,222,222,EXACT
SMV2-0280,HINDUNILVR,True,True,SELL,SELL,67,67,EXACT
SMV2-0280,ICICIBANK,True,True,SELL,SELL,112,112,EXACT
SMV2-0280,INDUSINDBK,True,True,SELL,SELL,191,191,EXACT
SMV2-0280,KPRMILL,True,True,BUY,BUY,122,122,EXACT
SMV2-0280,PAGEIND,True,True,BUY,BUY,3,3,EXACT
SMV2-0280,POLICYBZR,True,True,BUY,BUY,96,96,EXACT
SMV2-0280,SBILIFE,True,True,BUY,BUY,92,92,EXACT
SMV2-0280,WELSPUNLIV,True,True,BUY,BUY,1051,1051,EXACT
SMV2-0281,ABB,True,True,BUY,BUY,28,28,EXACT
SMV2-0281,HDFCLIFE,True,True,SELL,SELL,222,222,EXACT
SMV2-0281,JKPAPER,True,True,BUY,BUY,465,465,EXACT
SMV2-0281,KAYNES,True,True,BUY,BUY,26,26,EXACT
SMV2-0281,KPRMILL,True,True,SELL,SELL,122,122,EXACT
SMV2-0281,ORIENTPPR,True,True,BUY,BUY,4352,4352,EXACT
SMV2-0281,PAGEIND,True,True,SELL,SELL,3,3,EXACT
SMV2-0281,POLICYBZR,True,True,SELL,SELL,96,96,EXACT
SMV2-0281,POLYCAB,True,True,BUY,BUY,27,27,EXACT
SMV2-0281,SBILIFE,True,True,SELL,SELL,92,92,EXACT
SMV2-0281,WELSPUNLIV,True,True,SELL,SELL,1051,1051,EXACT
SMV2-0281,WSTCSTPAPR,True,True,BUY,BUY,341,341,EXACT
SMV2-0282,BEL,True,True,SELL,SELL,84,84,EXACT
SMV2-0282,ORIENTPPR,True,True,BUY,BUY,1129,1129,EXACT
SMV2-0283,AGI,True,True,BUY,BUY,191,191,EXACT
SMV2-0283,COSMOFIRST,True,True,BUY,BUY,136,136,EXACT
SMV2-0283,JKPAPER,True,True,SELL,SELL,465,465,EXACT
SMV2-0283,ORIENTPPR,True,True,SELL,SELL,5481,5481,EXACT
SMV2-0283,UFLEX,True,True,BUY,BUY,264,264,EXACT
SMV2-0283,WSTCSTPAPR,True,True,SELL,SELL,341,341,EXACT
SMV2-0284,ABB,True,True,SELL,SELL,28,28,EXACT
SMV2-0284,BHARTIARTL,True,True,BUY,BUY,86,86,EXACT
SMV2-0284,INDUSTOWER,True,True,BUY,BUY,416,416,EXACT
SMV2-0284,KAYNES,True,True,SELL,SELL,26,26,EXACT
SMV2-0284,POLYCAB,True,True,SELL,SELL,27,27,EXACT
SMV2-0284,RAILTEL,True,True,BUY,BUY,358,358,EXACT
SMV2-0285,ASTRAL,True,True,BUY,BUY,105,105,EXACT
SMV2-0285,BEL,True,True,SELL,SELL,422,422,EXACT
SMV2-0285,FINPIPE,True,True,BUY,BUY,724,724,EXACT
SMV2-0285,HAL,True,True,SELL,SELL,35,35,EXACT
SMV2-0285,INDIGO,True,True,SELL,SELL,29,29,EXACT
SMV2-0285,SUPREMEIND,True,True,BUY,BUY,37,37,EXACT
SMV2-0286,ADANIENT,True,True,BUY,BUY,65,65,EXACT
SMV2-0286,AGI,True,True,SELL,SELL,191,191,EXACT
SMV2-0286,ASTRAL,True,True,SELL,SELL,105,105,EXACT
SMV2-0286,COSMOFIRST,True,True,SELL,SELL,136,136,EXACT
SMV2-0286,DLF,True,True,BUY,BUY,189,189,EXACT
SMV2-0286,FINPIPE,True,True,SELL,SELL,724,724,EXACT
SMV2-0286,GODREJPROP,True,True,BUY,BUY,66,66,EXACT
SMV2-0286,HEXT,True,True,BUY,BUY,194,194,EXACT
SMV2-0286,NBCC,True,True,BUY,BUY,1393,1393,EXACT
SMV2-0286,REDINGTON,True,True,BUY,BUY,549,549,EXACT
SMV2-0286,SUPREMEIND,True,True,SELL,SELL,37,37,EXACT
SMV2-0286,UFLEX,True,True,SELL,SELL,264,264,EXACT
SMV2-0287,BHARTIARTL,True,True,SELL,SELL,86,86,EXACT
SMV2-0287,INDUSTOWER,True,True,SELL,SELL,416,416,EXACT
SMV2-0287,JKPAPER,True,True,BUY,BUY,447,447,EXACT
SMV2-0287,PAKKA,True,True,BUY,BUY,790,790,EXACT
SMV2-0287,RAILTEL,True,True,SELL,SELL,358,358,EXACT
SMV2-0287,WSTCSTPAPR,True,True,BUY,BUY,320,320,EXACT
SMV2-0288,DLF,True,True,SELL,SELL,189,189,EXACT
SMV2-0288,GODREJPROP,True,True,SELL,SELL,66,66,EXACT
SMV2-0288,NBCC,True,True,SELL,SELL,1393,1393,EXACT
SMV2-0288,NETWORK18,True,True,BUY,BUY,2969,2969,EXACT
SMV2-0288,PFOCUS,True,True,BUY,BUY,818,818,EXACT
SMV2-0288,ZEEL,True,True,BUY,BUY,1136,1136,EXACT
SMV2-0289,ADANIENT,True,True,SELL,SELL,65,65,EXACT
SMV2-0289,EIEL,True,True,BUY,BUY,577,577,EXACT
SMV2-0289,HEXT,True,True,SELL,SELL,194,194,EXACT
SMV2-0289,KAYNES,True,True,BUY,BUY,27,27,EXACT
SMV2-0289,PFOCUS,True,True,BUY,BUY,199,199,EXACT
SMV2-0289,POLYCAB,True,True,BUY,BUY,20,20,EXACT
SMV2-0289,REDINGTON,True,True,SELL,SELL,549,549,EXACT
SMV2-0290,AMBUJACEM,True,True,BUY,BUY,277,277,EXACT
SMV2-0290,EIEL,True,True,SELL,SELL,577,577,EXACT
SMV2-0290,KAYNES,True,True,SELL,SELL,27,27,EXACT
SMV2-0290,POLYCAB,True,True,SELL,SELL,20,20,EXACT
SMV2-0290,SHREECEM,True,True,BUY,BUY,4,4,EXACT
SMV2-0290,ULTRACEMCO,True,True,BUY,BUY,13,13,EXACT
SMV2-0291,BATAINDIA,True,True,BUY,BUY,121,121,EXACT
SMV2-0291,CAMPUS,True,True,BUY,BUY,563,563,EXACT
SMV2-0291,JKPAPER,True,True,SELL,SELL,447,447,EXACT
SMV2-0291,NETWORK18,True,True,SELL,SELL,2969,2969,EXACT
SMV2-0291,PAKKA,True,True,SELL,SELL,790,790,EXACT
SMV2-0291,PFOCUS,True,True,SELL,SELL,1017,1017,EXACT
SMV2-0291,RADICO,True,True,BUY,BUY,58,58,EXACT
SMV2-0291,RELAXO,True,True,BUY,BUY,323,323,EXACT
SMV2-0291,SHREECEM,True,True,BUY,BUY,1,1,EXACT
SMV2-0291,TI,True,True,BUY,BUY,318,318,EXACT
SMV2-0291,UNITDSPR,True,True,BUY,BUY,120,120,EXACT
SMV2-0291,WSTCSTPAPR,True,True,SELL,SELL,320,320,EXACT
SMV2-0291,ZEEL,True,True,SELL,SELL,1136,1136,EXACT
SMV2-0292,BATAINDIA,True,True,SELL,SELL,121,121,EXACT
SMV2-0292,BLS,True,True,BUY,BUY,409,409,EXACT
SMV2-0292,CAMPUS,True,True,SELL,SELL,563,563,EXACT
SMV2-0292,GARUDA,True,True,BUY,BUY,684,684,EXACT
SMV2-0292,INDHOTEL,True,True,BUY,BUY,209,209,EXACT
SMV2-0292,LEMONTREE,True,True,BUY,BUY,1059,1059,EXACT
SMV2-0292,RELAXO,True,True,SELL,SELL,323,323,EXACT
SMV2-0292,SHREECEM,True,True,SELL,SELL,5,5,EXACT
SMV2-0294,AMBUJACEM,True,True,SELL,SELL,277,277,EXACT
SMV2-0294,BEL,True,True,BUY,BUY,404,404,EXACT
SMV2-0294,GARUDA,True,True,SELL,SELL,684,684,EXACT
SMV2-0294,HAL,True,True,BUY,BUY,34,34,EXACT
SMV2-0294,INDIGO,True,True,BUY,BUY,22,22,EXACT
SMV2-0294,ULTRACEMCO,True,True,SELL,SELL,13,13,EXACT
SMV2-0295,NIACL,True,True,BUY,BUY,806,806,EXACT
SMV2-0295,POLICYBZR,True,True,BUY,BUY,82,82,EXACT
SMV2-0295,RADICO,True,True,SELL,SELL,58,58,EXACT
SMV2-0295,SBILIFE,True,True,BUY,BUY,85,85,EXACT
SMV2-0295,TI,True,True,SELL,SELL,318,318,EXACT
SMV2-0295,UNITDSPR,True,True,SELL,SELL,120,120,EXACT
SMV2-0296,INDIGO,True,True,BUY,BUY,4,4,EXACT
SMV2-0296,NETWORK18,True,True,BUY,BUY,2573,2573,EXACT
SMV2-0296,NIACL,True,True,SELL,SELL,806,806,EXACT
SMV2-0296,POLICYBZR,True,True,SELL,SELL,82,82,EXACT
SMV2-0296,PVRINOX,True,True,BUY,BUY,135,135,EXACT
SMV2-0296,SBILIFE,True,True,SELL,SELL,85,85,EXACT
SMV2-0296,ZEEL,True,True,BUY,BUY,1302,1302,EXACT
SMV2-0297,LEMONTREE,True,True,SELL,SELL,183,183,EXACT
SMV2-0298,BATAINDIA,True,True,BUY,BUY,124,124,EXACT
SMV2-0298,CAMPUS,True,True,BUY,BUY,581,581,EXACT
SMV2-0298,NETWORK18,True,True,SELL,SELL,2573,2573,EXACT
SMV2-0298,PVRINOX,True,True,SELL,SELL,135,135,EXACT
SMV2-0298,RELAXO,True,True,BUY,BUY,322,322,EXACT
SMV2-0298,ZEEL,True,True,SELL,SELL,1302,1302,EXACT
SMV2-0299,BLS,True,True,SELL,SELL,409,409,EXACT
SMV2-0299,INDHOTEL,True,True,SELL,SELL,209,209,EXACT
SMV2-0299,KAYNES,True,True,BUY,BUY,22,22,EXACT
SMV2-0299,LEMONTREE,True,True,SELL,SELL,876,876,EXACT
SMV2-0299,OLECTRA,True,True,BUY,BUY,95,95,EXACT
SMV2-0299,POLYCAB,True,True,BUY,BUY,19,19,EXACT
SMV2-0301,BATAINDIA,True,True,SELL,SELL,124,124,EXACT
SMV2-0301,BHARTIARTL,True,True,BUY,BUY,81,81,EXACT
SMV2-0301,CAMPUS,True,True,SELL,SELL,581,581,EXACT
SMV2-0301,GMDCLTD,True,True,BUY,BUY,248,248,EXACT
SMV2-0301,HFCL,True,True,BUY,BUY,1790,1790,EXACT
SMV2-0301,HINDCOPPER,True,True,BUY,BUY,446,446,EXACT
SMV2-0301,INDUSTOWER,True,True,BUY,BUY,434,434,EXACT
SMV2-0301,KAYNES,True,True,SELL,SELL,22,22,EXACT
SMV2-0301,OLECTRA,True,True,SELL,SELL,95,95,EXACT
SMV2-0301,POLYCAB,True,True,SELL,SELL,19,19,EXACT
SMV2-0301,RELAXO,True,True,SELL,SELL,322,322,EXACT
SMV2-0301,VEDL,True,True,BUY,BUY,323,323,EXACT
SMV2-0303,BHARTIARTL,True,True,SELL,SELL,81,81,EXACT
SMV2-0303,GMBREW,True,True,BUY,BUY,136,136,EXACT
SMV2-0303,HFCL,True,True,SELL,SELL,1790,1790,EXACT
SMV2-0303,INDUSTOWER,True,True,SELL,SELL,434,434,EXACT
SMV2-0303,RADICO,True,True,BUY,BUY,44,44,EXACT
SMV2-0303,UNITDSPR,True,True,BUY,BUY,112,112,EXACT
SMV2-0304,GMDCLTD,True,True,SELL,SELL,248,248,EXACT
SMV2-0304,HINDZINC,True,True,BUY,BUY,301,301,EXACT
SMV2-0305,AXISBANK,True,True,BUY,BUY,126,126,EXACT
SMV2-0305,BEL,True,True,SELL,SELL,404,404,EXACT
SMV2-0305,HAL,True,True,SELL,SELL,34,34,EXACT
SMV2-0305,HDFCBANK,True,True,BUY,BUY,157,157,EXACT
SMV2-0305,HINDCOPPER,True,True,SELL,SELL,446,446,EXACT
SMV2-0305,HINDZINC,True,True,SELL,SELL,301,301,EXACT
SMV2-0305,ICICIBANK,True,True,BUY,BUY,116,116,EXACT
SMV2-0305,INDIGO,True,True,SELL,SELL,26,26,EXACT
SMV2-0305,KALYANKJIL,True,True,BUY,BUY,304,304,EXACT
SMV2-0305,TITAN,True,True,BUY,BUY,41,41,EXACT
SMV2-0305,VAIBHAVGBL,True,True,BUY,BUY,576,576,EXACT
SMV2-0305,VEDL,True,True,SELL,SELL,323,323,EXACT
SMV2-0307,BPCL,True,True,BUY,BUY,418,418,EXACT
SMV2-0307,CHENNPETRO,True,True,BUY,BUY,150,150,EXACT
SMV2-0307,GMBREW,True,True,SELL,SELL,136,136,EXACT
SMV2-0307,RADICO,True,True,SELL,SELL,44,44,EXACT
SMV2-0307,RELIANCE,True,True,BUY,BUY,102,102,EXACT
SMV2-0307,UNITDSPR,True,True,SELL,SELL,112,112,EXACT
SMV2-0309,BEL,True,True,BUY,BUY,370,370,EXACT
SMV2-0309,BPCL,True,True,SELL,SELL,418,418,EXACT
SMV2-0309,CHENNPETRO,True,True,SELL,SELL,150,150,EXACT
SMV2-0309,HAL,True,True,BUY,BUY,33,33,EXACT
SMV2-0309,INDIGO,True,True,BUY,BUY,22,22,EXACT
SMV2-0309,RELIANCE,True,True,SELL,SELL,102,102,EXACT
SMV2-0309,THANGAMAYL,True,True,BUY,BUY,47,47,EXACT
SMV2-0309,VAIBHAVGBL,True,True,SELL,SELL,576,576,EXACT
SMV2-0310,BEL,True,True,SELL,SELL,370,370,EXACT
SMV2-0310,HAL,True,True,SELL,SELL,33,33,EXACT
SMV2-0310,HDFCLIFE,True,True,BUY,BUY,195,195,EXACT
SMV2-0310,HEROMOTOCO,True,True,BUY,BUY,23,23,EXACT
SMV2-0310,INDIGO,True,True,SELL,SELL,22,22,EXACT
SMV2-0310,KALYANKJIL,True,True,SELL,SELL,304,304,EXACT
SMV2-0310,M&M,True,True,BUY,BUY,40,40,EXACT
SMV2-0310,MARUTI,True,True,BUY,BUY,9,9,EXACT
SMV2-0310,POLICYBZR,True,True,BUY,BUY,78,78,EXACT
SMV2-0310,SBILIFE,True,True,BUY,BUY,64,64,EXACT
SMV2-0310,THANGAMAYL,True,True,SELL,SELL,47,47,EXACT
SMV2-0310,TITAN,True,True,SELL,SELL,41,41,EXACT
SMV2-0312,AXISBANK,True,True,SELL,SELL,126,126,EXACT
SMV2-0312,HDFCBANK,True,True,SELL,SELL,157,157,EXACT
SMV2-0312,HDFCLIFE,True,True,SELL,SELL,195,195,EXACT
SMV2-0312,HINDCOPPER,True,True,BUY,BUY,371,371,EXACT
SMV2-0312,HINDZINC,True,True,BUY,BUY,243,243,EXACT
SMV2-0312,ICICIBANK,True,True,SELL,SELL,116,116,EXACT
SMV2-0312,PFOCUS,True,True,BUY,BUY,663,663,EXACT
SMV2-0312,POLICYBZR,True,True,SELL,SELL,78,78,EXACT
SMV2-0312,SAREGAMA,True,True,BUY,BUY,417,417,EXACT
SMV2-0312,SBILIFE,True,True,SELL,SELL,64,64,EXACT
SMV2-0312,VEDL,True,True,BUY,BUY,248,248,EXACT
SMV2-0312,ZEEL,True,True,BUY,BUY,1608,1608,EXACT
SMV2-0313,AVANTIFEED,True,True,BUY,BUY,187,187,EXACT
SMV2-0313,HEROMOTOCO,True,True,SELL,SELL,23,23,EXACT
SMV2-0313,HINDCOPPER,True,True,SELL,SELL,85,85,EXACT
SMV2-0313,M&M,True,True,SELL,SELL,40,40,EXACT
SMV2-0313,MARUTI,True,True,SELL,SELL,9,9,EXACT
SMV2-0313,PATANJALI,True,True,BUY,BUY,284,284,EXACT
SMV2-0313,TATACONSUM,True,True,BUY,BUY,132,132,EXACT
SMV2-0315,AVANTIFEED,True,True,SELL,SELL,187,187,EXACT
SMV2-0315,HDFCBANK,True,True,BUY,BUY,163,163,EXACT
SMV2-0315,ICICIBANK,True,True,BUY,BUY,109,109,EXACT
SMV2-0315,PATANJALI,True,True,SELL,SELL,284,284,EXACT
SMV2-0315,SBIN,True,True,BUY,BUY,152,152,EXACT
SMV2-0315,TATACONSUM,True,True,SELL,SELL,132,132,EXACT
SMV2-0316,BEL,True,True,BUY,BUY,381,381,EXACT
SMV2-0316,HAL,True,True,BUY,BUY,33,33,EXACT
SMV2-0316,INDIGO,True,True,BUY,BUY,32,32,EXACT
SMV2-0316,PFOCUS,True,True,SELL,SELL,663,663,EXACT
SMV2-0316,SAREGAMA,True,True,SELL,SELL,417,417,EXACT
SMV2-0316,ZEEL,True,True,SELL,SELL,1608,1608,EXACT
SMV2-0317,BEL,True,True,SELL,SELL,381,381,EXACT
SMV2-0317,HAL,True,True,SELL,SELL,33,33,EXACT
SMV2-0317,HINDPETRO,True,True,BUY,BUY,336,336,EXACT
SMV2-0317,INDIGO,True,True,SELL,SELL,32,32,EXACT
SMV2-0317,ONGC,True,True,BUY,BUY,635,635,EXACT
SMV2-0317,RELIANCE,True,True,BUY,BUY,113,113,EXACT
SMV2-0318,CONCOR,True,True,BUY,BUY,302,302,EXACT
SMV2-0318,DELHIVERY,True,True,BUY,BUY,343,343,EXACT
SMV2-0318,DREDGECORP,True,True,BUY,BUY,142,142,EXACT
SMV2-0318,HINDCOPPER,True,True,SELL,SELL,286,286,EXACT
SMV2-0318,HINDPETRO,True,True,SELL,SELL,336,336,EXACT
SMV2-0318,HINDZINC,True,True,SELL,SELL,243,243,EXACT
SMV2-0318,OIL,True,True,BUY,BUY,311,311,EXACT
SMV2-0318,VEDL,True,True,SELL,SELL,248,248,EXACT
SMV2-0320,AVANTIFEED,True,True,BUY,BUY,110,110,EXACT
SMV2-0320,GOKEX,True,True,BUY,BUY,183,183,EXACT
SMV2-0320,HDFCBANK,True,True,SELL,SELL,163,163,EXACT
SMV2-0320,ICICIBANK,True,True,SELL,SELL,109,109,EXACT
SMV2-0320,KPRMILL,True,True,BUY,BUY,165,165,EXACT
SMV2-0320,OIL,True,True,SELL,SELL,311,311,EXACT
SMV2-0320,ONGC,True,True,SELL,SELL,635,635,EXACT
SMV2-0320,PAGEIND,True,True,BUY,BUY,4,4,EXACT
SMV2-0320,PATANJALI,True,True,BUY,BUY,296,296,EXACT
SMV2-0320,RELIANCE,True,True,SELL,SELL,113,113,EXACT
SMV2-0320,SBIN,True,True,SELL,SELL,152,152,EXACT
SMV2-0320,TATACONSUM,True,True,BUY,BUY,136,136,EXACT
SMV2-0321,DREDGECORP,True,True,SELL,SELL,142,142,EXACT
SMV2-0321,SCI,True,True,BUY,BUY,599,599,EXACT
SMV2-0322,ABB,True,True,BUY,BUY,24,24,EXACT
SMV2-0322,AGI,True,True,BUY,BUY,274,274,EXACT
SMV2-0322,AVANTIFEED,True,True,SELL,SELL,110,110,EXACT
SMV2-0322,CONCOR,True,True,SELL,SELL,302,302,EXACT
SMV2-0322,COSMOFIRST,True,True,BUY,BUY,216,216,EXACT
SMV2-0322,DELHIVERY,True,True,SELL,SELL,343,343,EXACT
SMV2-0322,GOKEX,True,True,SELL,SELL,183,183,EXACT
SMV2-0322,JINDALPOLY,True,True,BUY,BUY,233,233,EXACT
SMV2-0322,KAYNES,True,True,BUY,BUY,38,38,EXACT
SMV2-0322,KPRMILL,True,True,SELL,SELL,165,165,EXACT
SMV2-0322,PAGEIND,True,True,SELL,SELL,4,4,EXACT
SMV2-0322,PATANJALI,True,True,SELL,SELL,296,296,EXACT
SMV2-0322,PFOCUS,True,True,BUY,BUY,576,576,EXACT
SMV2-0322,POLYCAB,True,True,BUY,BUY,16,16,EXACT
SMV2-0322,PVRINOX,True,True,BUY,BUY,141,141,EXACT
SMV2-0322,SCI,True,True,SELL,SELL,599,599,EXACT
SMV2-0322,TATACONSUM,True,True,SELL,SELL,136,136,EXACT
SMV2-0322,ZEEL,True,True,BUY,BUY,1658,1658,EXACT
SMV2-0323,JINDALPOLY,True,True,SELL,SELL,42,42,EXACT
SMV2-0324,JINDALPOLY,True,True,SELL,SELL,33,33,EXACT
SMV2-0324,POLYCAB,True,True,BUY,BUY,4,4,EXACT
SMV2-0325,NTPC,True,True,BUY,BUY,381,381,EXACT
SMV2-0325,PFOCUS,True,True,SELL,SELL,576,576,EXACT
SMV2-0325,POWERGRID,True,True,BUY,BUY,483,483,EXACT
SMV2-0325,PVRINOX,True,True,SELL,SELL,141,141,EXACT
SMV2-0325,WAAREEENER,True,True,BUY,BUY,46,46,EXACT
SMV2-0325,ZEEL,True,True,SELL,SELL,1658,1658,EXACT
SMV2-0326,AGI,True,True,SELL,SELL,274,274,EXACT
SMV2-0326,APOLLOPIPE,True,True,BUY,BUY,326,326,EXACT
SMV2-0326,ASTRAL,True,True,BUY,BUY,86,86,EXACT
SMV2-0326,COSMOFIRST,True,True,SELL,SELL,216,216,EXACT
SMV2-0326,JINDALPOLY,True,True,SELL,SELL,158,158,EXACT
SMV2-0326,SHAILY,True,True,BUY,BUY,59,59,EXACT
SMV2-0328,CONFIPET,True,True,BUY,BUY,2119,2119,EXACT
SMV2-0328,GAIL,True,True,BUY,BUY,960,960,EXACT
SMV2-0328,MGL,True,True,BUY,BUY,134,134,EXACT
SMV2-0328,NTPC,True,True,SELL,SELL,381,381,EXACT
SMV2-0328,POWERGRID,True,True,SELL,SELL,483,483,EXACT
SMV2-0328,SHAILY,True,True,BUY,BUY,15,15,EXACT
SMV2-0328,WAAREEENER,True,True,SELL,SELL,46,46,EXACT
SMV2-0329,AEQUS,True,True,BUY,BUY,863,863,EXACT
SMV2-0329,APOLLOPIPE,True,True,SELL,SELL,326,326,EXACT
SMV2-0329,ASTRAL,True,True,SELL,SELL,86,86,EXACT
SMV2-0329,CONFIPET,True,True,BUY,BUY,674,674,EXACT
SMV2-0329,SHAILY,True,True,SELL,SELL,74,74,EXACT
SMV2-0329,TEXRAIL,True,True,BUY,BUY,918,918,EXACT
SMV2-0329,TITAGARH,True,True,BUY,BUY,199,199,EXACT
SMV2-0331,BHEL,True,True,BUY,BUY,428,428,EXACT
SMV2-0331,CONFIPET,True,True,SELL,SELL,2793,2793,EXACT
SMV2-0331,GAIL,True,True,SELL,SELL,960,960,EXACT
SMV2-0331,MGL,True,True,SELL,SELL,134,134,EXACT
SMV2-0331,POWERINDIA,True,True,BUY,BUY,3,3,EXACT
SMV2-0331,SUZLON,True,True,BUY,BUY,2709,2709,EXACT
SMV2-0331,TEXRAIL,True,True,BUY,BUY,505,505,EXACT
SMV2-0333,BHEL,True,True,SELL,SELL,428,428,EXACT
SMV2-0333,DATAPATTNS,True,True,BUY,BUY,38,38,EXACT
SMV2-0333,HAL,True,True,BUY,BUY,34,34,EXACT
SMV2-0333,MTARTECH,True,True,BUY,BUY,20,20,EXACT
SMV2-0333,POLYCAB,True,True,SELL,SELL,4,4,EXACT
SMV2-0333,POWERINDIA,True,True,SELL,SELL,3,3,EXACT
SMV2-0333,SUZLON,True,True,SELL,SELL,2709,2709,EXACT
SMV2-0334,AEQUS,True,True,SELL,SELL,136,136,EXACT
SMV2-0334,KAYNES,True,True,BUY,BUY,8,8,EXACT
SMV2-0335,APOLLO,True,True,BUY,BUY,376,376,EXACT
SMV2-0335,DATAPATTNS,True,True,SELL,SELL,38,38,EXACT
SMV2-0336,APOLLO,True,True,SELL,SELL,376,376,EXACT
SMV2-0336,CONFIPET,True,True,BUY,BUY,1888,1888,EXACT
SMV2-0336,GAIL,True,True,BUY,BUY,909,909,EXACT
SMV2-0336,HAL,True,True,SELL,SELL,34,34,EXACT
SMV2-0336,MTARTECH,True,True,SELL,SELL,20,20,EXACT
SMV2-0336,REFEX,True,True,BUY,BUY,491,491,EXACT
SMV2-0337,AEQUS,True,True,SELL,SELL,727,727,EXACT
SMV2-0337,KALYANKJIL,True,True,BUY,BUY,432,432,EXACT
SMV2-0337,TEXRAIL,True,True,SELL,SELL,1423,1423,EXACT
SMV2-0337,THANGAMAYL,True,True,BUY,BUY,27,27,EXACT
SMV2-0337,TITAGARH,True,True,SELL,SELL,199,199,EXACT
SMV2-0337,TITAN,True,True,BUY,BUY,36,36,EXACT
SMV2-0338,ADANIENT,True,True,BUY,BUY,52,52,EXACT
SMV2-0338,KALYANKJIL,True,True,SELL,SELL,432,432,EXACT
SMV2-0338,MSTCLTD,True,True,BUY,BUY,228,228,EXACT
SMV2-0338,REDINGTON,True,True,BUY,BUY,561,561,EXACT
SMV2-0338,THANGAMAYL,True,True,SELL,SELL,27,27,EXACT
SMV2-0338,TITAN,True,True,SELL,SELL,36,36,EXACT
SMV2-0339,ABB,True,True,SELL,SELL,24,24,EXACT
SMV2-0339,AEQUS,True,True,BUY,BUY,677,677,EXACT
SMV2-0339,CARBORUNIV,True,True,BUY,BUY,136,136,EXACT
SMV2-0339,KAYNES,True,True,SELL,SELL,46,46,EXACT
SMV2-0339,POLYCAB,True,True,SELL,SELL,16,16,EXACT
SMV2-0339,TITAGARH,True,True,BUY,BUY,175,175,EXACT
SMV2-0340,CONFIPET,True,True,SELL,SELL,1888,1888,EXACT
SMV2-0340,GAIL,True,True,SELL,SELL,909,909,EXACT
SMV2-0340,GOKEX,True,True,BUY,BUY,185,185,EXACT
SMV2-0340,KPRMILL,True,True,BUY,BUY,134,134,EXACT
SMV2-0340,PAGEIND,True,True,BUY,BUY,3,3,EXACT
SMV2-0340,REFEX,True,True,SELL,SELL,491,491,EXACT
SMV2-0341,ADANIENT,True,True,SELL,SELL,52,52,EXACT
SMV2-0341,APOLLO,True,True,BUY,BUY,376,376,EXACT
SMV2-0341,BEL,True,True,BUY,BUY,373,373,EXACT
SMV2-0341,GOKEX,True,True,SELL,SELL,185,185,EXACT
SMV2-0341,INDIGO,True,True,BUY,BUY,29,29,EXACT
SMV2-0341,KALYANKJIL,True,True,BUY,BUY,326,326,EXACT
SMV2-0341,KPRMILL,True,True,SELL,SELL,134,134,EXACT
SMV2-0341,MSTCLTD,True,True,SELL,SELL,228,228,EXACT
SMV2-0341,PAGEIND,True,True,SELL,SELL,3,3,EXACT
SMV2-0341,REDINGTON,True,True,SELL,SELL,561,561,EXACT
SMV2-0341,THANGAMAYL,True,True,BUY,BUY,23,23,EXACT
SMV2-0341,TITAN,True,True,BUY,BUY,33,33,EXACT
SMV2-0342,AEQUS,True,True,SELL,SELL,677,677,EXACT
SMV2-0342,AGI,True,True,BUY,BUY,222,222,EXACT
SMV2-0342,APOLLO,True,True,SELL,SELL,376,376,EXACT
SMV2-0342,BEL,True,True,SELL,SELL,373,373,EXACT
SMV2-0342,CARBORUNIV,True,True,SELL,SELL,136,136,EXACT
SMV2-0342,COSMOFIRST,True,True,BUY,BUY,185,185,EXACT
SMV2-0342,HUHTAMAKI,True,True,BUY,BUY,636,636,EXACT
SMV2-0342,INDIGO,True,True,SELL,SELL,29,29,EXACT
SMV2-0342,KALYANKJIL,True,True,SELL,SELL,57,57,EXACT
SMV2-0342,LAURUSLABS,True,True,BUY,BUY,100,100,EXACT
SMV2-0342,SUNPHARMA,True,True,BUY,BUY,79,79,EXACT
SMV2-0342,TITAGARH,True,True,SELL,SELL,175,175,EXACT
SMV2-0342,TORNTPHARM,True,True,BUY,BUY,32,32,EXACT
SMV2-0343,HUHTAMAKI,True,True,SELL,SELL,125,125,EXACT
SMV2-0343,LAURUSLABS,True,True,SELL,SELL,100,100,EXACT
SMV2-0343,MRPL,True,True,BUY,BUY,943,943,EXACT
SMV2-0343,ONGC,True,True,BUY,BUY,660,660,EXACT
SMV2-0343,RELIANCE,True,True,BUY,BUY,127,127,EXACT
SMV2-0343,SUNPHARMA,True,True,SELL,SELL,79,79,EXACT
SMV2-0343,TORNTPHARM,True,True,SELL,SELL,32,32,EXACT
SMV2-0344,THANGAMAYL,True,True,BUY,BUY,6,6,EXACT
SMV2-0346,JKPAPER,True,True,BUY,BUY,422,422,EXACT
SMV2-0346,KALYANKJIL,True,True,SELL,SELL,269,269,EXACT
SMV2-0346,KPL,True,True,BUY,BUY,45,45,EXACT
SMV2-0346,THANGAMAYL,True,True,SELL,SELL,29,29,EXACT
SMV2-0346,TITAN,True,True,SELL,SELL,33,33,EXACT
SMV2-0346,WSTCSTPAPR,True,True,BUY,BUY,263,263,EXACT
SMV2-0347,ADANIENT,True,True,BUY,BUY,53,53,EXACT
SMV2-0347,HEXT,True,True,BUY,BUY,303,303,EXACT
SMV2-0347,JKPAPER,True,True,SELL,SELL,422,422,EXACT
SMV2-0347,KPL,True,True,SELL,SELL,45,45,EXACT
SMV2-0347,REDINGTON,True,True,BUY,BUY,459,459,EXACT
SMV2-0347,WSTCSTPAPR,True,True,SELL,SELL,263,263,EXACT
SMV2-0348,ADANIENT,True,True,SELL,SELL,53,53,EXACT
SMV2-0348,FINCABLES,True,True,BUY,BUY,125,125,EXACT
SMV2-0348,HEXT,True,True,SELL,SELL,303,303,EXACT
SMV2-0348,KAYNES,True,True,BUY,BUY,41,41,EXACT
SMV2-0348,KEI,True,True,BUY,BUY,29,29,EXACT
SMV2-0348,REDINGTON,True,True,SELL,SELL,459,459,EXACT
SMV2-0349,AEQUS,True,True,BUY,BUY,646,646,EXACT
SMV2-0349,CARBORUNIV,True,True,BUY,BUY,128,128,EXACT
SMV2-0349,FINCABLES,True,True,SELL,SELL,125,125,EXACT
SMV2-0349,KAYNES,True,True,SELL,SELL,41,41,EXACT
SMV2-0349,KEI,True,True,SELL,SELL,29,29,EXACT
SMV2-0349,TITAGARH,True,True,BUY,BUY,178,178,EXACT
SMV2-0350,AEQUS,True,True,SELL,SELL,646,646,EXACT
SMV2-0350,AGI,True,True,SELL,SELL,222,222,EXACT
SMV2-0350,CARBORUNIV,True,True,SELL,SELL,128,128,EXACT
SMV2-0350,COSMOFIRST,True,True,SELL,SELL,185,185,EXACT
SMV2-0350,HUHTAMAKI,True,True,SELL,SELL,511,511,EXACT
SMV2-0350,JKPAPER,True,True,BUY,BUY,369,369,EXACT
SMV2-0350,KALYANKJIL,True,True,BUY,BUY,250,250,EXACT
SMV2-0350,KPL,True,True,BUY,BUY,36,36,EXACT
SMV2-0350,TBZ,True,True,BUY,BUY,276,276,EXACT
SMV2-0350,TITAGARH,True,True,SELL,SELL,178,178,EXACT
SMV2-0350,TITAN,True,True,BUY,BUY,30,30,EXACT
SMV2-0350,WSTCSTPAPR,True,True,BUY,BUY,214,214,EXACT
