rebalance_id,signal_date,execution_date,symbol,quantity,average_price,last_mark,engine_cash,engine_equity,positive_positions
SMV2-0018,2020-04-30,2020-05-04,AVANTIFEED,134,412.20599999999996,401.45,2559.45492545006,494994.55492545,9
SMV2-0018,2020-04-30,2020-05-04,BBTC,62,889.4445,854.5,2559.45492545006,494994.55492545,9
SMV2-0018,2020-04-30,2020-05-04,VENKEYS,51,1083.5415,1051.7,2559.45492545006,494994.55492545,9
SMV2-0018,2020-04-30,2020-05-04,SUNPHARMA,119,464.68222499999996,465.45,2559.45492545006,494994.55492545,9
SMV2-0018,2020-04-30,2020-05-04,CIPLA,94,589.2945,611.85,2559.45492545006,494994.55492545,9
SMV2-0018,2020-04-30,2020-05-04,AUROPHARMA,90,611.3054999999999,653.3,2559.45492545006,494994.55492545,9
SMV2-0018,2020-04-30,2020-05-04,ASIANPAINT,32,1718.859,1676.8,2559.45492545006,494994.55492545,9
SMV2-0018,2020-04-30,2020-05-04,UPL,140,395.047425,385.4,2559.45492545006,494994.55492545,9
SMV2-0018,2020-04-30,2020-05-04,PIDILITIND,37,1480.74,1424.65,2559.45492545006,494994.55492545,9
SMV2-0019,2020-05-08,2020-05-11,AVANTIFEED,134,412.20599999999996,394.1,12.731148650113028,484733.0311486501,9
SMV2-0019,2020-05-08,2020-05-11,BBTC,62,889.4445,857.45,12.731148650113028,484733.0311486501,9
SMV2-0019,2020-05-08,2020-05-11,VENKEYS,51,1083.5415,1056.85,12.731148650113028,484733.0311486501,9
SMV2-0019,2020-05-08,2020-05-11,SUNPHARMA,119,464.68222499999996,463.85,12.731148650113028,484733.0311486501,9
SMV2-0019,2020-05-08,2020-05-11,CIPLA,94,589.2945,586.05,12.731148650113028,484733.0311486501,9
SMV2-0019,2020-05-08,2020-05-11,AUROPHARMA,90,611.3054999999999,664.5,12.731148650113028,484733.0311486501,9
SMV2-0019,2020-05-08,2020-05-11,LT,65,821.6106,821.6,12.731148650113028,484733.0311486501,9
SMV2-0019,2020-05-08,2020-05-11,ADANIPORTS,189,285.34259999999995,289.7,12.731148650113028,484733.0311486501,9
SMV2-0019,2020-05-08,2020-05-11,NCC,1983,24.012,23.5,12.731148650113028,484733.0311486501,9
SMV2-0020,2020-05-15,2020-05-18,SUNPHARMA,119,464.68222499999996,440.7,31.695732150110416,474833.59573215013,9
SMV2-0020,2020-05-15,2020-05-18,CIPLA,94,589.2945,600.45,31.695732150110416,474833.59573215013,9
SMV2-0020,2020-05-15,2020-05-18,AUROPHARMA,90,611.3054999999999,669.8,31.695732150110416,474833.59573215013,9
SMV2-0020,2020-05-15,2020-05-18,LT,65,821.6106,813.35,31.695732150110416,474833.59573215013,9
SMV2-0020,2020-05-15,2020-05-18,ADANIPORTS,189,285.34259999999995,293.3,31.695732150110416,474833.59573215013,9
SMV2-0020,2020-05-15,2020-05-18,NCC,1983,24.012,22.1,31.695732150110416,474833.59573215013,9
SMV2-0020,2020-05-15,2020-05-18,HDFCLIFE,111,487.54364999999996,469.35,31.695732150110416,474833.59573215013,9
SMV2-0020,2020-05-15,2020-05-18,ICICIPRULI,142,383.29155000000003,358.85,31.695732150110416,474833.59573215013,9
SMV2-0020,2020-05-15,2020-05-18,SBILIFE,72,750.375,700.75,31.695732150110416,474833.59573215013,9
SMV2-0021,2020-05-22,2020-05-26,SUNPHARMA,119,464.68222499999996,459.15,650.7836735501332,488082.18367355014,9
SMV2-0021,2020-05-22,2020-05-26,CIPLA,94,589.2945,627.7,650.7836735501332,488082.18367355014,9
SMV2-0021,2020-05-22,2020-05-26,AUROPHARMA,75,611.3054999999999,714.95,650.7836735501332,488082.18367355014,9
SMV2-0021,2020-05-22,2020-05-26,HDFCLIFE,111,487.54364999999996,507.45,650.7836735501332,488082.18367355014,9
SMV2-0021,2020-05-22,2020-05-26,ICICIPRULI,142,383.29155000000003,347.35,650.7836735501332,488082.18367355014,9
SMV2-0021,2020-05-22,2020-05-26,SBILIFE,72,750.375,754.45,650.7836735501332,488082.18367355014,9
SMV2-0021,2020-05-22,2020-05-26,TCS,27,2016.0075,1943.0,650.7836735501332,488082.18367355014,9
SMV2-0021,2020-05-22,2020-05-26,INFY,79,693.3465,680.55,650.7836735501332,488082.18367355014,9
SMV2-0021,2020-05-22,2020-05-26,HCLTECH,103,530.265,524.0,650.7836735501332,488082.18367355014,9
SMV2-0022,2020-05-29,2020-06-01,HDFCLIFE,111,487.54364999999996,516.1,17075.73538150009,508014.5353815001,9
SMV2-0022,2020-05-29,2020-06-01,ICICIPRULI,142,383.29155000000003,383.9,17075.73538150009,508014.5353815001,9
SMV2-0022,2020-05-29,2020-06-01,SBILIFE,72,750.375,774.8,17075.73538150009,508014.5353815001,9
SMV2-0022,2020-05-29,2020-06-01,VEDL,607,93.34665,93.65,17075.73538150009,508014.5353815001,9
SMV2-0022,2020-05-29,2020-06-01,TATASTEEL,187,302.151,315.2,17075.73538150009,508014.5353815001,9
SMV2-0022,2020-05-29,2020-06-01,HINDALCO,399,141.97095,139.15,17075.73538150009,508014.5353815001,9
SMV2-0022,2020-05-29,2020-06-01,ULTRACEMCO,14,3906.9525,3815.7,17075.73538150009,508014.5353815001,9
SMV2-0022,2020-05-29,2020-06-01,ACC,44,1283.6415,1283.75,17075.73538150009,508014.5353815001,9
SMV2-0022,2020-05-29,2020-06-01,SHREECEM,2,20867.728649999997,21069.35,17075.73538150009,508014.5353815001,9
SMV2-0023,2020-06-05,2020-06-08,VEDL,607,93.34665,105.1,8330.783793100156,514392.38379310013,9
SMV2-0023,2020-06-05,2020-06-08,TATASTEEL,187,302.151,333.6,8330.783793100156,514392.38379310013,9
SMV2-0023,2020-06-05,2020-06-08,HINDALCO,399,141.97095,146.35,8330.783793100156,514392.38379310013,9
SMV2-0023,2020-06-05,2020-06-08,PAGEIND,2,19860.925499999998,19479.6,8330.783793100156,514392.38379310013,9
SMV2-0023,2020-06-05,2020-06-08,RAYMOND,179,329.1645,331.0,8330.783793100156,514392.38379310013,9
SMV2-0023,2020-06-05,2020-06-08,ARVIND,1562,37.868925,34.9,8330.783793100156,514392.38379310013,9
SMV2-0023,2020-06-05,2020-06-08,INDHOTEL,623,94.8474,89.2,8330.783793100156,514392.38379310013,9
SMV2-0023,2020-06-05,2020-06-08,WESTLIFE,187,315.65774999999996,305.95,8330.783793100156,514392.38379310013,9
SMV2-0023,2020-06-05,2020-06-08,CHALET,346,170.835375,161.8,8330.783793100156,514392.38379310013,9
SMV2-0024,2020-06-12,2020-06-15,AVANTIFEED,114,476.238,469.65,3755.7662726001654,483138.1662726002,9
SMV2-0024,2020-06-12,2020-06-15,VENKEYS,47,1155.5774999999999,1141.05,3755.7662726001654,483138.1662726002,9
SMV2-0024,2020-06-12,2020-06-15,VEDL,607,93.34665,102.4,3755.7662726001654,483138.1662726002,9
SMV2-0024,2020-06-12,2020-06-15,TATASTEEL,187,302.151,306.2,3755.7662726001654,483138.1662726002,9
SMV2-0024,2020-06-12,2020-06-15,HINDALCO,399,141.97095,145.8,3755.7662726001654,483138.1662726002,9
SMV2-0024,2020-06-12,2020-06-15,PAGEIND,2,19860.925499999998,17775.65,3755.7662726001654,483138.1662726002,9
SMV2-0024,2020-06-12,2020-06-15,RAYMOND,179,329.1645,284.95,3755.7662726001654,483138.1662726002,9
SMV2-0024,2020-06-12,2020-06-15,ARVIND,1562,37.868925,34.6,3755.7662726001654,483138.1662726002,9
SMV2-0024,2020-06-12,2020-06-15,TATACONSUM,146,371.68575,370.0,3755.7662726001654,483138.1662726002,9
SMV2-0025,2020-06-19,2020-06-22,AVANTIFEED,114,476.238,472.3,5725.626155000195,498299.9761550002,9
SMV2-0025,2020-06-19,2020-06-22,VENKEYS,47,1155.5774999999999,1146.25,5725.626155000195,498299.9761550002,9
SMV2-0025,2020-06-19,2020-06-22,PAGEIND,3,19276.967,19392.7,5725.626155000195,498299.9761550002,9
SMV2-0025,2020-06-19,2020-06-22,RAYMOND,179,329.1645,300.6,5725.626155000195,498299.9761550002,9
SMV2-0025,2020-06-19,2020-06-22,ARVIND,1562,37.868925,34.2,5725.626155000195,498299.9761550002,9
SMV2-0025,2020-06-19,2020-06-22,TATACONSUM,146,371.68575,381.1,5725.626155000195,498299.9761550002,9
SMV2-0025,2020-06-19,2020-06-22,HDFCBANK,52,1039.969725,1028.75,5725.626155000195,498299.9761550002,9
SMV2-0025,2020-06-19,2020-06-22,AXISBANK,130,420.21,430.15,5725.626155000195,498299.9761550002,9
SMV2-0025,2020-06-19,2020-06-22,ICICIBANK,148,367.1835,367.55,5725.626155000195,498299.9761550002,9
SMV2-0026,2020-06-26,2020-06-29,PAGEIND,3,19276.967,20105.5,10083.540585300208,493171.9405853002,9
SMV2-0026,2020-06-26,2020-06-29,RAYMOND,179,329.1645,287.0,10083.540585300208,493171.9405853002,9
SMV2-0026,2020-06-26,2020-06-29,ARVIND,1562,37.868925,33.1,10083.540585300208,493171.9405853002,9
SMV2-0026,2020-06-26,2020-06-29,HDFCBANK,52,1039.969725,1076.05,10083.540585300208,493171.9405853002,9
SMV2-0026,2020-06-26,2020-06-29,AXISBANK,130,420.21,404.8,10083.540585300208,493171.9405853002,9
SMV2-0026,2020-06-26,2020-06-29,ICICIBANK,148,367.1835,343.1,10083.540585300208,493171.9405853002,9
SMV2-0026,2020-06-26,2020-06-29,BAJAJFINSV,9,5834.915999999999,5890.2,10083.540585300208,493171.9405853002,9
SMV2-0026,2020-06-26,2020-06-29,MUTHOOTFIN,50,1088.5439999999999,1085.05,10083.540585300208,493171.9405853002,9
SMV2-0026,2020-06-26,2020-06-29,CHOLAFIN,275,200.1,193.0,10083.540585300208,493171.9405853002,9
SMV2-0027,2020-07-03,2020-07-06,ULTRACEMCO,14,3921.9599999999996,3930.9,15858.160156100232,508803.86015610024,9
SMV2-0027,2020-07-03,2020-07-06,ACC,42,1317.6585,1328.0,15858.160156100232,508803.86015610024,9
SMV2-0027,2020-07-03,2020-07-06,SHREECEM,2,22890.4395,23111.15,15858.160156100232,508803.86015610024,9
SMV2-0027,2020-07-03,2020-07-06,HDFCBANK,52,1039.969725,1103.0,15858.160156100232,508803.86015610024,9
SMV2-0027,2020-07-03,2020-07-06,AXISBANK,130,420.21,434.0,15858.160156100232,508803.86015610024,9
SMV2-0027,2020-07-03,2020-07-06,ICICIBANK,148,367.1835,361.85,15858.160156100232,508803.86015610024,9
SMV2-0027,2020-07-03,2020-07-06,BAJAJFINSV,9,5834.915999999999,6285.0,15858.160156100232,508803.86015610024,9
SMV2-0027,2020-07-03,2020-07-06,MUTHOOTFIN,50,1088.5439999999999,1134.35,15858.160156100232,508803.86015610024,9
SMV2-0027,2020-07-03,2020-07-06,CHOLAFIN,275,200.1,201.1,15858.160156100232,508803.86015610024,9
SMV2-0028,2020-07-10,2020-07-13,HDFCBANK,52,1039.969725,1080.25,15.497868200254743,508251.74786820024,9
SMV2-0028,2020-07-10,2020-07-13,AXISBANK,130,420.21,440.05,15.497868200254743,508251.74786820024,9
SMV2-0028,2020-07-10,2020-07-13,ICICIBANK,148,367.1835,353.6,15.497868200254743,508251.74786820024,9
SMV2-0028,2020-07-10,2020-07-13,BAJAJFINSV,9,5834.915999999999,6461.45,15.497868200254743,508251.74786820024,9
SMV2-0028,2020-07-10,2020-07-13,MUTHOOTFIN,50,1088.5439999999999,1110.75,15.497868200254743,508251.74786820024,9
SMV2-0028,2020-07-10,2020-07-13,CHOLAFIN,275,200.1,205.25,15.497868200254743,508251.74786820024,9
SMV2-0028,2020-07-10,2020-07-13,BHARTIARTL,98,574.78725,586.8,15.497868200254743,508251.74786820024,9
SMV2-0028,2020-07-10,2020-07-13,ITI,441,128.064,131.75,15.497868200254743,508251.74786820024,9
SMV2-0028,2020-07-10,2020-07-13,HATHWAY,1634,34.11705,34.75,15.497868200254743,508251.74786820024,9
SMV2-0029,2020-07-17,2020-07-20,TCS,26,2202.1005,2207.9,11612.164739350257,541328.9147393502,9
SMV2-0029,2020-07-17,2020-07-20,INFY,64,908.95425,934.3,11612.164739350257,541328.9147393502,9
SMV2-0029,2020-07-17,2020-07-20,BAJAJFINSV,9,5834.915999999999,6620.15,11612.164739350257,541328.9147393502,9
SMV2-0029,2020-07-17,2020-07-20,MUTHOOTFIN,50,1088.5439999999999,1229.75,11612.164739350257,541328.9147393502,9
SMV2-0029,2020-07-17,2020-07-20,CHOLAFIN,275,200.1,215.2,11612.164739350257,541328.9147393502,9
SMV2-0029,2020-07-17,2020-07-20,BHARTIARTL,98,574.78725,575.75,11612.164739350257,541328.9147393502,9
SMV2-0029,2020-07-17,2020-07-20,ITI,441,128.064,124.3,11612.164739350257,541328.9147393502,9
SMV2-0029,2020-07-17,2020-07-20,HATHWAY,1262,34.11705,48.05,11612.164739350257,541328.9147393502,9
SMV2-0029,2020-07-17,2020-07-20,WIPRO,223,261.480675,270.8,11612.164739350257,541328.9147393502,9
SMV2-0030,2020-07-24,2020-07-27,TCS,26,2202.1005,2206.8,10468.914891950277,547148.3648919503,9
SMV2-0030,2020-07-24,2020-07-27,INFY,64,908.95425,948.45,10468.914891950277,547148.3648919503,9
SMV2-0030,2020-07-24,2020-07-27,BAJAJFINSV,9,5834.915999999999,6173.2,10468.914891950277,547148.3648919503,9
SMV2-0030,2020-07-24,2020-07-27,MUTHOOTFIN,50,1088.5439999999999,1362.7,10468.914891950277,547148.3648919503,9
SMV2-0030,2020-07-24,2020-07-27,CHOLAFIN,275,200.1,208.8,10468.914891950277,547148.3648919503,9
SMV2-0030,2020-07-24,2020-07-27,BHARTIARTL,98,574.78725,559.5,10468.914891950277,547148.3648919503,9
SMV2-0030,2020-07-24,2020-07-27,ITI,441,128.064,135.75,10468.914891950277,547148.3648919503,9
SMV2-0030,2020-07-24,2020-07-27,WIPRO,223,261.480675,268.85,10468.914891950277,547148.3648919503,9
SMV2-0030,2020-07-24,2020-07-27,TATACOMM,95,627.6136499999999,661.45,10468.914891950277,547148.3648919503,9
SMV2-0031,2020-07-31,2020-08-03,SUNPHARMA,115,534.36705,519.4,14456.696185000277,551236.8461850003,9
SMV2-0031,2020-07-31,2020-08-03,CIPLA,84,724.362,710.4,14456.696185000277,551236.8461850003,9
SMV2-0031,2020-07-31,2020-08-03,TCS,26,2202.1005,2254.15,14456.696185000277,551236.8461850003,9
SMV2-0031,2020-07-31,2020-08-03,INFY,64,908.95425,956.9,14456.696185000277,551236.8461850003,9
SMV2-0031,2020-07-31,2020-08-03,BHARTIARTL,98,574.78725,547.35,14456.696185000277,551236.8461850003,9
SMV2-0031,2020-07-31,2020-08-03,ITI,441,128.064,130.4,14456.696185000277,551236.8461850003,9
SMV2-0031,2020-07-31,2020-08-03,WIPRO,223,261.480675,281.55,14456.696185000277,551236.8461850003,9
SMV2-0031,2020-07-31,2020-08-03,TATACOMM,78,627.6136499999999,797.7,14456.696185000277,551236.8461850003,9
SMV2-0031,2020-07-31,2020-08-03,BIOCON,149,412.0059,411.9,14456.696185000277,551236.8461850003,9
SMV2-0032,2020-08-07,2020-08-10,SUNPHARMA,115,534.36705,543.85,14456.696185000277,571006.6961850002,9
SMV2-0032,2020-08-07,2020-08-10,CIPLA,84,724.362,795.6,14456.696185000277,571006.6961850002,9
SMV2-0032,2020-08-07,2020-08-10,TCS,26,2202.1005,2282.8,14456.696185000277,571006.6961850002,9
SMV2-0032,2020-08-07,2020-08-10,INFY,64,908.95425,951.35,14456.696185000277,571006.6961850002,9
SMV2-0032,2020-08-07,2020-08-10,BHARTIARTL,98,574.78725,558.85,14456.696185000277,571006.6961850002,9
SMV2-0032,2020-08-07,2020-08-10,ITI,441,128.064,141.3,14456.696185000277,571006.6961850002,9
SMV2-0032,2020-08-07,2020-08-10,WIPRO,223,261.480675,277.4,14456.696185000277,571006.6961850002,9
SMV2-0032,2020-08-07,2020-08-10,TATACOMM,78,627.6136499999999,853.1,14456.696185000277,571006.6961850002,9
SMV2-0032,2020-08-07,2020-08-10,BIOCON,149,412.0059,412.45,14456.696185000277,571006.6961850002,9
SMV2-0033,2020-08-14,2020-08-17,SUNPHARMA,115,534.36705,528.35,3479.054554350303,558839.3545543504,9
SMV2-0033,2020-08-14,2020-08-17,CIPLA,84,724.362,771.65,3479.054554350303,558839.3545543504,9
SMV2-0033,2020-08-14,2020-08-17,TCS,26,2202.1005,2253.4,3479.054554350303,558839.3545543504,9
SMV2-0033,2020-08-14,2020-08-17,INFY,64,908.95425,957.5,3479.054554350303,558839.3545543504,9
SMV2-0033,2020-08-14,2020-08-17,INDHOTEL,654,95.4477,92.85,3479.054554350303,558839.3545543504,9
SMV2-0033,2020-08-14,2020-08-17,WESTLIFE,168,370.13497499999994,365.9,3479.054554350303,558839.3545543504,9
SMV2-0033,2020-08-14,2020-08-17,WIPRO,223,261.480675,281.95,3479.054554350303,558839.3545543504,9
SMV2-0033,2020-08-14,2020-08-17,DIVISLAB,20,3121.56,3129.55,3479.054554350303,558839.3545543504,9
SMV2-0033,2020-08-14,2020-08-17,EIHOTEL,789,79.03949999999999,78.9,3479.054554350303,558839.3545543504,9
SMV2-0034,2020-08-21,2020-08-24,TCS,26,2202.1005,2248.1,2008.6402923502974,573251.8402923503,9
SMV2-0034,2020-08-21,2020-08-24,INFY,64,908.95425,947.4,2008.6402923502974,573251.8402923503,9
SMV2-0034,2020-08-21,2020-08-24,INDHOTEL,654,95.4477,104.5,2008.6402923502974,573251.8402923503,9
SMV2-0034,2020-08-21,2020-08-24,WESTLIFE,168,370.13497499999994,376.05,2008.6402923502974,573251.8402923503,9
SMV2-0034,2020-08-21,2020-08-24,WIPRO,223,261.480675,272.7,2008.6402923502974,573251.8402923503,9
SMV2-0034,2020-08-21,2020-08-24,EIHOTEL,789,79.03949999999999,91.4,2008.6402923502974,573251.8402923503,9
SMV2-0034,2020-08-21,2020-08-24,DLF,394,162.58124999999998,157.7,2008.6402923502974,573251.8402923503,9
SMV2-0034,2020-08-21,2020-08-24,GODREJPROP,74,863.4314999999999,862.0,2008.6402923502974,573251.8402923503,9
SMV2-0034,2020-08-21,2020-08-24,NBCC,2153,29.764875,28.7,2008.6402923502974,573251.8402923503,9
SMV2-0035,2020-08-28,2020-08-31,PAGEIND,3,20335.1625,18987.7,14.811447250336641,553842.8614472504,9
SMV2-0035,2020-08-28,2020-08-31,RAYMOND,174,310.55519999999996,287.7,14.811447250336641,553842.8614472504,9
SMV2-0035,2020-08-28,2020-08-31,INDHOTEL,654,95.4477,103.7,14.811447250336641,553842.8614472504,9
SMV2-0035,2020-08-28,2020-08-31,WESTLIFE,168,370.13497499999994,370.35,14.811447250336641,553842.8614472504,9
SMV2-0035,2020-08-28,2020-08-31,EIHOTEL,789,79.03949999999999,87.7,14.811447250336641,553842.8614472504,9
SMV2-0035,2020-08-28,2020-08-31,DLF,394,162.58124999999998,158.35,14.811447250336641,553842.8614472504,9
SMV2-0035,2020-08-28,2020-08-31,GODREJPROP,74,863.4314999999999,913.25,14.811447250336641,553842.8614472504,9
SMV2-0035,2020-08-28,2020-08-31,NBCC,2153,29.764875,26.75,14.811447250336641,553842.8614472504,9
SMV2-0035,2020-08-28,2020-08-31,ALOKINDS,1893,34.51725,31.7,14.811447250336641,553842.8614472504,9
SMV2-0036,2020-09-04,2020-09-07,INDHOTEL,654,95.4477,103.25,341.8528406503319,543678.0028406504,9
SMV2-0036,2020-09-04,2020-09-07,WESTLIFE,168,370.13497499999994,371.05,341.8528406503319,543678.0028406504,9
SMV2-0036,2020-09-04,2020-09-07,EIHOTEL,789,79.03949999999999,84.35,341.8528406503319,543678.0028406504,9
SMV2-0036,2020-09-04,2020-09-07,DLF,394,162.58124999999998,152.15,341.8528406503319,543678.0028406504,9
SMV2-0036,2020-09-04,2020-09-07,GODREJPROP,74,863.4314999999999,900.55,341.8528406503319,543678.0028406504,9
SMV2-0036,2020-09-04,2020-09-07,NBCC,2153,29.764875,26.6,341.8528406503319,543678.0028406504,9
SMV2-0036,2020-09-04,2020-09-07,VOLTAS,93,653.3265,646.1,341.8528406503319,543678.0028406504,9
SMV2-0036,2020-09-04,2020-09-07,DIXON,7,8594.295,8920.1,341.8528406503319,543678.0028406504,9
SMV2-0036,2020-09-04,2020-09-07,BAJAJELEC,85,492.496125,476.9,341.8528406503319,543678.0028406504,9
SMV2-0037,2020-09-11,2020-09-14,TCS,25,2385.2920499999996,2491.4,160.3541891004861,566193.1541891005,9
SMV2-0037,2020-09-11,2020-09-14,INFY,63,957.4784999999999,978.4,160.3541891004861,566193.1541891005,9
SMV2-0037,2020-09-11,2020-09-14,WIPRO,207,293.396625,307.2,160.3541891004861,566193.1541891005,9
SMV2-0037,2020-09-11,2020-09-14,VOLTAS,93,653.3265,685.6,160.3541891004861,566193.1541891005,9
SMV2-0037,2020-09-11,2020-09-14,DIXON,7,8594.295,9822.9,160.3541891004861,566193.1541891005,9
SMV2-0037,2020-09-11,2020-09-14,BAJAJELEC,131,482.1848650763359,499.75,160.3541891004861,566193.1541891005,9
SMV2-0037,2020-09-11,2020-09-14,CONCOR,157,386.543175,384.2,160.3541891004861,566193.1541891005,9
SMV2-0037,2020-09-11,2020-09-14,BLUEDART,21,2881.44,3000.95,160.3541891004861,566193.1541891005,9
SMV2-0037,2020-09-11,2020-09-14,VRLLOG,355,160.93042499999999,161.1,160.3541891004861,566193.1541891005,9
SMV2-0038,2020-09-18,2020-09-21,TCS,25,2385.2920499999996,2465.3,199.0878697005246,546211.9378697005,9
SMV2-0038,2020-09-18,2020-09-21,INFY,63,957.4784999999999,1009.9,199.0878697005246,546211.9378697005,9
SMV2-0038,2020-09-18,2020-09-21,WIPRO,207,293.396625,311.9,199.0878697005246,546211.9378697005,9
SMV2-0038,2020-09-18,2020-09-21,VOLTAS,93,653.3265,670.5,199.0878697005246,546211.9378697005,9
SMV2-0038,2020-09-18,2020-09-21,DIXON,7,8594.295,8900.9,199.0878697005246,546211.9378697005,9
SMV2-0038,2020-09-18,2020-09-21,BAJAJELEC,131,482.1848650763359,472.95,199.0878697005246,546211.9378697005,9
SMV2-0038,2020-09-18,2020-09-21,MCDOWELL-N,114,545.022375,522.25,199.0878697005246,546211.9378697005,9
SMV2-0038,2020-09-18,2020-09-21,UBL,61,1019.159325,982.6,199.0878697005246,546211.9378697005,9
SMV2-0038,2020-09-18,2020-09-21,RADICO,119,451.22549999999995,421.0,199.0878697005246,546211.9378697005,9
SMV2-0039,2020-09-25,2020-09-28,TCS,25,2385.2920499999996,2426.3,199.0878697005246,548823.7878697005,9
SMV2-0039,2020-09-25,2020-09-28,INFY,63,957.4784999999999,1010.4,199.0878697005246,548823.7878697005,9
SMV2-0039,2020-09-25,2020-09-28,WIPRO,207,293.396625,311.55,199.0878697005246,548823.7878697005,9
SMV2-0039,2020-09-25,2020-09-28,VOLTAS,93,653.3265,689.1,199.0878697005246,548823.7878697005,9
SMV2-0039,2020-09-25,2020-09-28,DIXON,7,8594.295,9008.85,199.0878697005246,548823.7878697005,9
SMV2-0039,2020-09-25,2020-09-28,BAJAJELEC,131,482.1848650763359,488.0,199.0878697005246,548823.7878697005,9
SMV2-0039,2020-09-25,2020-09-28,MCDOWELL-N,114,545.022375,528.3,199.0878697005246,548823.7878697005,9
SMV2-0039,2020-09-25,2020-09-28,UBL,61,1019.159325,969.6,199.0878697005246,548823.7878697005,9
SMV2-0039,2020-09-25,2020-09-28,RADICO,119,451.22549999999995,414.9,199.0878697005246,548823.7878697005,9
SMV2-0040,2020-10-01,2020-10-05,SUNPHARMA,120,507.2535,523.1,1755.0892541005378,560221.8892541006,9
SMV2-0040,2020-10-01,2020-10-05,CIPLA,78,776.3879999999999,778.65,1755.0892541005378,560221.8892541006,9
SMV2-0040,2020-10-01,2020-10-05,TCS,25,2385.2920499999996,2705.8,1755.0892541005378,560221.8892541006,9
SMV2-0040,2020-10-01,2020-10-05,INFY,63,957.4784999999999,1048.7,1755.0892541005378,560221.8892541006,9
SMV2-0040,2020-10-01,2020-10-05,WIPRO,207,293.396625,333.95,1755.0892541005378,560221.8892541006,9
SMV2-0040,2020-10-01,2020-10-05,DIVISLAB,14,3081.54,3126.2,1755.0892541005378,560221.8892541006,9
SMV2-0040,2020-10-01,2020-10-05,VOLTAS,93,653.3265,668.9,1755.0892541005378,560221.8892541006,9
SMV2-0040,2020-10-01,2020-10-05,DIXON,7,8594.295,8840.4,1755.0892541005378,560221.8892541006,9
SMV2-0040,2020-10-01,2020-10-05,BAJAJELEC,131,482.1848650763359,490.55,1755.0892541005378,560221.8892541006,9
SMV2-0041,2020-10-09,2020-10-12,SUNPHARMA,120,507.2535,513.9,130.67703945053654,582309.5770394505,9
SMV2-0041,2020-10-09,2020-10-12,CIPLA,78,776.3879999999999,813.65,130.67703945053654,582309.5770394505,9
SMV2-0041,2020-10-09,2020-10-12,TCS,25,2385.2920499999996,2830.0,130.67703945053654,582309.5770394505,9
SMV2-0041,2020-10-09,2020-10-12,INFY,63,957.4784999999999,1132.1,130.67703945053654,582309.5770394505,9
SMV2-0041,2020-10-09,2020-10-12,PAGEIND,3,20995.4925,20898.75,130.67703945053654,582309.5770394505,9
SMV2-0041,2020-10-09,2020-10-12,RAYMOND,212,285.54269999999997,278.05,130.67703945053654,582309.5770394505,9
SMV2-0041,2020-10-09,2020-10-12,WIPRO,171,293.396625,377.5,130.67703945053654,582309.5770394505,9
SMV2-0041,2020-10-09,2020-10-12,DIVISLAB,20,3115.246845,3207.25,130.67703945053654,582309.5770394505,9
SMV2-0041,2020-10-09,2020-10-12,ALOKINDS,2879,22.461225,22.45,130.67703945053654,582309.5770394505,9
SMV2-0042,2020-10-16,2020-10-19,SUNPHARMA,120,507.2535,483.65,130.67703945053654,564060.4770394505,9
SMV2-0042,2020-10-16,2020-10-19,CIPLA,78,776.3879999999999,764.0,130.67703945053654,564060.4770394505,9
SMV2-0042,2020-10-16,2020-10-19,TCS,25,2385.2920499999996,2711.55,130.67703945053654,564060.4770394505,9
SMV2-0042,2020-10-16,2020-10-19,INFY,63,957.4784999999999,1125.9,130.67703945053654,564060.4770394505,9
SMV2-0042,2020-10-16,2020-10-19,PAGEIND,3,20995.4925,20826.25,130.67703945053654,564060.4770394505,9
SMV2-0042,2020-10-16,2020-10-19,RAYMOND,212,285.54269999999997,277.85,130.67703945053654,564060.4770394505,9
SMV2-0042,2020-10-16,2020-10-19,WIPRO,171,293.396625,343.2,130.67703945053654,564060.4770394505,9
SMV2-0042,2020-10-16,2020-10-19,DIVISLAB,20,3115.246845,3093.4,130.67703945053654,564060.4770394505,9
SMV2-0042,2020-10-16,2020-10-19,ALOKINDS,2879,22.461225,22.8,130.67703945053654,564060.4770394505,9
SMV2-0043,2020-10-23,2020-10-26,ULTRACEMCO,13,4512.255,4485.4,4421.760946150549,552230.0609461506,9
SMV2-0043,2020-10-23,2020-10-26,ACC,39,1605.70245,1578.8,4421.760946150549,552230.0609461506,9
SMV2-0043,2020-10-23,2020-10-26,PAGEIND,3,20995.4925,20182.15,4421.760946150549,552230.0609461506,9
SMV2-0043,2020-10-23,2020-10-26,RAYMOND,212,285.54269999999997,282.2,4421.760946150549,552230.0609461506,9
SMV2-0043,2020-10-23,2020-10-26,DLF,362,172.98645,166.2,4421.760946150549,552230.0609461506,9
SMV2-0043,2020-10-23,2020-10-26,GODREJPROP,59,1045.02225,1021.6,4421.760946150549,552230.0609461506,9
SMV2-0043,2020-10-23,2020-10-26,ALOKINDS,2879,22.461225,22.3,4421.760946150549,552230.0609461506,9
SMV2-0043,2020-10-23,2020-10-26,AMBUJACEM,251,248.82434999999998,245.05,4421.760946150549,552230.0609461506,9
SMV2-0043,2020-10-23,2020-10-26,OBEROIRLTY,136,457.47862499999997,451.5,4421.760946150549,552230.0609461506,9
SMV2-0044,2020-10-30,2020-11-02,ULTRACEMCO,13,4512.255,4550.8,844.6749081005692,562343.4749081007,9
SMV2-0044,2020-10-30,2020-11-02,ACC,39,1605.70245,1665.85,844.6749081005692,562343.4749081007,9
SMV2-0044,2020-10-30,2020-11-02,BHARTIARTL,141,435.2175,457.4,844.6749081005692,562343.4749081007,9
SMV2-0044,2020-10-30,2020-11-02,ITI,516,119.009475,116.65,844.6749081005692,562343.4749081007,9
SMV2-0044,2020-10-30,2020-11-02,TATACOMM,63,975.4875,957.3,844.6749081005692,562343.4749081007,9
SMV2-0044,2020-10-30,2020-11-02,DLF,362,172.98645,164.8,844.6749081005692,562343.4749081007,9
SMV2-0044,2020-10-30,2020-11-02,GODREJPROP,59,1045.02225,1141.75,844.6749081005692,562343.4749081007,9
SMV2-0044,2020-10-30,2020-11-02,AMBUJACEM,251,248.82434999999998,260.5,844.6749081005692,562343.4749081007,9
SMV2-0044,2020-10-30,2020-11-02,OBEROIRLTY,136,457.47862499999997,440.95,844.6749081005692,562343.4749081007,9
SMV2-0045,2020-11-06,2020-11-09,ULTRACEMCO,13,4512.255,4625.25,2647.912926650606,554790.3129266506,9
SMV2-0045,2020-11-06,2020-11-09,ACC,39,1605.70245,1669.7,2647.912926650606,554790.3129266506,9
SMV2-0045,2020-11-06,2020-11-09,VOLTAS,80,765.3824999999999,790.6,2647.912926650606,554790.3129266506,9
SMV2-0045,2020-11-06,2020-11-09,DIXON,6,10149.072,9752.85,2647.912926650606,554790.3129266506,9
SMV2-0045,2020-11-06,2020-11-09,AMBUJACEM,251,248.82434999999998,249.3,2647.912926650606,554790.3129266506,9
SMV2-0045,2020-11-06,2020-11-09,POLYPLEX,78,789.3945,794.2,2647.912926650606,554790.3129266506,9
SMV2-0045,2020-11-06,2020-11-09,SUPREMEIND,42,1455.7275,1436.85,2647.912926650606,554790.3129266506,9
SMV2-0045,2020-11-06,2020-11-09,ASTRAL,51,1195.4474249999998,1200.45,2647.912926650606,554790.3129266506,9
SMV2-0045,2020-11-06,2020-11-09,AMBER,27,2245.122,2186.6,2647.912926650606,554790.3129266506,9
SMV2-0046,2020-11-14,2020-11-17,ULTRACEMCO,13,4512.255,4909.05,13.654974150609632,574595.3049741506,9
SMV2-0046,2020-11-14,2020-11-17,ACC,39,1605.70245,1694.8,13.654974150609632,574595.3049741506,9
SMV2-0046,2020-11-14,2020-11-17,AMBUJACEM,251,248.82434999999998,268.05,13.654974150609632,574595.3049741506,9
SMV2-0046,2020-11-14,2020-11-17,POLYPLEX,78,789.3945,760.0,13.654974150609632,574595.3049741506,9
SMV2-0046,2020-11-14,2020-11-17,SUPREMEIND,42,1455.7275,1440.15,13.654974150609632,574595.3049741506,9
SMV2-0046,2020-11-14,2020-11-17,ASTRAL,51,1195.4474249999998,1476.8,13.654974150609632,574595.3049741506,9
SMV2-0046,2020-11-14,2020-11-17,ZEEL,323,194.99745,189.55,13.654974150609632,574595.3049741506,9
SMV2-0046,2020-11-14,2020-11-17,SUNTV,146,430.215,416.25,13.654974150609632,574595.3049741506,9
SMV2-0046,2020-11-14,2020-11-17,TV18BRDCST,2116,29.064525,28.5,13.654974150609632,574595.3049741506,9
SMV2-0047,2020-11-20,2020-11-23,INDHOTEL,572,113.0565,113.2,778.9102698007118,575409.2602698007,9
SMV2-0047,2020-11-20,2020-11-23,EIHOTEL,719,89.89492499999999,86.6,778.9102698007118,575409.2602698007,9
SMV2-0047,2020-11-20,2020-11-23,POLYPLEX,78,789.3945,760.95,778.9102698007118,575409.2602698007,9
SMV2-0047,2020-11-20,2020-11-23,SUPREMEIND,42,1455.7275,1693.45,778.9102698007118,575409.2602698007,9
SMV2-0047,2020-11-20,2020-11-23,ASTRAL,51,1195.4474249999998,1400.4,778.9102698007118,575409.2602698007,9
SMV2-0047,2020-11-20,2020-11-23,THOMASCOOK,1288,50.2251,44.9,778.9102698007118,575409.2602698007,9
SMV2-0047,2020-11-20,2020-11-23,HAVELLS,77,830.415,824.15,778.9102698007118,575409.2602698007,9
SMV2-0047,2020-11-20,2020-11-23,BHEL,2184,29.6148,31.35,778.9102698007118,575409.2602698007,9
SMV2-0047,2020-11-20,2020-11-23,SIEMENS,40,1433.01615,1398.9,778.9102698007118,575409.2602698007,9
SMV2-0048,2020-11-27,2020-12-01,INDHOTEL,572,113.0565,120.1,778.9102698007118,600212.8602698006,9
SMV2-0048,2020-11-27,2020-12-01,EIHOTEL,719,89.89492499999999,91.7,778.9102698007118,600212.8602698006,9
SMV2-0048,2020-11-27,2020-12-01,POLYPLEX,78,789.3945,733.15,778.9102698007118,600212.8602698006,9
SMV2-0048,2020-11-27,2020-12-01,SUPREMEIND,42,1455.7275,1724.75,778.9102698007118,600212.8602698006,9
SMV2-0048,2020-11-27,2020-12-01,ASTRAL,51,1195.4474249999998,1427.95,778.9102698007118,600212.8602698006,9
SMV2-0048,2020-11-27,2020-12-01,THOMASCOOK,1288,50.2251,49.6,778.9102698007118,600212.8602698006,9
SMV2-0048,2020-11-27,2020-12-01,HAVELLS,77,830.415,823.4,778.9102698007118,600212.8602698006,9
SMV2-0048,2020-11-27,2020-12-01,BHEL,2184,29.6148,34.05,778.9102698007118,600212.8602698006,9
SMV2-0048,2020-11-27,2020-12-01,SIEMENS,40,1433.01615,1517.55,778.9102698007118,600212.8602698006,9
SMV2-0049,2020-12-04,2020-12-07,LT,59,1155.3773999999999,1169.7,23.88688985072804,628919.2868898507,9
SMV2-0049,2020-12-04,2020-12-07,ADANIPORTS,149,461.23049999999995,471.5,23.88688985072804,628919.2868898507,9
SMV2-0049,2020-12-04,2020-12-07,NCC,1190,53.0265,57.0,23.88688985072804,628919.2868898507,9
SMV2-0049,2020-12-04,2020-12-07,INDHOTEL,572,113.0565,132.7,23.88688985072804,628919.2868898507,9
SMV2-0049,2020-12-04,2020-12-07,EIHOTEL,719,89.89492499999999,101.55,23.88688985072804,628919.2868898507,9
SMV2-0049,2020-12-04,2020-12-07,POLYPLEX,78,789.3945,790.0,23.88688985072804,628919.2868898507,9
SMV2-0049,2020-12-04,2020-12-07,SUPREMEIND,42,1455.7275,1697.85,23.88688985072804,628919.2868898507,9
SMV2-0049,2020-12-04,2020-12-07,ASTRAL,51,1195.4474249999998,1452.35,23.88688985072804,628919.2868898507,9
SMV2-0049,2020-12-04,2020-12-07,THOMASCOOK,1288,50.2251,51.15,23.88688985072804,628919.2868898507,9
SMV2-0050,2020-12-11,2020-12-14,LT,59,1155.3773999999999,1249.65,282.7046832507622,627970.7046832507,9
SMV2-0050,2020-12-11,2020-12-14,ADANIPORTS,149,461.23049999999995,467.0,282.7046832507622,627970.7046832507,9
SMV2-0050,2020-12-11,2020-12-14,NCC,1190,53.0265,57.7,282.7046832507622,627970.7046832507,9
SMV2-0050,2020-12-11,2020-12-14,INDHOTEL,572,113.0565,128.45,282.7046832507622,627970.7046832507,9
SMV2-0050,2020-12-11,2020-12-14,EIHOTEL,719,89.89492499999999,101.65,282.7046832507622,627970.7046832507,9
SMV2-0050,2020-12-11,2020-12-14,THOMASCOOK,1288,50.2251,50.25,282.7046832507622,627970.7046832507,9
SMV2-0050,2020-12-11,2020-12-14,POLYCAB,66,1045.5225,1037.75,282.7046832507622,627970.7046832507,9
SMV2-0050,2020-12-11,2020-12-14,ABB,59,1180.59,1161.4,282.7046832507622,627970.7046832507,9
SMV2-0050,2020-12-11,2020-12-14,FINCABLES,188,360.18,358.6,282.7046832507622,627970.7046832507,9
SMV2-0051,2020-12-18,2020-12-21,DLF,303,229.1145,214.8,1784.683385600758,595850.3833856008,9
SMV2-0051,2020-12-18,2020-12-21,GODREJPROP,50,1375.8876,1304.0,1784.683385600758,595850.3833856008,9
SMV2-0051,2020-12-18,2020-12-21,NBCC,2291,30.315150000000003,27.65,1784.683385600758,595850.3833856008,9
SMV2-0051,2020-12-18,2020-12-21,POLYCAB,66,1045.5225,997.4,1784.683385600758,595850.3833856008,9
SMV2-0051,2020-12-18,2020-12-21,ABB,59,1180.59,1215.3,1784.683385600758,595850.3833856008,9
SMV2-0051,2020-12-18,2020-12-21,FINCABLES,188,360.18,334.8,1784.683385600758,595850.3833856008,9
SMV2-0051,2020-12-18,2020-12-21,TITAN,45,1514.9570999999999,1471.65,1784.683385600758,595850.3833856008,9
SMV2-0051,2020-12-18,2020-12-21,RAJESHEXPO,140,492.69622499999997,473.85,1784.683385600758,595850.3833856008,9
SMV2-0051,2020-12-18,2020-12-21,VAIBHAVGBL,32,2146.0724999999998,2106.2,1784.683385600758,595850.3833856008,9
SMV2-0052,2020-12-24,2020-12-28,TCS,23,2911.455,2929.4,3734.8208654008195,624110.1208654009,9
SMV2-0052,2020-12-24,2020-12-28,INFY,56,1239.069225,1240.3,3734.8208654008195,624110.1208654009,9
SMV2-0052,2020-12-24,2020-12-28,POLYCAB,66,1045.5225,1050.25,3734.8208654008195,624110.1208654009,9
SMV2-0052,2020-12-24,2020-12-28,ABB,59,1180.59,1217.55,3734.8208654008195,624110.1208654009,9
SMV2-0052,2020-12-24,2020-12-28,FINCABLES,188,360.18,347.55,3734.8208654008195,624110.1208654009,9
SMV2-0052,2020-12-24,2020-12-28,TITAN,45,1514.9570999999999,1543.55,3734.8208654008195,624110.1208654009,9
SMV2-0052,2020-12-24,2020-12-28,RAJESHEXPO,140,492.69622499999997,487.6,3734.8208654008195,624110.1208654009,9
SMV2-0052,2020-12-24,2020-12-28,VAIBHAVGBL,32,2146.0724999999998,2227.05,3734.8208654008195,624110.1208654009,9
SMV2-0052,2020-12-24,2020-12-28,IRCTC,48,1420.7099999999998,1417.95,3734.8208654008195,624110.1208654009,9
SMV2-0053,2021-01-01,2021-01-04,TCS,23,2911.455,3039.45,55.80098230087606,643644.5509823009,9
SMV2-0053,2021-01-01,2021-01-04,INFY,56,1239.069225,1288.25,55.80098230087606,643644.5509823009,9
SMV2-0053,2021-01-01,2021-01-04,VOLTAS,85,834.4169999999999,846.0,55.80098230087606,643644.5509823009,9
SMV2-0053,2021-01-01,2021-01-04,DIXON,5,13716.855,13773.0,55.80098230087606,643644.5509823009,9
SMV2-0053,2021-01-01,2021-01-04,TITAN,45,1514.9570999999999,1550.9,55.80098230087606,643644.5509823009,9
SMV2-0053,2021-01-01,2021-01-04,RAJESHEXPO,140,492.69622499999997,484.0,55.80098230087606,643644.5509823009,9
SMV2-0053,2021-01-01,2021-01-04,VAIBHAVGBL,32,2146.0724999999998,2615.05,55.80098230087606,643644.5509823009,9
SMV2-0053,2021-01-01,2021-01-04,IRCTC,48,1420.7099999999998,1451.05,55.80098230087606,643644.5509823009,9
SMV2-0053,2021-01-01,2021-01-04,CROMPTON,187,380.19,373.7,55.80098230087606,643644.5509823009,9
SMV2-0054,2021-01-08,2021-01-11,TCS,23,2911.455,3176.45,55.80098230087606,666798.8509823009,9
SMV2-0054,2021-01-08,2021-01-11,INFY,56,1239.069225,1376.2,55.80098230087606,666798.8509823009,9
SMV2-0054,2021-01-08,2021-01-11,VOLTAS,85,834.4169999999999,914.3,55.80098230087606,666798.8509823009,9
SMV2-0054,2021-01-08,2021-01-11,DIXON,5,13716.855,14819.15,55.80098230087606,666798.8509823009,9
SMV2-0054,2021-01-08,2021-01-11,TITAN,45,1514.9570999999999,1563.9,55.80098230087606,666798.8509823009,9
SMV2-0054,2021-01-08,2021-01-11,RAJESHEXPO,140,492.69622499999997,484.9,55.80098230087606,666798.8509823009,9
SMV2-0054,2021-01-08,2021-01-11,VAIBHAVGBL,32,2146.0724999999998,2551.85,55.80098230087606,666798.8509823009,9
SMV2-0054,2021-01-08,2021-01-11,IRCTC,48,1420.7099999999998,1460.7,55.80098230087606,666798.8509823009,9
SMV2-0054,2021-01-08,2021-01-11,CROMPTON,187,380.19,399.85,55.80098230087606,666798.8509823009,9
SMV2-0055,2021-01-15,2021-01-18,TCS,23,2911.455,3221.75,439.59771190090396,656705.6977119009,9
SMV2-0055,2021-01-15,2021-01-18,INFY,56,1239.069225,1312.05,439.59771190090396,656705.6977119009,9
SMV2-0055,2021-01-15,2021-01-18,WIPRO,156,441.2204999999999,431.55,439.59771190090396,656705.6977119009,9
SMV2-0055,2021-01-15,2021-01-18,VOLTAS,85,834.4169999999999,890.9,439.59771190090396,656705.6977119009,9
SMV2-0055,2021-01-15,2021-01-18,DIXON,5,13716.855,15315.7,439.59771190090396,656705.6977119009,9
SMV2-0055,2021-01-15,2021-01-18,TITAN,45,1514.9570999999999,1503.55,439.59771190090396,656705.6977119009,9
SMV2-0055,2021-01-15,2021-01-18,RAJESHEXPO,140,492.69622499999997,483.65,439.59771190090396,656705.6977119009,9
SMV2-0055,2021-01-15,2021-01-18,VAIBHAVGBL,32,2146.0724999999998,2584.05,439.59771190090396,656705.6977119009,9
SMV2-0055,2021-01-15,2021-01-18,CROMPTON,187,380.19,379.7,439.59771190090396,656705.6977119009,9
SMV2-0056,2021-01-22,2021-01-25,VOLTAS,85,834.4169999999999,940.65,0.46100045094499364,655586.811000451,9
SMV2-0056,2021-01-22,2021-01-25,DIXON,5,13716.855,13745.95,0.46100045094499364,655586.811000451,9
SMV2-0056,2021-01-22,2021-01-25,TITAN,45,1514.9570999999999,1499.85,0.46100045094499364,655586.811000451,9
SMV2-0056,2021-01-22,2021-01-25,RAJESHEXPO,140,492.69622499999997,478.9,0.46100045094499364,655586.811000451,9
SMV2-0056,2021-01-22,2021-01-25,VAIBHAVGBL,32,2146.0724999999998,2624.4,0.46100045094499364,655586.811000451,9
SMV2-0056,2021-01-22,2021-01-25,CROMPTON,187,380.19,412.25,0.46100045094499364,655586.811000451,9
SMV2-0056,2021-01-22,2021-01-25,ADANIENT,140,530.515125,513.9,0.46100045094499364,655586.811000451,9
SMV2-0056,2021-01-22,2021-01-25,MSTCLTD,321,232.11599999999996,222.75,0.46100045094499364,655586.811000451,9
SMV2-0056,2021-01-22,2021-01-25,MMTC,2522,28.364175,26.9,0.46100045094499364,655586.811000451,9
SMV2-0057,2021-01-29,2021-02-01,VOLTAS,85,834.4169999999999,938.3,8763.733821650982,672832.0338216509,9
SMV2-0057,2021-01-29,2021-02-01,DIXON,5,13716.855,15180.2,8763.733821650982,672832.0338216509,9
SMV2-0057,2021-01-29,2021-02-01,CROMPTON,187,380.19,416.45,8763.733821650982,672832.0338216509,9
SMV2-0057,2021-01-29,2021-02-01,ADANIENT,140,530.515125,537.2,8763.733821650982,672832.0338216509,9
SMV2-0057,2021-01-29,2021-02-01,MSTCLTD,321,232.11599999999996,223.45,8763.733821650982,672832.0338216509,9
SMV2-0057,2021-01-29,2021-02-01,MMTC,2522,28.364175,29.0,8763.733821650982,672832.0338216509,9
SMV2-0057,2021-01-29,2021-02-01,MARUTI,9,7268.8326,7399.8,8763.733821650982,672832.0338216509,9
SMV2-0057,2021-01-29,2021-02-01,EICHERMOT,26,2778.3885,2842.85,8763.733821650982,672832.0338216509,9
SMV2-0057,2021-01-29,2021-02-01,BAJAJ-AUTO,17,4066.0319999999997,4114.7,8763.733821650982,672832.0338216509,9
SMV2-0058,2021-02-05,2021-02-08,VOLTAS,85,834.4169999999999,1040.4,26409.526511650984,752378.826511651,9
SMV2-0058,2021-02-05,2021-02-08,DIXON,5,13716.855,17287.1,26409.526511650984,752378.826511651,9
SMV2-0058,2021-02-05,2021-02-08,CROMPTON,187,380.19,408.2,26409.526511650984,752378.826511651,9
SMV2-0058,2021-02-05,2021-02-08,ADANIENT,140,530.515125,628.3,26409.526511650984,752378.826511651,9
SMV2-0058,2021-02-05,2021-02-08,MSTCLTD,263,232.11599999999996,362.05,26409.526511650984,752378.826511651,9
SMV2-0058,2021-02-05,2021-02-08,MMTC,2522,28.364175,29.4,26409.526511650984,752378.826511651,9
SMV2-0058,2021-02-05,2021-02-08,MARUTI,9,7268.8326,7574.6,26409.526511650984,752378.826511651,9
SMV2-0058,2021-02-05,2021-02-08,EICHERMOT,26,2778.3885,2970.4,26409.526511650984,752378.826511651,9
SMV2-0058,2021-02-05,2021-02-08,BAJAJ-AUTO,17,4066.0319999999997,4237.45,26409.526511650984,752378.826511651,9
SMV2-0059,2021-02-12,2021-02-15,LT,54,1527.7635,1537.65,7223.2700230509945,744253.2200230509,9
SMV2-0059,2021-02-12,2021-02-15,ADANIPORTS,134,618.258975,627.75,7223.2700230509945,744253.2200230509,9
SMV2-0059,2021-02-12,2021-02-15,NCC,967,86.14304999999999,85.05,7223.2700230509945,744253.2200230509,9
SMV2-0059,2021-02-12,2021-02-15,VOLTAS,85,834.4169999999999,1058.0,7223.2700230509945,744253.2200230509,9
SMV2-0059,2021-02-12,2021-02-15,DIXON,5,13716.855,18582.55,7223.2700230509945,744253.2200230509,9
SMV2-0059,2021-02-12,2021-02-15,CROMPTON,187,380.19,394.95,7223.2700230509945,744253.2200230509,9
SMV2-0059,2021-02-12,2021-02-15,ADANIENT,114,530.515125,763.45,7223.2700230509945,744253.2200230509,9
SMV2-0059,2021-02-12,2021-02-15,MSTCLTD,263,232.11599999999996,277.7,7223.2700230509945,744253.2200230509,9
SMV2-0059,2021-02-12,2021-02-15,MMTC,2522,28.364175,28.1,7223.2700230509945,744253.2200230509,9
SMV2-0060,2021-02-19,2021-02-22,LT,54,1527.7635,1452.2,7223.2700230509945,751452.820023051,9
SMV2-0060,2021-02-19,2021-02-22,ADANIPORTS,134,618.258975,673.8,7223.2700230509945,751452.820023051,9
SMV2-0060,2021-02-19,2021-02-22,NCC,967,86.14304999999999,87.7,7223.2700230509945,751452.820023051,9
SMV2-0060,2021-02-19,2021-02-22,VOLTAS,85,834.4169999999999,990.8,7223.2700230509945,751452.820023051,9
SMV2-0060,2021-02-19,2021-02-22,DIXON,5,13716.855,18715.35,7223.2700230509945,751452.820023051,9
SMV2-0060,2021-02-19,2021-02-22,CROMPTON,187,380.19,387.1,7223.2700230509945,751452.820023051,9
SMV2-0060,2021-02-19,2021-02-22,ADANIENT,114,530.515125,805.9,7223.2700230509945,751452.820023051,9
SMV2-0060,2021-02-19,2021-02-22,MSTCLTD,263,232.11599999999996,267.5,7223.2700230509945,751452.820023051,9
SMV2-0060,2021-02-19,2021-02-22,MMTC,2522,28.364175,31.05,7223.2700230509945,751452.820023051,9
SMV2-0061,2021-02-26,2021-03-01,LT,54,1527.7635,1472.85,2140.7186250010272,826741.118625001,9
SMV2-0061,2021-02-26,2021-03-01,ADANIPORTS,134,618.258975,692.9,2140.7186250010272,826741.118625001,9
SMV2-0061,2021-02-26,2021-03-01,NCC,967,86.14304999999999,92.4,2140.7186250010272,826741.118625001,9
SMV2-0061,2021-02-26,2021-03-01,HDFCBANK,56,1564.782,1558.9,2140.7186250010272,826741.118625001,9
SMV2-0061,2021-02-26,2021-03-01,ICICIBANK,145,607.8537749999999,608.35,2140.7186250010272,826741.118625001,9
SMV2-0061,2021-02-26,2021-03-01,ADANIENT,114,530.515125,851.5,2140.7186250010272,826741.118625001,9
SMV2-0061,2021-02-26,2021-03-01,MSTCLTD,263,232.11599999999996,310.5,2140.7186250010272,826741.118625001,9
SMV2-0061,2021-02-26,2021-03-01,MMTC,2522,28.364175,47.8,2140.7186250010272,826741.118625001,9
SMV2-0061,2021-02-26,2021-03-01,SBIN,223,395.29755,394.95,2140.7186250010272,826741.118625001,9
SMV2-0062,2021-03-05,2021-03-08,ADANIENT,114,530.515125,910.2,1216.1637316012057,836814.7637316012,9
SMV2-0062,2021-03-05,2021-03-08,MSTCLTD,263,232.11599999999996,343.1,1216.1637316012057,836814.7637316012,9
SMV2-0062,2021-03-05,2021-03-08,MMTC,1965,28.364175,45.25,1216.1637316012057,836814.7637316012,9
SMV2-0062,2021-03-05,2021-03-08,ITC,445,209.80485,208.0,1216.1637316012057,836814.7637316012,9
SMV2-0062,2021-03-05,2021-03-08,GRASIM,69,1340.619975,1344.25,1216.1637316012057,836814.7637316012,9
SMV2-0062,2021-03-05,2021-03-08,SRF,16,5661.8295,5663.25,1216.1637316012057,836814.7637316012,9
SMV2-0062,2021-03-05,2021-03-08,DMART,28,3310.6544999999996,3191.15,1216.1637316012057,836814.7637316012,9
SMV2-0062,2021-03-05,2021-03-08,ABFRL,428,218.10899999999998,220.85,1216.1637316012057,836814.7637316012,9
SMV2-0062,2021-03-05,2021-03-08,TRENT,105,886.443,884.6,1216.1637316012057,836814.7637316012,9
SMV2-0063,2021-03-12,2021-03-15,ADANIENT,114,530.515125,896.2,15.585650301232818,825290.9856503012,9
SMV2-0063,2021-03-12,2021-03-15,MSTCLTD,263,232.11599999999996,319.2,15.585650301232818,825290.9856503012,9
SMV2-0063,2021-03-12,2021-03-15,MMTC,1965,28.364175,45.9,15.585650301232818,825290.9856503012,9
SMV2-0063,2021-03-12,2021-03-15,ITC,445,209.80485,205.45,15.585650301232818,825290.9856503012,9
SMV2-0063,2021-03-12,2021-03-15,GRASIM,69,1340.619975,1384.1,15.585650301232818,825290.9856503012,9
SMV2-0063,2021-03-12,2021-03-15,SRF,16,5661.8295,5534.65,15.585650301232818,825290.9856503012,9
SMV2-0063,2021-03-12,2021-03-15,JKPAPER,599,152.97645,157.65,15.585650301232818,825290.9856503012,9
SMV2-0063,2021-03-12,2021-03-15,WSTCSTPAPR,367,249.92490000000004,236.4,15.585650301232818,825290.9856503012,9
SMV2-0063,2021-03-12,2021-03-15,ORIENTPPR,3244,27.913949999999996,28.45,15.585650301232818,825290.9856503012,9
SMV2-0064,2021-03-19,2021-03-22,SUPREMEIND,45,1990.995,1996.15,12188.970447801286,831349.3204478013,9
SMV2-0064,2021-03-19,2021-03-22,ASTRAL,53,1672.836,1705.45,12188.970447801286,831349.3204478013,9
SMV2-0064,2021-03-19,2021-03-22,ADANIENT,114,530.515125,991.05,12188.970447801286,831349.3204478013,9
SMV2-0064,2021-03-19,2021-03-22,MSTCLTD,263,232.11599999999996,313.15,12188.970447801286,831349.3204478013,9
SMV2-0064,2021-03-19,2021-03-22,MMTC,1965,28.364175,42.8,12188.970447801286,831349.3204478013,9
SMV2-0064,2021-03-19,2021-03-22,JKPAPER,599,152.97645,147.25,12188.970447801286,831349.3204478013,9
SMV2-0064,2021-03-19,2021-03-22,WSTCSTPAPR,367,249.92490000000004,248.55,12188.970447801286,831349.3204478013,9
SMV2-0064,2021-03-19,2021-03-22,ORIENTPPR,3244,27.913949999999996,27.45,12188.970447801286,831349.3204478013,9
SMV2-0064,2021-03-19,2021-03-22,EPL,426,211.10549999999998,213.7,12188.970447801286,831349.3204478013,9
SMV2-0065,2021-03-26,2021-03-30,SUPREMEIND,45,1990.995,2027.25,17930.92758230139,827509.7775823014,9
SMV2-0065,2021-03-26,2021-03-30,ASTRAL,53,1672.836,1591.65,17930.92758230139,827509.7775823014,9
SMV2-0065,2021-03-26,2021-03-30,ITC,435,213.35662499999998,214.55,17930.92758230139,827509.7775823014,9
SMV2-0065,2021-03-26,2021-03-30,GRASIM,65,1417.3083,1422.6,17930.92758230139,827509.7775823014,9
SMV2-0065,2021-03-26,2021-03-30,SRF,17,5302.65,5402.25,17930.92758230139,827509.7775823014,9
SMV2-0065,2021-03-26,2021-03-30,JKPAPER,599,152.97645,148.65,17930.92758230139,827509.7775823014,9
SMV2-0065,2021-03-26,2021-03-30,WSTCSTPAPR,367,249.92490000000004,240.0,17930.92758230139,827509.7775823014,9
SMV2-0065,2021-03-26,2021-03-30,ORIENTPPR,3244,27.913949999999996,24.95,17930.92758230139,827509.7775823014,9
SMV2-0065,2021-03-26,2021-03-30,EPL,426,211.10549999999998,230.75,17930.92758230139,827509.7775823014,9
SMV2-0066,2021-04-01,2021-04-05,TCS,29,3172.5854999999997,3238.9,2980.7542422014812,843075.1542422015,9
SMV2-0066,2021-04-01,2021-04-05,INFY,67,1391.6954999999998,1409.9,2980.7542422014812,843075.1542422015,9
SMV2-0066,2021-04-01,2021-04-05,HCLTECH,93,1007.5034999999999,1033.5,2980.7542422014812,843075.1542422015,9
SMV2-0066,2021-04-01,2021-04-05,SUPREMEIND,45,1990.995,2009.05,2980.7542422014812,843075.1542422015,9
SMV2-0066,2021-04-01,2021-04-05,ASTRAL,53,1672.836,1636.6,2980.7542422014812,843075.1542422015,9
SMV2-0066,2021-04-01,2021-04-05,ITC,435,213.35662499999998,212.55,2980.7542422014812,843075.1542422015,9
SMV2-0066,2021-04-01,2021-04-05,GRASIM,65,1417.3083,1446.5,2980.7542422014812,843075.1542422015,9
SMV2-0066,2021-04-01,2021-04-05,SRF,17,5302.65,5652.2,2980.7542422014812,843075.1542422015,9
SMV2-0066,2021-04-01,2021-04-05,EPL,426,211.10549999999998,225.05,2980.7542422014812,843075.1542422015,9
SMV2-0067,2021-04-09,2021-04-12,TCS,29,3172.5854999999997,3246.55,462.052129851465,818956.2521298514,9
SMV2-0067,2021-04-09,2021-04-12,INFY,67,1391.6954999999998,1425.75,462.052129851465,818956.2521298514,9
SMV2-0067,2021-04-09,2021-04-12,HCLTECH,93,1007.5034999999999,1009.4,462.052129851465,818956.2521298514,9
SMV2-0067,2021-04-09,2021-04-12,TATASTEEL,107,876.9882749999998,851.55,462.052129851465,818956.2521298514,9
SMV2-0067,2021-04-09,2021-04-12,TITAN,60,1571.7855000000002,1510.45,462.052129851465,818956.2521298514,9
SMV2-0067,2021-04-09,2021-04-12,RAJESHEXPO,171,510.15494999999993,494.25,462.052129851465,818956.2521298514,9
SMV2-0067,2021-04-09,2021-04-12,VAIBHAVGBL,21,4422.21,4225.9,462.052129851465,818956.2521298514,9
SMV2-0067,2021-04-09,2021-04-12,JSWSTEEL,154,609.3045,604.15,462.052129851465,818956.2521298514,9
SMV2-0067,2021-04-09,2021-04-12,SAIL,1026,91.94595,84.7,462.052129851465,818956.2521298514,9
SMV2-0068,2021-04-16,2021-04-19,SUNPHARMA,139,644.322,640.65,2972.779446951492,818674.0294469515,9
SMV2-0068,2021-04-16,2021-04-19,CIPLA,95,945.7226249999999,946.3,2972.779446951492,818674.0294469515,9
SMV2-0068,2021-04-16,2021-04-19,TCS,29,3172.5854999999997,3161.8,2972.779446951492,818674.0294469515,9
SMV2-0068,2021-04-16,2021-04-19,INFY,67,1391.6954999999998,1362.55,2972.779446951492,818674.0294469515,9
SMV2-0068,2021-04-16,2021-04-19,HCLTECH,93,1007.5034999999999,994.6,2972.779446951492,818674.0294469515,9
SMV2-0068,2021-04-16,2021-04-19,TATASTEEL,107,876.9882749999998,888.05,2972.779446951492,818674.0294469515,9
SMV2-0068,2021-04-16,2021-04-19,DIVISLAB,21,3813.906,3807.1,2972.779446951492,818674.0294469515,9
SMV2-0068,2021-04-16,2021-04-19,JSWSTEEL,154,609.3045,615.8,2972.779446951492,818674.0294469515,9
SMV2-0068,2021-04-16,2021-04-19,SAIL,1026,91.94595,89.15,2972.779446951492,818674.0294469515,9
SMV2-0069,2021-04-23,2021-04-26,SUNPHARMA,139,644.322,634.7,2972.779446951492,827766.3294469515,9
SMV2-0069,2021-04-23,2021-04-26,CIPLA,95,945.7226249999999,905.4,2972.779446951492,827766.3294469515,9
SMV2-0069,2021-04-23,2021-04-26,TCS,29,3172.5854999999997,3100.8,2972.779446951492,827766.3294469515,9
SMV2-0069,2021-04-23,2021-04-26,INFY,67,1391.6954999999998,1343.55,2972.779446951492,827766.3294469515,9
SMV2-0069,2021-04-23,2021-04-26,HCLTECH,93,1007.5034999999999,928.8,2972.779446951492,827766.3294469515,9
SMV2-0069,2021-04-23,2021-04-26,TATASTEEL,107,876.9882749999998,940.75,2972.779446951492,827766.3294469515,9
SMV2-0069,2021-04-23,2021-04-26,DIVISLAB,21,3813.906,3784.35,2972.779446951492,827766.3294469515,9
SMV2-0069,2021-04-23,2021-04-26,JSWSTEEL,154,609.3045,655.8,2972.779446951492,827766.3294469515,9
SMV2-0069,2021-04-23,2021-04-26,SAIL,1026,91.94595,100.5,2972.779446951492,827766.3294469515,9
SMV2-0070,2021-04-30,2021-05-03,SUNPHARMA,139,644.322,659.2,1055.8980913015403,884479.2480913015,9
SMV2-0070,2021-04-30,2021-05-03,CIPLA,95,945.7226249999999,910.2,1055.8980913015403,884479.2480913015,9
SMV2-0070,2021-04-30,2021-05-03,ASIANPAINT,38,2511.2549999999997,2582.15,1055.8980913015403,884479.2480913015,9
SMV2-0070,2021-04-30,2021-05-03,UPL,159,605.80275,617.8,1055.8980913015403,884479.2480913015,9
SMV2-0070,2021-04-30,2021-05-03,TATASTEEL,107,876.9882749999998,1064.75,1055.8980913015403,884479.2480913015,9
SMV2-0070,2021-04-30,2021-05-03,DIVISLAB,21,3813.906,4074.0,1055.8980913015403,884479.2480913015,9
SMV2-0070,2021-04-30,2021-05-03,JSWSTEEL,154,609.3045,723.25,1055.8980913015403,884479.2480913015,9
SMV2-0070,2021-04-30,2021-05-03,SAIL,809,91.94595,127.75,1055.8980913015403,884479.2480913015,9
SMV2-0070,2021-04-30,2021-05-03,TATACHEM,121,792.396,783.15,1055.8980913015403,884479.2480913015,9
SMV2-0071,2021-05-07,2021-05-10,SUNPHARMA,139,644.322,698.2,30234.940311151542,923265.9903111516,9
SMV2-0071,2021-05-07,2021-05-10,CIPLA,95,945.7226249999999,900.25,30234.940311151542,923265.9903111516,9
SMV2-0071,2021-05-07,2021-05-10,ASIANPAINT,38,2511.2549999999997,2556.95,30234.940311151542,923265.9903111516,9
SMV2-0071,2021-05-07,2021-05-10,UPL,159,605.80275,674.6,30234.940311151542,923265.9903111516,9
SMV2-0071,2021-05-07,2021-05-10,TATASTEEL,84,876.9882749999998,1216.35,30234.940311151542,923265.9903111516,9
SMV2-0071,2021-05-07,2021-05-10,DIVISLAB,21,3813.906,4139.3,30234.940311151542,923265.9903111516,9
SMV2-0071,2021-05-07,2021-05-10,JSWSTEEL,154,609.3045,758.65,30234.940311151542,923265.9903111516,9
SMV2-0071,2021-05-07,2021-05-10,SAIL,676,91.94595,146.3,30234.940311151542,923265.9903111516,9
SMV2-0071,2021-05-07,2021-05-10,TATACHEM,148,772.8659695945946,683.8,30234.940311151542,923265.9903111516,9
SMV2-0072,2021-05-14,2021-05-17,SUNPHARMA,139,644.322,687.15,31577.854666151557,920048.6546661516,9
SMV2-0072,2021-05-14,2021-05-17,CIPLA,95,945.7226249999999,881.2,31577.854666151557,920048.6546661516,9
SMV2-0072,2021-05-14,2021-05-17,ASIANPAINT,38,2511.2549999999997,2782.75,31577.854666151557,920048.6546661516,9
SMV2-0072,2021-05-14,2021-05-17,UPL,134,605.80275,770.75,31577.854666151557,920048.6546661516,9
SMV2-0072,2021-05-14,2021-05-17,TATASTEEL,84,876.9882749999998,1150.85,31577.854666151557,920048.6546661516,9
SMV2-0072,2021-05-14,2021-05-17,JSWSTEEL,154,609.3045,714.4,31577.854666151557,920048.6546661516,9
SMV2-0072,2021-05-14,2021-05-17,SAIL,676,91.94595,130.55,31577.854666151557,920048.6546661516,9
SMV2-0072,2021-05-14,2021-05-17,TATACHEM,148,772.8659695945946,704.05,31577.854666151557,920048.6546661516,9
SMV2-0072,2021-05-14,2021-05-17,LUPIN,85,1194.597,1189.15,31577.854666151557,920048.6546661516,9
SMV2-0073,2021-05-21,2021-05-24,VENKEYS,44,2290.094475,2245.45,1202.296213351583,916012.3962133515,9
SMV2-0073,2021-05-21,2021-05-24,ASIANPAINT,38,2511.2549999999997,2819.2,1202.296213351583,916012.3962133515,9
SMV2-0073,2021-05-21,2021-05-24,UPL,134,605.80275,789.35,1202.296213351583,916012.3962133515,9
SMV2-0073,2021-05-21,2021-05-24,TATACONSUM,156,650.3249999999999,640.1,1202.296213351583,916012.3962133515,9
SMV2-0073,2021-05-21,2021-05-24,SUPREMEIND,42,2184.0915,2185.35,1202.296213351583,916012.3962133515,9
SMV2-0073,2021-05-21,2021-05-24,ASTRAL,58,1755.4773,1790.75,1202.296213351583,916012.3962133515,9
SMV2-0073,2021-05-21,2021-05-24,TATACHEM,148,772.8659695945946,707.25,1202.296213351583,916012.3962133515,9
SMV2-0073,2021-05-21,2021-05-24,KSCL,130,780.1899,765.0,1202.296213351583,916012.3962133515,9
SMV2-0073,2021-05-21,2021-05-24,PRINCEPIPE,140,724.1619,739.15,1202.296213351583,916012.3962133515,9
SMV2-0074,2021-05-28,2021-05-31,VENKEYS,44,2290.094475,2363.75,15033.702134351654,934781.7521343518,9
SMV2-0074,2021-05-28,2021-05-31,INDHOTEL,774,133.6668,139.3,15033.702134351654,934781.7521343518,9
SMV2-0074,2021-05-28,2021-05-31,TATACONSUM,156,650.3249999999999,663.85,15033.702134351654,934781.7521343518,9
SMV2-0074,2021-05-28,2021-05-31,SUPREMEIND,42,2184.0915,2268.95,15033.702134351654,934781.7521343518,9
SMV2-0074,2021-05-28,2021-05-31,ASTRAL,58,1755.4773,1875.2,15033.702134351654,934781.7521343518,9
SMV2-0074,2021-05-28,2021-05-31,KSCL,130,780.1899,719.15,15033.702134351654,934781.7521343518,9
SMV2-0074,2021-05-28,2021-05-31,PRINCEPIPE,140,724.1619,725.05,15033.702134351654,934781.7521343518,9
SMV2-0074,2021-05-28,2021-05-31,MHRIL,393,263.13149999999996,260.45,15033.702134351654,934781.7521343518,9
SMV2-0074,2021-05-28,2021-05-31,LEMONTREE,2463,42.021,41.8,15033.702134351654,934781.7521343518,9
SMV2-0075,2021-06-04,2021-06-07,VENKEYS,44,2290.094475,2710.55,15033.702134351654,956454.2521343518,9
SMV2-0075,2021-06-04,2021-06-07,INDHOTEL,774,133.6668,135.95,15033.702134351654,956454.2521343518,9
SMV2-0075,2021-06-04,2021-06-07,TATACONSUM,156,650.3249999999999,699.95,15033.702134351654,956454.2521343518,9
SMV2-0075,2021-06-04,2021-06-07,SUPREMEIND,42,2184.0915,2229.55,15033.702134351654,956454.2521343518,9
SMV2-0075,2021-06-04,2021-06-07,ASTRAL,58,1755.4773,1904.5,15033.702134351654,956454.2521343518,9
SMV2-0075,2021-06-04,2021-06-07,KSCL,130,780.1899,707.85,15033.702134351654,956454.2521343518,9
SMV2-0075,2021-06-04,2021-06-07,PRINCEPIPE,140,724.1619,701.15,15033.702134351654,956454.2521343518,9
SMV2-0075,2021-06-04,2021-06-07,MHRIL,393,263.13149999999996,258.3,15033.702134351654,956454.2521343518,9
SMV2-0075,2021-06-04,2021-06-07,LEMONTREE,2463,42.021,45.45,15033.702134351654,956454.2521343518,9
SMV2-0076,2021-06-11,2021-06-14,INDHOTEL,774,133.6668,134.05,4473.103720751795,941997.2037207519,9
SMV2-0076,2021-06-11,2021-06-14,ZEEL,479,220.61024999999998,218.2,4473.103720751795,941997.2037207519,9
SMV2-0076,2021-06-11,2021-06-14,SUNTV,203,520.26,514.7,4473.103720751795,941997.2037207519,9
SMV2-0076,2021-06-11,2021-06-14,TV18BRDCST,2306,45.8229,45.7,4473.103720751795,941997.2037207519,9
SMV2-0076,2021-06-11,2021-06-14,ADANIENT,73,1442.170725,1501.45,4473.103720751795,941997.2037207519,9
SMV2-0076,2021-06-11,2021-06-14,MMTC,1788,59.079525,58.2,4473.103720751795,941997.2037207519,9
SMV2-0076,2021-06-11,2021-06-14,MHRIL,393,263.13149999999996,257.1,4473.103720751795,941997.2037207519,9
SMV2-0076,2021-06-11,2021-06-14,LEMONTREE,2463,42.021,41.65,4473.103720751795,941997.2037207519,9
SMV2-0076,2021-06-11,2021-06-14,REDINGTON,377,279.989925,270.8,4473.103720751795,941997.2037207519,9
SMV2-0077,2021-06-18,2021-06-21,PAGEIND,3,29614.8,29682.85,14004.813897501837,932921.1638975018,9
SMV2-0077,2021-06-18,2021-06-21,ALOKINDS,3805,26.913449999999997,27.35,14004.813897501837,932921.1638975018,9
SMV2-0077,2021-06-18,2021-06-21,MCDOWELL-N,155,657.3285,671.15,14004.813897501837,932921.1638975018,9
SMV2-0077,2021-06-18,2021-06-21,UBL,74,1371.835575,1419.55,14004.813897501837,932921.1638975018,9
SMV2-0077,2021-06-18,2021-06-21,RADICO,132,770.385,771.5,14004.813897501837,932921.1638975018,9
SMV2-0077,2021-06-18,2021-06-21,ADANIENT,73,1442.170725,1540.0,14004.813897501837,932921.1638975018,9
SMV2-0077,2021-06-18,2021-06-21,MMTC,1788,59.079525,55.85,14004.813897501837,932921.1638975018,9
SMV2-0077,2021-06-18,2021-06-21,REDINGTON,377,279.989925,267.9,14004.813897501837,932921.1638975018,9
SMV2-0077,2021-06-18,2021-06-21,LUXIND,30,3389.694,3387.0,14004.813897501837,932921.1638975018,9
SMV2-0078,2021-06-25,2021-06-28,MCDOWELL-N,155,657.3285,670.8,4424.515632401904,930324.165632402,9
SMV2-0078,2021-06-25,2021-06-28,UBL,74,1371.835575,1429.75,4424.515632401904,930324.165632402,9
SMV2-0078,2021-06-25,2021-06-28,RADICO,132,770.385,777.55,4424.515632401904,930324.165632402,9
SMV2-0078,2021-06-25,2021-06-28,POLYCAB,52,1975.7373750000002,1948.55,4424.515632401904,930324.165632402,9
SMV2-0078,2021-06-25,2021-06-28,ABB,56,1839.9695249999997,1809.8,4424.515632401904,930324.165632402,9
SMV2-0078,2021-06-25,2021-06-28,FINCABLES,199,516.95835,524.5,4424.515632401904,930324.165632402,9
SMV2-0078,2021-06-25,2021-06-28,BATAINDIA,63,1630.764975,1625.6,4424.515632401904,930324.165632402,9
SMV2-0078,2021-06-25,2021-06-28,RELAXO,86,1187.09325,1171.9,4424.515632401904,930324.165632402,9
SMV2-0078,2021-06-25,2021-06-28,KHADIM,339,304.202025,304.55,4424.515632401904,930324.165632402,9
SMV2-0079,2021-07-02,2021-07-05,MCDOWELL-N,155,657.3285,660.85,4424.515632401904,931491.065632402,9
SMV2-0079,2021-07-02,2021-07-05,UBL,74,1371.835575,1448.45,4424.515632401904,931491.065632402,9
SMV2-0079,2021-07-02,2021-07-05,RADICO,132,770.385,759.1,4424.515632401904,931491.065632402,9
SMV2-0079,2021-07-02,2021-07-05,POLYCAB,52,1975.7373750000002,1980.35,4424.515632401904,931491.065632402,9
SMV2-0079,2021-07-02,2021-07-05,ABB,56,1839.9695249999997,1773.75,4424.515632401904,931491.065632402,9
SMV2-0079,2021-07-02,2021-07-05,FINCABLES,199,516.95835,511.3,4424.515632401904,931491.065632402,9
SMV2-0079,2021-07-02,2021-07-05,BATAINDIA,63,1630.764975,1579.25,4424.515632401904,931491.065632402,9
SMV2-0079,2021-07-02,2021-07-05,RELAXO,86,1187.09325,1194.5,4424.515632401904,931491.065632402,9
SMV2-0079,2021-07-02,2021-07-05,KHADIM,339,304.202025,327.35,4424.515632401904,931491.065632402,9
SMV2-0080,2021-07-09,2021-07-12,AVANTIFEED,152,651.02535,642.6,293.9270175019192,912344.0270175019,9
SMV2-0080,2021-07-09,2021-07-12,VENKEYS,29,3400.6994999999997,3466.85,293.9270175019192,912344.0270175019,9
SMV2-0080,2021-07-09,2021-07-12,TATACONSUM,131,771.3855,775.9,293.9270175019192,912344.0270175019,9
SMV2-0080,2021-07-09,2021-07-12,MCDOWELL-N,155,657.3285,660.25,293.9270175019192,912344.0270175019,9
SMV2-0080,2021-07-09,2021-07-12,UBL,74,1371.835575,1437.05,293.9270175019192,912344.0270175019,9
SMV2-0080,2021-07-09,2021-07-12,RADICO,132,770.385,780.7,293.9270175019192,912344.0270175019,9
SMV2-0080,2021-07-09,2021-07-12,JKPAPER,448,227.21354999999997,222.75,293.9270175019192,912344.0270175019,9
SMV2-0080,2021-07-09,2021-07-12,WSTCSTPAPR,381,267.13349999999997,267.25,293.9270175019192,912344.0270175019,9
SMV2-0080,2021-07-09,2021-07-12,ORIENTPPR,3225,31.565775,30.65,293.9270175019192,912344.0270175019,9
SMV2-0081,2021-07-16,2021-07-19,TCS,31,3181.5899999999997,3184.6,3058.554764902001,920625.554764902,9
SMV2-0081,2021-07-16,2021-07-19,INFY,64,1545.47235,1541.7,3058.554764902001,920625.554764902,9
SMV2-0081,2021-07-16,2021-07-19,PAGEIND,3,32984.2839,32894.85,3058.554764902001,920625.554764902,9
SMV2-0081,2021-07-16,2021-07-19,RAYMOND,214,465.23249999999996,469.1,3058.554764902001,920625.554764902,9
SMV2-0081,2021-07-16,2021-07-19,DLF,306,326.06294999999994,331.25,3058.554764902001,920625.554764902,9
SMV2-0081,2021-07-16,2021-07-19,GODREJPROP,63,1565.7825,1568.95,3058.554764902001,920625.554764902,9
SMV2-0081,2021-07-16,2021-07-19,HAPPSTMNDS,68,1460.73,1526.1,3058.554764902001,920625.554764902,9
SMV2-0081,2021-07-16,2021-07-19,IBREALEST,700,142.4712,159.3,3058.554764902001,920625.554764902,9
SMV2-0081,2021-07-16,2021-07-19,BOMDYEING,994,100.4502,106.25,3058.554764902001,920625.554764902,9
SMV2-0082,2021-07-23,2021-07-26,TCS,31,3181.5899999999997,3197.55,3058.554764902001,903135.204764902,9
SMV2-0082,2021-07-23,2021-07-26,INFY,64,1545.47235,1603.9,3058.554764902001,903135.204764902,9
SMV2-0082,2021-07-23,2021-07-26,PAGEIND,3,32984.2839,32938.0,3058.554764902001,903135.204764902,9
SMV2-0082,2021-07-23,2021-07-26,RAYMOND,214,465.23249999999996,448.15,3058.554764902001,903135.204764902,9
SMV2-0082,2021-07-23,2021-07-26,DLF,306,326.06294999999994,333.95,3058.554764902001,903135.204764902,9
SMV2-0082,2021-07-23,2021-07-26,GODREJPROP,63,1565.7825,1541.1,3058.554764902001,903135.204764902,9
SMV2-0082,2021-07-23,2021-07-26,HAPPSTMNDS,68,1460.73,1350.25,3058.554764902001,903135.204764902,9
SMV2-0082,2021-07-23,2021-07-26,IBREALEST,700,142.4712,160.35,3058.554764902001,903135.204764902,9
SMV2-0082,2021-07-23,2021-07-26,BOMDYEING,994,100.4502,100.85,3058.554764902001,903135.204764902,9
SMV2-0083,2021-07-30,2021-08-02,TCS,31,3181.5899999999997,3219.4,3058.554764902001,925297.404764902,9
SMV2-0083,2021-07-30,2021-08-02,INFY,64,1545.47235,1631.55,3058.554764902001,925297.404764902,9
SMV2-0083,2021-07-30,2021-08-02,PAGEIND,3,32984.2839,32465.45,3058.554764902001,925297.404764902,9
SMV2-0083,2021-07-30,2021-08-02,RAYMOND,214,465.23249999999996,447.4,3058.554764902001,925297.404764902,9
SMV2-0083,2021-07-30,2021-08-02,DLF,306,326.06294999999994,351.85,3058.554764902001,925297.404764902,9
SMV2-0083,2021-07-30,2021-08-02,GODREJPROP,63,1565.7825,1657.7,3058.554764902001,925297.404764902,9
SMV2-0083,2021-07-30,2021-08-02,HAPPSTMNDS,68,1460.73,1370.1,3058.554764902001,925297.404764902,9
SMV2-0083,2021-07-30,2021-08-02,IBREALEST,700,142.4712,157.6,3058.554764902001,925297.404764902,9
SMV2-0083,2021-07-30,2021-08-02,BOMDYEING,994,100.4502,109.95,3058.554764902001,925297.404764902,9
SMV2-0084,2021-08-06,2021-08-09,TCS,31,3181.5899999999997,3322.7,3405.9091317020357,892184.609131702,9
SMV2-0084,2021-08-06,2021-08-09,INFY,64,1545.47235,1663.3,3405.9091317020357,892184.609131702,9
SMV2-0084,2021-08-06,2021-08-09,TATASTEEL,70,1434.7169999999999,1412.2,3405.9091317020357,892184.609131702,9
SMV2-0084,2021-08-06,2021-08-09,PAGEIND,3,32984.2839,32470.7,3405.9091317020357,892184.609131702,9
SMV2-0084,2021-08-06,2021-08-09,RAYMOND,214,465.23249999999996,426.35,3405.9091317020357,892184.609131702,9
SMV2-0084,2021-08-06,2021-08-09,WIPRO,168,600.3,596.8,3405.9091317020357,892184.609131702,9
SMV2-0084,2021-08-06,2021-08-09,JSWSTEEL,132,762.230925,747.35,3405.9091317020357,892184.609131702,9
SMV2-0084,2021-08-06,2021-08-09,SAIL,711,142.071,134.1,3405.9091317020357,892184.609131702,9
SMV2-0084,2021-08-06,2021-08-09,BOMDYEING,994,100.4502,98.15,3405.9091317020357,892184.609131702,9
SMV2-0085,2021-08-13,2021-08-16,TATASTEEL,70,1434.7169999999999,1519.4,26214.61572980201,896121.215729802,9
SMV2-0085,2021-08-13,2021-08-16,PAGEIND,3,32984.2839,30306.5,26214.61572980201,896121.215729802,9
SMV2-0085,2021-08-13,2021-08-16,RAYMOND,214,465.23249999999996,414.2,26214.61572980201,896121.215729802,9
SMV2-0085,2021-08-13,2021-08-16,DMART,27,3595.797,3633.5,26214.61572980201,896121.215729802,9
SMV2-0085,2021-08-13,2021-08-16,ABFRL,482,206.653275,206.45,26214.61572980201,896121.215729802,9
SMV2-0085,2021-08-13,2021-08-16,TRENT,112,885.392475,874.7,26214.61572980201,896121.215729802,9
SMV2-0085,2021-08-13,2021-08-16,JSWSTEEL,132,762.230925,761.65,26214.61572980201,896121.215729802,9
SMV2-0085,2021-08-13,2021-08-16,SAIL,711,142.071,134.5,26214.61572980201,896121.215729802,9
SMV2-0085,2021-08-13,2021-08-16,BOMDYEING,994,100.4502,92.8,26214.61572980201,896121.215729802,9
SMV2-0086,2021-08-20,2021-08-23,TITAN,50,1889.9444999999998,1870.35,105.45015810217592,857741.9001581022,9
SMV2-0086,2021-08-20,2021-08-23,RAJESHEXPO,155,619.3095,609.4,105.45015810217592,857741.9001581022,9
SMV2-0086,2021-08-20,2021-08-23,DMART,27,3595.797,3673.75,105.45015810217592,857741.9001581022,9
SMV2-0086,2021-08-20,2021-08-23,ABFRL,482,206.653275,194.0,105.45015810217592,857741.9001581022,9
SMV2-0086,2021-08-20,2021-08-23,TRENT,112,885.392475,884.2,105.45015810217592,857741.9001581022,9
SMV2-0086,2021-08-20,2021-08-23,KALYANKJIL,1552,62.081025,62.05,105.45015810217592,857741.9001581022,9
SMV2-0086,2021-08-20,2021-08-23,RELIANCE,44,2175.087,2162.35,105.45015810217592,857741.9001581022,9
SMV2-0086,2021-08-20,2021-08-23,BPCL,209,458.92934999999994,451.7,105.45015810217592,857741.9001581022,9
SMV2-0086,2021-08-20,2021-08-23,ONGC,824,110.40517499999997,111.75,105.45015810217592,857741.9001581022,9
SMV2-0087,2021-08-27,2021-08-30,HDFCLIFE,138,709.3544999999999,712.35,2513.7496348522836,885436.3496348523,9
SMV2-0087,2021-08-27,2021-08-30,SBILIFE,82,1190.09475,1180.7,2513.7496348522836,885436.3496348523,9
SMV2-0087,2021-08-27,2021-08-30,RELIANCE,44,2175.087,2270.25,2513.7496348522836,885436.3496348523,9
SMV2-0087,2021-08-27,2021-08-30,BPCL,209,458.92934999999994,472.55,2513.7496348522836,885436.3496348523,9
SMV2-0087,2021-08-27,2021-08-30,ONGC,824,110.40517499999997,120.15,2513.7496348522836,885436.3496348523,9
SMV2-0087,2021-08-27,2021-08-30,GAIL,684,143.421675,146.0,2513.7496348522836,885436.3496348523,9
SMV2-0087,2021-08-27,2021-08-30,MGL,85,1143.5715,1136.85,2513.7496348522836,885436.3496348523,9
SMV2-0087,2021-08-27,2021-08-30,CONFIPET,1294,75.887925,73.7,2513.7496348522836,885436.3496348523,9
SMV2-0087,2021-08-27,2021-08-30,ICICIGI,62,1569.7845,1585.15,2513.7496348522836,885436.3496348523,9
SMV2-0088,2021-09-03,2021-09-06,HDFCLIFE,138,709.3544999999999,736.05,1567.4699139523727,899351.9199139524,9
SMV2-0088,2021-09-03,2021-09-06,SBILIFE,82,1190.09475,1244.65,1567.4699139523727,899351.9199139524,9
SMV2-0088,2021-09-03,2021-09-06,RELIANCE,44,2175.087,2425.6,1567.4699139523727,899351.9199139524,9
SMV2-0088,2021-09-03,2021-09-06,BPCL,209,458.92934999999994,490.8,1567.4699139523727,899351.9199139524,9
SMV2-0088,2021-09-03,2021-09-06,ONGC,824,110.40517499999997,121.65,1567.4699139523727,899351.9199139524,9
SMV2-0088,2021-09-03,2021-09-06,ICICIGI,62,1569.7845,1563.35,1567.4699139523727,899351.9199139524,9
SMV2-0088,2021-09-03,2021-09-06,HAL,71,1410.705,1361.15,1567.4699139523727,899351.9199139524,9
SMV2-0088,2021-09-03,2021-09-06,BEL,504,201.35062499999998,195.45,1567.4699139523727,899351.9199139524,9
SMV2-0088,2021-09-03,2021-09-06,INDIGO,47,1985.4922499999998,1968.7,1567.4699139523727,899351.9199139524,9
SMV2-0089,2021-09-09,2021-09-13,TITAN,48,2038.0185,2030.65,2475.7295612524176,905260.0795612525,9
SMV2-0089,2021-09-09,2021-09-13,RAJESHEXPO,162,612.756225,606.7,2475.7295612524176,905260.0795612525,9
SMV2-0089,2021-09-09,2021-09-13,RELIANCE,44,2175.087,2371.55,2475.7295612524176,905260.0795612525,9
SMV2-0089,2021-09-09,2021-09-13,BPCL,209,458.92934999999994,498.1,2475.7295612524176,905260.0795612525,9
SMV2-0089,2021-09-09,2021-09-13,ONGC,824,110.40517499999997,123.05,2475.7295612524176,905260.0795612525,9
SMV2-0089,2021-09-09,2021-09-13,HAL,71,1410.705,1405.25,2475.7295612524176,905260.0795612525,9
SMV2-0089,2021-09-09,2021-09-13,BEL,504,201.35062499999998,196.5,2475.7295612524176,905260.0795612525,9
SMV2-0089,2021-09-09,2021-09-13,INDIGO,47,1985.4922499999998,1897.7,2475.7295612524176,905260.0795612525,9
SMV2-0089,2021-09-09,2021-09-13,GOLDIAM,107,931.4654999999999,1020.4,2475.7295612524176,905260.0795612525,9
SMV2-0090,2021-09-17,2021-09-20,INDHOTEL,665,149.2746,161.05,114.9050123024499,881382.5550123025,9
SMV2-0090,2021-09-17,2021-09-20,POLYPLEX,57,1728.8639999999998,1694.3,114.9050123024499,881382.5550123025,9
SMV2-0090,2021-09-17,2021-09-20,ASTRAL,47,2107.4532,2064.0,114.9050123024499,881382.5550123025,9
SMV2-0090,2021-09-17,2021-09-20,PRINCEPIPE,140,708.303975,685.85,114.9050123024499,881382.5550123025,9
SMV2-0090,2021-09-17,2021-09-20,HAL,71,1410.705,1377.2,114.9050123024499,881382.5550123025,9
SMV2-0090,2021-09-17,2021-09-20,BEL,504,201.35062499999998,201.6,114.9050123024499,881382.5550123025,9
SMV2-0090,2021-09-17,2021-09-20,INDIGO,47,1985.4922499999998,2169.5,114.9050123024499,881382.5550123025,9
SMV2-0090,2021-09-17,2021-09-20,EASEMYTRIP,156,635.5176,597.5,114.9050123024499,881382.5550123025,9
SMV2-0090,2021-09-17,2021-09-20,BLS,328,281.1405,274.4,114.9050123024499,881382.5550123025,9
SMV2-0091,2021-09-24,2021-09-27,INDHOTEL,540,149.2746,189.35,6680.430900402454,903544.1309004024,9
SMV2-0091,2021-09-24,2021-09-27,DLF,237,414.35707499999995,420.0,6680.430900402454,903544.1309004024,9
SMV2-0091,2021-09-24,2021-09-27,GODREJPROP,44,2193.59625,2285.7,6680.430900402454,903544.1309004024,9
SMV2-0091,2021-09-24,2021-09-27,OBEROIRLTY,105,936.468,948.8,6680.430900402454,903544.1309004024,9
SMV2-0091,2021-09-24,2021-09-27,ZEEL,322,305.1525,322.25,6680.430900402454,903544.1309004024,9
SMV2-0091,2021-09-24,2021-09-27,SUNTV,191,515.007375,504.3,6680.430900402454,903544.1309004024,9
SMV2-0091,2021-09-24,2021-09-27,TV18BRDCST,2572,38.269124999999995,37.75,6680.430900402454,903544.1309004024,9
SMV2-0091,2021-09-24,2021-09-27,EASEMYTRIP,156,635.5176,613.35,6680.430900402454,903544.1309004024,9
SMV2-0091,2021-09-24,2021-09-27,BLS,422,270.40978187203785,241.75,6680.430900402454,903544.1309004024,9
SMV2-0092,2021-10-01,2021-10-04,INDHOTEL,540,149.2746,187.8,12901.210139002476,922448.9601390024,9
SMV2-0092,2021-10-01,2021-10-04,CHALET,433,231.51569999999995,238.85,12901.210139002476,922448.9601390024,9
SMV2-0092,2021-10-01,2021-10-04,DLF,237,414.35707499999995,424.4,12901.210139002476,922448.9601390024,9
SMV2-0092,2021-10-01,2021-10-04,GODREJPROP,44,2193.59625,2337.55,12901.210139002476,922448.9601390024,9
SMV2-0092,2021-10-01,2021-10-04,OBEROIRLTY,105,936.468,917.5,12901.210139002476,922448.9601390024,9
SMV2-0092,2021-10-01,2021-10-04,ZEEL,322,305.1525,301.25,12901.210139002476,922448.9601390024,9
SMV2-0092,2021-10-01,2021-10-04,SUNTV,191,515.007375,530.3,12901.210139002476,922448.9601390024,9
SMV2-0092,2021-10-01,2021-10-04,TV18BRDCST,2572,38.269124999999995,43.8,12901.210139002476,922448.9601390024,9
SMV2-0092,2021-10-01,2021-10-04,EASEMYTRIP,156,635.5176,602.55,12901.210139002476,922448.9601390024,9
SMV2-0093,2021-10-08,2021-10-11,INDHOTEL,540,149.2746,206.8,14425.348709202517,946848.5987092025,9
SMV2-0093,2021-10-08,2021-10-11,CHALET,433,231.51569999999995,248.4,14425.348709202517,946848.5987092025,9
SMV2-0093,2021-10-08,2021-10-11,DLF,237,414.35707499999995,424.85,14425.348709202517,946848.5987092025,9
SMV2-0093,2021-10-08,2021-10-11,GODREJPROP,44,2193.59625,2368.95,14425.348709202517,946848.5987092025,9
SMV2-0093,2021-10-08,2021-10-11,OBEROIRLTY,105,936.468,962.65,14425.348709202517,946848.5987092025,9
SMV2-0093,2021-10-08,2021-10-11,DMART,23,4440.219,4719.45,14425.348709202517,946848.5987092025,9
SMV2-0093,2021-10-08,2021-10-11,ABFRL,398,259.02944999999994,262.6,14425.348709202517,946848.5987092025,9
SMV2-0093,2021-10-08,2021-10-11,TRENT,92,1115.3573999999999,1103.15,14425.348709202517,946848.5987092025,9
SMV2-0093,2021-10-08,2021-10-11,EASEMYTRIP,156,635.5176,593.85,14425.348709202517,946848.5987092025,9
SMV2-0094,2021-10-14,2021-10-18,INDHOTEL,540,149.2746,225.45,5.372409252537182,981630.2224092525,9
SMV2-0094,2021-10-14,2021-10-18,CHALET,433,231.51569999999995,263.05,5.372409252537182,981630.2224092525,9
SMV2-0094,2021-10-14,2021-10-18,DLF,237,414.35707499999995,441.75,5.372409252537182,981630.2224092525,9
SMV2-0094,2021-10-14,2021-10-18,GODREJPROP,44,2193.59625,2502.8,5.372409252537182,981630.2224092525,9
SMV2-0094,2021-10-14,2021-10-18,OBEROIRLTY,105,936.468,966.9,5.372409252537182,981630.2224092525,9
SMV2-0094,2021-10-14,2021-10-18,DMART,23,4440.219,4897.8,5.372409252537182,981630.2224092525,9
SMV2-0094,2021-10-14,2021-10-18,ABFRL,398,259.02944999999994,266.75,5.372409252537182,981630.2224092525,9
SMV2-0094,2021-10-14,2021-10-18,TRENT,92,1115.3573999999999,1154.3,5.372409252537182,981630.2224092525,9
SMV2-0094,2021-10-14,2021-10-18,LEMONTREE,1911,55.477725,54.75,5.372409252537182,981630.2224092525,9
SMV2-0095,2021-10-22,2021-10-25,MCDOWELL-N,121,837.6686249999999,826.3,2817.856523652619,888184.5065236527,9
SMV2-0095,2021-10-22,2021-10-25,UBL,62,1630.8149999999998,1626.55,2817.856523652619,888184.5065236527,9
SMV2-0095,2021-10-22,2021-10-25,RADICO,91,1107.5535,1115.95,2817.856523652619,888184.5065236527,9
SMV2-0095,2021-10-22,2021-10-25,DMART,23,4440.219,4400.6,2817.856523652619,888184.5065236527,9
SMV2-0095,2021-10-22,2021-10-25,ABFRL,398,259.02944999999994,248.45,2817.856523652619,888184.5065236527,9
SMV2-0095,2021-10-22,2021-10-25,TRENT,92,1115.3573999999999,1020.65,2817.856523652619,888184.5065236527,9
SMV2-0095,2021-10-22,2021-10-25,TATAPOWER,452,224.71229999999997,213.6,2817.856523652619,888184.5065236527,9
SMV2-0095,2021-10-22,2021-10-25,IEX,131,774.387,699.0,2817.856523652619,888184.5065236527,9
SMV2-0095,2021-10-22,2021-10-25,NTPC,701,144.77235,143.9,2817.856523652619,888184.5065236527,9
SMV2-0096,2021-10-29,2021-11-01,MCDOWELL-N,121,837.6686249999999,973.6,11.691150252663647,920027.5411502527,9
SMV2-0096,2021-10-29,2021-11-01,UBL,62,1630.8149999999998,1672.1,11.691150252663647,920027.5411502527,9
SMV2-0096,2021-10-29,2021-11-01,RADICO,91,1107.5535,1091.8,11.691150252663647,920027.5411502527,9
SMV2-0096,2021-10-29,2021-11-01,DMART,23,4440.219,4564.75,11.691150252663647,920027.5411502527,9
SMV2-0096,2021-10-29,2021-11-01,ABFRL,398,259.02944999999994,271.2,11.691150252663647,920027.5411502527,9
SMV2-0096,2021-10-29,2021-11-01,TRENT,92,1115.3573999999999,1024.7,11.691150252663647,920027.5411502527,9
SMV2-0096,2021-10-29,2021-11-01,BATAINDIA,50,1994.69685,1996.85,11.691150252663647,920027.5411502527,9
SMV2-0096,2021-10-29,2021-11-01,RELAXO,76,1331.6654999999998,1340.45,11.691150252663647,920027.5411502527,9
SMV2-0096,2021-10-29,2021-11-01,MIRZAINT,1434,60.28012499999999,62.95,11.691150252663647,920027.5411502527,9
SMV2-0097,2021-11-04,2021-11-08,MCDOWELL-N,121,837.6686249999999,999.05,11.691150252663647,977454.6411502527,9
SMV2-0097,2021-11-04,2021-11-08,UBL,62,1630.8149999999998,1732.05,11.691150252663647,977454.6411502527,9
SMV2-0097,2021-11-04,2021-11-08,RADICO,91,1107.5535,1072.2,11.691150252663647,977454.6411502527,9
SMV2-0097,2021-11-04,2021-11-08,DMART,23,4440.219,4748.5,11.691150252663647,977454.6411502527,9
SMV2-0097,2021-11-04,2021-11-08,ABFRL,398,259.02944999999994,288.7,11.691150252663647,977454.6411502527,9
SMV2-0097,2021-11-04,2021-11-08,TRENT,92,1115.3573999999999,1100.55,11.691150252663647,977454.6411502527,9
SMV2-0097,2021-11-04,2021-11-08,BATAINDIA,50,1994.69685,2131.9,11.691150252663647,977454.6411502527,9
SMV2-0097,2021-11-04,2021-11-08,RELAXO,76,1331.6654999999998,1392.75,11.691150252663647,977454.6411502527,9
SMV2-0097,2021-11-04,2021-11-08,MIRZAINT,1434,60.28012499999999,79.35,11.691150252663647,977454.6411502527,9
SMV2-0098,2021-11-12,2021-11-15,ZEEL,351,314.157,325.05,34.70890090265311,1002588.0089009027,9
SMV2-0098,2021-11-12,2021-11-15,SUNTV,195,564.231975,556.35,34.70890090265311,1002588.0089009027,9
SMV2-0098,2021-11-12,2021-11-15,TV18BRDCST,2102,47.373675,44.95,34.70890090265311,1002588.0089009027,9
SMV2-0098,2021-11-12,2021-11-15,DMART,23,4440.219,5023.3,34.70890090265311,1002588.0089009027,9
SMV2-0098,2021-11-12,2021-11-15,ABFRL,398,259.02944999999994,290.3,34.70890090265311,1002588.0089009027,9
SMV2-0098,2021-11-12,2021-11-15,TRENT,92,1115.3573999999999,1157.2,34.70890090265311,1002588.0089009027,9
SMV2-0098,2021-11-12,2021-11-15,BATAINDIA,50,1994.69685,2229.6,34.70890090265311,1002588.0089009027,9
SMV2-0098,2021-11-12,2021-11-15,RELAXO,76,1331.6654999999998,1397.25,34.70890090265311,1002588.0089009027,9
SMV2-0098,2021-11-12,2021-11-15,MIRZAINT,1434,60.28012499999999,90.85,34.70890090265311,1002588.0089009027,9
SMV2-0099,2021-11-18,2021-11-22,PAGEIND,2,40615.2975,39478.35,24934.783046952623,949265.7330469526,9
SMV2-0099,2021-11-18,2021-11-22,ARVIND,850,125.312625,127.35,24934.783046952623,949265.7330469526,9
SMV2-0099,2021-11-18,2021-11-22,POLYCAB,42,2491.245,2367.8,24934.783046952623,949265.7330469526,9
SMV2-0099,2021-11-18,2021-11-22,ABB,49,2159.229075,2099.8,24934.783046952623,949265.7330469526,9
SMV2-0099,2021-11-18,2021-11-22,BATAINDIA,50,1994.69685,2064.65,24934.783046952623,949265.7330469526,9
SMV2-0099,2021-11-18,2021-11-22,RELAXO,76,1331.6654999999998,1292.6,24934.783046952623,949265.7330469526,9
SMV2-0099,2021-11-18,2021-11-22,MIRZAINT,1434,60.28012499999999,81.0,24934.783046952623,949265.7330469526,9
SMV2-0099,2021-11-18,2021-11-22,KEI,102,1036.518,1032.6,24934.783046952623,949265.7330469526,9
SMV2-0099,2021-11-18,2021-11-22,TRIDENT,2357,45.2226,47.45,24934.783046952623,949265.7330469526,9
SMV2-0100,2021-11-26,2021-11-29,TCS,30,3448.873575,3502.0,58679.46918165266,943402.5691816526,9
SMV2-0100,2021-11-26,2021-11-29,INFY,61,1691.8455,1696.35,58679.46918165266,943402.5691816526,9
SMV2-0100,2021-11-26,2021-11-29,PAGEIND,2,40615.2975,38031.05,58679.46918165266,943402.5691816526,9
SMV2-0100,2021-11-26,2021-11-29,ARVIND,850,125.312625,120.35,58679.46918165266,943402.5691816526,9
SMV2-0100,2021-11-26,2021-11-29,POLYCAB,42,2491.245,2214.4,58679.46918165266,943402.5691816526,9
SMV2-0100,2021-11-26,2021-11-29,ABB,49,2159.229075,2083.35,58679.46918165266,943402.5691816526,9
SMV2-0100,2021-11-26,2021-11-29,IRCTC,132,786.3929999999999,775.8,58679.46918165266,943402.5691816526,9
SMV2-0100,2021-11-26,2021-11-29,KEI,102,1036.518,1000.35,58679.46918165266,943402.5691816526,9
SMV2-0100,2021-11-26,2021-11-29,TRIDENT,1797,45.2226,54.7,58679.46918165266,943402.5691816526,9
SMV2-0101,2021-12-03,2021-12-06,TCS,30,3448.873575,3536.4,55.772216802681214,932053.0722168027,9
SMV2-0101,2021-12-03,2021-12-06,INFY,61,1691.8455,1695.3,55.772216802681214,932053.0722168027,9
SMV2-0101,2021-12-03,2021-12-06,BHARTIARTL,148,718.3589999999999,697.6,55.772216802681214,932053.0722168027,9
SMV2-0101,2021-12-03,2021-12-06,IRCTC,132,786.3929999999999,801.4,55.772216802681214,932053.0722168027,9
SMV2-0101,2021-12-03,2021-12-06,BATAINDIA,56,1900.84995,1857.35,55.772216802681214,932053.0722168027,9
SMV2-0101,2021-12-03,2021-12-06,RELAXO,80,1285.1422499999999,1252.6,55.772216802681214,932053.0722168027,9
SMV2-0101,2021-12-03,2021-12-06,MIRZAINT,994,107.0535,101.7,55.772216802681214,932053.0722168027,9
SMV2-0101,2021-12-03,2021-12-06,INDUSTOWER,379,280.84035,268.5,55.772216802681214,932053.0722168027,9
SMV2-0101,2021-12-03,2021-12-06,TTML,778,136.818375,136.75,55.772216802681214,932053.0722168027,9
SMV2-0102,2021-12-10,2021-12-13,TCS,30,3448.873575,3609.65,8502.9779969027,996185.1279969027,9
SMV2-0102,2021-12-10,2021-12-13,INFY,61,1691.8455,1744.65,8502.9779969027,996185.1279969027,9
SMV2-0102,2021-12-10,2021-12-13,BHARTIARTL,148,718.3589999999999,703.1,8502.9779969027,996185.1279969027,9
SMV2-0102,2021-12-10,2021-12-13,IRCTC,132,786.3929999999999,858.7,8502.9779969027,996185.1279969027,9
SMV2-0102,2021-12-10,2021-12-13,BATAINDIA,56,1900.84995,2000.65,8502.9779969027,996185.1279969027,9
SMV2-0102,2021-12-10,2021-12-13,RELAXO,80,1285.1422499999999,1289.3,8502.9779969027,996185.1279969027,9
SMV2-0102,2021-12-10,2021-12-13,MIRZAINT,994,107.0535,128.6,8502.9779969027,996185.1279969027,9
SMV2-0102,2021-12-10,2021-12-13,INDUSTOWER,379,280.84035,269.8,8502.9779969027,996185.1279969027,9
SMV2-0102,2021-12-10,2021-12-13,HFCL,1262,88.8444,87.4,8502.9779969027,996185.1279969027,9
SMV2-0103,2021-12-17,2021-12-20,TCS,30,3448.873575,3556.9,13207.864037002699,915671.4640370026,9
SMV2-0103,2021-12-17,2021-12-20,INFY,61,1691.8455,1798.9,13207.864037002699,915671.4640370026,9
SMV2-0103,2021-12-17,2021-12-20,BHARTIARTL,148,718.3589999999999,658.25,13207.864037002699,915671.4640370026,9
SMV2-0103,2021-12-17,2021-12-20,ZEEL,309,338.7693,331.5,13207.864037002699,915671.4640370026,9
SMV2-0103,2021-12-17,2021-12-20,TV18BRDCST,2326,45.0225,43.75,13207.864037002699,915671.4640370026,9
SMV2-0103,2021-12-17,2021-12-20,IRCTC,132,786.3929999999999,794.1,13207.864037002699,915671.4640370026,9
SMV2-0103,2021-12-17,2021-12-20,INDUSTOWER,379,280.84035,237.8,13207.864037002699,915671.4640370026,9
SMV2-0103,2021-12-17,2021-12-20,HFCL,1262,88.8444,73.95,13207.864037002699,915671.4640370026,9
SMV2-0103,2021-12-17,2021-12-20,NETWORK18,1152,90.8454,83.45,13207.864037002699,915671.4640370026,9
SMV2-0104,2021-12-24,2021-12-27,TCS,30,3448.873575,3696.1,101.56341380276717,939863.1134138028,9
SMV2-0104,2021-12-24,2021-12-27,INFY,61,1691.8455,1866.15,101.56341380276717,939863.1134138028,9
SMV2-0104,2021-12-24,2021-12-27,ZEEL,309,338.7693,317.95,101.56341380276717,939863.1134138028,9
SMV2-0104,2021-12-24,2021-12-27,TV18BRDCST,2326,45.0225,44.4,101.56341380276717,939863.1134138028,9
SMV2-0104,2021-12-24,2021-12-27,POLYCAB,45,2334.1665,2367.85,101.56341380276717,939863.1134138028,9
SMV2-0104,2021-12-24,2021-12-27,ABB,46,2250.5247,2195.5,101.56341380276717,939863.1134138028,9
SMV2-0104,2021-12-24,2021-12-27,IRCTC,132,786.3929999999999,839.0,101.56341380276717,939863.1134138028,9
SMV2-0104,2021-12-24,2021-12-27,KEI,82,1146.5729999999999,1133.3,101.56341380276717,939863.1134138028,9
SMV2-0104,2021-12-24,2021-12-27,NETWORK18,1152,90.8454,88.8,101.56341380276717,939863.1134138028,9
SMV2-0105,2021-12-31,2022-01-03,TCS,30,3448.873575,3817.75,3827.9756786027865,958571.2756786029,9
SMV2-0105,2021-12-31,2022-01-03,INFY,61,1691.8455,1898.45,3827.9756786027865,958571.2756786029,9
SMV2-0105,2021-12-31,2022-01-03,WIPRO,147,718.3589999999999,718.7,3827.9756786027865,958571.2756786029,9
SMV2-0105,2021-12-31,2022-01-03,ZEEL,309,338.7693,322.95,3827.9756786027865,958571.2756786029,9
SMV2-0105,2021-12-31,2022-01-03,TV18BRDCST,2326,45.0225,46.25,3827.9756786027865,958571.2756786029,9
SMV2-0105,2021-12-31,2022-01-03,POLYCAB,45,2334.1665,2459.7,3827.9756786027865,958571.2756786029,9
SMV2-0105,2021-12-31,2022-01-03,ABB,46,2250.5247,2205.45,3827.9756786027865,958571.2756786029,9
SMV2-0105,2021-12-31,2022-01-03,KEI,82,1146.5729999999999,1139.5,3827.9756786027865,958571.2756786029,9
SMV2-0105,2021-12-31,2022-01-03,NETWORK18,1152,90.8454,91.85,3827.9756786027865,958571.2756786029,9
SMV2-0106,2022-01-07,2022-01-10,TCS,30,3448.873575,3879.85,15351.30823790282,959281.4082379028,9
SMV2-0106,2022-01-07,2022-01-10,INFY,61,1691.8455,1850.75,15351.30823790282,959281.4082379028,9
SMV2-0106,2022-01-07,2022-01-10,PAGEIND,2,44122.049999999996,43635.35,15351.30823790282,959281.4082379028,9
SMV2-0106,2022-01-07,2022-01-10,WIPRO,147,718.3589999999999,693.5,15351.30823790282,959281.4082379028,9
SMV2-0106,2022-01-07,2022-01-10,POLYCAB,45,2334.1665,2521.65,15351.30823790282,959281.4082379028,9
SMV2-0106,2022-01-07,2022-01-10,ABB,46,2250.5247,2280.9,15351.30823790282,959281.4082379028,9
SMV2-0106,2022-01-07,2022-01-10,BOMDYEING,941,112.95645,115.1,15351.30823790282,959281.4082379028,9
SMV2-0106,2022-01-07,2022-01-10,KEI,82,1146.5729999999999,1141.15,15351.30823790282,959281.4082379028,9
SMV2-0106,2022-01-07,2022-01-10,TRIDENT,1969,53.976975,53.4,15351.30823790282,959281.4082379028,9
SMV2-0107,2022-01-14,2022-01-17,TCS,30,3448.873575,4019.15,34373.05669900292,1011268.0066990028,9
SMV2-0107,2022-01-14,2022-01-17,INFY,61,1691.8455,1939.5,34373.05669900292,1011268.0066990028,9
SMV2-0107,2022-01-14,2022-01-17,PAGEIND,2,44122.049999999996,44450.45,34373.05669900292,1011268.0066990028,9
SMV2-0107,2022-01-14,2022-01-17,WIPRO,147,718.3589999999999,646.65,34373.05669900292,1011268.0066990028,9
SMV2-0107,2022-01-14,2022-01-17,BHEL,1734,64.08202499999999,63.85,34373.05669900292,1011268.0066990028,9
SMV2-0107,2022-01-14,2022-01-17,BOMDYEING,941,112.95645,117.25,34373.05669900292,1011268.0066990028,9
SMV2-0107,2022-01-14,2022-01-17,TRIDENT,1640,53.976975,68.0,34373.05669900292,1011268.0066990028,9
SMV2-0107,2022-01-14,2022-01-17,GREAVESCOT,478,232.11599999999999,241.75,34373.05669900292,1011268.0066990028,9
SMV2-0107,2022-01-14,2022-01-17,LTTS,19,5558.5779,5575.15,34373.05669900292,1011268.0066990028,9
SMV2-0108,2022-01-21,2022-01-24,PAGEIND,2,44122.049999999996,39915.6,28822.069857653027,878800.969857653,9
SMV2-0108,2022-01-21,2022-01-24,INDHOTEL,510,205.1025,195.25,28822.069857653027,878800.969857653,9
SMV2-0108,2022-01-21,2022-01-24,ALOKINDS,3314,31.615799999999997,28.9,28822.069857653027,878800.969857653,9
SMV2-0108,2022-01-21,2022-01-24,BHEL,1734,64.08202499999999,57.25,28822.069857653027,878800.969857653,9
SMV2-0108,2022-01-21,2022-01-24,LEMONTREE,2141,48.92444999999999,46.75,28822.069857653027,878800.969857653,9
SMV2-0108,2022-01-21,2022-01-24,BOMDYEING,941,112.95645,100.55,28822.069857653027,878800.969857653,9
SMV2-0108,2022-01-21,2022-01-24,GREAVESCOT,478,232.11599999999999,210.15,28822.069857653027,878800.969857653,9
SMV2-0108,2022-01-21,2022-01-24,LTTS,19,5558.5779,4557.6,28822.069857653027,878800.969857653,9
SMV2-0108,2022-01-21,2022-01-24,COFFEEDAY,1357,77.188575,69.1,28822.069857653027,878800.969857653,9
SMV2-0109,2022-01-28,2022-01-31,PAGEIND,2,44122.049999999996,42426.05,13085.216119453064,925195.666119453,9
SMV2-0109,2022-01-28,2022-01-31,INDHOTEL,510,205.1025,215.6,13085.216119453064,925195.666119453,9
SMV2-0109,2022-01-28,2022-01-31,ALOKINDS,3314,31.615799999999997,30.95,13085.216119453064,925195.666119453,9
SMV2-0109,2022-01-28,2022-01-31,LEMONTREE,2141,48.92444999999999,51.8,13085.216119453064,925195.666119453,9
SMV2-0109,2022-01-28,2022-01-31,BOMDYEING,941,112.95645,109.55,13085.216119453064,925195.666119453,9
SMV2-0109,2022-01-28,2022-01-31,RELIANCE,43,2361.3801,2386.6,13085.216119453064,925195.666119453,9
SMV2-0109,2022-01-28,2022-01-31,BPCL,263,390.195,397.05,13085.216119453064,925195.666119453,9
SMV2-0109,2022-01-28,2022-01-31,ONGC,599,171.68579999999997,172.6,13085.216119453064,925195.666119453,9
SMV2-0109,2022-01-28,2022-01-31,COFFEEDAY,1357,77.188575,66.55,13085.216119453064,925195.666119453,9
SMV2-0110,2022-02-04,2022-02-07,PAGEIND,2,44122.049999999996,40715.5,13085.216119453064,910594.8661194531,9
SMV2-0110,2022-02-04,2022-02-07,INDHOTEL,510,205.1025,211.8,13085.216119453064,910594.8661194531,9
SMV2-0110,2022-02-04,2022-02-07,ALOKINDS,3314,31.615799999999997,28.65,13085.216119453064,910594.8661194531,9
SMV2-0110,2022-02-04,2022-02-07,LEMONTREE,2141,48.92444999999999,50.5,13085.216119453064,910594.8661194531,9
SMV2-0110,2022-02-04,2022-02-07,BOMDYEING,941,112.95645,125.05,13085.216119453064,910594.8661194531,9
SMV2-0110,2022-02-04,2022-02-07,RELIANCE,43,2361.3801,2317.1,13085.216119453064,910594.8661194531,9
SMV2-0110,2022-02-04,2022-02-07,BPCL,263,390.195,372.45,13085.216119453064,910594.8661194531,9
SMV2-0110,2022-02-04,2022-02-07,ONGC,599,171.68579999999997,172.1,13085.216119453064,910594.8661194531,9
SMV2-0110,2022-02-04,2022-02-07,COFFEEDAY,1357,77.188575,63.85,13085.216119453064,910594.8661194531,9
SMV2-0111,2022-02-11,2022-02-14,INDHOTEL,510,205.1025,195.1,1943.8812848030793,854556.331284803,9
SMV2-0111,2022-02-11,2022-02-14,ZEEL,378,257.1285,249.35,1943.8812848030793,854556.331284803,9
SMV2-0111,2022-02-11,2022-02-14,SUNTV,190,510.20497499999993,516.7,1943.8812848030793,854556.331284803,9
SMV2-0111,2022-02-11,2022-02-14,TV18BRDCST,1381,70.38517499999999,64.6,1943.8812848030793,854556.331284803,9
SMV2-0111,2022-02-11,2022-02-14,LEMONTREE,2141,48.92444999999999,47.2,1943.8812848030793,854556.331284803,9
SMV2-0111,2022-02-11,2022-02-14,RELIANCE,43,2361.3801,2338.55,1943.8812848030793,854556.331284803,9
SMV2-0111,2022-02-11,2022-02-14,BPCL,263,390.195,361.7,1943.8812848030793,854556.331284803,9
SMV2-0111,2022-02-11,2022-02-14,ONGC,599,171.68579999999997,166.2,1943.8812848030793,854556.331284803,9
SMV2-0111,2022-02-11,2022-02-14,COFFEEDAY,1357,77.188575,55.4,1943.8812848030793,854556.331284803,9
SMV2-0112,2022-02-18,2022-02-21,INDHOTEL,510,205.1025,204.95,1943.8812848030793,866208.0312848031,9
SMV2-0112,2022-02-18,2022-02-21,ZEEL,378,257.1285,254.35,1943.8812848030793,866208.0312848031,9
SMV2-0112,2022-02-18,2022-02-21,SUNTV,190,510.20497499999993,472.7,1943.8812848030793,866208.0312848031,9
SMV2-0112,2022-02-18,2022-02-21,TV18BRDCST,1381,70.38517499999999,61.6,1943.8812848030793,866208.0312848031,9
SMV2-0112,2022-02-18,2022-02-21,LEMONTREE,2141,48.92444999999999,52.1,1943.8812848030793,866208.0312848031,9
SMV2-0112,2022-02-18,2022-02-21,RELIANCE,43,2361.3801,2399.9,1943.8812848030793,866208.0312848031,9
SMV2-0112,2022-02-18,2022-02-21,BPCL,263,390.195,368.75,1943.8812848030793,866208.0312848031,9
SMV2-0112,2022-02-18,2022-02-21,ONGC,599,171.68579999999997,163.4,1943.8812848030793,866208.0312848031,9
SMV2-0112,2022-02-18,2022-02-21,COFFEEDAY,1357,77.188575,58.3,1943.8812848030793,866208.0312848031,9
SMV2-0113,2022-02-25,2022-02-28,INDHOTEL,510,205.1025,199.45,12930.715519653182,825562.9155196531,9
SMV2-0113,2022-02-25,2022-02-28,ZEEL,378,257.1285,229.25,12930.715519653182,825562.9155196531,9
SMV2-0113,2022-02-25,2022-02-28,SUNTV,190,510.20497499999993,447.55,12930.715519653182,825562.9155196531,9
SMV2-0113,2022-02-25,2022-02-28,TV18BRDCST,1381,70.38517499999999,61.35,12930.715519653182,825562.9155196531,9
SMV2-0113,2022-02-25,2022-02-28,LEMONTREE,2141,48.92444999999999,50.2,12930.715519653182,825562.9155196531,9
SMV2-0113,2022-02-25,2022-02-28,COFFEEDAY,1357,77.188575,56.65,12930.715519653182,825562.9155196531,9
SMV2-0113,2022-02-25,2022-02-28,JINDALPOLY,91,982.641075,1016.25,12930.715519653182,825562.9155196531,9
SMV2-0113,2022-02-25,2022-02-28,UFLEX,175,512.205975,519.9,12930.715519653182,825562.9155196531,9
SMV2-0113,2022-02-25,2022-02-28,TCPLPACK,127,704.7521999999999,682.55,12930.715519653182,825562.9155196531,9
SMV2-0114,2022-03-04,2022-03-07,INDHOTEL,510,205.1025,189.65,20389.377561453184,812236.4275614532,9
SMV2-0114,2022-03-04,2022-03-07,ZEEL,378,257.1285,238.0,20389.377561453184,812236.4275614532,9
SMV2-0114,2022-03-04,2022-03-07,SUNTV,190,510.20497499999993,438.1,20389.377561453184,812236.4275614532,9
SMV2-0114,2022-03-04,2022-03-07,TV18BRDCST,1381,70.38517499999999,57.95,20389.377561453184,812236.4275614532,9
SMV2-0114,2022-03-04,2022-03-07,LEMONTREE,1741,48.92444999999999,53.15,20389.377561453184,812236.4275614532,9
SMV2-0114,2022-03-04,2022-03-07,COFFEEDAY,1596,73.69017880639097,52.35,20389.377561453184,812236.4275614532,9
SMV2-0114,2022-03-04,2022-03-07,JINDALPOLY,91,982.641075,992.8,20389.377561453184,812236.4275614532,9
SMV2-0114,2022-03-04,2022-03-07,UFLEX,175,512.205975,495.45,20389.377561453184,812236.4275614532,9
SMV2-0114,2022-03-04,2022-03-07,TCPLPACK,127,704.7521999999999,698.9,20389.377561453184,812236.4275614532,9
SMV2-0115,2022-03-11,2022-03-14,INDHOTEL,510,205.1025,204.55,88.27857765326917,868778.7285776532,9
SMV2-0115,2022-03-11,2022-03-14,JKPAPER,359,268.53419999999994,277.25,88.27857765326917,868778.7285776532,9
SMV2-0115,2022-03-11,2022-03-14,WSTCSTPAPR,341,269.1345,274.7,88.27857765326917,868778.7285776532,9
SMV2-0115,2022-03-11,2022-03-14,LEMONTREE,1741,48.92444999999999,55.85,88.27857765326917,868778.7285776532,9
SMV2-0115,2022-03-11,2022-03-14,RELIANCE,40,2388.09345,2418.85,88.27857765326917,868778.7285776532,9
SMV2-0115,2022-03-11,2022-03-14,BPCL,267,359.9799,359.65,88.27857765326917,868778.7285776532,9
SMV2-0115,2022-03-11,2022-03-14,ONGC,553,174.087,171.8,88.27857765326917,868778.7285776532,9
SMV2-0115,2022-03-11,2022-03-14,COFFEEDAY,1596,73.69017880639097,57.1,88.27857765326917,868778.7285776532,9
SMV2-0115,2022-03-11,2022-03-14,SATIA,922,104.55224999999999,103.05,88.27857765326917,868778.7285776532,9
SMV2-0116,2022-03-17,2022-03-21,VEDL,230,383.1915,400.05,115.89979575331381,907217.3497957533,9
SMV2-0116,2022-03-17,2022-03-21,TATASTEEL,76,1308.654,1302.95,115.89979575331381,907217.3497957533,9
SMV2-0116,2022-03-17,2022-03-21,HINDALCO,171,584.2919999999999,589.95,115.89979575331381,907217.3497957533,9
SMV2-0116,2022-03-17,2022-03-21,INDHOTEL,510,205.1025,206.0,115.89979575331381,907217.3497957533,9
SMV2-0116,2022-03-17,2022-03-21,JKPAPER,359,268.53419999999994,314.95,115.89979575331381,907217.3497957533,9
SMV2-0116,2022-03-17,2022-03-21,WSTCSTPAPR,341,269.1345,323.95,115.89979575331381,907217.3497957533,9
SMV2-0116,2022-03-17,2022-03-21,LEMONTREE,1741,48.92444999999999,52.8,115.89979575331381,907217.3497957533,9
SMV2-0116,2022-03-17,2022-03-21,COFFEEDAY,1596,73.69017880639097,58.8,115.89979575331381,907217.3497957533,9
SMV2-0116,2022-03-17,2022-03-21,SATIA,922,104.55224999999999,109.35,115.89979575331381,907217.3497957533,9
SMV2-0117,2022-03-25,2022-03-28,VEDL,230,383.1915,413.4,115.89979575331381,943752.2997957533,9
SMV2-0117,2022-03-25,2022-03-28,TATASTEEL,76,1308.654,1338.95,115.89979575331381,943752.2997957533,9
SMV2-0117,2022-03-25,2022-03-28,HINDALCO,171,584.2919999999999,630.2,115.89979575331381,943752.2997957533,9
SMV2-0117,2022-03-25,2022-03-28,INDHOTEL,510,205.1025,231.95,115.89979575331381,943752.2997957533,9
SMV2-0117,2022-03-25,2022-03-28,JKPAPER,359,268.53419999999994,308.45,115.89979575331381,943752.2997957533,9
SMV2-0117,2022-03-25,2022-03-28,WSTCSTPAPR,341,269.1345,315.8,115.89979575331381,943752.2997957533,9
SMV2-0117,2022-03-25,2022-03-28,LEMONTREE,1741,48.92444999999999,68.25,115.89979575331381,943752.2997957533,9
SMV2-0117,2022-03-25,2022-03-28,COFFEEDAY,1596,73.69017880639097,55.9,115.89979575331381,943752.2997957533,9
SMV2-0117,2022-03-25,2022-03-28,SATIA,922,104.55224999999999,102.25,115.89979575331381,943752.2997957533,9
SMV2-0118,2022-04-01,2022-04-04,INDHOTEL,510,205.1025,239.1,237.4172013033458,970909.2172013033,9
SMV2-0118,2022-04-01,2022-04-04,ZEEL,353,299.9499,302.75,237.4172013033458,970909.2172013033,9
SMV2-0118,2022-04-01,2022-04-04,SUNTV,212,500.25,498.15,237.4172013033458,970909.2172013033,9
SMV2-0118,2022-04-01,2022-04-04,TV18BRDCST,1399,75.787875,79.95,237.4172013033458,970909.2172013033,9
SMV2-0118,2022-04-01,2022-04-04,JKPAPER,359,268.53419999999994,329.05,237.4172013033458,970909.2172013033,9
SMV2-0118,2022-04-01,2022-04-04,WSTCSTPAPR,341,269.1345,340.8,237.4172013033458,970909.2172013033,9
SMV2-0118,2022-04-01,2022-04-04,LEMONTREE,1741,48.92444999999999,63.4,237.4172013033458,970909.2172013033,9
SMV2-0118,2022-04-01,2022-04-04,EASEMYTRIP,181,348.174,379.15,237.4172013033458,970909.2172013033,9
SMV2-0118,2022-04-01,2022-04-04,SATIA,922,104.55224999999999,120.45,237.4172013033458,970909.2172013033,9
SMV2-0119,2022-04-08,2022-04-11,INDHOTEL,510,205.1025,250.7,127.42116750335117,997591.5211675033,9
SMV2-0119,2022-04-08,2022-04-11,JKPAPER,359,268.53419999999994,328.2,127.42116750335117,997591.5211675033,9
SMV2-0119,2022-04-08,2022-04-11,WSTCSTPAPR,341,269.1345,360.35,127.42116750335117,997591.5211675033,9
SMV2-0119,2022-04-08,2022-04-11,LEMONTREE,1741,48.92444999999999,66.4,127.42116750335117,997591.5211675033,9
SMV2-0119,2022-04-08,2022-04-11,EASEMYTRIP,256,372.67843359375,412.05,127.42116750335117,997591.5211675033,9
SMV2-0119,2022-04-08,2022-04-11,JINDALPOLY,93,1186.3928999999998,1209.65,127.42116750335117,997591.5211675033,9
SMV2-0119,2022-04-08,2022-04-11,UFLEX,161,687.3435,700.8,127.42116750335117,997591.5211675033,9
SMV2-0119,2022-04-08,2022-04-11,SATIA,922,104.55224999999999,132.75,127.42116750335117,997591.5211675033,9
SMV2-0119,2022-04-08,2022-04-11,HUHTAMAKI,350,175.08749999999998,171.7,127.42116750335117,997591.5211675033,9
SMV2-0120,2022-04-13,2022-04-18,INDHOTEL,510,205.1025,246.5,127.42116750335117,1015749.9211675033,9
SMV2-0120,2022-04-13,2022-04-18,JKPAPER,359,268.53419999999994,365.1,127.42116750335117,1015749.9211675033,9
SMV2-0120,2022-04-13,2022-04-18,WSTCSTPAPR,341,269.1345,378.3,127.42116750335117,1015749.9211675033,9
SMV2-0120,2022-04-13,2022-04-18,LEMONTREE,1741,48.92444999999999,66.15,127.42116750335117,1015749.9211675033,9
SMV2-0120,2022-04-13,2022-04-18,EASEMYTRIP,256,372.67843359375,389.65,127.42116750335117,1015749.9211675033,9
SMV2-0120,2022-04-13,2022-04-18,JINDALPOLY,93,1186.3928999999998,1129.95,127.42116750335117,1015749.9211675033,9
SMV2-0120,2022-04-13,2022-04-18,UFLEX,161,687.3435,688.0,127.42116750335117,1015749.9211675033,9
SMV2-0120,2022-04-13,2022-04-18,SATIA,922,104.55224999999999,146.95,127.42116750335117,1015749.9211675033,9
SMV2-0120,2022-04-13,2022-04-18,HUHTAMAKI,350,175.08749999999998,181.65,127.42116750335117,1015749.9211675033,9
SMV2-0121,2022-04-22,2022-04-25,JKPAPER,359,268.53419999999994,359.95,1.6337191033817362,968718.3837191034,9
SMV2-0121,2022-04-22,2022-04-25,WSTCSTPAPR,341,269.1345,354.95,1.6337191033817362,968718.3837191034,9
SMV2-0121,2022-04-22,2022-04-25,RELIANCE,39,2743.7712,2695.0,1.6337191033817362,968718.3837191034,9
SMV2-0121,2022-04-22,2022-04-25,ONGC,638,171.0855,169.65,1.6337191033817362,968718.3837191034,9
SMV2-0121,2022-04-22,2022-04-25,JINDALPOLY,93,1186.3928999999998,1105.1,1.6337191033817362,968718.3837191034,9
SMV2-0121,2022-04-22,2022-04-25,UFLEX,161,687.3435,656.7,1.6337191033817362,968718.3837191034,9
SMV2-0121,2022-04-22,2022-04-25,SATIA,922,104.55224999999999,133.4,1.6337191033817362,968718.3837191034,9
SMV2-0121,2022-04-22,2022-04-25,HUHTAMAKI,610,176.79327049180327,170.9,1.6337191033817362,968718.3837191034,9
SMV2-0121,2022-04-22,2022-04-25,IOC,543,132.8664,127.75,1.6337191033817362,968718.3837191034,9
SMV2-0122,2022-04-29,2022-05-02,JKPAPER,302,268.53419999999994,360.15,20322.52459090338,973655.5745909035,9
SMV2-0122,2022-04-29,2022-05-02,WSTCSTPAPR,341,269.1345,345.5,20322.52459090338,973655.5745909035,9
SMV2-0122,2022-04-29,2022-05-02,RELIANCE,39,2743.7712,2780.45,20322.52459090338,973655.5745909035,9
SMV2-0122,2022-04-29,2022-05-02,ONGC,638,171.0855,156.35,20322.52459090338,973655.5745909035,9
SMV2-0122,2022-04-29,2022-05-02,JINDALPOLY,93,1186.3928999999998,1114.45,20322.52459090338,973655.5745909035,9
SMV2-0122,2022-04-29,2022-05-02,UFLEX,161,687.3435,651.1,20322.52459090338,973655.5745909035,9
SMV2-0122,2022-04-29,2022-05-02,SATIA,922,104.55224999999999,131.5,20322.52459090338,973655.5745909035,9
SMV2-0122,2022-04-29,2022-05-02,HUHTAMAKI,610,176.79327049180327,196.85,20322.52459090338,973655.5745909035,9
SMV2-0122,2022-04-29,2022-05-02,IOC,543,132.8664,126.65,20322.52459090338,973655.5745909035,9
SMV2-0123,2022-05-06,2022-05-09,ADANIENT,46,2230.6147499999997,2197.65,8341.544681653395,922828.3446816534,9
SMV2-0123,2022-05-06,2022-05-09,MMTC,2413,42.871425,42.0,8341.544681653395,922828.3446816534,9
SMV2-0123,2022-05-06,2022-05-09,REDINGTON,750,137.8689,141.65,8341.544681653395,922828.3446816534,9
SMV2-0123,2022-05-06,2022-05-09,RELIANCE,39,2743.7712,2518.3,8341.544681653395,922828.3446816534,9
SMV2-0123,2022-05-06,2022-05-09,ONGC,638,171.0855,164.75,8341.544681653395,922828.3446816534,9
SMV2-0123,2022-05-06,2022-05-09,JINDALPOLY,93,1186.3928999999998,1019.55,8341.544681653395,922828.3446816534,9
SMV2-0123,2022-05-06,2022-05-09,UFLEX,161,687.3435,611.05,8341.544681653395,922828.3446816534,9
SMV2-0123,2022-05-06,2022-05-09,HUHTAMAKI,610,176.79327049180327,175.8,8341.544681653395,922828.3446816534,9
SMV2-0123,2022-05-06,2022-05-09,IOC,823,130.432619927096,124.0,8341.544681653395,922828.3446816534,9
SMV2-0124,2022-05-13,2022-05-16,MARUTI,13,7160.5785,7247.6,5418.294764803417,878108.0947648034,9
SMV2-0124,2022-05-13,2022-05-16,RELIANCE,39,2743.7712,2427.2,5418.294764803417,878108.0947648034,9
SMV2-0124,2022-05-13,2022-05-16,ONGC,638,171.0855,153.5,5418.294764803417,878108.0947648034,9
SMV2-0124,2022-05-13,2022-05-16,IOC,823,130.432619927096,122.1,5418.294764803417,878108.0947648034,9
SMV2-0124,2022-05-13,2022-05-16,HINDUNILVR,44,2201.1,2217.25,5418.294764803417,878108.0947648034,9
SMV2-0124,2022-05-13,2022-05-16,JUBLFOOD,201,485.19247499999994,485.9,5418.294764803417,878108.0947648034,9
SMV2-0124,2022-05-13,2022-05-16,BRITANNIA,29,3338.6684999999998,3284.9,5418.294764803417,878108.0947648034,9
SMV2-0124,2022-05-13,2022-05-16,M&M,108,895.4475,903.35,5418.294764803417,878108.0947648034,9
SMV2-0124,2022-05-13,2022-05-16,HEROMOTOCO,39,2451.275025,2495.9,5418.294764803417,878108.0947648034,9
SMV2-0125,2022-05-20,2022-05-23,MARUTI,13,7160.5785,7897.45,5418.294764803417,913064.6947648034,9
SMV2-0125,2022-05-20,2022-05-23,RELIANCE,39,2743.7712,2606.9,5418.294764803417,913064.6947648034,9
SMV2-0125,2022-05-20,2022-05-23,ONGC,638,171.0855,155.1,5418.294764803417,913064.6947648034,9
SMV2-0125,2022-05-20,2022-05-23,IOC,823,130.432619927096,117.7,5418.294764803417,913064.6947648034,9
SMV2-0125,2022-05-20,2022-05-23,HINDUNILVR,44,2201.1,2379.8,5418.294764803417,913064.6947648034,9
SMV2-0125,2022-05-20,2022-05-23,JUBLFOOD,201,485.19247499999994,485.4,5418.294764803417,913064.6947648034,9
SMV2-0125,2022-05-20,2022-05-23,BRITANNIA,29,3338.6684999999998,3487.05,5418.294764803417,913064.6947648034,9
SMV2-0125,2022-05-20,2022-05-23,M&M,108,895.4475,941.9,5418.294764803417,913064.6947648034,9
SMV2-0125,2022-05-20,2022-05-23,HEROMOTOCO,39,2451.275025,2624.7,5418.294764803417,913064.6947648034,9
SMV2-0126,2022-05-27,2022-05-30,HDFCLIFE,168,605.952825,608.9,415.87709505342355,937290.9270950535,9
SMV2-0126,2022-05-27,2022-05-30,ICICIPRULI,170,531.2655,530.4,415.87709505342355,937290.9270950535,9
SMV2-0126,2022-05-27,2022-05-30,SBILIFE,90,1125.9627,1148.4,415.87709505342355,937290.9270950535,9
SMV2-0126,2022-05-27,2022-05-30,MARUTI,13,7160.5785,8013.9,415.87709505342355,937290.9270950535,9
SMV2-0126,2022-05-27,2022-05-30,HINDUNILVR,44,2201.1,2348.95,415.87709505342355,937290.9270950535,9
SMV2-0126,2022-05-27,2022-05-30,JUBLFOOD,201,485.19247499999994,566.85,415.87709505342355,937290.9270950535,9
SMV2-0126,2022-05-27,2022-05-30,BRITANNIA,29,3338.6684999999998,3576.25,415.87709505342355,937290.9270950535,9
SMV2-0126,2022-05-27,2022-05-30,M&M,108,895.4475,998.35,415.87709505342355,937290.9270950535,9
SMV2-0126,2022-05-27,2022-05-30,HEROMOTOCO,39,2451.275025,2770.55,415.87709505342355,937290.9270950535,9
SMV2-0127,2022-06-03,2022-06-06,HDFCLIFE,168,605.952825,606.1,7670.413134553368,924222.3631345533,9
SMV2-0127,2022-06-03,2022-06-06,ICICIPRULI,170,531.2655,565.05,7670.413134553368,924222.3631345533,9
SMV2-0127,2022-06-03,2022-06-06,SBILIFE,90,1125.9627,1142.0,7670.413134553368,924222.3631345533,9
SMV2-0127,2022-06-03,2022-06-06,MARUTI,13,7160.5785,7710.55,7670.413134553368,924222.3631345533,9
SMV2-0127,2022-06-03,2022-06-06,HAL,53,1900.9499999999998,1887.85,7670.413134553368,924222.3631345533,9
SMV2-0127,2022-06-03,2022-06-06,BEL,422,241.02045,243.4,7670.413134553368,924222.3631345533,9
SMV2-0127,2022-06-03,2022-06-06,INDIGO,56,1790.895,1819.8,7670.413134553368,924222.3631345533,9
SMV2-0127,2022-06-03,2022-06-06,M&M,108,895.4475,1035.95,7670.413134553368,924222.3631345533,9
SMV2-0127,2022-06-03,2022-06-06,HEROMOTOCO,39,2451.275025,2540.75,7670.413134553368,924222.3631345533,9
SMV2-0128,2022-06-10,2022-06-13,MARUTI,13,7160.5785,7901.6,56.638246653354145,897414.7382466533,9
SMV2-0128,2022-06-10,2022-06-13,RELIANCE,38,2651.325,2662.9,56.638246653354145,897414.7382466533,9
SMV2-0128,2022-06-10,2022-06-13,ONGC,624,162.081,159.55,56.638246653354145,897414.7382466533,9
SMV2-0128,2022-06-10,2022-06-13,HAL,53,1900.9499999999998,1854.9,56.638246653354145,897414.7382466533,9
SMV2-0128,2022-06-10,2022-06-13,BEL,422,241.02045,235.5,56.638246653354145,897414.7382466533,9
SMV2-0128,2022-06-10,2022-06-13,INDIGO,56,1790.895,1755.8,56.638246653354145,897414.7382466533,9
SMV2-0128,2022-06-10,2022-06-13,M&M,108,895.4475,1004.3,56.638246653354145,897414.7382466533,9
SMV2-0128,2022-06-10,2022-06-13,MRPL,867,116.708325,111.25,56.638246653354145,897414.7382466533,9
SMV2-0128,2022-06-10,2022-06-13,ASHOKLEY,705,134.91742499999998,131.85,56.638246653354145,897414.7382466533,9
SMV2-0129,2022-06-17,2022-06-20,MARUTI,13,7160.5785,7660.95,453.99821375339525,825012.6982137533,9
SMV2-0129,2022-06-17,2022-06-20,BATAINDIA,57,1646.8229999999999,1628.9,453.99821375339525,825012.6982137533,9
SMV2-0129,2022-06-17,2022-06-20,HAL,53,1900.9499999999998,1724.8,453.99821375339525,825012.6982137533,9
SMV2-0129,2022-06-17,2022-06-20,BEL,422,241.02045,227.15,453.99821375339525,825012.6982137533,9
SMV2-0129,2022-06-17,2022-06-20,INDIGO,56,1790.895,1549.3,453.99821375339525,825012.6982137533,9
SMV2-0129,2022-06-17,2022-06-20,MIRZAINT,423,225.11249999999998,201.55,453.99821375339525,825012.6982137533,9
SMV2-0129,2022-06-17,2022-06-20,M&M,108,895.4475,982.7,453.99821375339525,825012.6982137533,9
SMV2-0129,2022-06-17,2022-06-20,ASHOKLEY,705,134.91742499999998,132.9,453.99821375339525,825012.6982137533,9
SMV2-0129,2022-06-17,2022-06-20,METROBRAND,136,545.0723999999999,536.8,453.99821375339525,825012.6982137533,9
SMV2-0130,2022-06-24,2022-06-27,MCDOWELL-N,127,771.3855,770.25,220.12248410347092,874095.9724841034,9
SMV2-0130,2022-06-24,2022-06-27,UBL,65,1510.7549999999999,1494.85,220.12248410347092,874095.9724841034,9
SMV2-0130,2022-06-24,2022-06-27,RADICO,106,835.4174999999999,822.55,220.12248410347092,874095.9724841034,9
SMV2-0130,2022-06-24,2022-06-27,MARUTI,13,7160.5785,8448.75,220.12248410347092,874095.9724841034,9
SMV2-0130,2022-06-24,2022-06-27,BAJAJ-AUTO,25,3871.935,3861.2,220.12248410347092,874095.9724841034,9
SMV2-0130,2022-06-24,2022-06-27,RELIANCE,38,2546.2224749999996,2492.65,220.12248410347092,874095.9724841034,9
SMV2-0130,2022-06-24,2022-06-27,ONGC,701,140.07,141.5,220.12248410347092,874095.9724841034,9
SMV2-0130,2022-06-24,2022-06-27,M&M,90,895.4475,1082.7,220.12248410347092,874095.9724841034,9
SMV2-0130,2022-06-24,2022-06-27,MRPL,1144,85.792875,82.15,220.12248410347092,874095.9724841034,9
SMV2-0131,2022-07-01,2022-07-04,MCDOWELL-N,127,771.3855,798.1,84.56158355348452,869672.6615835534,9
SMV2-0131,2022-07-01,2022-07-04,UBL,65,1510.7549999999999,1545.55,84.56158355348452,869672.6615835534,9
SMV2-0131,2022-07-01,2022-07-04,RADICO,106,835.4174999999999,889.6,84.56158355348452,869672.6615835534,9
SMV2-0131,2022-07-01,2022-07-04,MARUTI,13,7160.5785,8443.35,84.56158355348452,869672.6615835534,9
SMV2-0131,2022-07-01,2022-07-04,BAJAJ-AUTO,25,3871.935,3679.75,84.56158355348452,869672.6615835534,9
SMV2-0131,2022-07-01,2022-07-04,JKPAPER,312,305.7528,303.75,84.56158355348452,869672.6615835534,9
SMV2-0131,2022-07-01,2022-07-04,WSTCSTPAPR,273,349.17449999999997,351.35,84.56158355348452,869672.6615835534,9
SMV2-0131,2022-07-01,2022-07-04,SATIA,641,126.06299999999997,129.2,84.56158355348452,869672.6615835534,9
SMV2-0131,2022-07-01,2022-07-04,M&M,90,895.4475,1091.2,84.56158355348452,869672.6615835534,9
SMV2-0132,2022-07-08,2022-07-11,TITAN,44,2154.0764999999997,2163.6,34.854478903493145,878986.8044789034,9
SMV2-0132,2022-07-08,2022-07-11,RAJESHEXPO,164,588.744225,606.55,34.854478903493145,878986.8044789034,9
SMV2-0132,2022-07-08,2022-07-11,VAIBHAVGBL,277,305.1525,305.9,34.854478903493145,878986.8044789034,9
SMV2-0132,2022-07-08,2022-07-11,MARUTI,13,7160.5785,8507.65,34.854478903493145,878986.8044789034,9
SMV2-0132,2022-07-08,2022-07-11,BAJAJ-AUTO,25,3871.935,3848.55,34.854478903493145,878986.8044789034,9
SMV2-0132,2022-07-08,2022-07-11,HINDUNILVR,38,2488.2435,2490.6,34.854478903493145,878986.8044789034,9
SMV2-0132,2022-07-08,2022-07-11,JUBLFOOD,169,572.286,581.95,34.854478903493145,878986.8044789034,9
SMV2-0132,2022-07-08,2022-07-11,BRITANNIA,25,3831.1145999999994,3795.4,34.854478903493145,878986.8044789034,9
SMV2-0132,2022-07-08,2022-07-11,M&M,90,895.4475,1165.05,34.854478903493145,878986.8044789034,9
SMV2-0133,2022-07-15,2022-07-18,VOLTAS,99,992.4959999999999,1034.7,164.428366753491,884230.3783667535,9
SMV2-0133,2022-07-15,2022-07-18,DIXON,26,3766.5323249999997,3811.55,164.428366753491,884230.3783667535,9
SMV2-0133,2022-07-15,2022-07-18,CROMPTON,202,395.29755,391.2,164.428366753491,884230.3783667535,9
SMV2-0133,2022-07-15,2022-07-18,MARUTI,13,7160.5785,8704.8,164.428366753491,884230.3783667535,9
SMV2-0133,2022-07-15,2022-07-18,BAJAJ-AUTO,25,3871.935,3984.05,164.428366753491,884230.3783667535,9
SMV2-0133,2022-07-15,2022-07-18,HINDUNILVR,38,2488.2435,2553.5,164.428366753491,884230.3783667535,9
SMV2-0133,2022-07-15,2022-07-18,JUBLFOOD,169,572.286,559.95,164.428366753491,884230.3783667535,9
SMV2-0133,2022-07-15,2022-07-18,BRITANNIA,25,3831.1145999999994,3774.95,164.428366753491,884230.3783667535,9
SMV2-0133,2022-07-15,2022-07-18,M&M,90,895.4475,1163.4,164.428366753491,884230.3783667535,9
SMV2-0134,2022-07-22,2022-07-25,DLF,275,359.07944999999995,357.35,826.1411088534514,884191.6411088535,9
SMV2-0134,2022-07-22,2022-07-25,GODREJPROP,68,1449.5243999999998,1432.45,826.1411088534514,884191.6411088535,9
SMV2-0134,2022-07-22,2022-07-25,VOLTAS,99,992.4959999999999,999.65,826.1411088534514,884191.6411088535,9
SMV2-0134,2022-07-22,2022-07-25,DIXON,26,3766.5323249999997,3764.05,826.1411088534514,884191.6411088535,9
SMV2-0134,2022-07-22,2022-07-25,OBEROIRLTY,110,891.14535,879.9,826.1411088534514,884191.6411088535,9
SMV2-0134,2022-07-22,2022-07-25,CROMPTON,262,391.1618954198473,375.15,826.1411088534514,884191.6411088535,9
SMV2-0134,2022-07-22,2022-07-25,JKPAPER,299,330.56519999999995,333.35,826.1411088534514,884191.6411088535,9
SMV2-0134,2022-07-22,2022-07-25,WSTCSTPAPR,263,375.737775,367.75,826.1411088534514,884191.6411088535,9
SMV2-0134,2022-07-22,2022-07-25,TNPL,464,213.10649999999998,214.2,826.1411088534514,884191.6411088535,9
SMV2-0135,2022-07-29,2022-08-01,HDFCBANK,71,1439.7195,1446.15,12934.683845453459,936236.9838454535,9
SMV2-0135,2022-07-29,2022-08-01,AXISBANK,142,726.3629999999999,730.8,12934.683845453459,936236.9838454535,9
SMV2-0135,2022-07-29,2022-08-01,ICICIBANK,126,821.11035,823.4,12934.683845453459,936236.9838454535,9
SMV2-0135,2022-07-29,2022-08-01,VOLTAS,99,992.4959999999999,999.25,12934.683845453459,936236.9838454535,9
SMV2-0135,2022-07-29,2022-08-01,DIXON,26,3766.5323249999997,3748.2,12934.683845453459,936236.9838454535,9
SMV2-0135,2022-07-29,2022-08-01,CROMPTON,262,391.1618954198473,398.95,12934.683845453459,936236.9838454535,9
SMV2-0135,2022-07-29,2022-08-01,HAL,51,2031.015,2029.2,12934.683845453459,936236.9838454535,9
SMV2-0135,2022-07-29,2022-08-01,BEL,375,276.3381,284.2,12934.683845453459,936236.9838454535,9
SMV2-0135,2022-07-29,2022-08-01,INDIGO,54,1893.9464999999998,1891.4,12934.683845453459,936236.9838454535,9
SMV2-0136,2022-08-05,2022-08-08,HDFCBANK,71,1439.7195,1462.05,62.872471253504045,956417.5224712535,9
SMV2-0136,2022-08-05,2022-08-08,AXISBANK,142,726.3629999999999,745.55,62.872471253504045,956417.5224712535,9
SMV2-0136,2022-08-05,2022-08-08,ICICIBANK,126,821.11035,836.95,62.872471253504045,956417.5224712535,9
SMV2-0136,2022-08-05,2022-08-08,JKPAPER,270,383.49165,388.9,62.872471253504045,956417.5224712535,9
SMV2-0136,2022-08-05,2022-08-08,WSTCSTPAPR,208,498.2489999999999,526.85,62.872471253504045,956417.5224712535,9
SMV2-0136,2022-08-05,2022-08-08,HAL,51,2031.015,2159.25,62.872471253504045,956417.5224712535,9
SMV2-0136,2022-08-05,2022-08-08,BEL,375,276.3381,281.85,62.872471253504045,956417.5224712535,9
SMV2-0136,2022-08-05,2022-08-08,INDIGO,54,1893.9464999999998,2067.2,62.872471253504045,956417.5224712535,9
SMV2-0136,2022-08-05,2022-08-08,TNPL,393,249.82484999999997,252.4,62.872471253504045,956417.5224712535,9
SMV2-0137,2022-08-12,2022-08-16,HDFCBANK,71,1439.7195,1502.15,62.872471253504045,993782.5224712535,9
SMV2-0137,2022-08-12,2022-08-16,AXISBANK,142,726.3629999999999,764.65,62.872471253504045,993782.5224712535,9
SMV2-0137,2022-08-12,2022-08-16,ICICIBANK,126,821.11035,879.25,62.872471253504045,993782.5224712535,9
SMV2-0137,2022-08-12,2022-08-16,JKPAPER,270,383.49165,447.05,62.872471253504045,993782.5224712535,9
SMV2-0137,2022-08-12,2022-08-16,WSTCSTPAPR,208,498.2489999999999,539.0,62.872471253504045,993782.5224712535,9
SMV2-0137,2022-08-12,2022-08-16,HAL,51,2031.015,2297.3,62.872471253504045,993782.5224712535,9
SMV2-0137,2022-08-12,2022-08-16,BEL,375,276.3381,293.75,62.872471253504045,993782.5224712535,9
SMV2-0137,2022-08-12,2022-08-16,INDIGO,54,1893.9464999999998,2069.15,62.872471253504045,993782.5224712535,9
SMV2-0137,2022-08-12,2022-08-16,TNPL,393,249.82484999999997,243.85,62.872471253504045,993782.5224712535,9
SMV2-0138,2022-08-19,2022-08-22,ZEEL,416,258.479175,259.15,82.91784455352172,973506.9678445535,9
SMV2-0138,2022-08-19,2022-08-22,SUNTV,220,488.44409999999993,500.0,82.91784455352172,973506.9678445535,9
SMV2-0138,2022-08-19,2022-08-22,JKPAPER,270,383.49165,419.2,82.91784455352172,973506.9678445535,9
SMV2-0138,2022-08-19,2022-08-22,WSTCSTPAPR,208,498.2489999999999,575.25,82.91784455352172,973506.9678445535,9
SMV2-0138,2022-08-19,2022-08-22,HAL,51,2031.015,2229.75,82.91784455352172,973506.9678445535,9
SMV2-0138,2022-08-19,2022-08-22,BEL,375,276.3381,289.1,82.91784455352172,973506.9678445535,9
SMV2-0138,2022-08-19,2022-08-22,INDIGO,54,1893.9464999999998,1968.75,82.91784455352172,973506.9678445535,9
SMV2-0138,2022-08-19,2022-08-22,TNPL,393,249.82484999999997,233.5,82.91784455352172,973506.9678445535,9
SMV2-0138,2022-08-19,2022-08-22,NDTV,286,367.1835,358.65,82.91784455352172,973506.9678445535,9
SMV2-0139,2022-08-26,2022-08-29,ZEEL,416,258.479175,251.35,82.91784455352172,1030497.1178445534,9
SMV2-0139,2022-08-26,2022-08-29,SUNTV,220,488.44409999999993,504.45,82.91784455352172,1030497.1178445534,9
SMV2-0139,2022-08-26,2022-08-29,JKPAPER,270,383.49165,416.7,82.91784455352172,1030497.1178445534,9
SMV2-0139,2022-08-26,2022-08-29,WSTCSTPAPR,208,498.2489999999999,641.4,82.91784455352172,1030497.1178445534,9
SMV2-0139,2022-08-26,2022-08-29,HAL,51,2031.015,2289.2,82.91784455352172,1030497.1178445534,9
SMV2-0139,2022-08-26,2022-08-29,BEL,375,276.3381,308.85,82.91784455352172,1030497.1178445534,9
SMV2-0139,2022-08-26,2022-08-29,INDIGO,54,1893.9464999999998,1959.2,82.91784455352172,1030497.1178445534,9
SMV2-0139,2022-08-26,2022-08-29,TNPL,393,249.82484999999997,259.95,82.91784455352172,1030497.1178445534,9
SMV2-0139,2022-08-26,2022-08-29,NDTV,286,367.1835,449.05,82.91784455352172,1030497.1178445534,9
SMV2-0140,2022-09-02,2022-09-05,ZEEL,416,258.479175,251.0,37645.56362630353,1073565.7136263035,9
SMV2-0140,2022-09-02,2022-09-05,SUNTV,220,488.44409999999993,510.6,37645.56362630353,1073565.7136263035,9
SMV2-0140,2022-09-02,2022-09-05,JKPAPER,270,383.49165,420.3,37645.56362630353,1073565.7136263035,9
SMV2-0140,2022-09-02,2022-09-05,WSTCSTPAPR,208,498.2489999999999,607.55,37645.56362630353,1073565.7136263035,9
SMV2-0140,2022-09-02,2022-09-05,HAL,51,2031.015,2377.5,37645.56362630353,1073565.7136263035,9
SMV2-0140,2022-09-02,2022-09-05,BEL,375,276.3381,327.9,37645.56362630353,1073565.7136263035,9
SMV2-0140,2022-09-02,2022-09-05,INDIGO,54,1893.9464999999998,2019.9,37645.56362630353,1073565.7136263035,9
SMV2-0140,2022-09-02,2022-09-05,TNPL,393,249.82484999999997,273.8,37645.56362630353,1073565.7136263035,9
SMV2-0140,2022-09-02,2022-09-05,NDTV,217,367.1835,545.75,37645.56362630353,1073565.7136263035,9
SMV2-0141,2022-09-09,2022-09-12,DLF,289,398.59919999999994,409.6,8623.133230953477,1038675.7332309535,9
SMV2-0141,2022-09-09,2022-09-12,GODREJPROP,81,1420.659975,1459.6,8623.133230953477,1038675.7332309535,9
SMV2-0141,2022-09-09,2022-09-12,ZEEL,416,258.479175,270.35,8623.133230953477,1038675.7332309535,9
SMV2-0141,2022-09-09,2022-09-12,SUNTV,220,488.44409999999993,520.2,8623.133230953477,1038675.7332309535,9
SMV2-0141,2022-09-09,2022-09-12,IBREALEST,1324,87.0435,86.25,8623.133230953477,1038675.7332309535,9
SMV2-0141,2022-09-09,2022-09-12,UFLEX,149,772.386,775.2,8623.133230953477,1038675.7332309535,9
SMV2-0141,2022-09-09,2022-09-12,TCPLPACK,84,1365.6825,1302.5,8623.133230953477,1038675.7332309535,9
SMV2-0141,2022-09-09,2022-09-12,NDTV,272,378.3913069852941,422.4,8623.133230953477,1038675.7332309535,9
SMV2-0141,2022-09-09,2022-09-12,AGI,312,368.48415,360.7,8623.133230953477,1038675.7332309535,9
SMV2-0142,2022-09-16,2022-09-19,INDHOTEL,347,319.1595,319.75,838.605904453696,985372.6059044537,9
SMV2-0142,2022-09-16,2022-09-19,CONCOR,149,742.7711999999999,747.65,838.605904453696,985372.6059044537,9
SMV2-0142,2022-09-16,2022-09-19,BLUEDART,13,8519.507625,8484.05,838.605904453696,985372.6059044537,9
SMV2-0142,2022-09-16,2022-09-19,HAL,44,2491.245,2481.1,838.605904453696,985372.6059044537,9
SMV2-0142,2022-09-16,2022-09-19,BEL,985,112.40617499999999,110.5,838.605904453696,985372.6059044537,9
SMV2-0142,2022-09-16,2022-09-19,INDIGO,59,1846.172625,1838.55,838.605904453696,985372.6059044537,9
SMV2-0142,2022-09-16,2022-09-19,EASEMYTRIP,264,419.2095,412.6,838.605904453696,985372.6059044537,9
SMV2-0142,2022-09-16,2022-09-19,BLS,392,282.291075,272.05,838.605904453696,985372.6059044537,9
SMV2-0142,2022-09-16,2022-09-19,ALLCARGO,274,404.202,400.85,838.605904453696,985372.6059044537,9
SMV2-0143,2022-09-23,2022-09-26,INDHOTEL,347,319.1595,316.3,838.605904453696,936107.2059044536,9
SMV2-0143,2022-09-23,2022-09-26,CONCOR,149,742.7711999999999,698.4,838.605904453696,936107.2059044536,9
SMV2-0143,2022-09-23,2022-09-26,BLUEDART,13,8519.507625,8462.75,838.605904453696,936107.2059044536,9
SMV2-0143,2022-09-23,2022-09-26,HAL,44,2491.245,2339.65,838.605904453696,936107.2059044536,9
SMV2-0143,2022-09-23,2022-09-26,BEL,985,112.40617499999999,100.7,838.605904453696,936107.2059044536,9
SMV2-0143,2022-09-23,2022-09-26,INDIGO,59,1846.172625,1839.25,838.605904453696,936107.2059044536,9
SMV2-0143,2022-09-23,2022-09-26,EASEMYTRIP,264,419.2095,363.4,838.605904453696,936107.2059044536,9
SMV2-0143,2022-09-23,2022-09-26,BLS,392,282.291075,266.15,838.605904453696,936107.2059044536,9
SMV2-0143,2022-09-23,2022-09-26,ALLCARGO,274,404.202,366.85,838.605904453696,936107.2059044536,9
SMV2-0144,2022-09-30,2022-10-03,INDHOTEL,347,319.1595,336.85,181.6468157537456,971544.1468157538,9
SMV2-0144,2022-09-30,2022-10-03,CONCOR,149,742.7711999999999,693.05,181.6468157537456,971544.1468157538,9
SMV2-0144,2022-09-30,2022-10-03,BLUEDART,13,8519.507625,9002.6,181.6468157537456,971544.1468157538,9
SMV2-0144,2022-09-30,2022-10-03,BATAINDIA,59,1819.3092,1783.25,181.6468157537456,971544.1468157538,9
SMV2-0144,2022-09-30,2022-10-03,EASEMYTRIP,264,419.2095,382.9,181.6468157537456,971544.1468157538,9
SMV2-0144,2022-09-30,2022-10-03,BLS,392,282.291075,280.25,181.6468157537456,971544.1468157538,9
SMV2-0144,2022-09-30,2022-10-03,METROBRAND,108,910.6551,934.75,181.6468157537456,971544.1468157538,9
SMV2-0144,2022-09-30,2022-10-03,ALLCARGO,274,404.202,402.15,181.6468157537456,971544.1468157538,9
SMV2-0144,2022-09-30,2022-10-03,CAMPUS,187,575.7377250000001,571.55,181.6468157537456,971544.1468157538,9
SMV2-0145,2022-10-07,2022-10-10,INDHOTEL,347,319.1595,337.15,181.6468157537456,979316.0468157538,9
SMV2-0145,2022-10-07,2022-10-10,CONCOR,149,742.7711999999999,689.95,181.6468157537456,979316.0468157538,9
SMV2-0145,2022-10-07,2022-10-10,BLUEDART,13,8519.507625,9036.2,181.6468157537456,979316.0468157538,9
SMV2-0145,2022-10-07,2022-10-10,BATAINDIA,59,1819.3092,1781.15,181.6468157537456,979316.0468157538,9
SMV2-0145,2022-10-07,2022-10-10,EASEMYTRIP,264,419.2095,406.8,181.6468157537456,979316.0468157538,9
SMV2-0145,2022-10-07,2022-10-10,BLS,392,282.291075,274.4,181.6468157537456,979316.0468157538,9
SMV2-0145,2022-10-07,2022-10-10,METROBRAND,108,910.6551,930.65,181.6468157537456,979316.0468157538,9
SMV2-0145,2022-10-07,2022-10-10,ALLCARGO,274,404.202,403.85,181.6468157537456,979316.0468157538,9
SMV2-0145,2022-10-07,2022-10-10,CAMPUS,187,575.7377250000001,591.75,181.6468157537456,979316.0468157538,9
SMV2-0146,2022-10-14,2022-10-17,INDHOTEL,347,319.1595,318.25,6385.893376253705,985583.3433762536,9
SMV2-0146,2022-10-14,2022-10-17,MCDOWELL-N,129,823.4114999999999,825.75,6385.893376253705,985583.3433762536,9
SMV2-0146,2022-10-14,2022-10-17,UBL,64,1652.575875,1668.85,6385.893376253705,985583.3433762536,9
SMV2-0146,2022-10-14,2022-10-17,RADICO,102,1034.517,1033.0,6385.893376253705,985583.3433762536,9
SMV2-0146,2022-10-14,2022-10-17,BATAINDIA,59,1819.3092,1840.1,6385.893376253705,985583.3433762536,9
SMV2-0146,2022-10-14,2022-10-17,EASEMYTRIP,264,419.2095,398.05,6385.893376253705,985583.3433762536,9
SMV2-0146,2022-10-14,2022-10-17,BLS,392,282.291075,319.9,6385.893376253705,985583.3433762536,9
SMV2-0146,2022-10-14,2022-10-17,METROBRAND,108,910.6551,931.35,6385.893376253705,985583.3433762536,9
SMV2-0146,2022-10-14,2022-10-17,CAMPUS,187,575.7377250000001,590.55,6385.893376253705,985583.3433762536,9
SMV2-0147,2022-10-21,2022-10-24,JKPAPER,282,388.59419999999994,385.55,14249.43641940382,982293.4864194037,9
SMV2-0147,2022-10-21,2022-10-24,WSTCSTPAPR,192,570.8853,579.25,14249.43641940382,982293.4864194037,9
SMV2-0147,2022-10-21,2022-10-24,BATAINDIA,59,1819.3092,1814.55,14249.43641940382,982293.4864194037,9
SMV2-0147,2022-10-21,2022-10-24,HAL,45,2425.762275,2414.95,14249.43641940382,982293.4864194037,9
SMV2-0147,2022-10-21,2022-10-24,BEL,1048,104.65229999999998,104.8,14249.43641940382,982293.4864194037,9
SMV2-0147,2022-10-21,2022-10-24,INDIGO,60,1800.8999999999999,1793.4,14249.43641940382,982293.4864194037,9
SMV2-0147,2022-10-21,2022-10-24,METROBRAND,108,910.6551,887.5,14249.43641940382,982293.4864194037,9
SMV2-0147,2022-10-21,2022-10-24,TNPL,450,243.52169999999995,240.0,14249.43641940382,982293.4864194037,9
SMV2-0147,2022-10-21,2022-10-24,CAMPUS,187,575.7377250000001,594.05,14249.43641940382,982293.4864194037,9
SMV2-0148,2022-10-28,2022-10-31,HDFCBANK,62,1472.7359999999999,1496.7,1319.8413986538799,1001297.5913986539,9
SMV2-0148,2022-10-28,2022-10-31,AXISBANK,122,908.454,906.0,1319.8413986538799,1001297.5913986539,9
SMV2-0148,2022-10-28,2022-10-31,ICICIBANK,121,913.0563,908.7,1319.8413986538799,1001297.5913986539,9
SMV2-0148,2022-10-28,2022-10-31,JKPAPER,282,388.59419999999994,414.8,1319.8413986538799,1001297.5913986539,9
SMV2-0148,2022-10-28,2022-10-31,WSTCSTPAPR,192,570.8853,609.25,1319.8413986538799,1001297.5913986539,9
SMV2-0148,2022-10-28,2022-10-31,HAL,45,2425.762275,2530.05,1319.8413986538799,1001297.5913986539,9
SMV2-0148,2022-10-28,2022-10-31,BEL,1048,104.65229999999998,106.85,1319.8413986538799,1001297.5913986539,9
SMV2-0148,2022-10-28,2022-10-31,INDIGO,60,1800.8999999999999,1781.7,1319.8413986538799,1001297.5913986539,9
SMV2-0148,2022-10-28,2022-10-31,TNPL,450,243.52169999999995,266.7,1319.8413986538799,1001297.5913986539,9
SMV2-0149,2022-11-04,2022-11-07,HDFCBANK,62,1472.7359999999999,1508.8,1319.8413986538799,996582.0413986539,9
SMV2-0149,2022-11-04,2022-11-07,AXISBANK,122,908.454,872.95,1319.8413986538799,996582.0413986539,9
SMV2-0149,2022-11-04,2022-11-07,ICICIBANK,121,913.0563,917.5,1319.8413986538799,996582.0413986539,9
SMV2-0149,2022-11-04,2022-11-07,JKPAPER,282,388.59419999999994,394.85,1319.8413986538799,996582.0413986539,9
SMV2-0149,2022-11-04,2022-11-07,WSTCSTPAPR,192,570.8853,592.4,1319.8413986538799,996582.0413986539,9
SMV2-0149,2022-11-04,2022-11-07,HAL,45,2425.762275,2592.6,1319.8413986538799,996582.0413986539,9
SMV2-0149,2022-11-04,2022-11-07,BEL,1048,104.65229999999998,109.65,1319.8413986538799,996582.0413986539,9
SMV2-0149,2022-11-04,2022-11-07,INDIGO,60,1800.8999999999999,1778.05,1319.8413986538799,996582.0413986539,9
SMV2-0149,2022-11-04,2022-11-07,TNPL,450,243.52169999999995,268.55,1319.8413986538799,996582.0413986539,9
SMV2-0150,2022-11-11,2022-11-14,HDFCBANK,62,1472.7359999999999,1615.05,21815.910841753925,995458.960841754,9
SMV2-0150,2022-11-11,2022-11-14,AXISBANK,122,908.454,851.0,21815.910841753925,995458.960841754,9
SMV2-0150,2022-11-11,2022-11-14,ICICIBANK,121,913.0563,894.95,21815.910841753925,995458.960841754,9
SMV2-0150,2022-11-11,2022-11-14,ADANIENT,27,4000.9995,4022.55,21815.910841753925,995458.960841754,9
SMV2-0150,2022-11-11,2022-11-14,REDINGTON,738,149.57475,158.05,21815.910841753925,995458.960841754,9
SMV2-0150,2022-11-11,2022-11-14,HAL,45,2425.762275,2490.25,21815.910841753925,995458.960841754,9
SMV2-0150,2022-11-11,2022-11-14,BEL,1048,104.65229999999998,106.6,21815.910841753925,995458.960841754,9
SMV2-0150,2022-11-11,2022-11-14,INDIGO,60,1800.8999999999999,1775.75,21815.910841753925,995458.960841754,9
SMV2-0150,2022-11-11,2022-11-14,SUNDRMFAST,114,965.4825,928.3,21815.910841753925,995458.960841754,9
SMV2-0151,2022-11-18,2022-11-21,HDFCBANK,62,1472.7359999999999,1597.35,21925.37388385393,1019187.9738838539,9
SMV2-0151,2022-11-18,2022-11-21,AXISBANK,122,908.454,870.05,21925.37388385393,1019187.9738838539,9
SMV2-0151,2022-11-18,2022-11-21,ICICIBANK,121,913.0563,921.4,21925.37388385393,1019187.9738838539,9
SMV2-0151,2022-11-18,2022-11-21,ADANIENT,27,4000.9995,4001.85,21925.37388385393,1019187.9738838539,9
SMV2-0151,2022-11-18,2022-11-21,REDINGTON,738,149.57475,167.65,21925.37388385393,1019187.9738838539,9
SMV2-0151,2022-11-18,2022-11-21,GAIL,1241,90.34514999999999,89.65,21925.37388385393,1019187.9738838539,9
SMV2-0151,2022-11-18,2022-11-21,MGL,124,899.799675,901.15,21925.37388385393,1019187.9738838539,9
SMV2-0151,2022-11-18,2022-11-21,SUNDRMFAST,114,965.4825,897.05,21925.37388385393,1019187.9738838539,9
SMV2-0151,2022-11-18,2022-11-21,REFEX,498,225.11249999999998,248.1,21925.37388385393,1019187.9738838539,9
SMV2-0152,2022-11-25,2022-11-28,HDFCBANK,62,1472.7359999999999,1600.25,21925.37388385393,1056406.473883854,9
SMV2-0152,2022-11-25,2022-11-28,AXISBANK,122,908.454,891.7,21925.37388385393,1056406.473883854,9
SMV2-0152,2022-11-25,2022-11-28,ICICIBANK,121,913.0563,937.4,21925.37388385393,1056406.473883854,9
SMV2-0152,2022-11-25,2022-11-28,ADANIENT,27,4000.9995,3886.15,21925.37388385393,1056406.473883854,9
SMV2-0152,2022-11-25,2022-11-28,REDINGTON,738,149.57475,183.7,21925.37388385393,1056406.473883854,9
SMV2-0152,2022-11-25,2022-11-28,GAIL,1241,90.34514999999999,92.75,21925.37388385393,1056406.473883854,9
SMV2-0152,2022-11-25,2022-11-28,MGL,124,899.799675,910.45,21925.37388385393,1056406.473883854,9
SMV2-0152,2022-11-25,2022-11-28,SUNDRMFAST,114,965.4825,928.2,21925.37388385393,1056406.473883854,9
SMV2-0152,2022-11-25,2022-11-28,REFEX,498,225.11249999999998,278.6,21925.37388385393,1056406.473883854,9
SMV2-0153,2022-12-02,2022-12-05,HDFCBANK,62,1472.7359999999999,1612.95,50328.56648320393,1061461.866483204,9
SMV2-0153,2022-12-02,2022-12-05,AXISBANK,122,908.454,899.2,50328.56648320393,1061461.866483204,9
SMV2-0153,2022-12-02,2022-12-05,ICICIBANK,121,913.0563,933.6,50328.56648320393,1061461.866483204,9
SMV2-0153,2022-12-02,2022-12-05,ADANIENT,27,4000.9995,3930.4,50328.56648320393,1061461.866483204,9
SMV2-0153,2022-12-02,2022-12-05,REDINGTON,738,149.57475,180.1,50328.56648320393,1061461.866483204,9
SMV2-0153,2022-12-02,2022-12-05,GAIL,1241,90.34514999999999,93.15,50328.56648320393,1061461.866483204,9
SMV2-0153,2022-12-02,2022-12-05,MGL,124,899.799675,904.15,50328.56648320393,1061461.866483204,9
SMV2-0153,2022-12-02,2022-12-05,SUNDRMFAST,114,965.4825,925.3,50328.56648320393,1061461.866483204,9
SMV2-0153,2022-12-02,2022-12-05,REFEX,401,225.11249999999998,289.85,50328.56648320393,1061461.866483204,9
SMV2-0154,2022-12-09,2022-12-12,LT,54,2149.97445,2163.7,30609.068351853974,1079774.2683518538,9
SMV2-0154,2022-12-09,2022-12-12,ADANIPORTS,132,892.4960249999999,881.3,30609.068351853974,1079774.2683518538,9
SMV2-0154,2022-12-09,2022-12-12,HDFCBANK,62,1472.7359999999999,1643.75,30609.068351853974,1079774.2683518538,9
SMV2-0154,2022-12-09,2022-12-12,AXISBANK,122,908.454,938.65,30609.068351853974,1079774.2683518538,9
SMV2-0154,2022-12-09,2022-12-12,ICICIBANK,121,913.0563,930.3,30609.068351853974,1079774.2683518538,9
SMV2-0154,2022-12-09,2022-12-12,ADANIENT,27,4000.9995,4016.7,30609.068351853974,1079774.2683518538,9
SMV2-0154,2022-12-09,2022-12-12,REDINGTON,738,149.57475,199.4,30609.068351853974,1079774.2683518538,9
SMV2-0154,2022-12-09,2022-12-12,SUNDRMFAST,114,965.4825,930.8,30609.068351853974,1079774.2683518538,9
SMV2-0154,2022-12-09,2022-12-12,RVNL,1772,66.53325,70.7,30609.068351853974,1079774.2683518538,9
SMV2-0155,2022-12-16,2022-12-19,LT,54,2149.97445,2184.0,30609.068351853974,1076514.218351854,9
SMV2-0155,2022-12-16,2022-12-19,ADANIPORTS,132,892.4960249999999,892.85,30609.068351853974,1076514.218351854,9
SMV2-0155,2022-12-16,2022-12-19,HDFCBANK,62,1472.7359999999999,1644.75,30609.068351853974,1076514.218351854,9
SMV2-0155,2022-12-16,2022-12-19,AXISBANK,122,908.454,946.2,30609.068351853974,1076514.218351854,9
SMV2-0155,2022-12-16,2022-12-19,ICICIBANK,121,913.0563,906.45,30609.068351853974,1076514.218351854,9
SMV2-0155,2022-12-16,2022-12-19,ADANIENT,27,4000.9995,4075.3,30609.068351853974,1076514.218351854,9
SMV2-0155,2022-12-16,2022-12-19,REDINGTON,738,149.57475,188.8,30609.068351853974,1076514.218351854,9
SMV2-0155,2022-12-16,2022-12-19,SUNDRMFAST,114,965.4825,960.75,30609.068351853974,1076514.218351854,9
SMV2-0155,2022-12-16,2022-12-19,RVNL,1772,66.53325,70.05,30609.068351853974,1076514.218351854,9
SMV2-0156,2022-12-23,2022-12-26,SUNPHARMA,109,1010.505,1000.05,19286.57081445394,1005789.070814454,9
SMV2-0156,2022-12-23,2022-12-26,CIPLA,98,1127.5635,1096.5,19286.57081445394,1005789.070814454,9
SMV2-0156,2022-12-23,2022-12-26,HDFCLIFE,197,562.78125,569.3,19286.57081445394,1005789.070814454,9
SMV2-0156,2022-12-23,2022-12-26,HDFCBANK,62,1472.7359999999999,1629.45,19286.57081445394,1005789.070814454,9
SMV2-0156,2022-12-23,2022-12-26,AXISBANK,122,908.454,928.7,19286.57081445394,1005789.070814454,9
SMV2-0156,2022-12-23,2022-12-26,ICICIBANK,121,913.0563,893.2,19286.57081445394,1005789.070814454,9
SMV2-0156,2022-12-23,2022-12-26,LICI,167,661.3304999999999,688.0,19286.57081445394,1005789.070814454,9
SMV2-0156,2022-12-23,2022-12-26,POLICYBZR,247,448.224,456.9,19286.57081445394,1005789.070814454,9
SMV2-0156,2022-12-23,2022-12-26,APOLLOHOSP,23,4726.061849999999,4684.05,19286.57081445394,1005789.070814454,9
SMV2-0157,2022-12-30,2023-01-02,VEDL,356,310.10497499999997,316.1,10752.614695304044,1004891.3646953041,9
SMV2-0157,2022-12-30,2023-01-02,TATASTEEL,966,114.4572,119.25,10752.614695304044,1004891.3646953041,9
SMV2-0157,2022-12-30,2023-01-02,HINDALCO,232,476.18797499999994,487.05,10752.614695304044,1004891.3646953041,9
SMV2-0157,2022-12-30,2023-01-02,HDFCBANK,62,1472.7359999999999,1628.7,10752.614695304044,1004891.3646953041,9
SMV2-0157,2022-12-30,2023-01-02,AXISBANK,122,908.454,941.6,10752.614695304044,1004891.3646953041,9
SMV2-0157,2022-12-30,2023-01-02,ICICIBANK,121,913.0563,902.45,10752.614695304044,1004891.3646953041,9
SMV2-0157,2022-12-30,2023-01-02,SUPREMEIND,45,2451.275025,2407.25,10752.614695304044,1004891.3646953041,9
SMV2-0157,2022-12-30,2023-01-02,ASTRAL,55,1975.9875,1963.1,10752.614695304044,1004891.3646953041,9
SMV2-0157,2022-12-30,2023-01-02,FINPIPE,595,185.69279999999998,188.35,10752.614695304044,1004891.3646953041,9
SMV2-0158,2023-01-06,2023-01-09,HDFCLIFE,180,615.3575249999999,608.45,17509.500270704157,998468.6502707042,9
SMV2-0158,2023-01-06,2023-01-09,SBILIFE,86,1276.0377,1306.35,17509.500270704157,998468.6502707042,9
SMV2-0158,2023-01-06,2023-01-09,HDFCBANK,62,1472.7359999999999,1597.5,17509.500270704157,998468.6502707042,9
SMV2-0158,2023-01-06,2023-01-09,AXISBANK,122,908.454,958.75,17509.500270704157,998468.6502707042,9
SMV2-0158,2023-01-06,2023-01-09,ICICIBANK,121,913.0563,873.35,17509.500270704157,998468.6502707042,9
SMV2-0158,2023-01-06,2023-01-09,POLYCAB,41,2647.323,2653.7,17509.500270704157,998468.6502707042,9
SMV2-0158,2023-01-06,2023-01-09,ABB,38,2862.480525,2862.1,17509.500270704157,998468.6502707042,9
SMV2-0158,2023-01-06,2023-01-09,KEI,74,1498.0986749999997,1489.95,17509.500270704157,998468.6502707042,9
SMV2-0158,2023-01-06,2023-01-09,LICI,154,716.358,711.6,17509.500270704157,998468.6502707042,9
SMV2-0159,2023-01-13,2023-01-16,HDFCLIFE,180,615.3575249999999,604.2,6864.386753204177,988830.6367532042,9
SMV2-0159,2023-01-13,2023-01-16,SBILIFE,86,1276.0377,1300.9,6864.386753204177,988830.6367532042,9
SMV2-0159,2023-01-13,2023-01-16,POLYCAB,41,2647.323,2673.55,6864.386753204177,988830.6367532042,9
SMV2-0159,2023-01-13,2023-01-16,ABB,38,2862.480525,2872.4,6864.386753204177,988830.6367532042,9
SMV2-0159,2023-01-13,2023-01-16,TITAN,45,2429.214,2405.85,6864.386753204177,988830.6367532042,9
SMV2-0159,2023-01-13,2023-01-16,RAJESHEXPO,137,805.5525749999999,808.85,6864.386753204177,988830.6367532042,9
SMV2-0159,2023-01-13,2023-01-16,KALYANKJIL,893,123.76185,121.2,6864.386753204177,988830.6367532042,9
SMV2-0159,2023-01-13,2023-01-16,KEI,74,1498.0986749999997,1433.0,6864.386753204177,988830.6367532042,9
SMV2-0159,2023-01-13,2023-01-16,LICI,154,716.358,709.2,6864.386753204177,988830.6367532042,9
SMV2-0160,2023-01-20,2023-01-23,VEDL,326,331.11547499999995,329.15,288.4905667042185,996458.8405667042,9
SMV2-0160,2023-01-20,2023-01-23,TATASTEEL,902,123.4617,122.0,288.4905667042185,996458.8405667042,9
SMV2-0160,2023-01-20,2023-01-23,HINDALCO,225,494.247,494.2,288.4905667042185,996458.8405667042,9
SMV2-0160,2023-01-20,2023-01-23,POLYCAB,41,2647.323,2800.45,288.4905667042185,996458.8405667042,9
SMV2-0160,2023-01-20,2023-01-23,ABB,38,2862.480525,2947.7,288.4905667042185,996458.8405667042,9
SMV2-0160,2023-01-20,2023-01-23,TITAN,45,2429.214,2364.7,288.4905667042185,996458.8405667042,9
SMV2-0160,2023-01-20,2023-01-23,RAJESHEXPO,137,805.5525749999999,834.2,288.4905667042185,996458.8405667042,9
SMV2-0160,2023-01-20,2023-01-23,KALYANKJIL,893,123.76185,119.6,288.4905667042185,996458.8405667042,9
SMV2-0160,2023-01-20,2023-01-23,KEI,74,1498.0986749999997,1531.05,288.4905667042185,996458.8405667042,9
SMV2-0161,2023-01-27,2023-01-30,VEDL,326,331.11547499999995,321.9,288.4905667042185,973627.4905667042,9
SMV2-0161,2023-01-27,2023-01-30,TATASTEEL,902,123.4617,118.75,288.4905667042185,973627.4905667042,9
SMV2-0161,2023-01-27,2023-01-30,HINDALCO,225,494.247,472.35,288.4905667042185,973627.4905667042,9
SMV2-0161,2023-01-27,2023-01-30,POLYCAB,41,2647.323,2819.2,288.4905667042185,973627.4905667042,9
SMV2-0161,2023-01-27,2023-01-30,ABB,38,2862.480525,2814.85,288.4905667042185,973627.4905667042,9
SMV2-0161,2023-01-27,2023-01-30,TITAN,45,2429.214,2335.55,288.4905667042185,973627.4905667042,9
SMV2-0161,2023-01-27,2023-01-30,RAJESHEXPO,137,805.5525749999999,836.2,288.4905667042185,973627.4905667042,9
SMV2-0161,2023-01-27,2023-01-30,KALYANKJIL,893,123.76185,105.0,288.4905667042185,973627.4905667042,9
SMV2-0161,2023-01-27,2023-01-30,KEI,74,1498.0986749999997,1608.55,288.4905667042185,973627.4905667042,9
SMV2-0162,2023-02-03,2023-02-06,TCS,32,3474.886575,3459.95,18211.74921030426,999900.6492103043,9
SMV2-0162,2023-02-03,2023-02-06,INFY,70,1598.799,1569.85,18211.74921030426,999900.6492103043,9
SMV2-0162,2023-02-03,2023-02-06,HCLTECH,98,1135.7676,1145.7,18211.74921030426,999900.6492103043,9
SMV2-0162,2023-02-03,2023-02-06,VEDL,326,331.11547499999995,306.25,18211.74921030426,999900.6492103043,9
SMV2-0162,2023-02-03,2023-02-06,TATASTEEL,902,123.4617,117.45,18211.74921030426,999900.6492103043,9
SMV2-0162,2023-02-03,2023-02-06,HINDALCO,225,494.247,447.35,18211.74921030426,999900.6492103043,9
SMV2-0162,2023-02-03,2023-02-06,TITAN,45,2429.214,2458.0,18211.74921030426,999900.6492103043,9
SMV2-0162,2023-02-03,2023-02-06,RAJESHEXPO,137,805.5525749999999,910.15,18211.74921030426,999900.6492103043,9
SMV2-0162,2023-02-03,2023-02-06,KALYANKJIL,893,123.76185,119.9,18211.74921030426,999900.6492103043,9
SMV2-0163,2023-02-10,2023-02-13,TCS,32,3474.886575,3482.4,18211.74921030426,963640.4992103042,9
SMV2-0163,2023-02-10,2023-02-13,INFY,70,1598.799,1567.45,18211.74921030426,963640.4992103042,9
SMV2-0163,2023-02-10,2023-02-13,HCLTECH,98,1135.7676,1113.0,18211.74921030426,963640.4992103042,9
SMV2-0163,2023-02-10,2023-02-13,VEDL,326,331.11547499999995,308.75,18211.74921030426,963640.4992103042,9
SMV2-0163,2023-02-10,2023-02-13,TATASTEEL,902,123.4617,108.75,18211.74921030426,963640.4992103042,9
SMV2-0163,2023-02-10,2023-02-13,HINDALCO,225,494.247,427.7,18211.74921030426,963640.4992103042,9
SMV2-0163,2023-02-10,2023-02-13,TITAN,45,2429.214,2519.05,18211.74921030426,963640.4992103042,9
SMV2-0163,2023-02-10,2023-02-13,RAJESHEXPO,137,805.5525749999999,808.25,18211.74921030426,963640.4992103042,9
SMV2-0163,2023-02-10,2023-02-13,KALYANKJIL,893,123.76185,107.65,18211.74921030426,963640.4992103042,9
SMV2-0164,2023-02-17,2023-02-20,TCS,32,3474.886575,3487.3,53.85154975437035,958757.0515497543,9
SMV2-0164,2023-02-17,2023-02-20,INFY,70,1598.799,1592.45,53.85154975437035,958757.0515497543,9
SMV2-0164,2023-02-17,2023-02-20,HCLTECH,98,1135.7676,1115.7,53.85154975437035,958757.0515497543,9
SMV2-0164,2023-02-17,2023-02-20,ITC,278,384.89234999999996,384.05,53.85154975437035,958757.0515497543,9
SMV2-0164,2023-02-17,2023-02-20,GRASIM,65,1644.822,1632.0,53.85154975437035,958757.0515497543,9
SMV2-0164,2023-02-17,2023-02-20,SRF,46,2321.16,2312.35,53.85154975437035,958757.0515497543,9
SMV2-0164,2023-02-17,2023-02-20,HAL,40,2645.3219999999997,2587.15,53.85154975437035,958757.0515497543,9
SMV2-0164,2023-02-17,2023-02-20,BEL,1035,96.74835,94.9,53.85154975437035,958757.0515497543,9
SMV2-0164,2023-02-17,2023-02-20,INDIGO,56,1886.892975,1881.75,53.85154975437035,958757.0515497543,9
SMV2-0165,2023-02-24,2023-02-27,TCS,32,3474.886575,3331.85,131.91801320439845,921726.2180132044,9
SMV2-0165,2023-02-24,2023-02-27,INFY,70,1598.799,1509.3,131.91801320439845,921726.2180132044,9
SMV2-0165,2023-02-24,2023-02-27,HCLTECH,98,1135.7676,1083.95,131.91801320439845,921726.2180132044,9
SMV2-0165,2023-02-24,2023-02-27,ITC,278,384.89234999999996,382.2,131.91801320439845,921726.2180132044,9
SMV2-0165,2023-02-24,2023-02-27,GRASIM,65,1644.822,1571.6,131.91801320439845,921726.2180132044,9
SMV2-0165,2023-02-24,2023-02-27,SRF,46,2321.16,2191.9,131.91801320439845,921726.2180132044,9
SMV2-0165,2023-02-24,2023-02-27,BATAINDIA,72,1426.5629249999997,1391.7,131.91801320439845,921726.2180132044,9
SMV2-0165,2023-02-24,2023-02-27,MIRZAINT,362,286.9434,268.45,131.91801320439845,921726.2180132044,9
SMV2-0165,2023-02-24,2023-02-27,CAMPUS,237,400.2,407.1,131.91801320439845,921726.2180132044,9
SMV2-0166,2023-03-03,2023-03-06,HDFCLIFE,210,492.2459999999999,490.15,15715.374494804491,931154.3244948045,9
SMV2-0166,2023-03-03,2023-03-06,SBILIFE,91,1132.566,1128.7,15715.374494804491,931154.3244948045,9
SMV2-0166,2023-03-03,2023-03-06,BATAINDIA,72,1426.5629249999997,1420.6,15715.374494804491,931154.3244948045,9
SMV2-0166,2023-03-03,2023-03-06,TATAPOWER,496,208.60424999999998,210.3,15715.374494804491,931154.3244948045,9
SMV2-0166,2023-03-03,2023-03-06,NTPC,599,172.98645,176.8,15715.374494804491,931154.3244948045,9
SMV2-0166,2023-03-03,2023-03-06,MIRZAINT,362,286.9434,263.5,15715.374494804491,931154.3244948045,9
SMV2-0166,2023-03-03,2023-03-06,CAMPUS,237,400.2,401.65,15715.374494804491,931154.3244948045,9
SMV2-0166,2023-03-03,2023-03-06,POLICYBZR,171,605.3525249999999,595.2,15715.374494804491,931154.3244948045,9
SMV2-0166,2023-03-03,2023-03-06,POWERGRID,462,224.112,227.15,15715.374494804491,931154.3244948045,9
SMV2-0167,2023-03-10,2023-03-13,BATAINDIA,72,1426.5629249999997,1416.05,7117.30366750453,912168.7536675045,9
SMV2-0167,2023-03-10,2023-03-13,RELIANCE,44,2330.1645,2284.5,7117.30366750453,912168.7536675045,9
SMV2-0167,2023-03-10,2023-03-13,ONGC,657,156.27809999999997,155.8,7117.30366750453,912168.7536675045,9
SMV2-0167,2023-03-10,2023-03-13,TATAPOWER,496,208.60424999999998,202.85,7117.30366750453,912168.7536675045,9
SMV2-0167,2023-03-10,2023-03-13,NTPC,599,172.98645,179.7,7117.30366750453,912168.7536675045,9
SMV2-0167,2023-03-10,2023-03-13,MIRZAINT,362,286.9434,255.85,7117.30366750453,912168.7536675045,9
SMV2-0167,2023-03-10,2023-03-13,CAMPUS,237,400.2,390.85,7117.30366750453,912168.7536675045,9
SMV2-0167,2023-03-10,2023-03-13,POWERGRID,462,224.112,226.1,7117.30366750453,912168.7536675045,9
SMV2-0167,2023-03-10,2023-03-13,HINDPETRO,448,229.1145,228.25,7117.30366750453,912168.7536675045,9
SMV2-0168,2023-03-17,2023-03-20,MCDOWELL-N,134,756.3779999999999,765.85,182.00269730453147,914863.3026973046,9
SMV2-0168,2023-03-17,2023-03-20,UBL,70,1447.1232,1448.4,182.00269730453147,914863.3026973046,9
SMV2-0168,2023-03-17,2023-03-20,RADICO,78,1195.49745,1177.05,182.00269730453147,914863.3026973046,9
SMV2-0168,2023-03-17,2023-03-20,RELIANCE,44,2330.1645,2201.25,182.00269730453147,914863.3026973046,9
SMV2-0168,2023-03-17,2023-03-20,ONGC,657,156.27809999999997,152.3,182.00269730453147,914863.3026973046,9
SMV2-0168,2023-03-17,2023-03-20,TATAPOWER,496,208.60424999999998,202.6,182.00269730453147,914863.3026973046,9
SMV2-0168,2023-03-17,2023-03-20,NTPC,599,172.98645,176.0,182.00269730453147,914863.3026973046,9
SMV2-0168,2023-03-17,2023-03-20,POWERGRID,462,224.112,227.5,182.00269730453147,914863.3026973046,9
SMV2-0168,2023-03-17,2023-03-20,HINDPETRO,448,229.1145,247.6,182.00269730453147,914863.3026973046,9
SMV2-0169,2023-03-24,2023-03-27,MCDOWELL-N,134,756.3779999999999,749.45,4275.856162554628,894570.8061625547,9
SMV2-0169,2023-03-24,2023-03-27,UBL,70,1447.1232,1413.9,4275.856162554628,894570.8061625547,9
SMV2-0169,2023-03-24,2023-03-27,RADICO,78,1195.49745,1183.75,4275.856162554628,894570.8061625547,9
SMV2-0169,2023-03-24,2023-03-27,ABB,29,3355.6769999999997,3324.6,4275.856162554628,894570.8061625547,9
SMV2-0169,2023-03-24,2023-03-27,FINCABLES,126,790.395,795.2,4275.856162554628,894570.8061625547,9
SMV2-0169,2023-03-24,2023-03-27,RELIANCE,44,2330.1645,2237.55,4275.856162554628,894570.8061625547,9
SMV2-0169,2023-03-24,2023-03-27,ONGC,657,156.27809999999997,150.25,4275.856162554628,894570.8061625547,9
SMV2-0169,2023-03-24,2023-03-27,HINDPETRO,448,229.1145,236.3,4275.856162554628,894570.8061625547,9
SMV2-0169,2023-03-24,2023-03-27,OLECTRA,157,635.21745,630.1,4275.856162554628,894570.8061625547,9
SMV2-0170,2023-03-31,2023-04-03,MCDOWELL-N,134,756.3779999999999,750.65,4275.856162554628,904228.7061625546,9
SMV2-0170,2023-03-31,2023-04-03,UBL,70,1447.1232,1433.05,4275.856162554628,904228.7061625546,9
SMV2-0170,2023-03-31,2023-04-03,RADICO,78,1195.49745,1178.0,4275.856162554628,904228.7061625546,9
SMV2-0170,2023-03-31,2023-04-03,ABB,29,3355.6769999999997,3373.75,4275.856162554628,904228.7061625546,9
SMV2-0170,2023-03-31,2023-04-03,FINCABLES,126,790.395,816.7,4275.856162554628,904228.7061625546,9
SMV2-0170,2023-03-31,2023-04-03,RELIANCE,44,2330.1645,2331.45,4275.856162554628,904228.7061625546,9
SMV2-0170,2023-03-31,2023-04-03,ONGC,657,156.27809999999997,153.65,4275.856162554628,904228.7061625546,9
SMV2-0170,2023-03-31,2023-04-03,HINDPETRO,448,229.1145,225.5,4275.856162554628,904228.7061625546,9
SMV2-0170,2023-03-31,2023-04-03,OLECTRA,157,635.21745,648.85,4275.856162554628,904228.7061625546,9
SMV2-0171,2023-04-06,2023-04-10,MCDOWELL-N,134,756.3779999999999,750.9,4275.856162554628,907069.2561625546,9
SMV2-0171,2023-04-06,2023-04-10,UBL,70,1447.1232,1398.0,4275.856162554628,907069.2561625546,9
SMV2-0171,2023-04-06,2023-04-10,RADICO,78,1195.49745,1111.15,4275.856162554628,907069.2561625546,9
SMV2-0171,2023-04-06,2023-04-10,ABB,29,3355.6769999999997,3397.65,4275.856162554628,907069.2561625546,9
SMV2-0171,2023-04-06,2023-04-10,FINCABLES,126,790.395,853.6,4275.856162554628,907069.2561625546,9
SMV2-0171,2023-04-06,2023-04-10,RELIANCE,44,2330.1645,2324.85,4275.856162554628,907069.2561625546,9
SMV2-0171,2023-04-06,2023-04-10,ONGC,657,156.27809999999997,157.15,4275.856162554628,907069.2561625546,9
SMV2-0171,2023-04-06,2023-04-10,HINDPETRO,448,229.1145,229.3,4275.856162554628,907069.2561625546,9
SMV2-0171,2023-04-06,2023-04-10,OLECTRA,157,635.21745,657.9,4275.856162554628,907069.2561625546,9
SMV2-0172,2023-04-13,2023-04-17,ABB,29,3355.6769999999997,3229.0,3355.762729954673,910881.9127299547,9
SMV2-0172,2023-04-13,2023-04-17,FINCABLES,126,790.395,862.95,3355.762729954673,910881.9127299547,9
SMV2-0172,2023-04-13,2023-04-17,JKPAPER,263,380.89034999999996,377.5,3355.762729954673,910881.9127299547,9
SMV2-0172,2023-04-13,2023-04-17,WSTCSTPAPR,176,567.2835,567.3,3355.762729954673,910881.9127299547,9
SMV2-0172,2023-04-13,2023-04-17,HAL,35,2805.402,2831.45,3355.762729954673,910881.9127299547,9
SMV2-0172,2023-04-13,2023-04-17,BEL,991,101.0505,101.4,3355.762729954673,910881.9127299547,9
SMV2-0172,2023-04-13,2023-04-17,INDIGO,52,1890.945,1937.0,3355.762729954673,910881.9127299547,9
SMV2-0172,2023-04-13,2023-04-17,TNPL,417,240.01995,248.35,3355.762729954673,910881.9127299547,9
SMV2-0172,2023-04-13,2023-04-17,OLECTRA,157,635.21745,650.65,3355.762729954673,910881.9127299547,9
SMV2-0173,2023-04-21,2023-04-24,INDHOTEL,297,336.91837499999997,339.0,25.30149860464735,904349.7014986046,9
SMV2-0173,2023-04-21,2023-04-24,ABB,29,3355.6769999999997,3217.4,25.30149860464735,904349.7014986046,9
SMV2-0173,2023-04-21,2023-04-24,FINCABLES,126,790.395,869.2,25.30149860464735,904349.7014986046,9
SMV2-0173,2023-04-21,2023-04-24,LEMONTREE,1109,85.292625,84.45,25.30149860464735,904349.7014986046,9
SMV2-0173,2023-04-21,2023-04-24,BLS,563,178.139025,181.1,25.30149860464735,904349.7014986046,9
SMV2-0173,2023-04-21,2023-04-24,JINDALPOLY,170,588.99435,585.95,25.30149860464735,904349.7014986046,9
SMV2-0173,2023-04-21,2023-04-24,UFLEX,252,397.19849999999997,401.15,25.30149860464735,904349.7014986046,9
SMV2-0173,2023-04-21,2023-04-24,AGI,258,388.09394999999995,391.35,25.30149860464735,904349.7014986046,9
SMV2-0173,2023-04-21,2023-04-24,OLECTRA,157,635.21745,659.45,25.30149860464735,904349.7014986046,9
SMV2-0174,2023-04-28,2023-05-02,PAGEIND,2,40570.274999999994,40229.1,29091.367326504667,935366.0173265047,9
SMV2-0174,2023-04-28,2023-05-02,RAYMOND,64,1600.8,1609.6,29091.367326504667,935366.0173265047,9
SMV2-0174,2023-04-28,2023-05-02,INDHOTEL,297,336.91837499999997,347.45,29091.367326504667,935366.0173265047,9
SMV2-0174,2023-04-28,2023-05-02,LEMONTREE,1109,85.292625,87.9,29091.367326504667,935366.0173265047,9
SMV2-0174,2023-04-28,2023-05-02,BLS,563,178.139025,180.0,29091.367326504667,935366.0173265047,9
SMV2-0174,2023-04-28,2023-05-02,JINDALPOLY,170,588.99435,629.5,29091.367326504667,935366.0173265047,9
SMV2-0174,2023-04-28,2023-05-02,UFLEX,252,397.19849999999997,411.2,29091.367326504667,935366.0173265047,9
SMV2-0174,2023-04-28,2023-05-02,AGI,258,388.09394999999995,413.05,29091.367326504667,935366.0173265047,9
SMV2-0174,2023-04-28,2023-05-02,AXITA,1992,52.025999999999996,52.0,29091.367326504667,935366.0173265047,9
SMV2-0175,2023-05-05,2023-05-08,PAGEIND,2,40570.274999999994,41371.9,25087.22784725466,943499.5778472547,9
SMV2-0175,2023-05-05,2023-05-08,RAYMOND,64,1600.8,1585.2,25087.22784725466,943499.5778472547,9
SMV2-0175,2023-05-05,2023-05-08,INDHOTEL,297,336.91837499999997,370.1,25087.22784725466,943499.5778472547,9
SMV2-0175,2023-05-05,2023-05-08,LEMONTREE,1109,85.292625,91.65,25087.22784725466,943499.5778472547,9
SMV2-0175,2023-05-05,2023-05-08,BLS,563,178.139025,173.1,25087.22784725466,943499.5778472547,9
SMV2-0175,2023-05-05,2023-05-08,JINDALPOLY,170,588.99435,635.55,25087.22784725466,943499.5778472547,9
SMV2-0175,2023-05-05,2023-05-08,UFLEX,252,397.19849999999997,416.3,25087.22784725466,943499.5778472547,9
SMV2-0175,2023-05-05,2023-05-08,AGI,203,388.09394999999995,534.65,25087.22784725466,943499.5778472547,9
SMV2-0175,2023-05-05,2023-05-08,AXITA,2877,47.117133863399374,36.05,25087.22784725466,943499.5778472547,9
SMV2-0176,2023-05-12,2023-05-15,LT,47,2222.0104499999998,2246.85,46.978085104739876,936777.9280851047,9
SMV2-0176,2023-05-12,2023-05-15,INDHOTEL,297,336.91837499999997,353.35,46.978085104739876,936777.9280851047,9
SMV2-0176,2023-05-12,2023-05-15,LEMONTREE,1109,85.292625,90.05,46.978085104739876,936777.9280851047,9
SMV2-0176,2023-05-12,2023-05-15,BLS,563,178.139025,187.9,46.978085104739876,936777.9280851047,9
SMV2-0176,2023-05-12,2023-05-15,JINDALPOLY,170,588.99435,683.95,46.978085104739876,936777.9280851047,9
SMV2-0176,2023-05-12,2023-05-15,UFLEX,252,397.19849999999997,429.65,46.978085104739876,936777.9280851047,9
SMV2-0176,2023-05-12,2023-05-15,AGI,203,388.09394999999995,551.1,46.978085104739876,936777.9280851047,9
SMV2-0176,2023-05-12,2023-05-15,RVNL,849,123.56174999999999,120.7,46.978085104739876,936777.9280851047,9
SMV2-0176,2023-05-12,2023-05-15,IRCON,1040,80.03999999999999,78.5,46.978085104739876,936777.9280851047,9
SMV2-0177,2023-05-19,2023-05-22,LT,47,2222.0104499999998,2216.6,1467.1608190048137,943976.1108190047,9
SMV2-0177,2023-05-19,2023-05-22,POLYCAB,30,3456.2272500000004,3431.35,1467.1608190048137,943976.1108190047,9
SMV2-0177,2023-05-19,2023-05-22,ABB,27,3871.935,3893.2,1467.1608190048137,943976.1108190047,9
SMV2-0177,2023-05-19,2023-05-22,KEI,39,2037.8184,2000.7,1467.1608190048137,943976.1108190047,9
SMV2-0177,2023-05-19,2023-05-22,JINDALPOLY,170,588.99435,681.1,1467.1608190048137,943976.1108190047,9
SMV2-0177,2023-05-19,2023-05-22,UFLEX,252,397.19849999999997,434.65,1467.1608190048137,943976.1108190047,9
SMV2-0177,2023-05-19,2023-05-22,AGI,203,388.09394999999995,584.65,1467.1608190048137,943976.1108190047,9
SMV2-0177,2023-05-19,2023-05-22,RVNL,849,123.56174999999999,115.9,1467.1608190048137,943976.1108190047,9
SMV2-0177,2023-05-19,2023-05-22,IRCON,1342,79.69101784649776,81.85,1467.1608190048137,943976.1108190047,9
SMV2-0178,2023-05-26,2023-05-29,TCS,31,3362.4804,3320.35,261.61780375486705,933196.2678037549,9
SMV2-0178,2023-05-26,2023-05-29,INFY,78,1333.36635,1314.4,261.61780375486705,933196.2678037549,9
SMV2-0178,2023-05-26,2023-05-29,POLYCAB,30,3456.2272500000004,3412.3,261.61780375486705,933196.2678037549,9
SMV2-0178,2023-05-26,2023-05-29,ABB,27,3871.935,4031.15,261.61780375486705,933196.2678037549,9
SMV2-0178,2023-05-26,2023-05-29,KEI,52,2028.6138,1993.1,261.61780375486705,933196.2678037549,9
SMV2-0178,2023-05-26,2023-05-29,JINDALPOLY,170,588.99435,672.6,261.61780375486705,933196.2678037549,9
SMV2-0178,2023-05-26,2023-05-29,UFLEX,252,397.19849999999997,416.6,261.61780375486705,933196.2678037549,9
SMV2-0178,2023-05-26,2023-05-29,AGI,203,388.09394999999995,567.1,261.61780375486705,933196.2678037549,9
SMV2-0178,2023-05-26,2023-05-29,PAYTM,111,709.7547,704.35,261.61780375486705,933196.2678037549,9
SMV2-0179,2023-06-02,2023-06-05,TCS,31,3362.4804,3288.9,499.03397825482534,941098.983978255,9
SMV2-0179,2023-06-02,2023-06-05,INFY,78,1333.36635,1304.5,499.03397825482534,941098.983978255,9
SMV2-0179,2023-06-02,2023-06-05,POLYCAB,30,3456.2272500000004,3594.7,499.03397825482534,941098.983978255,9
SMV2-0179,2023-06-02,2023-06-05,ABB,27,3871.935,4033.0,499.03397825482534,941098.983978255,9
SMV2-0179,2023-06-02,2023-06-05,GAIL,1002,105.0525,104.45,499.03397825482534,941098.983978255,9
SMV2-0179,2023-06-02,2023-06-05,MGL,101,1040.52,1028.9,499.03397825482534,941098.983978255,9
SMV2-0179,2023-06-02,2023-06-05,KEI,52,2028.6138,2115.05,499.03397825482534,941098.983978255,9
SMV2-0179,2023-06-02,2023-06-05,REFEX,193,526.4631,507.8,499.03397825482534,941098.983978255,9
SMV2-0179,2023-06-02,2023-06-05,PAYTM,145,713.40273,714.45,499.03397825482534,941098.983978255,9
SMV2-0180,2023-06-09,2023-06-12,TCS,31,3362.4804,3246.9,235.0293696049048,947656.4793696048,9
SMV2-0180,2023-06-09,2023-06-12,INFY,78,1333.36635,1291.95,235.0293696049048,947656.4793696048,9
SMV2-0180,2023-06-09,2023-06-12,MCDOWELL-N,118,891.4454999999999,880.75,235.0293696049048,947656.4793696048,9
SMV2-0180,2023-06-09,2023-06-12,UBL,71,1480.74,1482.4,235.0293696049048,947656.4793696048,9
SMV2-0180,2023-06-09,2023-06-12,POLYCAB,30,3456.2272500000004,3534.1,235.0293696049048,947656.4793696048,9
SMV2-0180,2023-06-09,2023-06-12,ABB,27,3871.935,4151.45,235.0293696049048,947656.4793696048,9
SMV2-0180,2023-06-09,2023-06-12,KEI,52,2028.6138,2069.95,235.0293696049048,947656.4793696048,9
SMV2-0180,2023-06-09,2023-06-12,PAYTM,145,713.40273,812.15,235.0293696049048,947656.4793696048,9
SMV2-0180,2023-06-09,2023-06-12,SULA,207,460.2299999999999,450.75,235.0293696049048,947656.4793696048,9
SMV2-0181,2023-06-16,2023-06-19,ZEEL,586,186.093,185.25,124.7059570049314,974353.7059570049,9
SMV2-0181,2023-06-16,2023-06-19,SUNTV,245,445.22249999999997,443.05,124.7059570049314,974353.7059570049,9
SMV2-0181,2023-06-16,2023-06-19,TV18BRDCST,2700,40.420199999999994,40.35,124.7059570049314,974353.7059570049,9
SMV2-0181,2023-06-16,2023-06-19,POLYCAB,30,3456.2272500000004,3529.65,124.7059570049314,974353.7059570049,9
SMV2-0181,2023-06-16,2023-06-19,ABB,27,3871.935,4327.65,124.7059570049314,974353.7059570049,9
SMV2-0181,2023-06-16,2023-06-19,HAL,27,3900.9494999999997,3893.4,124.7059570049314,974353.7059570049,9
SMV2-0181,2023-06-16,2023-06-19,BEL,776,126.41317499999998,124.85,124.7059570049314,974353.7059570049,9
SMV2-0181,2023-06-16,2023-06-19,INDIGO,44,2446.2225,2432.3,124.7059570049314,974353.7059570049,9
SMV2-0181,2023-06-16,2023-06-19,KEI,52,2028.6138,2238.8,124.7059570049314,974353.7059570049,9
SMV2-0182,2023-06-23,2023-06-26,BHEL,1238,85.14254999999999,83.8,234.06724135500554,955521.617241355,9
SMV2-0182,2023-06-23,2023-06-26,SIEMENS,28,3681.7899749999997,3699.35,234.06724135500554,955521.617241355,9
SMV2-0182,2023-06-23,2023-06-26,POLYCAB,30,3456.2272500000004,3466.35,234.06724135500554,955521.617241355,9
SMV2-0182,2023-06-23,2023-06-26,ABB,27,3871.935,4285.35,234.06724135500554,955521.617241355,9
SMV2-0182,2023-06-23,2023-06-26,HAL,27,3900.9494999999997,3701.05,234.06724135500554,955521.617241355,9
SMV2-0182,2023-06-23,2023-06-26,BEL,776,126.41317499999998,121.4,234.06724135500554,955521.617241355,9
SMV2-0182,2023-06-23,2023-06-26,INDIGO,44,2446.2225,2464.85,234.06724135500554,955521.617241355,9
SMV2-0182,2023-06-23,2023-06-26,KEI,52,2028.6138,2349.25,234.06724135500554,955521.617241355,9
SMV2-0182,2023-06-23,2023-06-26,GRAPHITE,255,395.39759999999995,405.95,234.06724135500554,955521.617241355,9
SMV2-0183,2023-06-30,2023-07-03,BHEL,1238,85.14254999999999,88.3,26105.84491120503,976521.844911205,9
SMV2-0183,2023-06-30,2023-07-03,SIEMENS,28,3681.7899749999997,3727.45,26105.84491120503,976521.844911205,9
SMV2-0183,2023-06-30,2023-07-03,MARUTI,11,9746.921025,9673.0,26105.84491120503,976521.844911205,9
SMV2-0183,2023-06-30,2023-07-03,HAL,27,3900.9494999999997,3770.05,26105.84491120503,976521.844911205,9
SMV2-0183,2023-06-30,2023-07-03,BEL,776,126.41317499999998,123.75,26105.84491120503,976521.844911205,9
SMV2-0183,2023-06-30,2023-07-03,INDIGO,44,2446.2225,2638.2,26105.84491120503,976521.844911205,9
SMV2-0183,2023-06-30,2023-07-03,M&M,73,1470.735,1467.95,26105.84491120503,976521.844911205,9
SMV2-0183,2023-06-30,2023-07-03,HEROMOTOCO,37,2876.4375,2898.75,26105.84491120503,976521.844911205,9
SMV2-0183,2023-06-30,2023-07-03,GRAPHITE,255,395.39759999999995,400.05,26105.84491120503,976521.844911205,9
SMV2-0184,2023-07-07,2023-07-10,BHEL,1238,85.14254999999999,91.2,26105.84491120503,994693.994911205,9
SMV2-0184,2023-07-07,2023-07-10,SIEMENS,28,3681.7899749999997,3647.45,26105.84491120503,994693.994911205,9
SMV2-0184,2023-07-07,2023-07-10,MARUTI,11,9746.921025,9736.3,26105.84491120503,994693.994911205,9
SMV2-0184,2023-07-07,2023-07-10,HAL,27,3900.9494999999997,3776.45,26105.84491120503,994693.994911205,9
SMV2-0184,2023-07-07,2023-07-10,BEL,776,126.41317499999998,123.0,26105.84491120503,994693.994911205,9
SMV2-0184,2023-07-07,2023-07-10,INDIGO,44,2446.2225,2671.6,26105.84491120503,994693.994911205,9
SMV2-0184,2023-07-07,2023-07-10,M&M,73,1470.735,1551.4,26105.84491120503,994693.994911205,9
SMV2-0184,2023-07-07,2023-07-10,HEROMOTOCO,37,2876.4375,3123.7,26105.84491120503,994693.994911205,9
SMV2-0184,2023-07-07,2023-07-10,GRAPHITE,255,395.39759999999995,402.6,26105.84491120503,994693.994911205,9
SMV2-0185,2023-07-14,2023-07-17,MARUTI,11,9746.921025,9689.55,15268.924349655063,1001778.574349655,9
SMV2-0185,2023-07-14,2023-07-17,GAIL,1015,110.05499999999999,108.6,15268.924349655063,1001778.574349655,9
SMV2-0185,2023-07-14,2023-07-17,MGL,103,1081.5905249999998,1075.05,15268.924349655063,1001778.574349655,9
SMV2-0185,2023-07-14,2023-07-17,CONFIPET,1481,75.4377,76.25,15268.924349655063,1001778.574349655,9
SMV2-0185,2023-07-14,2023-07-17,HAL,27,3900.9494999999997,3815.7,15268.924349655063,1001778.574349655,9
SMV2-0185,2023-07-14,2023-07-17,BEL,776,126.41317499999998,127.15,15268.924349655063,1001778.574349655,9
SMV2-0185,2023-07-14,2023-07-17,INDIGO,44,2446.2225,2677.45,15268.924349655063,1001778.574349655,9
SMV2-0185,2023-07-14,2023-07-17,M&M,73,1470.735,1536.3,15268.924349655063,1001778.574349655,9
SMV2-0185,2023-07-14,2023-07-17,HEROMOTOCO,37,2876.4375,3091.6,15268.924349655063,1001778.574349655,9
SMV2-0186,2023-07-21,2023-07-24,POLYCAB,24,4614.1059,4698.45,293.7960462050978,991556.4460462051,9
SMV2-0186,2023-07-21,2023-07-24,ABB,26,4252.125,4322.05,293.7960462050978,991556.4460462051,9
SMV2-0186,2023-07-21,2023-07-24,GAIL,1015,110.05499999999999,112.05,293.7960462050978,991556.4460462051,9
SMV2-0186,2023-07-21,2023-07-24,MGL,103,1081.5905249999998,1048.8,293.7960462050978,991556.4460462051,9
SMV2-0186,2023-07-21,2023-07-24,CONFIPET,1481,75.4377,75.95,293.7960462050978,991556.4460462051,9
SMV2-0186,2023-07-21,2023-07-24,OLECTRA,87,1271.6354999999999,1189.0,293.7960462050978,991556.4460462051,9
SMV2-0186,2023-07-21,2023-07-24,ZENTEC,181,614.307,613.45,293.7960462050978,991556.4460462051,9
SMV2-0186,2023-07-21,2023-07-24,BDL,94,1184.9922000000001,1178.5,293.7960462050978,991556.4460462051,9
SMV2-0186,2023-07-21,2023-07-24,INDIAMART,35,3171.4349249999996,3046.6,293.7960462050978,991556.4460462051,9
SMV2-0187,2023-07-28,2023-07-31,BHARTIARTL,126,894.447,889.9,771.0291989051184,1021892.1291989052,9
SMV2-0187,2023-07-28,2023-07-31,TATACOMM,63,1780.8399749999999,1796.15,771.0291989051184,1021892.1291989052,9
SMV2-0187,2023-07-28,2023-07-31,POLYCAB,24,4614.1059,4816.8,771.0291989051184,1021892.1291989052,9
SMV2-0187,2023-07-28,2023-07-31,ABB,26,4252.125,4552.8,771.0291989051184,1021892.1291989052,9
SMV2-0187,2023-07-28,2023-07-31,GAIL,1015,110.05499999999999,119.1,771.0291989051184,1021892.1291989052,9
SMV2-0187,2023-07-28,2023-07-31,MGL,103,1081.5905249999998,1118.3,771.0291989051184,1021892.1291989052,9
SMV2-0187,2023-07-28,2023-07-31,CONFIPET,1481,75.4377,79.4,771.0291989051184,1021892.1291989052,9
SMV2-0187,2023-07-28,2023-07-31,OLECTRA,87,1271.6354999999999,1150.15,771.0291989051184,1021892.1291989052,9
SMV2-0187,2023-07-28,2023-07-31,TEJASNET,132,827.9637749999999,819.2,771.0291989051184,1021892.1291989052,9
SMV2-0188,2023-08-04,2023-08-07,BHARTIARTL,126,894.447,891.4,771.0291989051184,994020.979198905,9
SMV2-0188,2023-08-04,2023-08-07,TATACOMM,63,1780.8399749999999,1696.95,771.0291989051184,994020.979198905,9
SMV2-0188,2023-08-04,2023-08-07,POLYCAB,24,4614.1059,4599.35,771.0291989051184,994020.979198905,9
SMV2-0188,2023-08-04,2023-08-07,ABB,26,4252.125,4525.95,771.0291989051184,994020.979198905,9
SMV2-0188,2023-08-04,2023-08-07,GAIL,1015,110.05499999999999,114.25,771.0291989051184,994020.979198905,9
SMV2-0188,2023-08-04,2023-08-07,MGL,103,1081.5905249999998,1063.85,771.0291989051184,994020.979198905,9
SMV2-0188,2023-08-04,2023-08-07,CONFIPET,1481,75.4377,75.4,771.0291989051184,994020.979198905,9
SMV2-0188,2023-08-04,2023-08-07,OLECTRA,87,1271.6354999999999,1136.5,771.0291989051184,994020.979198905,9
SMV2-0188,2023-08-04,2023-08-07,TEJASNET,132,827.9637749999999,832.45,771.0291989051184,994020.979198905,9
SMV2-0189,2023-08-11,2023-08-14,LT,40,2638.3185,2659.9,551.0373090051871,967254.5373090052,9
SMV2-0189,2023-08-11,2023-08-14,ADANIPORTS,137,781.3905,787.15,551.0373090051871,967254.5373090052,9
SMV2-0189,2023-08-11,2023-08-14,TATAPOWER,455,236.118,231.15,551.0373090051871,967254.5373090052,9
SMV2-0189,2023-08-11,2023-08-14,NTPC,503,213.40665,213.0,551.0373090051871,967254.5373090052,9
SMV2-0189,2023-08-11,2023-08-14,RVNL,843,127.36364999999999,125.25,551.0373090051871,967254.5373090052,9
SMV2-0189,2023-08-11,2023-08-14,POWERGRID,438,244.972425,244.5,551.0373090051871,967254.5373090052,9
SMV2-0189,2023-08-11,2023-08-14,IRFC,2207,48.674324999999996,50.85,551.0373090051871,967254.5373090052,9
SMV2-0189,2023-08-11,2023-08-14,RECLTD,484,221.96092499999997,222.15,551.0373090051871,967254.5373090052,9
SMV2-0189,2023-08-11,2023-08-14,PFC,408,263.03144999999995,264.05,551.0373090051871,967254.5373090052,9
SMV2-0190,2023-08-18,2023-08-21,LT,40,2638.3185,2662.25,5312.749457305166,980825.9494573051,9
SMV2-0190,2023-08-18,2023-08-21,ADANIPORTS,137,781.3905,858.15,5312.749457305166,980825.9494573051,9
SMV2-0190,2023-08-18,2023-08-21,JKPAPER,291,371.08545,366.65,5312.749457305166,980825.9494573051,9
SMV2-0190,2023-08-18,2023-08-21,WSTCSTPAPR,190,569.134425,569.25,5312.749457305166,980825.9494573051,9
SMV2-0190,2023-08-18,2023-08-21,TATAPOWER,455,236.118,239.35,5312.749457305166,980825.9494573051,9
SMV2-0190,2023-08-18,2023-08-21,NTPC,503,213.40665,218.8,5312.749457305166,980825.9494573051,9
SMV2-0190,2023-08-18,2023-08-21,SATIA,811,133.36665,128.75,5312.749457305166,980825.9494573051,9
SMV2-0190,2023-08-18,2023-08-21,RVNL,843,127.36364999999999,124.5,5312.749457305166,980825.9494573051,9
SMV2-0190,2023-08-18,2023-08-21,POWERGRID,438,244.972425,247.2,5312.749457305166,980825.9494573051,9
SMV2-0191,2023-08-25,2023-08-28,LT,40,2638.3185,2695.35,11033.533549905187,988244.6335499051,9
SMV2-0191,2023-08-25,2023-08-28,ADANIPORTS,137,781.3905,807.45,11033.533549905187,988244.6335499051,9
SMV2-0191,2023-08-25,2023-08-28,POLYCAB,21,5014.455975,5093.45,11033.533549905187,988244.6335499051,9
SMV2-0191,2023-08-25,2023-08-28,ABB,25,4262.029949999999,4264.1,11033.533549905187,988244.6335499051,9
SMV2-0191,2023-08-25,2023-08-28,JKPAPER,291,371.08545,366.55,11033.533549905187,988244.6335499051,9
SMV2-0191,2023-08-25,2023-08-28,WSTCSTPAPR,190,569.134425,629.7,11033.533549905187,988244.6335499051,9
SMV2-0191,2023-08-25,2023-08-28,SATIA,811,133.36665,129.6,11033.533549905187,988244.6335499051,9
SMV2-0191,2023-08-25,2023-08-28,RVNL,843,127.36364999999999,126.85,11033.533549905187,988244.6335499051,9
SMV2-0191,2023-08-25,2023-08-28,OLECTRA,89,1224.7120499999999,1200.7,11033.533549905187,988244.6335499051,9
SMV2-0192,2023-09-01,2023-09-04,BHARTIARTL,129,866.182875,865.3,14640.362346005219,1019772.9123460052,9
SMV2-0192,2023-09-01,2023-09-04,TATACOMM,60,1856.5277999999998,1882.9,14640.362346005219,1019772.9123460052,9
SMV2-0192,2023-09-01,2023-09-04,POLYCAB,21,5014.455975,5218.55,14640.362346005219,1019772.9123460052,9
SMV2-0192,2023-09-01,2023-09-04,ABB,25,4262.029949999999,4309.3,14640.362346005219,1019772.9123460052,9
SMV2-0192,2023-09-01,2023-09-04,JKPAPER,291,371.08545,370.8,14640.362346005219,1019772.9123460052,9
SMV2-0192,2023-09-01,2023-09-04,WSTCSTPAPR,190,569.134425,668.1,14640.362346005219,1019772.9123460052,9
SMV2-0192,2023-09-01,2023-09-04,SATIA,811,133.36665,135.75,14640.362346005219,1019772.9123460052,9
SMV2-0192,2023-09-01,2023-09-04,OLECTRA,89,1224.7120499999999,1239.65,14640.362346005219,1019772.9123460052,9
SMV2-0192,2023-09-01,2023-09-04,RAILTEL,466,240.870375,231.65,14640.362346005219,1019772.9123460052,9
SMV2-0193,2023-09-08,2023-09-11,BHARTIARTL,129,866.182875,890.8,14640.362346005219,1061975.5623460053,9
SMV2-0193,2023-09-08,2023-09-11,TATACOMM,60,1856.5277999999998,1932.75,14640.362346005219,1061975.5623460053,9
SMV2-0193,2023-09-08,2023-09-11,POLYCAB,21,5014.455975,5147.95,14640.362346005219,1061975.5623460053,9
SMV2-0193,2023-09-08,2023-09-11,ABB,25,4262.029949999999,4618.85,14640.362346005219,1061975.5623460053,9
SMV2-0193,2023-09-08,2023-09-11,JKPAPER,291,371.08545,400.85,14640.362346005219,1061975.5623460053,9
SMV2-0193,2023-09-08,2023-09-11,WSTCSTPAPR,190,569.134425,725.4,14640.362346005219,1061975.5623460053,9
SMV2-0193,2023-09-08,2023-09-11,SATIA,811,133.36665,136.8,14640.362346005219,1061975.5623460053,9
SMV2-0193,2023-09-08,2023-09-11,OLECTRA,89,1224.7120499999999,1255.65,14640.362346005219,1061975.5623460053,9
SMV2-0193,2023-09-08,2023-09-11,RAILTEL,466,240.870375,248.3,14640.362346005219,1061975.5623460053,9
SMV2-0194,2023-09-15,2023-09-18,BHARTIARTL,129,866.182875,920.2,14640.362346005219,1029340.0123460053,9
SMV2-0194,2023-09-15,2023-09-18,TATACOMM,60,1856.5277999999998,1898.15,14640.362346005219,1029340.0123460053,9
SMV2-0194,2023-09-15,2023-09-18,POLYCAB,21,5014.455975,5135.25,14640.362346005219,1029340.0123460053,9
SMV2-0194,2023-09-15,2023-09-18,ABB,25,4262.029949999999,4320.3,14640.362346005219,1029340.0123460053,9
SMV2-0194,2023-09-15,2023-09-18,JKPAPER,291,371.08545,391.7,14640.362346005219,1029340.0123460053,9
SMV2-0194,2023-09-15,2023-09-18,WSTCSTPAPR,190,569.134425,678.95,14640.362346005219,1029340.0123460053,9
SMV2-0194,2023-09-15,2023-09-18,SATIA,811,133.36665,137.55,14640.362346005219,1029340.0123460053,9
SMV2-0194,2023-09-15,2023-09-18,OLECTRA,89,1224.7120499999999,1246.85,14640.362346005219,1029340.0123460053,9
SMV2-0194,2023-09-15,2023-09-18,RAILTEL,466,240.870375,216.2,14640.362346005219,1029340.0123460053,9
SMV2-0195,2023-09-22,2023-09-25,BHARTIARTL,129,866.182875,910.4,6315.056254555224,1019395.1562545552,9
SMV2-0195,2023-09-22,2023-09-25,TATACOMM,60,1856.5277999999998,1856.65,6315.056254555224,1019395.1562545552,9
SMV2-0195,2023-09-22,2023-09-25,ADANIENT,45,2481.189975,2482.1,6315.056254555224,1019395.1562545552,9
SMV2-0195,2023-09-22,2023-09-25,MMTC,1957,57.6288,59.6,6315.056254555224,1019395.1562545552,9
SMV2-0195,2023-09-22,2023-09-25,REDINGTON,715,157.77884999999998,158.85,6315.056254555224,1019395.1562545552,9
SMV2-0195,2023-09-22,2023-09-25,UFLEX,257,438.71925,444.15,6315.056254555224,1019395.1562545552,9
SMV2-0195,2023-09-22,2023-09-25,AGI,125,896.397975,896.1,6315.056254555224,1019395.1562545552,9
SMV2-0195,2023-09-22,2023-09-25,RAILTEL,466,240.870375,228.0,6315.056254555224,1019395.1562545552,9
SMV2-0195,2023-09-22,2023-09-25,COSMOFIRST,165,682.090875,666.2,6315.056254555224,1019395.1562545552,9
SMV2-0196,2023-09-29,2023-10-03,HDFCBANK,74,1527.7635,1508.05,10338.562237655293,1021089.2622376552,9
SMV2-0196,2023-09-29,2023-10-03,AXISBANK,109,1035.5175,1041.05,10338.562237655293,1021089.2622376552,9
SMV2-0196,2023-09-29,2023-10-03,ICICIBANK,119,952.0758,940.3,10338.562237655293,1021089.2622376552,9
SMV2-0196,2023-09-29,2023-10-03,BHARTIARTL,129,866.182875,925.3,10338.562237655293,1021089.2622376552,9
SMV2-0196,2023-09-29,2023-10-03,TATACOMM,60,1856.5277999999998,1901.75,10338.562237655293,1021089.2622376552,9
SMV2-0196,2023-09-29,2023-10-03,ADANIENT,45,2481.189975,2387.25,10338.562237655293,1021089.2622376552,9
SMV2-0196,2023-09-29,2023-10-03,MMTC,1957,57.6288,59.65,10338.562237655293,1021089.2622376552,9
SMV2-0196,2023-09-29,2023-10-03,REDINGTON,715,157.77884999999998,158.05,10338.562237655293,1021089.2622376552,9
SMV2-0196,2023-09-29,2023-10-03,RAILTEL,466,240.870375,221.35,10338.562237655293,1021089.2622376552,9
SMV2-0197,2023-10-06,2023-10-09,HDFCBANK,74,1527.7635,1516.25,32.10597095542471,983203.1559709555,9
SMV2-0197,2023-10-06,2023-10-09,AXISBANK,109,1035.5175,996.25,32.10597095542471,983203.1559709555,9
SMV2-0197,2023-10-06,2023-10-09,ICICIBANK,119,952.0758,938.6,32.10597095542471,983203.1559709555,9
SMV2-0197,2023-10-06,2023-10-09,DLF,202,547.3235249999999,540.85,32.10597095542471,983203.1559709555,9
SMV2-0197,2023-10-06,2023-10-09,NBCC,1853,59.72985,57.8,32.10597095542471,983203.1559709555,9
SMV2-0197,2023-10-06,2023-10-09,IBREALEST,1362,80.03999999999999,77.95,32.10597095542471,983203.1559709555,9
SMV2-0197,2023-10-06,2023-10-09,JINDALPOLY,164,674.337,676.6,32.10597095542471,983203.1559709555,9
SMV2-0197,2023-10-06,2023-10-09,UFLEX,251,440.21999999999997,433.5,32.10597095542471,983203.1559709555,9
SMV2-0197,2023-10-06,2023-10-09,AGI,120,920.409975,903.25,32.10597095542471,983203.1559709555,9
SMV2-0198,2023-10-13,2023-10-16,DLF,202,547.3235249999999,567.1,226.19533095539373,1027242.0953309555,9
SMV2-0198,2023-10-13,2023-10-16,NBCC,1853,59.72985,64.0,226.19533095539373,1027242.0953309555,9
SMV2-0198,2023-10-13,2023-10-16,IBREALEST,1362,80.03999999999999,81.2,226.19533095539373,1027242.0953309555,9
SMV2-0198,2023-10-13,2023-10-16,JINDALPOLY,164,674.337,710.35,226.19533095539373,1027242.0953309555,9
SMV2-0198,2023-10-13,2023-10-16,UFLEX,251,440.21999999999997,450.1,226.19533095539373,1027242.0953309555,9
SMV2-0198,2023-10-13,2023-10-16,AGI,120,920.409975,1023.45,226.19533095539373,1027242.0953309555,9
SMV2-0198,2023-10-13,2023-10-16,IRFC,1477,77.2386,76.3,226.19533095539373,1027242.0953309555,9
SMV2-0198,2023-10-13,2023-10-16,RECLTD,386,294.997425,294.05,226.19533095539373,1027242.0953309555,9
SMV2-0198,2023-10-13,2023-10-16,PFC,416,251.1255,251.9,226.19533095539373,1027242.0953309555,9
SMV2-0199,2023-10-20,2023-10-23,DLF,202,547.3235249999999,532.95,316.2132699556241,974186.0632699556,9
SMV2-0199,2023-10-20,2023-10-23,NBCC,1853,59.72985,62.4,316.2132699556241,974186.0632699556,9
SMV2-0199,2023-10-20,2023-10-23,TITAN,34,3247.8230999999996,3219.75,316.2132699556241,974186.0632699556,9
SMV2-0199,2023-10-20,2023-10-23,RAJESHEXPO,245,440.270025,431.7,316.2132699556241,974186.0632699556,9
SMV2-0199,2023-10-20,2023-10-23,BATAINDIA,70,1608.7539749999999,1573.75,316.2132699556241,974186.0632699556,9
SMV2-0199,2023-10-20,2023-10-23,IBREALEST,1362,80.03999999999999,72.8,316.2132699556241,974186.0632699556,9
SMV2-0199,2023-10-20,2023-10-23,KALYANKJIL,374,301.60072499999995,287.35,316.2132699556241,974186.0632699556,9
SMV2-0199,2023-10-20,2023-10-23,METROBRAND,92,1217.6084999999998,1205.0,316.2132699556241,974186.0632699556,9
SMV2-0199,2023-10-20,2023-10-23,CAMPUS,385,292.696275,279.75,316.2132699556241,974186.0632699556,9
SMV2-0200,2023-10-27,2023-10-30,DLF,202,547.3235249999999,554.45,160.6216167556413,982129.3716167556,9
SMV2-0200,2023-10-27,2023-10-30,NBCC,1853,59.72985,67.1,160.6216167556413,982129.3716167556,9
SMV2-0200,2023-10-27,2023-10-30,TITAN,34,3247.8230999999996,3116.45,160.6216167556413,982129.3716167556,9
SMV2-0200,2023-10-27,2023-10-30,RAJESHEXPO,245,440.270025,440.25,160.6216167556413,982129.3716167556,9
SMV2-0200,2023-10-27,2023-10-30,BATAINDIA,70,1608.7539749999999,1570.65,160.6216167556413,982129.3716167556,9
SMV2-0200,2023-10-27,2023-10-30,KALYANKJIL,374,301.60072499999995,291.25,160.6216167556413,982129.3716167556,9
SMV2-0200,2023-10-27,2023-10-30,METROBRAND,92,1217.6084999999998,1185.5,160.6216167556413,982129.3716167556,9
SMV2-0200,2023-10-27,2023-10-30,CAMPUS,385,292.696275,266.1,160.6216167556413,982129.3716167556,9
SMV2-0200,2023-10-27,2023-10-30,PRESTIGE,135,743.3715,751.3,160.6216167556413,982129.3716167556,9
SMV2-0201,2023-11-03,2023-11-06,DLF,202,547.3235249999999,592.0,160.6216167556413,1019288.0716167557,9
SMV2-0201,2023-11-03,2023-11-06,NBCC,1853,59.72985,67.45,160.6216167556413,1019288.0716167557,9
SMV2-0201,2023-11-03,2023-11-06,TITAN,34,3247.8230999999996,3267.05,160.6216167556413,1019288.0716167557,9
SMV2-0201,2023-11-03,2023-11-06,RAJESHEXPO,245,440.270025,434.25,160.6216167556413,1019288.0716167557,9
SMV2-0201,2023-11-03,2023-11-06,BATAINDIA,70,1608.7539749999999,1561.0,160.6216167556413,1019288.0716167557,9
SMV2-0201,2023-11-03,2023-11-06,KALYANKJIL,374,301.60072499999995,321.4,160.6216167556413,1019288.0716167557,9
SMV2-0201,2023-11-03,2023-11-06,METROBRAND,92,1217.6084999999998,1261.15,160.6216167556413,1019288.0716167557,9
SMV2-0201,2023-11-03,2023-11-06,CAMPUS,385,292.696275,268.85,160.6216167556413,1019288.0716167557,9
SMV2-0201,2023-11-03,2023-11-06,PRESTIGE,135,743.3715,800.6,160.6216167556413,1019288.0716167557,9
SMV2-0202,2023-11-10,2023-11-13,DLF,202,547.3235249999999,608.4,20.469499105674913,1039502.5694991057,9
SMV2-0202,2023-11-10,2023-11-13,NBCC,1853,59.72985,68.15,20.469499105674913,1039502.5694991057,9
SMV2-0202,2023-11-10,2023-11-13,TITAN,34,3247.8230999999996,3264.75,20.469499105674913,1039502.5694991057,9
SMV2-0202,2023-11-10,2023-11-13,RAJESHEXPO,245,440.270025,438.7,20.469499105674913,1039502.5694991057,9
SMV2-0202,2023-11-10,2023-11-13,KALYANKJIL,374,301.60072499999995,337.2,20.469499105674913,1039502.5694991057,9
SMV2-0202,2023-11-10,2023-11-13,HAL,55,2073.036,2060.35,20.469499105674913,1039502.5694991057,9
SMV2-0202,2023-11-10,2023-11-13,BEL,727,139.219575,143.4,20.469499105674913,1039502.5694991057,9
SMV2-0202,2023-11-10,2023-11-13,INDIGO,45,2526.2625,2540.7,20.469499105674913,1039502.5694991057,9
SMV2-0202,2023-11-10,2023-11-13,PRESTIGE,135,743.3715,843.0,20.469499105674913,1039502.5694991057,9
SMV2-0203,2023-11-17,2023-11-20,DLF,202,547.3235249999999,626.25,38.62638280571264,1030280.4763828057,9
SMV2-0203,2023-11-17,2023-11-20,NBCC,1853,59.72985,67.35,38.62638280571264,1030280.4763828057,9
SMV2-0203,2023-11-17,2023-11-20,HAL,55,2073.036,2146.6,38.62638280571264,1030280.4763828057,9
SMV2-0203,2023-11-17,2023-11-20,BEL,727,139.219575,143.85,38.62638280571264,1030280.4763828057,9
SMV2-0203,2023-11-17,2023-11-20,INDIGO,45,2526.2625,2631.25,38.62638280571264,1030280.4763828057,9
SMV2-0203,2023-11-17,2023-11-20,NTPC,457,251.1255,251.05,38.62638280571264,1030280.4763828057,9
SMV2-0203,2023-11-17,2023-11-20,POWERGRID,441,210.20504999999997,209.3,38.62638280571264,1030280.4763828057,9
SMV2-0203,2023-11-17,2023-11-20,PRESTIGE,135,743.3715,892.05,38.62638280571264,1030280.4763828057,9
SMV2-0203,2023-11-17,2023-11-20,RPOWER,4997,23.011499999999998,22.1,38.62638280571264,1030280.4763828057,9
SMV2-0204,2023-11-24,2023-11-28,DLF,202,547.3235249999999,629.15,11113.625307705719,1040511.1253077057,9
SMV2-0204,2023-11-24,2023-11-28,GODREJPROP,62,1841.970525,1839.5,11113.625307705719,1040511.1253077057,9
SMV2-0204,2023-11-24,2023-11-28,NBCC,1853,59.72985,68.0,11113.625307705719,1040511.1253077057,9
SMV2-0204,2023-11-24,2023-11-28,HAL,55,2073.036,2287.0,11113.625307705719,1040511.1253077057,9
SMV2-0204,2023-11-24,2023-11-28,BEL,727,139.219575,141.3,11113.625307705719,1040511.1253077057,9
SMV2-0204,2023-11-24,2023-11-28,INDIGO,45,2526.2625,2642.45,11113.625307705719,1040511.1253077057,9
SMV2-0204,2023-11-24,2023-11-28,NTPC,457,251.1255,257.55,11113.625307705719,1040511.1253077057,9
SMV2-0204,2023-11-24,2023-11-28,POWERGRID,441,210.20504999999997,210.2,11113.625307705719,1040511.1253077057,9
SMV2-0204,2023-11-24,2023-11-28,RPOWER,4997,23.011499999999998,20.9,11113.625307705719,1040511.1253077057,9
SMV2-0205,2023-12-01,2023-12-04,DLF,202,547.3235249999999,649.25,77.69329930572167,1107728.8932993056,9
SMV2-0205,2023-12-01,2023-12-04,GODREJPROP,62,1841.970525,1915.6,77.69329930572167,1107728.8932993056,9
SMV2-0205,2023-12-01,2023-12-04,NBCC,1853,59.72985,78.6,77.69329930572167,1107728.8932993056,9
SMV2-0205,2023-12-01,2023-12-04,HAL,55,2073.036,2519.4,77.69329930572167,1107728.8932993056,9
SMV2-0205,2023-12-01,2023-12-04,BEL,727,139.219575,153.55,77.69329930572167,1107728.8932993056,9
SMV2-0205,2023-12-01,2023-12-04,INDIGO,45,2526.2625,2820.25,77.69329930572167,1107728.8932993056,9
SMV2-0205,2023-12-01,2023-12-04,NTPC,457,251.1255,274.8,77.69329930572167,1107728.8932993056,9
SMV2-0205,2023-12-01,2023-12-04,POWERGRID,493,210.3738970588235,212.9,77.69329930572167,1107728.8932993056,9
SMV2-0205,2023-12-01,2023-12-04,RPOWER,4997,23.011499999999998,20.9,77.69329930572167,1107728.8932993056,9
SMV2-0206,2023-12-08,2023-12-11,DLF,202,547.3235249999999,667.1,245.08243845573452,1172483.7824384556,9
SMV2-0206,2023-12-08,2023-12-11,NBCC,1853,59.72985,79.95,245.08243845573452,1172483.7824384556,9
SMV2-0206,2023-12-08,2023-12-11,HAL,55,2073.036,2791.75,245.08243845573452,1172483.7824384556,9
SMV2-0206,2023-12-08,2023-12-11,BEL,727,139.219575,161.25,245.08243845573452,1172483.7824384556,9
SMV2-0206,2023-12-08,2023-12-11,INDIGO,45,2526.2625,2925.55,245.08243845573452,1172483.7824384556,9
SMV2-0206,2023-12-08,2023-12-11,NTPC,457,251.1255,287.3,245.08243845573452,1172483.7824384556,9
SMV2-0206,2023-12-08,2023-12-11,POWERGRID,493,210.3738970588235,230.95,245.08243845573452,1172483.7824384556,9
SMV2-0206,2023-12-08,2023-12-11,RPOWER,4997,23.011499999999998,24.5,245.08243845573452,1172483.7824384556,9
SMV2-0206,2023-12-08,2023-12-11,LODHA,129,922.7111249999999,925.05,245.08243845573452,1172483.7824384556,9
SMV2-0207,2023-12-15,2023-12-18,ADANIENT,44,2995.4469749999994,2980.6,17493.120218855736,1203672.220218856,9
SMV2-0207,2023-12-15,2023-12-18,MSTCLTD,266,497.69872499999997,507.8,17493.120218855736,1203672.220218856,9
SMV2-0207,2023-12-15,2023-12-18,MMTC,2202,60.33015,60.85,17493.120218855736,1203672.220218856,9
SMV2-0207,2023-12-15,2023-12-18,HAL,55,2073.036,2813.1,17493.120218855736,1203672.220218856,9
SMV2-0207,2023-12-15,2023-12-18,BEL,727,139.219575,172.7,17493.120218855736,1203672.220218856,9
SMV2-0207,2023-12-15,2023-12-18,INDIGO,45,2526.2625,2975.55,17493.120218855736,1203672.220218856,9
SMV2-0207,2023-12-15,2023-12-18,NTPC,457,251.1255,303.2,17493.120218855736,1203672.220218856,9
SMV2-0207,2023-12-15,2023-12-18,POWERGRID,493,210.3738970588235,231.85,17493.120218855736,1203672.220218856,9
SMV2-0207,2023-12-15,2023-12-18,RPOWER,4997,23.011499999999998,23.8,17493.120218855736,1203672.220218856,9
SMV2-0208,2023-12-22,2023-12-26,ADANIENT,44,2995.4469749999994,2865.45,17493.120218855736,1234623.970218856,9
SMV2-0208,2023-12-22,2023-12-26,MSTCLTD,266,497.69872499999997,643.45,17493.120218855736,1234623.970218856,9
SMV2-0208,2023-12-22,2023-12-26,MMTC,2202,60.33015,59.75,17493.120218855736,1234623.970218856,9
SMV2-0208,2023-12-22,2023-12-26,HAL,55,2073.036,2820.65,17493.120218855736,1234623.970218856,9
SMV2-0208,2023-12-22,2023-12-26,BEL,727,139.219575,181.95,17493.120218855736,1234623.970218856,9
SMV2-0208,2023-12-22,2023-12-26,INDIGO,45,2526.2625,2921.1,17493.120218855736,1234623.970218856,9
SMV2-0208,2023-12-22,2023-12-26,NTPC,457,251.1255,309.6,17493.120218855736,1234623.970218856,9
SMV2-0208,2023-12-22,2023-12-26,POWERGRID,493,210.3738970588235,233.35,17493.120218855736,1234623.970218856,9
SMV2-0208,2023-12-22,2023-12-26,RPOWER,4997,23.011499999999998,22.6,17493.120218855736,1234623.970218856,9
SMV2-0209,2023-12-29,2024-01-01,ADANIENT,44,2995.4469749999994,2917.2,62075.48550445572,1255219.3355044557,9
SMV2-0209,2023-12-29,2024-01-01,MSTCLTD,206,497.69872499999997,659.15,62075.48550445572,1255219.3355044557,9
SMV2-0209,2023-12-29,2024-01-01,MMTC,2202,60.33015,60.2,62075.48550445572,1255219.3355044557,9
SMV2-0209,2023-12-29,2024-01-01,SAIL,1126,123.711825,124.7,62075.48550445572,1255219.3355044557,9
SMV2-0209,2023-12-29,2024-01-01,NTPC,457,251.1255,309.75,62075.48550445572,1255219.3355044557,9
SMV2-0209,2023-12-29,2024-01-01,POWERGRID,493,210.3738970588235,238.25,62075.48550445572,1255219.3355044557,9
SMV2-0209,2023-12-29,2024-01-01,RPOWER,4997,23.011499999999998,23.95,62075.48550445572,1255219.3355044557,9
SMV2-0209,2023-12-29,2024-01-01,HINDCOPPER,504,275.9379,271.5,62075.48550445572,1255219.3355044557,9
SMV2-0209,2023-12-29,2024-01-01,COALINDIA,368,377.98889999999994,381.8,62075.48550445572,1255219.3355044557,9
SMV2-0210,2024-01-05,2024-01-08,BHARTIARTL,137,1050.5249999999999,1049.05,30222.353742455773,1286691.203742456,9
SMV2-0210,2024-01-05,2024-01-08,SAIL,1126,123.711825,114.3,30222.353742455773,1286691.203742456,9
SMV2-0210,2024-01-05,2024-01-08,NTPC,457,251.1255,316.45,30222.353742455773,1286691.203742456,9
SMV2-0210,2024-01-05,2024-01-08,HFCL,1571,92.19607500000001,91.8,30222.353742455773,1286691.203742456,9
SMV2-0210,2024-01-05,2024-01-08,POWERGRID,493,210.3738970588235,242.35,30222.353742455773,1286691.203742456,9
SMV2-0210,2024-01-05,2024-01-08,RAILTEL,405,356.92837499999996,347.15,30222.353742455773,1286691.203742456,9
SMV2-0210,2024-01-05,2024-01-08,RPOWER,4997,23.011499999999998,32.05,30222.353742455773,1286691.203742456,9
SMV2-0210,2024-01-05,2024-01-08,HINDCOPPER,504,275.9379,267.85,30222.353742455773,1286691.203742456,9
SMV2-0210,2024-01-05,2024-01-08,COALINDIA,368,377.98889999999994,380.4,30222.353742455773,1286691.203742456,9
SMV2-0211,2024-01-12,2024-01-15,DLF,177,802.401,805.4,58.20939975598594,1280852.709399756,9
SMV2-0211,2024-01-12,2024-01-15,NBCC,1546,91.94595,91.75,58.20939975598594,1280852.709399756,9
SMV2-0211,2024-01-12,2024-01-15,LEMONTREE,1056,134.56725,136.9,58.20939975598594,1280852.709399756,9
SMV2-0211,2024-01-12,2024-01-15,IBREALEST,1407,100.700325,98.7,58.20939975598594,1280852.709399756,9
SMV2-0211,2024-01-12,2024-01-15,RELIANCE,51,2751.375,2788.25,58.20939975598594,1280852.709399756,9
SMV2-0211,2024-01-12,2024-01-15,ONGC,622,228.61424999999997,233.5,58.20939975598594,1280852.709399756,9
SMV2-0211,2024-01-12,2024-01-15,EASEMYTRIP,2820,50.4252,48.75,58.20939975598594,1280852.709399756,9
SMV2-0211,2024-01-12,2024-01-15,BLS,375,378.6892499999999,391.65,58.20939975598594,1280852.709399756,9
SMV2-0211,2024-01-12,2024-01-15,HINDPETRO,314,452.72625000000005,449.6,58.20939975598594,1280852.709399756,9
SMV2-0212,2024-01-20,2024-01-23,DLF,177,802.401,739.3,58.20939975598594,1247155.309399756,9
SMV2-0212,2024-01-20,2024-01-23,NBCC,1546,91.94595,98.6,58.20939975598594,1247155.309399756,9
SMV2-0212,2024-01-20,2024-01-23,LEMONTREE,1056,134.56725,138.4,58.20939975598594,1247155.309399756,9
SMV2-0212,2024-01-20,2024-01-23,IBREALEST,1407,100.700325,94.5,58.20939975598594,1247155.309399756,9
SMV2-0212,2024-01-20,2024-01-23,RELIANCE,51,2751.375,2657.15,58.20939975598594,1247155.309399756,9
SMV2-0212,2024-01-20,2024-01-23,ONGC,622,228.61424999999997,229.9,58.20939975598594,1247155.309399756,9
SMV2-0212,2024-01-20,2024-01-23,EASEMYTRIP,2820,50.4252,44.8,58.20939975598594,1247155.309399756,9
SMV2-0212,2024-01-20,2024-01-23,BLS,375,378.6892499999999,377.45,58.20939975598594,1247155.309399756,9
SMV2-0212,2024-01-20,2024-01-23,HINDPETRO,314,452.72625000000005,440.45,58.20939975598594,1247155.309399756,9
SMV2-0213,2024-01-25,2024-01-29,DLF,177,802.401,767.35,21118.190202756057,1323880.940202756,9
SMV2-0213,2024-01-25,2024-01-29,NBCC,1245,91.94595,127.0,21118.190202756057,1323880.940202756,9
SMV2-0213,2024-01-25,2024-01-29,JKPAPER,346,421.21049999999997,436.5,21118.190202756057,1323880.940202756,9
SMV2-0213,2024-01-25,2024-01-29,ORIENTPPR,2601,56.028000000000006,55.75,21118.190202756057,1323880.940202756,9
SMV2-0213,2024-01-25,2024-01-29,LEMONTREE,1056,134.56725,139.85,21118.190202756057,1323880.940202756,9
SMV2-0213,2024-01-25,2024-01-29,IBREALEST,1407,100.700325,99.3,21118.190202756057,1323880.940202756,9
SMV2-0213,2024-01-25,2024-01-29,EASEMYTRIP,2820,50.4252,46.7,21118.190202756057,1323880.940202756,9
SMV2-0213,2024-01-25,2024-01-29,BLS,375,378.6892499999999,401.6,21118.190202756057,1323880.940202756,9
SMV2-0213,2024-01-25,2024-01-29,PAKKA,399,365.1825,358.65,21118.190202756057,1323880.940202756,9
SMV2-0214,2024-02-02,2024-02-05,JKPAPER,346,421.21049999999997,398.65,59111.61408735617,1356810.5140873562,9
SMV2-0214,2024-02-02,2024-02-05,ORIENTPPR,2601,56.028000000000006,56.85,59111.61408735617,1356810.5140873562,9
SMV2-0214,2024-02-02,2024-02-05,LEMONTREE,1056,134.56725,139.85,59111.61408735617,1356810.5140873562,9
SMV2-0214,2024-02-02,2024-02-05,EASEMYTRIP,2820,50.4252,49.25,59111.61408735617,1356810.5140873562,9
SMV2-0214,2024-02-02,2024-02-05,BLS,375,378.6892499999999,401.15,59111.61408735617,1356810.5140873562,9
SMV2-0214,2024-02-02,2024-02-05,TATAPOWER,386,395.69775,394.0,59111.61408735617,1356810.5140873562,9
SMV2-0214,2024-02-02,2024-02-05,PAKKA,399,365.1825,293.2,59111.61408735617,1356810.5140873562,9
SMV2-0214,2024-02-02,2024-02-05,NHPC,1444,105.80287499999999,103.65,59111.61408735617,1356810.5140873562,9
SMV2-0214,2024-02-02,2024-02-05,SJVN,1053,145.0725,148.3,59111.61408735617,1356810.5140873562,9
SMV2-0215,2024-02-09,2024-02-12,JKPAPER,346,421.21049999999997,380.65,59111.61408735617,1239296.9640873563,9
SMV2-0215,2024-02-09,2024-02-12,ORIENTPPR,2601,56.028000000000006,49.85,59111.61408735617,1239296.9640873563,9
SMV2-0215,2024-02-09,2024-02-12,LEMONTREE,1056,134.56725,132.0,59111.61408735617,1239296.9640873563,9
SMV2-0215,2024-02-09,2024-02-12,EASEMYTRIP,2820,50.4252,48.9,59111.61408735617,1239296.9640873563,9
SMV2-0215,2024-02-09,2024-02-12,BLS,375,378.6892499999999,362.9,59111.61408735617,1239296.9640873563,9
SMV2-0215,2024-02-09,2024-02-12,TATAPOWER,386,395.69775,361.7,59111.61408735617,1239296.9640873563,9
SMV2-0215,2024-02-09,2024-02-12,PAKKA,399,365.1825,326.95,59111.61408735617,1239296.9640873563,9
SMV2-0215,2024-02-09,2024-02-12,NHPC,1444,105.80287499999999,81.0,59111.61408735617,1239296.9640873563,9
SMV2-0215,2024-02-09,2024-02-12,SJVN,1053,145.0725,112.45,59111.61408735617,1239296.9640873563,9
SMV2-0216,2024-02-16,2024-02-19,LEMONTREE,1056,134.56725,136.8,35477.429306456266,1314301.4793064564,9
SMV2-0216,2024-02-16,2024-02-19,RELIANCE,49,2925.5620499999995,2948.0,35477.429306456266,1314301.4793064564,9
SMV2-0216,2024-02-16,2024-02-19,BPCL,218,660.2299499999999,652.55,35477.429306456266,1314301.4793064564,9
SMV2-0216,2024-02-16,2024-02-19,EASEMYTRIP,2820,50.4252,49.65,35477.429306456266,1314301.4793064564,9
SMV2-0216,2024-02-16,2024-02-19,BLS,375,378.6892499999999,383.45,35477.429306456266,1314301.4793064564,9
SMV2-0216,2024-02-16,2024-02-19,TATAPOWER,386,395.69775,380.5,35477.429306456266,1314301.4793064564,9
SMV2-0216,2024-02-16,2024-02-19,IOC,765,188.6943,188.5,35477.429306456266,1314301.4793064564,9
SMV2-0216,2024-02-16,2024-02-19,NHPC,1444,105.80287499999999,96.8,35477.429306456266,1314301.4793064564,9
SMV2-0216,2024-02-16,2024-02-19,SJVN,1053,145.0725,126.3,35477.429306456266,1314301.4793064564,9
SMV2-0217,2024-02-23,2024-02-26,HDFCLIFE,249,569.034375,576.35,13565.978712856362,1287293.3787128562,9
SMV2-0217,2024-02-23,2024-02-26,LEMONTREE,1056,134.56725,141.1,13565.978712856362,1287293.3787128562,9
SMV2-0217,2024-02-23,2024-02-26,RELIANCE,49,2925.5620499999995,2974.65,13565.978712856362,1287293.3787128562,9
SMV2-0217,2024-02-23,2024-02-26,BPCL,218,660.2299499999999,627.15,13565.978712856362,1287293.3787128562,9
SMV2-0217,2024-02-23,2024-02-26,EASEMYTRIP,2820,50.4252,48.25,13565.978712856362,1287293.3787128562,9
SMV2-0217,2024-02-23,2024-02-26,BLS,375,378.6892499999999,367.5,13565.978712856362,1287293.3787128562,9
SMV2-0217,2024-02-23,2024-02-26,IOC,765,188.6943,177.5,13565.978712856362,1287293.3787128562,9
SMV2-0217,2024-02-23,2024-02-26,LICI,132,1067.03325,1041.15,13565.978712856362,1287293.3787128562,9
SMV2-0217,2024-02-23,2024-02-26,POLICYBZR,138,1022.9112,1098.85,13565.978712856362,1287293.3787128562,9
SMV2-0218,2024-03-01,2024-03-04,HDFCLIFE,249,569.034375,610.3,10403.632689856458,1305272.9326898565,9
SMV2-0218,2024-03-01,2024-03-04,RELIANCE,49,2925.5620499999995,3014.8,10403.632689856458,1305272.9326898565,9
SMV2-0218,2024-03-01,2024-03-04,BPCL,218,660.2299499999999,640.45,10403.632689856458,1305272.9326898565,9
SMV2-0218,2024-03-01,2024-03-04,HAL,45,3158.578499999999,3214.95,10403.632689856458,1305272.9326898565,9
SMV2-0218,2024-03-01,2024-03-04,BEL,690,208.05397499999995,209.6,10403.632689856458,1305272.9326898565,9
SMV2-0218,2024-03-01,2024-03-04,INDIGO,45,3175.587,3171.1,10403.632689856458,1305272.9326898565,9
SMV2-0218,2024-03-01,2024-03-04,IOC,765,188.6943,175.25,10403.632689856458,1305272.9326898565,9
SMV2-0218,2024-03-01,2024-03-04,LICI,132,1067.03325,1036.9,10403.632689856458,1305272.9326898565,9
SMV2-0218,2024-03-01,2024-03-04,POLICYBZR,138,1022.9112,1106.0,10403.632689856458,1305272.9326898565,9
SMV2-0219,2024-03-07,2024-03-11,HDFCLIFE,249,569.034375,620.85,10403.632689856458,1310208.6326898565,9
SMV2-0219,2024-03-07,2024-03-11,RELIANCE,49,2925.5620499999995,2933.2,10403.632689856458,1310208.6326898565,9
SMV2-0219,2024-03-07,2024-03-11,BPCL,218,660.2299499999999,626.4,10403.632689856458,1310208.6326898565,9
SMV2-0219,2024-03-07,2024-03-11,HAL,45,3158.578499999999,3371.45,10403.632689856458,1310208.6326898565,9
SMV2-0219,2024-03-07,2024-03-11,BEL,690,208.05397499999995,212.55,10403.632689856458,1310208.6326898565,9
SMV2-0219,2024-03-07,2024-03-11,INDIGO,45,3175.587,3218.55,10403.632689856458,1310208.6326898565,9
SMV2-0219,2024-03-07,2024-03-11,IOC,765,188.6943,174.25,10403.632689856458,1310208.6326898565,9
SMV2-0219,2024-03-07,2024-03-11,LICI,132,1067.03325,1011.9,10403.632689856458,1310208.6326898565,9
SMV2-0219,2024-03-07,2024-03-11,POLICYBZR,138,1022.9112,1122.1,10403.632689856458,1310208.6326898565,9
SMV2-0220,2024-03-15,2024-03-18,HDFCLIFE,249,569.034375,634.1,379.8231429564912,1242941.6731429566,9
SMV2-0220,2024-03-15,2024-03-18,BATAINDIA,99,1395.6975,1377.25,379.8231429564912,1242941.6731429566,9
SMV2-0220,2024-03-15,2024-03-18,HAL,45,3158.578499999999,3121.95,379.8231429564912,1242941.6731429566,9
SMV2-0220,2024-03-15,2024-03-18,BEL,690,208.05397499999995,189.9,379.8231429564912,1242941.6731429566,9
SMV2-0220,2024-03-15,2024-03-18,INDIGO,45,3175.587,3249.2,379.8231429564912,1242941.6731429566,9
SMV2-0220,2024-03-15,2024-03-18,METROBRAND,113,1088.5439999999999,1045.1,379.8231429564912,1242941.6731429566,9
SMV2-0220,2024-03-15,2024-03-18,CAMPUS,597,231.865875,228.65,379.8231429564912,1242941.6731429566,9
SMV2-0220,2024-03-15,2024-03-18,LICI,132,1067.03325,904.4,379.8231429564912,1242941.6731429566,9
SMV2-0220,2024-03-15,2024-03-18,POLICYBZR,138,1022.9112,1134.85,379.8231429564912,1242941.6731429566,9
SMV2-0221,2024-03-22,2024-03-26,HDFCLIFE,249,569.034375,626.9,30.652283056551823,1269923.5522830565,9
SMV2-0221,2024-03-22,2024-03-26,MCDOWELL-N,123,1135.0672499999998,1126.05,30.652283056551823,1269923.5522830565,9
SMV2-0221,2024-03-22,2024-03-26,RADICO,71,1656.277725,1674.0,30.652283056551823,1269923.5522830565,9
SMV2-0221,2024-03-22,2024-03-26,HAL,45,3158.578499999999,3300.8,30.652283056551823,1269923.5522830565,9
SMV2-0221,2024-03-22,2024-03-26,BEL,690,208.05397499999995,199.4,30.652283056551823,1269923.5522830565,9
SMV2-0221,2024-03-22,2024-03-26,INDIGO,45,3175.587,3492.05,30.652283056551823,1269923.5522830565,9
SMV2-0221,2024-03-22,2024-03-26,LICI,132,1067.03325,897.45,30.652283056551823,1269923.5522830565,9
SMV2-0221,2024-03-22,2024-03-26,POLICYBZR,138,1022.9112,1143.5,30.652283056551823,1269923.5522830565,9
SMV2-0221,2024-03-22,2024-03-26,SULA,254,551.2755,539.0,30.652283056551823,1269923.5522830565,9
SMV2-0222,2024-03-28,2024-04-01,HDFCLIFE,249,569.034375,634.75,157.6397987066157,1305729.9897987067,9
SMV2-0222,2024-03-28,2024-04-01,DMART,31,4572.285,4483.3,157.6397987066157,1305729.9897987067,9
SMV2-0222,2024-03-28,2024-04-01,ABFRL,568,205.9029,211.65,157.6397987066157,1305729.9897987067,9
SMV2-0222,2024-03-28,2024-04-01,TRENT,36,3976.9374749999997,3886.8,157.6397987066157,1305729.9897987067,9
SMV2-0222,2024-03-28,2024-04-01,HAL,45,3158.578499999999,3403.35,157.6397987066157,1305729.9897987067,9
SMV2-0222,2024-03-28,2024-04-01,BEL,690,208.05397499999995,211.1,157.6397987066157,1305729.9897987067,9
SMV2-0222,2024-03-28,2024-04-01,INDIGO,45,3175.587,3548.95,157.6397987066157,1305729.9897987067,9
SMV2-0222,2024-03-28,2024-04-01,LICI,132,1067.03325,970.6,157.6397987066157,1305729.9897987067,9
SMV2-0222,2024-03-28,2024-04-01,POLICYBZR,138,1022.9112,1172.2,157.6397987066157,1305729.9897987067,9
SMV2-0223,2024-04-05,2024-04-08,MCDOWELL-N,132,1136.26785,1140.75,151.9507068066887,1355665.8507068066,9
SMV2-0223,2024-04-05,2024-04-08,UBL,83,1813.2561749999995,1836.75,151.9507068066887,1355665.8507068066,9
SMV2-0223,2024-04-05,2024-04-08,RADICO,88,1707.803475,1667.2,151.9507068066887,1355665.8507068066,9
SMV2-0223,2024-04-05,2024-04-08,HAL,45,3158.578499999999,3567.15,151.9507068066887,1355665.8507068066,9
SMV2-0223,2024-04-05,2024-04-08,BEL,690,208.05397499999995,223.55,151.9507068066887,1355665.8507068066,9
SMV2-0223,2024-04-05,2024-04-08,INDIGO,45,3175.587,3599.8,151.9507068066887,1355665.8507068066,9
SMV2-0223,2024-04-05,2024-04-08,TATAPOWER,361,417.70874999999995,416.35,151.9507068066887,1355665.8507068066,9
SMV2-0223,2024-04-05,2024-04-08,NTPC,361,355.7778,363.5,151.9507068066887,1355665.8507068066,9
SMV2-0223,2024-04-05,2024-04-08,NHPC,1597,94.54724999999999,92.35,151.9507068066887,1355665.8507068066,9
SMV2-0224,2024-04-12,2024-04-15,TATASTEEL,938,161.8809,160.85,30300.329212206823,1365160.9792122068,9
SMV2-0224,2024-04-12,2024-04-15,MCDOWELL-N,132,1136.26785,1148.95,30300.329212206823,1365160.9792122068,9
SMV2-0224,2024-04-12,2024-04-15,UBL,83,1813.2561749999995,1848.35,30300.329212206823,1365160.9792122068,9
SMV2-0224,2024-04-12,2024-04-15,RADICO,88,1707.803475,1724.45,30300.329212206823,1365160.9792122068,9
SMV2-0224,2024-04-12,2024-04-15,SAIL,993,152.97645,151.05,30300.329212206823,1365160.9792122068,9
SMV2-0224,2024-04-12,2024-04-15,TATAPOWER,361,417.70874999999995,431.6,30300.329212206823,1365160.9792122068,9
SMV2-0224,2024-04-12,2024-04-15,NTPC,361,355.7778,361.15,30300.329212206823,1365160.9792122068,9
SMV2-0224,2024-04-12,2024-04-15,HINDCOPPER,421,360.18,353.75,30300.329212206823,1365160.9792122068,9
SMV2-0224,2024-04-12,2024-04-15,NHPC,1597,94.54724999999999,88.95,30300.329212206823,1365160.9792122068,9
SMV2-0225,2024-04-19,2024-04-22,TATASTEEL,938,161.8809,161.85,57.58967280690558,1373411.689672807,9
SMV2-0225,2024-04-19,2024-04-22,DLF,176,860.43,865.15,57.58967280690558,1373411.689672807,9
SMV2-0225,2024-04-19,2024-04-22,GODREJPROP,60,2526.2625,2503.25,57.58967280690558,1373411.689672807,9
SMV2-0225,2024-04-19,2024-04-22,MCDOWELL-N,132,1136.26785,1159.8,57.58967280690558,1373411.689672807,9
SMV2-0225,2024-04-19,2024-04-22,UBL,83,1813.2561749999995,1853.85,57.58967280690558,1373411.689672807,9
SMV2-0225,2024-04-19,2024-04-22,RADICO,88,1707.803475,1740.05,57.58967280690558,1373411.689672807,9
SMV2-0225,2024-04-19,2024-04-22,SAIL,993,152.97645,148.4,57.58967280690558,1373411.689672807,9
SMV2-0225,2024-04-19,2024-04-22,IBREALEST,1133,134.06699999999998,134.2,57.58967280690558,1373411.689672807,9
SMV2-0225,2024-04-19,2024-04-22,HINDCOPPER,421,360.18,379.05,57.58967280690558,1373411.689672807,9
SMV2-0226,2024-04-26,2024-04-29,TATASTEEL,938,161.8809,167.4,4020.504658957012,1423830.954658957,9
SMV2-0226,2024-04-26,2024-04-29,DLF,176,860.43,886.1,4020.504658957012,1423830.954658957,9
SMV2-0226,2024-04-26,2024-04-29,GODREJPROP,60,2526.2625,2628.0,4020.504658957012,1423830.954658957,9
SMV2-0226,2024-04-26,2024-04-29,SAIL,993,152.97645,164.8,4020.504658957012,1423830.954658957,9
SMV2-0226,2024-04-26,2024-04-29,IBREALEST,1133,134.06699999999998,133.25,4020.504658957012,1423830.954658957,9
SMV2-0226,2024-04-26,2024-04-29,HAL,39,4008.3531749999997,4017.7,4020.504658957012,1423830.954658957,9
SMV2-0226,2024-04-26,2024-04-29,BEL,667,240.270075,235.4,4020.504658957012,1423830.954658957,9
SMV2-0226,2024-04-26,2024-04-29,INDIGO,40,4003.0004999999996,3927.7,4020.504658957012,1423830.954658957,9
SMV2-0226,2024-04-26,2024-04-29,HINDCOPPER,421,360.18,388.9,4020.504658957012,1423830.954658957,9
SMV2-0227,2024-05-03,2024-05-06,TATASTEEL,938,161.8809,167.6,395.3514492569957,1381936.951449257,9
SMV2-0227,2024-05-03,2024-05-06,JKPAPER,410,385.742775,379.15,395.3514492569957,1381936.951449257,9
SMV2-0227,2024-05-03,2024-05-06,WSTCSTPAPR,209,683.3915249999999,660.8,395.3514492569957,1381936.951449257,9
SMV2-0227,2024-05-03,2024-05-06,ORIENTPPR,2743,57.67882499999999,55.1,395.3514492569957,1381936.951449257,9
SMV2-0227,2024-05-03,2024-05-06,SAIL,993,152.97645,162.9,395.3514492569957,1381936.951449257,9
SMV2-0227,2024-05-03,2024-05-06,TATAPOWER,344,458.8293,446.3,395.3514492569957,1381936.951449257,9
SMV2-0227,2024-05-03,2024-05-06,NTPC,429,367.9839,356.8,395.3514492569957,1381936.951449257,9
SMV2-0227,2024-05-03,2024-05-06,HINDCOPPER,421,360.18,377.7,395.3514492569957,1381936.951449257,9
SMV2-0227,2024-05-03,2024-05-06,IREDA,884,178.8894,172.25,395.3514492569957,1381936.951449257,9
SMV2-0228,2024-05-10,2024-05-13,HAVELLS,87,1690.694925,1702.4,25077.755212107062,1337867.855212107,9
SMV2-0228,2024-05-10,2024-05-13,BHEL,537,274.5372,283.3,25077.755212107062,1337867.855212107,9
SMV2-0228,2024-05-10,2024-05-13,SIEMENS,23,6235.7163,6620.1,25077.755212107062,1337867.855212107,9
SMV2-0228,2024-05-10,2024-05-13,JKPAPER,410,385.742775,354.75,25077.755212107062,1337867.855212107,9
SMV2-0228,2024-05-10,2024-05-13,WSTCSTPAPR,209,683.3915249999999,628.7,25077.755212107062,1337867.855212107,9
SMV2-0228,2024-05-10,2024-05-13,ORIENTPPR,2743,57.67882499999999,51.95,25077.755212107062,1337867.855212107,9
SMV2-0228,2024-05-10,2024-05-13,HAL,38,3877.4377499999996,3921.75,25077.755212107062,1337867.855212107,9
SMV2-0228,2024-05-10,2024-05-13,BEL,645,228.5142,224.75,25077.755212107062,1337867.855212107,9
SMV2-0228,2024-05-10,2024-05-13,INDIGO,36,4008.1030499999997,4082.0,25077.755212107062,1337867.855212107,9
SMV2-0229,2024-05-18,2024-05-21,HAVELLS,87,1690.694925,1866.85,25077.755212107062,1474304.6052121068,9
SMV2-0229,2024-05-18,2024-05-21,BHEL,537,274.5372,319.2,25077.755212107062,1474304.6052121068,9
SMV2-0229,2024-05-18,2024-05-21,SIEMENS,23,6235.7163,7284.25,25077.755212107062,1474304.6052121068,9
SMV2-0229,2024-05-18,2024-05-21,JKPAPER,410,385.742775,371.7,25077.755212107062,1474304.6052121068,9
SMV2-0229,2024-05-18,2024-05-21,WSTCSTPAPR,209,683.3915249999999,645.0,25077.755212107062,1474304.6052121068,9
SMV2-0229,2024-05-18,2024-05-21,ORIENTPPR,2743,57.67882499999999,53.5,25077.755212107062,1474304.6052121068,9
SMV2-0229,2024-05-18,2024-05-21,HAL,38,3877.4377499999996,4782.25,25077.755212107062,1474304.6052121068,9
SMV2-0229,2024-05-18,2024-05-21,BEL,645,228.5142,274.15,25077.755212107062,1474304.6052121068,9
SMV2-0229,2024-05-18,2024-05-21,INDIGO,36,4008.1030499999997,4315.5,25077.755212107062,1474304.6052121068,9
SMV2-0230,2024-05-24,2024-05-27,LT,45,3646.7224499999998,3652.0,161.28877765708603,1487613.288777657,9
SMV2-0230,2024-05-24,2024-05-27,ADANIPORTS,115,1445.7224999999999,1431.65,161.28877765708603,1487613.288777657,9
SMV2-0230,2024-05-24,2024-05-27,HAL,32,3877.4377499999996,5142.35,161.28877765708603,1487613.288777657,9
SMV2-0230,2024-05-24,2024-05-27,BEL,645,228.5142,294.45,161.28877765708603,1487613.288777657,9
SMV2-0230,2024-05-24,2024-05-27,INDIGO,36,4008.1030499999997,4252.95,161.28877765708603,1487613.288777657,9
SMV2-0230,2024-05-24,2024-05-27,TATAPOWER,370,449.12444999999997,446.05,161.28877765708603,1487613.288777657,9
SMV2-0230,2024-05-24,2024-05-27,RVNL,442,375.93787499999996,377.0,161.28877765708603,1487613.288777657,9
SMV2-0230,2024-05-24,2024-05-27,NHPC,1605,103.6518,102.3,161.28877765708603,1487613.288777657,9
SMV2-0230,2024-05-24,2024-05-27,IREDA,802,190.59525000000002,193.3,161.28877765708603,1487613.288777657,9
SMV2-0231,2024-05-31,2024-06-03,LT,45,3646.7224499999998,3897.15,1197.7106549571618,1572700.2606549573,9
SMV2-0231,2024-05-31,2024-06-03,ADANIPORTS,115,1445.7224999999999,1583.95,1197.7106549571618,1572700.2606549573,9
SMV2-0231,2024-05-31,2024-06-03,HAL,32,3877.4377499999996,5273.65,1197.7106549571618,1572700.2606549573,9
SMV2-0231,2024-05-31,2024-06-03,BEL,645,228.5142,318.65,1197.7106549571618,1572700.2606549573,9
SMV2-0231,2024-05-31,2024-06-03,INDIGO,36,4008.1030499999997,4298.05,1197.7106549571618,1572700.2606549573,9
SMV2-0231,2024-05-31,2024-06-03,RVNL,442,375.93787499999996,404.55,1197.7106549571618,1572700.2606549573,9
SMV2-0231,2024-05-31,2024-06-03,TITAGARH,113,1565.1822,1492.5,1197.7106549571618,1572700.2606549573,9
SMV2-0231,2024-05-31,2024-06-03,TEXRAIL,827,214.107,207.65,1197.7106549571618,1572700.2606549573,9
SMV2-0231,2024-05-31,2024-06-03,CARBORUNIV,99,1643.32125,1674.45,1197.7106549571618,1572700.2606549573,9
SMV2-0232,2024-06-07,2024-06-10,LT,45,3646.7224499999998,3543.75,1197.7106549571618,1460237.2106549572,9
SMV2-0232,2024-06-07,2024-06-10,ADANIPORTS,115,1445.7224999999999,1384.05,1197.7106549571618,1460237.2106549572,9
SMV2-0232,2024-06-07,2024-06-10,HAL,32,3877.4377499999996,4812.7,1197.7106549571618,1460237.2106549572,9
SMV2-0232,2024-06-07,2024-06-10,BEL,645,228.5142,283.4,1197.7106549571618,1460237.2106549572,9
SMV2-0232,2024-06-07,2024-06-10,INDIGO,36,4008.1030499999997,4566.6,1197.7106549571618,1460237.2106549572,9
SMV2-0232,2024-06-07,2024-06-10,RVNL,442,375.93787499999996,373.95,1197.7106549571618,1460237.2106549572,9
SMV2-0232,2024-06-07,2024-06-10,TITAGARH,113,1565.1822,1342.3,1197.7106549571618,1460237.2106549572,9
SMV2-0232,2024-06-07,2024-06-10,TEXRAIL,827,214.107,194.95,1197.7106549571618,1460237.2106549572,9
SMV2-0232,2024-06-07,2024-06-10,CARBORUNIV,99,1643.32125,1626.45,1197.7106549571618,1460237.2106549572,9
SMV2-0233,2024-06-14,2024-06-18,LT,45,3646.7224499999998,3689.2,20761.204570057074,1550787.874570057,9
SMV2-0233,2024-06-14,2024-06-18,ADANIPORTS,115,1445.7224999999999,1445.0,20761.204570057074,1550787.874570057,9
SMV2-0233,2024-06-14,2024-06-18,POLYCAB,24,7123.56,7110.25,20761.204570057074,1550787.874570057,9
SMV2-0233,2024-06-14,2024-06-18,ABB,18,9154.524975,8867.0,20761.204570057074,1550787.874570057,9
SMV2-0233,2024-06-14,2024-06-18,FINCABLES,108,1608.8039999999999,1574.25,20761.204570057074,1550787.874570057,9
SMV2-0233,2024-06-14,2024-06-18,RVNL,442,375.93787499999996,396.1,20761.204570057074,1550787.874570057,9
SMV2-0233,2024-06-14,2024-06-18,TITAGARH,113,1565.1822,1496.15,20761.204570057074,1550787.874570057,9
SMV2-0233,2024-06-14,2024-06-18,TEXRAIL,827,214.107,213.91,20761.204570057074,1550787.874570057,9
SMV2-0233,2024-06-14,2024-06-18,CARBORUNIV,99,1643.32125,1783.05,20761.204570057074,1550787.874570057,9
SMV2-0234,2024-06-21,2024-06-24,LT,45,3646.7224499999998,3531.6,20761.204570057074,1561086.3245700572,9
SMV2-0234,2024-06-21,2024-06-24,ADANIPORTS,115,1445.7224999999999,1460.25,20761.204570057074,1561086.3245700572,9
SMV2-0234,2024-06-21,2024-06-24,POLYCAB,24,7123.56,7260.6,20761.204570057074,1561086.3245700572,9
SMV2-0234,2024-06-21,2024-06-24,ABB,18,9154.524975,8465.3,20761.204570057074,1561086.3245700572,9
SMV2-0234,2024-06-21,2024-06-24,FINCABLES,108,1608.8039999999999,1611.75,20761.204570057074,1561086.3245700572,9
SMV2-0234,2024-06-21,2024-06-24,RVNL,442,375.93787499999996,416.6,20761.204570057074,1561086.3245700572,9
SMV2-0234,2024-06-21,2024-06-24,TITAGARH,113,1565.1822,1609.8,20761.204570057074,1561086.3245700572,9
SMV2-0234,2024-06-21,2024-06-24,TEXRAIL,827,214.107,216.96,20761.204570057074,1561086.3245700572,9
SMV2-0234,2024-06-21,2024-06-24,CARBORUNIV,99,1643.32125,1689.95,20761.204570057074,1561086.3245700572,9
SMV2-0235,2024-06-28,2024-07-01,LT,45,3646.7224499999998,3526.55,29149.009146007273,1607029.4091460072,9
SMV2-0235,2024-06-28,2024-07-01,ADANIPORTS,115,1445.7224999999999,1474.5,29149.009146007273,1607029.4091460072,9
SMV2-0235,2024-06-28,2024-07-01,VOLTAS,120,1472.9361,1444.25,29149.009146007273,1607029.4091460072,9
SMV2-0235,2024-06-28,2024-07-01,DIXON,14,12105.0495,12446.45,29149.009146007273,1607029.4091460072,9
SMV2-0235,2024-06-28,2024-07-01,CROMPTON,438,405.50265,416.5,29149.009146007273,1607029.4091460072,9
SMV2-0235,2024-06-28,2024-07-01,JINDALPOLY,256,692.7461999999999,710.35,29149.009146007273,1607029.4091460072,9
SMV2-0235,2024-06-28,2024-07-01,UFLEX,341,520.4100749999999,524.15,29149.009146007273,1607029.4091460072,9
SMV2-0235,2024-06-28,2024-07-01,HUHTAMAKI,486,365.58269999999993,361.35,29149.009146007273,1607029.4091460072,9
SMV2-0235,2024-06-28,2024-07-01,RVNL,442,375.93787499999996,415.0,29149.009146007273,1607029.4091460072,9
SMV2-0236,2024-07-05,2024-07-08,GAIL,849,223.61175,230.49,472.48172730757506,1699100.2417273077,9
SMV2-0236,2024-07-05,2024-07-08,MGL,111,1701.100125,1669.0,472.48172730757506,1699100.2417273077,9
SMV2-0236,2024-07-05,2024-07-08,JINDALPOLY,256,692.7461999999999,800.4,472.48172730757506,1699100.2417273077,9
SMV2-0236,2024-07-05,2024-07-08,UFLEX,341,520.4100749999999,568.5,472.48172730757506,1699100.2417273077,9
SMV2-0236,2024-07-05,2024-07-08,HUHTAMAKI,486,365.58269999999993,389.7,472.48172730757506,1699100.2417273077,9
SMV2-0236,2024-07-05,2024-07-08,REFEX,895,212.11600499999997,206.61,472.48172730757506,1699100.2417273077,9
SMV2-0236,2024-07-05,2024-07-08,TITAGARH,102,1859.9295000000002,1823.45,472.48172730757506,1699100.2417273077,9
SMV2-0236,2024-07-05,2024-07-08,TEXRAIL,680,279.1395,285.31,472.48172730757506,1699100.2417273077,9
SMV2-0236,2024-07-05,2024-07-08,CARBORUNIV,97,1707.8535,1697.0,472.48172730757506,1699100.2417273077,9
SMV2-0237,2024-07-12,2024-07-15,JKPAPER,337,565.2824999999999,562.3,330.3058349377243,1696999.1058349377,9
SMV2-0237,2024-07-12,2024-07-15,WSTCSTPAPR,221,690.9953249999999,680.2,330.3058349377243,1696999.1058349377,9
SMV2-0237,2024-07-12,2024-07-15,ORIENTPPR,3294,57.90894,56.44,330.3058349377243,1696999.1058349377,9
SMV2-0237,2024-07-12,2024-07-15,GAIL,849,223.61175,237.16,330.3058349377243,1696999.1058349377,9
SMV2-0237,2024-07-12,2024-07-15,MGL,111,1701.100125,1742.1,330.3058349377243,1696999.1058349377,9
SMV2-0237,2024-07-12,2024-07-15,JINDALPOLY,256,692.7461999999999,779.0,330.3058349377243,1696999.1058349377,9
SMV2-0237,2024-07-12,2024-07-15,UFLEX,341,520.4100749999999,550.75,330.3058349377243,1696999.1058349377,9
SMV2-0237,2024-07-12,2024-07-15,HUHTAMAKI,486,365.58269999999993,381.7,330.3058349377243,1696999.1058349377,9
SMV2-0237,2024-07-12,2024-07-15,REFEX,895,212.11600499999997,227.35,330.3058349377243,1696999.1058349377,9
SMV2-0238,2024-07-19,2024-07-22,HDFCLIFE,286,632.2159499999999,637.4,1189.0034749378683,1661037.883474938,9
SMV2-0238,2024-07-19,2024-07-22,BHARTIARTL,124,1450.725,1465.4,1189.0034749378683,1661037.883474938,9
SMV2-0238,2024-07-19,2024-07-22,GAIL,849,223.61175,222.87,1189.0034749378683,1661037.883474938,9
SMV2-0238,2024-07-19,2024-07-22,MGL,111,1701.100125,1729.55,1189.0034749378683,1661037.883474938,9
SMV2-0238,2024-07-19,2024-07-22,INDUSTOWER,441,409.8048,421.75,1189.0034749378683,1661037.883474938,9
SMV2-0238,2024-07-19,2024-07-22,REFEX,895,212.11600499999997,229.83,1189.0034749378683,1661037.883474938,9
SMV2-0238,2024-07-19,2024-07-22,LICI,164,1100.55,1123.7,1189.0034749378683,1661037.883474938,9
SMV2-0238,2024-07-19,2024-07-22,POLICYBZR,106,1424.41185,1465.8,1189.0034749378683,1661037.883474938,9
SMV2-0238,2024-07-19,2024-07-22,RAILTEL,350,516.608175,523.7,1189.0034749378683,1661037.883474938,9
SMV2-0239,2024-07-26,2024-07-29,HDFCLIFE,286,632.2159499999999,696.85,1189.0034749378683,1734995.683474938,9
SMV2-0239,2024-07-26,2024-07-29,BHARTIARTL,124,1450.725,1481.35,1189.0034749378683,1734995.683474938,9
SMV2-0239,2024-07-26,2024-07-29,GAIL,849,223.61175,231.87,1189.0034749378683,1734995.683474938,9
SMV2-0239,2024-07-26,2024-07-29,MGL,111,1701.100125,1839.95,1189.0034749378683,1734995.683474938,9
SMV2-0239,2024-07-26,2024-07-29,INDUSTOWER,441,409.8048,443.4,1189.0034749378683,1734995.683474938,9
SMV2-0239,2024-07-26,2024-07-29,REFEX,895,212.11600499999997,251.44,1189.0034749378683,1734995.683474938,9
SMV2-0239,2024-07-26,2024-07-29,LICI,164,1100.55,1173.6,1189.0034749378683,1734995.683474938,9
SMV2-0239,2024-07-26,2024-07-29,POLICYBZR,106,1424.41185,1493.25,1189.0034749378683,1734995.683474938,9
SMV2-0239,2024-07-26,2024-07-29,RAILTEL,350,516.608175,509.7,1189.0034749378683,1734995.683474938,9
SMV2-0240,2024-08-02,2024-08-05,HDFCLIFE,286,632.2159499999999,710.9,4678.803666637919,1688443.6836666379,9
SMV2-0240,2024-08-02,2024-08-05,SBILIFE,112,1680.84,1722.2,4678.803666637919,1688443.6836666379,9
SMV2-0240,2024-08-02,2024-08-05,BHARTIARTL,124,1450.725,1465.7,4678.803666637919,1688443.6836666379,9
SMV2-0240,2024-08-02,2024-08-05,GAIL,849,223.61175,224.57,4678.803666637919,1688443.6836666379,9
SMV2-0240,2024-08-02,2024-08-05,MGL,111,1701.100125,1793.3,4678.803666637919,1688443.6836666379,9
SMV2-0240,2024-08-02,2024-08-05,INDUSTOWER,441,409.8048,413.65,4678.803666637919,1688443.6836666379,9
SMV2-0240,2024-08-02,2024-08-05,REFEX,754,212.11600499999997,248.45,4678.803666637919,1688443.6836666379,9
SMV2-0240,2024-08-02,2024-08-05,LICI,164,1100.55,1107.65,4678.803666637919,1688443.6836666379,9
SMV2-0240,2024-08-02,2024-08-05,RAILTEL,350,516.608175,470.55,4678.803666637919,1688443.6836666379,9
SMV2-0241,2024-08-09,2024-08-12,PAGEIND,4,40189.0845,40821.3,436.84705427804147,1727496.057054278,9
SMV2-0241,2024-08-09,2024-08-12,LUXIND,81,2317.158,2329.95,436.84705427804147,1727496.057054278,9
SMV2-0241,2024-08-09,2024-08-12,GAIL,849,223.61175,231.9,436.84705427804147,1727496.057054278,9
SMV2-0241,2024-08-09,2024-08-12,MGL,111,1701.100125,1826.8,436.84705427804147,1727496.057054278,9
SMV2-0241,2024-08-09,2024-08-12,HUHTAMAKI,436,434.217,433.4,436.84705427804147,1727496.057054278,9
SMV2-0241,2024-08-09,2024-08-12,AGI,252,751.3755,799.5,436.84705427804147,1727496.057054278,9
SMV2-0241,2024-08-09,2024-08-12,REFEX,754,212.11600499999997,281.55,436.84705427804147,1727496.057054278,9
SMV2-0241,2024-08-09,2024-08-12,COSMOFIRST,194,975.4875,939.55,436.84705427804147,1727496.057054278,9
SMV2-0241,2024-08-09,2024-08-12,WELSPUNLIV,1068,177.40866,178.27,436.84705427804147,1727496.057054278,9
SMV2-0242,2024-08-16,2024-08-19,TITAN,55,3437.9180999999994,3464.85,69.62034212812432,1733069.4103421282,9
SMV2-0242,2024-08-16,2024-08-19,KALYANKJIL,331,578.238975,549.55,69.62034212812432,1733069.4103421282,9
SMV2-0242,2024-08-16,2024-08-19,GAIL,849,223.61175,238.93,69.62034212812432,1733069.4103421282,9
SMV2-0242,2024-08-16,2024-08-19,MGL,111,1701.100125,1840.85,69.62034212812432,1733069.4103421282,9
SMV2-0242,2024-08-16,2024-08-19,GOLDIAM,651,237.54871499999996,235.07,69.62034212812432,1733069.4103421282,9
SMV2-0242,2024-08-16,2024-08-19,HUHTAMAKI,436,434.217,439.45,69.62034212812432,1733069.4103421282,9
SMV2-0242,2024-08-16,2024-08-19,AGI,252,751.3755,881.15,69.62034212812432,1733069.4103421282,9
SMV2-0242,2024-08-16,2024-08-19,REFEX,754,212.11600499999997,274.5,69.62034212812432,1733069.4103421282,9
SMV2-0242,2024-08-16,2024-08-19,COSMOFIRST,194,975.4875,926.25,69.62034212812432,1733069.4103421282,9
SMV2-0243,2024-08-23,2024-08-26,SUNPHARMA,112,1780.8899999999999,1772.45,20291.267612528143,1798465.8476125281,9
SMV2-0243,2024-08-23,2024-08-26,DIVISLAB,41,4862.429999999999,4926.25,20291.267612528143,1798465.8476125281,9
SMV2-0243,2024-08-23,2024-08-26,TITAN,55,3437.9180999999994,3630.2,20291.267612528143,1798465.8476125281,9
SMV2-0243,2024-08-23,2024-08-26,LUPIN,95,2101.0499999999997,2116.2,20291.267612528143,1798465.8476125281,9
SMV2-0243,2024-08-23,2024-08-26,KALYANKJIL,331,578.238975,616.75,20291.267612528143,1798465.8476125281,9
SMV2-0243,2024-08-23,2024-08-26,GOLDIAM,651,237.54871499999996,271.08,20291.267612528143,1798465.8476125281,9
SMV2-0243,2024-08-23,2024-08-26,HUHTAMAKI,436,434.217,427.05,20291.267612528143,1798465.8476125281,9
SMV2-0243,2024-08-23,2024-08-26,AGI,252,751.3755,952.75,20291.267612528143,1798465.8476125281,9
SMV2-0243,2024-08-23,2024-08-26,COSMOFIRST,194,975.4875,876.7,20291.267612528143,1798465.8476125281,9
SMV2-0244,2024-08-30,2024-09-02,AVANTIFEED,299,680.9403,670.9,678.8141558282659,1824651.0641558282,9
SMV2-0244,2024-08-30,2024-09-02,SUNPHARMA,112,1780.8899999999999,1815.95,678.8141558282659,1824651.0641558282,9
SMV2-0244,2024-08-30,2024-09-02,TATACONSUM,169,1200.6,1199.7,678.8141558282659,1824651.0641558282,9
SMV2-0244,2024-08-30,2024-09-02,DIVISLAB,41,4862.429999999999,5036.85,678.8141558282659,1824651.0641558282,9
SMV2-0244,2024-08-30,2024-09-02,TITAN,55,3437.9180999999994,3587.55,678.8141558282659,1824651.0641558282,9
SMV2-0244,2024-08-30,2024-09-02,LUPIN,95,2101.0499999999997,2232.75,678.8141558282659,1824651.0641558282,9
SMV2-0244,2024-08-30,2024-09-02,KALYANKJIL,331,578.238975,639.85,678.8141558282659,1824651.0641558282,9
SMV2-0244,2024-08-30,2024-09-02,GOLDIAM,651,237.54871499999996,313.95,678.8141558282659,1824651.0641558282,9
SMV2-0244,2024-08-30,2024-09-02,PATANJALI,94,1949.924475,1969.45,678.8141558282659,1824651.0641558282,9
SMV2-0245,2024-09-06,2024-09-09,SUNPHARMA,112,1780.8899999999999,1821.85,35.78380047841347,1838885.4838004783,9
SMV2-0245,2024-09-06,2024-09-09,RADICO,101,2009.90445,1977.6,35.78380047841347,1838885.4838004783,9
SMV2-0245,2024-09-06,2024-09-09,TITAN,55,3437.9180999999994,3684.55,35.78380047841347,1838885.4838004783,9
SMV2-0245,2024-09-06,2024-09-09,LUPIN,95,2101.0499999999997,2216.8,35.78380047841347,1838885.4838004783,9
SMV2-0245,2024-09-06,2024-09-09,KALYANKJIL,331,578.238975,642.6,35.78380047841347,1838885.4838004783,9
SMV2-0245,2024-09-06,2024-09-09,GOLDIAM,651,237.54871499999996,345.5,35.78380047841347,1838885.4838004783,9
SMV2-0245,2024-09-06,2024-09-09,ZYDUSLIFE,184,1100.55,1104.15,35.78380047841347,1838885.4838004783,9
SMV2-0245,2024-09-06,2024-09-09,UNITDSPR,138,1464.381825,1504.05,35.78380047841347,1838885.4838004783,9
SMV2-0245,2024-09-06,2024-09-09,TI,577,301.05044999999996,300.65,35.78380047841347,1838885.4838004783,9
SMV2-0246,2024-09-13,2024-09-16,SUNPHARMA,112,1780.8899999999999,1862.95,17.923032748454716,1916558.0430327486,9
SMV2-0246,2024-09-13,2024-09-16,RADICO,101,2009.90445,2123.65,17.923032748454716,1916558.0430327486,9
SMV2-0246,2024-09-13,2024-09-16,TITAN,55,3437.9180999999994,3740.65,17.923032748454716,1916558.0430327486,9
SMV2-0246,2024-09-13,2024-09-16,KALYANKJIL,331,578.238975,699.95,17.923032748454716,1916558.0430327486,9
SMV2-0246,2024-09-13,2024-09-16,GOLDIAM,651,237.54871499999996,373.85,17.923032748454716,1916558.0430327486,9
SMV2-0246,2024-09-13,2024-09-16,ZYDUSLIFE,184,1100.55,1115.85,17.923032748454716,1916558.0430327486,9
SMV2-0246,2024-09-13,2024-09-16,UNITDSPR,138,1464.381825,1547.25,17.923032748454716,1916558.0430327486,9
SMV2-0246,2024-09-13,2024-09-16,TI,577,301.05044999999996,317.75,17.923032748454716,1916558.0430327486,9
SMV2-0246,2024-09-13,2024-09-16,MOREPENLAB,2287,93.836895,92.01,17.923032748454716,1916558.0430327486,9
SMV2-0247,2024-09-20,2024-09-23,SUNPHARMA,112,1780.8899999999999,1862.7,146.63102849846473,1940853.6810284986,9
SMV2-0247,2024-09-20,2024-09-23,RADICO,101,2009.90445,2147.55,146.63102849846473,1940853.6810284986,9
SMV2-0247,2024-09-20,2024-09-23,TITAN,55,3437.9180999999994,3820.1,146.63102849846473,1940853.6810284986,9
SMV2-0247,2024-09-20,2024-09-23,KALYANKJIL,331,578.238975,768.65,146.63102849846473,1940853.6810284986,9
SMV2-0247,2024-09-20,2024-09-23,GOLDIAM,651,237.54871499999996,379.2,146.63102849846473,1940853.6810284986,9
SMV2-0247,2024-09-20,2024-09-23,ZYDUSLIFE,184,1100.55,1055.25,146.63102849846473,1940853.6810284986,9
SMV2-0247,2024-09-20,2024-09-23,UNITDSPR,138,1464.381825,1628.25,146.63102849846473,1940853.6810284986,9
SMV2-0247,2024-09-20,2024-09-23,TI,577,301.05044999999996,312.75,146.63102849846473,1940853.6810284986,9
SMV2-0247,2024-09-20,2024-09-23,GRANULES,365,542.321025,560.2,146.63102849846473,1940853.6810284986,9
SMV2-0248,2024-09-27,2024-09-30,RADICO,101,2009.90445,2045.45,509.6731076485303,1896673.6931076485,9
SMV2-0248,2024-09-27,2024-09-30,TITAN,55,3437.9180999999994,3823.95,509.6731076485303,1896673.6931076485,9
SMV2-0248,2024-09-27,2024-09-30,KALYANKJIL,331,578.238975,730.25,509.6731076485303,1896673.6931076485,9
SMV2-0248,2024-09-27,2024-09-30,GAIL,898,234.117,240.29,509.6731076485303,1896673.6931076485,9
SMV2-0248,2024-09-27,2024-09-30,MGL,108,1930.965,1940.4,509.6731076485303,1896673.6931076485,9
SMV2-0248,2024-09-27,2024-09-30,GOLDIAM,651,237.54871499999996,346.35,509.6731076485303,1896673.6931076485,9
SMV2-0248,2024-09-27,2024-09-30,REFEX,268,582.2909999999999,562.7,509.6731076485303,1896673.6931076485,9
SMV2-0248,2024-09-27,2024-09-30,UNITDSPR,138,1464.381825,1589.9,509.6731076485303,1896673.6931076485,9
SMV2-0248,2024-09-27,2024-09-30,TI,721,299.1321542995839,300.3,509.6731076485303,1896673.6931076485,9
SMV2-0249,2024-10-04,2024-10-07,TITAN,55,3437.9180999999994,3589.25,77.91628884861711,1761415.9862888488,9
SMV2-0249,2024-10-04,2024-10-07,KALYANKJIL,331,578.238975,702.2,77.91628884861711,1761415.9862888488,9
SMV2-0249,2024-10-04,2024-10-07,GAIL,898,234.117,223.94,77.91628884861711,1761415.9862888488,9
SMV2-0249,2024-10-04,2024-10-07,MGL,108,1930.965,1824.8,77.91628884861711,1761415.9862888488,9
SMV2-0249,2024-10-04,2024-10-07,GOLDIAM,651,237.54871499999996,310.2,77.91628884861711,1761415.9862888488,9
SMV2-0249,2024-10-04,2024-10-07,TATAPOWER,441,468.13394999999997,441.3,77.91628884861711,1761415.9862888488,9
SMV2-0249,2024-10-04,2024-10-07,NTPC,479,430.8153,415.45,77.91628884861711,1761415.9862888488,9
SMV2-0249,2024-10-04,2024-10-07,REFEX,368,576.2825624999999,516.5,77.91628884861711,1761415.9862888488,9
SMV2-0249,2024-10-04,2024-10-07,POWERGRID,449,340.16999999999996,328.95,77.91628884861711,1761415.9862888488,9
SMV2-0250,2024-10-11,2024-10-14,VEDL,400,500.25,499.15,9.56269058882026,1814230.912690589,9
SMV2-0250,2024-10-11,2024-10-14,TATASTEEL,1237,161.96094,158.32,9.56269058882026,1814230.912690589,9
SMV2-0250,2024-10-11,2024-10-14,TITAN,55,3437.9180999999994,3497.8,9.56269058882026,1814230.912690589,9
SMV2-0250,2024-10-11,2024-10-14,KALYANKJIL,277,578.238975,750.8,9.56269058882026,1814230.912690589,9
SMV2-0250,2024-10-11,2024-10-14,GOLDIAM,651,237.54871499999996,367.35,9.56269058882026,1814230.912690589,9
SMV2-0250,2024-10-11,2024-10-14,TATAPOWER,441,468.13394999999997,462.3,9.56269058882026,1814230.912690589,9
SMV2-0250,2024-10-11,2024-10-14,NTPC,479,430.8153,424.5,9.56269058882026,1814230.912690589,9
SMV2-0250,2024-10-11,2024-10-14,POWERGRID,607,337.57875444810537,330.7,9.56269058882026,1814230.912690589,9
SMV2-0250,2024-10-11,2024-10-14,NATIONALUM,756,225.11249999999998,226.56,9.56269058882026,1814230.912690589,9
SMV2-0251,2024-10-18,2024-10-21,VEDL,400,500.25,475.0,69302.40972323887,1812948.5697232387,9
SMV2-0251,2024-10-18,2024-10-21,TATASTEEL,1237,161.96094,155.03,69302.40972323887,1812948.5697232387,9
SMV2-0251,2024-10-18,2024-10-21,VOLTAS,107,1875.587325,1813.95,69302.40972323887,1812948.5697232387,9
SMV2-0251,2024-10-18,2024-10-21,DIXON,12,15477.734999999999,15390.55,69302.40972323887,1812948.5697232387,9
SMV2-0251,2024-10-18,2024-10-21,AMBER,37,5422.81005,6344.45,69302.40972323887,1812948.5697232387,9
SMV2-0251,2024-10-18,2024-10-21,TITAN,55,3437.9180999999994,3363.25,69302.40972323887,1812948.5697232387,9
SMV2-0251,2024-10-18,2024-10-21,KALYANKJIL,277,578.238975,704.05,69302.40972323887,1812948.5697232387,9
SMV2-0251,2024-10-18,2024-10-21,GOLDIAM,517,237.54871499999996,376.15,69302.40972323887,1812948.5697232387,9
SMV2-0251,2024-10-18,2024-10-21,NATIONALUM,756,225.11249999999998,230.0,69302.40972323887,1812948.5697232387,9
SMV2-0252,2024-10-25,2024-10-28,SUNPHARMA,102,1864.1316,1902.9,67495.87952873894,1741070.579528739,9
SMV2-0252,2024-10-25,2024-10-28,CIPLA,128,1497.5484,1503.15,67495.87952873894,1741070.579528739,9
SMV2-0252,2024-10-25,2024-10-28,DIVISLAB,33,5767.78245,5814.4,67495.87952873894,1741070.579528739,9
SMV2-0252,2024-10-25,2024-10-28,VOLTAS,107,1875.587325,1762.25,67495.87952873894,1741070.579528739,9
SMV2-0252,2024-10-25,2024-10-28,DIXON,12,15477.734999999999,14236.55,67495.87952873894,1741070.579528739,9
SMV2-0252,2024-10-25,2024-10-28,AMBER,30,5422.81005,6235.65,67495.87952873894,1741070.579528739,9
SMV2-0252,2024-10-25,2024-10-28,TITAN,55,3437.9180999999994,3283.05,67495.87952873894,1741070.579528739,9
SMV2-0252,2024-10-25,2024-10-28,KALYANKJIL,277,578.238975,669.05,67495.87952873894,1741070.579528739,9
SMV2-0252,2024-10-25,2024-10-28,GOLDIAM,517,237.54871499999996,353.65,67495.87952873894,1741070.579528739,9
SMV2-0253,2024-11-01,2024-11-04,SUNPHARMA,102,1864.1316,1808.9,19492.575656689005,1701677.625656689,9
SMV2-0253,2024-11-01,2024-11-04,CIPLA,128,1497.5484,1584.6,19492.575656689005,1701677.625656689,9
SMV2-0253,2024-11-01,2024-11-04,DIVISLAB,33,5767.78245,5901.75,19492.575656689005,1701677.625656689,9
SMV2-0253,2024-11-01,2024-11-04,TITAN,55,3437.9180999999994,3222.0,19492.575656689005,1701677.625656689,9
SMV2-0253,2024-11-01,2024-11-04,KALYANKJIL,277,578.238975,659.5,19492.575656689005,1701677.625656689,9
SMV2-0253,2024-11-01,2024-11-04,GOLDIAM,517,237.54871499999996,343.7,19492.575656689005,1701677.625656689,9
SMV2-0253,2024-11-01,2024-11-04,INDIAMART,74,2576.137425,2462.9,19492.575656689005,1701677.625656689,9
SMV2-0253,2024-11-01,2024-11-04,CDSL,123,1557.228225,1521.8,19492.575656689005,1701677.625656689,9
SMV2-0253,2024-11-01,2024-11-04,SYRMA,383,501.2505,504.1,19492.575656689005,1701677.625656689,9
SMV2-0254,2024-11-08,2024-11-11,SUNPHARMA,102,1864.1316,1794.6,81.6377808394027,1711696.3077808393,9
SMV2-0254,2024-11-08,2024-11-11,CIPLA,128,1497.5484,1552.8,81.6377808394027,1711696.3077808393,9
SMV2-0254,2024-11-08,2024-11-11,DIVISLAB,33,5767.78245,5899.95,81.6377808394027,1711696.3077808393,9
SMV2-0254,2024-11-08,2024-11-11,RADICO,83,2307.303075,2289.7,81.6377808394027,1711696.3077808393,9
SMV2-0254,2024-11-08,2024-11-11,TITAGARH,166,1156.628025,1185.0,81.6377808394027,1711696.3077808393,9
SMV2-0254,2024-11-08,2024-11-11,TEXRAIL,882,218.10899999999998,211.41,81.6377808394027,1711696.3077808393,9
SMV2-0254,2024-11-08,2024-11-11,UNITDSPR,132,1458.7289999999998,1475.85,81.6377808394027,1711696.3077808393,9
SMV2-0254,2024-11-08,2024-11-11,TI,515,350.17499999999995,344.9,81.6377808394027,1711696.3077808393,9
SMV2-0254,2024-11-08,2024-11-11,GRINDWELL,89,2142.57075,2128.7,81.6377808394027,1711696.3077808393,9
SMV2-0255,2024-11-14,2024-11-18,BBTC,70,2606.3025,2550.0,325.56891418946907,1647542.6389141895,9
SMV2-0255,2024-11-14,2024-11-18,SUNPHARMA,102,1864.1316,1747.75,325.56891418946907,1647542.6389141895,9
SMV2-0255,2024-11-14,2024-11-18,CIPLA,128,1497.5484,1465.25,325.56891418946907,1647542.6389141895,9
SMV2-0255,2024-11-14,2024-11-18,TATACONSUM,199,930.2648999999999,930.75,325.56891418946907,1647542.6389141895,9
SMV2-0255,2024-11-14,2024-11-18,DIVISLAB,33,5767.78245,5766.65,325.56891418946907,1647542.6389141895,9
SMV2-0255,2024-11-14,2024-11-18,TITAGARH,166,1156.628025,1098.55,325.56891418946907,1647542.6389141895,9
SMV2-0255,2024-11-14,2024-11-18,TEXRAIL,882,218.10899999999998,196.16,325.56891418946907,1647542.6389141895,9
SMV2-0255,2024-11-14,2024-11-18,PATANJALI,100,1840.9199999999996,1854.55,325.56891418946907,1647542.6389141895,9
SMV2-0255,2024-11-14,2024-11-18,GRINDWELL,89,2142.57075,2096.05,325.56891418946907,1647542.6389141895,9
SMV2-0256,2024-11-22,2024-11-25,BBTC,70,2606.3025,2523.6,325.56891418946907,1683620.8389141895,9
SMV2-0256,2024-11-22,2024-11-25,SUNPHARMA,102,1864.1316,1798.9,325.56891418946907,1683620.8389141895,9
SMV2-0256,2024-11-22,2024-11-25,CIPLA,128,1497.5484,1503.3,325.56891418946907,1683620.8389141895,9
SMV2-0256,2024-11-22,2024-11-25,TATACONSUM,199,930.2648999999999,955.7,325.56891418946907,1683620.8389141895,9
SMV2-0256,2024-11-22,2024-11-25,DIVISLAB,33,5767.78245,6138.45,325.56891418946907,1683620.8389141895,9
SMV2-0256,2024-11-22,2024-11-25,TITAGARH,166,1156.628025,1179.75,325.56891418946907,1683620.8389141895,9
SMV2-0256,2024-11-22,2024-11-25,TEXRAIL,882,218.10899999999998,202.81,325.56891418946907,1683620.8389141895,9
SMV2-0256,2024-11-22,2024-11-25,PATANJALI,100,1840.9199999999996,1761.85,325.56891418946907,1683620.8389141895,9
SMV2-0256,2024-11-22,2024-11-25,GRINDWELL,89,2142.57075,2102.0,325.56891418946907,1683620.8389141895,9
SMV2-0257,2024-11-29,2024-12-02,PAGEIND,4,44772.375,45864.95,9060.082853739557,1698981.0828537396,9
SMV2-0257,2024-11-29,2024-12-02,RAYMOND,113,1654.6268999999998,1624.7,9060.082853739557,1698981.0828537396,9
SMV2-0257,2024-11-29,2024-12-02,HAL,41,4477.2375,4504.75,9060.082853739557,1698981.0828537396,9
SMV2-0257,2024-11-29,2024-12-02,BEL,610,307.9539,306.9,9060.082853739557,1698981.0828537396,9
SMV2-0257,2024-11-29,2024-12-02,INDIGO,42,4384.69125,4409.25,9060.082853739557,1698981.0828537396,9
SMV2-0257,2024-11-29,2024-12-02,TITAGARH,166,1156.628025,1192.6,9060.082853739557,1698981.0828537396,9
SMV2-0257,2024-11-29,2024-12-02,TEXRAIL,882,218.10899999999998,217.7,9060.082853739557,1698981.0828537396,9
SMV2-0257,2024-11-29,2024-12-02,GRINDWELL,89,2142.57075,2105.6,9060.082853739557,1698981.0828537396,9
SMV2-0257,2024-11-29,2024-12-02,KITEX,253,742.1709,744.65,9060.082853739557,1698981.0828537396,9
SMV2-0258,2024-12-06,2024-12-09,PAGEIND,4,44772.375,46121.0,45.54843106964836,1715364.3084310696,9
SMV2-0258,2024-12-06,2024-12-09,RAYMOND,113,1654.6268999999998,1612.15,45.54843106964836,1715364.3084310696,9
SMV2-0258,2024-12-06,2024-12-09,ZEEL,1327,143.55174,141.29,45.54843106964836,1715364.3084310696,9
SMV2-0258,2024-12-06,2024-12-09,NETWORK18,2317,79.86991499999999,78.89,45.54843106964836,1715364.3084310696,9
SMV2-0258,2024-12-06,2024-12-09,TITAGARH,166,1156.628025,1213.85,45.54843106964836,1715364.3084310696,9
SMV2-0258,2024-12-06,2024-12-09,TEXRAIL,882,218.10899999999998,226.35,45.54843106964836,1715364.3084310696,9
SMV2-0258,2024-12-06,2024-12-09,GRINDWELL,89,2142.57075,2161.85,45.54843106964836,1715364.3084310696,9
SMV2-0258,2024-12-06,2024-12-09,HIMATSEIDE,969,196.4982,210.8,45.54843106964836,1715364.3084310696,9
SMV2-0258,2024-12-06,2024-12-09,PVRINOX,122,1560.78,1480.1,45.54843106964836,1715364.3084310696,9
SMV2-0259,2024-12-13,2024-12-16,PAGEIND,4,44772.375,49236.9,1780.3503146895964,1787189.7903146895,9
SMV2-0259,2024-12-13,2024-12-16,RAYMOND,113,1654.6268999999998,1785.0,1780.3503146895964,1787189.7903146895,9
SMV2-0259,2024-12-13,2024-12-16,BHARTIARTL,115,1682.5908749999999,1662.55,1780.3503146895964,1787189.7903146895,9
SMV2-0259,2024-12-13,2024-12-16,ITI,541,360.18,373.0,1780.3503146895964,1787189.7903146895,9
SMV2-0259,2024-12-13,2024-12-16,ABB,22,7707.101624999999,7890.35,1780.3503146895964,1787189.7903146895,9
SMV2-0259,2024-12-13,2024-12-16,INDUSTOWER,555,351.1755,353.0,1780.3503146895964,1787189.7903146895,9
SMV2-0259,2024-12-13,2024-12-16,HIMATSEIDE,969,196.4982,227.31,1780.3503146895964,1787189.7903146895,9
SMV2-0259,2024-12-13,2024-12-16,PREMIERENE,149,1300.3998749999998,1373.5,1780.3503146895964,1787189.7903146895,9
SMV2-0259,2024-12-13,2024-12-16,KAYNES,28,6787.241925,7119.75,1780.3503146895964,1787189.7903146895,9
SMV2-0260,2024-12-20,2024-12-23,PAGEIND,4,44772.375,48610.3,137.10391460970277,1690156.7939146096,9
SMV2-0260,2024-12-20,2024-12-23,RAYMOND,113,1654.6268999999998,1782.4,137.10391460970277,1690156.7939146096,9
SMV2-0260,2024-12-20,2024-12-23,ABB,27,7570.505583333333,6959.2,137.10391460970277,1690156.7939146096,9
SMV2-0260,2024-12-20,2024-12-23,JKPAPER,427,444.171975,430.2,137.10391460970277,1690156.7939146096,9
SMV2-0260,2024-12-20,2024-12-23,TRIDENT,5520,34.367174999999996,33.56,137.10391460970277,1690156.7939146096,9
SMV2-0260,2024-12-20,2024-12-23,TNPL,738,208.754325,202.86,137.10391460970277,1690156.7939146096,9
SMV2-0260,2024-12-20,2024-12-23,PREMIERENE,149,1300.3998749999998,1321.65,137.10391460970277,1690156.7939146096,9
SMV2-0260,2024-12-20,2024-12-23,KAYNES,28,6787.241925,7338.95,137.10391460970277,1690156.7939146096,9
SMV2-0260,2024-12-20,2024-12-23,PDMJEPAPER,876,216.5082,211.41,137.10391460970277,1690156.7939146096,9
SMV2-0261,2024-12-27,2024-12-30,PAGEIND,4,44772.375,47005.3,137.10391460970277,1618006.4739146098,9
SMV2-0261,2024-12-27,2024-12-30,RAYMOND,113,1654.6268999999998,1680.15,137.10391460970277,1618006.4739146098,9
SMV2-0261,2024-12-27,2024-12-30,ABB,27,7570.505583333333,6701.95,137.10391460970277,1618006.4739146098,9
SMV2-0261,2024-12-27,2024-12-30,JKPAPER,427,444.171975,404.55,137.10391460970277,1618006.4739146098,9
SMV2-0261,2024-12-27,2024-12-30,TRIDENT,5520,34.367174999999996,32.87,137.10391460970277,1618006.4739146098,9
SMV2-0261,2024-12-27,2024-12-30,TNPL,738,208.754325,189.06,137.10391460970277,1618006.4739146098,9
SMV2-0261,2024-12-27,2024-12-30,PREMIERENE,149,1300.3998749999998,1334.6,137.10391460970277,1618006.4739146098,9
SMV2-0261,2024-12-27,2024-12-30,KAYNES,28,6787.241925,7199.05,137.10391460970277,1618006.4739146098,9
SMV2-0261,2024-12-27,2024-12-30,PDMJEPAPER,876,216.5082,188.24,137.10391460970277,1618006.4739146098,9
SMV2-0262,2025-01-03,2025-01-06,PAGEIND,4,44772.375,47999.9,168.70090070970764,1606371.0509007096,9
SMV2-0262,2025-01-03,2025-01-06,RAYMOND,113,1654.6268999999998,1701.85,168.70090070970764,1606371.0509007096,9
SMV2-0262,2025-01-03,2025-01-06,RADICO,71,2587.343025,2514.95,168.70090070970764,1606371.0509007096,9
SMV2-0262,2025-01-03,2025-01-06,ABB,27,7570.505583333333,6620.3,168.70090070970764,1606371.0509007096,9
SMV2-0262,2025-01-03,2025-01-06,TRIDENT,5520,34.367174999999996,32.58,168.70090070970764,1606371.0509007096,9
SMV2-0262,2025-01-03,2025-01-06,UNITDSPR,110,1665.8325000000002,1641.15,168.70090070970764,1606371.0509007096,9
SMV2-0262,2025-01-03,2025-01-06,TI,271,453.72675,419.3,168.70090070970764,1606371.0509007096,9
SMV2-0262,2025-01-03,2025-01-06,PREMIERENE,149,1300.3998749999998,1274.75,168.70090070970764,1606371.0509007096,9
SMV2-0262,2025-01-03,2025-01-06,KAYNES,28,6787.241925,7166.0,168.70090070970764,1606371.0509007096,9
SMV2-0263,2025-01-10,2025-01-13,SUNPHARMA,92,1785.4923,1746.9,7725.980572749744,1460117.54057275,9
SMV2-0263,2025-01-10,2025-01-13,CIPLA,113,1460.73,1439.2,7725.980572749744,1460117.54057275,9
SMV2-0263,2025-01-10,2025-01-13,RADICO,71,2587.343025,2160.9,7725.980572749744,1460117.54057275,9
SMV2-0263,2025-01-10,2025-01-13,LUPIN,76,2160.0795,2154.45,7725.980572749744,1460117.54057275,9
SMV2-0263,2025-01-10,2025-01-13,RELIANCE,134,1230.615,1239.85,7725.980572749744,1460117.54057275,9
SMV2-0263,2025-01-10,2025-01-13,BPCL,610,271.385625,265.3,7725.980572749744,1460117.54057275,9
SMV2-0263,2025-01-10,2025-01-13,ONGC,622,266.163015,255.73,7725.980572749744,1460117.54057275,9
SMV2-0263,2025-01-10,2025-01-13,UNITDSPR,110,1665.8325000000002,1483.55,7725.980572749744,1460117.54057275,9
SMV2-0263,2025-01-10,2025-01-13,TI,416,433.9710838341346,388.6,7725.980572749744,1460117.54057275,9
SMV2-0264,2025-01-17,2025-01-20,HDFCLIFE,258,642.3209999999999,634.05,807.7345451497822,1491733.9545451498,9
SMV2-0264,2025-01-17,2025-01-20,SBILIFE,99,1548.5738999999999,1499.7,807.7345451497822,1491733.9545451498,9
SMV2-0264,2025-01-17,2025-01-20,RELIANCE,134,1230.615,1305.45,807.7345451497822,1491733.9545451498,9
SMV2-0264,2025-01-17,2025-01-20,BPCL,610,271.385625,277.3,807.7345451497822,1491733.9545451498,9
SMV2-0264,2025-01-17,2025-01-20,ONGC,622,266.163015,269.36,807.7345451497822,1491733.9545451498,9
SMV2-0264,2025-01-17,2025-01-20,HAL,40,4135.56675,4187.5,807.7345451497822,1491733.9545451498,9
SMV2-0264,2025-01-17,2025-01-20,BEL,585,283.34159999999997,285.8,807.7345451497822,1491733.9545451498,9
SMV2-0264,2025-01-17,2025-01-20,INDIGO,40,4119.0585,4114.3,807.7345451497822,1491733.9545451498,9
SMV2-0264,2025-01-17,2025-01-20,POLICYBZR,96,1715.2572,1749.8,807.7345451497822,1491733.9545451498,9
SMV2-0265,2025-01-24,2025-01-27,HDFCBANK,96,1641.9205499999998,1629.8,1004.9076322698966,1410713.8476322698,9
SMV2-0265,2025-01-24,2025-01-27,AXISBANK,167,943.5715499999999,948.1,1004.9076322698966,1410713.8476322698,9
SMV2-0265,2025-01-24,2025-01-27,ICICIBANK,131,1195.5974999999999,1227.95,1004.9076322698966,1410713.8476322698,9
SMV2-0265,2025-01-24,2025-01-27,ADANIENT,68,2311.205025,2259.7,1004.9076322698966,1410713.8476322698,9
SMV2-0265,2025-01-24,2025-01-27,MMTC,2298,68.6343,66.71,1004.9076322698966,1410713.8476322698,9
SMV2-0265,2025-01-24,2025-01-27,ITC,357,441.02039999999994,440.1,1004.9076322698966,1410713.8476322698,9
SMV2-0265,2025-01-24,2025-01-27,GRASIM,63,2476.73775,2458.05,1004.9076322698966,1410713.8476322698,9
SMV2-0265,2025-01-24,2025-01-27,SRF,61,2576.2875,2570.4,1004.9076322698966,1410713.8476322698,9
SMV2-0265,2025-01-24,2025-01-27,REDINGTON,706,223.39164,224.26,1004.9076322698966,1410713.8476322698,9
SMV2-0266,2025-01-31,2025-02-03,AVANTIFEED,183,725.312475,722.9,182.81448379997164,1432254.3144838,9
SMV2-0266,2025-01-31,2025-02-03,TATACONSUM,148,1067.8836749999998,1036.3,182.81448379997164,1432254.3144838,9
SMV2-0266,2025-01-31,2025-02-03,HDFCBANK,96,1641.9205499999998,1678.0,182.81448379997164,1432254.3144838,9
SMV2-0266,2025-01-31,2025-02-03,AXISBANK,167,943.5715499999999,989.4,182.81448379997164,1432254.3144838,9
SMV2-0266,2025-01-31,2025-02-03,ICICIBANK,131,1195.5974999999999,1253.0,182.81448379997164,1432254.3144838,9
SMV2-0266,2025-01-31,2025-02-03,ITC,357,441.02039999999994,454.35,182.81448379997164,1432254.3144838,9
SMV2-0266,2025-01-31,2025-02-03,GRASIM,63,2476.73775,2473.65,182.81448379997164,1432254.3144838,9
SMV2-0266,2025-01-31,2025-02-03,SRF,61,2576.2875,2942.7,182.81448379997164,1432254.3144838,9
SMV2-0266,2025-01-31,2025-02-03,PATANJALI,88,1800.6498749999998,1800.0,182.81448379997164,1432254.3144838,9
SMV2-0267,2025-02-07,2025-02-10,AVANTIFEED,183,725.312475,743.1,182.81448379997164,1432795.5644838,9
SMV2-0267,2025-02-07,2025-02-10,TATACONSUM,148,1067.8836749999998,1027.5,182.81448379997164,1432795.5644838,9
SMV2-0267,2025-02-07,2025-02-10,HDFCBANK,96,1641.9205499999998,1715.75,182.81448379997164,1432795.5644838,9
SMV2-0267,2025-02-07,2025-02-10,AXISBANK,167,943.5715499999999,1011.75,182.81448379997164,1432795.5644838,9
SMV2-0267,2025-02-07,2025-02-10,ICICIBANK,131,1195.5974999999999,1262.6,182.81448379997164,1432795.5644838,9
SMV2-0267,2025-02-07,2025-02-10,ITC,357,441.02039999999994,427.2,182.81448379997164,1432795.5644838,9
SMV2-0267,2025-02-07,2025-02-10,GRASIM,63,2476.73775,2473.25,182.81448379997164,1432795.5644838,9
SMV2-0267,2025-02-07,2025-02-10,SRF,61,2576.2875,2856.05,182.81448379997164,1432795.5644838,9
SMV2-0267,2025-02-07,2025-02-10,PATANJALI,88,1800.6498749999998,1851.55,182.81448379997164,1432795.5644838,9
SMV2-0268,2025-02-14,2025-02-17,AVANTIFEED,233,711.153038304721,658.25,3658.1100307000743,1420688.3600307,9
SMV2-0268,2025-02-14,2025-02-17,TATACONSUM,148,1067.8836749999998,1023.25,3658.1100307000743,1420688.3600307,9
SMV2-0268,2025-02-14,2025-02-17,HDFCBANK,96,1641.9205499999998,1717.35,3658.1100307000743,1420688.3600307,9
SMV2-0268,2025-02-14,2025-02-17,AXISBANK,167,943.5715499999999,992.95,3658.1100307000743,1420688.3600307,9
SMV2-0268,2025-02-14,2025-02-17,ICICIBANK,131,1195.5974999999999,1251.15,3658.1100307000743,1420688.3600307,9
SMV2-0268,2025-02-14,2025-02-17,HINDUNILVR,66,2319.5091749999997,2329.4,3658.1100307000743,1420688.3600307,9
SMV2-0268,2025-02-14,2025-02-17,BRITANNIA,25,4936.96725,4963.7,3658.1100307000743,1420688.3600307,9
SMV2-0268,2025-02-14,2025-02-17,PATANJALI,88,1800.6498749999998,1781.9,3658.1100307000743,1420688.3600307,9
SMV2-0268,2025-02-14,2025-02-17,GODFRYPHLP,26,5852.924999999999,7038.0,3658.1100307000743,1420688.3600307,9
SMV2-0269,2025-02-21,2025-02-24,HDFCBANK,96,1641.9205499999998,1677.1,141.22851555014495,1380379.8285155501,9
SMV2-0269,2025-02-21,2025-02-24,AXISBANK,167,943.5715499999999,1010.05,141.22851555014495,1380379.8285155501,9
SMV2-0269,2025-02-21,2025-02-24,ICICIBANK,131,1195.5974999999999,1218.35,141.22851555014495,1380379.8285155501,9
SMV2-0269,2025-02-21,2025-02-24,NTPC,476,322.26105,320.1,141.22851555014495,1380379.8285155501,9
SMV2-0269,2025-02-21,2025-02-24,HINDUNILVR,66,2319.5091749999997,2241.45,141.22851555014495,1380379.8285155501,9
SMV2-0269,2025-02-21,2025-02-24,BRITANNIA,32,4896.5876953125,4804.3,141.22851555014495,1380379.8285155501,9
SMV2-0269,2025-02-21,2025-02-24,POWERGRID,531,258.12899999999996,259.15,141.22851555014495,1380379.8285155501,9
SMV2-0269,2025-02-21,2025-02-24,GODFRYPHLP,26,5852.924999999999,5586.1,141.22851555014495,1380379.8285155501,9
SMV2-0269,2025-02-21,2025-02-24,WAAREEENER,69,2209.053975,2232.85,141.22851555014495,1380379.8285155501,9
SMV2-0270,2025-02-28,2025-03-03,INDHOTEL,209,716.85825,726.75,50.73833425011253,1343097.8783342503,9
SMV2-0270,2025-02-28,2025-03-03,HDFCBANK,96,1641.9205499999998,1701.55,50.73833425011253,1343097.8783342503,9
SMV2-0270,2025-02-28,2025-03-03,AXISBANK,167,943.5715499999999,1007.25,50.73833425011253,1343097.8783342503,9
SMV2-0270,2025-02-28,2025-03-03,ICICIBANK,131,1195.5974999999999,1206.2,50.73833425011253,1343097.8783342503,9
SMV2-0270,2025-02-28,2025-03-03,LEMONTREE,1074,122.06099999999999,125.86,50.73833425011253,1343097.8783342503,9
SMV2-0270,2025-02-28,2025-03-03,BLS,436,344.27205,328.1,50.73833425011253,1343097.8783342503,9
SMV2-0270,2025-02-28,2025-03-03,HINDUNILVR,66,2319.5091749999997,2176.85,50.73833425011253,1343097.8783342503,9
SMV2-0270,2025-02-28,2025-03-03,BRITANNIA,32,4896.5876953125,4596.6,50.73833425011253,1343097.8783342503,9
SMV2-0270,2025-02-28,2025-03-03,GODFRYPHLP,26,5852.924999999999,5099.85,50.73833425011253,1343097.8783342503,9
SMV2-0271,2025-03-07,2025-03-10,VEDL,342,445.67272499999996,437.4,13836.963174830278,1335384.2431748302,9
SMV2-0271,2025-03-07,2025-03-10,TATASTEEL,1007,151.63577999999998,151.05,13836.963174830278,1335384.2431748302,9
SMV2-0271,2025-03-07,2025-03-10,HINDALCO,221,690.1448999999999,689.15,13836.963174830278,1335384.2431748302,9
SMV2-0271,2025-03-07,2025-03-10,INDHOTEL,209,716.85825,741.0,13836.963174830278,1335384.2431748302,9
SMV2-0271,2025-03-07,2025-03-10,LEMONTREE,1074,122.06099999999999,127.07,13836.963174830278,1335384.2431748302,9
SMV2-0271,2025-03-07,2025-03-10,BLS,436,344.27205,330.55,13836.963174830278,1335384.2431748302,9
SMV2-0271,2025-03-07,2025-03-10,TCPLPACK,32,4670.83425,4461.9,13836.963174830278,1335384.2431748302,9
SMV2-0271,2025-03-07,2025-03-10,AGI,213,715.3575,681.5,13836.963174830278,1335384.2431748302,9
SMV2-0271,2025-03-07,2025-03-10,COSMOFIRST,238,641.4205499999999,605.65,13836.963174830278,1335384.2431748302,9
SMV2-0272,2025-03-13,2025-03-17,VEDL,342,445.67272499999996,446.95,1475.2844836303557,1346489.7344836304,9
SMV2-0272,2025-03-13,2025-03-17,TATASTEEL,1007,151.63577999999998,151.81,1475.2844836303557,1346489.7344836304,9
SMV2-0272,2025-03-13,2025-03-17,HINDALCO,221,690.1448999999999,680.75,1475.2844836303557,1346489.7344836304,9
SMV2-0272,2025-03-13,2025-03-17,INDHOTEL,209,716.85825,753.3,1475.2844836303557,1346489.7344836304,9
SMV2-0272,2025-03-13,2025-03-17,VOLTAS,105,1405.152225,1458.45,1475.2844836303557,1346489.7344836304,9
SMV2-0272,2025-03-13,2025-03-17,DIXON,11,13151.422424999999,13098.2,1475.2844836303557,1346489.7344836304,9
SMV2-0272,2025-03-13,2025-03-17,AMBER,23,6400.0984499999995,6489.7,1475.2844836303557,1346489.7344836304,9
SMV2-0272,2025-03-13,2025-03-17,LEMONTREE,1074,122.06099999999999,128.52,1475.2844836303557,1346489.7344836304,9
SMV2-0272,2025-03-13,2025-03-17,BLS,436,344.27205,336.9,1475.2844836303557,1346489.7344836304,9
SMV2-0273,2025-03-21,2025-03-24,VEDL,342,445.67272499999996,472.25,1549.6507612804126,1458771.4207612805,9
SMV2-0273,2025-03-21,2025-03-24,TATASTEEL,1007,151.63577999999998,158.42,1549.6507612804126,1458771.4207612805,9
SMV2-0273,2025-03-21,2025-03-24,HINDALCO,221,690.1448999999999,701.5,1549.6507612804126,1458771.4207612805,9
SMV2-0273,2025-03-21,2025-03-24,INDHOTEL,209,716.85825,842.1,1549.6507612804126,1458771.4207612805,9
SMV2-0273,2025-03-21,2025-03-24,LEMONTREE,1074,122.06099999999999,138.87,1549.6507612804126,1458771.4207612805,9
SMV2-0273,2025-03-21,2025-03-24,HAL,40,3954.9764999999998,4129.8,1549.6507612804126,1458771.4207612805,9
SMV2-0273,2025-03-21,2025-03-24,BEL,538,297.04844999999995,302.1,1549.6507612804126,1458771.4207612805,9
SMV2-0273,2025-03-21,2025-03-24,INDIGO,29,5057.82765,4970.35,1549.6507612804126,1458771.4207612805,9
SMV2-0273,2025-03-21,2025-03-24,BLS,436,344.27205,422.35,1549.6507612804126,1458771.4207612805,9
SMV2-0274,2025-03-28,2025-04-01,RELIANCE,124,1265.2323,1252.6,68.87896817049477,1407516.0789681706,9
SMV2-0274,2025-03-28,2025-04-01,BPCL,573,275.1375,284.6,68.87896817049477,1407516.0789681706,9
SMV2-0274,2025-03-28,2025-04-01,ONGC,583,247.12349999999998,248.07,68.87896817049477,1407516.0789681706,9
SMV2-0274,2025-03-28,2025-04-01,HAL,40,3954.9764999999998,4223.7,68.87896817049477,1407516.0789681706,9
SMV2-0274,2025-03-28,2025-04-01,BEL,538,297.04844999999995,292.0,68.87896817049477,1407516.0789681706,9
SMV2-0274,2025-03-28,2025-04-01,INDIGO,29,5057.82765,5028.0,68.87896817049477,1407516.0789681706,9
SMV2-0274,2025-03-28,2025-04-01,NTPC,447,352.526175,352.15,68.87896817049477,1407516.0789681706,9
SMV2-0274,2025-03-28,2025-04-01,POWERGRID,544,289.7448,289.3,68.87896817049477,1407516.0789681706,9
SMV2-0274,2025-03-28,2025-04-01,IREDA,982,160.4802,160.67,68.87896817049477,1407516.0789681706,9
SMV2-0275,2025-04-04,2025-04-07,RELIANCE,124,1265.2323,1165.7,68.87896817049477,1341703.9989681705,9
SMV2-0275,2025-04-04,2025-04-07,BPCL,573,275.1375,273.7,68.87896817049477,1341703.9989681705,9
SMV2-0275,2025-04-04,2025-04-07,ONGC,583,247.12349999999998,219.84,68.87896817049477,1341703.9989681705,9
SMV2-0275,2025-04-04,2025-04-07,HAL,40,3954.9764999999998,4008.2,68.87896817049477,1341703.9989681705,9
SMV2-0275,2025-04-04,2025-04-07,BEL,538,297.04844999999995,272.1,68.87896817049477,1341703.9989681705,9
SMV2-0275,2025-04-04,2025-04-07,INDIGO,29,5057.82765,4988.7,68.87896817049477,1341703.9989681705,9
SMV2-0275,2025-04-04,2025-04-07,NTPC,447,352.526175,349.8,68.87896817049477,1341703.9989681705,9
SMV2-0275,2025-04-04,2025-04-07,POWERGRID,544,289.7448,289.4,68.87896817049477,1341703.9989681705,9
SMV2-0275,2025-04-04,2025-04-07,IREDA,982,160.4802,149.6,68.87896817049477,1341703.9989681705,9
SMV2-0276,2025-04-11,2025-04-15,AVANTIFEED,193,818.409,851.55,607.719307970634,1437002.8293079708,9
SMV2-0276,2025-04-11,2025-04-15,TATACONSUM,142,1108.85415,1103.4,607.719307970634,1437002.8293079708,9
SMV2-0276,2025-04-11,2025-04-15,HAL,40,3954.9764999999998,4206.1,607.719307970634,1437002.8293079708,9
SMV2-0276,2025-04-11,2025-04-15,BEL,538,297.04844999999995,293.7,607.719307970634,1437002.8293079708,9
SMV2-0276,2025-04-11,2025-04-15,INDIGO,29,5057.82765,5256.0,607.719307970634,1437002.8293079708,9
SMV2-0276,2025-04-11,2025-04-15,NTPC,447,352.526175,362.5,607.719307970634,1437002.8293079708,9
SMV2-0276,2025-04-11,2025-04-15,POWERGRID,544,289.7448,304.55,607.719307970634,1437002.8293079708,9
SMV2-0276,2025-04-11,2025-04-15,IREDA,982,160.4802,166.98,607.719307970634,1437002.8293079708,9
SMV2-0276,2025-04-11,2025-04-15,PATANJALI,75,1914.5567999999998,1933.3,607.719307970634,1437002.8293079708,9
SMV2-0277,2025-04-17,2025-04-21,LT,50,3251.12475,3280.5,234.54182697072974,1481248.8818269705,9
SMV2-0277,2025-04-17,2025-04-21,ADANIPORTS,121,1260.0297,1243.1,234.54182697072974,1481248.8818269705,9
SMV2-0277,2025-04-17,2025-04-21,HAL,40,3954.9764999999998,4309.1,234.54182697072974,1481248.8818269705,9
SMV2-0277,2025-04-17,2025-04-21,BEL,538,297.04844999999995,299.95,234.54182697072974,1481248.8818269705,9
SMV2-0277,2025-04-17,2025-04-21,INDIGO,29,5057.82765,5496.5,234.54182697072974,1481248.8818269705,9
SMV2-0277,2025-04-17,2025-04-21,NTPC,447,352.526175,364.55,234.54182697072974,1481248.8818269705,9
SMV2-0277,2025-04-17,2025-04-21,RVNL,437,372.1859999999999,375.05,234.54182697072974,1481248.8818269705,9
SMV2-0277,2025-04-17,2025-04-21,POWERGRID,544,289.7448,320.0,234.54182697072974,1481248.8818269705,9
SMV2-0277,2025-04-17,2025-04-21,IREDA,982,160.4802,175.67,234.54182697072974,1481248.8818269705,9
SMV2-0278,2025-04-25,2025-04-28,HDFCBANK,82,1912.1556,1920.2,4138.824801990908,1426681.254801991,9
SMV2-0278,2025-04-25,2025-04-28,ICICIBANK,112,1406.3028,1428.8,4138.824801990908,1426681.254801991,9
SMV2-0278,2025-04-25,2025-04-28,ADANIENT,67,2347.173,2369.8,4138.824801990908,1426681.254801991,9
SMV2-0278,2025-04-25,2025-04-28,REDINGTON,646,245.12249999999997,249.64,4138.824801990908,1426681.254801991,9
SMV2-0278,2025-04-25,2025-04-28,HINDUNILVR,67,2346.1724999999997,2318.6,4138.824801990908,1426681.254801991,9
SMV2-0278,2025-04-25,2025-04-28,BRITANNIA,29,5415.706499999999,5428.8,4138.824801990908,1426681.254801991,9
SMV2-0278,2025-04-25,2025-04-28,GODREJCP,125,1267.73355,1265.9,4138.824801990908,1426681.254801991,9
SMV2-0278,2025-04-25,2025-04-28,INDUSINDBK,191,828.414,830.55,4138.824801990908,1426681.254801991,9
SMV2-0278,2025-04-25,2025-04-28,STYLEBAAZA,516,307.1535,301.09,4138.824801990908,1426681.254801991,9
SMV2-0279,2025-05-02,2025-05-05,HDFCBANK,82,1912.1556,1936.8,5786.116583491006,1437588.766583491,9
SMV2-0279,2025-05-02,2025-05-05,ICICIBANK,112,1406.3028,1429.4,5786.116583491006,1437588.766583491,9
SMV2-0279,2025-05-02,2025-05-05,HAL,35,4539.0684,4590.8,5786.116583491006,1437588.766583491,9
SMV2-0279,2025-05-02,2025-05-05,BEL,506,314.10697500000003,315.3,5786.116583491006,1437588.766583491,9
SMV2-0279,2025-05-02,2025-05-05,INDIGO,29,5422.71,5531.5,5786.116583491006,1437588.766583491,9
SMV2-0279,2025-05-02,2025-05-05,HINDUNILVR,67,2346.1724999999997,2348.6,5786.116583491006,1437588.766583491,9
SMV2-0279,2025-05-02,2025-05-05,BRITANNIA,29,5415.706499999999,5359.0,5786.116583491006,1437588.766583491,9
SMV2-0279,2025-05-02,2025-05-05,GODREJCP,125,1267.73355,1262.1,5786.116583491006,1437588.766583491,9
SMV2-0279,2025-05-02,2025-05-05,INDUSINDBK,191,828.414,846.75,5786.116583491006,1437588.766583491,9
SMV2-0280,2025-05-09,2025-05-12,HDFCLIFE,222,720.36,734.6,21588.379602490983,1429985.499602491,9
SMV2-0280,2025-05-09,2025-05-12,SBILIFE,92,1725.8625,1751.5,21588.379602490983,1429985.499602491,9
SMV2-0280,2025-05-09,2025-05-12,PAGEIND,3,45842.909999999996,47050.0,21588.379602490983,1429985.499602491,9
SMV2-0280,2025-05-09,2025-05-12,HAL,35,4539.0684,4439.7,21588.379602490983,1429985.499602491,9
SMV2-0280,2025-05-09,2025-05-12,BEL,506,314.10697500000003,322.8,21588.379602490983,1429985.499602491,9
SMV2-0280,2025-05-09,2025-05-12,INDIGO,29,5422.71,5476.5,21588.379602490983,1429985.499602491,9
SMV2-0280,2025-05-09,2025-05-12,POLICYBZR,96,1651.8255,1698.0,21588.379602490983,1429985.499602491,9
SMV2-0280,2025-05-09,2025-05-12,WELSPUNLIV,1051,152.076,150.62,21588.379602490983,1429985.499602491,9
SMV2-0280,2025-05-09,2025-05-12,KPRMILL,122,1302.6509999999998,1181.75,21588.379602490983,1429985.499602491,9
SMV2-0281,2025-05-16,2025-05-19,POLYCAB,27,6103.049999999999,6102.5,21.1825888112362,1465310.9925888113,9
SMV2-0281,2025-05-16,2025-05-19,ABB,28,5872.434749999999,5838.0,21.1825888112362,1465310.9925888113,9
SMV2-0281,2025-05-16,2025-05-19,JKPAPER,465,355.67775,353.35,21.1825888112362,1465310.9925888113,9
SMV2-0281,2025-05-16,2025-05-19,WSTCSTPAPR,341,484.7422499999999,479.7,21.1825888112362,1465310.9925888113,9
SMV2-0281,2025-05-16,2025-05-19,ORIENTPPR,4352,31.205594999999995,29.68,21.1825888112362,1465310.9925888113,9
SMV2-0281,2025-05-16,2025-05-19,HAL,35,4539.0684,5016.3,21.1825888112362,1465310.9925888113,9
SMV2-0281,2025-05-16,2025-05-19,BEL,506,314.10697500000003,363.75,21.1825888112362,1465310.9925888113,9
SMV2-0281,2025-05-16,2025-05-19,INDIGO,29,5422.71,5574.5,21.1825888112362,1465310.9925888113,9
SMV2-0281,2025-05-16,2025-05-19,KAYNES,26,6303.15,6104.5,21.1825888112362,1465310.9925888113,9
SMV2-0282,2025-05-23,2025-05-26,POLYCAB,27,6103.049999999999,5949.5,26.33073020123993,1481664.1607302013,9
SMV2-0282,2025-05-23,2025-05-26,ABB,28,5872.434749999999,5996.5,26.33073020123993,1481664.1607302013,9
SMV2-0282,2025-05-23,2025-05-26,JKPAPER,465,355.67775,370.45,26.33073020123993,1481664.1607302013,9
SMV2-0282,2025-05-23,2025-05-26,WSTCSTPAPR,341,484.7422499999999,498.2,26.33073020123993,1481664.1607302013,9
SMV2-0282,2025-05-23,2025-05-26,ORIENTPPR,5481,30.649159285714283,29.38,26.33073020123993,1481664.1607302013,9
SMV2-0282,2025-05-23,2025-05-26,HAL,35,4539.0684,5003.2,26.33073020123993,1481664.1607302013,9
SMV2-0282,2025-05-23,2025-05-26,BEL,422,314.10697500000003,384.55,26.33073020123993,1481664.1607302013,9
SMV2-0282,2025-05-23,2025-05-26,INDIGO,29,5422.71,5420.0,26.33073020123993,1481664.1607302013,9
SMV2-0282,2025-05-23,2025-05-26,KAYNES,26,6303.15,5975.0,26.33073020123993,1481664.1607302013,9
SMV2-0283,2025-05-30,2025-06-02,POLYCAB,27,6103.049999999999,5926.5,1134.1201502512558,1469041.9701502514,9
SMV2-0283,2025-05-30,2025-06-02,ABB,28,5872.434749999999,5974.5,1134.1201502512558,1469041.9701502514,9
SMV2-0283,2025-05-30,2025-06-02,HAL,35,4539.0684,5017.1,1134.1201502512558,1469041.9701502514,9
SMV2-0283,2025-05-30,2025-06-02,BEL,422,314.10697500000003,387.5,1134.1201502512558,1469041.9701502514,9
SMV2-0283,2025-05-30,2025-06-02,INDIGO,29,5422.71,5333.0,1134.1201502512558,1469041.9701502514,9
SMV2-0283,2025-05-30,2025-06-02,UFLEX,264,614.307,624.6,1134.1201502512558,1469041.9701502514,9
SMV2-0283,2025-05-30,2025-06-02,AGI,191,847.3234500000001,848.95,1134.1201502512558,1469041.9701502514,9
SMV2-0283,2025-05-30,2025-06-02,COSMOFIRST,136,1190.49495,1238.5,1134.1201502512558,1469041.9701502514,9
SMV2-0283,2025-05-30,2025-06-02,KAYNES,26,6303.15,5821.0,1134.1201502512558,1469041.9701502514,9
SMV2-0284,2025-06-06,2025-06-09,BHARTIARTL,86,1874.937,1865.1,429.2118742513121,1482667.0618742513,9
SMV2-0284,2025-06-06,2025-06-09,HAL,35,4539.0684,5008.6,429.2118742513121,1482667.0618742513,9
SMV2-0284,2025-06-06,2025-06-09,BEL,422,314.10697500000003,392.45,429.2118742513121,1482667.0618742513,9
SMV2-0284,2025-06-06,2025-06-09,INDIGO,29,5422.71,5695.0,429.2118742513121,1482667.0618742513,9
SMV2-0284,2025-06-06,2025-06-09,INDUSTOWER,416,391.1954999999999,395.7,429.2118742513121,1482667.0618742513,9
SMV2-0284,2025-06-06,2025-06-09,UFLEX,264,614.307,620.7,429.2118742513121,1482667.0618742513,9
SMV2-0284,2025-06-06,2025-06-09,AGI,191,847.3234500000001,867.35,429.2118742513121,1482667.0618742513,9
SMV2-0284,2025-06-06,2025-06-09,RAILTEL,358,450.22499999999997,457.85,429.2118742513121,1482667.0618742513,9
SMV2-0284,2025-06-06,2025-06-09,COSMOFIRST,136,1190.49495,1159.7,429.2118742513121,1482667.0618742513,9
SMV2-0285,2025-06-13,2025-06-16,BHARTIARTL,86,1874.937,1861.3,12130.867725531396,1472733.7877255313,9
SMV2-0285,2025-06-13,2025-06-16,SUPREMEIND,37,4351.074449999999,4557.3,12130.867725531396,1472733.7877255313,9
SMV2-0285,2025-06-13,2025-06-16,ASTRAL,105,1530.7649999999999,1552.5,12130.867725531396,1472733.7877255313,9
SMV2-0285,2025-06-13,2025-06-16,INDUSTOWER,416,391.1954999999999,391.05,12130.867725531396,1472733.7877255313,9
SMV2-0285,2025-06-13,2025-06-16,UFLEX,264,614.307,612.35,12130.867725531396,1472733.7877255313,9
SMV2-0285,2025-06-13,2025-06-16,AGI,191,847.3234500000001,821.4,12130.867725531396,1472733.7877255313,9
SMV2-0285,2025-06-13,2025-06-16,FINPIPE,724,222.89139000000003,222.53,12130.867725531396,1472733.7877255313,9
SMV2-0285,2025-06-13,2025-06-16,RAILTEL,358,450.22499999999997,432.5,12130.867725531396,1472733.7877255313,9
SMV2-0285,2025-06-13,2025-06-16,COSMOFIRST,136,1190.49495,1262.7,12130.867725531396,1472733.7877255313,9
SMV2-0286,2025-06-20,2025-06-23,BHARTIARTL,86,1874.937,1936.3,104.24577277159551,1451682.7257727715,9
SMV2-0286,2025-06-20,2025-06-23,DLF,189,848.1238499999998,852.45,104.24577277159551,1451682.7257727715,9
SMV2-0286,2025-06-20,2025-06-23,GODREJPROP,66,2419.30905,2401.1,104.24577277159551,1451682.7257727715,9
SMV2-0286,2025-06-20,2025-06-23,NBCC,1393,115.14754499999998,119.91,104.24577277159551,1451682.7257727715,9
SMV2-0286,2025-06-20,2025-06-23,ADANIENT,65,2439.219,2472.0,104.24577277159551,1451682.7257727715,9
SMV2-0286,2025-06-20,2025-06-23,REDINGTON,549,292.09597499999995,289.7,104.24577277159551,1451682.7257727715,9
SMV2-0286,2025-06-20,2025-06-23,INDUSTOWER,416,391.1954999999999,401.9,104.24577277159551,1451682.7257727715,9
SMV2-0286,2025-06-20,2025-06-23,RAILTEL,358,450.22499999999997,417.25,104.24577277159551,1451682.7257727715,9
SMV2-0286,2025-06-20,2025-06-23,HEXT,194,822.661125,835.8,104.24577277159551,1451682.7257727715,9
SMV2-0287,2025-06-27,2025-06-30,DLF,189,848.1238499999998,837.8,285.9567002716649,1491530.8667002716,9
SMV2-0287,2025-06-27,2025-06-30,GODREJPROP,66,2419.30905,2343.1,285.9567002716649,1491530.8667002716,9
SMV2-0287,2025-06-27,2025-06-30,NBCC,1393,115.14754499999998,122.72,285.9567002716649,1491530.8667002716,9
SMV2-0287,2025-06-27,2025-06-30,ADANIENT,65,2439.219,2619.4,285.9567002716649,1491530.8667002716,9
SMV2-0287,2025-06-27,2025-06-30,JKPAPER,447,373.9869,370.6,285.9567002716649,1491530.8667002716,9
SMV2-0287,2025-06-27,2025-06-30,WSTCSTPAPR,320,511.15545000000003,505.85,285.9567002716649,1491530.8667002716,9
SMV2-0287,2025-06-27,2025-06-30,REDINGTON,549,292.09597499999995,325.35,285.9567002716649,1491530.8667002716,9
SMV2-0287,2025-06-27,2025-06-30,PAKKA,790,211.80584999999996,209.99,285.9567002716649,1491530.8667002716,9
SMV2-0287,2025-06-27,2025-06-30,HEXT,194,822.661125,850.55,285.9567002716649,1491530.8667002716,9
SMV2-0288,2025-07-04,2025-07-07,ZEEL,1136,147.17354999999998,144.93,106.1273822717194,1494759.9173822717,9
SMV2-0288,2025-07-04,2025-07-07,ADANIENT,65,2439.219,2576.1,106.1273822717194,1494759.9173822717,9
SMV2-0288,2025-07-04,2025-07-07,JKPAPER,447,373.9869,399.3,106.1273822717194,1494759.9173822717,9
SMV2-0288,2025-07-04,2025-07-07,WSTCSTPAPR,320,511.15545000000003,561.45,106.1273822717194,1494759.9173822717,9
SMV2-0288,2025-07-04,2025-07-07,REDINGTON,549,292.09597499999995,310.2,106.1273822717194,1494759.9173822717,9
SMV2-0288,2025-07-04,2025-07-07,NETWORK18,2969,56.328149999999994,56.33,106.1273822717194,1494759.9173822717,9
SMV2-0288,2025-07-04,2025-07-07,PAKKA,790,211.80584999999996,211.87,106.1273822717194,1494759.9173822717,9
SMV2-0288,2025-07-04,2025-07-07,HEXT,194,822.661125,860.8,106.1273822717194,1494759.9173822717,9
SMV2-0288,2025-07-04,2025-07-07,PFOCUS,818,167.58374999999998,161.98,106.1273822717194,1494759.9173822717,9
SMV2-0289,2025-07-11,2025-07-14,ZEEL,1136,147.17354999999998,142.96,5210.293205571797,1478583.3132055718,9
SMV2-0289,2025-07-11,2025-07-14,POLYCAB,20,6785.891249999999,6796.5,5210.293205571797,1478583.3132055718,9
SMV2-0289,2025-07-11,2025-07-14,JKPAPER,447,373.9869,384.6,5210.293205571797,1478583.3132055718,9
SMV2-0289,2025-07-11,2025-07-14,WSTCSTPAPR,320,511.15545000000003,538.8,5210.293205571797,1478583.3132055718,9
SMV2-0289,2025-07-11,2025-07-14,NETWORK18,2969,56.328149999999994,56.09,5210.293205571797,1478583.3132055718,9
SMV2-0289,2025-07-11,2025-07-14,PAKKA,790,211.80584999999996,206.99,5210.293205571797,1478583.3132055718,9
SMV2-0289,2025-07-11,2025-07-14,KAYNES,27,5974.48575,6023.0,5210.293205571797,1478583.3132055718,9
SMV2-0289,2025-07-11,2025-07-14,PFOCUS,1017,165.88053893805306,173.49,5210.293205571797,1478583.3132055718,9
SMV2-0289,2025-07-11,2025-07-14,EIEL,577,280.14,280.06,5210.293205571797,1478583.3132055718,9
SMV2-0290,2025-07-18,2025-07-21,ULTRACEMCO,13,12566.279999999999,12577.0,13240.502526071883,1500550.4425260718,9
SMV2-0290,2025-07-18,2025-07-21,SHREECEM,4,30915.449999999997,31535.0,13240.502526071883,1500550.4425260718,9
SMV2-0290,2025-07-18,2025-07-21,AMBUJACEM,277,599.649675,613.25,13240.502526071883,1500550.4425260718,9
SMV2-0290,2025-07-18,2025-07-21,ZEEL,1136,147.17354999999998,141.84,13240.502526071883,1500550.4425260718,9
SMV2-0290,2025-07-18,2025-07-21,JKPAPER,447,373.9869,383.75,13240.502526071883,1500550.4425260718,9
SMV2-0290,2025-07-18,2025-07-21,WSTCSTPAPR,320,511.15545000000003,560.55,13240.502526071883,1500550.4425260718,9
SMV2-0290,2025-07-18,2025-07-21,NETWORK18,2969,56.328149999999994,59.61,13240.502526071883,1500550.4425260718,9
SMV2-0290,2025-07-18,2025-07-21,PAKKA,790,211.80584999999996,210.07,13240.502526071883,1500550.4425260718,9
SMV2-0290,2025-07-18,2025-07-21,PFOCUS,1017,165.88053893805306,169.93,13240.502526071883,1500550.4425260718,9
SMV2-0291,2025-07-25,2025-07-28,ULTRACEMCO,13,12566.279999999999,12240.0,588.2870476219687,1411577.087047622,9
SMV2-0291,2025-07-25,2025-07-28,SHREECEM,5,30951.468,30695.0,588.2870476219687,1411577.087047622,9
SMV2-0291,2025-07-25,2025-07-28,RADICO,58,2712.25545,2679.5,588.2870476219687,1411577.087047622,9
SMV2-0291,2025-07-25,2025-07-28,AMBUJACEM,277,599.649675,611.05,588.2870476219687,1411577.087047622,9
SMV2-0291,2025-07-25,2025-07-28,BATAINDIA,121,1205.4024,1198.2,588.2870476219687,1411577.087047622,9
SMV2-0291,2025-07-25,2025-07-28,RELAXO,323,487.84380000000004,479.7,588.2870476219687,1411577.087047622,9
SMV2-0291,2025-07-25,2025-07-28,CAMPUS,563,280.089975,273.25,588.2870476219687,1411577.087047622,9
SMV2-0291,2025-07-25,2025-07-28,UNITDSPR,120,1310.35485,1316.0,588.2870476219687,1411577.087047622,9
SMV2-0291,2025-07-25,2025-07-28,TI,318,494.94735,509.55,588.2870476219687,1411577.087047622,9
SMV2-0292,2025-08-01,2025-08-04,ULTRACEMCO,13,12566.279999999999,12257.0,89.67975382204168,1409267.099753822,9
SMV2-0292,2025-08-01,2025-08-04,INDHOTEL,209,742.6711499999999,748.8,89.67975382204168,1409267.099753822,9
SMV2-0292,2025-08-01,2025-08-04,RADICO,58,2712.25545,2798.3,89.67975382204168,1409267.099753822,9
SMV2-0292,2025-08-01,2025-08-04,AMBUJACEM,277,599.649675,605.25,89.67975382204168,1409267.099753822,9
SMV2-0292,2025-08-01,2025-08-04,LEMONTREE,1059,147.123525,145.97,89.67975382204168,1409267.099753822,9
SMV2-0292,2025-08-01,2025-08-04,BLS,409,380.9903999999999,384.4,89.67975382204168,1409267.099753822,9
SMV2-0292,2025-08-01,2025-08-04,UNITDSPR,120,1310.35485,1339.7,89.67975382204168,1409267.099753822,9
SMV2-0292,2025-08-01,2025-08-04,TI,318,494.94735,513.45,89.67975382204168,1409267.099753822,9
SMV2-0292,2025-08-01,2025-08-04,GARUDA,684,180.09,186.46,89.67975382204168,1409267.099753822,9
SMV2-0293,2025-08-08,2025-08-11,ULTRACEMCO,13,12566.279999999999,12405.0,89.67975382204168,1380350.159753822,9
SMV2-0293,2025-08-08,2025-08-11,INDHOTEL,209,742.6711499999999,746.75,89.67975382204168,1380350.159753822,9
SMV2-0293,2025-08-08,2025-08-11,RADICO,58,2712.25545,2856.3,89.67975382204168,1380350.159753822,9
SMV2-0293,2025-08-08,2025-08-11,AMBUJACEM,277,599.649675,588.85,89.67975382204168,1380350.159753822,9
SMV2-0293,2025-08-08,2025-08-11,LEMONTREE,1059,147.123525,142.11,89.67975382204168,1380350.159753822,9
SMV2-0293,2025-08-08,2025-08-11,BLS,409,380.9903999999999,390.75,89.67975382204168,1380350.159753822,9
SMV2-0293,2025-08-08,2025-08-11,UNITDSPR,120,1310.35485,1302.2,89.67975382204168,1380350.159753822,9
SMV2-0293,2025-08-08,2025-08-11,TI,318,494.94735,472.3,89.67975382204168,1380350.159753822,9
SMV2-0293,2025-08-08,2025-08-11,GARUDA,684,180.09,171.61,89.67975382204168,1380350.159753822,9
SMV2-0294,2025-08-14,2025-08-18,INDHOTEL,209,742.6711499999999,775.5,3741.92334594205,1407932.693345942,9
SMV2-0294,2025-08-14,2025-08-18,RADICO,58,2712.25545,2851.3,3741.92334594205,1407932.693345942,9
SMV2-0294,2025-08-14,2025-08-18,LEMONTREE,1059,147.123525,152.98,3741.92334594205,1407932.693345942,9
SMV2-0294,2025-08-14,2025-08-18,HAL,34,4592.8953,4514.3,3741.92334594205,1407932.693345942,9
SMV2-0294,2025-08-14,2025-08-18,BEL,404,388.19399999999996,382.5,3741.92334594205,1407932.693345942,9
SMV2-0294,2025-08-14,2025-08-18,INDIGO,22,6012.004499999999,6096.5,3741.92334594205,1407932.693345942,9
SMV2-0294,2025-08-14,2025-08-18,BLS,409,380.9903999999999,371.95,3741.92334594205,1407932.693345942,9
SMV2-0294,2025-08-14,2025-08-18,UNITDSPR,120,1310.35485,1307.5,3741.92334594205,1407932.693345942,9
SMV2-0294,2025-08-14,2025-08-18,TI,318,494.94735,514.35,3741.92334594205,1407932.693345942,9
SMV2-0295,2025-08-22,2025-08-25,SBILIFE,85,1859.8294500000002,1846.8,13370.171168262052,1411898.591168262,9
SMV2-0295,2025-08-22,2025-08-25,INDHOTEL,209,742.6711499999999,785.55,13370.171168262052,1411898.591168262,9
SMV2-0295,2025-08-22,2025-08-25,LEMONTREE,1059,147.123525,168.23,13370.171168262052,1411898.591168262,9
SMV2-0295,2025-08-22,2025-08-25,HAL,34,4592.8953,4457.6,13370.171168262052,1411898.591168262,9
SMV2-0295,2025-08-22,2025-08-25,BEL,404,388.19399999999996,372.05,13370.171168262052,1411898.591168262,9
SMV2-0295,2025-08-22,2025-08-25,INDIGO,22,6012.004499999999,6116.0,13370.171168262052,1411898.591168262,9
SMV2-0295,2025-08-22,2025-08-25,BLS,409,380.9903999999999,368.8,13370.171168262052,1411898.591168262,9
SMV2-0295,2025-08-22,2025-08-25,POLICYBZR,82,1912.1556,1901.9,13370.171168262052,1411898.591168262,9
SMV2-0295,2025-08-22,2025-08-25,NIACL,806,196.228065,193.55,13370.171168262052,1411898.591168262,9
SMV2-0296,2025-08-29,2025-09-01,INDHOTEL,209,742.6711499999999,759.85,47.450278322037775,1377047.3302783219,9
SMV2-0296,2025-08-29,2025-09-01,ZEEL,1302,116.67831,113.96,47.450278322037775,1377047.3302783219,9
SMV2-0296,2025-08-29,2025-09-01,LEMONTREE,1059,147.123525,170.22,47.450278322037775,1377047.3302783219,9
SMV2-0296,2025-08-29,2025-09-01,HAL,34,4592.8953,4429.6,47.450278322037775,1377047.3302783219,9
SMV2-0296,2025-08-29,2025-09-01,BEL,404,388.19399999999996,373.9,47.450278322037775,1377047.3302783219,9
SMV2-0296,2025-08-29,2025-09-01,INDIGO,26,5953.590692307692,5670.0,47.450278322037775,1377047.3302783219,9
SMV2-0296,2025-08-29,2025-09-01,BLS,409,380.9903999999999,370.55,47.450278322037775,1377047.3302783219,9
SMV2-0296,2025-08-29,2025-09-01,NETWORK18,2573,52.926449999999996,53.56,47.450278322037775,1377047.3302783219,9
SMV2-0296,2025-08-29,2025-09-01,PVRINOX,135,1123.5615,1119.3,47.450278322037775,1377047.3302783219,9
SMV2-0297,2025-09-05,2025-09-08,INDHOTEL,209,742.6711499999999,777.7,32174.962486322038,1392139.3124863221,9
SMV2-0297,2025-09-05,2025-09-08,ZEEL,1302,116.67831,116.09,32174.962486322038,1392139.3124863221,9
SMV2-0297,2025-09-05,2025-09-08,LEMONTREE,876,147.123525,177.93,32174.962486322038,1392139.3124863221,9
SMV2-0297,2025-09-05,2025-09-08,HAL,34,4592.8953,4443.6,32174.962486322038,1392139.3124863221,9
SMV2-0297,2025-09-05,2025-09-08,BEL,404,388.19399999999996,371.9,32174.962486322038,1392139.3124863221,9
SMV2-0297,2025-09-05,2025-09-08,INDIGO,26,5953.590692307692,5696.5,32174.962486322038,1392139.3124863221,9
SMV2-0297,2025-09-05,2025-09-08,BLS,409,380.9903999999999,365.0,32174.962486322038,1392139.3124863221,9
SMV2-0297,2025-09-05,2025-09-08,NETWORK18,2573,52.926449999999996,55.03,32174.962486322038,1392139.3124863221,9
SMV2-0297,2025-09-05,2025-09-08,PVRINOX,135,1123.5615,1111.8,32174.962486322038,1392139.3124863221,9
SMV2-0298,2025-09-12,2025-09-15,INDHOTEL,209,742.6711499999999,790.85,3222.5075686221535,1415376.0975686223,9
SMV2-0298,2025-09-12,2025-09-15,LEMONTREE,876,147.123525,176.49,3222.5075686221535,1415376.0975686223,9
SMV2-0298,2025-09-12,2025-09-15,BATAINDIA,124,1261.0302,1263.5,3222.5075686221535,1415376.0975686223,9
SMV2-0298,2025-09-12,2025-09-15,RELAXO,322,488.19397499999997,480.95,3222.5075686221535,1415376.0975686223,9
SMV2-0298,2025-09-12,2025-09-15,HAL,34,4592.8953,4795.2,3222.5075686221535,1415376.0975686223,9
SMV2-0298,2025-09-12,2025-09-15,BEL,404,388.19399999999996,398.45,3222.5075686221535,1415376.0975686223,9
SMV2-0298,2025-09-12,2025-09-15,INDIGO,26,5953.590692307692,5728.5,3222.5075686221535,1415376.0975686223,9
SMV2-0298,2025-09-12,2025-09-15,BLS,409,380.9903999999999,367.1,3222.5075686221535,1415376.0975686223,9
SMV2-0298,2025-09-12,2025-09-15,CAMPUS,581,270.135,271.3,3222.5075686221535,1415376.0975686223,9
SMV2-0299,2025-09-19,2025-09-22,POLYCAB,19,7552.7744999999995,7657.0,7258.966272672289,1407539.616272672,9
SMV2-0299,2025-09-19,2025-09-22,BATAINDIA,124,1261.0302,1227.2,7258.966272672289,1407539.616272672,9
SMV2-0299,2025-09-19,2025-09-22,RELAXO,322,488.19397499999997,465.3,7258.966272672289,1407539.616272672,9
SMV2-0299,2025-09-19,2025-09-22,HAL,34,4592.8953,4808.7,7258.966272672289,1407539.616272672,9
SMV2-0299,2025-09-19,2025-09-22,BEL,404,388.19399999999996,406.4,7258.966272672289,1407539.616272672,9
SMV2-0299,2025-09-19,2025-09-22,INDIGO,26,5953.590692307692,5747.5,7258.966272672289,1407539.616272672,9
SMV2-0299,2025-09-19,2025-09-22,CAMPUS,581,270.135,278.85,7258.966272672289,1407539.616272672,9
SMV2-0299,2025-09-19,2025-09-22,OLECTRA,95,1640.0195999999999,1661.4,7258.966272672289,1407539.616272672,9
SMV2-0299,2025-09-19,2025-09-22,KAYNES,22,7103.549999999999,7083.5,7258.966272672289,1407539.616272672,9
SMV2-0300,2025-09-26,2025-09-29,POLYCAB,19,7552.7744999999995,7278.0,7258.966272672289,1361739.616272672,9
SMV2-0300,2025-09-26,2025-09-29,BATAINDIA,124,1261.0302,1156.4,7258.966272672289,1361739.616272672,9
SMV2-0300,2025-09-26,2025-09-29,RELAXO,322,488.19397499999997,448.5,7258.966272672289,1361739.616272672,9
SMV2-0300,2025-09-26,2025-09-29,HAL,34,4592.8953,4740.0,7258.966272672289,1361739.616272672,9
SMV2-0300,2025-09-26,2025-09-29,BEL,404,388.19399999999996,399.95,7258.966272672289,1361739.616272672,9
SMV2-0300,2025-09-26,2025-09-29,INDIGO,26,5953.590692307692,5707.0,7258.966272672289,1361739.616272672,9
SMV2-0300,2025-09-26,2025-09-29,CAMPUS,581,270.135,263.25,7258.966272672289,1361739.616272672,9
SMV2-0300,2025-09-26,2025-09-29,OLECTRA,95,1640.0195999999999,1570.6,7258.966272672289,1361739.616272672,9
SMV2-0300,2025-09-26,2025-09-29,KAYNES,22,7103.549999999999,7050.5,7258.966272672289,1361739.616272672,9
SMV2-0301,2025-10-03,2025-10-06,VEDL,323,475.18747499999995,470.8,2.5307760725845583,1374879.8307760726,9
SMV2-0301,2025-10-03,2025-10-06,BHARTIARTL,81,1893.5462999999997,1903.1,2.5307760725845583,1374879.8307760726,9
SMV2-0301,2025-10-03,2025-10-06,HAL,34,4592.8953,4845.2,2.5307760725845583,1374879.8307760726,9
SMV2-0301,2025-10-03,2025-10-06,BEL,404,388.19399999999996,413.25,2.5307760725845583,1374879.8307760726,9
SMV2-0301,2025-10-03,2025-10-06,INDIGO,26,5953.590692307692,5694.5,2.5307760725845583,1374879.8307760726,9
SMV2-0301,2025-10-03,2025-10-06,INDUSTOWER,434,354.27705000000003,353.65,2.5307760725845583,1374879.8307760726,9
SMV2-0301,2025-10-03,2025-10-06,HFCL,1790,76.038,74.44,2.5307760725845583,1374879.8307760726,9
SMV2-0301,2025-10-03,2025-10-06,HINDCOPPER,446,344.6722499999999,337.95,2.5307760725845583,1374879.8307760726,9
SMV2-0301,2025-10-03,2025-10-06,GMDCLTD,248,618.309,610.7,2.5307760725845583,1374879.8307760726,9
SMV2-0302,2025-10-10,2025-10-13,VEDL,323,475.18747499999995,479.3,2.5307760725845583,1379075.2307760725,9
SMV2-0302,2025-10-10,2025-10-13,BHARTIARTL,81,1893.5462999999997,1954.9,2.5307760725845583,1379075.2307760725,9
SMV2-0302,2025-10-10,2025-10-13,HAL,34,4592.8953,4745.4,2.5307760725845583,1379075.2307760725,9
SMV2-0302,2025-10-10,2025-10-13,BEL,404,388.19399999999996,409.4,2.5307760725845583,1379075.2307760725,9
SMV2-0302,2025-10-10,2025-10-13,INDIGO,26,5953.590692307692,5787.5,2.5307760725845583,1379075.2307760725,9
SMV2-0302,2025-10-10,2025-10-13,INDUSTOWER,434,354.27705000000003,349.9,2.5307760725845583,1379075.2307760725,9
SMV2-0302,2025-10-10,2025-10-13,HFCL,1790,76.038,76.41,2.5307760725845583,1379075.2307760725,9
SMV2-0302,2025-10-10,2025-10-13,HINDCOPPER,446,344.6722499999999,340.8,2.5307760725845583,1379075.2307760725,9
SMV2-0302,2025-10-10,2025-10-13,GMDCLTD,248,618.309,597.05,2.5307760725845583,1379075.2307760725,9
SMV2-0303,2025-10-17,2025-10-20,VEDL,323,475.18747499999995,473.9,2449.2767055726436,1395159.4767055726,9
SMV2-0303,2025-10-17,2025-10-20,RADICO,44,3131.5650000000005,3254.7,2449.2767055726436,1395159.4767055726,9
SMV2-0303,2025-10-17,2025-10-20,HAL,34,4592.8953,4860.0,2449.2767055726436,1395159.4767055726,9
SMV2-0303,2025-10-17,2025-10-20,BEL,404,388.19399999999996,416.5,2449.2767055726436,1395159.4767055726,9
SMV2-0303,2025-10-17,2025-10-20,INDIGO,26,5953.590692307692,5934.0,2449.2767055726436,1395159.4767055726,9
SMV2-0303,2025-10-17,2025-10-20,HINDCOPPER,446,344.6722499999999,345.35,2449.2767055726436,1395159.4767055726,9
SMV2-0303,2025-10-17,2025-10-20,UNITDSPR,112,1367.38335,1365.6,2449.2767055726436,1395159.4767055726,9
SMV2-0303,2025-10-17,2025-10-20,GMDCLTD,248,618.309,578.2,2449.2767055726436,1395159.4767055726,9
SMV2-0303,2025-10-17,2025-10-20,GMBREW,136,1128.6640499999999,1163.8,2449.2767055726436,1395159.4767055726,9
SMV2-0304,2025-10-24,2025-10-27,VEDL,323,475.18747499999995,505.25,178.57666697265813,1392754.2266669725,9
SMV2-0304,2025-10-24,2025-10-27,RADICO,44,3131.5650000000005,3214.0,178.57666697265813,1392754.2266669725,9
SMV2-0304,2025-10-24,2025-10-27,HAL,34,4592.8953,4756.8,178.57666697265813,1392754.2266669725,9
SMV2-0304,2025-10-24,2025-10-27,BEL,404,388.19399999999996,415.15,178.57666697265813,1392754.2266669725,9
SMV2-0304,2025-10-24,2025-10-27,INDIGO,26,5953.590692307692,5835.0,178.57666697265813,1392754.2266669725,9
SMV2-0304,2025-10-24,2025-10-27,HINDCOPPER,446,344.6722499999999,348.3,178.57666697265813,1392754.2266669725,9
SMV2-0304,2025-10-24,2025-10-27,UNITDSPR,112,1367.38335,1353.1,178.57666697265813,1392754.2266669725,9
SMV2-0304,2025-10-24,2025-10-27,GMBREW,136,1128.6640499999999,1137.8,178.57666697265813,1392754.2266669725,9
SMV2-0304,2025-10-24,2025-10-27,HINDZINC,301,489.2444999999999,482.3,178.57666697265813,1392754.2266669725,9
SMV2-0305,2025-10-31,2025-11-03,HDFCBANK,157,985.4924999999998,992.65,3627.2280272727075,1414063.9780272727,9
SMV2-0305,2025-10-31,2025-11-03,AXISBANK,126,1226.6129999999998,1233.7,3627.2280272727075,1414063.9780272727,9
SMV2-0305,2025-10-31,2025-11-03,ICICIBANK,116,1341.17025,1346.4,3627.2280272727075,1414063.9780272727,9
SMV2-0305,2025-10-31,2025-11-03,RADICO,44,3131.5650000000005,3193.6,3627.2280272727075,1414063.9780272727,9
SMV2-0305,2025-10-31,2025-11-03,TITAN,41,3731.865,3724.5,3627.2280272727075,1414063.9780272727,9
SMV2-0305,2025-10-31,2025-11-03,VAIBHAVGBL,576,270.135,281.25,3627.2280272727075,1414063.9780272727,9
SMV2-0305,2025-10-31,2025-11-03,KALYANKJIL,304,510.80527499999994,515.85,3627.2280272727075,1414063.9780272727,9
SMV2-0305,2025-10-31,2025-11-03,UNITDSPR,112,1367.38335,1447.6,3627.2280272727075,1414063.9780272727,9
SMV2-0305,2025-10-31,2025-11-03,GMBREW,136,1128.6640499999999,1241.1,3627.2280272727075,1414063.9780272727,9
SMV2-0306,2025-11-07,2025-11-10,HDFCBANK,157,985.4924999999998,984.5,3627.2280272727075,1395127.5280272728,9
SMV2-0306,2025-11-07,2025-11-10,AXISBANK,126,1226.6129999999998,1217.0,3627.2280272727075,1395127.5280272728,9
SMV2-0306,2025-11-07,2025-11-10,ICICIBANK,116,1341.17025,1348.0,3627.2280272727075,1395127.5280272728,9
SMV2-0306,2025-11-07,2025-11-10,RADICO,44,3131.5650000000005,3259.6,3627.2280272727075,1395127.5280272728,9
SMV2-0306,2025-11-07,2025-11-10,TITAN,41,3731.865,3803.0,3627.2280272727075,1395127.5280272728,9
SMV2-0306,2025-11-07,2025-11-10,VAIBHAVGBL,576,270.135,262.2,3627.2280272727075,1395127.5280272728,9
SMV2-0306,2025-11-07,2025-11-10,KALYANKJIL,304,510.80527499999994,510.4,3627.2280272727075,1395127.5280272728,9
SMV2-0306,2025-11-07,2025-11-10,UNITDSPR,112,1367.38335,1409.5,3627.2280272727075,1395127.5280272728,9
SMV2-0306,2025-11-07,2025-11-10,GMBREW,136,1128.6640499999999,1204.6,3627.2280272727075,1395127.5280272728,9
SMV2-0307,2025-11-14,2025-11-17,HDFCBANK,157,985.4924999999998,996.55,3888.4841286726587,1412562.1341286725,9
SMV2-0307,2025-11-14,2025-11-17,AXISBANK,126,1226.6129999999998,1249.6,3888.4841286726587,1412562.1341286725,9
SMV2-0307,2025-11-14,2025-11-17,ICICIBANK,116,1341.17025,1379.0,3888.4841286726587,1412562.1341286725,9
SMV2-0307,2025-11-14,2025-11-17,TITAN,41,3731.865,3868.6,3888.4841286726587,1412562.1341286725,9
SMV2-0307,2025-11-14,2025-11-17,VAIBHAVGBL,576,270.135,265.45,3888.4841286726587,1412562.1341286725,9
SMV2-0307,2025-11-14,2025-11-17,KALYANKJIL,304,510.80527499999994,495.45,3888.4841286726587,1412562.1341286725,9
SMV2-0307,2025-11-14,2025-11-17,RELIANCE,102,1521.66045,1518.3,3888.4841286726587,1412562.1341286725,9
SMV2-0307,2025-11-14,2025-11-17,BPCL,418,372.7863,374.25,3888.4841286726587,1412562.1341286725,9
SMV2-0307,2025-11-14,2025-11-17,CHENNPETRO,150,1039.5194999999999,1075.8,3888.4841286726587,1412562.1341286725,9
SMV2-0308,2025-11-21,2025-11-24,HDFCBANK,157,985.4924999999998,999.15,3888.4841286726587,1375502.8341286727,9
SMV2-0308,2025-11-21,2025-11-24,AXISBANK,126,1226.6129999999998,1269.0,3888.4841286726587,1375502.8341286727,9
SMV2-0308,2025-11-21,2025-11-24,ICICIBANK,116,1341.17025,1368.4,3888.4841286726587,1375502.8341286727,9
SMV2-0308,2025-11-21,2025-11-24,TITAN,41,3731.865,3874.3,3888.4841286726587,1375502.8341286727,9
SMV2-0308,2025-11-21,2025-11-24,VAIBHAVGBL,576,270.135,233.75,3888.4841286726587,1375502.8341286727,9
SMV2-0308,2025-11-21,2025-11-24,KALYANKJIL,304,510.80527499999994,484.4,3888.4841286726587,1375502.8341286727,9
SMV2-0308,2025-11-21,2025-11-24,RELIANCE,102,1521.66045,1535.9,3888.4841286726587,1375502.8341286727,9
SMV2-0308,2025-11-21,2025-11-24,BPCL,418,372.7863,359.65,3888.4841286726587,1375502.8341286727,9
SMV2-0308,2025-11-21,2025-11-24,CHENNPETRO,150,1039.5194999999999,989.2,3888.4841286726587,1375502.8341286727,9
SMV2-0309,2025-11-28,2025-12-01,HDFCBANK,157,985.4924999999998,1002.1,2419.1086014726607,1384736.6086014726,9
SMV2-0309,2025-11-28,2025-12-01,AXISBANK,126,1226.6129999999998,1275.7,2419.1086014726607,1384736.6086014726,9
SMV2-0309,2025-11-28,2025-12-01,ICICIBANK,116,1341.17025,1390.1,2419.1086014726607,1384736.6086014726,9
SMV2-0309,2025-11-28,2025-12-01,TITAN,41,3731.865,3894.9,2419.1086014726607,1384736.6086014726,9
SMV2-0309,2025-11-28,2025-12-01,KALYANKJIL,304,510.80527499999994,506.95,2419.1086014726607,1384736.6086014726,9
SMV2-0309,2025-11-28,2025-12-01,HAL,33,4564.281,4530.7,2419.1086014726607,1384736.6086014726,9
SMV2-0309,2025-11-28,2025-12-01,BEL,370,416.10794999999996,417.25,2419.1086014726607,1384736.6086014726,9
SMV2-0309,2025-11-28,2025-12-01,INDIGO,22,5892.945,5794.0,2419.1086014726607,1384736.6086014726,9
SMV2-0309,2025-11-28,2025-12-01,THANGAMAYL,47,3271.635,3358.1,2419.1086014726607,1384736.6086014726,9
SMV2-0310,2025-12-05,2025-12-08,HDFCLIFE,195,768.384,764.05,1911.5821835727402,1343481.4321835728,9
SMV2-0310,2025-12-05,2025-12-08,SBILIFE,64,2006.0024999999998,2020.7,1911.5821835727402,1343481.4321835728,9
SMV2-0310,2025-12-05,2025-12-08,HDFCBANK,157,985.4924999999998,1003.1,1911.5821835727402,1343481.4321835728,9
SMV2-0310,2025-12-05,2025-12-08,AXISBANK,126,1226.6129999999998,1273.8,1911.5821835727402,1343481.4321835728,9
SMV2-0310,2025-12-05,2025-12-08,ICICIBANK,116,1341.17025,1389.6,1911.5821835727402,1343481.4321835728,9
SMV2-0310,2025-12-05,2025-12-08,MARUTI,9,16208.099999999999,16187.0,1911.5821835727402,1343481.4321835728,9
SMV2-0310,2025-12-05,2025-12-08,M&M,40,3721.8599999999997,3681.7,1911.5821835727402,1343481.4321835728,9
SMV2-0310,2025-12-05,2025-12-08,HEROMOTOCO,23,6313.155,6167.0,1911.5821835727402,1343481.4321835728,9
SMV2-0310,2025-12-05,2025-12-08,POLICYBZR,78,1900.9499999999996,1913.9,1911.5821835727402,1343481.4321835728,9
SMV2-0311,2025-12-12,2025-12-15,HDFCLIFE,195,768.384,772.7,1911.5821835727402,1338840.0821835727,9
SMV2-0311,2025-12-12,2025-12-15,SBILIFE,64,2006.0024999999998,2034.9,1911.5821835727402,1338840.0821835727,9
SMV2-0311,2025-12-12,2025-12-15,HDFCBANK,157,985.4924999999998,996.1,1911.5821835727402,1338840.0821835727,9
SMV2-0311,2025-12-12,2025-12-15,AXISBANK,126,1226.6129999999998,1284.8,1911.5821835727402,1338840.0821835727,9
SMV2-0311,2025-12-12,2025-12-15,ICICIBANK,116,1341.17025,1365.2,1911.5821835727402,1338840.0821835727,9
SMV2-0311,2025-12-12,2025-12-15,MARUTI,9,16208.099999999999,16415.0,1911.5821835727402,1338840.0821835727,9
SMV2-0311,2025-12-12,2025-12-15,M&M,40,3721.8599999999997,3608.0,1911.5821835727402,1338840.0821835727,9
SMV2-0311,2025-12-12,2025-12-15,HEROMOTOCO,23,6313.155,5959.5,1911.5821835727402,1338840.0821835727,9
SMV2-0311,2025-12-12,2025-12-15,POLICYBZR,78,1900.9499999999996,1926.4,1911.5821835727402,1338840.0821835727,9
SMV2-0312,2025-12-19,2025-12-22,VEDL,248,590.295,585.65,14782.990764682996,1321777.3607646828,9
SMV2-0312,2025-12-19,2025-12-22,ZEEL,1608,91.22559,91.92,14782.990764682996,1321777.3607646828,9
SMV2-0312,2025-12-19,2025-12-22,MARUTI,9,16208.099999999999,16649.0,14782.990764682996,1321777.3607646828,9
SMV2-0312,2025-12-19,2025-12-22,M&M,40,3721.8599999999997,3616.7,14782.990764682996,1321777.3607646828,9
SMV2-0312,2025-12-19,2025-12-22,HEROMOTOCO,23,6313.155,5699.5,14782.990764682996,1321777.3607646828,9
SMV2-0312,2025-12-19,2025-12-22,HINDCOPPER,371,394.69725000000005,403.4,14782.990764682996,1321777.3607646828,9
SMV2-0312,2025-12-19,2025-12-22,PFOCUS,663,221.1105,220.72,14782.990764682996,1321777.3607646828,9
SMV2-0312,2025-12-19,2025-12-22,HINDZINC,243,601.550625,606.5,14782.990764682996,1321777.3607646828,9
SMV2-0312,2025-12-19,2025-12-22,SAREGAMA,417,351.17550000000006,347.65,14782.990764682996,1321777.3607646828,9
SMV2-0313,2025-12-26,2025-12-29,AVANTIFEED,187,832.2158999999999,821.8,16583.557781333046,1370987.147781333,9
SMV2-0313,2025-12-26,2025-12-29,VEDL,248,590.295,593.1,16583.557781333046,1370987.147781333,9
SMV2-0313,2025-12-26,2025-12-29,TATACONSUM,132,1174.587,1195.2,16583.557781333046,1370987.147781333,9
SMV2-0313,2025-12-26,2025-12-29,ZEEL,1608,91.22559,90.74,16583.557781333046,1370987.147781333,9
SMV2-0313,2025-12-26,2025-12-29,HINDCOPPER,286,394.69725000000005,487.45,16583.557781333046,1370987.147781333,9
SMV2-0313,2025-12-26,2025-12-29,PATANJALI,284,548.274,542.05,16583.557781333046,1370987.147781333,9
SMV2-0313,2025-12-26,2025-12-29,PFOCUS,663,221.1105,237.14,16583.557781333046,1370987.147781333,9
SMV2-0313,2025-12-26,2025-12-29,HINDZINC,243,601.550625,618.55,16583.557781333046,1370987.147781333,9
SMV2-0313,2025-12-26,2025-12-29,SAREGAMA,417,351.17550000000006,357.5,16583.557781333046,1370987.147781333,9
SMV2-0314,2026-01-02,2026-01-05,AVANTIFEED,187,832.2158999999999,857.45,16583.557781333046,1418687.547781333,9
SMV2-0314,2026-01-02,2026-01-05,VEDL,248,590.295,615.65,16583.557781333046,1418687.547781333,9
SMV2-0314,2026-01-02,2026-01-05,TATACONSUM,132,1174.587,1182.1,16583.557781333046,1418687.547781333,9
SMV2-0314,2026-01-02,2026-01-05,ZEEL,1608,91.22559,91.18,16583.557781333046,1418687.547781333,9
SMV2-0314,2026-01-02,2026-01-05,HINDCOPPER,286,394.69725000000005,552.6,16583.557781333046,1418687.547781333,9
SMV2-0314,2026-01-02,2026-01-05,PATANJALI,284,548.274,572.95,16583.557781333046,1418687.547781333,9
SMV2-0314,2026-01-02,2026-01-05,PFOCUS,663,221.1105,239.0,16583.557781333046,1418687.547781333,9
SMV2-0314,2026-01-02,2026-01-05,HINDZINC,243,601.550625,628.6,16583.557781333046,1418687.547781333,9
SMV2-0314,2026-01-02,2026-01-05,SAREGAMA,417,351.17550000000006,370.4,16583.557781333046,1418687.547781333,9
SMV2-0315,2026-01-09,2026-01-12,VEDL,248,590.295,627.35,16383.825379933114,1394485.9653799334,9
SMV2-0315,2026-01-09,2026-01-12,HDFCBANK,163,937.96875,936.95,16383.825379933114,1394485.9653799334,9
SMV2-0315,2026-01-09,2026-01-12,ICICIBANK,109,1400.59995,1413.1,16383.825379933114,1394485.9653799334,9
SMV2-0315,2026-01-09,2026-01-12,ZEEL,1608,91.22559,89.93,16383.825379933114,1394485.9653799334,9
SMV2-0315,2026-01-09,2026-01-12,SBIN,152,1008.5039999999999,1015.15,16383.825379933114,1394485.9653799334,9
SMV2-0315,2026-01-09,2026-01-12,HINDCOPPER,286,394.69725000000005,545.7,16383.825379933114,1394485.9653799334,9
SMV2-0315,2026-01-09,2026-01-12,PFOCUS,663,221.1105,242.75,16383.825379933114,1394485.9653799334,9
SMV2-0315,2026-01-09,2026-01-12,HINDZINC,243,601.550625,628.25,16383.825379933114,1394485.9653799334,9
SMV2-0315,2026-01-09,2026-01-12,SAREGAMA,417,351.17550000000006,352.95,16383.825379933114,1394485.9653799334,9
SMV2-0316,2026-01-16,2026-01-19,VEDL,248,590.295,674.8,2620.1255112731014,1410735.125511273,9
SMV2-0316,2026-01-16,2026-01-19,HDFCBANK,163,937.96875,927.9,2620.1255112731014,1410735.125511273,9
SMV2-0316,2026-01-16,2026-01-19,ICICIBANK,109,1400.59995,1380.6,2620.1255112731014,1410735.125511273,9
SMV2-0316,2026-01-16,2026-01-19,SBIN,152,1008.5039999999999,1038.4,2620.1255112731014,1410735.125511273,9
SMV2-0316,2026-01-16,2026-01-19,HAL,33,4429.2135,4504.3,2620.1255112731014,1410735.125511273,9
SMV2-0316,2026-01-16,2026-01-19,BEL,381,410.2049999999999,412.8,2620.1255112731014,1410735.125511273,9
SMV2-0316,2026-01-16,2026-01-19,INDIGO,32,4766.88225,4941.5,2620.1255112731014,1410735.125511273,9
SMV2-0316,2026-01-16,2026-01-19,HINDCOPPER,286,394.69725000000005,547.8,2620.1255112731014,1410735.125511273,9
SMV2-0316,2026-01-16,2026-01-19,HINDZINC,243,601.550625,660.4,2620.1255112731014,1410735.125511273,9
SMV2-0317,2026-01-23,2026-01-27,VEDL,248,590.295,705.45,344.9746242231631,1426602.0246242231,9
SMV2-0317,2026-01-23,2026-01-27,HDFCBANK,163,937.96875,926.4,344.9746242231631,1426602.0246242231,9
SMV2-0317,2026-01-23,2026-01-27,ICICIBANK,109,1400.59995,1361.4,344.9746242231631,1426602.0246242231,9
SMV2-0317,2026-01-23,2026-01-27,SBIN,152,1008.5039999999999,1053.15,344.9746242231631,1426602.0246242231,9
SMV2-0317,2026-01-23,2026-01-27,RELIANCE,113,1380.6899999999998,1380.5,344.9746242231631,1426602.0246242231,9
SMV2-0317,2026-01-23,2026-01-27,ONGC,635,246.72330000000002,247.95,344.9746242231631,1426602.0246242231,9
SMV2-0317,2026-01-23,2026-01-27,HINDPETRO,336,417.1584749999999,419.35,344.9746242231631,1426602.0246242231,9
SMV2-0317,2026-01-23,2026-01-27,HINDCOPPER,286,394.69725000000005,562.15,344.9746242231631,1426602.0246242231,9
SMV2-0317,2026-01-23,2026-01-27,HINDZINC,243,601.550625,727.2,344.9746242231631,1426602.0246242231,9
SMV2-0318,2026-01-30,2026-02-02,HDFCBANK,163,937.96875,928.1,3766.6602326731663,1385302.7102326732,9
SMV2-0318,2026-01-30,2026-02-02,ICICIBANK,109,1400.59995,1352.8,3766.6602326731663,1385302.7102326732,9
SMV2-0318,2026-01-30,2026-02-02,CONCOR,302,505.2525,507.85,3766.6602326731663,1385302.7102326732,9
SMV2-0318,2026-01-30,2026-02-02,SBIN,152,1008.5039999999999,1028.7,3766.6602326731663,1385302.7102326732,9
SMV2-0318,2026-01-30,2026-02-02,RELIANCE,113,1380.6899999999998,1390.4,3766.6602326731663,1385302.7102326732,9
SMV2-0318,2026-01-30,2026-02-02,ONGC,635,246.72330000000002,253.95,3766.6602326731663,1385302.7102326732,9
SMV2-0318,2026-01-30,2026-02-02,DREDGECORP,142,1070.03475,1081.0,3766.6602326731663,1385302.7102326732,9
SMV2-0318,2026-01-30,2026-02-02,DELHIVERY,343,444.37207499999994,439.9,3766.6602326731663,1385302.7102326732,9
SMV2-0318,2026-01-30,2026-02-02,OIL,311,490.24499999999995,483.3,3766.6602326731663,1385302.7102326732,9
SMV2-0319,2026-02-06,2026-02-09,HDFCBANK,163,937.96875,937.25,3766.6602326731663,1421646.1102326731,9
SMV2-0319,2026-02-06,2026-02-09,ICICIBANK,109,1400.59995,1396.3,3766.6602326731663,1421646.1102326731,9
SMV2-0319,2026-02-06,2026-02-09,CONCOR,302,505.2525,513.6,3766.6602326731663,1421646.1102326731,9
SMV2-0319,2026-02-06,2026-02-09,SBIN,152,1008.5039999999999,1146.0,3766.6602326731663,1421646.1102326731,9
SMV2-0319,2026-02-06,2026-02-09,RELIANCE,113,1380.6899999999998,1461.6,3766.6602326731663,1421646.1102326731,9
SMV2-0319,2026-02-06,2026-02-09,ONGC,635,246.72330000000002,266.6,3766.6602326731663,1421646.1102326731,9
SMV2-0319,2026-02-06,2026-02-09,DREDGECORP,142,1070.03475,1042.1,3766.6602326731663,1421646.1102326731,9
SMV2-0319,2026-02-06,2026-02-09,DELHIVERY,343,444.37207499999994,433.75,3766.6602326731663,1421646.1102326731,9
SMV2-0319,2026-02-06,2026-02-09,OIL,311,490.24499999999995,490.05,3766.6602326731663,1421646.1102326731,9
SMV2-0320,2026-02-13,2026-02-16,AVANTIFEED,110,1396.6479749999999,1349.25,51180.19590782325,1377783.8959078232,9
SMV2-0320,2026-02-13,2026-02-16,PAGEIND,4,33566.775,33425.0,51180.19590782325,1377783.8959078232,9
SMV2-0320,2026-02-13,2026-02-16,TATACONSUM,136,1129.06425,1139.2,51180.19590782325,1377783.8959078232,9
SMV2-0320,2026-02-13,2026-02-16,CONCOR,302,505.2525,503.75,51180.19590782325,1377783.8959078232,9
SMV2-0320,2026-02-13,2026-02-16,PATANJALI,296,519.3095249999999,525.7,51180.19590782325,1377783.8959078232,9
SMV2-0320,2026-02-13,2026-02-16,KPRMILL,165,930.414975,908.85,51180.19590782325,1377783.8959078232,9
SMV2-0320,2026-02-13,2026-02-16,DREDGECORP,142,1070.03475,966.5,51180.19590782325,1377783.8959078232,9
SMV2-0320,2026-02-13,2026-02-16,DELHIVERY,343,444.37207499999994,418.1,51180.19590782325,1377783.8959078232,9
SMV2-0320,2026-02-13,2026-02-16,GOKEX,183,836.4680249999998,826.25,51180.19590782325,1377783.8959078232,9
SMV2-0321,2026-02-20,2026-02-23,AVANTIFEED,110,1396.6479749999999,1310.9,32200.997780873266,1371895.4777808732,9
SMV2-0321,2026-02-20,2026-02-23,PAGEIND,4,33566.775,33070.0,32200.997780873266,1371895.4777808732,9
SMV2-0321,2026-02-20,2026-02-23,TATACONSUM,136,1129.06425,1171.8,32200.997780873266,1371895.4777808732,9
SMV2-0321,2026-02-20,2026-02-23,CONCOR,302,505.2525,507.05,32200.997780873266,1371895.4777808732,9
SMV2-0321,2026-02-20,2026-02-23,PATANJALI,296,519.3095249999999,532.95,32200.997780873266,1371895.4777808732,9
SMV2-0321,2026-02-20,2026-02-23,KPRMILL,165,930.414975,921.55,32200.997780873266,1371895.4777808732,9
SMV2-0321,2026-02-20,2026-02-23,DELHIVERY,343,444.37207499999994,433.95,32200.997780873266,1371895.4777808732,9
SMV2-0321,2026-02-20,2026-02-23,GOKEX,183,836.4680249999998,747.35,32200.997780873266,1371895.4777808732,9
SMV2-0321,2026-02-20,2026-02-23,SCI,599,258.179025,259.27,32200.997780873266,1371895.4777808732,9
SMV2-0322,2026-02-27,2026-03-02,ZEEL,1658,85.26261,84.19,8610.211172863404,1312578.0811728633,9
SMV2-0322,2026-02-27,2026-03-02,POLYCAB,16,8404.199999999999,8548.5,8610.211172863404,1312578.0811728633,9
SMV2-0322,2026-02-27,2026-03-02,ABB,24,5842.920000000001,5983.0,8610.211172863404,1312578.0811728633,9
SMV2-0322,2026-02-27,2026-03-02,JINDALPOLY,233,604.302,627.35,8610.211172863404,1312578.0811728633,9
SMV2-0322,2026-02-27,2026-03-02,AGI,274,514.257,530.55,8610.211172863404,1312578.0811728633,9
SMV2-0322,2026-02-27,2026-03-02,COSMOFIRST,216,653.9268000000001,687.8,8610.211172863404,1312578.0811728633,9
SMV2-0322,2026-02-27,2026-03-02,PVRINOX,141,1000.5,1016.4,8610.211172863404,1312578.0811728633,9
SMV2-0322,2026-02-27,2026-03-02,KAYNES,38,3672.8354999999997,3736.6,8610.211172863404,1312578.0811728633,9
SMV2-0322,2026-02-27,2026-03-02,PFOCUS,576,245.1225,275.35,8610.211172863404,1312578.0811728633,9
SMV2-0323,2026-03-06,2026-03-09,ZEEL,1658,85.26261,80.05,40452.5378449634,1326609.6878449633,9
SMV2-0323,2026-03-06,2026-03-09,POLYCAB,16,8404.199999999999,8228.5,40452.5378449634,1326609.6878449633,9
SMV2-0323,2026-03-06,2026-03-09,ABB,24,5842.920000000001,5982.5,40452.5378449634,1326609.6878449633,9
SMV2-0323,2026-03-06,2026-03-09,JINDALPOLY,191,604.302,812.85,40452.5378449634,1326609.6878449633,9
SMV2-0323,2026-03-06,2026-03-09,AGI,274,514.257,488.95,40452.5378449634,1326609.6878449633,9
SMV2-0323,2026-03-06,2026-03-09,COSMOFIRST,216,653.9268000000001,671.75,40452.5378449634,1326609.6878449633,9
SMV2-0323,2026-03-06,2026-03-09,PVRINOX,141,1000.5,1018.0,40452.5378449634,1326609.6878449633,9
SMV2-0323,2026-03-06,2026-03-09,KAYNES,38,3672.8354999999997,3701.8,40452.5378449634,1326609.6878449633,9
SMV2-0323,2026-03-06,2026-03-09,PFOCUS,576,245.1225,277.2,40452.5378449634,1326609.6878449633,9
SMV2-0324,2026-03-13,2026-03-16,ZEEL,1658,85.26261,75.39,41854.25526961339,1309296.5752696134,9
SMV2-0324,2026-03-13,2026-03-16,POLYCAB,20,8164.680299999998,7127.0,41854.25526961339,1309296.5752696134,9
SMV2-0324,2026-03-13,2026-03-16,ABB,24,5842.920000000001,6218.0,41854.25526961339,1309296.5752696134,9
SMV2-0324,2026-03-13,2026-03-16,JINDALPOLY,158,604.302,924.5,41854.25526961339,1309296.5752696134,9
SMV2-0324,2026-03-13,2026-03-16,AGI,274,514.257,506.75,41854.25526961339,1309296.5752696134,9
SMV2-0324,2026-03-13,2026-03-16,COSMOFIRST,216,653.9268000000001,660.85,41854.25526961339,1309296.5752696134,9
SMV2-0324,2026-03-13,2026-03-16,PVRINOX,141,1000.5,977.2,41854.25526961339,1309296.5752696134,9
SMV2-0324,2026-03-13,2026-03-16,KAYNES,38,3672.8354999999997,3555.0,41854.25526961339,1309296.5752696134,9
SMV2-0324,2026-03-13,2026-03-16,PFOCUS,576,245.1225,260.65,41854.25526961339,1309296.5752696134,9
SMV2-0325,2026-03-20,2026-03-23,POLYCAB,20,8164.680299999998,6795.0,25907.263141133328,1265659.1631411333,9
SMV2-0325,2026-03-20,2026-03-23,ABB,24,5842.920000000001,6041.5,25907.263141133328,1265659.1631411333,9
SMV2-0325,2026-03-20,2026-03-23,NTPC,381,377.28855,372.4,25907.263141133328,1265659.1631411333,9
SMV2-0325,2026-03-20,2026-03-23,JINDALPOLY,158,604.302,909.4,25907.263141133328,1265659.1631411333,9
SMV2-0325,2026-03-20,2026-03-23,AGI,274,514.257,473.1,25907.263141133328,1265659.1631411333,9
SMV2-0325,2026-03-20,2026-03-23,POWERGRID,483,298.149,302.1,25907.263141133328,1265659.1631411333,9
SMV2-0325,2026-03-20,2026-03-23,COSMOFIRST,216,653.9268000000001,588.9,25907.263141133328,1265659.1631411333,9
SMV2-0325,2026-03-20,2026-03-23,KAYNES,38,3672.8354999999997,3409.7,25907.263141133328,1265659.1631411333,9
SMV2-0325,2026-03-20,2026-03-23,WAAREEENER,46,3110.3544,3064.6,25907.263141133328,1265659.1631411333,9
SMV2-0326,2026-03-27,2026-03-30,ASTRAL,86,1590.7949999999998,1599.0,1362.8127906333393,1234107.8627906335,9
SMV2-0326,2026-03-27,2026-03-30,POLYCAB,20,8164.680299999998,6843.5,1362.8127906333393,1234107.8627906335,9
SMV2-0326,2026-03-27,2026-03-30,ABB,24,5842.920000000001,5941.5,1362.8127906333393,1234107.8627906335,9
SMV2-0326,2026-03-27,2026-03-30,NTPC,381,377.28855,370.65,1362.8127906333393,1234107.8627906335,9
SMV2-0326,2026-03-27,2026-03-30,POWERGRID,483,298.149,296.1,1362.8127906333393,1234107.8627906335,9
SMV2-0326,2026-03-27,2026-03-30,KAYNES,38,3672.8354999999997,3429.6,1362.8127906333393,1234107.8627906335,9
SMV2-0326,2026-03-27,2026-03-30,WAAREEENER,46,3110.3544,3109.8,1362.8127906333393,1234107.8627906335,9
SMV2-0326,2026-03-27,2026-03-30,APOLLOPIPE,326,423.561675,414.65,1362.8127906333393,1234107.8627906335,9
SMV2-0326,2026-03-27,2026-03-30,SHAILY,59,2125.36215,2084.4,1362.8127906333393,1234107.8627906335,9
SMV2-0327,2026-04-02,2026-04-06,ASTRAL,86,1590.7949999999998,1522.8,1362.8127906333393,1253465.8627906335,9
SMV2-0327,2026-04-02,2026-04-06,POLYCAB,20,8164.680299999998,7047.0,1362.8127906333393,1253465.8627906335,9
SMV2-0327,2026-04-02,2026-04-06,ABB,24,5842.920000000001,6193.5,1362.8127906333393,1253465.8627906335,9
SMV2-0327,2026-04-02,2026-04-06,NTPC,381,377.28855,366.1,1362.8127906333393,1253465.8627906335,9
SMV2-0327,2026-04-02,2026-04-06,POWERGRID,483,298.149,295.15,1362.8127906333393,1253465.8627906335,9
SMV2-0327,2026-04-02,2026-04-06,KAYNES,38,3672.8354999999997,3706.5,1362.8127906333393,1253465.8627906335,9
SMV2-0327,2026-04-02,2026-04-06,WAAREEENER,46,3110.3544,3084.7,1362.8127906333393,1253465.8627906335,9
SMV2-0327,2026-04-02,2026-04-06,APOLLOPIPE,326,423.561675,436.0,1362.8127906333393,1253465.8627906335,9
SMV2-0327,2026-04-02,2026-04-06,SHAILY,59,2125.36215,2112.5,1362.8127906333393,1253465.8627906335,9
SMV2-0328,2026-04-10,2026-04-13,ASTRAL,86,1590.7949999999998,1625.1,24.194004183416837,1301992.6840041834,9
SMV2-0328,2026-04-10,2026-04-13,POLYCAB,20,8164.680299999998,7548.0,24.194004183416837,1301992.6840041834,9
SMV2-0328,2026-04-10,2026-04-13,ABB,24,5842.920000000001,6828.5,24.194004183416837,1301992.6840041834,9
SMV2-0328,2026-04-10,2026-04-13,GAIL,960,148.57424999999998,153.71,24.194004183416837,1301992.6840041834,9
SMV2-0328,2026-04-10,2026-04-13,MGL,134,1060.53,1071.0,24.194004183416837,1301992.6840041834,9
SMV2-0328,2026-04-10,2026-04-13,CONFIPET,2119,57.378675,54.61,24.194004183416837,1301992.6840041834,9
SMV2-0328,2026-04-10,2026-04-13,KAYNES,38,3672.8354999999997,3878.6,24.194004183416837,1301992.6840041834,9
SMV2-0328,2026-04-10,2026-04-13,APOLLOPIPE,326,423.561675,458.45,24.194004183416837,1301992.6840041834,9
SMV2-0328,2026-04-10,2026-04-13,SHAILY,74,2085.146106081081,1942.3,24.194004183416837,1301992.6840041834,9
SMV2-0329,2026-04-17,2026-04-20,POLYCAB,20,8164.680299999998,8198.5,36.87932264346455,1363405.0893226434,9
SMV2-0329,2026-04-17,2026-04-20,ABB,24,5842.920000000001,7158.0,36.87932264346455,1363405.0893226434,9
SMV2-0329,2026-04-17,2026-04-20,GAIL,960,148.57424999999998,157.7,36.87932264346455,1363405.0893226434,9
SMV2-0329,2026-04-17,2026-04-20,MGL,134,1060.53,1137.75,36.87932264346455,1363405.0893226434,9
SMV2-0329,2026-04-17,2026-04-20,CONFIPET,2793,56.37912069280343,55.6,36.87932264346455,1363405.0893226434,9
SMV2-0329,2026-04-17,2026-04-20,TITAGARH,199,744.372,730.2,36.87932264346455,1363405.0893226434,9
SMV2-0329,2026-04-17,2026-04-20,TEXRAIL,918,106.40317499999999,103.23,36.87932264346455,1363405.0893226434,9
SMV2-0329,2026-04-17,2026-04-20,KAYNES,38,3672.8354999999997,4222.6,36.87932264346455,1363405.0893226434,9
SMV2-0329,2026-04-17,2026-04-20,AEQUS,863,172.18605,194.59,36.87932264346455,1363405.0893226434,9
SMV2-0330,2026-04-24,2026-04-27,POLYCAB,20,8164.680299999998,8065.5,36.87932264346455,1408419.2793226433,9
SMV2-0330,2026-04-24,2026-04-27,ABB,24,5842.920000000001,7430.5,36.87932264346455,1408419.2793226433,9
SMV2-0330,2026-04-24,2026-04-27,GAIL,960,148.57424999999998,165.74,36.87932264346455,1408419.2793226433,9
SMV2-0330,2026-04-24,2026-04-27,MGL,134,1060.53,1141.8,36.87932264346455,1408419.2793226433,9
SMV2-0330,2026-04-24,2026-04-27,CONFIPET,2793,56.37912069280343,57.73,36.87932264346455,1408419.2793226433,9
SMV2-0330,2026-04-24,2026-04-27,TITAGARH,199,744.372,798.3,36.87932264346455,1408419.2793226433,9
SMV2-0330,2026-04-24,2026-04-27,TEXRAIL,918,106.40317499999999,107.15,36.87932264346455,1408419.2793226433,9
SMV2-0330,2026-04-24,2026-04-27,KAYNES,38,3672.8354999999997,4194.1,36.87932264346455,1408419.2793226433,9
SMV2-0330,2026-04-24,2026-04-27,AEQUS,863,172.18605,207.17,36.87932264346455,1408419.2793226433,9
SMV2-0331,2026-04-30,2026-05-04,BHEL,428,355.17749999999995,377.05,3787.294512493594,1387432.7045124935,9
SMV2-0331,2026-04-30,2026-05-04,POLYCAB,20,8164.680299999998,8344.5,3787.294512493594,1387432.7045124935,9
SMV2-0331,2026-04-30,2026-05-04,ABB,24,5842.920000000001,7236.5,3787.294512493594,1387432.7045124935,9
SMV2-0331,2026-04-30,2026-05-04,TITAGARH,199,744.372,769.45,3787.294512493594,1387432.7045124935,9
SMV2-0331,2026-04-30,2026-05-04,TEXRAIL,1423,106.63041435347856,107.94,3787.294512493594,1387432.7045124935,9
SMV2-0331,2026-04-30,2026-05-04,KAYNES,38,3672.8354999999997,4098.9,3787.294512493594,1387432.7045124935,9
SMV2-0331,2026-04-30,2026-05-04,AEQUS,863,172.18605,196.0,3787.294512493594,1387432.7045124935,9
SMV2-0331,2026-04-30,2026-05-04,SUZLON,2709,56.228100000000005,54.96,3787.294512493594,1387432.7045124935,9
SMV2-0331,2026-04-30,2026-05-04,POWERINDIA,3,33896.939999999995,33730.0,3787.294512493594,1387432.7045124935,9
SMV2-0332,2026-05-08,2026-05-11,BHEL,428,355.17749999999995,401.35,3787.294512493594,1404344.4445124934,9
SMV2-0332,2026-05-08,2026-05-11,POLYCAB,20,8164.680299999998,9065.5,3787.294512493594,1404344.4445124934,9
SMV2-0332,2026-05-08,2026-05-11,ABB,24,5842.920000000001,6387.5,3787.294512493594,1404344.4445124934,9
SMV2-0332,2026-05-08,2026-05-11,TITAGARH,199,744.372,815.3,3787.294512493594,1404344.4445124934,9
SMV2-0332,2026-05-08,2026-05-11,TEXRAIL,1423,106.63041435347856,111.88,3787.294512493594,1404344.4445124934,9
SMV2-0332,2026-05-08,2026-05-11,KAYNES,38,3672.8354999999997,4364.3,3787.294512493594,1404344.4445124934,9
SMV2-0332,2026-05-08,2026-05-11,AEQUS,863,172.18605,189.37,3787.294512493594,1404344.4445124934,9
SMV2-0332,2026-05-08,2026-05-11,SUZLON,2709,56.228100000000005,53.3,3787.294512493594,1404344.4445124934,9
SMV2-0332,2026-05-08,2026-05-11,POWERINDIA,3,33896.939999999995,33020.0,3787.294512493594,1404344.4445124934,9
SMV2-0333,2026-05-15,2026-05-18,POLYCAB,16,8164.680299999998,9151.0,10095.567238413612,1336342.1772384136,9
SMV2-0333,2026-05-15,2026-05-18,ABB,24,5842.920000000001,6413.5,10095.567238413612,1336342.1772384136,9
SMV2-0333,2026-05-15,2026-05-18,HAL,34,4361.579699999999,4326.5,10095.567238413612,1336342.1772384136,9
SMV2-0333,2026-05-15,2026-05-18,TITAGARH,199,744.372,753.15,10095.567238413612,1336342.1772384136,9
SMV2-0333,2026-05-15,2026-05-18,TEXRAIL,1423,106.63041435347856,110.37,10095.567238413612,1336342.1772384136,9
SMV2-0333,2026-05-15,2026-05-18,KAYNES,38,3672.8354999999997,3118.2,10095.567238413612,1336342.1772384136,9
SMV2-0333,2026-05-15,2026-05-18,AEQUS,863,172.18605,195.35,10095.567238413612,1336342.1772384136,9
SMV2-0333,2026-05-15,2026-05-18,MTARTECH,20,7203.6,7110.5,10095.567238413612,1336342.1772384136,9
SMV2-0333,2026-05-15,2026-05-18,DATAPATTNS,38,3871.634849999999,3752.2,10095.567238413612,1336342.1772384136,9
SMV2-0334,2026-05-22,2026-05-25,POLYCAB,16,8164.680299999998,9398.5,12235.871519213611,1429854.4915192134,9
SMV2-0334,2026-05-22,2026-05-25,ABB,24,5842.920000000001,6755.0,12235.871519213611,1429854.4915192134,9
SMV2-0334,2026-05-22,2026-05-25,HAL,34,4361.579699999999,4425.9,12235.871519213611,1429854.4915192134,9
SMV2-0334,2026-05-22,2026-05-25,TITAGARH,199,744.372,832.1,12235.871519213611,1429854.4915192134,9
SMV2-0334,2026-05-22,2026-05-25,TEXRAIL,1423,106.63041435347856,113.28,12235.871519213611,1429854.4915192134,9
SMV2-0334,2026-05-22,2026-05-25,KAYNES,46,3620.4440999999997,3400.4,12235.871519213611,1429854.4915192134,9
SMV2-0334,2026-05-22,2026-05-25,AEQUS,727,172.18605,215.64,12235.871519213611,1429854.4915192134,9
SMV2-0334,2026-05-22,2026-05-25,MTARTECH,20,7203.6,7951.0,12235.871519213611,1429854.4915192134,9
SMV2-0334,2026-05-22,2026-05-25,DATAPATTNS,38,3871.634849999999,4096.0,12235.871519213611,1429854.4915192134,9
SMV2-0335,2026-05-29,2026-06-01,POLYCAB,16,8164.680299999998,9480.5,11502.541057813622,1353725.6510578138,9
SMV2-0335,2026-05-29,2026-06-01,ABB,24,5842.920000000001,7027.5,11502.541057813622,1353725.6510578138,9
SMV2-0335,2026-05-29,2026-06-01,HAL,34,4361.579699999999,4254.1,11502.541057813622,1353725.6510578138,9
SMV2-0335,2026-05-29,2026-06-01,TITAGARH,199,744.372,801.45,11502.541057813622,1353725.6510578138,9
SMV2-0335,2026-05-29,2026-06-01,TEXRAIL,1423,106.63041435347856,103.58,11502.541057813622,1353725.6510578138,9
SMV2-0335,2026-05-29,2026-06-01,KAYNES,46,3620.4440999999997,3100.2,11502.541057813622,1353725.6510578138,9
SMV2-0335,2026-05-29,2026-06-01,AEQUS,727,172.18605,184.86,11502.541057813622,1353725.6510578138,9
SMV2-0335,2026-05-29,2026-06-01,MTARTECH,20,7203.6,7069.5,11502.541057813622,1353725.6510578138,9
SMV2-0335,2026-05-29,2026-06-01,APOLLO,376,410.755275,404.15,11502.541057813622,1353725.6510578138,9
SMV2-0336,2026-06-05,2026-06-08,POLYCAB,16,8164.680299999998,9495.0,60.24868335365318,1353465.1886833536,9
SMV2-0336,2026-06-05,2026-06-08,ABB,24,5842.920000000001,6958.0,60.24868335365318,1353465.1886833536,9
SMV2-0336,2026-06-05,2026-06-08,GAIL,909,166.10301,168.6,60.24868335365318,1353465.1886833536,9
SMV2-0336,2026-06-05,2026-06-08,CONFIPET,1888,77.648805,77.4,60.24868335365318,1353465.1886833536,9
SMV2-0336,2026-06-05,2026-06-08,REFEX,491,307.1535,298.3,60.24868335365318,1353465.1886833536,9
SMV2-0336,2026-06-05,2026-06-08,TITAGARH,199,744.372,838.15,60.24868335365318,1353465.1886833536,9
SMV2-0336,2026-06-05,2026-06-08,TEXRAIL,1423,106.63041435347856,103.04,60.24868335365318,1353465.1886833536,9
SMV2-0336,2026-06-05,2026-06-08,KAYNES,46,3620.4440999999997,3027.5,60.24868335365318,1353465.1886833536,9
SMV2-0336,2026-06-05,2026-06-08,AEQUS,727,172.18605,187.01,60.24868335365318,1353465.1886833536,9
SMV2-0337,2026-06-12,2026-06-15,POLYCAB,16,8164.680299999998,9556.0,7679.007672723586,1384507.2976727237,9
SMV2-0337,2026-06-12,2026-06-15,ABB,24,5842.920000000001,6922.5,7679.007672723586,1384507.2976727237,9
SMV2-0337,2026-06-12,2026-06-15,TITAN,36,4223.1105,4283.5,7679.007672723586,1384507.2976727237,9
SMV2-0337,2026-06-12,2026-06-15,KALYANKJIL,432,352.176,383.0,7679.007672723586,1384507.2976727237,9
SMV2-0337,2026-06-12,2026-06-15,GAIL,909,166.10301,175.41,7679.007672723586,1384507.2976727237,9
SMV2-0337,2026-06-12,2026-06-15,CONFIPET,1888,77.648805,71.05,7679.007672723586,1384507.2976727237,9
SMV2-0337,2026-06-12,2026-06-15,REFEX,491,307.1535,314.1,7679.007672723586,1384507.2976727237,9
SMV2-0337,2026-06-12,2026-06-15,KAYNES,46,3620.4440999999997,3082.1,7679.007672723586,1384507.2976727237,9
SMV2-0337,2026-06-12,2026-06-15,THANGAMAYL,27,5563.7805,5501.5,7679.007672723586,1384507.2976727237,9
SMV2-0338,2026-06-19,2026-06-22,POLYCAB,16,8164.680299999998,10022.5,2622.5899807236274,1422006.4199807236,9
SMV2-0338,2026-06-19,2026-06-22,ABB,24,5842.920000000001,7258.0,2622.5899807236274,1422006.4199807236,9
SMV2-0338,2026-06-19,2026-06-22,ADANIENT,52,3041.52,3059.6,2622.5899807236274,1422006.4199807236,9
SMV2-0338,2026-06-19,2026-06-22,MSTCLTD,228,693.096375,690.25,2622.5899807236274,1422006.4199807236,9
SMV2-0338,2026-06-19,2026-06-22,REDINGTON,561,282.14099999999996,279.88,2622.5899807236274,1422006.4199807236,9
SMV2-0338,2026-06-19,2026-06-22,GAIL,909,166.10301,177.3,2622.5899807236274,1422006.4199807236,9
SMV2-0338,2026-06-19,2026-06-22,CONFIPET,1888,77.648805,69.2,2622.5899807236274,1422006.4199807236,9
SMV2-0338,2026-06-19,2026-06-22,REFEX,491,307.1535,343.15,2622.5899807236274,1422006.4199807236,9
SMV2-0338,2026-06-19,2026-06-22,KAYNES,46,3620.4440999999997,3283.5,2622.5899807236274,1422006.4199807236,9
SMV2-0339,2026-06-25,2026-06-29,ADANIENT,52,3041.52,2962.5,6623.440704673674,1416920.100704674,9
SMV2-0339,2026-06-25,2026-06-29,MSTCLTD,228,693.096375,690.85,6623.440704673674,1416920.100704674,9
SMV2-0339,2026-06-25,2026-06-29,REDINGTON,561,282.14099999999996,275.52,6623.440704673674,1416920.100704674,9
SMV2-0339,2026-06-25,2026-06-29,GAIL,909,166.10301,172.22,6623.440704673674,1416920.100704674,9
SMV2-0339,2026-06-25,2026-06-29,CONFIPET,1888,77.648805,71.47,6623.440704673674,1416920.100704674,9
SMV2-0339,2026-06-25,2026-06-29,REFEX,491,307.1535,355.8,6623.440704673674,1416920.100704674,9
SMV2-0339,2026-06-25,2026-06-29,TITAGARH,175,888.894225,878.35,6623.440704673674,1416920.100704674,9
SMV2-0339,2026-06-25,2026-06-29,CARBORUNIV,136,1142.67105,1191.9,6623.440704673674,1416920.100704674,9
SMV2-0339,2026-06-25,2026-06-29,AEQUS,677,230.01495,239.55,6623.440704673674,1416920.100704674,9
SMV2-0340,2026-07-03,2026-07-06,PAGEIND,3,42671.325,42510.0,32979.88143734378,1428247.6114373438,9
SMV2-0340,2026-07-03,2026-07-06,ADANIENT,52,3041.52,3206.6,32979.88143734378,1428247.6114373438,9
SMV2-0340,2026-07-03,2026-07-06,MSTCLTD,228,693.096375,726.85,32979.88143734378,1428247.6114373438,9
SMV2-0340,2026-07-03,2026-07-06,REDINGTON,561,282.14099999999996,276.75,32979.88143734378,1428247.6114373438,9
SMV2-0340,2026-07-03,2026-07-06,TITAGARH,175,888.894225,868.3,32979.88143734378,1428247.6114373438,9
SMV2-0340,2026-07-03,2026-07-06,CARBORUNIV,136,1142.67105,1144.5,32979.88143734378,1428247.6114373438,9
SMV2-0340,2026-07-03,2026-07-06,KPRMILL,134,1189.5945,1178.8,32979.88143734378,1428247.6114373438,9
SMV2-0340,2026-07-03,2026-07-06,GOKEX,185,857.9787749999999,851.15,32979.88143734378,1428247.6114373438,9
SMV2-0340,2026-07-03,2026-07-06,AEQUS,677,230.01495,231.89,32979.88143734378,1428247.6114373438,9
SMV2-0341,2026-07-10,2026-07-13,TITAN,33,4580.289,4601.5,7959.143797493947,1386205.673797494,9
SMV2-0341,2026-07-10,2026-07-13,KALYANKJIL,326,470.73524999999995,510.65,7959.143797493947,1386205.673797494,9
SMV2-0341,2026-07-10,2026-07-13,BEL,373,412.15597499999996,410.8,7959.143797493947,1386205.673797494,9
SMV2-0341,2026-07-10,2026-07-13,INDIGO,29,5177.5875,5229.5,7959.143797493947,1386205.673797494,9
SMV2-0341,2026-07-10,2026-07-13,TITAGARH,175,888.894225,849.3,7959.143797493947,1386205.673797494,9
SMV2-0341,2026-07-10,2026-07-13,CARBORUNIV,136,1142.67105,1073.0,7959.143797493947,1386205.673797494,9
SMV2-0341,2026-07-10,2026-07-13,THANGAMAYL,23,6517.757250000001,6233.0,7959.143797493947,1386205.673797494,9
SMV2-0341,2026-07-10,2026-07-13,AEQUS,677,230.01495,244.69,7959.143797493947,1386205.673797494,9
SMV2-0341,2026-07-10,2026-07-13,APOLLO,376,408.2039999999999,402.85,7959.143797493947,1386205.673797494,9
SMV2-0342,2026-07-17,2026-07-20,SUNPHARMA,79,1942.971,1956.4,12001.14609414406,1403435.486094144,9
SMV2-0342,2026-07-17,2026-07-20,TITAN,33,4580.289,4643.4,12001.14609414406,1403435.486094144,9
SMV2-0342,2026-07-17,2026-07-20,KALYANKJIL,269,470.73524999999995,570.0,12001.14609414406,1403435.486094144,9
SMV2-0342,2026-07-17,2026-07-20,HUHTAMAKI,636,242.82134999999994,249.79,12001.14609414406,1403435.486094144,9
SMV2-0342,2026-07-17,2026-07-20,AGI,222,693.3465,695.65,12001.14609414406,1403435.486094144,9
SMV2-0342,2026-07-17,2026-07-20,COSMOFIRST,185,835.4675249999999,832.9,12001.14609414406,1403435.486094144,9
SMV2-0342,2026-07-17,2026-07-20,THANGAMAYL,23,6517.757250000001,6385.5,12001.14609414406,1403435.486094144,9
SMV2-0342,2026-07-17,2026-07-20,TORNTPHARM,32,4752.375,5005.4,12001.14609414406,1403435.486094144,9
SMV2-0342,2026-07-17,2026-07-20,LAURUSLABS,100,1535.66745,1558.9,12001.14609414406,1403435.486094144,9
SMV2-0343,2026-07-24,2026-07-27,TITAN,33,4580.289,4740.1,34556.131416244054,1468957.411416244,9
SMV2-0343,2026-07-24,2026-07-27,KALYANKJIL,269,470.73524999999995,564.6,34556.131416244054,1468957.411416244,9
SMV2-0343,2026-07-24,2026-07-27,RELIANCE,127,1288.8441,1280.0,34556.131416244054,1468957.411416244,9
SMV2-0343,2026-07-24,2026-07-27,ONGC,660,248.124,238.56,34556.131416244054,1468957.411416244,9
SMV2-0343,2026-07-24,2026-07-27,HUHTAMAKI,511,242.82134999999994,312.61,34556.131416244054,1468957.411416244,9
SMV2-0343,2026-07-24,2026-07-27,MRPL,943,173.58675,162.29,34556.131416244054,1468957.411416244,9
SMV2-0343,2026-07-24,2026-07-27,AGI,222,693.3465,707.15,34556.131416244054,1468957.411416244,9
SMV2-0343,2026-07-24,2026-07-27,COSMOFIRST,185,835.4675249999999,909.2,34556.131416244054,1468957.411416244,9
SMV2-0343,2026-07-24,2026-07-27,THANGAMAYL,23,6517.757250000001,7309.5,34556.131416244054,1468957.411416244,9
SMV2-0344,2026-07-31,2026-08-03,TITAN,33,4580.289,5000.0,3428.475366244056,1445354.3053662442,9
SMV2-0344,2026-07-31,2026-08-03,KALYANKJIL,269,470.73524999999995,608.0,3428.475366244056,1445354.3053662442,9
SMV2-0344,2026-07-31,2026-08-03,RELIANCE,127,1288.8441,1319.0,3428.475366244056,1445354.3053662442,9
SMV2-0344,2026-07-31,2026-08-03,ONGC,660,248.124,242.0,3428.475366244056,1445354.3053662442,9
SMV2-0344,2026-07-31,2026-08-03,HUHTAMAKI,511,242.82134999999994,300.0,3428.475366244056,1445354.3053662442,9
SMV2-0344,2026-07-31,2026-08-03,MRPL,943,173.58675,174.06,3428.475366244056,1445354.3053662442,9
SMV2-0344,2026-07-31,2026-08-03,AGI,222,693.3465,704.25,3428.475366244056,1445354.3053662442,9
SMV2-0344,2026-07-31,2026-08-03,COSMOFIRST,185,835.4675249999999,910.05,3428.475366244056,1445354.3053662442,9
SMV2-0344,2026-07-31,2026-08-03,THANGAMAYL,29,6240.48075,4965.5,3428.475366244056,1445354.3053662442,9
SMV2-0345,2026-08-07,2026-08-10,TITAN,33,4580.289,5090.0,3428.475366244056,1444964.355366244,9
SMV2-0345,2026-08-07,2026-08-10,KALYANKJIL,269,470.73524999999995,600.25,3428.475366244056,1444964.355366244,9
SMV2-0345,2026-08-07,2026-08-10,RELIANCE,127,1288.8441,1327.3,3428.475366244056,1444964.355366244,9
SMV2-0345,2026-08-07,2026-08-10,ONGC,660,248.124,239.84,3428.475366244056,1444964.355366244,9
SMV2-0345,2026-08-07,2026-08-10,HUHTAMAKI,511,242.82134999999994,284.7,3428.475366244056,1444964.355366244,9
SMV2-0345,2026-08-07,2026-08-10,MRPL,943,173.58675,162.96,3428.475366244056,1444964.355366244,9
SMV2-0345,2026-08-07,2026-08-10,AGI,222,693.3465,718.2,3428.475366244056,1444964.355366244,9
SMV2-0345,2026-08-07,2026-08-10,COSMOFIRST,185,835.4675249999999,927.15,3428.475366244056,1444964.355366244,9
SMV2-0345,2026-08-07,2026-08-10,THANGAMAYL,29,6240.48075,5349.0,3428.475366244056,1444964.355366244,9
SMV2-0346,2026-08-14,2026-08-17,JKPAPER,422,381.1905,380.75,7873.15348794419,1461478.8534879442,9
SMV2-0346,2026-08-14,2026-08-17,WSTCSTPAPR,263,611.60565,605.5,7873.15348794419,1461478.8534879442,9
SMV2-0346,2026-08-14,2026-08-17,RELIANCE,127,1288.8441,1316.0,7873.15348794419,1461478.8534879442,9
SMV2-0346,2026-08-14,2026-08-17,ONGC,660,248.124,238.49,7873.15348794419,1461478.8534879442,9
SMV2-0346,2026-08-14,2026-08-17,HUHTAMAKI,511,242.82134999999994,279.1,7873.15348794419,1461478.8534879442,9
SMV2-0346,2026-08-14,2026-08-17,MRPL,943,173.58675,177.15,7873.15348794419,1461478.8534879442,9
SMV2-0346,2026-08-14,2026-08-17,AGI,222,693.3465,716.5,7873.15348794419,1461478.8534879442,9
SMV2-0346,2026-08-14,2026-08-17,COSMOFIRST,185,835.4675249999999,964.85,7873.15348794419,1461478.8534879442,9
SMV2-0346,2026-08-14,2026-08-17,KPL,45,3566.5824,3598.1,7873.15348794419,1461478.8534879442,9
SMV2-0347,2026-08-21,2026-08-24,ADANIENT,53,3011.5049999999997,2998.6,5850.197010694217,1461492.0170106944,9
SMV2-0347,2026-08-21,2026-08-24,REDINGTON,459,353.226525,365.1,5850.197010694217,1461492.0170106944,9
SMV2-0347,2026-08-21,2026-08-24,RELIANCE,127,1288.8441,1309.8,5850.197010694217,1461492.0170106944,9
SMV2-0347,2026-08-21,2026-08-24,ONGC,660,248.124,236.55,5850.197010694217,1461492.0170106944,9
SMV2-0347,2026-08-21,2026-08-24,HUHTAMAKI,511,242.82134999999994,273.35,5850.197010694217,1461492.0170106944,9
SMV2-0347,2026-08-21,2026-08-24,MRPL,943,173.58675,173.84,5850.197010694217,1461492.0170106944,9
SMV2-0347,2026-08-21,2026-08-24,AGI,222,693.3465,741.65,5850.197010694217,1461492.0170106944,9
SMV2-0347,2026-08-21,2026-08-24,COSMOFIRST,185,835.4675249999999,907.95,5850.197010694217,1461492.0170106944,9
SMV2-0347,2026-08-21,2026-08-24,HEXT,303,536.117925,562.5,5850.197010694217,1461492.0170106944,9
SMV2-0348,2026-08-28,2026-08-31,FINCABLES,125,1300.6499999999999,1247.15,22386.082268194266,1450197.5422681943,9
SMV2-0348,2026-08-28,2026-08-31,RELIANCE,127,1288.8441,1277.0,22386.082268194266,1450197.5422681943,9
SMV2-0348,2026-08-28,2026-08-31,ONGC,660,248.124,231.8,22386.082268194266,1450197.5422681943,9
SMV2-0348,2026-08-28,2026-08-31,KEI,29,5542.7699999999995,5740.3,22386.082268194266,1450197.5422681943,9
SMV2-0348,2026-08-28,2026-08-31,HUHTAMAKI,511,242.82134999999994,262.9,22386.082268194266,1450197.5422681943,9
SMV2-0348,2026-08-28,2026-08-31,MRPL,943,173.58675,170.37,22386.082268194266,1450197.5422681943,9
SMV2-0348,2026-08-28,2026-08-31,AGI,222,693.3465,776.1,22386.082268194266,1450197.5422681943,9
SMV2-0348,2026-08-28,2026-08-31,COSMOFIRST,185,835.4675249999999,929.2,22386.082268194266,1450197.5422681943,9
SMV2-0348,2026-08-28,2026-08-31,KAYNES,41,3944.971499999999,3685.0,22386.082268194266,1450197.5422681943,9
SMV2-0349,2026-09-04,2026-09-07,RELIANCE,127,1288.8441,1309.5,567.4556449743104,1398177.1356449742,9
SMV2-0349,2026-09-04,2026-09-07,ONGC,660,248.124,233.7,567.4556449743104,1398177.1356449742,9
SMV2-0349,2026-09-04,2026-09-07,HUHTAMAKI,511,242.82134999999994,250.05,567.4556449743104,1398177.1356449742,9
SMV2-0349,2026-09-04,2026-09-07,MRPL,943,173.58675,173.19,567.4556449743104,1398177.1356449742,9
SMV2-0349,2026-09-04,2026-09-07,AGI,222,693.3465,732.65,567.4556449743104,1398177.1356449742,9
SMV2-0349,2026-09-04,2026-09-07,COSMOFIRST,185,835.4675249999999,926.3,567.4556449743104,1398177.1356449742,9
SMV2-0349,2026-09-04,2026-09-07,TITAGARH,178,879.1893749999999,896.45,567.4556449743104,1398177.1356449742,9
SMV2-0349,2026-09-04,2026-09-07,CARBORUNIV,128,1139.9697,1104.0,567.4556449743104,1398177.1356449742,9
SMV2-0349,2026-09-04,2026-09-07,AEQUS,646,242.54120999999995,233.86,567.4556449743104,1398177.1356449742,9
SMV2-0350,2026-09-11,2026-09-15,TITAN,30,5005.501499999999,4856.0,2714.242777074338,1338627.0727770743,9
SMV2-0350,2026-09-11,2026-09-15,JKPAPER,369,414.45712499999996,402.1,2714.242777074338,1338627.0727770743,9
SMV2-0350,2026-09-11,2026-09-15,WSTCSTPAPR,214,713.3565,713.3,2714.242777074338,1338627.0727770743,9
SMV2-0350,2026-09-11,2026-09-15,KALYANKJIL,250,610.305,604.2,2714.242777074338,1338627.0727770743,9
SMV2-0350,2026-09-11,2026-09-15,RELIANCE,127,1288.8441,1235.3,2714.242777074338,1338627.0727770743,9
SMV2-0350,2026-09-11,2026-09-15,ONGC,660,248.124,235.95,2714.242777074338,1338627.0727770743,9
SMV2-0350,2026-09-11,2026-09-15,MRPL,943,173.58675,166.81,2714.242777074338,1338627.0727770743,9
SMV2-0350,2026-09-11,2026-09-15,KPL,36,3701.8500000000004,3430.6,2714.242777074338,1338627.0727770743,9
SMV2-0350,2026-09-11,2026-09-15,TBZ,276,552.8763,524.45,2714.242777074338,1338627.0727770743,9
