rebalance_id,symbol,side,requested_quantity,approved_quantity,approved,reason,engine_open_positions_before,positive_quantity_positions_before,zero_quantity_position_objects,pending_orders_before,is_existing_positive_position,positions_scheduled_for_exit,successful_exits_already_processed,buys_filled_same_rebalance,free_slots_before
SMV2-0018,AVANTIFEED,BUY,134,134,True,approved,0,0,0,0,False,0,0,0,9
SMV2-0018,BBTC,BUY,62,62,True,approved,1,1,0,0,False,0,0,0,8
SMV2-0018,VENKEYS,BUY,51,51,True,approved,2,2,0,0,False,0,0,0,7
SMV2-0018,SUNPHARMA,BUY,119,119,True,approved,3,3,0,0,False,0,0,0,6
SMV2-0018,CIPLA,BUY,94,94,True,approved,4,4,0,0,False,0,0,0,5
SMV2-0018,AUROPHARMA,BUY,90,90,True,approved,5,5,0,0,False,0,0,0,4
SMV2-0018,ASIANPAINT,BUY,32,32,True,approved,6,6,0,0,False,0,0,0,3
SMV2-0018,UPL,BUY,140,140,True,approved,7,7,0,0,False,0,0,0,2
SMV2-0018,PIDILITIND,BUY,37,37,True,approved,8,8,0,0,False,0,0,0,1
SMV2-0019,ASIANPAINT,SELL,32,32,True,approved,9,9,0,0,True,1,0,0,0
SMV2-0019,PIDILITIND,SELL,37,37,True,approved,8,8,1,0,True,1,0,0,1
SMV2-0019,UPL,SELL,140,140,True,approved,7,7,2,0,True,1,0,0,2
SMV2-0019,LT,BUY,65,65,True,approved,6,6,3,0,False,0,0,0,3
SMV2-0019,ADANIPORTS,BUY,189,189,True,approved,7,7,3,0,False,0,0,0,2
SMV2-0019,NCC,BUY,1983,1983,True,approved,8,8,3,0,False,0,0,0,1
SMV2-0020,AVANTIFEED,SELL,134,134,True,approved,9,9,3,0,True,1,0,0,0
SMV2-0020,BBTC,SELL,62,62,True,approved,8,8,4,0,True,1,0,0,1
SMV2-0020,VENKEYS,SELL,51,51,True,approved,7,7,5,0,True,1,0,0,2
SMV2-0020,HDFCLIFE,BUY,111,111,True,approved,6,6,6,0,False,0,0,0,3
SMV2-0020,ICICIPRULI,BUY,142,142,True,approved,7,7,6,0,False,0,0,0,2
SMV2-0020,SBILIFE,BUY,72,72,True,approved,8,8,6,0,False,0,0,0,1
SMV2-0021,ADANIPORTS,SELL,189,189,True,approved,9,9,6,0,True,1,0,0,0
SMV2-0021,LT,SELL,65,65,True,approved,8,8,7,0,True,1,0,0,1
SMV2-0021,NCC,SELL,1983,1983,True,approved,7,7,8,0,True,1,0,0,2
SMV2-0021,AUROPHARMA,SELL,15,15,True,approved,6,6,9,0,True,0,0,0,3
SMV2-0021,TCS,BUY,27,27,True,approved,6,6,9,0,False,0,0,0,3
SMV2-0021,INFY,BUY,79,79,True,approved,7,7,9,0,False,0,0,0,2
SMV2-0021,HCLTECH,BUY,103,103,True,approved,8,8,9,0,False,0,0,0,1
SMV2-0022,AUROPHARMA,SELL,75,75,True,approved,9,9,9,0,True,1,0,0,0
SMV2-0022,CIPLA,SELL,94,94,True,approved,8,8,10,0,True,1,0,0,1
SMV2-0022,HCLTECH,SELL,103,103,True,approved,7,7,11,0,True,1,0,0,2
SMV2-0022,INFY,SELL,79,79,True,approved,6,6,12,0,True,1,0,0,3
SMV2-0022,SUNPHARMA,SELL,119,119,True,approved,5,5,13,0,True,1,0,0,4
SMV2-0022,TCS,SELL,27,27,True,approved,4,4,14,0,True,1,0,0,5
SMV2-0022,VEDL,BUY,607,607,True,approved,3,3,15,0,False,0,0,0,6
SMV2-0022,TATASTEEL,BUY,187,187,True,approved,4,4,15,0,False,0,0,0,5
SMV2-0022,HINDALCO,BUY,399,399,True,approved,5,5,15,0,False,0,0,0,4
SMV2-0022,ULTRACEMCO,BUY,14,14,True,approved,6,6,15,0,False,0,0,0,3
SMV2-0022,ACC,BUY,44,44,True,approved,7,7,15,0,False,0,0,0,2
SMV2-0022,SHREECEM,BUY,2,2,True,approved,8,8,15,0,False,0,0,0,1
SMV2-0023,ACC,SELL,44,44,True,approved,9,9,15,0,True,1,0,0,0
SMV2-0023,HDFCLIFE,SELL,111,111,True,approved,8,8,16,0,True,1,0,0,1
SMV2-0023,ICICIPRULI,SELL,142,142,True,approved,7,7,17,0,True,1,0,0,2
SMV2-0023,SBILIFE,SELL,72,72,True,approved,6,6,18,0,True,1,0,0,3
SMV2-0023,SHREECEM,SELL,2,2,True,approved,5,5,19,0,True,1,0,0,4
SMV2-0023,ULTRACEMCO,SELL,14,14,True,approved,4,4,20,0,True,1,0,0,5
SMV2-0023,PAGEIND,BUY,2,2,True,approved,3,3,21,0,False,0,0,0,6
SMV2-0023,RAYMOND,BUY,179,179,True,approved,4,4,21,0,False,0,0,0,5
SMV2-0023,ARVIND,BUY,1562,1562,True,approved,5,5,21,0,False,0,0,0,4
SMV2-0023,INDHOTEL,BUY,623,623,True,approved,6,6,21,0,False,0,0,0,3
SMV2-0023,WESTLIFE,BUY,187,187,True,approved,7,7,21,0,False,0,0,0,2
SMV2-0023,CHALET,BUY,346,346,True,approved,8,8,21,0,False,0,0,0,1
SMV2-0024,CHALET,SELL,346,346,True,approved,9,9,21,0,True,1,0,0,0
SMV2-0024,INDHOTEL,SELL,623,623,True,approved,8,8,22,0,True,1,0,0,1
SMV2-0024,WESTLIFE,SELL,187,187,True,approved,7,7,23,0,True,1,0,0,2
SMV2-0024,TATACONSUM,BUY,146,146,True,approved,6,6,24,0,False,0,0,0,3
SMV2-0024,AVANTIFEED,BUY,114,114,True,approved,7,7,24,0,False,0,0,0,2
SMV2-0024,VENKEYS,BUY,47,47,True,approved,8,8,23,0,False,0,0,0,1
SMV2-0025,HINDALCO,SELL,399,399,True,approved,9,9,22,0,True,1,0,0,0
SMV2-0025,TATASTEEL,SELL,187,187,True,approved,8,8,23,0,True,1,0,0,1
SMV2-0025,VEDL,SELL,607,607,True,approved,7,7,24,0,True,1,0,0,2
SMV2-0025,PAGEIND,BUY,1,1,True,approved,6,6,25,0,True,0,0,0,3
SMV2-0025,HDFCBANK,BUY,52,52,True,approved,6,6,25,0,False,0,0,0,3
SMV2-0025,AXISBANK,BUY,130,130,True,approved,7,7,25,0,False,0,0,0,2
SMV2-0025,ICICIBANK,BUY,148,148,True,approved,8,8,25,0,False,0,0,0,1
SMV2-0026,AVANTIFEED,SELL,114,114,True,approved,9,9,25,0,True,1,0,0,0
SMV2-0026,TATACONSUM,SELL,146,146,True,approved,8,8,26,0,True,1,0,0,1
SMV2-0026,VENKEYS,SELL,47,47,True,approved,7,7,27,0,True,1,0,0,2
SMV2-0026,BAJAJFINSV,BUY,9,9,True,approved,6,6,28,0,False,0,0,0,3
SMV2-0026,MUTHOOTFIN,BUY,50,50,True,approved,7,7,28,0,False,0,0,0,2
SMV2-0026,CHOLAFIN,BUY,275,275,True,approved,8,8,28,0,False,0,0,0,1
SMV2-0027,ARVIND,SELL,1562,1562,True,approved,9,9,28,0,True,1,0,0,0
SMV2-0027,PAGEIND,SELL,3,3,True,approved,8,8,29,0,True,1,0,0,1
SMV2-0027,RAYMOND,SELL,179,179,True,approved,7,7,30,0,True,1,0,0,2
SMV2-0027,ULTRACEMCO,BUY,14,14,True,approved,6,6,31,0,False,0,0,0,3
SMV2-0027,SHREECEM,BUY,2,2,True,approved,7,7,30,0,False,0,0,0,2
SMV2-0027,ACC,BUY,42,42,True,approved,8,8,29,0,False,0,0,0,1
SMV2-0028,ACC,SELL,42,42,True,approved,9,9,28,0,True,1,0,0,0
SMV2-0028,SHREECEM,SELL,2,2,True,approved,8,8,29,0,True,1,0,0,1
SMV2-0028,ULTRACEMCO,SELL,14,14,True,approved,7,7,30,0,True,1,0,0,2
SMV2-0028,BHARTIARTL,BUY,98,98,True,approved,6,6,31,0,False,0,0,0,3
SMV2-0028,ITI,BUY,441,441,True,approved,7,7,31,0,False,0,0,0,2
SMV2-0028,HATHWAY,BUY,1634,1634,True,approved,8,8,31,0,False,0,0,0,1
SMV2-0029,AXISBANK,SELL,130,130,True,approved,9,9,31,0,True,1,0,0,0
SMV2-0029,HDFCBANK,SELL,52,52,True,approved,8,8,32,0,True,1,0,0,1
SMV2-0029,ICICIBANK,SELL,148,148,True,approved,7,7,33,0,True,1,0,0,2
SMV2-0029,HATHWAY,SELL,372,372,True,approved,6,6,34,0,True,0,0,0,3
SMV2-0029,INFY,BUY,64,64,True,approved,6,6,34,0,False,0,0,0,3
SMV2-0029,TCS,BUY,26,26,True,approved,7,7,33,0,False,0,0,0,2
SMV2-0029,WIPRO,BUY,223,223,True,approved,8,8,32,0,False,0,0,0,1
SMV2-0030,HATHWAY,SELL,1262,1262,True,approved,9,9,32,0,True,1,0,0,0
SMV2-0030,TATACOMM,BUY,95,95,True,approved,8,8,33,0,False,0,0,0,1
SMV2-0031,BAJAJFINSV,SELL,9,9,True,approved,9,9,33,0,True,1,0,0,0
SMV2-0031,CHOLAFIN,SELL,275,275,True,approved,8,8,34,0,True,1,0,0,1
SMV2-0031,MUTHOOTFIN,SELL,50,50,True,approved,7,7,35,0,True,1,0,0,2
SMV2-0031,TATACOMM,SELL,17,17,True,approved,6,6,36,0,True,0,0,0,3
SMV2-0031,SUNPHARMA,BUY,115,115,True,approved,6,6,36,0,False,0,0,0,3
SMV2-0031,CIPLA,BUY,84,84,True,approved,7,7,35,0,False,0,0,0,2
SMV2-0031,BIOCON,BUY,149,149,True,approved,8,8,34,0,False,0,0,0,1
SMV2-0033,BHARTIARTL,SELL,98,98,True,approved,9,9,34,0,True,1,0,0,0
SMV2-0033,BIOCON,SELL,149,149,True,approved,8,8,35,0,True,1,0,0,1
SMV2-0033,ITI,SELL,441,441,True,approved,7,7,36,0,True,1,0,0,2
SMV2-0033,TATACOMM,SELL,78,78,True,approved,6,6,37,0,True,1,0,0,3
SMV2-0033,DIVISLAB,BUY,20,20,True,approved,5,5,38,0,False,0,0,0,4
SMV2-0033,INDHOTEL,BUY,654,654,True,approved,6,6,38,0,False,0,0,0,3
SMV2-0033,WESTLIFE,BUY,168,168,True,approved,7,7,37,0,False,0,0,0,2
SMV2-0033,EIHOTEL,BUY,789,789,True,approved,8,8,36,0,False,0,0,0,1
SMV2-0034,CIPLA,SELL,84,84,True,approved,9,9,36,0,True,1,0,0,0
SMV2-0034,DIVISLAB,SELL,20,20,True,approved,8,8,37,0,True,1,0,0,1
SMV2-0034,SUNPHARMA,SELL,115,115,True,approved,7,7,38,0,True,1,0,0,2
SMV2-0034,DLF,BUY,394,394,True,approved,6,6,39,0,False,0,0,0,3
SMV2-0034,GODREJPROP,BUY,74,74,True,approved,7,7,39,0,False,0,0,0,2
SMV2-0034,NBCC,BUY,2153,2153,True,approved,8,8,39,0,False,0,0,0,1
SMV2-0035,INFY,SELL,64,64,True,approved,9,9,39,0,True,1,0,0,0
SMV2-0035,TCS,SELL,26,26,True,approved,8,8,40,0,True,1,0,0,1
SMV2-0035,WIPRO,SELL,223,223,True,approved,7,7,41,0,True,1,0,0,2
SMV2-0035,PAGEIND,BUY,3,3,True,approved,6,6,42,0,False,0,0,0,3
SMV2-0035,ALOKINDS,BUY,1893,1893,True,approved,7,7,41,0,False,0,0,0,2
SMV2-0035,RAYMOND,BUY,174,174,True,approved,8,8,41,0,False,0,0,0,1
SMV2-0036,ALOKINDS,SELL,1893,1893,True,approved,9,9,40,0,True,1,0,0,0
SMV2-0036,PAGEIND,SELL,3,3,True,approved,8,8,41,0,True,1,0,0,1
SMV2-0036,RAYMOND,SELL,174,174,True,approved,7,7,42,0,True,1,0,0,2
SMV2-0036,VOLTAS,BUY,93,93,True,approved,6,6,43,0,False,0,0,0,3
SMV2-0036,DIXON,BUY,7,7,True,approved,7,7,43,0,False,0,0,0,2
SMV2-0036,BAJAJELEC,BUY,85,85,True,approved,8,8,43,0,False,0,0,0,1
SMV2-0037,DLF,SELL,394,394,True,approved,9,9,43,0,True,1,0,0,0
SMV2-0037,EIHOTEL,SELL,789,789,True,approved,8,8,44,0,True,1,0,0,1
SMV2-0037,GODREJPROP,SELL,74,74,True,approved,7,7,45,0,True,1,0,0,2
SMV2-0037,INDHOTEL,SELL,654,654,True,approved,6,6,46,0,True,1,0,0,3
SMV2-0037,NBCC,SELL,2153,2153,True,approved,5,5,47,0,True,1,0,0,4
SMV2-0037,WESTLIFE,SELL,168,168,True,approved,4,4,48,0,True,1,0,0,5
SMV2-0037,BAJAJELEC,BUY,46,46,True,approved,3,3,49,0,True,0,0,0,6
SMV2-0037,TCS,BUY,25,25,True,approved,3,3,49,0,False,0,0,0,6
SMV2-0037,INFY,BUY,63,63,True,approved,4,4,48,0,False,0,0,0,5
SMV2-0037,WIPRO,BUY,207,207,True,approved,5,5,47,0,False,0,0,0,4
SMV2-0037,CONCOR,BUY,157,157,True,approved,6,6,46,0,False,0,0,0,3
SMV2-0037,BLUEDART,BUY,21,21,True,approved,7,7,46,0,False,0,0,0,2
SMV2-0037,VRLLOG,BUY,355,355,True,approved,8,8,46,0,False,0,0,0,1
SMV2-0038,BLUEDART,SELL,21,21,True,approved,9,9,46,0,True,1,0,0,0
SMV2-0038,CONCOR,SELL,157,157,True,approved,8,8,47,0,True,1,0,0,1
SMV2-0038,VRLLOG,SELL,355,355,True,approved,7,7,48,0,True,1,0,0,2
SMV2-0038,MCDOWELL-N,BUY,114,114,True,approved,6,6,49,0,False,0,0,0,3
SMV2-0038,UBL,BUY,61,61,True,approved,7,7,49,0,False,0,0,0,2
SMV2-0038,RADICO,BUY,119,119,True,approved,8,8,49,0,False,0,0,0,1
SMV2-0040,MCDOWELL-N,SELL,114,114,True,approved,9,9,49,0,True,1,0,0,0
SMV2-0040,RADICO,SELL,119,119,True,approved,8,8,50,0,True,1,0,0,1
SMV2-0040,UBL,SELL,61,61,True,approved,7,7,51,0,True,1,0,0,2
SMV2-0040,CIPLA,BUY,78,78,True,approved,6,6,52,0,False,0,0,0,3
SMV2-0040,SUNPHARMA,BUY,120,120,True,approved,7,7,51,0,False,0,0,0,2
SMV2-0040,DIVISLAB,BUY,14,14,True,approved,8,8,50,0,False,0,0,0,1
SMV2-0041,BAJAJELEC,SELL,131,131,True,approved,9,9,49,0,True,1,0,0,0
SMV2-0041,DIXON,SELL,7,7,True,approved,8,8,50,0,True,1,0,0,1
SMV2-0041,VOLTAS,SELL,93,93,True,approved,7,7,51,0,True,1,0,0,2
SMV2-0041,DIVISLAB,BUY,6,6,True,approved,6,6,52,0,True,0,0,0,3
SMV2-0041,WIPRO,SELL,36,36,True,approved,6,6,52,0,True,0,0,0,3
SMV2-0041,PAGEIND,BUY,3,3,True,approved,6,6,52,0,False,0,0,0,3
SMV2-0041,ALOKINDS,BUY,2879,2879,True,approved,7,7,51,0,False,0,0,0,2
SMV2-0041,RAYMOND,BUY,212,212,True,approved,8,8,50,0,False,0,0,0,1
SMV2-0043,CIPLA,SELL,78,78,True,approved,9,9,49,0,True,1,0,0,0
SMV2-0043,DIVISLAB,SELL,20,20,True,approved,8,8,50,0,True,1,0,0,1
SMV2-0043,INFY,SELL,63,63,True,approved,7,7,51,0,True,1,0,0,2
SMV2-0043,SUNPHARMA,SELL,120,120,True,approved,6,6,52,0,True,1,0,0,3
SMV2-0043,TCS,SELL,25,25,True,approved,5,5,53,0,True,1,0,0,4
SMV2-0043,WIPRO,SELL,171,171,True,approved,4,4,54,0,True,1,0,0,5
SMV2-0043,ULTRACEMCO,BUY,13,13,True,approved,3,3,55,0,False,0,0,0,6
SMV2-0043,ACC,BUY,39,39,True,approved,4,4,54,0,False,0,0,0,5
SMV2-0043,AMBUJACEM,BUY,251,251,True,approved,5,5,53,0,False,0,0,0,4
SMV2-0043,DLF,BUY,362,362,True,approved,6,6,53,0,False,0,0,0,3
SMV2-0043,GODREJPROP,BUY,59,59,True,approved,7,7,52,0,False,0,0,0,2
SMV2-0043,OBEROIRLTY,BUY,136,136,True,approved,8,8,51,0,False,0,0,0,1
SMV2-0044,ALOKINDS,SELL,2879,2879,True,approved,9,9,51,0,True,1,0,0,0
SMV2-0044,PAGEIND,SELL,3,3,True,approved,8,8,52,0,True,1,0,0,1
SMV2-0044,RAYMOND,SELL,212,212,True,approved,7,7,53,0,True,1,0,0,2
SMV2-0044,BHARTIARTL,BUY,141,141,True,approved,6,6,54,0,False,0,0,0,3
SMV2-0044,TATACOMM,BUY,63,63,True,approved,7,7,53,0,False,0,0,0,2
SMV2-0044,ITI,BUY,516,516,True,approved,8,8,52,0,False,0,0,0,1
SMV2-0045,BHARTIARTL,SELL,141,141,True,approved,9,9,51,0,True,1,0,0,0
SMV2-0045,DLF,SELL,362,362,True,approved,8,8,52,0,True,1,0,0,1
SMV2-0045,GODREJPROP,SELL,59,59,True,approved,7,7,53,0,True,1,0,0,2
SMV2-0045,ITI,SELL,516,516,True,approved,6,6,54,0,True,1,0,0,3
SMV2-0045,OBEROIRLTY,SELL,136,136,True,approved,5,5,55,0,True,1,0,0,4
SMV2-0045,TATACOMM,SELL,63,63,True,approved,4,4,56,0,True,1,0,0,5
SMV2-0045,POLYPLEX,BUY,78,78,True,approved,3,3,57,0,False,0,0,0,6
SMV2-0045,SUPREMEIND,BUY,42,42,True,approved,4,4,57,0,False,0,0,0,5
SMV2-0045,ASTRAL,BUY,51,51,True,approved,5,5,57,0,False,0,0,0,4
SMV2-0045,VOLTAS,BUY,80,80,True,approved,6,6,57,0,False,0,0,0,3
SMV2-0045,AMBER,BUY,27,27,True,approved,7,7,56,0,False,0,0,0,2
SMV2-0045,DIXON,BUY,6,6,True,approved,8,8,56,0,False,0,0,0,1
SMV2-0046,AMBER,SELL,27,27,True,approved,9,9,55,0,True,1,0,0,0
SMV2-0046,DIXON,SELL,6,6,True,approved,8,8,56,0,True,1,0,0,1
SMV2-0046,VOLTAS,SELL,80,80,True,approved,7,7,57,0,True,1,0,0,2
SMV2-0046,ZEEL,BUY,323,323,True,approved,6,6,58,0,False,0,0,0,3
SMV2-0046,SUNTV,BUY,146,146,True,approved,7,7,58,0,False,0,0,0,2
SMV2-0046,TV18BRDCST,BUY,2116,2116,True,approved,8,8,58,0,False,0,0,0,1
SMV2-0047,ACC,SELL,39,39,True,approved,9,9,58,0,True,1,0,0,0
SMV2-0047,AMBUJACEM,SELL,251,251,True,approved,8,8,59,0,True,1,0,0,1
SMV2-0047,SUNTV,SELL,146,146,True,approved,7,7,60,0,True,1,0,0,2
SMV2-0047,TV18BRDCST,SELL,2116,2116,True,approved,6,6,61,0,True,1,0,0,3
SMV2-0047,ULTRACEMCO,SELL,13,13,True,approved,5,5,62,0,True,1,0,0,4
SMV2-0047,ZEEL,SELL,323,323,True,approved,4,4,63,0,True,1,0,0,5
SMV2-0047,INDHOTEL,BUY,572,572,True,approved,3,3,64,0,False,0,0,0,6
SMV2-0047,THOMASCOOK,BUY,1288,1288,True,approved,4,4,63,0,False,0,0,0,5
SMV2-0047,EIHOTEL,BUY,719,719,True,approved,5,5,63,0,False,0,0,0,4
SMV2-0047,HAVELLS,BUY,77,77,True,approved,6,6,62,0,False,0,0,0,3
SMV2-0047,BHEL,BUY,2184,2184,True,approved,7,7,62,0,False,0,0,0,2
SMV2-0047,SIEMENS,BUY,40,40,True,approved,8,8,62,0,False,0,0,0,1
SMV2-0049,BHEL,SELL,2184,2184,True,approved,9,9,62,0,True,1,0,0,0
SMV2-0049,HAVELLS,SELL,77,77,True,approved,8,8,63,0,True,1,0,0,1
SMV2-0049,SIEMENS,SELL,40,40,True,approved,7,7,64,0,True,1,0,0,2
SMV2-0049,LT,BUY,59,59,True,approved,6,6,65,0,False,0,0,0,3
SMV2-0049,ADANIPORTS,BUY,149,149,True,approved,7,7,64,0,False,0,0,0,2
SMV2-0049,NCC,BUY,1190,1190,True,approved,8,8,63,0,False,0,0,0,1
SMV2-0050,ASTRAL,SELL,51,51,True,approved,9,9,62,0,True,1,0,0,0
SMV2-0050,POLYPLEX,SELL,78,78,True,approved,8,8,63,0,True,1,0,0,1
SMV2-0050,SUPREMEIND,SELL,42,42,True,approved,7,7,64,0,True,1,0,0,2
SMV2-0050,POLYCAB,BUY,66,66,True,approved,6,6,65,0,False,0,0,0,3
SMV2-0050,ABB,BUY,59,59,True,approved,7,7,65,0,False,0,0,0,2
SMV2-0050,FINCABLES,BUY,188,188,True,approved,8,8,65,0,False,0,0,0,1
SMV2-0051,ADANIPORTS,SELL,149,149,True,approved,9,9,65,0,True,1,0,0,0
SMV2-0051,EIHOTEL,SELL,719,719,True,approved,8,8,66,0,True,1,0,0,1
SMV2-0051,INDHOTEL,SELL,572,572,True,approved,7,7,67,0,True,1,0,0,2
SMV2-0051,LT,SELL,59,59,True,approved,6,6,68,0,True,1,0,0,3
SMV2-0051,NCC,SELL,1190,1190,True,approved,5,5,69,0,True,1,0,0,4
SMV2-0051,THOMASCOOK,SELL,1288,1288,True,approved,4,4,70,0,True,1,0,0,5
SMV2-0051,TITAN,BUY,45,45,True,approved,3,3,71,0,False,0,0,0,6
SMV2-0051,RAJESHEXPO,BUY,140,140,True,approved,4,4,71,0,False,0,0,0,5
SMV2-0051,VAIBHAVGBL,BUY,32,32,True,approved,5,5,71,0,False,0,0,0,4
SMV2-0051,DLF,BUY,303,303,True,approved,6,6,71,0,False,0,0,0,3
SMV2-0051,GODREJPROP,BUY,50,50,True,approved,7,7,70,0,False,0,0,0,2
SMV2-0051,NBCC,BUY,2291,2291,True,approved,8,8,69,0,False,0,0,0,1
SMV2-0052,DLF,SELL,303,303,True,approved,9,9,68,0,True,1,0,0,0
SMV2-0052,GODREJPROP,SELL,50,50,True,approved,8,8,69,0,True,1,0,0,1
SMV2-0052,NBCC,SELL,2291,2291,True,approved,7,7,70,0,True,1,0,0,2
SMV2-0052,INFY,BUY,56,56,True,approved,6,6,71,0,False,0,0,0,3
SMV2-0052,TCS,BUY,23,23,True,approved,7,7,70,0,False,0,0,0,2
SMV2-0052,IRCTC,BUY,48,48,True,approved,8,8,69,0,False,0,0,0,1
SMV2-0053,ABB,SELL,59,59,True,approved,9,9,69,0,True,1,0,0,0
SMV2-0053,FINCABLES,SELL,188,188,True,approved,8,8,70,0,True,1,0,0,1
SMV2-0053,POLYCAB,SELL,66,66,True,approved,7,7,71,0,True,1,0,0,2
SMV2-0053,VOLTAS,BUY,85,85,True,approved,6,6,72,0,False,0,0,0,3
SMV2-0053,DIXON,BUY,5,5,True,approved,7,7,71,0,False,0,0,0,2
SMV2-0053,CROMPTON,BUY,187,187,True,approved,8,8,70,0,False,0,0,0,1
SMV2-0055,IRCTC,SELL,48,48,True,approved,9,9,70,0,True,1,0,0,0
SMV2-0055,WIPRO,BUY,156,156,True,approved,8,8,71,0,False,0,0,0,1
SMV2-0056,INFY,SELL,56,56,True,approved,9,9,70,0,True,1,0,0,0
SMV2-0056,TCS,SELL,23,23,True,approved,8,8,71,0,True,1,0,0,1
SMV2-0056,WIPRO,SELL,156,156,True,approved,7,7,72,0,True,1,0,0,2
SMV2-0056,ADANIENT,BUY,140,140,True,approved,6,6,73,0,False,0,0,0,3
SMV2-0056,MSTCLTD,BUY,321,321,True,approved,7,7,73,0,False,0,0,0,2
SMV2-0056,MMTC,BUY,2522,2522,True,approved,8,8,73,0,False,0,0,0,1
SMV2-0057,RAJESHEXPO,SELL,140,140,True,approved,9,9,73,0,True,1,0,0,0
SMV2-0057,TITAN,SELL,45,45,True,approved,8,8,74,0,True,1,0,0,1
SMV2-0057,VAIBHAVGBL,SELL,32,32,True,approved,7,7,75,0,True,1,0,0,2
SMV2-0057,MARUTI,BUY,9,9,True,approved,6,6,76,0,False,0,0,0,3
SMV2-0057,EICHERMOT,BUY,26,26,True,approved,7,7,76,0,False,0,0,0,2
SMV2-0057,BAJAJ-AUTO,BUY,17,17,True,approved,8,8,76,0,False,0,0,0,1
SMV2-0058,MSTCLTD,SELL,58,58,True,approved,9,9,76,0,True,0,0,0,0
SMV2-0059,BAJAJ-AUTO,SELL,17,17,True,approved,9,9,76,0,True,1,0,0,0
SMV2-0059,EICHERMOT,SELL,26,26,True,approved,8,8,77,0,True,1,0,0,1
SMV2-0059,MARUTI,SELL,9,9,True,approved,7,7,78,0,True,1,0,0,2
SMV2-0059,ADANIENT,SELL,26,26,True,approved,6,6,79,0,True,0,0,0,3
SMV2-0059,LT,BUY,54,54,True,approved,6,6,79,0,False,0,0,0,3
SMV2-0059,ADANIPORTS,BUY,134,134,True,approved,7,7,78,0,False,0,0,0,2
SMV2-0059,NCC,BUY,967,967,True,approved,8,8,77,0,False,0,0,0,1
SMV2-0061,CROMPTON,SELL,187,187,True,approved,9,9,76,0,True,1,0,0,0
SMV2-0061,DIXON,SELL,5,5,True,approved,8,8,77,0,True,1,0,0,1
SMV2-0061,VOLTAS,SELL,85,85,True,approved,7,7,78,0,True,1,0,0,2
SMV2-0061,SBIN,BUY,223,223,True,approved,6,6,79,0,False,0,0,0,3
SMV2-0061,ICICIBANK,BUY,145,145,True,approved,7,7,79,0,False,0,0,0,2
SMV2-0061,HDFCBANK,BUY,56,56,True,approved,8,8,78,0,False,0,0,0,1
SMV2-0062,ADANIPORTS,SELL,134,134,True,approved,9,9,77,0,True,1,0,0,0
SMV2-0062,HDFCBANK,SELL,56,56,True,approved,8,8,78,0,True,1,0,0,1
SMV2-0062,ICICIBANK,SELL,145,145,True,approved,7,7,79,0,True,1,0,0,2
SMV2-0062,LT,SELL,54,54,True,approved,6,6,80,0,True,1,0,0,3
SMV2-0062,NCC,SELL,967,967,True,approved,5,5,81,0,True,1,0,0,4
SMV2-0062,SBIN,SELL,223,223,True,approved,4,4,82,0,True,1,0,0,5
SMV2-0062,MMTC,SELL,557,557,True,approved,3,3,83,0,True,0,0,0,6
SMV2-0062,ITC,BUY,445,445,True,approved,3,3,83,0,False,0,0,0,6
SMV2-0062,GRASIM,BUY,69,69,True,approved,4,4,83,0,False,0,0,0,5
SMV2-0062,SRF,BUY,16,16,True,approved,5,5,83,0,False,0,0,0,4
SMV2-0062,DMART,BUY,28,28,True,approved,6,6,83,0,False,0,0,0,3
SMV2-0062,ABFRL,BUY,428,428,True,approved,7,7,83,0,False,0,0,0,2
SMV2-0062,TRENT,BUY,105,105,True,approved,8,8,83,0,False,0,0,0,1
SMV2-0063,ABFRL,SELL,428,428,True,approved,9,9,83,0,True,1,0,0,0
SMV2-0063,DMART,SELL,28,28,True,approved,8,8,84,0,True,1,0,0,1
SMV2-0063,TRENT,SELL,105,105,True,approved,7,7,85,0,True,1,0,0,2
SMV2-0063,JKPAPER,BUY,599,599,True,approved,6,6,86,0,False,0,0,0,3
SMV2-0063,WSTCSTPAPR,BUY,367,367,True,approved,7,7,86,0,False,0,0,0,2
SMV2-0063,ORIENTPPR,BUY,3244,3244,True,approved,8,8,86,0,False,0,0,0,1
SMV2-0064,GRASIM,SELL,69,69,True,approved,9,9,86,0,True,1,0,0,0
SMV2-0064,ITC,SELL,445,445,True,approved,8,8,87,0,True,1,0,0,1
SMV2-0064,SRF,SELL,16,16,True,approved,7,7,88,0,True,1,0,0,2
SMV2-0064,ASTRAL,BUY,53,53,True,approved,6,6,89,0,False,0,0,0,3
SMV2-0064,EPL,BUY,426,426,True,approved,7,7,88,0,False,0,0,0,2
SMV2-0064,SUPREMEIND,BUY,45,45,True,approved,8,8,88,0,False,0,0,0,1
SMV2-0065,ADANIENT,SELL,114,114,True,approved,9,9,87,0,True,1,0,0,0
SMV2-0065,MMTC,SELL,1965,1965,True,approved,8,8,88,0,True,1,0,0,1
SMV2-0065,MSTCLTD,SELL,263,263,True,approved,7,7,89,0,True,1,0,0,2
SMV2-0065,ITC,BUY,435,435,True,approved,6,6,90,0,False,0,0,0,3
SMV2-0065,GRASIM,BUY,65,65,True,approved,7,7,89,0,False,0,0,0,2
SMV2-0065,SRF,BUY,17,17,True,approved,8,8,88,0,False,0,0,0,1
SMV2-0066,JKPAPER,SELL,599,599,True,approved,9,9,87,0,True,1,0,0,0
SMV2-0066,ORIENTPPR,SELL,3244,3244,True,approved,8,8,88,0,True,1,0,0,1
SMV2-0066,WSTCSTPAPR,SELL,367,367,True,approved,7,7,89,0,True,1,0,0,2
SMV2-0066,INFY,BUY,67,67,True,approved,6,6,90,0,False,0,0,0,3
SMV2-0066,TCS,BUY,29,29,True,approved,7,7,89,0,False,0,0,0,2
SMV2-0066,HCLTECH,BUY,93,93,True,approved,8,8,88,0,False,0,0,0,1
SMV2-0067,ASTRAL,SELL,53,53,True,approved,9,9,87,0,True,1,0,0,0
SMV2-0067,EPL,SELL,426,426,True,approved,8,8,88,0,True,1,0,0,1
SMV2-0067,GRASIM,SELL,65,65,True,approved,7,7,89,0,True,1,0,0,2
SMV2-0067,ITC,SELL,435,435,True,approved,6,6,90,0,True,1,0,0,3
SMV2-0067,SRF,SELL,17,17,True,approved,5,5,91,0,True,1,0,0,4
SMV2-0067,SUPREMEIND,SELL,45,45,True,approved,4,4,92,0,True,1,0,0,5
SMV2-0067,TATASTEEL,BUY,107,107,True,approved,3,3,93,0,False,0,0,0,6
SMV2-0067,JSWSTEEL,BUY,154,154,True,approved,4,4,92,0,False,0,0,0,5
SMV2-0067,SAIL,BUY,1026,1026,True,approved,5,5,92,0,False,0,0,0,4
SMV2-0067,TITAN,BUY,60,60,True,approved,6,6,92,0,False,0,0,0,3
SMV2-0067,VAIBHAVGBL,BUY,21,21,True,approved,7,7,91,0,False,0,0,0,2
SMV2-0067,RAJESHEXPO,BUY,171,171,True,approved,8,8,90,0,False,0,0,0,1
SMV2-0068,RAJESHEXPO,SELL,171,171,True,approved,9,9,89,0,True,1,0,0,0
SMV2-0068,TITAN,SELL,60,60,True,approved,8,8,90,0,True,1,0,0,1
SMV2-0068,VAIBHAVGBL,SELL,21,21,True,approved,7,7,91,0,True,1,0,0,2
SMV2-0068,CIPLA,BUY,95,95,True,approved,6,6,92,0,False,0,0,0,3
SMV2-0068,SUNPHARMA,BUY,139,139,True,approved,7,7,91,0,False,0,0,0,2
SMV2-0068,DIVISLAB,BUY,21,21,True,approved,8,8,90,0,False,0,0,0,1
SMV2-0070,HCLTECH,SELL,93,93,True,approved,9,9,89,0,True,1,0,0,0
SMV2-0070,INFY,SELL,67,67,True,approved,8,8,90,0,True,1,0,0,1
SMV2-0070,TCS,SELL,29,29,True,approved,7,7,91,0,True,1,0,0,2
SMV2-0070,SAIL,SELL,217,217,True,approved,6,6,92,0,True,0,0,0,3
SMV2-0070,TATACHEM,BUY,121,121,True,approved,6,6,92,0,False,0,0,0,3
SMV2-0070,ASIANPAINT,BUY,38,38,True,approved,7,7,92,0,False,0,0,0,2
SMV2-0070,UPL,BUY,159,159,True,approved,8,8,91,0,False,0,0,0,1
SMV2-0071,SAIL,SELL,133,133,True,approved,9,9,90,0,True,0,0,0,0
SMV2-0071,TATACHEM,BUY,27,27,True,approved,9,9,90,0,True,0,0,0,0
SMV2-0071,TATASTEEL,SELL,23,23,True,approved,9,9,90,0,True,0,0,0,0
SMV2-0072,DIVISLAB,SELL,21,21,True,approved,9,9,90,0,True,1,0,0,0
SMV2-0072,UPL,SELL,25,25,True,approved,8,8,91,0,True,0,0,0,1
SMV2-0072,LUPIN,BUY,85,85,True,approved,8,8,91,0,False,0,0,0,1
SMV2-0073,CIPLA,SELL,95,95,True,approved,9,9,91,0,True,1,0,0,0
SMV2-0073,JSWSTEEL,SELL,154,154,True,approved,8,8,92,0,True,1,0,0,1
SMV2-0073,LUPIN,SELL,85,85,True,approved,7,7,93,0,True,1,0,0,2
SMV2-0073,SAIL,SELL,676,676,True,approved,6,6,94,0,True,1,0,0,3
SMV2-0073,SUNPHARMA,SELL,139,139,True,approved,5,5,95,0,True,1,0,0,4
SMV2-0073,TATASTEEL,SELL,84,84,True,approved,4,4,96,0,True,1,0,0,5
SMV2-0073,TATACONSUM,BUY,156,156,True,approved,3,3,97,0,False,0,0,0,6
SMV2-0073,VENKEYS,BUY,44,44,True,approved,4,4,96,0,False,0,0,0,5
SMV2-0073,KSCL,BUY,130,130,True,approved,5,5,95,0,False,0,0,0,4
SMV2-0073,ASTRAL,BUY,58,58,True,approved,6,6,95,0,False,0,0,0,3
SMV2-0073,PRINCEPIPE,BUY,140,140,True,approved,7,7,94,0,False,0,0,0,2
SMV2-0073,SUPREMEIND,BUY,42,42,True,approved,8,8,94,0,False,0,0,0,1
SMV2-0074,ASIANPAINT,SELL,38,38,True,approved,9,9,93,0,True,1,0,0,0
SMV2-0074,TATACHEM,SELL,148,148,True,approved,8,8,94,0,True,1,0,0,1
SMV2-0074,UPL,SELL,134,134,True,approved,7,7,95,0,True,1,0,0,2
SMV2-0074,INDHOTEL,BUY,774,774,True,approved,6,6,96,0,False,0,0,0,3
SMV2-0074,MHRIL,BUY,393,393,True,approved,7,7,95,0,False,0,0,0,2
SMV2-0074,LEMONTREE,BUY,2463,2463,True,approved,8,8,95,0,False,0,0,0,1
SMV2-0076,ASTRAL,SELL,58,58,True,approved,9,9,95,0,True,1,0,0,0
SMV2-0076,KSCL,SELL,130,130,True,approved,8,8,96,0,True,1,0,0,1
SMV2-0076,PRINCEPIPE,SELL,140,140,True,approved,7,7,97,0,True,1,0,0,2
SMV2-0076,SUPREMEIND,SELL,42,42,True,approved,6,6,98,0,True,1,0,0,3
SMV2-0076,TATACONSUM,SELL,156,156,True,approved,5,5,99,0,True,1,0,0,4
SMV2-0076,VENKEYS,SELL,44,44,True,approved,4,4,100,0,True,1,0,0,5
SMV2-0076,ADANIENT,BUY,73,73,True,approved,3,3,101,0,False,0,0,0,6
SMV2-0076,MMTC,BUY,1788,1788,True,approved,4,4,100,0,False,0,0,0,5
SMV2-0076,REDINGTON,BUY,377,377,True,approved,5,5,99,0,False,0,0,0,4
SMV2-0076,ZEEL,BUY,479,479,True,approved,6,6,99,0,False,0,0,0,3
SMV2-0076,SUNTV,BUY,203,203,True,approved,7,7,98,0,False,0,0,0,2
SMV2-0076,TV18BRDCST,BUY,2306,2306,True,approved,8,8,97,0,False,0,0,0,1
SMV2-0077,INDHOTEL,SELL,774,774,True,approved,9,9,96,0,True,1,0,0,0
SMV2-0077,LEMONTREE,SELL,2463,2463,True,approved,8,8,97,0,True,1,0,0,1
SMV2-0077,MHRIL,SELL,393,393,True,approved,7,7,98,0,True,1,0,0,2
SMV2-0077,SUNTV,SELL,203,203,True,approved,6,6,99,0,True,1,0,0,3
SMV2-0077,TV18BRDCST,SELL,2306,2306,True,approved,5,5,100,0,True,1,0,0,4
SMV2-0077,ZEEL,SELL,479,479,True,approved,4,4,101,0,True,1,0,0,5
SMV2-0077,MCDOWELL-N,BUY,155,155,True,approved,3,3,102,0,False,0,0,0,6
SMV2-0077,UBL,BUY,74,74,True,approved,4,4,101,0,False,0,0,0,5
SMV2-0077,RADICO,BUY,132,132,True,approved,5,5,100,0,False,0,0,0,4
SMV2-0077,PAGEIND,BUY,3,3,True,approved,6,6,99,0,False,0,0,0,3
SMV2-0077,LUXIND,BUY,30,30,True,approved,7,7,98,0,False,0,0,0,2
SMV2-0077,ALOKINDS,BUY,3805,3805,True,approved,8,8,98,0,False,0,0,0,1
SMV2-0078,ADANIENT,SELL,73,73,True,approved,9,9,97,0,True,1,0,0,0
SMV2-0078,ALOKINDS,SELL,3805,3805,True,approved,8,8,98,0,True,1,0,0,1
SMV2-0078,LUXIND,SELL,30,30,True,approved,7,7,99,0,True,1,0,0,2
SMV2-0078,MMTC,SELL,1788,1788,True,approved,6,6,100,0,True,1,0,0,3
SMV2-0078,PAGEIND,SELL,3,3,True,approved,5,5,101,0,True,1,0,0,4
SMV2-0078,REDINGTON,SELL,377,377,True,approved,4,4,102,0,True,1,0,0,5
SMV2-0078,BATAINDIA,BUY,63,63,True,approved,3,3,103,0,False,0,0,0,6
SMV2-0078,RELAXO,BUY,86,86,True,approved,4,4,103,0,False,0,0,0,5
SMV2-0078,KHADIM,BUY,339,339,True,approved,5,5,103,0,False,0,0,0,4
SMV2-0078,POLYCAB,BUY,52,52,True,approved,6,6,103,0,False,0,0,0,3
SMV2-0078,ABB,BUY,56,56,True,approved,7,7,102,0,False,0,0,0,2
SMV2-0078,FINCABLES,BUY,199,199,True,approved,8,8,101,0,False,0,0,0,1
SMV2-0080,ABB,SELL,56,56,True,approved,9,9,100,0,True,1,0,0,0
SMV2-0080,BATAINDIA,SELL,63,63,True,approved,8,8,101,0,True,1,0,0,1
SMV2-0080,FINCABLES,SELL,199,199,True,approved,7,7,102,0,True,1,0,0,2
SMV2-0080,KHADIM,SELL,339,339,True,approved,6,6,103,0,True,1,0,0,3
SMV2-0080,POLYCAB,SELL,52,52,True,approved,5,5,104,0,True,1,0,0,4
SMV2-0080,RELAXO,SELL,86,86,True,approved,4,4,105,0,True,1,0,0,5
SMV2-0080,JKPAPER,BUY,448,448,True,approved,3,3,106,0,False,0,0,0,6
SMV2-0080,WSTCSTPAPR,BUY,381,381,True,approved,4,4,105,0,False,0,0,0,5
SMV2-0080,ORIENTPPR,BUY,3225,3225,True,approved,5,5,104,0,False,0,0,0,4
SMV2-0080,VENKEYS,BUY,29,29,True,approved,6,6,103,0,False,0,0,0,3
SMV2-0080,TATACONSUM,BUY,131,131,True,approved,7,7,102,0,False,0,0,0,2
SMV2-0080,AVANTIFEED,BUY,152,152,True,approved,8,8,101,0,False,0,0,0,1
SMV2-0081,AVANTIFEED,SELL,152,152,True,approved,9,9,100,0,True,1,0,0,0
SMV2-0081,JKPAPER,SELL,448,448,True,approved,8,8,101,0,True,1,0,0,1
SMV2-0081,MCDOWELL-N,SELL,155,155,True,approved,7,7,102,0,True,1,0,0,2
SMV2-0081,ORIENTPPR,SELL,3225,3225,True,approved,6,6,103,0,True,1,0,0,3
SMV2-0081,RADICO,SELL,132,132,True,approved,5,5,104,0,True,1,0,0,4
SMV2-0081,TATACONSUM,SELL,131,131,True,approved,4,4,105,0,True,1,0,0,5
SMV2-0081,UBL,SELL,74,74,True,approved,3,3,106,0,True,1,0,0,6
SMV2-0081,VENKEYS,SELL,29,29,True,approved,2,2,107,0,True,1,0,0,7
SMV2-0081,WSTCSTPAPR,SELL,381,381,True,approved,1,1,108,0,True,1,0,0,8
SMV2-0081,INFY,BUY,64,64,True,approved,0,0,109,0,False,0,0,0,9
SMV2-0081,TCS,BUY,31,31,True,approved,1,1,108,0,False,0,0,0,8
SMV2-0081,HAPPSTMNDS,BUY,68,68,True,approved,2,2,107,0,False,0,0,0,7
SMV2-0081,IBREALEST,BUY,700,700,True,approved,3,3,107,0,False,0,0,0,6
SMV2-0081,DLF,BUY,306,306,True,approved,4,4,107,0,False,0,0,0,5
SMV2-0081,GODREJPROP,BUY,63,63,True,approved,5,5,106,0,False,0,0,0,4
SMV2-0081,PAGEIND,BUY,3,3,True,approved,6,6,105,0,False,0,0,0,3
SMV2-0081,BOMDYEING,BUY,994,994,True,approved,7,7,104,0,False,0,0,0,2
SMV2-0081,RAYMOND,BUY,214,214,True,approved,8,8,104,0,False,0,0,0,1
SMV2-0084,DLF,SELL,306,306,True,approved,9,9,103,0,True,1,0,0,0
SMV2-0084,GODREJPROP,SELL,63,63,True,approved,8,8,104,0,True,1,0,0,1
SMV2-0084,HAPPSTMNDS,SELL,68,68,True,approved,7,7,105,0,True,1,0,0,2
SMV2-0084,IBREALEST,SELL,700,700,True,approved,6,6,106,0,True,1,0,0,3
SMV2-0084,TATASTEEL,BUY,70,70,True,approved,5,5,107,0,False,0,0,0,4
SMV2-0084,SAIL,BUY,711,711,True,approved,6,6,106,0,False,0,0,0,3
SMV2-0084,JSWSTEEL,BUY,132,132,True,approved,7,7,105,0,False,0,0,0,2
SMV2-0084,WIPRO,BUY,168,168,True,approved,8,8,104,0,False,0,0,0,1
SMV2-0085,INFY,SELL,64,64,True,approved,9,9,103,0,True,1,0,0,0
SMV2-0085,TCS,SELL,31,31,True,approved,8,8,104,0,True,1,0,0,1
SMV2-0085,WIPRO,SELL,168,168,True,approved,7,7,105,0,True,1,0,0,2
SMV2-0085,TRENT,BUY,112,112,True,approved,6,6,106,0,False,0,0,0,3
SMV2-0085,ABFRL,BUY,482,482,True,approved,7,7,105,0,False,0,0,0,2
SMV2-0085,DMART,BUY,27,27,True,approved,8,8,104,0,False,0,0,0,1
SMV2-0086,BOMDYEING,SELL,994,994,True,approved,9,9,103,0,True,1,0,0,0
SMV2-0086,JSWSTEEL,SELL,132,132,True,approved,8,8,104,0,True,1,0,0,1
SMV2-0086,PAGEIND,SELL,3,3,True,approved,7,7,105,0,True,1,0,0,2
SMV2-0086,RAYMOND,SELL,214,214,True,approved,6,6,106,0,True,1,0,0,3
SMV2-0086,SAIL,SELL,711,711,True,approved,5,5,107,0,True,1,0,0,4
SMV2-0086,TATASTEEL,SELL,70,70,True,approved,4,4,108,0,True,1,0,0,5
SMV2-0086,TITAN,BUY,50,50,True,approved,3,3,109,0,False,0,0,0,6
SMV2-0086,RAJESHEXPO,BUY,155,155,True,approved,4,4,108,0,False,0,0,0,5
SMV2-0086,KALYANKJIL,BUY,1552,1552,True,approved,5,5,107,0,False,0,0,0,4
SMV2-0086,RELIANCE,BUY,44,44,True,approved,6,6,107,0,False,0,0,0,3
SMV2-0086,BPCL,BUY,209,209,True,approved,7,7,107,0,False,0,0,0,2
SMV2-0086,ONGC,BUY,824,824,True,approved,8,8,107,0,False,0,0,0,1
SMV2-0087,ABFRL,SELL,482,482,True,approved,9,9,107,0,True,1,0,0,0
SMV2-0087,DMART,SELL,27,27,True,approved,8,8,108,0,True,1,0,0,1
SMV2-0087,KALYANKJIL,SELL,1552,1552,True,approved,7,7,109,0,True,1,0,0,2
SMV2-0087,RAJESHEXPO,SELL,155,155,True,approved,6,6,110,0,True,1,0,0,3
SMV2-0087,TITAN,SELL,50,50,True,approved,5,5,111,0,True,1,0,0,4
SMV2-0087,TRENT,SELL,112,112,True,approved,4,4,112,0,True,1,0,0,5
SMV2-0087,GAIL,BUY,684,684,True,approved,3,3,113,0,False,0,0,0,6
SMV2-0087,MGL,BUY,85,85,True,approved,4,4,113,0,False,0,0,0,5
SMV2-0087,CONFIPET,BUY,1294,1294,True,approved,5,5,113,0,False,0,0,0,4
SMV2-0087,SBILIFE,BUY,82,82,True,approved,6,6,113,0,False,0,0,0,3
SMV2-0087,HDFCLIFE,BUY,138,138,True,approved,7,7,112,0,False,0,0,0,2
SMV2-0087,ICICIGI,BUY,62,62,True,approved,8,8,111,0,False,0,0,0,1
SMV2-0088,CONFIPET,SELL,1294,1294,True,approved,9,9,111,0,True,1,0,0,0
SMV2-0088,GAIL,SELL,684,684,True,approved,8,8,112,0,True,1,0,0,1
SMV2-0088,MGL,SELL,85,85,True,approved,7,7,113,0,True,1,0,0,2
SMV2-0088,HAL,BUY,71,71,True,approved,6,6,114,0,False,0,0,0,3
SMV2-0088,BEL,BUY,504,504,True,approved,7,7,114,0,False,0,0,0,2
SMV2-0088,INDIGO,BUY,47,47,True,approved,8,8,114,0,False,0,0,0,1
SMV2-0089,HDFCLIFE,SELL,138,138,True,approved,9,9,114,0,True,1,0,0,0
SMV2-0089,ICICIGI,SELL,62,62,True,approved,8,8,115,0,True,1,0,0,1
SMV2-0089,SBILIFE,SELL,82,82,True,approved,7,7,116,0,True,1,0,0,2
SMV2-0089,TITAN,BUY,48,48,True,approved,6,6,117,0,False,0,0,0,3
SMV2-0089,GOLDIAM,BUY,107,107,True,approved,7,7,116,0,False,0,0,0,2
SMV2-0089,RAJESHEXPO,BUY,162,162,True,approved,8,8,116,0,False,0,0,0,1
SMV2-0090,BPCL,SELL,209,209,True,approved,9,9,115,0,True,1,0,0,0
SMV2-0090,GOLDIAM,SELL,107,107,True,approved,8,8,116,0,True,1,0,0,1
SMV2-0090,ONGC,SELL,824,824,True,approved,7,7,117,0,True,1,0,0,2
SMV2-0090,RAJESHEXPO,SELL,162,162,True,approved,6,6,118,0,True,1,0,0,3
SMV2-0090,RELIANCE,SELL,44,44,True,approved,5,5,119,0,True,1,0,0,4
SMV2-0090,TITAN,SELL,48,48,True,approved,4,4,120,0,True,1,0,0,5
SMV2-0090,ASTRAL,BUY,47,47,True,approved,3,3,121,0,False,0,0,0,6
SMV2-0090,POLYPLEX,BUY,57,57,True,approved,4,4,120,0,False,0,0,0,5
SMV2-0090,PRINCEPIPE,BUY,140,140,True,approved,5,5,119,0,False,0,0,0,4
SMV2-0090,EASEMYTRIP,BUY,156,156,True,approved,6,6,118,0,False,0,0,0,3
SMV2-0090,INDHOTEL,BUY,665,665,True,approved,7,7,118,0,False,0,0,0,2
SMV2-0090,BLS,BUY,328,328,True,approved,8,8,117,0,False,0,0,0,1
SMV2-0091,ASTRAL,SELL,47,47,True,approved,9,9,117,0,True,1,0,0,0
SMV2-0091,BEL,SELL,504,504,True,approved,8,8,118,0,True,1,0,0,1
SMV2-0091,HAL,SELL,71,71,True,approved,7,7,119,0,True,1,0,0,2
SMV2-0091,INDIGO,SELL,47,47,True,approved,6,6,120,0,True,1,0,0,3
SMV2-0091,POLYPLEX,SELL,57,57,True,approved,5,5,121,0,True,1,0,0,4
SMV2-0091,PRINCEPIPE,SELL,140,140,True,approved,4,4,122,0,True,1,0,0,5
SMV2-0091,BLS,BUY,94,94,True,approved,3,3,123,0,True,0,0,0,6
SMV2-0091,INDHOTEL,SELL,125,125,True,approved,3,3,123,0,True,0,0,0,6
SMV2-0091,DLF,BUY,237,237,True,approved,3,3,123,0,False,0,0,0,6
SMV2-0091,GODREJPROP,BUY,44,44,True,approved,4,4,122,0,False,0,0,0,5
SMV2-0091,OBEROIRLTY,BUY,105,105,True,approved,5,5,121,0,False,0,0,0,4
SMV2-0091,ZEEL,BUY,322,322,True,approved,6,6,120,0,False,0,0,0,3
SMV2-0091,SUNTV,BUY,191,191,True,approved,7,7,119,0,False,0,0,0,2
SMV2-0091,TV18BRDCST,BUY,2572,2572,True,approved,8,8,118,0,False,0,0,0,1
SMV2-0092,BLS,SELL,422,422,True,approved,9,9,117,0,True,1,0,0,0
SMV2-0092,CHALET,BUY,433,433,True,approved,8,8,118,0,False,0,0,0,1
SMV2-0093,SUNTV,SELL,191,191,True,approved,9,9,117,0,True,1,0,0,0
SMV2-0093,TV18BRDCST,SELL,2572,2572,True,approved,8,8,118,0,True,1,0,0,1
SMV2-0093,ZEEL,SELL,322,322,True,approved,7,7,119,0,True,1,0,0,2
SMV2-0093,DMART,BUY,23,23,True,approved,6,6,120,0,False,0,0,0,3
SMV2-0093,ABFRL,BUY,398,398,True,approved,7,7,119,0,False,0,0,0,2
SMV2-0093,TRENT,BUY,92,92,True,approved,8,8,118,0,False,0,0,0,1
SMV2-0094,EASEMYTRIP,SELL,156,156,True,approved,9,9,117,0,True,1,0,0,0
SMV2-0094,LEMONTREE,BUY,1911,1911,True,approved,8,8,118,0,False,0,0,0,1
SMV2-0095,CHALET,SELL,433,433,True,approved,9,9,117,0,True,1,0,0,0
SMV2-0095,DLF,SELL,237,237,True,approved,8,8,118,0,True,1,0,0,1
SMV2-0095,GODREJPROP,SELL,44,44,True,approved,7,7,119,0,True,1,0,0,2
SMV2-0095,INDHOTEL,SELL,540,540,True,approved,6,6,120,0,True,1,0,0,3
SMV2-0095,LEMONTREE,SELL,1911,1911,True,approved,5,5,121,0,True,1,0,0,4
SMV2-0095,OBEROIRLTY,SELL,105,105,True,approved,4,4,122,0,True,1,0,0,5
SMV2-0095,MCDOWELL-N,BUY,121,121,True,approved,3,3,123,0,False,0,0,0,6
SMV2-0095,RADICO,BUY,91,91,True,approved,4,4,122,0,False,0,0,0,5
SMV2-0095,UBL,BUY,62,62,True,approved,5,5,121,0,False,0,0,0,4
SMV2-0095,TATAPOWER,BUY,452,452,True,approved,6,6,120,0,False,0,0,0,3
SMV2-0095,IEX,BUY,131,131,True,approved,7,7,120,0,False,0,0,0,2
SMV2-0095,NTPC,BUY,701,701,True,approved,8,8,120,0,False,0,0,0,1
SMV2-0096,IEX,SELL,131,131,True,approved,9,9,120,0,True,1,0,0,0
SMV2-0096,NTPC,SELL,701,701,True,approved,8,8,121,0,True,1,0,0,1
SMV2-0096,TATAPOWER,SELL,452,452,True,approved,7,7,122,0,True,1,0,0,2
SMV2-0096,BATAINDIA,BUY,50,50,True,approved,6,6,123,0,False,0,0,0,3
SMV2-0096,RELAXO,BUY,76,76,True,approved,7,7,122,0,False,0,0,0,2
SMV2-0096,MIRZAINT,BUY,1434,1434,True,approved,8,8,121,0,False,0,0,0,1
SMV2-0098,MCDOWELL-N,SELL,121,121,True,approved,9,9,121,0,True,1,0,0,0
SMV2-0098,RADICO,SELL,91,91,True,approved,8,8,122,0,True,1,0,0,1
SMV2-0098,UBL,SELL,62,62,True,approved,7,7,123,0,True,1,0,0,2
SMV2-0098,ZEEL,BUY,351,351,True,approved,6,6,124,0,False,0,0,0,3
SMV2-0098,SUNTV,BUY,195,195,True,approved,7,7,123,0,False,0,0,0,2
SMV2-0098,TV18BRDCST,BUY,2102,2102,True,approved,8,8,122,0,False,0,0,0,1
SMV2-0099,ABFRL,SELL,398,398,True,approved,9,9,121,0,True,1,0,0,0
SMV2-0099,DMART,SELL,23,23,True,approved,8,8,122,0,True,1,0,0,1
SMV2-0099,SUNTV,SELL,195,195,True,approved,7,7,123,0,True,1,0,0,2
SMV2-0099,TRENT,SELL,92,92,True,approved,6,6,124,0,True,1,0,0,3
SMV2-0099,TV18BRDCST,SELL,2102,2102,True,approved,5,5,125,0,True,1,0,0,4
SMV2-0099,ZEEL,SELL,351,351,True,approved,4,4,126,0,True,1,0,0,5
SMV2-0099,POLYCAB,BUY,42,42,True,approved,3,3,127,0,False,0,0,0,6
SMV2-0099,ABB,BUY,49,49,True,approved,4,4,126,0,False,0,0,0,5
SMV2-0099,KEI,BUY,102,102,True,approved,5,5,125,0,False,0,0,0,4
SMV2-0099,PAGEIND,BUY,2,2,True,approved,6,6,125,0,False,0,0,0,3
SMV2-0099,TRIDENT,BUY,2357,2357,True,approved,7,7,124,0,False,0,0,0,2
SMV2-0099,ARVIND,BUY,850,850,True,approved,8,8,124,0,False,0,0,0,1
SMV2-0100,BATAINDIA,SELL,50,50,True,approved,9,9,123,0,True,1,0,0,0
SMV2-0100,MIRZAINT,SELL,1434,1434,True,approved,8,8,124,0,True,1,0,0,1
SMV2-0100,RELAXO,SELL,76,76,True,approved,7,7,125,0,True,1,0,0,2
SMV2-0100,TRIDENT,SELL,560,560,True,approved,6,6,126,0,True,0,0,0,3
SMV2-0100,IRCTC,BUY,132,132,True,approved,6,6,126,0,False,0,0,0,3
SMV2-0100,INFY,BUY,61,61,True,approved,7,7,125,0,False,0,0,0,2
SMV2-0100,TCS,BUY,30,30,True,approved,8,8,124,0,False,0,0,0,1
SMV2-0101,ABB,SELL,49,49,True,approved,9,9,123,0,True,1,0,0,0
SMV2-0101,ARVIND,SELL,850,850,True,approved,8,8,124,0,True,1,0,0,1
SMV2-0101,KEI,SELL,102,102,True,approved,7,7,125,0,True,1,0,0,2
SMV2-0101,PAGEIND,SELL,2,2,True,approved,6,6,126,0,True,1,0,0,3
SMV2-0101,POLYCAB,SELL,42,42,True,approved,5,5,127,0,True,1,0,0,4
SMV2-0101,TRIDENT,SELL,1797,1797,True,approved,4,4,128,0,True,1,0,0,5
SMV2-0101,BHARTIARTL,BUY,148,148,True,approved,3,3,129,0,False,0,0,0,6
SMV2-0101,INDUSTOWER,BUY,379,379,True,approved,4,4,128,0,False,0,0,0,5
SMV2-0101,TTML,BUY,778,778,True,approved,5,5,128,0,False,0,0,0,4
SMV2-0101,BATAINDIA,BUY,56,56,True,approved,6,6,128,0,False,0,0,0,3
SMV2-0101,MIRZAINT,BUY,994,994,True,approved,7,7,127,0,False,0,0,0,2
SMV2-0101,RELAXO,BUY,80,80,True,approved,8,8,126,0,False,0,0,0,1
SMV2-0102,TTML,SELL,778,778,True,approved,9,9,125,0,True,1,0,0,0
SMV2-0102,HFCL,BUY,1262,1262,True,approved,8,8,126,0,False,0,0,0,1
SMV2-0103,BATAINDIA,SELL,56,56,True,approved,9,9,126,0,True,1,0,0,0
SMV2-0103,MIRZAINT,SELL,994,994,True,approved,8,8,127,0,True,1,0,0,1
SMV2-0103,RELAXO,SELL,80,80,True,approved,7,7,128,0,True,1,0,0,2
SMV2-0103,ZEEL,BUY,309,309,True,approved,6,6,129,0,False,0,0,0,3
SMV2-0103,TV18BRDCST,BUY,2326,2326,True,approved,7,7,128,0,False,0,0,0,2
SMV2-0103,NETWORK18,BUY,1152,1152,True,approved,8,8,127,0,False,0,0,0,1
SMV2-0104,BHARTIARTL,SELL,148,148,True,approved,9,9,127,0,True,1,0,0,0
SMV2-0104,HFCL,SELL,1262,1262,True,approved,8,8,128,0,True,1,0,0,1
SMV2-0104,INDUSTOWER,SELL,379,379,True,approved,7,7,129,0,True,1,0,0,2
SMV2-0104,POLYCAB,BUY,45,45,True,approved,6,6,130,0,False,0,0,0,3
SMV2-0104,ABB,BUY,46,46,True,approved,7,7,129,0,False,0,0,0,2
SMV2-0104,KEI,BUY,82,82,True,approved,8,8,128,0,False,0,0,0,1
SMV2-0105,IRCTC,SELL,132,132,True,approved,9,9,127,0,True,1,0,0,0
SMV2-0105,WIPRO,BUY,147,147,True,approved,8,8,128,0,False,0,0,0,1
SMV2-0106,NETWORK18,SELL,1152,1152,True,approved,9,9,127,0,True,1,0,0,0
SMV2-0106,TV18BRDCST,SELL,2326,2326,True,approved,8,8,128,0,True,1,0,0,1
SMV2-0106,ZEEL,SELL,309,309,True,approved,7,7,129,0,True,1,0,0,2
SMV2-0106,TRIDENT,BUY,1969,1969,True,approved,6,6,130,0,False,0,0,0,3
SMV2-0106,BOMDYEING,BUY,941,941,True,approved,7,7,129,0,False,0,0,0,2
SMV2-0106,PAGEIND,BUY,2,2,True,approved,8,8,128,0,False,0,0,0,1
SMV2-0107,ABB,SELL,46,46,True,approved,9,9,127,0,True,1,0,0,0
SMV2-0107,KEI,SELL,82,82,True,approved,8,8,128,0,True,1,0,0,1
SMV2-0107,POLYCAB,SELL,45,45,True,approved,7,7,129,0,True,1,0,0,2
SMV2-0107,TRIDENT,SELL,329,329,True,approved,6,6,130,0,True,0,0,0,3
SMV2-0107,GREAVESCOT,BUY,478,478,True,approved,6,6,130,0,False,0,0,0,3
SMV2-0107,BHEL,BUY,1734,1734,True,approved,7,7,130,0,False,0,0,0,2
SMV2-0107,LTTS,BUY,19,19,True,approved,8,8,129,0,False,0,0,0,1
SMV2-0108,INFY,SELL,61,61,True,approved,9,9,129,0,True,1,0,0,0
SMV2-0108,TCS,SELL,30,30,True,approved,8,8,130,0,True,1,0,0,1
SMV2-0108,TRIDENT,SELL,1640,1640,True,approved,7,7,131,0,True,1,0,0,2
SMV2-0108,WIPRO,SELL,147,147,True,approved,6,6,132,0,True,1,0,0,3
SMV2-0108,ALOKINDS,BUY,3314,3314,True,approved,5,5,133,0,False,0,0,0,4
SMV2-0108,INDHOTEL,BUY,510,510,True,approved,6,6,132,0,False,0,0,0,3
SMV2-0108,COFFEEDAY,BUY,1357,1357,True,approved,7,7,131,0,False,0,0,0,2
SMV2-0108,LEMONTREE,BUY,2141,2141,True,approved,8,8,131,0,False,0,0,0,1
SMV2-0109,BHEL,SELL,1734,1734,True,approved,9,9,130,0,True,1,0,0,0
SMV2-0109,GREAVESCOT,SELL,478,478,True,approved,8,8,131,0,True,1,0,0,1
SMV2-0109,LTTS,SELL,19,19,True,approved,7,7,132,0,True,1,0,0,2
SMV2-0109,RELIANCE,BUY,43,43,True,approved,6,6,133,0,False,0,0,0,3
SMV2-0109,ONGC,BUY,599,599,True,approved,7,7,132,0,False,0,0,0,2
SMV2-0109,BPCL,BUY,263,263,True,approved,8,8,131,0,False,0,0,0,1
SMV2-0111,ALOKINDS,SELL,3314,3314,True,approved,9,9,130,0,True,1,0,0,0
SMV2-0111,BOMDYEING,SELL,941,941,True,approved,8,8,131,0,True,1,0,0,1
SMV2-0111,PAGEIND,SELL,2,2,True,approved,7,7,132,0,True,1,0,0,2
SMV2-0111,ZEEL,BUY,378,378,True,approved,6,6,133,0,False,0,0,0,3
SMV2-0111,TV18BRDCST,BUY,1381,1381,True,approved,7,7,132,0,False,0,0,0,2
SMV2-0111,SUNTV,BUY,190,190,True,approved,8,8,131,0,False,0,0,0,1
SMV2-0113,BPCL,SELL,263,263,True,approved,9,9,130,0,True,1,0,0,0
SMV2-0113,ONGC,SELL,599,599,True,approved,8,8,131,0,True,1,0,0,1
SMV2-0113,RELIANCE,SELL,43,43,True,approved,7,7,132,0,True,1,0,0,2
SMV2-0113,JINDALPOLY,BUY,91,91,True,approved,6,6,133,0,False,0,0,0,3
SMV2-0113,UFLEX,BUY,175,175,True,approved,7,7,133,0,False,0,0,0,2
SMV2-0113,TCPLPACK,BUY,127,127,True,approved,8,8,133,0,False,0,0,0,1
SMV2-0114,COFFEEDAY,BUY,239,239,True,approved,9,9,133,0,True,0,0,0,0
SMV2-0114,LEMONTREE,SELL,400,400,True,approved,9,9,133,0,True,0,0,0,0
SMV2-0115,JINDALPOLY,SELL,91,91,True,approved,9,9,133,0,True,1,0,0,0
SMV2-0115,SUNTV,SELL,190,190,True,approved,8,8,134,0,True,1,0,0,1
SMV2-0115,TCPLPACK,SELL,127,127,True,approved,7,7,135,0,True,1,0,0,2
SMV2-0115,TV18BRDCST,SELL,1381,1381,True,approved,6,6,136,0,True,1,0,0,3
SMV2-0115,UFLEX,SELL,175,175,True,approved,5,5,137,0,True,1,0,0,4
SMV2-0115,ZEEL,SELL,378,378,True,approved,4,4,138,0,True,1,0,0,5
SMV2-0115,RELIANCE,BUY,40,40,True,approved,3,3,139,0,False,0,0,0,6
SMV2-0115,ONGC,BUY,553,553,True,approved,4,4,138,0,False,0,0,0,5
SMV2-0115,BPCL,BUY,267,267,True,approved,5,5,137,0,False,0,0,0,4
SMV2-0115,JKPAPER,BUY,359,359,True,approved,6,6,136,0,False,0,0,0,3
SMV2-0115,SATIA,BUY,922,922,True,approved,7,7,135,0,False,0,0,0,2
SMV2-0115,WSTCSTPAPR,BUY,341,341,True,approved,8,8,135,0,False,0,0,0,1
SMV2-0116,BPCL,SELL,267,267,True,approved,9,9,134,0,True,1,0,0,0
SMV2-0116,ONGC,SELL,553,553,True,approved,8,8,135,0,True,1,0,0,1
SMV2-0116,RELIANCE,SELL,40,40,True,approved,7,7,136,0,True,1,0,0,2
SMV2-0116,TATASTEEL,BUY,76,76,True,approved,6,6,137,0,False,0,0,0,3
SMV2-0116,HINDALCO,BUY,171,171,True,approved,7,7,136,0,False,0,0,0,2
SMV2-0116,VEDL,BUY,230,230,True,approved,8,8,135,0,False,0,0,0,1
SMV2-0118,COFFEEDAY,SELL,1596,1596,True,approved,9,9,134,0,True,1,0,0,0
SMV2-0118,HINDALCO,SELL,171,171,True,approved,8,8,135,0,True,1,0,0,1
SMV2-0118,TATASTEEL,SELL,76,76,True,approved,7,7,136,0,True,1,0,0,2
SMV2-0118,VEDL,SELL,230,230,True,approved,6,6,137,0,True,1,0,0,3
SMV2-0118,ZEEL,BUY,353,353,True,approved,5,5,138,0,False,0,0,0,4
SMV2-0118,TV18BRDCST,BUY,1399,1399,True,approved,6,6,137,0,False,0,0,0,3
SMV2-0118,SUNTV,BUY,212,212,True,approved,7,7,136,0,False,0,0,0,2
SMV2-0118,EASEMYTRIP,BUY,181,181,True,approved,8,8,135,0,False,0,0,0,1
SMV2-0119,SUNTV,SELL,212,212,True,approved,9,9,134,0,True,1,0,0,0
SMV2-0119,TV18BRDCST,SELL,1399,1399,True,approved,8,8,135,0,True,1,0,0,1
SMV2-0119,ZEEL,SELL,353,353,True,approved,7,7,136,0,True,1,0,0,2
SMV2-0119,EASEMYTRIP,BUY,75,75,True,approved,6,6,137,0,True,0,0,0,3
SMV2-0119,UFLEX,BUY,161,161,True,approved,6,6,137,0,False,0,0,0,3
SMV2-0119,JINDALPOLY,BUY,93,93,True,approved,7,7,136,0,False,0,0,0,2
SMV2-0119,HUHTAMAKI,BUY,350,350,True,approved,8,8,135,0,False,0,0,0,1
SMV2-0121,EASEMYTRIP,SELL,256,256,True,approved,9,9,135,0,True,1,0,0,0
SMV2-0121,INDHOTEL,SELL,510,510,True,approved,8,8,136,0,True,1,0,0,1
SMV2-0121,LEMONTREE,SELL,1741,1741,True,approved,7,7,137,0,True,1,0,0,2
SMV2-0121,HUHTAMAKI,BUY,260,260,True,approved,6,6,138,0,True,0,0,0,3
SMV2-0121,RELIANCE,BUY,39,39,True,approved,6,6,138,0,False,0,0,0,3
SMV2-0121,ONGC,BUY,638,638,True,approved,7,7,137,0,False,0,0,0,2
SMV2-0121,IOC,BUY,543,543,True,approved,8,8,136,0,False,0,0,0,1
SMV2-0122,JKPAPER,SELL,57,57,True,approved,9,9,136,0,True,0,0,0,0
SMV2-0123,JKPAPER,SELL,302,302,True,approved,9,9,136,0,True,1,0,0,0
SMV2-0123,SATIA,SELL,922,922,True,approved,8,8,137,0,True,1,0,0,1
SMV2-0123,WSTCSTPAPR,SELL,341,341,True,approved,7,7,138,0,True,1,0,0,2
SMV2-0123,IOC,BUY,280,280,True,approved,6,6,139,0,True,0,0,0,3
SMV2-0123,ADANIENT,BUY,46,46,True,approved,6,6,139,0,False,0,0,0,3
SMV2-0123,REDINGTON,BUY,750,750,True,approved,7,7,138,0,False,0,0,0,2
SMV2-0123,MMTC,BUY,2413,2413,True,approved,8,8,137,0,False,0,0,0,1
SMV2-0124,ADANIENT,SELL,46,46,True,approved,9,9,136,0,True,1,0,0,0
SMV2-0124,HUHTAMAKI,SELL,610,610,True,approved,8,8,137,0,True,1,0,0,1
SMV2-0124,JINDALPOLY,SELL,93,93,True,approved,7,7,138,0,True,1,0,0,2
SMV2-0124,MMTC,SELL,2413,2413,True,approved,6,6,139,0,True,1,0,0,3
SMV2-0124,REDINGTON,SELL,750,750,True,approved,5,5,140,0,True,1,0,0,4
SMV2-0124,UFLEX,SELL,161,161,True,approved,4,4,141,0,True,1,0,0,5
SMV2-0124,HINDUNILVR,BUY,44,44,True,approved,3,3,142,0,False,0,0,0,6
SMV2-0124,JUBLFOOD,BUY,201,201,True,approved,4,4,142,0,False,0,0,0,5
SMV2-0124,BRITANNIA,BUY,29,29,True,approved,5,5,142,0,False,0,0,0,4
SMV2-0124,MARUTI,BUY,13,13,True,approved,6,6,142,0,False,0,0,0,3
SMV2-0124,M&M,BUY,108,108,True,approved,7,7,141,0,False,0,0,0,2
SMV2-0124,HEROMOTOCO,BUY,39,39,True,approved,8,8,141,0,False,0,0,0,1
SMV2-0126,IOC,SELL,823,823,True,approved,9,9,141,0,True,1,0,0,0
SMV2-0126,ONGC,SELL,638,638,True,approved,8,8,142,0,True,1,0,0,1
SMV2-0126,RELIANCE,SELL,39,39,True,approved,7,7,143,0,True,1,0,0,2
SMV2-0126,HDFCLIFE,BUY,168,168,True,approved,6,6,144,0,False,0,0,0,3
SMV2-0126,SBILIFE,BUY,90,90,True,approved,7,7,143,0,False,0,0,0,2
SMV2-0126,ICICIPRULI,BUY,170,170,True,approved,8,8,142,0,False,0,0,0,1
SMV2-0127,BRITANNIA,SELL,29,29,True,approved,9,9,141,0,True,1,0,0,0
SMV2-0127,HINDUNILVR,SELL,44,44,True,approved,8,8,142,0,True,1,0,0,1
SMV2-0127,JUBLFOOD,SELL,201,201,True,approved,7,7,143,0,True,1,0,0,2
SMV2-0127,HAL,BUY,53,53,True,approved,6,6,144,0,False,0,0,0,3
SMV2-0127,BEL,BUY,422,422,True,approved,7,7,143,0,False,0,0,0,2
SMV2-0127,INDIGO,BUY,56,56,True,approved,8,8,142,0,False,0,0,0,1
SMV2-0128,HDFCLIFE,SELL,168,168,True,approved,9,9,141,0,True,1,0,0,0
SMV2-0128,HEROMOTOCO,SELL,39,39,True,approved,8,8,142,0,True,1,0,0,1
SMV2-0128,ICICIPRULI,SELL,170,170,True,approved,7,7,143,0,True,1,0,0,2
SMV2-0128,SBILIFE,SELL,90,90,True,approved,6,6,144,0,True,1,0,0,3
SMV2-0128,RELIANCE,BUY,38,38,True,approved,5,5,145,0,False,0,0,0,4
SMV2-0128,ONGC,BUY,624,624,True,approved,6,6,144,0,False,0,0,0,3
SMV2-0128,MRPL,BUY,867,867,True,approved,7,7,143,0,False,0,0,0,2
SMV2-0128,ASHOKLEY,BUY,705,705,True,approved,8,8,143,0,False,0,0,0,1
SMV2-0129,MRPL,SELL,867,867,True,approved,9,9,143,0,True,1,0,0,0
SMV2-0129,ONGC,SELL,624,624,True,approved,8,8,144,0,True,1,0,0,1
SMV2-0129,RELIANCE,SELL,38,38,True,approved,7,7,145,0,True,1,0,0,2
SMV2-0129,BATAINDIA,BUY,57,57,True,approved,6,6,146,0,False,0,0,0,3
SMV2-0129,MIRZAINT,BUY,423,423,True,approved,7,7,145,0,False,0,0,0,2
SMV2-0129,METROBRAND,BUY,136,136,True,approved,8,8,144,0,False,0,0,0,1
SMV2-0130,ASHOKLEY,SELL,705,705,True,approved,9,9,144,0,True,1,0,0,0
SMV2-0130,BATAINDIA,SELL,57,57,True,approved,8,8,145,0,True,1,0,0,1
SMV2-0130,BEL,SELL,422,422,True,approved,7,7,146,0,True,1,0,0,2
SMV2-0130,HAL,SELL,53,53,True,approved,6,6,147,0,True,1,0,0,3
SMV2-0130,INDIGO,SELL,56,56,True,approved,5,5,148,0,True,1,0,0,4
SMV2-0130,METROBRAND,SELL,136,136,True,approved,4,4,149,0,True,1,0,0,5
SMV2-0130,MIRZAINT,SELL,423,423,True,approved,3,3,150,0,True,1,0,0,6
SMV2-0130,M&M,SELL,18,18,True,approved,2,2,151,0,True,0,0,0,7
SMV2-0130,BAJAJ-AUTO,BUY,25,25,True,approved,2,2,151,0,False,0,0,0,7
SMV2-0130,RELIANCE,BUY,38,38,True,approved,3,3,150,0,False,0,0,0,6
SMV2-0130,ONGC,BUY,701,701,True,approved,4,4,149,0,False,0,0,0,5
SMV2-0130,MRPL,BUY,1144,1144,True,approved,5,5,148,0,False,0,0,0,4
SMV2-0130,MCDOWELL-N,BUY,127,127,True,approved,6,6,147,0,False,0,0,0,3
SMV2-0130,UBL,BUY,65,65,True,approved,7,7,146,0,False,0,0,0,2
SMV2-0130,RADICO,BUY,106,106,True,approved,8,8,145,0,False,0,0,0,1
SMV2-0131,MRPL,SELL,1144,1144,True,approved,9,9,144,0,True,1,0,0,0
SMV2-0131,ONGC,SELL,701,701,True,approved,8,8,145,0,True,1,0,0,1
SMV2-0131,RELIANCE,SELL,38,38,True,approved,7,7,146,0,True,1,0,0,2
SMV2-0131,JKPAPER,BUY,312,312,True,approved,6,6,147,0,False,0,0,0,3
SMV2-0131,WSTCSTPAPR,BUY,273,273,True,approved,7,7,146,0,False,0,0,0,2
SMV2-0131,SATIA,BUY,641,641,True,approved,8,8,145,0,False,0,0,0,1
SMV2-0132,JKPAPER,SELL,312,312,True,approved,9,9,144,0,True,1,0,0,0
SMV2-0132,MCDOWELL-N,SELL,127,127,True,approved,8,8,145,0,True,1,0,0,1
SMV2-0132,RADICO,SELL,106,106,True,approved,7,7,146,0,True,1,0,0,2
SMV2-0132,SATIA,SELL,641,641,True,approved,6,6,147,0,True,1,0,0,3
SMV2-0132,UBL,SELL,65,65,True,approved,5,5,148,0,True,1,0,0,4
SMV2-0132,WSTCSTPAPR,SELL,273,273,True,approved,4,4,149,0,True,1,0,0,5
SMV2-0132,HINDUNILVR,BUY,38,38,True,approved,3,3,150,0,False,0,0,0,6
SMV2-0132,JUBLFOOD,BUY,169,169,True,approved,4,4,149,0,False,0,0,0,5
SMV2-0132,BRITANNIA,BUY,25,25,True,approved,5,5,148,0,False,0,0,0,4
SMV2-0132,TITAN,BUY,44,44,True,approved,6,6,147,0,False,0,0,0,3
SMV2-0132,RAJESHEXPO,BUY,164,164,True,approved,7,7,146,0,False,0,0,0,2
SMV2-0132,VAIBHAVGBL,BUY,277,277,True,approved,8,8,145,0,False,0,0,0,1
SMV2-0133,RAJESHEXPO,SELL,164,164,True,approved,9,9,144,0,True,1,0,0,0
SMV2-0133,TITAN,SELL,44,44,True,approved,8,8,145,0,True,1,0,0,1
SMV2-0133,VAIBHAVGBL,SELL,277,277,True,approved,7,7,146,0,True,1,0,0,2
SMV2-0133,DIXON,BUY,26,26,True,approved,6,6,147,0,False,0,0,0,3
SMV2-0133,VOLTAS,BUY,99,99,True,approved,7,7,146,0,False,0,0,0,2
SMV2-0133,CROMPTON,BUY,202,202,True,approved,8,8,145,0,False,0,0,0,1
SMV2-0134,BAJAJ-AUTO,SELL,25,25,True,approved,9,9,144,0,True,1,0,0,0
SMV2-0134,BRITANNIA,SELL,25,25,True,approved,8,8,145,0,True,1,0,0,1
SMV2-0134,HINDUNILVR,SELL,38,38,True,approved,7,7,146,0,True,1,0,0,2
SMV2-0134,JUBLFOOD,SELL,169,169,True,approved,6,6,147,0,True,1,0,0,3
SMV2-0134,M&M,SELL,90,90,True,approved,5,5,148,0,True,1,0,0,4
SMV2-0134,MARUTI,SELL,13,13,True,approved,4,4,149,0,True,1,0,0,5
SMV2-0134,CROMPTON,BUY,60,60,True,approved,3,3,150,0,True,0,0,0,6
SMV2-0134,JKPAPER,BUY,299,299,True,approved,3,3,150,0,False,0,0,0,6
SMV2-0134,WSTCSTPAPR,BUY,263,263,True,approved,4,4,149,0,False,0,0,0,5
SMV2-0134,TNPL,BUY,464,464,True,approved,5,5,148,0,False,0,0,0,4
SMV2-0134,DLF,BUY,275,275,True,approved,6,6,148,0,False,0,0,0,3
SMV2-0134,GODREJPROP,BUY,68,68,True,approved,7,7,147,0,False,0,0,0,2
SMV2-0134,OBEROIRLTY,BUY,110,110,True,approved,8,8,146,0,False,0,0,0,1
SMV2-0135,DLF,SELL,275,275,True,approved,9,9,145,0,True,1,0,0,0
SMV2-0135,GODREJPROP,SELL,68,68,True,approved,8,8,146,0,True,1,0,0,1
SMV2-0135,JKPAPER,SELL,299,299,True,approved,7,7,147,0,True,1,0,0,2
SMV2-0135,OBEROIRLTY,SELL,110,110,True,approved,6,6,148,0,True,1,0,0,3
SMV2-0135,TNPL,SELL,464,464,True,approved,5,5,149,0,True,1,0,0,4
SMV2-0135,WSTCSTPAPR,SELL,263,263,True,approved,4,4,150,0,True,1,0,0,5
SMV2-0135,BEL,BUY,375,375,True,approved,3,3,151,0,False,0,0,0,6
SMV2-0135,HAL,BUY,51,51,True,approved,4,4,150,0,False,0,0,0,5
SMV2-0135,INDIGO,BUY,54,54,True,approved,5,5,149,0,False,0,0,0,4
SMV2-0135,HDFCBANK,BUY,71,71,True,approved,6,6,148,0,False,0,0,0,3
SMV2-0135,ICICIBANK,BUY,126,126,True,approved,7,7,147,0,False,0,0,0,2
SMV2-0135,AXISBANK,BUY,142,142,True,approved,8,8,146,0,False,0,0,0,1
SMV2-0136,CROMPTON,SELL,262,262,True,approved,9,9,145,0,True,1,0,0,0
SMV2-0136,DIXON,SELL,26,26,True,approved,8,8,146,0,True,1,0,0,1
SMV2-0136,VOLTAS,SELL,99,99,True,approved,7,7,147,0,True,1,0,0,2
SMV2-0136,JKPAPER,BUY,270,270,True,approved,6,6,148,0,False,0,0,0,3
SMV2-0136,WSTCSTPAPR,BUY,208,208,True,approved,7,7,147,0,False,0,0,0,2
SMV2-0136,TNPL,BUY,393,393,True,approved,8,8,146,0,False,0,0,0,1
SMV2-0138,AXISBANK,SELL,142,142,True,approved,9,9,145,0,True,1,0,0,0
SMV2-0138,HDFCBANK,SELL,71,71,True,approved,8,8,146,0,True,1,0,0,1
SMV2-0138,ICICIBANK,SELL,126,126,True,approved,7,7,147,0,True,1,0,0,2
SMV2-0138,ZEEL,BUY,416,416,True,approved,6,6,148,0,False,0,0,0,3
SMV2-0138,SUNTV,BUY,220,220,True,approved,7,7,147,0,False,0,0,0,2
SMV2-0138,NDTV,BUY,286,286,True,approved,8,8,146,0,False,0,0,0,1
SMV2-0140,NDTV,SELL,69,69,True,approved,9,9,146,0,True,0,0,0,0
SMV2-0141,BEL,SELL,375,375,True,approved,9,9,146,0,True,1,0,0,0
SMV2-0141,HAL,SELL,51,51,True,approved,8,8,147,0,True,1,0,0,1
SMV2-0141,INDIGO,SELL,54,54,True,approved,7,7,148,0,True,1,0,0,2
SMV2-0141,JKPAPER,SELL,270,270,True,approved,6,6,149,0,True,1,0,0,3
SMV2-0141,TNPL,SELL,393,393,True,approved,5,5,150,0,True,1,0,0,4
SMV2-0141,WSTCSTPAPR,SELL,208,208,True,approved,4,4,151,0,True,1,0,0,5
SMV2-0141,NDTV,BUY,55,55,True,approved,3,3,152,0,True,0,0,0,6
SMV2-0141,UFLEX,BUY,149,149,True,approved,3,3,152,0,False,0,0,0,6
SMV2-0141,AGI,BUY,312,312,True,approved,4,4,151,0,False,0,0,0,5
SMV2-0141,TCPLPACK,BUY,84,84,True,approved,5,5,151,0,False,0,0,0,4
SMV2-0141,DLF,BUY,289,289,True,approved,6,6,150,0,False,0,0,0,3
SMV2-0141,IBREALEST,BUY,1324,1324,True,approved,7,7,149,0,False,0,0,0,2
SMV2-0141,GODREJPROP,BUY,81,81,True,approved,8,8,148,0,False,0,0,0,1
SMV2-0142,AGI,SELL,312,312,True,approved,9,9,147,0,True,1,0,0,0
SMV2-0142,DLF,SELL,289,289,True,approved,8,8,148,0,True,1,0,0,1
SMV2-0142,GODREJPROP,SELL,81,81,True,approved,7,7,149,0,True,1,0,0,2
SMV2-0142,IBREALEST,SELL,1324,1324,True,approved,6,6,150,0,True,1,0,0,3
SMV2-0142,NDTV,SELL,272,272,True,approved,5,5,151,0,True,1,0,0,4
SMV2-0142,SUNTV,SELL,220,220,True,approved,4,4,152,0,True,1,0,0,5
SMV2-0142,TCPLPACK,SELL,84,84,True,approved,3,3,153,0,True,1,0,0,6
SMV2-0142,UFLEX,SELL,149,149,True,approved,2,2,154,0,True,1,0,0,7
SMV2-0142,ZEEL,SELL,416,416,True,approved,1,1,155,0,True,1,0,0,8
SMV2-0142,INDHOTEL,BUY,347,347,True,approved,0,0,156,0,False,0,0,0,9
SMV2-0142,BLS,BUY,392,392,True,approved,1,1,155,0,False,0,0,0,8
SMV2-0142,EASEMYTRIP,BUY,264,264,True,approved,2,2,154,0,False,0,0,0,7
SMV2-0142,INDIGO,BUY,59,59,True,approved,3,3,153,0,False,0,0,0,6
SMV2-0142,HAL,BUY,44,44,True,approved,4,4,152,0,False,0,0,0,5
SMV2-0142,BEL,BUY,985,985,True,approved,5,5,151,0,False,0,0,0,4
SMV2-0142,CONCOR,BUY,149,149,True,approved,6,6,150,0,False,0,0,0,3
SMV2-0142,ALLCARGO,BUY,274,274,True,approved,7,7,149,0,False,0,0,0,2
SMV2-0142,BLUEDART,BUY,13,13,True,approved,8,8,149,0,False,0,0,0,1
SMV2-0144,BEL,SELL,985,985,True,approved,9,9,148,0,True,1,0,0,0
SMV2-0144,HAL,SELL,44,44,True,approved,8,8,149,0,True,1,0,0,1
SMV2-0144,INDIGO,SELL,59,59,True,approved,7,7,150,0,True,1,0,0,2
SMV2-0144,CAMPUS,BUY,187,187,True,approved,6,6,151,0,False,0,0,0,3
SMV2-0144,BATAINDIA,BUY,59,59,True,approved,7,7,151,0,False,0,0,0,2
SMV2-0144,METROBRAND,BUY,108,108,True,approved,8,8,150,0,False,0,0,0,1
SMV2-0146,ALLCARGO,SELL,274,274,True,approved,9,9,149,0,True,1,0,0,0
SMV2-0146,BLUEDART,SELL,13,13,True,approved,8,8,150,0,True,1,0,0,1
SMV2-0146,CONCOR,SELL,149,149,True,approved,7,7,151,0,True,1,0,0,2
SMV2-0146,MCDOWELL-N,BUY,129,129,True,approved,6,6,152,0,False,0,0,0,3
SMV2-0146,UBL,BUY,64,64,True,approved,7,7,151,0,False,0,0,0,2
SMV2-0146,RADICO,BUY,102,102,True,approved,8,8,150,0,False,0,0,0,1
SMV2-0147,BLS,SELL,392,392,True,approved,9,9,149,0,True,1,0,0,0
SMV2-0147,EASEMYTRIP,SELL,264,264,True,approved,8,8,150,0,True,1,0,0,1
SMV2-0147,INDHOTEL,SELL,347,347,True,approved,7,7,151,0,True,1,0,0,2
SMV2-0147,MCDOWELL-N,SELL,129,129,True,approved,6,6,152,0,True,1,0,0,3
SMV2-0147,RADICO,SELL,102,102,True,approved,5,5,153,0,True,1,0,0,4
SMV2-0147,UBL,SELL,64,64,True,approved,4,4,154,0,True,1,0,0,5
SMV2-0147,HAL,BUY,45,45,True,approved,3,3,155,0,False,0,0,0,6
SMV2-0147,BEL,BUY,1048,1048,True,approved,4,4,154,0,False,0,0,0,5
SMV2-0147,INDIGO,BUY,60,60,True,approved,5,5,153,0,False,0,0,0,4
SMV2-0147,JKPAPER,BUY,282,282,True,approved,6,6,152,0,False,0,0,0,3
SMV2-0147,WSTCSTPAPR,BUY,192,192,True,approved,7,7,151,0,False,0,0,0,2
SMV2-0147,TNPL,BUY,450,450,True,approved,8,8,150,0,False,0,0,0,1
SMV2-0148,BATAINDIA,SELL,59,59,True,approved,9,9,149,0,True,1,0,0,0
SMV2-0148,CAMPUS,SELL,187,187,True,approved,8,8,150,0,True,1,0,0,1
SMV2-0148,METROBRAND,SELL,108,108,True,approved,7,7,151,0,True,1,0,0,2
SMV2-0148,AXISBANK,BUY,122,122,True,approved,6,6,152,0,False,0,0,0,3
SMV2-0148,ICICIBANK,BUY,121,121,True,approved,7,7,151,0,False,0,0,0,2
SMV2-0148,HDFCBANK,BUY,62,62,True,approved,8,8,150,0,False,0,0,0,1
SMV2-0150,JKPAPER,SELL,282,282,True,approved,9,9,149,0,True,1,0,0,0
SMV2-0150,TNPL,SELL,450,450,True,approved,8,8,150,0,True,1,0,0,1
SMV2-0150,WSTCSTPAPR,SELL,192,192,True,approved,7,7,151,0,True,1,0,0,2
SMV2-0150,ADANIENT,BUY,27,27,True,approved,6,6,152,0,False,0,0,0,3
SMV2-0150,REDINGTON,BUY,738,738,True,approved,7,7,151,0,False,0,0,0,2
SMV2-0150,SUNDRMFAST,BUY,114,114,True,approved,8,8,150,0,False,0,0,0,1
SMV2-0151,BEL,SELL,1048,1048,True,approved,9,9,150,0,True,1,0,0,0
SMV2-0151,HAL,SELL,45,45,True,approved,8,8,151,0,True,1,0,0,1
SMV2-0151,INDIGO,SELL,60,60,True,approved,7,7,152,0,True,1,0,0,2
SMV2-0151,GAIL,BUY,1241,1241,True,approved,6,6,153,0,False,0,0,0,3
SMV2-0151,MGL,BUY,124,124,True,approved,7,7,152,0,False,0,0,0,2
SMV2-0151,REFEX,BUY,498,498,True,approved,8,8,151,0,False,0,0,0,1
SMV2-0153,REFEX,SELL,97,97,True,approved,9,9,151,0,True,0,0,0,0
SMV2-0154,GAIL,SELL,1241,1241,True,approved,9,9,151,0,True,1,0,0,0
SMV2-0154,MGL,SELL,124,124,True,approved,8,8,152,0,True,1,0,0,1
SMV2-0154,REFEX,SELL,401,401,True,approved,7,7,153,0,True,1,0,0,2
SMV2-0154,ADANIPORTS,BUY,132,132,True,approved,6,6,154,0,False,0,0,0,3
SMV2-0154,LT,BUY,54,54,True,approved,7,7,153,0,False,0,0,0,2
SMV2-0154,RVNL,BUY,1772,1772,True,approved,8,8,152,0,False,0,0,0,1
SMV2-0156,ADANIENT,SELL,27,27,True,approved,9,9,152,0,True,1,0,0,0
SMV2-0156,ADANIPORTS,SELL,132,132,True,approved,8,8,153,0,True,1,0,0,1
SMV2-0156,LT,SELL,54,54,True,approved,7,7,154,0,True,1,0,0,2
SMV2-0156,REDINGTON,SELL,738,738,True,approved,6,6,155,0,True,1,0,0,3
SMV2-0156,RVNL,SELL,1772,1772,True,approved,5,5,156,0,True,1,0,0,4
SMV2-0156,SUNDRMFAST,SELL,114,114,True,approved,4,4,157,0,True,1,0,0,5
SMV2-0156,LICI,BUY,167,167,True,approved,3,3,158,0,False,0,0,0,6
SMV2-0156,POLICYBZR,BUY,247,247,True,approved,4,4,158,0,False,0,0,0,5
SMV2-0156,HDFCLIFE,BUY,197,197,True,approved,5,5,158,0,False,0,0,0,4
SMV2-0156,SUNPHARMA,BUY,109,109,True,approved,6,6,157,0,False,0,0,0,3
SMV2-0156,APOLLOHOSP,BUY,23,23,True,approved,7,7,156,0,False,0,0,0,2
SMV2-0156,CIPLA,BUY,98,98,True,approved,8,8,156,0,False,0,0,0,1
SMV2-0157,APOLLOHOSP,SELL,23,23,True,approved,9,9,155,0,True,1,0,0,0
SMV2-0157,CIPLA,SELL,98,98,True,approved,8,8,156,0,True,1,0,0,1
SMV2-0157,HDFCLIFE,SELL,197,197,True,approved,7,7,157,0,True,1,0,0,2
SMV2-0157,LICI,SELL,167,167,True,approved,6,6,158,0,True,1,0,0,3
SMV2-0157,POLICYBZR,SELL,247,247,True,approved,5,5,159,0,True,1,0,0,4
SMV2-0157,SUNPHARMA,SELL,109,109,True,approved,4,4,160,0,True,1,0,0,5
SMV2-0157,TATASTEEL,BUY,966,966,True,approved,3,3,161,0,False,0,0,0,6
SMV2-0157,HINDALCO,BUY,232,232,True,approved,4,4,160,0,False,0,0,0,5
SMV2-0157,VEDL,BUY,356,356,True,approved,5,5,159,0,False,0,0,0,4
SMV2-0157,ASTRAL,BUY,55,55,True,approved,6,6,158,0,False,0,0,0,3
SMV2-0157,FINPIPE,BUY,595,595,True,approved,7,7,157,0,False,0,0,0,2
SMV2-0157,SUPREMEIND,BUY,45,45,True,approved,8,8,157,0,False,0,0,0,1
SMV2-0158,ASTRAL,SELL,55,55,True,approved,9,9,156,0,True,1,0,0,0
SMV2-0158,FINPIPE,SELL,595,595,True,approved,8,8,157,0,True,1,0,0,1
SMV2-0158,HINDALCO,SELL,232,232,True,approved,7,7,158,0,True,1,0,0,2
SMV2-0158,SUPREMEIND,SELL,45,45,True,approved,6,6,159,0,True,1,0,0,3
SMV2-0158,TATASTEEL,SELL,966,966,True,approved,5,5,160,0,True,1,0,0,4
SMV2-0158,VEDL,SELL,356,356,True,approved,4,4,161,0,True,1,0,0,5
SMV2-0158,POLYCAB,BUY,41,41,True,approved,3,3,162,0,False,0,0,0,6
SMV2-0158,ABB,BUY,38,38,True,approved,4,4,161,0,False,0,0,0,5
SMV2-0158,KEI,BUY,74,74,True,approved,5,5,160,0,False,0,0,0,4
SMV2-0158,LICI,BUY,154,154,True,approved,6,6,159,0,False,0,0,0,3
SMV2-0158,HDFCLIFE,BUY,180,180,True,approved,7,7,158,0,False,0,0,0,2
SMV2-0158,SBILIFE,BUY,86,86,True,approved,8,8,157,0,False,0,0,0,1
SMV2-0159,AXISBANK,SELL,122,122,True,approved,9,9,156,0,True,1,0,0,0
SMV2-0159,HDFCBANK,SELL,62,62,True,approved,8,8,157,0,True,1,0,0,1
SMV2-0159,ICICIBANK,SELL,121,121,True,approved,7,7,158,0,True,1,0,0,2
SMV2-0159,TITAN,BUY,45,45,True,approved,6,6,159,0,False,0,0,0,3
SMV2-0159,KALYANKJIL,BUY,893,893,True,approved,7,7,158,0,False,0,0,0,2
SMV2-0159,RAJESHEXPO,BUY,137,137,True,approved,8,8,157,0,False,0,0,0,1
SMV2-0160,HDFCLIFE,SELL,180,180,True,approved,9,9,156,0,True,1,0,0,0
SMV2-0160,LICI,SELL,154,154,True,approved,8,8,157,0,True,1,0,0,1
SMV2-0160,SBILIFE,SELL,86,86,True,approved,7,7,158,0,True,1,0,0,2
SMV2-0160,TATASTEEL,BUY,902,902,True,approved,6,6,159,0,False,0,0,0,3
SMV2-0160,HINDALCO,BUY,225,225,True,approved,7,7,158,0,False,0,0,0,2
SMV2-0160,VEDL,BUY,326,326,True,approved,8,8,157,0,False,0,0,0,1
SMV2-0162,ABB,SELL,38,38,True,approved,9,9,156,0,True,1,0,0,0
SMV2-0162,KEI,SELL,74,74,True,approved,8,8,157,0,True,1,0,0,1
SMV2-0162,POLYCAB,SELL,41,41,True,approved,7,7,158,0,True,1,0,0,2
SMV2-0162,INFY,BUY,70,70,True,approved,6,6,159,0,False,0,0,0,3
SMV2-0162,TCS,BUY,32,32,True,approved,7,7,158,0,False,0,0,0,2
SMV2-0162,HCLTECH,BUY,98,98,True,approved,8,8,157,0,False,0,0,0,1
SMV2-0164,HINDALCO,SELL,225,225,True,approved,9,9,156,0,True,1,0,0,0
SMV2-0164,KALYANKJIL,SELL,893,893,True,approved,8,8,157,0,True,1,0,0,1
SMV2-0164,RAJESHEXPO,SELL,137,137,True,approved,7,7,158,0,True,1,0,0,2
SMV2-0164,TATASTEEL,SELL,902,902,True,approved,6,6,159,0,True,1,0,0,3
SMV2-0164,TITAN,SELL,45,45,True,approved,5,5,160,0,True,1,0,0,4
SMV2-0164,VEDL,SELL,326,326,True,approved,4,4,161,0,True,1,0,0,5
SMV2-0164,ITC,BUY,278,278,True,approved,3,3,162,0,False,0,0,0,6
SMV2-0164,SRF,BUY,46,46,True,approved,4,4,161,0,False,0,0,0,5
SMV2-0164,GRASIM,BUY,65,65,True,approved,5,5,160,0,False,0,0,0,4
SMV2-0164,HAL,BUY,40,40,True,approved,6,6,159,0,False,0,0,0,3
SMV2-0164,INDIGO,BUY,56,56,True,approved,7,7,158,0,False,0,0,0,2
SMV2-0164,BEL,BUY,1035,1035,True,approved,8,8,157,0,False,0,0,0,1
SMV2-0165,BEL,SELL,1035,1035,True,approved,9,9,156,0,True,1,0,0,0
SMV2-0165,HAL,SELL,40,40,True,approved,8,8,157,0,True,1,0,0,1
SMV2-0165,INDIGO,SELL,56,56,True,approved,7,7,158,0,True,1,0,0,2
SMV2-0165,BATAINDIA,BUY,72,72,True,approved,6,6,159,0,False,0,0,0,3
SMV2-0165,MIRZAINT,BUY,362,362,True,approved,7,7,158,0,False,0,0,0,2
SMV2-0165,CAMPUS,BUY,237,237,True,approved,8,8,157,0,False,0,0,0,1
SMV2-0166,GRASIM,SELL,65,65,True,approved,9,9,156,0,True,1,0,0,0
SMV2-0166,HCLTECH,SELL,98,98,True,approved,8,8,157,0,True,1,0,0,1
SMV2-0166,INFY,SELL,70,70,True,approved,7,7,158,0,True,1,0,0,2
SMV2-0166,ITC,SELL,278,278,True,approved,6,6,159,0,True,1,0,0,3
SMV2-0166,SRF,SELL,46,46,True,approved,5,5,160,0,True,1,0,0,4
SMV2-0166,TCS,SELL,32,32,True,approved,4,4,161,0,True,1,0,0,5
SMV2-0166,POWERGRID,BUY,462,462,True,approved,3,3,162,0,False,0,0,0,6
SMV2-0166,NTPC,BUY,599,599,True,approved,4,4,162,0,False,0,0,0,5
SMV2-0166,TATAPOWER,BUY,496,496,True,approved,5,5,161,0,False,0,0,0,4
SMV2-0166,HDFCLIFE,BUY,210,210,True,approved,6,6,160,0,False,0,0,0,3
SMV2-0166,POLICYBZR,BUY,171,171,True,approved,7,7,159,0,False,0,0,0,2
SMV2-0166,SBILIFE,BUY,91,91,True,approved,8,8,158,0,False,0,0,0,1
SMV2-0167,HDFCLIFE,SELL,210,210,True,approved,9,9,157,0,True,1,0,0,0
SMV2-0167,POLICYBZR,SELL,171,171,True,approved,8,8,158,0,True,1,0,0,1
SMV2-0167,SBILIFE,SELL,91,91,True,approved,7,7,159,0,True,1,0,0,2
SMV2-0167,RELIANCE,BUY,44,44,True,approved,6,6,160,0,False,0,0,0,3
SMV2-0167,ONGC,BUY,657,657,True,approved,7,7,159,0,False,0,0,0,2
SMV2-0167,HINDPETRO,BUY,448,448,True,approved,8,8,158,0,False,0,0,0,1
SMV2-0168,BATAINDIA,SELL,72,72,True,approved,9,9,158,0,True,1,0,0,0
SMV2-0168,CAMPUS,SELL,237,237,True,approved,8,8,159,0,True,1,0,0,1
SMV2-0168,MIRZAINT,SELL,362,362,True,approved,7,7,160,0,True,1,0,0,2
SMV2-0168,MCDOWELL-N,BUY,134,134,True,approved,6,6,161,0,False,0,0,0,3
SMV2-0168,UBL,BUY,70,70,True,approved,7,7,160,0,False,0,0,0,2
SMV2-0168,RADICO,BUY,78,78,True,approved,8,8,159,0,False,0,0,0,1
SMV2-0169,NTPC,SELL,599,599,True,approved,9,9,158,0,True,1,0,0,0
SMV2-0169,POWERGRID,SELL,462,462,True,approved,8,8,159,0,True,1,0,0,1
SMV2-0169,TATAPOWER,SELL,496,496,True,approved,7,7,160,0,True,1,0,0,2
SMV2-0169,OLECTRA,BUY,157,157,True,approved,6,6,161,0,False,0,0,0,3
SMV2-0169,ABB,BUY,29,29,True,approved,7,7,161,0,False,0,0,0,2
SMV2-0169,FINCABLES,BUY,126,126,True,approved,8,8,160,0,False,0,0,0,1
SMV2-0172,HINDPETRO,SELL,448,448,True,approved,9,9,159,0,True,1,0,0,0
SMV2-0172,MCDOWELL-N,SELL,134,134,True,approved,8,8,160,0,True,1,0,0,1
SMV2-0172,ONGC,SELL,657,657,True,approved,7,7,161,0,True,1,0,0,2
SMV2-0172,RADICO,SELL,78,78,True,approved,6,6,162,0,True,1,0,0,3
SMV2-0172,RELIANCE,SELL,44,44,True,approved,5,5,163,0,True,1,0,0,4
SMV2-0172,UBL,SELL,70,70,True,approved,4,4,164,0,True,1,0,0,5
SMV2-0172,JKPAPER,BUY,263,263,True,approved,3,3,165,0,False,0,0,0,6
SMV2-0172,WSTCSTPAPR,BUY,176,176,True,approved,4,4,164,0,False,0,0,0,5
SMV2-0172,TNPL,BUY,417,417,True,approved,5,5,163,0,False,0,0,0,4
SMV2-0172,HAL,BUY,35,35,True,approved,6,6,162,0,False,0,0,0,3
SMV2-0172,BEL,BUY,991,991,True,approved,7,7,161,0,False,0,0,0,2
SMV2-0172,INDIGO,BUY,52,52,True,approved,8,8,160,0,False,0,0,0,1
SMV2-0173,BEL,SELL,991,991,True,approved,9,9,159,0,True,1,0,0,0
SMV2-0173,HAL,SELL,35,35,True,approved,8,8,160,0,True,1,0,0,1
SMV2-0173,INDIGO,SELL,52,52,True,approved,7,7,161,0,True,1,0,0,2
SMV2-0173,JKPAPER,SELL,263,263,True,approved,6,6,162,0,True,1,0,0,3
SMV2-0173,TNPL,SELL,417,417,True,approved,5,5,163,0,True,1,0,0,4
SMV2-0173,WSTCSTPAPR,SELL,176,176,True,approved,4,4,164,0,True,1,0,0,5
SMV2-0173,UFLEX,BUY,252,252,True,approved,3,3,165,0,False,0,0,0,6
SMV2-0173,AGI,BUY,258,258,True,approved,4,4,164,0,False,0,0,0,5
SMV2-0173,JINDALPOLY,BUY,170,170,True,approved,5,5,163,0,False,0,0,0,4
SMV2-0173,INDHOTEL,BUY,297,297,True,approved,6,6,162,0,False,0,0,0,3
SMV2-0173,BLS,BUY,563,563,True,approved,7,7,161,0,False,0,0,0,2
SMV2-0173,LEMONTREE,BUY,1109,1109,True,approved,8,8,160,0,False,0,0,0,1
SMV2-0174,ABB,SELL,29,29,True,approved,9,9,159,0,True,1,0,0,0
SMV2-0174,FINCABLES,SELL,126,126,True,approved,8,8,160,0,True,1,0,0,1
SMV2-0174,OLECTRA,SELL,157,157,True,approved,7,7,161,0,True,1,0,0,2
SMV2-0174,RAYMOND,BUY,64,64,True,approved,6,6,162,0,False,0,0,0,3
SMV2-0174,PAGEIND,BUY,2,2,True,approved,7,7,161,0,False,0,0,0,2
SMV2-0174,AXITA,BUY,1992,1992,True,approved,8,8,160,0,False,0,0,0,1
SMV2-0175,AGI,SELL,55,55,True,approved,9,9,160,0,True,0,0,0,0
SMV2-0175,AXITA,BUY,885,885,True,approved,9,9,160,0,True,0,0,0,0
SMV2-0176,AXITA,SELL,2877,2877,True,approved,9,9,160,0,True,1,0,0,0
SMV2-0176,PAGEIND,SELL,2,2,True,approved,8,8,161,0,True,1,0,0,1
SMV2-0176,RAYMOND,SELL,64,64,True,approved,7,7,162,0,True,1,0,0,2
SMV2-0176,RVNL,BUY,849,849,True,approved,6,6,163,0,False,0,0,0,3
SMV2-0176,LT,BUY,47,47,True,approved,7,7,162,0,False,0,0,0,2
SMV2-0176,IRCON,BUY,1040,1040,True,approved,8,8,161,0,False,0,0,0,1
SMV2-0177,BLS,SELL,563,563,True,approved,9,9,161,0,True,1,0,0,0
SMV2-0177,INDHOTEL,SELL,297,297,True,approved,8,8,162,0,True,1,0,0,1
SMV2-0177,LEMONTREE,SELL,1109,1109,True,approved,7,7,163,0,True,1,0,0,2
SMV2-0177,IRCON,BUY,302,302,True,approved,6,6,164,0,True,0,0,0,3
SMV2-0177,ABB,BUY,27,27,True,approved,6,6,164,0,False,0,0,0,3
SMV2-0177,POLYCAB,BUY,30,30,True,approved,7,7,163,0,False,0,0,0,2
SMV2-0177,KEI,BUY,39,39,True,approved,8,8,162,0,False,0,0,0,1
SMV2-0178,IRCON,SELL,1342,1342,True,approved,9,9,161,0,True,1,0,0,0
SMV2-0178,LT,SELL,47,47,True,approved,8,8,162,0,True,1,0,0,1
SMV2-0178,RVNL,SELL,849,849,True,approved,7,7,163,0,True,1,0,0,2
SMV2-0178,KEI,BUY,13,13,True,approved,6,6,164,0,True,0,0,0,3
SMV2-0178,INFY,BUY,78,78,True,approved,6,6,164,0,False,0,0,0,3
SMV2-0178,TCS,BUY,31,31,True,approved,7,7,163,0,False,0,0,0,2
SMV2-0178,PAYTM,BUY,111,111,True,approved,8,8,162,0,False,0,0,0,1
SMV2-0179,AGI,SELL,203,203,True,approved,9,9,162,0,True,1,0,0,0
SMV2-0179,JINDALPOLY,SELL,170,170,True,approved,8,8,163,0,True,1,0,0,1
SMV2-0179,UFLEX,SELL,252,252,True,approved,7,7,164,0,True,1,0,0,2
SMV2-0179,PAYTM,BUY,34,34,True,approved,6,6,165,0,True,0,0,0,3
SMV2-0179,GAIL,BUY,1002,1002,True,approved,6,6,165,0,False,0,0,0,3
SMV2-0179,MGL,BUY,101,101,True,approved,7,7,164,0,False,0,0,0,2
SMV2-0179,REFEX,BUY,193,193,True,approved,8,8,163,0,False,0,0,0,1
SMV2-0180,GAIL,SELL,1002,1002,True,approved,9,9,162,0,True,1,0,0,0
SMV2-0180,MGL,SELL,101,101,True,approved,8,8,163,0,True,1,0,0,1
SMV2-0180,REFEX,SELL,193,193,True,approved,7,7,164,0,True,1,0,0,2
SMV2-0180,MCDOWELL-N,BUY,118,118,True,approved,6,6,165,0,False,0,0,0,3
SMV2-0180,UBL,BUY,71,71,True,approved,7,7,164,0,False,0,0,0,2
SMV2-0180,SULA,BUY,207,207,True,approved,8,8,163,0,False,0,0,0,1
SMV2-0181,INFY,SELL,78,78,True,approved,9,9,163,0,True,1,0,0,0
SMV2-0181,MCDOWELL-N,SELL,118,118,True,approved,8,8,164,0,True,1,0,0,1
SMV2-0181,PAYTM,SELL,145,145,True,approved,7,7,165,0,True,1,0,0,2
SMV2-0181,SULA,SELL,207,207,True,approved,6,6,166,0,True,1,0,0,3
SMV2-0181,TCS,SELL,31,31,True,approved,5,5,167,0,True,1,0,0,4
SMV2-0181,UBL,SELL,71,71,True,approved,4,4,168,0,True,1,0,0,5
SMV2-0181,ZEEL,BUY,586,586,True,approved,3,3,169,0,False,0,0,0,6
SMV2-0181,TV18BRDCST,BUY,2700,2700,True,approved,4,4,168,0,False,0,0,0,5
SMV2-0181,SUNTV,BUY,245,245,True,approved,5,5,167,0,False,0,0,0,4
SMV2-0181,HAL,BUY,27,27,True,approved,6,6,166,0,False,0,0,0,3
SMV2-0181,INDIGO,BUY,44,44,True,approved,7,7,165,0,False,0,0,0,2
SMV2-0181,BEL,BUY,776,776,True,approved,8,8,164,0,False,0,0,0,1
SMV2-0182,SUNTV,SELL,245,245,True,approved,9,9,163,0,True,1,0,0,0
SMV2-0182,TV18BRDCST,SELL,2700,2700,True,approved,8,8,164,0,True,1,0,0,1
SMV2-0182,ZEEL,SELL,586,586,True,approved,7,7,165,0,True,1,0,0,2
SMV2-0182,BHEL,BUY,1238,1238,True,approved,6,6,166,0,False,0,0,0,3
SMV2-0182,SIEMENS,BUY,28,28,True,approved,7,7,165,0,False,0,0,0,2
SMV2-0182,GRAPHITE,BUY,255,255,True,approved,8,8,164,0,False,0,0,0,1
SMV2-0183,ABB,SELL,27,27,True,approved,9,9,164,0,True,1,0,0,0
SMV2-0183,KEI,SELL,52,52,True,approved,8,8,165,0,True,1,0,0,1
SMV2-0183,POLYCAB,SELL,30,30,True,approved,7,7,166,0,True,1,0,0,2
SMV2-0183,MARUTI,BUY,11,11,True,approved,6,6,167,0,False,0,0,0,3
SMV2-0183,M&M,BUY,73,73,True,approved,7,7,166,0,False,0,0,0,2
SMV2-0183,HEROMOTOCO,BUY,37,37,True,approved,8,8,165,0,False,0,0,0,1
SMV2-0185,BHEL,SELL,1238,1238,True,approved,9,9,164,0,True,1,0,0,0
SMV2-0185,GRAPHITE,SELL,255,255,True,approved,8,8,165,0,True,1,0,0,1
SMV2-0185,SIEMENS,SELL,28,28,True,approved,7,7,166,0,True,1,0,0,2
SMV2-0185,GAIL,BUY,1015,1015,True,approved,6,6,167,0,False,0,0,0,3
SMV2-0185,MGL,BUY,103,103,True,approved,7,7,166,0,False,0,0,0,2
SMV2-0185,CONFIPET,BUY,1481,1481,True,approved,8,8,165,0,False,0,0,0,1
SMV2-0186,BEL,SELL,776,776,True,approved,9,9,164,0,True,1,0,0,0
SMV2-0186,HAL,SELL,27,27,True,approved,8,8,165,0,True,1,0,0,1
SMV2-0186,HEROMOTOCO,SELL,37,37,True,approved,7,7,166,0,True,1,0,0,2
SMV2-0186,INDIGO,SELL,44,44,True,approved,6,6,167,0,True,1,0,0,3
SMV2-0186,M&M,SELL,73,73,True,approved,5,5,168,0,True,1,0,0,4
SMV2-0186,MARUTI,SELL,11,11,True,approved,4,4,169,0,True,1,0,0,5
SMV2-0186,OLECTRA,BUY,87,87,True,approved,3,3,170,0,False,0,0,0,6
SMV2-0186,POLYCAB,BUY,24,24,True,approved,4,4,169,0,False,0,0,0,5
SMV2-0186,ABB,BUY,26,26,True,approved,5,5,168,0,False,0,0,0,4
SMV2-0186,ZENTEC,BUY,181,181,True,approved,6,6,167,0,False,0,0,0,3
SMV2-0186,BDL,BUY,94,94,True,approved,7,7,167,0,False,0,0,0,2
SMV2-0186,INDIAMART,BUY,35,35,True,approved,8,8,167,0,False,0,0,0,1
SMV2-0187,BDL,SELL,94,94,True,approved,9,9,167,0,True,1,0,0,0
SMV2-0187,INDIAMART,SELL,35,35,True,approved,8,8,168,0,True,1,0,0,1
SMV2-0187,ZENTEC,SELL,181,181,True,approved,7,7,169,0,True,1,0,0,2
SMV2-0187,BHARTIARTL,BUY,126,126,True,approved,6,6,170,0,False,0,0,0,3
SMV2-0187,TATACOMM,BUY,63,63,True,approved,7,7,169,0,False,0,0,0,2
SMV2-0187,TEJASNET,BUY,132,132,True,approved,8,8,168,0,False,0,0,0,1
SMV2-0189,ABB,SELL,26,26,True,approved,9,9,168,0,True,1,0,0,0
SMV2-0189,BHARTIARTL,SELL,126,126,True,approved,8,8,169,0,True,1,0,0,1
SMV2-0189,CONFIPET,SELL,1481,1481,True,approved,7,7,170,0,True,1,0,0,2
SMV2-0189,GAIL,SELL,1015,1015,True,approved,6,6,171,0,True,1,0,0,3
SMV2-0189,MGL,SELL,103,103,True,approved,5,5,172,0,True,1,0,0,4
SMV2-0189,OLECTRA,SELL,87,87,True,approved,4,4,173,0,True,1,0,0,5
SMV2-0189,POLYCAB,SELL,24,24,True,approved,3,3,174,0,True,1,0,0,6
SMV2-0189,TATACOMM,SELL,63,63,True,approved,2,2,175,0,True,1,0,0,7
SMV2-0189,TEJASNET,SELL,132,132,True,approved,1,1,176,0,True,1,0,0,8
SMV2-0189,RVNL,BUY,843,843,True,approved,0,0,177,0,False,0,0,0,9
SMV2-0189,LT,BUY,40,40,True,approved,1,1,176,0,False,0,0,0,8
SMV2-0189,ADANIPORTS,BUY,137,137,True,approved,2,2,175,0,False,0,0,0,7
SMV2-0189,NTPC,BUY,503,503,True,approved,3,3,174,0,False,0,0,0,6
SMV2-0189,TATAPOWER,BUY,455,455,True,approved,4,4,173,0,False,0,0,0,5
SMV2-0189,POWERGRID,BUY,438,438,True,approved,5,5,172,0,False,0,0,0,4
SMV2-0189,IRFC,BUY,2207,2207,True,approved,6,6,171,0,False,0,0,0,3
SMV2-0189,RECLTD,BUY,484,484,True,approved,7,7,171,0,False,0,0,0,2
SMV2-0189,PFC,BUY,408,408,True,approved,8,8,171,0,False,0,0,0,1
SMV2-0190,IRFC,SELL,2207,2207,True,approved,9,9,171,0,True,1,0,0,0
SMV2-0190,PFC,SELL,408,408,True,approved,8,8,172,0,True,1,0,0,1
SMV2-0190,RECLTD,SELL,484,484,True,approved,7,7,173,0,True,1,0,0,2
SMV2-0190,JKPAPER,BUY,291,291,True,approved,6,6,174,0,False,0,0,0,3
SMV2-0190,SATIA,BUY,811,811,True,approved,7,7,173,0,False,0,0,0,2
SMV2-0190,WSTCSTPAPR,BUY,190,190,True,approved,8,8,172,0,False,0,0,0,1
SMV2-0191,NTPC,SELL,503,503,True,approved,9,9,171,0,True,1,0,0,0
SMV2-0191,POWERGRID,SELL,438,438,True,approved,8,8,172,0,True,1,0,0,1
SMV2-0191,TATAPOWER,SELL,455,455,True,approved,7,7,173,0,True,1,0,0,2
SMV2-0191,POLYCAB,BUY,21,21,True,approved,6,6,174,0,False,0,0,0,3
SMV2-0191,OLECTRA,BUY,89,89,True,approved,7,7,173,0,False,0,0,0,2
SMV2-0191,ABB,BUY,25,25,True,approved,8,8,172,0,False,0,0,0,1
SMV2-0192,ADANIPORTS,SELL,137,137,True,approved,9,9,171,0,True,1,0,0,0
SMV2-0192,LT,SELL,40,40,True,approved,8,8,172,0,True,1,0,0,1
SMV2-0192,RVNL,SELL,843,843,True,approved,7,7,173,0,True,1,0,0,2
SMV2-0192,BHARTIARTL,BUY,129,129,True,approved,6,6,174,0,False,0,0,0,3
SMV2-0192,RAILTEL,BUY,466,466,True,approved,7,7,173,0,False,0,0,0,2
SMV2-0192,TATACOMM,BUY,60,60,True,approved,8,8,173,0,False,0,0,0,1
SMV2-0195,ABB,SELL,25,25,True,approved,9,9,172,0,True,1,0,0,0
SMV2-0195,JKPAPER,SELL,291,291,True,approved,8,8,173,0,True,1,0,0,1
SMV2-0195,OLECTRA,SELL,89,89,True,approved,7,7,174,0,True,1,0,0,2
SMV2-0195,POLYCAB,SELL,21,21,True,approved,6,6,175,0,True,1,0,0,3
SMV2-0195,SATIA,SELL,811,811,True,approved,5,5,176,0,True,1,0,0,4
SMV2-0195,WSTCSTPAPR,SELL,190,190,True,approved,4,4,177,0,True,1,0,0,5
SMV2-0195,ADANIENT,BUY,45,45,True,approved,3,3,178,0,False,0,0,0,6
SMV2-0195,MMTC,BUY,1957,1957,True,approved,4,4,177,0,False,0,0,0,5
SMV2-0195,REDINGTON,BUY,715,715,True,approved,5,5,176,0,False,0,0,0,4
SMV2-0195,UFLEX,BUY,257,257,True,approved,6,6,175,0,False,0,0,0,3
SMV2-0195,AGI,BUY,125,125,True,approved,7,7,174,0,False,0,0,0,2
SMV2-0195,COSMOFIRST,BUY,165,165,True,approved,8,8,173,0,False,0,0,0,1
SMV2-0196,AGI,SELL,125,125,True,approved,9,9,173,0,True,1,0,0,0
SMV2-0196,COSMOFIRST,SELL,165,165,True,approved,8,8,174,0,True,1,0,0,1
SMV2-0196,UFLEX,SELL,257,257,True,approved,7,7,175,0,True,1,0,0,2
SMV2-0196,HDFCBANK,BUY,74,74,True,approved,6,6,176,0,False,0,0,0,3
SMV2-0196,ICICIBANK,BUY,119,119,True,approved,7,7,175,0,False,0,0,0,2
SMV2-0196,AXISBANK,BUY,109,109,True,approved,8,8,174,0,False,0,0,0,1
SMV2-0197,ADANIENT,SELL,45,45,True,approved,9,9,173,0,True,1,0,0,0
SMV2-0197,BHARTIARTL,SELL,129,129,True,approved,8,8,174,0,True,1,0,0,1
SMV2-0197,MMTC,SELL,1957,1957,True,approved,7,7,175,0,True,1,0,0,2
SMV2-0197,RAILTEL,SELL,466,466,True,approved,6,6,176,0,True,1,0,0,3
SMV2-0197,REDINGTON,SELL,715,715,True,approved,5,5,177,0,True,1,0,0,4
SMV2-0197,TATACOMM,SELL,60,60,True,approved,4,4,178,0,True,1,0,0,5
SMV2-0197,AGI,BUY,120,120,True,approved,3,3,179,0,False,0,0,0,6
SMV2-0197,UFLEX,BUY,251,251,True,approved,4,4,178,0,False,0,0,0,5
SMV2-0197,JINDALPOLY,BUY,164,164,True,approved,5,5,177,0,False,0,0,0,4
SMV2-0197,DLF,BUY,202,202,True,approved,6,6,176,0,False,0,0,0,3
SMV2-0197,NBCC,BUY,1853,1853,True,approved,7,7,175,0,False,0,0,0,2
SMV2-0197,IBREALEST,BUY,1362,1362,True,approved,8,8,174,0,False,0,0,0,1
SMV2-0198,AXISBANK,SELL,109,109,True,approved,9,9,173,0,True,1,0,0,0
SMV2-0198,HDFCBANK,SELL,74,74,True,approved,8,8,174,0,True,1,0,0,1
SMV2-0198,ICICIBANK,SELL,119,119,True,approved,7,7,175,0,True,1,0,0,2
SMV2-0198,RECLTD,BUY,386,386,True,approved,6,6,176,0,False,0,0,0,3
SMV2-0198,IRFC,BUY,1477,1477,True,approved,7,7,175,0,False,0,0,0,2
SMV2-0198,PFC,BUY,416,416,True,approved,8,8,174,0,False,0,0,0,1
SMV2-0199,AGI,SELL,120,120,True,approved,9,9,173,0,True,1,0,0,0
SMV2-0199,IRFC,SELL,1477,1477,True,approved,8,8,174,0,True,1,0,0,1
SMV2-0199,JINDALPOLY,SELL,164,164,True,approved,7,7,175,0,True,1,0,0,2
SMV2-0199,PFC,SELL,416,416,True,approved,6,6,176,0,True,1,0,0,3
SMV2-0199,RECLTD,SELL,386,386,True,approved,5,5,177,0,True,1,0,0,4
SMV2-0199,UFLEX,SELL,251,251,True,approved,4,4,178,0,True,1,0,0,5
SMV2-0199,METROBRAND,BUY,92,92,True,approved,3,3,179,0,False,0,0,0,6
SMV2-0199,CAMPUS,BUY,385,385,True,approved,4,4,178,0,False,0,0,0,5
SMV2-0199,BATAINDIA,BUY,70,70,True,approved,5,5,177,0,False,0,0,0,4
SMV2-0199,TITAN,BUY,34,34,True,approved,6,6,176,0,False,0,0,0,3
SMV2-0199,KALYANKJIL,BUY,374,374,True,approved,7,7,175,0,False,0,0,0,2
SMV2-0199,RAJESHEXPO,BUY,245,245,True,approved,8,8,174,0,False,0,0,0,1
SMV2-0200,IBREALEST,SELL,1362,1362,True,approved,9,9,173,0,True,1,0,0,0
SMV2-0200,PRESTIGE,BUY,135,135,True,approved,8,8,174,0,False,0,0,0,1
SMV2-0202,BATAINDIA,SELL,70,70,True,approved,9,9,174,0,True,1,0,0,0
SMV2-0202,CAMPUS,SELL,385,385,True,approved,8,8,175,0,True,1,0,0,1
SMV2-0202,METROBRAND,SELL,92,92,True,approved,7,7,176,0,True,1,0,0,2
SMV2-0202,HAL,BUY,55,55,True,approved,6,6,177,0,False,0,0,0,3
SMV2-0202,INDIGO,BUY,45,45,True,approved,7,7,176,0,False,0,0,0,2
SMV2-0202,BEL,BUY,727,727,True,approved,8,8,175,0,False,0,0,0,1
SMV2-0203,KALYANKJIL,SELL,374,374,True,approved,9,9,174,0,True,1,0,0,0
SMV2-0203,RAJESHEXPO,SELL,245,245,True,approved,8,8,175,0,True,1,0,0,1
SMV2-0203,TITAN,SELL,34,34,True,approved,7,7,176,0,True,1,0,0,2
SMV2-0203,RPOWER,BUY,4997,4997,True,approved,6,6,177,0,False,0,0,0,3
SMV2-0203,NTPC,BUY,457,457,True,approved,7,7,177,0,False,0,0,0,2
SMV2-0203,POWERGRID,BUY,441,441,True,approved,8,8,176,0,False,0,0,0,1
SMV2-0204,PRESTIGE,SELL,135,135,True,approved,9,9,175,0,True,1,0,0,0
SMV2-0204,GODREJPROP,BUY,62,62,True,approved,8,8,176,0,False,0,0,0,1
SMV2-0205,POWERGRID,BUY,52,52,True,approved,9,9,175,0,True,0,0,0,0
SMV2-0206,GODREJPROP,SELL,62,62,True,approved,9,9,175,0,True,1,0,0,0
SMV2-0206,LODHA,BUY,129,129,True,approved,8,8,176,0,False,0,0,0,1
SMV2-0207,DLF,SELL,202,202,True,approved,9,9,176,0,True,1,0,0,0
SMV2-0207,LODHA,SELL,129,129,True,approved,8,8,177,0,True,1,0,0,1
SMV2-0207,NBCC,SELL,1853,1853,True,approved,7,7,178,0,True,1,0,0,2
SMV2-0207,ADANIENT,BUY,44,44,True,approved,6,6,179,0,False,0,0,0,3
SMV2-0207,MSTCLTD,BUY,266,266,True,approved,7,7,178,0,False,0,0,0,2
SMV2-0207,MMTC,BUY,2202,2202,True,approved,8,8,177,0,False,0,0,0,1
SMV2-0209,BEL,SELL,727,727,True,approved,9,9,176,0,True,1,0,0,0
SMV2-0209,HAL,SELL,55,55,True,approved,8,8,177,0,True,1,0,0,1
SMV2-0209,INDIGO,SELL,45,45,True,approved,7,7,178,0,True,1,0,0,2
SMV2-0209,MSTCLTD,SELL,60,60,True,approved,6,6,179,0,True,0,0,0,3
SMV2-0209,SAIL,BUY,1126,1126,True,approved,6,6,179,0,False,0,0,0,3
SMV2-0209,HINDCOPPER,BUY,504,504,True,approved,7,7,178,0,False,0,0,0,2
SMV2-0209,COALINDIA,BUY,368,368,True,approved,8,8,178,0,False,0,0,0,1
SMV2-0210,ADANIENT,SELL,44,44,True,approved,9,9,178,0,True,1,0,0,0
SMV2-0210,MMTC,SELL,2202,2202,True,approved,8,8,179,0,True,1,0,0,1
SMV2-0210,MSTCLTD,SELL,206,206,True,approved,7,7,180,0,True,1,0,0,2
SMV2-0210,BHARTIARTL,BUY,137,137,True,approved,6,6,181,0,False,0,0,0,3
SMV2-0210,HFCL,BUY,1571,1571,True,approved,7,7,180,0,False,0,0,0,2
SMV2-0210,RAILTEL,BUY,405,405,True,approved,8,8,179,0,False,0,0,0,1
SMV2-0211,BHARTIARTL,SELL,137,137,True,approved,9,9,178,0,True,1,0,0,0
SMV2-0211,COALINDIA,SELL,368,368,True,approved,8,8,179,0,True,1,0,0,1
SMV2-0211,HFCL,SELL,1571,1571,True,approved,7,7,180,0,True,1,0,0,2
SMV2-0211,HINDCOPPER,SELL,504,504,True,approved,6,6,181,0,True,1,0,0,3
SMV2-0211,NTPC,SELL,457,457,True,approved,5,5,182,0,True,1,0,0,4
SMV2-0211,POWERGRID,SELL,493,493,True,approved,4,4,183,0,True,1,0,0,5
SMV2-0211,RAILTEL,SELL,405,405,True,approved,3,3,184,0,True,1,0,0,6
SMV2-0211,RPOWER,SELL,4997,4997,True,approved,2,2,185,0,True,1,0,0,7
SMV2-0211,SAIL,SELL,1126,1126,True,approved,1,1,186,0,True,1,0,0,8
SMV2-0211,EASEMYTRIP,BUY,2820,2820,True,approved,0,0,187,0,False,0,0,0,9
SMV2-0211,BLS,BUY,375,375,True,approved,1,1,186,0,False,0,0,0,8
SMV2-0211,LEMONTREE,BUY,1056,1056,True,approved,2,2,185,0,False,0,0,0,7
SMV2-0211,RELIANCE,BUY,51,51,True,approved,3,3,184,0,False,0,0,0,6
SMV2-0211,HINDPETRO,BUY,314,314,True,approved,4,4,183,0,False,0,0,0,5
SMV2-0211,ONGC,BUY,622,622,True,approved,5,5,182,0,False,0,0,0,4
SMV2-0211,DLF,BUY,177,177,True,approved,6,6,181,0,False,0,0,0,3
SMV2-0211,NBCC,BUY,1546,1546,True,approved,7,7,180,0,False,0,0,0,2
SMV2-0211,IBREALEST,BUY,1407,1407,True,approved,8,8,179,0,False,0,0,0,1
SMV2-0213,HINDPETRO,SELL,314,314,True,approved,9,9,178,0,True,1,0,0,0
SMV2-0213,ONGC,SELL,622,622,True,approved,8,8,179,0,True,1,0,0,1
SMV2-0213,RELIANCE,SELL,51,51,True,approved,7,7,180,0,True,1,0,0,2
SMV2-0213,NBCC,SELL,301,301,True,approved,6,6,181,0,True,0,0,0,3
SMV2-0213,JKPAPER,BUY,346,346,True,approved,6,6,181,0,False,0,0,0,3
SMV2-0213,ORIENTPPR,BUY,2601,2601,True,approved,7,7,180,0,False,0,0,0,2
SMV2-0213,PAKKA,BUY,399,399,True,approved,8,8,179,0,False,0,0,0,1
SMV2-0214,DLF,SELL,177,177,True,approved,9,9,179,0,True,1,0,0,0
SMV2-0214,IBREALEST,SELL,1407,1407,True,approved,8,8,180,0,True,1,0,0,1
SMV2-0214,NBCC,SELL,1245,1245,True,approved,7,7,181,0,True,1,0,0,2
SMV2-0214,NHPC,BUY,1444,1444,True,approved,6,6,182,0,False,0,0,0,3
SMV2-0214,TATAPOWER,BUY,386,386,True,approved,7,7,182,0,False,0,0,0,2
SMV2-0214,SJVN,BUY,1053,1053,True,approved,8,8,181,0,False,0,0,0,1
SMV2-0216,JKPAPER,SELL,346,346,True,approved,9,9,181,0,True,1,0,0,0
SMV2-0216,ORIENTPPR,SELL,2601,2601,True,approved,8,8,182,0,True,1,0,0,1
SMV2-0216,PAKKA,SELL,399,399,True,approved,7,7,183,0,True,1,0,0,2
SMV2-0216,RELIANCE,BUY,49,49,True,approved,6,6,184,0,False,0,0,0,3
SMV2-0216,IOC,BUY,765,765,True,approved,7,7,183,0,False,0,0,0,2
SMV2-0216,BPCL,BUY,218,218,True,approved,8,8,182,0,False,0,0,0,1
SMV2-0217,NHPC,SELL,1444,1444,True,approved,9,9,181,0,True,1,0,0,0
SMV2-0217,SJVN,SELL,1053,1053,True,approved,8,8,182,0,True,1,0,0,1
SMV2-0217,TATAPOWER,SELL,386,386,True,approved,7,7,183,0,True,1,0,0,2
SMV2-0217,LICI,BUY,132,132,True,approved,6,6,184,0,False,0,0,0,3
SMV2-0217,HDFCLIFE,BUY,249,249,True,approved,7,7,183,0,False,0,0,0,2
SMV2-0217,POLICYBZR,BUY,138,138,True,approved,8,8,182,0,False,0,0,0,1
SMV2-0218,BLS,SELL,375,375,True,approved,9,9,181,0,True,1,0,0,0
SMV2-0218,EASEMYTRIP,SELL,2820,2820,True,approved,8,8,182,0,True,1,0,0,1
SMV2-0218,LEMONTREE,SELL,1056,1056,True,approved,7,7,183,0,True,1,0,0,2
SMV2-0218,HAL,BUY,45,45,True,approved,6,6,184,0,False,0,0,0,3
SMV2-0218,BEL,BUY,690,690,True,approved,7,7,183,0,False,0,0,0,2
SMV2-0218,INDIGO,BUY,45,45,True,approved,8,8,182,0,False,0,0,0,1
SMV2-0220,BPCL,SELL,218,218,True,approved,9,9,181,0,True,1,0,0,0
SMV2-0220,IOC,SELL,765,765,True,approved,8,8,182,0,True,1,0,0,1
SMV2-0220,RELIANCE,SELL,49,49,True,approved,7,7,183,0,True,1,0,0,2
SMV2-0220,CAMPUS,BUY,597,597,True,approved,6,6,184,0,False,0,0,0,3
SMV2-0220,BATAINDIA,BUY,99,99,True,approved,7,7,183,0,False,0,0,0,2
SMV2-0220,METROBRAND,BUY,113,113,True,approved,8,8,182,0,False,0,0,0,1
SMV2-0221,BATAINDIA,SELL,99,99,True,approved,9,9,181,0,True,1,0,0,0
SMV2-0221,CAMPUS,SELL,597,597,True,approved,8,8,182,0,True,1,0,0,1
SMV2-0221,METROBRAND,SELL,113,113,True,approved,7,7,183,0,True,1,0,0,2
SMV2-0221,MCDOWELL-N,BUY,123,123,True,approved,6,6,184,0,False,0,0,0,3
SMV2-0221,SULA,BUY,254,254,True,approved,7,7,183,0,False,0,0,0,2
SMV2-0221,RADICO,BUY,71,71,True,approved,8,8,182,0,False,0,0,0,1
SMV2-0222,MCDOWELL-N,SELL,123,123,True,approved,9,9,181,0,True,1,0,0,0
SMV2-0222,RADICO,SELL,71,71,True,approved,8,8,182,0,True,1,0,0,1
SMV2-0222,SULA,SELL,254,254,True,approved,7,7,183,0,True,1,0,0,2
SMV2-0222,TRENT,BUY,36,36,True,approved,6,6,184,0,False,0,0,0,3
SMV2-0222,DMART,BUY,31,31,True,approved,7,7,183,0,False,0,0,0,2
SMV2-0222,ABFRL,BUY,568,568,True,approved,8,8,182,0,False,0,0,0,1
SMV2-0223,ABFRL,SELL,568,568,True,approved,9,9,181,0,True,1,0,0,0
SMV2-0223,DMART,SELL,31,31,True,approved,8,8,182,0,True,1,0,0,1
SMV2-0223,HDFCLIFE,SELL,249,249,True,approved,7,7,183,0,True,1,0,0,2
SMV2-0223,LICI,SELL,132,132,True,approved,6,6,184,0,True,1,0,0,3
SMV2-0223,POLICYBZR,SELL,138,138,True,approved,5,5,185,0,True,1,0,0,4
SMV2-0223,TRENT,SELL,36,36,True,approved,4,4,186,0,True,1,0,0,5
SMV2-0223,MCDOWELL-N,BUY,132,132,True,approved,3,3,187,0,False,0,0,0,6
SMV2-0223,UBL,BUY,83,83,True,approved,4,4,186,0,False,0,0,0,5
SMV2-0223,RADICO,BUY,88,88,True,approved,5,5,185,0,False,0,0,0,4
SMV2-0223,TATAPOWER,BUY,361,361,True,approved,6,6,184,0,False,0,0,0,3
SMV2-0223,NHPC,BUY,1597,1597,True,approved,7,7,183,0,False,0,0,0,2
SMV2-0223,NTPC,BUY,361,361,True,approved,8,8,182,0,False,0,0,0,1
SMV2-0224,BEL,SELL,690,690,True,approved,9,9,181,0,True,1,0,0,0
SMV2-0224,HAL,SELL,45,45,True,approved,8,8,182,0,True,1,0,0,1
SMV2-0224,INDIGO,SELL,45,45,True,approved,7,7,183,0,True,1,0,0,2
SMV2-0224,TATASTEEL,BUY,938,938,True,approved,6,6,184,0,False,0,0,0,3
SMV2-0224,SAIL,BUY,993,993,True,approved,7,7,183,0,False,0,0,0,2
SMV2-0224,HINDCOPPER,BUY,421,421,True,approved,8,8,182,0,False,0,0,0,1
SMV2-0225,NHPC,SELL,1597,1597,True,approved,9,9,181,0,True,1,0,0,0
SMV2-0225,NTPC,SELL,361,361,True,approved,8,8,182,0,True,1,0,0,1
SMV2-0225,TATAPOWER,SELL,361,361,True,approved,7,7,183,0,True,1,0,0,2
SMV2-0225,DLF,BUY,176,176,True,approved,6,6,184,0,False,0,0,0,3
SMV2-0225,IBREALEST,BUY,1133,1133,True,approved,7,7,183,0,False,0,0,0,2
SMV2-0225,GODREJPROP,BUY,60,60,True,approved,8,8,182,0,False,0,0,0,1
SMV2-0226,MCDOWELL-N,SELL,132,132,True,approved,9,9,181,0,True,1,0,0,0
SMV2-0226,RADICO,SELL,88,88,True,approved,8,8,182,0,True,1,0,0,1
SMV2-0226,UBL,SELL,83,83,True,approved,7,7,183,0,True,1,0,0,2
SMV2-0226,HAL,BUY,39,39,True,approved,6,6,184,0,False,0,0,0,3
SMV2-0226,BEL,BUY,667,667,True,approved,7,7,183,0,False,0,0,0,2
SMV2-0226,INDIGO,BUY,40,40,True,approved,8,8,182,0,False,0,0,0,1
SMV2-0227,BEL,SELL,667,667,True,approved,9,9,181,0,True,1,0,0,0
SMV2-0227,DLF,SELL,176,176,True,approved,8,8,182,0,True,1,0,0,1
SMV2-0227,GODREJPROP,SELL,60,60,True,approved,7,7,183,0,True,1,0,0,2
SMV2-0227,HAL,SELL,39,39,True,approved,6,6,184,0,True,1,0,0,3
SMV2-0227,IBREALEST,SELL,1133,1133,True,approved,5,5,185,0,True,1,0,0,4
SMV2-0227,INDIGO,SELL,40,40,True,approved,4,4,186,0,True,1,0,0,5
SMV2-0227,TATAPOWER,BUY,344,344,True,approved,3,3,187,0,False,0,0,0,6
SMV2-0227,IREDA,BUY,884,884,True,approved,4,4,186,0,False,0,0,0,5
SMV2-0227,NTPC,BUY,429,429,True,approved,5,5,186,0,False,0,0,0,4
SMV2-0227,JKPAPER,BUY,410,410,True,approved,6,6,185,0,False,0,0,0,3
SMV2-0227,ORIENTPPR,BUY,2743,2743,True,approved,7,7,184,0,False,0,0,0,2
SMV2-0227,WSTCSTPAPR,BUY,209,209,True,approved,8,8,183,0,False,0,0,0,1
SMV2-0228,HINDCOPPER,SELL,421,421,True,approved,9,9,182,0,True,1,0,0,0
SMV2-0228,IREDA,SELL,884,884,True,approved,8,8,183,0,True,1,0,0,1
SMV2-0228,NTPC,SELL,429,429,True,approved,7,7,184,0,True,1,0,0,2
SMV2-0228,SAIL,SELL,993,993,True,approved,6,6,185,0,True,1,0,0,3
SMV2-0228,TATAPOWER,SELL,344,344,True,approved,5,5,186,0,True,1,0,0,4
SMV2-0228,TATASTEEL,SELL,938,938,True,approved,4,4,187,0,True,1,0,0,5
SMV2-0228,BHEL,BUY,537,537,True,approved,3,3,188,0,False,0,0,0,6
SMV2-0228,HAVELLS,BUY,87,87,True,approved,4,4,187,0,False,0,0,0,5
SMV2-0228,SIEMENS,BUY,23,23,True,approved,5,5,186,0,False,0,0,0,4
SMV2-0228,HAL,BUY,38,38,True,approved,6,6,185,0,False,0,0,0,3
SMV2-0228,BEL,BUY,645,645,True,approved,7,7,184,0,False,0,0,0,2
SMV2-0228,INDIGO,BUY,36,36,True,approved,8,8,183,0,False,0,0,0,1
SMV2-0230,BHEL,SELL,537,537,True,approved,9,9,182,0,True,1,0,0,0
SMV2-0230,HAVELLS,SELL,87,87,True,approved,8,8,183,0,True,1,0,0,1
SMV2-0230,JKPAPER,SELL,410,410,True,approved,7,7,184,0,True,1,0,0,2
SMV2-0230,ORIENTPPR,SELL,2743,2743,True,approved,6,6,185,0,True,1,0,0,3
SMV2-0230,SIEMENS,SELL,23,23,True,approved,5,5,186,0,True,1,0,0,4
SMV2-0230,WSTCSTPAPR,SELL,209,209,True,approved,4,4,187,0,True,1,0,0,5
SMV2-0230,HAL,SELL,6,6,True,approved,3,3,188,0,True,0,0,0,6
SMV2-0230,LT,BUY,45,45,True,approved,3,3,188,0,False,0,0,0,6
SMV2-0230,RVNL,BUY,442,442,True,approved,4,4,187,0,False,0,0,0,5
SMV2-0230,ADANIPORTS,BUY,115,115,True,approved,5,5,186,0,False,0,0,0,4
SMV2-0230,NHPC,BUY,1605,1605,True,approved,6,6,185,0,False,0,0,0,3
SMV2-0230,TATAPOWER,BUY,370,370,True,approved,7,7,184,0,False,0,0,0,2
SMV2-0230,IREDA,BUY,802,802,True,approved,8,8,183,0,False,0,0,0,1
SMV2-0231,IREDA,SELL,802,802,True,approved,9,9,182,0,True,1,0,0,0
SMV2-0231,NHPC,SELL,1605,1605,True,approved,8,8,183,0,True,1,0,0,1
SMV2-0231,TATAPOWER,SELL,370,370,True,approved,7,7,184,0,True,1,0,0,2
SMV2-0231,TITAGARH,BUY,113,113,True,approved,6,6,185,0,False,0,0,0,3
SMV2-0231,TEXRAIL,BUY,827,827,True,approved,7,7,185,0,False,0,0,0,2
SMV2-0231,CARBORUNIV,BUY,99,99,True,approved,8,8,185,0,False,0,0,0,1
SMV2-0233,BEL,SELL,645,645,True,approved,9,9,185,0,True,1,0,0,0
SMV2-0233,HAL,SELL,32,32,True,approved,8,8,186,0,True,1,0,0,1
SMV2-0233,INDIGO,SELL,36,36,True,approved,7,7,187,0,True,1,0,0,2
SMV2-0233,ABB,BUY,18,18,True,approved,6,6,188,0,False,0,0,0,3
SMV2-0233,POLYCAB,BUY,24,24,True,approved,7,7,187,0,False,0,0,0,2
SMV2-0233,FINCABLES,BUY,108,108,True,approved,8,8,186,0,False,0,0,0,1
SMV2-0235,ABB,SELL,18,18,True,approved,9,9,185,0,True,1,0,0,0
SMV2-0235,CARBORUNIV,SELL,99,99,True,approved,8,8,186,0,True,1,0,0,1
SMV2-0235,FINCABLES,SELL,108,108,True,approved,7,7,187,0,True,1,0,0,2
SMV2-0235,POLYCAB,SELL,24,24,True,approved,6,6,188,0,True,1,0,0,3
SMV2-0235,TEXRAIL,SELL,827,827,True,approved,5,5,189,0,True,1,0,0,4
SMV2-0235,TITAGARH,SELL,113,113,True,approved,4,4,190,0,True,1,0,0,5
SMV2-0235,HUHTAMAKI,BUY,486,486,True,approved,3,3,191,0,False,0,0,0,6
SMV2-0235,JINDALPOLY,BUY,256,256,True,approved,4,4,190,0,False,0,0,0,5
SMV2-0235,UFLEX,BUY,341,341,True,approved,5,5,189,0,False,0,0,0,4
SMV2-0235,DIXON,BUY,14,14,True,approved,6,6,188,0,False,0,0,0,3
SMV2-0235,VOLTAS,BUY,120,120,True,approved,7,7,187,0,False,0,0,0,2
SMV2-0235,CROMPTON,BUY,438,438,True,approved,8,8,186,0,False,0,0,0,1
SMV2-0236,ADANIPORTS,SELL,115,115,True,approved,9,9,185,0,True,1,0,0,0
SMV2-0236,CROMPTON,SELL,438,438,True,approved,8,8,186,0,True,1,0,0,1
SMV2-0236,DIXON,SELL,14,14,True,approved,7,7,187,0,True,1,0,0,2
SMV2-0236,LT,SELL,45,45,True,approved,6,6,188,0,True,1,0,0,3
SMV2-0236,RVNL,SELL,442,442,True,approved,5,5,189,0,True,1,0,0,4
SMV2-0236,VOLTAS,SELL,120,120,True,approved,4,4,190,0,True,1,0,0,5
SMV2-0236,GAIL,BUY,849,849,True,approved,3,3,191,0,False,0,0,0,6
SMV2-0236,MGL,BUY,111,111,True,approved,4,4,190,0,False,0,0,0,5
SMV2-0236,REFEX,BUY,895,895,True,approved,5,5,189,0,False,0,0,0,4
SMV2-0236,TITAGARH,BUY,102,102,True,approved,6,6,188,0,False,0,0,0,3
SMV2-0236,TEXRAIL,BUY,680,680,True,approved,7,7,187,0,False,0,0,0,2
SMV2-0236,CARBORUNIV,BUY,97,97,True,approved,8,8,186,0,False,0,0,0,1
SMV2-0237,CARBORUNIV,SELL,97,97,True,approved,9,9,185,0,True,1,0,0,0
SMV2-0237,TEXRAIL,SELL,680,680,True,approved,8,8,186,0,True,1,0,0,1
SMV2-0237,TITAGARH,SELL,102,102,True,approved,7,7,187,0,True,1,0,0,2
SMV2-0237,JKPAPER,BUY,337,337,True,approved,6,6,188,0,False,0,0,0,3
SMV2-0237,ORIENTPPR,BUY,3294,3294,True,approved,7,7,187,0,False,0,0,0,2
SMV2-0237,WSTCSTPAPR,BUY,221,221,True,approved,8,8,186,0,False,0,0,0,1
SMV2-0238,HUHTAMAKI,SELL,486,486,True,approved,9,9,185,0,True,1,0,0,0
SMV2-0238,JINDALPOLY,SELL,256,256,True,approved,8,8,186,0,True,1,0,0,1
SMV2-0238,JKPAPER,SELL,337,337,True,approved,7,7,187,0,True,1,0,0,2
SMV2-0238,ORIENTPPR,SELL,3294,3294,True,approved,6,6,188,0,True,1,0,0,3
SMV2-0238,UFLEX,SELL,341,341,True,approved,5,5,189,0,True,1,0,0,4
SMV2-0238,WSTCSTPAPR,SELL,221,221,True,approved,4,4,190,0,True,1,0,0,5
SMV2-0238,BHARTIARTL,BUY,124,124,True,approved,3,3,191,0,False,0,0,0,6
SMV2-0238,INDUSTOWER,BUY,441,441,True,approved,4,4,190,0,False,0,0,0,5
SMV2-0238,RAILTEL,BUY,350,350,True,approved,5,5,189,0,False,0,0,0,4
SMV2-0238,LICI,BUY,164,164,True,approved,6,6,188,0,False,0,0,0,3
SMV2-0238,HDFCLIFE,BUY,286,286,True,approved,7,7,187,0,False,0,0,0,2
SMV2-0238,POLICYBZR,BUY,106,106,True,approved,8,8,186,0,False,0,0,0,1
SMV2-0240,POLICYBZR,SELL,106,106,True,approved,9,9,185,0,True,1,0,0,0
SMV2-0240,REFEX,SELL,141,141,True,approved,8,8,186,0,True,0,0,0,1
SMV2-0240,SBILIFE,BUY,112,112,True,approved,8,8,186,0,False,0,0,0,1
SMV2-0241,BHARTIARTL,SELL,124,124,True,approved,9,9,185,0,True,1,0,0,0
SMV2-0241,HDFCLIFE,SELL,286,286,True,approved,8,8,186,0,True,1,0,0,1
SMV2-0241,INDUSTOWER,SELL,441,441,True,approved,7,7,187,0,True,1,0,0,2
SMV2-0241,LICI,SELL,164,164,True,approved,6,6,188,0,True,1,0,0,3
SMV2-0241,RAILTEL,SELL,350,350,True,approved,5,5,189,0,True,1,0,0,4
SMV2-0241,SBILIFE,SELL,112,112,True,approved,4,4,190,0,True,1,0,0,5
SMV2-0241,HUHTAMAKI,BUY,436,436,True,approved,3,3,191,0,False,0,0,0,6
SMV2-0241,COSMOFIRST,BUY,194,194,True,approved,4,4,190,0,False,0,0,0,5
SMV2-0241,AGI,BUY,252,252,True,approved,5,5,189,0,False,0,0,0,4
SMV2-0241,WELSPUNLIV,BUY,1068,1068,True,approved,6,6,188,0,False,0,0,0,3
SMV2-0241,PAGEIND,BUY,4,4,True,approved,7,7,188,0,False,0,0,0,2
SMV2-0241,LUXIND,BUY,81,81,True,approved,8,8,187,0,False,0,0,0,1
SMV2-0242,LUXIND,SELL,81,81,True,approved,9,9,186,0,True,1,0,0,0
SMV2-0242,PAGEIND,SELL,4,4,True,approved,8,8,187,0,True,1,0,0,1
SMV2-0242,WELSPUNLIV,SELL,1068,1068,True,approved,7,7,188,0,True,1,0,0,2
SMV2-0242,TITAN,BUY,55,55,True,approved,6,6,189,0,False,0,0,0,3
SMV2-0242,KALYANKJIL,BUY,331,331,True,approved,7,7,188,0,False,0,0,0,2
SMV2-0242,GOLDIAM,BUY,651,651,True,approved,8,8,187,0,False,0,0,0,1
SMV2-0243,GAIL,SELL,849,849,True,approved,9,9,186,0,True,1,0,0,0
SMV2-0243,MGL,SELL,111,111,True,approved,8,8,187,0,True,1,0,0,1
SMV2-0243,REFEX,SELL,754,754,True,approved,7,7,188,0,True,1,0,0,2
SMV2-0243,SUNPHARMA,BUY,112,112,True,approved,6,6,189,0,False,0,0,0,3
SMV2-0243,LUPIN,BUY,95,95,True,approved,7,7,188,0,False,0,0,0,2
SMV2-0243,DIVISLAB,BUY,41,41,True,approved,8,8,187,0,False,0,0,0,1
SMV2-0244,AGI,SELL,252,252,True,approved,9,9,186,0,True,1,0,0,0
SMV2-0244,COSMOFIRST,SELL,194,194,True,approved,8,8,187,0,True,1,0,0,1
SMV2-0244,HUHTAMAKI,SELL,436,436,True,approved,7,7,188,0,True,1,0,0,2
SMV2-0244,AVANTIFEED,BUY,299,299,True,approved,6,6,189,0,False,0,0,0,3
SMV2-0244,TATACONSUM,BUY,169,169,True,approved,7,7,188,0,False,0,0,0,2
SMV2-0244,PATANJALI,BUY,94,94,True,approved,8,8,187,0,False,0,0,0,1
SMV2-0245,AVANTIFEED,SELL,299,299,True,approved,9,9,187,0,True,1,0,0,0
SMV2-0245,DIVISLAB,SELL,41,41,True,approved,8,8,188,0,True,1,0,0,1
SMV2-0245,PATANJALI,SELL,94,94,True,approved,7,7,189,0,True,1,0,0,2
SMV2-0245,TATACONSUM,SELL,169,169,True,approved,6,6,190,0,True,1,0,0,3
SMV2-0245,ZYDUSLIFE,BUY,184,184,True,approved,5,5,191,0,False,0,0,0,4
SMV2-0245,UNITDSPR,BUY,138,138,True,approved,6,6,191,0,False,0,0,0,3
SMV2-0245,RADICO,BUY,101,101,True,approved,7,7,191,0,False,0,0,0,2
SMV2-0245,TI,BUY,577,577,True,approved,8,8,190,0,False,0,0,0,1
SMV2-0246,LUPIN,SELL,95,95,True,approved,9,9,190,0,True,1,0,0,0
SMV2-0246,MOREPENLAB,BUY,2287,2287,True,approved,8,8,191,0,False,0,0,0,1
SMV2-0247,MOREPENLAB,SELL,2287,2287,True,approved,9,9,191,0,True,1,0,0,0
SMV2-0247,GRANULES,BUY,365,365,True,approved,8,8,192,0,False,0,0,0,1
SMV2-0248,GRANULES,SELL,365,365,True,approved,9,9,192,0,True,1,0,0,0
SMV2-0248,SUNPHARMA,SELL,112,112,True,approved,8,8,193,0,True,1,0,0,1
SMV2-0248,ZYDUSLIFE,SELL,184,184,True,approved,7,7,194,0,True,1,0,0,2
SMV2-0248,TI,BUY,144,144,True,approved,6,6,195,0,True,0,0,0,3
SMV2-0248,GAIL,BUY,898,898,True,approved,6,6,195,0,False,0,0,0,3
SMV2-0248,MGL,BUY,108,108,True,approved,7,7,194,0,False,0,0,0,2
SMV2-0248,REFEX,BUY,268,268,True,approved,8,8,193,0,False,0,0,0,1
SMV2-0249,RADICO,SELL,101,101,True,approved,9,9,192,0,True,1,0,0,0
SMV2-0249,TI,SELL,721,721,True,approved,8,8,193,0,True,1,0,0,1
SMV2-0249,UNITDSPR,SELL,138,138,True,approved,7,7,194,0,True,1,0,0,2
SMV2-0249,REFEX,BUY,100,100,True,approved,6,6,195,0,True,0,0,0,3
SMV2-0249,NTPC,BUY,479,479,True,approved,6,6,195,0,False,0,0,0,3
SMV2-0249,TATAPOWER,BUY,441,441,True,approved,7,7,194,0,False,0,0,0,2
SMV2-0249,POWERGRID,BUY,449,449,True,approved,8,8,193,0,False,0,0,0,1
SMV2-0250,GAIL,SELL,898,898,True,approved,9,9,192,0,True,1,0,0,0
SMV2-0250,MGL,SELL,108,108,True,approved,8,8,193,0,True,1,0,0,1
SMV2-0250,REFEX,SELL,368,368,True,approved,7,7,194,0,True,1,0,0,2
SMV2-0250,KALYANKJIL,SELL,54,54,True,approved,6,6,195,0,True,0,0,0,3
SMV2-0250,POWERGRID,BUY,158,158,True,approved,6,6,195,0,True,0,0,0,3
SMV2-0250,TATASTEEL,BUY,1237,1237,True,approved,6,6,195,0,False,0,0,0,3
SMV2-0250,VEDL,BUY,400,400,True,approved,7,7,194,0,False,0,0,0,2
SMV2-0250,NATIONALUM,BUY,756,756,True,approved,8,8,193,0,False,0,0,0,1
SMV2-0251,NTPC,SELL,479,479,True,approved,9,9,193,0,True,1,0,0,0
SMV2-0251,POWERGRID,SELL,607,607,True,approved,8,8,194,0,True,1,0,0,1
SMV2-0251,TATAPOWER,SELL,441,441,True,approved,7,7,195,0,True,1,0,0,2
SMV2-0251,GOLDIAM,SELL,134,134,True,approved,6,6,196,0,True,0,0,0,3
SMV2-0251,DIXON,BUY,12,12,True,approved,6,6,196,0,False,0,0,0,3
SMV2-0251,AMBER,BUY,37,37,True,approved,7,7,195,0,False,0,0,0,2
SMV2-0251,VOLTAS,BUY,107,107,True,approved,8,8,194,0,False,0,0,0,1
SMV2-0252,NATIONALUM,SELL,756,756,True,approved,9,9,193,0,True,1,0,0,0
SMV2-0252,TATASTEEL,SELL,1237,1237,True,approved,8,8,194,0,True,1,0,0,1
SMV2-0252,VEDL,SELL,400,400,True,approved,7,7,195,0,True,1,0,0,2
SMV2-0252,AMBER,SELL,7,7,True,approved,6,6,196,0,True,0,0,0,3
SMV2-0252,DIVISLAB,BUY,33,33,True,approved,6,6,196,0,False,0,0,0,3
SMV2-0252,SUNPHARMA,BUY,102,102,True,approved,7,7,195,0,False,0,0,0,2
SMV2-0252,CIPLA,BUY,128,128,True,approved,8,8,194,0,False,0,0,0,1
SMV2-0253,AMBER,SELL,30,30,True,approved,9,9,193,0,True,1,0,0,0
SMV2-0253,DIXON,SELL,12,12,True,approved,8,8,194,0,True,1,0,0,1
SMV2-0253,VOLTAS,SELL,107,107,True,approved,7,7,195,0,True,1,0,0,2
SMV2-0253,CDSL,BUY,123,123,True,approved,6,6,196,0,False,0,0,0,3
SMV2-0253,INDIAMART,BUY,74,74,True,approved,7,7,196,0,False,0,0,0,2
SMV2-0253,SYRMA,BUY,383,383,True,approved,8,8,195,0,False,0,0,0,1
SMV2-0254,CDSL,SELL,123,123,True,approved,9,9,195,0,True,1,0,0,0
SMV2-0254,GOLDIAM,SELL,517,517,True,approved,8,8,196,0,True,1,0,0,1
SMV2-0254,INDIAMART,SELL,74,74,True,approved,7,7,197,0,True,1,0,0,2
SMV2-0254,KALYANKJIL,SELL,277,277,True,approved,6,6,198,0,True,1,0,0,3
SMV2-0254,SYRMA,SELL,383,383,True,approved,5,5,199,0,True,1,0,0,4
SMV2-0254,TITAN,SELL,55,55,True,approved,4,4,200,0,True,1,0,0,5
SMV2-0254,TITAGARH,BUY,166,166,True,approved,3,3,201,0,False,0,0,0,6
SMV2-0254,TEXRAIL,BUY,882,882,True,approved,4,4,200,0,False,0,0,0,5
SMV2-0254,GRINDWELL,BUY,89,89,True,approved,5,5,199,0,False,0,0,0,4
SMV2-0254,RADICO,BUY,83,83,True,approved,6,6,199,0,False,0,0,0,3
SMV2-0254,UNITDSPR,BUY,132,132,True,approved,7,7,198,0,False,0,0,0,2
SMV2-0254,TI,BUY,515,515,True,approved,8,8,197,0,False,0,0,0,1
SMV2-0255,RADICO,SELL,83,83,True,approved,9,9,196,0,True,1,0,0,0
SMV2-0255,TI,SELL,515,515,True,approved,8,8,197,0,True,1,0,0,1
SMV2-0255,UNITDSPR,SELL,132,132,True,approved,7,7,198,0,True,1,0,0,2
SMV2-0255,TATACONSUM,BUY,199,199,True,approved,6,6,199,0,False,0,0,0,3
SMV2-0255,PATANJALI,BUY,100,100,True,approved,7,7,198,0,False,0,0,0,2
SMV2-0255,BBTC,BUY,70,70,True,approved,8,8,197,0,False,0,0,0,1
SMV2-0257,BBTC,SELL,70,70,True,approved,9,9,196,0,True,1,0,0,0
SMV2-0257,CIPLA,SELL,128,128,True,approved,8,8,197,0,True,1,0,0,1
SMV2-0257,DIVISLAB,SELL,33,33,True,approved,7,7,198,0,True,1,0,0,2
SMV2-0257,PATANJALI,SELL,100,100,True,approved,6,6,199,0,True,1,0,0,3
SMV2-0257,SUNPHARMA,SELL,102,102,True,approved,5,5,200,0,True,1,0,0,4
SMV2-0257,TATACONSUM,SELL,199,199,True,approved,4,4,201,0,True,1,0,0,5
SMV2-0257,PAGEIND,BUY,4,4,True,approved,3,3,202,0,False,0,0,0,6
SMV2-0257,RAYMOND,BUY,113,113,True,approved,4,4,201,0,False,0,0,0,5
SMV2-0257,KITEX,BUY,253,253,True,approved,5,5,200,0,False,0,0,0,4
SMV2-0257,BEL,BUY,610,610,True,approved,6,6,200,0,False,0,0,0,3
SMV2-0257,HAL,BUY,41,41,True,approved,7,7,199,0,False,0,0,0,2
SMV2-0257,INDIGO,BUY,42,42,True,approved,8,8,198,0,False,0,0,0,1
SMV2-0258,BEL,SELL,610,610,True,approved,9,9,197,0,True,1,0,0,0
SMV2-0258,HAL,SELL,41,41,True,approved,8,8,198,0,True,1,0,0,1
SMV2-0258,INDIGO,SELL,42,42,True,approved,7,7,199,0,True,1,0,0,2
SMV2-0258,KITEX,SELL,253,253,True,approved,6,6,200,0,True,1,0,0,3
SMV2-0258,HIMATSEIDE,BUY,969,969,True,approved,5,5,201,0,False,0,0,0,4
SMV2-0258,ZEEL,BUY,1327,1327,True,approved,6,6,201,0,False,0,0,0,3
SMV2-0258,PVRINOX,BUY,122,122,True,approved,7,7,200,0,False,0,0,0,2
SMV2-0258,NETWORK18,BUY,2317,2317,True,approved,8,8,200,0,False,0,0,0,1
SMV2-0259,GRINDWELL,SELL,89,89,True,approved,9,9,199,0,True,1,0,0,0
SMV2-0259,NETWORK18,SELL,2317,2317,True,approved,8,8,200,0,True,1,0,0,1
SMV2-0259,PVRINOX,SELL,122,122,True,approved,7,7,201,0,True,1,0,0,2
SMV2-0259,TEXRAIL,SELL,882,882,True,approved,6,6,202,0,True,1,0,0,3
SMV2-0259,TITAGARH,SELL,166,166,True,approved,5,5,203,0,True,1,0,0,4
SMV2-0259,ZEEL,SELL,1327,1327,True,approved,4,4,204,0,True,1,0,0,5
SMV2-0259,BHARTIARTL,BUY,115,115,True,approved,3,3,205,0,False,0,0,0,6
SMV2-0259,ITI,BUY,541,541,True,approved,4,4,204,0,False,0,0,0,5
SMV2-0259,INDUSTOWER,BUY,555,555,True,approved,5,5,203,0,False,0,0,0,4
SMV2-0259,PREMIERENE,BUY,149,149,True,approved,6,6,202,0,False,0,0,0,3
SMV2-0259,KAYNES,BUY,28,28,True,approved,7,7,202,0,False,0,0,0,2
SMV2-0259,ABB,BUY,22,22,True,approved,8,8,202,0,False,0,0,0,1
SMV2-0260,BHARTIARTL,SELL,115,115,True,approved,9,9,201,0,True,1,0,0,0
SMV2-0260,HIMATSEIDE,SELL,969,969,True,approved,8,8,202,0,True,1,0,0,1
SMV2-0260,INDUSTOWER,SELL,555,555,True,approved,7,7,203,0,True,1,0,0,2
SMV2-0260,ITI,SELL,541,541,True,approved,6,6,204,0,True,1,0,0,3
SMV2-0260,ABB,BUY,5,5,True,approved,5,5,205,0,True,0,0,0,4
SMV2-0260,TRIDENT,BUY,5520,5520,True,approved,5,5,205,0,False,0,0,0,4
SMV2-0260,PDMJEPAPER,BUY,876,876,True,approved,6,6,204,0,False,0,0,0,3
SMV2-0260,JKPAPER,BUY,427,427,True,approved,7,7,204,0,False,0,0,0,2
SMV2-0260,TNPL,BUY,738,738,True,approved,8,8,203,0,False,0,0,0,1
SMV2-0262,JKPAPER,SELL,427,427,True,approved,9,9,202,0,True,1,0,0,0
SMV2-0262,PDMJEPAPER,SELL,876,876,True,approved,8,8,203,0,True,1,0,0,1
SMV2-0262,TNPL,SELL,738,738,True,approved,7,7,204,0,True,1,0,0,2
SMV2-0262,UNITDSPR,BUY,110,110,True,approved,6,6,205,0,False,0,0,0,3
SMV2-0262,RADICO,BUY,71,71,True,approved,7,7,204,0,False,0,0,0,2
SMV2-0262,TI,BUY,271,271,True,approved,8,8,203,0,False,0,0,0,1
SMV2-0263,ABB,SELL,27,27,True,approved,9,9,202,0,True,1,0,0,0
SMV2-0263,KAYNES,SELL,28,28,True,approved,8,8,203,0,True,1,0,0,1
SMV2-0263,PAGEIND,SELL,4,4,True,approved,7,7,204,0,True,1,0,0,2
SMV2-0263,PREMIERENE,SELL,149,149,True,approved,6,6,205,0,True,1,0,0,3
SMV2-0263,RAYMOND,SELL,113,113,True,approved,5,5,206,0,True,1,0,0,4
SMV2-0263,TRIDENT,SELL,5520,5520,True,approved,4,4,207,0,True,1,0,0,5
SMV2-0263,TI,BUY,145,145,True,approved,3,3,208,0,True,0,0,0,6
SMV2-0263,SUNPHARMA,BUY,92,92,True,approved,3,3,208,0,False,0,0,0,6
SMV2-0263,LUPIN,BUY,76,76,True,approved,4,4,207,0,False,0,0,0,5
SMV2-0263,CIPLA,BUY,113,113,True,approved,5,5,206,0,False,0,0,0,4
SMV2-0263,RELIANCE,BUY,134,134,True,approved,6,6,205,0,False,0,0,0,3
SMV2-0263,ONGC,BUY,622,622,True,approved,7,7,204,0,False,0,0,0,2
SMV2-0263,BPCL,BUY,610,610,True,approved,8,8,203,0,False,0,0,0,1
SMV2-0264,CIPLA,SELL,113,113,True,approved,9,9,202,0,True,1,0,0,0
SMV2-0264,LUPIN,SELL,76,76,True,approved,8,8,203,0,True,1,0,0,1
SMV2-0264,RADICO,SELL,71,71,True,approved,7,7,204,0,True,1,0,0,2
SMV2-0264,SUNPHARMA,SELL,92,92,True,approved,6,6,205,0,True,1,0,0,3
SMV2-0264,TI,SELL,416,416,True,approved,5,5,206,0,True,1,0,0,4
SMV2-0264,UNITDSPR,SELL,110,110,True,approved,4,4,207,0,True,1,0,0,5
SMV2-0264,HAL,BUY,40,40,True,approved,3,3,208,0,False,0,0,0,6
SMV2-0264,BEL,BUY,585,585,True,approved,4,4,207,0,False,0,0,0,5
SMV2-0264,INDIGO,BUY,40,40,True,approved,5,5,206,0,False,0,0,0,4
SMV2-0264,POLICYBZR,BUY,96,96,True,approved,6,6,205,0,False,0,0,0,3
SMV2-0264,HDFCLIFE,BUY,258,258,True,approved,7,7,204,0,False,0,0,0,2
SMV2-0264,SBILIFE,BUY,99,99,True,approved,8,8,203,0,False,0,0,0,1
SMV2-0265,BEL,SELL,585,585,True,approved,9,9,202,0,True,1,0,0,0
SMV2-0265,BPCL,SELL,610,610,True,approved,8,8,203,0,True,1,0,0,1
SMV2-0265,HAL,SELL,40,40,True,approved,7,7,204,0,True,1,0,0,2
SMV2-0265,HDFCLIFE,SELL,258,258,True,approved,6,6,205,0,True,1,0,0,3
SMV2-0265,INDIGO,SELL,40,40,True,approved,5,5,206,0,True,1,0,0,4
SMV2-0265,ONGC,SELL,622,622,True,approved,4,4,207,0,True,1,0,0,5
SMV2-0265,POLICYBZR,SELL,96,96,True,approved,3,3,208,0,True,1,0,0,6
SMV2-0265,RELIANCE,SELL,134,134,True,approved,2,2,209,0,True,1,0,0,7
SMV2-0265,SBILIFE,SELL,99,99,True,approved,1,1,210,0,True,1,0,0,8
SMV2-0265,ADANIENT,BUY,68,68,True,approved,0,0,211,0,False,0,0,0,9
SMV2-0265,REDINGTON,BUY,706,706,True,approved,1,1,210,0,False,0,0,0,8
SMV2-0265,MMTC,BUY,2298,2298,True,approved,2,2,209,0,False,0,0,0,7
SMV2-0265,ITC,BUY,357,357,True,approved,3,3,208,0,False,0,0,0,6
SMV2-0265,SRF,BUY,61,61,True,approved,4,4,207,0,False,0,0,0,5
SMV2-0265,GRASIM,BUY,63,63,True,approved,5,5,206,0,False,0,0,0,4
SMV2-0265,HDFCBANK,BUY,96,96,True,approved,6,6,205,0,False,0,0,0,3
SMV2-0265,AXISBANK,BUY,167,167,True,approved,7,7,204,0,False,0,0,0,2
SMV2-0265,ICICIBANK,BUY,131,131,True,approved,8,8,203,0,False,0,0,0,1
SMV2-0266,ADANIENT,SELL,68,68,True,approved,9,9,202,0,True,1,0,0,0
SMV2-0266,MMTC,SELL,2298,2298,True,approved,8,8,203,0,True,1,0,0,1
SMV2-0266,REDINGTON,SELL,706,706,True,approved,7,7,204,0,True,1,0,0,2
SMV2-0266,TATACONSUM,BUY,148,148,True,approved,6,6,205,0,False,0,0,0,3
SMV2-0266,PATANJALI,BUY,88,88,True,approved,7,7,204,0,False,0,0,0,2
SMV2-0266,AVANTIFEED,BUY,183,183,True,approved,8,8,203,0,False,0,0,0,1
SMV2-0268,GRASIM,SELL,63,63,True,approved,9,9,202,0,True,1,0,0,0
SMV2-0268,ITC,SELL,357,357,True,approved,8,8,203,0,True,1,0,0,1
SMV2-0268,SRF,SELL,61,61,True,approved,7,7,204,0,True,1,0,0,2
SMV2-0268,AVANTIFEED,BUY,50,50,True,approved,6,6,205,0,True,0,0,0,3
SMV2-0268,HINDUNILVR,BUY,66,66,True,approved,6,6,205,0,False,0,0,0,3
SMV2-0268,GODFRYPHLP,BUY,26,26,True,approved,7,7,204,0,False,0,0,0,2
SMV2-0268,BRITANNIA,BUY,25,25,True,approved,8,8,204,0,False,0,0,0,1
SMV2-0269,AVANTIFEED,SELL,233,233,True,approved,9,9,203,0,True,1,0,0,0
SMV2-0269,PATANJALI,SELL,88,88,True,approved,8,8,204,0,True,1,0,0,1
SMV2-0269,TATACONSUM,SELL,148,148,True,approved,7,7,205,0,True,1,0,0,2
SMV2-0269,BRITANNIA,BUY,7,7,True,approved,6,6,206,0,True,0,0,0,3
SMV2-0269,WAAREEENER,BUY,69,69,True,approved,6,6,206,0,False,0,0,0,3
SMV2-0269,NTPC,BUY,476,476,True,approved,7,7,206,0,False,0,0,0,2
SMV2-0269,POWERGRID,BUY,531,531,True,approved,8,8,205,0,False,0,0,0,1
SMV2-0270,NTPC,SELL,476,476,True,approved,9,9,204,0,True,1,0,0,0
SMV2-0270,POWERGRID,SELL,531,531,True,approved,8,8,205,0,True,1,0,0,1
SMV2-0270,WAAREEENER,SELL,69,69,True,approved,7,7,206,0,True,1,0,0,2
SMV2-0270,INDHOTEL,BUY,209,209,True,approved,6,6,207,0,False,0,0,0,3
SMV2-0270,BLS,BUY,436,436,True,approved,7,7,206,0,False,0,0,0,2
SMV2-0270,LEMONTREE,BUY,1074,1074,True,approved,8,8,205,0,False,0,0,0,1
SMV2-0271,AXISBANK,SELL,167,167,True,approved,9,9,204,0,True,1,0,0,0
SMV2-0271,BRITANNIA,SELL,32,32,True,approved,8,8,205,0,True,1,0,0,1
SMV2-0271,GODFRYPHLP,SELL,26,26,True,approved,7,7,206,0,True,1,0,0,2
SMV2-0271,HDFCBANK,SELL,96,96,True,approved,6,6,207,0,True,1,0,0,3
SMV2-0271,HINDUNILVR,SELL,66,66,True,approved,5,5,208,0,True,1,0,0,4
SMV2-0271,ICICIBANK,SELL,131,131,True,approved,4,4,209,0,True,1,0,0,5
SMV2-0271,TATASTEEL,BUY,1007,1007,True,approved,3,3,210,0,False,0,0,0,6
SMV2-0271,HINDALCO,BUY,221,221,True,approved,4,4,209,0,False,0,0,0,5
SMV2-0271,VEDL,BUY,342,342,True,approved,5,5,208,0,False,0,0,0,4
SMV2-0271,AGI,BUY,213,213,True,approved,6,6,207,0,False,0,0,0,3
SMV2-0271,TCPLPACK,BUY,32,32,True,approved,7,7,206,0,False,0,0,0,2
SMV2-0271,COSMOFIRST,BUY,238,238,True,approved,8,8,205,0,False,0,0,0,1
SMV2-0272,AGI,SELL,213,213,True,approved,9,9,204,0,True,1,0,0,0
SMV2-0272,COSMOFIRST,SELL,238,238,True,approved,8,8,205,0,True,1,0,0,1
SMV2-0272,TCPLPACK,SELL,32,32,True,approved,7,7,206,0,True,1,0,0,2
SMV2-0272,AMBER,BUY,23,23,True,approved,6,6,207,0,False,0,0,0,3
SMV2-0272,DIXON,BUY,11,11,True,approved,7,7,206,0,False,0,0,0,2
SMV2-0272,VOLTAS,BUY,105,105,True,approved,8,8,205,0,False,0,0,0,1
SMV2-0273,AMBER,SELL,23,23,True,approved,9,9,204,0,True,1,0,0,0
SMV2-0273,DIXON,SELL,11,11,True,approved,8,8,205,0,True,1,0,0,1
SMV2-0273,VOLTAS,SELL,105,105,True,approved,7,7,206,0,True,1,0,0,2
SMV2-0273,HAL,BUY,40,40,True,approved,6,6,207,0,False,0,0,0,3
SMV2-0273,BEL,BUY,538,538,True,approved,7,7,206,0,False,0,0,0,2
SMV2-0273,INDIGO,BUY,29,29,True,approved,8,8,205,0,False,0,0,0,1
SMV2-0274,BLS,SELL,436,436,True,approved,9,9,204,0,True,1,0,0,0
SMV2-0274,HINDALCO,SELL,221,221,True,approved,8,8,205,0,True,1,0,0,1
SMV2-0274,INDHOTEL,SELL,209,209,True,approved,7,7,206,0,True,1,0,0,2
SMV2-0274,LEMONTREE,SELL,1074,1074,True,approved,6,6,207,0,True,1,0,0,3
SMV2-0274,TATASTEEL,SELL,1007,1007,True,approved,5,5,208,0,True,1,0,0,4
SMV2-0274,VEDL,SELL,342,342,True,approved,4,4,209,0,True,1,0,0,5
SMV2-0274,NTPC,BUY,447,447,True,approved,3,3,210,0,False,0,0,0,6
SMV2-0274,POWERGRID,BUY,544,544,True,approved,4,4,209,0,False,0,0,0,5
SMV2-0274,IREDA,BUY,982,982,True,approved,5,5,208,0,False,0,0,0,4
SMV2-0274,RELIANCE,BUY,124,124,True,approved,6,6,207,0,False,0,0,0,3
SMV2-0274,BPCL,BUY,573,573,True,approved,7,7,206,0,False,0,0,0,2
SMV2-0274,ONGC,BUY,583,583,True,approved,8,8,205,0,False,0,0,0,1
SMV2-0276,BPCL,SELL,573,573,True,approved,9,9,204,0,True,1,0,0,0
SMV2-0276,ONGC,SELL,583,583,True,approved,8,8,205,0,True,1,0,0,1
SMV2-0276,RELIANCE,SELL,124,124,True,approved,7,7,206,0,True,1,0,0,2
SMV2-0276,TATACONSUM,BUY,142,142,True,approved,6,6,207,0,False,0,0,0,3
SMV2-0276,AVANTIFEED,BUY,193,193,True,approved,7,7,206,0,False,0,0,0,2
SMV2-0276,PATANJALI,BUY,75,75,True,approved,8,8,205,0,False,0,0,0,1
SMV2-0277,AVANTIFEED,SELL,193,193,True,approved,9,9,204,0,True,1,0,0,0
SMV2-0277,PATANJALI,SELL,75,75,True,approved,8,8,205,0,True,1,0,0,1
SMV2-0277,TATACONSUM,SELL,142,142,True,approved,7,7,206,0,True,1,0,0,2
SMV2-0277,LT,BUY,50,50,True,approved,6,6,207,0,False,0,0,0,3
SMV2-0277,RVNL,BUY,437,437,True,approved,7,7,206,0,False,0,0,0,2
SMV2-0277,ADANIPORTS,BUY,121,121,True,approved,8,8,205,0,False,0,0,0,1
SMV2-0278,ADANIPORTS,SELL,121,121,True,approved,9,9,204,0,True,1,0,0,0
SMV2-0278,BEL,SELL,538,538,True,approved,8,8,205,0,True,1,0,0,1
SMV2-0278,HAL,SELL,40,40,True,approved,7,7,206,0,True,1,0,0,2
SMV2-0278,INDIGO,SELL,29,29,True,approved,6,6,207,0,True,1,0,0,3
SMV2-0278,IREDA,SELL,982,982,True,approved,5,5,208,0,True,1,0,0,4
SMV2-0278,LT,SELL,50,50,True,approved,4,4,209,0,True,1,0,0,5
SMV2-0278,NTPC,SELL,447,447,True,approved,3,3,210,0,True,1,0,0,6
SMV2-0278,POWERGRID,SELL,544,544,True,approved,2,2,211,0,True,1,0,0,7
SMV2-0278,RVNL,SELL,437,437,True,approved,1,1,212,0,True,1,0,0,8
SMV2-0278,HINDUNILVR,BUY,67,67,True,approved,0,0,213,0,False,0,0,0,9
SMV2-0278,BRITANNIA,BUY,29,29,True,approved,1,1,212,0,False,0,0,0,8
SMV2-0278,GODREJCP,BUY,125,125,True,approved,2,2,211,0,False,0,0,0,7
SMV2-0278,HDFCBANK,BUY,82,82,True,approved,3,3,211,0,False,0,0,0,6
SMV2-0278,ICICIBANK,BUY,112,112,True,approved,4,4,210,0,False,0,0,0,5
SMV2-0278,INDUSINDBK,BUY,191,191,True,approved,5,5,209,0,False,0,0,0,4
SMV2-0278,ADANIENT,BUY,67,67,True,approved,6,6,209,0,False,0,0,0,3
SMV2-0278,REDINGTON,BUY,646,646,True,approved,7,7,208,0,False,0,0,0,2
SMV2-0278,STYLEBAAZA,BUY,516,516,True,approved,8,8,207,0,False,0,0,0,1
SMV2-0279,ADANIENT,SELL,67,67,True,approved,9,9,207,0,True,1,0,0,0
SMV2-0279,REDINGTON,SELL,646,646,True,approved,8,8,208,0,True,1,0,0,1
SMV2-0279,STYLEBAAZA,SELL,516,516,True,approved,7,7,209,0,True,1,0,0,2
SMV2-0279,HAL,BUY,35,35,True,approved,6,6,210,0,False,0,0,0,3
SMV2-0279,BEL,BUY,506,506,True,approved,7,7,209,0,False,0,0,0,2
SMV2-0279,INDIGO,BUY,29,29,True,approved,8,8,208,0,False,0,0,0,1
SMV2-0280,BRITANNIA,SELL,29,29,True,approved,9,9,207,0,True,1,0,0,0
SMV2-0280,GODREJCP,SELL,125,125,True,approved,8,8,208,0,True,1,0,0,1
SMV2-0280,HDFCBANK,SELL,82,82,True,approved,7,7,209,0,True,1,0,0,2
SMV2-0280,HINDUNILVR,SELL,67,67,True,approved,6,6,210,0,True,1,0,0,3
SMV2-0280,ICICIBANK,SELL,112,112,True,approved,5,5,211,0,True,1,0,0,4
SMV2-0280,INDUSINDBK,SELL,191,191,True,approved,4,4,212,0,True,1,0,0,5
SMV2-0280,WELSPUNLIV,BUY,1051,1051,True,approved,3,3,213,0,False,0,0,0,6
SMV2-0280,KPRMILL,BUY,122,122,True,approved,4,4,212,0,False,0,0,0,5
SMV2-0280,PAGEIND,BUY,3,3,True,approved,5,5,212,0,False,0,0,0,4
SMV2-0280,SBILIFE,BUY,92,92,True,approved,6,6,211,0,False,0,0,0,3
SMV2-0280,HDFCLIFE,BUY,222,222,True,approved,7,7,210,0,False,0,0,0,2
SMV2-0280,POLICYBZR,BUY,96,96,True,approved,8,8,209,0,False,0,0,0,1
SMV2-0281,HDFCLIFE,SELL,222,222,True,approved,9,9,208,0,True,1,0,0,0
SMV2-0281,KPRMILL,SELL,122,122,True,approved,8,8,209,0,True,1,0,0,1
SMV2-0281,PAGEIND,SELL,3,3,True,approved,7,7,210,0,True,1,0,0,2
SMV2-0281,POLICYBZR,SELL,96,96,True,approved,6,6,211,0,True,1,0,0,3
SMV2-0281,SBILIFE,SELL,92,92,True,approved,5,5,212,0,True,1,0,0,4
SMV2-0281,WELSPUNLIV,SELL,1051,1051,True,approved,4,4,213,0,True,1,0,0,5
SMV2-0281,KAYNES,BUY,26,26,True,approved,3,3,214,0,False,0,0,0,6
SMV2-0281,POLYCAB,BUY,27,27,True,approved,4,4,213,0,False,0,0,0,5
SMV2-0281,ABB,BUY,28,28,True,approved,5,5,212,0,False,0,0,0,4
SMV2-0281,JKPAPER,BUY,465,465,True,approved,6,6,211,0,False,0,0,0,3
SMV2-0281,WSTCSTPAPR,BUY,341,341,True,approved,7,7,210,0,False,0,0,0,2
SMV2-0281,ORIENTPPR,BUY,4352,4352,True,approved,8,8,209,0,False,0,0,0,1
SMV2-0282,BEL,SELL,84,84,True,approved,9,9,208,0,True,0,0,0,0
SMV2-0282,ORIENTPPR,BUY,1129,1129,True,approved,9,9,208,0,True,0,0,0,0
SMV2-0283,JKPAPER,SELL,465,465,True,approved,9,9,208,0,True,1,0,0,0
SMV2-0283,ORIENTPPR,SELL,5481,5481,True,approved,8,8,209,0,True,1,0,0,1
SMV2-0283,WSTCSTPAPR,SELL,341,341,True,approved,7,7,210,0,True,1,0,0,2
SMV2-0283,COSMOFIRST,BUY,136,136,True,approved,6,6,211,0,False,0,0,0,3
SMV2-0283,AGI,BUY,191,191,True,approved,7,7,210,0,False,0,0,0,2
SMV2-0283,UFLEX,BUY,264,264,True,approved,8,8,209,0,False,0,0,0,1
SMV2-0284,ABB,SELL,28,28,True,approved,9,9,208,0,True,1,0,0,0
SMV2-0284,KAYNES,SELL,26,26,True,approved,8,8,209,0,True,1,0,0,1
SMV2-0284,POLYCAB,SELL,27,27,True,approved,7,7,210,0,True,1,0,0,2
SMV2-0284,BHARTIARTL,BUY,86,86,True,approved,6,6,211,0,False,0,0,0,3
SMV2-0284,INDUSTOWER,BUY,416,416,True,approved,7,7,210,0,False,0,0,0,2
SMV2-0284,RAILTEL,BUY,358,358,True,approved,8,8,209,0,False,0,0,0,1
SMV2-0285,BEL,SELL,422,422,True,approved,9,9,208,0,True,1,0,0,0
SMV2-0285,HAL,SELL,35,35,True,approved,8,8,209,0,True,1,0,0,1
SMV2-0285,INDIGO,SELL,29,29,True,approved,7,7,210,0,True,1,0,0,2
SMV2-0285,ASTRAL,BUY,105,105,True,approved,6,6,211,0,False,0,0,0,3
SMV2-0285,SUPREMEIND,BUY,37,37,True,approved,7,7,210,0,False,0,0,0,2
SMV2-0285,FINPIPE,BUY,724,724,True,approved,8,8,209,0,False,0,0,0,1
SMV2-0286,AGI,SELL,191,191,True,approved,9,9,208,0,True,1,0,0,0
SMV2-0286,ASTRAL,SELL,105,105,True,approved,8,8,209,0,True,1,0,0,1
SMV2-0286,COSMOFIRST,SELL,136,136,True,approved,7,7,210,0,True,1,0,0,2
SMV2-0286,FINPIPE,SELL,724,724,True,approved,6,6,211,0,True,1,0,0,3
SMV2-0286,SUPREMEIND,SELL,37,37,True,approved,5,5,212,0,True,1,0,0,4
SMV2-0286,UFLEX,SELL,264,264,True,approved,4,4,213,0,True,1,0,0,5
SMV2-0286,DLF,BUY,189,189,True,approved,3,3,214,0,False,0,0,0,6
SMV2-0286,GODREJPROP,BUY,66,66,True,approved,4,4,213,0,False,0,0,0,5
SMV2-0286,NBCC,BUY,1393,1393,True,approved,5,5,212,0,False,0,0,0,4
SMV2-0286,ADANIENT,BUY,65,65,True,approved,6,6,211,0,False,0,0,0,3
SMV2-0286,REDINGTON,BUY,549,549,True,approved,7,7,210,0,False,0,0,0,2
SMV2-0286,HEXT,BUY,194,194,True,approved,8,8,209,0,False,0,0,0,1
SMV2-0287,BHARTIARTL,SELL,86,86,True,approved,9,9,209,0,True,1,0,0,0
SMV2-0287,INDUSTOWER,SELL,416,416,True,approved,8,8,210,0,True,1,0,0,1
SMV2-0287,RAILTEL,SELL,358,358,True,approved,7,7,211,0,True,1,0,0,2
SMV2-0287,JKPAPER,BUY,447,447,True,approved,6,6,212,0,False,0,0,0,3
SMV2-0287,PAKKA,BUY,790,790,True,approved,7,7,211,0,False,0,0,0,2
SMV2-0287,WSTCSTPAPR,BUY,320,320,True,approved,8,8,210,0,False,0,0,0,1
SMV2-0288,DLF,SELL,189,189,True,approved,9,9,209,0,True,1,0,0,0
SMV2-0288,GODREJPROP,SELL,66,66,True,approved,8,8,210,0,True,1,0,0,1
SMV2-0288,NBCC,SELL,1393,1393,True,approved,7,7,211,0,True,1,0,0,2
SMV2-0288,ZEEL,BUY,1136,1136,True,approved,6,6,212,0,False,0,0,0,3
SMV2-0288,NETWORK18,BUY,2969,2969,True,approved,7,7,211,0,False,0,0,0,2
SMV2-0288,PFOCUS,BUY,818,818,True,approved,8,8,210,0,False,0,0,0,1
SMV2-0289,ADANIENT,SELL,65,65,True,approved,9,9,210,0,True,1,0,0,0
SMV2-0289,HEXT,SELL,194,194,True,approved,8,8,211,0,True,1,0,0,1
SMV2-0289,REDINGTON,SELL,549,549,True,approved,7,7,212,0,True,1,0,0,2
SMV2-0289,PFOCUS,BUY,199,199,True,approved,6,6,213,0,True,0,0,0,3
SMV2-0289,KAYNES,BUY,27,27,True,approved,6,6,213,0,False,0,0,0,3
SMV2-0289,EIEL,BUY,577,577,True,approved,7,7,212,0,False,0,0,0,2
SMV2-0289,POLYCAB,BUY,20,20,True,approved,8,8,212,0,False,0,0,0,1
SMV2-0290,EIEL,SELL,577,577,True,approved,9,9,211,0,True,1,0,0,0
SMV2-0290,KAYNES,SELL,27,27,True,approved,8,8,212,0,True,1,0,0,1
SMV2-0290,POLYCAB,SELL,20,20,True,approved,7,7,213,0,True,1,0,0,2
SMV2-0290,ULTRACEMCO,BUY,13,13,True,approved,6,6,214,0,False,0,0,0,3
SMV2-0290,AMBUJACEM,BUY,277,277,True,approved,7,7,213,0,False,0,0,0,2
SMV2-0290,SHREECEM,BUY,4,4,True,approved,8,8,212,0,False,0,0,0,1
SMV2-0291,JKPAPER,SELL,447,447,True,approved,9,9,211,0,True,1,0,0,0
SMV2-0291,NETWORK18,SELL,2969,2969,True,approved,8,8,212,0,True,1,0,0,1
SMV2-0291,PAKKA,SELL,790,790,True,approved,7,7,213,0,True,1,0,0,2
SMV2-0291,PFOCUS,SELL,1017,1017,True,approved,6,6,214,0,True,1,0,0,3
SMV2-0291,WSTCSTPAPR,SELL,320,320,True,approved,5,5,215,0,True,1,0,0,4
SMV2-0291,ZEEL,SELL,1136,1136,True,approved,4,4,216,0,True,1,0,0,5
SMV2-0291,SHREECEM,BUY,1,1,True,approved,3,3,217,0,True,0,0,0,6
SMV2-0291,TI,BUY,318,318,True,approved,3,3,217,0,False,0,0,0,6
SMV2-0291,UNITDSPR,BUY,120,120,True,approved,4,4,216,0,False,0,0,0,5
SMV2-0291,RADICO,BUY,58,58,True,approved,5,5,215,0,False,0,0,0,4
SMV2-0291,RELAXO,BUY,323,323,True,approved,6,6,214,0,False,0,0,0,3
SMV2-0291,CAMPUS,BUY,563,563,True,approved,7,7,213,0,False,0,0,0,2
SMV2-0291,BATAINDIA,BUY,121,121,True,approved,8,8,212,0,False,0,0,0,1
SMV2-0292,BATAINDIA,SELL,121,121,True,approved,9,9,211,0,True,1,0,0,0
SMV2-0292,CAMPUS,SELL,563,563,True,approved,8,8,212,0,True,1,0,0,1
SMV2-0292,RELAXO,SELL,323,323,True,approved,7,7,213,0,True,1,0,0,2
SMV2-0292,SHREECEM,SELL,5,5,True,approved,6,6,214,0,True,1,0,0,3
SMV2-0292,INDHOTEL,BUY,209,209,True,approved,5,5,215,0,False,0,0,0,4
SMV2-0292,BLS,BUY,409,409,True,approved,6,6,214,0,False,0,0,0,3
SMV2-0292,LEMONTREE,BUY,1059,1059,True,approved,7,7,213,0,False,0,0,0,2
SMV2-0292,GARUDA,BUY,684,684,True,approved,8,8,212,0,False,0,0,0,1
SMV2-0294,AMBUJACEM,SELL,277,277,True,approved,9,9,212,0,True,1,0,0,0
SMV2-0294,GARUDA,SELL,684,684,True,approved,8,8,213,0,True,1,0,0,1
SMV2-0294,ULTRACEMCO,SELL,13,13,True,approved,7,7,214,0,True,1,0,0,2
SMV2-0294,HAL,BUY,34,34,True,approved,6,6,215,0,False,0,0,0,3
SMV2-0294,BEL,BUY,404,404,True,approved,7,7,214,0,False,0,0,0,2
SMV2-0294,INDIGO,BUY,22,22,True,approved,8,8,213,0,False,0,0,0,1
SMV2-0295,RADICO,SELL,58,58,True,approved,9,9,212,0,True,1,0,0,0
SMV2-0295,TI,SELL,318,318,True,approved,8,8,213,0,True,1,0,0,1
SMV2-0295,UNITDSPR,SELL,120,120,True,approved,7,7,214,0,True,1,0,0,2
SMV2-0295,NIACL,BUY,806,806,True,approved,6,6,215,0,False,0,0,0,3
SMV2-0295,POLICYBZR,BUY,82,82,True,approved,7,7,215,0,False,0,0,0,2
SMV2-0295,SBILIFE,BUY,85,85,True,approved,8,8,214,0,False,0,0,0,1
SMV2-0296,NIACL,SELL,806,806,True,approved,9,9,213,0,True,1,0,0,0
SMV2-0296,POLICYBZR,SELL,82,82,True,approved,8,8,214,0,True,1,0,0,1
SMV2-0296,SBILIFE,SELL,85,85,True,approved,7,7,215,0,True,1,0,0,2
SMV2-0296,INDIGO,BUY,4,4,True,approved,6,6,216,0,True,0,0,0,3
SMV2-0296,ZEEL,BUY,1302,1302,True,approved,6,6,216,0,False,0,0,0,3
SMV2-0296,PVRINOX,BUY,135,135,True,approved,7,7,215,0,False,0,0,0,2
SMV2-0296,NETWORK18,BUY,2573,2573,True,approved,8,8,214,0,False,0,0,0,1
SMV2-0297,LEMONTREE,SELL,183,183,True,approved,9,9,213,0,True,0,0,0,0
SMV2-0298,NETWORK18,SELL,2573,2573,True,approved,9,9,213,0,True,1,0,0,0
SMV2-0298,PVRINOX,SELL,135,135,True,approved,8,8,214,0,True,1,0,0,1
SMV2-0298,ZEEL,SELL,1302,1302,True,approved,7,7,215,0,True,1,0,0,2
SMV2-0298,BATAINDIA,BUY,124,124,True,approved,6,6,216,0,False,0,0,0,3
SMV2-0298,RELAXO,BUY,322,322,True,approved,7,7,215,0,False,0,0,0,2
SMV2-0298,CAMPUS,BUY,581,581,True,approved,8,8,214,0,False,0,0,0,1
SMV2-0299,BLS,SELL,409,409,True,approved,9,9,213,0,True,1,0,0,0
SMV2-0299,INDHOTEL,SELL,209,209,True,approved,8,8,214,0,True,1,0,0,1
SMV2-0299,LEMONTREE,SELL,876,876,True,approved,7,7,215,0,True,1,0,0,2
SMV2-0299,KAYNES,BUY,22,22,True,approved,6,6,216,0,False,0,0,0,3
SMV2-0299,OLECTRA,BUY,95,95,True,approved,7,7,215,0,False,0,0,0,2
SMV2-0299,POLYCAB,BUY,19,19,True,approved,8,8,214,0,False,0,0,0,1
SMV2-0301,BATAINDIA,SELL,124,124,True,approved,9,9,213,0,True,1,0,0,0
SMV2-0301,CAMPUS,SELL,581,581,True,approved,8,8,214,0,True,1,0,0,1
SMV2-0301,KAYNES,SELL,22,22,True,approved,7,7,215,0,True,1,0,0,2
SMV2-0301,OLECTRA,SELL,95,95,True,approved,6,6,216,0,True,1,0,0,3
SMV2-0301,POLYCAB,SELL,19,19,True,approved,5,5,217,0,True,1,0,0,4
SMV2-0301,RELAXO,SELL,322,322,True,approved,4,4,218,0,True,1,0,0,5
SMV2-0301,GMDCLTD,BUY,248,248,True,approved,3,3,219,0,False,0,0,0,6
SMV2-0301,HINDCOPPER,BUY,446,446,True,approved,4,4,219,0,False,0,0,0,5
SMV2-0301,VEDL,BUY,323,323,True,approved,5,5,218,0,False,0,0,0,4
SMV2-0301,BHARTIARTL,BUY,81,81,True,approved,6,6,217,0,False,0,0,0,3
SMV2-0301,INDUSTOWER,BUY,434,434,True,approved,7,7,216,0,False,0,0,0,2
SMV2-0301,HFCL,BUY,1790,1790,True,approved,8,8,215,0,False,0,0,0,1
SMV2-0303,BHARTIARTL,SELL,81,81,True,approved,9,9,214,0,True,1,0,0,0
SMV2-0303,HFCL,SELL,1790,1790,True,approved,8,8,215,0,True,1,0,0,1
SMV2-0303,INDUSTOWER,SELL,434,434,True,approved,7,7,216,0,True,1,0,0,2
SMV2-0303,GMBREW,BUY,136,136,True,approved,6,6,217,0,False,0,0,0,3
SMV2-0303,UNITDSPR,BUY,112,112,True,approved,7,7,217,0,False,0,0,0,2
SMV2-0303,RADICO,BUY,44,44,True,approved,8,8,216,0,False,0,0,0,1
SMV2-0304,GMDCLTD,SELL,248,248,True,approved,9,9,215,0,True,1,0,0,0
SMV2-0304,HINDZINC,BUY,301,301,True,approved,8,8,216,0,False,0,0,0,1
SMV2-0305,BEL,SELL,404,404,True,approved,9,9,216,0,True,1,0,0,0
SMV2-0305,HAL,SELL,34,34,True,approved,8,8,217,0,True,1,0,0,1
SMV2-0305,HINDCOPPER,SELL,446,446,True,approved,7,7,218,0,True,1,0,0,2
SMV2-0305,HINDZINC,SELL,301,301,True,approved,6,6,219,0,True,1,0,0,3
SMV2-0305,INDIGO,SELL,26,26,True,approved,5,5,220,0,True,1,0,0,4
SMV2-0305,VEDL,SELL,323,323,True,approved,4,4,221,0,True,1,0,0,5
SMV2-0305,HDFCBANK,BUY,157,157,True,approved,3,3,222,0,False,0,0,0,6
SMV2-0305,ICICIBANK,BUY,116,116,True,approved,4,4,221,0,False,0,0,0,5
SMV2-0305,AXISBANK,BUY,126,126,True,approved,5,5,220,0,False,0,0,0,4
SMV2-0305,TITAN,BUY,41,41,True,approved,6,6,219,0,False,0,0,0,3
SMV2-0305,KALYANKJIL,BUY,304,304,True,approved,7,7,218,0,False,0,0,0,2
SMV2-0305,VAIBHAVGBL,BUY,576,576,True,approved,8,8,217,0,False,0,0,0,1
SMV2-0307,GMBREW,SELL,136,136,True,approved,9,9,216,0,True,1,0,0,0
SMV2-0307,RADICO,SELL,44,44,True,approved,8,8,217,0,True,1,0,0,1
SMV2-0307,UNITDSPR,SELL,112,112,True,approved,7,7,218,0,True,1,0,0,2
SMV2-0307,RELIANCE,BUY,102,102,True,approved,6,6,219,0,False,0,0,0,3
SMV2-0307,CHENNPETRO,BUY,150,150,True,approved,7,7,218,0,False,0,0,0,2
SMV2-0307,BPCL,BUY,418,418,True,approved,8,8,218,0,False,0,0,0,1
SMV2-0309,BPCL,SELL,418,418,True,approved,9,9,217,0,True,1,0,0,0
SMV2-0309,CHENNPETRO,SELL,150,150,True,approved,8,8,218,0,True,1,0,0,1
SMV2-0309,RELIANCE,SELL,102,102,True,approved,7,7,219,0,True,1,0,0,2
SMV2-0309,VAIBHAVGBL,SELL,576,576,True,approved,6,6,220,0,True,1,0,0,3
SMV2-0309,THANGAMAYL,BUY,47,47,True,approved,5,5,221,0,False,0,0,0,4
SMV2-0309,BEL,BUY,370,370,True,approved,6,6,221,0,False,0,0,0,3
SMV2-0309,HAL,BUY,33,33,True,approved,7,7,220,0,False,0,0,0,2
SMV2-0309,INDIGO,BUY,22,22,True,approved,8,8,219,0,False,0,0,0,1
SMV2-0310,BEL,SELL,370,370,True,approved,9,9,218,0,True,1,0,0,0
SMV2-0310,HAL,SELL,33,33,True,approved,8,8,219,0,True,1,0,0,1
SMV2-0310,INDIGO,SELL,22,22,True,approved,7,7,220,0,True,1,0,0,2
SMV2-0310,KALYANKJIL,SELL,304,304,True,approved,6,6,221,0,True,1,0,0,3
SMV2-0310,THANGAMAYL,SELL,47,47,True,approved,5,5,222,0,True,1,0,0,4
SMV2-0310,TITAN,SELL,41,41,True,approved,4,4,223,0,True,1,0,0,5
SMV2-0310,M&M,BUY,40,40,True,approved,3,3,224,0,False,0,0,0,6
SMV2-0310,MARUTI,BUY,9,9,True,approved,4,4,223,0,False,0,0,0,5
SMV2-0310,HEROMOTOCO,BUY,23,23,True,approved,5,5,222,0,False,0,0,0,4
SMV2-0310,POLICYBZR,BUY,78,78,True,approved,6,6,221,0,False,0,0,0,3
SMV2-0310,HDFCLIFE,BUY,195,195,True,approved,7,7,220,0,False,0,0,0,2
SMV2-0310,SBILIFE,BUY,64,64,True,approved,8,8,219,0,False,0,0,0,1
SMV2-0312,AXISBANK,SELL,126,126,True,approved,9,9,218,0,True,1,0,0,0
SMV2-0312,HDFCBANK,SELL,157,157,True,approved,8,8,219,0,True,1,0,0,1
SMV2-0312,HDFCLIFE,SELL,195,195,True,approved,7,7,220,0,True,1,0,0,2
SMV2-0312,ICICIBANK,SELL,116,116,True,approved,6,6,221,0,True,1,0,0,3
SMV2-0312,POLICYBZR,SELL,78,78,True,approved,5,5,222,0,True,1,0,0,4
SMV2-0312,SBILIFE,SELL,64,64,True,approved,4,4,223,0,True,1,0,0,5
SMV2-0312,VEDL,BUY,248,248,True,approved,3,3,224,0,False,0,0,0,6
SMV2-0312,HINDCOPPER,BUY,371,371,True,approved,4,4,223,0,False,0,0,0,5
SMV2-0312,HINDZINC,BUY,243,243,True,approved,5,5,222,0,False,0,0,0,4
SMV2-0312,PFOCUS,BUY,663,663,True,approved,6,6,221,0,False,0,0,0,3
SMV2-0312,ZEEL,BUY,1608,1608,True,approved,7,7,220,0,False,0,0,0,2
SMV2-0312,SAREGAMA,BUY,417,417,True,approved,8,8,219,0,False,0,0,0,1
SMV2-0313,HEROMOTOCO,SELL,23,23,True,approved,9,9,219,0,True,1,0,0,0
SMV2-0313,M&M,SELL,40,40,True,approved,8,8,220,0,True,1,0,0,1
SMV2-0313,MARUTI,SELL,9,9,True,approved,7,7,221,0,True,1,0,0,2
SMV2-0313,HINDCOPPER,SELL,85,85,True,approved,6,6,222,0,True,0,0,0,3
SMV2-0313,PATANJALI,BUY,284,284,True,approved,6,6,222,0,False,0,0,0,3
SMV2-0313,TATACONSUM,BUY,132,132,True,approved,7,7,221,0,False,0,0,0,2
SMV2-0313,AVANTIFEED,BUY,187,187,True,approved,8,8,220,0,False,0,0,0,1
SMV2-0315,AVANTIFEED,SELL,187,187,True,approved,9,9,219,0,True,1,0,0,0
SMV2-0315,PATANJALI,SELL,284,284,True,approved,8,8,220,0,True,1,0,0,1
SMV2-0315,TATACONSUM,SELL,132,132,True,approved,7,7,221,0,True,1,0,0,2
SMV2-0315,HDFCBANK,BUY,163,163,True,approved,6,6,222,0,False,0,0,0,3
SMV2-0315,ICICIBANK,BUY,109,109,True,approved,7,7,221,0,False,0,0,0,2
SMV2-0315,SBIN,BUY,152,152,True,approved,8,8,220,0,False,0,0,0,1
SMV2-0316,PFOCUS,SELL,663,663,True,approved,9,9,219,0,True,1,0,0,0
SMV2-0316,SAREGAMA,SELL,417,417,True,approved,8,8,220,0,True,1,0,0,1
SMV2-0316,ZEEL,SELL,1608,1608,True,approved,7,7,221,0,True,1,0,0,2
SMV2-0316,INDIGO,BUY,32,32,True,approved,6,6,222,0,False,0,0,0,3
SMV2-0316,BEL,BUY,381,381,True,approved,7,7,221,0,False,0,0,0,2
SMV2-0316,HAL,BUY,33,33,True,approved,8,8,220,0,False,0,0,0,1
SMV2-0317,BEL,SELL,381,381,True,approved,9,9,219,0,True,1,0,0,0
SMV2-0317,HAL,SELL,33,33,True,approved,8,8,220,0,True,1,0,0,1
SMV2-0317,INDIGO,SELL,32,32,True,approved,7,7,221,0,True,1,0,0,2
SMV2-0317,RELIANCE,BUY,113,113,True,approved,6,6,222,0,False,0,0,0,3
SMV2-0317,ONGC,BUY,635,635,True,approved,7,7,221,0,False,0,0,0,2
SMV2-0317,HINDPETRO,BUY,336,336,True,approved,8,8,220,0,False,0,0,0,1
SMV2-0318,HINDCOPPER,SELL,286,286,True,approved,9,9,219,0,True,1,0,0,0
SMV2-0318,HINDPETRO,SELL,336,336,True,approved,8,8,220,0,True,1,0,0,1
SMV2-0318,HINDZINC,SELL,243,243,True,approved,7,7,221,0,True,1,0,0,2
SMV2-0318,VEDL,SELL,248,248,True,approved,6,6,222,0,True,1,0,0,3
SMV2-0318,DREDGECORP,BUY,142,142,True,approved,5,5,223,0,False,0,0,0,4
SMV2-0318,DELHIVERY,BUY,343,343,True,approved,6,6,223,0,False,0,0,0,3
SMV2-0318,CONCOR,BUY,302,302,True,approved,7,7,223,0,False,0,0,0,2
SMV2-0318,OIL,BUY,311,311,True,approved,8,8,222,0,False,0,0,0,1
SMV2-0320,HDFCBANK,SELL,163,163,True,approved,9,9,222,0,True,1,0,0,0
SMV2-0320,ICICIBANK,SELL,109,109,True,approved,8,8,223,0,True,1,0,0,1
SMV2-0320,OIL,SELL,311,311,True,approved,7,7,224,0,True,1,0,0,2
SMV2-0320,ONGC,SELL,635,635,True,approved,6,6,225,0,True,1,0,0,3
SMV2-0320,RELIANCE,SELL,113,113,True,approved,5,5,226,0,True,1,0,0,4
SMV2-0320,SBIN,SELL,152,152,True,approved,4,4,227,0,True,1,0,0,5
SMV2-0320,GOKEX,BUY,183,183,True,approved,3,3,228,0,False,0,0,0,6
SMV2-0320,KPRMILL,BUY,165,165,True,approved,4,4,228,0,False,0,0,0,5
SMV2-0320,PAGEIND,BUY,4,4,True,approved,5,5,227,0,False,0,0,0,4
SMV2-0320,AVANTIFEED,BUY,110,110,True,approved,6,6,226,0,False,0,0,0,3
SMV2-0320,PATANJALI,BUY,296,296,True,approved,7,7,225,0,False,0,0,0,2
SMV2-0320,TATACONSUM,BUY,136,136,True,approved,8,8,224,0,False,0,0,0,1
SMV2-0321,DREDGECORP,SELL,142,142,True,approved,9,9,223,0,True,1,0,0,0
SMV2-0321,SCI,BUY,599,599,True,approved,8,8,224,0,False,0,0,0,1
SMV2-0322,AVANTIFEED,SELL,110,110,True,approved,9,9,224,0,True,1,0,0,0
SMV2-0322,CONCOR,SELL,302,302,True,approved,8,8,225,0,True,1,0,0,1
SMV2-0322,DELHIVERY,SELL,343,343,True,approved,7,7,226,0,True,1,0,0,2
SMV2-0322,GOKEX,SELL,183,183,True,approved,6,6,227,0,True,1,0,0,3
SMV2-0322,KPRMILL,SELL,165,165,True,approved,5,5,228,0,True,1,0,0,4
SMV2-0322,PAGEIND,SELL,4,4,True,approved,4,4,229,0,True,1,0,0,5
SMV2-0322,PATANJALI,SELL,296,296,True,approved,3,3,230,0,True,1,0,0,6
SMV2-0322,SCI,SELL,599,599,True,approved,2,2,231,0,True,1,0,0,7
SMV2-0322,TATACONSUM,SELL,136,136,True,approved,1,1,232,0,True,1,0,0,8
SMV2-0322,PFOCUS,BUY,576,576,True,approved,0,0,233,0,False,0,0,0,9
SMV2-0322,ZEEL,BUY,1658,1658,True,approved,1,1,232,0,False,0,0,0,8
SMV2-0322,PVRINOX,BUY,141,141,True,approved,2,2,231,0,False,0,0,0,7
SMV2-0322,JINDALPOLY,BUY,233,233,True,approved,3,3,230,0,False,0,0,0,6
SMV2-0322,AGI,BUY,274,274,True,approved,4,4,229,0,False,0,0,0,5
SMV2-0322,COSMOFIRST,BUY,216,216,True,approved,5,5,228,0,False,0,0,0,4
SMV2-0322,KAYNES,BUY,38,38,True,approved,6,6,227,0,False,0,0,0,3
SMV2-0322,ABB,BUY,24,24,True,approved,7,7,226,0,False,0,0,0,2
SMV2-0322,POLYCAB,BUY,16,16,True,approved,8,8,225,0,False,0,0,0,1
SMV2-0323,JINDALPOLY,SELL,42,42,True,approved,9,9,224,0,True,0,0,0,0
SMV2-0324,JINDALPOLY,SELL,33,33,True,approved,9,9,224,0,True,0,0,0,0
SMV2-0324,POLYCAB,BUY,4,4,True,approved,9,9,224,0,True,0,0,0,0
SMV2-0325,PFOCUS,SELL,576,576,True,approved,9,9,224,0,True,1,0,0,0
SMV2-0325,PVRINOX,SELL,141,141,True,approved,8,8,225,0,True,1,0,0,1
SMV2-0325,ZEEL,SELL,1658,1658,True,approved,7,7,226,0,True,1,0,0,2
SMV2-0325,WAAREEENER,BUY,46,46,True,approved,6,6,227,0,False,0,0,0,3
SMV2-0325,NTPC,BUY,381,381,True,approved,7,7,226,0,False,0,0,0,2
SMV2-0325,POWERGRID,BUY,483,483,True,approved,8,8,225,0,False,0,0,0,1
SMV2-0326,AGI,SELL,274,274,True,approved,9,9,224,0,True,1,0,0,0
SMV2-0326,COSMOFIRST,SELL,216,216,True,approved,8,8,225,0,True,1,0,0,1
SMV2-0326,JINDALPOLY,SELL,158,158,True,approved,7,7,226,0,True,1,0,0,2
SMV2-0326,APOLLOPIPE,BUY,326,326,True,approved,6,6,227,0,False,0,0,0,3
SMV2-0326,ASTRAL,BUY,86,86,True,approved,7,7,227,0,False,0,0,0,2
SMV2-0326,SHAILY,BUY,59,59,True,approved,8,8,226,0,False,0,0,0,1
SMV2-0328,NTPC,SELL,381,381,True,approved,9,9,226,0,True,1,0,0,0
SMV2-0328,POWERGRID,SELL,483,483,True,approved,8,8,227,0,True,1,0,0,1
SMV2-0328,WAAREEENER,SELL,46,46,True,approved,7,7,228,0,True,1,0,0,2
SMV2-0328,SHAILY,BUY,15,15,True,approved,6,6,229,0,True,0,0,0,3
SMV2-0328,GAIL,BUY,960,960,True,approved,6,6,229,0,False,0,0,0,3
SMV2-0328,MGL,BUY,134,134,True,approved,7,7,228,0,False,0,0,0,2
SMV2-0328,CONFIPET,BUY,2119,2119,True,approved,8,8,227,0,False,0,0,0,1
SMV2-0329,APOLLOPIPE,SELL,326,326,True,approved,9,9,226,0,True,1,0,0,0
SMV2-0329,ASTRAL,SELL,86,86,True,approved,8,8,227,0,True,1,0,0,1
SMV2-0329,SHAILY,SELL,74,74,True,approved,7,7,228,0,True,1,0,0,2
SMV2-0329,CONFIPET,BUY,674,674,True,approved,6,6,229,0,True,0,0,0,3
SMV2-0329,TITAGARH,BUY,199,199,True,approved,6,6,229,0,False,0,0,0,3
SMV2-0329,AEQUS,BUY,863,863,True,approved,7,7,228,0,False,0,0,0,2
SMV2-0329,TEXRAIL,BUY,918,918,True,approved,8,8,228,0,False,0,0,0,1
SMV2-0331,CONFIPET,SELL,2793,2793,True,approved,9,9,227,0,True,1,0,0,0
SMV2-0331,GAIL,SELL,960,960,True,approved,8,8,228,0,True,1,0,0,1
SMV2-0331,MGL,SELL,134,134,True,approved,7,7,229,0,True,1,0,0,2
SMV2-0331,TEXRAIL,BUY,505,505,True,approved,6,6,230,0,True,0,0,0,3
SMV2-0331,SUZLON,BUY,2709,2709,True,approved,6,6,230,0,False,0,0,0,3
SMV2-0331,BHEL,BUY,428,428,True,approved,7,7,230,0,False,0,0,0,2
SMV2-0331,POWERINDIA,BUY,3,3,True,approved,8,8,229,0,False,0,0,0,1
SMV2-0333,BHEL,SELL,428,428,True,approved,9,9,229,0,True,1,0,0,0
SMV2-0333,POWERINDIA,SELL,3,3,True,approved,8,8,230,0,True,1,0,0,1
SMV2-0333,SUZLON,SELL,2709,2709,True,approved,7,7,231,0,True,1,0,0,2
SMV2-0333,POLYCAB,SELL,4,4,True,approved,6,6,232,0,True,0,0,0,3
SMV2-0333,MTARTECH,BUY,20,20,True,approved,6,6,232,0,False,0,0,0,3
SMV2-0333,DATAPATTNS,BUY,38,38,True,approved,7,7,232,0,False,0,0,0,2
SMV2-0333,HAL,BUY,34,34,True,approved,8,8,232,0,False,0,0,0,1
SMV2-0334,AEQUS,SELL,136,136,True,approved,9,9,231,0,True,0,0,0,0
SMV2-0334,KAYNES,BUY,8,8,True,approved,9,9,231,0,True,0,0,0,0
SMV2-0335,DATAPATTNS,SELL,38,38,True,approved,9,9,231,0,True,1,0,0,0
SMV2-0335,APOLLO,BUY,376,376,True,approved,8,8,232,0,False,0,0,0,1
SMV2-0336,APOLLO,SELL,376,376,True,approved,9,9,232,0,True,1,0,0,0
SMV2-0336,HAL,SELL,34,34,True,approved,8,8,233,0,True,1,0,0,1
SMV2-0336,MTARTECH,SELL,20,20,True,approved,7,7,234,0,True,1,0,0,2
SMV2-0336,GAIL,BUY,909,909,True,approved,6,6,235,0,False,0,0,0,3
SMV2-0336,REFEX,BUY,491,491,True,approved,7,7,234,0,False,0,0,0,2
SMV2-0336,CONFIPET,BUY,1888,1888,True,approved,8,8,233,0,False,0,0,0,1
SMV2-0337,AEQUS,SELL,727,727,True,approved,9,9,232,0,True,1,0,0,0
SMV2-0337,TEXRAIL,SELL,1423,1423,True,approved,8,8,233,0,True,1,0,0,1
SMV2-0337,TITAGARH,SELL,199,199,True,approved,7,7,234,0,True,1,0,0,2
SMV2-0337,TITAN,BUY,36,36,True,approved,6,6,235,0,False,0,0,0,3
SMV2-0337,KALYANKJIL,BUY,432,432,True,approved,7,7,234,0,False,0,0,0,2
SMV2-0337,THANGAMAYL,BUY,27,27,True,approved,8,8,233,0,False,0,0,0,1
SMV2-0338,KALYANKJIL,SELL,432,432,True,approved,9,9,232,0,True,1,0,0,0
SMV2-0338,THANGAMAYL,SELL,27,27,True,approved,8,8,233,0,True,1,0,0,1
SMV2-0338,TITAN,SELL,36,36,True,approved,7,7,234,0,True,1,0,0,2
SMV2-0338,ADANIENT,BUY,52,52,True,approved,6,6,235,0,False,0,0,0,3
SMV2-0338,REDINGTON,BUY,561,561,True,approved,7,7,234,0,False,0,0,0,2
SMV2-0338,MSTCLTD,BUY,228,228,True,approved,8,8,233,0,False,0,0,0,1
SMV2-0339,ABB,SELL,24,24,True,approved,9,9,232,0,True,1,0,0,0
SMV2-0339,KAYNES,SELL,46,46,True,approved,8,8,233,0,True,1,0,0,1
SMV2-0339,POLYCAB,SELL,16,16,True,approved,7,7,234,0,True,1,0,0,2
SMV2-0339,AEQUS,BUY,677,677,True,approved,6,6,235,0,False,0,0,0,3
SMV2-0339,TITAGARH,BUY,175,175,True,approved,7,7,234,0,False,0,0,0,2
SMV2-0339,CARBORUNIV,BUY,136,136,True,approved,8,8,233,0,False,0,0,0,1
SMV2-0340,CONFIPET,SELL,1888,1888,True,approved,9,9,232,0,True,1,0,0,0
SMV2-0340,GAIL,SELL,909,909,True,approved,8,8,233,0,True,1,0,0,1
SMV2-0340,REFEX,SELL,491,491,True,approved,7,7,234,0,True,1,0,0,2
SMV2-0340,KPRMILL,BUY,134,134,True,approved,6,6,235,0,False,0,0,0,3
SMV2-0340,PAGEIND,BUY,3,3,True,approved,7,7,234,0,False,0,0,0,2
SMV2-0340,GOKEX,BUY,185,185,True,approved,8,8,233,0,False,0,0,0,1
SMV2-0341,ADANIENT,SELL,52,52,True,approved,9,9,232,0,True,1,0,0,0
SMV2-0341,GOKEX,SELL,185,185,True,approved,8,8,233,0,True,1,0,0,1
SMV2-0341,KPRMILL,SELL,134,134,True,approved,7,7,234,0,True,1,0,0,2
SMV2-0341,MSTCLTD,SELL,228,228,True,approved,6,6,235,0,True,1,0,0,3
SMV2-0341,PAGEIND,SELL,3,3,True,approved,5,5,236,0,True,1,0,0,4
SMV2-0341,REDINGTON,SELL,561,561,True,approved,4,4,237,0,True,1,0,0,5
SMV2-0341,KALYANKJIL,BUY,326,326,True,approved,3,3,238,0,False,0,0,0,6
SMV2-0341,TITAN,BUY,33,33,True,approved,4,4,237,0,False,0,0,0,5
SMV2-0341,THANGAMAYL,BUY,23,23,True,approved,5,5,236,0,False,0,0,0,4
SMV2-0341,APOLLO,BUY,376,376,True,approved,6,6,235,0,False,0,0,0,3
SMV2-0341,INDIGO,BUY,29,29,True,approved,7,7,234,0,False,0,0,0,2
SMV2-0341,BEL,BUY,373,373,True,approved,8,8,233,0,False,0,0,0,1
SMV2-0342,AEQUS,SELL,677,677,True,approved,9,9,232,0,True,1,0,0,0
SMV2-0342,APOLLO,SELL,376,376,True,approved,8,8,233,0,True,1,0,0,1
SMV2-0342,BEL,SELL,373,373,True,approved,7,7,234,0,True,1,0,0,2
SMV2-0342,CARBORUNIV,SELL,136,136,True,approved,6,6,235,0,True,1,0,0,3
SMV2-0342,INDIGO,SELL,29,29,True,approved,5,5,236,0,True,1,0,0,4
SMV2-0342,TITAGARH,SELL,175,175,True,approved,4,4,237,0,True,1,0,0,5
SMV2-0342,KALYANKJIL,SELL,57,57,True,approved,3,3,238,0,True,0,0,0,6
SMV2-0342,COSMOFIRST,BUY,185,185,True,approved,3,3,238,0,False,0,0,0,6
SMV2-0342,AGI,BUY,222,222,True,approved,4,4,237,0,False,0,0,0,5
SMV2-0342,HUHTAMAKI,BUY,636,636,True,approved,5,5,236,0,False,0,0,0,4
SMV2-0342,TORNTPHARM,BUY,32,32,True,approved,6,6,235,0,False,0,0,0,3
SMV2-0342,LAURUSLABS,BUY,100,100,True,approved,7,7,235,0,False,0,0,0,2
SMV2-0342,SUNPHARMA,BUY,79,79,True,approved,8,8,235,0,False,0,0,0,1
SMV2-0343,LAURUSLABS,SELL,100,100,True,approved,9,9,234,0,True,1,0,0,0
SMV2-0343,SUNPHARMA,SELL,79,79,True,approved,8,8,235,0,True,1,0,0,1
SMV2-0343,TORNTPHARM,SELL,32,32,True,approved,7,7,236,0,True,1,0,0,2
SMV2-0343,HUHTAMAKI,SELL,125,125,True,approved,6,6,237,0,True,0,0,0,3
SMV2-0343,RELIANCE,BUY,127,127,True,approved,6,6,237,0,False,0,0,0,3
SMV2-0343,MRPL,BUY,943,943,True,approved,7,7,236,0,False,0,0,0,2
SMV2-0343,ONGC,BUY,660,660,True,approved,8,8,235,0,False,0,0,0,1
SMV2-0344,THANGAMAYL,BUY,6,6,True,approved,9,9,234,0,True,0,0,0,0
SMV2-0346,KALYANKJIL,SELL,269,269,True,approved,9,9,234,0,True,1,0,0,0
SMV2-0346,THANGAMAYL,SELL,29,29,True,approved,8,8,235,0,True,1,0,0,1
SMV2-0346,TITAN,SELL,33,33,True,approved,7,7,236,0,True,1,0,0,2
SMV2-0346,JKPAPER,BUY,422,422,True,approved,6,6,237,0,False,0,0,0,3
SMV2-0346,WSTCSTPAPR,BUY,263,263,True,approved,7,7,236,0,False,0,0,0,2
SMV2-0346,KPL,BUY,45,45,True,approved,8,8,235,0,False,0,0,0,1
SMV2-0347,JKPAPER,SELL,422,422,True,approved,9,9,235,0,True,1,0,0,0
SMV2-0347,KPL,SELL,45,45,True,approved,8,8,236,0,True,1,0,0,1
SMV2-0347,WSTCSTPAPR,SELL,263,263,True,approved,7,7,237,0,True,1,0,0,2
SMV2-0347,REDINGTON,BUY,459,459,True,approved,6,6,238,0,False,0,0,0,3
SMV2-0347,ADANIENT,BUY,53,53,True,approved,7,7,237,0,False,0,0,0,2
SMV2-0347,HEXT,BUY,303,303,True,approved,8,8,236,0,False,0,0,0,1
SMV2-0348,ADANIENT,SELL,53,53,True,approved,9,9,235,0,True,1,0,0,0
SMV2-0348,HEXT,SELL,303,303,True,approved,8,8,236,0,True,1,0,0,1
SMV2-0348,REDINGTON,SELL,459,459,True,approved,7,7,237,0,True,1,0,0,2
SMV2-0348,KAYNES,BUY,41,41,True,approved,6,6,238,0,False,0,0,0,3
SMV2-0348,KEI,BUY,29,29,True,approved,7,7,237,0,False,0,0,0,2
SMV2-0348,FINCABLES,BUY,125,125,True,approved,8,8,236,0,False,0,0,0,1
SMV2-0349,FINCABLES,SELL,125,125,True,approved,9,9,235,0,True,1,0,0,0
SMV2-0349,KAYNES,SELL,41,41,True,approved,8,8,236,0,True,1,0,0,1
SMV2-0349,KEI,SELL,29,29,True,approved,7,7,237,0,True,1,0,0,2
SMV2-0349,AEQUS,BUY,646,646,True,approved,6,6,238,0,False,0,0,0,3
SMV2-0349,TITAGARH,BUY,178,178,True,approved,7,7,237,0,False,0,0,0,2
SMV2-0349,CARBORUNIV,BUY,128,128,True,approved,8,8,236,0,False,0,0,0,1
SMV2-0350,AEQUS,SELL,646,646,True,approved,9,9,235,0,True,1,0,0,0
SMV2-0350,AGI,SELL,222,222,True,approved,8,8,236,0,True,1,0,0,1
SMV2-0350,CARBORUNIV,SELL,128,128,True,approved,7,7,237,0,True,1,0,0,2
SMV2-0350,COSMOFIRST,SELL,185,185,True,approved,6,6,238,0,True,1,0,0,3
SMV2-0350,HUHTAMAKI,SELL,511,511,True,approved,5,5,239,0,True,1,0,0,4
SMV2-0350,TITAGARH,SELL,178,178,True,approved,4,4,240,0,True,1,0,0,5
SMV2-0350,KALYANKJIL,BUY,250,250,True,approved,3,3,241,0,False,0,0,0,6
SMV2-0350,TITAN,BUY,30,30,True,approved,4,4,240,0,False,0,0,0,5
SMV2-0350,TBZ,BUY,276,276,True,approved,5,5,239,0,False,0,0,0,4
SMV2-0350,JKPAPER,BUY,369,369,True,approved,6,6,239,0,False,0,0,0,3
SMV2-0350,WSTCSTPAPR,BUY,214,214,True,approved,7,7,238,0,False,0,0,0,2
SMV2-0350,KPL,BUY,36,36,True,approved,8,8,237,0,False,0,0,0,1
