signal_date,sector,sector_code,sector_rank,sector_formation_return,eligible_stocks_in_sector,symbol,liquidity_rank,avg_turnover_20,target_weight,execution_date
2020-04-30,agriculture,AG,1,0.353411520741,7,AVANTIFEED,1,242576950,0.111111111111,2020-05-04
2020-04-30,agriculture,AG,1,0.353411520741,7,BBTC,2,70914300,0.111111111111,2020-05-04
2020-04-30,agriculture,AG,1,0.353411520741,7,VENKEYS,3,68577700,0.111111111111,2020-05-04
2020-04-30,healthcare,HC,2,0.311038698261,61,SUNPHARMA,1,9088443200,0.111111111111,2020-05-04
2020-04-30,healthcare,HC,2,0.311038698261,61,CIPLA,2,6766463750,0.111111111111,2020-05-04
2020-04-30,healthcare,HC,2,0.311038698261,61,AUROPHARMA,3,6532438400,0.111111111111,2020-05-04
2020-04-30,chemicals,CM,3,0.265660331831,34,ASIANPAINT,1,3917812650,0.111111111111,2020-05-04
2020-04-30,chemicals,CM,3,0.265660331831,34,UPL,2,2141401050,0.111111111111,2020-05-04
2020-04-30,chemicals,CM,3,0.265660331831,34,PIDILITIND,3,1402055550,0.111111111111,2020-05-04
2020-05-08,infrastructure,IF,1,0.216177225394,13,LT,1,5062687000,0.111111111111,2020-05-11
2020-05-08,infrastructure,IF,1,0.216177225394,13,ADANIPORTS,2,1220154050,0.111111111111,2020-05-11
2020-05-08,infrastructure,IF,1,0.216177225394,13,NCC,3,751729700,0.111111111111,2020-05-11
2020-05-08,agriculture,AG,2,0.1434599759,7,AVANTIFEED,1,260271200,0.111111111111,2020-05-11
2020-05-08,agriculture,AG,2,0.1434599759,7,BBTC,2,73780700,0.111111111111,2020-05-11
2020-05-08,agriculture,AG,2,0.1434599759,7,VENKEYS,3,69163100,0.111111111111,2020-05-11
2020-05-08,healthcare,HC,3,0.142637206906,59,SUNPHARMA,1,8856153800,0.111111111111,2020-05-11
2020-05-08,healthcare,HC,3,0.142637206906,59,AUROPHARMA,2,7210003600,0.111111111111,2020-05-11
2020-05-08,healthcare,HC,3,0.142637206906,59,CIPLA,3,6622650700,0.111111111111,2020-05-11
2020-05-15,insurance,IN,1,0.0566020200551,5,HDFCLIFE,1,2123443600,0.111111111111,2020-05-18
2020-05-15,insurance,IN,1,0.0566020200551,5,ICICIPRULI,2,1561470800,0.111111111111,2020-05-18
2020-05-15,insurance,IN,1,0.0566020200551,5,SBILIFE,3,1209225550,0.111111111111,2020-05-18
2020-05-15,software,SW,2,0.0539318412186,26,TCS,1,7213084700,0.111111111111,2020-05-18
2020-05-15,software,SW,2,0.0539318412186,26,INFY,2,6321022750,0.111111111111,2020-05-18
2020-05-15,software,SW,2,0.0539318412186,26,TECHM,3,3015544850,0.111111111111,2020-05-18
2020-05-15,healthcare,HC,3,0.0352872442756,59,AUROPHARMA,1,6891067450,0.111111111111,2020-05-18
2020-05-15,healthcare,HC,3,0.0352872442756,59,SUNPHARMA,2,6790036600,0.111111111111,2020-05-18
2020-05-15,healthcare,HC,3,0.0352872442756,59,CIPLA,3,5385740450,0.111111111111,2020-05-18
2020-05-22,healthcare,HC,1,0.0196997806742,56,CIPLA,1,6164489950,0.111111111111,2020-05-26
2020-05-22,healthcare,HC,1,0.0196997806742,56,SUNPHARMA,2,5600295800,0.111111111111,2020-05-26
2020-05-22,healthcare,HC,1,0.0196997806742,56,AUROPHARMA,3,4933684600,0.111111111111,2020-05-26
2020-05-22,software,SW,2,0.0118298596221,23,TCS,1,6332345650,0.111111111111,2020-05-26
2020-05-22,software,SW,2,0.0118298596221,23,INFY,2,5874614000,0.111111111111,2020-05-26
2020-05-22,software,SW,2,0.0118298596221,23,HCLTECH,3,3111008650,0.111111111111,2020-05-26
2020-05-22,insurance,IN,3,0.00491107293528,5,HDFCLIFE,1,2165481950,0.111111111111,2020-05-26
2020-05-22,insurance,IN,3,0.00491107293528,5,ICICIPRULI,2,1452766350,0.111111111111,2020-05-26
2020-05-22,insurance,IN,3,0.00491107293528,5,SBILIFE,3,1264476000,0.111111111111,2020-05-26
2020-05-29,metals_Mining,MM,1,0.0518787234402,21,VEDL,1,3829828700,0.111111111111,2020-06-01
2020-05-29,metals_Mining,MM,1,0.0518787234402,21,TATASTEEL,2,3727866900,0.111111111111,2020-06-01
2020-05-29,metals_Mining,MM,1,0.0518787234402,21,HINDALCO,3,2437961650,0.111111111111,2020-06-01
2020-05-29,insurance,IN,2,0.0388029702424,5,HDFCLIFE,1,2638135350,0.111111111111,2020-06-01
2020-05-29,insurance,IN,2,0.0388029702424,5,SBILIFE,2,1435630100,0.111111111111,2020-06-01
2020-05-29,insurance,IN,2,0.0388029702424,5,ICICIPRULI,3,1183191700,0.111111111111,2020-06-01
2020-05-29,construction_supplies,CS,3,0.0340844732671,20,ULTRACEMCO,1,2911535200,0.111111111111,2020-06-01
2020-05-29,construction_supplies,CS,3,0.0340844732671,20,ACC,2,1802497150,0.111111111111,2020-06-01
2020-05-29,construction_supplies,CS,3,0.0340844732671,20,SHREECEM,3,1331326050,0.111111111111,2020-06-01
2020-06-05,textiles,TX,1,0.28376379145,13,PAGEIND,1,848523350,0.111111111111,2020-06-08
2020-06-05,textiles,TX,1,0.28376379145,13,RAYMOND,2,201113800,0.111111111111,2020-06-08
2020-06-05,textiles,TX,1,0.28376379145,13,ARVIND,3,155855400,0.111111111111,2020-06-08
2020-06-05,metals_Mining,MM,2,0.229978480512,27,TATASTEEL,1,4289963800,0.111111111111,2020-06-08
2020-06-05,metals_Mining,MM,2,0.229978480512,27,VEDL,2,4026510050,0.111111111111,2020-06-08
2020-06-05,metals_Mining,MM,2,0.229978480512,27,JINDALSTEL,3,2766386950,0.111111111111,2020-06-08
2020-06-05,hospitality,HP,3,0.202944570354,9,INDHOTEL,1,190722450,0.111111111111,2020-06-08
2020-06-05,hospitality,HP,3,0.202944570354,9,WESTLIFE,2,82751350,0.111111111111,2020-06-08
2020-06-05,hospitality,HP,3,0.202944570354,9,CHALET,3,62226200,0.111111111111,2020-06-08
2020-06-12,textiles,TX,1,0.275006551431,16,PAGEIND,1,843157700,0.111111111111,2020-06-15
2020-06-12,textiles,TX,1,0.275006551431,16,RAYMOND,2,364028300,0.111111111111,2020-06-15
2020-06-12,textiles,TX,1,0.275006551431,16,ARVIND,3,165661300,0.111111111111,2020-06-15
2020-06-12,agriculture,AG,2,0.205874272136,11,TATACONSUM,1,2690447000,0.111111111111,2020-06-15
2020-06-12,agriculture,AG,2,0.205874272136,11,AVANTIFEED,2,363178800,0.111111111111,2020-06-15
2020-06-12,agriculture,AG,2,0.205874272136,11,VENKEYS,3,167060400,0.111111111111,2020-06-15
2020-06-12,metals_Mining,MM,3,0.191107687588,28,TATASTEEL,1,4748299000,0.111111111111,2020-06-15
2020-06-12,metals_Mining,MM,3,0.191107687588,28,VEDL,2,3360129550,0.111111111111,2020-06-15
2020-06-12,metals_Mining,MM,3,0.191107687588,28,JINDALSTEL,3,2843901550,0.111111111111,2020-06-15
2020-06-19,textiles,TX,1,0.354362042678,18,PAGEIND,1,792438600,0.111111111111,2020-06-22
2020-06-19,textiles,TX,1,0.354362042678,18,RAYMOND,2,411594850,0.111111111111,2020-06-22
2020-06-19,textiles,TX,1,0.354362042678,18,ARVIND,3,165304050,0.111111111111,2020-06-22
2020-06-19,agriculture,AG,2,0.286405906244,11,TATACONSUM,1,2462880850,0.111111111111,2020-06-22
2020-06-19,agriculture,AG,2,0.286405906244,11,AVANTIFEED,2,333069700,0.111111111111,2020-06-22
2020-06-19,agriculture,AG,2,0.286405906244,11,KSCL,3,224617500,0.111111111111,2020-06-22
2020-06-19,banks,BN,3,0.277151822791,24,HDFCBANK,1,22090418850,0.111111111111,2020-06-22
2020-06-19,banks,BN,3,0.277151822791,24,AXISBANK,2,20131974600,0.111111111111,2020-06-22
2020-06-19,banks,BN,3,0.277151822791,24,ICICIBANK,3,17391323150,0.111111111111,2020-06-22
2020-06-26,textiles,TX,1,0.341698516603,22,PAGEIND,1,960854350,0.111111111111,2020-06-29
2020-06-26,textiles,TX,1,0.341698516603,22,RAYMOND,2,479804550,0.111111111111,2020-06-29
2020-06-26,textiles,TX,1,0.341698516603,22,BOMDYEING,3,304061100,0.111111111111,2020-06-29
2020-06-26,banks,BN,2,0.320871023898,24,HDFCBANK,1,21533295750,0.111111111111,2020-06-29
2020-06-26,banks,BN,2,0.320871023898,24,AXISBANK,2,19026405100,0.111111111111,2020-06-29
2020-06-26,banks,BN,2,0.320871023898,24,INDUSINDBK,3,18959028050,0.111111111111,2020-06-29
2020-06-26,finance,FN,3,0.243383740959,44,BAJAJFINSV,1,9637155100,0.111111111111,2020-06-29
2020-06-26,finance,FN,3,0.243383740959,44,MUTHOOTFIN,2,4440432850,0.111111111111,2020-06-29
2020-06-26,finance,FN,3,0.243383740959,44,CHOLAFIN,3,3940962700,0.111111111111,2020-06-29
2020-07-03,construction_supplies,CS,1,0.140213872675,30,ULTRACEMCO,1,1760719900,0.111111111111,2020-07-06
2020-07-03,construction_supplies,CS,1,0.140213872675,30,SHREECEM,2,1539662500,0.111111111111,2020-07-06
2020-07-03,construction_supplies,CS,1,0.140213872675,30,ACC,3,1368908550,0.111111111111,2020-07-06
2020-07-03,infrastructure,IF,2,0.135610201258,16,LT,1,5959297500,0.111111111111,2020-07-06
2020-07-03,infrastructure,IF,2,0.135610201258,16,ADANIPORTS,2,1176973550,0.111111111111,2020-07-06
2020-07-03,infrastructure,IF,2,0.135610201258,16,NCC,3,880873350,0.111111111111,2020-07-06
2020-07-03,banks,BN,3,0.128202380275,24,HDFCBANK,1,20828013100,0.111111111111,2020-07-06
2020-07-03,banks,BN,3,0.128202380275,24,AXISBANK,2,18814122100,0.111111111111,2020-07-06
2020-07-03,banks,BN,3,0.128202380275,24,INDUSINDBK,3,18514727850,0.111111111111,2020-07-06
2020-07-10,telecom,TC,1,0.266119923483,7,BHARTIARTL,1,8732552300,0.111111111111,2020-07-13
2020-07-10,telecom,TC,1,0.266119923483,7,ITI,2,698869500,0.111111111111,2020-07-13
2020-07-10,telecom,TC,1,0.266119923483,7,HATHWAY,3,182674600,0.111111111111,2020-07-13
2020-07-10,infrastructure,IF,2,0.180578900666,16,LT,1,5595229600,0.111111111111,2020-07-13
2020-07-10,infrastructure,IF,2,0.180578900666,16,ADANIPORTS,2,1230412700,0.111111111111,2020-07-13
2020-07-10,infrastructure,IF,2,0.180578900666,16,NCC,3,952348150,0.111111111111,2020-07-13
2020-07-10,finance,FN,3,0.157784989255,44,BAJAJFINSV,1,9360899500,0.111111111111,2020-07-13
2020-07-10,finance,FN,3,0.157784989255,44,MUTHOOTFIN,2,4675717200,0.111111111111,2020-07-13
2020-07-10,finance,FN,3,0.157784989255,44,CHOLAFIN,3,4021701100,0.111111111111,2020-07-13
2020-07-17,telecom,TC,1,0.113220270859,7,BHARTIARTL,1,8192637800,0.111111111111,2020-07-20
2020-07-17,telecom,TC,1,0.113220270859,7,ITI,2,542886450,0.111111111111,2020-07-20
2020-07-17,telecom,TC,1,0.113220270859,7,HATHWAY,3,188262650,0.111111111111,2020-07-20
2020-07-17,software,SW,2,0.102714431539,32,INFY,1,13949521850,0.111111111111,2020-07-20
2020-07-17,software,SW,2,0.102714431539,32,TCS,2,9480108600,0.111111111111,2020-07-20
2020-07-17,software,SW,2,0.102714431539,32,WIPRO,3,4134299900,0.111111111111,2020-07-20
2020-07-17,chemicals,CM,3,0.0904575918852,53,ASIANPAINT,1,4328525650,0.111111111111,2020-07-20
2020-07-17,chemicals,CM,3,0.0904575918852,53,UPL,2,2061773800,0.111111111111,2020-07-20
2020-07-17,chemicals,CM,3,0.0904575918852,53,PIDILITIND,3,969095150,0.111111111111,2020-07-20
2020-07-24,telecom,TC,1,0.213425128477,6,BHARTIARTL,1,7911935900,0.111111111111,2020-07-27
2020-07-24,telecom,TC,1,0.213425128477,6,ITI,2,570338400,0.111111111111,2020-07-27
2020-07-24,telecom,TC,1,0.213425128477,6,TATACOMM,3,90729700,0.111111111111,2020-07-27
2020-07-24,software,SW,2,0.12938227962,33,INFY,1,14927608100,0.111111111111,2020-07-27
2020-07-24,software,SW,2,0.12938227962,33,TCS,2,9071832850,0.111111111111,2020-07-27
2020-07-24,software,SW,2,0.12938227962,33,WIPRO,3,4959807600,0.111111111111,2020-07-27
2020-07-24,chemicals,CM,3,0.0850485100688,51,ASIANPAINT,1,3415751900,0.111111111111,2020-07-27
2020-07-24,chemicals,CM,3,0.0850485100688,51,UPL,2,2309897250,0.111111111111,2020-07-27
2020-07-24,chemicals,CM,3,0.0850485100688,51,PIDILITIND,3,915491650,0.111111111111,2020-07-27
2020-07-31,software,SW,1,0.176302617533,33,INFY,1,16361552600,0.111111111111,2020-08-03
2020-07-31,software,SW,1,0.176302617533,33,TCS,2,10751494350,0.111111111111,2020-08-03
2020-07-31,software,SW,1,0.176302617533,33,WIPRO,3,5774532950,0.111111111111,2020-08-03
2020-07-31,telecom,TC,2,0.152448959046,6,BHARTIARTL,1,8422008350,0.111111111111,2020-08-03
2020-07-31,telecom,TC,2,0.152448959046,6,ITI,2,598813850,0.111111111111,2020-08-03
2020-07-31,telecom,TC,2,0.152448959046,6,TATACOMM,3,107203500,0.111111111111,2020-08-03
2020-07-31,healthcare,HC,3,0.137910023357,67,SUNPHARMA,1,5363357150,0.111111111111,2020-08-03
2020-07-31,healthcare,HC,3,0.137910023357,67,CIPLA,2,4578396000,0.111111111111,2020-08-03
2020-07-31,healthcare,HC,3,0.137910023357,67,BIOCON,3,3133916900,0.111111111111,2020-08-03
2020-08-07,software,SW,1,0.213628337759,34,INFY,1,16761091300,0.111111111111,2020-08-10
2020-08-07,software,SW,1,0.213628337759,34,TCS,2,9899008050,0.111111111111,2020-08-10
2020-08-07,software,SW,1,0.213628337759,34,WIPRO,3,5969009850,0.111111111111,2020-08-10
2020-08-07,telecom,TC,2,0.193717709451,6,BHARTIARTL,1,8138304650,0.111111111111,2020-08-10
2020-08-07,telecom,TC,2,0.193717709451,6,ITI,2,336112600,0.111111111111,2020-08-10
2020-08-07,telecom,TC,2,0.193717709451,6,TATACOMM,3,168037500,0.111111111111,2020-08-10
2020-08-07,healthcare,HC,3,0.191919937835,67,SUNPHARMA,1,6216805250,0.111111111111,2020-08-10
2020-08-07,healthcare,HC,3,0.191919937835,67,CIPLA,2,5251306650,0.111111111111,2020-08-10
2020-08-07,healthcare,HC,3,0.191919937835,67,DIVISLAB,3,3475833500,0.111111111111,2020-08-10
2020-08-14,software,SW,1,0.212673542853,38,INFY,1,10526509050,0.111111111111,2020-08-17
2020-08-14,software,SW,1,0.212673542853,38,TCS,2,8751880500,0.111111111111,2020-08-17
2020-08-14,software,SW,1,0.212673542853,38,HCLTECH,3,4968082200,0.111111111111,2020-08-17
2020-08-14,healthcare,HC,2,0.168430080365,67,CIPLA,1,8064305650,0.111111111111,2020-08-17
2020-08-14,healthcare,HC,2,0.168430080365,67,SUNPHARMA,2,6608957550,0.111111111111,2020-08-17
2020-08-14,healthcare,HC,2,0.168430080365,67,DIVISLAB,3,5275429950,0.111111111111,2020-08-17
2020-08-14,hospitality,HP,3,0.167531619379,11,INDHOTEL,1,421362750,0.111111111111,2020-08-17
2020-08-14,hospitality,HP,3,0.167531619379,11,WESTLIFE,2,127926500,0.111111111111,2020-08-17
2020-08-14,hospitality,HP,3,0.167531619379,11,EIHOTEL,3,126244550,0.111111111111,2020-08-17
2020-08-21,hospitality,HP,1,0.28122613284,12,INDHOTEL,1,497772250,0.111111111111,2020-08-24
2020-08-21,hospitality,HP,1,0.28122613284,12,EIHOTEL,2,212481200,0.111111111111,2020-08-24
2020-08-21,hospitality,HP,1,0.28122613284,12,WESTLIFE,3,123126250,0.111111111111,2020-08-24
2020-08-21,real_estate,RE,2,0.238448986353,19,DLF,1,1634534900,0.111111111111,2020-08-24
2020-08-21,real_estate,RE,2,0.238448986353,19,GODREJPROP,2,476897600,0.111111111111,2020-08-24
2020-08-21,real_estate,RE,2,0.238448986353,19,NBCC,3,371751400,0.111111111111,2020-08-24
2020-08-21,plastic_products,PP,3,0.236770937761,10,POLYPLEX,1,296601700,0.111111111111,2020-08-24
2020-08-21,plastic_products,PP,3,0.236770937761,10,ASTRAL,2,234786150,0.111111111111,2020-08-24
2020-08-21,plastic_products,PP,3,0.236770937761,10,SUPREMEIND,3,85260250,0.111111111111,2020-08-24
2020-08-28,real_estate,RE,1,0.271046183123,20,DLF,1,2656685200,0.111111111111,2020-08-31
2020-08-28,real_estate,RE,1,0.271046183123,20,GODREJPROP,2,807026600,0.111111111111,2020-08-31
2020-08-28,real_estate,RE,1,0.271046183123,20,PHOENIXLTD,3,545669250,0.111111111111,2020-08-31
2020-08-28,textiles,TX,2,0.246717447509,26,PAGEIND,1,900017400,0.111111111111,2020-08-31
2020-08-28,textiles,TX,2,0.246717447509,26,ALOKINDS,2,597959850,0.111111111111,2020-08-31
2020-08-28,textiles,TX,2,0.246717447509,26,RAYMOND,3,475235150,0.111111111111,2020-08-31
2020-08-28,hospitality,HP,3,0.245248373404,12,INDHOTEL,1,622950900,0.111111111111,2020-08-31
2020-08-28,hospitality,HP,3,0.245248373404,12,EIHOTEL,2,234282150,0.111111111111,2020-08-31
2020-08-28,hospitality,HP,3,0.245248373404,12,WESTLIFE,3,96531700,0.111111111111,2020-08-31
2020-09-04,hospitality,HP,1,0.157854002139,11,INDHOTEL,1,702890650,0.111111111111,2020-09-07
2020-09-04,hospitality,HP,1,0.157854002139,11,EIHOTEL,2,244850300,0.111111111111,2020-09-07
2020-09-04,hospitality,HP,1,0.157854002139,11,WESTLIFE,3,92610850,0.111111111111,2020-09-07
2020-09-04,durables,DR,2,0.155994575638,13,VOLTAS,1,1631037400,0.111111111111,2020-09-07
2020-09-04,durables,DR,2,0.155994575638,13,DIXON,2,517382650,0.111111111111,2020-09-07
2020-09-04,durables,DR,2,0.155994575638,13,BAJAJELEC,3,297305850,0.111111111111,2020-09-07
2020-09-04,real_estate,RE,3,0.126634030792,20,DLF,1,2894959050,0.111111111111,2020-09-07
2020-09-04,real_estate,RE,3,0.126634030792,20,GODREJPROP,2,983095150,0.111111111111,2020-09-07
2020-09-04,real_estate,RE,3,0.126634030792,20,PHOENIXLTD,3,595106000,0.111111111111,2020-09-07
2020-09-11,durables,DR,1,0.11890680863,13,VOLTAS,1,1276245950,0.111111111111,2020-09-14
2020-09-11,durables,DR,1,0.11890680863,13,AMBER,2,914992600,0.111111111111,2020-09-14
2020-09-11,durables,DR,1,0.11890680863,13,DIXON,3,631548800,0.111111111111,2020-09-14
2020-09-11,software,SW,2,0.104514019774,38,TCS,1,8108499350,0.111111111111,2020-09-14
2020-09-11,software,SW,2,0.104514019774,38,INFY,2,6812002100,0.111111111111,2020-09-14
2020-09-11,software,SW,2,0.104514019774,38,WIPRO,3,3838594300,0.111111111111,2020-09-14
2020-09-11,logistics,LG,3,0.0744330537924,14,CONCOR,1,1050315950,0.111111111111,2020-09-14
2020-09-11,logistics,LG,3,0.0744330537924,14,BLUEDART,2,300263100,0.111111111111,2020-09-14
2020-09-11,logistics,LG,3,0.0744330537924,14,VRLLOG,3,107439250,0.111111111111,2020-09-14
2020-09-18,software,SW,1,0.133276398137,40,TCS,1,9876740850,0.111111111111,2020-09-21
2020-09-18,software,SW,1,0.133276398137,40,INFY,2,8758007550,0.111111111111,2020-09-21
2020-09-18,software,SW,1,0.133276398137,40,HCLTECH,3,6158785200,0.111111111111,2020-09-21
2020-09-18,alcohol,AL,2,0.0742798643755,7,MCDOWELL-N,1,1342241900,0.111111111111,2020-09-21
2020-09-18,alcohol,AL,2,0.0742798643755,7,UBL,2,1037868500,0.111111111111,2020-09-21
2020-09-18,alcohol,AL,2,0.0742798643755,7,RADICO,3,244821200,0.111111111111,2020-09-21
2020-09-18,durables,DR,3,0.0711687471605,12,VOLTAS,1,1425278700,0.111111111111,2020-09-21
2020-09-18,durables,DR,3,0.0711687471605,12,AMBER,2,1192419800,0.111111111111,2020-09-21
2020-09-18,durables,DR,3,0.0711687471605,12,DIXON,3,790001200,0.111111111111,2020-09-21
2020-09-25,software,SW,1,0.0919705794329,40,TCS,1,12841429250,0.111111111111,2020-09-28
2020-09-25,software,SW,1,0.0919705794329,40,INFY,2,10720562950,0.111111111111,2020-09-28
2020-09-25,software,SW,1,0.0919705794329,40,HCLTECH,3,9294429750,0.111111111111,2020-09-28
2020-09-25,healthcare,HC,2,0.0165390782839,63,CIPLA,1,6709960450,0.111111111111,2020-09-28
2020-09-25,healthcare,HC,2,0.0165390782839,63,SUNPHARMA,2,5644115150,0.111111111111,2020-09-28
2020-09-25,healthcare,HC,2,0.0165390782839,63,DIVISLAB,3,4500810550,0.111111111111,2020-09-28
2020-09-25,alcohol,AL,3,-0.00441177899313,6,MCDOWELL-N,1,1328668300,0.111111111111,2020-09-28
2020-09-25,alcohol,AL,3,-0.00441177899313,6,UBL,2,1020320250,0.111111111111,2020-09-28
2020-09-25,alcohol,AL,3,-0.00441177899313,6,RADICO,3,240817000,0.111111111111,2020-09-28
2020-10-01,software,SW,1,0.133347828633,40,TCS,1,13192463600,0.111111111111,2020-10-05
2020-10-01,software,SW,1,0.133347828633,40,INFY,2,10691737450,0.111111111111,2020-10-05
2020-10-01,software,SW,1,0.133347828633,40,HCLTECH,3,9924159650,0.111111111111,2020-10-05
2020-10-01,healthcare,HC,2,0.0685537322101,65,CIPLA,1,7262932700,0.111111111111,2020-10-05
2020-10-01,healthcare,HC,2,0.0685537322101,65,SUNPHARMA,2,5263994500,0.111111111111,2020-10-05
2020-10-01,healthcare,HC,2,0.0685537322101,65,DIVISLAB,3,4520508300,0.111111111111,2020-10-05
2020-10-01,durables,DR,3,0.0412968490616,12,VOLTAS,1,1367515600,0.111111111111,2020-10-05
2020-10-01,durables,DR,3,0.0412968490616,12,AMBER,2,1282973700,0.111111111111,2020-10-05
2020-10-01,durables,DR,3,0.0412968490616,12,DIXON,3,837613600,0.111111111111,2020-10-05
2020-10-09,software,SW,1,0.163977557627,42,TCS,1,19336867750,0.111111111111,2020-10-12
2020-10-09,software,SW,1,0.163977557627,42,INFY,2,12351621500,0.111111111111,2020-10-12
2020-10-09,software,SW,1,0.163977557627,42,HCLTECH,3,11450330600,0.111111111111,2020-10-12
2020-10-09,healthcare,HC,2,0.102401106234,66,CIPLA,1,7794234650,0.111111111111,2020-10-12
2020-10-09,healthcare,HC,2,0.102401106234,66,SUNPHARMA,2,5286049000,0.111111111111,2020-10-12
2020-10-09,healthcare,HC,2,0.102401106234,66,DIVISLAB,3,4862930250,0.111111111111,2020-10-12
2020-10-09,textiles,TX,3,0.0787372643777,18,PAGEIND,1,1455022250,0.111111111111,2020-10-12
2020-10-09,textiles,TX,3,0.0787372643777,18,ALOKINDS,2,397770150,0.111111111111,2020-10-12
2020-10-09,textiles,TX,3,0.0787372643777,18,RAYMOND,3,222211700,0.111111111111,2020-10-12
2020-10-16,software,SW,1,0.0618952078995,39,TCS,1,19540356200,0.111111111111,2020-10-19
2020-10-16,software,SW,1,0.0618952078995,39,INFY,2,15419180700,0.111111111111,2020-10-19
2020-10-16,software,SW,1,0.0618952078995,39,HCLTECH,3,12064389250,0.111111111111,2020-10-19
2020-10-16,healthcare,HC,2,0.00712167234675,66,CIPLA,1,8299671350,0.111111111111,2020-10-19
2020-10-16,healthcare,HC,2,0.00712167234675,66,SUNPHARMA,2,5127174700,0.111111111111,2020-10-19
2020-10-16,healthcare,HC,2,0.00712167234675,66,DIVISLAB,3,5068174300,0.111111111111,2020-10-19
2020-10-16,plastic_products,PP,3,0.00398727377196,8,PRINCEPIPE,1,163438750,0.111111111111,2020-10-19
2020-10-16,plastic_products,PP,3,0.00398727377196,8,ASTRAL,2,146575550,0.111111111111,2020-10-19
2020-10-16,plastic_products,PP,3,0.00398727377196,8,SUPREMEIND,3,122469800,0.111111111111,2020-10-19
2020-10-23,construction_supplies,CS,1,0.201313064938,29,ULTRACEMCO,1,3581762100,0.111111111111,2020-10-26
2020-10-23,construction_supplies,CS,1,0.201313064938,29,ACC,2,2422906000,0.111111111111,2020-10-26
2020-10-23,construction_supplies,CS,1,0.201313064938,29,AMBUJACEM,3,2155372450,0.111111111111,2020-10-26
2020-10-23,textiles,TX,2,0.152822335455,18,PAGEIND,1,1202586200,0.111111111111,2020-10-26
2020-10-23,textiles,TX,2,0.152822335455,18,ALOKINDS,2,412263600,0.111111111111,2020-10-26
2020-10-23,textiles,TX,2,0.152822335455,18,HIMATSEIDE,3,236481850,0.111111111111,2020-10-26
2020-10-23,real_estate,RE,3,0.14187739279,15,DLF,1,1786913600,0.111111111111,2020-10-26
2020-10-23,real_estate,RE,3,0.14187739279,15,GODREJPROP,2,1201337950,0.111111111111,2020-10-26
2020-10-23,real_estate,RE,3,0.14187739279,15,OBEROIRLTY,3,325549900,0.111111111111,2020-10-26
2020-10-30,construction_supplies,CS,1,0.113755335112,32,ULTRACEMCO,1,4073644600,0.111111111111,2020-11-02
2020-10-30,construction_supplies,CS,1,0.113755335112,32,ACC,2,3008057000,0.111111111111,2020-11-02
2020-10-30,construction_supplies,CS,1,0.113755335112,32,AMBUJACEM,3,2585951300,0.111111111111,2020-11-02
2020-10-30,real_estate,RE,2,0.061746354718,16,DLF,1,1899570800,0.111111111111,2020-11-02
2020-10-30,real_estate,RE,2,0.061746354718,16,GODREJPROP,2,1367032550,0.111111111111,2020-11-02
2020-10-30,real_estate,RE,2,0.061746354718,16,OBEROIRLTY,3,354760100,0.111111111111,2020-11-02
2020-10-30,telecom,TC,3,0.0368381835612,7,BHARTIARTL,1,10545765250,0.111111111111,2020-11-02
2020-10-30,telecom,TC,3,0.0368381835612,7,TATACOMM,2,104641550,0.111111111111,2020-11-02
2020-10-30,telecom,TC,3,0.0368381835612,7,ITI,3,73541950,0.111111111111,2020-11-02
2020-11-06,construction_supplies,CS,1,0.112119145874,34,ULTRACEMCO,1,4046977150,0.111111111111,2020-11-09
2020-11-06,construction_supplies,CS,1,0.112119145874,34,ACC,2,2985190350,0.111111111111,2020-11-09
2020-11-06,construction_supplies,CS,1,0.112119145874,34,AMBUJACEM,3,2585320600,0.111111111111,2020-11-09
2020-11-06,plastic_products,PP,2,0.0976643714557,8,POLYPLEX,1,117694150,0.111111111111,2020-11-09
2020-11-06,plastic_products,PP,2,0.0976643714557,8,SUPREMEIND,2,93542900,0.111111111111,2020-11-09
2020-11-06,plastic_products,PP,2,0.0976643714557,8,ASTRAL,3,82432200,0.111111111111,2020-11-09
2020-11-06,durables,DR,3,0.0547904224412,12,VOLTAS,1,1919272750,0.111111111111,2020-11-09
2020-11-06,durables,DR,3,0.0547904224412,12,AMBER,2,931783300,0.111111111111,2020-11-09
2020-11-06,durables,DR,3,0.0547904224412,12,DIXON,3,548306500,0.111111111111,2020-11-09
2020-11-14,plastic_products,PP,1,0.16630613291,7,ASTRAL,1,189396200,0.111111111111,2020-11-17
2020-11-14,plastic_products,PP,1,0.16630613291,7,POLYPLEX,2,105336150,0.111111111111,2020-11-17
2020-11-14,plastic_products,PP,1,0.16630613291,7,SUPREMEIND,3,101010150,0.111111111111,2020-11-17
2020-11-14,media_entertainment,ME,2,0.14704574529,5,ZEEL,1,3748220650,0.111111111111,2020-11-17
2020-11-14,media_entertainment,ME,2,0.14704574529,5,SUNTV,2,836697300,0.111111111111,2020-11-17
2020-11-14,media_entertainment,ME,2,0.14704574529,5,TV18BRDCST,3,85341300,0.111111111111,2020-11-17
2020-11-14,construction_supplies,CS,3,0.146235934016,34,ULTRACEMCO,1,3689567950,0.111111111111,2020-11-17
2020-11-14,construction_supplies,CS,3,0.146235934016,34,ACC,2,2912763600,0.111111111111,2020-11-17
2020-11-14,construction_supplies,CS,3,0.146235934016,34,AMBUJACEM,3,2310548200,0.111111111111,2020-11-17
2020-11-20,plastic_products,PP,1,0.192484793384,9,ASTRAL,1,357033250,0.111111111111,2020-11-23
2020-11-20,plastic_products,PP,1,0.192484793384,9,SUPREMEIND,2,116931800,0.111111111111,2020-11-23
2020-11-20,plastic_products,PP,1,0.192484793384,9,POLYPLEX,3,91506950,0.111111111111,2020-11-23
2020-11-20,hospitality,HP,2,0.178667586286,10,INDHOTEL,1,386312900,0.111111111111,2020-11-23
2020-11-20,hospitality,HP,2,0.178667586286,10,THOMASCOOK,2,79842850,0.111111111111,2020-11-23
2020-11-20,hospitality,HP,2,0.178667586286,10,EIHOTEL,3,72735050,0.111111111111,2020-11-23
2020-11-20,capGoods,CG,3,0.125984021455,29,HAVELLS,1,2583234500,0.111111111111,2020-11-23
2020-11-20,capGoods,CG,3,0.125984021455,29,BHEL,2,870264300,0.111111111111,2020-11-23
2020-11-20,capGoods,CG,3,0.125984021455,29,SIEMENS,3,647433300,0.111111111111,2020-11-23
2020-11-27,hospitality,HP,1,0.253786685226,10,INDHOTEL,1,386858200,0.111111111111,2020-12-01
2020-11-27,hospitality,HP,1,0.253786685226,10,WESTLIFE,2,105418050,0.111111111111,2020-12-01
2020-11-27,hospitality,HP,1,0.253786685226,10,THOMASCOOK,3,99247700,0.111111111111,2020-12-01
2020-11-27,banks,BN,2,0.233149730929,24,INDUSINDBK,1,21037447750,0.111111111111,2020-12-01
2020-11-27,banks,BN,2,0.233149730929,24,SBIN,2,17653250700,0.111111111111,2020-12-01
2020-11-27,banks,BN,2,0.233149730929,24,HDFCBANK,3,17393227150,0.111111111111,2020-12-01
2020-11-27,plastic_products,PP,3,0.209214157284,8,ASTRAL,1,400366850,0.111111111111,2020-12-01
2020-11-27,plastic_products,PP,3,0.209214157284,8,SUPREMEIND,2,175177600,0.111111111111,2020-12-01
2020-11-27,plastic_products,PP,3,0.209214157284,8,POLYPLEX,3,75907300,0.111111111111,2020-12-01
2020-12-04,hospitality,HP,1,0.346559138407,10,INDHOTEL,1,484454650,0.111111111111,2020-12-07
2020-12-04,hospitality,HP,1,0.346559138407,10,EIHOTEL,2,121470750,0.111111111111,2020-12-07
2020-12-04,hospitality,HP,1,0.346559138407,10,LEMONTREE,3,117223450,0.111111111111,2020-12-07
2020-12-04,infrastructure,IF,2,0.282874653445,20,LT,1,7661837300,0.111111111111,2020-12-07
2020-12-04,infrastructure,IF,2,0.282874653445,20,ADANIPORTS,2,3639769400,0.111111111111,2020-12-07
2020-12-04,infrastructure,IF,2,0.282874653445,20,NCC,3,478793650,0.111111111111,2020-12-07
2020-12-04,real_estate,RE,3,0.269221324207,19,DLF,1,2758510400,0.111111111111,2020-12-07
2020-12-04,real_estate,RE,3,0.269221324207,19,GODREJPROP,2,1852140800,0.111111111111,2020-12-07
2020-12-04,real_estate,RE,3,0.269221324207,19,IBREALEST,3,446112050,0.111111111111,2020-12-07
2020-12-11,electricals,EL,1,0.278966282987,8,POLYCAB,1,744839400,0.111111111111,2020-12-14
2020-12-11,electricals,EL,1,0.278966282987,8,ABB,2,255485900,0.111111111111,2020-12-14
2020-12-11,electricals,EL,1,0.278966282987,8,FINCABLES,3,160057000,0.111111111111,2020-12-14
2020-12-11,hospitality,HP,2,0.246081395448,11,INDHOTEL,1,436652100,0.111111111111,2020-12-14
2020-12-11,hospitality,HP,2,0.246081395448,11,LEMONTREE,2,146023800,0.111111111111,2020-12-14
2020-12-11,hospitality,HP,2,0.246081395448,11,EIHOTEL,3,119106700,0.111111111111,2020-12-14
2020-12-11,logistics,LG,3,0.236186278091,15,CONCOR,1,1076717050,0.111111111111,2020-12-14
2020-12-11,logistics,LG,3,0.236186278091,15,SCI,2,442046100,0.111111111111,2020-12-14
2020-12-11,logistics,LG,3,0.236186278091,15,SNOWMAN,3,336099150,0.111111111111,2020-12-14
2020-12-18,electricals,EL,1,0.2813972066,8,POLYCAB,1,793045800,0.111111111111,2020-12-21
2020-12-18,electricals,EL,1,0.2813972066,8,ABB,2,268718350,0.111111111111,2020-12-21
2020-12-18,electricals,EL,1,0.2813972066,8,FINCABLES,3,172789300,0.111111111111,2020-12-21
2020-12-18,diamond_jewellery,DJ,2,0.194654151079,6,TITAN,1,4254792850,0.111111111111,2020-12-21
2020-12-18,diamond_jewellery,DJ,2,0.194654151079,6,RAJESHEXPO,2,82798150,0.111111111111,2020-12-21
2020-12-18,diamond_jewellery,DJ,2,0.194654151079,6,VAIBHAVGBL,3,52480200,0.111111111111,2020-12-21
2020-12-18,real_estate,RE,3,0.191982146002,20,DLF,1,3531817700,0.111111111111,2020-12-21
2020-12-18,real_estate,RE,3,0.191982146002,20,GODREJPROP,2,1677469550,0.111111111111,2020-12-21
2020-12-18,real_estate,RE,3,0.191982146002,20,NBCC,3,537351050,0.111111111111,2020-12-21
2020-12-24,electricals,EL,1,0.242178300879,8,POLYCAB,1,809590250,0.111111111111,2020-12-28
2020-12-24,electricals,EL,1,0.242178300879,8,ABB,2,277476950,0.111111111111,2020-12-28
2020-12-24,electricals,EL,1,0.242178300879,8,FINCABLES,3,171846100,0.111111111111,2020-12-28
2020-12-24,software,SW,2,0.205435257256,44,INFY,1,12630884750,0.111111111111,2020-12-28
2020-12-24,software,SW,2,0.205435257256,44,TCS,2,8417168300,0.111111111111,2020-12-28
2020-12-24,software,SW,2,0.205435257256,44,IRCTC,3,6567282050,0.111111111111,2020-12-28
2020-12-24,diamond_jewellery,DJ,3,0.189274144013,6,TITAN,1,3710453950,0.111111111111,2020-12-28
2020-12-24,diamond_jewellery,DJ,3,0.189274144013,6,RAJESHEXPO,2,94568700,0.111111111111,2020-12-28
2020-12-24,diamond_jewellery,DJ,3,0.189274144013,6,VAIBHAVGBL,3,51547450,0.111111111111,2020-12-28
2021-01-01,diamond_jewellery,DJ,1,0.236040941579,6,TITAN,1,3152803300,0.111111111111,2021-01-04
2021-01-01,diamond_jewellery,DJ,1,0.236040941579,6,RAJESHEXPO,2,94579900,0.111111111111,2021-01-04
2021-01-01,diamond_jewellery,DJ,1,0.236040941579,6,TBZ,3,67836600,0.111111111111,2021-01-04
2021-01-01,software,SW,2,0.188817319619,44,INFY,1,10598798550,0.111111111111,2021-01-04
2021-01-01,software,SW,2,0.188817319619,44,TCS,2,8024536250,0.111111111111,2021-01-04
2021-01-01,software,SW,2,0.188817319619,44,IRCTC,3,7029273700,0.111111111111,2021-01-04
2021-01-01,durables,DR,3,0.158451597237,14,VOLTAS,1,1137638200,0.111111111111,2021-01-04
2021-01-01,durables,DR,3,0.158451597237,14,DIXON,2,676705250,0.111111111111,2021-01-04
2021-01-01,durables,DR,3,0.158451597237,14,CROMPTON,3,567098350,0.111111111111,2021-01-04
2021-01-08,diamond_jewellery,DJ,1,0.285292786577,6,TITAN,1,3436329750,0.111111111111,2021-01-11
2021-01-08,diamond_jewellery,DJ,1,0.285292786577,6,TBZ,2,137698100,0.111111111111,2021-01-11
2021-01-08,diamond_jewellery,DJ,1,0.285292786577,6,VAIBHAVGBL,3,103360450,0.111111111111,2021-01-11
2021-01-08,electricals,EL,2,0.200717123762,9,POLYCAB,1,748555600,0.111111111111,2021-01-11
2021-01-08,electricals,EL,2,0.200717123762,9,ABB,2,245546700,0.111111111111,2021-01-11
2021-01-08,electricals,EL,2,0.200717123762,9,FINCABLES,3,164448000,0.111111111111,2021-01-11
2021-01-08,software,SW,3,0.196258675646,45,INFY,1,10705151400,0.111111111111,2021-01-11
2021-01-08,software,SW,3,0.196258675646,45,TCS,2,9690874900,0.111111111111,2021-01-11
2021-01-08,software,SW,3,0.196258675646,45,HCLTECH,3,5940688750,0.111111111111,2021-01-11
2021-01-15,trading,TR,1,0.182116392463,5,ADANIENT,1,2751776600,0.111111111111,2021-01-18
2021-01-15,trading,TR,1,0.182116392463,5,MSTCLTD,2,273349850,0.111111111111,2021-01-18
2021-01-15,trading,TR,1,0.182116392463,5,MMTC,3,205443450,0.111111111111,2021-01-18
2021-01-15,alcohol,AL,2,0.132686745523,6,MCDOWELL-N,1,1545521750,0.111111111111,2021-01-18
2021-01-15,alcohol,AL,2,0.132686745523,6,UBL,2,802931400,0.111111111111,2021-01-18
2021-01-15,alcohol,AL,2,0.132686745523,6,RADICO,3,267338100,0.111111111111,2021-01-18
2021-01-15,diamond_jewellery,DJ,3,0.130344985688,6,TITAN,1,3575550450,0.111111111111,2021-01-18
2021-01-15,diamond_jewellery,DJ,3,0.130344985688,6,TBZ,2,149297500,0.111111111111,2021-01-18
2021-01-15,diamond_jewellery,DJ,3,0.130344985688,6,VAIBHAVGBL,3,113788550,0.111111111111,2021-01-18
2021-01-22,trading,TR,1,0.164722335236,5,ADANIENT,1,2756517450,0.111111111111,2021-01-25
2021-01-22,trading,TR,1,0.164722335236,5,MSTCLTD,2,313962300,0.111111111111,2021-01-25
2021-01-22,trading,TR,1,0.164722335236,5,MMTC,3,203668200,0.111111111111,2021-01-25
2021-01-22,diamond_jewellery,DJ,2,0.125585386005,6,TITAN,1,3257004100,0.111111111111,2021-01-25
2021-01-22,diamond_jewellery,DJ,2,0.125585386005,6,TBZ,2,152429500,0.111111111111,2021-01-25
2021-01-22,diamond_jewellery,DJ,2,0.125585386005,6,VAIBHAVGBL,3,113337350,0.111111111111,2021-01-25
2021-01-22,alcohol,AL,3,0.116535784947,6,MCDOWELL-N,1,1666890550,0.111111111111,2021-01-25
2021-01-22,alcohol,AL,3,0.116535784947,6,UBL,2,772215800,0.111111111111,2021-01-25
2021-01-22,alcohol,AL,3,0.116535784947,6,RADICO,3,288822600,0.111111111111,2021-01-25
2021-01-29,trading,TR,1,0.101879060451,5,ADANIENT,1,2335228650,0.111111111111,2021-02-01
2021-01-29,trading,TR,1,0.101879060451,5,MSTCLTD,2,328845800,0.111111111111,2021-02-01
2021-01-29,trading,TR,1,0.101879060451,5,MMTC,3,165768100,0.111111111111,2021-02-01
2021-01-29,durables,DR,2,0.0688965624935,14,VOLTAS,1,2041426150,0.111111111111,2021-02-01
2021-01-29,durables,DR,2,0.0688965624935,14,DIXON,2,1145949400,0.111111111111,2021-02-01
2021-01-29,durables,DR,2,0.0688965624935,14,CROMPTON,3,677200850,0.111111111111,2021-02-01
2021-01-29,automobile,AT,3,0.0459510678348,61,MARUTI,1,9267542600,0.111111111111,2021-02-01
2021-01-29,automobile,AT,3,0.0459510678348,61,EICHERMOT,2,5462836650,0.111111111111,2021-02-01
2021-01-29,automobile,AT,3,0.0459510678348,61,BAJAJ-AUTO,3,5034341300,0.111111111111,2021-02-01
2021-02-05,trading,TR,1,0.208557941612,5,ADANIENT,1,2558119200,0.111111111111,2021-02-08
2021-02-05,trading,TR,1,0.208557941612,5,MSTCLTD,2,372028900,0.111111111111,2021-02-08
2021-02-05,trading,TR,1,0.208557941612,5,MMTC,3,129558500,0.111111111111,2021-02-08
2021-02-05,automobile,AT,2,0.0888654479774,63,MARUTI,1,10649612050,0.111111111111,2021-02-08
2021-02-05,automobile,AT,2,0.0888654479774,63,M&M,2,6065561800,0.111111111111,2021-02-08
2021-02-05,automobile,AT,2,0.0888654479774,63,EICHERMOT,3,5504354350,0.111111111111,2021-02-08
2021-02-05,durables,DR,3,0.0879211706384,14,VOLTAS,1,2366789700,0.111111111111,2021-02-08
2021-02-05,durables,DR,3,0.0879211706384,14,DIXON,2,1436887250,0.111111111111,2021-02-08
2021-02-05,durables,DR,3,0.0879211706384,14,CROMPTON,3,762765200,0.111111111111,2021-02-08
2021-02-12,trading,TR,1,0.185068365585,5,ADANIENT,1,3272371150,0.111111111111,2021-02-15
2021-02-12,trading,TR,1,0.185068365585,5,MSTCLTD,2,574524950,0.111111111111,2021-02-15
2021-02-12,trading,TR,1,0.185068365585,5,SUNDRMFAST,3,80010400,0.111111111111,2021-02-15
2021-02-12,infrastructure,IF,2,0.143705846947,23,LT,1,7023485450,0.111111111111,2021-02-15
2021-02-12,infrastructure,IF,2,0.143705846947,23,ADANIPORTS,2,5258940700,0.111111111111,2021-02-15
2021-02-12,infrastructure,IF,2,0.143705846947,23,NCC,3,1487685950,0.111111111111,2021-02-15
2021-02-12,durables,DR,3,0.136718412356,14,VOLTAS,1,3088634600,0.111111111111,2021-02-15
2021-02-12,durables,DR,3,0.136718412356,14,DIXON,2,1519297150,0.111111111111,2021-02-15
2021-02-12,durables,DR,3,0.136718412356,14,BAJAJELEC,3,980632200,0.111111111111,2021-02-15
2021-02-19,trading,TR,1,0.268359855355,5,ADANIENT,1,5761035800,0.111111111111,2021-02-22
2021-02-19,trading,TR,1,0.268359855355,5,MSTCLTD,2,553626900,0.111111111111,2021-02-22
2021-02-19,trading,TR,1,0.268359855355,5,SUNDRMFAST,3,104081250,0.111111111111,2021-02-22
2021-02-19,banks,BN,2,0.179926885703,27,SBIN,1,27084484350,0.111111111111,2021-02-22
2021-02-19,banks,BN,2,0.179926885703,27,ICICIBANK,2,17181140350,0.111111111111,2021-02-22
2021-02-19,banks,BN,2,0.179926885703,27,AXISBANK,3,16906716350,0.111111111111,2021-02-22
2021-02-19,infrastructure,IF,3,0.159822933021,23,ADANIPORTS,1,7252137250,0.111111111111,2021-02-22
2021-02-19,infrastructure,IF,3,0.159822933021,23,LT,2,6935150200,0.111111111111,2021-02-22
2021-02-19,infrastructure,IF,3,0.159822933021,23,NCC,3,1632704750,0.111111111111,2021-02-22
2021-02-26,trading,TR,1,0.426249007103,6,ADANIENT,1,7271876950,0.111111111111,2021-03-01
2021-02-26,trading,TR,1,0.426249007103,6,MSTCLTD,2,560283150,0.111111111111,2021-03-01
2021-02-26,trading,TR,1,0.426249007103,6,MMTC,3,248682750,0.111111111111,2021-03-01
2021-02-26,banks,BN,2,0.233741104224,26,SBIN,1,29102991600,0.111111111111,2021-03-01
2021-02-26,banks,BN,2,0.233741104224,26,ICICIBANK,2,18546261800,0.111111111111,2021-03-01
2021-02-26,banks,BN,2,0.233741104224,26,HDFCBANK,3,15629836900,0.111111111111,2021-03-01
2021-02-26,metals_Mining,MM,3,0.169113030927,39,TATASTEEL,1,16300268900,0.111111111111,2021-03-01
2021-02-26,metals_Mining,MM,3,0.169113030927,39,HINDALCO,2,6984607700,0.111111111111,2021-03-01
2021-02-26,metals_Mining,MM,3,0.169113030927,39,SAIL,3,4606544200,0.111111111111,2021-03-01
2021-03-05,trading,TR,1,0.291553237464,6,ADANIENT,1,8085631100,0.111111111111,2021-03-08
2021-03-05,trading,TR,1,0.291553237464,6,MSTCLTD,2,574810350,0.111111111111,2021-03-08
2021-03-05,trading,TR,1,0.291553237464,6,MMTC,3,467297700,0.111111111111,2021-03-08
2021-03-05,diversified,DV,2,0.169988470977,14,ITC,1,7768344850,0.111111111111,2021-03-08
2021-03-05,diversified,DV,2,0.169988470977,14,GRASIM,2,2332478000,0.111111111111,2021-03-08
2021-03-05,diversified,DV,2,0.169988470977,14,SRF,3,851330100,0.111111111111,2021-03-08
2021-03-05,retailing,RT,3,0.166990740749,8,DMART,1,1804594450,0.111111111111,2021-03-08
2021-03-05,retailing,RT,3,0.166990740749,8,ABFRL,2,820138500,0.111111111111,2021-03-08
2021-03-05,retailing,RT,3,0.166990740749,8,TRENT,3,777236400,0.111111111111,2021-03-08
2021-03-12,trading,TR,1,0.173957888376,6,ADANIENT,1,8361907650,0.111111111111,2021-03-15
2021-03-12,trading,TR,1,0.173957888376,6,MMTC,2,510822700,0.111111111111,2021-03-15
2021-03-12,trading,TR,1,0.173957888376,6,MSTCLTD,3,451122400,0.111111111111,2021-03-15
2021-03-12,paper,PA,2,0.173611990847,7,JKPAPER,1,232223200,0.111111111111,2021-03-15
2021-03-12,paper,PA,2,0.173611990847,7,WSTCSTPAPR,2,98292000,0.111111111111,2021-03-15
2021-03-12,paper,PA,2,0.173611990847,7,ORIENTPPR,3,62047850,0.111111111111,2021-03-15
2021-03-12,diamond_jewellery,DJ,3,0.136748742828,6,TITAN,1,2969709250,0.111111111111,2021-03-15
2021-03-12,diamond_jewellery,DJ,3,0.136748742828,6,VAIBHAVGBL,2,228619050,0.111111111111,2021-03-15
2021-03-12,diamond_jewellery,DJ,3,0.136748742828,6,RAJESHEXPO,3,148268350,0.111111111111,2021-03-15
2021-03-19,paper,PA,1,0.133174459453,9,JKPAPER,1,237653250,0.111111111111,2021-03-22
2021-03-19,paper,PA,1,0.133174459453,9,WSTCSTPAPR,2,106123700,0.111111111111,2021-03-22
2021-03-19,paper,PA,1,0.133174459453,9,ORIENTPPR,3,82469750,0.111111111111,2021-03-22
2021-03-19,plastic_products,PP,2,0.0639475242057,15,ASTRAL,1,705039900,0.111111111111,2021-03-22
2021-03-19,plastic_products,PP,2,0.0639475242057,15,EPL,2,197213050,0.111111111111,2021-03-22
2021-03-19,plastic_products,PP,2,0.0639475242057,15,SUPREMEIND,3,178607100,0.111111111111,2021-03-22
2021-03-19,trading,TR,3,0.0637089197171,6,ADANIENT,1,6379357900,0.111111111111,2021-03-22
2021-03-19,trading,TR,3,0.0637089197171,6,MMTC,2,538729750,0.111111111111,2021-03-22
2021-03-19,trading,TR,3,0.0637089197171,6,MSTCLTD,3,418365700,0.111111111111,2021-03-22
2021-03-26,paper,PA,1,0.0825743950537,9,JKPAPER,1,236093350,0.111111111111,2021-03-30
2021-03-26,paper,PA,1,0.0825743950537,9,WSTCSTPAPR,2,102759750,0.111111111111,2021-03-30
2021-03-26,paper,PA,1,0.0825743950537,9,ORIENTPPR,3,79903600,0.111111111111,2021-03-30
2021-03-26,diversified,DV,2,0.0536831202029,14,ITC,1,8761840250,0.111111111111,2021-03-30
2021-03-26,diversified,DV,2,0.0536831202029,14,GRASIM,2,2531693650,0.111111111111,2021-03-30
2021-03-26,diversified,DV,2,0.0536831202029,14,SRF,3,740154950,0.111111111111,2021-03-30
2021-03-26,plastic_products,PP,3,0.0457565573666,13,ASTRAL,1,723497350,0.111111111111,2021-03-30
2021-03-26,plastic_products,PP,3,0.0457565573666,13,PRINCEPIPE,2,188852800,0.111111111111,2021-03-30
2021-03-26,plastic_products,PP,3,0.0457565573666,13,EPL,3,187733950,0.111111111111,2021-03-30
2021-04-01,plastic_products,PP,1,0.0700191772249,13,ASTRAL,1,780131500,0.111111111111,2021-04-05
2021-04-01,plastic_products,PP,1,0.0700191772249,13,EPL,2,211460700,0.111111111111,2021-04-05
2021-04-01,plastic_products,PP,1,0.0700191772249,13,PRINCEPIPE,3,167693350,0.111111111111,2021-04-05
2021-04-01,diversified,DV,2,0.0641542877494,13,ITC,1,8890865200,0.111111111111,2021-04-05
2021-04-01,diversified,DV,2,0.0641542877494,13,GRASIM,2,2500111350,0.111111111111,2021-04-05
2021-04-01,diversified,DV,2,0.0641542877494,13,SRF,3,809690250,0.111111111111,2021-04-05
2021-04-01,software,SW,3,0.0596488058138,46,INFY,1,10876207500,0.111111111111,2021-04-05
2021-04-01,software,SW,3,0.0596488058138,46,TCS,2,10760067350,0.111111111111,2021-04-05
2021-04-01,software,SW,3,0.0596488058138,46,HCLTECH,3,5805530100,0.111111111111,2021-04-05
2021-04-09,software,SW,1,0.124903109716,46,TCS,1,11089304700,0.111111111111,2021-04-12
2021-04-09,software,SW,1,0.124903109716,46,INFY,2,10598777000,0.111111111111,2021-04-12
2021-04-09,software,SW,1,0.124903109716,46,HCLTECH,3,5741340550,0.111111111111,2021-04-12
2021-04-09,metals_Mining,MM,2,0.100271269351,42,TATASTEEL,1,19396085350,0.111111111111,2021-04-12
2021-04-09,metals_Mining,MM,2,0.100271269351,42,JSWSTEEL,2,9483845800,0.111111111111,2021-04-12
2021-04-09,metals_Mining,MM,2,0.100271269351,42,SAIL,3,5428182150,0.111111111111,2021-04-12
2021-04-09,diamond_jewellery,DJ,3,0.0935748359294,7,TITAN,1,3024462000,0.111111111111,2021-04-12
2021-04-09,diamond_jewellery,DJ,3,0.0935748359294,7,VAIBHAVGBL,2,334588150,0.111111111111,2021-04-12
2021-04-09,diamond_jewellery,DJ,3,0.0935748359294,7,RAJESHEXPO,3,175654000,0.111111111111,2021-04-12
2021-04-16,healthcare,HC,1,0.0730358397599,74,CIPLA,1,5785974800,0.111111111111,2021-04-19
2021-04-16,healthcare,HC,1,0.0730358397599,74,SUNPHARMA,2,4398078200,0.111111111111,2021-04-19
2021-04-16,healthcare,HC,1,0.0730358397599,74,DIVISLAB,3,2910775000,0.111111111111,2021-04-19
2021-04-16,metals_Mining,MM,2,0.0664368631455,42,TATASTEEL,1,20693777100,0.111111111111,2021-04-19
2021-04-16,metals_Mining,MM,2,0.0664368631455,42,JSWSTEEL,2,11512908000,0.111111111111,2021-04-19
2021-04-16,metals_Mining,MM,2,0.0664368631455,42,SAIL,3,6109130500,0.111111111111,2021-04-19
2021-04-16,chemicals,CM,3,0.049899099916,61,TATACHEM,1,5081550300,0.111111111111,2021-04-19
2021-04-16,chemicals,CM,3,0.049899099916,61,ASIANPAINT,2,5076083800,0.111111111111,2021-04-19
2021-04-16,chemicals,CM,3,0.049899099916,61,UPL,3,4670613800,0.111111111111,2021-04-19
2021-04-23,healthcare,HC,1,0.173037940765,81,CIPLA,1,7317391350,0.111111111111,2021-04-26
2021-04-23,healthcare,HC,1,0.173037940765,81,SUNPHARMA,2,5049906450,0.111111111111,2021-04-26
2021-04-23,healthcare,HC,1,0.173037940765,81,APOLLOHOSP,3,3467199000,0.111111111111,2021-04-26
2021-04-23,metals_Mining,MM,2,0.0964862968455,41,TATASTEEL,1,22652848900,0.111111111111,2021-04-26
2021-04-23,metals_Mining,MM,2,0.0964862968455,41,JSWSTEEL,2,13122781500,0.111111111111,2021-04-26
2021-04-23,metals_Mining,MM,2,0.0964862968455,41,SAIL,3,6597873600,0.111111111111,2021-04-26
2021-04-23,chemicals,CM,3,0.07264102062,61,ASIANPAINT,1,4832761450,0.111111111111,2021-04-26
2021-04-23,chemicals,CM,3,0.07264102062,61,UPL,2,4283908450,0.111111111111,2021-04-26
2021-04-23,chemicals,CM,3,0.07264102062,61,TATACHEM,3,4100446100,0.111111111111,2021-04-26
2021-04-30,metals_Mining,MM,1,0.193815861118,41,TATASTEEL,1,24312419900,0.111111111111,2021-05-03
2021-04-30,metals_Mining,MM,1,0.193815861118,41,JSWSTEEL,2,16819055150,0.111111111111,2021-05-03
2021-04-30,metals_Mining,MM,1,0.193815861118,41,SAIL,3,8893155000,0.111111111111,2021-05-03
2021-04-30,healthcare,HC,2,0.191302601538,80,CIPLA,1,8033488450,0.111111111111,2021-05-03
2021-04-30,healthcare,HC,2,0.191302601538,80,SUNPHARMA,2,5340188500,0.111111111111,2021-05-03
2021-04-30,healthcare,HC,2,0.191302601538,80,APOLLOHOSP,3,3305108600,0.111111111111,2021-05-03
2021-04-30,chemicals,CM,3,0.142680299072,62,TATACHEM,1,4205308350,0.111111111111,2021-05-03
2021-04-30,chemicals,CM,3,0.142680299072,62,ASIANPAINT,2,3895514900,0.111111111111,2021-05-03
2021-04-30,chemicals,CM,3,0.142680299072,62,UPL,3,3605123500,0.111111111111,2021-05-03
2021-05-07,healthcare,HC,1,0.169846560457,81,CIPLA,1,9593404200,0.111111111111,2021-05-10
2021-05-07,healthcare,HC,1,0.169846560457,81,SUNPHARMA,2,6312393950,0.111111111111,2021-05-10
2021-05-07,healthcare,HC,1,0.169846560457,81,LUPIN,3,4646240750,0.111111111111,2021-05-10
2021-05-07,metals_Mining,MM,2,0.159235592837,40,TATASTEEL,1,28118114200,0.111111111111,2021-05-10
2021-05-07,metals_Mining,MM,2,0.159235592837,40,JSWSTEEL,2,16947750300,0.111111111111,2021-05-10
2021-05-07,metals_Mining,MM,2,0.159235592837,40,SAIL,3,11764953750,0.111111111111,2021-05-10
2021-05-07,agriculture,AG,3,0.128445121183,15,TATACONSUM,1,2610722350,0.111111111111,2021-05-10
2021-05-07,agriculture,AG,3,0.128445121183,15,AVANTIFEED,2,213998300,0.111111111111,2021-05-10
2021-05-07,agriculture,AG,3,0.128445121183,15,CCL,3,195076300,0.111111111111,2021-05-10
2021-05-14,agriculture,AG,1,0.221364569492,16,TATACONSUM,1,2701186300,0.111111111111,2021-05-17
2021-05-14,agriculture,AG,1,0.221364569492,16,VENKEYS,2,724832400,0.111111111111,2021-05-17
2021-05-14,agriculture,AG,1,0.221364569492,16,KSCL,3,369432250,0.111111111111,2021-05-17
2021-05-14,healthcare,HC,2,0.171940340255,80,CIPLA,1,8654079650,0.111111111111,2021-05-17
2021-05-14,healthcare,HC,2,0.171940340255,80,SUNPHARMA,2,6368495850,0.111111111111,2021-05-17
2021-05-14,healthcare,HC,2,0.171940340255,80,LUPIN,3,5187363550,0.111111111111,2021-05-17
2021-05-14,plastic_products,PP,3,0.171215033203,14,ASTRAL,1,571154950,0.111111111111,2021-05-17
2021-05-14,plastic_products,PP,3,0.171215033203,14,PRINCEPIPE,2,335388450,0.111111111111,2021-05-17
2021-05-14,plastic_products,PP,3,0.171215033203,14,SUPREMEIND,3,281659100,0.111111111111,2021-05-17
2021-05-21,agriculture,AG,1,0.265685313473,16,TATACONSUM,1,2428816400,0.111111111111,2021-05-24
2021-05-21,agriculture,AG,1,0.265685313473,16,VENKEYS,2,1006039800,0.111111111111,2021-05-24
2021-05-21,agriculture,AG,1,0.265685313473,16,KSCL,3,456508300,0.111111111111,2021-05-24
2021-05-21,plastic_products,PP,2,0.247066098155,16,ASTRAL,1,578212900,0.111111111111,2021-05-24
2021-05-21,plastic_products,PP,2,0.247066098155,16,PRINCEPIPE,2,535083900,0.111111111111,2021-05-24
2021-05-21,plastic_products,PP,2,0.247066098155,16,SUPREMEIND,3,344586400,0.111111111111,2021-05-24
2021-05-21,hospitality,HP,3,0.23314740704,10,INDHOTEL,1,377755900,0.111111111111,2021-05-24
2021-05-21,hospitality,HP,3,0.23314740704,10,WESTLIFE,2,91396950,0.111111111111,2021-05-24
2021-05-21,hospitality,HP,3,0.23314740704,10,LEMONTREE,3,74455700,0.111111111111,2021-05-24
2021-05-28,agriculture,AG,1,0.227277798436,16,TATACONSUM,1,2407575250,0.111111111111,2021-05-31
2021-05-28,agriculture,AG,1,0.227277798436,16,VENKEYS,2,1075261700,0.111111111111,2021-05-31
2021-05-28,agriculture,AG,1,0.227277798436,16,AVANTIFEED,3,486316000,0.111111111111,2021-05-31
2021-05-28,hospitality,HP,2,0.223550250289,17,INDHOTEL,1,459966950,0.111111111111,2021-05-31
2021-05-28,hospitality,HP,2,0.223550250289,17,MHRIL,2,183383100,0.111111111111,2021-05-31
2021-05-28,hospitality,HP,2,0.223550250289,17,LEMONTREE,3,102664250,0.111111111111,2021-05-31
2021-05-28,textiles,TX,3,0.222442472778,36,PAGEIND,1,1245039050,0.111111111111,2021-05-31
2021-05-28,textiles,TX,3,0.222442472778,36,LUXIND,2,801664300,0.111111111111,2021-05-31
2021-05-28,textiles,TX,3,0.222442472778,36,RUPA,3,386966600,0.111111111111,2021-05-31
2021-06-04,hospitality,HP,1,0.29738681557,16,INDHOTEL,1,726973900,0.111111111111,2021-06-07
2021-06-04,hospitality,HP,1,0.29738681557,16,MHRIL,2,232023050,0.111111111111,2021-06-07
2021-06-04,hospitality,HP,1,0.29738681557,16,EIHOTEL,3,148314850,0.111111111111,2021-06-07
2021-06-04,trading,TR,2,0.235909413967,8,ADANIENT,1,13778862300,0.111111111111,2021-06-07
2021-06-04,trading,TR,2,0.235909413967,8,MMTC,2,822289850,0.111111111111,2021-06-07
2021-06-04,trading,TR,2,0.235909413967,8,REDINGTON,3,347357850,0.111111111111,2021-06-07
2021-06-04,textiles,TX,3,0.229030246156,40,PAGEIND,1,1372762950,0.111111111111,2021-06-07
2021-06-04,textiles,TX,3,0.229030246156,40,LUXIND,2,949509700,0.111111111111,2021-06-07
2021-06-04,textiles,TX,3,0.229030246156,40,RUPA,3,708477750,0.111111111111,2021-06-07
2021-06-11,trading,TR,1,0.263635805747,7,ADANIENT,1,16329150400,0.111111111111,2021-06-14
2021-06-11,trading,TR,1,0.263635805747,7,MMTC,2,650096450,0.111111111111,2021-06-14
2021-06-11,trading,TR,1,0.263635805747,7,REDINGTON,3,403455250,0.111111111111,2021-06-14
2021-06-11,hospitality,HP,2,0.254681284291,16,INDHOTEL,1,803060450,0.111111111111,2021-06-14
2021-06-11,hospitality,HP,2,0.254681284291,16,MHRIL,2,262881800,0.111111111111,2021-06-14
2021-06-11,hospitality,HP,2,0.254681284291,16,LEMONTREE,3,177232850,0.111111111111,2021-06-14
2021-06-11,media_entertainment,ME,3,0.251613706903,11,ZEEL,1,5336392200,0.111111111111,2021-06-14
2021-06-11,media_entertainment,ME,3,0.251613706903,11,SUNTV,2,1300686150,0.111111111111,2021-06-14
2021-06-11,media_entertainment,ME,3,0.251613706903,11,TV18BRDCST,3,1063439550,0.111111111111,2021-06-14
2021-06-18,alcohol,AL,1,0.257309698978,7,MCDOWELL-N,1,1905449050,0.111111111111,2021-06-21
2021-06-18,alcohol,AL,1,0.257309698978,7,UBL,2,1263524750,0.111111111111,2021-06-21
2021-06-18,alcohol,AL,1,0.257309698978,7,RADICO,3,902214350,0.111111111111,2021-06-21
2021-06-18,textiles,TX,2,0.168785307636,40,PAGEIND,1,1220503600,0.111111111111,2021-06-21
2021-06-18,textiles,TX,2,0.168785307636,40,LUXIND,2,1000456900,0.111111111111,2021-06-21
2021-06-18,textiles,TX,2,0.168785307636,40,ALOKINDS,3,970870850,0.111111111111,2021-06-21
2021-06-18,trading,TR,3,0.155137039452,10,ADANIENT,1,23548316000,0.111111111111,2021-06-21
2021-06-18,trading,TR,3,0.155137039452,10,MMTC,2,655519300,0.111111111111,2021-06-21
2021-06-18,trading,TR,3,0.155137039452,10,REDINGTON,3,429452300,0.111111111111,2021-06-21
2021-06-25,footwear,FW,1,0.204095539448,5,BATAINDIA,1,1036140350,0.111111111111,2021-06-28
2021-06-25,footwear,FW,1,0.204095539448,5,RELAXO,2,458222600,0.111111111111,2021-06-28
2021-06-25,footwear,FW,1,0.204095539448,5,KHADIM,3,147936950,0.111111111111,2021-06-28
2021-06-25,alcohol,AL,2,0.198300364177,6,UBL,1,1886993650,0.111111111111,2021-06-28
2021-06-25,alcohol,AL,2,0.198300364177,6,MCDOWELL-N,2,1539967700,0.111111111111,2021-06-28
2021-06-25,alcohol,AL,2,0.198300364177,6,RADICO,3,940244550,0.111111111111,2021-06-28
2021-06-25,electricals,EL,3,0.196544793683,14,POLYCAB,1,604563950,0.111111111111,2021-06-28
2021-06-25,electricals,EL,3,0.196544793683,14,ABB,2,518024400,0.111111111111,2021-06-28
2021-06-25,electricals,EL,3,0.196544793683,14,FINCABLES,3,388397200,0.111111111111,2021-06-28
2021-07-02,footwear,FW,1,0.23796122109,5,BATAINDIA,1,1028416300,0.111111111111,2021-07-05
2021-07-02,footwear,FW,1,0.23796122109,5,RELAXO,2,461096300,0.111111111111,2021-07-05
2021-07-02,footwear,FW,1,0.23796122109,5,KHADIM,3,179334450,0.111111111111,2021-07-05
2021-07-02,software,SW,2,0.177051295715,56,INFY,1,10046529500,0.111111111111,2021-07-05
2021-07-02,software,SW,2,0.177051295715,56,TCS,2,6744315600,0.111111111111,2021-07-05
2021-07-02,software,SW,2,0.177051295715,56,HAPPSTMNDS,3,4864558300,0.111111111111,2021-07-05
2021-07-02,alcohol,AL,3,0.175812243052,6,UBL,1,1764941000,0.111111111111,2021-07-05
2021-07-02,alcohol,AL,3,0.175812243052,6,MCDOWELL-N,2,1286360100,0.111111111111,2021-07-05
2021-07-02,alcohol,AL,3,0.175812243052,6,RADICO,3,836678450,0.111111111111,2021-07-05
2021-07-09,paper,PA,1,0.213018665179,13,JKPAPER,1,1146504550,0.111111111111,2021-07-12
2021-07-09,paper,PA,1,0.213018665179,13,WSTCSTPAPR,2,222287800,0.111111111111,2021-07-12
2021-07-09,paper,PA,1,0.213018665179,13,ORIENTPPR,3,140337650,0.111111111111,2021-07-12
2021-07-09,alcohol,AL,2,0.143990262565,6,UBL,1,1436138000,0.111111111111,2021-07-12
2021-07-09,alcohol,AL,2,0.143990262565,6,MCDOWELL-N,2,1046577250,0.111111111111,2021-07-12
2021-07-09,alcohol,AL,2,0.143990262565,6,RADICO,3,640618500,0.111111111111,2021-07-12
2021-07-09,agriculture,AG,3,0.126996689551,19,VENKEYS,1,2402167500,0.111111111111,2021-07-12
2021-07-09,agriculture,AG,3,0.126996689551,19,TATACONSUM,2,1616246300,0.111111111111,2021-07-12
2021-07-09,agriculture,AG,3,0.126996689551,19,AVANTIFEED,3,827753200,0.111111111111,2021-07-12
2021-07-16,software,SW,1,0.239043587588,50,INFY,1,8992131800,0.111111111111,2021-07-19
2021-07-16,software,SW,1,0.239043587588,50,TCS,2,7097954000,0.111111111111,2021-07-19
2021-07-16,software,SW,1,0.239043587588,50,HAPPSTMNDS,3,6762661550,0.111111111111,2021-07-19
2021-07-16,real_estate,RE,2,0.190211766916,29,IBREALEST,1,3098892550,0.111111111111,2021-07-19
2021-07-16,real_estate,RE,2,0.190211766916,29,DLF,2,2813917550,0.111111111111,2021-07-19
2021-07-16,real_estate,RE,2,0.190211766916,29,GODREJPROP,3,1192803300,0.111111111111,2021-07-19
2021-07-16,textiles,TX,3,0.18481491424,43,PAGEIND,1,788135200,0.111111111111,2021-07-19
2021-07-16,textiles,TX,3,0.18481491424,43,BOMDYEING,2,685730450,0.111111111111,2021-07-19
2021-07-16,textiles,TX,3,0.18481491424,43,RAYMOND,3,550833050,0.111111111111,2021-07-19
2021-07-23,software,SW,1,0.236987498389,48,INFY,1,8631917150,0.111111111111,2021-07-26
2021-07-23,software,SW,1,0.236987498389,48,HAPPSTMNDS,2,7293857200,0.111111111111,2021-07-26
2021-07-23,software,SW,1,0.236987498389,48,TCS,3,6983841100,0.111111111111,2021-07-26
2021-07-23,retailing,RT,2,0.186758917262,8,DMART,1,935280150,0.111111111111,2021-07-26
2021-07-23,retailing,RT,2,0.186758917262,8,ABFRL,2,870943800,0.111111111111,2021-07-26
2021-07-23,retailing,RT,2,0.186758917262,8,TRENT,3,700334700,0.111111111111,2021-07-26
2021-07-23,textiles,TX,3,0.176840800176,43,BOMDYEING,1,856304700,0.111111111111,2021-07-26
2021-07-23,textiles,TX,3,0.176840800176,43,PAGEIND,2,828361500,0.111111111111,2021-07-26
2021-07-23,textiles,TX,3,0.176840800176,43,RAYMOND,3,520528650,0.111111111111,2021-07-26
2021-07-30,retailing,RT,1,0.247550739805,8,ABFRL,1,966610150,0.111111111111,2021-08-02
2021-07-30,retailing,RT,1,0.247550739805,8,DMART,2,931580950,0.111111111111,2021-08-02
2021-07-30,retailing,RT,1,0.247550739805,8,TRENT,3,788507900,0.111111111111,2021-08-02
2021-07-30,textiles,TX,2,0.242923285435,46,BOMDYEING,1,1119760100,0.111111111111,2021-08-02
2021-07-30,textiles,TX,2,0.242923285435,46,PAGEIND,2,898041300,0.111111111111,2021-08-02
2021-07-30,textiles,TX,2,0.242923285435,46,RAYMOND,3,594133850,0.111111111111,2021-08-02
2021-07-30,software,SW,3,0.166350765345,46,INFY,1,8247700750,0.111111111111,2021-08-02
2021-07-30,software,SW,3,0.166350765345,46,TCS,2,6997398050,0.111111111111,2021-08-02
2021-07-30,software,SW,3,0.166350765345,46,HAPPSTMNDS,3,6135492200,0.111111111111,2021-08-02
2021-08-06,textiles,TX,1,0.209271879046,46,BOMDYEING,1,1224341900,0.111111111111,2021-08-09
2021-08-06,textiles,TX,1,0.209271879046,46,PAGEIND,2,816004600,0.111111111111,2021-08-09
2021-08-06,textiles,TX,1,0.209271879046,46,TRIDENT,3,649737900,0.111111111111,2021-08-09
2021-08-06,metals_Mining,MM,2,0.150025171761,49,TATASTEEL,1,15658029550,0.111111111111,2021-08-09
2021-08-06,metals_Mining,MM,2,0.150025171761,49,SAIL,2,7405963000,0.111111111111,2021-08-09
2021-08-06,metals_Mining,MM,2,0.150025171761,49,JSWSTEEL,3,6002857850,0.111111111111,2021-08-09
2021-08-06,retailing,RT,3,0.129840545114,8,ABFRL,1,995603000,0.111111111111,2021-08-09
2021-08-06,retailing,RT,3,0.129840545114,8,DMART,2,833949500,0.111111111111,2021-08-09
2021-08-06,retailing,RT,3,0.129840545114,8,TRENT,3,677934500,0.111111111111,2021-08-09
2021-08-13,metals_Mining,MM,1,0.0594264858719,50,TATASTEEL,1,16960540850,0.111111111111,2021-08-16
2021-08-13,metals_Mining,MM,1,0.0594264858719,50,SAIL,2,8755737650,0.111111111111,2021-08-16
2021-08-13,metals_Mining,MM,1,0.0594264858719,50,HINDALCO,3,6037382950,0.111111111111,2021-08-16
2021-08-13,retailing,RT,2,0.058523936578,8,TRENT,1,864119750,0.111111111111,2021-08-16
2021-08-13,retailing,RT,2,0.058523936578,8,ABFRL,2,783543550,0.111111111111,2021-08-16
2021-08-13,retailing,RT,2,0.058523936578,8,DMART,3,761294450,0.111111111111,2021-08-16
2021-08-13,paper,PA,3,0.0582140012487,13,JKPAPER,1,1014171050,0.111111111111,2021-08-16
2021-08-13,paper,PA,3,0.0582140012487,13,WSTCSTPAPR,2,137875250,0.111111111111,2021-08-16
2021-08-13,paper,PA,3,0.0582140012487,13,EMAMIPAP,3,92384200,0.111111111111,2021-08-16
2021-08-20,diamond_jewellery,DJ,1,0.0327442363427,10,TITAN,1,2756007950,0.111111111111,2021-08-23
2021-08-20,diamond_jewellery,DJ,1,0.0327442363427,10,RAJESHEXPO,2,164274700,0.111111111111,2021-08-23
2021-08-20,diamond_jewellery,DJ,1,0.0327442363427,10,KALYANKJIL,3,138724800,0.111111111111,2021-08-23
2021-08-20,retailing,RT,2,0.0167232462599,8,TRENT,1,814940400,0.111111111111,2021-08-23
2021-08-20,retailing,RT,2,0.0167232462599,8,ABFRL,2,713009250,0.111111111111,2021-08-23
2021-08-20,retailing,RT,2,0.0167232462599,8,DMART,3,692439350,0.111111111111,2021-08-23
2021-08-20,oil_gas,OG,3,-0.000995357551887,12,RELIANCE,1,12086475950,0.111111111111,2021-08-23
2021-08-20,oil_gas,OG,3,-0.000995357551887,12,BPCL,2,2057212500,0.111111111111,2021-08-23
2021-08-20,oil_gas,OG,3,-0.000995357551887,12,ONGC,3,1402012850,0.111111111111,2021-08-23
2021-08-27,oil_gas,OG,1,0.0559608164322,12,RELIANCE,1,12490473150,0.111111111111,2021-08-30
2021-08-27,oil_gas,OG,1,0.0559608164322,12,BPCL,2,2352112300,0.111111111111,2021-08-30
2021-08-27,oil_gas,OG,1,0.0559608164322,12,ONGC,3,1516544650,0.111111111111,2021-08-30
2021-08-27,gases_fuels,GF,2,0.0516317494833,5,GAIL,1,2010263150,0.111111111111,2021-08-30
2021-08-27,gases_fuels,GF,2,0.0516317494833,5,MGL,2,454273500,0.111111111111,2021-08-30
2021-08-27,gases_fuels,GF,2,0.0516317494833,5,CONFIPET,3,154217200,0.111111111111,2021-08-30
2021-08-27,insurance,IN,3,0.0484011722822,5,SBILIFE,1,2008456900,0.111111111111,2021-08-30
2021-08-27,insurance,IN,3,0.0484011722822,5,HDFCLIFE,2,1904326200,0.111111111111,2021-08-30
2021-08-27,insurance,IN,3,0.0484011722822,5,ICICIGI,3,1128887400,0.111111111111,2021-08-30
2021-09-03,aviation,AV,1,0.0925572229262,5,HAL,1,1724345100,0.111111111111,2021-09-06
2021-09-03,aviation,AV,1,0.0925572229262,5,BEL,2,1686740300,0.111111111111,2021-09-06
2021-09-03,aviation,AV,1,0.0925572229262,5,INDIGO,3,1145930300,0.111111111111,2021-09-06
2021-09-03,insurance,IN,2,0.0891889108487,5,HDFCLIFE,1,3072642100,0.111111111111,2021-09-06
2021-09-03,insurance,IN,2,0.0891889108487,5,SBILIFE,2,1861200300,0.111111111111,2021-09-06
2021-09-03,insurance,IN,2,0.0891889108487,5,ICICIPRULI,3,1519427900,0.111111111111,2021-09-06
2021-09-03,oil_gas,OG,3,0.0646862610436,11,RELIANCE,1,14073084400,0.111111111111,2021-09-06
2021-09-03,oil_gas,OG,3,0.0646862610436,11,BPCL,2,2600183700,0.111111111111,2021-09-06
2021-09-03,oil_gas,OG,3,0.0646862610436,11,ONGC,3,1594510300,0.111111111111,2021-09-06
2021-09-09,aviation,AV,1,0.131574849823,5,HAL,1,1865990350,0.111111111111,2021-09-13
2021-09-09,aviation,AV,1,0.131574849823,5,BEL,2,1408698750,0.111111111111,2021-09-13
2021-09-09,aviation,AV,1,0.131574849823,5,INDIGO,3,1228000850,0.111111111111,2021-09-13
2021-09-09,diamond_jewellery,DJ,2,0.130792701969,9,TITAN,1,2122928750,0.111111111111,2021-09-13
2021-09-09,diamond_jewellery,DJ,2,0.130792701969,9,GOLDIAM,2,124192800,0.111111111111,2021-09-13
2021-09-09,diamond_jewellery,DJ,2,0.130792701969,9,RAJESHEXPO,3,123881900,0.111111111111,2021-09-13
2021-09-09,retailing,RT,3,0.118692713703,8,DMART,1,1042847650,0.111111111111,2021-09-13
2021-09-09,retailing,RT,3,0.118692713703,8,TRENT,2,932602200,0.111111111111,2021-09-13
2021-09-09,retailing,RT,3,0.118692713703,8,ARVINDFASN,3,515635450,0.111111111111,2021-09-13
2021-09-17,aviation,AV,1,0.191500877485,5,HAL,1,2352952450,0.111111111111,2021-09-20
2021-09-17,aviation,AV,1,0.191500877485,5,INDIGO,2,2139750200,0.111111111111,2021-09-20
2021-09-17,aviation,AV,1,0.191500877485,5,BEL,3,1435858800,0.111111111111,2021-09-20
2021-09-17,plastic_products,PP,2,0.148115450173,15,ASTRAL,1,704173150,0.111111111111,2021-09-20
2021-09-17,plastic_products,PP,2,0.148115450173,15,POLYPLEX,2,440057000,0.111111111111,2021-09-20
2021-09-17,plastic_products,PP,2,0.148115450173,15,PRINCEPIPE,3,332638200,0.111111111111,2021-09-20
2021-09-17,hospitality,HP,3,0.129514275747,14,EASEMYTRIP,1,1186520500,0.111111111111,2021-09-20
2021-09-17,hospitality,HP,3,0.129514275747,14,INDHOTEL,2,471812200,0.111111111111,2021-09-20
2021-09-17,hospitality,HP,3,0.129514275747,14,BLS,3,440259050,0.111111111111,2021-09-20
2021-09-24,real_estate,RE,1,0.238841519833,28,DLF,1,5394287750,0.111111111111,2021-09-27
2021-09-24,real_estate,RE,1,0.238841519833,28,GODREJPROP,2,3602418450,0.111111111111,2021-09-27
2021-09-24,real_estate,RE,1,0.238841519833,28,OBEROIRLTY,3,1867704650,0.111111111111,2021-09-27
2021-09-24,media_entertainment,ME,2,0.17419246351,12,ZEEL,1,15054145600,0.111111111111,2021-09-27
2021-09-24,media_entertainment,ME,2,0.17419246351,12,SUNTV,2,1008050750,0.111111111111,2021-09-27
2021-09-24,media_entertainment,ME,2,0.17419246351,12,TV18BRDCST,3,267501800,0.111111111111,2021-09-27
2021-09-24,hospitality,HP,3,0.161209055186,16,INDHOTEL,1,1507294000,0.111111111111,2021-09-27
2021-09-24,hospitality,HP,3,0.161209055186,16,EASEMYTRIP,2,1401449350,0.111111111111,2021-09-27
2021-09-24,hospitality,HP,3,0.161209055186,16,BLS,3,359977800,0.111111111111,2021-09-27
2021-10-01,retailing,RT,1,0.167757075393,8,DMART,1,1428273200,0.111111111111,2021-10-04
2021-10-01,retailing,RT,1,0.167757075393,8,ABFRL,2,956703100,0.111111111111,2021-10-04
2021-10-01,retailing,RT,1,0.167757075393,8,TRENT,3,842380650,0.111111111111,2021-10-04
2021-10-01,hospitality,HP,2,0.166545481235,18,INDHOTEL,1,2199023800,0.111111111111,2021-10-04
2021-10-01,hospitality,HP,2,0.166545481235,18,EASEMYTRIP,2,1357010850,0.111111111111,2021-10-04
2021-10-01,hospitality,HP,2,0.166545481235,18,CHALET,3,347690150,0.111111111111,2021-10-04
2021-10-01,oil_gas,OG,3,0.156870123176,12,RELIANCE,1,17832167350,0.111111111111,2021-10-04
2021-10-01,oil_gas,OG,3,0.156870123176,12,ONGC,2,3786688450,0.111111111111,2021-10-04
2021-10-01,oil_gas,OG,3,0.156870123176,12,BPCL,3,3674654250,0.111111111111,2021-10-04
2021-10-08,hospitality,HP,1,0.197587213648,19,INDHOTEL,1,2952525650,0.111111111111,2021-10-11
2021-10-08,hospitality,HP,1,0.197587213648,19,EASEMYTRIP,2,1146352200,0.111111111111,2021-10-11
2021-10-08,hospitality,HP,1,0.197587213648,19,LEMONTREE,3,534894950,0.111111111111,2021-10-11
2021-10-08,retailing,RT,2,0.194048120461,8,DMART,1,1641680900,0.111111111111,2021-10-11
2021-10-08,retailing,RT,2,0.194048120461,8,ABFRL,2,1312666000,0.111111111111,2021-10-11
2021-10-08,retailing,RT,2,0.194048120461,8,TRENT,3,873083600,0.111111111111,2021-10-11
2021-10-08,real_estate,RE,3,0.178294215365,30,DLF,1,7031409100,0.111111111111,2021-10-11
2021-10-08,real_estate,RE,3,0.178294215365,30,GODREJPROP,2,6373941650,0.111111111111,2021-10-11
2021-10-08,real_estate,RE,3,0.178294215365,30,OBEROIRLTY,3,2702012950,0.111111111111,2021-10-11
2021-10-14,alcohol,AL,1,0.254612855795,5,MCDOWELL-N,1,2964905300,0.111111111111,2021-10-18
2021-10-14,alcohol,AL,1,0.254612855795,5,RADICO,2,1237276750,0.111111111111,2021-10-18
2021-10-14,alcohol,AL,1,0.254612855795,5,UBL,3,1138270600,0.111111111111,2021-10-18
2021-10-14,retailing,RT,2,0.222943784866,7,DMART,1,2824135950,0.111111111111,2021-10-18
2021-10-14,retailing,RT,2,0.222943784866,7,ABFRL,2,1496800750,0.111111111111,2021-10-18
2021-10-14,retailing,RT,2,0.222943784866,7,TRENT,3,992582000,0.111111111111,2021-10-18
2021-10-14,hospitality,HP,3,0.177240840635,16,INDHOTEL,1,3775100300,0.111111111111,2021-10-18
2021-10-14,hospitality,HP,3,0.177240840635,16,LEMONTREE,2,638891800,0.111111111111,2021-10-18
2021-10-14,hospitality,HP,3,0.177240840635,16,CHALET,3,372454950,0.111111111111,2021-10-18
2021-10-22,alcohol,AL,1,0.156602756447,5,MCDOWELL-N,1,2478071750,0.111111111111,2021-10-25
2021-10-22,alcohol,AL,1,0.156602756447,5,RADICO,2,1003308200,0.111111111111,2021-10-25
2021-10-22,alcohol,AL,1,0.156602756447,5,UBL,3,907575750,0.111111111111,2021-10-25
2021-10-22,power,PW,2,0.134856915833,14,TATAPOWER,1,25093153550,0.111111111111,2021-10-25
2021-10-22,power,PW,2,0.134856915833,14,IEX,2,13404035100,0.111111111111,2021-10-25
2021-10-22,power,PW,2,0.134856915833,14,NTPC,3,3427413600,0.111111111111,2021-10-25
2021-10-22,retailing,RT,3,0.132056325583,7,DMART,1,4804863950,0.111111111111,2021-10-25
2021-10-22,retailing,RT,3,0.132056325583,7,ABFRL,2,1582524400,0.111111111111,2021-10-25
2021-10-22,retailing,RT,3,0.132056325583,7,TRENT,3,1024618400,0.111111111111,2021-10-25
2021-10-29,alcohol,AL,1,0.186714233834,5,MCDOWELL-N,1,3133075300,0.111111111111,2021-11-01
2021-10-29,alcohol,AL,1,0.186714233834,5,RADICO,2,1034631250,0.111111111111,2021-11-01
2021-10-29,alcohol,AL,1,0.186714233834,5,UBL,3,873259700,0.111111111111,2021-11-01
2021-10-29,retailing,RT,2,0.0996563268458,7,DMART,1,5063655750,0.111111111111,2021-11-01
2021-10-29,retailing,RT,2,0.0996563268458,7,ABFRL,2,1360643500,0.111111111111,2021-11-01
2021-10-29,retailing,RT,2,0.0996563268458,7,TRENT,3,1031365350,0.111111111111,2021-11-01
2021-10-29,footwear,FW,3,0.0951393147877,5,BATAINDIA,1,1466895300,0.111111111111,2021-11-01
2021-10-29,footwear,FW,3,0.0951393147877,5,RELAXO,2,524148850,0.111111111111,2021-11-01
2021-10-29,footwear,FW,3,0.0951393147877,5,MIRZAINT,3,70627600,0.111111111111,2021-11-01
2021-11-04,footwear,FW,1,0.196348778864,5,BATAINDIA,1,1367268000,0.111111111111,2021-11-08
2021-11-04,footwear,FW,1,0.196348778864,5,RELAXO,2,501426300,0.111111111111,2021-11-08
2021-11-04,footwear,FW,1,0.196348778864,5,KHADIM,3,84023100,0.111111111111,2021-11-08
2021-11-04,retailing,RT,2,0.119468466771,7,DMART,1,5012033350,0.111111111111,2021-11-08
2021-11-04,retailing,RT,2,0.119468466771,7,ABFRL,2,1526335100,0.111111111111,2021-11-08
2021-11-04,retailing,RT,2,0.119468466771,7,TRENT,3,1133430100,0.111111111111,2021-11-08
2021-11-04,alcohol,AL,3,0.118683966132,5,MCDOWELL-N,1,3215021950,0.111111111111,2021-11-08
2021-11-04,alcohol,AL,3,0.118683966132,5,RADICO,2,958228850,0.111111111111,2021-11-08
2021-11-04,alcohol,AL,3,0.118683966132,5,UBL,3,918703750,0.111111111111,2021-11-08
2021-11-12,footwear,FW,1,0.106555765291,5,BATAINDIA,1,1233413150,0.111111111111,2021-11-15
2021-11-12,footwear,FW,1,0.106555765291,5,RELAXO,2,270434800,0.111111111111,2021-11-15
2021-11-12,footwear,FW,1,0.106555765291,5,MIRZAINT,3,135335500,0.111111111111,2021-11-15
2021-11-12,retailing,RT,2,0.0891411498756,7,DMART,1,4425350350,0.111111111111,2021-11-15
2021-11-12,retailing,RT,2,0.0891411498756,7,ABFRL,2,1487159300,0.111111111111,2021-11-15
2021-11-12,retailing,RT,2,0.0891411498756,7,TRENT,3,1048852900,0.111111111111,2021-11-15
2021-11-12,media_entertainment,ME,3,0.0817841861789,9,ZEEL,1,5838933550,0.111111111111,2021-11-15
2021-11-12,media_entertainment,ME,3,0.0817841861789,9,SUNTV,2,1532095750,0.111111111111,2021-11-15
2021-11-12,media_entertainment,ME,3,0.0817841861789,9,TV18BRDCST,3,649097600,0.111111111111,2021-11-15
2021-11-18,electricals,EL,1,0.106039810734,9,POLYCAB,1,1285969950,0.111111111111,2021-11-22
2021-11-18,electricals,EL,1,0.106039810734,9,ABB,2,720199100,0.111111111111,2021-11-22
2021-11-18,electricals,EL,1,0.106039810734,9,KEI,3,622023300,0.111111111111,2021-11-22
2021-11-18,textiles,TX,2,0.0924958822594,37,PAGEIND,1,1087443900,0.111111111111,2021-11-22
2021-11-18,textiles,TX,2,0.0924958822594,37,TRIDENT,2,1042970850,0.111111111111,2021-11-22
2021-11-18,textiles,TX,2,0.0924958822594,37,ARVIND,3,420111800,0.111111111111,2021-11-22
2021-11-18,aviation,AV,3,0.0672529493293,5,INDIGO,1,2308717450,0.111111111111,2021-11-22
2021-11-18,aviation,AV,3,0.0672529493293,5,BEL,2,1577746400,0.111111111111,2021-11-22
2021-11-18,aviation,AV,3,0.0672529493293,5,HAL,3,1122577500,0.111111111111,2021-11-22
2021-11-26,electricals,EL,1,0.0674780342822,9,POLYCAB,1,847459950,0.111111111111,2021-11-29
2021-11-26,electricals,EL,1,0.0674780342822,9,ABB,2,669719350,0.111111111111,2021-11-29
2021-11-26,electricals,EL,1,0.0674780342822,9,KEI,3,460746450,0.111111111111,2021-11-29
2021-11-26,textiles,TX,2,0.0611031684742,39,TRIDENT,1,1294810850,0.111111111111,2021-11-29
2021-11-26,textiles,TX,2,0.0611031684742,39,PAGEIND,2,1030821300,0.111111111111,2021-11-29
2021-11-26,textiles,TX,2,0.0611031684742,39,RAYMOND,3,983818050,0.111111111111,2021-11-29
2021-11-26,software,SW,3,0.0359450072296,54,IRCTC,1,14047138800,0.111111111111,2021-11-29
2021-11-26,software,SW,3,0.0359450072296,54,INFY,2,8421258000,0.111111111111,2021-11-29
2021-11-26,software,SW,3,0.0359450072296,54,TCS,3,7152189450,0.111111111111,2021-11-29
2021-12-03,telecom,TC,1,0.065741450896,13,BHARTIARTL,1,8415745250,0.111111111111,2021-12-06
2021-12-03,telecom,TC,1,0.065741450896,13,INDUSTOWER,2,1294091450,0.111111111111,2021-12-06
2021-12-03,telecom,TC,1,0.065741450896,13,TTML,3,1007896450,0.111111111111,2021-12-06
2021-12-03,software,SW,2,0.0625146150402,51,INFY,1,9694043750,0.111111111111,2021-12-06
2021-12-03,software,SW,2,0.0625146150402,51,IRCTC,2,8555643250,0.111111111111,2021-12-06
2021-12-03,software,SW,2,0.0625146150402,51,TCS,3,7806412000,0.111111111111,2021-12-06
2021-12-03,footwear,FW,3,0.0354317138301,5,BATAINDIA,1,1108761700,0.111111111111,2021-12-06
2021-12-03,footwear,FW,3,0.0354317138301,5,MIRZAINT,2,340208450,0.111111111111,2021-12-06
2021-12-03,footwear,FW,3,0.0354317138301,5,RELAXO,3,250446800,0.111111111111,2021-12-06
2021-12-10,telecom,TC,1,0.122790752755,13,BHARTIARTL,1,8538237650,0.111111111111,2021-12-13
2021-12-10,telecom,TC,1,0.122790752755,13,HFCL,2,1440675600,0.111111111111,2021-12-13
2021-12-10,telecom,TC,1,0.122790752755,13,INDUSTOWER,3,1363172000,0.111111111111,2021-12-13
2021-12-10,media_entertainment,ME,2,0.0892657935751,6,ZEEL,1,7573466050,0.111111111111,2021-12-13
2021-12-10,media_entertainment,ME,2,0.0892657935751,6,SUNTV,2,633339600,0.111111111111,2021-12-13
2021-12-10,media_entertainment,ME,2,0.0892657935751,6,NETWORK18,3,546910300,0.111111111111,2021-12-13
2021-12-10,software,SW,3,0.0719230054365,52,INFY,1,9334561350,0.111111111111,2021-12-13
2021-12-10,software,SW,3,0.0719230054365,52,IRCTC,2,8161175650,0.111111111111,2021-12-13
2021-12-10,software,SW,3,0.0719230054365,52,TCS,3,7916684500,0.111111111111,2021-12-13
2021-12-17,media_entertainment,ME,1,0.0901387008431,8,ZEEL,1,8204700150,0.111111111111,2021-12-20
2021-12-17,media_entertainment,ME,1,0.0901387008431,8,TV18BRDCST,2,782003650,0.111111111111,2021-12-20
2021-12-17,media_entertainment,ME,1,0.0901387008431,8,NETWORK18,3,709913550,0.111111111111,2021-12-20
2021-12-17,telecom,TC,2,0.0688212248916,13,BHARTIARTL,1,9103153650,0.111111111111,2021-12-20
2021-12-17,telecom,TC,2,0.0688212248916,13,HFCL,2,1976096150,0.111111111111,2021-12-20
2021-12-17,telecom,TC,2,0.0688212248916,13,INDUSTOWER,3,1382904700,0.111111111111,2021-12-20
2021-12-17,software,SW,3,0.0598244101742,54,INFY,1,10298414550,0.111111111111,2021-12-20
2021-12-17,software,SW,3,0.0598244101742,54,TCS,2,8367516350,0.111111111111,2021-12-20
2021-12-17,software,SW,3,0.0598244101742,54,IRCTC,3,6451715200,0.111111111111,2021-12-20
2021-12-24,electricals,EL,1,0.106814077122,9,POLYCAB,1,866053850,0.111111111111,2021-12-27
2021-12-24,electricals,EL,1,0.106814077122,9,ABB,2,577704950,0.111111111111,2021-12-27
2021-12-24,electricals,EL,1,0.106814077122,9,KEI,3,518614750,0.111111111111,2021-12-27
2021-12-24,media_entertainment,ME,2,0.0885790025018,8,ZEEL,1,9138751150,0.111111111111,2021-12-27
2021-12-24,media_entertainment,ME,2,0.0885790025018,8,TV18BRDCST,2,794058700,0.111111111111,2021-12-27
2021-12-24,media_entertainment,ME,2,0.0885790025018,8,NETWORK18,3,728719500,0.111111111111,2021-12-27
2021-12-24,software,SW,3,0.0820966638633,55,INFY,1,9708315300,0.111111111111,2021-12-27
2021-12-24,software,SW,3,0.0820966638633,55,TCS,2,8206033400,0.111111111111,2021-12-27
2021-12-24,software,SW,3,0.0820966638633,55,WIPRO,3,5882454650,0.111111111111,2021-12-27
2021-12-31,software,SW,1,0.13885031999,58,INFY,1,8317581000,0.111111111111,2022-01-03
2021-12-31,software,SW,1,0.13885031999,58,TCS,2,6715057800,0.111111111111,2022-01-03
2021-12-31,software,SW,1,0.13885031999,58,WIPRO,3,5733812700,0.111111111111,2022-01-03
2021-12-31,manufacturing,MF,2,0.105563268243,5,CARBORUNIV,1,235383400,0.111111111111,2022-01-03
2021-12-31,manufacturing,MF,2,0.105563268243,5,GRINDWELL,2,125136000,0.111111111111,2022-01-03
2021-12-31,manufacturing,MF,2,0.105563268243,5,TEXRAIL,3,35900050,0.111111111111,2022-01-03
2021-12-31,electricals,EL,3,0.10094187291,12,POLYCAB,1,828190000,0.111111111111,2022-01-03
2021-12-31,electricals,EL,3,0.10094187291,12,ABB,2,588603350,0.111111111111,2022-01-03
2021-12-31,electricals,EL,3,0.10094187291,12,KEI,3,382377500,0.111111111111,2022-01-03
2022-01-07,textiles,TX,1,0.123690997465,46,TRIDENT,1,1068489900,0.111111111111,2022-01-10
2022-01-07,textiles,TX,1,0.123690997465,46,BOMDYEING,2,980718250,0.111111111111,2022-01-10
2022-01-07,textiles,TX,1,0.123690997465,46,PAGEIND,3,769468850,0.111111111111,2022-01-10
2022-01-07,electricals,EL,2,0.115673949578,12,POLYCAB,1,883406400,0.111111111111,2022-01-10
2022-01-07,electricals,EL,2,0.115673949578,12,ABB,2,515812850,0.111111111111,2022-01-10
2022-01-07,electricals,EL,2,0.115673949578,12,KEI,3,266154700,0.111111111111,2022-01-10
2022-01-07,software,SW,3,0.104968488579,55,INFY,1,9370963050,0.111111111111,2022-01-10
2022-01-07,software,SW,3,0.104968488579,55,TCS,2,7381196900,0.111111111111,2022-01-10
2022-01-07,software,SW,3,0.104968488579,55,WIPRO,3,6030650100,0.111111111111,2022-01-10
2022-01-14,textiles,TX,1,0.210981120641,53,BOMDYEING,1,907048550,0.111111111111,2022-01-17
2022-01-14,textiles,TX,1,0.210981120641,53,TRIDENT,2,870825750,0.111111111111,2022-01-17
2022-01-14,textiles,TX,1,0.210981120641,53,ALOKINDS,3,857780650,0.111111111111,2022-01-17
2022-01-14,capGoods,CG,2,0.160852507796,54,GREAVESCOT,1,2168414500,0.111111111111,2022-01-17
2022-01-14,capGoods,CG,2,0.160852507796,54,BHEL,2,1612773450,0.111111111111,2022-01-17
2022-01-14,capGoods,CG,2,0.160852507796,54,LTTS,3,1537006950,0.111111111111,2022-01-17
2022-01-14,software,SW,3,0.159530929474,57,INFY,1,10014720900,0.111111111111,2022-01-17
2022-01-14,software,SW,3,0.159530929474,57,TCS,2,9000634350,0.111111111111,2022-01-17
2022-01-14,software,SW,3,0.159530929474,57,WIPRO,3,6204761550,0.111111111111,2022-01-17
2022-01-21,textiles,TX,1,0.220540872367,54,ALOKINDS,1,1486300750,0.111111111111,2022-01-24
2022-01-21,textiles,TX,1,0.220540872367,54,PAGEIND,2,813343600,0.111111111111,2022-01-24
2022-01-21,textiles,TX,1,0.220540872367,54,BOMDYEING,3,806447400,0.111111111111,2022-01-24
2022-01-21,hospitality,HP,2,0.158496193945,13,INDHOTEL,1,977353950,0.111111111111,2022-01-24
2022-01-21,hospitality,HP,2,0.158496193945,13,COFFEEDAY,2,871920250,0.111111111111,2022-01-24
2022-01-21,hospitality,HP,2,0.158496193945,13,LEMONTREE,3,120045050,0.111111111111,2022-01-24
2022-01-21,capGoods,CG,3,0.137430456085,55,GREAVESCOT,1,2472977850,0.111111111111,2022-01-24
2022-01-21,capGoods,CG,3,0.137430456085,55,LTTS,2,1858256800,0.111111111111,2022-01-24
2022-01-21,capGoods,CG,3,0.137430456085,55,BHEL,3,1588716350,0.111111111111,2022-01-24
2022-01-28,hospitality,HP,1,0.152637352218,13,INDHOTEL,1,1068526700,0.111111111111,2022-01-31
2022-01-28,hospitality,HP,1,0.152637352218,13,COFFEEDAY,2,1032069700,0.111111111111,2022-01-31
2022-01-28,hospitality,HP,1,0.152637352218,13,LEMONTREE,3,126274950,0.111111111111,2022-01-31
2022-01-28,textiles,TX,2,0.13933290167,55,ALOKINDS,1,1642816300,0.111111111111,2022-01-31
2022-01-28,textiles,TX,2,0.13933290167,55,RAYMOND,2,1008770650,0.111111111111,2022-01-31
2022-01-28,textiles,TX,2,0.13933290167,55,PAGEIND,3,880260850,0.111111111111,2022-01-31
2022-01-28,oil_gas,OG,3,0.100944272742,12,RELIANCE,1,15320111200,0.111111111111,2022-01-31
2022-01-28,oil_gas,OG,3,0.100944272742,12,ONGC,2,2889745150,0.111111111111,2022-01-31
2022-01-28,oil_gas,OG,3,0.100944272742,12,BPCL,3,1812190300,0.111111111111,2022-01-31
2022-02-04,hospitality,HP,1,0.150169800176,15,INDHOTEL,1,1268114400,0.111111111111,2022-02-07
2022-02-04,hospitality,HP,1,0.150169800176,15,COFFEEDAY,2,1078170250,0.111111111111,2022-02-07
2022-02-04,hospitality,HP,1,0.150169800176,15,EASEMYTRIP,3,438045100,0.111111111111,2022-02-07
2022-02-04,textiles,TX,2,0.0991020739691,54,ALOKINDS,1,1679539950,0.111111111111,2022-02-07
2022-02-04,textiles,TX,2,0.0991020739691,54,RAYMOND,2,1080522000,0.111111111111,2022-02-07
2022-02-04,textiles,TX,2,0.0991020739691,54,PAGEIND,3,871868250,0.111111111111,2022-02-07
2022-02-04,metals_Mining,MM,3,0.0740755185709,48,TATASTEEL,1,9037224300,0.111111111111,2022-02-07
2022-02-04,metals_Mining,MM,3,0.0740755185709,48,SAIL,2,4393981400,0.111111111111,2022-02-07
2022-02-04,metals_Mining,MM,3,0.0740755185709,48,VEDL,3,3988713300,0.111111111111,2022-02-07
2022-02-11,media_entertainment,ME,1,0.0727472252444,14,ZEEL,1,2990835400,0.111111111111,2022-02-14
2022-02-11,media_entertainment,ME,1,0.0727472252444,14,TV18BRDCST,2,1712474550,0.111111111111,2022-02-14
2022-02-11,media_entertainment,ME,1,0.0727472252444,14,SUNTV,3,521870400,0.111111111111,2022-02-14
2022-02-11,hospitality,HP,2,0.0488685722976,16,INDHOTEL,1,1059045950,0.111111111111,2022-02-14
2022-02-11,hospitality,HP,2,0.0488685722976,16,COFFEEDAY,2,935070350,0.111111111111,2022-02-14
2022-02-11,hospitality,HP,2,0.0488685722976,16,EASEMYTRIP,3,389718400,0.111111111111,2022-02-14
2022-02-11,oil_gas,OG,3,0.0204796294998,13,RELIANCE,1,15182763150,0.111111111111,2022-02-14
2022-02-11,oil_gas,OG,3,0.0204796294998,13,ONGC,2,3197711650,0.111111111111,2022-02-14
2022-02-11,oil_gas,OG,3,0.0204796294998,13,BPCL,3,2072869900,0.111111111111,2022-02-14
2022-02-18,media_entertainment,ME,1,0.05388348994,15,ZEEL,1,3149657300,0.111111111111,2022-02-21
2022-02-18,media_entertainment,ME,1,0.05388348994,15,TV18BRDCST,2,1608926300,0.111111111111,2022-02-21
2022-02-18,media_entertainment,ME,1,0.05388348994,15,SUNTV,3,659879300,0.111111111111,2022-02-21
2022-02-18,containers_packaging,CP,2,0.0292584092727,5,JINDALPOLY,1,238101400,0.111111111111,2022-02-21
2022-02-18,containers_packaging,CP,2,0.0292584092727,5,UFLEX,2,193401200,0.111111111111,2022-02-21
2022-02-18,containers_packaging,CP,2,0.0292584092727,5,TCPLPACK,3,40632150,0.111111111111,2022-02-21
2022-02-18,hospitality,HP,3,0.0257238702106,17,INDHOTEL,1,1072494000,0.111111111111,2022-02-21
2022-02-18,hospitality,HP,3,0.0257238702106,17,COFFEEDAY,2,529454550,0.111111111111,2022-02-21
2022-02-18,hospitality,HP,3,0.0257238702106,17,EASEMYTRIP,3,457550800,0.111111111111,2022-02-21
2022-02-25,containers_packaging,CP,1,-7.97223723384e-05,5,JINDALPOLY,1,229566100,0.111111111111,2022-02-28
2022-02-25,containers_packaging,CP,1,-7.97223723384e-05,5,UFLEX,2,201476500,0.111111111111,2022-02-28
2022-02-25,containers_packaging,CP,1,-7.97223723384e-05,5,TCPLPACK,3,88610650,0.111111111111,2022-02-28
2022-02-25,hospitality,HP,2,-0.00301207757204,19,INDHOTEL,1,1070695700,0.111111111111,2022-02-28
2022-02-25,hospitality,HP,2,-0.00301207757204,19,EASEMYTRIP,2,480291050,0.111111111111,2022-02-28
2022-02-25,hospitality,HP,2,-0.00301207757204,19,LEMONTREE,3,320629950,0.111111111111,2022-02-28
2022-02-25,media_entertainment,ME,3,-0.0388662801898,13,ZEEL,1,2848089900,0.111111111111,2022-02-28
2022-02-25,media_entertainment,ME,3,-0.0388662801898,13,TV18BRDCST,2,1364656800,0.111111111111,2022-02-28
2022-02-25,media_entertainment,ME,3,-0.0388662801898,13,SUNTV,3,680035450,0.111111111111,2022-02-28
2022-03-04,hospitality,HP,1,-0.0331110611993,18,INDHOTEL,1,953942250,0.111111111111,2022-03-07
2022-03-04,hospitality,HP,1,-0.0331110611993,18,EASEMYTRIP,2,431861450,0.111111111111,2022-03-07
2022-03-04,hospitality,HP,1,-0.0331110611993,18,CHALET,3,318319800,0.111111111111,2022-03-07
2022-03-04,media_entertainment,ME,2,-0.0392961939252,13,ZEEL,1,3130545800,0.111111111111,2022-03-07
2022-03-04,media_entertainment,ME,2,-0.0392961939252,13,TV18BRDCST,2,1157684650,0.111111111111,2022-03-07
2022-03-04,media_entertainment,ME,2,-0.0392961939252,13,SUNTV,3,707922400,0.111111111111,2022-03-07
2022-03-04,metals_Mining,MM,3,-0.0393922882811,44,TATASTEEL,1,13151294300,0.111111111111,2022-03-07
2022-03-04,metals_Mining,MM,3,-0.0393922882811,44,HINDALCO,2,7463993100,0.111111111111,2022-03-07
2022-03-04,metals_Mining,MM,3,-0.0393922882811,44,VEDL,3,5427678800,0.111111111111,2022-03-07
2022-03-11,hospitality,HP,1,0.024773648313,17,INDHOTEL,1,1153321300,0.111111111111,2022-03-14
2022-03-11,hospitality,HP,1,0.024773648313,17,LEMONTREE,2,444171800,0.111111111111,2022-03-14
2022-03-11,hospitality,HP,1,0.024773648313,17,EASEMYTRIP,3,370194200,0.111111111111,2022-03-14
2022-03-11,oil_gas,OG,2,0.00852666984468,13,RELIANCE,1,15847332250,0.111111111111,2022-03-14
2022-03-11,oil_gas,OG,2,0.00852666984468,13,ONGC,2,6322995850,0.111111111111,2022-03-14
2022-03-11,oil_gas,OG,2,0.00852666984468,13,BPCL,3,2186571600,0.111111111111,2022-03-14
2022-03-11,paper,PA,3,0.00148276216036,6,JKPAPER,1,327657250,0.111111111111,2022-03-14
2022-03-11,paper,PA,3,0.00148276216036,6,SATIA,2,59177750,0.111111111111,2022-03-14
2022-03-11,paper,PA,3,0.00148276216036,6,WSTCSTPAPR,3,51207700,0.111111111111,2022-03-14
2022-03-17,paper,PA,1,0.162028079632,11,JKPAPER,1,758770900,0.111111111111,2022-03-21
2022-03-17,paper,PA,1,0.162028079632,11,WSTCSTPAPR,2,135424950,0.111111111111,2022-03-21
2022-03-17,paper,PA,1,0.162028079632,11,SATIA,3,84279300,0.111111111111,2022-03-21
2022-03-17,hospitality,HP,2,0.0585242755368,17,INDHOTEL,1,1167835300,0.111111111111,2022-03-21
2022-03-17,hospitality,HP,2,0.0585242755368,17,LEMONTREE,2,443080400,0.111111111111,2022-03-21
2022-03-17,hospitality,HP,2,0.0585242755368,17,EASEMYTRIP,3,409141750,0.111111111111,2022-03-21
2022-03-17,metals_Mining,MM,3,0.0364381791784,46,TATASTEEL,1,13173359500,0.111111111111,2022-03-21
2022-03-17,metals_Mining,MM,3,0.0364381791784,46,HINDALCO,2,8903017900,0.111111111111,2022-03-21
2022-03-17,metals_Mining,MM,3,0.0364381791784,46,VEDL,3,5119829750,0.111111111111,2022-03-21
2022-03-25,paper,PA,1,0.232311733842,10,JKPAPER,1,876172850,0.111111111111,2022-03-28
2022-03-25,paper,PA,1,0.232311733842,10,WSTCSTPAPR,2,179714600,0.111111111111,2022-03-28
2022-03-25,paper,PA,1,0.232311733842,10,SATIA,3,100101200,0.111111111111,2022-03-28
2022-03-25,media_entertainment,ME,2,0.144931548392,11,ZEEL,1,5263556100,0.111111111111,2022-03-28
2022-03-25,media_entertainment,ME,2,0.144931548392,11,TV18BRDCST,2,1235768650,0.111111111111,2022-03-28
2022-03-25,media_entertainment,ME,2,0.144931548392,11,SUNTV,3,635985350,0.111111111111,2022-03-28
2022-03-25,metals_Mining,MM,3,0.123338531162,46,TATASTEEL,1,14496980250,0.111111111111,2022-03-28
2022-03-25,metals_Mining,MM,3,0.123338531162,46,HINDALCO,2,9780723300,0.111111111111,2022-03-28
2022-03-25,metals_Mining,MM,3,0.123338531162,46,VEDL,3,6109273400,0.111111111111,2022-03-28
2022-04-01,paper,PA,1,0.311767745793,11,JKPAPER,1,954038550,0.111111111111,2022-04-04
2022-04-01,paper,PA,1,0.311767745793,11,WSTCSTPAPR,2,198678650,0.111111111111,2022-04-04
2022-04-01,paper,PA,1,0.311767745793,11,TNPL,3,118420250,0.111111111111,2022-04-04
2022-04-01,media_entertainment,ME,2,0.183276348446,14,ZEEL,1,5265034250,0.111111111111,2022-04-04
2022-04-01,media_entertainment,ME,2,0.183276348446,14,TV18BRDCST,2,1440062550,0.111111111111,2022-04-04
2022-04-01,media_entertainment,ME,2,0.183276348446,14,SUNTV,3,658785850,0.111111111111,2022-04-04
2022-04-01,hospitality,HP,3,0.171337156878,19,INDHOTEL,1,1990186550,0.111111111111,2022-04-04
2022-04-01,hospitality,HP,3,0.171337156878,19,LEMONTREE,2,841422750,0.111111111111,2022-04-04
2022-04-01,hospitality,HP,3,0.171337156878,19,EASEMYTRIP,3,617157400,0.111111111111,2022-04-04
2022-04-08,paper,PA,1,0.335630982096,11,JKPAPER,1,1065057800,0.111111111111,2022-04-11
2022-04-08,paper,PA,1,0.335630982096,11,WSTCSTPAPR,2,232173100,0.111111111111,2022-04-11
2022-04-08,paper,PA,1,0.335630982096,11,TNPL,3,200991100,0.111111111111,2022-04-11
2022-04-08,hospitality,HP,2,0.23163086343,20,INDHOTEL,1,2312891100,0.111111111111,2022-04-11
2022-04-08,hospitality,HP,2,0.23163086343,20,EASEMYTRIP,2,1154253050,0.111111111111,2022-04-11
2022-04-08,hospitality,HP,2,0.23163086343,20,LEMONTREE,3,760422900,0.111111111111,2022-04-11
2022-04-08,containers_packaging,CP,3,0.1974158981,5,UFLEX,1,290846050,0.111111111111,2022-04-11
2022-04-08,containers_packaging,CP,3,0.1974158981,5,JINDALPOLY,2,234402400,0.111111111111,2022-04-11
2022-04-08,containers_packaging,CP,3,0.1974158981,5,HUHTAMAKI,3,48576800,0.111111111111,2022-04-11
2022-04-13,hospitality,HP,1,0.231841490508,20,INDHOTEL,1,2514385050,0.111111111111,2022-04-18
2022-04-13,hospitality,HP,1,0.231841490508,20,EASEMYTRIP,2,1232405850,0.111111111111,2022-04-18
2022-04-13,hospitality,HP,1,0.231841490508,20,LEMONTREE,3,836155650,0.111111111111,2022-04-18
2022-04-13,paper,PA,2,0.225551871073,11,JKPAPER,1,773476050,0.111111111111,2022-04-18
2022-04-13,paper,PA,2,0.225551871073,11,WSTCSTPAPR,2,193343600,0.111111111111,2022-04-18
2022-04-13,paper,PA,2,0.225551871073,11,TNPL,3,189919150,0.111111111111,2022-04-18
2022-04-13,containers_packaging,CP,3,0.200059477477,5,UFLEX,1,327989850,0.111111111111,2022-04-18
2022-04-13,containers_packaging,CP,3,0.200059477477,5,JINDALPOLY,2,218881700,0.111111111111,2022-04-18
2022-04-13,containers_packaging,CP,3,0.200059477477,5,ESTER,3,71892700,0.111111111111,2022-04-18
2022-04-22,paper,PA,1,0.19049929131,12,JKPAPER,1,674769600,0.111111111111,2022-04-25
2022-04-22,paper,PA,1,0.19049929131,12,TNPL,2,248286650,0.111111111111,2022-04-25
2022-04-22,paper,PA,1,0.19049929131,12,WSTCSTPAPR,3,135014850,0.111111111111,2022-04-25
2022-04-22,oil_gas,OG,2,0.167755488562,13,RELIANCE,1,16913307100,0.111111111111,2022-04-25
2022-04-22,oil_gas,OG,2,0.167755488562,13,ONGC,2,3619295250,0.111111111111,2022-04-25
2022-04-22,oil_gas,OG,2,0.167755488562,13,IOC,3,2172538150,0.111111111111,2022-04-25
2022-04-22,containers_packaging,CP,3,0.166618088707,5,UFLEX,1,266691150,0.111111111111,2022-04-25
2022-04-22,containers_packaging,CP,3,0.166618088707,5,JINDALPOLY,2,107928950,0.111111111111,2022-04-25
2022-04-22,containers_packaging,CP,3,0.166618088707,5,ESTER,3,102673550,0.111111111111,2022-04-25
2022-04-29,oil_gas,OG,1,0.148405260773,13,RELIANCE,1,19133633650,0.111111111111,2022-05-02
2022-04-29,oil_gas,OG,1,0.148405260773,13,ONGC,2,2915423600,0.111111111111,2022-05-02
2022-04-29,oil_gas,OG,1,0.148405260773,13,BPCL,3,1834691600,0.111111111111,2022-05-02
2022-04-29,containers_packaging,CP,2,0.129686369281,5,UFLEX,1,253871600,0.111111111111,2022-05-02
2022-04-29,containers_packaging,CP,2,0.129686369281,5,ESTER,2,109182300,0.111111111111,2022-05-02
2022-04-29,containers_packaging,CP,2,0.129686369281,5,JINDALPOLY,3,90059800,0.111111111111,2022-05-02
2022-04-29,power,PW,3,0.122948913191,14,TATAPOWER,1,15088295350,0.111111111111,2022-05-02
2022-04-29,power,PW,3,0.122948913191,14,NTPC,2,3964317950,0.111111111111,2022-05-02
2022-04-29,power,PW,3,0.122948913191,14,POWERGRID,3,2440562550,0.111111111111,2022-05-02
2022-05-06,oil_gas,OG,1,0.0794947808369,13,RELIANCE,1,20629074800,0.111111111111,2022-05-09
2022-05-06,oil_gas,OG,1,0.0794947808369,13,ONGC,2,2822495050,0.111111111111,2022-05-09
2022-05-06,oil_gas,OG,1,0.0794947808369,13,BPCL,3,1601509400,0.111111111111,2022-05-09
2022-05-06,trading,TR,2,-0.00462170955429,8,ADANIENT,1,4283486150,0.111111111111,2022-05-09
2022-05-06,trading,TR,2,-0.00462170955429,8,REDINGTON,2,1400207050,0.111111111111,2022-05-09
2022-05-06,trading,TR,2,-0.00462170955429,8,MMTC,3,253147700,0.111111111111,2022-05-09
2022-05-06,power,PW,3,-0.0135552881512,14,TATAPOWER,1,14208667450,0.111111111111,2022-05-09
2022-05-06,power,PW,3,-0.0135552881512,14,NTPC,2,4113517000,0.111111111111,2022-05-09
2022-05-06,power,PW,3,-0.0135552881512,14,POWERGRID,3,2410130850,0.111111111111,2022-05-09
2022-05-13,oil_gas,OG,1,-0.0321586098066,13,RELIANCE,1,22068893100,0.111111111111,2022-05-16
2022-05-13,oil_gas,OG,1,-0.0321586098066,13,ONGC,2,2873322400,0.111111111111,2022-05-16
2022-05-13,oil_gas,OG,1,-0.0321586098066,13,MRPL,3,1717630100,0.111111111111,2022-05-16
2022-05-13,fmcg,FG,2,-0.0713971340742,29,HINDUNILVR,1,4496560050,0.111111111111,2022-05-16
2022-05-13,fmcg,FG,2,-0.0713971340742,29,JUBLFOOD,2,2302136000,0.111111111111,2022-05-16
2022-05-13,fmcg,FG,2,-0.0713971340742,29,BRITANNIA,3,1496807500,0.111111111111,2022-05-16
2022-05-13,automobile,AT,3,-0.0833475943926,63,MARUTI,1,4962163900,0.111111111111,2022-05-16
2022-05-13,automobile,AT,3,-0.0833475943926,63,M&M,2,3203553850,0.111111111111,2022-05-16
2022-05-13,automobile,AT,3,-0.0833475943926,63,HEROMOTOCO,3,2287162850,0.111111111111,2022-05-16
2022-05-20,oil_gas,OG,1,-0.0280809926431,12,RELIANCE,1,21190838500,0.111111111111,2022-05-23
2022-05-20,oil_gas,OG,1,-0.0280809926431,12,ONGC,2,2581008000,0.111111111111,2022-05-23
2022-05-20,oil_gas,OG,1,-0.0280809926431,12,IOC,3,1534095300,0.111111111111,2022-05-23
2022-05-20,automobile,AT,2,-0.0486895092139,61,MARUTI,1,4958120750,0.111111111111,2022-05-23
2022-05-20,automobile,AT,2,-0.0486895092139,61,M&M,2,3228269100,0.111111111111,2022-05-23
2022-05-20,automobile,AT,2,-0.0486895092139,61,HEROMOTOCO,3,2381045250,0.111111111111,2022-05-23
2022-05-20,fmcg,FG,3,-0.0664725053024,29,HINDUNILVR,1,4711094150,0.111111111111,2022-05-23
2022-05-20,fmcg,FG,3,-0.0664725053024,29,JUBLFOOD,2,1756785950,0.111111111111,2022-05-23
2022-05-20,fmcg,FG,3,-0.0664725053024,29,BRITANNIA,3,1636303650,0.111111111111,2022-05-23
2022-05-27,insurance,IN,1,-0.0168893159032,6,HDFCLIFE,1,2196012250,0.111111111111,2022-05-30
2022-05-27,insurance,IN,1,-0.0168893159032,6,SBILIFE,2,1408469050,0.111111111111,2022-05-30
2022-05-27,insurance,IN,1,-0.0168893159032,6,ICICIPRULI,3,684599200,0.111111111111,2022-05-30
2022-05-27,automobile,AT,2,-0.0417313330375,60,MARUTI,1,4754206700,0.111111111111,2022-05-30
2022-05-27,automobile,AT,2,-0.0417313330375,60,M&M,2,3027102150,0.111111111111,2022-05-30
2022-05-27,automobile,AT,2,-0.0417313330375,60,ASHOKLEY,3,2490463000,0.111111111111,2022-05-30
2022-05-27,aviation,AV,3,-0.0550545518397,5,HAL,1,1523210800,0.111111111111,2022-05-30
2022-05-27,aviation,AV,3,-0.0550545518397,5,BEL,2,1318032100,0.111111111111,2022-05-30
2022-05-27,aviation,AV,3,-0.0550545518397,5,INDIGO,3,1159430750,0.111111111111,2022-05-30
2022-06-03,aviation,AV,1,0.0639622052208,5,HAL,1,1767759850,0.111111111111,2022-06-06
2022-06-03,aviation,AV,1,0.0639622052208,5,BEL,2,1350065850,0.111111111111,2022-06-06
2022-06-03,aviation,AV,1,0.0639622052208,5,INDIGO,3,1284242250,0.111111111111,2022-06-06
2022-06-03,automobile,AT,2,0.036756928726,58,MARUTI,1,5161157650,0.111111111111,2022-06-06
2022-06-03,automobile,AT,2,0.036756928726,58,M&M,2,4342499100,0.111111111111,2022-06-06
2022-06-03,automobile,AT,2,0.036756928726,58,ASHOKLEY,3,2583617250,0.111111111111,2022-06-06
2022-06-03,containers_packaging,CP,3,0.0325121781714,5,JINDALPOLY,1,148078750,0.111111111111,2022-06-06
2022-06-03,containers_packaging,CP,3,0.0325121781714,5,UFLEX,2,94784100,0.111111111111,2022-06-06
2022-06-03,containers_packaging,CP,3,0.0325121781714,5,TCPLPACK,3,38686900,0.111111111111,2022-06-06
2022-06-10,oil_gas,OG,1,0.152720683218,13,RELIANCE,1,22618269850,0.111111111111,2022-06-13
2022-06-10,oil_gas,OG,1,0.152720683218,13,ONGC,2,4107935100,0.111111111111,2022-06-13
2022-06-10,oil_gas,OG,1,0.152720683218,13,MRPL,3,2015361050,0.111111111111,2022-06-13
2022-06-10,aviation,AV,2,0.117847799908,5,HAL,1,1930931950,0.111111111111,2022-06-13
2022-06-10,aviation,AV,2,0.117847799908,5,BEL,2,1354919150,0.111111111111,2022-06-13
2022-06-10,aviation,AV,2,0.117847799908,5,INDIGO,3,1302753400,0.111111111111,2022-06-13
2022-06-10,footwear,FW,3,0.096111438569,5,BATAINDIA,1,674701900,0.111111111111,2022-06-13
2022-06-10,footwear,FW,3,0.096111438569,5,MIRZAINT,2,242962150,0.111111111111,2022-06-13
2022-06-10,footwear,FW,3,0.096111438569,5,METROBRAND,3,116480500,0.111111111111,2022-06-13
2022-06-17,footwear,FW,1,-0.0057969906912,5,BATAINDIA,1,660594850,0.111111111111,2022-06-20
2022-06-17,footwear,FW,1,-0.0057969906912,5,MIRZAINT,2,291348250,0.111111111111,2022-06-20
2022-06-17,footwear,FW,1,-0.0057969906912,5,METROBRAND,3,120437450,0.111111111111,2022-06-20
2022-06-17,automobile,AT,2,-0.0100567004016,58,MARUTI,1,6038397250,0.111111111111,2022-06-20
2022-06-17,automobile,AT,2,-0.0100567004016,58,M&M,2,4652775700,0.111111111111,2022-06-20
2022-06-17,automobile,AT,2,-0.0100567004016,58,BAJAJ-AUTO,3,2463921350,0.111111111111,2022-06-20
2022-06-17,aviation,AV,3,-0.019503432818,5,HAL,1,2099670100,0.111111111111,2022-06-20
2022-06-17,aviation,AV,3,-0.019503432818,5,INDIGO,2,1315477250,0.111111111111,2022-06-20
2022-06-17,aviation,AV,3,-0.019503432818,5,BEL,3,1314820500,0.111111111111,2022-06-20
2022-06-24,automobile,AT,1,0.0230481507242,57,MARUTI,1,7067293000,0.111111111111,2022-06-27
2022-06-24,automobile,AT,1,0.0230481507242,57,M&M,2,5178205700,0.111111111111,2022-06-27
2022-06-24,automobile,AT,1,0.0230481507242,57,BAJAJ-AUTO,3,2685520200,0.111111111111,2022-06-27
2022-06-24,oil_gas,OG,2,0.0197619833489,13,RELIANCE,1,22291845850,0.111111111111,2022-06-27
2022-06-24,oil_gas,OG,2,0.0197619833489,13,ONGC,2,4295721050,0.111111111111,2022-06-27
2022-06-24,oil_gas,OG,2,0.0197619833489,13,MRPL,3,2598370550,0.111111111111,2022-06-27
2022-06-24,alcohol,AL,3,0.0123226080203,6,MCDOWELL-N,1,994536450,0.111111111111,2022-06-27
2022-06-24,alcohol,AL,3,0.0123226080203,6,UBL,2,432242950,0.111111111111,2022-06-27
2022-06-24,alcohol,AL,3,0.0123226080203,6,RADICO,3,196825700,0.111111111111,2022-06-27
2022-07-01,alcohol,AL,1,0.0226476660748,6,MCDOWELL-N,1,855849400,0.111111111111,2022-07-04
2022-07-01,alcohol,AL,1,0.0226476660748,6,UBL,2,471006000,0.111111111111,2022-07-04
2022-07-01,alcohol,AL,1,0.0226476660748,6,RADICO,3,181714750,0.111111111111,2022-07-04
2022-07-01,automobile,AT,2,0.0221965119429,60,MARUTI,1,7005270350,0.111111111111,2022-07-04
2022-07-01,automobile,AT,2,0.0221965119429,60,M&M,2,4768627000,0.111111111111,2022-07-04
2022-07-01,automobile,AT,2,0.0221965119429,60,BAJAJ-AUTO,3,2999197250,0.111111111111,2022-07-04
2022-07-01,paper,PA,3,0.00546219786055,8,JKPAPER,1,350913400,0.111111111111,2022-07-04
2022-07-01,paper,PA,3,0.00546219786055,8,WSTCSTPAPR,2,73836150,0.111111111111,2022-07-04
2022-07-01,paper,PA,3,0.00546219786055,8,SATIA,3,55048650,0.111111111111,2022-07-04
2022-07-08,automobile,AT,1,0.0678385392047,62,MARUTI,1,7087381500,0.111111111111,2022-07-11
2022-07-08,automobile,AT,1,0.0678385392047,62,M&M,2,5491480300,0.111111111111,2022-07-11
2022-07-08,automobile,AT,1,0.0678385392047,62,BAJAJ-AUTO,3,2593531700,0.111111111111,2022-07-11
2022-07-08,fmcg,FG,2,0.0506419013437,27,HINDUNILVR,1,4648165350,0.111111111111,2022-07-11
2022-07-08,fmcg,FG,2,0.0506419013437,27,JUBLFOOD,2,1877460350,0.111111111111,2022-07-11
2022-07-08,fmcg,FG,2,0.0506419013437,27,BRITANNIA,3,1463870400,0.111111111111,2022-07-11
2022-07-08,diamond_jewellery,DJ,3,0.0466431838705,6,TITAN,1,4531096350,0.111111111111,2022-07-11
2022-07-08,diamond_jewellery,DJ,3,0.0466431838705,6,RAJESHEXPO,2,230096750,0.111111111111,2022-07-11
2022-07-08,diamond_jewellery,DJ,3,0.0466431838705,6,VAIBHAVGBL,3,65674600,0.111111111111,2022-07-11
2022-07-15,automobile,AT,1,0.141298377282,63,MARUTI,1,6491010200,0.111111111111,2022-07-18
2022-07-15,automobile,AT,1,0.141298377282,63,M&M,2,5461893850,0.111111111111,2022-07-18
2022-07-15,automobile,AT,1,0.141298377282,63,EICHERMOT,3,2299137150,0.111111111111,2022-07-18
2022-07-15,durables,DR,2,0.136465210746,15,DIXON,1,1091426100,0.111111111111,2022-07-18
2022-07-15,durables,DR,2,0.136465210746,15,VOLTAS,2,823564850,0.111111111111,2022-07-18
2022-07-15,durables,DR,2,0.136465210746,15,CROMPTON,3,641856300,0.111111111111,2022-07-18
2022-07-15,fmcg,FG,3,0.124495559046,28,HINDUNILVR,1,4904321700,0.111111111111,2022-07-18
2022-07-15,fmcg,FG,3,0.124495559046,28,JUBLFOOD,2,1783189450,0.111111111111,2022-07-18
2022-07-15,fmcg,FG,3,0.124495559046,28,BRITANNIA,3,1436723250,0.111111111111,2022-07-18
2022-07-22,paper,PA,1,0.185862562631,8,JKPAPER,1,442051400,0.111111111111,2022-07-25
2022-07-22,paper,PA,1,0.185862562631,8,WSTCSTPAPR,2,101328750,0.111111111111,2022-07-25
2022-07-22,paper,PA,1,0.185862562631,8,TNPL,3,54423650,0.111111111111,2022-07-25
2022-07-22,real_estate,RE,2,0.154885460082,26,DLF,1,1456226400,0.111111111111,2022-07-25
2022-07-22,real_estate,RE,2,0.154885460082,26,GODREJPROP,2,725427800,0.111111111111,2022-07-25
2022-07-22,real_estate,RE,2,0.154885460082,26,OBEROIRLTY,3,615599300,0.111111111111,2022-07-25
2022-07-22,durables,DR,3,0.147740575807,16,VOLTAS,1,1046990950,0.111111111111,2022-07-25
2022-07-22,durables,DR,3,0.147740575807,16,DIXON,2,1026053000,0.111111111111,2022-07-25
2022-07-22,durables,DR,3,0.147740575807,16,CROMPTON,3,780858050,0.111111111111,2022-07-25
2022-07-29,aviation,AV,1,0.156826866023,6,BEL,1,2222139200,0.111111111111,2022-08-01
2022-07-29,aviation,AV,1,0.156826866023,6,HAL,2,1711357050,0.111111111111,2022-08-01
2022-07-29,aviation,AV,1,0.156826866023,6,INDIGO,3,1064255800,0.111111111111,2022-08-01
2022-07-29,durables,DR,2,0.149705525738,17,DIXON,1,1133136050,0.111111111111,2022-08-01
2022-07-29,durables,DR,2,0.149705525738,17,VOLTAS,2,1131597900,0.111111111111,2022-08-01
2022-07-29,durables,DR,2,0.149705525738,17,CROMPTON,3,894314150,0.111111111111,2022-08-01
2022-07-29,banks,BN,3,0.141489532224,25,HDFCBANK,1,9399183150,0.111111111111,2022-08-01
2022-07-29,banks,BN,3,0.141489532224,25,ICICIBANK,2,7969993750,0.111111111111,2022-08-01
2022-07-29,banks,BN,3,0.141489532224,25,AXISBANK,3,6087036500,0.111111111111,2022-08-01
2022-08-05,paper,PA,1,0.204009187936,9,JKPAPER,1,669492200,0.111111111111,2022-08-08
2022-08-05,paper,PA,1,0.204009187936,9,WSTCSTPAPR,2,284785850,0.111111111111,2022-08-08
2022-08-05,paper,PA,1,0.204009187936,9,TNPL,3,91952000,0.111111111111,2022-08-08
2022-08-05,aviation,AV,2,0.158892218936,6,BEL,1,2769843250,0.111111111111,2022-08-08
2022-08-05,aviation,AV,2,0.158892218936,6,HAL,2,1788350000,0.111111111111,2022-08-08
2022-08-05,aviation,AV,2,0.158892218936,6,INDIGO,3,1298835600,0.111111111111,2022-08-08
2022-08-05,hospitality,HP,3,0.140035413237,16,INDHOTEL,1,1054794250,0.111111111111,2022-08-08
2022-08-05,hospitality,HP,3,0.140035413237,16,EASEMYTRIP,2,832500450,0.111111111111,2022-08-08
2022-08-05,hospitality,HP,3,0.140035413237,16,BLS,3,595464400,0.111111111111,2022-08-08
2022-08-12,paper,PA,1,0.23067390141,10,JKPAPER,1,1004031300,0.111111111111,2022-08-16
2022-08-12,paper,PA,1,0.23067390141,10,WSTCSTPAPR,2,352114000,0.111111111111,2022-08-16
2022-08-12,paper,PA,1,0.23067390141,10,TNPL,3,132810750,0.111111111111,2022-08-16
2022-08-12,aviation,AV,2,0.204185916411,6,BEL,1,2980094400,0.111111111111,2022-08-16
2022-08-12,aviation,AV,2,0.204185916411,6,HAL,2,2631237550,0.111111111111,2022-08-16
2022-08-12,aviation,AV,2,0.204185916411,6,INDIGO,3,1239406800,0.111111111111,2022-08-16
2022-08-12,hospitality,HP,3,0.190909910795,16,INDHOTEL,1,1403902200,0.111111111111,2022-08-16
2022-08-12,hospitality,HP,3,0.190909910795,16,EASEMYTRIP,2,863859450,0.111111111111,2022-08-16
2022-08-12,hospitality,HP,3,0.190909910795,16,BLS,3,489584450,0.111111111111,2022-08-16
2022-08-19,media_entertainment,ME,1,0.163300912776,11,ZEEL,1,2502015500,0.111111111111,2022-08-22
2022-08-19,media_entertainment,ME,1,0.163300912776,11,SUNTV,2,592940550,0.111111111111,2022-08-22
2022-08-19,media_entertainment,ME,1,0.163300912776,11,NDTV,3,480790900,0.111111111111,2022-08-22
2022-08-19,aviation,AV,2,0.159337858601,6,HAL,1,2806690700,0.111111111111,2022-08-22
2022-08-19,aviation,AV,2,0.159337858601,6,BEL,2,2511791600,0.111111111111,2022-08-22
2022-08-19,aviation,AV,2,0.159337858601,6,INDIGO,3,1350198150,0.111111111111,2022-08-22
2022-08-19,paper,PA,3,0.156223640952,11,JKPAPER,1,1028294900,0.111111111111,2022-08-22
2022-08-19,paper,PA,3,0.156223640952,11,WSTCSTPAPR,2,365157750,0.111111111111,2022-08-22
2022-08-19,paper,PA,3,0.156223640952,11,TNPL,3,136632100,0.111111111111,2022-08-22
2022-08-26,paper,PA,1,0.230383116817,11,JKPAPER,1,1161187650,0.111111111111,2022-08-29
2022-08-26,paper,PA,1,0.230383116817,11,WSTCSTPAPR,2,401945150,0.111111111111,2022-08-29
2022-08-26,paper,PA,1,0.230383116817,11,TNPL,3,171420400,0.111111111111,2022-08-29
2022-08-26,footwear,FW,2,0.178022248524,7,BATAINDIA,1,974373350,0.111111111111,2022-08-29
2022-08-26,footwear,FW,2,0.178022248524,7,CAMPUS,2,745013300,0.111111111111,2022-08-29
2022-08-26,footwear,FW,2,0.178022248524,7,METROBRAND,3,610035250,0.111111111111,2022-08-29
2022-08-26,aviation,AV,3,0.165480249108,6,HAL,1,2854970850,0.111111111111,2022-08-29
2022-08-26,aviation,AV,3,0.165480249108,6,BEL,2,2432636500,0.111111111111,2022-08-29
2022-08-26,aviation,AV,3,0.165480249108,6,INDIGO,3,1420537050,0.111111111111,2022-08-29
2022-09-02,containers_packaging,CP,1,0.174011708012,6,UFLEX,1,349769750,0.111111111111,2022-09-05
2022-09-02,containers_packaging,CP,1,0.174011708012,6,AGI,2,93281350,0.111111111111,2022-09-05
2022-09-02,containers_packaging,CP,1,0.174011708012,6,JINDALPOLY,3,61588650,0.111111111111,2022-09-05
2022-09-02,hospitality,HP,2,0.173912197853,18,INDHOTEL,1,1725488350,0.111111111111,2022-09-05
2022-09-02,hospitality,HP,2,0.173912197853,18,EASEMYTRIP,2,687476050,0.111111111111,2022-09-05
2022-09-02,hospitality,HP,2,0.173912197853,18,LEMONTREE,3,672712800,0.111111111111,2022-09-05
2022-09-02,aviation,AV,3,0.163893278181,6,HAL,1,3051586250,0.111111111111,2022-09-05
2022-09-02,aviation,AV,3,0.163893278181,6,BEL,2,2628130100,0.111111111111,2022-09-05
2022-09-02,aviation,AV,3,0.163893278181,6,INDIGO,3,1373727400,0.111111111111,2022-09-05
2022-09-09,containers_packaging,CP,1,0.204114126365,6,UFLEX,1,354243000,0.111111111111,2022-09-12
2022-09-09,containers_packaging,CP,1,0.204114126365,6,AGI,2,111828600,0.111111111111,2022-09-12
2022-09-09,containers_packaging,CP,1,0.204114126365,6,TCPLPACK,3,70783900,0.111111111111,2022-09-12
2022-09-09,media_entertainment,ME,2,0.149175100446,11,ZEEL,1,3636321900,0.111111111111,2022-09-12
2022-09-09,media_entertainment,ME,2,0.149175100446,11,SUNTV,2,822861850,0.111111111111,2022-09-12
2022-09-09,media_entertainment,ME,2,0.149175100446,11,TV18BRDCST,3,586318300,0.111111111111,2022-09-12
2022-09-09,real_estate,RE,3,0.144479623324,29,DLF,1,1892070500,0.111111111111,2022-09-12
2022-09-09,real_estate,RE,3,0.144479623324,29,IBREALEST,2,1224398850,0.111111111111,2022-09-12
2022-09-09,real_estate,RE,3,0.144479623324,29,GODREJPROP,3,824819450,0.111111111111,2022-09-12
2022-09-16,hospitality,HP,1,0.129021013694,17,INDHOTEL,1,1746753400,0.111111111111,2022-09-19
2022-09-16,hospitality,HP,1,0.129021013694,17,BLS,2,998516450,0.111111111111,2022-09-19
2022-09-16,hospitality,HP,1,0.129021013694,17,EASEMYTRIP,3,815175000,0.111111111111,2022-09-19
2022-09-16,aviation,AV,2,0.111474779728,6,INDIGO,1,3493369050,0.111111111111,2022-09-19
2022-09-16,aviation,AV,2,0.111474779728,6,HAL,2,3142085700,0.111111111111,2022-09-19
2022-09-16,aviation,AV,2,0.111474779728,6,BEL,3,2775082950,0.111111111111,2022-09-19
2022-09-16,logistics,LG,3,0.109407828378,20,CONCOR,1,2394266400,0.111111111111,2022-09-19
2022-09-16,logistics,LG,3,0.109407828378,20,ALLCARGO,2,729283650,0.111111111111,2022-09-19
2022-09-16,logistics,LG,3,0.109407828378,20,BLUEDART,3,359880050,0.111111111111,2022-09-19
2022-09-23,hospitality,HP,1,0.133469555621,17,INDHOTEL,1,1871641600,0.111111111111,2022-09-26
2022-09-23,hospitality,HP,1,0.133469555621,17,BLS,2,1114802100,0.111111111111,2022-09-26
2022-09-23,hospitality,HP,1,0.133469555621,17,EASEMYTRIP,3,1093671300,0.111111111111,2022-09-26
2022-09-23,footwear,FW,2,0.124167087266,7,CAMPUS,1,722043300,0.111111111111,2022-09-26
2022-09-23,footwear,FW,2,0.124167087266,7,BATAINDIA,2,696351700,0.111111111111,2022-09-26
2022-09-23,footwear,FW,2,0.124167087266,7,METROBRAND,3,392688000,0.111111111111,2022-09-26
2022-09-23,aviation,AV,3,0.110552734257,6,INDIGO,1,3476414500,0.111111111111,2022-09-26
2022-09-23,aviation,AV,3,0.110552734257,6,HAL,2,3313022050,0.111111111111,2022-09-26
2022-09-23,aviation,AV,3,0.110552734257,6,BEL,3,2702809800,0.111111111111,2022-09-26
2022-09-30,footwear,FW,1,0.167798622681,7,CAMPUS,1,739731800,0.111111111111,2022-10-03
2022-09-30,footwear,FW,1,0.167798622681,7,BATAINDIA,2,634219200,0.111111111111,2022-10-03
2022-09-30,footwear,FW,1,0.167798622681,7,METROBRAND,3,528577450,0.111111111111,2022-10-03
2022-09-30,alcohol,AL,2,0.06532687404,8,MCDOWELL-N,1,1966240600,0.111111111111,2022-10-03
2022-09-30,alcohol,AL,2,0.06532687404,8,RADICO,2,353676950,0.111111111111,2022-10-03
2022-09-30,alcohol,AL,2,0.06532687404,8,UBL,3,328766400,0.111111111111,2022-10-03
2022-09-30,hospitality,HP,3,0.0466491440563,18,INDHOTEL,1,2007469950,0.111111111111,2022-10-03
2022-09-30,hospitality,HP,3,0.0466491440563,18,EASEMYTRIP,2,1053893400,0.111111111111,2022-10-03
2022-09-30,hospitality,HP,3,0.0466491440563,18,BLS,3,894950300,0.111111111111,2022-10-03
2022-10-07,footwear,FW,1,0.167621868043,7,CAMPUS,1,757804400,0.111111111111,2022-10-10
2022-10-07,footwear,FW,1,0.167621868043,7,METROBRAND,2,604151750,0.111111111111,2022-10-10
2022-10-07,footwear,FW,1,0.167621868043,7,BATAINDIA,3,589391800,0.111111111111,2022-10-10
2022-10-07,alcohol,AL,2,0.116188911433,8,MCDOWELL-N,1,2120005250,0.111111111111,2022-10-10
2022-10-07,alcohol,AL,2,0.116188911433,8,RADICO,2,366192400,0.111111111111,2022-10-10
2022-10-07,alcohol,AL,2,0.116188911433,8,UBL,3,341474900,0.111111111111,2022-10-10
2022-10-07,hospitality,HP,3,0.0774897678643,18,INDHOTEL,1,2196873050,0.111111111111,2022-10-10
2022-10-07,hospitality,HP,3,0.0774897678643,18,EASEMYTRIP,2,1149059250,0.111111111111,2022-10-10
2022-10-07,hospitality,HP,3,0.0774897678643,18,BLS,3,787212500,0.111111111111,2022-10-10
2022-10-14,footwear,FW,1,0.139973262493,7,CAMPUS,1,667161900,0.111111111111,2022-10-17
2022-10-14,footwear,FW,1,0.139973262493,7,METROBRAND,2,619549800,0.111111111111,2022-10-17
2022-10-14,footwear,FW,1,0.139973262493,7,BATAINDIA,3,536000350,0.111111111111,2022-10-17
2022-10-14,alcohol,AL,2,0.0242925057029,8,MCDOWELL-N,1,2032018250,0.111111111111,2022-10-17
2022-10-14,alcohol,AL,2,0.0242925057029,8,UBL,2,400848450,0.111111111111,2022-10-17
2022-10-14,alcohol,AL,2,0.0242925057029,8,RADICO,3,221099950,0.111111111111,2022-10-17
2022-10-14,aviation,AV,3,0.0183916666043,6,HAL,1,2396523900,0.111111111111,2022-10-17
2022-10-14,aviation,AV,3,0.0183916666043,6,BEL,2,2238180550,0.111111111111,2022-10-17
2022-10-14,aviation,AV,3,0.0183916666043,6,INDIGO,3,1201065200,0.111111111111,2022-10-17
2022-10-21,footwear,FW,1,0.042299962592,7,CAMPUS,1,615837700,0.111111111111,2022-10-24
2022-10-21,footwear,FW,1,0.042299962592,7,METROBRAND,2,538080750,0.111111111111,2022-10-24
2022-10-21,footwear,FW,1,0.042299962592,7,BATAINDIA,3,460376400,0.111111111111,2022-10-24
2022-10-21,aviation,AV,2,0.0365515303656,5,HAL,1,2392471050,0.111111111111,2022-10-24
2022-10-21,aviation,AV,2,0.0365515303656,5,BEL,2,2228548500,0.111111111111,2022-10-24
2022-10-21,aviation,AV,2,0.0365515303656,5,INDIGO,3,1035068150,0.111111111111,2022-10-24
2022-10-21,paper,PA,3,0.0279016394177,9,JKPAPER,1,372503700,0.111111111111,2022-10-24
2022-10-21,paper,PA,3,0.0279016394177,9,WSTCSTPAPR,2,162354600,0.111111111111,2022-10-24
2022-10-21,paper,PA,3,0.0279016394177,9,TNPL,3,86601700,0.111111111111,2022-10-24
2022-10-28,paper,PA,1,0.164979466747,10,JKPAPER,1,360783550,0.111111111111,2022-10-31
2022-10-28,paper,PA,1,0.164979466747,10,WSTCSTPAPR,2,156659650,0.111111111111,2022-10-31
2022-10-28,paper,PA,1,0.164979466747,10,SATIA,3,118471250,0.111111111111,2022-10-31
2022-10-28,banks,BN,2,0.154675024478,28,AXISBANK,1,10565323000,0.111111111111,2022-10-31
2022-10-28,banks,BN,2,0.154675024478,28,ICICIBANK,2,9410627050,0.111111111111,2022-10-31
2022-10-28,banks,BN,2,0.154675024478,28,HDFCBANK,3,8810554250,0.111111111111,2022-10-31
2022-10-28,aviation,AV,3,0.131638419321,5,HAL,1,2288326500,0.111111111111,2022-10-31
2022-10-28,aviation,AV,3,0.131638419321,5,BEL,2,2022613300,0.111111111111,2022-10-31
2022-10-28,aviation,AV,3,0.131638419321,5,INDIGO,3,982067850,0.111111111111,2022-10-31
2022-11-04,banks,BN,1,0.135427353789,29,AXISBANK,1,11930919700,0.111111111111,2022-11-07
2022-11-04,banks,BN,1,0.135427353789,29,HDFCBANK,2,8956557850,0.111111111111,2022-11-07
2022-11-04,banks,BN,1,0.135427353789,29,ICICIBANK,3,8920589950,0.111111111111,2022-11-07
2022-11-04,paper,PA,2,0.111841745954,10,JKPAPER,1,486160500,0.111111111111,2022-11-07
2022-11-04,paper,PA,2,0.111841745954,10,WSTCSTPAPR,2,163575450,0.111111111111,2022-11-07
2022-11-04,paper,PA,2,0.111841745954,10,SATIA,3,161719350,0.111111111111,2022-11-07
2022-11-04,aviation,AV,3,0.0796868377029,5,HAL,1,2025638900,0.111111111111,2022-11-07
2022-11-04,aviation,AV,3,0.0796868377029,5,BEL,2,1854110850,0.111111111111,2022-11-07
2022-11-04,aviation,AV,3,0.0796868377029,5,INDIGO,3,890344550,0.111111111111,2022-11-07
2022-11-11,banks,BN,1,0.172934146945,29,AXISBANK,1,12132929250,0.111111111111,2022-11-14
2022-11-11,banks,BN,1,0.172934146945,29,HDFCBANK,2,10655805050,0.111111111111,2022-11-14
2022-11-11,banks,BN,1,0.172934146945,29,ICICIBANK,3,9359237150,0.111111111111,2022-11-14
2022-11-11,trading,TR,2,0.105819527186,5,ADANIENT,1,7852531800,0.111111111111,2022-11-14
2022-11-11,trading,TR,2,0.105819527186,5,REDINGTON,2,604638650,0.111111111111,2022-11-14
2022-11-11,trading,TR,2,0.105819527186,5,SUNDRMFAST,3,144345250,0.111111111111,2022-11-14
2022-11-11,gases_fuels,GF,3,0.0964723463861,5,GAIL,1,874302450,0.111111111111,2022-11-14
2022-11-11,gases_fuels,GF,3,0.0964723463861,5,MGL,2,370792150,0.111111111111,2022-11-14
2022-11-11,gases_fuels,GF,3,0.0964723463861,5,REFEX,3,65077850,0.111111111111,2022-11-14
2022-11-18,banks,BN,1,0.138573172842,29,AXISBANK,1,11493293400,0.111111111111,2022-11-21
2022-11-18,banks,BN,1,0.138573172842,29,HDFCBANK,2,10846577650,0.111111111111,2022-11-21
2022-11-18,banks,BN,1,0.138573172842,29,ICICIBANK,3,10426457200,0.111111111111,2022-11-21
2022-11-18,gases_fuels,GF,2,0.125124909932,5,GAIL,1,918466600,0.111111111111,2022-11-21
2022-11-18,gases_fuels,GF,2,0.125124909932,5,MGL,2,435917300,0.111111111111,2022-11-21
2022-11-18,gases_fuels,GF,2,0.125124909932,5,REFEX,3,86503650,0.111111111111,2022-11-21
2022-11-18,trading,TR,3,0.120322758129,5,ADANIENT,1,8450952350,0.111111111111,2022-11-21
2022-11-18,trading,TR,3,0.120322758129,5,REDINGTON,2,891401100,0.111111111111,2022-11-21
2022-11-18,trading,TR,3,0.120322758129,5,SUNDRMFAST,3,152731350,0.111111111111,2022-11-21
2022-11-25,trading,TR,1,0.136040404042,5,ADANIENT,1,9764582650,0.111111111111,2022-11-28
2022-11-25,trading,TR,1,0.136040404042,5,REDINGTON,2,1146752950,0.111111111111,2022-11-28
2022-11-25,trading,TR,1,0.136040404042,5,SUNDRMFAST,3,153860200,0.111111111111,2022-11-28
2022-11-25,gases_fuels,GF,2,0.135661696706,5,GAIL,1,1001660300,0.111111111111,2022-11-28
2022-11-25,gases_fuels,GF,2,0.135661696706,5,MGL,2,407532650,0.111111111111,2022-11-28
2022-11-25,gases_fuels,GF,2,0.135661696706,5,REFEX,3,114509500,0.111111111111,2022-11-28
2022-11-25,banks,BN,3,0.131963011984,31,HDFCBANK,1,11135833150,0.111111111111,2022-11-28
2022-11-25,banks,BN,3,0.131963011984,31,ICICIBANK,2,10032377450,0.111111111111,2022-11-28
2022-11-25,banks,BN,3,0.131963011984,31,AXISBANK,3,8529889300,0.111111111111,2022-11-28
2022-12-02,gases_fuels,GF,1,0.17943377629,5,GAIL,1,1043097650,0.111111111111,2022-12-05
2022-12-02,gases_fuels,GF,1,0.17943377629,5,MGL,2,459463450,0.111111111111,2022-12-05
2022-12-02,gases_fuels,GF,1,0.17943377629,5,REFEX,3,191668450,0.111111111111,2022-12-05
2022-12-02,banks,BN,2,0.13802051187,31,HDFCBANK,1,11582627350,0.111111111111,2022-12-05
2022-12-02,banks,BN,2,0.13802051187,31,ICICIBANK,2,11433116750,0.111111111111,2022-12-05
2022-12-02,banks,BN,2,0.13802051187,31,SBIN,3,8197014750,0.111111111111,2022-12-05
2022-12-02,trading,TR,3,0.126382132355,7,ADANIENT,1,9329382250,0.111111111111,2022-12-05
2022-12-02,trading,TR,3,0.126382132355,7,REDINGTON,2,1041492350,0.111111111111,2022-12-05
2022-12-02,trading,TR,3,0.126382132355,7,MSTCLTD,3,353148200,0.111111111111,2022-12-05
2022-12-09,banks,BN,1,0.147527652836,31,ICICIBANK,1,11800168050,0.111111111111,2022-12-12
2022-12-09,banks,BN,1,0.147527652836,31,HDFCBANK,2,10222725750,0.111111111111,2022-12-12
2022-12-09,banks,BN,1,0.147527652836,31,PNB,3,7168621850,0.111111111111,2022-12-12
2022-12-09,infrastructure,IF,2,0.119937170167,24,ADANIPORTS,1,4957162400,0.111111111111,2022-12-12
2022-12-09,infrastructure,IF,2,0.119937170167,24,LT,2,3994266950,0.111111111111,2022-12-12
2022-12-09,infrastructure,IF,2,0.119937170167,24,RVNL,3,3876824800,0.111111111111,2022-12-12
2022-12-09,alcohol,AL,3,0.0949297352408,8,MCDOWELL-N,1,1178704350,0.111111111111,2022-12-12
2022-12-09,alcohol,AL,3,0.0949297352408,8,UBL,2,457004150,0.111111111111,2022-12-12
2022-12-09,alcohol,AL,3,0.0949297352408,8,RADICO,3,353047350,0.111111111111,2022-12-12
2022-12-16,banks,BN,1,0.207034837759,33,ICICIBANK,1,11149475950,0.111111111111,2022-12-19
2022-12-16,banks,BN,1,0.207034837759,33,HDFCBANK,2,10775837850,0.111111111111,2022-12-19
2022-12-16,banks,BN,1,0.207034837759,33,PNB,3,8773776750,0.111111111111,2022-12-19
2022-12-16,insurance,IN,2,0.0945537061631,7,POLICYBZR,1,2416386150,0.111111111111,2022-12-19
2022-12-16,insurance,IN,2,0.0945537061631,7,HDFCLIFE,2,2184457600,0.111111111111,2022-12-19
2022-12-16,insurance,IN,2,0.0945537061631,7,LICI,3,1459071700,0.111111111111,2022-12-19
2022-12-16,infrastructure,IF,3,0.0904765372778,24,ADANIPORTS,1,4187623050,0.111111111111,2022-12-19
2022-12-16,infrastructure,IF,3,0.0904765372778,24,LT,2,4018192600,0.111111111111,2022-12-19
2022-12-16,infrastructure,IF,3,0.0904765372778,24,RVNL,3,2851427950,0.111111111111,2022-12-19
2022-12-23,insurance,IN,1,0.0181292678816,7,LICI,1,2298839550,0.111111111111,2022-12-26
2022-12-23,insurance,IN,1,0.0181292678816,7,POLICYBZR,2,1829720450,0.111111111111,2022-12-26
2022-12-23,insurance,IN,1,0.0181292678816,7,HDFCLIFE,3,1712155350,0.111111111111,2022-12-26
2022-12-23,banks,BN,2,0.0141108961354,32,ICICIBANK,1,10770262300,0.111111111111,2022-12-26
2022-12-23,banks,BN,2,0.0141108961354,32,HDFCBANK,2,10542513550,0.111111111111,2022-12-26
2022-12-23,banks,BN,2,0.0141108961354,32,PNB,3,8037861850,0.111111111111,2022-12-26
2022-12-23,healthcare,HC,3,-0.0254741615544,81,SUNPHARMA,1,2704712750,0.111111111111,2022-12-26
2022-12-23,healthcare,HC,3,-0.0254741615544,81,APOLLOHOSP,2,2579414100,0.111111111111,2022-12-26
2022-12-23,healthcare,HC,3,-0.0254741615544,81,CIPLA,3,1668435850,0.111111111111,2022-12-26
2022-12-30,banks,BN,1,0.0962386336206,33,YESBANK,1,10611425350,0.111111111111,2023-01-02
2022-12-30,banks,BN,1,0.0962386336206,33,HDFCBANK,2,9453188100,0.111111111111,2023-01-02
2022-12-30,banks,BN,1,0.0962386336206,33,ICICIBANK,3,9217527700,0.111111111111,2023-01-02
2022-12-30,metals_Mining,MM,2,0.010315833058,51,TATASTEEL,1,4830437400,0.111111111111,2023-01-02
2022-12-30,metals_Mining,MM,2,0.010315833058,51,HINDALCO,2,3123570600,0.111111111111,2023-01-02
2022-12-30,metals_Mining,MM,2,0.010315833058,51,VEDL,3,2524902750,0.111111111111,2023-01-02
2022-12-30,plastic_products,PP,3,0.000140448443132,13,ASTRAL,1,860969100,0.111111111111,2023-01-02
2022-12-30,plastic_products,PP,3,0.000140448443132,13,FINPIPE,2,347535500,0.111111111111,2023-01-02
2022-12-30,plastic_products,PP,3,0.000140448443132,13,SUPREMEIND,3,197608950,0.111111111111,2023-01-02
2023-01-06,electricals,EL,1,0.0577239275401,14,POLYCAB,1,1487889250,0.111111111111,2023-01-09
2023-01-06,electricals,EL,1,0.0577239275401,14,ABB,2,723860200,0.111111111111,2023-01-09
2023-01-06,electricals,EL,1,0.0577239275401,14,KEI,3,341341900,0.111111111111,2023-01-09
2023-01-06,insurance,IN,2,0.0467016691105,7,LICI,1,2599171750,0.111111111111,2023-01-09
2023-01-06,insurance,IN,2,0.0467016691105,7,HDFCLIFE,2,1933292950,0.111111111111,2023-01-09
2023-01-06,insurance,IN,2,0.0467016691105,7,SBILIFE,3,1146388450,0.111111111111,2023-01-09
2023-01-06,banks,BN,3,0.0307692550891,34,YESBANK,1,10586257500,0.111111111111,2023-01-09
2023-01-06,banks,BN,3,0.0307692550891,34,HDFCBANK,2,8678344600,0.111111111111,2023-01-09
2023-01-06,banks,BN,3,0.0307692550891,34,ICICIBANK,3,8614812750,0.111111111111,2023-01-09
2023-01-13,diamond_jewellery,DJ,1,0.0518678245089,7,TITAN,1,2756740500,0.111111111111,2023-01-16
2023-01-13,diamond_jewellery,DJ,1,0.0518678245089,7,KALYANKJIL,2,735687550,0.111111111111,2023-01-16
2023-01-13,diamond_jewellery,DJ,1,0.0518678245089,7,RAJESHEXPO,3,277032250,0.111111111111,2023-01-16
2023-01-13,metals_Mining,MM,2,0.0499411156276,51,TATASTEEL,1,6162058850,0.111111111111,2023-01-16
2023-01-13,metals_Mining,MM,2,0.0499411156276,51,HINDALCO,2,3522602700,0.111111111111,2023-01-16
2023-01-13,metals_Mining,MM,2,0.0499411156276,51,VEDL,3,2582677800,0.111111111111,2023-01-16
2023-01-13,insurance,IN,3,0.0417788626006,7,HDFCLIFE,1,2090366150,0.111111111111,2023-01-16
2023-01-13,insurance,IN,3,0.0417788626006,7,LICI,2,2012628650,0.111111111111,2023-01-16
2023-01-13,insurance,IN,3,0.0417788626006,7,SBILIFE,3,1278989750,0.111111111111,2023-01-16
2023-01-20,metals_Mining,MM,1,0.200562247046,51,TATASTEEL,1,6628863550,0.111111111111,2023-01-23
2023-01-20,metals_Mining,MM,1,0.200562247046,51,HINDALCO,2,3776495300,0.111111111111,2023-01-23
2023-01-20,metals_Mining,MM,1,0.200562247046,51,VEDL,3,2805091250,0.111111111111,2023-01-23
2023-01-20,diamond_jewellery,DJ,2,0.174400397587,6,TITAN,1,2865536300,0.111111111111,2023-01-23
2023-01-20,diamond_jewellery,DJ,2,0.174400397587,6,KALYANKJIL,2,540816750,0.111111111111,2023-01-23
2023-01-20,diamond_jewellery,DJ,2,0.174400397587,6,RAJESHEXPO,3,322283900,0.111111111111,2023-01-23
2023-01-20,electricals,EL,3,0.159346584439,14,POLYCAB,1,636735050,0.111111111111,2023-01-23
2023-01-20,electricals,EL,3,0.159346584439,14,ABB,2,592604700,0.111111111111,2023-01-23
2023-01-20,electricals,EL,3,0.159346584439,14,KEI,3,279151150,0.111111111111,2023-01-23
2023-01-27,diamond_jewellery,DJ,1,0.0582601005272,6,TITAN,1,2531445600,0.111111111111,2023-01-30
2023-01-27,diamond_jewellery,DJ,1,0.0582601005272,6,RAJESHEXPO,2,370542250,0.111111111111,2023-01-30
2023-01-27,diamond_jewellery,DJ,1,0.0582601005272,6,KALYANKJIL,3,352816350,0.111111111111,2023-01-30
2023-01-27,metals_Mining,MM,2,0.0450545699602,50,TATASTEEL,1,6447665850,0.111111111111,2023-01-30
2023-01-27,metals_Mining,MM,2,0.0450545699602,50,HINDALCO,2,3505394900,0.111111111111,2023-01-30
2023-01-27,metals_Mining,MM,2,0.0450545699602,50,VEDL,3,2800028950,0.111111111111,2023-01-30
2023-01-27,electricals,EL,3,0.0377855112171,14,POLYCAB,1,686778850,0.111111111111,2023-01-30
2023-01-27,electricals,EL,3,0.0377855112171,14,ABB,2,613966100,0.111111111111,2023-01-30
2023-01-27,electricals,EL,3,0.0377855112171,14,KEI,3,274719400,0.111111111111,2023-01-30
2023-02-03,diamond_jewellery,DJ,1,0.0802921926195,6,TITAN,1,3034321950,0.111111111111,2023-02-06
2023-02-03,diamond_jewellery,DJ,1,0.0802921926195,6,RAJESHEXPO,2,412177000,0.111111111111,2023-02-06
2023-02-03,diamond_jewellery,DJ,1,0.0802921926195,6,KALYANKJIL,3,397598350,0.111111111111,2023-02-06
2023-02-03,software,SW,2,0.0180759771,60,INFY,1,10410699800,0.111111111111,2023-02-06
2023-02-03,software,SW,2,0.0180759771,60,TCS,2,6840172550,0.111111111111,2023-02-06
2023-02-03,software,SW,2,0.0180759771,60,HCLTECH,3,4222603150,0.111111111111,2023-02-06
2023-02-03,metals_Mining,MM,3,0.0146286936715,53,TATASTEEL,1,5673081300,0.111111111111,2023-02-06
2023-02-03,metals_Mining,MM,3,0.0146286936715,53,HINDALCO,2,3125924750,0.111111111111,2023-02-06
2023-02-03,metals_Mining,MM,3,0.0146286936715,53,VEDL,3,2888442650,0.111111111111,2023-02-06
2023-02-10,aviation,AV,1,0.0440975249302,6,HAL,1,2003052100,0.111111111111,2023-02-13
2023-02-10,aviation,AV,1,0.0440975249302,6,BEL,2,1766406350,0.111111111111,2023-02-13
2023-02-10,aviation,AV,1,0.0440975249302,6,INDIGO,3,1469271500,0.111111111111,2023-02-13
2023-02-10,software,SW,2,0.0405851392717,61,INFY,1,9900036650,0.111111111111,2023-02-13
2023-02-10,software,SW,2,0.0405851392717,61,PAYTM,2,6689815300,0.111111111111,2023-02-13
2023-02-10,software,SW,2,0.0405851392717,61,TCS,3,5806227150,0.111111111111,2023-02-13
2023-02-10,diversified,DV,3,0.0289813311141,15,ITC,1,6718820900,0.111111111111,2023-02-13
2023-02-10,diversified,DV,3,0.0289813311141,15,SRF,2,1261883900,0.111111111111,2023-02-13
2023-02-10,diversified,DV,3,0.0289813311141,15,GRASIM,3,1041927900,0.111111111111,2023-02-13
2023-02-17,diversified,DV,1,0.0489857815916,16,ITC,1,7079058400,0.111111111111,2023-02-20
2023-02-17,diversified,DV,1,0.0489857815916,16,SRF,2,1363974400,0.111111111111,2023-02-20
2023-02-17,diversified,DV,1,0.0489857815916,16,GRASIM,3,1057906500,0.111111111111,2023-02-20
2023-02-17,software,SW,2,0.0168695131059,62,INFY,1,8751097500,0.111111111111,2023-02-20
2023-02-17,software,SW,2,0.0168695131059,62,PAYTM,2,6840724600,0.111111111111,2023-02-20
2023-02-17,software,SW,2,0.0168695131059,62,TCS,3,5436631200,0.111111111111,2023-02-20
2023-02-17,aviation,AV,3,0.00188366887623,6,HAL,1,2929698300,0.111111111111,2023-02-20
2023-02-17,aviation,AV,3,0.00188366887623,6,INDIGO,2,2120867050,0.111111111111,2023-02-20
2023-02-17,aviation,AV,3,0.00188366887623,6,BEL,3,1895451750,0.111111111111,2023-02-20
2023-02-24,diversified,DV,1,0.0521562185239,15,ITC,1,7053294850,0.111111111111,2023-02-27
2023-02-24,diversified,DV,1,0.0521562185239,15,SRF,2,1358802150,0.111111111111,2023-02-27
2023-02-24,diversified,DV,1,0.0521562185239,15,GRASIM,3,1061740150,0.111111111111,2023-02-27
2023-02-24,footwear,FW,2,0.0375180930701,6,BATAINDIA,1,450427000,0.111111111111,2023-02-27
2023-02-24,footwear,FW,2,0.0375180930701,6,MIRZAINT,2,280647950,0.111111111111,2023-02-27
2023-02-24,footwear,FW,2,0.0375180930701,6,CAMPUS,3,271293900,0.111111111111,2023-02-27
2023-02-24,capGoods,CG,3,0.0311943741852,54,SIEMENS,1,1585873250,0.111111111111,2023-02-27
2023-02-24,capGoods,CG,3,0.0311943741852,54,BHEL,2,1156649250,0.111111111111,2023-02-27
2023-02-24,capGoods,CG,3,0.0311943741852,54,CGPOWER,3,1110512650,0.111111111111,2023-02-27
2023-03-03,power,PW,1,0.0537126591768,15,POWERGRID,1,2271047700,0.111111111111,2023-03-06
2023-03-03,power,PW,1,0.0537126591768,15,NTPC,2,1902492600,0.111111111111,2023-03-06
2023-03-03,power,PW,1,0.0537126591768,15,TATAPOWER,3,1743025050,0.111111111111,2023-03-06
2023-03-03,insurance,IN,2,0.0381509184001,7,HDFCLIFE,1,2181500200,0.111111111111,2023-03-06
2023-03-03,insurance,IN,2,0.0381509184001,7,POLICYBZR,2,1803128700,0.111111111111,2023-03-06
2023-03-03,insurance,IN,2,0.0381509184001,7,SBILIFE,3,1385983500,0.111111111111,2023-03-06
2023-03-03,miscellaneous,MS,3,0.0344856076961,28,BDL,1,1746128550,0.111111111111,2023-03-06
2023-03-03,miscellaneous,MS,3,0.0344856076961,28,ZENTEC,2,481629800,0.111111111111,2023-03-06
2023-03-03,miscellaneous,MS,3,0.0344856076961,28,INDIAMART,3,364022900,0.111111111111,2023-03-06
2023-03-10,power,PW,1,0.0631308685347,15,POWERGRID,1,2411010450,0.111111111111,2023-03-13
2023-03-10,power,PW,1,0.0631308685347,15,NTPC,2,2237492750,0.111111111111,2023-03-13
2023-03-10,power,PW,1,0.0631308685347,15,TATAPOWER,3,1665722700,0.111111111111,2023-03-13
2023-03-10,oil_gas,OG,2,0.0481082328946,13,RELIANCE,1,15102685550,0.111111111111,2023-03-13
2023-03-10,oil_gas,OG,2,0.0481082328946,13,ONGC,2,1750593850,0.111111111111,2023-03-13
2023-03-10,oil_gas,OG,2,0.0481082328946,13,HINDPETRO,3,846707000,0.111111111111,2023-03-13
2023-03-10,electricals,EL,3,0.0446212882451,13,OLECTRA,1,1697714900,0.111111111111,2023-03-13
2023-03-10,electricals,EL,3,0.0446212882451,13,ABB,2,1332002450,0.111111111111,2023-03-13
2023-03-10,electricals,EL,3,0.0446212882451,13,FINCABLES,3,1131599250,0.111111111111,2023-03-13
2023-03-17,power,PW,1,0.0343110224679,15,POWERGRID,1,2867249000,0.111111111111,2023-03-20
2023-03-17,power,PW,1,0.0343110224679,15,NTPC,2,2593638600,0.111111111111,2023-03-20
2023-03-17,power,PW,1,0.0343110224679,15,TATAPOWER,3,1720345400,0.111111111111,2023-03-20
2023-03-17,alcohol,AL,2,0.0326385935757,7,MCDOWELL-N,1,742908100,0.111111111111,2023-03-20
2023-03-17,alcohol,AL,2,0.0326385935757,7,UBL,2,323731050,0.111111111111,2023-03-20
2023-03-17,alcohol,AL,2,0.0326385935757,7,RADICO,3,201649300,0.111111111111,2023-03-20
2023-03-17,electricals,EL,3,0.0303367712234,12,OLECTRA,1,2161813200,0.111111111111,2023-03-20
2023-03-17,electricals,EL,3,0.0303367712234,12,ABB,2,1078477750,0.111111111111,2023-03-20
2023-03-17,electricals,EL,3,0.0303367712234,12,FINCABLES,3,1048784050,0.111111111111,2023-03-20
2023-03-24,electricals,EL,1,0.0329480400693,12,OLECTRA,1,2362790250,0.111111111111,2023-03-27
2023-03-24,electricals,EL,1,0.0329480400693,12,ABB,2,1080699650,0.111111111111,2023-03-27
2023-03-24,electricals,EL,1,0.0329480400693,12,FINCABLES,3,907258250,0.111111111111,2023-03-27
2023-03-24,trading,TR,2,0.0305815344945,7,ADANIENT,1,21532979800,0.111111111111,2023-03-27
2023-03-24,trading,TR,2,0.0305815344945,7,REDINGTON,2,291915100,0.111111111111,2023-03-27
2023-03-24,trading,TR,2,0.0305815344945,7,SUNDRMFAST,3,158918950,0.111111111111,2023-03-27
2023-03-24,oil_gas,OG,3,0.0277787579539,12,RELIANCE,1,16797179000,0.111111111111,2023-03-27
2023-03-24,oil_gas,OG,3,0.0277787579539,12,BPCL,2,1501007650,0.111111111111,2023-03-27
2023-03-24,oil_gas,OG,3,0.0277787579539,12,ONGC,3,1485743650,0.111111111111,2023-03-27
2023-03-31,electricals,EL,1,0.0410622851391,14,OLECTRA,1,1604836500,0.111111111111,2023-04-03
2023-03-31,electricals,EL,1,0.0410622851391,14,ABB,2,1075775400,0.111111111111,2023-04-03
2023-03-31,electricals,EL,1,0.0410622851391,14,FINCABLES,3,878100500,0.111111111111,2023-04-03
2023-03-31,infrastructure,IF,2,0.0401049445974,21,ADANIPORTS,1,9717476250,0.111111111111,2023-04-03
2023-03-31,infrastructure,IF,2,0.0401049445974,21,LT,2,4853293500,0.111111111111,2023-04-03
2023-03-31,infrastructure,IF,2,0.0401049445974,21,RVNL,3,1009008100,0.111111111111,2023-04-03
2023-03-31,oil_gas,OG,3,0.0324906031814,12,RELIANCE,1,17709829700,0.111111111111,2023-04-03
2023-03-31,oil_gas,OG,3,0.0324906031814,12,BPCL,2,1554147700,0.111111111111,2023-04-03
2023-03-31,oil_gas,OG,3,0.0324906031814,12,ONGC,3,1449610750,0.111111111111,2023-04-03
2023-04-06,electricals,EL,1,0.0784493528721,14,OLECTRA,1,1643064100,0.111111111111,2023-04-10
2023-04-06,electricals,EL,1,0.0784493528721,14,ABB,2,1111186200,0.111111111111,2023-04-10
2023-04-06,electricals,EL,1,0.0784493528721,14,POLYCAB,3,769177150,0.111111111111,2023-04-10
2023-04-06,alcohol,AL,2,0.0463084958845,9,MCDOWELL-N,1,725259500,0.111111111111,2023-04-10
2023-04-06,alcohol,AL,2,0.0463084958845,9,UBL,2,312687050,0.111111111111,2023-04-10
2023-04-06,alcohol,AL,2,0.0463084958845,9,RADICO,3,203331300,0.111111111111,2023-04-10
2023-04-06,infrastructure,IF,3,0.0295179185258,21,ADANIPORTS,1,6947210400,0.111111111111,2023-04-10
2023-04-06,infrastructure,IF,3,0.0295179185258,21,LT,2,4991873100,0.111111111111,2023-04-10
2023-04-06,infrastructure,IF,3,0.0295179185258,21,RVNL,3,933869000,0.111111111111,2023-04-10
2023-04-13,electricals,EL,1,0.0922815309381,14,ABB,1,1160029700,0.111111111111,2023-04-17
2023-04-13,electricals,EL,1,0.0922815309381,14,OLECTRA,2,974912900,0.111111111111,2023-04-17
2023-04-13,electricals,EL,1,0.0922815309381,14,POLYCAB,3,766619050,0.111111111111,2023-04-17
2023-04-13,paper,PA,2,0.0835853220017,6,JKPAPER,1,234250400,0.111111111111,2023-04-17
2023-04-13,paper,PA,2,0.0835853220017,6,WSTCSTPAPR,2,85127100,0.111111111111,2023-04-17
2023-04-13,paper,PA,2,0.0835853220017,6,TNPL,3,49081500,0.111111111111,2023-04-17
2023-04-13,aviation,AV,3,0.0809211621439,6,HAL,1,4743402950,0.111111111111,2023-04-17
2023-04-13,aviation,AV,3,0.0809211621439,6,BEL,2,1533938500,0.111111111111,2023-04-17
2023-04-13,aviation,AV,3,0.0809211621439,6,INDIGO,3,865418300,0.111111111111,2023-04-17
2023-04-21,electricals,EL,1,0.127024761599,14,ABB,1,1174424700,0.111111111111,2023-04-24
2023-04-21,electricals,EL,1,0.127024761599,14,OLECTRA,2,893428950,0.111111111111,2023-04-24
2023-04-21,electricals,EL,1,0.127024761599,14,POLYCAB,3,757578500,0.111111111111,2023-04-24
2023-04-21,containers_packaging,CP,2,0.121843731112,6,UFLEX,1,176984300,0.111111111111,2023-04-24
2023-04-21,containers_packaging,CP,2,0.121843731112,6,AGI,2,125877200,0.111111111111,2023-04-24
2023-04-21,containers_packaging,CP,2,0.121843731112,6,JINDALPOLY,3,51354450,0.111111111111,2023-04-24
2023-04-21,hospitality,HP,3,0.120060047423,16,INDHOTEL,1,948391650,0.111111111111,2023-04-24
2023-04-21,hospitality,HP,3,0.120060047423,16,BLS,2,471810700,0.111111111111,2023-04-24
2023-04-21,hospitality,HP,3,0.120060047423,16,LEMONTREE,3,444532950,0.111111111111,2023-04-24
2023-04-28,containers_packaging,CP,1,0.217480099411,6,UFLEX,1,110351750,0.111111111111,2023-05-02
2023-04-28,containers_packaging,CP,1,0.217480099411,6,AGI,2,88945800,0.111111111111,2023-05-02
2023-04-28,containers_packaging,CP,1,0.217480099411,6,JINDALPOLY,3,47721400,0.111111111111,2023-05-02
2023-04-28,hospitality,HP,2,0.200952066682,19,INDHOTEL,1,1247128200,0.111111111111,2023-05-02
2023-04-28,hospitality,HP,2,0.200952066682,19,LEMONTREE,2,611718650,0.111111111111,2023-05-02
2023-04-28,hospitality,HP,2,0.200952066682,19,BLS,3,509827250,0.111111111111,2023-05-02
2023-04-28,textiles,TX,3,0.180733171174,38,RAYMOND,1,1247134800,0.111111111111,2023-05-02
2023-04-28,textiles,TX,3,0.180733171174,38,PAGEIND,2,1207698100,0.111111111111,2023-05-02
2023-04-28,textiles,TX,3,0.180733171174,38,AXITA,3,582270200,0.111111111111,2023-05-02
2023-05-05,containers_packaging,CP,1,0.18722559744,6,AGI,1,148860150,0.111111111111,2023-05-08
2023-05-05,containers_packaging,CP,1,0.18722559744,6,UFLEX,2,107676550,0.111111111111,2023-05-08
2023-05-05,containers_packaging,CP,1,0.18722559744,6,JINDALPOLY,3,38902950,0.111111111111,2023-05-08
2023-05-05,infrastructure,IF,2,0.162375173227,22,RVNL,1,8411704150,0.111111111111,2023-05-08
2023-05-05,infrastructure,IF,2,0.162375173227,22,LT,2,4388754500,0.111111111111,2023-05-08
2023-05-05,infrastructure,IF,2,0.162375173227,22,ADANIPORTS,3,2890681500,0.111111111111,2023-05-08
2023-05-05,aviation,AV,3,0.136003057913,6,HAL,1,2169954900,0.111111111111,2023-05-08
2023-05-05,aviation,AV,3,0.136003057913,6,INDIGO,2,1218549450,0.111111111111,2023-05-08
2023-05-05,aviation,AV,3,0.136003057913,6,BEL,3,1122070800,0.111111111111,2023-05-08
2023-05-12,containers_packaging,CP,1,0.195963760834,8,AGI,1,485970500,0.111111111111,2023-05-15
2023-05-12,containers_packaging,CP,1,0.195963760834,8,JINDALPOLY,2,112736600,0.111111111111,2023-05-15
2023-05-12,containers_packaging,CP,1,0.195963760834,8,UFLEX,3,94599650,0.111111111111,2023-05-15
2023-05-12,infrastructure,IF,2,0.150469196177,22,RVNL,1,9202289800,0.111111111111,2023-05-15
2023-05-12,infrastructure,IF,2,0.150469196177,22,LT,2,5511804050,0.111111111111,2023-05-15
2023-05-12,infrastructure,IF,2,0.150469196177,22,IRCON,3,2850396700,0.111111111111,2023-05-15
2023-05-12,footwear,FW,3,0.125021642099,6,BATAINDIA,1,517780950,0.111111111111,2023-05-15
2023-05-12,footwear,FW,3,0.125021642099,6,CAMPUS,2,247032000,0.111111111111,2023-05-15
2023-05-12,footwear,FW,3,0.125021642099,6,METROBRAND,3,154397800,0.111111111111,2023-05-15
2023-05-19,containers_packaging,CP,1,0.199277215583,8,AGI,1,532680100,0.111111111111,2023-05-22
2023-05-19,containers_packaging,CP,1,0.199277215583,8,JINDALPOLY,2,130049700,0.111111111111,2023-05-22
2023-05-19,containers_packaging,CP,1,0.199277215583,8,UFLEX,3,74723350,0.111111111111,2023-05-22
2023-05-19,electricals,EL,2,0.125164815903,16,ABB,1,1395089150,0.111111111111,2023-05-22
2023-05-19,electricals,EL,2,0.125164815903,16,POLYCAB,2,1126614150,0.111111111111,2023-05-22
2023-05-19,electricals,EL,2,0.125164815903,16,KEI,3,647455400,0.111111111111,2023-05-22
2023-05-19,gases_fuels,GF,3,0.115544583263,5,GAIL,1,1057576250,0.111111111111,2023-05-22
2023-05-19,gases_fuels,GF,3,0.115544583263,5,MGL,2,836267350,0.111111111111,2023-05-22
2023-05-19,gases_fuels,GF,3,0.115544583263,5,REFEX,3,122193550,0.111111111111,2023-05-22
2023-05-26,containers_packaging,CP,1,0.142382786862,8,AGI,1,542414200,0.111111111111,2023-05-29
2023-05-26,containers_packaging,CP,1,0.142382786862,8,JINDALPOLY,2,128616050,0.111111111111,2023-05-29
2023-05-26,containers_packaging,CP,1,0.142382786862,8,UFLEX,3,77075450,0.111111111111,2023-05-29
2023-05-26,software,SW,2,0.127424268831,64,INFY,1,8596766250,0.111111111111,2023-05-29
2023-05-26,software,SW,2,0.127424268831,64,TCS,2,5064215100,0.111111111111,2023-05-29
2023-05-26,software,SW,2,0.127424268831,64,PAYTM,3,2996906900,0.111111111111,2023-05-29
2023-05-26,electricals,EL,3,0.126372066951,17,ABB,1,1351725550,0.111111111111,2023-05-29
2023-05-26,electricals,EL,3,0.126372066951,17,POLYCAB,2,1138229850,0.111111111111,2023-05-29
2023-05-26,electricals,EL,3,0.126372066951,17,OLECTRA,3,764679200,0.111111111111,2023-05-29
2023-06-02,gases_fuels,GF,1,0.148115520353,5,GAIL,1,1050522600,0.111111111111,2023-06-05
2023-06-02,gases_fuels,GF,1,0.148115520353,5,MGL,2,844335500,0.111111111111,2023-06-05
2023-06-02,gases_fuels,GF,1,0.148115520353,5,REFEX,3,330213600,0.111111111111,2023-06-05
2023-06-02,alcohol,AL,2,0.145370463262,9,MCDOWELL-N,1,788760650,0.111111111111,2023-06-05
2023-06-02,alcohol,AL,2,0.145370463262,9,SULA,2,404583850,0.111111111111,2023-06-05
2023-06-02,alcohol,AL,2,0.145370463262,9,UBL,3,361046950,0.111111111111,2023-06-05
2023-06-02,software,SW,3,0.132544855308,66,INFY,1,9293581650,0.111111111111,2023-06-05
2023-06-02,software,SW,3,0.132544855308,66,TCS,2,5150937200,0.111111111111,2023-06-05
2023-06-02,software,SW,3,0.132544855308,66,PAYTM,3,2837733750,0.111111111111,2023-06-05
2023-06-09,alcohol,AL,1,0.160061437114,9,MCDOWELL-N,1,799636750,0.111111111111,2023-06-12
2023-06-09,alcohol,AL,1,0.160061437114,9,UBL,2,394357300,0.111111111111,2023-06-12
2023-06-09,alcohol,AL,1,0.160061437114,9,SULA,3,362601550,0.111111111111,2023-06-12
2023-06-09,electricals,EL,2,0.13206978405,17,POLYCAB,1,1277827000,0.111111111111,2023-06-12
2023-06-09,electricals,EL,2,0.13206978405,17,OLECTRA,2,1223217000,0.111111111111,2023-06-12
2023-06-09,electricals,EL,2,0.13206978405,17,ABB,3,1193995950,0.111111111111,2023-06-12
2023-06-09,software,SW,3,0.116055202069,65,INFY,1,9258054600,0.111111111111,2023-06-12
2023-06-09,software,SW,3,0.116055202069,65,TCS,2,5573156000,0.111111111111,2023-06-12
2023-06-09,software,SW,3,0.116055202069,65,PAYTM,3,2955033100,0.111111111111,2023-06-12
2023-06-16,media_entertainment,ME,1,0.160246964992,9,ZEEL,1,2152190650,0.111111111111,2023-06-19
2023-06-16,media_entertainment,ME,1,0.160246964992,9,TV18BRDCST,2,588621850,0.111111111111,2023-06-19
2023-06-16,media_entertainment,ME,1,0.160246964992,9,SUNTV,3,277186400,0.111111111111,2023-06-19
2023-06-16,aviation,AV,2,0.14942602705,6,HAL,1,8236230100,0.111111111111,2023-06-19
2023-06-16,aviation,AV,2,0.14942602705,6,INDIGO,2,2352361250,0.111111111111,2023-06-19
2023-06-16,aviation,AV,2,0.14942602705,6,BEL,3,1855192500,0.111111111111,2023-06-19
2023-06-16,electricals,EL,3,0.138450564783,17,OLECTRA,1,2168140500,0.111111111111,2023-06-19
2023-06-16,electricals,EL,3,0.138450564783,17,ABB,2,1272684700,0.111111111111,2023-06-19
2023-06-16,electricals,EL,3,0.138450564783,17,POLYCAB,3,1115359250,0.111111111111,2023-06-19
2023-06-23,aviation,AV,1,0.151736040234,6,HAL,1,9878122550,0.111111111111,2023-06-26
2023-06-23,aviation,AV,1,0.151736040234,6,INDIGO,2,2289713200,0.111111111111,2023-06-26
2023-06-23,aviation,AV,1,0.151736040234,6,BEL,3,1934514750,0.111111111111,2023-06-26
2023-06-23,capGoods,CG,2,0.0993485795434,61,BHEL,1,1943030950,0.111111111111,2023-06-26
2023-06-23,capGoods,CG,2,0.0993485795434,61,SIEMENS,2,1467017000,0.111111111111,2023-06-26
2023-06-23,capGoods,CG,2,0.0993485795434,61,GRAPHITE,3,1110674700,0.111111111111,2023-06-26
2023-06-23,automobile,AT,3,0.0940601596213,83,MARUTI,1,4383244850,0.111111111111,2023-06-26
2023-06-23,automobile,AT,3,0.0940601596213,83,M&M,2,3294931600,0.111111111111,2023-06-26
2023-06-23,automobile,AT,3,0.0940601596213,83,SONACOMS,3,3173345500,0.111111111111,2023-06-26
2023-06-30,aviation,AV,1,0.195865168155,6,HAL,1,8958827550,0.111111111111,2023-07-03
2023-06-30,aviation,AV,1,0.195865168155,6,BEL,2,2457355250,0.111111111111,2023-07-03
2023-06-30,aviation,AV,1,0.195865168155,6,INDIGO,3,2220458500,0.111111111111,2023-07-03
2023-06-30,automobile,AT,2,0.110345521958,84,MARUTI,1,4159278100,0.111111111111,2023-07-03
2023-06-30,automobile,AT,2,0.110345521958,84,M&M,2,3021156350,0.111111111111,2023-07-03
2023-06-30,automobile,AT,2,0.110345521958,84,HEROMOTOCO,3,2296695050,0.111111111111,2023-07-03
2023-06-30,healthcare,HC,3,0.0991530767219,87,SUNPHARMA,1,2770569950,0.111111111111,2023-07-03
2023-06-30,healthcare,HC,3,0.0991530767219,87,APOLLOHOSP,2,2689448150,0.111111111111,2023-07-03
2023-06-30,healthcare,HC,3,0.0991530767219,87,DIVISLAB,3,1673147250,0.111111111111,2023-07-03
2023-07-07,electricals,EL,1,0.122283856536,17,OLECTRA,1,3494196300,0.111111111111,2023-07-10
2023-07-07,electricals,EL,1,0.122283856536,17,POLYCAB,2,1088573750,0.111111111111,2023-07-10
2023-07-07,electricals,EL,1,0.122283856536,17,ABB,3,894908100,0.111111111111,2023-07-10
2023-07-07,oil_gas,OG,2,0.121013523337,12,RELIANCE,1,12720098000,0.111111111111,2023-07-10
2023-07-07,oil_gas,OG,2,0.121013523337,12,ONGC,2,1611171050,0.111111111111,2023-07-10
2023-07-07,oil_gas,OG,2,0.121013523337,12,IOC,3,1479534400,0.111111111111,2023-07-10
2023-07-07,aviation,AV,3,0.102530277539,6,HAL,1,8027645700,0.111111111111,2023-07-10
2023-07-07,aviation,AV,3,0.102530277539,6,BEL,2,2436660700,0.111111111111,2023-07-10
2023-07-07,aviation,AV,3,0.102530277539,6,INDIGO,3,2252993700,0.111111111111,2023-07-10
2023-07-14,aviation,AV,1,0.132584393162,6,HAL,1,6951937050,0.111111111111,2023-07-17
2023-07-14,aviation,AV,1,0.132584393162,6,BEL,2,2535625500,0.111111111111,2023-07-17
2023-07-14,aviation,AV,1,0.132584393162,6,INDIGO,3,1979877550,0.111111111111,2023-07-17
2023-07-14,gases_fuels,GF,2,0.118357765991,5,GAIL,1,1316463450,0.111111111111,2023-07-17
2023-07-14,gases_fuels,GF,2,0.118357765991,5,MGL,2,468989100,0.111111111111,2023-07-17
2023-07-14,gases_fuels,GF,2,0.118357765991,5,CONFIPET,3,142336450,0.111111111111,2023-07-17
2023-07-14,electricals,EL,3,0.110934603662,18,OLECTRA,1,5166105550,0.111111111111,2023-07-17
2023-07-14,electricals,EL,3,0.110934603662,18,POLYCAB,2,1503406800,0.111111111111,2023-07-17
2023-07-14,electricals,EL,3,0.110934603662,18,ABB,3,878651450,0.111111111111,2023-07-17
2023-07-21,gases_fuels,GF,1,0.16083011184,5,GAIL,1,1287486850,0.111111111111,2023-07-24
2023-07-21,gases_fuels,GF,1,0.16083011184,5,MGL,2,456188000,0.111111111111,2023-07-24
2023-07-21,gases_fuels,GF,1,0.16083011184,5,REFEX,3,153344250,0.111111111111,2023-07-24
2023-07-21,electricals,EL,2,0.153051387543,18,OLECTRA,1,5068794350,0.111111111111,2023-07-24
2023-07-21,electricals,EL,2,0.153051387543,18,POLYCAB,2,4417520300,0.111111111111,2023-07-24
2023-07-21,electricals,EL,2,0.153051387543,18,ABB,3,1285350450,0.111111111111,2023-07-24
2023-07-21,miscellaneous,MS,3,0.126564919898,33,ZENTEC,1,1603741450,0.111111111111,2023-07-24
2023-07-21,miscellaneous,MS,3,0.126564919898,33,BDL,2,1323190050,0.111111111111,2023-07-24
2023-07-21,miscellaneous,MS,3,0.126564919898,33,INDIAMART,3,1115001800,0.111111111111,2023-07-24
2023-07-28,gases_fuels,GF,1,0.183767500801,5,GAIL,1,1512501600,0.111111111111,2023-07-31
2023-07-28,gases_fuels,GF,1,0.183767500801,5,MGL,2,449724550,0.111111111111,2023-07-31
2023-07-28,gases_fuels,GF,1,0.183767500801,5,REFEX,3,203021500,0.111111111111,2023-07-31
2023-07-28,electricals,EL,2,0.147921827018,19,OLECTRA,1,5270603550,0.111111111111,2023-07-31
2023-07-28,electricals,EL,2,0.147921827018,19,POLYCAB,2,5011123400,0.111111111111,2023-07-31
2023-07-28,electricals,EL,2,0.147921827018,19,ABB,3,1372117450,0.111111111111,2023-07-31
2023-07-28,telecom,TC,3,0.13468907429,14,BHARTIARTL,1,4523260450,0.111111111111,2023-07-31
2023-07-28,telecom,TC,3,0.13468907429,14,TATACOMM,2,2040950750,0.111111111111,2023-07-31
2023-07-28,telecom,TC,3,0.13468907429,14,TEJASNET,3,1504477700,0.111111111111,2023-07-31
2023-08-04,gases_fuels,GF,1,0.15360371634,5,GAIL,1,1941018300,0.111111111111,2023-08-07
2023-08-04,gases_fuels,GF,1,0.15360371634,5,MGL,2,592246050,0.111111111111,2023-08-07
2023-08-04,gases_fuels,GF,1,0.15360371634,5,REFEX,3,255196000,0.111111111111,2023-08-07
2023-08-04,electricals,EL,2,0.146646082464,19,POLYCAB,1,5624321250,0.111111111111,2023-08-07
2023-08-04,electricals,EL,2,0.146646082464,19,OLECTRA,2,3881174700,0.111111111111,2023-08-07
2023-08-04,electricals,EL,2,0.146646082464,19,ABB,3,1433086850,0.111111111111,2023-08-07
2023-08-04,infrastructure,IF,3,0.123760555049,23,LT,1,4533118800,0.111111111111,2023-08-07
2023-08-04,infrastructure,IF,3,0.123760555049,23,RVNL,2,4250212650,0.111111111111,2023-08-07
2023-08-04,infrastructure,IF,3,0.123760555049,23,ADANIPORTS,3,2188059400,0.111111111111,2023-08-07
2023-08-11,infrastructure,IF,1,0.115957158963,25,RVNL,1,4688447600,0.111111111111,2023-08-14
2023-08-11,infrastructure,IF,1,0.115957158963,25,LT,2,4455597050,0.111111111111,2023-08-14
2023-08-11,infrastructure,IF,1,0.115957158963,25,ADANIPORTS,3,3332604600,0.111111111111,2023-08-14
2023-08-11,power,PW,2,0.115118322069,18,NTPC,1,4196986250,0.111111111111,2023-08-14
2023-08-11,power,PW,2,0.115118322069,18,TATAPOWER,2,3173400250,0.111111111111,2023-08-14
2023-08-11,power,PW,2,0.115118322069,18,POWERGRID,3,2915738550,0.111111111111,2023-08-14
2023-08-11,finance,FN,3,0.100191890806,78,IRFC,1,6432068650,0.111111111111,2023-08-14
2023-08-11,finance,FN,3,0.100191890806,78,RECLTD,2,4650051700,0.111111111111,2023-08-14
2023-08-11,finance,FN,3,0.100191890806,78,PFC,3,3208616200,0.111111111111,2023-08-14
2023-08-18,paper,PA,1,0.154782921242,10,JKPAPER,1,514175150,0.111111111111,2023-08-21
2023-08-18,paper,PA,1,0.154782921242,10,SATIA,2,233944250,0.111111111111,2023-08-21
2023-08-18,paper,PA,1,0.154782921242,10,WSTCSTPAPR,3,232845300,0.111111111111,2023-08-21
2023-08-18,diamond_jewellery,DJ,2,0.128933634507,10,TITAN,1,2764901800,0.111111111111,2023-08-21
2023-08-18,diamond_jewellery,DJ,2,0.128933634507,10,KALYANKJIL,2,1015492000,0.111111111111,2023-08-21
2023-08-18,diamond_jewellery,DJ,2,0.128933634507,10,RAJESHEXPO,3,935289050,0.111111111111,2023-08-21
2023-08-18,power,PW,3,0.103578208328,16,NTPC,1,4133888250,0.111111111111,2023-08-21
2023-08-18,power,PW,3,0.103578208328,16,TATAPOWER,2,3142904850,0.111111111111,2023-08-21
2023-08-18,power,PW,3,0.103578208328,16,POWERGRID,3,2793287750,0.111111111111,2023-08-21
2023-08-25,paper,PA,1,0.238339675502,10,JKPAPER,1,551671600,0.111111111111,2023-08-28
2023-08-25,paper,PA,1,0.238339675502,10,WSTCSTPAPR,2,324509750,0.111111111111,2023-08-28
2023-08-25,paper,PA,1,0.238339675502,10,SATIA,3,274055650,0.111111111111,2023-08-28
2023-08-25,electricals,EL,2,0.111571457313,16,POLYCAB,1,2891328950,0.111111111111,2023-08-28
2023-08-25,electricals,EL,2,0.111571457313,16,OLECTRA,2,1242557050,0.111111111111,2023-08-28
2023-08-25,electricals,EL,2,0.111571457313,16,ABB,3,1130768800,0.111111111111,2023-08-28
2023-08-25,media_entertainment,ME,3,0.108793565329,9,ZEEL,1,5056999850,0.111111111111,2023-08-28
2023-08-25,media_entertainment,ME,3,0.108793565329,9,PVRINOX,2,1493708900,0.111111111111,2023-08-28
2023-08-25,media_entertainment,ME,3,0.108793565329,9,SUNTV,3,1123497150,0.111111111111,2023-08-28
2023-09-01,paper,PA,1,0.232179838276,11,JKPAPER,1,536870100,0.111111111111,2023-09-04
2023-09-01,paper,PA,1,0.232179838276,11,WSTCSTPAPR,2,389888600,0.111111111111,2023-09-04
2023-09-01,paper,PA,1,0.232179838276,11,SATIA,3,280728150,0.111111111111,2023-09-04
2023-09-01,telecom,TC,2,0.173090229471,15,BHARTIARTL,1,3909172700,0.111111111111,2023-09-04
2023-09-01,telecom,TC,2,0.173090229471,15,RAILTEL,2,2239793850,0.111111111111,2023-09-04
2023-09-01,telecom,TC,2,0.173090229471,15,TATACOMM,3,2051764350,0.111111111111,2023-09-04
2023-09-01,diamond_jewellery,DJ,3,0.139796396148,10,TITAN,1,2346298800,0.111111111111,2023-09-04
2023-09-01,diamond_jewellery,DJ,3,0.139796396148,10,KALYANKJIL,2,1431044550,0.111111111111,2023-09-04
2023-09-01,diamond_jewellery,DJ,3,0.139796396148,10,RAJESHEXPO,3,1077919450,0.111111111111,2023-09-04
2023-09-08,paper,PA,1,0.324170537282,12,JKPAPER,1,864010050,0.111111111111,2023-09-11
2023-09-08,paper,PA,1,0.324170537282,12,WSTCSTPAPR,2,578935450,0.111111111111,2023-09-11
2023-09-08,paper,PA,1,0.324170537282,12,SATIA,3,333498200,0.111111111111,2023-09-11
2023-09-08,diamond_jewellery,DJ,2,0.173185441529,10,TITAN,1,2477678300,0.111111111111,2023-09-11
2023-09-08,diamond_jewellery,DJ,2,0.173185441529,10,KALYANKJIL,2,1482110300,0.111111111111,2023-09-11
2023-09-08,diamond_jewellery,DJ,2,0.173185441529,10,RAJESHEXPO,3,745142700,0.111111111111,2023-09-11
2023-09-08,telecom,TC,3,0.172742429363,16,BHARTIARTL,1,3756997250,0.111111111111,2023-09-11
2023-09-08,telecom,TC,3,0.172742429363,16,RAILTEL,2,2766170100,0.111111111111,2023-09-11
2023-09-08,telecom,TC,3,0.172742429363,16,TATACOMM,3,2150545650,0.111111111111,2023-09-11
2023-09-15,telecom,TC,1,0.223613795916,15,BHARTIARTL,1,4454735400,0.111111111111,2023-09-18
2023-09-15,telecom,TC,1,0.223613795916,15,RAILTEL,2,3345665450,0.111111111111,2023-09-18
2023-09-15,telecom,TC,1,0.223613795916,15,TATACOMM,3,2279522500,0.111111111111,2023-09-18
2023-09-15,power,PW,2,0.171238036003,16,TATAPOWER,1,4462722050,0.111111111111,2023-09-18
2023-09-15,power,PW,2,0.171238036003,16,NTPC,2,3619820200,0.111111111111,2023-09-18
2023-09-15,power,PW,2,0.171238036003,16,SJVN,3,3085578800,0.111111111111,2023-09-18
2023-09-15,electricals,EL,3,0.159862532657,16,POLYCAB,1,2691586100,0.111111111111,2023-09-18
2023-09-15,electricals,EL,3,0.159862532657,16,ABB,2,1243804100,0.111111111111,2023-09-18
2023-09-15,electricals,EL,3,0.159862532657,16,OLECTRA,3,947071550,0.111111111111,2023-09-18
2023-09-22,telecom,TC,1,0.153223085038,15,BHARTIARTL,1,4843359750,0.111111111111,2023-09-25
2023-09-22,telecom,TC,1,0.153223085038,15,RAILTEL,2,3327477350,0.111111111111,2023-09-25
2023-09-22,telecom,TC,1,0.153223085038,15,INDUSTOWER,3,2268172200,0.111111111111,2023-09-25
2023-09-22,trading,TR,2,0.122408431134,9,ADANIENT,1,10642571950,0.111111111111,2023-09-25
2023-09-22,trading,TR,2,0.122408431134,9,MMTC,2,1245413450,0.111111111111,2023-09-25
2023-09-22,trading,TR,2,0.122408431134,9,REDINGTON,3,390356150,0.111111111111,2023-09-25
2023-09-22,containers_packaging,CP,3,0.121691197956,8,UFLEX,1,545040600,0.111111111111,2023-09-25
2023-09-22,containers_packaging,CP,3,0.121691197956,8,AGI,2,317675600,0.111111111111,2023-09-25
2023-09-22,containers_packaging,CP,3,0.121691197956,8,COSMOFIRST,3,86390400,0.111111111111,2023-09-25
2023-09-29,trading,TR,1,0.135044307788,8,ADANIENT,1,8403944700,0.111111111111,2023-10-03
2023-09-29,trading,TR,1,0.135044307788,8,MMTC,2,1242261300,0.111111111111,2023-10-03
2023-09-29,trading,TR,1,0.135044307788,8,REDINGTON,3,380401050,0.111111111111,2023-10-03
2023-09-29,banks,BN,2,0.133356584833,34,HDFCBANK,1,40875593800,0.111111111111,2023-10-03
2023-09-29,banks,BN,2,0.133356584833,34,ICICIBANK,2,15552851750,0.111111111111,2023-10-03
2023-09-29,banks,BN,2,0.133356584833,34,AXISBANK,3,9265035250,0.111111111111,2023-10-03
2023-09-29,telecom,TC,3,0.11567350635,16,BHARTIARTL,1,4596015750,0.111111111111,2023-10-03
2023-09-29,telecom,TC,3,0.11567350635,16,RAILTEL,2,2311191800,0.111111111111,2023-10-03
2023-09-29,telecom,TC,3,0.11567350635,16,ITI,3,2277166050,0.111111111111,2023-10-03
2023-10-06,banks,BN,1,0.104806927295,34,HDFCBANK,1,40526813950,0.111111111111,2023-10-09
2023-10-06,banks,BN,1,0.104806927295,34,ICICIBANK,2,14155967900,0.111111111111,2023-10-09
2023-10-06,banks,BN,1,0.104806927295,34,AXISBANK,3,9493242000,0.111111111111,2023-10-09
2023-10-06,containers_packaging,CP,2,0.0650385142077,8,AGI,1,403592050,0.111111111111,2023-10-09
2023-10-06,containers_packaging,CP,2,0.0650385142077,8,UFLEX,2,149460050,0.111111111111,2023-10-09
2023-10-06,containers_packaging,CP,2,0.0650385142077,8,JINDALPOLY,3,47587300,0.111111111111,2023-10-09
2023-10-06,real_estate,RE,3,0.0607761973181,34,DLF,1,1793655100,0.111111111111,2023-10-09
2023-10-06,real_estate,RE,3,0.0607761973181,34,NBCC,2,1508400300,0.111111111111,2023-10-09
2023-10-06,real_estate,RE,3,0.0607761973181,34,IBREALEST,3,1367531100,0.111111111111,2023-10-09
2023-10-13,real_estate,RE,1,0.117044121679,34,DLF,1,1955930100,0.111111111111,2023-10-16
2023-10-13,real_estate,RE,1,0.117044121679,34,NBCC,2,1808821350,0.111111111111,2023-10-16
2023-10-13,real_estate,RE,1,0.117044121679,34,IBREALEST,3,1199706550,0.111111111111,2023-10-16
2023-10-13,finance,FN,2,0.0798118031015,79,RECLTD,1,5101823450,0.111111111111,2023-10-16
2023-10-13,finance,FN,2,0.0798118031015,79,IRFC,2,4231145900,0.111111111111,2023-10-16
2023-10-13,finance,FN,2,0.0798118031015,79,PFC,3,4081424600,0.111111111111,2023-10-16
2023-10-13,footwear,FW,3,0.0775060066592,7,METROBRAND,1,455885150,0.111111111111,2023-10-16
2023-10-13,footwear,FW,3,0.0775060066592,7,BATAINDIA,2,280068600,0.111111111111,2023-10-16
2023-10-13,footwear,FW,3,0.0775060066592,7,CAMPUS,3,192240150,0.111111111111,2023-10-16
2023-10-20,footwear,FW,1,0.121356778956,7,METROBRAND,1,477593000,0.111111111111,2023-10-23
2023-10-20,footwear,FW,1,0.121356778956,7,CAMPUS,2,258422600,0.111111111111,2023-10-23
2023-10-20,footwear,FW,1,0.121356778956,7,BATAINDIA,3,250279400,0.111111111111,2023-10-23
2023-10-20,real_estate,RE,2,0.116954421514,36,NBCC,1,2722330550,0.111111111111,2023-10-23
2023-10-20,real_estate,RE,2,0.116954421514,36,DLF,2,1945120200,0.111111111111,2023-10-23
2023-10-20,real_estate,RE,2,0.116954421514,36,GODREJPROP,3,1136496450,0.111111111111,2023-10-23
2023-10-20,diamond_jewellery,DJ,3,0.111992695097,10,TITAN,1,2627623200,0.111111111111,2023-10-23
2023-10-20,diamond_jewellery,DJ,3,0.111992695097,10,KALYANKJIL,2,1212304150,0.111111111111,2023-10-23
2023-10-20,diamond_jewellery,DJ,3,0.111992695097,10,RAJESHEXPO,3,1064657650,0.111111111111,2023-10-23
2023-10-27,footwear,FW,1,0.101516163709,7,METROBRAND,1,508986550,0.111111111111,2023-10-30
2023-10-27,footwear,FW,1,0.101516163709,7,CAMPUS,2,306567850,0.111111111111,2023-10-30
2023-10-27,footwear,FW,1,0.101516163709,7,BATAINDIA,3,229841450,0.111111111111,2023-10-30
2023-10-27,diamond_jewellery,DJ,2,0.0501436029077,10,TITAN,1,2503436600,0.111111111111,2023-10-30
2023-10-27,diamond_jewellery,DJ,2,0.0501436029077,10,KALYANKJIL,2,1298722850,0.111111111111,2023-10-30
2023-10-27,diamond_jewellery,DJ,2,0.0501436029077,10,RAJESHEXPO,3,1179415800,0.111111111111,2023-10-30
2023-10-27,real_estate,RE,3,0.0333954723071,36,NBCC,1,3242698950,0.111111111111,2023-10-30
2023-10-27,real_estate,RE,3,0.0333954723071,36,DLF,2,2048797000,0.111111111111,2023-10-30
2023-10-27,real_estate,RE,3,0.0333954723071,36,PRESTIGE,3,1292177450,0.111111111111,2023-10-30
2023-11-03,real_estate,RE,1,0.0808668758737,36,NBCC,1,3510761300,0.111111111111,2023-11-06
2023-11-03,real_estate,RE,1,0.0808668758737,36,DLF,2,2794527200,0.111111111111,2023-11-06
2023-11-03,real_estate,RE,1,0.0808668758737,36,GODREJPROP,3,1395424450,0.111111111111,2023-11-06
2023-11-03,diamond_jewellery,DJ,2,0.0719987007765,9,TITAN,1,2569201550,0.111111111111,2023-11-06
2023-11-03,diamond_jewellery,DJ,2,0.0719987007765,9,KALYANKJIL,2,1361253950,0.111111111111,2023-11-06
2023-11-03,diamond_jewellery,DJ,2,0.0719987007765,9,RAJESHEXPO,3,1195996600,0.111111111111,2023-11-06
2023-11-03,metals_Mining,MM,3,0.0424776466844,53,GMDCLTD,1,3947111600,0.111111111111,2023-11-06
2023-11-03,metals_Mining,MM,3,0.0424776466844,53,TATASTEEL,2,3459060900,0.111111111111,2023-11-06
2023-11-03,metals_Mining,MM,3,0.0424776466844,53,COALINDIA,3,2785557800,0.111111111111,2023-11-06
2023-11-10,aviation,AV,1,0.0720306659982,6,HAL,1,2356855450,0.111111111111,2023-11-13
2023-11-10,aviation,AV,1,0.0720306659982,6,INDIGO,2,1839759850,0.111111111111,2023-11-13
2023-11-10,aviation,AV,1,0.0720306659982,6,BEL,3,1215602450,0.111111111111,2023-11-13
2023-11-10,real_estate,RE,2,0.0499631619358,37,NBCC,1,3062949350,0.111111111111,2023-11-13
2023-11-10,real_estate,RE,2,0.0499631619358,37,DLF,2,2573735100,0.111111111111,2023-11-13
2023-11-10,real_estate,RE,2,0.0499631619358,37,GODREJPROP,3,1450580750,0.111111111111,2023-11-13
2023-11-10,power,PW,3,0.047021781604,18,POWERGRID,1,2467356350,0.111111111111,2023-11-13
2023-11-10,power,PW,3,0.047021781604,18,SJVN,2,2435613900,0.111111111111,2023-11-13
2023-11-10,power,PW,3,0.047021781604,18,NTPC,3,2325009100,0.111111111111,2023-11-13
2023-11-17,aviation,AV,1,0.117916995488,6,HAL,1,2752727600,0.111111111111,2023-11-20
2023-11-17,aviation,AV,1,0.117916995488,6,INDIGO,2,1865458800,0.111111111111,2023-11-20
2023-11-17,aviation,AV,1,0.117916995488,6,BEL,3,1422660300,0.111111111111,2023-11-20
2023-11-17,power,PW,2,0.0995218847681,18,RPOWER,1,2688201450,0.111111111111,2023-11-20
2023-11-17,power,PW,2,0.0995218847681,18,NTPC,2,2606164600,0.111111111111,2023-11-20
2023-11-17,power,PW,2,0.0995218847681,18,POWERGRID,3,2579860050,0.111111111111,2023-11-20
2023-11-17,real_estate,RE,3,0.0994725558777,37,NBCC,1,2835244900,0.111111111111,2023-11-20
2023-11-17,real_estate,RE,3,0.0994725558777,37,DLF,2,2565917400,0.111111111111,2023-11-20
2023-11-17,real_estate,RE,3,0.0994725558777,37,GODREJPROP,3,1541976950,0.111111111111,2023-11-20
2023-11-24,real_estate,RE,1,0.191487106179,38,DLF,1,2783256650,0.111111111111,2023-11-28
2023-11-24,real_estate,RE,1,0.191487106179,38,GODREJPROP,2,1556472250,0.111111111111,2023-11-28
2023-11-24,real_estate,RE,1,0.191487106179,38,LODHA,3,1476698450,0.111111111111,2023-11-28
2023-11-24,power,PW,2,0.187759892403,18,RPOWER,1,2953392650,0.111111111111,2023-11-28
2023-11-24,power,PW,2,0.187759892403,18,POWERGRID,2,2424773400,0.111111111111,2023-11-28
2023-11-24,power,PW,2,0.187759892403,18,SJVN,3,2301944350,0.111111111111,2023-11-28
2023-11-24,aviation,AV,3,0.184731370907,5,HAL,1,3057232200,0.111111111111,2023-11-28
2023-11-24,aviation,AV,3,0.184731370907,5,INDIGO,2,1565016450,0.111111111111,2023-11-28
2023-11-24,aviation,AV,3,0.184731370907,5,BEL,3,1405676200,0.111111111111,2023-11-28
2023-12-01,power,PW,1,0.190809124254,18,POWERGRID,1,3237113900,0.111111111111,2023-12-04
2023-12-01,power,PW,1,0.190809124254,18,RPOWER,2,3197542650,0.111111111111,2023-12-04
2023-12-01,power,PW,1,0.190809124254,18,TATAPOWER,3,3121157150,0.111111111111,2023-12-04
2023-12-01,insurance,IN,2,0.184549852782,7,NIACL,1,1628584550,0.111111111111,2023-12-04
2023-12-01,insurance,IN,2,0.184549852782,7,LICI,2,1565787900,0.111111111111,2023-12-04
2023-12-01,insurance,IN,2,0.184549852782,7,HDFCLIFE,3,1559131250,0.111111111111,2023-12-04
2023-12-01,aviation,AV,3,0.176954204365,5,HAL,1,4796536350,0.111111111111,2023-12-04
2023-12-01,aviation,AV,3,0.176954204365,5,BEL,2,1783964400,0.111111111111,2023-12-04
2023-12-01,aviation,AV,3,0.176954204365,5,INDIGO,3,1716981350,0.111111111111,2023-12-04
2023-12-08,power,PW,1,0.209080682615,19,TATAPOWER,1,7596889500,0.111111111111,2023-12-11
2023-12-08,power,PW,1,0.209080682615,19,POWERGRID,2,4336321900,0.111111111111,2023-12-11
2023-12-08,power,PW,1,0.209080682615,19,NTPC,3,3683725000,0.111111111111,2023-12-11
2023-12-08,insurance,IN,2,0.169578560058,7,LICI,1,3368589500,0.111111111111,2023-12-11
2023-12-08,insurance,IN,2,0.169578560058,7,HDFCLIFE,2,1857328800,0.111111111111,2023-12-11
2023-12-08,insurance,IN,2,0.169578560058,7,NIACL,3,1831764850,0.111111111111,2023-12-11
2023-12-08,real_estate,RE,3,0.152594937095,39,LODHA,1,2858438050,0.111111111111,2023-12-11
2023-12-08,real_estate,RE,3,0.152594937095,39,DLF,2,2638144850,0.111111111111,2023-12-11
2023-12-08,real_estate,RE,3,0.152594937095,39,NBCC,3,1905348850,0.111111111111,2023-12-11
2023-12-15,power,PW,1,0.177602938515,19,TATAPOWER,1,9072595300,0.111111111111,2023-12-18
2023-12-15,power,PW,1,0.177602938515,19,POWERGRID,2,4992052650,0.111111111111,2023-12-18
2023-12-15,power,PW,1,0.177602938515,19,NTPC,3,4138286200,0.111111111111,2023-12-18
2023-12-15,trading,TR,2,0.135674309175,10,ADANIENT,1,14807453600,0.111111111111,2023-12-18
2023-12-15,trading,TR,2,0.135674309175,10,MSTCLTD,2,442129000,0.111111111111,2023-12-18
2023-12-15,trading,TR,2,0.135674309175,10,MMTC,3,416289400,0.111111111111,2023-12-18
2023-12-15,software,SW,3,0.135662993987,68,INFY,1,8775423500,0.111111111111,2023-12-18
2023-12-15,software,SW,3,0.135662993987,68,TCS,2,8446150500,0.111111111111,2023-12-18
2023-12-15,software,SW,3,0.135662993987,68,PAYTM,3,7010056350,0.111111111111,2023-12-18
2023-12-22,aviation,AV,1,0.136474894029,5,HAL,1,6981265750,0.111111111111,2023-12-26
2023-12-22,aviation,AV,1,0.136474894029,5,BEL,2,4084794700,0.111111111111,2023-12-26
2023-12-22,aviation,AV,1,0.136474894029,5,INDIGO,3,2226365200,0.111111111111,2023-12-26
2023-12-22,power,PW,2,0.13331884284,19,TATAPOWER,1,10519981700,0.111111111111,2023-12-26
2023-12-22,power,PW,2,0.13331884284,19,POWERGRID,2,5379937550,0.111111111111,2023-12-26
2023-12-22,power,PW,2,0.13331884284,19,NTPC,3,5033935700,0.111111111111,2023-12-26
2023-12-22,oil_gas,OG,3,0.132526391478,14,RELIANCE,1,17062988750,0.111111111111,2023-12-26
2023-12-22,oil_gas,OG,3,0.132526391478,14,BPCL,2,5042420700,0.111111111111,2023-12-26
2023-12-22,oil_gas,OG,3,0.132526391478,14,HINDPETRO,3,4296355500,0.111111111111,2023-12-26
2023-12-29,power,PW,1,0.153743826655,19,TATAPOWER,1,10412012850,0.111111111111,2024-01-01
2023-12-29,power,PW,1,0.153743826655,19,NTPC,2,5603206100,0.111111111111,2024-01-01
2023-12-29,power,PW,1,0.153743826655,19,POWERGRID,3,5216786800,0.111111111111,2024-01-01
2023-12-29,trading,TR,2,0.138972483644,10,ADANIENT,1,14557058950,0.111111111111,2024-01-01
2023-12-29,trading,TR,2,0.138972483644,10,MSTCLTD,2,1236262300,0.111111111111,2024-01-01
2023-12-29,trading,TR,2,0.138972483644,10,MMTC,3,459768600,0.111111111111,2024-01-01
2023-12-29,metals_Mining,MM,3,0.105259962907,59,SAIL,1,6257579350,0.111111111111,2024-01-01
2023-12-29,metals_Mining,MM,3,0.105259962907,59,HINDCOPPER,2,5803519400,0.111111111111,2024-01-01
2023-12-29,metals_Mining,MM,3,0.105259962907,59,COALINDIA,3,5147356150,0.111111111111,2024-01-01
2024-01-05,telecom,TC,1,0.0993081947564,16,BHARTIARTL,1,5203502450,0.111111111111,2024-01-08
2024-01-05,telecom,TC,1,0.0993081947564,16,HFCL,2,3793387700,0.111111111111,2024-01-08
2024-01-05,telecom,TC,1,0.0993081947564,16,RAILTEL,3,3511892400,0.111111111111,2024-01-08
2024-01-05,metals_Mining,MM,2,0.0930621260814,61,HINDCOPPER,1,6453669400,0.111111111111,2024-01-08
2024-01-05,metals_Mining,MM,2,0.0930621260814,61,SAIL,2,6252622750,0.111111111111,2024-01-08
2024-01-05,metals_Mining,MM,2,0.0930621260814,61,NATIONALUM,3,5469730800,0.111111111111,2024-01-08
2024-01-05,miscellaneous,MS,3,0.0929629038226,44,BDL,1,2958311550,0.111111111111,2024-01-08
2024-01-05,miscellaneous,MS,3,0.0929629038226,44,CDSL,2,1806962150,0.111111111111,2024-01-08
2024-01-05,miscellaneous,MS,3,0.0929629038226,44,JSWINFRA,3,1041993900,0.111111111111,2024-01-08
2024-01-12,hospitality,HP,1,0.127474300463,23,EASEMYTRIP,1,2652843200,0.111111111111,2024-01-15
2024-01-12,hospitality,HP,1,0.127474300463,23,BLS,2,1519202300,0.111111111111,2024-01-15
2024-01-12,hospitality,HP,1,0.127474300463,23,LEMONTREE,3,1278071350,0.111111111111,2024-01-15
2024-01-12,oil_gas,OG,2,0.118112641511,14,RELIANCE,1,15299065300,0.111111111111,2024-01-15
2024-01-12,oil_gas,OG,2,0.118112641511,14,HINDPETRO,2,4418394400,0.111111111111,2024-01-15
2024-01-12,oil_gas,OG,2,0.118112641511,14,ONGC,3,4177497450,0.111111111111,2024-01-15
2024-01-12,real_estate,RE,3,0.11724379552,36,DLF,1,3260584750,0.111111111111,2024-01-15
2024-01-12,real_estate,RE,3,0.11724379552,36,NBCC,2,3012446600,0.111111111111,2024-01-15
2024-01-12,real_estate,RE,3,0.11724379552,36,IBREALEST,3,2199401750,0.111111111111,2024-01-15
2024-01-20,paper,PA,1,0.176249345058,14,JKPAPER,1,645646350,0.111111111111,2024-01-23
2024-01-20,paper,PA,1,0.176249345058,14,ORIENTPPR,2,217409650,0.111111111111,2024-01-23
2024-01-20,paper,PA,1,0.176249345058,14,WSTCSTPAPR,3,167237100,0.111111111111,2024-01-23
2024-01-20,infrastructure,IF,2,0.170407710867,28,RVNL,1,11164734750,0.111111111111,2024-01-23
2024-01-20,infrastructure,IF,2,0.170407710867,28,IRCON,2,8076146250,0.111111111111,2024-01-23
2024-01-20,infrastructure,IF,2,0.170407710867,28,ADANIPORTS,3,7764653950,0.111111111111,2024-01-23
2024-01-20,real_estate,RE,3,0.156298609457,36,NBCC,1,4023755800,0.111111111111,2024-01-23
2024-01-20,real_estate,RE,3,0.156298609457,36,DLF,2,3701230350,0.111111111111,2024-01-23
2024-01-20,real_estate,RE,3,0.156298609457,36,SOBHA,3,2214091050,0.111111111111,2024-01-23
2024-01-25,hospitality,HP,1,0.181856488271,23,EASEMYTRIP,1,2970928350,0.111111111111,2024-01-29
2024-01-25,hospitality,HP,1,0.181856488271,23,LEMONTREE,2,1504920550,0.111111111111,2024-01-29
2024-01-25,hospitality,HP,1,0.181856488271,23,INDHOTEL,3,1299533350,0.111111111111,2024-01-29
2024-01-25,paper,PA,2,0.1553244325,14,JKPAPER,1,558475400,0.111111111111,2024-01-29
2024-01-25,paper,PA,2,0.1553244325,14,ORIENTPPR,2,256415250,0.111111111111,2024-01-29
2024-01-25,paper,PA,2,0.1553244325,14,PAKKA,3,191234950,0.111111111111,2024-01-29
2024-01-25,infrastructure,IF,3,0.153635376463,28,RVNL,1,13391598400,0.111111111111,2024-01-29
2024-01-25,infrastructure,IF,3,0.153635376463,28,IRCON,2,10421800900,0.111111111111,2024-01-29
2024-01-25,infrastructure,IF,3,0.153635376463,28,ADANIPORTS,3,8957794750,0.111111111111,2024-01-29
2024-02-02,hospitality,HP,1,0.188164613268,23,EASEMYTRIP,1,3154907800,0.111111111111,2024-02-05
2024-02-02,hospitality,HP,1,0.188164613268,23,INDHOTEL,2,1575448250,0.111111111111,2024-02-05
2024-02-02,hospitality,HP,1,0.188164613268,23,BLS,3,1567371900,0.111111111111,2024-02-05
2024-02-02,power,PW,2,0.183049165826,20,NHPC,1,11873987450,0.111111111111,2024-02-05
2024-02-02,power,PW,2,0.183049165826,20,TATAPOWER,2,7176846100,0.111111111111,2024-02-05
2024-02-02,power,PW,2,0.183049165826,20,SJVN,3,6937772200,0.111111111111,2024-02-05
2024-02-02,infrastructure,IF,3,0.175376667994,28,RVNL,1,14058585200,0.111111111111,2024-02-05
2024-02-02,infrastructure,IF,3,0.175376667994,28,IRCON,2,10840265350,0.111111111111,2024-02-05
2024-02-02,infrastructure,IF,3,0.175376667994,28,LT,3,9786913800,0.111111111111,2024-02-05
2024-02-09,power,PW,1,0.164168316885,20,NHPC,1,18264085400,0.111111111111,2024-02-12
2024-02-09,power,PW,1,0.164168316885,20,SJVN,2,10492273950,0.111111111111,2024-02-12
2024-02-09,power,PW,1,0.164168316885,20,TATAPOWER,3,7170108300,0.111111111111,2024-02-12
2024-02-09,oil_gas,OG,2,0.144419558227,13,RELIANCE,1,18690142850,0.111111111111,2024-02-12
2024-02-09,oil_gas,OG,2,0.144419558227,13,IOC,2,8119002050,0.111111111111,2024-02-12
2024-02-09,oil_gas,OG,2,0.144419558227,13,ONGC,3,7631277000,0.111111111111,2024-02-12
2024-02-09,paper,PA,3,0.128760026908,15,JKPAPER,1,786213250,0.111111111111,2024-02-12
2024-02-09,paper,PA,3,0.128760026908,15,ORIENTPPR,2,377874400,0.111111111111,2024-02-12
2024-02-09,paper,PA,3,0.128760026908,15,WSTCSTPAPR,3,339598550,0.111111111111,2024-02-12
2024-02-16,oil_gas,OG,1,0.17101849491,13,RELIANCE,1,17933032800,0.111111111111,2024-02-19
2024-02-16,oil_gas,OG,1,0.17101849491,13,IOC,2,9365633500,0.111111111111,2024-02-19
2024-02-16,oil_gas,OG,1,0.17101849491,13,BPCL,3,9031856450,0.111111111111,2024-02-19
2024-02-16,power,PW,2,0.160327402056,19,NHPC,1,23433684900,0.111111111111,2024-02-19
2024-02-16,power,PW,2,0.160327402056,19,SJVN,2,12456693400,0.111111111111,2024-02-19
2024-02-16,power,PW,2,0.160327402056,19,TATAPOWER,3,7776806850,0.111111111111,2024-02-19
2024-02-16,infrastructure,IF,3,0.118841440586,26,LT,1,10735595750,0.111111111111,2024-02-19
2024-02-16,infrastructure,IF,3,0.118841440586,26,RVNL,2,10240715450,0.111111111111,2024-02-19
2024-02-16,infrastructure,IF,3,0.118841440586,26,IRCON,3,9889815700,0.111111111111,2024-02-19
2024-02-23,oil_gas,OG,1,0.150483488863,13,RELIANCE,1,17518262800,0.111111111111,2024-02-26
2024-02-23,oil_gas,OG,1,0.150483488863,13,BPCL,2,9792704650,0.111111111111,2024-02-26
2024-02-23,oil_gas,OG,1,0.150483488863,13,IOC,3,9687167850,0.111111111111,2024-02-26
2024-02-23,insurance,IN,2,0.126134356086,7,LICI,1,8790398400,0.111111111111,2024-02-26
2024-02-23,insurance,IN,2,0.126134356086,7,HDFCLIFE,2,2757297750,0.111111111111,2024-02-26
2024-02-23,insurance,IN,2,0.126134356086,7,POLICYBZR,3,2522775200,0.111111111111,2024-02-26
2024-02-23,infrastructure,IF,3,0.123858097794,27,LT,1,10572976950,0.111111111111,2024-02-26
2024-02-23,infrastructure,IF,3,0.123858097794,27,RVNL,2,5925275900,0.111111111111,2024-02-26
2024-02-23,infrastructure,IF,3,0.123858097794,27,ADANIPORTS,3,5314208150,0.111111111111,2024-02-26
2024-03-01,aviation,AV,1,0.0985329879918,5,HAL,1,5428064100,0.111111111111,2024-03-04
2024-03-01,aviation,AV,1,0.0985329879918,5,BEL,2,4880004800,0.111111111111,2024-03-04
2024-03-01,aviation,AV,1,0.0985329879918,5,INDIGO,3,2777300350,0.111111111111,2024-03-04
2024-03-01,insurance,IN,2,0.0936475274176,7,LICI,1,8206855750,0.111111111111,2024-03-04
2024-03-01,insurance,IN,2,0.0936475274176,7,HDFCLIFE,2,2583959500,0.111111111111,2024-03-04
2024-03-01,insurance,IN,2,0.0936475274176,7,POLICYBZR,3,2407400800,0.111111111111,2024-03-04
2024-03-01,oil_gas,OG,3,0.0671075724777,15,RELIANCE,1,15978728250,0.111111111111,2024-03-04
2024-03-01,oil_gas,OG,3,0.0671075724777,15,IOC,2,9589845250,0.111111111111,2024-03-04
2024-03-01,oil_gas,OG,3,0.0671075724777,15,BPCL,3,8726362100,0.111111111111,2024-03-04
2024-03-07,aviation,AV,1,0.104360731551,5,BEL,1,5496354850,0.111111111111,2024-03-11
2024-03-07,aviation,AV,1,0.104360731551,5,HAL,2,5385287100,0.111111111111,2024-03-11
2024-03-07,aviation,AV,1,0.104360731551,5,INDIGO,3,2212685600,0.111111111111,2024-03-11
2024-03-07,diamond_jewellery,DJ,2,0.0306642966719,10,TITAN,1,3074785750,0.111111111111,2024-03-11
2024-03-07,diamond_jewellery,DJ,2,0.0306642966719,10,KALYANKJIL,2,1074223350,0.111111111111,2024-03-11
2024-03-07,diamond_jewellery,DJ,2,0.0306642966719,10,RAJESHEXPO,3,449577650,0.111111111111,2024-03-11
2024-03-07,insurance,IN,3,0.0306320900199,7,LICI,1,5779033900,0.111111111111,2024-03-11
2024-03-07,insurance,IN,3,0.0306320900199,7,HDFCLIFE,2,2165705800,0.111111111111,2024-03-11
2024-03-07,insurance,IN,3,0.0306320900199,7,POLICYBZR,3,2149789300,0.111111111111,2024-03-11
2024-03-15,aviation,AV,1,0.057794187865,5,BEL,1,6806249350,0.111111111111,2024-03-18
2024-03-15,aviation,AV,1,0.057794187865,5,HAL,2,5797541150,0.111111111111,2024-03-18
2024-03-15,aviation,AV,1,0.057794187865,5,INDIGO,3,4548870850,0.111111111111,2024-03-18
2024-03-15,insurance,IN,2,0.0343869493622,7,LICI,1,3752839350,0.111111111111,2024-03-18
2024-03-15,insurance,IN,2,0.0343869493622,7,POLICYBZR,2,2609716000,0.111111111111,2024-03-18
2024-03-15,insurance,IN,2,0.0343869493622,7,HDFCLIFE,3,2397782250,0.111111111111,2024-03-18
2024-03-15,footwear,FW,3,-0.0455271410397,6,CAMPUS,1,831937850,0.111111111111,2024-03-18
2024-03-15,footwear,FW,3,-0.0455271410397,6,BATAINDIA,2,548228750,0.111111111111,2024-03-18
2024-03-15,footwear,FW,3,-0.0455271410397,6,METROBRAND,3,275618200,0.111111111111,2024-03-18
2024-03-22,aviation,AV,1,0.00224612612805,5,BEL,1,6993478050,0.111111111111,2024-03-26
2024-03-22,aviation,AV,1,0.00224612612805,5,HAL,2,6295525250,0.111111111111,2024-03-26
2024-03-22,aviation,AV,1,0.00224612612805,5,INDIGO,3,5218775850,0.111111111111,2024-03-26
2024-03-22,insurance,IN,2,-0.000297567605435,7,LICI,1,3506027850,0.111111111111,2024-03-26
2024-03-22,insurance,IN,2,-0.000297567605435,7,POLICYBZR,2,2566832800,0.111111111111,2024-03-26
2024-03-22,insurance,IN,2,-0.000297567605435,7,HDFCLIFE,3,2516071400,0.111111111111,2024-03-26
2024-03-22,alcohol,AL,3,-0.0158885182835,9,MCDOWELL-N,1,837608550,0.111111111111,2024-03-26
2024-03-22,alcohol,AL,3,-0.0158885182835,9,SULA,2,401663550,0.111111111111,2024-03-26
2024-03-22,alcohol,AL,3,-0.0158885182835,9,RADICO,3,365417900,0.111111111111,2024-03-26
2024-03-28,aviation,AV,1,-0.00446654786571,6,HAL,1,6532615100,0.111111111111,2024-04-01
2024-03-28,aviation,AV,1,-0.00446654786571,6,BEL,2,6459050500,0.111111111111,2024-04-01
2024-03-28,aviation,AV,1,-0.00446654786571,6,INDIGO,3,5779014050,0.111111111111,2024-04-01
2024-03-28,insurance,IN,2,-0.0144408689418,7,LICI,1,3639226900,0.111111111111,2024-04-01
2024-03-28,insurance,IN,2,-0.0144408689418,7,HDFCLIFE,2,3226531450,0.111111111111,2024-04-01
2024-03-28,insurance,IN,2,-0.0144408689418,7,POLICYBZR,3,2297282750,0.111111111111,2024-04-01
2024-03-28,retailing,RT,3,-0.0163957165663,11,TRENT,1,3438366950,0.111111111111,2024-04-01
2024-03-28,retailing,RT,3,-0.0163957165663,11,DMART,2,2347497300,0.111111111111,2024-04-01
2024-03-28,retailing,RT,3,-0.0163957165663,11,ABFRL,3,1043270750,0.111111111111,2024-04-01
2024-04-05,alcohol,AL,1,0.0737300139322,9,MCDOWELL-N,1,687193200,0.111111111111,2024-04-08
2024-04-05,alcohol,AL,1,0.0737300139322,9,UBL,2,470542050,0.111111111111,2024-04-08
2024-04-05,alcohol,AL,1,0.0737300139322,9,RADICO,3,358449950,0.111111111111,2024-04-08
2024-04-05,power,PW,2,0.0634901300032,18,TATAPOWER,1,9205481600,0.111111111111,2024-04-08
2024-04-05,power,PW,2,0.0634901300032,18,NHPC,2,8359325750,0.111111111111,2024-04-08
2024-04-05,power,PW,2,0.0634901300032,18,NTPC,3,6018723850,0.111111111111,2024-04-08
2024-04-05,capGoods,CG,3,0.0533277511134,73,BHEL,1,6815788100,0.111111111111,2024-04-08
2024-04-05,capGoods,CG,3,0.0533277511134,73,CGPOWER,2,2855954850,0.111111111111,2024-04-08
2024-04-05,capGoods,CG,3,0.0533277511134,73,ENGINERSIN,3,2171669450,0.111111111111,2024-04-08
2024-04-12,alcohol,AL,1,0.140453092125,9,MCDOWELL-N,1,956607050,0.111111111111,2024-04-15
2024-04-12,alcohol,AL,1,0.140453092125,9,UBL,2,538282200,0.111111111111,2024-04-15
2024-04-12,alcohol,AL,1,0.140453092125,9,SULA,3,371915600,0.111111111111,2024-04-15
2024-04-12,metals_Mining,MM,2,0.136311607479,58,TATASTEEL,1,11001600150,0.111111111111,2024-04-15
2024-04-12,metals_Mining,MM,2,0.136311607479,58,SAIL,2,6626988950,0.111111111111,2024-04-15
2024-04-12,metals_Mining,MM,2,0.136311607479,58,HINDCOPPER,3,6118055750,0.111111111111,2024-04-15
2024-04-12,capGoods,CG,3,0.124258884756,73,BHEL,1,5914415600,0.111111111111,2024-04-15
2024-04-12,capGoods,CG,3,0.124258884756,73,CGPOWER,2,2817540350,0.111111111111,2024-04-15
2024-04-12,capGoods,CG,3,0.124258884756,73,ENGINERSIN,3,2206090500,0.111111111111,2024-04-15
2024-04-19,metals_Mining,MM,1,0.141430384316,58,TATASTEEL,1,10019294550,0.111111111111,2024-04-22
2024-04-19,metals_Mining,MM,1,0.141430384316,58,VEDL,2,7978251550,0.111111111111,2024-04-22
2024-04-19,metals_Mining,MM,1,0.141430384316,58,SAIL,3,7051270850,0.111111111111,2024-04-22
2024-04-19,real_estate,RE,2,0.140500978809,36,DLF,1,3534841150,0.111111111111,2024-04-22
2024-04-19,real_estate,RE,2,0.140500978809,36,IBREALEST,2,3080239800,0.111111111111,2024-04-22
2024-04-19,real_estate,RE,2,0.140500978809,36,GODREJPROP,3,2289017000,0.111111111111,2024-04-22
2024-04-19,capGoods,CG,3,0.135515815353,74,BHEL,1,4979415450,0.111111111111,2024-04-22
2024-04-19,capGoods,CG,3,0.135515815353,74,CGPOWER,2,2763408750,0.111111111111,2024-04-22
2024-04-19,capGoods,CG,3,0.135515815353,74,ENGINERSIN,3,2043443800,0.111111111111,2024-04-22
2024-04-26,metals_Mining,MM,1,0.173773155486,60,TATASTEEL,1,9138721750,0.111111111111,2024-04-29
2024-04-26,metals_Mining,MM,1,0.173773155486,60,VEDL,2,9038151550,0.111111111111,2024-04-29
2024-04-26,metals_Mining,MM,1,0.173773155486,60,SAIL,3,8973175800,0.111111111111,2024-04-29
2024-04-26,aviation,AV,2,0.166694315262,7,HAL,1,7623050800,0.111111111111,2024-04-29
2024-04-26,aviation,AV,2,0.166694315262,7,BEL,2,7462568400,0.111111111111,2024-04-29
2024-04-26,aviation,AV,2,0.166694315262,7,INDIGO,3,4149801400,0.111111111111,2024-04-29
2024-04-26,capGoods,CG,3,0.163480681512,70,BHEL,1,5080807650,0.111111111111,2024-04-29
2024-04-26,capGoods,CG,3,0.163480681512,70,HAVELLS,2,2150204200,0.111111111111,2024-04-29
2024-04-26,capGoods,CG,3,0.163480681512,70,ENGINERSIN,3,1827619350,0.111111111111,2024-04-29
2024-05-03,power,PW,1,0.10764801658,18,TATAPOWER,1,7403971200,0.111111111111,2024-05-06
2024-05-03,power,PW,1,0.10764801658,18,IREDA,2,7180065000,0.111111111111,2024-05-06
2024-05-03,power,PW,1,0.10764801658,18,NTPC,3,6683425700,0.111111111111,2024-05-06
2024-05-03,paper,PA,2,0.104454072761,13,JKPAPER,1,308502350,0.111111111111,2024-05-06
2024-05-03,paper,PA,2,0.104454072761,13,ORIENTPPR,2,172161700,0.111111111111,2024-05-06
2024-05-03,paper,PA,2,0.104454072761,13,WSTCSTPAPR,3,118162950,0.111111111111,2024-05-06
2024-05-03,capGoods,CG,3,0.0981353088318,69,BHEL,1,7378239350,0.111111111111,2024-05-06
2024-05-03,capGoods,CG,3,0.0981353088318,69,HAVELLS,2,2381389700,0.111111111111,2024-05-06
2024-05-03,capGoods,CG,3,0.0981353088318,69,ENGINERSIN,3,1899887850,0.111111111111,2024-05-06
2024-05-10,paper,PA,1,0.0412047026763,12,JKPAPER,1,259373500,0.111111111111,2024-05-13
2024-05-10,paper,PA,1,0.0412047026763,12,ORIENTPPR,2,197625450,0.111111111111,2024-05-13
2024-05-10,paper,PA,1,0.0412047026763,12,PDMJEPAPER,3,127888000,0.111111111111,2024-05-13
2024-05-10,capGoods,CG,2,0.0280853480951,69,BHEL,1,9044466900,0.111111111111,2024-05-13
2024-05-10,capGoods,CG,2,0.0280853480951,69,HAVELLS,2,2502479050,0.111111111111,2024-05-13
2024-05-10,capGoods,CG,2,0.0280853480951,69,SIEMENS,3,1937276450,0.111111111111,2024-05-13
2024-05-10,aviation,AV,3,0.0273129445368,6,HAL,1,7913336250,0.111111111111,2024-05-13
2024-05-10,aviation,AV,3,0.0273129445368,6,BEL,2,6207236600,0.111111111111,2024-05-13
2024-05-10,aviation,AV,3,0.0273129445368,6,INDIGO,3,4326049550,0.111111111111,2024-05-13
2024-05-18,aviation,AV,1,0.183036544612,6,HAL,1,10366085250,0.111111111111,2024-05-21
2024-05-18,aviation,AV,1,0.183036544612,6,BEL,2,6571036900,0.111111111111,2024-05-21
2024-05-18,aviation,AV,1,0.183036544612,6,INDIGO,3,3160085100,0.111111111111,2024-05-21
2024-05-18,power,PW,2,0.110391413379,18,NHPC,1,7853024450,0.111111111111,2024-05-21
2024-05-18,power,PW,2,0.110391413379,18,TATAPOWER,2,6451022250,0.111111111111,2024-05-21
2024-05-18,power,PW,2,0.110391413379,18,NTPC,3,5095627300,0.111111111111,2024-05-21
2024-05-18,capGoods,CG,3,0.100861737323,70,BHEL,1,9007334800,0.111111111111,2024-05-21
2024-05-18,capGoods,CG,3,0.100861737323,70,SIEMENS,2,3761564850,0.111111111111,2024-05-21
2024-05-18,capGoods,CG,3,0.100861737323,70,HAVELLS,3,2577946500,0.111111111111,2024-05-21
2024-05-24,aviation,AV,1,0.134048608829,6,HAL,1,14198230100,0.111111111111,2024-05-27
2024-05-24,aviation,AV,1,0.134048608829,6,BEL,2,10467922100,0.111111111111,2024-05-27
2024-05-24,aviation,AV,1,0.134048608829,6,INDIGO,3,4201648950,0.111111111111,2024-05-27
2024-05-24,infrastructure,IF,2,0.0768498863628,25,LT,1,11206929800,0.111111111111,2024-05-27
2024-05-24,infrastructure,IF,2,0.0768498863628,25,RVNL,2,8333435300,0.111111111111,2024-05-27
2024-05-24,infrastructure,IF,2,0.0768498863628,25,ADANIPORTS,3,5392913350,0.111111111111,2024-05-27
2024-05-24,power,PW,3,0.0550342979527,19,NHPC,1,10241282050,0.111111111111,2024-05-27
2024-05-24,power,PW,3,0.0550342979527,19,TATAPOWER,2,6715961350,0.111111111111,2024-05-27
2024-05-24,power,PW,3,0.0550342979527,19,IREDA,3,5520834750,0.111111111111,2024-05-27
2024-05-31,manufacturing,MF,1,0.16781676228,5,TITAGARH,1,3737179450,0.111111111111,2024-06-03
2024-05-31,manufacturing,MF,1,0.16781676228,5,TEXRAIL,2,641311500,0.111111111111,2024-06-03
2024-05-31,manufacturing,MF,1,0.16781676228,5,CARBORUNIV,3,478724800,0.111111111111,2024-06-03
2024-05-31,aviation,AV,2,0.11595273659,6,HAL,1,17761937300,0.111111111111,2024-06-03
2024-05-31,aviation,AV,2,0.11595273659,6,BEL,2,12478623350,0.111111111111,2024-06-03
2024-05-31,aviation,AV,2,0.11595273659,6,INDIGO,3,4599508900,0.111111111111,2024-06-03
2024-05-31,infrastructure,IF,3,0.065011657429,25,LT,1,11602896650,0.111111111111,2024-06-03
2024-05-31,infrastructure,IF,3,0.065011657429,25,RVNL,2,11320101850,0.111111111111,2024-06-03
2024-05-31,infrastructure,IF,3,0.065011657429,25,ADANIPORTS,3,5898193950,0.111111111111,2024-06-03
2024-06-07,infrastructure,IF,1,0.156103898476,26,RVNL,1,15962882300,0.111111111111,2024-06-10
2024-06-07,infrastructure,IF,1,0.156103898476,26,LT,2,14260400150,0.111111111111,2024-06-10
2024-06-07,infrastructure,IF,1,0.156103898476,26,ADANIPORTS,3,12919921650,0.111111111111,2024-06-10
2024-06-07,manufacturing,MF,2,0.134443719608,5,TITAGARH,1,4332239050,0.111111111111,2024-06-10
2024-06-07,manufacturing,MF,2,0.134443719608,5,TEXRAIL,2,844567500,0.111111111111,2024-06-10
2024-06-07,manufacturing,MF,2,0.134443719608,5,GRINDWELL,3,473195400,0.111111111111,2024-06-10
2024-06-07,aviation,AV,3,0.111435720887,7,HAL,1,26824785250,0.111111111111,2024-06-10
2024-06-07,aviation,AV,3,0.111435720887,7,BEL,2,20191309800,0.111111111111,2024-06-10
2024-06-07,aviation,AV,3,0.111435720887,7,INDIGO,3,5478683950,0.111111111111,2024-06-10
2024-06-14,infrastructure,IF,1,0.174806349816,28,RVNL,1,17019848800,0.111111111111,2024-06-18
2024-06-14,infrastructure,IF,1,0.174806349816,28,LT,2,13990438500,0.111111111111,2024-06-18
2024-06-14,infrastructure,IF,1,0.174806349816,28,ADANIPORTS,3,13419392800,0.111111111111,2024-06-18
2024-06-14,manufacturing,MF,2,0.130555079051,5,TITAGARH,1,5239581750,0.111111111111,2024-06-18
2024-06-14,manufacturing,MF,2,0.130555079051,5,TEXRAIL,2,888187500,0.111111111111,2024-06-18
2024-06-14,manufacturing,MF,2,0.130555079051,5,GRINDWELL,3,473844750,0.111111111111,2024-06-18
2024-06-14,electricals,EL,3,0.108136181288,21,ABB,1,3819705850,0.111111111111,2024-06-18
2024-06-14,electricals,EL,3,0.108136181288,21,POLYCAB,2,3369055600,0.111111111111,2024-06-18
2024-06-14,electricals,EL,3,0.108136181288,21,FINCABLES,3,1844247450,0.111111111111,2024-06-18
2024-06-21,containers_packaging,CP,1,0.142350488922,8,AGI,1,115478600,0.111111111111,2024-06-24
2024-06-21,containers_packaging,CP,1,0.142350488922,8,UFLEX,2,114065650,0.111111111111,2024-06-24
2024-06-21,containers_packaging,CP,1,0.142350488922,8,COSMOFIRST,3,111763350,0.111111111111,2024-06-24
2024-06-21,manufacturing,MF,2,0.132945093528,5,TITAGARH,1,5818115900,0.111111111111,2024-06-24
2024-06-21,manufacturing,MF,2,0.132945093528,5,TEXRAIL,2,960780800,0.111111111111,2024-06-24
2024-06-21,manufacturing,MF,2,0.132945093528,5,GRINDWELL,3,506026850,0.111111111111,2024-06-24
2024-06-21,durables,DR,3,0.131172847428,24,DIXON,1,4811726900,0.111111111111,2024-06-24
2024-06-21,durables,DR,3,0.131172847428,24,VOLTAS,2,2335623350,0.111111111111,2024-06-24
2024-06-21,durables,DR,3,0.131172847428,24,CROMPTON,3,1263676450,0.111111111111,2024-06-24
2024-06-28,containers_packaging,CP,1,0.200490871895,8,HUHTAMAKI,1,141129300,0.111111111111,2024-07-01
2024-06-28,containers_packaging,CP,1,0.200490871895,8,JINDALPOLY,2,130098950,0.111111111111,2024-07-01
2024-06-28,containers_packaging,CP,1,0.200490871895,8,UFLEX,3,129178600,0.111111111111,2024-07-01
2024-06-28,durables,DR,2,0.178003574877,24,DIXON,1,5317344950,0.111111111111,2024-07-01
2024-06-28,durables,DR,2,0.178003574877,24,VOLTAS,2,2303958350,0.111111111111,2024-07-01
2024-06-28,durables,DR,2,0.178003574877,24,CROMPTON,3,1429834700,0.111111111111,2024-07-01
2024-06-28,infrastructure,IF,3,0.165927108934,26,LT,1,15508393050,0.111111111111,2024-07-01
2024-06-28,infrastructure,IF,3,0.165927108934,26,ADANIPORTS,2,15070012900,0.111111111111,2024-07-01
2024-06-28,infrastructure,IF,3,0.165927108934,26,RVNL,3,13088985550,0.111111111111,2024-07-01
2024-07-05,containers_packaging,CP,1,0.325729456553,9,AGI,1,335083900,0.111111111111,2024-07-08
2024-07-05,containers_packaging,CP,1,0.325729456553,9,UFLEX,2,201564200,0.111111111111,2024-07-08
2024-07-05,containers_packaging,CP,1,0.325729456553,9,HUHTAMAKI,3,173753250,0.111111111111,2024-07-08
2024-07-05,gases_fuels,GF,2,0.247772049913,5,GAIL,1,5349068600,0.111111111111,2024-07-08
2024-07-05,gases_fuels,GF,2,0.247772049913,5,MGL,2,1949074000,0.111111111111,2024-07-08
2024-07-05,gases_fuels,GF,2,0.247772049913,5,REFEX,3,458201900,0.111111111111,2024-07-08
2024-07-05,manufacturing,MF,3,0.22754852418,7,TITAGARH,1,6251578400,0.111111111111,2024-07-08
2024-07-05,manufacturing,MF,3,0.22754852418,7,TEXRAIL,2,2077744000,0.111111111111,2024-07-08
2024-07-05,manufacturing,MF,3,0.22754852418,7,CARBORUNIV,3,365116500,0.111111111111,2024-07-08
2024-07-12,containers_packaging,CP,1,0.175260435273,9,AGI,1,372114350.522,0.111111111111,2024-07-15
2024-07-12,containers_packaging,CP,1,0.175260435273,9,UFLEX,2,197829520.77,0.111111111111,2024-07-15
2024-07-12,containers_packaging,CP,1,0.175260435273,9,HUHTAMAKI,3,194563669.5,0.111111111111,2024-07-15
2024-07-12,gases_fuels,GF,2,0.163604610486,5,GAIL,1,4595187652.68,0.111111111111,2024-07-15
2024-07-12,gases_fuels,GF,2,0.163604610486,5,MGL,2,2130743471.83,0.111111111111,2024-07-15
2024-07-12,gases_fuels,GF,2,0.163604610486,5,REFEX,3,531455348.87,0.111111111111,2024-07-15
2024-07-12,paper,PA,3,0.132011769134,15,JKPAPER,1,2769511943.07,0.111111111111,2024-07-15
2024-07-12,paper,PA,3,0.132011769134,15,ORIENTPPR,2,505897806.646,0.111111111111,2024-07-15
2024-07-12,paper,PA,3,0.132011769134,15,WSTCSTPAPR,3,367407832.195,0.111111111111,2024-07-15
2024-07-19,telecom,TC,1,0.12178115498,15,BHARTIARTL,1,13836835299.4,0.111111111111,2024-07-22
2024-07-19,telecom,TC,1,0.12178115498,15,INDUSTOWER,2,10379755999.9,0.111111111111,2024-07-22
2024-07-19,telecom,TC,1,0.12178115498,15,RAILTEL,3,8820960457.04,0.111111111111,2024-07-22
2024-07-19,gases_fuels,GF,2,0.105055444731,5,GAIL,1,4571603198.89,0.111111111111,2024-07-22
2024-07-19,gases_fuels,GF,2,0.105055444731,5,MGL,2,2181869650.17,0.111111111111,2024-07-22
2024-07-19,gases_fuels,GF,2,0.105055444731,5,REFEX,3,509620399.344,0.111111111111,2024-07-22
2024-07-19,insurance,IN,3,0.0775138035523,7,LICI,1,4000140374.02,0.111111111111,2024-07-22
2024-07-19,insurance,IN,3,0.0775138035523,7,HDFCLIFE,2,2953597615.41,0.111111111111,2024-07-22
2024-07-19,insurance,IN,3,0.0775138035523,7,POLICYBZR,3,2175066704.59,0.111111111111,2024-07-22
2024-07-26,gases_fuels,GF,1,0.190558980717,5,GAIL,1,4459359740.57,0.111111111111,2024-07-29
2024-07-26,gases_fuels,GF,1,0.190558980717,5,MGL,2,2346030032.4,0.111111111111,2024-07-29
2024-07-26,gases_fuels,GF,1,0.190558980717,5,REFEX,3,577904978.342,0.111111111111,2024-07-29
2024-07-26,insurance,IN,2,0.177024459248,7,LICI,1,5482312047.58,0.111111111111,2024-07-29
2024-07-26,insurance,IN,2,0.177024459248,7,HDFCLIFE,2,3661781919.89,0.111111111111,2024-07-29
2024-07-26,insurance,IN,2,0.177024459248,7,SBILIFE,3,2475261344.1,0.111111111111,2024-07-29
2024-07-26,telecom,TC,3,0.176941770257,15,INDUSTOWER,1,10200556994.5,0.111111111111,2024-07-29
2024-07-26,telecom,TC,3,0.176941770257,15,BHARTIARTL,2,9536338665.25,0.111111111111,2024-07-29
2024-07-26,telecom,TC,3,0.176941770257,15,RAILTEL,3,7926524269.41,0.111111111111,2024-07-29
2024-08-02,insurance,IN,1,0.128382235771,7,LICI,1,6063527393.69,0.111111111111,2024-08-05
2024-08-02,insurance,IN,1,0.128382235771,7,HDFCLIFE,2,3903947809.89,0.111111111111,2024-08-05
2024-08-02,insurance,IN,1,0.128382235771,7,SBILIFE,3,2608617468.64,0.111111111111,2024-08-05
2024-08-02,gases_fuels,GF,2,0.107574715181,5,GAIL,1,5270885707.7,0.111111111111,2024-08-05
2024-08-02,gases_fuels,GF,2,0.107574715181,5,MGL,2,1331416248.55,0.111111111111,2024-08-05
2024-08-02,gases_fuels,GF,2,0.107574715181,5,REFEX,3,332944877.232,0.111111111111,2024-08-05
2024-08-02,oil_gas,OG,3,0.104704392668,15,RELIANCE,1,16910238656.6,0.111111111111,2024-08-05
2024-08-02,oil_gas,OG,3,0.104704392668,15,ONGC,2,10251941072.8,0.111111111111,2024-08-05
2024-08-02,oil_gas,OG,3,0.104704392668,15,BPCL,3,6296659219.8,0.111111111111,2024-08-05
2024-08-09,containers_packaging,CP,1,0.0747941760497,8,HUHTAMAKI,1,260055984.38,0.111111111111,2024-08-12
2024-08-09,containers_packaging,CP,1,0.0747941760497,8,COSMOFIRST,2,165363275.94,0.111111111111,2024-08-12
2024-08-09,containers_packaging,CP,1,0.0747941760497,8,AGI,3,159681387.155,0.111111111111,2024-08-12
2024-08-09,textiles,TX,2,0.0740788268692,62,WELSPUNLIV,1,1289405439.13,0.111111111111,2024-08-12
2024-08-09,textiles,TX,2,0.0740788268692,62,PAGEIND,2,1053574465.43,0.111111111111,2024-08-12
2024-08-09,textiles,TX,2,0.0740788268692,62,LUXIND,3,813392029.993,0.111111111111,2024-08-12
2024-08-09,agriculture,AG,3,0.0649327223075,23,AVANTIFEED,1,3101141615.18,0.111111111111,2024-08-12
2024-08-09,agriculture,AG,3,0.0649327223075,23,TATACONSUM,2,2319649580,0.111111111111,2024-08-12
2024-08-09,agriculture,AG,3,0.0649327223075,23,PATANJALI,3,1346586680.31,0.111111111111,2024-08-12
2024-08-16,containers_packaging,CP,1,0.147989136709,8,UFLEX,1,282536813.523,0.111111111111,2024-08-19
2024-08-16,containers_packaging,CP,1,0.147989136709,8,HUHTAMAKI,2,267019745.508,0.111111111111,2024-08-19
2024-08-16,containers_packaging,CP,1,0.147989136709,8,AGI,3,199048379.94,0.111111111111,2024-08-19
2024-08-16,diamond_jewellery,DJ,2,0.0740292092787,10,TITAN,1,5781503163.83,0.111111111111,2024-08-19
2024-08-16,diamond_jewellery,DJ,2,0.0740292092787,10,KALYANKJIL,2,1536273560.27,0.111111111111,2024-08-19
2024-08-16,diamond_jewellery,DJ,2,0.0740292092787,10,GOLDIAM,3,395055807.446,0.111111111111,2024-08-19
2024-08-16,agriculture,AG,3,0.0717272098476,24,AVANTIFEED,1,3334756072.78,0.111111111111,2024-08-19
2024-08-16,agriculture,AG,3,0.0717272098476,24,TATACONSUM,2,2110202551.43,0.111111111111,2024-08-19
2024-08-16,agriculture,AG,3,0.0717272098476,24,PATANJALI,3,1348035048.3,0.111111111111,2024-08-19
2024-08-23,containers_packaging,CP,1,0.235474234247,9,UFLEX,1,657416266.185,0.111111111111,2024-08-26
2024-08-23,containers_packaging,CP,1,0.235474234247,9,HUHTAMAKI,2,268512483.012,0.111111111111,2024-08-26
2024-08-23,containers_packaging,CP,1,0.235474234247,9,AGI,3,236888785.868,0.111111111111,2024-08-26
2024-08-23,diamond_jewellery,DJ,2,0.133535659006,11,TITAN,1,4459283967.21,0.111111111111,2024-08-26
2024-08-23,diamond_jewellery,DJ,2,0.133535659006,11,KALYANKJIL,2,2980151764.72,0.111111111111,2024-08-26
2024-08-23,diamond_jewellery,DJ,2,0.133535659006,11,VAIBHAVGBL,3,517348040.64,0.111111111111,2024-08-26
2024-08-23,healthcare,HC,3,0.0967810123436,104,SUNPHARMA,1,4187164130.93,0.111111111111,2024-08-26
2024-08-23,healthcare,HC,3,0.0967810123436,104,LUPIN,2,3765559808.98,0.111111111111,2024-08-26
2024-08-23,healthcare,HC,3,0.0967810123436,104,DIVISLAB,3,3266165946.51,0.111111111111,2024-08-26
2024-08-30,diamond_jewellery,DJ,1,0.158138580594,11,TITAN,1,4236304200.83,0.111111111111,2024-09-02
2024-08-30,diamond_jewellery,DJ,1,0.158138580594,11,KALYANKJIL,2,3669996711,0.111111111111,2024-09-02
2024-08-30,diamond_jewellery,DJ,1,0.158138580594,11,GOLDIAM,3,653257778.28,0.111111111111,2024-09-02
2024-08-30,agriculture,AG,2,0.0925555614284,24,AVANTIFEED,1,1473620176.57,0.111111111111,2024-09-02
2024-08-30,agriculture,AG,2,0.0925555614284,24,TATACONSUM,2,1385150637.55,0.111111111111,2024-09-02
2024-08-30,agriculture,AG,2,0.0925555614284,24,PATANJALI,3,1304645959.27,0.111111111111,2024-09-02
2024-08-30,healthcare,HC,3,0.0813534428885,104,ZYDUSLIFE,1,5148110169.4,0.111111111111,2024-09-02
2024-08-30,healthcare,HC,3,0.0813534428885,104,LUPIN,2,3885675985.94,0.111111111111,2024-09-02
2024-08-30,healthcare,HC,3,0.0813534428885,104,SUNPHARMA,3,3723741518.95,0.111111111111,2024-09-02
2024-09-06,diamond_jewellery,DJ,1,0.268268563771,11,KALYANKJIL,1,4492138567.77,0.111111111111,2024-09-09
2024-09-06,diamond_jewellery,DJ,1,0.268268563771,11,TITAN,2,4441194341.71,0.111111111111,2024-09-09
2024-09-06,diamond_jewellery,DJ,1,0.268268563771,11,GOLDIAM,3,755122343.216,0.111111111111,2024-09-09
2024-09-06,healthcare,HC,2,0.123653531435,99,ZYDUSLIFE,1,5132854226.13,0.111111111111,2024-09-09
2024-09-06,healthcare,HC,2,0.123653531435,99,SUNPHARMA,2,3386535312.55,0.111111111111,2024-09-09
2024-09-06,healthcare,HC,2,0.123653531435,99,LUPIN,3,3202666925.14,0.111111111111,2024-09-09
2024-09-06,alcohol,AL,3,0.120649381637,9,UNITDSPR,1,1146742972.48,0.111111111111,2024-09-09
2024-09-06,alcohol,AL,3,0.120649381637,9,RADICO,2,965431515.618,0.111111111111,2024-09-09
2024-09-06,alcohol,AL,3,0.120649381637,9,TI,3,682061167.697,0.111111111111,2024-09-09
2024-09-13,diamond_jewellery,DJ,1,0.358436141002,10,KALYANKJIL,1,6320440008.04,0.111111111111,2024-09-16
2024-09-13,diamond_jewellery,DJ,1,0.358436141002,10,TITAN,2,4508726491.05,0.111111111111,2024-09-16
2024-09-13,diamond_jewellery,DJ,1,0.358436141002,10,TBZ,3,705218468.47,0.111111111111,2024-09-16
2024-09-13,alcohol,AL,2,0.198109353435,9,UNITDSPR,1,1194243561.83,0.111111111111,2024-09-16
2024-09-13,alcohol,AL,2,0.198109353435,9,RADICO,2,1022516331.47,0.111111111111,2024-09-16
2024-09-13,alcohol,AL,2,0.198109353435,9,TI,3,819791839.873,0.111111111111,2024-09-16
2024-09-13,healthcare,HC,3,0.148801600056,102,ZYDUSLIFE,1,4336594770.24,0.111111111111,2024-09-16
2024-09-13,healthcare,HC,3,0.148801600056,102,SUNPHARMA,2,3435610328.63,0.111111111111,2024-09-16
2024-09-13,healthcare,HC,3,0.148801600056,102,MOREPENLAB,3,3413050139.58,0.111111111111,2024-09-16
2024-09-20,diamond_jewellery,DJ,1,0.163026006837,10,KALYANKJIL,1,5580856839.99,0.111111111111,2024-09-23
2024-09-20,diamond_jewellery,DJ,1,0.163026006837,10,TITAN,2,4156291921.64,0.111111111111,2024-09-23
2024-09-20,diamond_jewellery,DJ,1,0.163026006837,10,TBZ,3,807112764.375,0.111111111111,2024-09-23
2024-09-20,alcohol,AL,2,0.146593152912,9,UNITDSPR,1,1373490966.74,0.111111111111,2024-09-23
2024-09-20,alcohol,AL,2,0.146593152912,9,RADICO,2,1366142028.69,0.111111111111,2024-09-23
2024-09-20,alcohol,AL,2,0.146593152912,9,GLOBUSSPR,3,1050840992.92,0.111111111111,2024-09-23
2024-09-20,retailing,RT,3,0.0776978107057,13,TRENT,1,4965394715.9,0.111111111111,2024-09-23
2024-09-20,retailing,RT,3,0.0776978107057,13,DMART,2,2404618030.45,0.111111111111,2024-09-23
2024-09-20,retailing,RT,3,0.0776978107057,13,ABFRL,3,1788861369.83,0.111111111111,2024-09-23
2024-09-27,diamond_jewellery,DJ,1,0.17276697939,10,KALYANKJIL,1,7133548119.02,0.111111111111,2024-09-30
2024-09-27,diamond_jewellery,DJ,1,0.17276697939,10,TITAN,2,4350636769.34,0.111111111111,2024-09-30
2024-09-27,diamond_jewellery,DJ,1,0.17276697939,10,TBZ,3,779116314.832,0.111111111111,2024-09-30
2024-09-27,gases_fuels,GF,2,0.137509398942,5,GAIL,1,3219108952.47,0.111111111111,2024-09-30
2024-09-27,gases_fuels,GF,2,0.137509398942,5,MGL,2,1620083350.97,0.111111111111,2024-09-30
2024-09-27,gases_fuels,GF,2,0.137509398942,5,REFEX,3,956849828.043,0.111111111111,2024-09-30
2024-09-27,retailing,RT,3,0.0783456651684,13,TRENT,1,8637887593.96,0.111111111111,2024-09-30
2024-09-27,retailing,RT,3,0.0783456651684,13,DMART,2,2359990924.24,0.111111111111,2024-09-30
2024-09-27,retailing,RT,3,0.0783456651684,13,ABFRL,3,2154245489.9,0.111111111111,2024-09-30
2024-10-04,diamond_jewellery,DJ,1,0.0777959371511,10,KALYANKJIL,1,7482022601.41,0.111111111111,2024-10-07
2024-10-04,diamond_jewellery,DJ,1,0.0777959371511,10,TITAN,2,4220663334.77,0.111111111111,2024-10-07
2024-10-04,diamond_jewellery,DJ,1,0.0777959371511,10,TBZ,3,731209416.694,0.111111111111,2024-10-07
2024-10-04,power,PW,2,0.0494935643235,21,NTPC,1,8749733903.43,0.111111111111,2024-10-07
2024-10-04,power,PW,2,0.0494935643235,21,TATAPOWER,2,7869470928.75,0.111111111111,2024-10-07
2024-10-04,power,PW,2,0.0494935643235,21,POWERGRID,3,6123824169.02,0.111111111111,2024-10-07
2024-10-04,metals_Mining,MM,3,0.0432494523523,60,TATASTEEL,1,8654792060.16,0.111111111111,2024-10-07
2024-10-04,metals_Mining,MM,3,0.0432494523523,60,VEDL,2,8249262740.08,0.111111111111,2024-10-07
2024-10-04,metals_Mining,MM,3,0.0432494523523,60,HINDALCO,3,4721949611.75,0.111111111111,2024-10-07
2024-10-11,diamond_jewellery,DJ,1,0.0656928624563,9,KALYANKJIL,1,7740234699.38,0.111111111111,2024-10-14
2024-10-11,diamond_jewellery,DJ,1,0.0656928624563,9,TITAN,2,4466187116.28,0.111111111111,2024-10-14
2024-10-11,diamond_jewellery,DJ,1,0.0656928624563,9,TBZ,3,597612034.406,0.111111111111,2024-10-14
2024-10-11,power,PW,2,0.0513258487091,20,NTPC,1,8831583521.29,0.111111111111,2024-10-14
2024-10-11,power,PW,2,0.0513258487091,20,TATAPOWER,2,7972207562.85,0.111111111111,2024-10-14
2024-10-11,power,PW,2,0.0513258487091,20,POWERGRID,3,5868413526.76,0.111111111111,2024-10-14
2024-10-11,metals_Mining,MM,3,0.0410552700246,59,TATASTEEL,1,9275370938.96,0.111111111111,2024-10-14
2024-10-11,metals_Mining,MM,3,0.0410552700246,59,VEDL,2,8101988842.83,0.111111111111,2024-10-14
2024-10-11,metals_Mining,MM,3,0.0410552700246,59,NATIONALUM,3,5477841615.04,0.111111111111,2024-10-14
2024-10-18,diamond_jewellery,DJ,1,0.0865655269106,9,KALYANKJIL,1,6741648717.34,0.111111111111,2024-10-21
2024-10-18,diamond_jewellery,DJ,1,0.0865655269106,9,TITAN,2,4487808594.81,0.111111111111,2024-10-21
2024-10-18,diamond_jewellery,DJ,1,0.0865655269106,9,GOLDIAM,3,314501056.74,0.111111111111,2024-10-21
2024-10-18,durables,DR,2,0.0364726799338,22,DIXON,1,6074599220.26,0.111111111111,2024-10-21
2024-10-18,durables,DR,2,0.0364726799338,22,AMBER,2,3891346813.06,0.111111111111,2024-10-21
2024-10-18,durables,DR,2,0.0364726799338,22,VOLTAS,3,2718089294.93,0.111111111111,2024-10-21
2024-10-18,capGoods,CG,3,0.0352990000926,70,SUZLON,1,4218074014.57,0.111111111111,2024-10-21
2024-10-18,capGoods,CG,3,0.0352990000926,70,BHEL,2,4062551257.01,0.111111111111,2024-10-21
2024-10-18,capGoods,CG,3,0.0352990000926,70,CGPOWER,3,2951054206.44,0.111111111111,2024-10-21
2024-10-25,diamond_jewellery,DJ,1,-0.0306572229531,9,KALYANKJIL,1,5409011434.11,0.111111111111,2024-10-28
2024-10-25,diamond_jewellery,DJ,1,-0.0306572229531,9,TITAN,2,3920230648.67,0.111111111111,2024-10-28
2024-10-25,diamond_jewellery,DJ,1,-0.0306572229531,9,GOLDIAM,3,291680705.607,0.111111111111,2024-10-28
2024-10-25,healthcare,HC,2,-0.0441682192174,91,DIVISLAB,1,6058244245.75,0.111111111111,2024-10-28
2024-10-25,healthcare,HC,2,-0.0441682192174,91,SUNPHARMA,2,3385171313.36,0.111111111111,2024-10-28
2024-10-25,healthcare,HC,2,-0.0441682192174,91,CIPLA,3,2902813276.59,0.111111111111,2024-10-28
2024-10-25,durables,DR,3,-0.0483563076156,22,DIXON,1,8291546288.86,0.111111111111,2024-10-28
2024-10-25,durables,DR,3,-0.0483563076156,22,AMBER,2,7795705452.52,0.111111111111,2024-10-28
2024-10-25,durables,DR,3,-0.0483563076156,22,VOLTAS,3,2425476440.49,0.111111111111,2024-10-28
2024-11-01,diamond_jewellery,DJ,1,0.0299374420172,9,KALYANKJIL,1,4241374952.52,0.111111111111,2024-11-04
2024-11-01,diamond_jewellery,DJ,1,0.0299374420172,9,TITAN,2,3177392056.13,0.111111111111,2024-11-04
2024-11-01,diamond_jewellery,DJ,1,0.0299374420172,9,RGL,3,273407441.354,0.111111111111,2024-11-04
2024-11-01,healthcare,HC,2,0.0248711653831,92,CIPLA,1,4151096433.58,0.111111111111,2024-11-04
2024-11-01,healthcare,HC,2,0.0248711653831,92,DIVISLAB,2,3941502011.64,0.111111111111,2024-11-04
2024-11-01,healthcare,HC,2,0.0248711653831,92,PPLPHARMA,3,3371929582.74,0.111111111111,2024-11-04
2024-11-01,miscellaneous,MS,3,0.0166995875888,65,CDSL,1,8427657639.48,0.111111111111,2024-11-04
2024-11-01,miscellaneous,MS,3,0.0166995875888,65,INDIAMART,2,1692617207.39,0.111111111111,2024-11-04
2024-11-01,miscellaneous,MS,3,0.0166995875888,65,SYRMA,3,1355154004.83,0.111111111111,2024-11-04
2024-11-08,manufacturing,MF,1,0.0150364236548,8,TITAGARH,1,2953156281.68,0.111111111111,2024-11-11
2024-11-08,manufacturing,MF,1,0.0150364236548,8,TEXRAIL,2,702856338.588,0.111111111111,2024-11-11
2024-11-08,manufacturing,MF,1,0.0150364236548,8,GRINDWELL,3,234349715.655,0.111111111111,2024-11-11
2024-11-08,healthcare,HC,2,0.00728188302567,95,PPLPHARMA,1,4719264524.99,0.111111111111,2024-11-11
2024-11-08,healthcare,HC,2,0.00728188302567,95,CIPLA,2,4373379254.94,0.111111111111,2024-11-11
2024-11-08,healthcare,HC,2,0.00728188302567,95,SUNPHARMA,3,3253690105.53,0.111111111111,2024-11-11
2024-11-08,alcohol,AL,3,0.00167483616622,10,RADICO,1,985674088.935,0.111111111111,2024-11-11
2024-11-08,alcohol,AL,3,0.00167483616622,10,UNITDSPR,2,890587141.89,0.111111111111,2024-11-11
2024-11-08,alcohol,AL,3,0.00167483616622,10,TI,3,761565477.293,0.111111111111,2024-11-11
2024-11-14,manufacturing,MF,1,-0.0198154212604,7,TITAGARH,1,1910044031.05,0.111111111111,2024-11-18
2024-11-14,manufacturing,MF,1,-0.0198154212604,7,TEXRAIL,2,625294736.61,0.111111111111,2024-11-18
2024-11-14,manufacturing,MF,1,-0.0198154212604,7,GRINDWELL,3,187406105.105,0.111111111111,2024-11-18
2024-11-14,healthcare,HC,2,-0.0256133013726,95,PPLPHARMA,1,5236435580.54,0.111111111111,2024-11-18
2024-11-14,healthcare,HC,2,-0.0256133013726,95,CIPLA,2,4278700752.33,0.111111111111,2024-11-18
2024-11-14,healthcare,HC,2,-0.0256133013726,95,SUNPHARMA,3,3399426176.1,0.111111111111,2024-11-18
2024-11-14,agriculture,AG,3,-0.0383842191149,17,TATACONSUM,1,1946693331.01,0.111111111111,2024-11-18
2024-11-14,agriculture,AG,3,-0.0383842191149,17,PATANJALI,2,1048420788.2,0.111111111111,2024-11-18
2024-11-14,agriculture,AG,3,-0.0383842191149,17,BBTC,3,461646949.795,0.111111111111,2024-11-18
2024-11-22,manufacturing,MF,1,0.0381468883055,7,TITAGARH,1,1236908135.07,0.111111111111,2024-11-25
2024-11-22,manufacturing,MF,1,0.0381468883055,7,TEXRAIL,2,564650712.843,0.111111111111,2024-11-25
2024-11-22,manufacturing,MF,1,0.0381468883055,7,GRINDWELL,3,169863532.15,0.111111111111,2024-11-25
2024-11-22,textiles,TX,2,0.0197844023592,36,PAGEIND,1,1495870185.03,0.111111111111,2024-11-25
2024-11-22,textiles,TX,2,0.0197844023592,36,RAYMOND,2,533604934.245,0.111111111111,2024-11-25
2024-11-22,textiles,TX,2,0.0197844023592,36,KITEX,3,412480733.137,0.111111111111,2024-11-25
2024-11-22,healthcare,HC,3,0.0157053819168,92,PPLPHARMA,1,5288667604.41,0.111111111111,2024-11-25
2024-11-22,healthcare,HC,3,0.0157053819168,92,CIPLA,2,4121131053.89,0.111111111111,2024-11-25
2024-11-22,healthcare,HC,3,0.0157053819168,92,SUNPHARMA,3,3565304727.1,0.111111111111,2024-11-25
2024-11-29,manufacturing,MF,1,0.104458301983,7,TITAGARH,1,1241313002.72,0.111111111111,2024-12-02
2024-11-29,manufacturing,MF,1,0.104458301983,7,TEXRAIL,2,422336896.334,0.111111111111,2024-12-02
2024-11-29,manufacturing,MF,1,0.104458301983,7,GRINDWELL,3,232240872.303,0.111111111111,2024-12-02
2024-11-29,textiles,TX,2,0.0634249739632,39,PAGEIND,1,1737494433.81,0.111111111111,2024-12-02
2024-11-29,textiles,TX,2,0.0634249739632,39,RAYMOND,2,705534696.112,0.111111111111,2024-12-02
2024-11-29,textiles,TX,2,0.0634249739632,39,KITEX,3,459855961.308,0.111111111111,2024-12-02
2024-11-29,aviation,AV,3,0.0565823493229,8,BEL,1,6681663716.35,0.111111111111,2024-12-02
2024-11-29,aviation,AV,3,0.0565823493229,8,HAL,2,6603811683.27,0.111111111111,2024-12-02
2024-11-29,aviation,AV,3,0.0565823493229,8,INDIGO,3,3277255178.82,0.111111111111,2024-12-02
2024-12-06,manufacturing,MF,1,0.0780686731026,7,TITAGARH,1,1200863806.34,0.111111111111,2024-12-09
2024-12-06,manufacturing,MF,1,0.0780686731026,7,TEXRAIL,2,373226498.453,0.111111111111,2024-12-09
2024-12-06,manufacturing,MF,1,0.0780686731026,7,CARBORUNIV,3,153364198.113,0.111111111111,2024-12-09
2024-12-06,textiles,TX,2,0.0771692086202,40,PAGEIND,1,2244564615.36,0.111111111111,2024-12-09
2024-12-06,textiles,TX,2,0.0771692086202,40,RAYMOND,2,612339114.62,0.111111111111,2024-12-09
2024-12-06,textiles,TX,2,0.0771692086202,40,HIMATSEIDE,3,488794390.604,0.111111111111,2024-12-09
2024-12-06,media_entertainment,ME,3,0.0707510703171,10,ZEEL,1,1969150974.7,0.111111111111,2024-12-09
2024-12-06,media_entertainment,ME,3,0.0707510703171,10,PVRINOX,2,795174186.03,0.111111111111,2024-12-09
2024-12-06,media_entertainment,ME,3,0.0707510703171,10,NETWORK18,3,335543996.247,0.111111111111,2024-12-09
2024-12-13,textiles,TX,1,0.243285342387,43,RAYMOND,1,2521953835.11,0.111111111111,2024-12-16
2024-12-13,textiles,TX,1,0.243285342387,43,PAGEIND,2,1963411027.64,0.111111111111,2024-12-16
2024-12-13,textiles,TX,1,0.243285342387,43,TRIDENT,3,943032527.482,0.111111111111,2024-12-16
2024-12-13,telecom,TC,2,0.173203821768,15,BHARTIARTL,1,12322475461.9,0.111111111111,2024-12-16
2024-12-13,telecom,TC,2,0.173203821768,15,ITI,2,6675453631.93,0.111111111111,2024-12-16
2024-12-13,telecom,TC,2,0.173203821768,15,INDUSTOWER,3,4061387196.86,0.111111111111,2024-12-16
2024-12-13,electricals,EL,3,0.152253039032,25,PREMIERENE,1,5298014419.78,0.111111111111,2024-12-16
2024-12-13,electricals,EL,3,0.152253039032,25,KAYNES,2,2653025769.58,0.111111111111,2024-12-16
2024-12-13,electricals,EL,3,0.152253039032,25,ABB,3,2469705829.19,0.111111111111,2024-12-16
2024-12-20,textiles,TX,1,0.182007022382,49,RAYMOND,1,2501292163.24,0.111111111111,2024-12-23
2024-12-20,textiles,TX,1,0.182007022382,49,PAGEIND,2,2024191325.32,0.111111111111,2024-12-23
2024-12-20,textiles,TX,1,0.182007022382,49,TRIDENT,3,1033549052.91,0.111111111111,2024-12-23
2024-12-20,paper,PA,2,0.137781925056,13,PDMJEPAPER,1,417745467.302,0.111111111111,2024-12-23
2024-12-20,paper,PA,2,0.137781925056,13,JKPAPER,2,360115367.052,0.111111111111,2024-12-23
2024-12-20,paper,PA,2,0.137781925056,13,TNPL,3,195152457.299,0.111111111111,2024-12-23
2024-12-20,electricals,EL,3,0.131845607829,26,PREMIERENE,1,5243923430.14,0.111111111111,2024-12-23
2024-12-20,electricals,EL,3,0.131845607829,26,KAYNES,2,4518871025.4,0.111111111111,2024-12-23
2024-12-20,electricals,EL,3,0.131845607829,26,ABB,3,2398912317.6,0.111111111111,2024-12-23
2024-12-27,textiles,TX,1,0.0977188706231,48,RAYMOND,1,2421562667.6,0.111111111111,2024-12-30
2024-12-27,textiles,TX,1,0.0977188706231,48,PAGEIND,2,1890546637.85,0.111111111111,2024-12-30
2024-12-27,textiles,TX,1,0.0977188706231,48,TRIDENT,3,1056205574.56,0.111111111111,2024-12-30
2024-12-27,paper,PA,2,0.0834150520004,12,PDMJEPAPER,1,419120431.758,0.111111111111,2024-12-30
2024-12-27,paper,PA,2,0.0834150520004,12,JKPAPER,2,353497259.442,0.111111111111,2024-12-30
2024-12-27,paper,PA,2,0.0834150520004,12,TNPL,3,210708634.87,0.111111111111,2024-12-30
2024-12-27,hospitality,HP,3,0.076811518475,20,INDHOTEL,1,2338558731.63,0.111111111111,2024-12-30
2024-12-27,hospitality,HP,3,0.076811518475,20,BLS,2,1921998482.22,0.111111111111,2024-12-30
2024-12-27,hospitality,HP,3,0.076811518475,20,CHALET,3,1012362540.43,0.111111111111,2024-12-30
2025-01-03,alcohol,AL,1,0.0850400955934,10,UNITDSPR,1,1374200838.57,0.111111111111,2025-01-06
2025-01-03,alcohol,AL,1,0.0850400955934,10,RADICO,2,968235753.67,0.111111111111,2025-01-06
2025-01-03,alcohol,AL,1,0.0850400955934,10,TI,3,513521405.672,0.111111111111,2025-01-06
2025-01-03,hospitality,HP,2,0.0708776182563,20,INDHOTEL,1,2865306869.12,0.111111111111,2025-01-06
2025-01-03,hospitality,HP,2,0.0708776182563,20,BLS,2,1928937629.07,0.111111111111,2025-01-06
2025-01-03,hospitality,HP,2,0.0708776182563,20,CHALET,3,1055960637.01,0.111111111111,2025-01-06
2025-01-03,aviation,AV,3,0.0586475562287,8,HAL,1,5577479060.45,0.111111111111,2025-01-06
2025-01-03,aviation,AV,3,0.0586475562287,8,BEL,2,3851173107.01,0.111111111111,2025-01-06
2025-01-03,aviation,AV,3,0.0586475562287,8,INDIGO,3,3209441036.03,0.111111111111,2025-01-06
2025-01-10,alcohol,AL,1,-0.0202868076974,10,UNITDSPR,1,1479538511.18,0.111111111111,2025-01-13
2025-01-10,alcohol,AL,1,-0.0202868076974,10,RADICO,2,830484305.972,0.111111111111,2025-01-13
2025-01-10,alcohol,AL,1,-0.0202868076974,10,TI,3,518476533.005,0.111111111111,2025-01-13
2025-01-10,healthcare,HC,2,-0.0305339213759,91,SUNPHARMA,1,3292856564.15,0.111111111111,2025-01-13
2025-01-10,healthcare,HC,2,-0.0305339213759,91,LUPIN,2,2645510620.75,0.111111111111,2025-01-13
2025-01-10,healthcare,HC,2,-0.0305339213759,91,CIPLA,3,2412295681.76,0.111111111111,2025-01-13
2025-01-10,oil_gas,OG,3,-0.036709265187,14,RELIANCE,1,15749034737.9,0.111111111111,2025-01-13
2025-01-10,oil_gas,OG,3,-0.036709265187,14,ONGC,2,4295186793.44,0.111111111111,2025-01-13
2025-01-10,oil_gas,OG,3,-0.036709265187,14,BPCL,3,2150699818.23,0.111111111111,2025-01-13
2025-01-17,aviation,AV,1,-0.00180200919886,8,HAL,1,5340506960.42,0.111111111111,2025-01-20
2025-01-17,aviation,AV,1,-0.00180200919886,8,BEL,2,3811162328,0.111111111111,2025-01-20
2025-01-17,aviation,AV,1,-0.00180200919886,8,INDIGO,3,3755836544.22,0.111111111111,2025-01-20
2025-01-17,insurance,IN,2,-0.0262347960879,7,POLICYBZR,1,3268672673.37,0.111111111111,2025-01-20
2025-01-17,insurance,IN,2,-0.0262347960879,7,HDFCLIFE,2,2405510805.22,0.111111111111,2025-01-20
2025-01-17,insurance,IN,2,-0.0262347960879,7,SBILIFE,3,2173324852.59,0.111111111111,2025-01-20
2025-01-17,oil_gas,OG,3,-0.0303314120086,14,RELIANCE,1,15643028384.6,0.111111111111,2025-01-20
2025-01-17,oil_gas,OG,3,-0.0303314120086,14,ONGC,2,4563812104.24,0.111111111111,2025-01-20
2025-01-17,oil_gas,OG,3,-0.0303314120086,14,BPCL,3,2236506433.16,0.111111111111,2025-01-20
2025-01-24,trading,TR,1,-0.0265035138904,9,ADANIENT,1,4609080733.14,0.111111111111,2025-01-27
2025-01-24,trading,TR,1,-0.0265035138904,9,REDINGTON,2,1348524395.74,0.111111111111,2025-01-27
2025-01-24,trading,TR,1,-0.0265035138904,9,MMTC,3,333639766.182,0.111111111111,2025-01-27
2025-01-24,diversified,DV,2,-0.0357035069831,17,ITC,1,7112102424.31,0.111111111111,2025-01-27
2025-01-24,diversified,DV,2,-0.0357035069831,17,SRF,2,2642567975.3,0.111111111111,2025-01-27
2025-01-24,diversified,DV,2,-0.0357035069831,17,GRASIM,3,1586548497.57,0.111111111111,2025-01-27
2025-01-24,banks,BN,3,-0.0384287378876,37,HDFCBANK,1,18598389411.4,0.111111111111,2025-01-27
2025-01-24,banks,BN,3,-0.0384287378876,37,AXISBANK,2,11936931517.4,0.111111111111,2025-01-27
2025-01-24,banks,BN,3,-0.0384287378876,37,ICICIBANK,3,11758317662.2,0.111111111111,2025-01-27
2025-01-31,banks,BN,1,-0.0210994915376,37,HDFCBANK,1,19225476218.3,0.111111111111,2025-02-03
2025-01-31,banks,BN,1,-0.0210994915376,37,AXISBANK,2,13412660836.6,0.111111111111,2025-02-03
2025-01-31,banks,BN,1,-0.0210994915376,37,ICICIBANK,3,12780231889.5,0.111111111111,2025-02-03
2025-01-31,diversified,DV,2,-0.0460921225824,17,ITC,1,6312831874.8,0.111111111111,2025-02-03
2025-01-31,diversified,DV,2,-0.0460921225824,17,SRF,2,3427089056.15,0.111111111111,2025-02-03
2025-01-31,diversified,DV,2,-0.0460921225824,17,GRASIM,3,1444994359,0.111111111111,2025-02-03
2025-01-31,agriculture,AG,3,-0.060304031955,20,TATACONSUM,1,1896174700.18,0.111111111111,2025-02-03
2025-01-31,agriculture,AG,3,-0.060304031955,20,PATANJALI,2,1147775625.87,0.111111111111,2025-02-03
2025-01-31,agriculture,AG,3,-0.060304031955,20,AVANTIFEED,3,678281887.648,0.111111111111,2025-02-03
2025-02-07,banks,BN,1,0.0472192806952,37,HDFCBANK,1,19875219200.8,0.111111111111,2025-02-10
2025-02-07,banks,BN,1,0.0472192806952,37,AXISBANK,2,13936702798.2,0.111111111111,2025-02-10
2025-02-07,banks,BN,1,0.0472192806952,37,ICICIBANK,3,13068532120.5,0.111111111111,2025-02-10
2025-02-07,agriculture,AG,2,0.0176227059428,20,TATACONSUM,1,1794906968.84,0.111111111111,2025-02-10
2025-02-07,agriculture,AG,2,0.0176227059428,20,PATANJALI,2,1445354296.33,0.111111111111,2025-02-10
2025-02-07,agriculture,AG,2,0.0176227059428,20,AVANTIFEED,3,669698909.828,0.111111111111,2025-02-10
2025-02-07,alcohol,AL,3,-0.00186377875445,10,UNITDSPR,1,1382918271.74,0.111111111111,2025-02-10
2025-02-07,alcohol,AL,3,-0.00186377875445,10,UBL,2,548054037.263,0.111111111111,2025-02-10
2025-02-07,alcohol,AL,3,-0.00186377875445,10,RADICO,3,458911671.303,0.111111111111,2025-02-10
2025-02-14,banks,BN,1,-0.0531634624144,37,HDFCBANK,1,19544214121.7,0.111111111111,2025-02-17
2025-02-14,banks,BN,1,-0.0531634624144,37,ICICIBANK,2,12591415156.6,0.111111111111,2025-02-17
2025-02-14,banks,BN,1,-0.0531634624144,37,AXISBANK,3,11818218112.3,0.111111111111,2025-02-17
2025-02-14,fmcg,FG,2,-0.071628920993,37,HINDUNILVR,1,4034157965.8,0.111111111111,2025-02-17
2025-02-14,fmcg,FG,2,-0.071628920993,37,GODFRYPHLP,2,2437807567.18,0.111111111111,2025-02-17
2025-02-14,fmcg,FG,2,-0.071628920993,37,BRITANNIA,3,2204656093.09,0.111111111111,2025-02-17
2025-02-14,footwear,FW,3,-0.0852201059023,7,BATAINDIA,1,341715251.603,0.111111111111,2025-02-17
2025-02-14,footwear,FW,3,-0.0852201059023,7,CAMPUS,2,287996093.49,0.111111111111,2025-02-17
2025-02-14,footwear,FW,3,-0.0852201059023,7,METROBRAND,3,188731195.868,0.111111111111,2025-02-17
2025-02-21,banks,BN,1,-0.0311914604881,37,HDFCBANK,1,17361690438.4,0.111111111111,2025-02-24
2025-02-21,banks,BN,1,-0.0311914604881,37,ICICIBANK,2,11877667952.3,0.111111111111,2025-02-24
2025-02-21,banks,BN,1,-0.0311914604881,37,SBIN,3,9653840775.29,0.111111111111,2025-02-24
2025-02-21,fmcg,FG,2,-0.0394772583525,37,GODFRYPHLP,1,5514343506.18,0.111111111111,2025-02-24
2025-02-21,fmcg,FG,2,-0.0394772583525,37,HINDUNILVR,2,3651483842.89,0.111111111111,2025-02-24
2025-02-21,fmcg,FG,2,-0.0394772583525,37,BRITANNIA,3,2095480883.61,0.111111111111,2025-02-24
2025-02-21,power,PW,3,-0.0427774907204,24,WAAREEENER,1,4278601573.34,0.111111111111,2025-02-24
2025-02-21,power,PW,3,-0.0427774907204,24,NTPC,2,3958357430.58,0.111111111111,2025-02-24
2025-02-21,power,PW,3,-0.0427774907204,24,POWERGRID,3,3882240707.44,0.111111111111,2025-02-24
2025-02-28,hospitality,HP,1,-0.085019462402,19,INDHOTEL,1,2265931631.97,0.111111111111,2025-03-03
2025-02-28,hospitality,HP,1,-0.085019462402,19,BLS,2,1313117984.09,0.111111111111,2025-03-03
2025-02-28,hospitality,HP,1,-0.085019462402,19,LEMONTREE,3,570286075.579,0.111111111111,2025-03-03
2025-02-28,banks,BN,2,-0.0859250043206,37,HDFCBANK,1,19304811758.4,0.111111111111,2025-03-03
2025-02-28,banks,BN,2,-0.0859250043206,37,ICICIBANK,2,11869416299.1,0.111111111111,2025-03-03
2025-02-28,banks,BN,2,-0.0859250043206,37,SBIN,3,9445825732.44,0.111111111111,2025-03-03
2025-02-28,fmcg,FG,3,-0.0874438511514,36,GODFRYPHLP,1,6089155337.57,0.111111111111,2025-03-03
2025-02-28,fmcg,FG,3,-0.0874438511514,36,HINDUNILVR,2,3877393811.72,0.111111111111,2025-03-03
2025-02-28,fmcg,FG,3,-0.0874438511514,36,NESTLEIND,3,2097231087.32,0.111111111111,2025-03-03
2025-03-07,metals_Mining,MM,1,-0.0463548191351,55,TATASTEEL,1,5393124550.92,0.111111111111,2025-03-10
2025-03-07,metals_Mining,MM,1,-0.0463548191351,55,HINDALCO,2,4242887207.07,0.111111111111,2025-03-10
2025-03-07,metals_Mining,MM,1,-0.0463548191351,55,VEDL,3,4230869162.6,0.111111111111,2025-03-10
2025-03-07,containers_packaging,CP,2,-0.0572414199317,7,AGI,1,164140064.782,0.111111111111,2025-03-10
2025-03-07,containers_packaging,CP,2,-0.0572414199317,7,TCPLPACK,2,122804005.542,0.111111111111,2025-03-10
2025-03-07,containers_packaging,CP,2,-0.0572414199317,7,COSMOFIRST,3,84105175.8325,0.111111111111,2025-03-10
2025-03-07,durables,DR,3,-0.0641048576547,23,AMBER,1,4332990987.56,0.111111111111,2025-03-10
2025-03-07,durables,DR,3,-0.0641048576547,23,DIXON,2,4053148707.3,0.111111111111,2025-03-10
2025-03-07,durables,DR,3,-0.0641048576547,23,VOLTAS,3,2824230810.97,0.111111111111,2025-03-10
2025-03-13,hospitality,HP,1,-0.0161272711509,19,INDHOTEL,1,2118009932.11,0.111111111111,2025-03-17
2025-03-13,hospitality,HP,1,-0.0161272711509,19,BLS,2,1141395133.83,0.111111111111,2025-03-17
2025-03-13,hospitality,HP,1,-0.0161272711509,19,TAJGVK,3,496167002.882,0.111111111111,2025-03-17
2025-03-13,durables,DR,2,-0.0262693502252,23,AMBER,1,4545136936.98,0.111111111111,2025-03-17
2025-03-13,durables,DR,2,-0.0262693502252,23,DIXON,2,4339469642.73,0.111111111111,2025-03-17
2025-03-13,durables,DR,2,-0.0262693502252,23,VOLTAS,3,2965817480.51,0.111111111111,2025-03-17
2025-03-13,metals_Mining,MM,3,-0.0286743422645,56,TATASTEEL,1,5700068254.96,0.111111111111,2025-03-17
2025-03-13,metals_Mining,MM,3,-0.0286743422645,56,HINDALCO,2,4628501216.39,0.111111111111,2025-03-17
2025-03-13,metals_Mining,MM,3,-0.0286743422645,56,VEDL,3,3968849050.18,0.111111111111,2025-03-17
2025-03-21,aviation,AV,1,0.103262401179,8,HAL,1,6450882111.18,0.111111111111,2025-03-24
2025-03-21,aviation,AV,1,0.103262401179,8,BEL,2,5970461370.86,0.111111111111,2025-03-24
2025-03-21,aviation,AV,1,0.103262401179,8,INDIGO,3,4781257678.39,0.111111111111,2025-03-24
2025-03-21,hospitality,HP,2,0.0829244067623,20,INDHOTEL,1,2376594260.91,0.111111111111,2025-03-24
2025-03-21,hospitality,HP,2,0.0829244067623,20,BLS,2,1253234500.38,0.111111111111,2025-03-24
2025-03-21,hospitality,HP,2,0.0829244067623,20,TAJGVK,3,500077769.897,0.111111111111,2025-03-24
2025-03-21,metals_Mining,MM,3,0.0749650954771,59,TATASTEEL,1,6431922026.5,0.111111111111,2025-03-24
2025-03-21,metals_Mining,MM,3,0.0749650954771,59,HINDALCO,2,4700697827.15,0.111111111111,2025-03-24
2025-03-21,metals_Mining,MM,3,0.0749650954771,59,VEDL,3,4014397175.15,0.111111111111,2025-03-24
2025-03-28,aviation,AV,1,0.101714502602,8,HAL,1,9261128354.53,0.111111111111,2025-04-01
2025-03-28,aviation,AV,1,0.101714502602,8,BEL,2,6622239517.37,0.111111111111,2025-04-01
2025-03-28,aviation,AV,1,0.101714502602,8,INDIGO,3,5098545729.03,0.111111111111,2025-04-01
2025-03-28,power,PW,2,0.101421174714,24,NTPC,1,5718122162.73,0.111111111111,2025-04-01
2025-03-28,power,PW,2,0.101421174714,24,POWERGRID,2,4619745114.83,0.111111111111,2025-04-01
2025-03-28,power,PW,2,0.101421174714,24,IREDA,3,3679517919.9,0.111111111111,2025-04-01
2025-03-28,oil_gas,OG,3,0.0896765618346,14,RELIANCE,1,18722406398.3,0.111111111111,2025-04-01
2025-03-28,oil_gas,OG,3,0.0896765618346,14,BPCL,2,4031094024.67,0.111111111111,2025-04-01
2025-03-28,oil_gas,OG,3,0.0896765618346,14,ONGC,3,3100817051.99,0.111111111111,2025-04-01
2025-04-04,manufacturing,MF,1,0.0823722434838,6,TITAGARH,1,1805788450.02,0.111111111111,2025-04-07
2025-04-04,manufacturing,MF,1,0.0823722434838,6,CARBORUNIV,2,420147600.455,0.111111111111,2025-04-07
2025-04-04,manufacturing,MF,1,0.0823722434838,6,TEXRAIL,3,370056878.256,0.111111111111,2025-04-07
2025-04-04,infrastructure,IF,2,0.0757936391422,31,LT,1,6829426633.9,0.111111111111,2025-04-07
2025-04-04,infrastructure,IF,2,0.0757936391422,31,RVNL,2,3486269989.9,0.111111111111,2025-04-07
2025-04-04,infrastructure,IF,2,0.0757936391422,31,ADANIPORTS,3,2419963140.33,0.111111111111,2025-04-07
2025-04-04,power,PW,3,0.0741830590723,24,NTPC,1,5876722311.84,0.111111111111,2025-04-07
2025-04-04,power,PW,3,0.0741830590723,24,POWERGRID,2,4665595029.06,0.111111111111,2025-04-07
2025-04-04,power,PW,3,0.0741830590723,24,IREDA,3,3303325355.54,0.111111111111,2025-04-07
2025-04-11,power,PW,1,0.0778180286277,24,NTPC,1,5884136780.24,0.111111111111,2025-04-15
2025-04-11,power,PW,1,0.0778180286277,24,POWERGRID,2,5086273013.18,0.111111111111,2025-04-15
2025-04-11,power,PW,1,0.0778180286277,24,IREDA,3,3256202600.54,0.111111111111,2025-04-15
2025-04-11,agriculture,AG,2,0.0727571440096,19,TATACONSUM,1,2373064695.5,0.111111111111,2025-04-15
2025-04-11,agriculture,AG,2,0.0727571440096,19,AVANTIFEED,2,1869567141.44,0.111111111111,2025-04-15
2025-04-11,agriculture,AG,2,0.0727571440096,19,PATANJALI,3,1267316221.42,0.111111111111,2025-04-15
2025-04-11,infrastructure,IF,3,0.070490297877,31,LT,1,8404496291.3,0.111111111111,2025-04-15
2025-04-11,infrastructure,IF,3,0.070490297877,31,RVNL,2,3086329838.87,0.111111111111,2025-04-15
2025-04-11,infrastructure,IF,3,0.070490297877,31,ADANIPORTS,3,2337826494.44,0.111111111111,2025-04-15
2025-04-17,infrastructure,IF,1,0.156114075449,31,LT,1,8636292856.14,0.111111111111,2025-04-21
2025-04-17,infrastructure,IF,1,0.156114075449,31,RVNL,2,3106934761.95,0.111111111111,2025-04-21
2025-04-17,infrastructure,IF,1,0.156114075449,31,ADANIPORTS,3,2592634823.23,0.111111111111,2025-04-21
2025-04-17,diamond_jewellery,DJ,2,0.155355402459,12,KALYANKJIL,1,4690543277.39,0.111111111111,2025-04-21
2025-04-17,diamond_jewellery,DJ,2,0.155355402459,12,TITAN,2,3825245030.08,0.111111111111,2025-04-21
2025-04-17,diamond_jewellery,DJ,2,0.155355402459,12,IGIL,3,783749413.072,0.111111111111,2025-04-21
2025-04-17,finance,FN,3,0.150942965582,93,BSE,1,25111729922,0.111111111111,2025-04-21
2025-04-17,finance,FN,3,0.150942965582,93,JIOFIN,2,7489373862.93,0.111111111111,2025-04-21
2025-04-17,finance,FN,3,0.150942965582,93,BAJAJFINSV,3,4553165843.82,0.111111111111,2025-04-21
2025-04-25,fmcg,FG,1,0.0687858369591,36,HINDUNILVR,1,5912774812.45,0.111111111111,2025-04-28
2025-04-25,fmcg,FG,1,0.0687858369591,36,BRITANNIA,2,3576412556.58,0.111111111111,2025-04-28
2025-04-25,fmcg,FG,1,0.0687858369591,36,GODREJCP,3,2144978699.24,0.111111111111,2025-04-28
2025-04-25,banks,BN,2,0.0480515876488,38,HDFCBANK,1,28046937315.5,0.111111111111,2025-04-28
2025-04-25,banks,BN,2,0.0480515876488,38,ICICIBANK,2,17996317104.2,0.111111111111,2025-04-28
2025-04-25,banks,BN,2,0.0480515876488,38,INDUSINDBK,3,10477657090.7,0.111111111111,2025-04-28
2025-04-25,trading,TR,3,0.0459164022318,10,ADANIENT,1,2441123615.09,0.111111111111,2025-04-28
2025-04-25,trading,TR,3,0.0459164022318,10,REDINGTON,2,1165474071.8,0.111111111111,2025-04-28
2025-04-25,trading,TR,3,0.0459164022318,10,STYLEBAAZA,3,343235062.224,0.111111111111,2025-04-28
2025-05-02,aviation,AV,1,0.0925007035691,8,HAL,1,10440141478.3,0.111111111111,2025-05-05
2025-05-02,aviation,AV,1,0.0925007035691,8,BEL,2,6902257364.49,0.111111111111,2025-05-05
2025-05-02,aviation,AV,1,0.0925007035691,8,INDIGO,3,5831371625.7,0.111111111111,2025-05-05
2025-05-02,banks,BN,2,0.0867154175561,38,HDFCBANK,1,26148162710.2,0.111111111111,2025-05-05
2025-05-02,banks,BN,2,0.0867154175561,38,ICICIBANK,2,17932042907.3,0.111111111111,2025-05-05
2025-05-02,banks,BN,2,0.0867154175561,38,SBIN,3,10651413949.6,0.111111111111,2025-05-05
2025-05-02,fmcg,FG,3,0.0721831981196,36,HINDUNILVR,1,5691903050.82,0.111111111111,2025-05-05
2025-05-02,fmcg,FG,3,0.0721831981196,36,NESTLEIND,2,2234530556.55,0.111111111111,2025-05-05
2025-05-02,fmcg,FG,3,0.0721831981196,36,BRITANNIA,3,1899869885.08,0.111111111111,2025-05-05
2025-05-09,aviation,AV,1,0.184728515008,8,HAL,1,9647236393,0.111111111111,2025-05-12
2025-05-09,aviation,AV,1,0.184728515008,8,BEL,2,6461126816.11,0.111111111111,2025-05-12
2025-05-09,aviation,AV,1,0.184728515008,8,INDIGO,3,6421553715.22,0.111111111111,2025-05-12
2025-05-09,textiles,TX,2,0.118777687131,38,WELSPUNLIV,1,1947030927.26,0.111111111111,2025-05-12
2025-05-09,textiles,TX,2,0.118777687131,38,KPRMILL,2,1498289633.07,0.111111111111,2025-05-12
2025-05-09,textiles,TX,2,0.118777687131,38,PAGEIND,3,1023172041.54,0.111111111111,2025-05-12
2025-05-09,insurance,IN,3,0.0970077640188,8,SBILIFE,1,2928655348.1,0.111111111111,2025-05-12
2025-05-09,insurance,IN,3,0.0970077640188,8,HDFCLIFE,2,2344057134.13,0.111111111111,2025-05-12
2025-05-09,insurance,IN,3,0.0970077640188,8,POLICYBZR,3,2209997274.17,0.111111111111,2025-05-12
2025-05-16,aviation,AV,1,0.222791785604,8,HAL,1,14729748585.3,0.111111111111,2025-05-19
2025-05-16,aviation,AV,1,0.222791785604,8,BEL,2,9486954317.15,0.111111111111,2025-05-19
2025-05-16,aviation,AV,1,0.222791785604,8,INDIGO,3,6333456473.38,0.111111111111,2025-05-19
2025-05-16,electricals,EL,2,0.155542509376,23,KAYNES,1,3697450497.26,0.111111111111,2025-05-19
2025-05-16,electricals,EL,2,0.155542509376,23,POLYCAB,2,2756206919.75,0.111111111111,2025-05-19
2025-05-16,electricals,EL,2,0.155542509376,23,ABB,3,2393003502.45,0.111111111111,2025-05-19
2025-05-16,paper,PA,3,0.123479617277,5,JKPAPER,1,120898078.99,0.111111111111,2025-05-19
2025-05-16,paper,PA,3,0.123479617277,5,WSTCSTPAPR,2,46148099.74,0.111111111111,2025-05-19
2025-05-16,paper,PA,3,0.123479617277,5,ORIENTPPR,3,32782535.7495,0.111111111111,2025-05-19
2025-05-23,aviation,AV,1,0.170307231624,8,HAL,1,17362655030.4,0.111111111111,2025-05-26
2025-05-23,aviation,AV,1,0.170307231624,8,BEL,2,13706563005.4,0.111111111111,2025-05-26
2025-05-23,aviation,AV,1,0.170307231624,8,INDIGO,3,6247794394.27,0.111111111111,2025-05-26
2025-05-23,containers_packaging,CP,2,0.130215351779,7,COSMOFIRST,1,242469832.627,0.111111111111,2025-05-26
2025-05-23,containers_packaging,CP,2,0.130215351779,7,AGI,2,144120935.42,0.111111111111,2025-05-26
2025-05-23,containers_packaging,CP,2,0.130215351779,7,UFLEX,3,74112590.26,0.111111111111,2025-05-26
2025-05-23,electricals,EL,3,0.124947517075,23,KAYNES,1,3547234683.18,0.111111111111,2025-05-26
2025-05-23,electricals,EL,3,0.124947517075,23,POLYCAB,2,2632658789.22,0.111111111111,2025-05-26
2025-05-23,electricals,EL,3,0.124947517075,23,ABB,3,1982887323.97,0.111111111111,2025-05-26
2025-05-30,containers_packaging,CP,1,0.266691428537,7,COSMOFIRST,1,428431744.125,0.111111111111,2025-06-02
2025-05-30,containers_packaging,CP,1,0.266691428537,7,AGI,2,124001809.645,0.111111111111,2025-06-02
2025-05-30,containers_packaging,CP,1,0.266691428537,7,UFLEX,3,82657817.655,0.111111111111,2025-06-02
2025-05-30,aviation,AV,2,0.208999114568,8,HAL,1,15952773306.2,0.111111111111,2025-06-02
2025-05-30,aviation,AV,2,0.208999114568,8,INDIGO,2,13709929321.5,0.111111111111,2025-06-02
2025-05-30,aviation,AV,2,0.208999114568,8,BEL,3,13523529499,0.111111111111,2025-06-02
2025-05-30,plastic_products,PP,3,0.18918684243,19,ASTRAL,1,1660845307.11,0.111111111111,2025-06-02
2025-05-30,plastic_products,PP,3,0.18918684243,19,SUPREMEIND,2,1601358221.87,0.111111111111,2025-06-02
2025-05-30,plastic_products,PP,3,0.18918684243,19,FINPIPE,3,635923212.909,0.111111111111,2025-06-02
2025-06-06,containers_packaging,CP,1,0.256165203608,7,COSMOFIRST,1,485612731.345,0.111111111111,2025-06-09
2025-06-06,containers_packaging,CP,1,0.256165203608,7,AGI,2,113387578.33,0.111111111111,2025-06-09
2025-06-06,containers_packaging,CP,1,0.256165203608,7,UFLEX,3,86790758.29,0.111111111111,2025-06-09
2025-06-06,telecom,TC,2,0.241280853424,15,BHARTIARTL,1,20918820575.8,0.111111111111,2025-06-09
2025-06-06,telecom,TC,2,0.241280853424,15,INDUSTOWER,2,2992694306.31,0.111111111111,2025-06-09
2025-06-06,telecom,TC,2,0.241280853424,15,RAILTEL,3,2778950066.65,0.111111111111,2025-06-09
2025-06-06,real_estate,RE,3,0.241150300324,31,DLF,1,4340661073.05,0.111111111111,2025-06-09
2025-06-06,real_estate,RE,3,0.241150300324,31,GODREJPROP,2,2504325075.34,0.111111111111,2025-06-09
2025-06-06,real_estate,RE,3,0.241150300324,31,NBCC,3,2415748903.63,0.111111111111,2025-06-09
2025-06-13,plastic_products,PP,1,0.122282391041,19,ASTRAL,1,1758957407.85,0.111111111111,2025-06-16
2025-06-13,plastic_products,PP,1,0.122282391041,19,SUPREMEIND,2,1634006672.96,0.111111111111,2025-06-16
2025-06-13,plastic_products,PP,1,0.122282391041,19,FINPIPE,3,646401936.888,0.111111111111,2025-06-16
2025-06-13,real_estate,RE,2,0.105098751271,31,DLF,1,4326034630.68,0.111111111111,2025-06-16
2025-06-13,real_estate,RE,2,0.105098751271,31,GODREJPROP,2,2572759178.47,0.111111111111,2025-06-16
2025-06-13,real_estate,RE,2,0.105098751271,31,NBCC,3,2256274097.4,0.111111111111,2025-06-16
2025-06-13,containers_packaging,CP,3,0.10441806864,7,COSMOFIRST,1,514482242.512,0.111111111111,2025-06-16
2025-06-13,containers_packaging,CP,3,0.10441806864,7,JINDALPOLY,2,95759946.8,0.111111111111,2025-06-16
2025-06-13,containers_packaging,CP,3,0.10441806864,7,AGI,3,86075502.7725,0.111111111111,2025-06-16
2025-06-20,real_estate,RE,1,0.0773300277085,33,DLF,1,3595975812.61,0.111111111111,2025-06-23
2025-06-20,real_estate,RE,1,0.0773300277085,33,GODREJPROP,2,2753597307.43,0.111111111111,2025-06-23
2025-06-20,real_estate,RE,1,0.0773300277085,33,NBCC,3,2079047888.64,0.111111111111,2025-06-23
2025-06-20,telecom,TC,2,0.0700971070891,14,BHARTIARTL,1,12544485185.2,0.111111111111,2025-06-23
2025-06-20,telecom,TC,2,0.0700971070891,14,RAILTEL,2,3239605388.93,0.111111111111,2025-06-23
2025-06-20,telecom,TC,2,0.0700971070891,14,INDUSTOWER,3,2717253152.35,0.111111111111,2025-06-23
2025-06-20,trading,TR,3,0.0597235086699,9,ADANIENT,1,2420579999.4,0.111111111111,2025-06-23
2025-06-20,trading,TR,3,0.0597235086699,9,REDINGTON,2,998141036.533,0.111111111111,2025-06-23
2025-06-20,trading,TR,3,0.0597235086699,9,HEXT,3,810818170.095,0.111111111111,2025-06-23
2025-06-27,paper,PA,1,0.0890520836843,7,JKPAPER,1,105599060.273,0.111111111111,2025-06-30
2025-06-27,paper,PA,1,0.0890520836843,7,PAKKA,2,89046495.257,0.111111111111,2025-06-30
2025-06-27,paper,PA,1,0.0890520836843,7,WSTCSTPAPR,3,44146892.4,0.111111111111,2025-06-30
2025-06-27,real_estate,RE,2,0.0864867989605,34,DLF,1,3449335707.53,0.111111111111,2025-06-30
2025-06-27,real_estate,RE,2,0.0864867989605,34,GODREJPROP,2,2536476587.63,0.111111111111,2025-06-30
2025-06-27,real_estate,RE,2,0.0864867989605,34,PRESTIGE,3,1923040783.65,0.111111111111,2025-06-30
2025-06-27,trading,TR,3,0.0722163467083,9,ADANIENT,1,3069342831.81,0.111111111111,2025-06-30
2025-06-27,trading,TR,3,0.0722163467083,9,REDINGTON,2,1096435720.62,0.111111111111,2025-06-30
2025-06-27,trading,TR,3,0.0722163467083,9,HEXT,3,467809275.875,0.111111111111,2025-06-30
2025-07-04,paper,PA,1,0.117725741562,8,JKPAPER,1,245738625.705,0.111111111111,2025-07-07
2025-07-04,paper,PA,1,0.117725741562,8,PAKKA,2,98553817.243,0.111111111111,2025-07-07
2025-07-04,paper,PA,1,0.117725741562,8,WSTCSTPAPR,3,58930084.59,0.111111111111,2025-07-07
2025-07-04,trading,TR,2,0.0867945121677,9,ADANIENT,1,2970468421.93,0.111111111111,2025-07-07
2025-07-04,trading,TR,2,0.0867945121677,9,REDINGTON,2,1216345792.83,0.111111111111,2025-07-07
2025-07-04,trading,TR,2,0.0867945121677,9,HEXT,3,452636563.615,0.111111111111,2025-07-07
2025-07-04,media_entertainment,ME,3,0.0774868695886,9,ZEEL,1,3938319788.79,0.111111111111,2025-07-07
2025-07-04,media_entertainment,ME,3,0.0774868695886,9,NETWORK18,2,785297095.942,0.111111111111,2025-07-07
2025-07-04,media_entertainment,ME,3,0.0774868695886,9,PFOCUS,3,429762370.589,0.111111111111,2025-07-07
2025-07-11,media_entertainment,ME,1,0.0706489438836,8,ZEEL,1,3873059562.2,0.111111111111,2025-07-14
2025-07-11,media_entertainment,ME,1,0.0706489438836,8,NETWORK18,2,734301602.51,0.111111111111,2025-07-14
2025-07-11,media_entertainment,ME,1,0.0706489438836,8,PFOCUS,3,451592828.841,0.111111111111,2025-07-14
2025-07-11,electricals,EL,2,0.0674447688504,25,KAYNES,1,3414718946,0.111111111111,2025-07-14
2025-07-11,electricals,EL,2,0.0674447688504,25,EIEL,2,2649024090.08,0.111111111111,2025-07-14
2025-07-11,electricals,EL,2,0.0674447688504,25,POLYCAB,3,2535728207.72,0.111111111111,2025-07-14
2025-07-11,power,PW,3,0.0575984890301,21,WAAREEENER,1,9521176357.31,0.111111111111,2025-07-14
2025-07-11,power,PW,3,0.0575984890301,21,NTPC,2,6006909882.59,0.111111111111,2025-07-14
2025-07-11,power,PW,3,0.0575984890301,21,JPPOWER,3,4235699768.64,0.111111111111,2025-07-14
2025-07-18,media_entertainment,ME,1,0.128082919282,8,ZEEL,1,3656322926.93,0.111111111111,2025-07-21
2025-07-18,media_entertainment,ME,1,0.128082919282,8,NETWORK18,2,1905387243.74,0.111111111111,2025-07-21
2025-07-18,media_entertainment,ME,1,0.128082919282,8,PFOCUS,3,537833810.325,0.111111111111,2025-07-21
2025-07-18,construction_supplies,CS,2,0.110121766438,43,ULTRACEMCO,1,3572431659.4,0.111111111111,2025-07-21
2025-07-18,construction_supplies,CS,2,0.110121766438,43,AMBUJACEM,2,1438624261.91,0.111111111111,2025-07-21
2025-07-18,construction_supplies,CS,2,0.110121766438,43,SHREECEM,3,1343675676.75,0.111111111111,2025-07-21
2025-07-18,paper,PA,3,0.0869686706863,9,JKPAPER,1,312163513.57,0.111111111111,2025-07-21
2025-07-18,paper,PA,3,0.0869686706863,9,PAKKA,2,112346410.742,0.111111111111,2025-07-21
2025-07-18,paper,PA,3,0.0869686706863,9,WSTCSTPAPR,3,68744192.05,0.111111111111,2025-07-21
2025-07-25,alcohol,AL,1,0.0590955289241,10,TI,1,2534227185.39,0.111111111111,2025-07-28
2025-07-25,alcohol,AL,1,0.0590955289241,10,UNITDSPR,2,1595826312.52,0.111111111111,2025-07-28
2025-07-25,alcohol,AL,1,0.0590955289241,10,RADICO,3,524753358.29,0.111111111111,2025-07-28
2025-07-25,construction_supplies,CS,2,0.0486108995417,43,ULTRACEMCO,1,3276689248.85,0.111111111111,2025-07-28
2025-07-25,construction_supplies,CS,2,0.0486108995417,43,AMBUJACEM,2,1460994130.55,0.111111111111,2025-07-28
2025-07-25,construction_supplies,CS,2,0.0486108995417,43,GARUDA,3,1128822821.69,0.111111111111,2025-07-28
2025-07-25,footwear,FW,3,0.0397007570892,7,RELAXO,1,511273850.223,0.111111111111,2025-07-28
2025-07-25,footwear,FW,3,0.0397007570892,7,CAMPUS,2,296922293.85,0.111111111111,2025-07-28
2025-07-25,footwear,FW,3,0.0397007570892,7,BATAINDIA,3,170661531.085,0.111111111111,2025-07-28
2025-08-01,alcohol,AL,1,0.0461482299279,10,TI,1,3006209127.26,0.111111111111,2025-08-04
2025-08-01,alcohol,AL,1,0.0461482299279,10,UNITDSPR,2,1443546155.35,0.111111111111,2025-08-04
2025-08-01,alcohol,AL,1,0.0461482299279,10,RADICO,3,1006160530.95,0.111111111111,2025-08-04
2025-08-01,hospitality,HP,2,0.0103176972135,20,INDHOTEL,1,2086365194.01,0.111111111111,2025-08-04
2025-08-01,hospitality,HP,2,0.0103176972135,20,BLS,2,791698525.2,0.111111111111,2025-08-04
2025-08-01,hospitality,HP,2,0.0103176972135,20,LEMONTREE,3,680654513.303,0.111111111111,2025-08-04
2025-08-01,construction_supplies,CS,3,0.00451761888964,43,ULTRACEMCO,1,2974452116.3,0.111111111111,2025-08-04
2025-08-01,construction_supplies,CS,3,0.00451761888964,43,AMBUJACEM,2,1626102878.05,0.111111111111,2025-08-04
2025-08-01,construction_supplies,CS,3,0.00451761888964,43,GARUDA,3,1299408642.85,0.111111111111,2025-08-04
2025-08-08,alcohol,AL,1,0.0196802059091,10,TI,1,3088683358.6,0.111111111111,2025-08-11
2025-08-08,alcohol,AL,1,0.0196802059091,10,UNITDSPR,2,1472568802.76,0.111111111111,2025-08-11
2025-08-08,alcohol,AL,1,0.0196802059091,10,RADICO,3,1165928298.61,0.111111111111,2025-08-11
2025-08-08,metals_Mining,MM,2,-0.00434944207079,60,JAYNECOIND,1,4875233268.82,0.111111111111,2025-08-11
2025-08-08,metals_Mining,MM,2,-0.00434944207079,60,GMDCLTD,2,3448792823.37,0.111111111111,2025-08-11
2025-08-08,metals_Mining,MM,2,-0.00434944207079,60,TATASTEEL,3,3029653531.64,0.111111111111,2025-08-11
2025-08-08,construction_supplies,CS,3,-0.00909175789418,43,ULTRACEMCO,1,2844849392.85,0.111111111111,2025-08-11
2025-08-08,construction_supplies,CS,3,-0.00909175789418,43,AMBUJACEM,2,1504308823.17,0.111111111111,2025-08-11
2025-08-08,construction_supplies,CS,3,-0.00909175789418,43,KAJARIACER,3,1223474521.02,0.111111111111,2025-08-11
2025-08-14,aviation,AV,1,0.008322093563,8,HAL,1,5094506267.53,0.111111111111,2025-08-18
2025-08-14,aviation,AV,1,0.008322093563,8,BEL,2,4823575256.84,0.111111111111,2025-08-18
2025-08-14,aviation,AV,1,0.008322093563,8,INDIGO,3,4471408467.82,0.111111111111,2025-08-18
2025-08-14,insurance,IN,2,-0.0112015056653,8,POLICYBZR,1,2075302646.28,0.111111111111,2025-08-18
2025-08-14,insurance,IN,2,-0.0112015056653,8,NIACL,2,1842585039.07,0.111111111111,2025-08-18
2025-08-14,insurance,IN,2,-0.0112015056653,8,SBILIFE,3,1544937755.28,0.111111111111,2025-08-18
2025-08-14,alcohol,AL,3,-0.0151852043511,10,TI,1,2957027398.48,0.111111111111,2025-08-18
2025-08-14,alcohol,AL,3,-0.0151852043511,10,UNITDSPR,2,1330744480.14,0.111111111111,2025-08-18
2025-08-14,alcohol,AL,3,-0.0151852043511,10,RADICO,3,1168925938.37,0.111111111111,2025-08-18
2025-08-22,aviation,AV,1,0.0645199160252,8,HAL,1,5785631178.27,0.111111111111,2025-08-25
2025-08-22,aviation,AV,1,0.0645199160252,8,BEL,2,4894133812.04,0.111111111111,2025-08-25
2025-08-22,aviation,AV,1,0.0645199160252,8,INDIGO,3,4720315547.8,0.111111111111,2025-08-25
2025-08-22,hospitality,HP,2,0.0465287343616,19,INDHOTEL,1,1989800654.19,0.111111111111,2025-08-25
2025-08-22,hospitality,HP,2,0.0465287343616,19,YATRA,2,1199113724.07,0.111111111111,2025-08-25
2025-08-22,hospitality,HP,2,0.0465287343616,19,CHALET,3,908388179.638,0.111111111111,2025-08-25
2025-08-22,insurance,IN,3,0.0250718129042,8,NIACL,1,2093529479.84,0.111111111111,2025-08-25
2025-08-22,insurance,IN,3,0.0250718129042,8,POLICYBZR,2,1942259348.25,0.111111111111,2025-08-25
2025-08-22,insurance,IN,3,0.0250718129042,8,SBILIFE,3,1634123572.14,0.111111111111,2025-08-25
2025-08-29,hospitality,HP,1,0.05725639438,19,INDHOTEL,1,2013091711.77,0.111111111111,2025-09-01
2025-08-29,hospitality,HP,1,0.05725639438,19,YATRA,2,1274778439.34,0.111111111111,2025-09-01
2025-08-29,hospitality,HP,1,0.05725639438,19,BLS,3,1017480438.91,0.111111111111,2025-09-01
2025-08-29,aviation,AV,2,0.0507912653856,8,INDIGO,1,10074625417.3,0.111111111111,2025-09-01
2025-08-29,aviation,AV,2,0.0507912653856,8,HAL,2,5918489770.56,0.111111111111,2025-09-01
2025-08-29,aviation,AV,2,0.0507912653856,8,BEL,3,4524420168.23,0.111111111111,2025-09-01
2025-08-29,media_entertainment,ME,3,0.0196955907777,9,ZEEL,1,1142196824.11,0.111111111111,2025-09-01
2025-08-29,media_entertainment,ME,3,0.0196955907777,9,PVRINOX,2,611125542.28,0.111111111111,2025-09-01
2025-08-29,media_entertainment,ME,3,0.0196955907777,9,NETWORK18,3,489730968.682,0.111111111111,2025-09-01
2025-09-05,hospitality,HP,1,0.117059798456,19,INDHOTEL,1,1925996826.36,0.111111111111,2025-09-08
2025-09-05,hospitality,HP,1,0.117059798456,19,YATRA,2,1478418239.54,0.111111111111,2025-09-08
2025-09-05,hospitality,HP,1,0.117059798456,19,LEMONTREE,3,1170523451.42,0.111111111111,2025-09-08
2025-09-05,automobile,AT,2,0.0779108983928,88,OLAELEC,1,25531923914.5,0.111111111111,2025-09-08
2025-09-05,automobile,AT,2,0.0779108983928,88,M&M,2,10152496011.8,0.111111111111,2025-09-08
2025-09-05,automobile,AT,2,0.0779108983928,88,MARUTI,3,8164709584.1,0.111111111111,2025-09-08
2025-09-05,footwear,FW,3,0.0737498987461,5,BATAINDIA,1,520384710.57,0.111111111111,2025-09-08
2025-09-05,footwear,FW,3,0.0737498987461,5,RELAXO,2,236653622.53,0.111111111111,2025-09-08
2025-09-05,footwear,FW,3,0.0737498987461,5,CAMPUS,3,201131812.41,0.111111111111,2025-09-08
2025-09-12,aviation,AV,1,0.1442699488,8,INDIGO,1,9854625705.75,0.111111111111,2025-09-15
2025-09-12,aviation,AV,1,0.1442699488,8,APOLLO,2,7998249431.19,0.111111111111,2025-09-15
2025-09-12,aviation,AV,1,0.1442699488,8,HAL,3,5913717576.13,0.111111111111,2025-09-15
2025-09-12,footwear,FW,2,0.10962517813,5,BATAINDIA,1,548122466.015,0.111111111111,2025-09-15
2025-09-12,footwear,FW,2,0.10962517813,5,RELAXO,2,242805099.965,0.111111111111,2025-09-15
2025-09-12,footwear,FW,2,0.10962517813,5,CAMPUS,3,214585182.177,0.111111111111,2025-09-15
2025-09-12,automobile,AT,3,0.105130885544,87,M&M,1,10899428955,0.111111111111,2025-09-15
2025-09-12,automobile,AT,3,0.105130885544,87,MARUTI,2,9473565065.2,0.111111111111,2025-09-15
2025-09-12,automobile,AT,3,0.105130885544,87,HEROMOTOCO,3,5309692101.94,0.111111111111,2025-09-15
2025-09-19,footwear,FW,1,0.153841631883,7,BATAINDIA,1,463409898.735,0.111111111111,2025-09-22
2025-09-19,footwear,FW,1,0.153841631883,7,RELAXO,2,197975383.077,0.111111111111,2025-09-22
2025-09-19,footwear,FW,1,0.153841631883,7,REDTAPE,3,185421210.502,0.111111111111,2025-09-22
2025-09-19,aviation,AV,2,0.133624082782,8,INDIGO,1,9514748671.45,0.111111111111,2025-09-22
2025-09-19,aviation,AV,2,0.133624082782,8,APOLLO,2,9183923863.76,0.111111111111,2025-09-22
2025-09-19,aviation,AV,2,0.133624082782,8,HAL,3,5637921065.86,0.111111111111,2025-09-22
2025-09-19,electricals,EL,3,0.0775268344964,24,KAYNES,1,3578148262.12,0.111111111111,2025-09-22
2025-09-19,electricals,EL,3,0.0775268344964,24,OLECTRA,2,1850399251.7,0.111111111111,2025-09-22
2025-09-19,electricals,EL,3,0.0775268344964,24,POLYCAB,3,1457193272.08,0.111111111111,2025-09-22
2025-09-26,aviation,AV,1,0.111115479805,8,APOLLO,1,6788272045.51,0.111111111111,2025-09-29
2025-09-26,aviation,AV,1,0.111115479805,8,HAL,2,5797345359.81,0.111111111111,2025-09-29
2025-09-26,aviation,AV,1,0.111115479805,8,BEL,3,5786836440.02,0.111111111111,2025-09-29
2025-09-26,footwear,FW,2,0.087135295607,7,BATAINDIA,1,410381028.495,0.111111111111,2025-09-29
2025-09-26,footwear,FW,2,0.087135295607,7,REDTAPE,2,208375373.024,0.111111111111,2025-09-29
2025-09-26,footwear,FW,2,0.087135295607,7,CAMPUS,3,187862287.938,0.111111111111,2025-09-29
2025-09-26,automobile,AT,3,0.0721410955021,87,M&M,1,10525870270.2,0.111111111111,2025-09-29
2025-09-26,automobile,AT,3,0.0721410955021,87,MARUTI,2,8463324469.55,0.111111111111,2025-09-29
2025-09-26,automobile,AT,3,0.0721410955021,87,EICHERMOT,3,4152312065.97,0.111111111111,2025-09-29
2025-10-03,aviation,AV,1,0.115722498687,8,INDIGO,1,7700059824.82,0.111111111111,2025-10-06
2025-10-03,aviation,AV,1,0.115722498687,8,BEL,2,6396204495.48,0.111111111111,2025-10-06
2025-10-03,aviation,AV,1,0.115722498687,8,HAL,3,5935785300.06,0.111111111111,2025-10-06
2025-10-03,metals_Mining,MM,2,0.0665536546526,61,GMDCLTD,1,8489503908.42,0.111111111111,2025-10-06
2025-10-03,metals_Mining,MM,2,0.0665536546526,61,HINDCOPPER,2,5478266947.64,0.111111111111,2025-10-06
2025-10-03,metals_Mining,MM,2,0.0665536546526,61,VEDL,3,5150429414.76,0.111111111111,2025-10-06
2025-10-03,telecom,TC,3,0.0635067372181,13,BHARTIARTL,1,9367034801.11,0.111111111111,2025-10-06
2025-10-03,telecom,TC,3,0.0635067372181,13,INDUSTOWER,2,2761957957.62,0.111111111111,2025-10-06
2025-10-03,telecom,TC,3,0.0635067372181,13,HFCL,3,1511698184.39,0.111111111111,2025-10-06
2025-10-10,aviation,AV,1,0.069624989822,8,INDIGO,1,7476002463.98,0.111111111111,2025-10-13
2025-10-10,aviation,AV,1,0.069624989822,8,BEL,2,6313828960.92,0.111111111111,2025-10-13
2025-10-10,aviation,AV,1,0.069624989822,8,HAL,3,5563168870.63,0.111111111111,2025-10-13
2025-10-10,banks,BN,2,0.0593039685357,37,HDFCBANK,1,19716014055.2,0.111111111111,2025-10-13
2025-10-10,banks,BN,2,0.0593039685357,37,ICICIBANK,2,17265024133.8,0.111111111111,2025-10-13
2025-10-10,banks,BN,2,0.0593039685357,37,AXISBANK,3,10314074407.7,0.111111111111,2025-10-13
2025-10-10,telecom,TC,3,0.0467973262536,16,BHARTIARTL,1,9590256301.38,0.111111111111,2025-10-13
2025-10-10,telecom,TC,3,0.0467973262536,16,INDUSTOWER,2,2128195964.59,0.111111111111,2025-10-13
2025-10-10,telecom,TC,3,0.0467973262536,16,ITI,3,1921214470.04,0.111111111111,2025-10-13
2025-10-17,aviation,AV,1,0.0451905616162,8,INDIGO,1,7558383236.05,0.111111111111,2025-10-20
2025-10-17,aviation,AV,1,0.0451905616162,8,BEL,2,5526989953.03,0.111111111111,2025-10-20
2025-10-17,aviation,AV,1,0.0451905616162,8,HAL,3,4830496221.53,0.111111111111,2025-10-20
2025-10-17,alcohol,AL,2,0.0372867607175,11,GMBREW,1,2155312931.35,0.111111111111,2025-10-20
2025-10-17,alcohol,AL,2,0.0372867607175,11,UNITDSPR,2,1099715453.53,0.111111111111,2025-10-20
2025-10-17,alcohol,AL,2,0.0372867607175,11,RADICO,3,561191497.625,0.111111111111,2025-10-20
2025-10-17,banks,BN,3,0.0303515721898,36,HDFCBANK,1,21278517981.1,0.111111111111,2025-10-20
2025-10-17,banks,BN,3,0.0303515721898,36,ICICIBANK,2,18659286011.6,0.111111111111,2025-10-20
2025-10-17,banks,BN,3,0.0303515721898,36,AXISBANK,3,11084196549.1,0.111111111111,2025-10-20
2025-10-24,banks,BN,1,0.0839152931567,37,HDFCBANK,1,21896696283.3,0.111111111111,2025-10-27
2025-10-24,banks,BN,1,0.0839152931567,37,ICICIBANK,2,19576466397.4,0.111111111111,2025-10-27
2025-10-24,banks,BN,1,0.0839152931567,37,AXISBANK,3,10263129832.7,0.111111111111,2025-10-27
2025-10-24,alcohol,AL,2,0.0690338157562,11,GMBREW,1,2917462512.09,0.111111111111,2025-10-27
2025-10-24,alcohol,AL,2,0.0690338157562,11,UNITDSPR,2,974604121.5,0.111111111111,2025-10-27
2025-10-24,alcohol,AL,2,0.0690338157562,11,RADICO,3,840232712.015,0.111111111111,2025-10-27
2025-10-24,aviation,AV,3,0.0420653116064,8,INDIGO,1,7288197785.07,0.111111111111,2025-10-27
2025-10-24,aviation,AV,3,0.0420653116064,8,BEL,2,5654867779.94,0.111111111111,2025-10-27
2025-10-24,aviation,AV,3,0.0420653116064,8,HAL,3,4452896443.28,0.111111111111,2025-10-27
2025-10-31,alcohol,AL,1,0.139646814001,11,GMBREW,1,3628839040.62,0.111111111111,2025-11-03
2025-10-31,alcohol,AL,1,0.139646814001,11,UNITDSPR,2,1606779685.58,0.111111111111,2025-11-03
2025-10-31,alcohol,AL,1,0.139646814001,11,RADICO,3,1045266956.55,0.111111111111,2025-11-03
2025-10-31,banks,BN,2,0.0930580729627,39,HDFCBANK,1,21122615631.4,0.111111111111,2025-11-03
2025-10-31,banks,BN,2,0.0930580729627,39,ICICIBANK,2,18058617272.8,0.111111111111,2025-11-03
2025-10-31,banks,BN,2,0.0930580729627,39,AXISBANK,3,9399969361.94,0.111111111111,2025-11-03
2025-10-31,diamond_jewellery,DJ,3,0.0630652428292,15,TITAN,1,4072986281.07,0.111111111111,2025-11-03
2025-10-31,diamond_jewellery,DJ,3,0.0630652428292,15,KALYANKJIL,2,1537218543.87,0.111111111111,2025-11-03
2025-10-31,diamond_jewellery,DJ,3,0.0630652428292,15,VAIBHAVGBL,3,520497421.804,0.111111111111,2025-11-03
2025-11-07,alcohol,AL,1,0.113306870961,11,GMBREW,1,3821290461.2,0.111111111111,2025-11-10
2025-11-07,alcohol,AL,1,0.113306870961,11,UNITDSPR,2,1712173755.3,0.111111111111,2025-11-10
2025-11-07,alcohol,AL,1,0.113306870961,11,RADICO,3,1197383568.65,0.111111111111,2025-11-10
2025-11-07,banks,BN,2,0.0958042443517,38,HDFCBANK,1,20549381687.6,0.111111111111,2025-11-10
2025-11-07,banks,BN,2,0.0958042443517,38,ICICIBANK,2,18466425454.7,0.111111111111,2025-11-10
2025-11-07,banks,BN,2,0.0958042443517,38,SBIN,3,10853539203.6,0.111111111111,2025-11-10
2025-11-07,diamond_jewellery,DJ,3,0.0846276762136,15,TITAN,1,3611622343.13,0.111111111111,2025-11-10
2025-11-07,diamond_jewellery,DJ,3,0.0846276762136,15,KALYANKJIL,2,1315437039.06,0.111111111111,2025-11-10
2025-11-07,diamond_jewellery,DJ,3,0.0846276762136,15,THANGAMAYL,3,779340892.48,0.111111111111,2025-11-10
2025-11-14,diamond_jewellery,DJ,1,0.0942448980058,15,TITAN,1,3545149564.71,0.111111111111,2025-11-17
2025-11-14,diamond_jewellery,DJ,1,0.0942448980058,15,KALYANKJIL,2,1542713360.36,0.111111111111,2025-11-17
2025-11-14,diamond_jewellery,DJ,1,0.0942448980058,15,THANGAMAYL,3,958231880.8,0.111111111111,2025-11-17
2025-11-14,banks,BN,2,0.0728327126048,38,HDFCBANK,1,19646508826.6,0.111111111111,2025-11-17
2025-11-14,banks,BN,2,0.0728327126048,38,ICICIBANK,2,19148814887.5,0.111111111111,2025-11-17
2025-11-14,banks,BN,2,0.0728327126048,38,SBIN,3,10773993320.9,0.111111111111,2025-11-17
2025-11-14,oil_gas,OG,3,0.0495230732869,15,RELIANCE,1,17174884639.3,0.111111111111,2025-11-17
2025-11-14,oil_gas,OG,3,0.0495230732869,15,CHENNPETRO,2,6854710254.39,0.111111111111,2025-11-17
2025-11-14,oil_gas,OG,3,0.0495230732869,15,BPCL,3,3339549279.86,0.111111111111,2025-11-17
2025-11-21,diamond_jewellery,DJ,1,0.0383042833287,15,TITAN,1,3389311108.19,0.111111111111,2025-11-24
2025-11-21,diamond_jewellery,DJ,1,0.0383042833287,15,KALYANKJIL,2,1366137284.91,0.111111111111,2025-11-24
2025-11-21,diamond_jewellery,DJ,1,0.0383042833287,15,THANGAMAYL,3,986052487.655,0.111111111111,2025-11-24
2025-11-21,banks,BN,2,0.030453377793,38,HDFCBANK,1,18515539807.2,0.111111111111,2025-11-24
2025-11-21,banks,BN,2,0.030453377793,38,ICICIBANK,2,17133726511.2,0.111111111111,2025-11-24
2025-11-21,banks,BN,2,0.030453377793,38,SBIN,3,10379704642.8,0.111111111111,2025-11-24
2025-11-21,oil_gas,OG,3,0.029424575139,15,RELIANCE,1,15489703695,0.111111111111,2025-11-24
2025-11-21,oil_gas,OG,3,0.029424575139,15,CHENNPETRO,2,7127591627.1,0.111111111111,2025-11-24
2025-11-21,oil_gas,OG,3,0.029424575139,15,BPCL,3,3592518890.72,0.111111111111,2025-11-24
2025-11-28,banks,BN,1,0.0305659809096,36,HDFCBANK,1,19178313830.6,0.111111111111,2025-12-01
2025-11-28,banks,BN,1,0.0305659809096,36,ICICIBANK,2,16244005780.7,0.111111111111,2025-12-01
2025-11-28,banks,BN,1,0.0305659809096,36,SBIN,3,10104835489.1,0.111111111111,2025-12-01
2025-11-28,diamond_jewellery,DJ,2,0.0156065087323,15,TITAN,1,3264927437,0.111111111111,2025-12-01
2025-11-28,diamond_jewellery,DJ,2,0.0156065087323,15,KALYANKJIL,2,1243241930.01,0.111111111111,2025-12-01
2025-11-28,diamond_jewellery,DJ,2,0.0156065087323,15,THANGAMAYL,3,1025742656.85,0.111111111111,2025-12-01
2025-11-28,aviation,AV,3,0.007440461893,8,BEL,1,6292591200.06,0.111111111111,2025-12-01
2025-11-28,aviation,AV,3,0.007440461893,8,HAL,2,5373652179.59,0.111111111111,2025-12-01
2025-11-28,aviation,AV,3,0.007440461893,8,INDIGO,3,4643706762.55,0.111111111111,2025-12-01
2025-12-05,automobile,AT,1,0.00191204735532,87,M&M,1,8307273782.02,0.111111111111,2025-12-08
2025-12-05,automobile,AT,1,0.00191204735532,87,MARUTI,2,5120040544.05,0.111111111111,2025-12-08
2025-12-05,automobile,AT,1,0.00191204735532,87,HEROMOTOCO,3,4697244941.38,0.111111111111,2025-12-08
2025-12-05,banks,BN,2,-0.00510980355901,36,HDFCBANK,1,18713401820.7,0.111111111111,2025-12-08
2025-12-05,banks,BN,2,-0.00510980355901,36,ICICIBANK,2,14142967352.7,0.111111111111,2025-12-08
2025-12-05,banks,BN,2,-0.00510980355901,36,SBIN,3,9554393931.9,0.111111111111,2025-12-08
2025-12-05,insurance,IN,3,-0.015828286386,8,POLICYBZR,1,2281327799.87,0.111111111111,2025-12-08
2025-12-05,insurance,IN,3,-0.015828286386,8,HDFCLIFE,2,1781979258.48,0.111111111111,2025-12-08
2025-12-05,insurance,IN,3,-0.015828286386,8,SBILIFE,3,1732557828.36,0.111111111111,2025-12-08
2025-12-12,insurance,IN,1,0.00183339236158,8,POLICYBZR,1,2664328471.43,0.111111111111,2025-12-15
2025-12-12,insurance,IN,1,0.00183339236158,8,HDFCLIFE,2,1745085112.15,0.111111111111,2025-12-15
2025-12-12,insurance,IN,1,0.00183339236158,8,SBILIFE,3,1674964671.69,0.111111111111,2025-12-15
2025-12-12,banks,BN,2,-0.00946364640543,36,HDFCBANK,1,18380099433.9,0.111111111111,2025-12-15
2025-12-12,banks,BN,2,-0.00946364640543,36,ICICIBANK,2,12998493941.6,0.111111111111,2025-12-15
2025-12-12,banks,BN,2,-0.00946364640543,36,SBIN,3,9591206239.63,0.111111111111,2025-12-15
2025-12-12,automobile,AT,3,-0.01416787001,88,M&M,1,8085914207.07,0.111111111111,2025-12-15
2025-12-12,automobile,AT,3,-0.01416787001,88,MARUTI,2,5365477122.9,0.111111111111,2025-12-15
2025-12-12,automobile,AT,3,-0.01416787001,88,HEROMOTOCO,3,5170667200.93,0.111111111111,2025-12-15
2025-12-19,metals_Mining,MM,1,0.0148211097619,58,VEDL,1,7311971489.28,0.111111111111,2025-12-22
2025-12-19,metals_Mining,MM,1,0.0148211097619,58,HINDCOPPER,2,6033364947.74,0.111111111111,2025-12-22
2025-12-19,metals_Mining,MM,1,0.0148211097619,58,HINDZINC,3,5767114173.28,0.111111111111,2025-12-22
2025-12-19,automobile,AT,2,0.00821395057175,86,M&M,1,7483336190.24,0.111111111111,2025-12-22
2025-12-19,automobile,AT,2,0.00821395057175,86,MARUTI,2,4917480816.1,0.111111111111,2025-12-22
2025-12-19,automobile,AT,2,0.00821395057175,86,HEROMOTOCO,3,4426798096.45,0.111111111111,2025-12-22
2025-12-19,media_entertainment,ME,3,0.00623332424352,10,PFOCUS,1,1838752873.91,0.111111111111,2025-12-22
2025-12-19,media_entertainment,ME,3,0.00623332424352,10,ZEEL,2,663146401.38,0.111111111111,2025-12-22
2025-12-19,media_entertainment,ME,3,0.00623332424352,10,SAREGAMA,3,457928230.405,0.111111111111,2025-12-22
2025-12-26,metals_Mining,MM,1,0.0388894267161,59,HINDCOPPER,1,9869039037.06,0.111111111111,2025-12-29
2025-12-26,metals_Mining,MM,1,0.0388894267161,59,VEDL,2,8049086182.25,0.111111111111,2025-12-29
2025-12-26,metals_Mining,MM,1,0.0388894267161,59,HINDZINC,3,7082606895.21,0.111111111111,2025-12-29
2025-12-26,media_entertainment,ME,2,0.0332273041782,10,PFOCUS,1,2055018727.53,0.111111111111,2025-12-29
2025-12-26,media_entertainment,ME,2,0.0332273041782,10,ZEEL,2,697428349.678,0.111111111111,2025-12-29
2025-12-26,media_entertainment,ME,2,0.0332273041782,10,PVRINOX,3,495291702.515,0.111111111111,2025-12-29
2025-12-26,agriculture,AG,3,0.0162182869239,17,PATANJALI,1,1571306342.27,0.111111111111,2025-12-29
2025-12-26,agriculture,AG,3,0.0162182869239,17,TATACONSUM,2,855549706.29,0.111111111111,2025-12-29
2025-12-26,agriculture,AG,3,0.0162182869239,17,AVANTIFEED,3,568571721.718,0.111111111111,2025-12-29
2026-01-02,metals_Mining,MM,1,0.0944943944567,61,HINDCOPPER,1,21191756930.6,0.111111111111,2026-01-05
2026-01-02,metals_Mining,MM,1,0.0944943944567,61,VEDL,2,8493963803.42,0.111111111111,2026-01-05
2026-01-02,metals_Mining,MM,1,0.0944943944567,61,HINDZINC,3,7991078610.12,0.111111111111,2026-01-05
2026-01-02,media_entertainment,ME,2,0.0711407280172,10,PFOCUS,1,2038177162.62,0.111111111111,2026-01-05
2026-01-02,media_entertainment,ME,2,0.0711407280172,10,ZEEL,2,609225457.855,0.111111111111,2026-01-05
2026-01-02,media_entertainment,ME,2,0.0711407280172,10,PVRINOX,3,509377540.58,0.111111111111,2026-01-05
2026-01-02,oil_gas,OG,3,0.0613873342295,15,RELIANCE,1,12294521294.8,0.111111111111,2026-01-05
2026-01-02,oil_gas,OG,3,0.0613873342295,15,IOC,2,2098352966.9,0.111111111111,2026-01-05
2026-01-02,oil_gas,OG,3,0.0613873342295,15,BPCL,3,2034366700.57,0.111111111111,2026-01-05
2026-01-09,media_entertainment,ME,1,0.053025821876,11,PFOCUS,1,1520866468.95,0.111111111111,2026-01-12
2026-01-09,media_entertainment,ME,1,0.053025821876,11,ZEEL,2,626264192.484,0.111111111111,2026-01-12
2026-01-09,media_entertainment,ME,1,0.053025821876,11,PVRINOX,3,553932503.185,0.111111111111,2026-01-12
2026-01-09,metals_Mining,MM,2,0.0458475342575,61,HINDCOPPER,1,24911343942.9,0.111111111111,2026-01-12
2026-01-09,metals_Mining,MM,2,0.0458475342575,61,VEDL,2,8818763416.87,0.111111111111,2026-01-12
2026-01-09,metals_Mining,MM,2,0.0458475342575,61,HINDZINC,3,8442716023.37,0.111111111111,2026-01-12
2026-01-09,banks,BN,3,0.0390914352309,36,HDFCBANK,1,19785604089.6,0.111111111111,2026-01-12
2026-01-09,banks,BN,3,0.0390914352309,36,ICICIBANK,2,13304113735.7,0.111111111111,2026-01-12
2026-01-09,banks,BN,3,0.0390914352309,36,SBIN,3,6545499198.18,0.111111111111,2026-01-12
2026-01-16,banks,BN,1,0.0744354428669,37,HDFCBANK,1,22715073748.6,0.111111111111,2026-01-19
2026-01-16,banks,BN,1,0.0744354428669,37,ICICIBANK,2,14858792423.3,0.111111111111,2026-01-19
2026-01-16,banks,BN,1,0.0744354428669,37,SBIN,3,7339689621.38,0.111111111111,2026-01-19
2026-01-16,metals_Mining,MM,2,0.0440537578139,61,HINDCOPPER,1,27973516230.2,0.111111111111,2026-01-19
2026-01-16,metals_Mining,MM,2,0.0440537578139,61,VEDL,2,9573570246.55,0.111111111111,2026-01-19
2026-01-16,metals_Mining,MM,2,0.0440537578139,61,HINDZINC,3,7844400935.22,0.111111111111,2026-01-19
2026-01-16,aviation,AV,3,0.0312487753934,8,INDIGO,1,7756284569.9,0.111111111111,2026-01-19
2026-01-16,aviation,AV,3,0.0312487753934,8,BEL,2,5925050460.55,0.111111111111,2026-01-19
2026-01-16,aviation,AV,3,0.0312487753934,8,HAL,3,3290091033.55,0.111111111111,2026-01-19
2026-01-23,banks,BN,1,0.0340269590856,37,HDFCBANK,1,26884898503.1,0.111111111111,2026-01-27
2026-01-23,banks,BN,1,0.0340269590856,37,ICICIBANK,2,17732845808.7,0.111111111111,2026-01-27
2026-01-23,banks,BN,1,0.0340269590856,37,SBIN,3,8419295009.31,0.111111111111,2026-01-27
2026-01-23,metals_Mining,MM,2,-0.0475262171344,61,HINDCOPPER,1,29266782637.9,0.111111111111,2026-01-27
2026-01-23,metals_Mining,MM,2,-0.0475262171344,61,HINDZINC,2,11219708418.7,0.111111111111,2026-01-27
2026-01-23,metals_Mining,MM,2,-0.0475262171344,61,VEDL,3,10621134205.1,0.111111111111,2026-01-27
2026-01-23,oil_gas,OG,3,-0.0482235178878,15,RELIANCE,1,17122336425.5,0.111111111111,2026-01-27
2026-01-23,oil_gas,OG,3,-0.0482235178878,15,ONGC,2,2738472893.37,0.111111111111,2026-01-27
2026-01-23,oil_gas,OG,3,-0.0482235178878,15,HINDPETRO,3,2369789358.52,0.111111111111,2026-01-27
2026-01-30,banks,BN,1,0.0354564897048,37,HDFCBANK,1,30387730010.1,0.111111111111,2026-02-02
2026-01-30,banks,BN,1,0.0354564897048,37,ICICIBANK,2,21315794336.7,0.111111111111,2026-02-02
2026-01-30,banks,BN,1,0.0354564897048,37,AXISBANK,3,10672633080.3,0.111111111111,2026-02-02
2026-01-30,logistics,LG,2,-0.0036221480218,17,DREDGECORP,1,1111609829.37,0.111111111111,2026-02-02
2026-01-30,logistics,LG,2,-0.0036221480218,17,DELHIVERY,2,886707102.592,0.111111111111,2026-02-02
2026-01-30,logistics,LG,2,-0.0036221480218,17,CONCOR,3,667063705.962,0.111111111111,2026-02-02
2026-01-30,aviation,AV,3,-0.00452795943062,8,BEL,1,9120472837.69,0.111111111111,2026-02-02
2026-01-30,aviation,AV,3,-0.00452795943062,8,INDIGO,2,6222503487.57,0.111111111111,2026-02-02
2026-01-30,aviation,AV,3,-0.00452795943062,8,HAL,3,4277008290.4,0.111111111111,2026-02-02
2026-02-06,textiles,TX,1,0.0293981413737,38,GOKEX,1,1446999483.14,0.111111111111,2026-02-09
2026-02-06,textiles,TX,1,0.0293981413737,38,PAGEIND,2,927531782.25,0.111111111111,2026-02-09
2026-02-06,textiles,TX,1,0.0293981413737,38,KPRMILL,3,843969729.925,0.111111111111,2026-02-09
2026-02-06,logistics,LG,2,0.0261161828053,19,DREDGECORP,1,1156028921.01,0.111111111111,2026-02-09
2026-02-06,logistics,LG,2,0.0261161828053,19,DELHIVERY,2,1107931773.28,0.111111111111,2026-02-09
2026-02-06,logistics,LG,2,0.0261161828053,19,CONCOR,3,757942927.808,0.111111111111,2026-02-09
2026-02-06,oil_gas,OG,3,0.0232619859803,15,RELIANCE,1,20504041345.8,0.111111111111,2026-02-09
2026-02-06,oil_gas,OG,3,0.0232619859803,15,ONGC,2,5021058169.53,0.111111111111,2026-02-09
2026-02-06,oil_gas,OG,3,0.0232619859803,15,OIL,3,3485995051.51,0.111111111111,2026-02-09
2026-02-13,textiles,TX,1,0.0814846817025,40,GOKEX,1,1794243423.95,0.111111111111,2026-02-16
2026-02-13,textiles,TX,1,0.0814846817025,40,KPRMILL,2,1115070378.79,0.111111111111,2026-02-16
2026-02-13,textiles,TX,1,0.0814846817025,40,PAGEIND,3,989960738.25,0.111111111111,2026-02-16
2026-02-13,logistics,LG,2,0.0795496111474,21,SCI,1,2478874911.91,0.111111111111,2026-02-16
2026-02-13,logistics,LG,2,0.0795496111474,21,DELHIVERY,2,1180921331.66,0.111111111111,2026-02-16
2026-02-13,logistics,LG,2,0.0795496111474,21,CONCOR,3,723898044.547,0.111111111111,2026-02-16
2026-02-13,agriculture,AG,3,0.0663538555923,17,AVANTIFEED,1,3634241918.59,0.111111111111,2026-02-16
2026-02-13,agriculture,AG,3,0.0663538555923,17,PATANJALI,2,1827928534.45,0.111111111111,2026-02-16
2026-02-13,agriculture,AG,3,0.0663538555923,17,TATACONSUM,3,1820586644.52,0.111111111111,2026-02-16
2026-02-20,agriculture,AG,1,0.109081731414,17,AVANTIFEED,1,4012341192.31,0.111111111111,2026-02-23
2026-02-20,agriculture,AG,1,0.109081731414,17,PATANJALI,2,1722468930.42,0.111111111111,2026-02-23
2026-02-20,agriculture,AG,1,0.109081731414,17,TATACONSUM,3,1642175292.37,0.111111111111,2026-02-23
2026-02-20,electricals,EL,2,0.108506811544,29,KAYNES,1,8084244660.94,0.111111111111,2026-02-23
2026-02-20,electricals,EL,2,0.108506811544,29,ABB,2,3166580454.95,0.111111111111,2026-02-23
2026-02-20,electricals,EL,2,0.108506811544,29,TARIL,3,2409829272.19,0.111111111111,2026-02-23
2026-02-20,logistics,LG,3,0.106033810489,21,SCI,1,2797229134.72,0.111111111111,2026-02-23
2026-02-20,logistics,LG,3,0.106033810489,21,DELHIVERY,2,1253252924.3,0.111111111111,2026-02-23
2026-02-20,logistics,LG,3,0.106033810489,21,GESHIP,3,741423764.56,0.111111111111,2026-02-23
2026-02-27,media_entertainment,ME,1,0.111755820637,10,PFOCUS,1,1958729841.71,0.111111111111,2026-03-02
2026-02-27,media_entertainment,ME,1,0.111755820637,10,ZEEL,2,751110635.057,0.111111111111,2026-03-02
2026-02-27,media_entertainment,ME,1,0.111755820637,10,PVRINOX,3,358090201.363,0.111111111111,2026-03-02
2026-02-27,containers_packaging,CP,2,0.107978557834,7,JINDALPOLY,1,344683500.595,0.111111111111,2026-03-02
2026-02-27,containers_packaging,CP,2,0.107978557834,7,AGI,2,135669416.338,0.111111111111,2026-03-02
2026-02-27,containers_packaging,CP,2,0.107978557834,7,COSMOFIRST,3,123801448.85,0.111111111111,2026-03-02
2026-02-27,electricals,EL,3,0.105150305294,29,KAYNES,1,7929663204.94,0.111111111111,2026-03-02
2026-02-27,electricals,EL,3,0.105150305294,29,ABB,2,2999711044.1,0.111111111111,2026-03-02
2026-02-27,electricals,EL,3,0.105150305294,29,POLYCAB,3,2933965285.28,0.111111111111,2026-03-02
2026-03-06,containers_packaging,CP,1,0.0842770621957,7,JINDALPOLY,1,539104758.155,0.111111111111,2026-03-09
2026-03-06,containers_packaging,CP,1,0.0842770621957,7,AGI,2,141942242.357,0.111111111111,2026-03-09
2026-03-06,containers_packaging,CP,1,0.0842770621957,7,COSMOFIRST,3,135961721.91,0.111111111111,2026-03-09
2026-03-06,media_entertainment,ME,2,0.0357046442873,10,PFOCUS,1,1676700098.39,0.111111111111,2026-03-09
2026-03-06,media_entertainment,ME,2,0.0357046442873,10,ZEEL,2,721073600.663,0.111111111111,2026-03-09
2026-03-06,media_entertainment,ME,2,0.0357046442873,10,PVRINOX,3,320915348.957,0.111111111111,2026-03-09
2026-03-06,aviation,AV,3,0.029782126066,8,HAL,1,7766428679.3,0.111111111111,2026-03-09
2026-03-06,aviation,AV,3,0.029782126066,8,BEL,2,7607463463.73,0.111111111111,2026-03-09
2026-03-06,aviation,AV,3,0.029782126066,8,INDIGO,3,4886746755.23,0.111111111111,2026-03-09
2026-03-13,containers_packaging,CP,1,-0.00683050066073,7,JINDALPOLY,1,766417034.232,0.111111111111,2026-03-16
2026-03-13,containers_packaging,CP,1,-0.00683050066073,7,AGI,2,131042062.148,0.111111111111,2026-03-16
2026-03-13,containers_packaging,CP,1,-0.00683050066073,7,COSMOFIRST,3,118800139.187,0.111111111111,2026-03-16
2026-03-13,electricals,EL,2,-0.0572556787342,30,KAYNES,1,4688665200.47,0.111111111111,2026-03-16
2026-03-13,electricals,EL,2,-0.0572556787342,30,POLYCAB,2,4234552351.97,0.111111111111,2026-03-16
2026-03-13,electricals,EL,2,-0.0572556787342,30,ABB,3,3615880086.97,0.111111111111,2026-03-16
2026-03-13,durables,DR,3,-0.0671205447788,25,NETWEB,1,12278723342,0.111111111111,2026-03-16
2026-03-13,durables,DR,3,-0.0671205447788,25,DIXON,2,7782723094.4,0.111111111111,2026-03-16
2026-03-13,durables,DR,3,-0.0671205447788,25,AMBER,3,2293927010.65,0.111111111111,2026-03-16
2026-03-20,containers_packaging,CP,1,0.00810690883434,7,JINDALPOLY,1,880547665.312,0.111111111111,2026-03-23
2026-03-20,containers_packaging,CP,1,0.00810690883434,7,AGI,2,131048602.968,0.111111111111,2026-03-23
2026-03-20,containers_packaging,CP,1,0.00810690883434,7,COSMOFIRST,3,96537825.125,0.111111111111,2026-03-23
2026-03-20,electricals,EL,2,-0.00564715116641,30,POLYCAB,1,4863792252.12,0.111111111111,2026-03-23
2026-03-20,electricals,EL,2,-0.00564715116641,30,KAYNES,2,4380182017.47,0.111111111111,2026-03-23
2026-03-20,electricals,EL,2,-0.00564715116641,30,ABB,3,3841426027.38,0.111111111111,2026-03-23
2026-03-20,power,PW,3,-0.0314680384717,24,WAAREEENER,1,8069205421.28,0.111111111111,2026-03-23
2026-03-20,power,PW,3,-0.0314680384717,24,NTPC,2,5656970633.1,0.111111111111,2026-03-23
2026-03-20,power,PW,3,-0.0314680384717,24,POWERGRID,3,5085606407.84,0.111111111111,2026-03-23
2026-03-27,electricals,EL,1,-0.0402053299651,30,KAYNES,1,4814811239.86,0.111111111111,2026-03-30
2026-03-27,electricals,EL,1,-0.0402053299651,30,POLYCAB,2,4783752391.07,0.111111111111,2026-03-30
2026-03-27,electricals,EL,1,-0.0402053299651,30,KEI,3,2460330772.41,0.111111111111,2026-03-30
2026-03-27,plastic_products,PP,2,-0.0476193485982,18,APOLLOPIPE,1,2054431957.72,0.111111111111,2026-03-30
2026-03-27,plastic_products,PP,2,-0.0476193485982,18,ASTRAL,2,1261882388.4,0.111111111111,2026-03-30
2026-03-27,plastic_products,PP,2,-0.0476193485982,18,SHAILY,3,1219762140.47,0.111111111111,2026-03-30
2026-03-27,power,PW,3,-0.0589396521875,25,WAAREEENER,1,6498632305.41,0.111111111111,2026-03-30
2026-03-27,power,PW,3,-0.0589396521875,25,POWERGRID,2,5636158785.65,0.111111111111,2026-03-30
2026-03-27,power,PW,3,-0.0589396521875,25,NTPC,3,5381068376.96,0.111111111111,2026-03-30
2026-04-02,power,PW,1,0.000907368507493,25,WAAREEENER,1,6222016110.89,0.111111111111,2026-04-06
2026-04-02,power,PW,1,0.000907368507493,25,POWERGRID,2,5731485963.02,0.111111111111,2026-04-06
2026-04-02,power,PW,1,0.000907368507493,25,NTPC,3,5592812608.12,0.111111111111,2026-04-06
2026-04-02,plastic_products,PP,2,-0.00705055859713,18,APOLLOPIPE,1,2088490673.93,0.111111111111,2026-04-06
2026-04-02,plastic_products,PP,2,-0.00705055859713,18,ASTRAL,2,1279369794.97,0.111111111111,2026-04-06
2026-04-02,plastic_products,PP,2,-0.00705055859713,18,SHAILY,3,1207917921.64,0.111111111111,2026-04-06
2026-04-02,electricals,EL,3,-0.014892129205,31,KAYNES,1,5082701592.58,0.111111111111,2026-04-06
2026-04-02,electricals,EL,3,-0.014892129205,31,POLYCAB,2,4308417406,0.111111111111,2026-04-06
2026-04-02,electricals,EL,3,-0.014892129205,31,ABB,3,2328435195.03,0.111111111111,2026-04-06
2026-04-10,gases_fuels,GF,1,0.147591918635,6,GAIL,1,2285780046.09,0.111111111111,2026-04-13
2026-04-10,gases_fuels,GF,1,0.147591918635,6,MGL,2,582752799.525,0.111111111111,2026-04-13
2026-04-10,gases_fuels,GF,1,0.147591918635,6,CONFIPET,3,434909472.964,0.111111111111,2026-04-13
2026-04-10,electricals,EL,2,0.093985731337,31,KAYNES,1,5620400341.9,0.111111111111,2026-04-13
2026-04-10,electricals,EL,2,0.093985731337,31,POLYCAB,2,4010765285.7,0.111111111111,2026-04-13
2026-04-10,electricals,EL,2,0.093985731337,31,ABB,3,2662367373.65,0.111111111111,2026-04-13
2026-04-10,agriculture,AG,3,0.0883042664794,18,TATACONSUM,1,1802844609.72,0.111111111111,2026-04-13
2026-04-10,agriculture,AG,3,0.0883042664794,18,AVANTIFEED,2,1200090742.35,0.111111111111,2026-04-13
2026-04-10,agriculture,AG,3,0.0883042664794,18,DALMIASUG,3,1020157036.8,0.111111111111,2026-04-13
2026-04-17,gases_fuels,GF,1,0.270906077423,6,GAIL,1,2226290985.19,0.111111111111,2026-04-20
2026-04-17,gases_fuels,GF,1,0.270906077423,6,MGL,2,498858582.045,0.111111111111,2026-04-20
2026-04-17,gases_fuels,GF,1,0.270906077423,6,CONFIPET,3,415684622.25,0.111111111111,2026-04-20
2026-04-17,electricals,EL,2,0.266620287911,32,KAYNES,1,5752751616.47,0.111111111111,2026-04-20
2026-04-17,electricals,EL,2,0.266620287911,32,POLYCAB,2,3787284139.82,0.111111111111,2026-04-20
2026-04-17,electricals,EL,2,0.266620287911,32,PREMIERENE,3,2656034561.28,0.111111111111,2026-04-20
2026-04-17,manufacturing,MF,3,0.236072155129,9,TITAGARH,1,1597592583,0.111111111111,2026-04-20
2026-04-17,manufacturing,MF,3,0.236072155129,9,AEQUS,2,307361920.765,0.111111111111,2026-04-20
2026-04-17,manufacturing,MF,3,0.236072155129,9,TEXRAIL,3,273922001.892,0.111111111111,2026-04-20
2026-04-24,gases_fuels,GF,1,0.335688216711,6,GAIL,1,2168614004.61,0.111111111111,2026-04-27
2026-04-24,gases_fuels,GF,1,0.335688216711,6,CONFIPET,2,416812145.35,0.111111111111,2026-04-27
2026-04-24,gases_fuels,GF,1,0.335688216711,6,MGL,3,416635375.035,0.111111111111,2026-04-27
2026-04-24,electricals,EL,2,0.293083852122,31,KAYNES,1,6124514799.98,0.111111111111,2026-04-27
2026-04-24,electricals,EL,2,0.293083852122,31,POLYCAB,2,3766688349.85,0.111111111111,2026-04-27
2026-04-24,electricals,EL,2,0.293083852122,31,ABB,3,3297041125.78,0.111111111111,2026-04-27
2026-04-24,aviation,AV,3,0.280838518472,8,INDIGO,1,8191169956.16,0.111111111111,2026-04-27
2026-04-24,aviation,AV,3,0.280838518472,8,BEL,2,6628547834.2,0.111111111111,2026-04-27
2026-04-24,aviation,AV,3,0.280838518472,8,HAL,3,5496199588.52,0.111111111111,2026-04-27
2026-04-30,electricals,EL,1,0.356765266355,29,KAYNES,1,5707422675.18,0.111111111111,2026-05-04
2026-04-30,electricals,EL,1,0.356765266355,29,POLYCAB,2,3422288246.95,0.111111111111,2026-05-04
2026-04-30,electricals,EL,1,0.356765266355,29,ABB,3,3362659251.93,0.111111111111,2026-05-04
2026-04-30,manufacturing,MF,2,0.328012792357,9,TITAGARH,1,1648116923.9,0.111111111111,2026-05-04
2026-04-30,manufacturing,MF,2,0.328012792357,9,AEQUS,2,836398787.013,0.111111111111,2026-05-04
2026-04-30,manufacturing,MF,2,0.328012792357,9,TEXRAIL,3,264871754.976,0.111111111111,2026-05-04
2026-04-30,capGoods,CG,3,0.319192697299,76,SUZLON,1,6468364396.7,0.111111111111,2026-05-04
2026-04-30,capGoods,CG,3,0.319192697299,76,BHEL,2,6276517167.77,0.111111111111,2026-05-04
2026-04-30,capGoods,CG,3,0.319192697299,76,POWERINDIA,3,4501389393.5,0.111111111111,2026-05-04
2026-05-08,electricals,EL,1,0.311972771637,31,KAYNES,1,5019568635.89,0.111111111111,2026-05-11
2026-05-08,electricals,EL,1,0.311972771637,31,POLYCAB,2,4551079874.95,0.111111111111,2026-05-11
2026-05-08,electricals,EL,1,0.311972771637,31,ABB,3,3454209269.43,0.111111111111,2026-05-11
2026-05-08,manufacturing,MF,2,0.249023217079,9,TITAGARH,1,1583757005.24,0.111111111111,2026-05-11
2026-05-08,manufacturing,MF,2,0.249023217079,9,AEQUS,2,923020453.676,0.111111111111,2026-05-11
2026-05-08,manufacturing,MF,2,0.249023217079,9,TEXRAIL,3,265789974.143,0.111111111111,2026-05-11
2026-05-08,aviation,AV,3,0.232023258075,8,DATAPATTNS,1,6177033211.62,0.111111111111,2026-05-11
2026-05-08,aviation,AV,3,0.232023258075,8,INDIGO,2,5999732246.59,0.111111111111,2026-05-11
2026-05-08,aviation,AV,3,0.232023258075,8,BEL,3,5702287159.2,0.111111111111,2026-05-11
2026-05-15,manufacturing,MF,1,0.130710312739,7,TITAGARH,1,1521532458.61,0.111111111111,2026-05-18
2026-05-15,manufacturing,MF,1,0.130710312739,7,TEXRAIL,2,1309939434.72,0.111111111111,2026-05-18
2026-05-15,manufacturing,MF,1,0.130710312739,7,AEQUS,3,880788013.553,0.111111111111,2026-05-18
2026-05-15,electricals,EL,2,0.107833765534,29,KAYNES,1,7640949069.31,0.111111111111,2026-05-18
2026-05-15,electricals,EL,2,0.107833765534,29,POLYCAB,2,4564061991.12,0.111111111111,2026-05-18
2026-05-15,electricals,EL,2,0.107833765534,29,ABB,3,3901044851.12,0.111111111111,2026-05-18
2026-05-15,aviation,AV,3,0.0893191681241,8,MTARTECH,1,8071075017.18,0.111111111111,2026-05-18
2026-05-15,aviation,AV,3,0.0893191681241,8,DATAPATTNS,2,6753512181.67,0.111111111111,2026-05-18
2026-05-15,aviation,AV,3,0.0893191681241,8,HAL,3,5806443540.23,0.111111111111,2026-05-18
2026-05-22,manufacturing,MF,1,0.121397670312,7,TITAGARH,1,1484831859.89,0.111111111111,2026-05-25
2026-05-22,manufacturing,MF,1,0.121397670312,7,TEXRAIL,2,1349589826.12,0.111111111111,2026-05-25
2026-05-22,manufacturing,MF,1,0.121397670312,7,AEQUS,3,733772380.834,0.111111111111,2026-05-25
2026-05-22,telecom,TC,2,0.0820728287394,16,BHARTIARTL,1,18210334480.4,0.111111111111,2026-05-25
2026-05-22,telecom,TC,2,0.0820728287394,16,HFCL,2,11260470311.5,0.111111111111,2026-05-25
2026-05-22,telecom,TC,2,0.0820728287394,16,TEJASNET,3,3812391179.02,0.111111111111,2026-05-25
2026-05-22,healthcare,HC,3,0.0773010854823,106,SUNPHARMA,1,9630396160.39,0.111111111111,2026-05-25
2026-05-22,healthcare,HC,3,0.0773010854823,106,WOCKPHARMA,2,4801229070.38,0.111111111111,2026-05-25
2026-05-22,healthcare,HC,3,0.0773010854823,106,APOLLOHOSP,3,3692259168.5,0.111111111111,2026-05-25
2026-05-29,telecom,TC,1,0.133275070821,16,BHARTIARTL,1,22266340531.5,0.111111111111,2026-06-01
2026-05-29,telecom,TC,1,0.133275070821,16,HFCL,2,13649585828.2,0.111111111111,2026-06-01
2026-05-29,telecom,TC,1,0.133275070821,16,TEJASNET,3,4485515766.28,0.111111111111,2026-06-01
2026-05-29,manufacturing,MF,2,0.0982638937494,9,TITAGARH,1,1812258515.7,0.111111111111,2026-06-01
2026-05-29,manufacturing,MF,2,0.0982638937494,9,TEXRAIL,2,1414126138.16,0.111111111111,2026-06-01
2026-05-29,manufacturing,MF,2,0.0982638937494,9,AEQUS,3,606558719.687,0.111111111111,2026-06-01
2026-05-29,healthcare,HC,3,0.0875992141961,107,WOCKPHARMA,1,6512080723.14,0.111111111111,2026-06-01
2026-05-29,healthcare,HC,3,0.0875992141961,107,SUNPHARMA,2,5736879070.93,0.111111111111,2026-06-01
2026-05-29,healthcare,HC,3,0.0875992141961,107,APOLLOHOSP,3,3990517577.62,0.111111111111,2026-06-01
2026-06-05,gases_fuels,GF,1,0.0852685432343,6,GAIL,1,1952632062.24,0.111111111111,2026-06-08
2026-06-05,gases_fuels,GF,1,0.0852685432343,6,REFEX,2,919439181.407,0.111111111111,2026-06-08
2026-06-05,gases_fuels,GF,1,0.0852685432343,6,CONFIPET,3,292565533.02,0.111111111111,2026-06-08
2026-06-05,manufacturing,MF,2,0.0645037405971,9,TEXRAIL,1,1388326631.49,0.111111111111,2026-06-08
2026-06-05,manufacturing,MF,2,0.0645037405971,9,TITAGARH,2,1012545807.76,0.111111111111,2026-06-08
2026-06-05,manufacturing,MF,2,0.0645037405971,9,AEQUS,3,604399933.52,0.111111111111,2026-06-08
2026-06-05,telecom,TC,3,0.0609347457754,16,BHARTIARTL,1,20861665932,0.111111111111,2026-06-08
2026-06-05,telecom,TC,3,0.0609347457754,16,HFCL,2,11219490836.1,0.111111111111,2026-06-08
2026-06-05,telecom,TC,3,0.0609347457754,16,TEJASNET,3,5596761288.01,0.111111111111,2026-06-08
2026-06-12,gases_fuels,GF,1,0.0931597118809,6,GAIL,1,2045632191.89,0.111111111111,2026-06-15
2026-06-12,gases_fuels,GF,1,0.0931597118809,6,REFEX,2,894469259.773,0.111111111111,2026-06-15
2026-06-12,gases_fuels,GF,1,0.0931597118809,6,CONFIPET,3,253788475.831,0.111111111111,2026-06-15
2026-06-12,diamond_jewellery,DJ,2,0.086691084878,13,TITAN,1,3792491600.35,0.111111111111,2026-06-15
2026-06-12,diamond_jewellery,DJ,2,0.086691084878,13,KALYANKJIL,2,3017264673.69,0.111111111111,2026-06-15
2026-06-12,diamond_jewellery,DJ,2,0.086691084878,13,THANGAMAYL,3,1354475356.18,0.111111111111,2026-06-15
2026-06-12,electricals,EL,3,0.0816994243109,28,KAYNES,1,5144074405.24,0.111111111111,2026-06-15
2026-06-12,electricals,EL,3,0.0816994243109,28,ABB,2,2691244300.15,0.111111111111,2026-06-15
2026-06-12,electricals,EL,3,0.0816994243109,28,PREMIERENE,3,2571837715.22,0.111111111111,2026-06-15
2026-06-19,trading,TR,1,0.202095764792,9,ADANIENT,1,7031028659.22,0.111111111111,2026-06-22
2026-06-19,trading,TR,1,0.202095764792,9,REDINGTON,2,2099414529.47,0.111111111111,2026-06-22
2026-06-19,trading,TR,1,0.202095764792,9,MSTCLTD,3,1911822044.79,0.111111111111,2026-06-22
2026-06-19,gases_fuels,GF,2,0.171056566489,6,GAIL,1,2001777421.87,0.111111111111,2026-06-22
2026-06-19,gases_fuels,GF,2,0.171056566489,6,REFEX,2,832021200.91,0.111111111111,2026-06-22
2026-06-19,gases_fuels,GF,2,0.171056566489,6,MGL,3,285918473.445,0.111111111111,2026-06-22
2026-06-19,electricals,EL,3,0.151167684642,28,KAYNES,1,3598840354.82,0.111111111111,2026-06-22
2026-06-19,electricals,EL,3,0.151167684642,28,POLYCAB,2,2774588931,0.111111111111,2026-06-22
2026-06-19,electricals,EL,3,0.151167684642,28,ABB,3,2528414058.65,0.111111111111,2026-06-22
2026-06-25,trading,TR,1,0.132945138439,9,ADANIENT,1,6287837185.61,0.111111111111,2026-06-29
2026-06-25,trading,TR,1,0.132945138439,9,REDINGTON,2,2220004356.43,0.111111111111,2026-06-29
2026-06-25,trading,TR,1,0.132945138439,9,MSTCLTD,3,1988999942.74,0.111111111111,2026-06-29
2026-06-25,manufacturing,MF,2,0.117937519128,9,AEQUS,1,1601499784,0.111111111111,2026-06-29
2026-06-25,manufacturing,MF,2,0.117937519128,9,TITAGARH,2,1011042371.04,0.111111111111,2026-06-29
2026-06-25,manufacturing,MF,2,0.117937519128,9,CARBORUNIV,3,560742849.235,0.111111111111,2026-06-29
2026-06-25,hospitality,HP,3,0.106297509764,20,INDHOTEL,1,1744914841.77,0.111111111111,2026-06-29
2026-06-25,hospitality,HP,3,0.106297509764,20,THOMASCOOK,2,863873136.401,0.111111111111,2026-06-29
2026-06-25,hospitality,HP,3,0.106297509764,20,ITDC,3,845444816.112,0.111111111111,2026-06-29
2026-07-03,manufacturing,MF,1,0.134398489053,8,AEQUS,1,1865100885.84,0.111111111111,2026-07-06
2026-07-03,manufacturing,MF,1,0.134398489053,8,TITAGARH,2,864768604.928,0.111111111111,2026-07-06
2026-07-03,manufacturing,MF,1,0.134398489053,8,CARBORUNIV,3,527744732.945,0.111111111111,2026-07-06
2026-07-03,textiles,TX,2,0.121089321406,44,KPRMILL,1,1772099687.26,0.111111111111,2026-07-06
2026-07-03,textiles,TX,2,0.121089321406,44,PAGEIND,2,1390662459,0.111111111111,2026-07-06
2026-07-03,textiles,TX,2,0.121089321406,44,GOKEX,3,750889961.503,0.111111111111,2026-07-06
2026-07-03,aviation,AV,3,0.113888877206,7,APOLLO,1,7964355621.99,0.111111111111,2026-07-06
2026-07-03,aviation,AV,3,0.113888877206,7,INDIGO,2,6916910821.55,0.111111111111,2026-07-06
2026-07-03,aviation,AV,3,0.113888877206,7,DATAPATTNS,3,6292755600.87,0.111111111111,2026-07-06
2026-07-10,diamond_jewellery,DJ,1,0.181510512558,14,KALYANKJIL,1,8765523064.47,0.111111111111,2026-07-13
2026-07-10,diamond_jewellery,DJ,1,0.181510512558,14,TITAN,2,4277741882.51,0.111111111111,2026-07-13
2026-07-10,diamond_jewellery,DJ,1,0.181510512558,14,THANGAMAYL,3,1500833394.62,0.111111111111,2026-07-13
2026-07-10,aviation,AV,2,0.148610523953,7,APOLLO,1,7823615044.73,0.111111111111,2026-07-13
2026-07-10,aviation,AV,2,0.148610523953,7,INDIGO,2,7249752932.88,0.111111111111,2026-07-13
2026-07-10,aviation,AV,2,0.148610523953,7,BEL,3,5733210385.28,0.111111111111,2026-07-13
2026-07-10,manufacturing,MF,3,0.140959889014,8,AEQUS,1,3167991041.44,0.111111111111,2026-07-13
2026-07-10,manufacturing,MF,3,0.140959889014,8,TITAGARH,2,791158723.983,0.111111111111,2026-07-13
2026-07-10,manufacturing,MF,3,0.140959889014,8,CARBORUNIV,3,518672837.29,0.111111111111,2026-07-13
2026-07-17,diamond_jewellery,DJ,1,0.135632066109,14,KALYANKJIL,1,18431538339.8,0.111111111111,2026-07-20
2026-07-17,diamond_jewellery,DJ,1,0.135632066109,14,TITAN,2,4269639383.57,0.111111111111,2026-07-20
2026-07-17,diamond_jewellery,DJ,1,0.135632066109,14,THANGAMAYL,3,1651378567.12,0.111111111111,2026-07-20
2026-07-17,containers_packaging,CP,2,0.0711271820611,6,COSMOFIRST,1,113858615.9,0.111111111111,2026-07-20
2026-07-17,containers_packaging,CP,2,0.0711271820611,6,AGI,2,70857587.2575,0.111111111111,2026-07-20
2026-07-17,containers_packaging,CP,2,0.0711271820611,6,HUHTAMAKI,3,61379447.8705,0.111111111111,2026-07-20
2026-07-17,healthcare,HC,3,0.0586772492067,102,TORNTPHARM,1,4280460462.44,0.111111111111,2026-07-20
2026-07-17,healthcare,HC,3,0.0586772492067,102,LAURUSLABS,2,3921138550.26,0.111111111111,2026-07-20
2026-07-17,healthcare,HC,3,0.0586772492067,102,SUNPHARMA,3,3920604332.72,0.111111111111,2026-07-20
