date,symbol,series,open,high,low,close,volume,turnover_rupees,isin,instrument_id,security_name,source_format,source_file
2026-09-18,20MICRONS,EQ,207.77,209.0,204.62,208.28,45744,9469881.14,INE144J01027,16921,20 MICRONS LTD,NEW,/home/suruchi-pandey/Projects/Bhavcopy-download-and-mail-code/2026/BhavCopy_NSE_CM_0_0_0_20260918_F_0000.csv
2026-09-18,21STCENMGM,EQ,38.81,39.29,38.81,38.98,135,5281.35,INE253B01015,4,21ST CENTURY MGMT SERVICE,NEW,/home/suruchi-pandey/Projects/Bhavcopy-download-and-mail-code/2026/BhavCopy_NSE_CM_0_0_0_20260918_F_0000.csv
2026-09-18,360ONE,EQ,1060.5,1086.1,1060.5,1073.1,519067,559494770.6,INE466L01038,13061,360 ONE WAM LIMITED,NEW,/home/suruchi-pandey/Projects/Bhavcopy-download-and-mail-code/2026/BhavCopy_NSE_CM_0_0_0_20260918_F_0000.csv
2026-09-18,3BBLACKBIO,EQ,1313.5,1328.7,1289.8,1319.3,6766,8792121.3,INE994E01018,762518,3B BLACKBIO DX LTD.,NEW,/home/suruchi-pandey/Projects/Bhavcopy-download-and-mail-code/2026/BhavCopy_NSE_CM_0_0_0_20260918_F_0000.csv
2026-09-18,3MINDIA,EQ,32530.0,34450.0,32380.0,34095.0,8040,270674015.0,INE470A01017,474,3M INDIA LIMITED,NEW,/home/suruchi-pandey/Projects/Bhavcopy-download-and-mail-code/2026/BhavCopy_NSE_CM_0_0_0_20260918_F_0000.csv
2026-09-18,3PLAND,EQ,31.5,31.5,30.5,31.09,721,22395.04,INE105C01023,2595,3P LAND HOLDINGS LIMITED,NEW,/home/suruchi-pandey/Projects/Bhavcopy-download-and-mail-code/2026/BhavCopy_NSE_CM_0_0_0_20260918_F_0000.csv
2026-09-18,5PAISA,EQ,314.1,323.0,314.1,321.35,21347,6825423.4,INE618L01018,445,5PAISA CAPITAL LIMITED,NEW,/home/suruchi-pandey/Projects/Bhavcopy-download-and-mail-code/2026/BhavCopy_NSE_CM_0_0_0_20260918_F_0000.csv
2026-09-18,63MOONS,EQ,872.65,890.15,864.45,884.75,231331,203673379.5,INE111B01023,11868,63 MOONS TECHNOLOGIES LTD,NEW,/home/suruchi-pandey/Projects/Bhavcopy-download-and-mail-code/2026/BhavCopy_NSE_CM_0_0_0_20260918_F_0000.csv
2026-09-18,A2ZINFRA,EQ,15.31,15.31,14.87,14.89,43624,652048.47,INE619I01012,20906,A2Z INFRA ENGINEERING LTD,NEW,/home/suruchi-pandey/Projects/Bhavcopy-download-and-mail-code/2026/BhavCopy_NSE_CM_0_0_0_20260918_F_0000.csv
2026-09-18,AAATECH,EQ,88.0,88.0,84.05,86.95,107337,9275545.37,INE0D0U01013,12533,AAA TECHNOLOGIES LIMITED,NEW,/home/suruchi-pandey/Projects/Bhavcopy-download-and-mail-code/2026/BhavCopy_NSE_CM_0_0_0_20260918_F_0000.csv
2026-09-18,AADHARHFC,EQ,467.0,470.7,453.7,461.65,2175228,1004929298.95,INE883F01010,23729,AADHAR HOUSING FINANCE L,NEW,/home/suruchi-pandey/Projects/Bhavcopy-download-and-mail-code/2026/BhavCopy_NSE_CM_0_0_0_20260918_F_0000.csv
2026-09-18,AAKASH,EQ,8.92,9.18,8.8,8.88,78109,701856.4,INE087Z01024,235,AAKASH EXPLORATION SER L,NEW,/home/suruchi-pandey/Projects/Bhavcopy-download-and-mail-code/2026/BhavCopy_NSE_CM_0_0_0_20260918_F_0000.csv
2026-09-18,AAREYDRUGS,EQ,103.0,103.5,98.81,102.13,289834,29542729.05,INE198H01019,5245,AAREY DRUGS & PHARM LTD,NEW,/home/suruchi-pandey/Projects/Bhavcopy-download-and-mail-code/2026/BhavCopy_NSE_CM_0_0_0_20260918_F_0000.csv
2026-09-18,AARON,EQ,124.42,126.99,115.0,119.92,38147,4547539.41,INE721Z01010,1030,AARON INDUSTRIES LIMITED,NEW,/home/suruchi-pandey/Projects/Bhavcopy-download-and-mail-code/2026/BhavCopy_NSE_CM_0_0_0_20260918_F_0000.csv
2026-09-18,AARTIDRUGS,EQ,428.35,435.2,426.0,431.8,88332,38104319.55,INE767A01016,4481,AARTI DRUGS LTD.,NEW,/home/suruchi-pandey/Projects/Bhavcopy-download-and-mail-code/2026/BhavCopy_NSE_CM_0_0_0_20260918_F_0000.csv
2026-09-18,AARTIIND,EQ,476.65,493.45,476.25,491.15,541708,264375204.25,INE769A01020,7,AARTI INDUSTRIES LTD,NEW,/home/suruchi-pandey/Projects/Bhavcopy-download-and-mail-code/2026/BhavCopy_NSE_CM_0_0_0_20260918_F_0000.csv
2026-09-18,AARTIPHARM,EQ,827.0,845.7,812.4,820.4,1901494,1563253137.65,INE0LRU01027,13868,AARTI PHARMALABS LIMITED,NEW,/home/suruchi-pandey/Projects/Bhavcopy-download-and-mail-code/2026/BhavCopy_NSE_CM_0_0_0_20260918_F_0000.csv
2026-09-18,AARVI,EQ,141.9,141.9,138.12,139.95,3984,555973.6,INE754X01016,19073,AARVI ENCON LIMITED,NEW,/home/suruchi-pandey/Projects/Bhavcopy-download-and-mail-code/2026/BhavCopy_NSE_CM_0_0_0_20260918_F_0000.csv
2026-09-18,AASTHA,EQ,77.99,77.99,74.24,76.25,240248,18217595.8,INE2FMX01012,763800,AASTHA SPINTEX LIMITED,NEW,/home/suruchi-pandey/Projects/Bhavcopy-download-and-mail-code/2026/BhavCopy_NSE_CM_0_0_0_20260918_F_0000.csv
2026-09-18,AAVAS,EQ,1296.0,1304.9,1273.8,1284.6,164549,212169030.3,INE216P01012,5385,AAVAS FINANCIERS LIMITED,NEW,/home/suruchi-pandey/Projects/Bhavcopy-download-and-mail-code/2026/BhavCopy_NSE_CM_0_0_0_20260918_F_0000.csv
2026-09-18,ABANSENT,EQ,26.61,27.46,26.0,26.07,7320,193507.14,INE365O01028,762523,ABANS ENTERPRISES LTD.,NEW,/home/suruchi-pandey/Projects/Bhavcopy-download-and-mail-code/2026/BhavCopy_NSE_CM_0_0_0_20260918_F_0000.csv
2026-09-18,ABB,EQ,7185.5,7307.0,7151.0,7270.5,383030,2767162282.5,INE117A01022,13,ABB INDIA LIMITED,NEW,/home/suruchi-pandey/Projects/Bhavcopy-download-and-mail-code/2026/BhavCopy_NSE_CM_0_0_0_20260918_F_0000.csv
2026-09-18,ABBOTINDIA,EQ,26035.0,27490.0,26035.0,27270.0,38339,1038121980.0,INE358A01014,17903,ABBOTT INDIA LIMITED,NEW,/home/suruchi-pandey/Projects/Bhavcopy-download-and-mail-code/2026/BhavCopy_NSE_CM_0_0_0_20260918_F_0000.csv
2026-09-18,ABCAPITAL,EQ,390.5,410.05,390.5,410.05,4888619,1971198774.8,INE674K01013,21614,ADITYA BIRLA CAPITAL LTD.,NEW,/home/suruchi-pandey/Projects/Bhavcopy-download-and-mail-code/2026/BhavCopy_NSE_CM_0_0_0_20260918_F_0000.csv
2026-09-18,ABCOTS,EQ,221.0,222.01,206.05,209.85,219982,47393933.54,INE08PH01015,759130,A B COTSPIN INDIA LIMITED,NEW,/home/suruchi-pandey/Projects/Bhavcopy-download-and-mail-code/2026/BhavCopy_NSE_CM_0_0_0_20260918_F_0000.csv
2026-09-18,ABDL,EQ,649.9,659.55,641.0,647.6,437696,284631044.05,INE552Z01027,24308,ALLIED BLEND N DISTILS L,NEW,/home/suruchi-pandey/Projects/Bhavcopy-download-and-mail-code/2026/BhavCopy_NSE_CM_0_0_0_20260918_F_0000.csv
2026-09-18,ABFRL,EQ,50.6,50.77,49.8,50.16,3238057,162697036.49,INE647O01011,30108,ADITYA BIRLA FASHION & RT,NEW,/home/suruchi-pandey/Projects/Bhavcopy-download-and-mail-code/2026/BhavCopy_NSE_CM_0_0_0_20260918_F_0000.csv
2026-09-18,ABGSEC,EQ,114.2,114.2,113.19,114.2,8,911.58,INF209KC1134,24404,BIRLASLAMC - ABGSEC,NEW,/home/suruchi-pandey/Projects/Bhavcopy-download-and-mail-code/2026/BhavCopy_NSE_CM_0_0_0_20260918_F_0000.csv
2026-09-18,ABLBL,EQ,82.75,82.75,80.81,81.17,1106286,90107232.55,INE14LE01019,756843,ADITYA BIRLA LIFES BRAN L,NEW,/home/suruchi-pandey/Projects/Bhavcopy-download-and-mail-code/2026/BhavCopy_NSE_CM_0_0_0_20260918_F_0000.csv
2026-09-18,ABMKNO,EQ,178.0,187.9,170.05,170.5,1382,237295.14,INE850B01026,762528,A B M KNOWLEDGEWARE LTD.,NEW,/home/suruchi-pandey/Projects/Bhavcopy-download-and-mail-code/2026/BhavCopy_NSE_CM_0_0_0_20260918_F_0000.csv
2026-09-18,ABREL,EQ,1264.0,1279.0,1249.2,1266.2,171318,216766887.6,INE055A01016,625,ADITYA BIRLA REAL EST LTD,NEW,/home/suruchi-pandey/Projects/Bhavcopy-download-and-mail-code/2026/BhavCopy_NSE_CM_0_0_0_20260918_F_0000.csv
2026-09-18,ABSL10BANK,EQ,165.5,166.3,165.0,166.04,281,46518.44,INF209KC1670,760247,BIRLASLAMC - ABSL10BANK,NEW,/home/suruchi-pandey/Projects/Bhavcopy-download-and-mail-code/2026/BhavCopy_NSE_CM_0_0_0_20260918_F_0000.csv
2026-09-18,ABSLAMC,EQ,1083.0,1107.9,1053.4,1060.4,378189,409840728.6,INE404A01024,6018,ADIT BIRL SUN LIF AMC LTD,NEW,/home/suruchi-pandey/Projects/Bhavcopy-download-and-mail-code/2026/BhavCopy_NSE_CM_0_0_0_20260918_F_0000.csv
2026-09-18,ABSLBANETF,EQ,57.65,57.92,57.53,57.72,10671,615983.99,INF209KB17D5,13987,BIRLASLAMC - ABSLBANETF,NEW,/home/suruchi-pandey/Projects/Bhavcopy-download-and-mail-code/2026/BhavCopy_NSE_CM_0_0_0_20260918_F_0000.csv
2026-09-18,ABSLLIQUID,EQ,995.0,1004.94,995.0,1000.0,8812,8812066.52,INF209KB18T9,14518,BIRLASLAMC - ABSLLIQUID,NEW,/home/suruchi-pandey/Projects/Bhavcopy-download-and-mail-code/2026/BhavCopy_NSE_CM_0_0_0_20260918_F_0000.csv
2026-09-18,ABSLMSCIN,EQ,28.82,28.93,28.68,28.69,608,17459.32,INF209KC1662,761066,BIRLASLAMC - ABSLMSCIN,NEW,/home/suruchi-pandey/Projects/Bhavcopy-download-and-mail-code/2026/BhavCopy_NSE_CM_0_0_0_20260918_F_0000.csv
2026-09-18,ABSLNN50ET,EQ,74.81,75.99,73.87,75.87,7289,550129.32,INF209KB16D7,7339,BIRLASLAMC - ABSLNN50ET,NEW,/home/suruchi-pandey/Projects/Bhavcopy-download-and-mail-code/2026/BhavCopy_NSE_CM_0_0_0_20260918_F_0000.csv
2026-09-18,ABSLPSE,EQ,10.1,10.1,9.97,10.05,46993,470985.42,INF209KB19Z4,23806,BIRLASLAMC-ABSLPSE,NEW,/home/suruchi-pandey/Projects/Bhavcopy-download-and-mail-code/2026/BhavCopy_NSE_CM_0_0_0_20260918_F_0000.csv
2026-09-18,ACC,EQ,1236.6,1279.9,1236.6,1259.7,386560,485295987.1,INE012A01025,22,ACC LIMITED,NEW,/home/suruchi-pandey/Projects/Bhavcopy-download-and-mail-code/2026/BhavCopy_NSE_CM_0_0_0_20260918_F_0000.csv
2026-09-18,ACCELYA,EQ,1131.8,1132.0,1117.0,1123.0,3559,3993392.7,INE793A01012,7053,ACCELYA SOLN INDIA LTD,NEW,/home/suruchi-pandey/Projects/Bhavcopy-download-and-mail-code/2026/BhavCopy_NSE_CM_0_0_0_20260918_F_0000.csv
2026-09-18,ACE,EQ,1212.3,1241.5,1202.0,1229.2,881443,1080864356.5,INE731H01025,13587,ACTION CONST EQUIP LTD,NEW,/home/suruchi-pandey/Projects/Bhavcopy-download-and-mail-code/2026/BhavCopy_NSE_CM_0_0_0_20260918_F_0000.csv
2026-09-18,ACEINTEG,EQ,17.8,17.81,17.11,17.37,2419,42009.74,INE543V01017,11779,ACE INTEGRATED SOLU. LTD.,NEW,/home/suruchi-pandey/Projects/Bhavcopy-download-and-mail-code/2026/BhavCopy_NSE_CM_0_0_0_20260918_F_0000.csv
2026-09-18,ACGL,EQ,1798.0,1836.9,1725.1,1737.2,1004,1774024.5,INE451C01013,764558,AUTOMOBILE CORPN OF GOA L,NEW,/home/suruchi-pandey/Projects/Bhavcopy-download-and-mail-code/2026/BhavCopy_NSE_CM_0_0_0_20260918_F_0000.csv
2026-09-18,ACI,EQ,463.65,473.0,458.0,467.15,327739,152851729.0,INE128X01021,12024,ARCHEAN CHEMICAL IND LTD,NEW,/home/suruchi-pandey/Projects/Bhavcopy-download-and-mail-code/2026/BhavCopy_NSE_CM_0_0_0_20260918_F_0000.csv
2026-09-18,ACL,EQ,42.8,42.99,41.52,42.66,6820,289714.6,INE666E01020,15420,ANDHRA CEMENTS LIMITED,NEW,/home/suruchi-pandey/Projects/Bhavcopy-download-and-mail-code/2026/BhavCopy_NSE_CM_0_0_0_20260918_F_0000.csv
2026-09-18,ACMESOLAR,EQ,411.5,440.7,411.5,435.25,12038412,5200825815.95,INE622W01025,27061,ACME SOLAR HOLDINGS LTD,NEW,/home/suruchi-pandey/Projects/Bhavcopy-download-and-mail-code/2026/BhavCopy_NSE_CM_0_0_0_20260918_F_0000.csv
2026-09-18,ACUTAAS,EQ,3334.0,3462.0,3302.5,3440.3,521496,1772301510.0,INE00FF01025,5578,ACUTAAS CHEMICALS LIMITED,NEW,/home/suruchi-pandey/Projects/Bhavcopy-download-and-mail-code/2026/BhavCopy_NSE_CM_0_0_0_20260918_F_0000.csv
2026-09-18,ADANIENSOL,EQ,1380.9,1436.5,1380.9,1436.1,2145921,3051123276.6,INE931S01010,10217,ADANI ENERGY SOLUTION LTD,NEW,/home/suruchi-pandey/Projects/Bhavcopy-download-and-mail-code/2026/BhavCopy_NSE_CM_0_0_0_20260918_F_0000.csv
2026-09-18,ADANIENT,EQ,2933.0,3020.0,2924.6,3020.0,1628125,4868780176.2,INE423A01024,25,ADANI ENTERPRISES LIMITED,NEW,/home/suruchi-pandey/Projects/Bhavcopy-download-and-mail-code/2026/BhavCopy_NSE_CM_0_0_0_20260918_F_0000.csv
2026-09-18,ADANIGREEN,EQ,1274.2,1337.9,1274.2,1334.5,2597171,3414211307.9,INE364U01010,3563,ADANI GREEN ENERGY LTD,NEW,/home/suruchi-pandey/Projects/Bhavcopy-download-and-mail-code/2026/BhavCopy_NSE_CM_0_0_0_20260918_F_0000.csv
2026-09-18,ADANIPORTS,EQ,1748.0,1824.0,1744.0,1824.0,4148803,7413905199.3,INE742F01042,15083,ADANI PORT & SEZ LTD,NEW,/home/suruchi-pandey/Projects/Bhavcopy-download-and-mail-code/2026/BhavCopy_NSE_CM_0_0_0_20260918_F_0000.csv
2026-09-18,ADANIPOWER,EQ,206.05,209.6,205.64,206.6,18185888,3775945326.52,INE814H01029,17388,ADANI POWER LTD,NEW,/home/suruchi-pandey/Projects/Bhavcopy-download-and-mail-code/2026/BhavCopy_NSE_CM_0_0_0_20260918_F_0000.csv
2026-09-18,ADDIND,EQ,83.0,83.0,82.65,82.65,3,248.54,INE757C01021,764563,ADDI INDUSTRIES LTD.,NEW,/home/suruchi-pandey/Projects/Bhavcopy-download-and-mail-code/2026/BhavCopy_NSE_CM_0_0_0_20260918_F_0000.csv
2026-09-18,ADFFOODS,EQ,265.1,265.9,260.2,261.45,88038,23129650.65,INE982B01027,19761,ADF FOODS LIMITED,NEW,/home/suruchi-pandey/Projects/Bhavcopy-download-and-mail-code/2026/BhavCopy_NSE_CM_0_0_0_20260918_F_0000.csv
2026-09-18,ADL,EQ,75.4,75.4,70.0,70.06,261,18380.28,INE0CHO01012,245,ARCHIDPLY DECOR LIMITED,NEW,/home/suruchi-pandey/Projects/Bhavcopy-download-and-mail-code/2026/BhavCopy_NSE_CM_0_0_0_20260918_F_0000.csv
2026-09-18,ADOR,EQ,1570.1,1613.0,1568.9,1592.1,19186,30371845.1,INE045A01017,34,ADOR WELDING LTD,NEW,/home/suruchi-pandey/Projects/Bhavcopy-download-and-mail-code/2026/BhavCopy_NSE_CM_0_0_0_20260918_F_0000.csv
2026-09-18,ADROITINFO,EQ,10.82,11.7,10.82,11.14,39432,446456.1,INE737B01033,4953,ADROIT INFOTECH LIMITED,NEW,/home/suruchi-pandey/Projects/Bhavcopy-download-and-mail-code/2026/BhavCopy_NSE_CM_0_0_0_20260918_F_0000.csv
2026-09-18,ADSL,EQ,96.98,97.46,95.5,96.29,57062,5482491.76,INE102I01027,14813,ALLIED DIGITAL SERV. LTD,NEW,/home/suruchi-pandey/Projects/Bhavcopy-download-and-mail-code/2026/BhavCopy_NSE_CM_0_0_0_20260918_F_0000.csv
2026-09-18,ADVAIT,EQ,2030.0,2030.4,1985.0,2003.6,19625,39340780.4,INE0ALI01010,760657,ADVAIT ENRGY TRANSITION L,NEW,/home/suruchi-pandey/Projects/Bhavcopy-download-and-mail-code/2026/BhavCopy_NSE_CM_0_0_0_20260918_F_0000.csv
2026-09-18,ADVANCE,EQ,112.75,112.75,110.0,110.48,87868,9737198.26,INE1B0W01010,759402,ADVANCE AGROLIFE LIMITED,NEW,/home/suruchi-pandey/Projects/Bhavcopy-download-and-mail-code/2026/BhavCopy_NSE_CM_0_0_0_20260918_F_0000.csv
2026-09-18,ADVANIHOTR,EQ,48.35,49.34,47.62,47.89,13516,651610.32,INE199C01026,14745,ADVANI HOT.& RES.(I) LTD,NEW,/home/suruchi-pandey/Projects/Bhavcopy-download-and-mail-code/2026/BhavCopy_NSE_CM_0_0_0_20260918_F_0000.csv
2026-09-18,ADVENTHTL,EQ,128.11,132.9,125.46,129.15,174166,22235809.91,INE28GN01010,759769,ADVENT HOTELS INTERNATI L,NEW,/home/suruchi-pandey/Projects/Bhavcopy-download-and-mail-code/2026/BhavCopy_NSE_CM_0_0_0_20260918_F_0000.csv
2026-09-18,ADVENZYMES,EQ,291.0,291.85,286.45,287.8,243137,70155706.2,INE837H01020,18039,ADVANCED ENZYME TECH LTD,NEW,/home/suruchi-pandey/Projects/Bhavcopy-download-and-mail-code/2026/BhavCopy_NSE_CM_0_0_0_20260918_F_0000.csv
2026-09-18,ADVIKCA,EQ,0.97,1.0,0.95,0.98,216964,210918.42,INE178T01024,765015,ADVIK CAPITAL LTD.,NEW,/home/suruchi-pandey/Projects/Bhavcopy-download-and-mail-code/2026/BhavCopy_NSE_CM_0_0_0_20260918_F_0000.csv
2026-09-18,AEGISLOG,EQ,1362.9,1429.7,1360.0,1415.4,1333662,1871035144.3,INE208C01025,40,AEGIS LOGISTICS LIMITED,NEW,/home/suruchi-pandey/Projects/Bhavcopy-download-and-mail-code/2026/BhavCopy_NSE_CM_0_0_0_20260918_F_0000.csv
2026-09-18,AEGISVOPAK,EQ,313.0,317.0,300.65,314.95,2342046,726072002.95,INE0INX01018,757336,AEGIS VOPAK TERMINALS LTD,NEW,/home/suruchi-pandey/Projects/Bhavcopy-download-and-mail-code/2026/BhavCopy_NSE_CM_0_0_0_20260918_F_0000.csv
2026-09-18,AEPL,EQ,15.7,16.5,15.7,15.92,15668,252252.55,INE757T01025,761330,ARTEMIS ELECTRICALS & P L,NEW,/home/suruchi-pandey/Projects/Bhavcopy-download-and-mail-code/2026/BhavCopy_NSE_CM_0_0_0_20260918_F_0000.csv
2026-09-18,AEQUS,EQ,228.98,233.47,227.0,231.67,859211,197692524.8,INE947N01017,760234,AEQUS LIMITED,NEW,/home/suruchi-pandey/Projects/Bhavcopy-download-and-mail-code/2026/BhavCopy_NSE_CM_0_0_0_20260918_F_0000.csv
2026-09-18,AEROENTER,EQ,122.94,126.9,120.9,125.49,751302,93097356.03,INE065D01027,12015,AEROFLEX ENTERPRISES LTD,NEW,/home/suruchi-pandey/Projects/Bhavcopy-download-and-mail-code/2026/BhavCopy_NSE_CM_0_0_0_20260918_F_0000.csv
2026-09-18,AEROFLEX,EQ,510.0,514.0,497.1,510.9,890374,451417876.35,INE024001021,18268,AEROFLEX INDUSTRIES LTD,NEW,/home/suruchi-pandey/Projects/Bhavcopy-download-and-mail-code/2026/BhavCopy_NSE_CM_0_0_0_20260918_F_0000.csv
2026-09-18,AERONEU,EQ,66.28,68.0,66.28,67.09,28643,1921019.92,INE035801013,13689,AEROFLEX NEU LIMITED,NEW,/home/suruchi-pandey/Projects/Bhavcopy-download-and-mail-code/2026/BhavCopy_NSE_CM_0_0_0_20260918_F_0000.csv
2026-09-18,AEROPLANE,EQ,193.0,203.25,192.12,201.49,778122,155808700.52,INE05TO01019,761670,AMIR CHAND JAG KUM (E) L,NEW,/home/suruchi-pandey/Projects/Bhavcopy-download-and-mail-code/2026/BhavCopy_NSE_CM_0_0_0_20260918_F_0000.csv
2026-09-18,AETHER,EQ,1624.3,1651.3,1618.1,1630.0,94450,154727289.5,INE0BWX01014,9810,AETHER INDUSTRIES LIMITED,NEW,/home/suruchi-pandey/Projects/Bhavcopy-download-and-mail-code/2026/BhavCopy_NSE_CM_0_0_0_20260918_F_0000.csv
2026-09-18,AFCONS,EQ,264.0,264.4,255.8,263.4,3352350,873305509.3,INE101I01011,25977,AFCONS INFRASTRUCTURE LTD,NEW,/home/suruchi-pandey/Projects/Bhavcopy-download-and-mail-code/2026/BhavCopy_NSE_CM_0_0_0_20260918_F_0000.csv
2026-09-18,AFFLE,EQ,1545.6,1623.5,1535.0,1603.5,434146,688803831.8,INE00WC01027,11343,AFFLE 3I LIMITED,NEW,/home/suruchi-pandey/Projects/Bhavcopy-download-and-mail-code/2026/BhavCopy_NSE_CM_0_0_0_20260918_F_0000.csv
2026-09-18,AFFORDABLE,EQ,164.0,175.0,162.93,172.31,29285,4966499.25,INE692Z01013,25855,AFFORD ROBO & AUTO LTD,NEW,/home/suruchi-pandey/Projects/Bhavcopy-download-and-mail-code/2026/BhavCopy_NSE_CM_0_0_0_20260918_F_0000.csv
2026-09-18,AFIL,EQ,8.96,8.96,8.34,8.61,302606,2572412.62,INE916Y01027,24159,AKME FINTRADE (INDIA) LTD,NEW,/home/suruchi-pandey/Projects/Bhavcopy-download-and-mail-code/2026/BhavCopy_NSE_CM_0_0_0_20260918_F_0000.csv
2026-09-18,AFSL,EQ,202.45,202.45,201.0,201.0,7974,1603061.73,INE00ZE01026,13288,ABANS FINANCIAL SRVCS LTD,NEW,/home/suruchi-pandey/Projects/Bhavcopy-download-and-mail-code/2026/BhavCopy_NSE_CM_0_0_0_20260918_F_0000.csv
2026-09-18,AGARIND,EQ,407.8,417.9,405.6,412.65,17291,7077378.45,INE204E01012,3389,AGARWAL INDS CORP LTD.,NEW,/home/suruchi-pandey/Projects/Bhavcopy-download-and-mail-code/2026/BhavCopy_NSE_CM_0_0_0_20260918_F_0000.csv
2026-09-18,AGARWALEYE,EQ,500.25,503.0,495.2,500.45,105331,52553862.85,INE943P01029,29452,DR AGARWALS HEALTH CARE L,NEW,/home/suruchi-pandey/Projects/Bhavcopy-download-and-mail-code/2026/BhavCopy_NSE_CM_0_0_0_20260918_F_0000.csv
2026-09-18,AGI,EQ,740.0,756.0,723.0,745.05,155939,115038057.65,INE415A01038,1412,AGI GREENPAC LIMITED,NEW,/home/suruchi-pandey/Projects/Bhavcopy-download-and-mail-code/2026/BhavCopy_NSE_CM_0_0_0_20260918_F_0000.csv
2026-09-18,AGIIL,EQ,266.15,274.0,266.0,270.45,660624,178537083.95,INE976R01033,24445,AGI INFRA LIMITED,NEW,/home/suruchi-pandey/Projects/Bhavcopy-download-and-mail-code/2026/BhavCopy_NSE_CM_0_0_0_20260918_F_0000.csv
2026-09-18,AGL,EQ,13.94,14.11,13.56,13.8,1221013,16833778.02,INE1YPB01014,763784,ALLCARGO GLOBAL LIMITED,NEW,/home/suruchi-pandey/Projects/Bhavcopy-download-and-mail-code/2026/BhavCopy_NSE_CM_0_0_0_20260918_F_0000.csv
2026-09-18,AGRITECH,EQ,97.8,99.48,97.55,98.33,1770,174025.36,INE449G01018,11072,AGRI-TECH (INDIA) LIMITED,NEW,/home/suruchi-pandey/Projects/Bhavcopy-download-and-mail-code/2026/BhavCopy_NSE_CM_0_0_0_20260918_F_0000.csv
2026-09-18,AGROPHOS,EQ,24.38,24.38,22.51,23.64,5479,128526.06,INE740V01019,9046,AGRO PHOS INDIA LIMITED,NEW,/home/suruchi-pandey/Projects/Bhavcopy-download-and-mail-code/2026/BhavCopy_NSE_CM_0_0_0_20260918_F_0000.csv
2026-09-18,AHCL,EQ,22.68,24.78,22.11,22.9,145565213,3429870539.41,INE0Y8W01025,758968,ANLON HEALTHCARE LIMITED,NEW,/home/suruchi-pandey/Projects/Bhavcopy-download-and-mail-code/2026/BhavCopy_NSE_CM_0_0_0_20260918_F_0000.csv
2026-09-18,AHLADA,EQ,38.9,39.64,37.2,37.33,8224,310391.58,INE00PV01013,2004,AHLADA ENGINEERS LIMITED,NEW,/home/suruchi-pandey/Projects/Bhavcopy-download-and-mail-code/2026/BhavCopy_NSE_CM_0_0_0_20260918_F_0000.csv
2026-09-18,AHLEAST,EQ,135.12,139.71,132.01,135.59,5283,705446.53,INE926K01017,19438,ASIAN HOTELS (EAST) LTD,NEW,/home/suruchi-pandey/Projects/Bhavcopy-download-and-mail-code/2026/BhavCopy_NSE_CM_0_0_0_20260918_F_0000.csv
2026-09-18,AHLUCONT,EQ,568.0,590.0,564.0,584.7,63766,36647967.55,INE758C01029,17833,AHLUWALIA CONT IND LTD,NEW,/home/suruchi-pandey/Projects/Bhavcopy-download-and-mail-code/2026/BhavCopy_NSE_CM_0_0_0_20260918_F_0000.csv
2026-09-18,AIAENG,EQ,3967.5,4039.8,3900.0,3973.3,75514,298507791.8,INE212H01026,13086,AIA ENGINEERING LIMITED,NEW,/home/suruchi-pandey/Projects/Bhavcopy-download-and-mail-code/2026/BhavCopy_NSE_CM_0_0_0_20260918_F_0000.csv
2026-09-18,AIIL,EQ,531.95,562.0,527.5,559.0,762508,421392813.65,INE206F01022,23553,AUTHUM INVEST & INFRA LTD,NEW,/home/suruchi-pandey/Projects/Bhavcopy-download-and-mail-code/2026/BhavCopy_NSE_CM_0_0_0_20260918_F_0000.csv
2026-09-18,AIRAN,EQ,16.59,16.9,16.2,16.69,56051,929948.65,INE645W01026,9897,AIRAN LIMITED,NEW,/home/suruchi-pandey/Projects/Bhavcopy-download-and-mail-code/2026/BhavCopy_NSE_CM_0_0_0_20260918_F_0000.csv
2026-09-18,AIROLAM,EQ,89.8,92.0,85.5,89.0,12571,1124723.78,INE801L01010,6068,AIRO LAM LIMITED,NEW,/home/suruchi-pandey/Projects/Bhavcopy-download-and-mail-code/2026/BhavCopy_NSE_CM_0_0_0_20260918_F_0000.csv
2026-09-18,AJANTPHARM,EQ,3535.0,3630.0,3531.5,3563.6,201322,719782103.0,INE031B01049,8124,AJANTA PHARMA LIMITED,NEW,/home/suruchi-pandey/Projects/Bhavcopy-download-and-mail-code/2026/BhavCopy_NSE_CM_0_0_0_20260918_F_0000.csv
2026-09-18,AJAXENGG,EQ,563.0,570.2,554.0,559.75,86718,48716195.05,INE274Y01021,29624,AJAX ENGINEERING LIMITED,NEW,/home/suruchi-pandey/Projects/Bhavcopy-download-and-mail-code/2026/BhavCopy_NSE_CM_0_0_0_20260918_F_0000.csv
2026-09-18,AJMERA,EQ,114.37,116.9,112.73,115.6,307767,35311725.75,INE298G01035,17307,AJMERA REALTY & INF I LTD,NEW,/home/suruchi-pandey/Projects/Bhavcopy-download-and-mail-code/2026/BhavCopy_NSE_CM_0_0_0_20260918_F_0000.csv
2026-09-18,AJOONI,EQ,3.24,3.39,3.24,3.28,714622,2367556.37,INE820Y01021,3403,AJOONI BIOTECH LIMITED,NEW,/home/suruchi-pandey/Projects/Bhavcopy-download-and-mail-code/2026/BhavCopy_NSE_CM_0_0_0_20260918_F_0000.csv
2026-09-18,AKASH,EQ,24.7,24.72,24.27,24.29,2440,59900.6,INE737W01013,13510,AKASH INFRA-PROJECTS LTD,NEW,/home/suruchi-pandey/Projects/Bhavcopy-download-and-mail-code/2026/BhavCopy_NSE_CM_0_0_0_20260918_F_0000.csv
2026-09-18,AKCAPIT,EQ,1731.4,1755.0,1701.3,1746.4,1185,2059210.9,INE701G01012,762538,A K CAPITAL SERVICES LTD.,NEW,/home/suruchi-pandey/Projects/Bhavcopy-download-and-mail-code/2026/BhavCopy_NSE_CM_0_0_0_20260918_F_0000.csv
2026-09-18,AKG,EQ,10.48,10.68,10.02,10.37,8242,85379.69,INE00Y801016,2176,AKG EXIM LIMITED,NEW,/home/suruchi-pandey/Projects/Bhavcopy-download-and-mail-code/2026/BhavCopy_NSE_CM_0_0_0_20260918_F_0000.csv
2026-09-18,AKSHAR,EQ,0.42,0.42,0.41,0.41,990838,412628.04,INE256Z01025,9558,AKSHAR SPINTEX LIMITED,NEW,/home/suruchi-pandey/Projects/Bhavcopy-download-and-mail-code/2026/BhavCopy_NSE_CM_0_0_0_20260918_F_0000.csv
2026-09-18,AKUMS,EQ,767.1,790.0,767.1,783.7,330477,257385129.15,INE09XN01023,24715,AKUMS DRUGS AND PHARMA L,NEW,/home/suruchi-pandey/Projects/Bhavcopy-download-and-mail-code/2026/BhavCopy_NSE_CM_0_0_0_20260918_F_0000.csv
2026-09-18,ALANKIT,EQ,7.95,7.95,7.6,7.74,109982,851940.22,INE914E01040,9921,ALANKIT LIMITED,NEW,/home/suruchi-pandey/Projects/Bhavcopy-download-and-mail-code/2026/BhavCopy_NSE_CM_0_0_0_20260918_F_0000.csv
2026-09-18,ALBERTDAVD,EQ,835.15,841.45,831.0,833.6,1809,1509773.45,INE155C01010,17256,ALBERT DAVID LIMITED,NEW,/home/suruchi-pandey/Projects/Bhavcopy-download-and-mail-code/2026/BhavCopy_NSE_CM_0_0_0_20260918_F_0000.csv
2026-09-18,ALEMBICLTD,EQ,102.1,106.0,102.1,102.63,829029,85791956.65,INE426A01027,79,ALEMBIC LIMITED,NEW,/home/suruchi-pandey/Projects/Bhavcopy-download-and-mail-code/2026/BhavCopy_NSE_CM_0_0_0_20260918_F_0000.csv
2026-09-18,ALFREDHE,EQ,2830.0,2830.0,2815.0,2830.0,52,147035.0,INE782D01027,764573,ALFRED HERBERT INDIA L,NEW,/home/suruchi-pandey/Projects/Bhavcopy-download-and-mail-code/2026/BhavCopy_NSE_CM_0_0_0_20260918_F_0000.csv
2026-09-18,ALGOQUANT,EQ,70.84,76.2,70.13,72.27,3786684,277454955.79,INE598D01035,761270,ALGOQUANT FINTECH LIMITED,NEW,/home/suruchi-pandey/Projects/Bhavcopy-download-and-mail-code/2026/BhavCopy_NSE_CM_0_0_0_20260918_F_0000.csv
2026-09-18,ALICON,EQ,710.0,735.0,687.4,729.35,33801,24146970.7,INE062D01024,13656,ALICON CASTALLOY LIMITED,NEW,/home/suruchi-pandey/Projects/Bhavcopy-download-and-mail-code/2026/BhavCopy_NSE_CM_0_0_0_20260918_F_0000.csv
2026-09-18,ALIVUS,EQ,1395.1,1443.0,1387.0,1430.8,304330,433172754.6,INE03Q201024,5265,ALIVUS LIFE SCIENCES LTD,NEW,/home/suruchi-pandey/Projects/Bhavcopy-download-and-mail-code/2026/BhavCopy_NSE_CM_0_0_0_20260918_F_0000.csv
2026-09-18,ALKALI,EQ,73.06,87.66,72.05,87.66,133798,11264708.36,INE773I01017,16959,ALKALI METALS LTD,NEW,/home/suruchi-pandey/Projects/Bhavcopy-download-and-mail-code/2026/BhavCopy_NSE_CM_0_0_0_20260918_F_0000.csv
2026-09-18,ALKEM,EQ,5378.5,5466.5,5310.5,5466.5,320770,1721164621.0,INE540L01014,11703,ALKEM LABORATORIES LTD.,NEW,/home/suruchi-pandey/Projects/Bhavcopy-download-and-mail-code/2026/BhavCopy_NSE_CM_0_0_0_20260918_F_0000.csv
2026-09-18,ALKYLAMINE,EQ,1846.5,1878.0,1838.9,1863.0,55371,102931228.6,INE150B01039,4487,ALKYL AMINES CHEM. LTD,NEW,/home/suruchi-pandey/Projects/Bhavcopy-download-and-mail-code/2026/BhavCopy_NSE_CM_0_0_0_20260918_F_0000.csv
2026-09-18,ALLCARGO,EQ,11.0,11.32,10.84,11.11,7521321,83112467.62,INE418H01029,13501,ALLCARGO LOGISTICS LTD,NEW,/home/suruchi-pandey/Projects/Bhavcopy-download-and-mail-code/2026/BhavCopy_NSE_CM_0_0_0_20260918_F_0000.csv
2026-09-18,ALLDIGI,EQ,788.5,805.65,767.5,776.3,12122,9430864.95,INE835G01018,11798,ALLDIGI TECH LIMITED,NEW,/home/suruchi-pandey/Projects/Bhavcopy-download-and-mail-code/2026/BhavCopy_NSE_CM_0_0_0_20260918_F_0000.csv
2026-09-18,ALLTIME,EQ,207.94,218.0,207.0,208.4,65171,13693640.28,INE0GV601021,758448,ALL TIME PLASTICS LIMITED,NEW,/home/suruchi-pandey/Projects/Bhavcopy-download-and-mail-code/2026/BhavCopy_NSE_CM_0_0_0_20260918_F_0000.csv
2026-09-18,ALMONDZ,EQ,19.24,19.24,17.92,18.52,264761,4906516.33,INE326B01035,16719,ALMONDZ GLOBAL SEC LTD,NEW,/home/suruchi-pandey/Projects/Bhavcopy-download-and-mail-code/2026/BhavCopy_NSE_CM_0_0_0_20260918_F_0000.csv
2026-09-18,ALOKINDS,EQ,7.05,7.15,6.98,7.05,21523794,152175292.08,INE270A01029,17675,ALOK INDUSTRIES LIMITED,NEW,/home/suruchi-pandey/Projects/Bhavcopy-download-and-mail-code/2026/BhavCopy_NSE_CM_0_0_0_20260918_F_0000.csv
2026-09-18,ALPA,EQ,60.85,60.85,58.51,59.35,17399,1031122.05,INE385I01010,14848,ALPA LABORATORIES LTD,NEW,/home/suruchi-pandey/Projects/Bhavcopy-download-and-mail-code/2026/BhavCopy_NSE_CM_0_0_0_20260918_F_0000.csv
2026-09-18,ALPHA,EQ,54.18,54.18,52.86,53.72,2753171,147554613.56,INF174KA1IA5,7412,KOTAKMAMC - KOTAKALPHA,NEW,/home/suruchi-pandey/Projects/Bhavcopy-download-and-mail-code/2026/BhavCopy_NSE_CM_0_0_0_20260918_F_0000.csv
2026-09-18,ALPHAETF,EQ,26.2,26.46,26.16,26.33,696150,18328691.17,INF769K01KU7,19640,MIRAEAMC - ALPHAETF,NEW,/home/suruchi-pandey/Projects/Bhavcopy-download-and-mail-code/2026/BhavCopy_NSE_CM_0_0_0_20260918_F_0000.csv
2026-09-18,ALPINETEX,EQ,52.05,54.0,52.05,52.66,133099,7052695.8,INE1JCQ01037,764186,ALPINE TEXWORLD LIMITED,NEW,/home/suruchi-pandey/Projects/Bhavcopy-download-and-mail-code/2026/BhavCopy_NSE_CM_0_0_0_20260918_F_0000.csv
2026-09-18,ALPL30IETF,EQ,27.01,27.19,26.98,27.04,241054,6522573.49,INF109KC17V7,22344,ICICIPRAMC - ICICIALPLV,NEW,/home/suruchi-pandey/Projects/Bhavcopy-download-and-mail-code/2026/BhavCopy_NSE_CM_0_0_0_20260918_F_0000.csv
2026-09-18,ALUFLUOR,EQ,494.85,542.5,494.85,537.15,28768,15214706.15,INE058F01019,764578,ALUFLUORIDE LTD.,NEW,/home/suruchi-pandey/Projects/Bhavcopy-download-and-mail-code/2026/BhavCopy_NSE_CM_0_0_0_20260918_F_0000.csv
2026-09-18,AMAGI,EQ,574.35,575.45,559.2,569.5,232661,131942044.75,INE121R01077,760740,AMAGI MEDIA LABS LIMITED,NEW,/home/suruchi-pandey/Projects/Bhavcopy-download-and-mail-code/2026/BhavCopy_NSE_CM_0_0_0_20260918_F_0000.csv
2026-09-18,AMAL,EQ,735.0,749.0,707.0,722.4,25482,18388293.45,INE841D01013,764583,AMAL LTD.,NEW,/home/suruchi-pandey/Projects/Bhavcopy-download-and-mail-code/2026/BhavCopy_NSE_CM_0_0_0_20260918_F_0000.csv
2026-09-18,AMARJOTHI,EQ,148.95,149.95,146.0,147.07,1260,184329.63,INE484D01012,764588,AMARJOTHI SPINNING MILL L,NEW,/home/suruchi-pandey/Projects/Bhavcopy-download-and-mail-code/2026/BhavCopy_NSE_CM_0_0_0_20260918_F_0000.csv
2026-09-18,AMBER,EQ,7080.5,7164.5,7075.0,7125.0,75972,541618342.5,INE371P01015,1185,AMBER ENTERPRISES (I) LTD,NEW,/home/suruchi-pandey/Projects/Bhavcopy-download-and-mail-code/2026/BhavCopy_NSE_CM_0_0_0_20260918_F_0000.csv
2026-09-18,AMBICAAGAR,EQ,25.14,25.62,24.7,24.89,5850,145615.9,INE792B01012,11496,AMBICA AGAR & AROMAINDLTD,NEW,/home/suruchi-pandey/Projects/Bhavcopy-download-and-mail-code/2026/BhavCopy_NSE_CM_0_0_0_20260918_F_0000.csv
2026-09-18,AMBIKCO,EQ,1585.0,1609.0,1570.0,1602.0,8106,12916110.6,INE540G01014,15234,AMBIKA COTTON MILL LTD.,NEW,/home/suruchi-pandey/Projects/Bhavcopy-download-and-mail-code/2026/BhavCopy_NSE_CM_0_0_0_20260918_F_0000.csv
2026-09-18,AMBUJACEM,EQ,384.55,396.0,383.9,388.3,2583375,1008007703.3,INE079A01024,1270,AMBUJA CEMENTS LTD,NEW,/home/suruchi-pandey/Projects/Bhavcopy-download-and-mail-code/2026/BhavCopy_NSE_CM_0_0_0_20260918_F_0000.csv
2026-09-18,AMJLAND,EQ,36.44,37.69,36.3,37.18,691,25624.4,INE606A01024,2598,AMJ LAND HOLDINGS LIMITED,NEW,/home/suruchi-pandey/Projects/Bhavcopy-download-and-mail-code/2026/BhavCopy_NSE_CM_0_0_0_20260918_F_0000.csv
2026-09-18,AMNPLST,EQ,164.95,190.0,164.95,171.51,9478,1655646.11,INE275D01022,19867,AMINES & PLASTICIZERS LTD,NEW,/home/suruchi-pandey/Projects/Bhavcopy-download-and-mail-code/2026/BhavCopy_NSE_CM_0_0_0_20260918_F_0000.csv
2026-09-18,AMRUTANJAN,EQ,490.25,497.0,489.35,493.8,19221,9482349.4,INE098F01031,17547,AMRUTAJAN HEALTH LTD,NEW,/home/suruchi-pandey/Projects/Bhavcopy-download-and-mail-code/2026/BhavCopy_NSE_CM_0_0_0_20260918_F_0000.csv
2026-09-18,ANANDRATHI,EQ,2201.1,2268.4,2201.1,2229.4,880377,1969331008.6,INE463V01026,7145,ANAND RATHI WEALTH LTD,NEW,/home/suruchi-pandey/Projects/Bhavcopy-download-and-mail-code/2026/BhavCopy_NSE_CM_0_0_0_20260918_F_0000.csv
2026-09-18,ANANTRAJ,EQ,595.0,607.5,595.0,606.15,1464027,881961412.35,INE242C01024,13620,ANANT RAJ LIMITED,NEW,/home/suruchi-pandey/Projects/Bhavcopy-download-and-mail-code/2026/BhavCopy_NSE_CM_0_0_0_20260918_F_0000.csv
2026-09-18,ANDHRAPAP,EQ,71.6,74.99,71.38,74.62,950746,70128682.47,INE435A01051,166,ANDHRA PAPER LIMITED,NEW,/home/suruchi-pandey/Projects/Bhavcopy-download-and-mail-code/2026/BhavCopy_NSE_CM_0_0_0_20260918_F_0000.csv
2026-09-18,ANDHRSUGAR,EQ,93.59,94.53,91.75,94.1,257513,23951175.82,INE715B01021,136,ANDHRA SUGARS LTD,NEW,/home/suruchi-pandey/Projects/Bhavcopy-download-and-mail-code/2026/BhavCopy_NSE_CM_0_0_0_20260918_F_0000.csv
2026-09-18,ANDREWYU,EQ,25.98,26.66,25.75,26.27,49555,1303547.54,INE449C01025,5206,ANDREW YULE & CO. LTD.,NEW,/home/suruchi-pandey/Projects/Bhavcopy-download-and-mail-code/2026/BhavCopy_NSE_CM_0_0_0_20260918_F_0000.csv
2026-09-18,ANGELONE,EQ,295.0,301.75,295.0,299.1,3531096,1058091057.35,INE732I01021,324,ANGEL ONE LIMITED,NEW,/home/suruchi-pandey/Projects/Bhavcopy-download-and-mail-code/2026/BhavCopy_NSE_CM_0_0_0_20260918_F_0000.csv
2026-09-18,ANIKINDS,EQ,42.25,44.98,42.25,44.59,6672,295513.11,INE087B01017,16657,ANIK INDUSTRIES LTD,NEW,/home/suruchi-pandey/Projects/Bhavcopy-download-and-mail-code/2026/BhavCopy_NSE_CM_0_0_0_20260918_F_0000.csv
2026-09-18,ANNAPURNA,EQ,137.65,138.06,130.0,132.55,45381,6028287.4,INE0MGM01017,764471,ANNAPURNA SWADISHT LTD,NEW,/home/suruchi-pandey/Projects/Bhavcopy-download-and-mail-code/2026/BhavCopy_NSE_CM_0_0_0_20260918_F_0000.csv
2026-09-18,ANNU,EQ,49.05,52.4,49.05,50.46,1339255,68291390.83,INE103001017,765502,ANNU PROJECTS LIMITED,NEW,/home/suruchi-pandey/Projects/Bhavcopy-download-and-mail-code/2026/BhavCopy_NSE_CM_0_0_0_20260918_F_0000.csv
2026-09-18,ANSALBU,EQ,82.99,82.99,78.0,78.97,110,8828.14,INE030C01015,765020,ANSAL BUILDWELL LTD.,NEW,/home/suruchi-pandey/Projects/Bhavcopy-download-and-mail-code/2026/BhavCopy_NSE_CM_0_0_0_20260918_F_0000.csv
2026-09-18,ANTELOPUS,EQ,1131.55,1142.15,1090.25,1104.85,555265,614361835.05,INE818A01017,13598,ANTELOPUS SELAN ENRGY LTD,NEW,/home/suruchi-pandey/Projects/Bhavcopy-download-and-mail-code/2026/BhavCopy_NSE_CM_0_0_0_20260918_F_0000.csv
2026-09-18,ANTGRAPHIC,EQ,0.72,0.74,0.7,0.71,304156,217187.45,INE414B01021,5194,ANTARCTICA LTD,NEW,/home/suruchi-pandey/Projects/Bhavcopy-download-and-mail-code/2026/BhavCopy_NSE_CM_0_0_0_20260918_F_0000.csv
2026-09-18,ANTHEM,EQ,934.0,952.9,916.55,928.5,5490000,5098565353.05,INE0CZ201020,757885,ANTHEM BIOSCIENCES LTD,NEW,/home/suruchi-pandey/Projects/Bhavcopy-download-and-mail-code/2026/BhavCopy_NSE_CM_0_0_0_20260918_F_0000.csv
2026-09-18,ANUHPHR,EQ,94.14,95.07,92.0,93.48,95805,8938410.3,INE489G01022,28314,ANUH PHARMA LIMITED,NEW,/home/suruchi-pandey/Projects/Bhavcopy-download-and-mail-code/2026/BhavCopy_NSE_CM_0_0_0_20260918_F_0000.csv
2026-09-18,ANUP,EQ,1646.6,1683.0,1613.7,1638.3,35387,58391748.8,INE294Z01018,9014,THE ANUP ENGINEERING LTD,NEW,/home/suruchi-pandey/Projects/Bhavcopy-download-and-mail-code/2026/BhavCopy_NSE_CM_0_0_0_20260918_F_0000.csv
2026-09-18,ANURAS,EQ,1179.1,1219.0,1179.1,1207.7,465185,559772903.7,INE930P01018,2829,ANUPAM RASAYAN INDIA LTD,NEW,/home/suruchi-pandey/Projects/Bhavcopy-download-and-mail-code/2026/BhavCopy_NSE_CM_0_0_0_20260918_F_0000.csv
2026-09-18,AONEGOLD,EQ,14.28,14.33,14.15,14.3,691851,9885296.28,INF1J2R01114,758904,AONEAMC - AONEGOLD,NEW,/home/suruchi-pandey/Projects/Bhavcopy-download-and-mail-code/2026/BhavCopy_NSE_CM_0_0_0_20260918_F_0000.csv
2026-09-18,AONELIQUID,EQ,1077.55,1077.59,1077.55,1077.58,55374,59670317.62,INF1J2R01056,30472,AONEAMC - AONELIQUID,NEW,/home/suruchi-pandey/Projects/Bhavcopy-download-and-mail-code/2026/BhavCopy_NSE_CM_0_0_0_20260918_F_0000.csv
2026-09-18,AONENIFTY,EQ,9.38,9.82,9.38,9.65,163521,1577192.43,INF1J2R01064,757096,AONEAMC - AONENIFTY,NEW,/home/suruchi-pandey/Projects/Bhavcopy-download-and-mail-code/2026/BhavCopy_NSE_CM_0_0_0_20260918_F_0000.csv
2026-09-18,AONESILVER,EQ,8.95,8.99,8.79,8.96,807684,7181551.78,INF1J2R01171,760193,AONEAMC - AONESILVER,NEW,/home/suruchi-pandey/Projects/Bhavcopy-download-and-mail-code/2026/BhavCopy_NSE_CM_0_0_0_20260918_F_0000.csv
2026-09-18,AONETMMQ50,EQ,9.92,10.24,9.92,10.19,109369,1113839.23,INF1J2R01148,759992,AONEAMC - AONETMMQ50,NEW,/home/suruchi-pandey/Projects/Bhavcopy-download-and-mail-code/2026/BhavCopy_NSE_CM_0_0_0_20260918_F_0000.csv
2026-09-18,AONETOTAL,EQ,11.39,11.83,11.39,11.68,71974,839361.27,INF1J2R01015,29975,AONEAMC - AONETOTAL,NEW,/home/suruchi-pandey/Projects/Bhavcopy-download-and-mail-code/2026/BhavCopy_NSE_CM_0_0_0_20260918_F_0000.csv
2026-09-18,APARINDS,EQ,17800.0,19080.0,17745.0,18858.0,271798,5027847551.0,INE372A01015,11491,APAR INDUSTRIES LTD.,NEW,/home/suruchi-pandey/Projects/Bhavcopy-download-and-mail-code/2026/BhavCopy_NSE_CM_0_0_0_20260918_F_0000.csv
2026-09-18,APCL,EQ,99.5,99.5,96.94,97.85,14530,1428445.69,INE071F01012,20453,ANJANI PORTLAND CEM LTD,NEW,/home/suruchi-pandey/Projects/Bhavcopy-download-and-mail-code/2026/BhavCopy_NSE_CM_0_0_0_20260918_F_0000.csv
2026-09-18,APCOTEXIND,EQ,598.4,612.85,596.1,604.85,77596,47078881.75,INE116A01032,154,APCOTEX INDUSTRIES LIMITE,NEW,/home/suruchi-pandey/Projects/Bhavcopy-download-and-mail-code/2026/BhavCopy_NSE_CM_0_0_0_20260918_F_0000.csv
2026-09-18,APEX,EQ,351.2,354.1,342.0,345.35,103075,35647363.75,INE346W01013,21623,APEX FROZEN FOODS LIMITED,NEW,/home/suruchi-pandey/Projects/Bhavcopy-download-and-mail-code/2026/BhavCopy_NSE_CM_0_0_0_20260918_F_0000.csv
2026-09-18,APLAPOLLO,EQ,2154.9,2270.1,2146.3,2270.1,1115754,2462755690.3,INE702C01027,25780,APL APOLLO TUBES LTD,NEW,/home/suruchi-pandey/Projects/Bhavcopy-download-and-mail-code/2026/BhavCopy_NSE_CM_0_0_0_20260918_F_0000.csv
2026-09-18,APLLTD,EQ,828.0,860.0,828.0,845.75,634938,538703121.5,INE901L01018,25328,ALEMBIC PHARMA LTD,NEW,/home/suruchi-pandey/Projects/Bhavcopy-download-and-mail-code/2026/BhavCopy_NSE_CM_0_0_0_20260918_F_0000.csv
2026-09-18,APOLLO,EQ,380.2,391.8,368.5,370.7,9146349,3468387130.45,INE713T01028,1134,APOLLO MICRO SYSTEMS LTD,NEW,/home/suruchi-pandey/Projects/Bhavcopy-download-and-mail-code/2026/BhavCopy_NSE_CM_0_0_0_20260918_F_0000.csv
2026-09-18,APOLLOHOSP,EQ,8800.0,8944.5,8798.0,8944.5,344265,3050091016.5,INE437A01024,157,APOLLO HOSPITALS ENTER. L,NEW,/home/suruchi-pandey/Projects/Bhavcopy-download-and-mail-code/2026/BhavCopy_NSE_CM_0_0_0_20260918_F_0000.csv
2026-09-18,APOLLOPIPE,EQ,525.05,549.5,522.35,543.6,313076,167267411.2,INE126J01016,14361,APOLLO PIPES LIMITED,NEW,/home/suruchi-pandey/Projects/Bhavcopy-download-and-mail-code/2026/BhavCopy_NSE_CM_0_0_0_20260918_F_0000.csv
2026-09-18,APOLLOTYRE,EQ,414.75,418.75,407.9,409.3,2365364,969542692.35,INE438A01022,163,APOLLO TYRES LTD,NEW,/home/suruchi-pandey/Projects/Bhavcopy-download-and-mail-code/2026/BhavCopy_NSE_CM_0_0_0_20260918_F_0000.csv
2026-09-18,APOLSINHOT,EQ,1212.1,1240.0,1211.0,1214.9,374,455298.7,INE451F01024,6302,APOLLO SINDOORI HOTEL LTD,NEW,/home/suruchi-pandey/Projects/Bhavcopy-download-and-mail-code/2026/BhavCopy_NSE_CM_0_0_0_20260918_F_0000.csv
2026-09-18,APOORVA,EQ,31.2,31.2,29.0,31.05,1516,47027.75,INE217S01014,764593,APOORVA LEAS F & INV C L,NEW,/home/suruchi-pandey/Projects/Bhavcopy-download-and-mail-code/2026/BhavCopy_NSE_CM_0_0_0_20260918_F_0000.csv
2026-09-18,APTUS,EQ,239.2,243.6,233.12,237.68,3101354,734940951.99,INE852O01025,5435,APTUS VALUE HSG FIN I LTD,NEW,/home/suruchi-pandey/Projects/Bhavcopy-download-and-mail-code/2026/BhavCopy_NSE_CM_0_0_0_20260918_F_0000.csv
2026-09-18,AQYLON,EQ,19.18,19.18,17.94,17.98,38267346,688048654.6,INE416A01051,23365,AQYLON NEXUS LIMITED,NEW,/home/suruchi-pandey/Projects/Bhavcopy-download-and-mail-code/2026/BhavCopy_NSE_CM_0_0_0_20260918_F_0000.csv
2026-09-18,ARCHIDPLY,EQ,102.24,105.5,102.21,104.8,14610,1527990.0,INE877I01016,16795,ARCHIDPLY IND. LTD,NEW,/home/suruchi-pandey/Projects/Bhavcopy-download-and-mail-code/2026/BhavCopy_NSE_CM_0_0_0_20260918_F_0000.csv
2026-09-18,ARCHIES,EQ,12.4,12.4,12.01,12.29,10999,134719.79,INE731A01020,5688,ARCHIES LTD,NEW,/home/suruchi-pandey/Projects/Bhavcopy-download-and-mail-code/2026/BhavCopy_NSE_CM_0_0_0_20260918_F_0000.csv
2026-09-18,ARCIL,EQ,135.55,138.7,124.5,136.37,6345147,844756426.65,INE148G01016,766072,ASSET RECONSTRUC CO (I) L,NEW,/home/suruchi-pandey/Projects/Bhavcopy-download-and-mail-code/2026/BhavCopy_NSE_CM_0_0_0_20260918_F_0000.csv
2026-09-18,ARCL,EQ,260.46,272.98,250.0,262.0,3408,877388.12,INE372M01010,764598,ARCL ORGANICS LTD.,NEW,/home/suruchi-pandey/Projects/Bhavcopy-download-and-mail-code/2026/BhavCopy_NSE_CM_0_0_0_20260918_F_0000.csv
2026-09-18,ARDEE,EQ,49.0,49.52,48.36,49.28,1819919,89188168.02,INE0XNF01022,764480,ARDEE INDUSTRIES LIMITED,NEW,/home/suruchi-pandey/Projects/Bhavcopy-download-and-mail-code/2026/BhavCopy_NSE_CM_0_0_0_20260918_F_0000.csv
2026-09-18,ARE&M,EQ,795.3,804.9,790.3,796.0,760908,606933075.4,INE885A01032,100,AMARA RAJA ENERGY MOB LTD,NEW,/home/suruchi-pandey/Projects/Bhavcopy-download-and-mail-code/2026/BhavCopy_NSE_CM_0_0_0_20260918_F_0000.csv
2026-09-18,ARENTERP,EQ,35.3,35.3,33.02,33.02,287,9956.48,INE610C01014,181,RAJDARSHAN INDUSTRIES LTD,NEW,/home/suruchi-pandey/Projects/Bhavcopy-download-and-mail-code/2026/BhavCopy_NSE_CM_0_0_0_20260918_F_0000.csv
2026-09-18,ARFIN,EQ,87.91,94.23,87.88,89.62,2628465,240908238.7,INE784R01023,758700,ARFIN INDIA LIMITED,NEW,/home/suruchi-pandey/Projects/Bhavcopy-download-and-mail-code/2026/BhavCopy_NSE_CM_0_0_0_20260918_F_0000.csv
2026-09-18,ARIHANT,EQ,900.0,947.4,900.0,936.35,2240,2074967.9,INE413D01011,13885,ARIHANT FOUN & HOU LTD,NEW,/home/suruchi-pandey/Projects/Bhavcopy-download-and-mail-code/2026/BhavCopy_NSE_CM_0_0_0_20260918_F_0000.csv
2026-09-18,ARIHANTCAP,EQ,80.71,81.99,79.31,80.29,109582,8780456.16,INE420B01036,3813,ARIHANT CAPITAL MKTS LTD,NEW,/home/suruchi-pandey/Projects/Bhavcopy-download-and-mail-code/2026/BhavCopy_NSE_CM_0_0_0_20260918_F_0000.csv
2026-09-18,ARIHANTSUP,EQ,231.0,231.0,222.0,227.2,4595,1036098.0,INE643K01018,20159,ARIHANT SUPERSTRUCT LTD,NEW,/home/suruchi-pandey/Projects/Bhavcopy-download-and-mail-code/2026/BhavCopy_NSE_CM_0_0_0_20260918_F_0000.csv
2026-09-18,ARIS,EQ,129.6,136.5,129.1,133.33,3619098,485959106.7,INE0H9P01028,757614,ARISINFRA SOLUTIONS LTD,NEW,/home/suruchi-pandey/Projects/Bhavcopy-download-and-mail-code/2026/BhavCopy_NSE_CM_0_0_0_20260918_F_0000.csv
2026-09-18,ARKADE,EQ,117.0,122.0,117.0,118.85,162908,19420175.69,INE0QRL01017,25398,ARKADE DEVELOPERS LIMITED,NEW,/home/suruchi-pandey/Projects/Bhavcopy-download-and-mail-code/2026/BhavCopy_NSE_CM_0_0_0_20260918_F_0000.csv
2026-09-18,ARMANFIN,EQ,1939.7,1976.0,1938.9,1961.0,11273,22109809.5,INE109C01017,17263,ARMAN FIN SERV LTD,NEW,/home/suruchi-pandey/Projects/Bhavcopy-download-and-mail-code/2026/BhavCopy_NSE_CM_0_0_0_20260918_F_0000.csv
2026-09-18,AROGRANITE,EQ,23.22,23.69,23.15,23.15,673,15611.55,INE210C01013,14557,ARO GRANITE IND. LTD.,NEW,/home/suruchi-pandey/Projects/Bhavcopy-download-and-mail-code/2026/BhavCopy_NSE_CM_0_0_0_20260918_F_0000.csv
2026-09-18,ARROWGREEN,EQ,899.0,924.0,877.9,889.25,50512,45492818.05,INE570D01018,9260,ARROW GREENTECH LIMITED,NEW,/home/suruchi-pandey/Projects/Bhavcopy-download-and-mail-code/2026/BhavCopy_NSE_CM_0_0_0_20260918_F_0000.csv
2026-09-18,ARSSBL,EQ,503.6,503.6,497.95,502.05,65352,32737711.3,INE549H01021,759956,ANAND RATHI SH N STK BR L,NEW,/home/suruchi-pandey/Projects/Bhavcopy-download-and-mail-code/2026/BhavCopy_NSE_CM_0_0_0_20260918_F_0000.csv
2026-09-18,ARTEMISMED,EQ,334.15,344.95,332.5,338.5,335686,114159221.9,INE025R01021,16913,ARTEMIS MED SERVICE LTD,NEW,/home/suruchi-pandey/Projects/Bhavcopy-download-and-mail-code/2026/BhavCopy_NSE_CM_0_0_0_20260918_F_0000.csv
2026-09-18,ARTNIRMAN,EQ,40.78,40.78,39.0,39.0,14,561.97,INE738V01013,6156,ART NIRMAN LIMITED,NEW,/home/suruchi-pandey/Projects/Bhavcopy-download-and-mail-code/2026/BhavCopy_NSE_CM_0_0_0_20260918_F_0000.csv
2026-09-18,ARVEE,EQ,168.1,176.5,168.1,174.06,791,138371.45,INE006Z01016,2814,ARVEE LABORATORIES I LTD,NEW,/home/suruchi-pandey/Projects/Bhavcopy-download-and-mail-code/2026/BhavCopy_NSE_CM_0_0_0_20260918_F_0000.csv
2026-09-18,ARVIND,EQ,543.2,554.8,542.4,552.6,627060,344875895.0,INE034A01011,193,ARVIND LIMITED,NEW,/home/suruchi-pandey/Projects/Bhavcopy-download-and-mail-code/2026/BhavCopy_NSE_CM_0_0_0_20260918_F_0000.csv
2026-09-18,ARVINDFASN,EQ,429.0,433.35,422.0,428.1,132261,56568226.2,INE955V01021,9111,ARVIND FASHIONS LIMITED,NEW,/home/suruchi-pandey/Projects/Bhavcopy-download-and-mail-code/2026/BhavCopy_NSE_CM_0_0_0_20260918_F_0000.csv
2026-09-18,ARVSMART,EQ,553.45,562.8,540.35,550.1,118593,65341103.85,INE034S01021,10457,ARVIND SMARTSPACES LTD,NEW,/home/suruchi-pandey/Projects/Bhavcopy-download-and-mail-code/2026/BhavCopy_NSE_CM_0_0_0_20260918_F_0000.csv
2026-09-18,ARYAMAN,EQ,634.0,634.0,625.0,629.25,138,87444.5,INE032E01017,764603,ARYAMAN FINANCIAL SERV L,NEW,/home/suruchi-pandey/Projects/Bhavcopy-download-and-mail-code/2026/BhavCopy_NSE_CM_0_0_0_20260918_F_0000.csv
2026-09-18,ASAHIINDIA,EQ,950.7,968.0,950.7,961.05,98471,94605387.85,INE439A01020,5378,ASAHI INDIA GLASS LIMITED,NEW,/home/suruchi-pandey/Projects/Bhavcopy-download-and-mail-code/2026/BhavCopy_NSE_CM_0_0_0_20260918_F_0000.csv
2026-09-18,ASAL,EQ,446.8,452.5,444.6,449.7,7762,3476706.35,INE900C01027,10634,AUTOMOTIVE STAMPINGS & AS,NEW,/home/suruchi-pandey/Projects/Bhavcopy-download-and-mail-code/2026/BhavCopy_NSE_CM_0_0_0_20260918_F_0000.csv
2026-09-18,ASALCBR,EQ,658.05,666.0,649.05,659.55,20148,13199565.55,INE073G01016,17598,ASSO ALCOHOLS & BREW LTD,NEW,/home/suruchi-pandey/Projects/Bhavcopy-download-and-mail-code/2026/BhavCopy_NSE_CM_0_0_0_20260918_F_0000.csv
2026-09-18,ASHAPURMIN,EQ,522.0,527.25,517.0,525.35,170804,89364445.2,INE348A01023,203,ASHAPURA MINECHEM LTD,NEW,/home/suruchi-pandey/Projects/Bhavcopy-download-and-mail-code/2026/BhavCopy_NSE_CM_0_0_0_20260918_F_0000.csv
2026-09-18,ASHIANA,EQ,351.0,366.7,350.0,354.75,53770,19222534.45,INE365D01021,24403,ASHIANA HOUSING LTD,NEW,/home/suruchi-pandey/Projects/Bhavcopy-download-and-mail-code/2026/BhavCopy_NSE_CM_0_0_0_20260918_F_0000.csv
2026-09-18,ASHIMASYN,EQ,16.25,16.4,15.4,15.65,194419,3059827.71,INE440A01010,206,ASHIMA LTD,NEW,/home/suruchi-pandey/Projects/Bhavcopy-download-and-mail-code/2026/BhavCopy_NSE_CM_0_0_0_20260918_F_0000.csv
2026-09-18,ASHOKA,EQ,108.8,114.54,108.2,113.43,780308,87374887.31,INE442H01029,20182,ASHOKA BUILDCON LTD,NEW,/home/suruchi-pandey/Projects/Bhavcopy-download-and-mail-code/2026/BhavCopy_NSE_CM_0_0_0_20260918_F_0000.csv
2026-09-18,ASHOKAMET,EQ,14.81,15.25,14.54,15.1,58651,879070.76,INE760Y01011,16943,ASHOKA METCAST LIMITED,NEW,/home/suruchi-pandey/Projects/Bhavcopy-download-and-mail-code/2026/BhavCopy_NSE_CM_0_0_0_20260918_F_0000.csv
2026-09-18,ASHOKLEY,EQ,159.1,163.12,158.51,163.0,17546400,2843599602.19,INE208A01029,212,ASHOK LEYLAND LTD,NEW,/home/suruchi-pandey/Projects/Bhavcopy-download-and-mail-code/2026/BhavCopy_NSE_CM_0_0_0_20260918_F_0000.csv
2026-09-18,ASIANENE,EQ,490.1,502.0,478.5,492.25,232493,113794188.7,INE276G01015,7030,ASIAN ENERGY SERVICES LTD,NEW,/home/suruchi-pandey/Projects/Bhavcopy-download-and-mail-code/2026/BhavCopy_NSE_CM_0_0_0_20260918_F_0000.csv
2026-09-18,ASIANHOTNR,EQ,376.9,385.0,371.0,374.9,25728,9671554.2,INE363A01022,18422,ASIAN HOTELS (NORTH) LTD,NEW,/home/suruchi-pandey/Projects/Bhavcopy-download-and-mail-code/2026/BhavCopy_NSE_CM_0_0_0_20260918_F_0000.csv
2026-09-18,ASIANPAINT,EQ,2455.7,2474.0,2438.0,2451.3,1000730,2454984278.0,INE021A01026,236,ASIAN PAINTS LIMITED,NEW,/home/suruchi-pandey/Projects/Bhavcopy-download-and-mail-code/2026/BhavCopy_NSE_CM_0_0_0_20260918_F_0000.csv
2026-09-18,ASIANTILES,EQ,49.97,51.29,49.21,50.65,2493341,125286881.11,INE022I01019,14889,ASIAN GRANITO IND. LTD.,NEW,/home/suruchi-pandey/Projects/Bhavcopy-download-and-mail-code/2026/BhavCopy_NSE_CM_0_0_0_20260918_F_0000.csv
2026-09-18,ASIANTNE,EQ,9.53,9.78,9.2,9.28,8933,82933.73,INE822B01017,765025,ASIAN TEA & EXPORTS LTD.,NEW,/home/suruchi-pandey/Projects/Bhavcopy-download-and-mail-code/2026/BhavCopy_NSE_CM_0_0_0_20260918_F_0000.csv
2026-09-18,ASKAUTOLTD,EQ,620.0,659.8,620.0,656.25,515555,333597795.35,INE491J01022,20152,ASK AUTOMOTIVE LIMITED,NEW,/home/suruchi-pandey/Projects/Bhavcopy-download-and-mail-code/2026/BhavCopy_NSE_CM_0_0_0_20260918_F_0000.csv
2026-09-18,ASPINWALL,EQ,253.5,255.0,250.1,251.55,636,160331.25,INE991I01015,17270,ASPINWALL & CO LTD,NEW,/home/suruchi-pandey/Projects/Bhavcopy-download-and-mail-code/2026/BhavCopy_NSE_CM_0_0_0_20260918_F_0000.csv
2026-09-18,ASSAMENT,EQ,780.0,780.0,780.0,780.0,1,780.0,INE165G01010,765237,ASSAM ENTRADE LIMITED,NEW,/home/suruchi-pandey/Projects/Bhavcopy-download-and-mail-code/2026/BhavCopy_NSE_CM_0_0_0_20260918_F_0000.csv
2026-09-18,ASTAR,EQ,807.3,807.35,760.35,807.35,13851,11126141.65,INE194D01017,762553,ASIAN STAR CO. LTD.,NEW,/home/suruchi-pandey/Projects/Bhavcopy-download-and-mail-code/2026/BhavCopy_NSE_CM_0_0_0_20260918_F_0000.csv
2026-09-18,ASTEC,EQ,760.0,767.6,717.45,726.7,101375,74085102.05,INE563J01010,17728,ASTEC LIFESCIENCES LTD,NEW,/home/suruchi-pandey/Projects/Bhavcopy-download-and-mail-code/2026/BhavCopy_NSE_CM_0_0_0_20260918_F_0000.csv
2026-09-18,ASTERDM,EQ,761.1,769.6,747.0,755.05,1616337,1222871139.15,INE914M01019,1508,ASTER DM QUALITY CARE LTD,NEW,/home/suruchi-pandey/Projects/Bhavcopy-download-and-mail-code/2026/BhavCopy_NSE_CM_0_0_0_20260918_F_0000.csv
2026-09-18,ASTRAL,EQ,1400.0,1427.7,1397.5,1427.7,1389183,1960852747.3,INE006I01046,14418,ASTRAL LIMITED,NEW,/home/suruchi-pandey/Projects/Bhavcopy-download-and-mail-code/2026/BhavCopy_NSE_CM_0_0_0_20260918_F_0000.csv
2026-09-18,ASTRAMICRO,EQ,1611.0,1650.6,1611.0,1631.2,199551,324690244.7,INE386C01029,11618,ASTRA MICROWAVE LTD,NEW,/home/suruchi-pandey/Projects/Bhavcopy-download-and-mail-code/2026/BhavCopy_NSE_CM_0_0_0_20260918_F_0000.csv
2026-09-18,ASTRAZEN,EQ,6678.0,6769.0,6678.0,6751.5,4635,31227801.0,INE203A01020,5610,ASTRAZENECA PHARMA IND LT,NEW,/home/suruchi-pandey/Projects/Bhavcopy-download-and-mail-code/2026/BhavCopy_NSE_CM_0_0_0_20260918_F_0000.csv
2026-09-18,ATALREAL,EQ,14.29,16.02,14.29,14.36,18623657,277011625.33,INE0ALR01029,15649,ATAL REALTECH LIMITED,NEW,/home/suruchi-pandey/Projects/Bhavcopy-download-and-mail-code/2026/BhavCopy_NSE_CM_0_0_0_20260918_F_0000.csv
2026-09-18,ATAM,EQ,60.0,60.0,56.2,57.58,15055,869368.13,INE09KD01013,15404,ATAM VALVES LIMITED,NEW,/home/suruchi-pandey/Projects/Bhavcopy-download-and-mail-code/2026/BhavCopy_NSE_CM_0_0_0_20260918_F_0000.csv
2026-09-18,ATGL,EQ,587.4,674.8,587.4,660.7,39305845,25651252411.75,INE399L01023,6066,ADANI TOTAL GAS LIMITED,NEW,/home/suruchi-pandey/Projects/Bhavcopy-download-and-mail-code/2026/BhavCopy_NSE_CM_0_0_0_20260918_F_0000.csv
2026-09-18,ATHERENERG,EQ,1550.0,1640.0,1548.1,1640.0,5010015,8030179830.4,INE0LEZ01016,757645,ATHER ENERGY LIMITED,NEW,/home/suruchi-pandey/Projects/Bhavcopy-download-and-mail-code/2026/BhavCopy_NSE_CM_0_0_0_20260918_F_0000.csv
2026-09-18,ATL,EQ,24.21,24.81,24.2,24.24,95340,2330619.66,INE0NN701020,17778,ALLCARGO TERMINALS LTD,NEW,/home/suruchi-pandey/Projects/Bhavcopy-download-and-mail-code/2026/BhavCopy_NSE_CM_0_0_0_20260918_F_0000.csv
2026-09-18,ATLANTAA,EQ,36.21,37.6,35.4,36.04,24208,875419.52,INE285H01022,13585,ATLANTAA LIMITED,NEW,/home/suruchi-pandey/Projects/Bhavcopy-download-and-mail-code/2026/BhavCopy_NSE_CM_0_0_0_20260918_F_0000.csv
2026-09-18,ATLANTAELE,EQ,1641.8,1699.9,1637.9,1666.1,104958,174986703.3,INE0Z4F01028,759007,ATLANTA ELECTRICALS LTD,NEW,/home/suruchi-pandey/Projects/Bhavcopy-download-and-mail-code/2026/BhavCopy_NSE_CM_0_0_0_20260918_F_0000.csv
2026-09-18,ATLASCYCLE,EQ,89.05,89.14,87.6,88.19,16554,1462048.47,INE446A01025,4568,ATLAS CYCLE (HARYANA) LTD,NEW,/home/suruchi-pandey/Projects/Bhavcopy-download-and-mail-code/2026/BhavCopy_NSE_CM_0_0_0_20260918_F_0000.csv
2026-09-18,ATUL,EQ,6133.5,6201.0,6110.5,6170.5,21266,131022009.0,INE100A01010,263,ATUL LTD,NEW,/home/suruchi-pandey/Projects/Bhavcopy-download-and-mail-code/2026/BhavCopy_NSE_CM_0_0_0_20260918_F_0000.csv
2026-09-18,ATULAUTO,EQ,441.65,453.0,441.65,446.45,52416,23386132.75,INE951D01028,30023,ATUL AUTO LIMITED,NEW,/home/suruchi-pandey/Projects/Bhavcopy-download-and-mail-code/2026/BhavCopy_NSE_CM_0_0_0_20260918_F_0000.csv
2026-09-18,AUBANK,EQ,1040.5,1058.6,1033.3,1058.6,1251837,1306893139.8,INE949L01017,21238,AU SMALL FINANCE BANK LTD,NEW,/home/suruchi-pandey/Projects/Bhavcopy-download-and-mail-code/2026/BhavCopy_NSE_CM_0_0_0_20260918_F_0000.csv
2026-09-18,AUGMONT,EQ,815.0,884.0,813.0,874.35,898791,771656462.35,INE16W401027,765451,AUGMONT ENTERPRISES LTD,NEW,/home/suruchi-pandey/Projects/Bhavcopy-download-and-mail-code/2026/BhavCopy_NSE_CM_0_0_0_20260918_F_0000.csv
2026-09-18,AURIONPRO,EQ,702.0,704.4,680.7,685.6,183275,126293379.3,INE132H01018,12022,AURIONPRO SOLN LTD,NEW,/home/suruchi-pandey/Projects/Bhavcopy-download-and-mail-code/2026/BhavCopy_NSE_CM_0_0_0_20260918_F_0000.csv
2026-09-18,AUROPHARMA,EQ,1683.2,1734.0,1676.1,1734.0,1209478,2053085900.8,INE406A01037,275,AUROBINDO PHARMA LTD,NEW,/home/suruchi-pandey/Projects/Bhavcopy-download-and-mail-code/2026/BhavCopy_NSE_CM_0_0_0_20260918_F_0000.csv
2026-09-18,AURUM,EQ,222.5,222.5,218.47,219.78,149650,32912237.19,INE898S01029,10310,AURUM PROPTECH LIMITED,NEW,/home/suruchi-pandey/Projects/Bhavcopy-download-and-mail-code/2026/BhavCopy_NSE_CM_0_0_0_20260918_F_0000.csv
2026-09-18,AURUS,EQ,4.72,4.96,4.72,4.87,15310,74753.12,INE142K01011,31468,AURUS GEM CORP LIMITED,NEW,/home/suruchi-pandey/Projects/Bhavcopy-download-and-mail-code/2026/BhavCopy_NSE_CM_0_0_0_20260918_F_0000.csv
2026-09-18,AUSOMENT,EQ,148.11,154.0,146.95,152.15,9808,1481667.66,INE218C01016,4037,AUSOM ENTERPRISE LIMITED,NEW,/home/suruchi-pandey/Projects/Bhavcopy-download-and-mail-code/2026/BhavCopy_NSE_CM_0_0_0_20260918_F_0000.csv
2026-09-18,AUSTENG,EQ,130.0,137.0,130.0,131.41,2596,342938.92,INE759F01012,764608,AUSTIN ENGINEERING CO. L,NEW,/home/suruchi-pandey/Projects/Bhavcopy-download-and-mail-code/2026/BhavCopy_NSE_CM_0_0_0_20260918_F_0000.csv
2026-09-18,AUTOAXLES,EQ,1687.3,1712.9,1661.4,1701.2,4894,8293731.0,INE449A01011,278,AUTOMOTIVE AXLES LIMITED,NEW,/home/suruchi-pandey/Projects/Bhavcopy-download-and-mail-code/2026/BhavCopy_NSE_CM_0_0_0_20260918_F_0000.csv
2026-09-18,AUTOBEES,EQ,282.41,283.66,281.55,282.71,85935,24268389.19,INF204KC1337,7880,NIPPONAMC - NETFAUTO,NEW,/home/suruchi-pandey/Projects/Bhavcopy-download-and-mail-code/2026/BhavCopy_NSE_CM_0_0_0_20260918_F_0000.csv
2026-09-18,AUTOIETF,EQ,28.3,28.4,28.22,28.35,993774,28133042.74,INF109KC10V2,7844,ICICIPRAMC - ICICIAUTO,NEW,/home/suruchi-pandey/Projects/Bhavcopy-download-and-mail-code/2026/BhavCopy_NSE_CM_0_0_0_20260918_F_0000.csv
2026-09-18,AUTOIND,EQ,79.4,79.41,77.37,78.34,88494,6935657.65,INE718H01014,14106,AUTOLINE INDUSTRIES LTD,NEW,/home/suruchi-pandey/Projects/Bhavcopy-download-and-mail-code/2026/BhavCopy_NSE_CM_0_0_0_20260918_F_0000.csv
2026-09-18,AVADHSUGAR,EQ,721.0,739.6,708.0,730.45,74170,53523138.9,INE349W01017,21406,AVADH SUG & ENERGY LTD,NEW,/home/suruchi-pandey/Projects/Bhavcopy-download-and-mail-code/2026/BhavCopy_NSE_CM_0_0_0_20260918_F_0000.csv
2026-09-18,AVALON,EQ,2236.2,2618.0,2218.3,2537.7,4310981,10671810791.2,INE0LCL01028,15058,AVALON TECHNOLOGIES LTD,NEW,/home/suruchi-pandey/Projects/Bhavcopy-download-and-mail-code/2026/BhavCopy_NSE_CM_0_0_0_20260918_F_0000.csv
2026-09-18,AVANCE,EQ,0.78,0.83,0.77,0.8,2535570,2032094.89,INE758A01072,765030,AVANCE TECHNOLOGIES LTD.,NEW,/home/suruchi-pandey/Projects/Bhavcopy-download-and-mail-code/2026/BhavCopy_NSE_CM_0_0_0_20260918_F_0000.csv
2026-09-18,AVANTEL,EQ,146.37,148.53,146.3,147.23,619077,91192916.0,INE005B01027,24610,AVANTEL LIMITED,NEW,/home/suruchi-pandey/Projects/Bhavcopy-download-and-mail-code/2026/BhavCopy_NSE_CM_0_0_0_20260918_F_0000.csv
2026-09-18,AVANTIFEED,EQ,772.0,778.35,754.0,774.45,318512,244346347.7,INE871C01038,7936,AVANTI FEEDS LIMITED,NEW,/home/suruchi-pandey/Projects/Bhavcopy-download-and-mail-code/2026/BhavCopy_NSE_CM_0_0_0_20260918_F_0000.csv
2026-09-18,AVL,EQ,638.0,642.0,630.6,636.95,147990,94201740.3,INE679V01027,25984,ADITYA VISION LIMITED,NEW,/home/suruchi-pandey/Projects/Bhavcopy-download-and-mail-code/2026/BhavCopy_NSE_CM_0_0_0_20260918_F_0000.csv
2026-09-18,AVONMORE,EQ,12.2,12.5,12.09,12.46,98361,1210170.85,INE323B01024,13557,AVONMORE CAP&MGT SERV LTD,NEW,/home/suruchi-pandey/Projects/Bhavcopy-download-and-mail-code/2026/BhavCopy_NSE_CM_0_0_0_20260918_F_0000.csv
2026-09-18,AVROIND,EQ,7.9,8.1,7.66,7.94,153863,1212065.52,INE652Z01025,8827,AVRO INDIA LIMITED,NEW,/home/suruchi-pandey/Projects/Bhavcopy-download-and-mail-code/2026/BhavCopy_NSE_CM_0_0_0_20260918_F_0000.csv
2026-09-18,AVTNPL,EQ,85.5,86.78,85.5,85.7,59925,5152079.04,INE488D01021,14008,AVT NATURAL PRODUCTS LTD,NEW,/home/suruchi-pandey/Projects/Bhavcopy-download-and-mail-code/2026/BhavCopy_NSE_CM_0_0_0_20260918_F_0000.csv
2026-09-18,AWFIS,EQ,264.7,279.0,263.5,275.75,539359,146272788.5,INE108V01019,23864,AWFIS SPACE SOLUTIONS LTD,NEW,/home/suruchi-pandey/Projects/Bhavcopy-download-and-mail-code/2026/BhavCopy_NSE_CM_0_0_0_20260918_F_0000.csv
2026-09-18,AWHCL,EQ,385.0,385.3,362.3,364.9,403982,149495397.8,INE01BK01022,1797,ANTONY WASTE HDG CELL LTD,NEW,/home/suruchi-pandey/Projects/Bhavcopy-download-and-mail-code/2026/BhavCopy_NSE_CM_0_0_0_20260918_F_0000.csv
2026-09-18,AWL,EQ,184.04,187.55,183.49,186.98,2593357,483175925.75,INE699H01024,8110,AWL AGRI BUSINESS LIMITED,NEW,/home/suruchi-pandey/Projects/Bhavcopy-download-and-mail-code/2026/BhavCopy_NSE_CM_0_0_0_20260918_F_0000.csv
2026-09-18,AXISBANK,EQ,1244.0,1257.0,1240.5,1257.0,5693016,7113514130.8,INE238A01034,5900,AXIS BANK LIMITED,NEW,/home/suruchi-pandey/Projects/Bhavcopy-download-and-mail-code/2026/BhavCopy_NSE_CM_0_0_0_20260918_F_0000.csv
2026-09-18,AXISCADES,EQ,1872.0,1879.0,1785.7,1811.2,286095,525651354.4,INE555B01013,9436,AXISCADES TECH LTD,NEW,/home/suruchi-pandey/Projects/Bhavcopy-download-and-mail-code/2026/BhavCopy_NSE_CM_0_0_0_20260918_F_0000.csv
2026-09-18,AXITA,EQ,8.02,8.02,7.96,7.99,327258,2617341.32,INE02EZ01022,9902,AXITA COTTON LIMITED,NEW,/home/suruchi-pandey/Projects/Bhavcopy-download-and-mail-code/2026/BhavCopy_NSE_CM_0_0_0_20260918_F_0000.csv
2026-09-18,AXTEL,EQ,444.25,444.25,431.5,440.05,7910,3481103.0,INE767C01012,764613,AXTEL INDUSTRIES LTD.,NEW,/home/suruchi-pandey/Projects/Bhavcopy-download-and-mail-code/2026/BhavCopy_NSE_CM_0_0_0_20260918_F_0000.csv
2026-09-18,AYE,EQ,181.64,188.52,180.0,185.72,854592,158586643.61,INE501X01029,760981,AYE FINANCE LIMITED,NEW,/home/suruchi-pandey/Projects/Bhavcopy-download-and-mail-code/2026/BhavCopy_NSE_CM_0_0_0_20260918_F_0000.csv
2026-09-18,AYMSYNTEX,EQ,280.05,286.8,278.4,283.15,33688,9490915.9,INE193B01039,10285,AYM SYNTEX LIMITED,NEW,/home/suruchi-pandey/Projects/Bhavcopy-download-and-mail-code/2026/BhavCopy_NSE_CM_0_0_0_20260918_F_0000.csv
2026-09-18,AZAD,EQ,2605.3,2816.0,2605.3,2790.3,700873,1924648809.2,INE02IJ01035,20905,AZAD ENGINEERING LIMITED,NEW,/home/suruchi-pandey/Projects/Bhavcopy-download-and-mail-code/2026/BhavCopy_NSE_CM_0_0_0_20260918_F_0000.csv
2026-09-18,AZADIND,EQ,85.04,88.49,80.34,82.18,36707,3119285.8,INE566M01017,765035,AZAD INDIA MOBILITY LTD.,NEW,/home/suruchi-pandey/Projects/Bhavcopy-download-and-mail-code/2026/BhavCopy_NSE_CM_0_0_0_20260918_F_0000.csv
2026-09-18,BAGFILMS,EQ,4.4,4.56,4.3,4.35,58850,257923.69,INE116D01028,11226,B.A.G FILMS AND MEDIA LTD,NEW,/home/suruchi-pandey/Projects/Bhavcopy-download-and-mail-code/2026/BhavCopy_NSE_CM_0_0_0_20260918_F_0000.csv
2026-09-18,BAIDFIN,EQ,10.69,11.43,10.45,10.89,238710,2635455.52,INE020D01022,13794,BAID FINSERV LIMITED,NEW,/home/suruchi-pandey/Projects/Bhavcopy-download-and-mail-code/2026/BhavCopy_NSE_CM_0_0_0_20260918_F_0000.csv
2026-09-18,BAJAJ-AUTO,EQ,11501.0,11540.0,11406.0,11414.0,296757,3397066117.0,INE917I01010,16669,BAJAJ AUTO LIMITED,NEW,/home/suruchi-pandey/Projects/Bhavcopy-download-and-mail-code/2026/BhavCopy_NSE_CM_0_0_0_20260918_F_0000.csv
2026-09-18,BAJAJCON,EQ,500.0,524.95,495.45,512.15,942030,484593929.55,INE933K01021,19531,BAJAJ CONSUMER CARE LTD,NEW,/home/suruchi-pandey/Projects/Bhavcopy-download-and-mail-code/2026/BhavCopy_NSE_CM_0_0_0_20260918_F_0000.csv
2026-09-18,BAJAJELEC,EQ,323.3,329.25,321.0,323.05,113896,36831429.95,INE193E01025,15034,BAJAJ ELECT.LTD,NEW,/home/suruchi-pandey/Projects/Bhavcopy-download-and-mail-code/2026/BhavCopy_NSE_CM_0_0_0_20260918_F_0000.csv
2026-09-18,BAJAJFINSV,EQ,1857.2,1872.6,1852.5,1852.5,719520,1338028274.7,INE918I01026,16675,BAJAJ FINSERV LTD.,NEW,/home/suruchi-pandey/Projects/Bhavcopy-download-and-mail-code/2026/BhavCopy_NSE_CM_0_0_0_20260918_F_0000.csv
2026-09-18,BAJAJHCARE,EQ,329.0,332.65,326.5,330.55,42148,13876927.95,INE411U01027,6863,BAJAJ HEALTHCARE LIMITED,NEW,/home/suruchi-pandey/Projects/Bhavcopy-download-and-mail-code/2026/BhavCopy_NSE_CM_0_0_0_20260918_F_0000.csv
2026-09-18,BAJAJHFL,EQ,82.83,86.45,82.71,85.58,5168608,437512607.81,INE377Y01014,25270,BAJAJ HOUSING FINANCE LTD,NEW,/home/suruchi-pandey/Projects/Bhavcopy-download-and-mail-code/2026/BhavCopy_NSE_CM_0_0_0_20260918_F_0000.csv
2026-09-18,BAJAJHIND,EQ,19.38,19.8,19.01,19.53,14869475,286432354.04,INE306A01021,308,BAJAJ HINDUSTHAN SUGAR LT,NEW,/home/suruchi-pandey/Projects/Bhavcopy-download-and-mail-code/2026/BhavCopy_NSE_CM_0_0_0_20260918_F_0000.csv
2026-09-18,BAJAJHLDNG,EQ,11094.0,11363.0,11070.0,11282.0,56100,631248532.0,INE118A01012,305,BAJAJ HOLDINGS & INVS LTD,NEW,/home/suruchi-pandey/Projects/Bhavcopy-download-and-mail-code/2026/BhavCopy_NSE_CM_0_0_0_20260918_F_0000.csv
2026-09-18,BAJAJINDEF,EQ,220.24,221.59,214.6,214.94,29344,6331342.5,INE0O9T01021,29678,INDEF MANUFACTURING LTD,NEW,/home/suruchi-pandey/Projects/Bhavcopy-download-and-mail-code/2026/BhavCopy_NSE_CM_0_0_0_20260918_F_0000.csv
2026-09-18,BAJAJST,EQ,358.65,358.8,348.8,352.2,4283,1508863.25,INE704G01024,762563,BAJAJ STEEL INDS. LTD.,NEW,/home/suruchi-pandey/Projects/Bhavcopy-download-and-mail-code/2026/BhavCopy_NSE_CM_0_0_0_20260918_F_0000.csv
2026-09-18,BAJEL,EQ,173.0,175.89,170.1,171.91,153833,26589860.28,INE0KQN01018,20531,BAJEL PROJECTS LIMITED,NEW,/home/suruchi-pandey/Projects/Bhavcopy-download-and-mail-code/2026/BhavCopy_NSE_CM_0_0_0_20260918_F_0000.csv
2026-09-18,BAJFINANCE,EQ,1025.9,1040.3,1019.1,1040.3,8201656,8451481033.3,INE296A01032,317,BAJAJ FINANCE LIMITED,NEW,/home/suruchi-pandey/Projects/Bhavcopy-download-and-mail-code/2026/BhavCopy_NSE_CM_0_0_0_20260918_F_0000.csv
2026-09-18,BALAJEE,EQ,25.01,25.5,24.82,25.31,22788,573072.73,INE0S2G01011,25203,SHREE TIRUPATI BALAJEE L,NEW,/home/suruchi-pandey/Projects/Bhavcopy-download-and-mail-code/2026/BhavCopy_NSE_CM_0_0_0_20260918_F_0000.csv
2026-09-18,BALAJITELE,EQ,95.33,96.99,93.6,95.25,146529,14000458.54,INE794B01026,9158,BALAJI TELEFILMS LIMITED.,NEW,/home/suruchi-pandey/Projects/Bhavcopy-download-and-mail-code/2026/BhavCopy_NSE_CM_0_0_0_20260918_F_0000.csv
2026-09-18,BALAMINES,EQ,2155.0,2196.8,2142.1,2171.5,97030,210956024.9,INE050E01027,14501,BALAJI AMINES LIMITED,NEW,/home/suruchi-pandey/Projects/Bhavcopy-download-and-mail-code/2026/BhavCopy_NSE_CM_0_0_0_20260918_F_0000.csv
2026-09-18,BALAXI,EQ,22.7,23.6,22.7,23.55,17900,419545.4,INE618N01022,11309,BALAXI PHARMA LTD,NEW,/home/suruchi-pandey/Projects/Bhavcopy-download-and-mail-code/2026/BhavCopy_NSE_CM_0_0_0_20260918_F_0000.csv
2026-09-18,BALKRISHNA,EQ,16.66,16.93,16.31,16.43,8085,133286.69,INE875R01011,10181,BALKRISHNA PAPER MILLS L,NEW,/home/suruchi-pandey/Projects/Bhavcopy-download-and-mail-code/2026/BhavCopy_NSE_CM_0_0_0_20260918_F_0000.csv
2026-09-18,BALKRISIND,EQ,2170.7,2296.0,2166.0,2265.3,616772,1386028178.5,INE787D01026,335,BALKRISHNA IND. LTD,NEW,/home/suruchi-pandey/Projects/Bhavcopy-download-and-mail-code/2026/BhavCopy_NSE_CM_0_0_0_20260918_F_0000.csv
2026-09-18,BALMLAWRIE,EQ,163.5,169.0,162.84,167.41,149297,24691927.39,INE164A01016,338,BALMER LAWRIE & CO LTD,NEW,/home/suruchi-pandey/Projects/Bhavcopy-download-and-mail-code/2026/BhavCopy_NSE_CM_0_0_0_20260918_F_0000.csv
2026-09-18,BALPHARMA,EQ,102.88,103.94,100.1,100.67,24581,2495765.24,INE083D01012,13441,BAL PHARMA LTD.,NEW,/home/suruchi-pandey/Projects/Bhavcopy-download-and-mail-code/2026/BhavCopy_NSE_CM_0_0_0_20260918_F_0000.csv
2026-09-18,BALRAMCHIN,EQ,676.6,679.9,662.0,672.6,1086980,728164187.85,INE119A01028,341,BALRAMPUR CHINI MILLS LTD,NEW,/home/suruchi-pandey/Projects/Bhavcopy-download-and-mail-code/2026/BhavCopy_NSE_CM_0_0_0_20260918_F_0000.csv
2026-09-18,BALUFORGE,EQ,504.0,525.8,504.0,522.15,1043655,541052444.85,INE011E01029,23607,BALU FORGE INDUSTRIES LTD,NEW,/home/suruchi-pandey/Projects/Bhavcopy-download-and-mail-code/2026/BhavCopy_NSE_CM_0_0_0_20260918_F_0000.csv
2026-09-18,BANARBEADS,EQ,110.85,114.2,110.85,113.05,790,88988.69,INE655B01011,347,BANARAS BEADS LTD,NEW,/home/suruchi-pandey/Projects/Bhavcopy-download-and-mail-code/2026/BhavCopy_NSE_CM_0_0_0_20260918_F_0000.csv
2026-09-18,BANARISUG,EQ,3290.9,3329.4,3290.9,3316.7,629,2086395.4,INE459A01010,350,BANNARI AMMAN SUGARS LTD,NEW,/home/suruchi-pandey/Projects/Bhavcopy-download-and-mail-code/2026/BhavCopy_NSE_CM_0_0_0_20260918_F_0000.csv
2026-09-18,BANCOINDIA,EQ,596.0,608.65,596.0,604.0,92889,56102720.2,INE213C01025,13880,BANCO PRODUCTS (I) LTD,NEW,/home/suruchi-pandey/Projects/Bhavcopy-download-and-mail-code/2026/BhavCopy_NSE_CM_0_0_0_20260918_F_0000.csv
2026-09-18,BANDHANBNK,EQ,173.0,178.3,172.5,175.0,20360613,3594877836.51,INE545U01014,2263,BANDHAN BANK LIMITED,NEW,/home/suruchi-pandey/Projects/Bhavcopy-download-and-mail-code/2026/BhavCopy_NSE_CM_0_0_0_20260918_F_0000.csv
2026-09-18,BANG,EQ,33.85,34.85,33.26,33.5,35579,1205130.08,INE863I01016,15303,BANG OVERSEAS LTD.,NEW,/home/suruchi-pandey/Projects/Bhavcopy-download-and-mail-code/2026/BhavCopy_NSE_CM_0_0_0_20260918_F_0000.csv
2026-09-18,BANK10ADD,EQ,16.54,16.66,16.52,16.62,3296,54734.05,INF740KA1YH2,761364,DSPAMC - BANK10ADD,NEW,/home/suruchi-pandey/Projects/Bhavcopy-download-and-mail-code/2026/BhavCopy_NSE_CM_0_0_0_20260918_F_0000.csv
2026-09-18,BANK10BETF,EQ,20.22,20.52,20.22,20.47,6250,127511.6,INF0QA701CI0,764183,BFAM - BANK10BETF,NEW,/home/suruchi-pandey/Projects/Bhavcopy-download-and-mail-code/2026/BhavCopy_NSE_CM_0_0_0_20260918_F_0000.csv
2026-09-18,BANKA,EQ,77.2,81.0,75.6,79.96,1630,126147.04,INE862Y01015,822,BANKA BIOLOO LIMITED,NEW,/home/suruchi-pandey/Projects/Bhavcopy-download-and-mail-code/2026/BhavCopy_NSE_CM_0_0_0_20260918_F_0000.csv
2026-09-18,BANKADD,EQ,57.53,57.88,57.42,57.63,10688,615407.75,INF740KA1RX3,13644,DSPAMC - DSPBANK,NEW,/home/suruchi-pandey/Projects/Bhavcopy-download-and-mail-code/2026/BhavCopy_NSE_CM_0_0_0_20260918_F_0000.csv
2026-09-18,BANKBARODA,EQ,233.56,234.94,231.92,234.94,7110561,1660468672.45,INE028A01039,4668,BANK OF BARODA,NEW,/home/suruchi-pandey/Projects/Bhavcopy-download-and-mail-code/2026/BhavCopy_NSE_CM_0_0_0_20260918_F_0000.csv
2026-09-18,BANKBEES,EQ,583.0,584.89,581.78,583.58,369452,215460440.36,INF204KB15I9,11439,NIP IND ETF BANK BEES,NEW,/home/suruchi-pandey/Projects/Bhavcopy-download-and-mail-code/2026/BhavCopy_NSE_CM_0_0_0_20260918_F_0000.csv
2026-09-18,BANKBETA,EQ,58.17,58.46,58.08,58.37,39047,2276812.84,INF789F1AUV1,22440,UTIAMC-BANKBETA,NEW,/home/suruchi-pandey/Projects/Bhavcopy-download-and-mail-code/2026/BhavCopy_NSE_CM_0_0_0_20260918_F_0000.csv
2026-09-18,BANKBETF,EQ,55.96,57.5,55.96,57.3,6890,393574.01,INF0QA701714,21986,BFAM - BANKBETF,NEW,/home/suruchi-pandey/Projects/Bhavcopy-download-and-mail-code/2026/BhavCopy_NSE_CM_0_0_0_20260918_F_0000.csv
2026-09-18,BANKETF,EQ,571.2,576.4,571.2,574.99,12315,7070798.63,INF769K01KR3,17419,MIRAEAMC - BANKETF,NEW,/home/suruchi-pandey/Projects/Bhavcopy-download-and-mail-code/2026/BhavCopy_NSE_CM_0_0_0_20260918_F_0000.csv
2026-09-18,BANKIETF,EQ,58.0,58.03,57.68,57.9,95206,5510984.65,INF109KC15I8,11037,ICICIPRAMC - IPRU5008,NEW,/home/suruchi-pandey/Projects/Bhavcopy-download-and-mail-code/2026/BhavCopy_NSE_CM_0_0_0_20260918_F_0000.csv
2026-09-18,BANKINDIA,EQ,138.78,140.0,138.02,140.0,4269930,594297753.49,INE084A01016,4745,BANK OF INDIA,NEW,/home/suruchi-pandey/Projects/Bhavcopy-download-and-mail-code/2026/BhavCopy_NSE_CM_0_0_0_20260918_F_0000.csv
2026-09-18,BANKNIFTY1,EQ,58.29,58.64,58.29,58.54,106721,6243802.34,INF174KA1ZB7,5851,KOTAKMAMC-KOTAKBKETF,NEW,/home/suruchi-pandey/Projects/Bhavcopy-download-and-mail-code/2026/BhavCopy_NSE_CM_0_0_0_20260918_F_0000.csv
2026-09-18,BANKPSU,EQ,83.49,83.96,83.35,83.89,13954,1167267.64,INF769K01LZ4,25725,MIRAEAMC - BANKPSU,NEW,/home/suruchi-pandey/Projects/Bhavcopy-download-and-mail-code/2026/BhavCopy_NSE_CM_0_0_0_20260918_F_0000.csv
2026-09-18,BANSALWIRE,EQ,310.4,320.0,306.3,310.6,81678,25529702.45,INE0B9K01025,24386,BANSAL WIRE INDUSTRIES L,NEW,/home/suruchi-pandey/Projects/Bhavcopy-download-and-mail-code/2026/BhavCopy_NSE_CM_0_0_0_20260918_F_0000.csv
2026-09-18,BANSWRAS,EQ,111.95,112.1,105.99,108.49,57722,6254390.23,INE629D01020,14511,BANSWARA SYNTEX LIMITED,NEW,/home/suruchi-pandey/Projects/Bhavcopy-download-and-mail-code/2026/BhavCopy_NSE_CM_0_0_0_20260918_F_0000.csv
2026-09-18,BASF,EQ,3617.0,3641.6,3566.5,3605.7,35931,129181639.7,INE373A01013,368,BASF INDIA LTD,NEW,/home/suruchi-pandey/Projects/Bhavcopy-download-and-mail-code/2026/BhavCopy_NSE_CM_0_0_0_20260918_F_0000.csv
2026-09-18,BATAINDIA,EQ,639.95,656.0,624.9,638.3,1089830,693472947.0,INE176A01028,371,BATA INDIA LTD,NEW,/home/suruchi-pandey/Projects/Bhavcopy-download-and-mail-code/2026/BhavCopy_NSE_CM_0_0_0_20260918_F_0000.csv
2026-09-18,BATLIBOI,EQ,81.8,81.89,78.11,81.09,54989,4381493.14,INE177C01022,762568,BATLIBOI LTD.,NEW,/home/suruchi-pandey/Projects/Bhavcopy-download-and-mail-code/2026/BhavCopy_NSE_CM_0_0_0_20260918_F_0000.csv
2026-09-18,BAYERCROP,EQ,3891.0,3899.1,3761.1,3779.5,87483,333910525.3,INE462A01022,17927,BAYER CROPSCIENCE LTD,NEW,/home/suruchi-pandey/Projects/Bhavcopy-download-and-mail-code/2026/BhavCopy_NSE_CM_0_0_0_20260918_F_0000.csv
2026-09-18,BBETF0432,EQ,1340.79,1343.44,1335.89,1337.8,437,585232.77,INF754K01OB1,7196,EDELAMC - BBETF0432,NEW,/home/suruchi-pandey/Projects/Bhavcopy-download-and-mail-code/2026/BhavCopy_NSE_CM_0_0_0_20260918_F_0000.csv
2026-09-18,BBL,EQ,2180.3,2219.0,2180.3,2207.9,15471,34053820.5,INE464A01036,13761,BHARAT BIJLEE LTD,NEW,/home/suruchi-pandey/Projects/Bhavcopy-download-and-mail-code/2026/BhavCopy_NSE_CM_0_0_0_20260918_F_0000.csv
2026-09-18,BBNPNBETF,EQ,55.49,57.02,55.49,56.75,372,20968.45,INF251K01TL6,24117,BARODABNP - BBNPNBETF,NEW,/home/suruchi-pandey/Projects/Bhavcopy-download-and-mail-code/2026/BhavCopy_NSE_CM_0_0_0_20260918_F_0000.csv
2026-09-18,BBNPPGOLD,EQ,148.7,148.7,145.0,147.95,5669,831909.9,INF251K01SU9,20547,BARODABNP - BBNPPGOLD,NEW,/home/suruchi-pandey/Projects/Bhavcopy-download-and-mail-code/2026/BhavCopy_NSE_CM_0_0_0_20260918_F_0000.csv
2026-09-18,BBOX,EQ,770.0,804.0,764.55,801.15,640804,507672358.45,INE676A01027,3435,BLACK BOX LIMITED,NEW,/home/suruchi-pandey/Projects/Bhavcopy-download-and-mail-code/2026/BhavCopy_NSE_CM_0_0_0_20260918_F_0000.csv
2026-09-18,BBTC,EQ,1409.7,1534.2,1409.7,1512.1,2468226,3687137894.2,INE050A01025,380,BOMBAY BURMAH TRADING COR,NEW,/home/suruchi-pandey/Projects/Bhavcopy-download-and-mail-code/2026/BhavCopy_NSE_CM_0_0_0_20260918_F_0000.csv
2026-09-18,BBTCL,EQ,235.89,235.89,227.0,230.53,509,118331.43,INE01EE01011,12153,B&B TRIPLEWALL CONT LTD,NEW,/home/suruchi-pandey/Projects/Bhavcopy-download-and-mail-code/2026/BhavCopy_NSE_CM_0_0_0_20260918_F_0000.csv
2026-09-18,BCG,EQ,9.9,10.39,9.87,10.26,9727064,98491843.46,INE425B01027,8833,BRIGHTCOM GROUP LIMITED,NEW,/home/suruchi-pandey/Projects/Bhavcopy-download-and-mail-code/2026/BhavCopy_NSE_CM_0_0_0_20260918_F_0000.csv
2026-09-18,BCLIND,EQ,33.12,33.39,32.63,33.06,347328,11456882.54,INE412G01024,2513,BCL INDUSTRIES LIMITED,NEW,/home/suruchi-pandey/Projects/Bhavcopy-download-and-mail-code/2026/BhavCopy_NSE_CM_0_0_0_20260918_F_0000.csv
2026-09-18,BCONCEPTS,EQ,157.01,157.03,150.3,153.1,5600,852955.65,INE977Y01011,7780,BRAND CONCEPTS LIMITED,NEW,/home/suruchi-pandey/Projects/Bhavcopy-download-and-mail-code/2026/BhavCopy_NSE_CM_0_0_0_20260918_F_0000.csv
2026-09-18,BCPL,EQ,68.95,68.95,65.81,66.92,10426,694149.25,INE00SW01015,761494,BCPL RAILWAY INFRA LTD,NEW,/home/suruchi-pandey/Projects/Bhavcopy-download-and-mail-code/2026/BhavCopy_NSE_CM_0_0_0_20260918_F_0000.csv
2026-09-18,BDL,EQ,1151.9,1196.6,1151.0,1196.6,741593,868669119.6,INE171Z01026,2144,BHARAT DYNAMICS LIMITED,NEW,/home/suruchi-pandey/Projects/Bhavcopy-download-and-mail-code/2026/BhavCopy_NSE_CM_0_0_0_20260918_F_0000.csv
2026-09-18,BEARDSELL,EQ,24.95,24.95,23.56,23.87,11453,276706.72,INE520H01022,17933,BEARDSELL LIMITED,NEW,/home/suruchi-pandey/Projects/Bhavcopy-download-and-mail-code/2026/BhavCopy_NSE_CM_0_0_0_20260918_F_0000.csv
2026-09-18,BECTORFOOD,EQ,222.55,224.5,217.34,221.55,1369086,301904121.91,INE495P01020,1628,MRS BECTORS FOOD SPE LTD,NEW,/home/suruchi-pandey/Projects/Bhavcopy-download-and-mail-code/2026/BhavCopy_NSE_CM_0_0_0_20260918_F_0000.csv
2026-09-18,BEDMUTHA,EQ,104.98,106.0,102.5,104.74,2278,239938.82,INE844K01012,20196,BEDMUTHA INDUST LTD,NEW,/home/suruchi-pandey/Projects/Bhavcopy-download-and-mail-code/2026/BhavCopy_NSE_CM_0_0_0_20260918_F_0000.csv
2026-09-18,BEEKAY,EQ,421.25,439.35,420.3,430.05,1478,633970.25,INE213D01015,762573,BEEKAY STEEL INDS. LTD.,NEW,/home/suruchi-pandey/Projects/Bhavcopy-download-and-mail-code/2026/BhavCopy_NSE_CM_0_0_0_20260918_F_0000.csv
2026-09-18,BEL,EQ,397.4,399.2,393.3,393.3,11862641,4707723128.95,INE263A01024,383,BHARAT ELECTRONICS LTD,NEW,/home/suruchi-pandey/Projects/Bhavcopy-download-and-mail-code/2026/BhavCopy_NSE_CM_0_0_0_20260918_F_0000.csv
2026-09-18,BELLACASA,EQ,259.0,263.23,250.35,262.53,9510,2455132.19,INE344T01014,757938,BELLA CASA FASH AND RET L,NEW,/home/suruchi-pandey/Projects/Bhavcopy-download-and-mail-code/2026/BhavCopy_NSE_CM_0_0_0_20260918_F_0000.csv
2026-09-18,BELRISE,EQ,230.15,242.89,229.62,240.18,10829670,2581026993.6,INE894V01022,757102,BELRISE INDUSTRIES LTD,NEW,/home/suruchi-pandey/Projects/Bhavcopy-download-and-mail-code/2026/BhavCopy_NSE_CM_0_0_0_20260918_F_0000.csv
2026-09-18,BEML,EQ,2030.4,2155.0,2030.4,2135.0,1380251,2894856554.4,INE258A01024,395,BEML LIMITED,NEW,/home/suruchi-pandey/Projects/Bhavcopy-download-and-mail-code/2026/BhavCopy_NSE_CM_0_0_0_20260918_F_0000.csv
2026-09-18,BENARAS,EQ,10612.0,10700.0,10551.0,10588.0,37,394875.0,INE664D01019,764618,BENARES HOTELS LTD.,NEW,/home/suruchi-pandey/Projects/Bhavcopy-download-and-mail-code/2026/BhavCopy_NSE_CM_0_0_0_20260918_F_0000.csv
2026-09-18,BENGALASM,EQ,6213.0,6241.5,6195.0,6199.5,151,938205.5,INE083K01017,762578,BENGAL & ASSAM CO. LTD.,NEW,/home/suruchi-pandey/Projects/Bhavcopy-download-and-mail-code/2026/BhavCopy_NSE_CM_0_0_0_20260918_F_0000.csv
2026-09-18,BEPL,EQ,127.56,130.3,126.62,128.95,834218,107250558.68,INE922A01025,419,BHANSALI ENG. POLYMERS LT,NEW,/home/suruchi-pandey/Projects/Bhavcopy-download-and-mail-code/2026/BhavCopy_NSE_CM_0_0_0_20260918_F_0000.csv
2026-09-18,BERGEPAINT,EQ,449.95,461.8,448.6,458.65,1220340,557435283.0,INE463A01038,404,BERGER PAINTS (I) LTD,NEW,/home/suruchi-pandey/Projects/Bhavcopy-download-and-mail-code/2026/BhavCopy_NSE_CM_0_0_0_20260918_F_0000.csv
2026-09-18,BESTAGRO,EQ,18.61,18.7,18.25,18.51,285469,5292532.51,INE052T01021,2306,BEST AGROLIFE LIMITED,NEW,/home/suruchi-pandey/Projects/Bhavcopy-download-and-mail-code/2026/BhavCopy_NSE_CM_0_0_0_20260918_F_0000.csv
2026-09-18,BETA,EQ,2095.2,2147.9,2025.0,2055.2,14462,30146986.5,INE351Y01019,759842,BETA DRUGS LIMITED,NEW,/home/suruchi-pandey/Projects/Bhavcopy-download-and-mail-code/2026/BhavCopy_NSE_CM_0_0_0_20260918_F_0000.csv
2026-09-18,BFINVEST,EQ,437.35,452.4,436.35,445.25,25663,11424716.85,INE878K01010,21113,BF INVESTMENT LIMITED,NEW,/home/suruchi-pandey/Projects/Bhavcopy-download-and-mail-code/2026/BhavCopy_NSE_CM_0_0_0_20260918_F_0000.csv
2026-09-18,BFSI,EQ,27.03,27.03,26.38,26.58,75368,1998953.8,INF769K01HI8,5220,MIRAEAMC - MAFSETF,NEW,/home/suruchi-pandey/Projects/Bhavcopy-download-and-mail-code/2026/BhavCopy_NSE_CM_0_0_0_20260918_F_0000.csv
2026-09-18,BFUTILITIE,EQ,523.95,564.75,523.95,542.0,206053,112509750.35,INE243D01012,14567,BF UTILITIES LIMITED,NEW,/home/suruchi-pandey/Projects/Bhavcopy-download-and-mail-code/2026/BhavCopy_NSE_CM_0_0_0_20260918_F_0000.csv
2026-09-18,BHAGCHEM,EQ,246.8,251.95,245.1,246.85,146748,36533086.75,INE414D01027,6164,BHAGIRADHA CHEM & INDS L,NEW,/home/suruchi-pandey/Projects/Bhavcopy-download-and-mail-code/2026/BhavCopy_NSE_CM_0_0_0_20260918_F_0000.csv
2026-09-18,BHAGYANGR,EQ,465.0,467.9,438.0,446.7,329482,149328647.35,INE458B01036,20776,BHAGYANAGAR INDIA LIMITED,NEW,/home/suruchi-pandey/Projects/Bhavcopy-download-and-mail-code/2026/BhavCopy_NSE_CM_0_0_0_20260918_F_0000.csv
2026-09-18,BHANDARI,EQ,2.96,3.03,2.96,2.99,92258,275382.44,INE474E01029,19556,BHANDARI HOSIERY EXP LTD,NEW,/home/suruchi-pandey/Projects/Bhavcopy-download-and-mail-code/2026/BhavCopy_NSE_CM_0_0_0_20260918_F_0000.csv
2026-09-18,BHARATCOAL,EQ,32.24,32.95,32.2,32.69,3195446,103748597.42,INE05XR01022,760726,BHARAT COKING COAL LTD,NEW,/home/suruchi-pandey/Projects/Bhavcopy-download-and-mail-code/2026/BhavCopy_NSE_CM_0_0_0_20260918_F_0000.csv
2026-09-18,BHARATFORG,EQ,1940.1,1994.9,1940.1,1962.1,1602315,3168274166.8,INE465A01025,422,BHARAT FORGE LTD,NEW,/home/suruchi-pandey/Projects/Bhavcopy-download-and-mail-code/2026/BhavCopy_NSE_CM_0_0_0_20260918_F_0000.csv
2026-09-18,BHARATRAS,EQ,1169.5,1182.1,1155.0,1168.8,11371,13321172.8,INE838B01021,3834,BHARAT RASAYAN LTD,NEW,/home/suruchi-pandey/Projects/Bhavcopy-download-and-mail-code/2026/BhavCopy_NSE_CM_0_0_0_20260918_F_0000.csv
2026-09-18,BHARATSE,EQ,210.72,215.82,210.26,214.02,96601,20603262.45,INE415D01024,30244,BHARAT SEATS LIMITED,NEW,/home/suruchi-pandey/Projects/Bhavcopy-download-and-mail-code/2026/BhavCopy_NSE_CM_0_0_0_20260918_F_0000.csv
2026-09-18,BHARATWIRE,EQ,173.06,174.18,169.97,173.05,72882,12538752.4,INE316L01019,16123,BHARAT WIRE ROPES LTD.,NEW,/home/suruchi-pandey/Projects/Bhavcopy-download-and-mail-code/2026/BhavCopy_NSE_CM_0_0_0_20260918_F_0000.csv
2026-09-18,BHARTIARTL,EQ,1843.0,1893.3,1835.3,1893.3,14189780,26593041077.6,INE397D01024,10604,BHARTI AIRTEL LIMITED,NEW,/home/suruchi-pandey/Projects/Bhavcopy-download-and-mail-code/2026/BhavCopy_NSE_CM_0_0_0_20260918_F_0000.csv
2026-09-18,BHARTIHEXA,EQ,1482.0,1558.9,1477.8,1540.1,307475,468605180.8,INE343G01021,23489,BHARTI HEXACOM LIMITED,NEW,/home/suruchi-pandey/Projects/Bhavcopy-download-and-mail-code/2026/BhavCopy_NSE_CM_0_0_0_20260918_F_0000.csv
2026-09-18,BHEL,EQ,428.4,439.9,427.25,439.9,7669374,3329523518.15,INE257A01026,438,BHEL,NEW,/home/suruchi-pandey/Projects/Bhavcopy-download-and-mail-code/2026/BhavCopy_NSE_CM_0_0_0_20260918_F_0000.csv
2026-09-18,BIGBLOC,EQ,39.8,40.92,39.8,40.4,25873,1040330.9,INE412U01025,18431,BIGBLOC CONSTRUCTION LTD,NEW,/home/suruchi-pandey/Projects/Bhavcopy-download-and-mail-code/2026/BhavCopy_NSE_CM_0_0_0_20260918_F_0000.csv
2026-09-18,BIKAJI,EQ,553.0,592.0,550.4,580.25,153843,88437769.55,INE00E101023,11966,BIKAJI FOODS INTERN LTD,NEW,/home/suruchi-pandey/Projects/Bhavcopy-download-and-mail-code/2026/BhavCopy_NSE_CM_0_0_0_20260918_F_0000.csv
2026-09-18,BIL,EQ,1044.4,1079.9,1012.3,1040.85,9486,9950185.35,INE828A01016,7848,BHARTIYA INTERNATIONAL,NEW,/home/suruchi-pandey/Projects/Bhavcopy-download-and-mail-code/2026/BhavCopy_NSE_CM_0_0_0_20260918_F_0000.csv
2026-09-18,BIMETAL,EQ,654.0,654.0,640.0,640.2,332,214141.85,INE469A01019,762588,BIMETAL BEARINGS LTD.,NEW,/home/suruchi-pandey/Projects/Bhavcopy-download-and-mail-code/2026/BhavCopy_NSE_CM_0_0_0_20260918_F_0000.csv
2026-09-18,BIOCON,EQ,380.05,388.0,379.3,385.0,7901211,3038598344.9,INE376G01013,11373,BIOCON LIMITED.,NEW,/home/suruchi-pandey/Projects/Bhavcopy-download-and-mail-code/2026/BhavCopy_NSE_CM_0_0_0_20260918_F_0000.csv
2026-09-18,BIOFILCHEM,EQ,32.7,33.49,32.0,32.83,16681,547295.11,INE829A01014,4136,BIOFIL CHEM & PHARMA LTD,NEW,/home/suruchi-pandey/Projects/Bhavcopy-download-and-mail-code/2026/BhavCopy_NSE_CM_0_0_0_20260918_F_0000.csv
2026-09-18,BIRLACABLE,EQ,414.85,418.8,390.0,409.5,573898,234521702.15,INE800A01015,477,BIRLA CABLE LIMITED,NEW,/home/suruchi-pandey/Projects/Bhavcopy-download-and-mail-code/2026/BhavCopy_NSE_CM_0_0_0_20260918_F_0000.csv
2026-09-18,BIRLACORPN,EQ,815.0,842.15,804.8,823.6,124135,101844999.95,INE340A01012,480,BIRLA CORPORATION LTD,NEW,/home/suruchi-pandey/Projects/Bhavcopy-download-and-mail-code/2026/BhavCopy_NSE_CM_0_0_0_20260918_F_0000.csv
2026-09-18,BIRLAMONEY,EQ,120.65,121.8,118.41,120.49,18286,2200205.86,INE865C01022,15239,ADITYA BIRLA MONEY LTD,NEW,/home/suruchi-pandey/Projects/Bhavcopy-download-and-mail-code/2026/BhavCopy_NSE_CM_0_0_0_20260918_F_0000.csv
2026-09-18,BIRLANU,EQ,1395.0,1400.0,1365.1,1380.1,5947,8192913.5,INE557A01011,1455,BIRLANU LIMITED,NEW,/home/suruchi-pandey/Projects/Bhavcopy-download-and-mail-code/2026/BhavCopy_NSE_CM_0_0_0_20260918_F_0000.csv
2026-09-18,BLACKBUCK,EQ,616.0,645.0,609.0,632.4,1667349,1055356312.85,INE0UIZ01018,27144,BLACKBUCK LIMITED,NEW,/home/suruchi-pandey/Projects/Bhavcopy-download-and-mail-code/2026/BhavCopy_NSE_CM_0_0_0_20260918_F_0000.csv
2026-09-18,BLAL,EQ,162.47,164.99,160.01,162.99,20633,3348480.36,INE0N7W01012,15067,BEML LAND ASSETS LIMITED,NEW,/home/suruchi-pandey/Projects/Bhavcopy-download-and-mail-code/2026/BhavCopy_NSE_CM_0_0_0_20260918_F_0000.csv
2026-09-18,BLBLIMITED,EQ,16.29,16.29,15.86,16.0,122807,1966570.86,INE791A01024,8132,BLB LIMITED,NEW,/home/suruchi-pandey/Projects/Bhavcopy-download-and-mail-code/2026/BhavCopy_NSE_CM_0_0_0_20260918_F_0000.csv
2026-09-18,BLEL,EQ,437.9,444.3,434.2,440.4,370777,162435652.5,INE1EEM01017,765291,BEHARI LAL ENGINEERING L,NEW,/home/suruchi-pandey/Projects/Bhavcopy-download-and-mail-code/2026/BhavCopy_NSE_CM_0_0_0_20260918_F_0000.csv
2026-09-18,BLIL,EQ,67.7,68.48,66.97,67.1,110370,7446672.6,INE525F01025,762603,BALMER LAWRIE INVSTS. L,NEW,/home/suruchi-pandey/Projects/Bhavcopy-download-and-mail-code/2026/BhavCopy_NSE_CM_0_0_0_20260918_F_0000.csv
2026-09-18,BLKASHYAP,EQ,52.55,54.0,52.1,52.74,424616,22544421.18,INE350H01032,13290,B.L.KASHYAP & SON LTD,NEW,/home/suruchi-pandey/Projects/Bhavcopy-download-and-mail-code/2026/BhavCopy_NSE_CM_0_0_0_20260918_F_0000.csv
2026-09-18,BLS,EQ,227.89,230.8,226.0,226.5,748096,170274260.45,INE153T01027,17279,BLS INTL SERVS LTD,NEW,/home/suruchi-pandey/Projects/Bhavcopy-download-and-mail-code/2026/BhavCopy_NSE_CM_0_0_0_20260918_F_0000.csv
2026-09-18,BLSE,EQ,313.95,322.0,313.55,316.5,224022,71036610.3,INE0NLT01010,22566,BLS E-SERVICES LIMITED,NEW,/home/suruchi-pandey/Projects/Bhavcopy-download-and-mail-code/2026/BhavCopy_NSE_CM_0_0_0_20260918_F_0000.csv
2026-09-18,BLUECLOUDS,EQ,19.65,19.65,19.25,19.34,493433,9569611.38,INE373T01047,765040,BLUE CLOUD SOFTECH SOLU L,NEW,/home/suruchi-pandey/Projects/Bhavcopy-download-and-mail-code/2026/BhavCopy_NSE_CM_0_0_0_20260918_F_0000.csv
2026-09-18,BLUECOAST,EQ,22.6,22.6,20.99,20.99,963,20727.39,INE472B01011,7480,BLUE COAST HOTELS LIMITED,NEW,/home/suruchi-pandey/Projects/Bhavcopy-download-and-mail-code/2026/BhavCopy_NSE_CM_0_0_0_20260918_F_0000.csv
2026-09-18,BLUEDART,EQ,4810.5,4851.0,4770.0,4821.0,10165,48957592.0,INE233B01017,495,BLUE DART EXPRESS LTD,NEW,/home/suruchi-pandey/Projects/Bhavcopy-download-and-mail-code/2026/BhavCopy_NSE_CM_0_0_0_20260918_F_0000.csv
2026-09-18,BLUEJET,EQ,570.45,577.85,567.0,575.25,207881,119049217.3,INE0KBH01020,19686,BLUE JET HEALTHCARE LTD,NEW,/home/suruchi-pandey/Projects/Bhavcopy-download-and-mail-code/2026/BhavCopy_NSE_CM_0_0_0_20260918_F_0000.csv
2026-09-18,BLUESTARCO,EQ,1551.2,1571.5,1531.8,1531.8,798646,1242078494.0,INE472A01039,8311,BLUE STAR LIMITED,NEW,/home/suruchi-pandey/Projects/Bhavcopy-download-and-mail-code/2026/BhavCopy_NSE_CM_0_0_0_20260918_F_0000.csv
2026-09-18,BLUESTONE,EQ,838.7,863.0,821.0,827.5,1018859,855723363.7,INE304W01038,759291,BLUESTONE JEWEL LFSTL LTD,NEW,/home/suruchi-pandey/Projects/Bhavcopy-download-and-mail-code/2026/BhavCopy_NSE_CM_0_0_0_20260918_F_0000.csv
2026-09-18,BLUSPRING,EQ,123.06,127.14,122.66,123.34,141114,17444260.64,INE0U4101014,757520,BLUSPRING ENTERPRISES LTD,NEW,/home/suruchi-pandey/Projects/Bhavcopy-download-and-mail-code/2026/BhavCopy_NSE_CM_0_0_0_20260918_F_0000.csv
2026-09-18,BMWVENTLTD,EQ,50.77,53.4,50.32,51.9,185490,9592515.1,INE965W01036,759256,BMW VENTURES LIMITED,NEW,/home/suruchi-pandey/Projects/Bhavcopy-download-and-mail-code/2026/BhavCopy_NSE_CM_0_0_0_20260918_F_0000.csv
2026-09-18,BNAGROCHEM,EQ,207.0,207.0,200.0,207.0,944,194029.9,INE00HZ01011,762608,BN AGROCHEM LTD.,NEW,/home/suruchi-pandey/Projects/Bhavcopy-download-and-mail-code/2026/BhavCopy_NSE_CM_0_0_0_20260918_F_0000.csv
2026-09-18,BNKETFAXIS,EQ,580.87,582.38,578.96,581.87,772,448295.1,INF846K01X63,1044,AXISAMC-BNKETFAXIS,NEW,/home/suruchi-pandey/Projects/Bhavcopy-download-and-mail-code/2026/BhavCopy_NSE_CM_0_0_0_20260918_F_0000.csv
2026-09-18,BODALCHEM,EQ,184.99,191.23,184.05,191.23,1686113,319810081.38,INE338D01028,25017,BODAL CHEMICALS LTD,NEW,/home/suruchi-pandey/Projects/Bhavcopy-download-and-mail-code/2026/BhavCopy_NSE_CM_0_0_0_20260918_F_0000.csv
2026-09-18,BOHRAIND,EQ,13.0,13.88,12.41,12.71,36792,469261.03,INE802W01023,11640,BOHRA INDUSTRIES LIMITED,NEW,/home/suruchi-pandey/Projects/Bhavcopy-download-and-mail-code/2026/BhavCopy_NSE_CM_0_0_0_20260918_F_0000.csv
2026-09-18,BOMDYEING,EQ,108.0,112.9,108.0,111.3,1069497,118505007.84,INE032A01023,513,BOMBAY DYEING & MFG. CO L,NEW,/home/suruchi-pandey/Projects/Bhavcopy-download-and-mail-code/2026/BhavCopy_NSE_CM_0_0_0_20260918_F_0000.csv
2026-09-18,BONLON,EQ,37.82,39.85,37.82,39.13,2577,100530.29,INE0B9A01018,761056,BONLON INDUSTRIES LIMITED,NEW,/home/suruchi-pandey/Projects/Bhavcopy-download-and-mail-code/2026/BhavCopy_NSE_CM_0_0_0_20260918_F_0000.csv
2026-09-18,BORANA,EQ,298.15,304.0,296.0,297.1,25153,7519871.45,INE16SF01016,757919,BORANA WEAVES LIMITED,NEW,/home/suruchi-pandey/Projects/Bhavcopy-download-and-mail-code/2026/BhavCopy_NSE_CM_0_0_0_20260918_F_0000.csv
2026-09-18,BOROLTD,EQ,256.25,263.1,252.6,259.21,133921,34425082.14,INE02PY01013,19401,BOROSIL LIMITED,NEW,/home/suruchi-pandey/Projects/Bhavcopy-download-and-mail-code/2026/BhavCopy_NSE_CM_0_0_0_20260918_F_0000.csv
2026-09-18,BORORENEW,EQ,455.0,461.4,447.95,459.5,460974,209576395.7,INE666D01022,3149,BOROSIL RENEWABLES LTD,NEW,/home/suruchi-pandey/Projects/Bhavcopy-download-and-mail-code/2026/BhavCopy_NSE_CM_0_0_0_20260918_F_0000.csv
2026-09-18,BOROSCI,EQ,118.29,121.8,117.0,119.56,21927,2609518.32,INE02L001032,24014,BOROSIL SCIENTIFIC LTD,NEW,/home/suruchi-pandey/Projects/Bhavcopy-download-and-mail-code/2026/BhavCopy_NSE_CM_0_0_0_20260918_F_0000.csv
2026-09-18,BOSCH-HCIL,EQ,1668.3,1705.0,1660.0,1694.0,36229,61347996.5,INE782A01015,4491,BOSCH HOME COMFRT IND LTD,NEW,/home/suruchi-pandey/Projects/Bhavcopy-download-and-mail-code/2026/BhavCopy_NSE_CM_0_0_0_20260918_F_0000.csv
2026-09-18,BOSCHLTD,EQ,47850.0,48650.0,47000.0,47000.0,27389,1308818590.0,INE323A01026,2181,BOSCH LIMITED,NEW,/home/suruchi-pandey/Projects/Bhavcopy-download-and-mail-code/2026/BhavCopy_NSE_CM_0_0_0_20260918_F_0000.csv
2026-09-18,BPCL,EQ,308.55,314.2,308.25,314.0,9439555,2948502892.7,INE029A01011,526,BHARAT PETROLEUM CORP  LT,NEW,/home/suruchi-pandey/Projects/Bhavcopy-download-and-mail-code/2026/BhavCopy_NSE_CM_0_0_0_20260918_F_0000.csv
2026-09-18,BPL,EQ,46.5,46.8,45.5,45.79,13947,639081.37,INE110A01019,530,BPL LTD,NEW,/home/suruchi-pandey/Projects/Bhavcopy-download-and-mail-code/2026/BhavCopy_NSE_CM_0_0_0_20260918_F_0000.csv
2026-09-18,BPLPHARMA,EQ,1541.2,1564.0,1499.9,1509.7,843,1292749.2,INE365Y01019,764623,BHARAT PARENTERALS LTD.,NEW,/home/suruchi-pandey/Projects/Bhavcopy-download-and-mail-code/2026/BhavCopy_NSE_CM_0_0_0_20260918_F_0000.csv
2026-09-18,BRAHMINFRA,EQ,163.01,163.01,158.6,162.36,20632,3329017.98,INE320I01017,764628,BRAHMAPUTRA INFRA L,NEW,/home/suruchi-pandey/Projects/Bhavcopy-download-and-mail-code/2026/BhavCopy_NSE_CM_0_0_0_20260918_F_0000.csv
2026-09-18,BRIGADE,EQ,621.0,629.3,616.25,621.7,666470,415446522.5,INE791I01019,15184,BRIGADE ENTER. LTD,NEW,/home/suruchi-pandey/Projects/Bhavcopy-download-and-mail-code/2026/BhavCopy_NSE_CM_0_0_0_20260918_F_0000.csv
2026-09-18,BRIGHOTEL,EQ,56.52,56.59,56.15,56.23,35906,2021369.08,INE03NU01014,757794,BRIGADE HOTEL VENTURE LTD,NEW,/home/suruchi-pandey/Projects/Bhavcopy-download-and-mail-code/2026/BhavCopy_NSE_CM_0_0_0_20260918_F_0000.csv
2026-09-18,BRIGHTBR,EQ,240.05,254.15,240.0,248.45,836,205649.65,INE630D01010,764633,BRIGHT BROTHERS LTD.,NEW,/home/suruchi-pandey/Projects/Bhavcopy-download-and-mail-code/2026/BhavCopy_NSE_CM_0_0_0_20260918_F_0000.csv
2026-09-18,BRITANNIA,EQ,4982.0,5026.5,4968.0,4998.0,346885,1737048256.5,INE216A01030,547,BRITANNIA INDUSTRIES LTD,NEW,/home/suruchi-pandey/Projects/Bhavcopy-download-and-mail-code/2026/BhavCopy_NSE_CM_0_0_0_20260918_F_0000.csv
2026-09-18,BRNL,EQ,16.41,16.75,16.03,16.25,29263,477592.92,INE727S01012,21683,BHARAT ROAD NETWORK LTD,NEW,/home/suruchi-pandey/Projects/Bhavcopy-download-and-mail-code/2026/BhavCopy_NSE_CM_0_0_0_20260918_F_0000.csv
2026-09-18,BROOKS,EQ,61.24,63.89,61.02,61.53,38012,2352124.86,INE650L01011,25136,BROOKS LAB LIMITED,NEW,/home/suruchi-pandey/Projects/Bhavcopy-download-and-mail-code/2026/BhavCopy_NSE_CM_0_0_0_20260918_F_0000.csv
2026-09-18,BSE,EQ,3259.0,3296.0,3241.0,3266.4,2075360,6763424072.7,INE118H01025,19585,BSE LIMITED,NEW,/home/suruchi-pandey/Projects/Bhavcopy-download-and-mail-code/2026/BhavCopy_NSE_CM_0_0_0_20260918_F_0000.csv
2026-09-18,BSE500IETF,EQ,38.4,38.84,38.26,38.76,58159,2246028.87,INF109KC1V59,3001,ICICIPRAMC - ICICI500,NEW,/home/suruchi-pandey/Projects/Bhavcopy-download-and-mail-code/2026/BhavCopy_NSE_CM_0_0_0_20260918_F_0000.csv
2026-09-18,BSHSL,EQ,89.25,93.0,86.2,87.87,3480,306522.2,INE032Z01020,809,BOMBAY SUPER HYBRID SEEDS,NEW,/home/suruchi-pandey/Projects/Bhavcopy-download-and-mail-code/2026/BhavCopy_NSE_CM_0_0_0_20260918_F_0000.csv
2026-09-18,BSL,EQ,116.8,119.49,116.8,118.26,3489,413494.86,INE594B01012,559,BSL LTD,NEW,/home/suruchi-pandey/Projects/Bhavcopy-download-and-mail-code/2026/BhavCopy_NSE_CM_0_0_0_20260918_F_0000.csv
2026-09-18,BSLGOLDETF,EQ,134.3,134.8,133.48,134.53,327089,43976511.22,INF209KB18D3,23804,ADITYBIRLA SL GOLD ETF-GR,NEW,/home/suruchi-pandey/Projects/Bhavcopy-download-and-mail-code/2026/BhavCopy_NSE_CM_0_0_0_20260918_F_0000.csv
2026-09-18,BSLNIFTY,EQ,27.38,28.62,27.36,27.46,690033,18947124.9,INF209KB19D1,24781,ADITYBIRLA SL NIF ETF-GR,NEW,/home/suruchi-pandey/Projects/Bhavcopy-download-and-mail-code/2026/BhavCopy_NSE_CM_0_0_0_20260918_F_0000.csv
2026-09-18,BSLSENETFG,EQ,75.96,75.96,74.88,75.15,4943,370993.79,INF209KB10E8,5957,BIRLASLAMC - BSLSENETFG,NEW,/home/suruchi-pandey/Projects/Bhavcopy-download-and-mail-code/2026/BhavCopy_NSE_CM_0_0_0_20260918_F_0000.csv
2026-09-18,BSOFT,EQ,285.0,285.05,278.45,280.4,1305483,365864299.75,INE836A01035,6994,BIRLASOFT LIMITED,NEW,/home/suruchi-pandey/Projects/Bhavcopy-download-and-mail-code/2026/BhavCopy_NSE_CM_0_0_0_20260918_F_0000.csv
2026-09-18,BTML,EQ,7.49,7.49,7.14,7.25,704020,5200139.2,INE0EEJ01023,14150,BODHI TREE MULTIMEDIA LTD,NEW,/home/suruchi-pandey/Projects/Bhavcopy-download-and-mail-code/2026/BhavCopy_NSE_CM_0_0_0_20260918_F_0000.csv
2026-09-18,BUILDPRO,EQ,1254.9,1270.0,1198.5,1253.8,123781,152139524.1,INE24OJ01011,760594,SHANKARA BUILDPRO LIMITED,NEW,/home/suruchi-pandey/Projects/Bhavcopy-download-and-mail-code/2026/BhavCopy_NSE_CM_0_0_0_20260918_F_0000.csv
2026-09-18,BUTTERFLY,EQ,577.9,589.0,566.75,585.8,26618,15340866.9,INE295F01017,2716,BTRFLY GANDHI APPL LTD,NEW,/home/suruchi-pandey/Projects/Bhavcopy-download-and-mail-code/2026/BhavCopy_NSE_CM_0_0_0_20260918_F_0000.csv
2026-09-18,BVCL,EQ,40.69,41.3,40.5,40.76,7122,290451.43,INE139I01011,15073,BARAK VALLEY CEM. LTD.,NEW,/home/suruchi-pandey/Projects/Bhavcopy-download-and-mail-code/2026/BhavCopy_NSE_CM_0_0_0_20260918_F_0000.csv
2026-09-18,CAMLINFINE,EQ,100.55,101.47,95.65,97.28,1375944,134841604.48,INE052I01032,6216,CAMLIN FINE SCIENCES LTD,NEW,/home/suruchi-pandey/Projects/Bhavcopy-download-and-mail-code/2026/BhavCopy_NSE_CM_0_0_0_20260918_F_0000.csv
2026-09-18,CAMPUS,EQ,212.0,212.95,210.51,212.12,306540,65016339.21,INE278Y01022,9362,CAMPUS ACTIVEWEAR LIMITED,NEW,/home/suruchi-pandey/Projects/Bhavcopy-download-and-mail-code/2026/BhavCopy_NSE_CM_0_0_0_20260918_F_0000.csv
2026-09-18,CAMS,EQ,712.65,723.6,708.05,708.05,1128255,806856824.2,INE596I01020,342,COMPUTER AGE MNGT SER LTD,NEW,/home/suruchi-pandey/Projects/Bhavcopy-download-and-mail-code/2026/BhavCopy_NSE_CM_0_0_0_20260918_F_0000.csv
2026-09-18,CANBK,EQ,123.81,123.89,123.01,123.78,11489793,1418262646.98,INE476A01022,10794,CANARA BANK,NEW,/home/suruchi-pandey/Projects/Bhavcopy-download-and-mail-code/2026/BhavCopy_NSE_CM_0_0_0_20260918_F_0000.csv
2026-09-18,CANFINHOME,EQ,777.6,787.6,769.0,778.5,539763,419750130.6,INE477A01020,583,CAN FIN HOMES LTD,NEW,/home/suruchi-pandey/Projects/Bhavcopy-download-and-mail-code/2026/BhavCopy_NSE_CM_0_0_0_20260918_F_0000.csv
2026-09-18,CANHLIFE,EQ,155.33,156.25,151.79,153.59,807851,124051464.26,INE01TY01017,759477,CANARA HSBC LIFE INS CO L,NEW,/home/suruchi-pandey/Projects/Bhavcopy-download-and-mail-code/2026/BhavCopy_NSE_CM_0_0_0_20260918_F_0000.csv
2026-09-18,CANTABIL,EQ,242.4,246.0,240.2,242.63,143791,34998526.34,INE068L01024,20160,CANTABIL RETAIL LTD,NEW,/home/suruchi-pandey/Projects/Bhavcopy-download-and-mail-code/2026/BhavCopy_NSE_CM_0_0_0_20260918_F_0000.csv
2026-09-18,CAPACITE,EQ,191.9,199.02,191.9,195.71,235892,46357718.7,INE264T01014,21749,CAPACITE INFRAPROJECT LTD,NEW,/home/suruchi-pandey/Projects/Bhavcopy-download-and-mail-code/2026/BhavCopy_NSE_CM_0_0_0_20260918_F_0000.csv
2026-09-18,CAPILLARY,EQ,448.95,489.0,443.1,484.05,532692,250655248.35,INE0ILV01024,759867,CAPILLARY TECHNO INDIA L,NEW,/home/suruchi-pandey/Projects/Bhavcopy-download-and-mail-code/2026/BhavCopy_NSE_CM_0_0_0_20260918_F_0000.csv
2026-09-18,CAPITALSFB,EQ,276.1,283.4,274.15,278.9,8706,2437888.3,INE646H01017,22675,CAPITAL SMALL FIN BANK L,NEW,/home/suruchi-pandey/Projects/Bhavcopy-download-and-mail-code/2026/BhavCopy_NSE_CM_0_0_0_20260918_F_0000.csv
2026-09-18,CAPLIPOINT,EQ,2596.5,2780.0,2596.0,2748.6,308471,838827182.0,INE475E01026,3906,CAPLIN POINT LAB LTD.,NEW,/home/suruchi-pandey/Projects/Bhavcopy-download-and-mail-code/2026/BhavCopy_NSE_CM_0_0_0_20260918_F_0000.csv
2026-09-18,CARBORUNIV,EQ,1084.0,1141.3,1078.4,1124.4,533148,597895215.9,INE120A01034,595,CARBORUNDUM UNIVERSAL LTD,NEW,/home/suruchi-pandey/Projects/Bhavcopy-download-and-mail-code/2026/BhavCopy_NSE_CM_0_0_0_20260918_F_0000.csv
2026-09-18,CARERATING,EQ,1645.5,1674.7,1614.8,1668.6,46640,76959985.0,INE752H01013,29113,CARE RATINGS LIMITED,NEW,/home/suruchi-pandey/Projects/Bhavcopy-download-and-mail-code/2026/BhavCopy_NSE_CM_0_0_0_20260918_F_0000.csv
2026-09-18,CARRARO,EQ,522.1,533.0,517.6,524.65,169514,89258572.35,INE0V7W01012,28879,CARRARO INDIA LIMITED,NEW,/home/suruchi-pandey/Projects/Bhavcopy-download-and-mail-code/2026/BhavCopy_NSE_CM_0_0_0_20260918_F_0000.csv
2026-09-18,CARTRADE,EQ,2949.9,3127.7,2946.7,2988.9,650048,1977698323.2,INE290S01011,5407,CARTRADE TECH LIMITED,NEW,/home/suruchi-pandey/Projects/Bhavcopy-download-and-mail-code/2026/BhavCopy_NSE_CM_0_0_0_20260918_F_0000.csv
2026-09-18,CARYSIL,EQ,1111.2,1138.7,1106.0,1131.3,62416,70102937.2,INE482D01024,1879,CARYSIL LIMITED,NEW,/home/suruchi-pandey/Projects/Bhavcopy-download-and-mail-code/2026/BhavCopy_NSE_CM_0_0_0_20260918_F_0000.csv
2026-09-18,CASHIETF,EQ,1079.83,1080.28,1078.82,1080.26,122070,131868809.27,INF109K1A021,30139,ICICIPRAMC - CASHIETF,NEW,/home/suruchi-pandey/Projects/Bhavcopy-download-and-mail-code/2026/BhavCopy_NSE_CM_0_0_0_20260918_F_0000.csv
2026-09-18,CASTROLIND,EQ,192.34,197.85,192.0,197.14,9615337,1879846216.76,INE172A01027,1250,CASTROL INDIA LIMITED,NEW,/home/suruchi-pandey/Projects/Bhavcopy-download-and-mail-code/2026/BhavCopy_NSE_CM_0_0_0_20260918_F_0000.csv
2026-09-18,CCAVENUE,EQ,16.39,16.64,15.99,16.08,15304318,248638319.45,INE483S01020,16249,AVENUESAI LIMITED,NEW,/home/suruchi-pandey/Projects/Bhavcopy-download-and-mail-code/2026/BhavCopy_NSE_CM_0_0_0_20260918_F_0000.csv
2026-09-18,CCCL,EQ,13.69,13.95,13.69,13.76,57075,788022.93,INE429I01024,14992,CONS. CONST. CONSORT LTD,NEW,/home/suruchi-pandey/Projects/Bhavcopy-download-and-mail-code/2026/BhavCopy_NSE_CM_0_0_0_20260918_F_0000.csv
2026-09-18,CCHHL,EQ,12.8,13.1,12.6,13.01,25484,328845.7,INE652F01027,6385,COUNTRY CLUB HOSP HOL LTD,NEW,/home/suruchi-pandey/Projects/Bhavcopy-download-and-mail-code/2026/BhavCopy_NSE_CM_0_0_0_20260918_F_0000.csv
2026-09-18,CCL,EQ,1065.7,1076.3,1058.2,1065.6,92827,99108115.1,INE421D01022,11452,CCL PRODUCTS (I) LTD,NEW,/home/suruchi-pandey/Projects/Bhavcopy-download-and-mail-code/2026/BhavCopy_NSE_CM_0_0_0_20260918_F_0000.csv
2026-09-18,CDSL,EQ,1348.0,1390.0,1346.5,1390.0,1694146,2332778788.1,INE736A01011,21174,CENTRAL DEPO SER (I) LTD,NEW,/home/suruchi-pandey/Projects/Bhavcopy-download-and-mail-code/2026/BhavCopy_NSE_CM_0_0_0_20260918_F_0000.csv
2026-09-18,CEATLTD,EQ,3430.0,3529.0,3418.1,3468.9,113245,394733001.9,INE482A01020,15254,CEAT LIMITED,NEW,/home/suruchi-pandey/Projects/Bhavcopy-download-and-mail-code/2026/BhavCopy_NSE_CM_0_0_0_20260918_F_0000.csv
2026-09-18,CEIGALL,EQ,391.6,391.8,372.05,373.75,307512,116719677.85,INE0AG901020,24742,CEIGALL INDIA LIMITED,NEW,/home/suruchi-pandey/Projects/Bhavcopy-download-and-mail-code/2026/BhavCopy_NSE_CM_0_0_0_20260918_F_0000.csv
2026-09-18,CEINSYS,EQ,692.4,715.0,672.05,675.35,73862,50981605.3,INE016Q01014,761037,CEINSYS TECH LIMITED,NEW,/home/suruchi-pandey/Projects/Bhavcopy-download-and-mail-code/2026/BhavCopy_NSE_CM_0_0_0_20260918_F_0000.csv
2026-09-18,CELEBRITY,EQ,6.9,6.9,6.69,6.83,7755,52265.63,INE185H01016,13162,CELEBRITY FASHIONS LTD,NEW,/home/suruchi-pandey/Projects/Bhavcopy-download-and-mail-code/2026/BhavCopy_NSE_CM_0_0_0_20260918_F_0000.csv
2026-09-18,CELLO,EQ,328.0,330.0,320.0,322.45,240397,77833683.9,INE0LMW01024,19795,CELLO WORLD LIMITED,NEW,/home/suruchi-pandey/Projects/Bhavcopy-download-and-mail-code/2026/BhavCopy_NSE_CM_0_0_0_20260918_F_0000.csv
2026-09-18,CEMNTGROWW,EQ,14.09,14.3,14.01,14.22,45103,639567.74,INF666M01PH7,764285,GROWWAMC - CEMNTGROWW,NEW,/home/suruchi-pandey/Projects/Bhavcopy-download-and-mail-code/2026/BhavCopy_NSE_CM_0_0_0_20260918_F_0000.csv
2026-09-18,CEMPRO,EQ,1265.0,1287.4,1246.6,1263.5,233345,296365573.0,INE686A01026,5622,CEMINDIA PROJECTS LIMITED,NEW,/home/suruchi-pandey/Projects/Bhavcopy-download-and-mail-code/2026/BhavCopy_NSE_CM_0_0_0_20260918_F_0000.csv
2026-09-18,CENTENKA,EQ,570.75,570.75,551.85,561.45,33970,19064809.7,INE485A01015,619,CENTURY ENKA LTD,NEW,/home/suruchi-pandey/Projects/Bhavcopy-download-and-mail-code/2026/BhavCopy_NSE_CM_0_0_0_20260918_F_0000.csv
2026-09-18,CENTEXT,EQ,19.0,19.55,19.0,19.16,123725,2376797.64,INE281A01026,11511,CENTURY EXTRUSIONS LTD,NEW,/home/suruchi-pandey/Projects/Bhavcopy-download-and-mail-code/2026/BhavCopy_NSE_CM_0_0_0_20260918_F_0000.csv
2026-09-18,CENTRALBK,EQ,30.42,32.4,30.41,31.73,56472458,1782133959.95,INE483A01010,14894,CENTRAL BANK OF INDIA,NEW,/home/suruchi-pandey/Projects/Bhavcopy-download-and-mail-code/2026/BhavCopy_NSE_CM_0_0_0_20260918_F_0000.csv
2026-09-18,CENTRUM,EQ,22.69,22.69,21.65,21.94,41442,918638.73,INE660C01027,2454,CENTRUM CAPITAL LIMITED,NEW,/home/suruchi-pandey/Projects/Bhavcopy-download-and-mail-code/2026/BhavCopy_NSE_CM_0_0_0_20260918_F_0000.csv
2026-09-18,CENTUM,EQ,4398.0,4421.0,4300.0,4333.3,41693,182693663.5,INE320B01020,14982,CENTUM ELECTRONICS LTD,NEW,/home/suruchi-pandey/Projects/Bhavcopy-download-and-mail-code/2026/BhavCopy_NSE_CM_0_0_0_20260918_F_0000.csv
2026-09-18,CENTURYPLY,EQ,725.0,735.0,714.05,722.65,83789,60764360.2,INE348B01021,13305,CENTURY PLYBOARDS (I) LTD,NEW,/home/suruchi-pandey/Projects/Bhavcopy-download-and-mail-code/2026/BhavCopy_NSE_CM_0_0_0_20260918_F_0000.csv
2026-09-18,CERA,EQ,5592.0,5785.0,5592.0,5645.0,14398,81497850.5,INE739E01017,15039,CERA SANITARYWARE LTD,NEW,/home/suruchi-pandey/Projects/Bhavcopy-download-and-mail-code/2026/BhavCopy_NSE_CM_0_0_0_20260918_F_0000.csv
2026-09-18,CESC,EQ,141.99,142.93,140.71,141.53,3878798,548078018.6,INE486A01021,628,CESC LTD,NEW,/home/suruchi-pandey/Projects/Bhavcopy-download-and-mail-code/2026/BhavCopy_NSE_CM_0_0_0_20260918_F_0000.csv
2026-09-18,CEWATER,EQ,252.8,286.0,252.8,279.25,750844,208393409.45,INE037Z01029,28764,CONCORD ENVIRO SYSTEMS L,NEW,/home/suruchi-pandey/Projects/Bhavcopy-download-and-mail-code/2026/BhavCopy_NSE_CM_0_0_0_20260918_F_0000.csv
2026-09-18,CGCL,EQ,263.0,273.65,262.0,270.65,6367147,1718625116.9,INE180C01042,20329,CAPRI GLOBAL CAPITAL LTD,NEW,/home/suruchi-pandey/Projects/Bhavcopy-download-and-mail-code/2026/BhavCopy_NSE_CM_0_0_0_20260918_F_0000.csv
2026-09-18,CGPOWER,EQ,883.65,911.0,881.3,892.0,3114673,2808227861.3,INE067A01029,760,CG POWER AND IND SOL LTD,NEW,/home/suruchi-pandey/Projects/Bhavcopy-download-and-mail-code/2026/BhavCopy_NSE_CM_0_0_0_20260918_F_0000.csv
2026-09-18,CGVAK,EQ,147.0,152.0,144.0,149.8,2553,376902.42,INE084D01010,764643,C G V A K SOFTWARE & EX L,NEW,/home/suruchi-pandey/Projects/Bhavcopy-download-and-mail-code/2026/BhavCopy_NSE_CM_0_0_0_20260918_F_0000.csv
2026-09-18,CHALET,EQ,845.0,874.25,839.55,865.65,566679,489165045.15,INE427F01016,8546,CHALET HOTELS LIMITED,NEW,/home/suruchi-pandey/Projects/Bhavcopy-download-and-mail-code/2026/BhavCopy_NSE_CM_0_0_0_20260918_F_0000.csv
2026-09-18,CHAMBLFERT,EQ,414.7,420.0,410.9,414.9,470769,195039624.9,INE085A01013,637,CHAMBAL FERTILIZERS LTD,NEW,/home/suruchi-pandey/Projects/Bhavcopy-download-and-mail-code/2026/BhavCopy_NSE_CM_0_0_0_20260918_F_0000.csv
2026-09-18,CHEMBOND,EQ,197.03,203.45,185.6,192.77,12271,2352606.25,INE995D01025,14618,CHEMBOND MATERIALTECH LTD,NEW,/home/suruchi-pandey/Projects/Bhavcopy-download-and-mail-code/2026/BhavCopy_NSE_CM_0_0_0_20260918_F_0000.csv
2026-09-18,CHEMCRUX,EQ,82.0,84.19,78.0,80.78,4816,386899.55,INE298W01016,765045,CHEMCRUX ENTERPRISES LTD.,NEW,/home/suruchi-pandey/Projects/Bhavcopy-download-and-mail-code/2026/BhavCopy_NSE_CM_0_0_0_20260918_F_0000.csv
2026-09-18,CHEMFAB,EQ,355.0,373.5,355.0,369.4,2010,738339.0,INE783X01023,2799,CHEMFAB ALKALIS LIMITED,NEW,/home/suruchi-pandey/Projects/Bhavcopy-download-and-mail-code/2026/BhavCopy_NSE_CM_0_0_0_20260918_F_0000.csv
2026-09-18,CHEMICAL,EQ,28.55,29.58,28.55,29.43,279002,8169750.61,INF174KA1XV0,759885,KOTAKMAMC - CHEMICAL,NEW,/home/suruchi-pandey/Projects/Bhavcopy-download-and-mail-code/2026/BhavCopy_NSE_CM_0_0_0_20260918_F_0000.csv
2026-09-18,CHEMPLASTS,EQ,167.8,175.1,167.09,171.48,443500,76069242.88,INE488A01050,5449,CHEMPLAST SANMAR LIMITED,NEW,/home/suruchi-pandey/Projects/Bhavcopy-download-and-mail-code/2026/BhavCopy_NSE_CM_0_0_0_20260918_F_0000.csv
2026-09-18,CHENNPETRO,EQ,1414.0,1437.1,1390.1,1416.6,1081342,1522188716.8,INE178A01016,2049,CHENNAI PETROLEUM CORP LT,NEW,/home/suruchi-pandey/Projects/Bhavcopy-download-and-mail-code/2026/BhavCopy_NSE_CM_0_0_0_20260918_F_0000.csv
2026-09-18,CHEVIOT,EQ,1174.9,1179.9,1161.8,1174.7,820,960673.7,INE974B01016,9879,CHEVIOT COMPANY LIMITED,NEW,/home/suruchi-pandey/Projects/Bhavcopy-download-and-mail-code/2026/BhavCopy_NSE_CM_0_0_0_20260918_F_0000.csv
2026-09-18,CHOICEGOLD,EQ,149.5,152.21,149.5,151.99,2964,449213.51,INF2KCX01012,759610,CHOICEAMC - CHOICEGOLD,NEW,/home/suruchi-pandey/Projects/Bhavcopy-download-and-mail-code/2026/BhavCopy_NSE_CM_0_0_0_20260918_F_0000.csv
2026-09-18,CHOICEIN,EQ,739.95,775.7,738.45,763.85,989378,755415628.3,INE102B01014,8866,CHOICE INTERNATIONAL LTD,NEW,/home/suruchi-pandey/Projects/Bhavcopy-download-and-mail-code/2026/BhavCopy_NSE_CM_0_0_0_20260918_F_0000.csv
2026-09-18,CHOLAFIN,EQ,1769.3,1804.4,1766.0,1800.0,1509978,2698268172.3,INE121A01024,685,CHOLAMANDALAM IN & FIN CO,NEW,/home/suruchi-pandey/Projects/Bhavcopy-download-and-mail-code/2026/BhavCopy_NSE_CM_0_0_0_20260918_F_0000.csv
2026-09-18,CHOLAHLDNG,EQ,1510.0,1541.0,1482.0,1507.7,395533,594355067.3,INE149A01033,21740,CHOLAMANDALAM FIN HOL LTD,NEW,/home/suruchi-pandey/Projects/Bhavcopy-download-and-mail-code/2026/BhavCopy_NSE_CM_0_0_0_20260918_F_0000.csv
2026-09-18,CIEINDIA,EQ,388.0,391.5,382.9,387.15,376545,145478609.3,INE536H01010,14937,CIE AUTOMOTIVE INDIA LTD,NEW,/home/suruchi-pandey/Projects/Bhavcopy-download-and-mail-code/2026/BhavCopy_NSE_CM_0_0_0_20260918_F_0000.csv
2026-09-18,CIFL,EQ,19.86,20.49,19.86,19.98,45611,912919.82,INE345H01024,756015,CAPITAL INDIA FINANCE LTD,NEW,/home/suruchi-pandey/Projects/Bhavcopy-download-and-mail-code/2026/BhavCopy_NSE_CM_0_0_0_20260918_F_0000.csv
2026-09-18,CINELINE,EQ,91.1,93.6,90.0,90.36,6895,629383.4,INE704H01022,27161,CINELINE INDIA LIMITED,NEW,/home/suruchi-pandey/Projects/Bhavcopy-download-and-mail-code/2026/BhavCopy_NSE_CM_0_0_0_20260918_F_0000.csv
2026-09-18,CINEVISTA,EQ,13.8,14.74,13.8,14.13,6423,92446.79,INE039B01026,8024,CINEVISTA LIMITED,NEW,/home/suruchi-pandey/Projects/Bhavcopy-download-and-mail-code/2026/BhavCopy_NSE_CM_0_0_0_20260918_F_0000.csv
2026-09-18,CIPLA,EQ,1371.7,1394.5,1371.7,1394.5,1386584,1920252386.4,INE059A01026,694,CIPLA LTD,NEW,/home/suruchi-pandey/Projects/Bhavcopy-download-and-mail-code/2026/BhavCopy_NSE_CM_0_0_0_20260918_F_0000.csv
2026-09-18,CLEAN,EQ,831.0,872.85,826.7,851.9,891352,764630314.15,INE227W01023,5049,CLEAN SCIENCE & TECH LTD,NEW,/home/suruchi-pandey/Projects/Bhavcopy-download-and-mail-code/2026/BhavCopy_NSE_CM_0_0_0_20260918_F_0000.csv
2026-09-18,CLEANMAX,EQ,1296.4,1299.4,1272.0,1279.4,102176,130936156.6,INE647U01026,760183,CLEAN MAX ENVIRO EN SOL L,NEW,/home/suruchi-pandey/Projects/Bhavcopy-download-and-mail-code/2026/BhavCopy_NSE_CM_0_0_0_20260918_F_0000.csv
2026-09-18,CLEDUCATE,EQ,54.99,56.18,54.51,54.81,7979,439708.27,INE201M01029,20223,CL EDUCATE LIMITED,NEW,/home/suruchi-pandey/Projects/Bhavcopy-download-and-mail-code/2026/BhavCopy_NSE_CM_0_0_0_20260918_F_0000.csv
2026-09-18,CLSEL,EQ,296.45,299.15,292.25,294.9,32143,9486179.8,INE419D01026,3482,CHAMAN LAL SETIA EXP LTD,NEW,/home/suruchi-pandey/Projects/Bhavcopy-download-and-mail-code/2026/BhavCopy_NSE_CM_0_0_0_20260918_F_0000.csv
2026-09-18,CMLL,EQ,483.0,484.7,471.0,477.7,165073,78512476.15,INE11XY01018,764255,CALIBER MINING AND LOG L,NEW,/home/suruchi-pandey/Projects/Bhavcopy-download-and-mail-code/2026/BhavCopy_NSE_CM_0_0_0_20260918_F_0000.csv
2026-09-18,CMPDI,EQ,207.85,217.23,204.69,214.58,2923381,615154922.65,INE05HV01027,761581,CENTRAL MINE P N D INST L,NEW,/home/suruchi-pandey/Projects/Bhavcopy-download-and-mail-code/2026/BhavCopy_NSE_CM_0_0_0_20260918_F_0000.csv
2026-09-18,CMRGREEN,EQ,214.79,234.58,214.79,231.87,1840718,424250818.93,INE00WV01027,30893,CMR GREEN TECHNOLOGIES L,NEW,/home/suruchi-pandey/Projects/Bhavcopy-download-and-mail-code/2026/BhavCopy_NSE_CM_0_0_0_20260918_F_0000.csv
2026-09-18,CMSINFO,EQ,231.15,232.72,228.52,230.93,952449,219670353.94,INE925R01014,7603,CMS INFO SYSTEMS LIMITED,NEW,/home/suruchi-pandey/Projects/Bhavcopy-download-and-mail-code/2026/BhavCopy_NSE_CM_0_0_0_20260918_F_0000.csv
2026-09-18,CNL,EQ,1078.9,1140.1,1077.5,1127.1,17388,19444957.4,INE985W01018,11155,CREATIVE NEWTECH LIMITED,NEW,/home/suruchi-pandey/Projects/Bhavcopy-download-and-mail-code/2026/BhavCopy_NSE_CM_0_0_0_20260918_F_0000.csv
2026-09-18,COALINDIA,EQ,418.0,419.95,409.65,409.9,7700870,3171867519.9,INE522F01014,20374,COAL INDIA LTD,NEW,/home/suruchi-pandey/Projects/Bhavcopy-download-and-mail-code/2026/BhavCopy_NSE_CM_0_0_0_20260918_F_0000.csv
2026-09-18,COASTCORP,EQ,36.17,39.1,36.01,38.84,131467,4970875.76,INE377E01024,6006,COASTAL CORPORATION LTD,NEW,/home/suruchi-pandey/Projects/Bhavcopy-download-and-mail-code/2026/BhavCopy_NSE_CM_0_0_0_20260918_F_0000.csv
2026-09-18,COCHINSHIP,EQ,1335.0,1398.0,1333.0,1398.0,1456165,2000190740.7,INE704P01025,21508,COCHIN SHIPYARD LIMITED,NEW,/home/suruchi-pandey/Projects/Bhavcopy-download-and-mail-code/2026/BhavCopy_NSE_CM_0_0_0_20260918_F_0000.csv
2026-09-18,COCKERILL,EQ,8029.0,8220.0,8006.5,8164.0,3914,31744717.5,INE515A01019,762623,JOHN COCKERILL INDIA LTD.,NEW,/home/suruchi-pandey/Projects/Bhavcopy-download-and-mail-code/2026/BhavCopy_NSE_CM_0_0_0_20260918_F_0000.csv
2026-09-18,COFFEEDAY,EQ,30.86,31.33,30.07,30.52,346468,10581254.6,INE335K01011,11165,COFFEE DAY ENTERPRISE LTD,NEW,/home/suruchi-pandey/Projects/Bhavcopy-download-and-mail-code/2026/BhavCopy_NSE_CM_0_0_0_20260918_F_0000.csv
2026-09-18,COFORGE,EQ,1793.0,1841.0,1754.2,1841.0,2489460,4446235495.5,INE591G01025,11543,COFORGE LIMITED,NEW,/home/suruchi-pandey/Projects/Bhavcopy-download-and-mail-code/2026/BhavCopy_NSE_CM_0_0_0_20260918_F_0000.csv
2026-09-18,COHANCE,EQ,439.95,446.65,429.25,438.0,699254,305540663.0,INE03QK01018,17945,COHANCE LIFESCIENCES LTD,NEW,/home/suruchi-pandey/Projects/Bhavcopy-download-and-mail-code/2026/BhavCopy_NSE_CM_0_0_0_20260918_F_0000.csv
2026-09-18,COLPAL,EQ,1841.5,1917.8,1836.9,1917.8,601910,1134137821.0,INE259A01022,15141,COLGATE PALMOLIVE LTD.,NEW,/home/suruchi-pandey/Projects/Bhavcopy-download-and-mail-code/2026/BhavCopy_NSE_CM_0_0_0_20260918_F_0000.csv
2026-09-18,COMFINTE,EQ,6.18,6.18,5.86,5.98,71837,428820.17,INE819A01049,762628,COMFORT INTECH LTD.,NEW,/home/suruchi-pandey/Projects/Bhavcopy-download-and-mail-code/2026/BhavCopy_NSE_CM_0_0_0_20260918_F_0000.csv
2026-09-18,COMMOIETF,EQ,97.15,97.93,97.15,97.5,21581,2105114.5,INF109KC19O8,13198,ICICIPRAMC - ICICICOMMO,NEW,/home/suruchi-pandey/Projects/Bhavcopy-download-and-mail-code/2026/BhavCopy_NSE_CM_0_0_0_20260918_F_0000.csv
2026-09-18,COMPEAU,EQ,360.0,369.9,360.0,365.0,714,258070.8,INE823B01015,764648,COMPETENT AUTOMOB CO. L,NEW,/home/suruchi-pandey/Projects/Bhavcopy-download-and-mail-code/2026/BhavCopy_NSE_CM_0_0_0_20260918_F_0000.csv
2026-09-18,COMPUSOFT,EQ,12.98,14.6,12.95,13.63,299192,4177616.22,INE453B01029,31138,COMPUCOM SOFTWARE LTD,NEW,/home/suruchi-pandey/Projects/Bhavcopy-download-and-mail-code/2026/BhavCopy_NSE_CM_0_0_0_20260918_F_0000.csv
2026-09-18,COMSYN,EQ,294.0,314.45,293.55,306.55,869871,266918102.95,INE073V01015,21578,COMMERCIAL SYN BAGS LTD,NEW,/home/suruchi-pandey/Projects/Bhavcopy-download-and-mail-code/2026/BhavCopy_NSE_CM_0_0_0_20260918_F_0000.csv
2026-09-18,CONCOR,EQ,489.0,504.55,485.1,504.55,2242132,1114733774.65,INE111A01025,4749,CONTAINER CORP OF IND LTD,NEW,/home/suruchi-pandey/Projects/Bhavcopy-download-and-mail-code/2026/BhavCopy_NSE_CM_0_0_0_20260918_F_0000.csv
2026-09-18,CONCORDBIO,EQ,1459.5,1519.9,1459.4,1494.4,170417,255225084.0,INE338H01029,18060,CONCORD BIOTECH LIMITED,NEW,/home/suruchi-pandey/Projects/Bhavcopy-download-and-mail-code/2026/BhavCopy_NSE_CM_0_0_0_20260918_F_0000.csv
2026-09-18,CONFIPET,EQ,87.25,92.61,86.71,91.95,5542393,505829319.96,INE552D01024,10238,CONFIDENCE PETRO IND LTD.,NEW,/home/suruchi-pandey/Projects/Bhavcopy-download-and-mail-code/2026/BhavCopy_NSE_CM_0_0_0_20260918_F_0000.csv
2026-09-18,CONS,EQ,11.86,11.89,11.78,11.88,3928,46483.74,INF174KA1ZF8,10512,KOTAKMAMC - KOTAKCONS,NEW,/home/suruchi-pandey/Projects/Bhavcopy-download-and-mail-code/2026/BhavCopy_NSE_CM_0_0_0_20260918_F_0000.csv
2026-09-18,CONSUMAXIS,EQ,118.43,118.6,117.73,118.57,851,100435.16,INF846K016C7,5732,AXISAMC-CONSUMAXIS,NEW,/home/suruchi-pandey/Projects/Bhavcopy-download-and-mail-code/2026/BhavCopy_NSE_CM_0_0_0_20260918_F_0000.csv
2026-09-18,CONSUMBEES,EQ,128.26,128.66,127.42,128.32,39495,5054170.1,INF204KA1LD7,2435,NIP IND ETF CONSUMPTION,NEW,/home/suruchi-pandey/Projects/Bhavcopy-download-and-mail-code/2026/BhavCopy_NSE_CM_0_0_0_20260918_F_0000.csv
2026-09-18,CONSUMER,EQ,11.74,11.83,11.74,11.8,73605,867210.35,INF769K01NS5,28969,MIRAEAMC - CONSUMER,NEW,/home/suruchi-pandey/Projects/Bhavcopy-download-and-mail-code/2026/BhavCopy_NSE_CM_0_0_0_20260918_F_0000.csv
2026-09-18,CONSUMIETF,EQ,119.0,119.7,118.68,119.09,4906,583565.23,INF109KC1V42,6446,ICICIPRAMC - ICICICONSU,NEW,/home/suruchi-pandey/Projects/Bhavcopy-download-and-mail-code/2026/BhavCopy_NSE_CM_0_0_0_20260918_F_0000.csv
2026-09-18,CONTROLPR,EQ,610.0,613.7,598.0,600.9,28633,17309899.05,INE663B01015,17477,CONTROL PRINT LIMITED,NEW,/home/suruchi-pandey/Projects/Bhavcopy-download-and-mail-code/2026/BhavCopy_NSE_CM_0_0_0_20260918_F_0000.csv
2026-09-18,CORALFINAC,EQ,33.28,33.28,32.13,32.56,23368,760031.14,INE558D01021,4007,CORAL INDIA FIN & HOUS LT,NEW,/home/suruchi-pandey/Projects/Bhavcopy-download-and-mail-code/2026/BhavCopy_NSE_CM_0_0_0_20260918_F_0000.csv
2026-09-18,CORDELIA,EQ,109.68,115.16,109.68,115.15,2435983,279672941.02,INE0LZF01039,762163,WATERWAYS LEISURE TOUR L,NEW,/home/suruchi-pandey/Projects/Bhavcopy-download-and-mail-code/2026/BhavCopy_NSE_CM_0_0_0_20260918_F_0000.csv
2026-09-18,CORDSCABLE,EQ,360.0,381.4,355.8,364.15,176486,64861756.65,INE792I01017,15271,CORDS CABLE INDUS LTD.,NEW,/home/suruchi-pandey/Projects/Bhavcopy-download-and-mail-code/2026/BhavCopy_NSE_CM_0_0_0_20260918_F_0000.csv
2026-09-18,COROMANDEL,EQ,1929.8,2019.9,1919.5,1999.5,302340,600362664.1,INE169A01031,739,COROMANDEL INTERNTL. LTD,NEW,/home/suruchi-pandey/Projects/Bhavcopy-download-and-mail-code/2026/BhavCopy_NSE_CM_0_0_0_20260918_F_0000.csv
2026-09-18,CORONA,EQ,2175.0,2208.0,2166.6,2201.8,12123,26562602.7,INE02ZQ01018,760254,CORONA REMEDIES LIMITED,NEW,/home/suruchi-pandey/Projects/Bhavcopy-download-and-mail-code/2026/BhavCopy_NSE_CM_0_0_0_20260918_F_0000.csv
2026-09-18,COSMOFIRST,EQ,883.0,884.45,866.05,871.25,34649,30267068.9,INE757A01017,742,COSMO FIRST LIMITED,NEW,/home/suruchi-pandey/Projects/Bhavcopy-download-and-mail-code/2026/BhavCopy_NSE_CM_0_0_0_20260918_F_0000.csv
2026-09-18,CPCAP,EQ,142.46,152.0,141.01,145.19,107712,15753153.66,INE521J01018,20086,CP CAPITAL LIMITED,NEW,/home/suruchi-pandey/Projects/Bhavcopy-download-and-mail-code/2026/BhavCopy_NSE_CM_0_0_0_20260918_F_0000.csv
2026-09-18,CPEDU,EQ,174.01,175.9,171.0,171.66,5691,982888.71,INE0P6P01016,758941,CAREER POINT EDUTECH LTD,NEW,/home/suruchi-pandey/Projects/Bhavcopy-download-and-mail-code/2026/BhavCopy_NSE_CM_0_0_0_20260918_F_0000.csv
2026-09-18,CPL,EQ,67.3,68.24,63.5,64.49,41073,2715113.58,INE536P01021,764203,CAPTAIN POLYPLAST LIMITED,NEW,/home/suruchi-pandey/Projects/Bhavcopy-download-and-mail-code/2026/BhavCopy_NSE_CM_0_0_0_20260918_F_0000.csv
2026-09-18,CPPLUS,EQ,3378.4,3500.0,3321.0,3355.1,880079,2983432566.2,INE819V01029,758858,ADITYA INFOTECH LIMITED,NEW,/home/suruchi-pandey/Projects/Bhavcopy-download-and-mail-code/2026/BhavCopy_NSE_CM_0_0_0_20260918_F_0000.csv
2026-09-18,CPSEETF,EQ,92.36,92.99,92.1,92.58,392825,36336653.89,INF457M01133,2328,CPSE ETF,NEW,/home/suruchi-pandey/Projects/Bhavcopy-download-and-mail-code/2026/BhavCopy_NSE_CM_0_0_0_20260918_F_0000.csv
2026-09-18,CRAFTSMAN,EQ,10890.0,11300.0,10871.0,11138.0,207605,2314122099.0,INE00LO01017,2854,CRAFTSMAN AUTOMATION LTD,NEW,/home/suruchi-pandey/Projects/Bhavcopy-download-and-mail-code/2026/BhavCopy_NSE_CM_0_0_0_20260918_F_0000.csv
2026-09-18,CRAMC,EQ,236.0,237.6,232.6,234.0,275239,64583297.75,INE218I01013,759311,CANARA ROBECO AMC LIMITED,NEW,/home/suruchi-pandey/Projects/Bhavcopy-download-and-mail-code/2026/BhavCopy_NSE_CM_0_0_0_20260918_F_0000.csv
2026-09-18,CRAVATEX,EQ,333.0,339.9,320.0,324.55,1798,605952.6,INE145E01017,764653,CRAVATEX LTD.,NEW,/home/suruchi-pandey/Projects/Bhavcopy-download-and-mail-code/2026/BhavCopy_NSE_CM_0_0_0_20260918_F_0000.csv
2026-09-18,CREATIVEYE,EQ,5.88,5.88,5.5,5.7,11299,64911.43,INE230B01021,9384,CREATIVE EYE LIMITED,NEW,/home/suruchi-pandey/Projects/Bhavcopy-download-and-mail-code/2026/BhavCopy_NSE_CM_0_0_0_20260918_F_0000.csv
2026-09-18,CREDITACC,EQ,1370.0,1394.9,1360.0,1387.6,149069,204966770.0,INE741K01010,4421,CREDITACCESS GRAMEEN LTD,NEW,/home/suruchi-pandey/Projects/Bhavcopy-download-and-mail-code/2026/BhavCopy_NSE_CM_0_0_0_20260918_F_0000.csv
2026-09-18,CREST,EQ,374.0,385.0,356.35,365.75,2310,844260.8,INE559D01011,13900,CREST VENTURES LIMITED,NEW,/home/suruchi-pandey/Projects/Bhavcopy-download-and-mail-code/2026/BhavCopy_NSE_CM_0_0_0_20260918_F_0000.csv
2026-09-18,CRESTO,EQ,16.35,16.43,15.93,16.39,6035,98596.2,INE203Y01012,19097,CRESTO TECHNO LIMITED,NEW,/home/suruchi-pandey/Projects/Bhavcopy-download-and-mail-code/2026/BhavCopy_NSE_CM_0_0_0_20260918_F_0000.csv
2026-09-18,CRISIL,EQ,4560.0,4615.0,4540.0,4577.5,81962,375076854.6,INE007A01025,757,CRISIL LTD,NEW,/home/suruchi-pandey/Projects/Bhavcopy-download-and-mail-code/2026/BhavCopy_NSE_CM_0_0_0_20260918_F_0000.csv
2026-09-18,CRIZAC,EQ,176.55,177.63,172.0,173.73,149317,26072898.91,INE0S4R01014,757850,CRIZAC LIMITED,NEW,/home/suruchi-pandey/Projects/Bhavcopy-download-and-mail-code/2026/BhavCopy_NSE_CM_0_0_0_20260918_F_0000.csv
2026-09-18,CROMPTON,EQ,226.0,227.12,225.11,227.12,1405047,318256946.13,INE299U01018,17094,CROMPT GREA CON ELEC LTD,NEW,/home/suruchi-pandey/Projects/Bhavcopy-download-and-mail-code/2026/BhavCopy_NSE_CM_0_0_0_20260918_F_0000.csv
2026-09-18,CROWN,EQ,109.99,111.99,108.11,108.48,8079,889853.45,INE491V01019,8083,CROWN LIFTERS LIMITED,NEW,/home/suruchi-pandey/Projects/Bhavcopy-download-and-mail-code/2026/BhavCopy_NSE_CM_0_0_0_20260918_F_0000.csv
2026-09-18,CSBBANK,EQ,323.4,340.0,319.95,336.15,1075560,360233271.5,INE679A01013,14966,CSB BANK LIMITED,NEW,/home/suruchi-pandey/Projects/Bhavcopy-download-and-mail-code/2026/BhavCopy_NSE_CM_0_0_0_20260918_F_0000.csv
2026-09-18,CSLFINANCE,EQ,216.14,220.31,214.81,218.24,12818,2795272.76,INE718F01018,10350,CSL FINANCE LIMITED,NEW,/home/suruchi-pandey/Projects/Bhavcopy-download-and-mail-code/2026/BhavCopy_NSE_CM_0_0_0_20260918_F_0000.csv
2026-09-18,CSM,EQ,104.0,114.9,101.5,109.85,9116969,992456200.54,INE0ZK601013,763753,CSM TECHNOLOGIES LIMITED,NEW,/home/suruchi-pandey/Projects/Bhavcopy-download-and-mail-code/2026/BhavCopy_NSE_CM_0_0_0_20260918_F_0000.csv
2026-09-18,CUB,EQ,231.6,238.95,231.6,235.79,2196738,520005208.04,INE491A01021,5701,CITY UNION BANK LTD,NEW,/home/suruchi-pandey/Projects/Bhavcopy-download-and-mail-code/2026/BhavCopy_NSE_CM_0_0_0_20260918_F_0000.csv
2026-09-18,CUBEXTUB,EQ,86.0,87.0,80.26,85.32,247242,20816584.82,INE144D01012,4064,CUBEX TUBINGS LTD,NEW,/home/suruchi-pandey/Projects/Bhavcopy-download-and-mail-code/2026/BhavCopy_NSE_CM_0_0_0_20260918_F_0000.csv
2026-09-18,CUMMINSIND,EQ,5000.0,5119.0,5000.0,5099.5,502366,2559465927.5,INE298A01020,1901,CUMMINS INDIA LTD,NEW,/home/suruchi-pandey/Projects/Bhavcopy-download-and-mail-code/2026/BhavCopy_NSE_CM_0_0_0_20260918_F_0000.csv
2026-09-18,CUPID,EQ,280.3,282.0,251.1,265.0,27287571,7302894016.95,INE509F01029,18520,CUPID LIMITED,NEW,/home/suruchi-pandey/Projects/Bhavcopy-download-and-mail-code/2026/BhavCopy_NSE_CM_0_0_0_20260918_F_0000.csv
2026-09-18,CYIENT,EQ,1064.8,1079.5,1047.6,1073.3,668011,713990474.8,INE136B01020,5748,CYIENT LIMITED,NEW,/home/suruchi-pandey/Projects/Bhavcopy-download-and-mail-code/2026/BhavCopy_NSE_CM_0_0_0_20260918_F_0000.csv
2026-09-18,CYIENTDLM,EQ,893.45,945.0,890.0,940.7,469640,436656914.8,INE055S01018,17187,CYIENT DLM LIMITED,NEW,/home/suruchi-pandey/Projects/Bhavcopy-download-and-mail-code/2026/BhavCopy_NSE_CM_0_0_0_20260918_F_0000.csv
2026-09-18,DABUR,EQ,384.6,395.25,382.95,395.25,2455500,955620888.5,INE016A01026,772,DABUR INDIA LTD,NEW,/home/suruchi-pandey/Projects/Bhavcopy-download-and-mail-code/2026/BhavCopy_NSE_CM_0_0_0_20260918_F_0000.csv
2026-09-18,DALBHARAT,EQ,1695.0,1805.0,1685.1,1761.4,374184,650879108.9,INE00R701025,8075,DALMIA BHARAT LIMITED,NEW,/home/suruchi-pandey/Projects/Bhavcopy-download-and-mail-code/2026/BhavCopy_NSE_CM_0_0_0_20260918_F_0000.csv
2026-09-18,DALMIASUG,EQ,394.0,398.2,382.4,390.5,148278,57639893.95,INE495A01022,781,DALMIA BHARAT SUG IN LTD,NEW,/home/suruchi-pandey/Projects/Bhavcopy-download-and-mail-code/2026/BhavCopy_NSE_CM_0_0_0_20260918_F_0000.csv
2026-09-18,DAMCAPITAL,EQ,137.0,139.0,136.52,137.92,176661,24309790.63,INE284H01025,28662,DAM CAPITAL ADVISORS LTD,NEW,/home/suruchi-pandey/Projects/Bhavcopy-download-and-mail-code/2026/BhavCopy_NSE_CM_0_0_0_20260918_F_0000.csv
2026-09-18,DANGEE,EQ,2.71,2.75,2.69,2.73,22988,62368.88,INE688Y01022,1110,DANGEE DUMS LIMITED,NEW,/home/suruchi-pandey/Projects/Bhavcopy-download-and-mail-code/2026/BhavCopy_NSE_CM_0_0_0_20260918_F_0000.csv
2026-09-18,DATAMATICS,EQ,763.9,772.0,753.0,765.95,43182,32890305.95,INE365B01017,11423,DATAMATICS GLOBAL SER LTD,NEW,/home/suruchi-pandey/Projects/Bhavcopy-download-and-mail-code/2026/BhavCopy_NSE_CM_0_0_0_20260918_F_0000.csv
2026-09-18,DATAPATTNS,EQ,4429.7,4550.0,4415.6,4513.3,606762,2723731036.6,INE0IX101010,7358,DATA PATTERNS INDIA LTD,NEW,/home/suruchi-pandey/Projects/Bhavcopy-download-and-mail-code/2026/BhavCopy_NSE_CM_0_0_0_20260918_F_0000.csv
2026-09-18,DAVANGERE,EQ,2.08,2.1,2.03,2.06,6216386,12852776.99,INE179G01029,21794,DAVANGERE SUGAR COMPANY L,NEW,/home/suruchi-pandey/Projects/Bhavcopy-download-and-mail-code/2026/BhavCopy_NSE_CM_0_0_0_20260918_F_0000.csv
2026-09-18,DBCORP,EQ,187.82,189.56,183.6,184.06,107079,19893692.35,INE950I01011,17881,D.B.CORP LTD,NEW,/home/suruchi-pandey/Projects/Bhavcopy-download-and-mail-code/2026/BhavCopy_NSE_CM_0_0_0_20260918_F_0000.csv
2026-09-18,DBEIL,EQ,7.3,7.3,6.95,7.12,686235,4839210.96,INE0OPA01027,25892,DEEPAK BUILDERS & ENG I L,NEW,/home/suruchi-pandey/Projects/Bhavcopy-download-and-mail-code/2026/BhavCopy_NSE_CM_0_0_0_20260918_F_0000.csv
2026-09-18,DBL,EQ,408.35,428.5,408.35,425.5,638580,270298696.4,INE917M01012,18086,DILIP BUILDCON LIMITED,NEW,/home/suruchi-pandey/Projects/Bhavcopy-download-and-mail-code/2026/BhavCopy_NSE_CM_0_0_0_20260918_F_0000.csv
2026-09-18,DBOL,EQ,115.22,117.3,109.74,116.27,181653,20547321.98,INE0I3401014,10893,DHAMPUR BIO ORGANICS LTD,NEW,/home/suruchi-pandey/Projects/Bhavcopy-download-and-mail-code/2026/BhavCopy_NSE_CM_0_0_0_20260918_F_0000.csv
2026-09-18,DBREALTY,EQ,95.69,97.3,94.0,95.68,1389676,132504755.0,INE879I01012,18124,VALOR ESTATE LIMITED,NEW,/home/suruchi-pandey/Projects/Bhavcopy-download-and-mail-code/2026/BhavCopy_NSE_CM_0_0_0_20260918_F_0000.csv
2026-09-18,DCAL,EQ,162.0,171.69,157.6,170.52,727114,120166242.63,INE385W01011,21704,DISHMAN CARBO AMCIS LTD,NEW,/home/suruchi-pandey/Projects/Bhavcopy-download-and-mail-code/2026/BhavCopy_NSE_CM_0_0_0_20260918_F_0000.csv
2026-09-18,DCBBANK,EQ,218.99,223.02,217.0,218.35,1445096,317504225.15,INE503A01015,13725,DCB BANK LIMITED,NEW,/home/suruchi-pandey/Projects/Bhavcopy-download-and-mail-code/2026/BhavCopy_NSE_CM_0_0_0_20260918_F_0000.csv
2026-09-18,DCI,EQ,287.8,288.9,277.25,278.95,78388,22087922.4,INE0A1101019,11566,DC INFOTECH AND COMUN LTD,NEW,/home/suruchi-pandey/Projects/Bhavcopy-download-and-mail-code/2026/BhavCopy_NSE_CM_0_0_0_20260918_F_0000.csv
2026-09-18,DCM,EQ,78.0,79.79,77.01,77.21,4286,335893.67,INE498A01018,805,DCM LTD,NEW,/home/suruchi-pandey/Projects/Bhavcopy-download-and-mail-code/2026/BhavCopy_NSE_CM_0_0_0_20260918_F_0000.csv
2026-09-18,DCMFINSERV,EQ,5.26,5.26,4.78,5.18,5895,30534.79,INE891B01012,4775,DCM FINANCIAL SERVICES LT,NEW,/home/suruchi-pandey/Projects/Bhavcopy-download-and-mail-code/2026/BhavCopy_NSE_CM_0_0_0_20260918_F_0000.csv
2026-09-18,DCMNVL,EQ,175.02,182.79,172.52,180.2,8381,1500182.86,INE08KP01019,11039,DCM NOUVELLE LIMITED,NEW,/home/suruchi-pandey/Projects/Bhavcopy-download-and-mail-code/2026/BhavCopy_NSE_CM_0_0_0_20260918_F_0000.csv
2026-09-18,DCMSHRIRAM,EQ,990.0,1005.0,982.4,995.0,69400,68952093.3,INE499A01024,811,DCM SHRIRAM LIMITED,NEW,/home/suruchi-pandey/Projects/Bhavcopy-download-and-mail-code/2026/BhavCopy_NSE_CM_0_0_0_20260918_F_0000.csv
2026-09-18,DCMSIL,EQ,70.64,72.0,67.99,70.26,110121,7685577.55,INE0OU201013,760896,DCM SHRIRAM INTERNATNL L,NEW,/home/suruchi-pandey/Projects/Bhavcopy-download-and-mail-code/2026/BhavCopy_NSE_CM_0_0_0_20260918_F_0000.csv
2026-09-18,DCMSRIND,EQ,38.81,39.68,38.0,38.24,225676,8642334.12,INE843D01027,7325,DCM SHRIRAM IND LTD,NEW,/home/suruchi-pandey/Projects/Bhavcopy-download-and-mail-code/2026/BhavCopy_NSE_CM_0_0_0_20260918_F_0000.csv
2026-09-18,DCW,EQ,45.18,45.64,45.05,45.18,560676,25398972.21,INE500A01029,817,DCW LTD,NEW,/home/suruchi-pandey/Projects/Bhavcopy-download-and-mail-code/2026/BhavCopy_NSE_CM_0_0_0_20260918_F_0000.csv
2026-09-18,DCXINDIA,EQ,165.29,167.08,161.97,163.1,307226,50266263.89,INE0KL801015,11895,DCX SYSTEMS LIMITED,NEW,/home/suruchi-pandey/Projects/Bhavcopy-download-and-mail-code/2026/BhavCopy_NSE_CM_0_0_0_20260918_F_0000.csv
2026-09-18,DDEVPLSTIK,EQ,255.8,257.55,252.8,254.95,71638,18235139.1,INE0HR601026,29098,DDEV PLASTIKS IND LTD,NEW,/home/suruchi-pandey/Projects/Bhavcopy-download-and-mail-code/2026/BhavCopy_NSE_CM_0_0_0_20260918_F_0000.csv
2026-09-18,DECCANCE,EQ,567.3,572.45,562.5,567.45,36914,20878231.55,INE583C01021,14838,DECCAN CEMENTS LIMITED,NEW,/home/suruchi-pandey/Projects/Bhavcopy-download-and-mail-code/2026/BhavCopy_NSE_CM_0_0_0_20260918_F_0000.csv
2026-09-18,DECNGOLD,EQ,219.47,220.74,216.0,217.21,714192,155638407.22,INE945F01025,762638,DECCAN GOLD MINES LTD.,NEW,/home/suruchi-pandey/Projects/Bhavcopy-download-and-mail-code/2026/BhavCopy_NSE_CM_0_0_0_20260918_F_0000.csv
2026-09-18,DEEDEV,EQ,636.95,668.75,636.8,668.75,288664,192321123.15,INE841L01016,24154,DEE DEVELOPMENT ENG LTD,NEW,/home/suruchi-pandey/Projects/Bhavcopy-download-and-mail-code/2026/BhavCopy_NSE_CM_0_0_0_20260918_F_0000.csv
2026-09-18,DEEP,EQ,49.0,49.0,46.11,46.72,24429,1164288.34,INE00IY01012,765055,DEEP POLYMERS LTD.,NEW,/home/suruchi-pandey/Projects/Bhavcopy-download-and-mail-code/2026/BhavCopy_NSE_CM_0_0_0_20260918_F_0000.csv
2026-09-18,DEEPA,EQ,175.3,191.49,171.38,188.31,7608515,1407556957.01,INE1M2N01020,765931,DEEPA JEWELLERS LIMITED,NEW,/home/suruchi-pandey/Projects/Bhavcopy-download-and-mail-code/2026/BhavCopy_NSE_CM_0_0_0_20260918_F_0000.csv
2026-09-18,DEEPAKFERT,EQ,1324.1,1350.0,1313.2,1343.2,209549,279872653.5,INE501A01019,827,DEEPAK FERTILIZERS & PETR,NEW,/home/suruchi-pandey/Projects/Bhavcopy-download-and-mail-code/2026/BhavCopy_NSE_CM_0_0_0_20260918_F_0000.csv
2026-09-18,DEEPAKNTR,EQ,1606.9,1623.5,1577.2,1586.3,426779,679919643.7,INE288B01029,19943,DEEPAK NITRITE LTD,NEW,/home/suruchi-pandey/Projects/Bhavcopy-download-and-mail-code/2026/BhavCopy_NSE_CM_0_0_0_20260918_F_0000.csv
2026-09-18,DEEPINDS,EQ,734.7,747.6,732.55,743.35,137404,101845609.8,INE0FHS01024,3292,DEEP INDUSTRIES LIMITED,NEW,/home/suruchi-pandey/Projects/Bhavcopy-download-and-mail-code/2026/BhavCopy_NSE_CM_0_0_0_20260918_F_0000.csv
2026-09-18,DEFENCE,EQ,78.09,78.96,78.0,78.72,216860,17049276.95,INF769K01QC2,761046,MIRAEAMC - DEFENCE,NEW,/home/suruchi-pandey/Projects/Bhavcopy-download-and-mail-code/2026/BhavCopy_NSE_CM_0_0_0_20260918_F_0000.csv
2026-09-18,DELHIVERY,EQ,426.1,433.55,425.85,428.0,1686221,724313920.3,INE148O01028,9599,DELHIVERY LIMITED,NEW,/home/suruchi-pandey/Projects/Bhavcopy-download-and-mail-code/2026/BhavCopy_NSE_CM_0_0_0_20260918_F_0000.csv
2026-09-18,DELTACORP,EQ,56.5,58.85,56.03,58.34,1668878,96344539.08,INE124G01033,15044,DELTA CORP LIMITED,NEW,/home/suruchi-pandey/Projects/Bhavcopy-download-and-mail-code/2026/BhavCopy_NSE_CM_0_0_0_20260918_F_0000.csv
2026-09-18,DELTAMAGNT,EQ,56.9,56.9,53.5,54.95,898,49795.1,INE393A01011,1214,DELTA MANUFACTURING LTD,NEW,/home/suruchi-pandey/Projects/Bhavcopy-download-and-mail-code/2026/BhavCopy_NSE_CM_0_0_0_20260918_F_0000.csv
2026-09-18,DEN,EQ,26.45,26.75,26.31,26.62,72184,1915417.64,INE947J01015,17722,DEN NETWORKS LTD,NEW,/home/suruchi-pandey/Projects/Bhavcopy-download-and-mail-code/2026/BhavCopy_NSE_CM_0_0_0_20260918_F_0000.csv
2026-09-18,DENORA,EQ,787.85,790.55,770.0,782.25,1861,1450158.35,INE244A01016,4279,DE NORA INDIA LIMITED,NEW,/home/suruchi-pandey/Projects/Bhavcopy-download-and-mail-code/2026/BhavCopy_NSE_CM_0_0_0_20260918_F_0000.csv
2026-09-18,DENTA,EQ,279.3,281.95,276.55,279.35,61071,17065070.95,INE0R4L01018,29256,DENTA WATER N INFRA SOL L,NEW,/home/suruchi-pandey/Projects/Bhavcopy-download-and-mail-code/2026/BhavCopy_NSE_CM_0_0_0_20260918_F_0000.csv
2026-09-18,DEVIT,EQ,23.31,23.9,23.05,23.13,15846,368784.25,INE060X01034,8146,DEV INFO TECHNOLOGY LTD,NEW,/home/suruchi-pandey/Projects/Bhavcopy-download-and-mail-code/2026/BhavCopy_NSE_CM_0_0_0_20260918_F_0000.csv
2026-09-18,DEVX,EQ,33.0,33.69,31.21,32.21,103136,3338085.15,INE0VOV01021,759079,DEV ACCELERATOR LIMITED,NEW,/home/suruchi-pandey/Projects/Bhavcopy-download-and-mail-code/2026/BhavCopy_NSE_CM_0_0_0_20260918_F_0000.csv
2026-09-18,DEVYANI,EQ,139.43,141.49,138.19,140.62,2466888,345298131.69,INE872J01023,5373,DEVYANI INTERNATIONAL LTD,NEW,/home/suruchi-pandey/Projects/Bhavcopy-download-and-mail-code/2026/BhavCopy_NSE_CM_0_0_0_20260918_F_0000.csv
2026-09-18,DGCONTENT,EQ,23.8,24.55,23.71,24.49,19907,485930.67,INE03JI01017,10346,DIGICONTENT LIMITED,NEW,/home/suruchi-pandey/Projects/Bhavcopy-download-and-mail-code/2026/BhavCopy_NSE_CM_0_0_0_20260918_F_0000.csv
2026-09-18,DHAMPURSUG,EQ,152.45,160.0,148.61,156.22,762354,116970169.45,INE041A01016,857,DHAMPUR SUGAR MILLS LTD.,NEW,/home/suruchi-pandey/Projects/Bhavcopy-download-and-mail-code/2026/BhavCopy_NSE_CM_0_0_0_20260918_F_0000.csv
2026-09-18,DHANBANK,EQ,28.88,29.75,28.85,29.47,262185,7666572.81,INE680A01011,11359,DHANLAXMI BANK LIMITED,NEW,/home/suruchi-pandey/Projects/Bhavcopy-download-and-mail-code/2026/BhavCopy_NSE_CM_0_0_0_20260918_F_0000.csv
2026-09-18,DHANUKA,EQ,980.05,990.0,970.05,973.3,13511,13254986.95,INE435G01025,24409,DHANUKA AGRITECH LTD,NEW,/home/suruchi-pandey/Projects/Bhavcopy-download-and-mail-code/2026/BhavCopy_NSE_CM_0_0_0_20260918_F_0000.csv
2026-09-18,DHARMAJ,EQ,274.0,286.9,272.0,276.15,40591,11303878.3,INE00OQ01016,13001,DHARMAJ CROP GUARD LTD,NEW,/home/suruchi-pandey/Projects/Bhavcopy-download-and-mail-code/2026/BhavCopy_NSE_CM_0_0_0_20260918_F_0000.csv
2026-09-18,DHATRE,EQ,4.4,4.4,4.08,4.18,31872,135567.31,INE715T01031,765060,DHATRE UDYOG LTD.,NEW,/home/suruchi-pandey/Projects/Bhavcopy-download-and-mail-code/2026/BhavCopy_NSE_CM_0_0_0_20260918_F_0000.csv
2026-09-18,DHOOTTRANS,EQ,1575.0,1603.8,1558.0,1590.7,1187578,1883190153.6,INE01NH01023,764553,DHOOT TRANSMISSION LTD,NEW,/home/suruchi-pandey/Projects/Bhavcopy-download-and-mail-code/2026/BhavCopy_NSE_CM_0_0_0_20260918_F_0000.csv
2026-09-18,DHRUV,EQ,21.0,22.77,21.0,21.4,14049,310546.01,INE506Z01015,6858,DHRUV CONSULTANCY SER LTD,NEW,/home/suruchi-pandey/Projects/Bhavcopy-download-and-mail-code/2026/BhavCopy_NSE_CM_0_0_0_20260918_F_0000.csv
2026-09-18,DHUNINV,EQ,998.8,1008.0,980.0,1001.95,799,794203.2,INE320L01011,22233,DHUNSERI INVESTMENTS LTD,NEW,/home/suruchi-pandey/Projects/Bhavcopy-download-and-mail-code/2026/BhavCopy_NSE_CM_0_0_0_20260918_F_0000.csv
2026-09-18,DIAMINESQ,EQ,258.0,259.86,252.03,256.77,2884,738575.89,INE591D01014,18644,DIAMINES & CHEMICALS LTD,NEW,/home/suruchi-pandey/Projects/Bhavcopy-download-and-mail-code/2026/BhavCopy_NSE_CM_0_0_0_20260918_F_0000.csv
2026-09-18,DIAMONDYD,EQ,1107.0,1122.0,1079.2,1088.1,15018,16460790.3,INE393P01035,21840,PRATAAP SNACKS LIMITED,NEW,/home/suruchi-pandey/Projects/Bhavcopy-download-and-mail-code/2026/BhavCopy_NSE_CM_0_0_0_20260918_F_0000.csv
2026-09-18,DICIND,EQ,630.5,642.0,618.0,632.5,7309,4616807.55,INE303A01010,703,DIC INDIA LIMITED,NEW,/home/suruchi-pandey/Projects/Bhavcopy-download-and-mail-code/2026/BhavCopy_NSE_CM_0_0_0_20260918_F_0000.csv
2026-09-18,DIFFNKG,EQ,438.0,452.0,436.2,445.8,86835,38571188.4,INE184O01015,25672,DIFFUSION ENGINEERS LTD,NEW,/home/suruchi-pandey/Projects/Bhavcopy-download-and-mail-code/2026/BhavCopy_NSE_CM_0_0_0_20260918_F_0000.csv
2026-09-18,DIGIDRIVE,EQ,17.24,17.78,17.11,17.43,22287,387256.98,INE0PSC01024,21247,DIGIDRIVE DISTRIBUTORS L,NEW,/home/suruchi-pandey/Projects/Bhavcopy-download-and-mail-code/2026/BhavCopy_NSE_CM_0_0_0_20260918_F_0000.csv
2026-09-18,DIGISPICE,EQ,16.26,17.09,16.15,16.99,300569,5058823.81,INE927C01020,16683,DIGISPICE TECHNOLOGIES LT,NEW,/home/suruchi-pandey/Projects/Bhavcopy-download-and-mail-code/2026/BhavCopy_NSE_CM_0_0_0_20260918_F_0000.csv
2026-09-18,DIGITIDE,EQ,85.0,85.94,83.0,83.45,146398,12300359.11,INE0U4701011,757515,DIGITIDE SOLUTIONS LTD,NEW,/home/suruchi-pandey/Projects/Bhavcopy-download-and-mail-code/2026/BhavCopy_NSE_CM_0_0_0_20260918_F_0000.csv
2026-09-18,DISAQ,EQ,12165.0,12165.0,11716.0,12062.0,137,1642920.0,INE131C01011,762643,DISA INDIA LTD.,NEW,/home/suruchi-pandey/Projects/Bhavcopy-download-and-mail-code/2026/BhavCopy_NSE_CM_0_0_0_20260918_F_0000.csv
2026-09-18,DISHTV,EQ,2.62,2.65,2.52,2.56,2364283,6136761.57,INE836F01026,14537,DISH TV INDIA LTD.,NEW,/home/suruchi-pandey/Projects/Bhavcopy-download-and-mail-code/2026/BhavCopy_NSE_CM_0_0_0_20260918_F_0000.csv
2026-09-18,DIVGIITTS,EQ,1122.2,1141.7,1118.7,1130.2,45303,51120566.1,INE753U01022,14479,DIVGI TORQTRANSFER SYST L,NEW,/home/suruchi-pandey/Projects/Bhavcopy-download-and-mail-code/2026/BhavCopy_NSE_CM_0_0_0_20260918_F_0000.csv
2026-09-18,DIVIDEND,EQ,34.77,34.89,34.69,34.85,2339,81253.61,INF769K01PY8,760412,MIRAEAMC - DIVIDEND,NEW,/home/suruchi-pandey/Projects/Bhavcopy-download-and-mail-code/2026/BhavCopy_NSE_CM_0_0_0_20260918_F_0000.csv
2026-09-18,DIVISLAB,EQ,9346.5,9445.0,9328.5,9375.0,691534,6484478304.0,INE361B01024,10940,DIVI S LABORATORIES LTD,NEW,/home/suruchi-pandey/Projects/Bhavcopy-download-and-mail-code/2026/BhavCopy_NSE_CM_0_0_0_20260918_F_0000.csv
2026-09-18,DIVOPPBEES,EQ,75.25,75.25,74.44,74.71,25029,1868726.61,INF204KA1MS3,2636,NIP IND ETF DIV OPP,NEW,/home/suruchi-pandey/Projects/Bhavcopy-download-and-mail-code/2026/BhavCopy_NSE_CM_0_0_0_20260918_F_0000.csv
2026-09-18,DIXON,EQ,13290.0,13383.0,13005.0,13005.0,371296,4890560779.0,INE935N01020,21690,DIXON TECHNO (INDIA) LTD,NEW,/home/suruchi-pandey/Projects/Bhavcopy-download-and-mail-code/2026/BhavCopy_NSE_CM_0_0_0_20260918_F_0000.csv
2026-09-18,DJML,EQ,79.09,81.3,77.01,77.65,19162,1490255.77,INE0B1K01014,12749,DJ MEDIAPRINT & LOG LTD,NEW,/home/suruchi-pandey/Projects/Bhavcopy-download-and-mail-code/2026/BhavCopy_NSE_CM_0_0_0_20260918_F_0000.csv
2026-09-18,DLF,EQ,640.0,653.7,640.0,644.35,2890331,1876181855.7,INE271C01023,14732,DLF LIMITED,NEW,/home/suruchi-pandey/Projects/Bhavcopy-download-and-mail-code/2026/BhavCopy_NSE_CM_0_0_0_20260918_F_0000.csv
2026-09-18,DLINKINDIA,EQ,427.8,434.8,424.1,430.05,46171,19770521.4,INE250K01012,17851,D-LINK INDIA LTD,NEW,/home/suruchi-pandey/Projects/Bhavcopy-download-and-mail-code/2026/BhavCopy_NSE_CM_0_0_0_20260918_F_0000.csv
2026-09-18,DMART,EQ,3711.1,3755.8,3680.0,3749.9,881497,3275303215.8,INE192R01011,19913,AVENUE SUPERMARTS LIMITED,NEW,/home/suruchi-pandey/Projects/Bhavcopy-download-and-mail-code/2026/BhavCopy_NSE_CM_0_0_0_20260918_F_0000.csv
2026-09-18,DMCC,EQ,263.0,284.0,261.3,280.65,122609,33922231.1,INE505A01010,6973,DMCC SPECIALITY CHEMICALS,NEW,/home/suruchi-pandey/Projects/Bhavcopy-download-and-mail-code/2026/BhavCopy_NSE_CM_0_0_0_20260918_F_0000.csv
2026-09-18,DNAMEDIA,EQ,2.44,2.5,2.25,2.47,39981,96246.34,INE016M01021,641,DILIGENT MEDIA CORP LTD.,NEW,/home/suruchi-pandey/Projects/Bhavcopy-download-and-mail-code/2026/BhavCopy_NSE_CM_0_0_0_20260918_F_0000.csv
2026-09-18,DODLA,EQ,1054.0,1095.0,1048.5,1083.6,28490,30406508.4,INE021O01019,4822,DODLA DAIRY LIMITED,NEW,/home/suruchi-pandey/Projects/Bhavcopy-download-and-mail-code/2026/BhavCopy_NSE_CM_0_0_0_20260918_F_0000.csv
2026-09-18,DOLATALGO,EQ,67.99,68.38,67.05,67.32,98529,6652669.6,INE966A01022,12124,DOLAT ALGOTECH LIMITED,NEW,/home/suruchi-pandey/Projects/Bhavcopy-download-and-mail-code/2026/BhavCopy_NSE_CM_0_0_0_20260918_F_0000.csv
2026-09-18,DOLLAR,EQ,268.0,278.0,266.85,273.25,161698,44279963.0,INE325C01035,20560,DOLLAR INDUSTRIES LIMITED,NEW,/home/suruchi-pandey/Projects/Bhavcopy-download-and-mail-code/2026/BhavCopy_NSE_CM_0_0_0_20260918_F_0000.csv
2026-09-18,DOLLEX,EQ,37.95,38.5,36.85,37.2,14860,559903.2,INE0JHH01011,765977,DOLLEX AGROTECH LIMITED,NEW,/home/suruchi-pandey/Projects/Bhavcopy-download-and-mail-code/2026/BhavCopy_NSE_CM_0_0_0_20260918_F_0000.csv
2026-09-18,DOLPHIN,EQ,678.0,684.75,659.0,665.5,27025,18090355.95,INE920A01037,18139,DOLPHIN OFF ENT (IND) L,NEW,/home/suruchi-pandey/Projects/Bhavcopy-download-and-mail-code/2026/BhavCopy_NSE_CM_0_0_0_20260918_F_0000.csv
2026-09-18,DOMS,EQ,2121.6,2122.9,2097.4,2105.3,20153,42452862.2,INE321T01012,20551,DOMS INDUSTRIES LIMITED,NEW,/home/suruchi-pandey/Projects/Bhavcopy-download-and-mail-code/2026/BhavCopy_NSE_CM_0_0_0_20260918_F_0000.csv
2026-09-18,DONEAR,EQ,82.0,84.18,82.0,83.79,7103,590793.47,INE668D01028,13839,DONEAR IND. LIMITED,NEW,/home/suruchi-pandey/Projects/Bhavcopy-download-and-mail-code/2026/BhavCopy_NSE_CM_0_0_0_20260918_F_0000.csv
2026-09-18,DPABHUSHAN,EQ,1330.0,1482.0,1330.0,1448.3,37904,53627720.0,INE266Y01019,936,D. P. ABHUSHAN LIMITED,NEW,/home/suruchi-pandey/Projects/Bhavcopy-download-and-mail-code/2026/BhavCopy_NSE_CM_0_0_0_20260918_F_0000.csv
2026-09-18,DRAGARWQ,EQ,5339.5,5380.0,5251.0,5371.5,708,3762050.0,INE934C01018,762648,DR. AGARWAL'S EYE HOSP L,NEW,/home/suruchi-pandey/Projects/Bhavcopy-download-and-mail-code/2026/BhavCopy_NSE_CM_0_0_0_20260918_F_0000.csv
2026-09-18,DRCSYSTEMS,EQ,12.81,12.81,12.31,12.63,12957,162998.8,INE03RS01027,2645,DRC SYSTEMS INDIA LIMITED,NEW,/home/suruchi-pandey/Projects/Bhavcopy-download-and-mail-code/2026/BhavCopy_NSE_CM_0_0_0_20260918_F_0000.csv
2026-09-18,DREAMFOLKS,EQ,65.98,65.98,64.32,64.76,30395,1970956.57,INE0JS101016,10859,DREAMFOLKS SERVICES LTD,NEW,/home/suruchi-pandey/Projects/Bhavcopy-download-and-mail-code/2026/BhavCopy_NSE_CM_0_0_0_20260918_F_0000.csv
2026-09-18,DREDGECORP,EQ,985.6,1006.0,985.0,992.3,36676,36483893.5,INE506A01018,11271,DREDGING CORP OF INDIA,NEW,/home/suruchi-pandey/Projects/Bhavcopy-download-and-mail-code/2026/BhavCopy_NSE_CM_0_0_0_20260918_F_0000.csv
2026-09-18,DRREDDY,EQ,1182.6,1207.5,1182.1,1185.0,3002566,3579322394.6,INE089A01031,881,DR. REDDY S LABORATORIES,NEW,/home/suruchi-pandey/Projects/Bhavcopy-download-and-mail-code/2026/BhavCopy_NSE_CM_0_0_0_20260918_F_0000.csv
2026-09-18,DSSL,EQ,1042.4,1042.4,1010.5,1013.4,13842,14062619.3,INE417B01040,25690,DYNACONS SYS & SOLN LTD,NEW,/home/suruchi-pandey/Projects/Bhavcopy-download-and-mail-code/2026/BhavCopy_NSE_CM_0_0_0_20260918_F_0000.csv
2026-09-18,DUCON,EQ,1.22,1.29,1.15,1.23,6489613,7971627.85,INE741L01018,28952,DUCON INFRATECHNOLOGIES L,NEW,/home/suruchi-pandey/Projects/Bhavcopy-download-and-mail-code/2026/BhavCopy_NSE_CM_0_0_0_20260918_F_0000.csv
2026-09-18,DVL,EQ,280.45,293.25,280.45,290.0,11439,3309770.85,INE477B01010,15214,DHUNSERI VENTURES LIMITED,NEW,/home/suruchi-pandey/Projects/Bhavcopy-download-and-mail-code/2026/BhavCopy_NSE_CM_0_0_0_20260918_F_0000.csv
2026-09-18,DWARKESH,EQ,40.52,41.51,39.86,41.15,1861792,75675274.92,INE366A01041,11667,DWARIKESH SUGAR IND LTD,NEW,/home/suruchi-pandey/Projects/Bhavcopy-download-and-mail-code/2026/BhavCopy_NSE_CM_0_0_0_20260918_F_0000.csv
2026-09-18,DYCL,EQ,443.9,464.0,443.55,457.4,419341,191004486.3,INE600Y01019,10417,DYNAMIC CABLES LIMITED,NEW,/home/suruchi-pandey/Projects/Bhavcopy-download-and-mail-code/2026/BhavCopy_NSE_CM_0_0_0_20260918_F_0000.csv
2026-09-18,DYNAMATECH,EQ,11819.0,12215.0,11743.0,12061.0,12437,150201619.0,INE221B01012,4525,DYNAMATIC TECHNOLOGIES,NEW,/home/suruchi-pandey/Projects/Bhavcopy-download-and-mail-code/2026/BhavCopy_NSE_CM_0_0_0_20260918_F_0000.csv
2026-09-18,DYNPRO,EQ,230.05,232.0,228.0,229.89,4824,1107329.56,INE256H01015,21314,DYNEMIC PRODUCTS LIMITED,NEW,/home/suruchi-pandey/Projects/Bhavcopy-download-and-mail-code/2026/BhavCopy_NSE_CM_0_0_0_20260918_F_0000.csv
2026-09-18,EASEMYTRIP,EQ,5.81,5.81,5.71,5.76,13670746,78668800.82,INE07O001026,2792,EASY TRIP PLANNERS LTD,NEW,/home/suruchi-pandey/Projects/Bhavcopy-download-and-mail-code/2026/BhavCopy_NSE_CM_0_0_0_20260918_F_0000.csv
2026-09-18,EASTWEST,EQ,2.23,2.27,2.1,2.25,56253,123132.46,INE595R01023,765065,EAST WEST FREIGHT CARRI L,NEW,/home/suruchi-pandey/Projects/Bhavcopy-download-and-mail-code/2026/BhavCopy_NSE_CM_0_0_0_20260918_F_0000.csv
2026-09-18,EBANK10,EQ,16.59,16.59,16.57,16.57,109,1808.13,INF754K01XH9,764378,EDELAMC - EBANK10,NEW,/home/suruchi-pandey/Projects/Bhavcopy-download-and-mail-code/2026/BhavCopy_NSE_CM_0_0_0_20260918_F_0000.csv
2026-09-18,EBANKNIFTY,EQ,56.83,56.98,56.53,56.96,1676,95090.18,INF754K01TE4,25258,EDELAMC - EBANKNIFTY,NEW,/home/suruchi-pandey/Projects/Bhavcopy-download-and-mail-code/2026/BhavCopy_NSE_CM_0_0_0_20260918_F_0000.csv
2026-09-18,EBBETF0430,EQ,1639.4,1639.4,1604.01,1610.9,3456,5559808.01,INF754K01KO2,16253,EDELAMC - EBBETF0430,NEW,/home/suruchi-pandey/Projects/Bhavcopy-download-and-mail-code/2026/BhavCopy_NSE_CM_0_0_0_20260918_F_0000.csv
2026-09-18,EBBETF0431,EQ,1438.47,1439.97,1429.21,1431.44,2826,4049369.38,INF754K01LE1,22239,EDELAMC - EBBETF0431,NEW,/home/suruchi-pandey/Projects/Bhavcopy-download-and-mail-code/2026/BhavCopy_NSE_CM_0_0_0_20260918_F_0000.csv
2026-09-18,EBBETF0433,EQ,1304.2,1309.0,1301.08,1303.19,2911,3800237.95,INF754K01QX0,13139,EDELAMC - EBBETF0433,NEW,/home/suruchi-pandey/Projects/Bhavcopy-download-and-mail-code/2026/BhavCopy_NSE_CM_0_0_0_20260918_F_0000.csv
2026-09-18,EBGNG,EQ,668.25,711.25,664.55,703.05,1067215,742306184.3,INE18JU01028,757862,GNG ELECTRONICS LIMITED,NEW,/home/suruchi-pandey/Projects/Bhavcopy-download-and-mail-code/2026/BhavCopy_NSE_CM_0_0_0_20260918_F_0000.csv
2026-09-18,ECAPINSURE,EQ,23.78,24.01,23.48,23.61,24238,571092.43,INF754K01TX4,29019,EDELAMC - ECAPINSURE,NEW,/home/suruchi-pandey/Projects/Bhavcopy-download-and-mail-code/2026/BhavCopy_NSE_CM_0_0_0_20260918_F_0000.csv
2026-09-18,ECLERX,EQ,1919.4,1938.8,1898.7,1915.6,177527,340156681.8,INE738I01010,15179,ECLERX SERVICES LTD,NEW,/home/suruchi-pandey/Projects/Bhavcopy-download-and-mail-code/2026/BhavCopy_NSE_CM_0_0_0_20260918_F_0000.csv
2026-09-18,ECORECO,EQ,442.8,445.95,424.0,432.1,8812,3828405.0,INE316A01038,764663,ECO RECYCLING LTD.,NEW,/home/suruchi-pandey/Projects/Bhavcopy-download-and-mail-code/2026/BhavCopy_NSE_CM_0_0_0_20260918_F_0000.csv
2026-09-18,ECOSMOBLTY,EQ,107.45,108.5,106.5,108.12,30641,3293557.49,INE06HJ01020,25060,ECOS (INDIA) MOB & HOSP L,NEW,/home/suruchi-pandey/Projects/Bhavcopy-download-and-mail-code/2026/BhavCopy_NSE_CM_0_0_0_20260918_F_0000.csv
2026-09-18,EDELWEISS,EQ,128.42,136.9,128.42,136.25,9148549,1227441594.17,INE532F01054,15119,EDELWEISS FIN SERV LTD,NEW,/home/suruchi-pandey/Projects/Bhavcopy-download-and-mail-code/2026/BhavCopy_NSE_CM_0_0_0_20260918_F_0000.csv
2026-09-18,EFCIL,EQ,179.89,180.5,176.85,178.67,216644,38591235.52,INE886D01026,758675,EFC (I) LIMITED,NEW,/home/suruchi-pandey/Projects/Bhavcopy-download-and-mail-code/2026/BhavCopy_NSE_CM_0_0_0_20260918_F_0000.csv
2026-09-18,EGOLD,EQ,151.65,153.15,151.65,152.8,71864,10963108.1,INF754K01SE6,19933,EDELAMC - EGOLD,NEW,/home/suruchi-pandey/Projects/Bhavcopy-download-and-mail-code/2026/BhavCopy_NSE_CM_0_0_0_20260918_F_0000.csv
2026-09-18,EICHERMOT,EQ,7523.5,7569.0,7477.0,7516.0,419526,3154428334.0,INE066A01021,910,EICHER MOTORS LTD,NEW,/home/suruchi-pandey/Projects/Bhavcopy-download-and-mail-code/2026/BhavCopy_NSE_CM_0_0_0_20260918_F_0000.csv
2026-09-18,EIDPARRY,EQ,694.65,708.15,682.75,700.7,854169,594063905.25,INE126A01031,916,EID PARRY INDIA LTD,NEW,/home/suruchi-pandey/Projects/Bhavcopy-download-and-mail-code/2026/BhavCopy_NSE_CM_0_0_0_20260918_F_0000.csv
2026-09-18,EIEL,EQ,201.0,202.0,196.06,200.01,574560,114227221.94,INE0LLY01014,27213,ENVIRO INFRA ENGINEERS L,NEW,/home/suruchi-pandey/Projects/Bhavcopy-download-and-mail-code/2026/BhavCopy_NSE_CM_0_0_0_20260918_F_0000.csv
2026-09-18,EIHAHOTELS,EQ,294.95,307.8,294.05,303.5,37838,11415085.75,INE276C01014,15399,EIH ASSOCIATED HOTELS LTD,NEW,/home/suruchi-pandey/Projects/Bhavcopy-download-and-mail-code/2026/BhavCopy_NSE_CM_0_0_0_20260918_F_0000.csv
2026-09-18,EIHOTEL,EQ,304.0,321.15,299.95,317.9,1308371,411507743.85,INE230A01023,919,EIH LIMITED,NEW,/home/suruchi-pandey/Projects/Bhavcopy-download-and-mail-code/2026/BhavCopy_NSE_CM_0_0_0_20260918_F_0000.csv
2026-09-18,EIMCOELECO,EQ,2247.0,2292.8,2240.0,2248.4,15042,33941225.9,INE158B01016,4040,EIMCO ELECON (INDIA) LTD,NEW,/home/suruchi-pandey/Projects/Bhavcopy-download-and-mail-code/2026/BhavCopy_NSE_CM_0_0_0_20260918_F_0000.csv
2026-09-18,EKC,EQ,100.1,101.88,99.21,101.07,92899,9336794.44,INE184H01027,13091,EVEREST KANTO CYLINDERLTD,NEW,/home/suruchi-pandey/Projects/Bhavcopy-download-and-mail-code/2026/BhavCopy_NSE_CM_0_0_0_20260918_F_0000.csv
2026-09-18,EKI,EQ,67.51,69.89,67.5,68.34,6068,415217.72,INE0CPR01018,764668,EKI ENERGY SERVICES LTD,NEW,/home/suruchi-pandey/Projects/Bhavcopy-download-and-mail-code/2026/BhavCopy_NSE_CM_0_0_0_20260918_F_0000.csv
2026-09-18,ELANTAS,EQ,13747.0,14400.0,13561.0,14228.0,3136,44105519.0,INE280B01018,762653,ELANTAS BECK INDIA LTD.,NEW,/home/suruchi-pandey/Projects/Bhavcopy-download-and-mail-code/2026/BhavCopy_NSE_CM_0_0_0_20260918_F_0000.csv
2026-09-18,ELCIDIN,EQ,109735.0,109735.0,103820.0,105130.0,13,1386355.0,INE927X01018,762658,ELCID INVESTMENTS LTD.,NEW,/home/suruchi-pandey/Projects/Bhavcopy-download-and-mail-code/2026/BhavCopy_NSE_CM_0_0_0_20260918_F_0000.csv
2026-09-18,ELDEHSG,EQ,788.0,789.95,770.25,781.7,209,163779.85,INE668G01021,8953,ELDECO HSG & IND LTD.,NEW,/home/suruchi-pandey/Projects/Bhavcopy-download-and-mail-code/2026/BhavCopy_NSE_CM_0_0_0_20260918_F_0000.csv
2026-09-18,ELECON,EQ,414.6,424.95,414.0,421.2,301790,126634240.2,INE205B01031,13643,ELECON ENG. CO. LTD,NEW,/home/suruchi-pandey/Projects/Bhavcopy-download-and-mail-code/2026/BhavCopy_NSE_CM_0_0_0_20260918_F_0000.csv
2026-09-18,ELECTCAST,EQ,74.25,75.3,72.9,73.38,1797787,132254044.04,INE086A01029,928,ELECTROSTEEL CASTINGS LTD,NEW,/home/suruchi-pandey/Projects/Bhavcopy-download-and-mail-code/2026/BhavCopy_NSE_CM_0_0_0_20260918_F_0000.csv
2026-09-18,ELECTHERM,EQ,932.0,947.0,920.0,925.5,12959,12014390.3,INE822G01016,4469,ELECTROTHERM (I) LTD.,NEW,/home/suruchi-pandey/Projects/Bhavcopy-download-and-mail-code/2026/BhavCopy_NSE_CM_0_0_0_20260918_F_0000.csv
2026-09-18,ELGIEQUIP,EQ,593.9,613.3,593.3,609.55,398074,241287640.2,INE285A01027,937,ELGI EQUIPMENTS LTD,NEW,/home/suruchi-pandey/Projects/Bhavcopy-download-and-mail-code/2026/BhavCopy_NSE_CM_0_0_0_20260918_F_0000.csv
2026-09-18,ELGIRUBCO,EQ,60.81,62.38,60.81,61.6,74237,4579396.23,INE819L01012,24924,ELGI RUBBER CO. LTD,NEW,/home/suruchi-pandey/Projects/Bhavcopy-download-and-mail-code/2026/BhavCopy_NSE_CM_0_0_0_20260918_F_0000.csv
2026-09-18,ELIN,EQ,89.51,90.29,87.9,88.53,71187,6308835.16,INE050401020,13423,ELIN ELECTRONICS LIMITED,NEW,/home/suruchi-pandey/Projects/Bhavcopy-download-and-mail-code/2026/BhavCopy_NSE_CM_0_0_0_20260918_F_0000.csv
2026-09-18,ELIQUID,EQ,1048.39,1048.4,1048.39,1048.4,9883,10361304.37,INF754K01VW2,759466,EDELAMC - ELIQUID,NEW,/home/suruchi-pandey/Projects/Bhavcopy-download-and-mail-code/2026/BhavCopy_NSE_CM_0_0_0_20260918_F_0000.csv
2026-09-18,ELITECON,EQ,7.37,8.13,7.37,7.99,15604333,122569974.81,INE669R01026,762663,ELITECON INTERNATIONAL L,NEW,/home/suruchi-pandey/Projects/Bhavcopy-download-and-mail-code/2026/BhavCopy_NSE_CM_0_0_0_20260918_F_0000.csv
2026-09-18,ELLEN,EQ,371.0,387.0,370.7,373.1,733301,276866155.7,INE236E01022,758563,ELLENBARRIE INDUS GASES L,NEW,/home/suruchi-pandey/Projects/Bhavcopy-download-and-mail-code/2026/BhavCopy_NSE_CM_0_0_0_20260918_F_0000.csv
2026-09-18,ELM250,EQ,16.36,16.45,16.01,16.15,73569,1193502.18,INF754K01VV4,758952,EDELAMC - ELM250,NEW,/home/suruchi-pandey/Projects/Bhavcopy-download-and-mail-code/2026/BhavCopy_NSE_CM_0_0_0_20260918_F_0000.csv
2026-09-18,ELMDIV,EQ,35.39,35.5,35.39,35.5,4,141.89,INF754K01XI7,764367,EDELAMC - ELMDIV,NEW,/home/suruchi-pandey/Projects/Bhavcopy-download-and-mail-code/2026/BhavCopy_NSE_CM_0_0_0_20260918_F_0000.csv
2026-09-18,ELPROINTL,EQ,172.86,174.58,170.97,172.53,15621,2689677.09,INE579B01039,4471,ELPRO INTERNATIONAL LTD,NEW,/home/suruchi-pandey/Projects/Bhavcopy-download-and-mail-code/2026/BhavCopy_NSE_CM_0_0_0_20260918_F_0000.csv
2026-09-18,EMAMILTD,EQ,380.0,380.05,366.55,368.45,3703471,1374355000.0,INE548C01032,13517,EMAMI LIMITED,NEW,/home/suruchi-pandey/Projects/Bhavcopy-download-and-mail-code/2026/BhavCopy_NSE_CM_0_0_0_20260918_F_0000.csv
2026-09-18,EMAMIREAL,EQ,69.4,69.4,66.15,67.18,3888,260307.08,INE778K01012,19277,EMAMI REALTY LIMITED,NEW,/home/suruchi-pandey/Projects/Bhavcopy-download-and-mail-code/2026/BhavCopy_NSE_CM_0_0_0_20260918_F_0000.csv
2026-09-18,EMBDL,EQ,55.0,55.0,53.5,53.88,2229839,120309801.96,INE069I01010,14450,EMBASSY DEVELOPMENTS LTD,NEW,/home/suruchi-pandey/Projects/Bhavcopy-download-and-mail-code/2026/BhavCopy_NSE_CM_0_0_0_20260918_F_0000.csv
2026-09-18,EMCURE,EQ,1915.9,2100.7,1915.1,2003.8,1744754,3490805014.8,INE168P01015,24398,EMCURE PHARMACEUTICALS L,NEW,/home/suruchi-pandey/Projects/Bhavcopy-download-and-mail-code/2026/BhavCopy_NSE_CM_0_0_0_20260918_F_0000.csv
2026-09-18,EMETAL,EQ,12.99,13.1,12.87,13.05,6609,85492.42,INF754K01XG1,764288,EDELAMC - EMETAL,NEW,/home/suruchi-pandey/Projects/Bhavcopy-download-and-mail-code/2026/BhavCopy_NSE_CM_0_0_0_20260918_F_0000.csv
2026-09-18,EMIL,EQ,186.85,202.86,185.1,196.28,15751870,3109581343.04,INE02YR01019,11530,ELECTRONICS MART IND LTD,NEW,/home/suruchi-pandey/Projects/Bhavcopy-download-and-mail-code/2026/BhavCopy_NSE_CM_0_0_0_20260918_F_0000.csv
2026-09-18,EMKAY,EQ,248.95,253.75,244.95,248.9,11664,2899625.8,INE296H01011,13421,EMKAY GLOBAL FIN SERV LTD,NEW,/home/suruchi-pandey/Projects/Bhavcopy-download-and-mail-code/2026/BhavCopy_NSE_CM_0_0_0_20260918_F_0000.csv
2026-09-18,EMMVEE,EQ,328.65,333.0,326.6,328.0,974170,320927556.0,INE1C6T01020,759728,EMMVEE PHOTOVOLTAIC PWR L,NEW,/home/suruchi-pandey/Projects/Bhavcopy-download-and-mail-code/2026/BhavCopy_NSE_CM_0_0_0_20260918_F_0000.csv
2026-09-18,EMPIND,EQ,1043.8,1064.8,1043.4,1057.1,968,1022832.8,INE515H01014,764673,EMPIRE INDUSTRIES LTD.,NEW,/home/suruchi-pandey/Projects/Bhavcopy-download-and-mail-code/2026/BhavCopy_NSE_CM_0_0_0_20260918_F_0000.csv
2026-09-18,EMPOWER,EQ,2.38,2.38,2.38,2.38,1202346,2861583.48,INE507F01023,762670,EMPOWER INDIA LTD.,NEW,/home/suruchi-pandey/Projects/Bhavcopy-download-and-mail-code/2026/BhavCopy_NSE_CM_0_0_0_20260918_F_0000.csv
2026-09-18,EMSLIMITED,EQ,364.5,371.25,362.0,366.65,104833,38334421.2,INE0OV601013,18593,EMS LIMITED,NEW,/home/suruchi-pandey/Projects/Bhavcopy-download-and-mail-code/2026/BhavCopy_NSE_CM_0_0_0_20260918_F_0000.csv
2026-09-18,EMUDHRA,EQ,633.25,638.1,601.1,613.45,1272884,781594015.9,INE01QM01018,9756,EMUDHRA LIMITED,NEW,/home/suruchi-pandey/Projects/Bhavcopy-download-and-mail-code/2026/BhavCopy_NSE_CM_0_0_0_20260918_F_0000.csv
2026-09-18,EMULTIMQ,EQ,41.28,41.55,40.94,41.35,9268,383602.86,INF754K01TF1,25996,EDELAMC - EMULTIMQ,NEW,/home/suruchi-pandey/Projects/Bhavcopy-download-and-mail-code/2026/BhavCopy_NSE_CM_0_0_0_20260918_F_0000.csv
2026-09-18,ENDURANCE,EQ,2680.8,2743.6,2680.8,2732.0,88695,241635409.4,INE913H01037,18822,ENDURANCE TECHNO. LTD.,NEW,/home/suruchi-pandey/Projects/Bhavcopy-download-and-mail-code/2026/BhavCopy_NSE_CM_0_0_0_20260918_F_0000.csv
2026-09-18,ENERGY,EQ,38.08,38.2,37.21,38.14,124531,4734212.55,INF769K01PR2,759780,MIRAEAMC - ENERGY,NEW,/home/suruchi-pandey/Projects/Bhavcopy-download-and-mail-code/2026/BhavCopy_NSE_CM_0_0_0_20260918_F_0000.csv
2026-09-18,ENERGYAXIS,EQ,18.94,19.19,18.75,18.96,10923,206172.88,INF846KA1598,765499,AXISAMC - ENERGYAXIS,NEW,/home/suruchi-pandey/Projects/Bhavcopy-download-and-mail-code/2026/BhavCopy_NSE_CM_0_0_0_20260918_F_0000.csv
2026-09-18,ENERGYDEV,EQ,14.66,15.01,14.5,14.68,18897,279861.23,INE306C01019,15049,ENERGY DEVE. CO.LTD,NEW,/home/suruchi-pandey/Projects/Bhavcopy-download-and-mail-code/2026/BhavCopy_NSE_CM_0_0_0_20260918_F_0000.csv
2026-09-18,ENEXT50,EQ,70.89,72.41,70.89,71.6,406,28908.64,INF754K01XF3,763540,EDELAMC - ENEXT50,NEW,/home/suruchi-pandey/Projects/Bhavcopy-download-and-mail-code/2026/BhavCopy_NSE_CM_0_0_0_20260918_F_0000.csv
2026-09-18,ENGINERSIN,EQ,265.0,268.5,263.5,266.35,1732303,461245106.7,INE510A01028,4907,ENGINEERS INDIA LTD,NEW,/home/suruchi-pandey/Projects/Bhavcopy-download-and-mail-code/2026/BhavCopy_NSE_CM_0_0_0_20260918_F_0000.csv
2026-09-18,ENIFTY,EQ,24.07,24.07,23.45,23.6,4415,103662.05,INF754K01VX0,759998,EDELAMC - ENIFTY,NEW,/home/suruchi-pandey/Projects/Bhavcopy-download-and-mail-code/2026/BhavCopy_NSE_CM_0_0_0_20260918_F_0000.csv
2026-09-18,ENIL,EQ,100.0,102.8,99.5,101.9,13770,1385278.25,INE265F01028,13192,ENTERTAIN NET. IND. LTD.,NEW,/home/suruchi-pandey/Projects/Bhavcopy-download-and-mail-code/2026/BhavCopy_NSE_CM_0_0_0_20260918_F_0000.csv
2026-09-18,ENKEIWHEL,EQ,388.0,404.9,385.4,395.1,827,324421.65,INE130L01014,764678,ENKEI WHEELS (INDIA) LTD.,NEW,/home/suruchi-pandey/Projects/Bhavcopy-download-and-mail-code/2026/BhavCopy_NSE_CM_0_0_0_20260918_F_0000.csv
2026-09-18,ENRIN,EQ,3116.0,3250.0,3110.0,3228.0,740325,2368720017.7,INE1NPP01017,756871,SIEMENS ENERGY INDIA LTD,NEW,/home/suruchi-pandey/Projects/Bhavcopy-download-and-mail-code/2026/BhavCopy_NSE_CM_0_0_0_20260918_F_0000.csv
2026-09-18,ENTERO,EQ,1669.9,1737.8,1669.9,1732.3,244661,418123025.4,INE010601016,22717,ENTERO HEALTHCARE SOLU L,NEW,/home/suruchi-pandey/Projects/Bhavcopy-download-and-mail-code/2026/BhavCopy_NSE_CM_0_0_0_20260918_F_0000.csv
2026-09-18,EPACK,EQ,181.01,183.01,178.4,178.84,161343,28937552.95,INE0G5901015,22463,EPACK DURABLE LIMITED,NEW,/home/suruchi-pandey/Projects/Bhavcopy-download-and-mail-code/2026/BhavCopy_NSE_CM_0_0_0_20260918_F_0000.csv
2026-09-18,EPACKPEB,EQ,225.0,231.61,224.41,226.26,315915,72030602.04,INE0MLS01022,759251,EPACK PREFAB TECHN LTD,NEW,/home/suruchi-pandey/Projects/Bhavcopy-download-and-mail-code/2026/BhavCopy_NSE_CM_0_0_0_20260918_F_0000.csv
2026-09-18,EPIGRAL,EQ,1101.9,1119.4,1093.1,1105.3,25007,27607142.9,INE071N01016,5382,EPIGRAL LIMITED,NEW,/home/suruchi-pandey/Projects/Bhavcopy-download-and-mail-code/2026/BhavCopy_NSE_CM_0_0_0_20260918_F_0000.csv
2026-09-18,EPL,EQ,234.0,241.1,233.75,239.35,2325889,555641147.6,INE255A01020,981,EPL LIMITED,NEW,/home/suruchi-pandey/Projects/Bhavcopy-download-and-mail-code/2026/BhavCopy_NSE_CM_0_0_0_20260918_F_0000.csv
2026-09-18,EQUAL200,EQ,13.48,13.6,13.48,13.6,2868,38829.72,INF769K01OA1,30121,MIRAEAMC - EQUAL200,NEW,/home/suruchi-pandey/Projects/Bhavcopy-download-and-mail-code/2026/BhavCopy_NSE_CM_0_0_0_20260918_F_0000.csv
2026-09-18,EQUAL50,EQ,323.08,323.77,322.59,323.77,2038,658655.34,INF769K01OO2,757142,MIRAEAMC - EQUAL50,NEW,/home/suruchi-pandey/Projects/Bhavcopy-download-and-mail-code/2026/BhavCopy_NSE_CM_0_0_0_20260918_F_0000.csv
2026-09-18,EQUAL50ADD,EQ,333.64,334.5,333.05,334.35,6164,2059384.67,INF740KA1QK2,6606,DSPAMC - DSPNEWETF,NEW,/home/suruchi-pandey/Projects/Bhavcopy-download-and-mail-code/2026/BhavCopy_NSE_CM_0_0_0_20260918_F_0000.csv
2026-09-18,EQUITASBNK,EQ,72.05,74.9,71.89,74.09,2395159,176267023.81,INE063P01018,913,EQUITAS SMALL FIN BNK LTD,NEW,/home/suruchi-pandey/Projects/Bhavcopy-download-and-mail-code/2026/BhavCopy_NSE_CM_0_0_0_20260918_F_0000.csv
2026-09-18,ERIS,EQ,1315.1,1355.1,1303.1,1321.3,143139,189539443.7,INE406M01024,21154,ERIS LIFESCIENCES LIMITED,NEW,/home/suruchi-pandey/Projects/Bhavcopy-download-and-mail-code/2026/BhavCopy_NSE_CM_0_0_0_20260918_F_0000.csv
2026-09-18,ESABINDIA,EQ,5618.5,5659.5,5600.5,5627.5,3207,18053097.5,INE284A01012,955,ESAB INDIA LTD,NEW,/home/suruchi-pandey/Projects/Bhavcopy-download-and-mail-code/2026/BhavCopy_NSE_CM_0_0_0_20260918_F_0000.csv
2026-09-18,ESCORTS,EQ,2830.0,2836.8,2769.4,2798.2,81690,228957566.7,INE042A01014,958,ESCORTS KUBOTA LIMITED,NEW,/home/suruchi-pandey/Projects/Bhavcopy-download-and-mail-code/2026/BhavCopy_NSE_CM_0_0_0_20260918_F_0000.csv
2026-09-18,ESDS,EQ,1565.0,1594.0,1564.55,1564.55,582208,913528264.9,INE0DRI01029,765553,ESDS SOFTWARE SOLUTION L,NEW,/home/suruchi-pandey/Projects/Bhavcopy-download-and-mail-code/2026/BhavCopy_NSE_CM_0_0_0_20260918_F_0000.csv
2026-09-18,ESENSEX,EQ,75.39,75.51,74.84,75.51,1311,98205.72,INF754K01VY8,759995,EDELAMC - ESENSEX,NEW,/home/suruchi-pandey/Projects/Bhavcopy-download-and-mail-code/2026/BhavCopy_NSE_CM_0_0_0_20260918_F_0000.csv
2026-09-18,ESG,EQ,40.11,40.29,40.01,40.24,5616,225498.3,INF769K01GS9,1200,MIRAEAMC - MAESGETF,NEW,/home/suruchi-pandey/Projects/Bhavcopy-download-and-mail-code/2026/BhavCopy_NSE_CM_0_0_0_20260918_F_0000.csv
2026-09-18,ESILVER,EQ,228.98,235.1,228.98,234.3,255075,59715569.43,INF754K01SF3,20257,EDELAMC - ESILVER,NEW,/home/suruchi-pandey/Projects/Bhavcopy-download-and-mail-code/2026/BhavCopy_NSE_CM_0_0_0_20260918_F_0000.csv
2026-09-18,ESSARSHPNG,EQ,16.46,16.53,16.06,16.19,112302,1827096.24,INE122M01019,25634,ESSAR SHIPPING LTD,NEW,/home/suruchi-pandey/Projects/Bhavcopy-download-and-mail-code/2026/BhavCopy_NSE_CM_0_0_0_20260918_F_0000.csv
2026-09-18,ESSENTIA,EQ,1.03,1.04,1.02,1.03,1591457,1638675.42,INE418N01035,30323,INTEGRA ESSENTIA LIMITED,NEW,/home/suruchi-pandey/Projects/Bhavcopy-download-and-mail-code/2026/BhavCopy_NSE_CM_0_0_0_20260918_F_0000.csv
2026-09-18,ESTER,EQ,87.56,88.9,86.6,87.67,36137,3155853.26,INE778B01029,24265,ESTER INDUSTRIES LTD,NEW,/home/suruchi-pandey/Projects/Bhavcopy-download-and-mail-code/2026/BhavCopy_NSE_CM_0_0_0_20260918_F_0000.csv
2026-09-18,ETERNAL,EQ,328.5,329.75,325.7,326.85,17696853,5798400032.1,INE758T01015,5097,ETERNAL LIMITED,NEW,/home/suruchi-pandey/Projects/Bhavcopy-download-and-mail-code/2026/BhavCopy_NSE_CM_0_0_0_20260918_F_0000.csv
2026-09-18,ETHOSLTD,EQ,2655.0,2682.6,2612.6,2661.5,27302,72470536.6,INE04TZ01018,9750,ETHOS LIMITED,NEW,/home/suruchi-pandey/Projects/Bhavcopy-download-and-mail-code/2026/BhavCopy_NSE_CM_0_0_0_20260918_F_0000.csv
2026-09-18,EUREKAFORB,EQ,393.4,395.25,383.0,385.3,438600,169228090.75,INE0KCE01017,25162,EUREKA FORBES LIMITED,NEW,/home/suruchi-pandey/Projects/Bhavcopy-download-and-mail-code/2026/BhavCopy_NSE_CM_0_0_0_20260918_F_0000.csv
2026-09-18,EUROBOND,EQ,150.0,154.0,147.03,148.05,4198,625244.37,INE505V01016,757953,EURO PANEL PRODUCTS LTD,NEW,/home/suruchi-pandey/Projects/Bhavcopy-download-and-mail-code/2026/BhavCopy_NSE_CM_0_0_0_20260918_F_0000.csv
2026-09-18,EUROPRATIK,EQ,232.0,235.7,229.1,231.75,211870,49188797.3,INE198501012,759797,EURO PRATIK SALES LIMITED,NEW,/home/suruchi-pandey/Projects/Bhavcopy-download-and-mail-code/2026/BhavCopy_NSE_CM_0_0_0_20260918_F_0000.csv
2026-09-18,EVEREADY,EQ,334.1,341.5,328.5,331.0,178458,59360558.75,INE128A01029,11782,EVEREADY INDS. IND.  LTD.,NEW,/home/suruchi-pandey/Projects/Bhavcopy-download-and-mail-code/2026/BhavCopy_NSE_CM_0_0_0_20260918_F_0000.csv
2026-09-18,EVIETF,EQ,31.92,32.95,31.73,32.04,133816,4278157.52,INF109K1A153,755881,ICICIPRAMC - EVIETF,NEW,/home/suruchi-pandey/Projects/Bhavcopy-download-and-mail-code/2026/BhavCopy_NSE_CM_0_0_0_20260918_F_0000.csv
2026-09-18,EVINDIA,EQ,32.48,32.48,31.78,32.0,100432,3207805.95,INF769K01LQ3,24461,MIRAEAMC - EVINDIA,NEW,/home/suruchi-pandey/Projects/Bhavcopy-download-and-mail-code/2026/BhavCopy_NSE_CM_0_0_0_20260918_F_0000.csv
2026-09-18,EXCELINDUS,EQ,963.8,979.9,945.1,958.2,12412,11872095.8,INE369A01029,11471,EXCEL INDUSTRIES LTD,NEW,/home/suruchi-pandey/Projects/Bhavcopy-download-and-mail-code/2026/BhavCopy_NSE_CM_0_0_0_20260918_F_0000.csv
2026-09-18,EXCELSOFT,EQ,80.0,80.19,77.24,78.08,372636,29278771.28,INE606N01019,760007,EXCELSOFT TECHNOLOGIES L,NEW,/home/suruchi-pandey/Projects/Bhavcopy-download-and-mail-code/2026/BhavCopy_NSE_CM_0_0_0_20260918_F_0000.csv
2026-09-18,EXICOM,EQ,160.0,165.2,160.0,163.68,730474,119205674.38,INE777F01014,22947,EXICOM TELE SYSTEMS LTD,NEW,/home/suruchi-pandey/Projects/Bhavcopy-download-and-mail-code/2026/BhavCopy_NSE_CM_0_0_0_20260918_F_0000.csv
2026-09-18,EXIDEIND,EQ,419.35,444.7,419.35,435.85,5570954,2422763789.9,INE302A01020,676,EXIDE INDUSTRIES LTD,NEW,/home/suruchi-pandey/Projects/Bhavcopy-download-and-mail-code/2026/BhavCopy_NSE_CM_0_0_0_20260918_F_0000.csv
2026-09-18,EXPLEOSOL,EQ,898.05,900.9,875.0,881.95,20658,18349125.8,INE201K01015,17486,EXPLEO SOLUTIONS LIMITED,NEW,/home/suruchi-pandey/Projects/Bhavcopy-download-and-mail-code/2026/BhavCopy_NSE_CM_0_0_0_20260918_F_0000.csv
2026-09-18,EXXARO,EQ,6.2,6.39,6.2,6.25,115668,724263.31,INE0GFE01026,5352,EXXARO TILES LIMITED,NEW,/home/suruchi-pandey/Projects/Bhavcopy-download-and-mail-code/2026/BhavCopy_NSE_CM_0_0_0_20260918_F_0000.csv
2026-09-18,FABTECH,EQ,147.4,148.98,146.92,147.93,41486,6134262.89,INE0HF201011,760125,FABTECH TECHNOLOGIES LTD,NEW,/home/suruchi-pandey/Projects/Bhavcopy-download-and-mail-code/2026/BhavCopy_NSE_CM_0_0_0_20260918_F_0000.csv
2026-09-18,FACT,EQ,764.95,767.65,753.05,764.2,66764,50802089.8,INE188A01015,1008,FACT LTD,NEW,/home/suruchi-pandey/Projects/Bhavcopy-download-and-mail-code/2026/BhavCopy_NSE_CM_0_0_0_20260918_F_0000.csv
2026-09-18,FAZE3Q,EQ,442.0,448.0,438.0,442.95,11314,5004455.3,INE963C01033,12000,FAZE THREE LIMITED,NEW,/home/suruchi-pandey/Projects/Bhavcopy-download-and-mail-code/2026/BhavCopy_NSE_CM_0_0_0_20260918_F_0000.csv
2026-09-18,FCL,EQ,53.31,57.75,52.9,57.02,26160940,1456098995.77,INE045J01034,6198,FINEOTEX CHEMICAL LIMITED,NEW,/home/suruchi-pandey/Projects/Bhavcopy-download-and-mail-code/2026/BhavCopy_NSE_CM_0_0_0_20260918_F_0000.csv
2026-09-18,FCSSOFT,EQ,1.42,1.43,1.41,1.41,856983,1212826.31,INE512B01022,11999,FCS SOFTWARE SOLN. LTD.,NEW,/home/suruchi-pandey/Projects/Bhavcopy-download-and-mail-code/2026/BhavCopy_NSE_CM_0_0_0_20260918_F_0000.csv
2026-09-18,FDC,EQ,353.15,354.15,347.7,352.5,115044,40395802.9,INE258B01022,4898,FDC LIMITED,NEW,/home/suruchi-pandey/Projects/Bhavcopy-download-and-mail-code/2026/BhavCopy_NSE_CM_0_0_0_20260918_F_0000.csv
2026-09-18,FEDDERSHOL,EQ,52.8,53.39,52.7,52.9,4766815,252698317.84,INE417D01020,762675,FEDDERS HOLDING LTD.,NEW,/home/suruchi-pandey/Projects/Bhavcopy-download-and-mail-code/2026/BhavCopy_NSE_CM_0_0_0_20260918_F_0000.csv
2026-09-18,FEDERALBNK,EQ,332.8,335.4,325.4,332.75,14568034,4813960296.3,INE171A01029,1023,FEDERAL BANK LTD,NEW,/home/suruchi-pandey/Projects/Bhavcopy-download-and-mail-code/2026/BhavCopy_NSE_CM_0_0_0_20260918_F_0000.csv
2026-09-18,FEDFINA,EQ,152.27,156.0,151.82,155.25,792266,122157687.19,INE007N01010,20322,FEDBANK FINANCIAL SER L,NEW,/home/suruchi-pandey/Projects/Bhavcopy-download-and-mail-code/2026/BhavCopy_NSE_CM_0_0_0_20260918_F_0000.csv
2026-09-18,FERMENTA,EQ,465.7,478.9,465.7,474.15,26096,12314071.35,INE225B01021,762680,FERMENTA BIOTECH LTD.,NEW,/home/suruchi-pandey/Projects/Bhavcopy-download-and-mail-code/2026/BhavCopy_NSE_CM_0_0_0_20260918_F_0000.csv
2026-09-18,FIBERWEB,EQ,26.49,26.57,25.8,26.1,9330,243788.21,INE296C01020,8159,FIBERWEB INDIA LIMITED,NEW,/home/suruchi-pandey/Projects/Bhavcopy-download-and-mail-code/2026/BhavCopy_NSE_CM_0_0_0_20260918_F_0000.csv
2026-09-18,FIEMIND,EQ,1907.0,1963.9,1907.0,1937.3,71600,139213484.5,INE737H01014,13710,FIEM INDUSTRIES LIMITED,NEW,/home/suruchi-pandey/Projects/Bhavcopy-download-and-mail-code/2026/BhavCopy_NSE_CM_0_0_0_20260918_F_0000.csv
2026-09-18,FILATEX,EQ,90.32,94.5,87.73,93.83,6299414,579753932.68,INE816B01035,24532,FILATEX INDIA LTD,NEW,/home/suruchi-pandey/Projects/Bhavcopy-download-and-mail-code/2026/BhavCopy_NSE_CM_0_0_0_20260918_F_0000.csv
2026-09-18,FILATFASH,EQ,0.19,0.19,0.17,0.17,16682906,3013503.16,INE185E01021,23647,FILATEX FASHIONS LIMITED,NEW,/home/suruchi-pandey/Projects/Bhavcopy-download-and-mail-code/2026/BhavCopy_NSE_CM_0_0_0_20260918_F_0000.csv
2026-09-18,FINCABLES,EQ,1399.0,1434.7,1390.2,1411.2,1061919,1499017072.8,INE235A01022,1038,FINOLEX CABLES LTD,NEW,/home/suruchi-pandey/Projects/Bhavcopy-download-and-mail-code/2026/BhavCopy_NSE_CM_0_0_0_20260918_F_0000.csv
2026-09-18,FINEORG,EQ,5219.5,5271.0,5160.0,5199.0,45907,238864083.5,INE686Y01026,3744,FINE ORGANIC IND. LTD.,NEW,/home/suruchi-pandey/Projects/Bhavcopy-download-and-mail-code/2026/BhavCopy_NSE_CM_0_0_0_20260918_F_0000.csv
2026-09-18,FINIETF,EQ,32.17,32.46,32.06,32.28,140103,4510322.31,INF109KC17L8,12578,ICICIPRAMC-ICICIFIN,NEW,/home/suruchi-pandey/Projects/Bhavcopy-download-and-mail-code/2026/BhavCopy_NSE_CM_0_0_0_20260918_F_0000.csv
2026-09-18,FINKURVE,EQ,74.93,76.9,72.14,73.1,35407,2607781.61,INE734I01027,759239,FINKURVE FINANCIAL SERV L,NEW,/home/suruchi-pandey/Projects/Bhavcopy-download-and-mail-code/2026/BhavCopy_NSE_CM_0_0_0_20260918_F_0000.csv
2026-09-18,FINOPB,EQ,135.87,137.7,135.0,135.48,82685,11244878.09,INE02NC01014,6579,FINO PAYMENTS BANK LTD,NEW,/home/suruchi-pandey/Projects/Bhavcopy-download-and-mail-code/2026/BhavCopy_NSE_CM_0_0_0_20260918_F_0000.csv
2026-09-18,FINPIPE,EQ,154.0,156.0,153.03,154.63,484153,74901053.52,INE183A01024,1041,FINOLEX INDUSTRIES LTD,NEW,/home/suruchi-pandey/Projects/Bhavcopy-download-and-mail-code/2026/BhavCopy_NSE_CM_0_0_0_20260918_F_0000.csv
2026-09-18,FIRSTCRY,EQ,169.8,173.0,163.37,172.15,6662007,1118535780.67,INE02RE01045,24814,BRAINBEES SOLUTIONS LTD,NEW,/home/suruchi-pandey/Projects/Bhavcopy-download-and-mail-code/2026/BhavCopy_NSE_CM_0_0_0_20260918_F_0000.csv
2026-09-18,FISCHER,EQ,33.31,33.76,32.71,33.15,361136,11960669.57,INE771F01041,757658,FISCHER MEDICAL VENTURE L,NEW,/home/suruchi-pandey/Projects/Bhavcopy-download-and-mail-code/2026/BhavCopy_NSE_CM_0_0_0_20260918_F_0000.csv
2026-09-18,FIVESTAR,EQ,527.5,545.9,524.0,538.45,741259,396026802.9,INE128S01021,12032,FIVE-STAR BUS FIN LTD,NEW,/home/suruchi-pandey/Projects/Bhavcopy-download-and-mail-code/2026/BhavCopy_NSE_CM_0_0_0_20260918_F_0000.csv
2026-09-18,FLAIR,EQ,239.99,240.0,232.2,235.23,44067,10375992.16,INE00Y201027,20372,FLAIR WRITING INDUST LTD,NEW,/home/suruchi-pandey/Projects/Bhavcopy-download-and-mail-code/2026/BhavCopy_NSE_CM_0_0_0_20260918_F_0000.csv
2026-09-18,FLEXIADD,EQ,9.72,9.85,9.71,9.79,103179,1006353.19,INF740KA1WU9,759368,DSPAMC - FLEXIADD,NEW,/home/suruchi-pandey/Projects/Bhavcopy-download-and-mail-code/2026/BhavCopy_NSE_CM_0_0_0_20260918_F_0000.csv
2026-09-18,FLUOROCHEM,EQ,4490.0,4613.9,4490.0,4586.7,225937,1031545593.3,INE09N301011,13750,GUJARAT FLUOROCHEM LTD,NEW,/home/suruchi-pandey/Projects/Bhavcopy-download-and-mail-code/2026/BhavCopy_NSE_CM_0_0_0_20260918_F_0000.csv
2026-09-18,FMCGADD,EQ,46.18,46.18,45.75,46.02,16877,775994.4,INF740KA1ZA4,763530,DSPAMC - FMCGADD,NEW,/home/suruchi-pandey/Projects/Bhavcopy-download-and-mail-code/2026/BhavCopy_NSE_CM_0_0_0_20260918_F_0000.csv
2026-09-18,FMCGIETF,EQ,49.49,49.49,48.87,49.28,1479012,72627449.88,INF109KC19V3,5306,ICICIPRAMC - ICICIFMCG,NEW,/home/suruchi-pandey/Projects/Bhavcopy-download-and-mail-code/2026/BhavCopy_NSE_CM_0_0_0_20260918_F_0000.csv
2026-09-18,FMGOETZE,EQ,447.5,455.0,444.45,446.15,117700,52895498.35,INE529A01010,1190,FEDERAL-MOGUL GOETZE (IND,NEW,/home/suruchi-pandey/Projects/Bhavcopy-download-and-mail-code/2026/BhavCopy_NSE_CM_0_0_0_20260918_F_0000.csv
2026-09-18,FMNL,EQ,8.75,9.35,8.53,9.24,103859,927535.88,INE360L01017,21017,FUTURE MKT NETWORKS LTD,NEW,/home/suruchi-pandey/Projects/Bhavcopy-download-and-mail-code/2026/BhavCopy_NSE_CM_0_0_0_20260918_F_0000.csv
2026-09-18,FOODSIN,EQ,53.55,55.29,53.12,54.57,62580,3388366.92,INE976E01023,6673,FOODS & INNS LIMITED,NEW,/home/suruchi-pandey/Projects/Bhavcopy-download-and-mail-code/2026/BhavCopy_NSE_CM_0_0_0_20260918_F_0000.csv
2026-09-18,FORCEMOT,EQ,17622.0,17882.0,17488.0,17488.0,63130,1118962342.0,INE451A01017,11573,FORCE MOTORS LIMITED,NEW,/home/suruchi-pandey/Projects/Bhavcopy-download-and-mail-code/2026/BhavCopy_NSE_CM_0_0_0_20260918_F_0000.csv
2026-09-18,FORTIS,EQ,884.7,899.7,884.7,886.0,1928099,1720131096.2,INE061F01013,14592,FORTIS HEALTHCARE LTD,NEW,/home/suruchi-pandey/Projects/Bhavcopy-download-and-mail-code/2026/BhavCopy_NSE_CM_0_0_0_20260918_F_0000.csv
2026-09-18,FOSECOIND,EQ,6787.5,6974.5,6622.5,6677.5,44756,303071493.5,INE519A01011,1073,FOSECO INDIA LTD,NEW,/home/suruchi-pandey/Projects/Bhavcopy-download-and-mail-code/2026/BhavCopy_NSE_CM_0_0_0_20260918_F_0000.csv
2026-09-18,FRACTAL,EQ,755.0,768.0,744.9,764.35,203930,154626965.1,INE212S01015,760961,FRACTAL ANALYTICS LIMITED,NEW,/home/suruchi-pandey/Projects/Bhavcopy-download-and-mail-code/2026/BhavCopy_NSE_CM_0_0_0_20260918_F_0000.csv
2026-09-18,FREDUN,EQ,1300.2,1324.0,1288.1,1303.5,65181,85033694.3,INE194R01017,764683,FREDUN PHARMACEUTICALS L,NEW,/home/suruchi-pandey/Projects/Bhavcopy-download-and-mail-code/2026/BhavCopy_NSE_CM_0_0_0_20260918_F_0000.csv
2026-09-18,FRONTSP,EQ,1199.0,1226.9,1178.0,1198.4,15604,18717873.4,INE572D01014,762685,FRONTIER SPRINGS LTD.,NEW,/home/suruchi-pandey/Projects/Bhavcopy-download-and-mail-code/2026/BhavCopy_NSE_CM_0_0_0_20260918_F_0000.csv
2026-09-18,FSL,EQ,272.0,275.5,269.4,273.45,1243136,339817778.25,INE684F01012,14304,FIRSTSOURCE SOLU. LTD.,NEW,/home/suruchi-pandey/Projects/Bhavcopy-download-and-mail-code/2026/BhavCopy_NSE_CM_0_0_0_20260918_F_0000.csv
2026-09-18,FUSION,EQ,184.02,186.02,181.82,185.12,511372,94079421.01,INE139R01012,11932,FUSION FINANCE LIMITED,NEW,/home/suruchi-pandey/Projects/Bhavcopy-download-and-mail-code/2026/BhavCopy_NSE_CM_0_0_0_20260918_F_0000.csv
2026-09-18,GABRIEL,EQ,1290.1,1336.0,1290.0,1321.8,293065,387137469.9,INE524A01029,1085,GABRIEL INDIA LTD,NEW,/home/suruchi-pandey/Projects/Bhavcopy-download-and-mail-code/2026/BhavCopy_NSE_CM_0_0_0_20260918_F_0000.csv
2026-09-18,GAEL,EQ,160.1,160.6,156.25,156.95,962051,152330484.78,INE036B01030,8828,GUJARAT AMBUJA EXPORTS LT,NEW,/home/suruchi-pandey/Projects/Bhavcopy-download-and-mail-code/2026/BhavCopy_NSE_CM_0_0_0_20260918_F_0000.csv
2026-09-18,GAIL,EQ,172.0,174.65,172.0,173.9,8527161,1479932716.03,INE129A01019,4717,GAIL (INDIA) LTD,NEW,/home/suruchi-pandey/Projects/Bhavcopy-download-and-mail-code/2026/BhavCopy_NSE_CM_0_0_0_20260918_F_0000.csv
2026-09-18,GAJA,EQ,145.84,145.84,142.0,142.5,198526,28393907.35,INE18UN01038,765396,GAJA ALT ASSET MGT LTD,NEW,/home/suruchi-pandey/Projects/Bhavcopy-download-and-mail-code/2026/BhavCopy_NSE_CM_0_0_0_20260918_F_0000.csv
2026-09-18,GALAPREC,EQ,1005.9,1024.9,1001.5,1011.2,12068,12220542.8,INE0RE001014,25134,GALA PRECISION ENG LTD,NEW,/home/suruchi-pandey/Projects/Bhavcopy-download-and-mail-code/2026/BhavCopy_NSE_CM_0_0_0_20260918_F_0000.csv
2026-09-18,GALAXYSURF,EQ,2271.0,2271.1,2201.0,2215.2,22064,49136806.9,INE600K01018,1315,GALAXY SURFACTANTS LTD,NEW,/home/suruchi-pandey/Projects/Bhavcopy-download-and-mail-code/2026/BhavCopy_NSE_CM_0_0_0_20260918_F_0000.csv
2026-09-18,GALLANTT,EQ,545.85,553.95,541.0,547.15,73721,40433156.6,INE297H01019,13337,GALLANTT ISPAT LIMITED,NEW,/home/suruchi-pandey/Projects/Bhavcopy-download-and-mail-code/2026/BhavCopy_NSE_CM_0_0_0_20260918_F_0000.csv
2026-09-18,GANDHAR,EQ,268.2,277.2,268.0,276.2,670870,183492001.65,INE717W01049,20303,GANDHAR OIL REFINE IND L,NEW,/home/suruchi-pandey/Projects/Bhavcopy-download-and-mail-code/2026/BhavCopy_NSE_CM_0_0_0_20260918_F_0000.csv
2026-09-18,GANDHITUBE,EQ,897.0,904.0,865.0,899.2,7643,6777396.95,INE524B01027,14116,GANDHI SPL. TUBES LTD,NEW,/home/suruchi-pandey/Projects/Bhavcopy-download-and-mail-code/2026/BhavCopy_NSE_CM_0_0_0_20260918_F_0000.csv
2026-09-18,GANECOS,EQ,992.0,1015.0,982.2,1002.0,99501,99548960.4,INE845D01014,6944,GANESHA ECOSPHERE LIMITED,NEW,/home/suruchi-pandey/Projects/Bhavcopy-download-and-mail-code/2026/BhavCopy_NSE_CM_0_0_0_20260918_F_0000.csv
2026-09-18,GANESHCP,EQ,165.97,171.24,163.51,169.2,98944,16547859.07,INE652V01016,759012,GANESH CONSUMER PRODUCT L,NEW,/home/suruchi-pandey/Projects/Bhavcopy-download-and-mail-code/2026/BhavCopy_NSE_CM_0_0_0_20260918_F_0000.csv
2026-09-18,GANESHHOU,EQ,758.0,758.0,735.25,741.45,25397,18879500.0,INE460C01014,14339,GANESH HOUSING LIMITED,NEW,/home/suruchi-pandey/Projects/Bhavcopy-download-and-mail-code/2026/BhavCopy_NSE_CM_0_0_0_20260918_F_0000.csv
2026-09-18,GANGAFORGE,EQ,1.57,1.58,1.55,1.55,1827820,2862408.97,INE691Z01023,4957,GANGA FORGING LIMITED,NEW,/home/suruchi-pandey/Projects/Bhavcopy-download-and-mail-code/2026/BhavCopy_NSE_CM_0_0_0_20260918_F_0000.csv
2026-09-18,GANGESSECU,EQ,116.79,117.0,114.15,114.15,669,77401.05,INE335W01016,21399,GANGES SECURITIES LIMITED,NEW,/home/suruchi-pandey/Projects/Bhavcopy-download-and-mail-code/2026/BhavCopy_NSE_CM_0_0_0_20260918_F_0000.csv
2026-09-18,GARFIBRES,EQ,799.7,840.0,791.3,819.0,56698,46114980.05,INE276A01018,1100,GARWARE TECH FIBRES LTD,NEW,/home/suruchi-pandey/Projects/Bhavcopy-download-and-mail-code/2026/BhavCopy_NSE_CM_0_0_0_20260918_F_0000.csv
2026-09-18,GARUDA,EQ,175.8,176.84,174.16,175.53,180277,31647275.48,INE0JVO01026,25800,GARUDA CONSTRUCT N ENG L,NEW,/home/suruchi-pandey/Projects/Bhavcopy-download-and-mail-code/2026/BhavCopy_NSE_CM_0_0_0_20260918_F_0000.csv
2026-09-18,GATEWAY,EQ,53.33,53.33,52.65,52.87,660523,34942469.63,INE079J01017,8510,GATEWAY DISTRIPARKS LTD,NEW,/home/suruchi-pandey/Projects/Bhavcopy-download-and-mail-code/2026/BhavCopy_NSE_CM_0_0_0_20260918_F_0000.csv
2026-09-18,GAUDIUMIVF,EQ,118.96,118.96,114.23,116.22,155323,18077642.34,INE0P8B01020,760178,GAUDIUM IVF N WOMEN H L,NEW,/home/suruchi-pandey/Projects/Bhavcopy-download-and-mail-code/2026/BhavCopy_NSE_CM_0_0_0_20260918_F_0000.csv
2026-09-18,GAYAHWS,EQ,1.87,1.95,1.82,1.9,253808,482358.36,INE287Z01012,3693,GAYATRI HIGHWAYS LIMITED,NEW,/home/suruchi-pandey/Projects/Bhavcopy-download-and-mail-code/2026/BhavCopy_NSE_CM_0_0_0_20260918_F_0000.csv
2026-09-18,GAYAPROJ,EQ,23.78,24.8,23.57,24.72,1572098,38689811.77,INE336H01023,25023,GAYATRI PROJECTS LTD,NEW,/home/suruchi-pandey/Projects/Bhavcopy-download-and-mail-code/2026/BhavCopy_NSE_CM_0_0_0_20260918_F_0000.csv
2026-09-18,GCSL,EQ,588.6,620.5,588.6,618.55,622465,380067079.2,INE199P01028,758986,GRETEX CORPORATE SERVICES,NEW,/home/suruchi-pandey/Projects/Bhavcopy-download-and-mail-code/2026/BhavCopy_NSE_CM_0_0_0_20260918_F_0000.csv
2026-09-18,GEEKAYWIRE,EQ,34.0,35.0,33.06,33.25,814069,27796408.49,INE669X01032,17922,GEEKAY WIRES LIMITED,NEW,/home/suruchi-pandey/Projects/Bhavcopy-download-and-mail-code/2026/BhavCopy_NSE_CM_0_0_0_20260918_F_0000.csv
2026-09-18,GEMAROMA,EQ,152.4,155.3,147.65,149.1,145529,21766742.41,INE06XZ01023,759461,GEM AROMATICS LIMITED,NEW,/home/suruchi-pandey/Projects/Bhavcopy-download-and-mail-code/2026/BhavCopy_NSE_CM_0_0_0_20260918_F_0000.csv
2026-09-18,GENCON,EQ,39.81,41.5,39.12,40.01,237077,9533763.34,INE854S01022,2188,GENERIC ENG CONS PROJ LTD,NEW,/home/suruchi-pandey/Projects/Bhavcopy-download-and-mail-code/2026/BhavCopy_NSE_CM_0_0_0_20260918_F_0000.csv
2026-09-18,GENESYS,EQ,286.0,296.0,281.25,285.19,496070,143395740.21,INE727B01026,10905,GENESYS INTL CORPN LTD,NEW,/home/suruchi-pandey/Projects/Bhavcopy-download-and-mail-code/2026/BhavCopy_NSE_CM_0_0_0_20260918_F_0000.csv
2026-09-18,GENUSPAPER,EQ,11.18,11.45,11.18,11.41,40231,454388.03,INE949P01018,6600,GENUS P&B LIMITED,NEW,/home/suruchi-pandey/Projects/Bhavcopy-download-and-mail-code/2026/BhavCopy_NSE_CM_0_0_0_20260918_F_0000.csv
2026-09-18,GENUSPOWER,EQ,305.0,315.65,304.6,310.75,3184194,989679841.95,INE955D01029,11905,GENUS POWER INFRASTRU LTD,NEW,/home/suruchi-pandey/Projects/Bhavcopy-download-and-mail-code/2026/BhavCopy_NSE_CM_0_0_0_20260918_F_0000.csv
2026-09-18,GEOJITFSL,EQ,80.12,83.5,79.56,81.99,713593,58690074.41,INE007B01023,11896,GEOJIT FINANCIAL SER L,NEW,/home/suruchi-pandey/Projects/Bhavcopy-download-and-mail-code/2026/BhavCopy_NSE_CM_0_0_0_20260918_F_0000.csv
2026-09-18,GESHIP,EQ,1425.0,1439.7,1413.7,1432.1,465939,664650580.9,INE017A01032,13776,THE GE SHPG.LTD,NEW,/home/suruchi-pandey/Projects/Bhavcopy-download-and-mail-code/2026/BhavCopy_NSE_CM_0_0_0_20260918_F_0000.csv
2026-09-18,GFLLIMITED,EQ,56.02,56.98,55.16,56.43,23959,1345088.33,INE538A01037,1289,GFL LIMITED,NEW,/home/suruchi-pandey/Projects/Bhavcopy-download-and-mail-code/2026/BhavCopy_NSE_CM_0_0_0_20260918_F_0000.csv
2026-09-18,GHCL,EQ,422.0,428.0,418.3,421.7,157583,66510363.05,INE539A01019,1127,GHCL LIMITED,NEW,/home/suruchi-pandey/Projects/Bhavcopy-download-and-mail-code/2026/BhavCopy_NSE_CM_0_0_0_20260918_F_0000.csv
2026-09-18,GHCLTEXTIL,EQ,125.4,125.6,122.5,124.51,222126,27530192.38,INE0PA801013,16696,GHCL TEXTILES LIMITED,NEW,/home/suruchi-pandey/Projects/Bhavcopy-download-and-mail-code/2026/BhavCopy_NSE_CM_0_0_0_20260918_F_0000.csv
2026-09-18,GICHSGFIN,EQ,136.3,141.0,135.62,139.35,89007,12271847.12,INE289B01019,1139,GIC HOUSING FINANCE LTD,NEW,/home/suruchi-pandey/Projects/Bhavcopy-download-and-mail-code/2026/BhavCopy_NSE_CM_0_0_0_20260918_F_0000.csv
2026-09-18,GICRE,EQ,340.75,353.25,340.55,351.0,1183930,413000548.45,INE481Y01014,277,GENERAL INS CORP OF INDIA,NEW,/home/suruchi-pandey/Projects/Bhavcopy-download-and-mail-code/2026/BhavCopy_NSE_CM_0_0_0_20260918_F_0000.csv
2026-09-18,GILLANDERS,EQ,103.0,106.0,98.6,104.52,1721,178352.28,INE047B01011,17839,GILLANDERS ARBUTHNOT LTD,NEW,/home/suruchi-pandey/Projects/Bhavcopy-download-and-mail-code/2026/BhavCopy_NSE_CM_0_0_0_20260918_F_0000.csv
2026-09-18,GILLETTE,EQ,7340.0,7340.0,7031.5,7073.0,52262,372220832.0,INE322A01010,1576,GILLETTE INDIA LTD,NEW,/home/suruchi-pandey/Projects/Bhavcopy-download-and-mail-code/2026/BhavCopy_NSE_CM_0_0_0_20260918_F_0000.csv
2026-09-18,GILT10BETA,EQ,26.14,26.67,26.14,26.66,641,16839.19,INF789F1AZF3,22524,UTIAMC-GILT10BETA,NEW,/home/suruchi-pandey/Projects/Bhavcopy-download-and-mail-code/2026/BhavCopy_NSE_CM_0_0_0_20260918_F_0000.csv
2026-09-18,GILT5BETA,EQ,65.28,66.6,65.28,66.59,117,7672.07,INF789F1AZE6,22521,UTIAMC-GILT5BETA,NEW,/home/suruchi-pandey/Projects/Bhavcopy-download-and-mail-code/2026/BhavCopy_NSE_CM_0_0_0_20260918_F_0000.csv
2026-09-18,GILT5YBEES,EQ,65.95,65.96,65.75,65.8,117989,7768416.56,INF204KC1030,3172,RELCAPAMC - NETFGILT5Y,NEW,/home/suruchi-pandey/Projects/Bhavcopy-download-and-mail-code/2026/BhavCopy_NSE_CM_0_0_0_20260918_F_0000.csv
2026-09-18,GIPCL,EQ,186.0,189.06,185.26,188.35,253911,47643506.86,INE162A01010,1145,GUJ IND POW CO. LTD,NEW,/home/suruchi-pandey/Projects/Bhavcopy-download-and-mail-code/2026/BhavCopy_NSE_CM_0_0_0_20260918_F_0000.csv
2026-09-18,GKB,EQ,62.6,69.89,62.6,67.44,10541,695094.56,INE265D01015,764688,GKB OPHTHALMICS LTD.,NEW,/home/suruchi-pandey/Projects/Bhavcopy-download-and-mail-code/2026/BhavCopy_NSE_CM_0_0_0_20260918_F_0000.csv
2026-09-18,GKENERGY,EQ,119.92,123.0,118.22,119.77,561130,67299060.15,INE1AG301022,759048,GK ENERGY LIMITED,NEW,/home/suruchi-pandey/Projects/Bhavcopy-download-and-mail-code/2026/BhavCopy_NSE_CM_0_0_0_20260918_F_0000.csv
2026-09-18,GKSL,EQ,178.14,186.0,178.13,181.25,273151,50001116.14,INE0V0W01025,761197,GUJARAT KIDNEY N SUP SP L,NEW,/home/suruchi-pandey/Projects/Bhavcopy-download-and-mail-code/2026/BhavCopy_NSE_CM_0_0_0_20260918_F_0000.csv
2026-09-18,GKWLIMITED,EQ,1604.9,1604.9,1566.0,1587.1,208,329799.6,INE528A01020,17357,GKW LIMITED,NEW,/home/suruchi-pandey/Projects/Bhavcopy-download-and-mail-code/2026/BhavCopy_NSE_CM_0_0_0_20260918_F_0000.csv
2026-09-18,GLAND,EQ,2907.2,2978.0,2904.0,2961.9,492452,1456289749.3,INE068V01023,1186,GLAND PHARMA LIMITED,NEW,/home/suruchi-pandey/Projects/Bhavcopy-download-and-mail-code/2026/BhavCopy_NSE_CM_0_0_0_20260918_F_0000.csv
2026-09-18,GLASSWALL,EQ,267.98,304.2,258.35,269.51,73819973,20744894148.35,INE644Q01039,766005,GLASS WALL SYSTEM (I) LTD,NEW,/home/suruchi-pandey/Projects/Bhavcopy-download-and-mail-code/2026/BhavCopy_NSE_CM_0_0_0_20260918_F_0000.csv
2026-09-18,GLAXO,EQ,2800.0,2900.0,2800.0,2838.8,125265,354763654.6,INE159A01016,1153,GLAXOSMITHKLINE PHARMA LT,NEW,/home/suruchi-pandey/Projects/Bhavcopy-download-and-mail-code/2026/BhavCopy_NSE_CM_0_0_0_20260918_F_0000.csv
2026-09-18,GLENMARK,EQ,2409.8,2447.4,2396.8,2447.4,545520,1320067761.9,INE935A01035,7406,GLENMARK PHARMACEUTICALS,NEW,/home/suruchi-pandey/Projects/Bhavcopy-download-and-mail-code/2026/BhavCopy_NSE_CM_0_0_0_20260918_F_0000.csv
2026-09-18,GLFL,EQ,5.35,5.35,5.03,5.06,320,1634.01,INE540A01017,1156,GUJARAT LEASE FINANCING L,NEW,/home/suruchi-pandey/Projects/Bhavcopy-download-and-mail-code/2026/BhavCopy_NSE_CM_0_0_0_20260918_F_0000.csv
2026-09-18,GLOBAL,EQ,127.8,131.0,125.06,130.16,143869,18530909.01,INE291W01037,1415,GLOBAL EDUCATION LIMITED,NEW,/home/suruchi-pandey/Projects/Bhavcopy-download-and-mail-code/2026/BhavCopy_NSE_CM_0_0_0_20260918_F_0000.csv
2026-09-18,GLOBALE,EQ,10.95,11.85,10.93,11.0,8037,90671.86,INE0URU01010,24932,GLOBALE TESSILE LIMITED,NEW,/home/suruchi-pandey/Projects/Bhavcopy-download-and-mail-code/2026/BhavCopy_NSE_CM_0_0_0_20260918_F_0000.csv
2026-09-18,GLOBALVECT,EQ,127.7,132.78,125.0,131.58,6742,869791.83,INE792H01019,13735,GLOBAL VEC HELICORP LTD,NEW,/home/suruchi-pandey/Projects/Bhavcopy-download-and-mail-code/2026/BhavCopy_NSE_CM_0_0_0_20260918_F_0000.csv
2026-09-18,GLOBE,EQ,1.79,2.1,1.75,2.07,2740470,5353553.18,INE581X01021,393,GLOBE ENTERPRISE (I) LTD,NEW,/home/suruchi-pandey/Projects/Bhavcopy-download-and-mail-code/2026/BhavCopy_NSE_CM_0_0_0_20260918_F_0000.csv
2026-09-18,GLOBECIVIL,EQ,43.8,43.8,42.0,42.26,21470,906096.58,INE0V3U01015,758572,GLOBE CIVIL PROJECTS LTD,NEW,/home/suruchi-pandey/Projects/Bhavcopy-download-and-mail-code/2026/BhavCopy_NSE_CM_0_0_0_20260918_F_0000.csv
2026-09-18,GLOBUSSPR,EQ,837.45,841.35,815.3,819.75,68570,56356399.5,INE615I01010,17424,GLOBUS SPIRITS LTD,NEW,/home/suruchi-pandey/Projects/Bhavcopy-download-and-mail-code/2026/BhavCopy_NSE_CM_0_0_0_20260918_F_0000.csv
2026-09-18,GLOSTERLTD,EQ,578.5,587.0,578.2,586.2,325,189517.6,INE350Z01018,23590,GLOSTER LIMITED,NEW,/home/suruchi-pandey/Projects/Bhavcopy-download-and-mail-code/2026/BhavCopy_NSE_CM_0_0_0_20260918_F_0000.csv
2026-09-18,GLOTTIS,EQ,57.71,59.7,57.71,59.48,24282,1437836.11,INE0TQE01026,760116,GLOTTIS LIMITED,NEW,/home/suruchi-pandey/Projects/Bhavcopy-download-and-mail-code/2026/BhavCopy_NSE_CM_0_0_0_20260918_F_0000.csv
2026-09-18,GMBREW,EQ,937.05,964.95,934.0,953.95,70274,67018834.6,INE075D01018,1168,G M BREWERIES LTD,NEW,/home/suruchi-pandey/Projects/Bhavcopy-download-and-mail-code/2026/BhavCopy_NSE_CM_0_0_0_20260918_F_0000.csv
2026-09-18,GMDCLTD,EQ,551.0,559.8,551.0,556.45,635840,353087899.45,INE131A01031,5204,GUJARAT MINERAL DEV CORP,NEW,/home/suruchi-pandey/Projects/Bhavcopy-download-and-mail-code/2026/BhavCopy_NSE_CM_0_0_0_20260918_F_0000.csv
2026-09-18,GMMPFAUDLR,EQ,1370.0,1475.0,1370.0,1467.0,1207844,1744558950.7,INE541A01023,1570,GMM PFAUDLER LIMITED,NEW,/home/suruchi-pandey/Projects/Bhavcopy-download-and-mail-code/2026/BhavCopy_NSE_CM_0_0_0_20260918_F_0000.csv
2026-09-18,GMRAIRPORT,EQ,95.51,99.3,95.41,99.3,21945461,2141954813.63,INE776C01039,13528,GMR AIRPORTS LIMITED,NEW,/home/suruchi-pandey/Projects/Bhavcopy-download-and-mail-code/2026/BhavCopy_NSE_CM_0_0_0_20260918_F_0000.csv
2026-09-18,GMRP&UI,EQ,92.11,94.88,91.0,92.31,1263129,117084622.36,INE0CU601026,8529,GMR POW AND URBAN INFRA L,NEW,/home/suruchi-pandey/Projects/Bhavcopy-download-and-mail-code/2026/BhavCopy_NSE_CM_0_0_0_20260918_F_0000.csv
2026-09-18,GNA,EQ,539.95,588.8,539.95,558.55,2062341,1166429167.9,INE934S01014,18571,GNA AXLES LIMITED,NEW,/home/suruchi-pandey/Projects/Bhavcopy-download-and-mail-code/2026/BhavCopy_NSE_CM_0_0_0_20260918_F_0000.csv
2026-09-18,GNFC,EQ,578.85,594.35,574.0,588.9,1359872,796832456.1,INE113A01013,1174,GUJ NAR VAL FER & CHEM L,NEW,/home/suruchi-pandey/Projects/Bhavcopy-download-and-mail-code/2026/BhavCopy_NSE_CM_0_0_0_20260918_F_0000.csv
2026-09-18,GNRL,EQ,101.6,103.99,96.69,98.43,205527,20463203.42,INE207H01018,762690,GUJARAT NATURAL RES L,NEW,/home/suruchi-pandey/Projects/Bhavcopy-download-and-mail-code/2026/BhavCopy_NSE_CM_0_0_0_20260918_F_0000.csv
2026-09-18,GOACARBON,EQ,387.0,387.0,375.0,377.6,21751,8289892.55,INE426D01013,14687,GOA CARBON LIMITED,NEW,/home/suruchi-pandey/Projects/Bhavcopy-download-and-mail-code/2026/BhavCopy_NSE_CM_0_0_0_20260918_F_0000.csv
2026-09-18,GOCLCORP,EQ,458.15,461.4,442.15,446.1,522016,235044890.65,INE077F01035,3963,GOCL CORPORATION LIMITED,NEW,/home/suruchi-pandey/Projects/Bhavcopy-download-and-mail-code/2026/BhavCopy_NSE_CM_0_0_0_20260918_F_0000.csv
2026-09-18,GOCOLORS,EQ,309.8,310.75,304.1,306.0,44609,13704259.1,INE0BJS01011,6964,GO FASHION INDIA LTD,NEW,/home/suruchi-pandey/Projects/Bhavcopy-download-and-mail-code/2026/BhavCopy_NSE_CM_0_0_0_20260918_F_0000.csv
2026-09-18,GODAVARIB,EQ,242.41,243.0,238.55,241.01,80755,19440537.66,INE497S01012,25941,GODAVARI BIOREFINERIES L,NEW,/home/suruchi-pandey/Projects/Bhavcopy-download-and-mail-code/2026/BhavCopy_NSE_CM_0_0_0_20260918_F_0000.csv
2026-09-18,GODFRYPHLP,EQ,1948.0,2018.0,1943.7,2018.0,404029,805384962.1,INE260B01028,1181,GODFREY PHILLIPS INDIA LT,NEW,/home/suruchi-pandey/Projects/Bhavcopy-download-and-mail-code/2026/BhavCopy_NSE_CM_0_0_0_20260918_F_0000.csv
2026-09-18,GODIGIT,EQ,255.5,255.9,235.8,239.0,3424067,826982883.0,INE03JT01014,23799,GO DIGIT GENERAL INS LTD,NEW,/home/suruchi-pandey/Projects/Bhavcopy-download-and-mail-code/2026/BhavCopy_NSE_CM_0_0_0_20260918_F_0000.csv
2026-09-18,GODREJAGRO,EQ,656.3,670.0,645.7,661.6,161090,106027403.9,INE850D01014,144,GODREJ AGROVET LIMITED,NEW,/home/suruchi-pandey/Projects/Bhavcopy-download-and-mail-code/2026/BhavCopy_NSE_CM_0_0_0_20260918_F_0000.csv
2026-09-18,GODREJCP,EQ,875.3,886.0,870.45,880.0,1410736,1241702262.6,INE102D01028,10099,GODREJ CONSUMER PRODUCTS,NEW,/home/suruchi-pandey/Projects/Bhavcopy-download-and-mail-code/2026/BhavCopy_NSE_CM_0_0_0_20260918_F_0000.csv
2026-09-18,GODREJIND,EQ,1127.3,1132.4,1095.1,1107.4,114004,125942864.0,INE233A01035,10925,GODREJ INDUSTRIES LTD,NEW,/home/suruchi-pandey/Projects/Bhavcopy-download-and-mail-code/2026/BhavCopy_NSE_CM_0_0_0_20260918_F_0000.csv
2026-09-18,GODREJPROP,EQ,1686.9,1721.3,1686.6,1691.1,659676,1121483467.5,INE484J01027,17875,GODREJ PROPERTIES LTD,NEW,/home/suruchi-pandey/Projects/Bhavcopy-download-and-mail-code/2026/BhavCopy_NSE_CM_0_0_0_20260918_F_0000.csv
2026-09-18,GOKEX,EQ,732.1,743.9,723.1,727.75,166162,121481653.8,INE887G01027,11778,GOKALDAS EXPORTS LTD.,NEW,/home/suruchi-pandey/Projects/Bhavcopy-download-and-mail-code/2026/BhavCopy_NSE_CM_0_0_0_20260918_F_0000.csv
2026-09-18,GOKUL,EQ,40.48,40.9,39.69,40.43,137161,5490526.34,INE020J01029,16705,GOKUL REFOILS & SOLV LTD,NEW,/home/suruchi-pandey/Projects/Bhavcopy-download-and-mail-code/2026/BhavCopy_NSE_CM_0_0_0_20260918_F_0000.csv
2026-09-18,GOKULAGRO,EQ,219.0,226.98,219.0,224.24,245236,54584624.82,INE314T01033,14480,GOKUL AGRO RESOURCES LTD,NEW,/home/suruchi-pandey/Projects/Bhavcopy-download-and-mail-code/2026/BhavCopy_NSE_CM_0_0_0_20260918_F_0000.csv
2026-09-18,GOLD1,EQ,126.8,128.17,126.64,127.68,1925096,245559548.52,INF174KA1HJ8,14858,KOTAK GOLD ETF,NEW,/home/suruchi-pandey/Projects/Bhavcopy-download-and-mail-code/2026/BhavCopy_NSE_CM_0_0_0_20260918_F_0000.csv
2026-09-18,GOLD360,EQ,148.45,149.85,147.95,149.1,6821,1016378.95,INF579M01BB5,30105,360ONEAMC - GOLD360,NEW,/home/suruchi-pandey/Projects/Bhavcopy-download-and-mail-code/2026/BhavCopy_NSE_CM_0_0_0_20260918_F_0000.csv
2026-09-18,GOLDADD,EQ,14.73,14.93,14.72,14.86,7975560,118632426.73,INF740KA1ZP2,15356,DSPAMC - DSPGOLD,NEW,/home/suruchi-pandey/Projects/Bhavcopy-download-and-mail-code/2026/BhavCopy_NSE_CM_0_0_0_20260918_F_0000.csv
2026-09-18,GOLDAXIS,EQ,126.6,128.16,126.42,127.67,2006311,255826401.66,INF846K01W80,20532,AXISAMC-GOLDAXIS,NEW,/home/suruchi-pandey/Projects/Bhavcopy-download-and-mail-code/2026/BhavCopy_NSE_CM_0_0_0_20260918_F_0000.csv
2026-09-18,GOLDBEES,EQ,125.51,126.95,125.47,126.48,28783409,3636517040.31,INF204KB17I5,14428,NIP IND ETF GOLD BEES,NEW,/home/suruchi-pandey/Projects/Bhavcopy-download-and-mail-code/2026/BhavCopy_NSE_CM_0_0_0_20260918_F_0000.csv
2026-09-18,GOLDBETA,EQ,127.35,129.05,127.35,128.6,806701,103537303.0,INF789F1AUX7,14535,UTIAMC-UTIGOLDBETA,NEW,/home/suruchi-pandey/Projects/Bhavcopy-download-and-mail-code/2026/BhavCopy_NSE_CM_0_0_0_20260918_F_0000.csv
2026-09-18,GOLDBND,EQ,153.56,154.0,150.71,153.21,44050,6723609.25,INF194KB1KJ7,760325,BANDHANAMC - GOLDBND,NEW,/home/suruchi-pandey/Projects/Bhavcopy-download-and-mail-code/2026/BhavCopy_NSE_CM_0_0_0_20260918_F_0000.csv
2026-09-18,GOLDCASE,EQ,23.86,24.2,23.86,24.07,8804176,211748216.87,INF0R8F01042,22901,ZERODHAAMC - GOLDCASE,NEW,/home/suruchi-pandey/Projects/Bhavcopy-download-and-mail-code/2026/BhavCopy_NSE_CM_0_0_0_20260918_F_0000.csv
2026-09-18,GOLDETF,EQ,147.29,149.02,147.29,148.57,2707257,401796319.04,INF769K01JP9,14286,MIRAEAMC - MAGOLDETF,NEW,/home/suruchi-pandey/Projects/Bhavcopy-download-and-mail-code/2026/BhavCopy_NSE_CM_0_0_0_20260918_F_0000.csv
2026-09-18,GOLDIAM,EQ,325.9,329.2,322.1,326.75,282706,92075326.45,INE025B01025,11971,GOLDIAM INTERNATIONAL LTD,NEW,/home/suruchi-pandey/Projects/Bhavcopy-download-and-mail-code/2026/BhavCopy_NSE_CM_0_0_0_20260918_F_0000.csv
2026-09-18,GOLDIETF,EQ,129.82,131.62,129.82,131.16,4606964,603251090.52,INF109KC1NT3,19679,ICICI PRUDENTIAL GOLD ETF,NEW,/home/suruchi-pandey/Projects/Bhavcopy-download-and-mail-code/2026/BhavCopy_NSE_CM_0_0_0_20260918_F_0000.csv
2026-09-18,GOODLUCK,EQ,509.9,523.5,509.9,517.25,363708,188724348.3,INE127I01024,6125,GOODLUCK INDIA LIMITED,NEW,/home/suruchi-pandey/Projects/Bhavcopy-download-and-mail-code/2026/BhavCopy_NSE_CM_0_0_0_20260918_F_0000.csv
2026-09-18,GOODYEAR,EQ,704.6,716.55,702.0,704.85,5290,3735608.9,INE533A01012,1205,GOODYEAR INDIA LIMITED,NEW,/home/suruchi-pandey/Projects/Bhavcopy-download-and-mail-code/2026/BhavCopy_NSE_CM_0_0_0_20260918_F_0000.csv
2026-09-18,GOPAL,EQ,252.25,257.4,248.25,256.75,121271,30546695.25,INE0L9R01028,23066,GOPAL SNACKS LIMITED,NEW,/home/suruchi-pandey/Projects/Bhavcopy-download-and-mail-code/2026/BhavCopy_NSE_CM_0_0_0_20260918_F_0000.csv
2026-09-18,GOYALALUM,EQ,5.85,5.99,5.3,5.77,189846,1076493.97,INE705X01026,11787,GOYAL ALUMINIUMS LIMITED,NEW,/home/suruchi-pandey/Projects/Bhavcopy-download-and-mail-code/2026/BhavCopy_NSE_CM_0_0_0_20260918_F_0000.csv
2026-09-18,GPIL,EQ,238.39,239.42,232.3,233.47,1620482,380195797.73,INE177H01039,13409,GODAWARI POW & ISP LTD,NEW,/home/suruchi-pandey/Projects/Bhavcopy-download-and-mail-code/2026/BhavCopy_NSE_CM_0_0_0_20260918_F_0000.csv
2026-09-18,GPPL,EQ,162.9,163.2,158.35,160.35,1713766,273742222.79,INE517F01014,19731,GUJARAT PIPAVAV PORT LTD,NEW,/home/suruchi-pandey/Projects/Bhavcopy-download-and-mail-code/2026/BhavCopy_NSE_CM_0_0_0_20260918_F_0000.csv
2026-09-18,GPTHEALTH,EQ,164.3,170.4,163.61,166.21,319398,53549327.96,INE486R01017,22846,GPT HEALTHCARE LIMITED,NEW,/home/suruchi-pandey/Projects/Bhavcopy-download-and-mail-code/2026/BhavCopy_NSE_CM_0_0_0_20260918_F_0000.csv
2026-09-18,GPTINFRA,EQ,119.17,123.32,116.35,118.96,3008060,360210246.94,INE390G01014,17685,GPT INFRAPROJECTS LTD,NEW,/home/suruchi-pandey/Projects/Bhavcopy-download-and-mail-code/2026/BhavCopy_NSE_CM_0_0_0_20260918_F_0000.csv
2026-09-18,GRANDOAK,EQ,35.48,35.48,33.55,34.23,2900,99569.85,INE926B01016,762695,GRAND OAK CANYONS DIST L,NEW,/home/suruchi-pandey/Projects/Bhavcopy-download-and-mail-code/2026/BhavCopy_NSE_CM_0_0_0_20260918_F_0000.csv
2026-09-18,GRANULES,EQ,874.0,890.4,865.9,875.5,1200729,1054166951.1,INE101D01020,11872,GRANULES INDIA LIMITED,NEW,/home/suruchi-pandey/Projects/Bhavcopy-download-and-mail-code/2026/BhavCopy_NSE_CM_0_0_0_20260918_F_0000.csv
2026-09-18,GRAPHITE,EQ,815.0,838.0,810.0,830.85,2312208,1916247994.9,INE371A01025,592,GRAPHITE INDIA LTD,NEW,/home/suruchi-pandey/Projects/Bhavcopy-download-and-mail-code/2026/BhavCopy_NSE_CM_0_0_0_20260918_F_0000.csv
2026-09-18,GRASIM,EQ,3175.0,3209.2,3174.5,3209.2,682793,2181249956.4,INE047A01021,1232,GRASIM INDUSTRIES LTD,NEW,/home/suruchi-pandey/Projects/Bhavcopy-download-and-mail-code/2026/BhavCopy_NSE_CM_0_0_0_20260918_F_0000.csv
2026-09-18,GRAUWEIL,EQ,83.0,88.53,82.25,86.62,14617872,1269894440.28,INE266D01021,5200,GRAUER & WEIL IND LTD,NEW,/home/suruchi-pandey/Projects/Bhavcopy-download-and-mail-code/2026/BhavCopy_NSE_CM_0_0_0_20260918_F_0000.csv
2026-09-18,GRAVITA,EQ,1611.6,1636.0,1585.7,1598.4,377745,605889626.4,INE024L01027,20534,GRAVITA INDIA LIMITED,NEW,/home/suruchi-pandey/Projects/Bhavcopy-download-and-mail-code/2026/BhavCopy_NSE_CM_0_0_0_20260918_F_0000.csv
2026-09-18,GREAVESCOT,EQ,192.1,200.13,192.1,197.35,1549231,305918015.52,INE224A01026,1235,GREAVES COTTON LTD.,NEW,/home/suruchi-pandey/Projects/Bhavcopy-download-and-mail-code/2026/BhavCopy_NSE_CM_0_0_0_20260918_F_0000.csv
2026-09-18,GREENLAM,EQ,236.0,238.19,228.96,231.51,75198,17416586.69,INE544R01021,6848,GREENLAM INDUSTRIES LTD.,NEW,/home/suruchi-pandey/Projects/Bhavcopy-download-and-mail-code/2026/BhavCopy_NSE_CM_0_0_0_20260918_F_0000.csv
2026-09-18,GREENPANEL,EQ,158.5,159.9,154.48,157.83,701624,109677963.46,INE08ZM01014,13810,GREENPANEL INDUSTRIES LTD,NEW,/home/suruchi-pandey/Projects/Bhavcopy-download-and-mail-code/2026/BhavCopy_NSE_CM_0_0_0_20260918_F_0000.csv
2026-09-18,GREENPLY,EQ,291.25,296.95,288.55,292.85,221495,64854450.65,INE461C01038,3987,GREENPLY INDUSTRIES LTD,NEW,/home/suruchi-pandey/Projects/Bhavcopy-download-and-mail-code/2026/BhavCopy_NSE_CM_0_0_0_20260918_F_0000.csv
2026-09-18,GREENPOWER,EQ,9.4,9.4,9.0,9.05,3333043,30405190.84,INE999K01014,20110,ORIENT GREEN POWER CO LTD,NEW,/home/suruchi-pandey/Projects/Bhavcopy-download-and-mail-code/2026/BhavCopy_NSE_CM_0_0_0_20260918_F_0000.csv
2026-09-18,GRINDWELL,EQ,1862.0,1914.0,1862.0,1895.6,41705,79031348.8,INE536A01023,13560,GRINDWELL NORTON LIMITED,NEW,/home/suruchi-pandey/Projects/Bhavcopy-download-and-mail-code/2026/BhavCopy_NSE_CM_0_0_0_20260918_F_0000.csv
2026-09-18,GRINFRA,EQ,823.15,837.8,815.1,825.9,47000,38839717.4,INE201P01022,5054,G R INFRAPROJECTS LIMITED,NEW,/home/suruchi-pandey/Projects/Bhavcopy-download-and-mail-code/2026/BhavCopy_NSE_CM_0_0_0_20260918_F_0000.csv
2026-09-18,GRMOVER,EQ,80.0,82.38,79.76,81.64,1123465,91546858.38,INE192H01020,10871,GRM OVERSEAS LIMITED,NEW,/home/suruchi-pandey/Projects/Bhavcopy-download-and-mail-code/2026/BhavCopy_NSE_CM_0_0_0_20260918_F_0000.csv
2026-09-18,GROBTEA,EQ,925.0,925.0,921.0,921.9,139,128224.0,INE646C01018,17770,THE GROB TEA COMPANY LTD,NEW,/home/suruchi-pandey/Projects/Bhavcopy-download-and-mail-code/2026/BhavCopy_NSE_CM_0_0_0_20260918_F_0000.csv
2026-09-18,GROWW,EQ,189.0,195.5,185.7,191.76,73111303,13939144333.92,INE0HOQ01053,759806,BILLIONBRAINS GARAGE VN L,NEW,/home/suruchi-pandey/Projects/Bhavcopy-download-and-mail-code/2026/BhavCopy_NSE_CM_0_0_0_20260918_F_0000.csv
2026-09-18,GROWWCAPM,EQ,11.29,11.29,11.1,11.24,516604,5792577.72,INF666M01MM4,760051,GROWWAMC - GROWWCAPM,NEW,/home/suruchi-pandey/Projects/Bhavcopy-download-and-mail-code/2026/BhavCopy_NSE_CM_0_0_0_20260918_F_0000.csv
2026-09-18,GROWWCHEM,EQ,29.37,29.37,28.76,29.3,29833,872746.37,INF666M01NP5,760673,GROWWAMC - GROWWCHEM,NEW,/home/suruchi-pandey/Projects/Bhavcopy-download-and-mail-code/2026/BhavCopy_NSE_CM_0_0_0_20260918_F_0000.csv
2026-09-18,GROWWDEFNC,EQ,93.38,94.35,92.31,93.86,167199,15665781.26,INF666M01IO8,25758,GROWWAMC - GROWWDEFNC,NEW,/home/suruchi-pandey/Projects/Bhavcopy-download-and-mail-code/2026/BhavCopy_NSE_CM_0_0_0_20260918_F_0000.csv
2026-09-18,GROWWEV,EQ,32.18,32.18,31.69,31.94,137774,4384725.77,INF666M01IH2,24798,GROWWAMC - GROWWEV,NEW,/home/suruchi-pandey/Projects/Bhavcopy-download-and-mail-code/2026/BhavCopy_NSE_CM_0_0_0_20260918_F_0000.csv
2026-09-18,GROWWGOLD,EQ,14.81,14.99,14.81,14.94,1882882,28084620.9,INF666M01OE7,25872,GROWWAMC - GROWWGOLD,NEW,/home/suruchi-pandey/Projects/Bhavcopy-download-and-mail-code/2026/BhavCopy_NSE_CM_0_0_0_20260918_F_0000.csv
2026-09-18,GROWWHOSPI,EQ,52.22,53.16,52.14,53.01,266394,14088600.97,INF666M01OD9,760874,GROWWAMC - GROWWHOSPI,NEW,/home/suruchi-pandey/Projects/Bhavcopy-download-and-mail-code/2026/BhavCopy_NSE_CM_0_0_0_20260918_F_0000.csv
2026-09-18,GROWWLIQID,EQ,110.81,110.82,110.81,110.81,102618,11371333.66,INF666M01IP5,25447,GROWWAMC - GROWWLIQID,NEW,/home/suruchi-pandey/Projects/Bhavcopy-download-and-mail-code/2026/BhavCopy_NSE_CM_0_0_0_20260918_F_0000.csv
2026-09-18,GROWWLOVOL,EQ,10.08,10.24,10.08,10.12,13538,137007.55,INF666M01LB9,758300,GROWWAMC - GROWWLOVOL,NEW,/home/suruchi-pandey/Projects/Bhavcopy-download-and-mail-code/2026/BhavCopy_NSE_CM_0_0_0_20260918_F_0000.csv
2026-09-18,GROWWMC150,EQ,226.64,228.98,226.44,228.5,165,37541.85,INF666M01MV5,759719,GROWWAMC - GROWWMC150,NEW,/home/suruchi-pandey/Projects/Bhavcopy-download-and-mail-code/2026/BhavCopy_NSE_CM_0_0_0_20260918_F_0000.csv
2026-09-18,GROWWMETAL,EQ,12.2,12.44,12.2,12.37,443476,5482985.83,INF666M01NI0,760438,GROWWAMC - GROWWMETAL,NEW,/home/suruchi-pandey/Projects/Bhavcopy-download-and-mail-code/2026/BhavCopy_NSE_CM_0_0_0_20260918_F_0000.csv
2026-09-18,GROWWMOM50,EQ,10.8,10.96,10.77,10.88,144864,1573356.82,INF666M01KJ4,756086,GROWWAMC - GROWWMOM50,NEW,/home/suruchi-pandey/Projects/Bhavcopy-download-and-mail-code/2026/BhavCopy_NSE_CM_0_0_0_20260918_F_0000.csv
2026-09-18,GROWWN200,EQ,11.04,11.22,10.91,11.12,14116,156069.49,INF666M01JV1,29872,GROWWAMC - GROWWN200,NEW,/home/suruchi-pandey/Projects/Bhavcopy-download-and-mail-code/2026/BhavCopy_NSE_CM_0_0_0_20260918_F_0000.csv
2026-09-18,GROWWNET,EQ,10.68,11.05,10.68,10.92,446972,4865671.41,INF666M01LI4,757814,GROWWAMC - GROWWNET,NEW,/home/suruchi-pandey/Projects/Bhavcopy-download-and-mail-code/2026/BhavCopy_NSE_CM_0_0_0_20260918_F_0000.csv
2026-09-18,GROWWNIFTY,EQ,9.65,9.65,9.4,9.48,375003,3544158.38,INF666M01LL8,758697,GROWWAMC - GROWWNIFTY,NEW,/home/suruchi-pandey/Projects/Bhavcopy-download-and-mail-code/2026/BhavCopy_NSE_CM_0_0_0_20260918_F_0000.csv
2026-09-18,GROWWNXT50,EQ,71.46,72.75,71.46,72.64,1327,95840.22,INF666M01LZ8,759458,GROWWAMC - GROWWNXT50,NEW,/home/suruchi-pandey/Projects/Bhavcopy-download-and-mail-code/2026/BhavCopy_NSE_CM_0_0_0_20260918_F_0000.csv
2026-09-18,GROWWPOWER,EQ,11.06,11.26,10.98,11.21,1720753,19239069.17,INF666M01LM6,758165,GROWWAMC - GROWWPOWER,NEW,/home/suruchi-pandey/Projects/Bhavcopy-download-and-mail-code/2026/BhavCopy_NSE_CM_0_0_0_20260918_F_0000.csv
2026-09-18,GROWWPSE,EQ,96.57,98.8,94.6,98.36,2729,265287.17,INF666M01NQ3,760976,GROWWAMC - GROWWPSE,NEW,/home/suruchi-pandey/Projects/Bhavcopy-download-and-mail-code/2026/BhavCopy_NSE_CM_0_0_0_20260918_F_0000.csv
2026-09-18,GROWWPSUBK,EQ,81.11,84.6,81.11,83.61,12152,1011940.23,INF666M01OG2,761514,GROWWAMC - GROWWPSUBK,NEW,/home/suruchi-pandey/Projects/Bhavcopy-download-and-mail-code/2026/BhavCopy_NSE_CM_0_0_0_20260918_F_0000.csv
2026-09-18,GROWWRAIL,EQ,27.12,27.59,26.95,27.44,641865,17541655.4,INF666M01JJ6,29527,GROWWAMC - GROWWRAIL,NEW,/home/suruchi-pandey/Projects/Bhavcopy-download-and-mail-code/2026/BhavCopy_NSE_CM_0_0_0_20260918_F_0000.csv
2026-09-18,GROWWRLTY,EQ,9.49,9.56,9.39,9.54,2189718,20829243.83,INF666M01MN2,759428,GROWWAMC - GROWWRLTY,NEW,/home/suruchi-pandey/Projects/Bhavcopy-download-and-mail-code/2026/BhavCopy_NSE_CM_0_0_0_20260918_F_0000.csv
2026-09-18,GROWWSC250,EQ,10.69,10.69,10.38,10.54,183371,1925056.46,INF666M01MO0,759522,GROWWAMC - GROWWSC250,NEW,/home/suruchi-pandey/Projects/Bhavcopy-download-and-mail-code/2026/BhavCopy_NSE_CM_0_0_0_20260918_F_0000.csv
2026-09-18,GROWWSLVR,EQ,22.5,23.06,22.5,22.92,2841992,65012241.99,INF666M01OF4,756827,GROWWAMC - GROWWSLVR,NEW,/home/suruchi-pandey/Projects/Bhavcopy-download-and-mail-code/2026/BhavCopy_NSE_CM_0_0_0_20260918_F_0000.csv
2026-09-18,GRPLTD,EQ,2018.3,2021.5,1974.2,2008.2,1162,2324263.6,INE137I01015,6543,GRP LIMITED,NEW,/home/suruchi-pandey/Projects/Bhavcopy-download-and-mail-code/2026/BhavCopy_NSE_CM_0_0_0_20260918_F_0000.csv
2026-09-18,GRSE,EQ,2349.0,2430.0,2345.0,2411.8,531793,1276389611.9,INE382Z01011,5475,GARDEN REACH SHIP&ENG LTD,NEW,/home/suruchi-pandey/Projects/Bhavcopy-download-and-mail-code/2026/BhavCopy_NSE_CM_0_0_0_20260918_F_0000.csv
2026-09-18,GRWRHITECH,EQ,6520.0,6761.5,6520.0,6724.5,29770,198878261.5,INE291A01017,7982,GARWARE HI-TECH FILMS LTD,NEW,/home/suruchi-pandey/Projects/Bhavcopy-download-and-mail-code/2026/BhavCopy_NSE_CM_0_0_0_20260918_F_0000.csv
2026-09-18,GSEC10IETF,EQ,263.97,263.97,263.97,263.97,2,527.94,INF109KC18O0,13143,ICICIPRAMC - ICICI10GS,NEW,/home/suruchi-pandey/Projects/Bhavcopy-download-and-mail-code/2026/BhavCopy_NSE_CM_0_0_0_20260918_F_0000.csv
2026-09-18,GSEC10YEAR,EQ,30.35,30.35,30.19,30.31,279,8439.81,INF769K01KF8,14938,MIRAEAMC - MAGS813ETF,NEW,/home/suruchi-pandey/Projects/Bhavcopy-download-and-mail-code/2026/BhavCopy_NSE_CM_0_0_0_20260918_F_0000.csv
2026-09-18,GSEC5IETF,EQ,65.64,66.4,65.64,66.4,563,37227.62,INF109KC14A8,8342,ICICIPRAMC - ICICI5GSEC,NEW,/home/suruchi-pandey/Projects/Bhavcopy-download-and-mail-code/2026/BhavCopy_NSE_CM_0_0_0_20260918_F_0000.csv
2026-09-18,GSFC,EQ,153.05,153.72,150.35,151.92,1280620,194315622.19,INE026A01025,1247,GUJ STATE FERT & CHEM LTD,NEW,/home/suruchi-pandey/Projects/Bhavcopy-download-and-mail-code/2026/BhavCopy_NSE_CM_0_0_0_20260918_F_0000.csv
2026-09-18,GSLSU,EQ,27.27,28.78,27.27,28.04,24429,682845.32,INE0JSX01015,14599,GLOBAL SURFACES LIMITED,NEW,/home/suruchi-pandey/Projects/Bhavcopy-download-and-mail-code/2026/BhavCopy_NSE_CM_0_0_0_20260918_F_0000.csv
2026-09-18,GSPCROP,EQ,482.0,493.85,479.0,482.1,277176,134293146.2,INE713R01022,762239,GSP CROP SCIENCE LIMITED,NEW,/home/suruchi-pandey/Projects/Bhavcopy-download-and-mail-code/2026/BhavCopy_NSE_CM_0_0_0_20260918_F_0000.csv
2026-09-18,GSS,EQ,10.28,10.6,10.08,10.37,31000,321049.54,INE871H01011,15347,GSS INFOTECH LIMITED,NEW,/home/suruchi-pandey/Projects/Bhavcopy-download-and-mail-code/2026/BhavCopy_NSE_CM_0_0_0_20260918_F_0000.csv
2026-09-18,GTECJAINX,EQ,26.78,28.38,26.0,26.86,8169,225592.87,INE586X01012,1129,G-TEC JAINX EDUCATION LTD,NEW,/home/suruchi-pandey/Projects/Bhavcopy-download-and-mail-code/2026/BhavCopy_NSE_CM_0_0_0_20260918_F_0000.csv
2026-09-18,GTL,EQ,7.02,7.15,7.02,7.09,57543,406406.73,INE043A01012,1162,GTL LTD,NEW,/home/suruchi-pandey/Projects/Bhavcopy-download-and-mail-code/2026/BhavCopy_NSE_CM_0_0_0_20260918_F_0000.csv
2026-09-18,GTLINFRA,EQ,1.14,1.17,1.13,1.15,29685116,34131319.57,INE221H01019,13745,GTL INFRA.LTD,NEW,/home/suruchi-pandey/Projects/Bhavcopy-download-and-mail-code/2026/BhavCopy_NSE_CM_0_0_0_20260918_F_0000.csv
2026-09-18,GTPL,EQ,57.68,57.9,56.8,56.96,73098,4175926.24,INE869I01013,21195,GTPL HATHWAY LIMITED,NEW,/home/suruchi-pandey/Projects/Bhavcopy-download-and-mail-code/2026/BhavCopy_NSE_CM_0_0_0_20260918_F_0000.csv
2026-09-18,GUFICBIO,EQ,422.3,439.9,422.3,436.0,58865,25598439.85,INE742B01025,11606,GUFIC BIOSCIENCES LTD.,NEW,/home/suruchi-pandey/Projects/Bhavcopy-download-and-mail-code/2026/BhavCopy_NSE_CM_0_0_0_20260918_F_0000.csv
2026-09-18,GUJALKALI,EQ,661.55,668.8,631.1,638.7,217900,139851685.7,INE186A01019,1267,GUJARAT ALKALIES & CHEM,NEW,/home/suruchi-pandey/Projects/Bhavcopy-download-and-mail-code/2026/BhavCopy_NSE_CM_0_0_0_20260918_F_0000.csv
2026-09-18,GUJAPOLLO,EQ,333.95,354.95,324.0,350.1,36321,12340359.3,INE826C01016,14677,GUJ. APOLLO IND. LTD.,NEW,/home/suruchi-pandey/Projects/Bhavcopy-download-and-mail-code/2026/BhavCopy_NSE_CM_0_0_0_20260918_F_0000.csv
2026-09-18,GUJENERGY,EQ,239.95,251.0,238.4,244.64,6160841,1507315683.14,INE844O01030,10599,GUJARAT ENERGY LIMITED,NEW,/home/suruchi-pandey/Projects/Bhavcopy-download-and-mail-code/2026/BhavCopy_NSE_CM_0_0_0_20260918_F_0000.csv
2026-09-18,GUJRAFFIA,EQ,40.91,41.8,40.05,40.25,3547,143629.23,INE610B01024,4548,GUJARAT RAFFIA INDUST LTD,NEW,/home/suruchi-pandey/Projects/Bhavcopy-download-and-mail-code/2026/BhavCopy_NSE_CM_0_0_0_20260918_F_0000.csv
2026-09-18,GUJTHEM,EQ,420.15,440.0,418.5,427.4,580582,251433087.15,INE942C01045,29731,GUJARAT THEMIS BIOSYN LTD,NEW,/home/suruchi-pandey/Projects/Bhavcopy-download-and-mail-code/2026/BhavCopy_NSE_CM_0_0_0_20260918_F_0000.csv
2026-09-18,GULFOILLUB,EQ,1070.9,1073.1,1061.3,1070.1,30222,32317506.5,INE635Q01029,4391,GULF OIL LUB. IND. LTD.,NEW,/home/suruchi-pandey/Projects/Bhavcopy-download-and-mail-code/2026/BhavCopy_NSE_CM_0_0_0_20260918_F_0000.csv
2026-09-18,GULPOLY,EQ,171.25,172.0,168.17,169.99,99834,16956678.19,INE255D01024,6286,GULSHAN POLYOLS LIMITED,NEW,/home/suruchi-pandey/Projects/Bhavcopy-download-and-mail-code/2026/BhavCopy_NSE_CM_0_0_0_20260918_F_0000.csv
2026-09-18,GVPIL,EQ,631.0,656.1,628.85,656.1,128144,83310866.85,INE878A01011,7862,GE POWER INDIA LIMITED,NEW,/home/suruchi-pandey/Projects/Bhavcopy-download-and-mail-code/2026/BhavCopy_NSE_CM_0_0_0_20260918_F_0000.csv
2026-09-18,GVT&D,EQ,4389.8,4433.9,4357.5,4385.0,809572,3552376124.2,INE200A01026,16783,GE VERNOVA T&D INDIA LTD,NEW,/home/suruchi-pandey/Projects/Bhavcopy-download-and-mail-code/2026/BhavCopy_NSE_CM_0_0_0_20260918_F_0000.csv
2026-09-18,GYFTR,EQ,177.51,182.49,168.18,171.05,223375,38268025.63,INE724A01017,764050,GYFTR LIMITED,NEW,/home/suruchi-pandey/Projects/Bhavcopy-download-and-mail-code/2026/BhavCopy_NSE_CM_0_0_0_20260918_F_0000.csv
2026-09-18,HAL,EQ,4804.9,4890.0,4780.0,4800.3,972849,4705232063.3,INE066F01020,2303,HINDUSTAN AERONAUTICS LTD,NEW,/home/suruchi-pandey/Projects/Bhavcopy-download-and-mail-code/2026/BhavCopy_NSE_CM_0_0_0_20260918_F_0000.csv
2026-09-18,HALDER,EQ,286.2,293.1,277.0,280.95,482,137675.75,INE115S01010,760715,HALDER VENTURE LIMITED,NEW,/home/suruchi-pandey/Projects/Bhavcopy-download-and-mail-code/2026/BhavCopy_NSE_CM_0_0_0_20260918_F_0000.csv
2026-09-18,HALEOSLABS,EQ,1493.5,1524.9,1470.0,1497.6,777,1160704.8,INE320X01016,21551,HALEOS LABS LIMITED,NEW,/home/suruchi-pandey/Projects/Bhavcopy-download-and-mail-code/2026/BhavCopy_NSE_CM_0_0_0_20260918_F_0000.csv
2026-09-18,HAMPTON,EQ,8.99,8.99,7.93,8.22,115275,947454.43,INE299D01022,765075,HAMPTON SKY REALTY LTD.,NEW,/home/suruchi-pandey/Projects/Bhavcopy-download-and-mail-code/2026/BhavCopy_NSE_CM_0_0_0_20260918_F_0000.csv
2026-09-18,HAPPSTMNDS,EQ,329.0,329.8,319.0,321.55,860696,278237797.6,INE419U01012,48,HAPPIEST MINDS TECHNO LTD,NEW,/home/suruchi-pandey/Projects/Bhavcopy-download-and-mail-code/2026/BhavCopy_NSE_CM_0_0_0_20260918_F_0000.csv
2026-09-18,HAPPYFORGE,EQ,2177.8,2180.9,2140.0,2148.3,61172,131999844.2,INE330T01021,20854,HAPPY FORGINGS LIMITED,NEW,/home/suruchi-pandey/Projects/Bhavcopy-download-and-mail-code/2026/BhavCopy_NSE_CM_0_0_0_20260918_F_0000.csv
2026-09-18,HARDWYN,EQ,9.12,9.24,9.02,9.16,693563,6328363.7,INE626Z01029,8962,HARDWYN INDIA LIMITED,NEW,/home/suruchi-pandey/Projects/Bhavcopy-download-and-mail-code/2026/BhavCopy_NSE_CM_0_0_0_20260918_F_0000.csv
2026-09-18,HARIOMPIPE,EQ,354.95,369.95,348.9,362.9,170163,61625035.9,INE00EV01017,8968,HARIOM PIPE INDUSTRIES L,NEW,/home/suruchi-pandey/Projects/Bhavcopy-download-and-mail-code/2026/BhavCopy_NSE_CM_0_0_0_20260918_F_0000.csv
2026-09-18,HARRMALAYA,EQ,183.45,183.45,178.0,178.49,10216,1838249.32,INE544A01019,1313,HARRISON MALAYALAM LTD,NEW,/home/suruchi-pandey/Projects/Bhavcopy-download-and-mail-code/2026/BhavCopy_NSE_CM_0_0_0_20260918_F_0000.csv
2026-09-18,HARSHA,EQ,435.25,451.0,435.25,440.45,92889,41192353.85,INE0JUS01029,11162,HARSHA ENGINEERS INT LTD,NEW,/home/suruchi-pandey/Projects/Bhavcopy-download-and-mail-code/2026/BhavCopy_NSE_CM_0_0_0_20260918_F_0000.csv
2026-09-18,HATHWAY,EQ,10.02,10.1,9.91,9.98,1165234,11658942.55,INE982F01036,18154,HATHWAY CABLE & DATACOM,NEW,/home/suruchi-pandey/Projects/Bhavcopy-download-and-mail-code/2026/BhavCopy_NSE_CM_0_0_0_20260918_F_0000.csv
2026-09-18,HATSUN,EQ,1186.9,1186.9,1125.1,1139.1,78526,89957833.9,INE473B01035,3892,HATSUN AGRO PRODUCT LTD.,NEW,/home/suruchi-pandey/Projects/Bhavcopy-download-and-mail-code/2026/BhavCopy_NSE_CM_0_0_0_20260918_F_0000.csv
2026-09-18,HAVELLS,EQ,1086.0,1132.4,1086.0,1132.4,745375,825560776.6,INE176B01034,9819,HAVELLS INDIA LIMITED,NEW,/home/suruchi-pandey/Projects/Bhavcopy-download-and-mail-code/2026/BhavCopy_NSE_CM_0_0_0_20260918_F_0000.csv
2026-09-18,HAVISHA,EQ,1.38,1.38,1.31,1.33,14206,18872.93,INE293B01029,7457,SRI HAVISHA HOSP & INFR L,NEW,/home/suruchi-pandey/Projects/Bhavcopy-download-and-mail-code/2026/BhavCopy_NSE_CM_0_0_0_20260918_F_0000.csv
2026-09-18,HAWKINCOOK,EQ,8364.5,8364.5,8250.0,8286.0,937,7775030.5,INE979B01015,4444,HAWKINS COOKERS LTD,NEW,/home/suruchi-pandey/Projects/Bhavcopy-download-and-mail-code/2026/BhavCopy_NSE_CM_0_0_0_20260918_F_0000.csv
2026-09-18,HAZOOR,EQ,18.55,19.9,17.75,19.3,2904804,55635282.1,INE550F01049,764693,HAZOOR MULTI PROJECTS LTD,NEW,/home/suruchi-pandey/Projects/Bhavcopy-download-and-mail-code/2026/BhavCopy_NSE_CM_0_0_0_20260918_F_0000.csv
2026-09-18,HBESD,EQ,70.0,74.5,69.3,73.57,1323,94975.16,INE640B01021,762712,H B ESTATE DEVELOPERS L,NEW,/home/suruchi-pandey/Projects/Bhavcopy-download-and-mail-code/2026/BhavCopy_NSE_CM_0_0_0_20260918_F_0000.csv
2026-09-18,HBLENGINE,EQ,754.0,768.0,751.0,760.0,1898943,1443078746.3,INE292B01021,13966,HBL ENGINEERING LTD,NEW,/home/suruchi-pandey/Projects/Bhavcopy-download-and-mail-code/2026/BhavCopy_NSE_CM_0_0_0_20260918_F_0000.csv
2026-09-18,HBPOR,EQ,61.5,62.93,60.68,61.0,788,48367.15,INE638B01025,765080,HB PORTFOLIO LTD.,NEW,/home/suruchi-pandey/Projects/Bhavcopy-download-and-mail-code/2026/BhavCopy_NSE_CM_0_0_0_20260918_F_0000.csv
2026-09-18,HBSL,EQ,53.33,53.33,52.0,52.68,1597,83763.55,INE550B01022,4116,HB STOCKHOLDINGS LIMITED,NEW,/home/suruchi-pandey/Projects/Bhavcopy-download-and-mail-code/2026/BhavCopy_NSE_CM_0_0_0_20260918_F_0000.csv
2026-09-18,HCC,EQ,21.72,21.9,21.37,21.77,16759566,362666811.04,INE549A01026,1375,HINDUSTAN CONSTRUCTION CO,NEW,/home/suruchi-pandey/Projects/Bhavcopy-download-and-mail-code/2026/BhavCopy_NSE_CM_0_0_0_20260918_F_0000.csv
2026-09-18,HCG,EQ,693.45,715.0,693.2,708.25,82273,58257324.5,INE075I01017,15555,HEALTHCARE GLOB. ENT. LTD,NEW,/home/suruchi-pandey/Projects/Bhavcopy-download-and-mail-code/2026/BhavCopy_NSE_CM_0_0_0_20260918_F_0000.csv
2026-09-18,HCL-INSYS,EQ,10.2,10.6,10.05,10.47,494275,5123390.79,INE236A01020,1327,HCL INFOSYSTEMS LTD,NEW,/home/suruchi-pandey/Projects/Bhavcopy-download-and-mail-code/2026/BhavCopy_NSE_CM_0_0_0_20260918_F_0000.csv
2026-09-18,HCLTECH,EQ,1258.3,1260.8,1235.6,1249.3,2886447,3593799548.9,INE860A01027,7229,HCL TECHNOLOGIES LTD,NEW,/home/suruchi-pandey/Projects/Bhavcopy-download-and-mail-code/2026/BhavCopy_NSE_CM_0_0_0_20260918_F_0000.csv
2026-09-18,HDBFS,EQ,678.0,701.55,674.15,698.4,780230,539824432.0,INE756I01012,757772,HDB FINANCIAL SERVICES L,NEW,/home/suruchi-pandey/Projects/Bhavcopy-download-and-mail-code/2026/BhavCopy_NSE_CM_0_0_0_20260918_F_0000.csv
2026-09-18,HDFCAMC,EQ,2405.6,2439.0,2401.2,2425.0,1040790,2523946181.2,INE127D01025,4244,HDFC AMC LIMITED,NEW,/home/suruchi-pandey/Projects/Bhavcopy-download-and-mail-code/2026/BhavCopy_NSE_CM_0_0_0_20260918_F_0000.csv
2026-09-18,HDFCBANK,EQ,715.25,733.8,715.25,731.0,39400710,28683851493.85,INE040A01034,1333,HDFC BANK LTD,NEW,/home/suruchi-pandey/Projects/Bhavcopy-download-and-mail-code/2026/BhavCopy_NSE_CM_0_0_0_20260918_F_0000.csv
2026-09-18,HDFCBSE500,EQ,36.31,37.61,36.31,36.91,202980,7483504.71,INF179KC1EZ4,14230,HDFCAMC - HDFCBSE500,NEW,/home/suruchi-pandey/Projects/Bhavcopy-download-and-mail-code/2026/BhavCopy_NSE_CM_0_0_0_20260918_F_0000.csv
2026-09-18,HDFCGOLD,EQ,130.0,131.06,129.67,130.64,3837028,500884779.42,INF179KC1981,19543,HDFC GOLD ETF,NEW,/home/suruchi-pandey/Projects/Bhavcopy-download-and-mail-code/2026/BhavCopy_NSE_CM_0_0_0_20260918_F_0000.csv
2026-09-18,HDFCGROWTH,EQ,115.6,115.64,114.3,114.77,17188,1971136.83,INF179KC1DJ0,11241,HDFCAMC - HDFCGROWTH,NEW,/home/suruchi-pandey/Projects/Bhavcopy-download-and-mail-code/2026/BhavCopy_NSE_CM_0_0_0_20260918_F_0000.csv
2026-09-18,HDFCLIFE,EQ,557.1,564.95,550.95,550.95,5599030,3126717366.2,INE795G01014,467,HDFC LIFE INS CO LTD,NEW,/home/suruchi-pandey/Projects/Bhavcopy-download-and-mail-code/2026/BhavCopy_NSE_CM_0_0_0_20260918_F_0000.csv
2026-09-18,HDFCLIQUID,EQ,1078.61,1078.63,1078.61,1078.63,10808,11657662.9,INF179KC1JG3,18279,HDFCAMC - HDFCLIQUID,NEW,/home/suruchi-pandey/Projects/Bhavcopy-download-and-mail-code/2026/BhavCopy_NSE_CM_0_0_0_20260918_F_0000.csv
2026-09-18,HDFCLOWVOL,EQ,19.6,20.29,19.6,19.9,5708,113708.81,INF179KC1HU8,11547,HDFCAMC - HDFCLOWVOL,NEW,/home/suruchi-pandey/Projects/Bhavcopy-download-and-mail-code/2026/BhavCopy_NSE_CM_0_0_0_20260918_F_0000.csv
2026-09-18,HDFCMID150,EQ,23.3,23.3,22.92,23.12,361504,8332153.34,INF179KC1HT0,14236,HDFCAMC - HDFCMID150,NEW,/home/suruchi-pandey/Projects/Bhavcopy-download-and-mail-code/2026/BhavCopy_NSE_CM_0_0_0_20260918_F_0000.csv
2026-09-18,HDFCMOMENT,EQ,30.4,30.83,30.4,30.72,113697,3489689.0,INF179KC1HV6,11538,HDFCAMC - HDFCMOMENT,NEW,/home/suruchi-pandey/Projects/Bhavcopy-download-and-mail-code/2026/BhavCopy_NSE_CM_0_0_0_20260918_F_0000.csv
2026-09-18,HDFCNEXT50,EQ,73.05,73.99,73.05,73.88,38062,2800584.6,INF179KC1HS2,10619,HDFCAMC - HDFCNEXT50,NEW,/home/suruchi-pandey/Projects/Bhavcopy-download-and-mail-code/2026/BhavCopy_NSE_CM_0_0_0_20260918_F_0000.csv
2026-09-18,HDFCNIF100,EQ,25.34,25.4,25.26,25.35,50524,1280098.47,INF179KC1HR4,10633,HDFCAMC - HDFCNIF100,NEW,/home/suruchi-pandey/Projects/Bhavcopy-download-and-mail-code/2026/BhavCopy_NSE_CM_0_0_0_20260918_F_0000.csv
2026-09-18,HDFCNIFBAN,EQ,57.86,58.15,57.81,57.99,31923,1850480.65,INF179KC1HY0,22433,HDFCAMC - HDFCNIFBAN,NEW,/home/suruchi-pandey/Projects/Bhavcopy-download-and-mail-code/2026/BhavCopy_NSE_CM_0_0_0_20260918_F_0000.csv
2026-09-18,HDFCNIFIT,EQ,31.27,31.27,30.6,30.69,256307,7873823.73,INF179KC1IA8,12101,HDFCAMC - HDFCNIFIT,NEW,/home/suruchi-pandey/Projects/Bhavcopy-download-and-mail-code/2026/BhavCopy_NSE_CM_0_0_0_20260918_F_0000.csv
2026-09-18,HDFCNIFTY,EQ,264.61,264.62,262.62,263.56,1788313,470346598.73,INF179KC1965,11591,HDFCAMC - HDFCNIFTY,NEW,/home/suruchi-pandey/Projects/Bhavcopy-download-and-mail-code/2026/BhavCopy_NSE_CM_0_0_0_20260918_F_0000.csv
2026-09-18,HDFCNIMEG,EQ,128.33,130.05,128.33,129.9,15389,1997788.06,INF179KC1KT4,764336,HDFCAMC - HDFCNIMEG,NEW,/home/suruchi-pandey/Projects/Bhavcopy-download-and-mail-code/2026/BhavCopy_NSE_CM_0_0_0_20260918_F_0000.csv
2026-09-18,HDFCPSUBK,EQ,83.75,84.18,83.47,84.13,41351,3462351.61,INF179KC1HW4,22595,HDFCAMC HDFCPSUBK,NEW,/home/suruchi-pandey/Projects/Bhavcopy-download-and-mail-code/2026/BhavCopy_NSE_CM_0_0_0_20260918_F_0000.csv
2026-09-18,HDFCPVTBAN,EQ,28.01,28.01,27.74,27.83,50848,1415526.48,INF179KC1HZ7,12108,HDFCAMC - HDFCPVTBAN,NEW,/home/suruchi-pandey/Projects/Bhavcopy-download-and-mail-code/2026/BhavCopy_NSE_CM_0_0_0_20260918_F_0000.csv
2026-09-18,HDFCQUAL,EQ,56.55,57.05,56.55,56.72,11934,677989.44,INF179KC1DL6,11255,HDFCAMC - HDFCQUAL,NEW,/home/suruchi-pandey/Projects/Bhavcopy-download-and-mail-code/2026/BhavCopy_NSE_CM_0_0_0_20260918_F_0000.csv
2026-09-18,HDFCSENSEX,EQ,84.77,85.2,84.35,84.78,51347,4341990.8,INF179KC1HX2,11593,HDFCAMC - HDFCSENSEX,NEW,/home/suruchi-pandey/Projects/Bhavcopy-download-and-mail-code/2026/BhavCopy_NSE_CM_0_0_0_20260918_F_0000.csv
2026-09-18,HDFCSILVER,EQ,221.28,225.17,221.1,223.95,3863924,862353781.07,INF179KC1DI2,10876,HDFCAMC - HDFCSILVER,NEW,/home/suruchi-pandey/Projects/Bhavcopy-download-and-mail-code/2026/BhavCopy_NSE_CM_0_0_0_20260918_F_0000.csv
2026-09-18,HDFCSML250,EQ,182.87,184.95,181.9,184.55,1274357,234494021.43,INF179KC1FB2,14233,HDFCAMC - HDFCSML250,NEW,/home/suruchi-pandey/Projects/Bhavcopy-download-and-mail-code/2026/BhavCopy_NSE_CM_0_0_0_20260918_F_0000.csv
2026-09-18,HDFCVALUE,EQ,121.91,124.5,121.52,121.96,7148,873573.01,INF179KC1DK8,11260,HDFCAMC - HDFCVALUE,NEW,/home/suruchi-pandey/Projects/Bhavcopy-download-and-mail-code/2026/BhavCopy_NSE_CM_0_0_0_20260918_F_0000.csv
2026-09-18,HEADSUP,EQ,7.24,7.24,6.61,6.71,14036,94433.76,INE759V01019,19205,HEADS UP VENTURES LIMITED,NEW,/home/suruchi-pandey/Projects/Bhavcopy-download-and-mail-code/2026/BhavCopy_NSE_CM_0_0_0_20260918_F_0000.csv
2026-09-18,HEALTHADD,EQ,16.8,16.86,16.72,16.8,37211,625070.43,INF740KA1ZG1,22592,DSPAMC - HEALTHADD,NEW,/home/suruchi-pandey/Projects/Bhavcopy-download-and-mail-code/2026/BhavCopy_NSE_CM_0_0_0_20260918_F_0000.csv
2026-09-18,HEALTHAXIS,EQ,168.49,169.9,168.36,169.67,1483,250466.99,INF846K01Z12,3608,AXISAMC-HEALTHAXIS,NEW,/home/suruchi-pandey/Projects/Bhavcopy-download-and-mail-code/2026/BhavCopy_NSE_CM_0_0_0_20260918_F_0000.csv
2026-09-18,HEALTHCARE,EQ,21.98,22.03,21.7,21.84,22617,494273.6,INF769K01QA6,760986,MIRAEAMC - HEALTHCARE,NEW,/home/suruchi-pandey/Projects/Bhavcopy-download-and-mail-code/2026/BhavCopy_NSE_CM_0_0_0_20260918_F_0000.csv
2026-09-18,HEALTHIETF,EQ,170.0,171.44,169.81,170.91,124667,21269405.25,INF109KC1Q72,3626,ICICIPRAMC - ICICIPHARM,NEW,/home/suruchi-pandey/Projects/Bhavcopy-download-and-mail-code/2026/BhavCopy_NSE_CM_0_0_0_20260918_F_0000.csv
2026-09-18,HEALTHX,EQ,319.0,319.0,294.0,300.0,1400,419377.2,INE019J01013,20063,HEALTH X PLATFORM LIMITED,NEW,/home/suruchi-pandey/Projects/Bhavcopy-download-and-mail-code/2026/BhavCopy_NSE_CM_0_0_0_20260918_F_0000.csv
2026-09-18,HEALTHY,EQ,17.43,17.43,17.01,17.14,168153,2877983.56,INF209KB10C2,6297,BIRLASLAMC - HEALTHY,NEW,/home/suruchi-pandey/Projects/Bhavcopy-download-and-mail-code/2026/BhavCopy_NSE_CM_0_0_0_20260918_F_0000.csv
2026-09-18,HECPROJECT,EQ,116.84,121.42,114.31,119.77,8152,971684.35,INE558R01013,7425,HEC INFRA PROJECTS LTD,NEW,/home/suruchi-pandey/Projects/Bhavcopy-download-and-mail-code/2026/BhavCopy_NSE_CM_0_0_0_20260918_F_0000.csv
2026-09-18,HEIDELBERG,EQ,141.83,149.0,141.16,145.92,145888,21045554.9,INE578A01017,2316,HEIDELBERGCEMENT (I) LTD,NEW,/home/suruchi-pandey/Projects/Bhavcopy-download-and-mail-code/2026/BhavCopy_NSE_CM_0_0_0_20260918_F_0000.csv
2026-09-18,HEMIPROP,EQ,120.15,122.29,120.0,120.77,245577,29736014.36,INE0AJG01018,701,HEMISPHERE PROP IND LTD,NEW,/home/suruchi-pandey/Projects/Bhavcopy-download-and-mail-code/2026/BhavCopy_NSE_CM_0_0_0_20260918_F_0000.csv
2026-09-18,HERANBA,EQ,166.95,168.88,163.79,167.02,35651,5912341.96,INE694N01015,2614,HERANBA INDUSTRIES LTD,NEW,/home/suruchi-pandey/Projects/Bhavcopy-download-and-mail-code/2026/BhavCopy_NSE_CM_0_0_0_20260918_F_0000.csv
2026-09-18,HERITGFOOD,EQ,406.25,421.0,402.5,418.1,567662,233495575.85,INE978A01027,4598,HERITAGE FOODS LTD,NEW,/home/suruchi-pandey/Projects/Bhavcopy-download-and-mail-code/2026/BhavCopy_NSE_CM_0_0_0_20260918_F_0000.csv
2026-09-18,HEROMOTOCO,EQ,5325.0,5362.5,5285.5,5285.5,688654,3654932065.5,INE158A01026,1348,HERO MOTOCORP LIMITED,NEW,/home/suruchi-pandey/Projects/Bhavcopy-download-and-mail-code/2026/BhavCopy_NSE_CM_0_0_0_20260918_F_0000.csv
2026-09-18,HESTERBIO,EQ,2245.0,2275.5,2162.8,2195.6,5041,11125936.8,INE782E01017,7048,HESTER BIOSCIENCES LTD,NEW,/home/suruchi-pandey/Projects/Bhavcopy-download-and-mail-code/2026/BhavCopy_NSE_CM_0_0_0_20260918_F_0000.csv
2026-09-18,HEXATRADEX,EQ,158.7,172.0,155.31,158.29,2261,365570.55,INE750M01017,27008,HEXA TRADEX LIMITED,NEW,/home/suruchi-pandey/Projects/Bhavcopy-download-and-mail-code/2026/BhavCopy_NSE_CM_0_0_0_20260918_F_0000.csv
2026-09-18,HEXT,EQ,525.25,527.2,516.45,524.55,191368,100252049.3,INE093A01041,29666,HEXAWARE TECHNOLOGIES LTD,NEW,/home/suruchi-pandey/Projects/Bhavcopy-download-and-mail-code/2026/BhavCopy_NSE_CM_0_0_0_20260918_F_0000.csv
2026-09-18,HGINFRA,EQ,460.65,466.3,441.2,442.45,172786,77706252.15,INE926X01010,1672,H.G.INFRA ENGINEERING LTD,NEW,/home/suruchi-pandey/Projects/Bhavcopy-download-and-mail-code/2026/BhavCopy_NSE_CM_0_0_0_20260918_F_0000.csv
2026-09-18,HGM,EQ,49.33,49.33,47.4,48.51,546,26546.47,INE596H01014,13592,HANDSON GBL MNGMNT LTD,NEW,/home/suruchi-pandey/Projects/Bhavcopy-download-and-mail-code/2026/BhavCopy_NSE_CM_0_0_0_20260918_F_0000.csv
2026-09-18,HGS,EQ,383.0,383.0,378.05,379.4,19544,7432911.15,INE170I01016,14712,HINDUJA GLOBAL SOLS. LTD.,NEW,/home/suruchi-pandey/Projects/Bhavcopy-download-and-mail-code/2026/BhavCopy_NSE_CM_0_0_0_20260918_F_0000.csv
2026-09-18,HIKAL,EQ,225.29,232.34,224.6,226.04,382596,87376608.33,INE475B01022,9668,HIKAL LIMITED,NEW,/home/suruchi-pandey/Projects/Bhavcopy-download-and-mail-code/2026/BhavCopy_NSE_CM_0_0_0_20260918_F_0000.csv
2026-09-18,HILINFRA,EQ,43.07,46.74,43.07,43.92,415937,18729019.24,INE00RL01028,759103,HIGHWAY INFRASTRUCTURE L,NEW,/home/suruchi-pandey/Projects/Bhavcopy-download-and-mail-code/2026/BhavCopy_NSE_CM_0_0_0_20260918_F_0000.csv
2026-09-18,HILTON,EQ,16.81,17.73,16.16,16.38,395977,6593852.8,INE788H01017,14627,HILTON METAL FORGING LTD,NEW,/home/suruchi-pandey/Projects/Bhavcopy-download-and-mail-code/2026/BhavCopy_NSE_CM_0_0_0_20260918_F_0000.csv
2026-09-18,HIMATSEIDE,EQ,63.7,65.44,62.94,64.66,578349,37143712.62,INE049A01027,1360,HIMATSINGKA SEIDE LTD,NEW,/home/suruchi-pandey/Projects/Bhavcopy-download-and-mail-code/2026/BhavCopy_NSE_CM_0_0_0_20260918_F_0000.csv
2026-09-18,HINDADH,EQ,376.0,379.7,372.0,374.9,2455,920349.65,INE074C01013,764698,HINDUSTAN ADHESIVES LTD.,NEW,/home/suruchi-pandey/Projects/Bhavcopy-download-and-mail-code/2026/BhavCopy_NSE_CM_0_0_0_20260918_F_0000.csv
2026-09-18,HINDALCO,EQ,982.9,999.3,979.4,986.5,8310236,8206664716.5,INE038A01020,1363,HINDALCO  INDUSTRIES  LTD,NEW,/home/suruchi-pandey/Projects/Bhavcopy-download-and-mail-code/2026/BhavCopy_NSE_CM_0_0_0_20260918_F_0000.csv
2026-09-18,HINDALUMI,EQ,95.5,96.0,92.05,94.27,1778,167206.91,INE227B01019,765085,HIND ALUMINIUM INDS. LTD.,NEW,/home/suruchi-pandey/Projects/Bhavcopy-download-and-mail-code/2026/BhavCopy_NSE_CM_0_0_0_20260918_F_0000.csv
2026-09-18,HINDCOMPOS,EQ,371.95,390.0,365.65,378.65,7703,2911805.7,INE310C01029,1372,HINDUSTAN COMPOSITES LTD.,NEW,/home/suruchi-pandey/Projects/Bhavcopy-download-and-mail-code/2026/BhavCopy_NSE_CM_0_0_0_20260918_F_0000.csv
2026-09-18,HINDCON,EQ,23.73,24.64,23.4,23.81,32398,776453.67,INE642Y01029,4920,HINDCON CHEMICALS LIMITED,NEW,/home/suruchi-pandey/Projects/Bhavcopy-download-and-mail-code/2026/BhavCopy_NSE_CM_0_0_0_20260918_F_0000.csv
2026-09-18,HINDCOPPER,EQ,490.7,499.25,487.05,497.4,9888264,4889742024.05,INE531E01026,17939,HINDUSTAN COPPER LTD,NEW,/home/suruchi-pandey/Projects/Bhavcopy-download-and-mail-code/2026/BhavCopy_NSE_CM_0_0_0_20260918_F_0000.csv
2026-09-18,HINDOILEXP,EQ,182.3,182.78,178.35,180.29,525134,95005791.81,INE345A01011,1403,HINDUSTAN OIL EXPLORATION,NEW,/home/suruchi-pandey/Projects/Bhavcopy-download-and-mail-code/2026/BhavCopy_NSE_CM_0_0_0_20260918_F_0000.csv
2026-09-18,HINDPETRO,EQ,352.4,359.0,350.5,359.0,6539998,2320277235.7,INE094A01015,1406,HINDUSTAN PETROLEUM CORP,NEW,/home/suruchi-pandey/Projects/Bhavcopy-download-and-mail-code/2026/BhavCopy_NSE_CM_0_0_0_20260918_F_0000.csv
2026-09-18,HINDUNILVR,EQ,1950.0,1959.6,1932.0,1932.0,1994635,3883927606.8,INE030A01027,1394,HINDUSTAN UNILEVER LTD.,NEW,/home/suruchi-pandey/Projects/Bhavcopy-download-and-mail-code/2026/BhavCopy_NSE_CM_0_0_0_20260918_F_0000.csv
2026-09-18,HINDWAREAP,EQ,176.58,178.84,171.0,172.08,124952,21678804.36,INE05AN01011,15883,HINDWARE HME INOVATON LTD,NEW,/home/suruchi-pandey/Projects/Bhavcopy-download-and-mail-code/2026/BhavCopy_NSE_CM_0_0_0_20260918_F_0000.csv
2026-09-18,HINDZINC,EQ,578.3,596.0,578.3,596.0,7197021,4223343438.3,INE267A01025,1424,HINDUSTAN ZINC LIMITED,NEW,/home/suruchi-pandey/Projects/Bhavcopy-download-and-mail-code/2026/BhavCopy_NSE_CM_0_0_0_20260918_F_0000.csv
2026-09-18,HIRECT,EQ,1225.0,1279.0,1214.2,1242.8,50557,63379134.9,INE835D01023,13890,HIRECT LIMITED,NEW,/home/suruchi-pandey/Projects/Bhavcopy-download-and-mail-code/2026/BhavCopy_NSE_CM_0_0_0_20260918_F_0000.csv
2026-09-18,HISARMETAL,EQ,153.1,158.0,153.1,154.53,148,22912.07,INE598C01011,19322,HISAR METAL IND. LIMITED,NEW,/home/suruchi-pandey/Projects/Bhavcopy-download-and-mail-code/2026/BhavCopy_NSE_CM_0_0_0_20260918_F_0000.csv
2026-09-18,HITECH,EQ,74.2,76.7,73.66,76.14,751081,56489123.6,INE106T01025,2868,HI-TECH PIPES LIMITED,NEW,/home/suruchi-pandey/Projects/Bhavcopy-download-and-mail-code/2026/BhavCopy_NSE_CM_0_0_0_20260918_F_0000.csv
2026-09-18,HLEGLAS,EQ,415.95,457.2,413.0,446.9,1020903,454599689.3,INE461D01028,2289,HLE GLASCOAT LIMITED,NEW,/home/suruchi-pandey/Projects/Bhavcopy-download-and-mail-code/2026/BhavCopy_NSE_CM_0_0_0_20260918_F_0000.csv
2026-09-18,HLVLTD,EQ,6.78,6.85,6.65,6.75,114147,771116.85,INE102A01024,1448,HLV LIMITED,NEW,/home/suruchi-pandey/Projects/Bhavcopy-download-and-mail-code/2026/BhavCopy_NSE_CM_0_0_0_20260918_F_0000.csv
2026-09-18,HMAAGRO,EQ,23.0,24.36,22.86,23.77,3564052,84297130.09,INE0ECP01024,17053,HMA AGRO INDUSTRIES LTD,NEW,/home/suruchi-pandey/Projects/Bhavcopy-download-and-mail-code/2026/BhavCopy_NSE_CM_0_0_0_20260918_F_0000.csv
2026-09-18,HNDFDS,EQ,620.0,629.0,613.0,625.7,57146,35679074.9,INE254N01026,12173,HINDUSTAN FOODS LIMITED,NEW,/home/suruchi-pandey/Projects/Bhavcopy-download-and-mail-code/2026/BhavCopy_NSE_CM_0_0_0_20260918_F_0000.csv
2026-09-18,HNGSNGBEES,EQ,467.6,467.6,461.4,463.3,56641,26238293.03,INF204KB19I1,18284,NIP IND ETF HANGSENG BEES,NEW,/home/suruchi-pandey/Projects/Bhavcopy-download-and-mail-code/2026/BhavCopy_NSE_CM_0_0_0_20260918_F_0000.csv
2026-09-18,HOMEFIRST,EQ,1165.0,1265.0,1158.2,1241.3,873253,1067548331.8,INE481N01025,2056,HOME FIRST FIN CO IND LTD,NEW,/home/suruchi-pandey/Projects/Bhavcopy-download-and-mail-code/2026/BhavCopy_NSE_CM_0_0_0_20260918_F_0000.csv
2026-09-18,HONASA,EQ,458.1,481.5,458.1,479.55,1065010,506605759.25,INE0J5401028,19813,HONASA CONSUMER LIMITED,NEW,/home/suruchi-pandey/Projects/Bhavcopy-download-and-mail-code/2026/BhavCopy_NSE_CM_0_0_0_20260918_F_0000.csv
2026-09-18,HONAUT,EQ,33915.0,36485.0,33885.0,35445.0,15555,551310670.0,INE671A01010,3417,HONEYWELL AUTOMATION IND,NEW,/home/suruchi-pandey/Projects/Bhavcopy-download-and-mail-code/2026/BhavCopy_NSE_CM_0_0_0_20260918_F_0000.csv
2026-09-18,HONDAPOWER,EQ,1959.9,1975.0,1902.0,1930.3,4755,9221417.8,INE634A01018,3138,HONDA I POWER PRODUCT LTD,NEW,/home/suruchi-pandey/Projects/Bhavcopy-download-and-mail-code/2026/BhavCopy_NSE_CM_0_0_0_20260918_F_0000.csv
2026-09-18,HORIZONIND,EQ,51.9,54.5,51.89,54.23,2786457,149675841.82,INE685T01010,765356,HORIZON INDUSTRIAL PRKS L,NEW,/home/suruchi-pandey/Projects/Bhavcopy-download-and-mail-code/2026/BhavCopy_NSE_CM_0_0_0_20260918_F_0000.csv
2026-09-18,HPAL,EQ,34.83,35.4,34.61,34.76,28109,981504.61,INE0GSL01024,7376,HP ADHESIVES LIMITED,NEW,/home/suruchi-pandey/Projects/Bhavcopy-download-and-mail-code/2026/BhavCopy_NSE_CM_0_0_0_20260918_F_0000.csv
2026-09-18,HPIL,EQ,118.01,123.99,118.0,118.99,737,88921.53,INE05X901010,11796,HINDPRAKASH INDUSTRY LTD,NEW,/home/suruchi-pandey/Projects/Bhavcopy-download-and-mail-code/2026/BhavCopy_NSE_CM_0_0_0_20260918_F_0000.csv
2026-09-18,HPL,EQ,280.35,286.85,279.4,284.3,113357,32105411.55,INE495S01016,18679,HPL ELECTRIC & POWER LTD,NEW,/home/suruchi-pandey/Projects/Bhavcopy-download-and-mail-code/2026/BhavCopy_NSE_CM_0_0_0_20260918_F_0000.csv
2026-09-18,HRYNSHP,EQ,97.55,101.25,96.1,97.19,1604,155490.34,INE400G01011,764703,HARIYANA SHIP BREAKERS L,NEW,/home/suruchi-pandey/Projects/Bhavcopy-download-and-mail-code/2026/BhavCopy_NSE_CM_0_0_0_20260918_F_0000.csv
2026-09-18,HSBCGOLD,EQ,131.01,133.5,130.94,132.91,13418,1771053.26,INF336L01RX2,761506,HSBCAMC - HSBCGOLD,NEW,/home/suruchi-pandey/Projects/Bhavcopy-download-and-mail-code/2026/BhavCopy_NSE_CM_0_0_0_20260918_F_0000.csv
2026-09-18,HSCL,EQ,656.5,678.85,654.1,675.35,2687060,1799787102.65,INE019C01026,14334,HIMADRI SPECIALITY CHEM L,NEW,/home/suruchi-pandey/Projects/Bhavcopy-download-and-mail-code/2026/BhavCopy_NSE_CM_0_0_0_20260918_F_0000.csv
2026-09-18,HTEL,EQ,73.75,79.38,71.26,76.77,3939738,299595361.08,INE0LEG01024,765467,HY-TECH ENGINEERS LIMITED,NEW,/home/suruchi-pandey/Projects/Bhavcopy-download-and-mail-code/2026/BhavCopy_NSE_CM_0_0_0_20260918_F_0000.csv
2026-09-18,HTMEDIA,EQ,24.12,24.7,23.26,23.69,100997,2404607.42,INE501G01024,11979,HT MEDIA LIMITED,NEW,/home/suruchi-pandey/Projects/Bhavcopy-download-and-mail-code/2026/BhavCopy_NSE_CM_0_0_0_20260918_F_0000.csv
2026-09-18,HUBTOWN,EQ,175.0,180.0,174.66,177.69,745087,131748010.93,INE703H01016,14203,HUBTOWN LIMITED,NEW,/home/suruchi-pandey/Projects/Bhavcopy-download-and-mail-code/2026/BhavCopy_NSE_CM_0_0_0_20260918_F_0000.csv
2026-09-18,HUDCO,EQ,170.2,176.5,169.71,174.92,3438429,598498373.88,INE031A01017,20825,HSG & URBAN DEV CORPN LTD,NEW,/home/suruchi-pandey/Projects/Bhavcopy-download-and-mail-code/2026/BhavCopy_NSE_CM_0_0_0_20260918_F_0000.csv
2026-09-18,HUHTAMAKI,EQ,247.1,248.0,241.0,245.0,136211,33173898.75,INE275B01026,2562,HUHTAMAKI INDIA LIMITED,NEW,/home/suruchi-pandey/Projects/Bhavcopy-download-and-mail-code/2026/BhavCopy_NSE_CM_0_0_0_20260918_F_0000.csv
2026-09-18,HYBRIDETF,EQ,9.94,10.0,9.94,10.0,38244,381480.29,INF769K01RJ5,764333,MIRAEAMC - HYBRIDETF,NEW,/home/suruchi-pandey/Projects/Bhavcopy-download-and-mail-code/2026/BhavCopy_NSE_CM_0_0_0_20260918_F_0000.csv
2026-09-18,HYUNDAI,EQ,2176.0,2208.8,2155.5,2208.8,764325,1667978543.9,INE0V6F01027,25844,HYUNDAI MOTOR INDIA LTD,NEW,/home/suruchi-pandey/Projects/Bhavcopy-download-and-mail-code/2026/BhavCopy_NSE_CM_0_0_0_20260918_F_0000.csv
2026-09-18,IBULLSLTD,EQ,30.0,31.0,29.51,30.39,34084914,1035824076.89,INE126M01010,24999,INDIABULLS LIMITED,NEW,/home/suruchi-pandey/Projects/Bhavcopy-download-and-mail-code/2026/BhavCopy_NSE_CM_0_0_0_20260918_F_0000.csv
2026-09-18,ICEMAKE,EQ,668.0,694.0,668.0,685.6,53006,36123281.0,INE520Y01019,489,ICE MAKE REFRIGERAT LTD,NEW,/home/suruchi-pandey/Projects/Bhavcopy-download-and-mail-code/2026/BhavCopy_NSE_CM_0_0_0_20260918_F_0000.csv
2026-09-18,ICICIAMC,EQ,3085.2,3286.0,3073.7,3206.7,1632087,5200072612.8,INE346A01027,760407,ICICI PRUDENTIAL AMC LTD,NEW,/home/suruchi-pandey/Projects/Bhavcopy-download-and-mail-code/2026/BhavCopy_NSE_CM_0_0_0_20260918_F_0000.csv
2026-09-18,ICICIB22,EQ,113.12,113.12,111.97,112.46,154083,17311074.18,INF109KB15Y7,522,ICICIPRAMC - BHARATIWIN,NEW,/home/suruchi-pandey/Projects/Bhavcopy-download-and-mail-code/2026/BhavCopy_NSE_CM_0_0_0_20260918_F_0000.csv
2026-09-18,ICICIBANK,EQ,1351.9,1359.8,1338.9,1338.9,7509409,10085608639.0,INE090A01021,4963,ICICI BANK LTD.,NEW,/home/suruchi-pandey/Projects/Bhavcopy-download-and-mail-code/2026/BhavCopy_NSE_CM_0_0_0_20260918_F_0000.csv
2026-09-18,ICICIGI,EQ,1485.7,1486.8,1458.1,1458.1,925599,1363321699.5,INE765G01017,21770,ICICI LOMBARD GIC LIMITED,NEW,/home/suruchi-pandey/Projects/Bhavcopy-download-and-mail-code/2026/BhavCopy_NSE_CM_0_0_0_20260918_F_0000.csv
2026-09-18,ICICIPRULI,EQ,494.0,501.45,491.1,492.0,2240637,1112606694.9,INE726G01019,18652,ICICI PRU LIFE INS CO LTD,NEW,/home/suruchi-pandey/Projects/Bhavcopy-download-and-mail-code/2026/BhavCopy_NSE_CM_0_0_0_20260918_F_0000.csv
2026-09-18,ICIL,EQ,436.7,449.0,435.0,447.35,300607,133708004.7,INE483B01026,11987,INDO COUNT INDUSTRIES LTD,NEW,/home/suruchi-pandey/Projects/Bhavcopy-download-and-mail-code/2026/BhavCopy_NSE_CM_0_0_0_20260918_F_0000.csv
2026-09-18,ICRA,EQ,4642.6,4642.6,4525.1,4544.7,33473,152408413.0,INE725G01011,14523,ICRA LIMITED,NEW,/home/suruchi-pandey/Projects/Bhavcopy-download-and-mail-code/2026/BhavCopy_NSE_CM_0_0_0_20260918_F_0000.csv
2026-09-18,IDBI,EQ,82.3,84.89,81.8,83.06,20869049,1738485342.66,INE008A01015,1476,IDBI BANK LIMITED,NEW,/home/suruchi-pandey/Projects/Bhavcopy-download-and-mail-code/2026/BhavCopy_NSE_CM_0_0_0_20260918_F_0000.csv
2026-09-18,IDEA,EQ,14.34,14.37,13.92,13.92,350366817,4961495774.51,INE669E01016,14366,VODAFONE IDEA LIMITED,NEW,/home/suruchi-pandey/Projects/Bhavcopy-download-and-mail-code/2026/BhavCopy_NSE_CM_0_0_0_20260918_F_0000.csv
2026-09-18,IDEAFORGE,EQ,721.0,734.8,713.55,729.6,103895,75095625.45,INE349Y01013,17140,IDEAFORGE TECHNO LTD,NEW,/home/suruchi-pandey/Projects/Bhavcopy-download-and-mail-code/2026/BhavCopy_NSE_CM_0_0_0_20260918_F_0000.csv
2026-09-18,IDFCFIRSTB,EQ,86.0,87.17,85.92,85.92,27340008,2367379249.45,INE092T01019,11184,IDFC FIRST BANK LIMITED,NEW,/home/suruchi-pandey/Projects/Bhavcopy-download-and-mail-code/2026/BhavCopy_NSE_CM_0_0_0_20260918_F_0000.csv
2026-09-18,IDFNIFTYET,EQ,258.31,259.0,255.75,259.0,363,93493.7,INF194KA1U07,18783,BANDHANAMC - IDFNIFTYET,NEW,/home/suruchi-pandey/Projects/Bhavcopy-download-and-mail-code/2026/BhavCopy_NSE_CM_0_0_0_20260918_F_0000.csv
2026-09-18,IEX,EQ,113.0,115.46,113.0,115.46,2248423,257206765.68,INE022Q01020,220,INDIAN ENERGY EXC LTD,NEW,/home/suruchi-pandey/Projects/Bhavcopy-download-and-mail-code/2026/BhavCopy_NSE_CM_0_0_0_20260918_F_0000.csv
2026-09-18,IFBAGRO,EQ,867.7,899.0,855.1,888.0,3866,3402002.85,INE076C01018,1482,IFB AGRO INDUSTRIES LTD,NEW,/home/suruchi-pandey/Projects/Bhavcopy-download-and-mail-code/2026/BhavCopy_NSE_CM_0_0_0_20260918_F_0000.csv
2026-09-18,IFBIND,EQ,1208.1,1234.9,1208.1,1225.1,22497,27469346.7,INE559A01017,1485,IFB INDUSTRIES LTD,NEW,/home/suruchi-pandey/Projects/Bhavcopy-download-and-mail-code/2026/BhavCopy_NSE_CM_0_0_0_20260918_F_0000.csv
2026-09-18,IFCI,EQ,77.56,77.97,75.4,76.51,60473703,4615748681.72,INE039A01010,1491,IFCI LTD,NEW,/home/suruchi-pandey/Projects/Bhavcopy-download-and-mail-code/2026/BhavCopy_NSE_CM_0_0_0_20260918_F_0000.csv
2026-09-18,IFGLEXPOR,EQ,198.62,205.49,197.42,199.03,28261,5660199.62,INE133Y01011,436,IFGL REFRACTORIES LIMITED,NEW,/home/suruchi-pandey/Projects/Bhavcopy-download-and-mail-code/2026/BhavCopy_NSE_CM_0_0_0_20260918_F_0000.csv
2026-09-18,IGARASHI,EQ,433.7,439.9,428.6,432.35,77496,33517305.25,INE188B01013,634,IGARASHI MOTORS INDIA LTD,NEW,/home/suruchi-pandey/Projects/Bhavcopy-download-and-mail-code/2026/BhavCopy_NSE_CM_0_0_0_20260918_F_0000.csv
2026-09-18,IGCL,EQ,66.22,68.75,65.15,67.05,121706,8096483.49,INE05J901018,757801,INDOGULF CROPSCIENCES LTD,NEW,/home/suruchi-pandey/Projects/Bhavcopy-download-and-mail-code/2026/BhavCopy_NSE_CM_0_0_0_20260918_F_0000.csv
2026-09-18,IGIL,EQ,318.8,337.9,316.95,330.95,2435441,797835723.4,INE0Q9301021,28378,INTL GEMOLOGICAL INST LTD,NEW,/home/suruchi-pandey/Projects/Bhavcopy-download-and-mail-code/2026/BhavCopy_NSE_CM_0_0_0_20260918_F_0000.csv
2026-09-18,IGL,EQ,148.5,151.79,148.1,148.56,4539547,675867533.06,INE203G01027,11262,INDRAPRASTHA GAS LTD,NEW,/home/suruchi-pandey/Projects/Bhavcopy-download-and-mail-code/2026/BhavCopy_NSE_CM_0_0_0_20260918_F_0000.csv
2026-09-18,IGPL,EQ,554.55,562.15,542.0,550.15,52110,28933966.4,INE204A01010,14086,I G PETROCHEMICALS LTD,NEW,/home/suruchi-pandey/Projects/Bhavcopy-download-and-mail-code/2026/BhavCopy_NSE_CM_0_0_0_20260918_F_0000.csv
2026-09-18,IIFL,EQ,602.0,614.25,598.5,600.2,2243955,1358963327.0,INE530B01024,11809,IIFL FINANCE LIMITED,NEW,/home/suruchi-pandey/Projects/Bhavcopy-download-and-mail-code/2026/BhavCopy_NSE_CM_0_0_0_20260918_F_0000.csv
2026-09-18,IIFLCAPS,EQ,336.9,346.85,336.8,345.1,1665584,571554888.2,INE489L01022,13072,IIFL CAPITAL SERVICES LTD,NEW,/home/suruchi-pandey/Projects/Bhavcopy-download-and-mail-code/2026/BhavCopy_NSE_CM_0_0_0_20260918_F_0000.csv
2026-09-18,IITL,EQ,149.9,149.96,142.0,143.37,110592,16306148.96,INE886A01014,19525,INDUSTRIAL INV TRUST LTD,NEW,/home/suruchi-pandey/Projects/Bhavcopy-download-and-mail-code/2026/BhavCopy_NSE_CM_0_0_0_20260918_F_0000.csv
2026-09-18,IKIO,EQ,206.62,217.9,205.68,210.25,516858,109750903.58,INE0LOJ01019,16822,IKIO TECHNOLOGIES LIMITED,NEW,/home/suruchi-pandey/Projects/Bhavcopy-download-and-mail-code/2026/BhavCopy_NSE_CM_0_0_0_20260918_F_0000.csv
2026-09-18,IKS,EQ,1721.0,1795.5,1721.0,1779.9,451923,804344724.1,INE115Q01022,28125,INVENTURUS KNOWLEDGE SO L,NEW,/home/suruchi-pandey/Projects/Bhavcopy-download-and-mail-code/2026/BhavCopy_NSE_CM_0_0_0_20260918_F_0000.csv
2026-09-18,IMAGICAA,EQ,51.43,54.79,51.19,52.82,1607686,86079612.51,INE172N01012,7672,IMAGICAAWORLD ENT LTD,NEW,/home/suruchi-pandey/Projects/Bhavcopy-download-and-mail-code/2026/BhavCopy_NSE_CM_0_0_0_20260918_F_0000.csv
2026-09-18,IMFA,EQ,1264.1,1290.5,1249.0,1252.2,49098,61938623.8,INE919H01018,19235,INDIAN METALS & FERRO,NEW,/home/suruchi-pandey/Projects/Bhavcopy-download-and-mail-code/2026/BhavCopy_NSE_CM_0_0_0_20260918_F_0000.csv
2026-09-18,IMPAL,EQ,1084.0,1112.8,1058.5,1065.6,1932,2070146.6,INE547E01014,12009,IND MOTOR PART & ACC LTD,NEW,/home/suruchi-pandey/Projects/Bhavcopy-download-and-mail-code/2026/BhavCopy_NSE_CM_0_0_0_20260918_F_0000.csv
2026-09-18,INA,EQ,88.66,93.5,87.81,91.7,561788,50813798.05,INE0LGX01024,761099,INSOLATION ENERGY LIMITED,NEW,/home/suruchi-pandey/Projects/Bhavcopy-download-and-mail-code/2026/BhavCopy_NSE_CM_0_0_0_20260918_F_0000.csv
2026-09-18,INCREDIBLE,EQ,34.45,34.45,32.12,32.37,3415,111455.11,INE452L01012,17507,INCREDIBLE INDUSTRIES LTD,NEW,/home/suruchi-pandey/Projects/Bhavcopy-download-and-mail-code/2026/BhavCopy_NSE_CM_0_0_0_20260918_F_0000.csv
2026-09-18,INDBANK,EQ,25.7,26.26,25.35,25.56,27153,697330.11,INE841B01017,16933,INDBANK MERCH BANK,NEW,/home/suruchi-pandey/Projects/Bhavcopy-download-and-mail-code/2026/BhavCopy_NSE_CM_0_0_0_20260918_F_0000.csv
2026-09-18,INDGN,EQ,595.55,611.7,590.5,600.1,469267,280129022.05,INE065X01017,23693,INDEGENE LIMITED,NEW,/home/suruchi-pandey/Projects/Bhavcopy-download-and-mail-code/2026/BhavCopy_NSE_CM_0_0_0_20260918_F_0000.csv
2026-09-18,INDHOTEL,EQ,725.85,743.0,722.6,732.75,3256156,2396789604.25,INE053A01029,1512,THE INDIAN HOTELS CO. LTD,NEW,/home/suruchi-pandey/Projects/Bhavcopy-download-and-mail-code/2026/BhavCopy_NSE_CM_0_0_0_20260918_F_0000.csv
2026-09-18,INDIACEM,EQ,349.45,356.15,342.6,344.8,229613,80097449.7,INE383A01012,1515,THE INDIA CEMENTS LIMITED,NEW,/home/suruchi-pandey/Projects/Bhavcopy-download-and-mail-code/2026/BhavCopy_NSE_CM_0_0_0_20260918_F_0000.csv
2026-09-18,INDIAGLYCO,EQ,250.1,282.0,250.1,263.7,1678037,451526248.7,INE560A01023,1521,INDIA GLYCOLS LTD,NEW,/home/suruchi-pandey/Projects/Bhavcopy-download-and-mail-code/2026/BhavCopy_NSE_CM_0_0_0_20260918_F_0000.csv
2026-09-18,INDIAMART,EQ,1651.4,1667.0,1622.4,1646.3,709316,1165553360.8,INE933S01016,10726,INDIAMART INTERMESH LTD,NEW,/home/suruchi-pandey/Projects/Bhavcopy-download-and-mail-code/2026/BhavCopy_NSE_CM_0_0_0_20260918_F_0000.csv
2026-09-18,INDIANB,EQ,845.0,848.85,835.0,839.8,1400080,1177442356.4,INE562A01011,14309,INDIAN BANK,NEW,/home/suruchi-pandey/Projects/Bhavcopy-download-and-mail-code/2026/BhavCopy_NSE_CM_0_0_0_20260918_F_0000.csv
2026-09-18,INDIANCARD,EQ,209.0,214.0,209.0,210.0,144,30235.53,INE061A01014,4422,INDIAN CARD CLOTHING CO.,NEW,/home/suruchi-pandey/Projects/Bhavcopy-download-and-mail-code/2026/BhavCopy_NSE_CM_0_0_0_20260918_F_0000.csv
2026-09-18,INDIANHUME,EQ,356.3,370.0,355.25,365.3,81339,29600266.4,INE323C01030,1530,INDIAN HUME PIPE CO. LTD.,NEW,/home/suruchi-pandey/Projects/Bhavcopy-download-and-mail-code/2026/BhavCopy_NSE_CM_0_0_0_20260918_F_0000.csv
2026-09-18,INDIASHLTR,EQ,673.0,685.0,668.9,681.85,62948,42663900.2,INE922K01024,20556,INDIA SHELTER FIN CORP L,NEW,/home/suruchi-pandey/Projects/Bhavcopy-download-and-mail-code/2026/BhavCopy_NSE_CM_0_0_0_20260918_F_0000.csv
2026-09-18,INDIGO,EQ,4925.0,4970.0,4881.0,4920.0,732347,3612183364.0,INE646L01027,11195,INTERGLOBE AVIATION LTD,NEW,/home/suruchi-pandey/Projects/Bhavcopy-download-and-mail-code/2026/BhavCopy_NSE_CM_0_0_0_20260918_F_0000.csv
2026-09-18,INDIGOPNTS,EQ,1108.9,1108.9,1080.0,1099.7,43988,48097117.4,INE09VQ01012,2048,INDIGO PAINTS LIMITED,NEW,/home/suruchi-pandey/Projects/Bhavcopy-download-and-mail-code/2026/BhavCopy_NSE_CM_0_0_0_20260918_F_0000.csv
2026-09-18,INDIQUBE,EQ,200.0,202.87,190.9,192.85,81977,16012849.58,INE06ST01018,757845,INDIQUBE SPACES LIMITED,NEW,/home/suruchi-pandey/Projects/Bhavcopy-download-and-mail-code/2026/BhavCopy_NSE_CM_0_0_0_20260918_F_0000.csv
2026-09-18,INDNIPPON,EQ,1272.0,1279.6,1250.0,1260.0,32358,40917840.4,INE092B01025,4747,INDIA NIPPON ELECT  LTD,NEW,/home/suruchi-pandey/Projects/Bhavcopy-download-and-mail-code/2026/BhavCopy_NSE_CM_0_0_0_20260918_F_0000.csv
2026-09-18,INDOBORAX,EQ,466.75,481.65,466.75,472.6,40484,19125778.6,INE803D01021,8614,INDO BORAX & CHEMICAL LTD,NEW,/home/suruchi-pandey/Projects/Bhavcopy-download-and-mail-code/2026/BhavCopy_NSE_CM_0_0_0_20260918_F_0000.csv
2026-09-18,INDOCO,EQ,254.44,259.65,247.0,249.01,205516,52265535.55,INE873D01024,11677,INDOCO REMEDIES LTD.,NEW,/home/suruchi-pandey/Projects/Bhavcopy-download-and-mail-code/2026/BhavCopy_NSE_CM_0_0_0_20260918_F_0000.csv
2026-09-18,INDOFARM,EQ,135.9,137.74,135.02,136.78,92008,12523715.52,INE622H01018,29025,INDO FARM EQUIPMENT LTD,NEW,/home/suruchi-pandey/Projects/Bhavcopy-download-and-mail-code/2026/BhavCopy_NSE_CM_0_0_0_20260918_F_0000.csv
2026-09-18,INDOKEM,EQ,643.15,668.0,602.0,620.0,13991,8887938.0,INE716F01012,764708,INDOKEM LTD.,NEW,/home/suruchi-pandey/Projects/Bhavcopy-download-and-mail-code/2026/BhavCopy_NSE_CM_0_0_0_20260918_F_0000.csv
2026-09-18,INDOMIM,EQ,999.0,1064.0,990.5,1055.9,3925761,4069794029.6,INE084101034,764301,INDO-MIM LIMITED,NEW,/home/suruchi-pandey/Projects/Bhavcopy-download-and-mail-code/2026/BhavCopy_NSE_CM_0_0_0_20260918_F_0000.csv
2026-09-18,INDORAMA,EQ,89.87,93.49,87.43,91.05,1163975,106297476.75,INE156A01020,10993,INDO RAMA SYNTHETICS LTD,NEW,/home/suruchi-pandey/Projects/Bhavcopy-download-and-mail-code/2026/BhavCopy_NSE_CM_0_0_0_20260918_F_0000.csv
2026-09-18,INDOSTAR,EQ,232.69,244.9,227.59,241.05,121475,28960367.03,INE896L01010,3088,INDOSTAR CAPITAL FIN LTD,NEW,/home/suruchi-pandey/Projects/Bhavcopy-download-and-mail-code/2026/BhavCopy_NSE_CM_0_0_0_20260918_F_0000.csv
2026-09-18,INDOTECH,EQ,3429.0,3459.0,3350.0,3394.7,8364,28578174.8,INE332H01014,13275,INDO TECH TRANSFORM LTD.,NEW,/home/suruchi-pandey/Projects/Bhavcopy-download-and-mail-code/2026/BhavCopy_NSE_CM_0_0_0_20260918_F_0000.csv
2026-09-18,INDOTHAI,EQ,33.56,36.5,33.56,33.56,3760631,129133670.27,INE337M01021,25608,INDO THAI SEC LTD,NEW,/home/suruchi-pandey/Projects/Bhavcopy-download-and-mail-code/2026/BhavCopy_NSE_CM_0_0_0_20260918_F_0000.csv
2026-09-18,INDOUS,EQ,78.92,81.2,76.5,78.0,5215,409990.37,INE250Z01010,25503,INDO US BIOTECH LTD,NEW,/home/suruchi-pandey/Projects/Bhavcopy-download-and-mail-code/2026/BhavCopy_NSE_CM_0_0_0_20260918_F_0000.csv
2026-09-18,INDOWIND,EQ,9.15,9.15,8.82,8.92,72495,653031.02,INE227G01018,14952,INDOWIND ENERGY LTD,NEW,/home/suruchi-pandey/Projects/Bhavcopy-download-and-mail-code/2026/BhavCopy_NSE_CM_0_0_0_20260918_F_0000.csv
2026-09-18,INDPRUD,EQ,6304.5,6304.5,6150.0,6227.5,64,394956.5,INE620D01011,762717,INDUSTRIAL & PRU INV CO L,NEW,/home/suruchi-pandey/Projects/Bhavcopy-download-and-mail-code/2026/BhavCopy_NSE_CM_0_0_0_20260918_F_0000.csv
2026-09-18,INDRAMEDCO,EQ,360.55,366.9,360.05,362.9,134873,49100090.0,INE681B01017,4751,INDRAPRASTHA MEDICAL CORP,NEW,/home/suruchi-pandey/Projects/Bhavcopy-download-and-mail-code/2026/BhavCopy_NSE_CM_0_0_0_20260918_F_0000.csv
2026-09-18,INDSWFTLAB,EQ,377.55,385.15,368.0,373.25,399757,150057370.05,INE915B01019,4870,IND SWIFT LABORATORIES LT,NEW,/home/suruchi-pandey/Projects/Bhavcopy-download-and-mail-code/2026/BhavCopy_NSE_CM_0_0_0_20260918_F_0000.csv
2026-09-18,INDTERRAIN,EQ,28.86,29.98,28.12,28.91,57089,1656984.77,INE611L01021,21957,IND TERRAIN FASHIONS LTD,NEW,/home/suruchi-pandey/Projects/Bhavcopy-download-and-mail-code/2026/BhavCopy_NSE_CM_0_0_0_20260918_F_0000.csv
2026-09-18,INDUSINDBK,EQ,963.8,969.3,955.3,966.3,6250679,6028003899.5,INE095A01012,5258,INDUSIND BANK LIMITED,NEW,/home/suruchi-pandey/Projects/Bhavcopy-download-and-mail-code/2026/BhavCopy_NSE_CM_0_0_0_20260918_F_0000.csv
2026-09-18,INDUSTOWER,EQ,380.9,382.5,375.9,375.9,4696284,1773670936.3,INE121J01017,29135,INDUS TOWERS LIMITED,NEW,/home/suruchi-pandey/Projects/Bhavcopy-download-and-mail-code/2026/BhavCopy_NSE_CM_0_0_0_20260918_F_0000.csv
2026-09-18,INFOBEAN,EQ,151.16,152.4,150.01,151.27,99135,14965815.72,INE344S01016,11027,INFOBEANS TECHNO. LTD.,NEW,/home/suruchi-pandey/Projects/Bhavcopy-download-and-mail-code/2026/BhavCopy_NSE_CM_0_0_0_20260918_F_0000.csv
2026-09-18,INFOMEDIA,EQ,5.56,5.56,4.91,5.28,35771,184575.85,INE669A01022,13693,INFOMEDIA PRESS LIMITED,NEW,/home/suruchi-pandey/Projects/Bhavcopy-download-and-mail-code/2026/BhavCopy_NSE_CM_0_0_0_20260918_F_0000.csv
2026-09-18,INFRA,EQ,11.9,11.9,11.72,11.85,16540,195148.72,INF769K01QB4,761030,MIRAEAMC - INFRA,NEW,/home/suruchi-pandey/Projects/Bhavcopy-download-and-mail-code/2026/BhavCopy_NSE_CM_0_0_0_20260918_F_0000.csv
2026-09-18,INFRABEES,EQ,933.6,938.0,931.37,935.62,5322,4978322.26,INF732E01268,20072,NIP IND ETF INFRA BEES,NEW,/home/suruchi-pandey/Projects/Bhavcopy-download-and-mail-code/2026/BhavCopy_NSE_CM_0_0_0_20260918_F_0000.csv
2026-09-18,INFRAIETF,EQ,92.74,93.3,92.6,92.96,203080,18849872.11,INF109KC16E5,10723,ICICIPRAMC - ICICIINFRA,NEW,/home/suruchi-pandey/Projects/Bhavcopy-download-and-mail-code/2026/BhavCopy_NSE_CM_0_0_0_20260918_F_0000.csv
2026-09-18,INFY,EQ,1061.9,1061.9,1038.0,1051.4,22124953,23185450968.9,INE009A01021,1594,INFOSYS LIMITED,NEW,/home/suruchi-pandey/Projects/Bhavcopy-download-and-mail-code/2026/BhavCopy_NSE_CM_0_0_0_20260918_F_0000.csv
2026-09-18,INGERRAND,EQ,4226.0,4275.9,4135.0,4155.7,41603,174527390.1,INE177A01018,1597,INGERSOLL-RAND INDIA LTD,NEW,/home/suruchi-pandey/Projects/Bhavcopy-download-and-mail-code/2026/BhavCopy_NSE_CM_0_0_0_20260918_F_0000.csv
2026-09-18,INNOVACAP,EQ,1150.0,1183.6,1150.0,1179.8,32076,37548305.9,INE0DUT01020,21062,INNOVA CAPTAB LIMITED,NEW,/home/suruchi-pandey/Projects/Bhavcopy-download-and-mail-code/2026/BhavCopy_NSE_CM_0_0_0_20260918_F_0000.csv
2026-09-18,INNOVANA,EQ,300.2,306.0,297.3,303.25,35756,10779059.55,INE403Y01018,27754,INNOVANA THINKLABS LTD,NEW,/home/suruchi-pandey/Projects/Bhavcopy-download-and-mail-code/2026/BhavCopy_NSE_CM_0_0_0_20260918_F_0000.csv
2026-09-18,INNOVISION,EQ,254.35,254.8,251.6,253.1,8009,2025730.85,INE0ADB01012,761528,INNOVISION LIMITED,NEW,/home/suruchi-pandey/Projects/Bhavcopy-download-and-mail-code/2026/BhavCopy_NSE_CM_0_0_0_20260918_F_0000.csv
2026-09-18,INOXGREEN,EQ,174.64,175.93,170.07,171.32,536646,92338921.62,INE510W01014,12188,INOX GREEN ENERGY SER LTD,NEW,/home/suruchi-pandey/Projects/Bhavcopy-download-and-mail-code/2026/BhavCopy_NSE_CM_0_0_0_20260918_F_0000.csv
2026-09-18,INOXINDIA,EQ,2030.0,2104.6,2016.0,2098.8,229005,476283112.5,INE616N01034,20607,INOX INDIA LIMITED,NEW,/home/suruchi-pandey/Projects/Bhavcopy-download-and-mail-code/2026/BhavCopy_NSE_CM_0_0_0_20260918_F_0000.csv
2026-09-18,INOXWIND,EQ,74.33,76.8,74.29,76.8,10976663,828971968.37,INE066P01011,7852,INOX WIND LIMITED,NEW,/home/suruchi-pandey/Projects/Bhavcopy-download-and-mail-code/2026/BhavCopy_NSE_CM_0_0_0_20260918_F_0000.csv
2026-09-18,INSECTICID,EQ,597.55,608.25,597.35,605.6,5335,3213916.8,INE070I01018,14657,INSECTICIDES (I) LTD,NEW,/home/suruchi-pandey/Projects/Bhavcopy-download-and-mail-code/2026/BhavCopy_NSE_CM_0_0_0_20260918_F_0000.csv
2026-09-18,INSPIRISYS,EQ,85.79,85.79,82.05,83.16,2161,181634.67,INE020G01017,13730,INSPIRISYS SOLUTIONS LTD,NEW,/home/suruchi-pandey/Projects/Bhavcopy-download-and-mail-code/2026/BhavCopy_NSE_CM_0_0_0_20260918_F_0000.csv
2026-09-18,INSUREIETF,EQ,15.13,15.21,15.09,15.11,308060,4670400.2,INF109K1A567,764364,ICICIPRAMC - INSUREIETF,NEW,/home/suruchi-pandey/Projects/Bhavcopy-download-and-mail-code/2026/BhavCopy_NSE_CM_0_0_0_20260918_F_0000.csv
2026-09-18,INTELLECT,EQ,651.7,656.9,641.4,647.45,290091,188090692.2,INE306R01017,5926,INTELLECT DESIGN ARENA,NEW,/home/suruchi-pandey/Projects/Bhavcopy-download-and-mail-code/2026/BhavCopy_NSE_CM_0_0_0_20260918_F_0000.csv
2026-09-18,INTENTECH,EQ,77.46,80.0,76.92,78.14,11763,915537.41,INE781A01025,20071,INTENSE TECHNOLOGIES LTD,NEW,/home/suruchi-pandey/Projects/Bhavcopy-download-and-mail-code/2026/BhavCopy_NSE_CM_0_0_0_20260918_F_0000.csv
2026-09-18,INTERARCH,EQ,1701.0,1719.9,1684.1,1705.8,35940,61172586.2,INE00M901018,24909,INTERARCH BLDNG SOLTN LTD,NEW,/home/suruchi-pandey/Projects/Bhavcopy-download-and-mail-code/2026/BhavCopy_NSE_CM_0_0_0_20260918_F_0000.csv
2026-09-18,INTERNET,EQ,14.56,14.74,14.56,14.72,297012,4347331.3,INF769K01PB6,758595,MIRAEAMC - INTERNET,NEW,/home/suruchi-pandey/Projects/Bhavcopy-download-and-mail-code/2026/BhavCopy_NSE_CM_0_0_0_20260918_F_0000.csv
2026-09-18,INTLCONV,EQ,76.49,77.48,76.26,76.6,17876,1374292.6,INE575C01027,5606,INTL CONVEYORS LIMITED,NEW,/home/suruchi-pandey/Projects/Bhavcopy-download-and-mail-code/2026/BhavCopy_NSE_CM_0_0_0_20260918_F_0000.csv
2026-09-18,INVENTURE,EQ,0.89,0.9,0.89,0.89,358172,320253.47,INE878H01024,24870,INVENTURE GRO & SEC LTD,NEW,/home/suruchi-pandey/Projects/Bhavcopy-download-and-mail-code/2026/BhavCopy_NSE_CM_0_0_0_20260918_F_0000.csv
2026-09-18,IOB,EQ,32.18,32.32,32.0,32.17,1954679,62839767.54,INE565A01014,9348,INDIAN OVERSEAS BANK,NEW,/home/suruchi-pandey/Projects/Bhavcopy-download-and-mail-code/2026/BhavCopy_NSE_CM_0_0_0_20260918_F_0000.csv
2026-09-18,IOC,EQ,135.02,137.0,134.6,137.0,11505787,1566116028.58,INE242A01010,1624,INDIAN OIL CORP LTD,NEW,/home/suruchi-pandey/Projects/Bhavcopy-download-and-mail-code/2026/BhavCopy_NSE_CM_0_0_0_20260918_F_0000.csv
2026-09-18,IOLCP,EQ,198.5,206.0,195.7,203.15,4695376,945062571.65,INE485C01029,20413,IOL CHEM AND PHARMA LTD,NEW,/home/suruchi-pandey/Projects/Bhavcopy-download-and-mail-code/2026/BhavCopy_NSE_CM_0_0_0_20260918_F_0000.csv
2026-09-18,IONEXCHANG,EQ,424.35,446.8,423.25,442.3,491666,215320936.95,INE570A01022,1630,ION EXCHANGE (INDIA) LTD,NEW,/home/suruchi-pandey/Projects/Bhavcopy-download-and-mail-code/2026/BhavCopy_NSE_CM_0_0_0_20260918_F_0000.csv
2026-09-18,IPCALAB,EQ,1972.3,2038.0,1964.0,2009.6,527501,1056837264.9,INE571A01038,1633,IPCA LABORATORIES LTD,NEW,/home/suruchi-pandey/Projects/Bhavcopy-download-and-mail-code/2026/BhavCopy_NSE_CM_0_0_0_20260918_F_0000.csv
2026-09-18,IPL,EQ,139.38,140.04,134.1,134.67,496519,67552844.32,INE0D6701023,4934,INDIA PESTICIDES LIMITED,NEW,/home/suruchi-pandey/Projects/Bhavcopy-download-and-mail-code/2026/BhavCopy_NSE_CM_0_0_0_20260918_F_0000.csv
2026-09-18,IPRINGLTD,EQ,138.5,141.99,137.1,139.95,2570,358027.37,INE558A01019,764713,IP RINGS LTD.,NEW,/home/suruchi-pandey/Projects/Bhavcopy-download-and-mail-code/2026/BhavCopy_NSE_CM_0_0_0_20260918_F_0000.csv
2026-09-18,IRB,EQ,18.99,18.99,18.38,18.48,21372707,397280075.44,INE821I01022,15313,IRB INFRA DEV LTD.,NEW,/home/suruchi-pandey/Projects/Bhavcopy-download-and-mail-code/2026/BhavCopy_NSE_CM_0_0_0_20260918_F_0000.csv
2026-09-18,IRCON,EQ,107.9,110.75,107.0,109.85,2642536,288790214.91,INE962Y01021,4986,IRCON INTERNATIONAL LTD,NEW,/home/suruchi-pandey/Projects/Bhavcopy-download-and-mail-code/2026/BhavCopy_NSE_CM_0_0_0_20260918_F_0000.csv
2026-09-18,IRCTC,EQ,458.0,480.0,457.15,476.75,1670118,787226441.85,INE335Y01020,13611,INDIAN RAIL TOUR CORP LTD,NEW,/home/suruchi-pandey/Projects/Bhavcopy-download-and-mail-code/2026/BhavCopy_NSE_CM_0_0_0_20260918_F_0000.csv
2026-09-18,IREDA,EQ,109.79,114.32,109.21,114.32,5072770,566212304.07,INE202E01016,20261,INDIAN RENEWABLE ENERGY,NEW,/home/suruchi-pandey/Projects/Bhavcopy-download-and-mail-code/2026/BhavCopy_NSE_CM_0_0_0_20260918_F_0000.csv
2026-09-18,IRFC,EQ,79.32,81.5,79.32,81.5,14377921,1159119354.53,INE053F01010,2029,INDIAN RAILWAY FIN CORP L,NEW,/home/suruchi-pandey/Projects/Bhavcopy-download-and-mail-code/2026/BhavCopy_NSE_CM_0_0_0_20260918_F_0000.csv
2026-09-18,IRIS,EQ,240.1,241.8,235.91,238.09,5209,1240717.32,INE864K01010,6489,IRIS REGTECH SOLUTION LTD,NEW,/home/suruchi-pandey/Projects/Bhavcopy-download-and-mail-code/2026/BhavCopy_NSE_CM_0_0_0_20260918_F_0000.csv
2026-09-18,IRISDOREME,EQ,62.85,66.3,61.0,64.58,2408240,152755487.05,INE01GN01025,2275,IRIS CLOTHINGS LIMITED,NEW,/home/suruchi-pandey/Projects/Bhavcopy-download-and-mail-code/2026/BhavCopy_NSE_CM_0_0_0_20260918_F_0000.csv
2026-09-18,IRMENERGY,EQ,278.15,278.15,268.0,270.2,69769,18831212.4,INE07U701015,19597,IRM ENERGY LIMITED,NEW,/home/suruchi-pandey/Projects/Bhavcopy-download-and-mail-code/2026/BhavCopy_NSE_CM_0_0_0_20260918_F_0000.csv
2026-09-18,ISFT,EQ,98.97,98.97,88.53,95.16,414668,39191669.97,INE566K01011,18479,INTRASOFT TECH. LTD,NEW,/home/suruchi-pandey/Projects/Bhavcopy-download-and-mail-code/2026/BhavCopy_NSE_CM_0_0_0_20260918_F_0000.csv
2026-09-18,ISGEC,EQ,773.45,790.0,769.15,786.25,50228,39239136.85,INE858B01029,3329,ISGEC HEAVY ENG LTD,NEW,/home/suruchi-pandey/Projects/Bhavcopy-download-and-mail-code/2026/BhavCopy_NSE_CM_0_0_0_20260918_F_0000.csv
2026-09-18,ISHANCH,EQ,50.0,53.25,49.5,51.04,41286,2126499.85,INE561M01018,30249,ISHAN DYES N CHEMICALS L,NEW,/home/suruchi-pandey/Projects/Bhavcopy-download-and-mail-code/2026/BhavCopy_NSE_CM_0_0_0_20260918_F_0000.csv
2026-09-18,ISTLTD,EQ,661.05,687.8,655.5,663.85,583,388342.35,INE684B01029,764718,I S T LTD.,NEW,/home/suruchi-pandey/Projects/Bhavcopy-download-and-mail-code/2026/BhavCopy_NSE_CM_0_0_0_20260918_F_0000.csv
2026-09-18,IT,EQ,31.67,32.8,31.67,31.94,639140,20420963.25,INF174KA1GC5,2627,KOTAKMAMC - KOTAKIT,NEW,/home/suruchi-pandey/Projects/Bhavcopy-download-and-mail-code/2026/BhavCopy_NSE_CM_0_0_0_20260918_F_0000.csv
2026-09-18,ITADD,EQ,30.6,30.65,30.36,30.5,25542,778993.15,INF740KA1SX1,17207,DSPAMC - DSPIT,NEW,/home/suruchi-pandey/Projects/Bhavcopy-download-and-mail-code/2026/BhavCopy_NSE_CM_0_0_0_20260918_F_0000.csv
2026-09-18,ITAXIS,EQ,323.98,323.98,315.39,316.58,2163,684683.87,INF846K01Y96,3010,AXISAMC-ITAXIS,NEW,/home/suruchi-pandey/Projects/Bhavcopy-download-and-mail-code/2026/BhavCopy_NSE_CM_0_0_0_20260918_F_0000.csv
2026-09-18,ITBEES,EQ,33.1,33.1,31.81,31.94,13607369,434737000.38,INF204KB15V2,19084,NIP IND ETF IT,NEW,/home/suruchi-pandey/Projects/Bhavcopy-download-and-mail-code/2026/BhavCopy_NSE_CM_0_0_0_20260918_F_0000.csv
2026-09-18,ITBETA,EQ,302.28,310.64,301.55,302.55,798,241322.14,INF789F1AZD8,22488,UTIAMC-ITBETA,NEW,/home/suruchi-pandey/Projects/Bhavcopy-download-and-mail-code/2026/BhavCopy_NSE_CM_0_0_0_20260918_F_0000.csv
2026-09-18,ITC,EQ,266.6,266.6,262.3,262.3,14399150,3805581978.0,INE154A01025,1660,ITC LTD,NEW,/home/suruchi-pandey/Projects/Bhavcopy-download-and-mail-code/2026/BhavCopy_NSE_CM_0_0_0_20260918_F_0000.csv
2026-09-18,ITCHOTELS,EQ,154.99,159.5,154.4,158.8,2982731,471945859.76,INE379A01028,29251,ITC HOTELS LIMITED,NEW,/home/suruchi-pandey/Projects/Bhavcopy-download-and-mail-code/2026/BhavCopy_NSE_CM_0_0_0_20260918_F_0000.csv
2026-09-18,ITDC,EQ,662.7,667.4,655.6,658.3,46546,30655517.35,INE353K01014,19299,INDIA TOUR. DEV. CO. LTD.,NEW,/home/suruchi-pandey/Projects/Bhavcopy-download-and-mail-code/2026/BhavCopy_NSE_CM_0_0_0_20260918_F_0000.csv
2026-09-18,ITETF,EQ,30.95,31.0,30.35,30.47,500010,15246043.84,INF769K01KV5,19633,MIRAEAMC - ITETF,NEW,/home/suruchi-pandey/Projects/Bhavcopy-download-and-mail-code/2026/BhavCopy_NSE_CM_0_0_0_20260918_F_0000.csv
2026-09-18,ITI,EQ,254.8,257.45,252.0,256.3,79274,20273303.0,INE248A01017,1675,ITI LTD,NEW,/home/suruchi-pandey/Projects/Bhavcopy-download-and-mail-code/2026/BhavCopy_NSE_CM_0_0_0_20260918_F_0000.csv
2026-09-18,ITIETF,EQ,32.46,32.46,31.83,32.0,825230,26429479.29,INF109KC16I6,22365,ICICIPRAMC - ICICITECH,NEW,/home/suruchi-pandey/Projects/Bhavcopy-download-and-mail-code/2026/BhavCopy_NSE_CM_0_0_0_20260918_F_0000.csv
2026-09-18,ITL,EQ,358.0,371.7,355.0,356.85,1046,375639.55,INE478D01014,764723,ITL INDUSTRIES LTD.,NEW,/home/suruchi-pandey/Projects/Bhavcopy-download-and-mail-code/2026/BhavCopy_NSE_CM_0_0_0_20260918_F_0000.csv
2026-09-18,IVALUE,EQ,229.0,229.16,218.1,222.03,132240,29594548.67,INE056801025,759041,IVALUE INFOSOLUTIONS LTD,NEW,/home/suruchi-pandey/Projects/Bhavcopy-download-and-mail-code/2026/BhavCopy_NSE_CM_0_0_0_20260918_F_0000.csv
2026-09-18,IVC,EQ,7.79,8.0,7.79,7.9,144297,1138486.82,INE050B01023,6711,IL&FS INVESTMENT MANAGERS,NEW,/home/suruchi-pandey/Projects/Bhavcopy-download-and-mail-code/2026/BhavCopy_NSE_CM_0_0_0_20260918_F_0000.csv
2026-09-18,IVZBANKNF,EQ,55.99,56.37,55.99,56.06,12191,684250.2,INF205KA1CB9,765330,RELIGARAMC - IVZBANKNF,NEW,/home/suruchi-pandey/Projects/Bhavcopy-download-and-mail-code/2026/BhavCopy_NSE_CM_0_0_0_20260918_F_0000.csv
2026-09-18,IVZINGOLD,EQ,132.55,134.0,131.9,133.75,33465,4469444.2,INF205KA1BP1,18292,INVESCO INDIA GOLD ETF,NEW,/home/suruchi-pandey/Projects/Bhavcopy-download-and-mail-code/2026/BhavCopy_NSE_CM_0_0_0_20260918_F_0000.csv
2026-09-18,IVZINNIFTY,EQ,274.2,274.2,266.9,267.76,209,55884.69,INF205KA1CC7,24217,INVESCO INDIA NIFTY ETF,NEW,/home/suruchi-pandey/Projects/Bhavcopy-download-and-mail-code/2026/BhavCopy_NSE_CM_0_0_0_20260918_F_0000.csv
2026-09-18,IVZSENSEX,EQ,74.5,74.6,74.4,74.56,2023,150655.66,INF205KA1CA1,765327,RELIGARAMC - IVZSENSEX,NEW,/home/suruchi-pandey/Projects/Bhavcopy-download-and-mail-code/2026/BhavCopy_NSE_CM_0_0_0_20260918_F_0000.csv
2026-09-18,IWP,EQ,35.95,35.95,33.62,34.73,9946,343942.25,INE586E01020,762727,INDIAN WOOD PRODUCTS CO L,NEW,/home/suruchi-pandey/Projects/Bhavcopy-download-and-mail-code/2026/BhavCopy_NSE_CM_0_0_0_20260918_F_0000.csv
2026-09-18,IXIGO,EQ,159.6,167.84,159.6,165.65,3132025,520709732.72,INE0HV901016,24067,LE TRAVENUES TECHNOLOGY L,NEW,/home/suruchi-pandey/Projects/Bhavcopy-download-and-mail-code/2026/BhavCopy_NSE_CM_0_0_0_20260918_F_0000.csv
2026-09-18,IZMO,EQ,923.0,944.6,913.6,934.35,130243,121236980.8,INE848A01014,14174,IZMO LIMITED,NEW,/home/suruchi-pandey/Projects/Bhavcopy-download-and-mail-code/2026/BhavCopy_NSE_CM_0_0_0_20260918_F_0000.csv
2026-09-18,J&KBANK,EQ,147.6,149.7,145.0,146.58,3653479,539953532.16,INE168A01041,5633,J & K BANK LTD.,NEW,/home/suruchi-pandey/Projects/Bhavcopy-download-and-mail-code/2026/BhavCopy_NSE_CM_0_0_0_20260918_F_0000.csv
2026-09-18,JAGRAN,EQ,62.5,62.5,61.5,62.36,110739,6872820.17,INE199G01027,13211,JAGRAN PRAKASHAN LIMITED,NEW,/home/suruchi-pandey/Projects/Bhavcopy-download-and-mail-code/2026/BhavCopy_NSE_CM_0_0_0_20260918_F_0000.csv
2026-09-18,JAGSNPHARM,EQ,228.78,230.49,226.0,228.42,48985,11159915.57,INE048B01035,4410,JAGSONPAL PHARMACEUTICALS,NEW,/home/suruchi-pandey/Projects/Bhavcopy-download-and-mail-code/2026/BhavCopy_NSE_CM_0_0_0_20260918_F_0000.csv
2026-09-18,JAIBALAJI,EQ,63.55,65.24,63.2,64.48,524099,33780915.75,INE091G01026,11256,JAI BALAJI INDUSTRIES LTD,NEW,/home/suruchi-pandey/Projects/Bhavcopy-download-and-mail-code/2026/BhavCopy_NSE_CM_0_0_0_20260918_F_0000.csv
2026-09-18,JAICORPLTD,EQ,93.2,94.8,93.2,94.42,148952,13994982.25,INE070D01027,5143,JAI CORP LIMITED,NEW,/home/suruchi-pandey/Projects/Bhavcopy-download-and-mail-code/2026/BhavCopy_NSE_CM_0_0_0_20260918_F_0000.csv
2026-09-18,JAINREC,EQ,275.0,278.55,272.0,276.25,555155,152768067.35,INE0YD401026,759244,JAIN RESOURCE RECYCLING L,NEW,/home/suruchi-pandey/Projects/Bhavcopy-download-and-mail-code/2026/BhavCopy_NSE_CM_0_0_0_20260918_F_0000.csv
2026-09-18,JAIPURKURT,EQ,24.7,25.3,24.21,24.85,3279,80827.65,INE696V01013,5516,NANDANI CREATION LIMITED,NEW,/home/suruchi-pandey/Projects/Bhavcopy-download-and-mail-code/2026/BhavCopy_NSE_CM_0_0_0_20260918_F_0000.csv
2026-09-18,JAMNAAUTO,EQ,126.6,128.0,122.4,125.03,2670217,331158605.36,INE039C01032,20778,JAMNA AUTO IND LTD,NEW,/home/suruchi-pandey/Projects/Bhavcopy-download-and-mail-code/2026/BhavCopy_NSE_CM_0_0_0_20260918_F_0000.csv
2026-09-18,JARO,EQ,476.55,477.0,462.15,465.4,98491,46019816.4,INE00YJ01010,759951,JARO INS OF TEC MG N RE L,NEW,/home/suruchi-pandey/Projects/Bhavcopy-download-and-mail-code/2026/BhavCopy_NSE_CM_0_0_0_20260918_F_0000.csv
2026-09-18,JASH,EQ,514.0,527.5,508.9,521.15,166601,86364513.3,INE039O01029,13982,JASH ENGINEERING LIMITED,NEW,/home/suruchi-pandey/Projects/Bhavcopy-download-and-mail-code/2026/BhavCopy_NSE_CM_0_0_0_20260918_F_0000.csv
2026-09-18,JAYAGROGN,EQ,228.3,229.5,225.02,227.39,6086,1383129.44,INE785A01026,4041,JAYANT AGRO ORGANICS LTD,NEW,/home/suruchi-pandey/Projects/Bhavcopy-download-and-mail-code/2026/BhavCopy_NSE_CM_0_0_0_20260918_F_0000.csv
2026-09-18,JAYBARMARU,EQ,114.7,114.7,109.9,111.15,160918,17979715.92,INE571B01036,1708,JAY BHARAT MARUTI LTD,NEW,/home/suruchi-pandey/Projects/Bhavcopy-download-and-mail-code/2026/BhavCopy_NSE_CM_0_0_0_20260918_F_0000.csv
2026-09-18,JAYKAY,EQ,158.32,169.75,153.55,167.18,966066,157503987.81,INE903A01025,760073,JAYKAY ENTERPRISES LTD,NEW,/home/suruchi-pandey/Projects/Bhavcopy-download-and-mail-code/2026/BhavCopy_NSE_CM_0_0_0_20260918_F_0000.csv
2026-09-18,JAYNECOIND,EQ,89.08,89.75,88.6,89.26,1630439,145247540.71,INE854B01010,2331,JAYASWAL NECO INDUSTR LTD,NEW,/home/suruchi-pandey/Projects/Bhavcopy-download-and-mail-code/2026/BhavCopy_NSE_CM_0_0_0_20260918_F_0000.csv
2026-09-18,JAYSREETEA,EQ,90.9,91.79,88.5,89.38,31481,2832626.43,INE364A01020,1720,JAYSHREE TEA & INDUSTRIES,NEW,/home/suruchi-pandey/Projects/Bhavcopy-download-and-mail-code/2026/BhavCopy_NSE_CM_0_0_0_20260918_F_0000.csv
2026-09-18,JBMA,EQ,593.65,605.0,593.65,599.1,200524,120313980.6,INE927D01051,11655,JBM AUTO LIMITED,NEW,/home/suruchi-pandey/Projects/Bhavcopy-download-and-mail-code/2026/BhavCopy_NSE_CM_0_0_0_20260918_F_0000.csv
2026-09-18,JENBURPH,EQ,985.0,997.0,972.6,979.9,1916,1876668.5,INE354A01013,764728,JENBURKT PHARMACEUTICAL L,NEW,/home/suruchi-pandey/Projects/Bhavcopy-download-and-mail-code/2026/BhavCopy_NSE_CM_0_0_0_20260918_F_0000.csv
2026-09-18,JETFREIGHT,EQ,19.4,22.5,18.4,22.14,1486253,31359105.88,INE982V01025,7211,JET FREIGHT LOGISTICS LTD,NEW,/home/suruchi-pandey/Projects/Bhavcopy-download-and-mail-code/2026/BhavCopy_NSE_CM_0_0_0_20260918_F_0000.csv
2026-09-18,JGCHEM,EQ,593.25,619.95,592.2,612.4,346503,211681710.2,INE0MB501011,23056,J.G.CHEMICALS LIMITED,NEW,/home/suruchi-pandey/Projects/Bhavcopy-download-and-mail-code/2026/BhavCopy_NSE_CM_0_0_0_20260918_F_0000.csv
2026-09-18,JHS,EQ,8.84,8.84,8.41,8.54,41482,358654.1,INE544H01014,13720,JHS SVEND. LAB. LTD,NEW,/home/suruchi-pandey/Projects/Bhavcopy-download-and-mail-code/2026/BhavCopy_NSE_CM_0_0_0_20260918_F_0000.csv
2026-09-18,JINDALPHOT,EQ,1129.7,1135.0,1109.8,1125.6,7243,8139023.9,INE796G01012,11743,JINDAL PHOTO LIMITED,NEW,/home/suruchi-pandey/Projects/Bhavcopy-download-and-mail-code/2026/BhavCopy_NSE_CM_0_0_0_20260918_F_0000.csv
2026-09-18,JINDALPOLY,EQ,726.95,735.95,708.9,718.45,16484,11833736.1,INE197D01010,1756,JINDAL POLY FILMS LIMITED,NEW,/home/suruchi-pandey/Projects/Bhavcopy-download-and-mail-code/2026/BhavCopy_NSE_CM_0_0_0_20260918_F_0000.csv
2026-09-18,JINDALSAW,EQ,293.0,294.8,288.05,289.5,2085677,605696855.1,INE324A01032,3024,JINDAL SAW LIMITED,NEW,/home/suruchi-pandey/Projects/Bhavcopy-download-and-mail-code/2026/BhavCopy_NSE_CM_0_0_0_20260918_F_0000.csv
2026-09-18,JINDALSTEL,EQ,1128.9,1140.2,1119.5,1119.5,1056818,1191235318.1,INE749A01030,6733,JINDAL STEEL LIMITED,NEW,/home/suruchi-pandey/Projects/Bhavcopy-download-and-mail-code/2026/BhavCopy_NSE_CM_0_0_0_20260918_F_0000.csv
2026-09-18,JINDRILL,EQ,584.0,599.95,575.25,594.85,269661,158591892.25,INE742C01031,13875,JINDAL DRILLING IND. LTD,NEW,/home/suruchi-pandey/Projects/Bhavcopy-download-and-mail-code/2026/BhavCopy_NSE_CM_0_0_0_20260918_F_0000.csv
2026-09-18,JINDWORLD,EQ,49.4,51.5,47.78,49.7,11061999,557097192.41,INE247D01039,20642,JINDAL WORLDWIDE LTD,NEW,/home/suruchi-pandey/Projects/Bhavcopy-download-and-mail-code/2026/BhavCopy_NSE_CM_0_0_0_20260918_F_0000.csv
2026-09-18,JIOFIN,EQ,230.0,232.0,229.89,229.89,11847025,2734591597.58,INE758E01017,18143,JIO FIN SERVICES LTD,NEW,/home/suruchi-pandey/Projects/Bhavcopy-download-and-mail-code/2026/BhavCopy_NSE_CM_0_0_0_20260918_F_0000.csv
2026-09-18,JISLDVREQS,EQ,21.29,21.97,20.55,20.94,12202,254252.9,IN9175A01010,25684,JAIN DVR EQUITY SHARES,NEW,/home/suruchi-pandey/Projects/Bhavcopy-download-and-mail-code/2026/BhavCopy_NSE_CM_0_0_0_20260918_F_0000.csv
2026-09-18,JISLJALEQS,EQ,31.0,31.9,29.24,30.42,5621238,171796215.29,INE175A01038,10397,JAIN IRRIGATION SYSTEMS,NEW,/home/suruchi-pandey/Projects/Bhavcopy-download-and-mail-code/2026/BhavCopy_NSE_CM_0_0_0_20260918_F_0000.csv
2026-09-18,JITFINFRA,EQ,292.0,293.65,280.4,284.75,18410,5275446.1,INE863T01013,19691,JITF INFRALOGISTICS LTD,NEW,/home/suruchi-pandey/Projects/Bhavcopy-download-and-mail-code/2026/BhavCopy_NSE_CM_0_0_0_20260918_F_0000.csv
2026-09-18,JKCEMENT,EQ,5010.0,5139.0,4990.0,5064.5,60794,308023784.0,INE823G01014,13270,JK CEMENT LIMITED,NEW,/home/suruchi-pandey/Projects/Bhavcopy-download-and-mail-code/2026/BhavCopy_NSE_CM_0_0_0_20260918_F_0000.csv
2026-09-18,JKIL,EQ,477.6,488.3,474.8,486.55,65328,31600500.45,INE576I01022,15266,JKUMAR INFR.LTD.,NEW,/home/suruchi-pandey/Projects/Bhavcopy-download-and-mail-code/2026/BhavCopy_NSE_CM_0_0_0_20260918_F_0000.csv
2026-09-18,JKIPL,EQ,96.17,99.78,95.1,98.6,4652,452247.7,INE1FF001016,759205,JINKUSHAL INDUSTRIES LTD,NEW,/home/suruchi-pandey/Projects/Bhavcopy-download-and-mail-code/2026/BhavCopy_NSE_CM_0_0_0_20260918_F_0000.csv
2026-09-18,JKLAKSHMI,EQ,510.4,535.0,510.1,530.2,278231,145669012.8,INE786A01032,13491,JK LAKSHMI CEMENT LTD,NEW,/home/suruchi-pandey/Projects/Bhavcopy-download-and-mail-code/2026/BhavCopy_NSE_CM_0_0_0_20260918_F_0000.csv
2026-09-18,JKPAPER,EQ,417.0,433.0,416.95,430.6,572207,244624860.35,INE789E01012,11860,JK PAPER LIMITED,NEW,/home/suruchi-pandey/Projects/Bhavcopy-download-and-mail-code/2026/BhavCopy_NSE_CM_0_0_0_20260918_F_0000.csv
2026-09-18,JKTYRE,EQ,352.25,352.3,344.4,349.35,621396,216122776.1,INE573A01042,14435,JK TYRE & INDUSTRIES LTD,NEW,/home/suruchi-pandey/Projects/Bhavcopy-download-and-mail-code/2026/BhavCopy_NSE_CM_0_0_0_20260918_F_0000.csv
2026-09-18,JLHL,EQ,279.0,285.65,276.2,280.05,240514,67444937.45,INE682M01020,18553,JUPITER LIFE LINE HOSP L,NEW,/home/suruchi-pandey/Projects/Bhavcopy-download-and-mail-code/2026/BhavCopy_NSE_CM_0_0_0_20260918_F_0000.csv
2026-09-18,JMA,EQ,89.55,93.0,89.55,90.21,11223,1022285.69,INE412C01023,7109,JULLUNDUR MOT AGENCY LTD,NEW,/home/suruchi-pandey/Projects/Bhavcopy-download-and-mail-code/2026/BhavCopy_NSE_CM_0_0_0_20260918_F_0000.csv
2026-09-18,JMFINANCIL,EQ,122.75,126.79,122.4,126.3,5637377,706472347.62,INE780C01023,13637,JM FINANCIAL LIMITED,NEW,/home/suruchi-pandey/Projects/Bhavcopy-download-and-mail-code/2026/BhavCopy_NSE_CM_0_0_0_20260918_F_0000.csv
2026-09-18,JNKINDIA,EQ,412.2,424.0,410.4,413.9,58911,24588133.0,INE0OAF01028,23621,JNK INDIA LIMITED,NEW,/home/suruchi-pandey/Projects/Bhavcopy-download-and-mail-code/2026/BhavCopy_NSE_CM_0_0_0_20260918_F_0000.csv
2026-09-18,JNPR,EQ,259.8,267.0,256.5,265.15,720178,190301325.5,INE05C901015,764408,JUNIPER GREEN ENERGY LTD,NEW,/home/suruchi-pandey/Projects/Bhavcopy-download-and-mail-code/2026/BhavCopy_NSE_CM_0_0_0_20260918_F_0000.csv
2026-09-18,JOCIL,EQ,147.41,152.35,141.05,145.95,6159,893681.11,INE839G01010,16927,JOCIL LIMITED,NEW,/home/suruchi-pandey/Projects/Bhavcopy-download-and-mail-code/2026/BhavCopy_NSE_CM_0_0_0_20260918_F_0000.csv
2026-09-18,JPOLYINVST,EQ,987.8,988.5,977.0,980.75,1447,1422725.65,INE147P01019,31507,JIND POL INV & FIN CO LTD,NEW,/home/suruchi-pandey/Projects/Bhavcopy-download-and-mail-code/2026/BhavCopy_NSE_CM_0_0_0_20260918_F_0000.csv
2026-09-18,JPPOWER,EQ,15.25,15.49,15.17,15.37,37304111,572526100.55,INE351F01018,11763,JAIPRAKASH POWER VEN. LTD,NEW,/home/suruchi-pandey/Projects/Bhavcopy-download-and-mail-code/2026/BhavCopy_NSE_CM_0_0_0_20260918_F_0000.csv
2026-09-18,JSFB,EQ,516.7,534.1,514.4,527.3,1405254,741358004.55,INE953L01027,22663,JANA SMALL FIN BANK LTD,NEW,/home/suruchi-pandey/Projects/Bhavcopy-download-and-mail-code/2026/BhavCopy_NSE_CM_0_0_0_20260918_F_0000.csv
2026-09-18,JSL,EQ,724.5,754.95,724.5,750.95,2671236,1993355631.25,INE220G01021,11236,JINDAL STAINLESS LIMITED,NEW,/home/suruchi-pandey/Projects/Bhavcopy-download-and-mail-code/2026/BhavCopy_NSE_CM_0_0_0_20260918_F_0000.csv
2026-09-18,JSLL,EQ,494.4,513.0,494.0,510.4,341598,172312507.85,INE0J5801029,758115,JEENA SIKHO LIFECARE LTD,NEW,/home/suruchi-pandey/Projects/Bhavcopy-download-and-mail-code/2026/BhavCopy_NSE_CM_0_0_0_20260918_F_0000.csv
2026-09-18,JSWCEMENT,EQ,117.2,118.1,116.23,117.44,1513300,177522261.94,INE718I01012,758460,JSW CEMENT LIMITED,NEW,/home/suruchi-pandey/Projects/Bhavcopy-download-and-mail-code/2026/BhavCopy_NSE_CM_0_0_0_20260918_F_0000.csv
2026-09-18,JSWDULUX,EQ,3099.9,3235.9,3057.1,3188.8,21480,67582701.8,INE133A01011,1467,JSW DULUX LIMITED,NEW,/home/suruchi-pandey/Projects/Bhavcopy-download-and-mail-code/2026/BhavCopy_NSE_CM_0_0_0_20260918_F_0000.csv
2026-09-18,JSWENERGY,EQ,512.0,526.0,509.0,526.0,3397652,1755760215.2,INE121E01018,17869,JSW ENERGY LIMITED,NEW,/home/suruchi-pandey/Projects/Bhavcopy-download-and-mail-code/2026/BhavCopy_NSE_CM_0_0_0_20260918_F_0000.csv
2026-09-18,JSWHL,EQ,11146.0,11504.0,10931.0,11282.0,3808,42463223.0,INE824G01012,11880,JSW HOLDINGS LIMITED,NEW,/home/suruchi-pandey/Projects/Bhavcopy-download-and-mail-code/2026/BhavCopy_NSE_CM_0_0_0_20260918_F_0000.csv
2026-09-18,JSWINFRA,EQ,329.9,356.95,326.1,348.25,25470641,8836628918.8,INE880J01026,19020,JSW INFRASTRUCTURE LTD,NEW,/home/suruchi-pandey/Projects/Bhavcopy-download-and-mail-code/2026/BhavCopy_NSE_CM_0_0_0_20260918_F_0000.csv
2026-09-18,JSWSTEEL,EQ,1270.1,1278.7,1262.7,1275.6,2378010,3026014842.8,INE019A01038,11723,JSW STEEL LIMITED,NEW,/home/suruchi-pandey/Projects/Bhavcopy-download-and-mail-code/2026/BhavCopy_NSE_CM_0_0_0_20260918_F_0000.csv
2026-09-18,JTEKTINDIA,EQ,118.9,121.94,117.15,117.77,217543,25823629.2,INE643A01035,3237,JTEKT INDIA LIMITED,NEW,/home/suruchi-pandey/Projects/Bhavcopy-download-and-mail-code/2026/BhavCopy_NSE_CM_0_0_0_20260918_F_0000.csv
2026-09-18,JTLIND,EQ,88.01,92.25,86.15,87.67,2943629,260932056.58,INE391J01032,7287,JTL INDUSTRIES LIMITED,NEW,/home/suruchi-pandey/Projects/Bhavcopy-download-and-mail-code/2026/BhavCopy_NSE_CM_0_0_0_20260918_F_0000.csv
2026-09-18,JUBLCPL,EQ,2013.3,2043.2,1980.0,2000.1,6169,12346090.9,INE03CC01015,29590,JUBILANT AGRI N CON PRO L,NEW,/home/suruchi-pandey/Projects/Bhavcopy-download-and-mail-code/2026/BhavCopy_NSE_CM_0_0_0_20260918_F_0000.csv
2026-09-18,JUBLFOOD,EQ,483.95,502.0,480.3,500.0,2900829,1437728291.6,INE797F01020,18096,JUBILANT FOODWORKS LTD,NEW,/home/suruchi-pandey/Projects/Bhavcopy-download-and-mail-code/2026/BhavCopy_NSE_CM_0_0_0_20260918_F_0000.csv
2026-09-18,JUBLINGREA,EQ,638.5,642.6,612.0,624.9,923659,572891149.5,INE0BY001018,2783,JUBILANT INGREVIA LIMITED,NEW,/home/suruchi-pandey/Projects/Bhavcopy-download-and-mail-code/2026/BhavCopy_NSE_CM_0_0_0_20260918_F_0000.csv
2026-09-18,JUBLPHARMA,EQ,1012.1,1086.0,1012.1,1065.4,308313,323074307.25,INE700A01033,3637,JUBILANT PHARMOVA LTD,NEW,/home/suruchi-pandey/Projects/Bhavcopy-download-and-mail-code/2026/BhavCopy_NSE_CM_0_0_0_20260918_F_0000.csv
2026-09-18,JUNIORBEES,EQ,778.3,782.0,766.15,781.11,180919,140886130.76,INF732E01045,10939,NIP IND ETF JUNIOR BEES,NEW,/home/suruchi-pandey/Projects/Bhavcopy-download-and-mail-code/2026/BhavCopy_NSE_CM_0_0_0_20260918_F_0000.csv
2026-09-18,JUNIPER,EQ,217.0,226.48,215.46,224.33,274539,60969279.54,INE696F01016,22824,JUNIPER HOTELS LIMITED,NEW,/home/suruchi-pandey/Projects/Bhavcopy-download-and-mail-code/2026/BhavCopy_NSE_CM_0_0_0_20260918_F_0000.csv
2026-09-18,JUSTDIAL,EQ,674.05,684.4,660.2,669.0,174274,116858282.55,INE599M01018,29962,JUSTDIAL LTD.,NEW,/home/suruchi-pandey/Projects/Bhavcopy-download-and-mail-code/2026/BhavCopy_NSE_CM_0_0_0_20260918_F_0000.csv
2026-09-18,JWL,EQ,232.5,233.99,228.16,230.13,1093397,252137391.83,INE209L01016,20224,JUPITER WAGONS LIMITED,NEW,/home/suruchi-pandey/Projects/Bhavcopy-download-and-mail-code/2026/BhavCopy_NSE_CM_0_0_0_20260918_F_0000.csv
2026-09-18,JYOTHYLAB,EQ,193.5,196.6,192.69,195.07,713471,139046563.07,INE668F01031,15146,JYOTHY LABS LIMITED,NEW,/home/suruchi-pandey/Projects/Bhavcopy-download-and-mail-code/2026/BhavCopy_NSE_CM_0_0_0_20260918_F_0000.csv
2026-09-18,JYOTICNC,EQ,980.85,1065.0,979.0,1049.7,3979254,4142490970.1,INE980O01024,21334,JYOTI CNC AUTOMATION LTD,NEW,/home/suruchi-pandey/Projects/Bhavcopy-download-and-mail-code/2026/BhavCopy_NSE_CM_0_0_0_20260918_F_0000.csv
2026-09-18,JYOTIRES,EQ,837.9,856.45,832.7,841.0,2378,1997256.0,INE577D01013,764733,JYOTI RESINS & ADHESIVE L,NEW,/home/suruchi-pandey/Projects/Bhavcopy-download-and-mail-code/2026/BhavCopy_NSE_CM_0_0_0_20260918_F_0000.csv
2026-09-18,JYOTISTRUC,EQ,9.18,9.42,9.09,9.29,4504436,41533749.81,INE197A01024,1802,JYOTI STRUCTURES LTD,NEW,/home/suruchi-pandey/Projects/Bhavcopy-download-and-mail-code/2026/BhavCopy_NSE_CM_0_0_0_20260918_F_0000.csv
2026-09-18,KABRAEXTRU,EQ,640.25,690.0,639.7,681.6,233883,157236763.55,INE900B01029,1805,KABRA EXTRUSION TECHNIK L,NEW,/home/suruchi-pandey/Projects/Bhavcopy-download-and-mail-code/2026/BhavCopy_NSE_CM_0_0_0_20260918_F_0000.csv
2026-09-18,KAJARIACER,EQ,1211.1,1216.9,1197.0,1202.7,194896,234414347.8,INE217B01036,1808,KAJARIA CERAMICS LTD,NEW,/home/suruchi-pandey/Projects/Bhavcopy-download-and-mail-code/2026/BhavCopy_NSE_CM_0_0_0_20260918_F_0000.csv
2026-09-18,KAKATCEM,EQ,107.4,109.9,107.0,107.33,1116,119812.35,INE437B01014,1811,KAKATIYA CEM SUGAR &IND L,NEW,/home/suruchi-pandey/Projects/Bhavcopy-download-and-mail-code/2026/BhavCopy_NSE_CM_0_0_0_20260918_F_0000.csv
2026-09-18,KALAMANDIR,EQ,77.06,78.93,76.56,78.26,532981,41375171.92,INE438K01021,18755,SAI SILKS (KALAMANDIR) L,NEW,/home/suruchi-pandey/Projects/Bhavcopy-download-and-mail-code/2026/BhavCopy_NSE_CM_0_0_0_20260918_F_0000.csv
2026-09-18,KALPATARU,EQ,259.75,279.95,257.2,274.45,59103,15864805.45,INE227J01012,758558,KALPATARU LIMITED,NEW,/home/suruchi-pandey/Projects/Bhavcopy-download-and-mail-code/2026/BhavCopy_NSE_CM_0_0_0_20260918_F_0000.csv
2026-09-18,KALYANKJIL,EQ,585.0,588.5,580.0,581.85,5379085,3145480117.6,INE303R01014,2955,KALYAN JEWELLERS IND LTD,NEW,/home/suruchi-pandey/Projects/Bhavcopy-download-and-mail-code/2026/BhavCopy_NSE_CM_0_0_0_20260918_F_0000.csv
2026-09-18,KAMAHOLD,EQ,2288.7,2288.7,2244.1,2249.9,5489,12353529.2,INE411F01010,762732,KAMA HOLDINGS LTD.,NEW,/home/suruchi-pandey/Projects/Bhavcopy-download-and-mail-code/2026/BhavCopy_NSE_CM_0_0_0_20260918_F_0000.csv
2026-09-18,KAMANWALA,EQ,17.8,17.8,16.51,16.51,414,6851.36,INE344D01018,764738,KAMANWALA HOUSING CONST L,NEW,/home/suruchi-pandey/Projects/Bhavcopy-download-and-mail-code/2026/BhavCopy_NSE_CM_0_0_0_20260918_F_0000.csv
2026-09-18,KAMATHOTEL,EQ,220.1,232.38,220.1,229.3,48978,11092640.33,INE967C01018,1826,KAMAT HOTELS (I) LTD,NEW,/home/suruchi-pandey/Projects/Bhavcopy-download-and-mail-code/2026/BhavCopy_NSE_CM_0_0_0_20260918_F_0000.csv
2026-09-18,KAMOPAINTS,EQ,4.45,4.45,4.25,4.39,124231,543857.52,INE0BTI01037,13814,KAMDHENU VENTURES LIMITED,NEW,/home/suruchi-pandey/Projects/Bhavcopy-download-and-mail-code/2026/BhavCopy_NSE_CM_0_0_0_20260918_F_0000.csv
2026-09-18,KANANIIND,EQ,1.43,1.44,1.4,1.42,132727,188177.9,INE879E01037,25786,KANANI INDUSTRIES LTD,NEW,/home/suruchi-pandey/Projects/Bhavcopy-download-and-mail-code/2026/BhavCopy_NSE_CM_0_0_0_20260918_F_0000.csv
2026-09-18,KANCHI,EQ,389.0,394.5,383.1,386.65,439,170100.35,INE081G01019,762737,KANCHI KARPOORAM LTD.,NEW,/home/suruchi-pandey/Projects/Bhavcopy-download-and-mail-code/2026/BhavCopy_NSE_CM_0_0_0_20260918_F_0000.csv
2026-09-18,KANCOTEA,EQ,55.62,55.62,55.62,55.62,1,55.62,INE398L01017,765090,KANCO TEA & INDS. LTD.,NEW,/home/suruchi-pandey/Projects/Bhavcopy-download-and-mail-code/2026/BhavCopy_NSE_CM_0_0_0_20260918_F_0000.csv
2026-09-18,KANOHAR,EQ,825.0,855.0,780.1,786.8,7345005,5977693885.65,INE877D01025,766021,KANOHAR ELECTRICALS LTD,NEW,/home/suruchi-pandey/Projects/Bhavcopy-download-and-mail-code/2026/BhavCopy_NSE_CM_0_0_0_20260918_F_0000.csv
2026-09-18,KANPRPLA,EQ,262.35,262.35,243.9,246.1,26773,6687251.45,INE694E01014,1782,KANPUR PLASTIPACK LIMITED,NEW,/home/suruchi-pandey/Projects/Bhavcopy-download-and-mail-code/2026/BhavCopy_NSE_CM_0_0_0_20260918_F_0000.csv
2026-09-18,KANSAINER,EQ,183.73,185.1,181.6,183.96,672383,123643514.47,INE531A01024,1196,KANSAI NEROLAC PAINTS LTD,NEW,/home/suruchi-pandey/Projects/Bhavcopy-download-and-mail-code/2026/BhavCopy_NSE_CM_0_0_0_20260918_F_0000.csv
2026-09-18,KAPSTON,EQ,583.8,589.95,575.85,584.3,40257,23521708.0,INE542Z01028,18967,KAPSTON SERVICES LIMITED,NEW,/home/suruchi-pandey/Projects/Bhavcopy-download-and-mail-code/2026/BhavCopy_NSE_CM_0_0_0_20260918_F_0000.csv
2026-09-18,KARAMTARA,EQ,369.0,377.9,331.3,355.55,29625649,10468499995.65,INE590T01012,766056,KARAMTARA ENGINEERING L,NEW,/home/suruchi-pandey/Projects/Bhavcopy-download-and-mail-code/2026/BhavCopy_NSE_CM_0_0_0_20260918_F_0000.csv
2026-09-18,KARMAENG,EQ,40.2,43.0,39.96,41.27,18883,771858.06,INE725L01011,24385,KARMA ENERGY LIMITED,NEW,/home/suruchi-pandey/Projects/Bhavcopy-download-and-mail-code/2026/BhavCopy_NSE_CM_0_0_0_20260918_F_0000.csv
2026-09-18,KARURVYSYA,EQ,334.35,339.85,329.5,332.15,3218547,1075729253.65,INE036D01028,1838,KARUR VYSYA BANK LTD,NEW,/home/suruchi-pandey/Projects/Bhavcopy-download-and-mail-code/2026/BhavCopy_NSE_CM_0_0_0_20260918_F_0000.csv
2026-09-18,KAYNES,EQ,3528.0,3605.9,3475.0,3515.0,1266788,4485326280.8,INE918Z01012,12092,KAYNES TECHNOLOGY IND LTD,NEW,/home/suruchi-pandey/Projects/Bhavcopy-download-and-mail-code/2026/BhavCopy_NSE_CM_0_0_0_20260918_F_0000.csv
2026-09-18,KCP,EQ,158.12,166.0,156.29,161.95,136817,21903629.05,INE805C01028,1841,KCP LTD,NEW,/home/suruchi-pandey/Projects/Bhavcopy-download-and-mail-code/2026/BhavCopy_NSE_CM_0_0_0_20260918_F_0000.csv
2026-09-18,KDDL,EQ,3851.0,3875.0,3820.0,3858.4,7233,27855339.8,INE291D01011,14908,KDDL LIMITED,NEW,/home/suruchi-pandey/Projects/Bhavcopy-download-and-mail-code/2026/BhavCopy_NSE_CM_0_0_0_20260918_F_0000.csv
2026-09-18,KDGREEN,EQ,48.47,50.0,48.01,49.35,44221,2183629.49,INE348N01042,765105,KD GREEN INDUSTRIES LTD,NEW,/home/suruchi-pandey/Projects/Bhavcopy-download-and-mail-code/2026/BhavCopy_NSE_CM_0_0_0_20260918_F_0000.csv
2026-09-18,KEC,EQ,404.0,409.15,396.65,404.25,1338287,537369748.6,INE389H01022,13260,KEC INTL. LIMITED,NEW,/home/suruchi-pandey/Projects/Bhavcopy-download-and-mail-code/2026/BhavCopy_NSE_CM_0_0_0_20260918_F_0000.csv
2026-09-18,KECL,EQ,119.4,123.54,118.88,122.78,66064,8047598.24,INE134B01017,18220,KIRLOSKAR ELECTRIC CO LTD,NEW,/home/suruchi-pandey/Projects/Bhavcopy-download-and-mail-code/2026/BhavCopy_NSE_CM_0_0_0_20260918_F_0000.csv
2026-09-18,KEEPLEARN,EQ,1.95,1.95,1.84,1.86,16221,30305.8,INE055C01020,778,DSJ KEEP LEARNING LTD,NEW,/home/suruchi-pandey/Projects/Bhavcopy-download-and-mail-code/2026/BhavCopy_NSE_CM_0_0_0_20260918_F_0000.csv
2026-09-18,KEI,EQ,4560.0,4650.0,4532.0,4650.0,573397,2629888237.5,INE878B01027,13310,KEI INDUSTRIES LTD.,NEW,/home/suruchi-pandey/Projects/Bhavcopy-download-and-mail-code/2026/BhavCopy_NSE_CM_0_0_0_20260918_F_0000.csv
2026-09-18,KELLTONTEC,EQ,13.99,13.99,13.4,13.61,1105458,15125285.31,INE164B01030,13430,KELLTON TECH SOL LTD,NEW,/home/suruchi-pandey/Projects/Bhavcopy-download-and-mail-code/2026/BhavCopy_NSE_CM_0_0_0_20260918_F_0000.csv
2026-09-18,KENNAMET,EQ,4321.6,4399.0,4231.0,4281.5,23629,101401221.1,INE717A01029,11841,KENNAMETAL INDIA LIMITED,NEW,/home/suruchi-pandey/Projects/Bhavcopy-download-and-mail-code/2026/BhavCopy_NSE_CM_0_0_0_20260918_F_0000.csv
2026-09-18,KERNEX,EQ,1731.9,1743.5,1700.0,1732.5,104121,179371230.5,INE202H01019,13121,KERNEX MICROSYS(I) LTD,NEW,/home/suruchi-pandey/Projects/Bhavcopy-download-and-mail-code/2026/BhavCopy_NSE_CM_0_0_0_20260918_F_0000.csv
2026-09-18,KEYFINSERV,EQ,247.95,247.95,240.0,245.95,123,30123.75,INE681C01015,4157,KEYNOTE FIN SERV LTD.,NEW,/home/suruchi-pandey/Projects/Bhavcopy-download-and-mail-code/2026/BhavCopy_NSE_CM_0_0_0_20260918_F_0000.csv
2026-09-18,KFINTECH,EQ,900.0,930.0,894.95,930.0,539201,492486084.3,INE138Y01010,13359,KFIN TECHNOLOGIES LIMITED,NEW,/home/suruchi-pandey/Projects/Bhavcopy-download-and-mail-code/2026/BhavCopy_NSE_CM_0_0_0_20260918_F_0000.csv
2026-09-18,KHAICHEM,EQ,50.52,51.5,49.36,49.94,135895,6833481.36,INE745B01028,896,KHAITAN CHEM & FERT LTD,NEW,/home/suruchi-pandey/Projects/Bhavcopy-download-and-mail-code/2026/BhavCopy_NSE_CM_0_0_0_20260918_F_0000.csv
2026-09-18,KHAITANLTD,EQ,153.4,156.0,149.0,152.13,3145,475198.04,INE731C01018,3912,KHAITAN (INDIA)LTD.,NEW,/home/suruchi-pandey/Projects/Bhavcopy-download-and-mail-code/2026/BhavCopy_NSE_CM_0_0_0_20260918_F_0000.csv
2026-09-18,KHANDSE,EQ,18.35,18.35,17.89,18.09,894,16178.33,INE060B01014,9641,KHANDWALA SECURITIES LTD,NEW,/home/suruchi-pandey/Projects/Bhavcopy-download-and-mail-code/2026/BhavCopy_NSE_CM_0_0_0_20260918_F_0000.csv
2026-09-18,KICL,EQ,4825.0,5028.0,4825.0,5009.5,2638,13123505.0,INE029L01018,21119,KALYANI INVEST CO LTD,NEW,/home/suruchi-pandey/Projects/Bhavcopy-download-and-mail-code/2026/BhavCopy_NSE_CM_0_0_0_20260918_F_0000.csv
2026-09-18,KIMS,EQ,793.4,819.0,784.0,809.85,1242321,999545080.75,INE967H01025,4847,KRISHNA INST OF MED SCI L,NEW,/home/suruchi-pandey/Projects/Bhavcopy-download-and-mail-code/2026/BhavCopy_NSE_CM_0_0_0_20260918_F_0000.csv
2026-09-18,KINGFA,EQ,5907.0,5950.0,5799.0,5828.0,6576,38524192.0,INE473D01015,18944,KINGFA SCI & TEC IND LTD.,NEW,/home/suruchi-pandey/Projects/Bhavcopy-download-and-mail-code/2026/BhavCopy_NSE_CM_0_0_0_20260918_F_0000.csv
2026-09-18,KIOCL,EQ,337.7,344.75,336.0,340.65,77819,26475057.45,INE880L01014,19126,KIOCL LIMITED,NEW,/home/suruchi-pandey/Projects/Bhavcopy-download-and-mail-code/2026/BhavCopy_NSE_CM_0_0_0_20260918_F_0000.csv
2026-09-18,KIRANVYPAR,EQ,218.0,218.0,202.5,207.34,1367,283303.15,INE555P01013,762742,KIRAN VYAPAR LTD.,NEW,/home/suruchi-pandey/Projects/Bhavcopy-download-and-mail-code/2026/BhavCopy_NSE_CM_0_0_0_20260918_F_0000.csv
2026-09-18,KIRIINDUS,EQ,539.0,541.9,528.2,531.75,384478,205410133.1,INE415I01015,16639,KIRI INDUSTRIES LIMITED,NEW,/home/suruchi-pandey/Projects/Bhavcopy-download-and-mail-code/2026/BhavCopy_NSE_CM_0_0_0_20260918_F_0000.csv
2026-09-18,KIRLFER,EQ,479.75,489.0,474.0,480.65,201207,97099476.0,INE884B01025,14466,KIRLOSKAR FERROUS IND LTD,NEW,/home/suruchi-pandey/Projects/Bhavcopy-download-and-mail-code/2026/BhavCopy_NSE_CM_0_0_0_20260918_F_0000.csv
2026-09-18,KIRLOSBROS,EQ,1757.1,1838.6,1757.1,1811.4,50634,91633600.7,INE732A01036,18581,KIRLOSKAR BROTHERS LTD,NEW,/home/suruchi-pandey/Projects/Bhavcopy-download-and-mail-code/2026/BhavCopy_NSE_CM_0_0_0_20260918_F_0000.csv
2026-09-18,KIRLOSENG,EQ,2106.8,2169.9,2106.7,2160.1,473818,1016222040.8,INE146L01010,20936,KIRLOSKAR OIL ENG LTD,NEW,/home/suruchi-pandey/Projects/Bhavcopy-download-and-mail-code/2026/BhavCopy_NSE_CM_0_0_0_20260918_F_0000.csv
2026-09-18,KIRLOSIND,EQ,3780.6,3845.9,3680.0,3699.8,21797,81007115.2,INE250A01039,19025,KIRLOSKAR INDUSTRIES LTD,NEW,/home/suruchi-pandey/Projects/Bhavcopy-download-and-mail-code/2026/BhavCopy_NSE_CM_0_0_0_20260918_F_0000.csv
2026-09-18,KIRLPNU,EQ,695.0,701.85,686.3,698.65,252323,175861985.15,INE811A01038,15180,KIRLOSKAR PNEUMATIC COM L,NEW,/home/suruchi-pandey/Projects/Bhavcopy-download-and-mail-code/2026/BhavCopy_NSE_CM_0_0_0_20260918_F_0000.csv
2026-09-18,KISSHT,EQ,358.0,373.0,347.0,356.05,4153061,1473338402.8,INE12F801023,763294,ONEMI TECHNOLOGY SOL LTD,NEW,/home/suruchi-pandey/Projects/Bhavcopy-download-and-mail-code/2026/BhavCopy_NSE_CM_0_0_0_20260918_F_0000.csv
2026-09-18,KITEX,EQ,121.3,121.3,119.2,119.5,262500,31428926.64,INE602G01020,28899,KITEX GARMENTS LTD,NEW,/home/suruchi-pandey/Projects/Bhavcopy-download-and-mail-code/2026/BhavCopy_NSE_CM_0_0_0_20260918_F_0000.csv
2026-09-18,KJMCFIN,EQ,62.0,63.49,60.51,63.2,620,38891.42,INE533C01018,764743,K J M C FINANCIAL SERV L,NEW,/home/suruchi-pandey/Projects/Bhavcopy-download-and-mail-code/2026/BhavCopy_NSE_CM_0_0_0_20260918_F_0000.csv
2026-09-18,KKCL,EQ,489.65,490.9,481.6,485.6,9200,4469654.6,INE401H01017,13381,KEWAL KIRAN CLOTHING LTD,NEW,/home/suruchi-pandey/Projects/Bhavcopy-download-and-mail-code/2026/BhavCopy_NSE_CM_0_0_0_20260918_F_0000.csv
2026-09-18,KLBRENG-B,EQ,462.35,474.5,455.0,471.0,93229,43318547.1,INE338F01015,762747,KILBURN ENGINEERING LTD.,NEW,/home/suruchi-pandey/Projects/Bhavcopy-download-and-mail-code/2026/BhavCopy_NSE_CM_0_0_0_20260918_F_0000.csv
2026-09-18,KMCSHIL,EQ,157.0,158.33,148.0,150.26,467949,71852178.23,INE879K01018,764748,K M C SPECIALITY HOSP I L,NEW,/home/suruchi-pandey/Projects/Bhavcopy-download-and-mail-code/2026/BhavCopy_NSE_CM_0_0_0_20260918_F_0000.csv
2026-09-18,KMEW,EQ,2842.3,2920.5,2830.0,2885.6,56943,163687398.4,INE0CJD01029,27084,KNOWLEDGE MARINE & EN W L,NEW,/home/suruchi-pandey/Projects/Bhavcopy-download-and-mail-code/2026/BhavCopy_NSE_CM_0_0_0_20260918_F_0000.csv
2026-09-18,KMSUGAR,EQ,28.99,29.28,28.16,28.62,136758,3908384.8,INE157H01023,14667,K M SUGAR MILLS LTD,NEW,/home/suruchi-pandey/Projects/Bhavcopy-download-and-mail-code/2026/BhavCopy_NSE_CM_0_0_0_20260918_F_0000.csv
2026-09-18,KNACK,EQ,184.9,187.97,182.0,182.6,753950,139058137.89,INE17QZ01016,763839,KNACK PACKAGING LIMITED,NEW,/home/suruchi-pandey/Projects/Bhavcopy-download-and-mail-code/2026/BhavCopy_NSE_CM_0_0_0_20260918_F_0000.csv
2026-09-18,KNAGRI,EQ,204.0,205.78,192.81,196.06,10201,2025665.54,INE0KNW01016,760923,KN AGRI RESOURCES LIMITED,NEW,/home/suruchi-pandey/Projects/Bhavcopy-download-and-mail-code/2026/BhavCopy_NSE_CM_0_0_0_20260918_F_0000.csv
2026-09-18,KNRCON,EQ,122.0,125.8,121.11,124.8,3109057,384352549.38,INE634I01029,15283,KNR CONSTRU LTD.,NEW,/home/suruchi-pandey/Projects/Bhavcopy-download-and-mail-code/2026/BhavCopy_NSE_CM_0_0_0_20260918_F_0000.csv
2026-09-18,KOHINOOR,EQ,31.2,33.0,30.43,30.55,72393,2264832.73,INE080B01012,3009,KOHINOOR FOODS LIMITED,NEW,/home/suruchi-pandey/Projects/Bhavcopy-download-and-mail-code/2026/BhavCopy_NSE_CM_0_0_0_20260918_F_0000.csv
2026-09-18,KOKUYOCMLN,EQ,76.23,78.2,76.11,77.79,18695,1445152.95,INE760A01029,16827,KOKUYO CAMLIN LIMITED,NEW,/home/suruchi-pandey/Projects/Bhavcopy-download-and-mail-code/2026/BhavCopy_NSE_CM_0_0_0_20260918_F_0000.csv
2026-09-18,KOLTEPATIL,EQ,433.1,438.05,423.0,431.75,117469,50637363.75,INE094I01018,15124,KOLTE PATIL DEV. LTD.,NEW,/home/suruchi-pandey/Projects/Bhavcopy-download-and-mail-code/2026/BhavCopy_NSE_CM_0_0_0_20260918_F_0000.csv
2026-09-18,KOPRAN,EQ,267.59,282.1,261.1,277.6,2434887,667269174.49,INE082A01010,1919,KOPRAN LTD,NEW,/home/suruchi-pandey/Projects/Bhavcopy-download-and-mail-code/2026/BhavCopy_NSE_CM_0_0_0_20260918_F_0000.csv
2026-09-18,KOTAKBANK,EQ,415.5,419.2,412.5,412.5,15461137,6432887442.05,INE237A01036,1922,KOTAK MAHINDRA BANK LTD,NEW,/home/suruchi-pandey/Projects/Bhavcopy-download-and-mail-code/2026/BhavCopy_NSE_CM_0_0_0_20260918_F_0000.csv
2026-09-18,KOTHARIPET,EQ,132.64,137.98,132.63,136.47,101963,13840281.86,INE720A01015,4594,KOTHARI PETROCHEM LTD,NEW,/home/suruchi-pandey/Projects/Bhavcopy-download-and-mail-code/2026/BhavCopy_NSE_CM_0_0_0_20260918_F_0000.csv
2026-09-18,KOTHARIPRO,EQ,64.44,64.99,62.2,63.11,4933,312890.85,INE823A01017,5528,KOTHARI PRODUCTS LTD,NEW,/home/suruchi-pandey/Projects/Bhavcopy-download-and-mail-code/2026/BhavCopy_NSE_CM_0_0_0_20260918_F_0000.csv
2026-09-18,KOTIC,EQ,135.69,152.0,131.6,144.41,87682,12798705.04,INE972A01020,762752,KOTHARI INDUSTRIAL CORP L,NEW,/home/suruchi-pandey/Projects/Bhavcopy-download-and-mail-code/2026/BhavCopy_NSE_CM_0_0_0_20260918_F_0000.csv
2026-09-18,KOVAI,EQ,6071.5,6290.0,6071.5,6226.0,3229,19947293.0,INE177F01017,5192,KOVAI MEDICAL CENTER & HO,NEW,/home/suruchi-pandey/Projects/Bhavcopy-download-and-mail-code/2026/BhavCopy_NSE_CM_0_0_0_20260918_F_0000.csv
2026-09-18,KPEL,EQ,212.7,220.99,212.7,216.88,216598,47000456.07,INE127T01021,27079,K.P. ENERGY LIMITED,NEW,/home/suruchi-pandey/Projects/Bhavcopy-download-and-mail-code/2026/BhavCopy_NSE_CM_0_0_0_20260918_F_0000.csv
2026-09-18,KPIGREEN,EQ,280.0,287.0,276.65,284.45,1041400,294440849.75,INE542W01025,5108,KPI GREEN ENERGY LIMITED,NEW,/home/suruchi-pandey/Projects/Bhavcopy-download-and-mail-code/2026/BhavCopy_NSE_CM_0_0_0_20260918_F_0000.csv
2026-09-18,KPIL,EQ,1404.9,1457.0,1402.0,1445.5,224766,322880886.5,INE220B01022,1814,KALPATARU PROJECT INT LTD,NEW,/home/suruchi-pandey/Projects/Bhavcopy-download-and-mail-code/2026/BhavCopy_NSE_CM_0_0_0_20260918_F_0000.csv
2026-09-18,KPITTECH,EQ,559.3,559.5,532.0,532.0,3944020,2143954116.1,INE04I401011,9683,KPIT TECHNOLOGIES LIMITED,NEW,/home/suruchi-pandey/Projects/Bhavcopy-download-and-mail-code/2026/BhavCopy_NSE_CM_0_0_0_20260918_F_0000.csv
2026-09-18,KPL,EQ,3471.2,3564.9,3430.1,3471.2,28652,99681015.1,INE552U01010,762757,KWALITY PHARMACEUTICALS L,NEW,/home/suruchi-pandey/Projects/Bhavcopy-download-and-mail-code/2026/BhavCopy_NSE_CM_0_0_0_20260918_F_0000.csv
2026-09-18,KPRMILL,EQ,1090.0,1154.4,1086.4,1141.4,265730,299538899.4,INE930H01031,14912,KPR MILL LTD.,NEW,/home/suruchi-pandey/Projects/Bhavcopy-download-and-mail-code/2026/BhavCopy_NSE_CM_0_0_0_20260918_F_0000.csv
2026-09-18,KRBL,EQ,393.45,398.0,390.3,392.45,358622,140924284.65,INE001B01026,10577,KRBL LIMITED,NEW,/home/suruchi-pandey/Projects/Bhavcopy-download-and-mail-code/2026/BhavCopy_NSE_CM_0_0_0_20260918_F_0000.csv
2026-09-18,KREBSBIO,EQ,56.94,62.8,55.8,57.31,54497,3193094.32,INE268B01013,1937,KREBS BIOCHEMICALS & IND,NEW,/home/suruchi-pandey/Projects/Bhavcopy-download-and-mail-code/2026/BhavCopy_NSE_CM_0_0_0_20260918_F_0000.csv
2026-09-18,KRIDHANINF,EQ,1.88,1.89,1.82,1.83,6829,12636.17,INE524L01026,11480,KRIDHAN INFRA LIMITED,NEW,/home/suruchi-pandey/Projects/Bhavcopy-download-and-mail-code/2026/BhavCopy_NSE_CM_0_0_0_20260918_F_0000.csv
2026-09-18,KRISHANA,EQ,183.0,185.0,178.34,179.89,358867,65124766.6,INE506W01020,12847,KRISHANA PHOSCHEM LIMITED,NEW,/home/suruchi-pandey/Projects/Bhavcopy-download-and-mail-code/2026/BhavCopy_NSE_CM_0_0_0_20260918_F_0000.csv
2026-09-18,KRISHIVAL,EQ,417.5,420.75,411.55,419.3,7573,3147598.9,INE0GGO01015,756782,KRISHIVAL FOODS LIMITED,NEW,/home/suruchi-pandey/Projects/Bhavcopy-download-and-mail-code/2026/BhavCopy_NSE_CM_0_0_0_20260918_F_0000.csv
2026-09-18,KRISHNADEF,EQ,1018.6,1033.0,1005.3,1030.0,49863,50915777.5,INE0J5601015,761192,KRISHNA DEF AND ALD IND L,NEW,/home/suruchi-pandey/Projects/Bhavcopy-download-and-mail-code/2026/BhavCopy_NSE_CM_0_0_0_20260918_F_0000.csv
2026-09-18,KRITI,EQ,62.99,62.99,58.91,59.44,30068,1805136.61,INE479D01038,6417,KRITI INDUSTRIES IND LTD,NEW,/home/suruchi-pandey/Projects/Bhavcopy-download-and-mail-code/2026/BhavCopy_NSE_CM_0_0_0_20260918_F_0000.csv
2026-09-18,KRITIKA,EQ,5.13,5.25,5.13,5.2,65954,342322.25,INE00Z501029,9288,KRITIKA WIRES LIMITED,NEW,/home/suruchi-pandey/Projects/Bhavcopy-download-and-mail-code/2026/BhavCopy_NSE_CM_0_0_0_20260918_F_0000.csv
2026-09-18,KRITINUT,EQ,84.47,84.47,80.61,81.34,6156,508351.77,INE798K01010,11432,KRITI NUTRIENTS LIMITED,NEW,/home/suruchi-pandey/Projects/Bhavcopy-download-and-mail-code/2026/BhavCopy_NSE_CM_0_0_0_20260918_F_0000.csv
2026-09-18,KRN,EQ,1434.0,1455.0,1404.8,1446.2,245619,351716919.7,INE0Q3J01015,25643,KRN HEAT EXCHANGE N REF L,NEW,/home/suruchi-pandey/Projects/Bhavcopy-download-and-mail-code/2026/BhavCopy_NSE_CM_0_0_0_20260918_F_0000.csv
2026-09-18,KROSS,EQ,244.77,248.77,237.36,239.19,1324987,322236460.61,INE0O6601022,25252,KROSS LIMITED,NEW,/home/suruchi-pandey/Projects/Bhavcopy-download-and-mail-code/2026/BhavCopy_NSE_CM_0_0_0_20260918_F_0000.csv
2026-09-18,KRSNAA,EQ,541.05,547.7,533.0,541.15,121588,65397978.8,INE08LI01020,5359,KRSNAA DIAGNOSTICS LTD,NEW,/home/suruchi-pandey/Projects/Bhavcopy-download-and-mail-code/2026/BhavCopy_NSE_CM_0_0_0_20260918_F_0000.csv
2026-09-18,KRYSTAL,EQ,675.95,685.0,640.25,646.35,46393,30839066.55,INE0QN801017,23175,KRYSTAL INTEGRATED SER L,NEW,/home/suruchi-pandey/Projects/Bhavcopy-download-and-mail-code/2026/BhavCopy_NSE_CM_0_0_0_20260918_F_0000.csv
2026-09-18,KSB,EQ,780.0,819.6,778.35,813.1,277580,223413170.1,INE999A01023,1949,KSB LIMITED,NEW,/home/suruchi-pandey/Projects/Bhavcopy-download-and-mail-code/2026/BhavCopy_NSE_CM_0_0_0_20260918_F_0000.csv
2026-09-18,KSCL,EQ,703.35,709.7,685.0,696.35,71585,50021938.85,INE455I01029,14972,KAVERI SEED CO. LTD.,NEW,/home/suruchi-pandey/Projects/Bhavcopy-download-and-mail-code/2026/BhavCopy_NSE_CM_0_0_0_20260918_F_0000.csv
2026-09-18,KSE,EQ,179.6,180.0,176.0,178.37,5194,928270.63,INE953E01022,764753,KSE LTD.,NEW,/home/suruchi-pandey/Projects/Bhavcopy-download-and-mail-code/2026/BhavCopy_NSE_CM_0_0_0_20260918_F_0000.csv
2026-09-18,KSHINTL,EQ,1044.4,1076.0,1034.15,1046.95,274277,287288546.65,INE987S01020,760433,KSH INTERNATIONAL LIMITED,NEW,/home/suruchi-pandey/Projects/Bhavcopy-download-and-mail-code/2026/BhavCopy_NSE_CM_0_0_0_20260918_F_0000.csv
2026-09-18,KSHITIJPOL,EQ,4.2,4.21,4.2,4.2,6675034,28081428.46,INE013801027,10407,KSHITIJ POLYLINE LIMITED,NEW,/home/suruchi-pandey/Projects/Bhavcopy-download-and-mail-code/2026/BhavCopy_NSE_CM_0_0_0_20260918_F_0000.csv
2026-09-18,KSL,EQ,975.0,983.4,951.55,955.05,67867,65314182.55,INE907A01026,18889,KALYANI STEELS LIMITED,NEW,/home/suruchi-pandey/Projects/Bhavcopy-download-and-mail-code/2026/BhavCopy_NSE_CM_0_0_0_20260918_F_0000.csv
2026-09-18,KSOLVES,EQ,260.0,262.8,250.4,251.6,55291,13992898.9,INE0D6I01023,11060,KSOLVES INDIA LIMITED,NEW,/home/suruchi-pandey/Projects/Bhavcopy-download-and-mail-code/2026/BhavCopy_NSE_CM_0_0_0_20260918_F_0000.csv
2026-09-18,KTKBANK,EQ,315.05,317.75,312.2,313.8,1649339,519690259.0,INE614B01018,8054,KARNATAKA BANK LIMITED,NEW,/home/suruchi-pandey/Projects/Bhavcopy-download-and-mail-code/2026/BhavCopy_NSE_CM_0_0_0_20260918_F_0000.csv
2026-09-18,KUANTUM,EQ,76.75,79.68,76.0,78.77,286124,22092891.31,INE529I01021,13870,KUANTUM PAPERS LIMITED,NEW,/home/suruchi-pandey/Projects/Bhavcopy-download-and-mail-code/2026/BhavCopy_NSE_CM_0_0_0_20260918_F_0000.csv
2026-09-18,KUSUMGAR,EQ,551.95,594.0,551.95,591.2,504398,294108165.25,INE0ISX01025,764116,KUSUMGAR LIMITED,NEW,/home/suruchi-pandey/Projects/Bhavcopy-download-and-mail-code/2026/BhavCopy_NSE_CM_0_0_0_20260918_F_0000.csv
2026-09-18,KWIL,EQ,40.15,41.45,39.48,41.22,11630941,471605577.53,INE2KCE01013,760946,KWALITY WALL'S (INDIA) L,NEW,/home/suruchi-pandey/Projects/Bhavcopy-download-and-mail-code/2026/BhavCopy_NSE_CM_0_0_0_20260918_F_0000.csv
2026-09-18,LAGNAM,EQ,73.0,73.0,68.1,72.34,15924,1132899.42,INE548Z01017,5865,LAGNAM SPINTEX LIMITED,NEW,/home/suruchi-pandey/Projects/Bhavcopy-download-and-mail-code/2026/BhavCopy_NSE_CM_0_0_0_20260918_F_0000.csv
2026-09-18,LAHOTIOV,EQ,39.32,40.48,39.2,39.26,5598,220418.36,INE515C01023,762762,LAHOTI OVERSEAS LTD.,NEW,/home/suruchi-pandey/Projects/Bhavcopy-download-and-mail-code/2026/BhavCopy_NSE_CM_0_0_0_20260918_F_0000.csv
2026-09-18,LAKSHMIMIL,EQ,7654.0,7654.0,7654.0,7654.0,1,7654.0,INE938C01019,764763,LAKSHMI MILLS CO. LTD.,NEW,/home/suruchi-pandey/Projects/Bhavcopy-download-and-mail-code/2026/BhavCopy_NSE_CM_0_0_0_20260918_F_0000.csv
2026-09-18,LAL,EQ,8.96,8.96,8.65,8.86,223610,1940107.37,INE740X01023,14924,LORENZINI APPARELS LTD,NEW,/home/suruchi-pandey/Projects/Bhavcopy-download-and-mail-code/2026/BhavCopy_NSE_CM_0_0_0_20260918_F_0000.csv
2026-09-18,LALITHAA,EQ,280.0,304.9,277.0,304.9,8505145,2500177194.85,INE0K9O01026,765361,LALITHAA JEWELLERY MART L,NEW,/home/suruchi-pandey/Projects/Bhavcopy-download-and-mail-code/2026/BhavCopy_NSE_CM_0_0_0_20260918_F_0000.csv
2026-09-18,LALPATHLAB,EQ,1930.1,1959.4,1885.0,1896.9,477275,911592169.3,INE600L01024,11654,DR. LAL PATH LABS LTD.,NEW,/home/suruchi-pandey/Projects/Bhavcopy-download-and-mail-code/2026/BhavCopy_NSE_CM_0_0_0_20260918_F_0000.csv
2026-09-18,LAMBODHARA,EQ,120.0,121.2,118.6,120.21,6550,784616.0,INE112F01022,6407,LAMBODHARA TEXTILES LTD.,NEW,/home/suruchi-pandey/Projects/Bhavcopy-download-and-mail-code/2026/BhavCopy_NSE_CM_0_0_0_20260918_F_0000.csv
2026-09-18,LANCER,EQ,12.6,12.6,12.0,12.11,346283,4222017.1,INE359U01028,9392,LANCER CONTAINER LINES L,NEW,/home/suruchi-pandey/Projects/Bhavcopy-download-and-mail-code/2026/BhavCopy_NSE_CM_0_0_0_20260918_F_0000.csv
2026-09-18,LANDMARK,EQ,488.75,515.0,482.9,504.5,67669,33638340.35,INE559R01029,13276,LANDMARK CARS LIMITED,NEW,/home/suruchi-pandey/Projects/Bhavcopy-download-and-mail-code/2026/BhavCopy_NSE_CM_0_0_0_20260918_F_0000.csv
2026-09-18,LANDSMILL,EQ,0.57,0.58,0.56,0.56,1697340,955366.27,INE688J01023,17376,LANDSMILL GREEN LIMITED,NEW,/home/suruchi-pandey/Projects/Bhavcopy-download-and-mail-code/2026/BhavCopy_NSE_CM_0_0_0_20260918_F_0000.csv
2026-09-18,LAOPALA,EQ,157.59,164.98,157.12,162.6,310800,50290876.26,INE059D01020,14423,LA OPALA RG LIMITED,NEW,/home/suruchi-pandey/Projects/Bhavcopy-download-and-mail-code/2026/BhavCopy_NSE_CM_0_0_0_20260918_F_0000.csv
2026-09-18,LARGEMID50,EQ,35.53,35.56,35.36,35.55,1014,36044.75,INF769K01RK3,765313,MIRAEAMC - LARGEMID50,NEW,/home/suruchi-pandey/Projects/Bhavcopy-download-and-mail-code/2026/BhavCopy_NSE_CM_0_0_0_20260918_F_0000.csv
2026-09-18,LASERPOWER,EQ,270.5,284.0,270.4,280.75,1116298,310863330.1,INE17IR01028,764126,LASER POWER & INFRA LTD,NEW,/home/suruchi-pandey/Projects/Bhavcopy-download-and-mail-code/2026/BhavCopy_NSE_CM_0_0_0_20260918_F_0000.csv
2026-09-18,LATENTVIEW,EQ,256.05,256.5,253.6,255.35,254240,64864189.05,INE0I7C01011,6818,LATENT VIEW ANALYTICS LTD,NEW,/home/suruchi-pandey/Projects/Bhavcopy-download-and-mail-code/2026/BhavCopy_NSE_CM_0_0_0_20260918_F_0000.csv
2026-09-18,LATTEYS,EQ,20.34,21.2,20.34,20.69,40204,829023.29,INE262Z01023,15840,LATTEYS INDUSTRIES LTD,NEW,/home/suruchi-pandey/Projects/Bhavcopy-download-and-mail-code/2026/BhavCopy_NSE_CM_0_0_0_20260918_F_0000.csv
2026-09-18,LAURUSLABS,EQ,1962.0,1982.0,1954.0,1954.0,2655873,5225295182.5,INE947Q01028,19234,LAURUS LABS LIMITED,NEW,/home/suruchi-pandey/Projects/Bhavcopy-download-and-mail-code/2026/BhavCopy_NSE_CM_0_0_0_20260918_F_0000.csv
2026-09-18,LAXMICOT,EQ,13.0,13.28,12.6,12.72,5476,70334.59,INE801V01019,6568,LAXMI COTSPIN LIMITED,NEW,/home/suruchi-pandey/Projects/Bhavcopy-download-and-mail-code/2026/BhavCopy_NSE_CM_0_0_0_20260918_F_0000.csv
2026-09-18,LAXMIDENTL,EQ,199.49,202.0,197.0,197.95,29411,5849620.07,INE0WO601020,29171,LAXMI DENTAL LIMITED,NEW,/home/suruchi-pandey/Projects/Bhavcopy-download-and-mail-code/2026/BhavCopy_NSE_CM_0_0_0_20260918_F_0000.csv
2026-09-18,LAXMIINDIA,EQ,124.96,127.5,123.5,126.98,133652,16855014.42,INE06WU01026,758863,LAXMI INDIA FINANCE LTD,NEW,/home/suruchi-pandey/Projects/Bhavcopy-download-and-mail-code/2026/BhavCopy_NSE_CM_0_0_0_20260918_F_0000.csv
2026-09-18,LCCINFOTEC,EQ,3.44,3.44,3.44,3.44,47268,162601.92,INE938A01021,7529,LCC INFOTECH LTD,NEW,/home/suruchi-pandey/Projects/Bhavcopy-download-and-mail-code/2026/BhavCopy_NSE_CM_0_0_0_20260918_F_0000.csv
2026-09-18,LCCPROJECT,EQ,159.63,163.7,153.09,155.78,11654009,1810169808.57,INE1FPN01026,766044,LCC PROJECTS LIMITED,NEW,/home/suruchi-pandey/Projects/Bhavcopy-download-and-mail-code/2026/BhavCopy_NSE_CM_0_0_0_20260918_F_0000.csv
2026-09-18,LCL,EQ,527.45,547.05,527.35,538.6,322072,173697475.4,INE0QJW01029,764296,LOHIA CORP LIMITED,NEW,/home/suruchi-pandey/Projects/Bhavcopy-download-and-mail-code/2026/BhavCopy_NSE_CM_0_0_0_20260918_F_0000.csv
2026-09-18,LEAPIND,EQ,137.25,143.02,135.34,140.47,2759097,384020062.46,INE00GO01025,764523,LEAP INDIA LIMITED,NEW,/home/suruchi-pandey/Projects/Bhavcopy-download-and-mail-code/2026/BhavCopy_NSE_CM_0_0_0_20260918_F_0000.csv
2026-09-18,LEMERITE,EQ,18.35,19.54,17.81,18.35,249153,4633994.13,INE0G1L01025,760300,LE MERITE EXPORTS LIMITED,NEW,/home/suruchi-pandey/Projects/Bhavcopy-download-and-mail-code/2026/BhavCopy_NSE_CM_0_0_0_20260918_F_0000.csv
2026-09-18,LEMONTREE,EQ,104.12,106.9,104.12,106.47,2070198,218616787.89,INE970X01018,2606,LEMON TREE HOTELS LTD,NEW,/home/suruchi-pandey/Projects/Bhavcopy-download-and-mail-code/2026/BhavCopy_NSE_CM_0_0_0_20260918_F_0000.csv
2026-09-18,LENSKART,EQ,683.0,725.0,677.55,707.2,25690503,18102428547.9,INE956O01016,759605,LENSKART SOLUTIONS LTD,NEW,/home/suruchi-pandey/Projects/Bhavcopy-download-and-mail-code/2026/BhavCopy_NSE_CM_0_0_0_20260918_F_0000.csv
2026-09-18,LEXUS,EQ,13.75,13.9,12.36,13.0,39290,512973.53,INE500X01013,14459,LEXUS GRANITO (INDIA) LTD,NEW,/home/suruchi-pandey/Projects/Bhavcopy-download-and-mail-code/2026/BhavCopy_NSE_CM_0_0_0_20260918_F_0000.csv
2026-09-18,LFIC,EQ,135.4,136.02,130.21,132.74,2724,359522.85,INE850E01012,7902,LAKSHMI FIN IND CORP LTD,NEW,/home/suruchi-pandey/Projects/Bhavcopy-download-and-mail-code/2026/BhavCopy_NSE_CM_0_0_0_20260918_F_0000.csv
2026-09-18,LGBBROSLTD,EQ,1718.1,1764.9,1698.6,1730.4,25696,44255607.9,INE337A01034,18321,LG BALAKRISHNAN & BROS,NEW,/home/suruchi-pandey/Projects/Bhavcopy-download-and-mail-code/2026/BhavCopy_NSE_CM_0_0_0_20260918_F_0000.csv
2026-09-18,LGEINDIA,EQ,1660.0,1706.9,1658.9,1696.9,1337344,2263286081.6,INE324D01010,760213,LG ELECTRONICS INDIA LTD,NEW,/home/suruchi-pandey/Projects/Bhavcopy-download-and-mail-code/2026/BhavCopy_NSE_CM_0_0_0_20260918_F_0000.csv
2026-09-18,LGHL,EQ,188.95,188.95,180.0,181.12,25458,4698454.41,INE258Y01016,19876,LAXMI GOLDORNA HOUSE LTD,NEW,/home/suruchi-pandey/Projects/Bhavcopy-download-and-mail-code/2026/BhavCopy_NSE_CM_0_0_0_20260918_F_0000.csv
2026-09-18,LIBAS,EQ,12.25,12.9,11.3,12.1,272411,3362499.47,INE908V01012,11082,LIBAS CONSU PRODUCTS LTD,NEW,/home/suruchi-pandey/Projects/Bhavcopy-download-and-mail-code/2026/BhavCopy_NSE_CM_0_0_0_20260918_F_0000.csv
2026-09-18,LIBERTSHOE,EQ,215.98,224.0,215.98,221.28,20763,4565881.56,INE557B01019,1994,LIBERTY SHOES LTD,NEW,/home/suruchi-pandey/Projects/Bhavcopy-download-and-mail-code/2026/BhavCopy_NSE_CM_0_0_0_20260918_F_0000.csv
2026-09-18,LICHSGFIN,EQ,548.6,552.0,543.6,548.15,2234836,1223439124.5,INE115A01026,1997,LIC HOUSING FINANCE LTD,NEW,/home/suruchi-pandey/Projects/Bhavcopy-download-and-mail-code/2026/BhavCopy_NSE_CM_0_0_0_20260918_F_0000.csv
2026-09-18,LICI,EQ,400.0,407.7,398.8,407.7,6937082,2784021694.4,INE0J1Y01017,9480,LIFE INSURA CORP OF INDIA,NEW,/home/suruchi-pandey/Projects/Bhavcopy-download-and-mail-code/2026/BhavCopy_NSE_CM_0_0_0_20260918_F_0000.csv
2026-09-18,LICMFGOLD,EQ,137.25,138.1,136.45,137.65,332691,45658411.2,INF767K01SM1,25640,LIC MF - LIC GOLD ETF,NEW,/home/suruchi-pandey/Projects/Bhavcopy-download-and-mail-code/2026/BhavCopy_NSE_CM_0_0_0_20260918_F_0000.csv
2026-09-18,LICNETFGSC,EQ,29.49,29.49,29.02,29.28,6406,187607.52,INF767K01MV5,6062,LICNAMC - LICNMFET,NEW,/home/suruchi-pandey/Projects/Bhavcopy-download-and-mail-code/2026/BhavCopy_NSE_CM_0_0_0_20260918_F_0000.csv
2026-09-18,LICNETFN50,EQ,260.84,263.39,260.84,263.39,69,18119.23,INF767K01OS7,11319,LICNAMC - LICNFENGP,NEW,/home/suruchi-pandey/Projects/Bhavcopy-download-and-mail-code/2026/BhavCopy_NSE_CM_0_0_0_20260918_F_0000.csv
2026-09-18,LICNETFSEN,EQ,838.75,849.9,833.11,838.84,52,43599.14,INF767K01OT5,11441,LICNAMC - LICNFESGP,NEW,/home/suruchi-pandey/Projects/Bhavcopy-download-and-mail-code/2026/BhavCopy_NSE_CM_0_0_0_20260918_F_0000.csv
2026-09-18,LICNFNHGP,EQ,274.18,274.18,268.0,268.0,361,97306.94,INF767K01PC8,15229,LICNAMC - LICNFNHGP,NEW,/home/suruchi-pandey/Projects/Bhavcopy-download-and-mail-code/2026/BhavCopy_NSE_CM_0_0_0_20260918_F_0000.csv
2026-09-18,LICNMID100,EQ,61.69,63.7,61.69,63.34,17461,1087798.54,INF767K01RN1,22722,LICNAMC - LICNMID100,NEW,/home/suruchi-pandey/Projects/Bhavcopy-download-and-mail-code/2026/BhavCopy_NSE_CM_0_0_0_20260918_F_0000.csv
2026-09-18,LIKHITHA,EQ,222.0,230.39,219.0,220.78,62548,13973422.92,INE060901027,578,LIKHITHA INFRASTRUC LTD,NEW,/home/suruchi-pandey/Projects/Bhavcopy-download-and-mail-code/2026/BhavCopy_NSE_CM_0_0_0_20260918_F_0000.csv
2026-09-18,LINC,EQ,91.95,93.38,91.0,91.81,5818,533472.65,INE802B01027,6951,LINC LIMITED,NEW,/home/suruchi-pandey/Projects/Bhavcopy-download-and-mail-code/2026/BhavCopy_NSE_CM_0_0_0_20260918_F_0000.csv
2026-09-18,LINCOLN,EQ,597.05,612.35,597.05,604.85,18250,11032468.1,INE405C01035,11596,LINCOLN PHARMA LTD,NEW,/home/suruchi-pandey/Projects/Bhavcopy-download-and-mail-code/2026/BhavCopy_NSE_CM_0_0_0_20260918_F_0000.csv
2026-09-18,LINDEINDIA,EQ,6139.0,6250.0,6116.0,6241.5,20753,128926572.0,INE473A01011,1627,LINDE INDIA LIMITED,NEW,/home/suruchi-pandey/Projects/Bhavcopy-download-and-mail-code/2026/BhavCopy_NSE_CM_0_0_0_20260918_F_0000.csv
2026-09-18,LIQGRWBEES,EQ,1055.79,1056.19,1055.79,1056.18,101609,107318115.11,INF204KC1FU1,757725,NIPPONAMC - LIQGRWBEES,NEW,/home/suruchi-pandey/Projects/Bhavcopy-download-and-mail-code/2026/BhavCopy_NSE_CM_0_0_0_20260918_F_0000.csv
2026-09-18,LIQUID,EQ,999.99,1000.0,999.99,999.99,107563,107562558.92,INF769K01KS1,17572,MIRAEAMC - LIQUID,NEW,/home/suruchi-pandey/Projects/Bhavcopy-download-and-mail-code/2026/BhavCopy_NSE_CM_0_0_0_20260918_F_0000.csv
2026-09-18,LIQUID1,EQ,1122.94,1125.1,1122.94,1123.38,588053,660608272.94,INF174KA1LV5,13950,KOTAKMAMC - KOTAKLIQ,NEW,/home/suruchi-pandey/Projects/Bhavcopy-download-and-mail-code/2026/BhavCopy_NSE_CM_0_0_0_20260918_F_0000.csv
2026-09-18,LIQUIDADD,EQ,1145.45,1145.85,1145.21,1145.47,335850,384705640.62,INF740KA1UM0,23407,DSPAMC - LIQUIDADD,NEW,/home/suruchi-pandey/Projects/Bhavcopy-download-and-mail-code/2026/BhavCopy_NSE_CM_0_0_0_20260918_F_0000.csv
2026-09-18,LIQUIDBEES,EQ,999.99,1000.01,999.99,999.99,6909810,6909781265.71,INF732E01037,11006,NIP IND ETF LIQUID BEES,NEW,/home/suruchi-pandey/Projects/Bhavcopy-download-and-mail-code/2026/BhavCopy_NSE_CM_0_0_0_20260918_F_0000.csv
2026-09-18,LIQUIDBETF,EQ,1099.5,1099.5,1099.48,1099.49,477228,524707534.22,INF0QA701854,23915,BFAM - LIQUIDBETF,NEW,/home/suruchi-pandey/Projects/Bhavcopy-download-and-mail-code/2026/BhavCopy_NSE_CM_0_0_0_20260918_F_0000.csv
2026-09-18,LIQUIDCASE,EQ,116.01,116.01,115.99,116.0,13211859,1532610727.62,INF0R8F01034,21750,ZERODHAAMC - LIQUIDCASE,NEW,/home/suruchi-pandey/Projects/Bhavcopy-download-and-mail-code/2026/BhavCopy_NSE_CM_0_0_0_20260918_F_0000.csv
2026-09-18,LIQUIDETF,EQ,999.99,1000.01,999.99,1000.0,89967,89966985.87,INF740KA1EU7,1927,DSP LIQUID ETF,NEW,/home/suruchi-pandey/Projects/Bhavcopy-download-and-mail-code/2026/BhavCopy_NSE_CM_0_0_0_20260918_F_0000.csv
2026-09-18,LIQUIDIETF,EQ,1000.0,1000.01,999.99,999.99,841690,841689143.04,INF109KC1KT9,4838,ICICIPRAMC - ICICILIQ,NEW,/home/suruchi-pandey/Projects/Bhavcopy-download-and-mail-code/2026/BhavCopy_NSE_CM_0_0_0_20260918_F_0000.csv
2026-09-18,LIQUIDPLUS,EQ,1103.9,1103.92,1103.9,1103.91,480177,530070179.18,INF769K01MY5,27075,MIRAEAMC - LIQUIDPLUS,NEW,/home/suruchi-pandey/Projects/Bhavcopy-download-and-mail-code/2026/BhavCopy_NSE_CM_0_0_0_20260918_F_0000.csv
2026-09-18,LIQUIDSBI,EQ,1000.01,1000.01,999.99,999.99,2584,2583980.02,INF200KA13Z8,19705,SBIAMC - LIQUIDSBI,NEW,/home/suruchi-pandey/Projects/Bhavcopy-download-and-mail-code/2026/BhavCopy_NSE_CM_0_0_0_20260918_F_0000.csv
2026-09-18,LIQUIDSHRI,EQ,1122.13,1122.15,1122.13,1122.13,5249,5890100.38,INF680P01422,24374,SHRIRAM - LIQUIDSHRI,NEW,/home/suruchi-pandey/Projects/Bhavcopy-download-and-mail-code/2026/BhavCopy_NSE_CM_0_0_0_20260918_F_0000.csv
2026-09-18,LKPSEC,EQ,15.65,15.65,14.75,15.01,9134,136098.9,INE341H01023,765100,L K P SECURITIES LTD.,NEW,/home/suruchi-pandey/Projects/Bhavcopy-download-and-mail-code/2026/BhavCopy_NSE_CM_0_0_0_20260918_F_0000.csv
2026-09-18,LLOYDSENGG,EQ,80.2,82.63,80.2,82.43,2821471,230937276.3,INE093R01011,17801,LLOYDS ENGG WORK LIMITED,NEW,/home/suruchi-pandey/Projects/Bhavcopy-download-and-mail-code/2026/BhavCopy_NSE_CM_0_0_0_20260918_F_0000.csv
2026-09-18,LLOYDSENT,EQ,66.75,69.79,66.75,68.84,1584258,108711897.76,INE080I01025,25807,LLOYDS ENTERPRISES LTD,NEW,/home/suruchi-pandey/Projects/Bhavcopy-download-and-mail-code/2026/BhavCopy_NSE_CM_0_0_0_20260918_F_0000.csv
2026-09-18,LLOYDSME,EQ,1807.8,1831.5,1799.5,1826.7,342148,623598541.6,INE281B01032,17313,LLOYDS METALS N ENERGY L,NEW,/home/suruchi-pandey/Projects/Bhavcopy-download-and-mail-code/2026/BhavCopy_NSE_CM_0_0_0_20260918_F_0000.csv
2026-09-18,LMW,EQ,18249.0,18509.0,17605.0,17759.0,8747,156625378.0,INE269B01029,1979,LMW LIMITED,NEW,/home/suruchi-pandey/Projects/Bhavcopy-download-and-mail-code/2026/BhavCopy_NSE_CM_0_0_0_20260918_F_0000.csv
2026-09-18,LODHA,EQ,1110.2,1148.8,1108.6,1144.7,4727259,5344997093.6,INE670K01029,3220,LODHA DEVELOPERS LIMITED,NEW,/home/suruchi-pandey/Projects/Bhavcopy-download-and-mail-code/2026/BhavCopy_NSE_CM_0_0_0_20260918_F_0000.csv
2026-09-18,LOKESHMACH,EQ,333.2,352.2,332.9,344.8,15887,5490962.85,INE397H01017,13436,LOKESH MACHINES LTD,NEW,/home/suruchi-pandey/Projects/Bhavcopy-download-and-mail-code/2026/BhavCopy_NSE_CM_0_0_0_20260918_F_0000.csv
2026-09-18,LORDSCHLO,EQ,134.0,137.49,132.1,136.06,10327,1404439.83,INE846D01012,18232,LORDS CHLORO ALKALI LTD,NEW,/home/suruchi-pandey/Projects/Bhavcopy-download-and-mail-code/2026/BhavCopy_NSE_CM_0_0_0_20260918_F_0000.csv
2026-09-18,LOTUSCHO,EQ,564.35,580.0,560.0,575.1,1912,1086116.3,INE026D01011,764768,LOTUS CHOCOLATE CO. LTD.,NEW,/home/suruchi-pandey/Projects/Bhavcopy-download-and-mail-code/2026/BhavCopy_NSE_CM_0_0_0_20260918_F_0000.csv
2026-09-18,LOTUSEYE,EQ,113.12,115.2,113.0,115.1,7112,815715.81,INE947I01017,16807,LOTUS EYE HOSP & INST L,NEW,/home/suruchi-pandey/Projects/Bhavcopy-download-and-mail-code/2026/BhavCopy_NSE_CM_0_0_0_20260918_F_0000.csv
2026-09-18,LOVABLE,EQ,71.5,71.5,69.0,69.67,3538,247227.14,INE597L01014,22415,LOVABLE LINGERIE LTD,NEW,/home/suruchi-pandey/Projects/Bhavcopy-download-and-mail-code/2026/BhavCopy_NSE_CM_0_0_0_20260918_F_0000.csv
2026-09-18,LOWVOL,EQ,199.5,199.96,199.5,199.64,1007,201127.96,INF769K01JU9,14786,MIRAEAMC - MANV30F,NEW,/home/suruchi-pandey/Projects/Bhavcopy-download-and-mail-code/2026/BhavCopy_NSE_CM_0_0_0_20260918_F_0000.csv
2026-09-18,LOWVOL1,EQ,20.14,20.5,20.14,20.37,30084,614594.93,INF174KA1IY5,8632,KOTAKMAMC - KOTAKLOVOL,NEW,/home/suruchi-pandey/Projects/Bhavcopy-download-and-mail-code/2026/BhavCopy_NSE_CM_0_0_0_20260918_F_0000.csv
2026-09-18,LOWVOLIETF,EQ,21.59,21.59,21.32,21.41,4231155,90372021.62,INF109KC19U5,21254,ICICI PR NIF LW VL 30 ETF,NEW,/home/suruchi-pandey/Projects/Bhavcopy-download-and-mail-code/2026/BhavCopy_NSE_CM_0_0_0_20260918_F_0000.csv
2026-09-18,LOYALTEX,EQ,207.0,210.8,197.09,201.35,447,92007.51,INE970D01010,10590,LOYAL TEXTILE MILLS LTD,NEW,/home/suruchi-pandey/Projects/Bhavcopy-download-and-mail-code/2026/BhavCopy_NSE_CM_0_0_0_20260918_F_0000.csv
2026-09-18,LPDC,EQ,6.3,7.32,6.14,7.07,456816,3167028.37,INE197J01017,16863,LANDMARK PR.DEV.CO.LTD,NEW,/home/suruchi-pandey/Projects/Bhavcopy-download-and-mail-code/2026/BhavCopy_NSE_CM_0_0_0_20260918_F_0000.csv
2026-09-18,LT,EQ,3846.0,3898.0,3846.0,3885.0,1547690,6002333556.7,INE018A01030,11483,LARSEN & TOUBRO LTD.,NEW,/home/suruchi-pandey/Projects/Bhavcopy-download-and-mail-code/2026/BhavCopy_NSE_CM_0_0_0_20260918_F_0000.csv
2026-09-18,LTF,EQ,303.0,314.3,302.5,312.8,4647669,1439221834.6,INE498L01015,24948,L&T FINANCE LIMITED,NEW,/home/suruchi-pandey/Projects/Bhavcopy-download-and-mail-code/2026/BhavCopy_NSE_CM_0_0_0_20260918_F_0000.csv
2026-09-18,LTFOODS,EQ,420.9,426.45,416.1,423.2,459122,193521668.1,INE818H01020,13816,LT FOODS LIMITED,NEW,/home/suruchi-pandey/Projects/Bhavcopy-download-and-mail-code/2026/BhavCopy_NSE_CM_0_0_0_20260918_F_0000.csv
2026-09-18,LTGILTBEES,EQ,29.68,29.9,29.67,29.78,1009925,30060310.41,INF204KB1882,17700,NIP IND ETF LONGTERM GILT,NEW,/home/suruchi-pandey/Projects/Bhavcopy-download-and-mail-code/2026/BhavCopy_NSE_CM_0_0_0_20260918_F_0000.csv
2026-09-18,LTGILTCASE,EQ,30.88,30.88,30.1,30.29,228742,6931068.07,INF0R8F01133,758705,ZERODHAAMC - LTGILTCASE,NEW,/home/suruchi-pandey/Projects/Bhavcopy-download-and-mail-code/2026/BhavCopy_NSE_CM_0_0_0_20260918_F_0000.csv
2026-09-18,LTM,EQ,4245.0,4300.0,4155.0,4275.1,500645,2124112232.0,INE214T01019,17818,LTM LIMITED,NEW,/home/suruchi-pandey/Projects/Bhavcopy-download-and-mail-code/2026/BhavCopy_NSE_CM_0_0_0_20260918_F_0000.csv
2026-09-18,LTTS,EQ,3340.9,3367.9,3286.8,3347.5,103280,344257960.0,INE010V01017,18564,L&T TECHNOLOGY SER. LTD.,NEW,/home/suruchi-pandey/Projects/Bhavcopy-download-and-mail-code/2026/BhavCopy_NSE_CM_0_0_0_20260918_F_0000.csv
2026-09-18,LUMAXIND,EQ,5740.0,5917.0,5738.5,5851.0,10193,59713353.0,INE162B01018,2018,LUMAX INDUSTRIES LTD,NEW,/home/suruchi-pandey/Projects/Bhavcopy-download-and-mail-code/2026/BhavCopy_NSE_CM_0_0_0_20260918_F_0000.csv
2026-09-18,LUMAXTECH,EQ,2011.3,2118.4,2003.6,2102.7,190451,398748882.4,INE872H01027,14014,LUMAX AUTO TECH LTD,NEW,/home/suruchi-pandey/Projects/Bhavcopy-download-and-mail-code/2026/BhavCopy_NSE_CM_0_0_0_20260918_F_0000.csv
2026-09-18,LUMINO,EQ,109.4,112.9,107.2,111.52,21880189,2423782289.5,INE185Q01025,765524,LUMINO INDUSTRIES LIMITED,NEW,/home/suruchi-pandey/Projects/Bhavcopy-download-and-mail-code/2026/BhavCopy_NSE_CM_0_0_0_20260918_F_0000.csv
2026-09-18,LUPIN,EQ,2088.1,2114.7,2075.0,2083.0,1194290,2495000402.4,INE326A01037,10440,LUPIN LIMITED,NEW,/home/suruchi-pandey/Projects/Bhavcopy-download-and-mail-code/2026/BhavCopy_NSE_CM_0_0_0_20260918_F_0000.csv
2026-09-18,LUXIND,EQ,1049.5,1169.9,1049.5,1139.2,279753,314973576.9,INE150G01020,11301,LUX INDUSTRIES LIMITED,NEW,/home/suruchi-pandey/Projects/Bhavcopy-download-and-mail-code/2026/BhavCopy_NSE_CM_0_0_0_20260918_F_0000.csv
2026-09-18,LXCHEM,EQ,180.0,182.84,177.22,178.24,922831,165787405.72,INE576O01020,2841,LAXMI ORGANIC INDUS LTD,NEW,/home/suruchi-pandey/Projects/Bhavcopy-download-and-mail-code/2026/BhavCopy_NSE_CM_0_0_0_20260918_F_0000.csv
2026-09-18,M&M,EQ,3082.0,3098.2,3052.0,3052.0,2973119,9120610734.4,INE101A01026,2031,MAHINDRA & MAHINDRA LTD,NEW,/home/suruchi-pandey/Projects/Bhavcopy-download-and-mail-code/2026/BhavCopy_NSE_CM_0_0_0_20260918_F_0000.csv
2026-09-18,M&MFIN,EQ,349.85,356.95,347.1,353.3,3129493,1103340294.0,INE774D01024,13285,M&M FIN. SERVICES LTD,NEW,/home/suruchi-pandey/Projects/Bhavcopy-download-and-mail-code/2026/BhavCopy_NSE_CM_0_0_0_20260918_F_0000.csv
2026-09-18,MAANALU,EQ,105.85,105.94,103.61,104.77,32914,3451803.29,INE215I01027,15017,MAAN ALUMINIUM LIMITED,NEW,/home/suruchi-pandey/Projects/Bhavcopy-download-and-mail-code/2026/BhavCopy_NSE_CM_0_0_0_20260918_F_0000.csv
2026-09-18,MACPOWER,EQ,1930.1,2149.0,1930.1,2104.5,237776,496235264.1,INE155Z01011,22347,MACPOWER CNC MACHINES LTD,NEW,/home/suruchi-pandey/Projects/Bhavcopy-download-and-mail-code/2026/BhavCopy_NSE_CM_0_0_0_20260918_F_0000.csv
2026-09-18,MADHAV,EQ,35.9,37.79,35.1,35.46,25672,940955.26,INE925C01016,15151,MADHAV MARBLE & GRANITE,NEW,/home/suruchi-pandey/Projects/Bhavcopy-download-and-mail-code/2026/BhavCopy_NSE_CM_0_0_0_20260918_F_0000.csv
2026-09-18,MADHAVIPL,EQ,7.59,8.15,7.59,7.8,146481,1151636.7,INE631R01026,762767,MADHAV INFRA PROJECTS L,NEW,/home/suruchi-pandey/Projects/Bhavcopy-download-and-mail-code/2026/BhavCopy_NSE_CM_0_0_0_20260918_F_0000.csv
2026-09-18,MADRASFERT,EQ,61.4,61.64,60.8,61.28,22335,1367623.65,INE414A01015,4911,MADRAS FERTILISERS LTD,NEW,/home/suruchi-pandey/Projects/Bhavcopy-download-and-mail-code/2026/BhavCopy_NSE_CM_0_0_0_20260918_F_0000.csv
2026-09-18,MAFANG,EQ,238.66,254.0,238.66,248.07,1209212,300862249.13,INF769K01HF4,3507,MIRAEAMC - MAFANG,NEW,/home/suruchi-pandey/Projects/Bhavcopy-download-and-mail-code/2026/BhavCopy_NSE_CM_0_0_0_20260918_F_0000.csv
2026-09-18,MAFATIND,EQ,120.9,122.39,119.2,119.56,45441,5451259.38,INE270B01035,762772,MAFATLAL INDUSTRIES LTD.,NEW,/home/suruchi-pandey/Projects/Bhavcopy-download-and-mail-code/2026/BhavCopy_NSE_CM_0_0_0_20260918_F_0000.csv
2026-09-18,MAGADSUGAR,EQ,509.85,512.7,497.6,504.75,25380,12747022.55,INE347W01011,21392,MAGADH SUGAR & ENERGY LTD,NEW,/home/suruchi-pandey/Projects/Bhavcopy-download-and-mail-code/2026/BhavCopy_NSE_CM_0_0_0_20260918_F_0000.csv
2026-09-18,MAGNUM,EQ,19.53,19.98,18.81,19.19,75187,1450477.0,INE387I01016,14957,MAGNUM VENTURES LTD.,NEW,/home/suruchi-pandey/Projects/Bhavcopy-download-and-mail-code/2026/BhavCopy_NSE_CM_0_0_0_20260918_F_0000.csv
2026-09-18,MAHABANK,EQ,81.6,83.54,81.13,83.54,18030197,1491342127.53,INE457A01014,11377,BANK OF MAHARASHTRA,NEW,/home/suruchi-pandey/Projects/Bhavcopy-download-and-mail-code/2026/BhavCopy_NSE_CM_0_0_0_20260918_F_0000.csv
2026-09-18,MAHAPEXLTD,EQ,54.2,58.8,54.02,54.72,2016,110878.64,INE843B01013,5239,MAHA RASHTRA APEX COPR. L,NEW,/home/suruchi-pandey/Projects/Bhavcopy-download-and-mail-code/2026/BhavCopy_NSE_CM_0_0_0_20260918_F_0000.csv
2026-09-18,MAHEPC,EQ,103.38,103.8,101.55,102.64,11732,1204742.19,INE215D01010,17603,MAHINDRA EPC IRRIG LTD,NEW,/home/suruchi-pandey/Projects/Bhavcopy-download-and-mail-code/2026/BhavCopy_NSE_CM_0_0_0_20260918_F_0000.csv
2026-09-18,MAHESHWARI,EQ,68.3,71.49,68.28,68.7,2620,183331.16,INE263W01010,9576,MAHESHWARI LOGISTICS LTD.,NEW,/home/suruchi-pandey/Projects/Bhavcopy-download-and-mail-code/2026/BhavCopy_NSE_CM_0_0_0_20260918_F_0000.csv
2026-09-18,MAHKTECH,EQ,21.75,22.9,21.7,21.8,1637716,35938921.37,INF769K01HS7,7074,MIRAEAMC - MAHKTECH,NEW,/home/suruchi-pandey/Projects/Bhavcopy-download-and-mail-code/2026/BhavCopy_NSE_CM_0_0_0_20260918_F_0000.csv
2026-09-18,MAHLIFE,EQ,364.0,371.0,356.85,366.4,140424,51212961.8,INE813A01018,8050,MAHINDRA LIFESPACE DEVLTD,NEW,/home/suruchi-pandey/Projects/Bhavcopy-download-and-mail-code/2026/BhavCopy_NSE_CM_0_0_0_20260918_F_0000.csv
2026-09-18,MAHLOG,EQ,393.95,394.75,387.4,392.75,101788,39884384.65,INE766P01016,385,MAHINDRA LOGISTIC LIMITED,NEW,/home/suruchi-pandey/Projects/Bhavcopy-download-and-mail-code/2026/BhavCopy_NSE_CM_0_0_0_20260918_F_0000.csv
2026-09-18,MAHSCOOTER,EQ,13217.0,13850.0,13151.0,13729.0,8261,112205637.0,INE288A01013,2085,MAHARASHTRA SCOOTERS LTD,NEW,/home/suruchi-pandey/Projects/Bhavcopy-download-and-mail-code/2026/BhavCopy_NSE_CM_0_0_0_20260918_F_0000.csv
2026-09-18,MAHSEAMLES,EQ,724.0,725.9,712.15,717.55,177765,127772285.7,INE271B01025,2088,MAHARASHTRA SEAMLESS LTD,NEW,/home/suruchi-pandey/Projects/Bhavcopy-download-and-mail-code/2026/BhavCopy_NSE_CM_0_0_0_20260918_F_0000.csv
2026-09-18,MAITHANALL,EQ,1034.7,1040.6,1006.1,1009.1,55436,56341455.95,INE683C01011,24538,MAITHAN ALLOYS LTD,NEW,/home/suruchi-pandey/Projects/Bhavcopy-download-and-mail-code/2026/BhavCopy_NSE_CM_0_0_0_20260918_F_0000.csv
2026-09-18,MAKEINDIA,EQ,161.95,162.78,161.75,162.62,56042,9085800.26,INF769K01IB1,7979,MIRAEAMC - MAMFGETF,NEW,/home/suruchi-pandey/Projects/Bhavcopy-download-and-mail-code/2026/BhavCopy_NSE_CM_0_0_0_20260918_F_0000.csv
2026-09-18,MAKERSL,EQ,182.0,195.13,178.2,190.88,1211,226513.75,INE987A01010,764773,MAKERS LABORATORIES LTD.,NEW,/home/suruchi-pandey/Projects/Bhavcopy-download-and-mail-code/2026/BhavCopy_NSE_CM_0_0_0_20260918_F_0000.csv
2026-09-18,MALLCOM,EQ,954.7,974.0,954.7,968.9,1230,1187635.0,INE389C01015,7965,MALLCOM (INDIA) LIMITED,NEW,/home/suruchi-pandey/Projects/Bhavcopy-download-and-mail-code/2026/BhavCopy_NSE_CM_0_0_0_20260918_F_0000.csv
2026-09-18,MALUPAPER,EQ,31.9,33.08,31.6,32.16,17439,566806.78,INE383H01017,13352,MALU PAPER MILLS LIMITED,NEW,/home/suruchi-pandey/Projects/Bhavcopy-download-and-mail-code/2026/BhavCopy_NSE_CM_0_0_0_20260918_F_0000.csv
2026-09-18,MAMATA,EQ,392.2,405.2,392.2,403.75,39826,16059296.55,INE0TO701015,28687,MAMATA MACHINERY LIMITED,NEW,/home/suruchi-pandey/Projects/Bhavcopy-download-and-mail-code/2026/BhavCopy_NSE_CM_0_0_0_20260918_F_0000.csv
2026-09-18,MANAKALUCO,EQ,36.3,36.7,35.57,35.87,30354,1088485.57,INE859Q01017,7420,MANAK ALUMINIUM CO. LTD.,NEW,/home/suruchi-pandey/Projects/Bhavcopy-download-and-mail-code/2026/BhavCopy_NSE_CM_0_0_0_20260918_F_0000.csv
2026-09-18,MANAKCOAT,EQ,129.7,130.6,127.5,129.22,281064,36315809.45,INE830Q01018,7413,MAN COAT METAL & IND LTD,NEW,/home/suruchi-pandey/Projects/Bhavcopy-download-and-mail-code/2026/BhavCopy_NSE_CM_0_0_0_20260918_F_0000.csv
2026-09-18,MANAKSIA,EQ,63.57,65.28,62.81,64.26,42702,2742493.65,INE015D01022,15199,MANAKSIA LTD.,NEW,/home/suruchi-pandey/Projects/Bhavcopy-download-and-mail-code/2026/BhavCopy_NSE_CM_0_0_0_20260918_F_0000.csv
2026-09-18,MANALIPETC,EQ,82.3,83.47,80.95,82.92,884970,73015789.29,INE201A01024,13796,MANALI PETROCHEMICALS LT,NEW,/home/suruchi-pandey/Projects/Bhavcopy-download-and-mail-code/2026/BhavCopy_NSE_CM_0_0_0_20260918_F_0000.csv
2026-09-18,MANAPPURAM,EQ,319.0,319.9,310.0,319.15,3822669,1213361451.6,INE522D01027,19061,MANAPPURAM FINANCE LTD,NEW,/home/suruchi-pandey/Projects/Bhavcopy-download-and-mail-code/2026/BhavCopy_NSE_CM_0_0_0_20260918_F_0000.csv
2026-09-18,MANBA,EQ,135.1,136.9,132.1,133.76,78068,10472443.37,INE939X01013,25597,MANBA FINANCE LIMITED,NEW,/home/suruchi-pandey/Projects/Bhavcopy-download-and-mail-code/2026/BhavCopy_NSE_CM_0_0_0_20260918_F_0000.csv
2026-09-18,MANCREDIT,EQ,219.5,224.9,217.44,223.39,137124,30331100.27,INE545L01039,24823,MANGAL CREDIT N FINCORP L,NEW,/home/suruchi-pandey/Projects/Bhavcopy-download-and-mail-code/2026/BhavCopy_NSE_CM_0_0_0_20260918_F_0000.csv
2026-09-18,MANGALAM,EQ,34.4,34.95,32.5,34.26,167646,5738942.13,INE584F01014,11817,MANGALAM DRUG & CHEM LTD,NEW,/home/suruchi-pandey/Projects/Bhavcopy-download-and-mail-code/2026/BhavCopy_NSE_CM_0_0_0_20260918_F_0000.csv
2026-09-18,MANGLMCEM,EQ,1036.6,1041.0,1024.0,1030.8,36083,37236566.6,INE347A01017,2106,MANGALAM CEMENT LTD,NEW,/home/suruchi-pandey/Projects/Bhavcopy-download-and-mail-code/2026/BhavCopy_NSE_CM_0_0_0_20260918_F_0000.csv
2026-09-18,MANINDS,EQ,825.0,860.5,822.35,851.55,1165509,981817924.25,INE993A01026,11884,MAN INDUSTRIES (I) LTD.,NEW,/home/suruchi-pandey/Projects/Bhavcopy-download-and-mail-code/2026/BhavCopy_NSE_CM_0_0_0_20260918_F_0000.csv
2026-09-18,MANINFRA,EQ,126.0,127.64,124.8,125.64,2921365,369380444.6,INE949H01023,18226,MAN INFRA LTD,NEW,/home/suruchi-pandey/Projects/Bhavcopy-download-and-mail-code/2026/BhavCopy_NSE_CM_0_0_0_20260918_F_0000.csv
2026-09-18,MANIPALHOS,EQ,725.0,742.5,725.0,738.95,838917,618415767.25,INE459N01021,764357,MANIPAL HEALTH ENTERPRI L,NEW,/home/suruchi-pandey/Projects/Bhavcopy-download-and-mail-code/2026/BhavCopy_NSE_CM_0_0_0_20260918_F_0000.csv
2026-09-18,MANKIND,EQ,2300.0,2329.5,2287.7,2300.7,484552,1120840629.8,INE634S01028,15380,MANKIND PHARMA LIMITED,NEW,/home/suruchi-pandey/Projects/Bhavcopy-download-and-mail-code/2026/BhavCopy_NSE_CM_0_0_0_20260918_F_0000.csv
2026-09-18,MANOMAY,EQ,225.0,231.0,224.29,229.68,182888,41817741.85,INE784W01015,13753,MANOMAY TEX INDIA LTD,NEW,/home/suruchi-pandey/Projects/Bhavcopy-download-and-mail-code/2026/BhavCopy_NSE_CM_0_0_0_20260918_F_0000.csv
2026-09-18,MANORAMA,EQ,1953.9,1984.0,1924.1,1966.9,97087,191117150.7,INE00VM01036,10227,MANORAMA INDUSTRIES LTD,NEW,/home/suruchi-pandey/Projects/Bhavcopy-download-and-mail-code/2026/BhavCopy_NSE_CM_0_0_0_20260918_F_0000.csv
2026-09-18,MANORG,EQ,450.0,458.85,450.0,456.95,8980,4090819.7,INE370D01013,6422,MANGALAM ORGANICS LIMITED,NEW,/home/suruchi-pandey/Projects/Bhavcopy-download-and-mail-code/2026/BhavCopy_NSE_CM_0_0_0_20260918_F_0000.csv
2026-09-18,MANUFGBEES,EQ,160.83,160.83,159.55,160.16,3663,586825.74,INF204KC1GH6,758667,NIPPONAMC - MANUFGBEES,NEW,/home/suruchi-pandey/Projects/Bhavcopy-download-and-mail-code/2026/BhavCopy_NSE_CM_0_0_0_20260918_F_0000.csv
2026-09-18,MANUGRAPH,EQ,15.04,18.22,15.04,18.09,591694,10604893.07,INE867A01022,13572,MANUGRAPH INDIA LIMITED,NEW,/home/suruchi-pandey/Projects/Bhavcopy-download-and-mail-code/2026/BhavCopy_NSE_CM_0_0_0_20260918_F_0000.csv
2026-09-18,MANYAVAR,EQ,570.0,570.6,536.0,544.25,2133812,1166380921.85,INE825V01034,8167,VEDANT FASHIONS LIMITED,NEW,/home/suruchi-pandey/Projects/Bhavcopy-download-and-mail-code/2026/BhavCopy_NSE_CM_0_0_0_20260918_F_0000.csv
2026-09-18,MAPMYINDIA,EQ,889.8,905.2,885.6,899.4,120929,108343583.7,INE0BV301023,7227,C.E. INFO SYSTEMS LIMITED,NEW,/home/suruchi-pandey/Projects/Bhavcopy-download-and-mail-code/2026/BhavCopy_NSE_CM_0_0_0_20260918_F_0000.csv
2026-09-18,MARALOVER,EQ,60.7,60.7,58.38,59.36,3430,203609.52,INE882A01013,2112,MARAL OVERSEAS LTD,NEW,/home/suruchi-pandey/Projects/Bhavcopy-download-and-mail-code/2026/BhavCopy_NSE_CM_0_0_0_20260918_F_0000.csv
2026-09-18,MARATHON,EQ,414.15,419.8,405.25,409.0,86215,35408764.25,INE182D01020,18659,MARATHON NXTGEN REALT LTD,NEW,/home/suruchi-pandey/Projects/Bhavcopy-download-and-mail-code/2026/BhavCopy_NSE_CM_0_0_0_20260918_F_0000.csv
2026-09-18,MARICO,EQ,820.05,822.45,803.9,803.9,2848872,2312650814.6,INE196A01026,4067,MARICO LIMITED,NEW,/home/suruchi-pandey/Projects/Bhavcopy-download-and-mail-code/2026/BhavCopy_NSE_CM_0_0_0_20260918_F_0000.csv
2026-09-18,MARINE,EQ,373.15,382.0,372.95,379.2,395698,149604964.15,INE01JE01028,1328,MARINE ELECTRICAL (I) LTD,NEW,/home/suruchi-pandey/Projects/Bhavcopy-download-and-mail-code/2026/BhavCopy_NSE_CM_0_0_0_20260918_F_0000.csv
2026-09-18,MARKOLINES,EQ,172.85,173.98,169.0,169.71,68615,11669899.27,INE0FW001016,760204,MARKOLINES PAVEMENT TEC L,NEW,/home/suruchi-pandey/Projects/Bhavcopy-download-and-mail-code/2026/BhavCopy_NSE_CM_0_0_0_20260918_F_0000.csv
2026-09-18,MARKSANS,EQ,321.35,325.85,318.65,320.15,975318,313174317.5,INE750C01026,10579,MARKSANS PHARMA LIMITED,NEW,/home/suruchi-pandey/Projects/Bhavcopy-download-and-mail-code/2026/BhavCopy_NSE_CM_0_0_0_20260918_F_0000.csv
2026-09-18,MARSONS,EQ,122.45,132.58,121.76,128.62,5689077,734565135.39,INE415B01044,761386,MARSONS LIMITED,NEW,/home/suruchi-pandey/Projects/Bhavcopy-download-and-mail-code/2026/BhavCopy_NSE_CM_0_0_0_20260918_F_0000.csv
2026-09-18,MARUTI,EQ,12350.0,12458.0,12103.0,12103.0,659773,8053400911.0,INE585B01010,10999,MARUTI SUZUKI INDIA LTD.,NEW,/home/suruchi-pandey/Projects/Bhavcopy-download-and-mail-code/2026/BhavCopy_NSE_CM_0_0_0_20260918_F_0000.csv
2026-09-18,MASFIN,EQ,287.4,290.1,281.0,288.95,360227,103207964.4,INE348L01012,199,MAS FINANCIAL SERV LTD,NEW,/home/suruchi-pandey/Projects/Bhavcopy-download-and-mail-code/2026/BhavCopy_NSE_CM_0_0_0_20260918_F_0000.csv
2026-09-18,MASKINVEST,EQ,143.85,143.85,140.01,143.55,345,49586.01,INE885F01015,18727,MASK INVESTMENTS LIMITED,NEW,/home/suruchi-pandey/Projects/Bhavcopy-download-and-mail-code/2026/BhavCopy_NSE_CM_0_0_0_20260918_F_0000.csv
2026-09-18,MASPTOP50,EQ,108.0,124.59,106.42,124.48,4373919,519678257.62,INF769K01HP3,5782,MIRAEAMC - MASPTOP50,NEW,/home/suruchi-pandey/Projects/Bhavcopy-download-and-mail-code/2026/BhavCopy_NSE_CM_0_0_0_20260918_F_0000.csv
2026-09-18,MASTEK,EQ,1642.9,1642.9,1575.1,1588.2,200770,320510552.7,INE759A01021,2124,MASTEK LTD,NEW,/home/suruchi-pandey/Projects/Bhavcopy-download-and-mail-code/2026/BhavCopy_NSE_CM_0_0_0_20260918_F_0000.csv
2026-09-18,MASTERTR,EQ,87.2,90.3,87.2,89.74,309406,27574456.66,INE677D01037,27047,MASTER TRUST LIMITED,NEW,/home/suruchi-pandey/Projects/Bhavcopy-download-and-mail-code/2026/BhavCopy_NSE_CM_0_0_0_20260918_F_0000.csv
2026-09-18,MATRIMONY,EQ,533.0,538.1,528.45,535.55,5229,2792661.35,INE866R01028,21726,MATRIMONY.COM LIMITED,NEW,/home/suruchi-pandey/Projects/Bhavcopy-download-and-mail-code/2026/BhavCopy_NSE_CM_0_0_0_20260918_F_0000.csv
2026-09-18,MAWANASUG,EQ,126.91,130.44,123.5,128.21,108075,13660982.01,INE636A01039,17022,MAWANA SUGARS LIMITED,NEW,/home/suruchi-pandey/Projects/Bhavcopy-download-and-mail-code/2026/BhavCopy_NSE_CM_0_0_0_20260918_F_0000.csv
2026-09-18,MAXESTATES,EQ,575.0,595.0,575.0,594.0,201561,118674621.3,INE03EI01018,19646,MAX ESTATES LIMITED,NEW,/home/suruchi-pandey/Projects/Bhavcopy-download-and-mail-code/2026/BhavCopy_NSE_CM_0_0_0_20260918_F_0000.csv
2026-09-18,MAXHEALTH,EQ,1037.0,1059.9,1034.9,1049.3,2098416,2205015479.5,INE027H01010,22377,MAX HEALTHCARE INS LTD,NEW,/home/suruchi-pandey/Projects/Bhavcopy-download-and-mail-code/2026/BhavCopy_NSE_CM_0_0_0_20260918_F_0000.csv
2026-09-18,MAXIND,EQ,142.62,155.0,141.0,152.69,216930,32511934.86,INE0CG601016,22428,MAX INDIA LIMITED,NEW,/home/suruchi-pandey/Projects/Bhavcopy-download-and-mail-code/2026/BhavCopy_NSE_CM_0_0_0_20260918_F_0000.csv
2026-09-18,MAYURUNIQ,EQ,757.4,757.4,740.0,743.4,37518,28045547.45,INE040D01038,28906,MAYUR UNIQUOTERS LTD,NEW,/home/suruchi-pandey/Projects/Bhavcopy-download-and-mail-code/2026/BhavCopy_NSE_CM_0_0_0_20260918_F_0000.csv
2026-09-18,MAZDOCK,EQ,2209.0,2280.0,2205.1,2280.0,850778,1911591766.4,INE249Z01020,509,MAZAGON DOCK SHIPBUIL LTD,NEW,/home/suruchi-pandey/Projects/Bhavcopy-download-and-mail-code/2026/BhavCopy_NSE_CM_0_0_0_20260918_F_0000.csv
2026-09-18,MBAPL,EQ,164.6,165.77,158.5,159.82,852099,138018471.66,INE900L01028,12686,MADHYA BHARAT AGRO P. LTD,NEW,/home/suruchi-pandey/Projects/Bhavcopy-download-and-mail-code/2026/BhavCopy_NSE_CM_0_0_0_20260918_F_0000.csv
2026-09-18,MBEL,EQ,252.85,257.4,251.1,252.25,88783,22498146.6,INE08N601015,758150,M AND B ENGINEERING LTD,NEW,/home/suruchi-pandey/Projects/Bhavcopy-download-and-mail-code/2026/BhavCopy_NSE_CM_0_0_0_20260918_F_0000.csv
2026-09-18,MBLINFRA,EQ,22.19,22.35,21.8,22.29,22105,486684.21,INE912H01013,18029,MBL INFRASTRUCTURE LTD,NEW,/home/suruchi-pandey/Projects/Bhavcopy-download-and-mail-code/2026/BhavCopy_NSE_CM_0_0_0_20260918_F_0000.csv
2026-09-18,MCCHRLS-B,EQ,680.0,680.0,648.0,655.0,6059,3982733.6,INE435D01014,762782,MAC CHARLES (INDIA) LTD.,NEW,/home/suruchi-pandey/Projects/Bhavcopy-download-and-mail-code/2026/BhavCopy_NSE_CM_0_0_0_20260918_F_0000.csv
2026-09-18,MCL,EQ,55.0,56.24,55.0,55.94,39011,2166150.05,INE813V01022,22360,M TEK COPPER LIMITED,NEW,/home/suruchi-pandey/Projects/Bhavcopy-download-and-mail-code/2026/BhavCopy_NSE_CM_0_0_0_20260918_F_0000.csv
2026-09-18,MCLEODRUSS,EQ,42.22,44.33,42.22,44.33,84730,3704034.95,INE942G01012,11943,MCLEOD RUSSEL INDIA LTD.,NEW,/home/suruchi-pandey/Projects/Bhavcopy-download-and-mail-code/2026/BhavCopy_NSE_CM_0_0_0_20260918_F_0000.csv
2026-09-18,MCLOUD,EQ,25.19,25.5,25.06,25.3,881659,22295261.3,INE613C01026,29482,MAGELLANIC CLOUD LIMITED,NEW,/home/suruchi-pandey/Projects/Bhavcopy-download-and-mail-code/2026/BhavCopy_NSE_CM_0_0_0_20260918_F_0000.csv
2026-09-18,MCX,EQ,3257.5,3314.9,3230.1,3260.0,2197423,7170418921.7,INE745G01043,31181,MULTI COMMODITY EXCHANGE,NEW,/home/suruchi-pandey/Projects/Bhavcopy-download-and-mail-code/2026/BhavCopy_NSE_CM_0_0_0_20260918_F_0000.csv
2026-09-18,MEDANTA,EQ,1448.7,1520.0,1430.0,1499.4,703445,1046280160.3,INE474Q01031,11956,GLOBAL HEALTH LIMITED,NEW,/home/suruchi-pandey/Projects/Bhavcopy-download-and-mail-code/2026/BhavCopy_NSE_CM_0_0_0_20260918_F_0000.csv
2026-09-18,MEDIASSIST,EQ,323.0,326.55,317.75,324.85,105999,34313569.4,INE456Z01021,21705,MEDI ASSIST HEALTH SER L,NEW,/home/suruchi-pandey/Projects/Bhavcopy-download-and-mail-code/2026/BhavCopy_NSE_CM_0_0_0_20260918_F_0000.csv
2026-09-18,MEDICO,EQ,36.36,36.57,34.71,34.89,312783,10969255.84,INE630Y01024,9667,MEDICO REMEDIES LIMITED,NEW,/home/suruchi-pandey/Projects/Bhavcopy-download-and-mail-code/2026/BhavCopy_NSE_CM_0_0_0_20260918_F_0000.csv
2026-09-18,MEDPLUS,EQ,655.0,665.2,654.0,659.65,87557,57615471.4,INE804L01022,7254,MEDPLUS HEALTH SERV LTD,NEW,/home/suruchi-pandey/Projects/Bhavcopy-download-and-mail-code/2026/BhavCopy_NSE_CM_0_0_0_20260918_F_0000.csv
2026-09-18,MEESHO,EQ,208.48,220.0,208.16,214.44,83376786,17846317033.71,INE0VDM01015,760229,MEESHO LIMITED,NEW,/home/suruchi-pandey/Projects/Bhavcopy-download-and-mail-code/2026/BhavCopy_NSE_CM_0_0_0_20260918_F_0000.csv
2026-09-18,MEGASTAR,EQ,280.0,283.9,280.0,281.8,17638,4958489.7,INE00EM01016,8153,MEGASTAR FOODS LIMITED,NEW,/home/suruchi-pandey/Projects/Bhavcopy-download-and-mail-code/2026/BhavCopy_NSE_CM_0_0_0_20260918_F_0000.csv
2026-09-18,MEIL,EQ,272.55,274.75,270.0,271.85,23180,6302768.55,INE0PKD01011,758748,MANGAL ELECTRICAL IND L,NEW,/home/suruchi-pandey/Projects/Bhavcopy-download-and-mail-code/2026/BhavCopy_NSE_CM_0_0_0_20260918_F_0000.csv
2026-09-18,MERCANTILE,EQ,23.48,23.96,22.17,22.7,2852,64751.49,INE689O01013,762792,MERCANTILE VENTURES LTD.,NEW,/home/suruchi-pandey/Projects/Bhavcopy-download-and-mail-code/2026/BhavCopy_NSE_CM_0_0_0_20260918_F_0000.csv
2026-09-18,MERCURYEV,EQ,41.74,41.74,39.11,39.91,456747,18373109.99,INE763M01028,763663,MERCURY EV-TECH LIMITED,NEW,/home/suruchi-pandey/Projects/Bhavcopy-download-and-mail-code/2026/BhavCopy_NSE_CM_0_0_0_20260918_F_0000.csv
2026-09-18,METAL,EQ,13.32,13.32,13.0,13.15,3215331,42250390.25,INF769K01LY7,25744,MIRAEAMC - METAL,NEW,/home/suruchi-pandey/Projects/Bhavcopy-download-and-mail-code/2026/BhavCopy_NSE_CM_0_0_0_20260918_F_0000.csv
2026-09-18,METALIETF,EQ,13.29,13.29,12.97,13.08,3650778,47725360.69,INF109KC19W1,24861,ICICIPRAMC - METALIETF,NEW,/home/suruchi-pandey/Projects/Bhavcopy-download-and-mail-code/2026/BhavCopy_NSE_CM_0_0_0_20260918_F_0000.csv
2026-09-18,METROBRAND,EQ,955.0,955.0,927.0,940.85,918435,864149130.2,INE317I01021,7242,METRO BRANDS LIMITED,NEW,/home/suruchi-pandey/Projects/Bhavcopy-download-and-mail-code/2026/BhavCopy_NSE_CM_0_0_0_20260918_F_0000.csv
2026-09-18,METROGLOBL,EQ,134.5,134.5,132.01,132.01,59,7818.47,INE085D01033,762797,METROGLOBAL LTD.,NEW,/home/suruchi-pandey/Projects/Bhavcopy-download-and-mail-code/2026/BhavCopy_NSE_CM_0_0_0_20260918_F_0000.csv
2026-09-18,METROPOLIS,EQ,589.9,602.05,582.0,597.45,223299,133080239.35,INE112L01020,9581,METROPOLIS HEALTHCARE LTD,NEW,/home/suruchi-pandey/Projects/Bhavcopy-download-and-mail-code/2026/BhavCopy_NSE_CM_0_0_0_20260918_F_0000.csv
2026-09-18,MFML,EQ,18.66,19.49,18.21,18.83,2179,41698.94,INE0US801024,24937,MAHALAXMI FABRIC MILLS LT,NEW,/home/suruchi-pandey/Projects/Bhavcopy-download-and-mail-code/2026/BhavCopy_NSE_CM_0_0_0_20260918_F_0000.csv
2026-09-18,MFSL,EQ,1538.6,1573.6,1538.0,1559.0,898566,1404260982.3,INE180A01020,2142,MAX FINANCIAL SERV LTD,NEW,/home/suruchi-pandey/Projects/Bhavcopy-download-and-mail-code/2026/BhavCopy_NSE_CM_0_0_0_20260918_F_0000.csv
2026-09-18,MGEL,EQ,15.6,15.99,15.47,15.64,241973,3780276.34,INE0APB01032,1593,MANGALAM GLOBAL ENT LTD,NEW,/home/suruchi-pandey/Projects/Bhavcopy-download-and-mail-code/2026/BhavCopy_NSE_CM_0_0_0_20260918_F_0000.csv
2026-09-18,MGL,EQ,1067.1,1087.5,1066.2,1081.7,196402,211958543.3,INE002S01010,17534,MAHANAGAR GAS LTD.,NEW,/home/suruchi-pandey/Projects/Bhavcopy-download-and-mail-code/2026/BhavCopy_NSE_CM_0_0_0_20260918_F_0000.csv
2026-09-18,MHRIL,EQ,195.0,201.0,194.81,199.29,169999,33776624.75,INE998I01010,17333,MAHINDRA HOLIDAYS LTD,NEW,/home/suruchi-pandey/Projects/Bhavcopy-download-and-mail-code/2026/BhavCopy_NSE_CM_0_0_0_20260918_F_0000.csv
2026-09-18,MID150,EQ,23.2,23.22,22.93,23.18,222934,5152508.62,INF174KA1VW2,30469,KOTAKMAMC - MID150,NEW,/home/suruchi-pandey/Projects/Bhavcopy-download-and-mail-code/2026/BhavCopy_NSE_CM_0_0_0_20260918_F_0000.csv
2026-09-18,MID150BEES,EQ,234.88,236.88,233.43,236.52,453893,106937922.49,INF204KB1V68,8506,NIP IND ETF MIDCAP 150,NEW,/home/suruchi-pandey/Projects/Bhavcopy-download-and-mail-code/2026/BhavCopy_NSE_CM_0_0_0_20260918_F_0000.csv
2026-09-18,MID150CASE,EQ,11.6,11.6,11.21,11.51,622348,7135667.98,INF0R8F01059,24077,ZERODHAAMC - MID150CASE,NEW,/home/suruchi-pandey/Projects/Bhavcopy-download-and-mail-code/2026/BhavCopy_NSE_CM_0_0_0_20260918_F_0000.csv
2026-09-18,MIDBANKADD,EQ,17.22,17.75,17.15,17.24,12233,210841.03,INF740KA1ZH9,764428,DSPAMC - MIDBANKADD,NEW,/home/suruchi-pandey/Projects/Bhavcopy-download-and-mail-code/2026/BhavCopy_NSE_CM_0_0_0_20260918_F_0000.csv
2026-09-18,MIDCAP,EQ,18.39,18.39,18.1,18.29,96964,1767661.36,INF174KA1ZC5,8077,KOTAKMAMC - KOTAKMID50,NEW,/home/suruchi-pandey/Projects/Bhavcopy-download-and-mail-code/2026/BhavCopy_NSE_CM_0_0_0_20260918_F_0000.csv
2026-09-18,MIDCAPADD,EQ,22.77,24.93,22.77,23.75,1040,24463.95,INF740KA1WW5,760356,DSPAMC - MIDCAPADD,NEW,/home/suruchi-pandey/Projects/Bhavcopy-download-and-mail-code/2026/BhavCopy_NSE_CM_0_0_0_20260918_F_0000.csv
2026-09-18,MIDCAPBETA,EQ,229.24,230.9,228.95,230.9,5959,1366721.39,INF789F1AYX9,18347,UTIAMC-MIDCAPBETA,NEW,/home/suruchi-pandey/Projects/Bhavcopy-download-and-mail-code/2026/BhavCopy_NSE_CM_0_0_0_20260918_F_0000.csv
2026-09-18,MIDCAPETF,EQ,23.13,23.43,23.1,23.37,1444353,33656030.69,INF769K01IC9,8413,MIRAEAMC - MAM150ETF,NEW,/home/suruchi-pandey/Projects/Bhavcopy-download-and-mail-code/2026/BhavCopy_NSE_CM_0_0_0_20260918_F_0000.csv
2026-09-18,MIDCAPIETF,EQ,23.55,23.81,23.45,23.7,934043,22039958.76,INF109KC11W8,17152,ICICIPRAMC - ICICIM150,NEW,/home/suruchi-pandey/Projects/Bhavcopy-download-and-mail-code/2026/BhavCopy_NSE_CM_0_0_0_20260918_F_0000.csv
2026-09-18,MIDHANI,EQ,411.0,421.5,408.85,417.3,1297036,541157208.75,INE099Z01011,2463,MISHRA DHATU NIGAM LTD,NEW,/home/suruchi-pandey/Projects/Bhavcopy-download-and-mail-code/2026/BhavCopy_NSE_CM_0_0_0_20260918_F_0000.csv
2026-09-18,MIDQ50ADD,EQ,24.25,24.56,24.23,24.46,38319,932593.21,INF740KA1ZF3,7456,DSPAMC - DSPQ50ETF,NEW,/home/suruchi-pandey/Projects/Bhavcopy-download-and-mail-code/2026/BhavCopy_NSE_CM_0_0_0_20260918_F_0000.csv
2026-09-18,MIDSELIETF,EQ,19.8,19.8,19.44,19.63,169980,3327014.42,INF109KC10W0,17702,ICICI PRUD MIDCAP SEL ETF,NEW,/home/suruchi-pandey/Projects/Bhavcopy-download-and-mail-code/2026/BhavCopy_NSE_CM_0_0_0_20260918_F_0000.csv
2026-09-18,MIDSMALL,EQ,51.87,51.87,50.73,51.4,137961,7080318.94,INF769K01LJ8,23855,MIRAEAMC - MIDSMALL,NEW,/home/suruchi-pandey/Projects/Bhavcopy-download-and-mail-code/2026/BhavCopy_NSE_CM_0_0_0_20260918_F_0000.csv
2026-09-18,MIDWESTLTD,EQ,980.0,990.8,973.1,980.8,10017,9823566.2,INE0XAD01024,759517,MIDWEST LIMITED,NEW,/home/suruchi-pandey/Projects/Bhavcopy-download-and-mail-code/2026/BhavCopy_NSE_CM_0_0_0_20260918_F_0000.csv
2026-09-18,MIIL,EQ,699.5,714.85,689.95,711.35,83235,58635167.75,INE898Q01015,764778,MEGHNA INFRACON INFRA L,NEW,/home/suruchi-pandey/Projects/Bhavcopy-download-and-mail-code/2026/BhavCopy_NSE_CM_0_0_0_20260918_F_0000.csv
2026-09-18,MILKYMIST,EQ,276.13,283.98,271.5,274.07,5036730,1399202522.01,INE00IT01020,765272,MILKY MIST DAIRY FOOD L,NEW,/home/suruchi-pandey/Projects/Bhavcopy-download-and-mail-code/2026/BhavCopy_NSE_CM_0_0_0_20260918_F_0000.csv
2026-09-18,MINDACORP,EQ,685.0,696.35,681.4,691.45,90197,62369632.55,INE842C01021,25897,MINDA CORPORATION LTD,NEW,/home/suruchi-pandey/Projects/Bhavcopy-download-and-mail-code/2026/BhavCopy_NSE_CM_0_0_0_20260918_F_0000.csv
2026-09-18,MINDTECK,EQ,160.36,160.36,156.81,158.33,19042,3012745.31,INE110B01017,18049,MINDTECK (INDIA) LIMITED,NEW,/home/suruchi-pandey/Projects/Bhavcopy-download-and-mail-code/2026/BhavCopy_NSE_CM_0_0_0_20260918_F_0000.csv
2026-09-18,MIRZAINT,EQ,29.6,29.98,28.71,29.14,204304,5934841.68,INE771A01026,4394,MIRZA INTERNATIONAL LIMIT,NEW,/home/suruchi-pandey/Projects/Bhavcopy-download-and-mail-code/2026/BhavCopy_NSE_CM_0_0_0_20260918_F_0000.csv
2026-09-18,MITCON,EQ,79.03,81.59,79.0,80.01,386,30906.49,INE828O01033,8469,MITCON CON & ENG SER LTD,NEW,/home/suruchi-pandey/Projects/Bhavcopy-download-and-mail-code/2026/BhavCopy_NSE_CM_0_0_0_20260918_F_0000.csv
2026-09-18,MITTAL,EQ,0.76,0.84,0.74,0.77,4600938,3537425.65,INE997Y01027,18562,MITTAL LIFE STYLE LIMITED,NEW,/home/suruchi-pandey/Projects/Bhavcopy-download-and-mail-code/2026/BhavCopy_NSE_CM_0_0_0_20260918_F_0000.csv
2026-09-18,MKEXIM,EQ,67.9,69.87,65.75,67.43,49723,3387159.78,INE227F01010,765120,M K EXIM (INDIA) LTD.,NEW,/home/suruchi-pandey/Projects/Bhavcopy-download-and-mail-code/2026/BhavCopy_NSE_CM_0_0_0_20260918_F_0000.csv
2026-09-18,MKPL,EQ,4.07,4.17,3.96,3.97,125960,506659.94,INE964W01021,16736,M K PROTEINS LIMITED,NEW,/home/suruchi-pandey/Projects/Bhavcopy-download-and-mail-code/2026/BhavCopy_NSE_CM_0_0_0_20260918_F_0000.csv
2026-09-18,MLKFOOD,EQ,83.0,86.0,77.11,79.82,3524,283036.07,INE588G01021,765125,MILKFOOD LTD.,NEW,/home/suruchi-pandey/Projects/Bhavcopy-download-and-mail-code/2026/BhavCopy_NSE_CM_0_0_0_20260918_F_0000.csv
2026-09-18,MMFL,EQ,618.9,632.95,618.9,628.55,41604,26135293.2,INE227C01017,13844,MM FORGINGS LTD,NEW,/home/suruchi-pandey/Projects/Bhavcopy-download-and-mail-code/2026/BhavCopy_NSE_CM_0_0_0_20260918_F_0000.csv
2026-09-18,MMP,EQ,472.7,482.8,461.5,466.85,94696,44750377.55,INE511Y01018,16395,MMP INDUSTRIES LIMITED,NEW,/home/suruchi-pandey/Projects/Bhavcopy-download-and-mail-code/2026/BhavCopy_NSE_CM_0_0_0_20260918_F_0000.csv
2026-09-18,MMTC,EQ,60.14,60.99,60.02,60.27,733798,44269989.71,INE123F01029,17957,MMTC LIMITED,NEW,/home/suruchi-pandey/Projects/Bhavcopy-download-and-mail-code/2026/BhavCopy_NSE_CM_0_0_0_20260918_F_0000.csv
2026-09-18,MMWL,EQ,13.39,13.39,12.76,12.89,11336,147591.16,INE200D01020,762802,MEDIA MATRIX WORLDWIDE L,NEW,/home/suruchi-pandey/Projects/Bhavcopy-download-and-mail-code/2026/BhavCopy_NSE_CM_0_0_0_20260918_F_0000.csv
2026-09-18,MNC,EQ,32.29,32.75,31.89,32.69,79748,2598588.21,INF174KA1JF2,10676,KOTAKMAMC - KOTAKMNC,NEW,/home/suruchi-pandey/Projects/Bhavcopy-download-and-mail-code/2026/BhavCopy_NSE_CM_0_0_0_20260918_F_0000.csv
2026-09-18,MOALPHA50,EQ,55.45,55.88,55.29,55.74,4637,257457.15,INF247L01FR8,757669,MOTILALAMC - MOALPHA50,NEW,/home/suruchi-pandey/Projects/Bhavcopy-download-and-mail-code/2026/BhavCopy_NSE_CM_0_0_0_20260918_F_0000.csv
2026-09-18,MOBANK10,EQ,16.55,16.66,16.49,16.66,1608,26639.73,INF247L01GV8,761693,MOTILALAMC - MOBANK10,NEW,/home/suruchi-pandey/Projects/Bhavcopy-download-and-mail-code/2026/BhavCopy_NSE_CM_0_0_0_20260918_F_0000.csv
2026-09-18,MOBIKWIK,EQ,200.7,213.75,200.5,212.48,5135376,1068466840.89,INE0HLU01028,28046,ONE MOBIKWIK SYSTEMS LTD,NEW,/home/suruchi-pandey/Projects/Bhavcopy-download-and-mail-code/2026/BhavCopy_NSE_CM_0_0_0_20260918_F_0000.csv
2026-09-18,MOCAPITAL,EQ,53.64,53.69,53.05,53.58,811785,43397305.69,INF247L01EV3,30065,MOTILALAMC - MOCAPITAL,NEW,/home/suruchi-pandey/Projects/Bhavcopy-download-and-mail-code/2026/BhavCopy_NSE_CM_0_0_0_20260918_F_0000.csv
2026-09-18,MODEFENCE,EQ,103.05,103.6,102.21,103.28,1229387,126764031.33,INF247L01DJ0,24944,MOTILALAMC - MODEFENCE,NEW,/home/suruchi-pandey/Projects/Bhavcopy-download-and-mail-code/2026/BhavCopy_NSE_CM_0_0_0_20260918_F_0000.csv
2026-09-18,MODINATUR,EQ,339.95,374.0,339.95,359.05,10638,3865486.9,INE537F01012,760277,MODI NATURALS LIMITED,NEW,/home/suruchi-pandey/Projects/Bhavcopy-download-and-mail-code/2026/BhavCopy_NSE_CM_0_0_0_20260918_F_0000.csv
2026-09-18,MODIRUBBER,EQ,123.0,123.4,119.16,120.24,577,69337.61,INE832A01018,2229,MODI RUBBER LTD,NEW,/home/suruchi-pandey/Projects/Bhavcopy-download-and-mail-code/2026/BhavCopy_NSE_CM_0_0_0_20260918_F_0000.csv
2026-09-18,MODIS,EQ,351.1,353.85,342.0,352.4,19609,6832205.55,INE0L0L01012,759752,MODIS NAVNIRMAN LTD,NEW,/home/suruchi-pandey/Projects/Bhavcopy-download-and-mail-code/2026/BhavCopy_NSE_CM_0_0_0_20260918_F_0000.csv
2026-09-18,MODTHREAD,EQ,49.21,50.35,47.0,47.99,5222,250054.62,INE794W01014,2241,MODERN THREADS INDIA LTD,NEW,/home/suruchi-pandey/Projects/Bhavcopy-download-and-mail-code/2026/BhavCopy_NSE_CM_0_0_0_20260918_F_0000.csv
2026-09-18,MOENERGY,EQ,37.25,38.15,36.78,38.0,38962,1475826.42,INF247L01GH7,759374,MOTILALAMC - MOENERGY,NEW,/home/suruchi-pandey/Projects/Bhavcopy-download-and-mail-code/2026/BhavCopy_NSE_CM_0_0_0_20260918_F_0000.csv
2026-09-18,MOGOLD,EQ,150.95,151.7,149.85,151.35,22815,3444811.9,INF247L01FY4,757791,MOTILALAMC - MOGOLD,NEW,/home/suruchi-pandey/Projects/Bhavcopy-download-and-mail-code/2026/BhavCopy_NSE_CM_0_0_0_20260918_F_0000.csv
2026-09-18,MOGSEC,EQ,63.74,65.42,63.74,65.12,764,49716.95,INF247L01AK4,1507,MOTILALAMC - G5,NEW,/home/suruchi-pandey/Projects/Bhavcopy-download-and-mail-code/2026/BhavCopy_NSE_CM_0_0_0_20260918_F_0000.csv
2026-09-18,MOHEALTH,EQ,52.31,52.43,51.66,52.09,230100,11992939.21,INF247L01BB1,10508,MOTILALAMC - MOHEALTH,NEW,/home/suruchi-pandey/Projects/Bhavcopy-download-and-mail-code/2026/BhavCopy_NSE_CM_0_0_0_20260918_F_0000.csv
2026-09-18,MOHITE,EQ,2.44,2.54,2.4,2.45,64284,158329.69,INE154B01023,765130,MOHITE INDUSTRIES LTD.,NEW,/home/suruchi-pandey/Projects/Bhavcopy-download-and-mail-code/2026/BhavCopy_NSE_CM_0_0_0_20260918_F_0000.csv
2026-09-18,MOHITIND,EQ,23.99,23.99,23.0,23.62,21043,493031.68,INE954E01012,29423,MOHIT INDUSTRIES LTD,NEW,/home/suruchi-pandey/Projects/Bhavcopy-download-and-mail-code/2026/BhavCopy_NSE_CM_0_0_0_20260918_F_0000.csv
2026-09-18,MOIL,EQ,244.0,245.1,240.98,243.88,344649,83800174.25,INE490G01020,20830,MOIL LIMITED,NEW,/home/suruchi-pandey/Projects/Bhavcopy-download-and-mail-code/2026/BhavCopy_NSE_CM_0_0_0_20260918_F_0000.csv
2026-09-18,MOINFRA,EQ,57.88,58.47,57.88,58.26,772,44888.46,INF247L01FL1,757031,MOTILALAMC - MOINFRA,NEW,/home/suruchi-pandey/Projects/Bhavcopy-download-and-mail-code/2026/BhavCopy_NSE_CM_0_0_0_20260918_F_0000.csv
2026-09-18,MOIPO,EQ,48.97,49.65,47.92,48.99,22647,1095193.29,INF247L01GI5,759891,MOTILALAMC - MOIPO,NEW,/home/suruchi-pandey/Projects/Bhavcopy-download-and-mail-code/2026/BhavCopy_NSE_CM_0_0_0_20260918_F_0000.csv
2026-09-18,MOKSH,EQ,9.99,10.3,9.95,10.17,406146,4109816.03,INE514Y01020,3586,MOKSH ORNAMENTS LIMITED,NEW,/home/suruchi-pandey/Projects/Bhavcopy-download-and-mail-code/2026/BhavCopy_NSE_CM_0_0_0_20260918_F_0000.csv
2026-09-18,MOL,EQ,60.0,63.8,59.6,63.05,1434815,89379294.35,INE0CT101020,5394,MEGHMANI ORGANICS LIMITED,NEW,/home/suruchi-pandey/Projects/Bhavcopy-download-and-mail-code/2026/BhavCopy_NSE_CM_0_0_0_20260918_F_0000.csv
2026-09-18,MOLBIO,EQ,1297.1,1314.8,1262.2,1288.3,1435104,1848263893.0,INE869T01028,764548,MOLBIO DIAGNOSTICS LTD,NEW,/home/suruchi-pandey/Projects/Bhavcopy-download-and-mail-code/2026/BhavCopy_NSE_CM_0_0_0_20260918_F_0000.csv
2026-09-18,MOLDTKPAC,EQ,661.85,666.05,655.5,658.3,42442,28009300.3,INE893J01029,6713,MOLD-TEK PACKAGING LTD,NEW,/home/suruchi-pandey/Projects/Bhavcopy-download-and-mail-code/2026/BhavCopy_NSE_CM_0_0_0_20260918_F_0000.csv
2026-09-18,MOLOWVOL,EQ,36.52,36.52,35.31,35.58,1878,66731.34,INF247L01BL0,8654,MOTILALAMC - MOLOWVOL,NEW,/home/suruchi-pandey/Projects/Bhavcopy-download-and-mail-code/2026/BhavCopy_NSE_CM_0_0_0_20260918_F_0000.csv
2026-09-18,MOM100,EQ,66.99,67.3,66.41,66.95,152423,10189084.11,INF247L01023,21423,MOTILAL OS MIDCAP100 ETF,NEW,/home/suruchi-pandey/Projects/Bhavcopy-download-and-mail-code/2026/BhavCopy_NSE_CM_0_0_0_20260918_F_0000.csv
2026-09-18,MOM30IETF,EQ,30.95,31.19,30.79,31.08,375419,11654724.16,INF109KC17C7,10585,ICICIPRAMC - ICICIMOM30,NEW,/home/suruchi-pandey/Projects/Bhavcopy-download-and-mail-code/2026/BhavCopy_NSE_CM_0_0_0_20260918_F_0000.csv
2026-09-18,MOM50,EQ,243.85,252.85,243.82,247.42,1236,302744.59,INF247L01536,19289,MOTILAL OSWAL M50 ETF,NEW,/home/suruchi-pandey/Projects/Bhavcopy-download-and-mail-code/2026/BhavCopy_NSE_CM_0_0_0_20260918_F_0000.csv
2026-09-18,MOMENTUM,EQ,30.8,30.87,30.5,30.79,22891,704629.98,INF209KB14K7,10693,BIRLASLAMC - MOMENTUM,NEW,/home/suruchi-pandey/Projects/Bhavcopy-download-and-mail-code/2026/BhavCopy_NSE_CM_0_0_0_20260918_F_0000.csv
2026-09-18,MOMENTUM30,EQ,30.42,30.63,30.31,30.5,14003,427035.81,INF174KA1XS6,759488,KOTAKMAMC - MOMENTUM30,NEW,/home/suruchi-pandey/Projects/Bhavcopy-download-and-mail-code/2026/BhavCopy_NSE_CM_0_0_0_20260918_F_0000.csv
2026-09-18,MOMENTUM50,EQ,53.2,54.1,53.16,53.97,348067,18738676.65,INF247L01DK8,25606,MOTILALAMC - MOMENTUM50,NEW,/home/suruchi-pandey/Projects/Bhavcopy-download-and-mail-code/2026/BhavCopy_NSE_CM_0_0_0_20260918_F_0000.csv
2026-09-18,MOMETAL,EQ,12.95,13.08,12.94,13.04,4082,53193.07,INF247L01HG7,764402,MOTILALAMC - MOMETAL,NEW,/home/suruchi-pandey/Projects/Bhavcopy-download-and-mail-code/2026/BhavCopy_NSE_CM_0_0_0_20260918_F_0000.csv
2026-09-18,MOMGF,EQ,159.12,159.64,159.12,159.63,599,95539.47,INF247L01FK3,757099,MOTILALAMC - MOMGF,NEW,/home/suruchi-pandey/Projects/Bhavcopy-download-and-mail-code/2026/BhavCopy_NSE_CM_0_0_0_20260918_F_0000.csv
2026-09-18,MOMIDMTM,EQ,64.4,64.4,63.41,63.9,51049,3256391.39,INF247L01FQ0,757817,MOTILALAMC - MOMIDMTM,NEW,/home/suruchi-pandey/Projects/Bhavcopy-download-and-mail-code/2026/BhavCopy_NSE_CM_0_0_0_20260918_F_0000.csv
2026-09-18,MOMMIDCAP,EQ,12.78,12.93,12.78,12.9,1400681,18046621.6,INF769K01RC0,764198,MIRAEAMC - MOMMIDCAP,NEW,/home/suruchi-pandey/Projects/Bhavcopy-download-and-mail-code/2026/BhavCopy_NSE_CM_0_0_0_20260918_F_0000.csv
2026-09-18,MOMNC,EQ,31.56,31.61,31.43,31.54,55646,1753148.47,INF247L01GK1,760054,MOTILALAMC - MOMNC,NEW,/home/suruchi-pandey/Projects/Bhavcopy-download-and-mail-code/2026/BhavCopy_NSE_CM_0_0_0_20260918_F_0000.csv
2026-09-18,MOMOMENTUM,EQ,60.84,61.83,60.84,61.55,70539,4336990.4,INF247L01BK2,8182,MOTILALAMC - MOMOMENTUM,NEW,/home/suruchi-pandey/Projects/Bhavcopy-download-and-mail-code/2026/BhavCopy_NSE_CM_0_0_0_20260918_F_0000.csv
2026-09-18,MON100,EQ,328.44,330.99,325.01,330.33,750532,247065849.27,INF247L01AP3,22739,MOTILAL OS NASDAQ100 ETF,NEW,/home/suruchi-pandey/Projects/Bhavcopy-download-and-mail-code/2026/BhavCopy_NSE_CM_0_0_0_20260918_F_0000.csv
2026-09-18,MON50EQUAL,EQ,32.45,32.5,32.29,32.37,2913,94372.74,INF247L01FC0,756900,MOTILALAMC - MON50EQUAL,NEW,/home/suruchi-pandey/Projects/Bhavcopy-download-and-mail-code/2026/BhavCopy_NSE_CM_0_0_0_20260918_F_0000.csv
2026-09-18,MONARCH,EQ,369.5,370.0,363.2,366.15,96830,35430708.3,INE903D01011,7679,MONARCH NETWORTH CAP LTD,NEW,/home/suruchi-pandey/Projects/Bhavcopy-download-and-mail-code/2026/BhavCopy_NSE_CM_0_0_0_20260918_F_0000.csv
2026-09-18,MONEXT50,EQ,71.73,72.46,71.6,72.35,2915,209844.2,INF247L01FD8,757167,MOTILALAMC - MONEXT50,NEW,/home/suruchi-pandey/Projects/Bhavcopy-download-and-mail-code/2026/BhavCopy_NSE_CM_0_0_0_20260918_F_0000.csv
2026-09-18,MONEYBOXX,EQ,54.49,54.49,54.49,54.49,24084,1312337.16,INE296Q01012,759381,MONEYBOXX FINANCE LIMITED,NEW,/home/suruchi-pandey/Projects/Bhavcopy-download-and-mail-code/2026/BhavCopy_NSE_CM_0_0_0_20260918_F_0000.csv
2026-09-18,MONIFTY100,EQ,24.54,25.4,24.54,24.83,5007,123611.29,INF247L01GG9,759371,MOTILALAMC - MONIFTY100,NEW,/home/suruchi-pandey/Projects/Bhavcopy-download-and-mail-code/2026/BhavCopy_NSE_CM_0_0_0_20260918_F_0000.csv
2026-09-18,MONIFTY500,EQ,23.79,23.79,23.28,23.45,206084,4816666.11,INF247L01BU1,19237,MOTILALAMC - MONIFTY500,NEW,/home/suruchi-pandey/Projects/Bhavcopy-download-and-mail-code/2026/BhavCopy_NSE_CM_0_0_0_20260918_F_0000.csv
2026-09-18,MONQ50,EQ,349.99,396.3,330.26,396.3,2229451,869696756.09,INF247L01AU3,7422,MOTILALAMC - MONQ50,NEW,/home/suruchi-pandey/Projects/Bhavcopy-download-and-mail-code/2026/BhavCopy_NSE_CM_0_0_0_20260918_F_0000.csv
2026-09-18,MONTECARLO,EQ,558.7,561.8,547.5,553.05,129704,71651325.85,INE950M01013,5938,MONTE CARLO FASHIONS LTD.,NEW,/home/suruchi-pandey/Projects/Bhavcopy-download-and-mail-code/2026/BhavCopy_NSE_CM_0_0_0_20260918_F_0000.csv
2026-09-18,MOOILGAS,EQ,11.0,11.04,10.9,10.98,3726,40965.52,INF247L01HH5,764405,MOTILALAMC - MOOILGAS,NEW,/home/suruchi-pandey/Projects/Bhavcopy-download-and-mail-code/2026/BhavCopy_NSE_CM_0_0_0_20260918_F_0000.csv
2026-09-18,MOPSE,EQ,100.87,100.87,97.92,98.73,4247,417051.55,INF247L01FO5,757431,MOTILALAMC - MOPSE,NEW,/home/suruchi-pandey/Projects/Bhavcopy-download-and-mail-code/2026/BhavCopy_NSE_CM_0_0_0_20260918_F_0000.csv
2026-09-18,MOQUALITY,EQ,193.44,195.06,193.05,194.5,690,133866.93,INF247L01BH8,10822,MOTILALAMC - MOQUALITY,NEW,/home/suruchi-pandey/Projects/Bhavcopy-download-and-mail-code/2026/BhavCopy_NSE_CM_0_0_0_20260918_F_0000.csv
2026-09-18,MOREALTY,EQ,84.26,85.47,83.9,85.27,283299,24110656.72,INF247L01CI4,23184,MOTILALAMC - MOREALTY,NEW,/home/suruchi-pandey/Projects/Bhavcopy-download-and-mail-code/2026/BhavCopy_NSE_CM_0_0_0_20260918_F_0000.csv
2026-09-18,MOREPENLAB,EQ,120.6,123.45,118.14,120.9,16816327,2028617945.31,INE083A01026,2259,MOREPEN LAB. LTD,NEW,/home/suruchi-pandey/Projects/Bhavcopy-download-and-mail-code/2026/BhavCopy_NSE_CM_0_0_0_20260918_F_0000.csv
2026-09-18,MOSCHIP,EQ,210.0,211.15,207.91,208.89,1271753,265965102.76,INE935B01025,29459,MOSCHIP TECHNOLOGIES LTD,NEW,/home/suruchi-pandey/Projects/Bhavcopy-download-and-mail-code/2026/BhavCopy_NSE_CM_0_0_0_20260918_F_0000.csv
2026-09-18,MOSERVICE,EQ,30.12,30.35,30.05,30.35,490,14798.68,INF247L01GJ3,760001,MOTILALAMC - MOSERVICE,NEW,/home/suruchi-pandey/Projects/Bhavcopy-download-and-mail-code/2026/BhavCopy_NSE_CM_0_0_0_20260918_F_0000.csv
2026-09-18,MOSILVER,EQ,229.57,232.3,228.63,231.3,54487,12541394.09,INF247L01FZ1,758457,MOTILALAMC - MOSILVER,NEW,/home/suruchi-pandey/Projects/Bhavcopy-download-and-mail-code/2026/BhavCopy_NSE_CM_0_0_0_20260918_F_0000.csv
2026-09-18,MOSMALL250,EQ,17.94,18.6,17.71,18.41,921766,16870361.77,INF247L01CH6,23181,MOTILALAMC - MOSMALL250,NEW,/home/suruchi-pandey/Projects/Bhavcopy-download-and-mail-code/2026/BhavCopy_NSE_CM_0_0_0_20260918_F_0000.csv
2026-09-18,MOTHERSON,EQ,161.87,165.37,161.84,162.57,19068300,3120812076.71,INE775A01035,4204,SAMVRDHNA MTHRSN INTL LTD,NEW,/home/suruchi-pandey/Projects/Bhavcopy-download-and-mail-code/2026/BhavCopy_NSE_CM_0_0_0_20260918_F_0000.csv
2026-09-18,MOTILALOFS,EQ,988.7,1010.0,988.7,1010.0,739629,744170707.9,INE338I01027,14947,MOTILAL OSWAL FIN LTD,NEW,/home/suruchi-pandey/Projects/Bhavcopy-download-and-mail-code/2026/BhavCopy_NSE_CM_0_0_0_20260918_F_0000.csv
2026-09-18,MOTISONS,EQ,18.25,19.12,17.95,18.3,114189016,2105908272.96,INE0FRK01020,20788,MOTISONS JEWELLERS LTD,NEW,/home/suruchi-pandey/Projects/Bhavcopy-download-and-mail-code/2026/BhavCopy_NSE_CM_0_0_0_20260918_F_0000.csv
2026-09-18,MOTOGENFIN,EQ,24.84,27.84,24.84,26.19,68884,1813868.8,INE861B01023,2268,MOTOR & GENERAL FINANCE L,NEW,/home/suruchi-pandey/Projects/Bhavcopy-download-and-mail-code/2026/BhavCopy_NSE_CM_0_0_0_20260918_F_0000.csv
2026-09-18,MOTOUR,EQ,77.98,78.34,76.18,77.95,34945,2701289.43,INF247L01FP2,757443,MOTILALAMC - MOTOUR,NEW,/home/suruchi-pandey/Projects/Bhavcopy-download-and-mail-code/2026/BhavCopy_NSE_CM_0_0_0_20260918_F_0000.csv
2026-09-18,MOVALUE,EQ,110.36,111.48,109.04,110.91,33264,3676826.49,INF247L01BE5,10825,MOTILALAMC - MOVALUE,NEW,/home/suruchi-pandey/Projects/Bhavcopy-download-and-mail-code/2026/BhavCopy_NSE_CM_0_0_0_20260918_F_0000.csv
2026-09-18,MPHASIS,EQ,2322.9,2327.9,2275.0,2300.4,650262,1490188252.1,INE356A01018,4503,MPHASIS LIMITED,NEW,/home/suruchi-pandey/Projects/Bhavcopy-download-and-mail-code/2026/BhavCopy_NSE_CM_0_0_0_20260918_F_0000.csv
2026-09-18,MPIMANIPAL,EQ,348.9,349.95,329.0,341.35,1721733,583080728.5,INE241U01028,766051,MANIPAL PAYMENT & IDE S L,NEW,/home/suruchi-pandey/Projects/Bhavcopy-download-and-mail-code/2026/BhavCopy_NSE_CM_0_0_0_20260918_F_0000.csv
2026-09-18,MPSLTD,EQ,2583.0,2689.9,2560.1,2667.3,8970,23521067.9,INE943D01017,10578,MPS LIMITED,NEW,/home/suruchi-pandey/Projects/Bhavcopy-download-and-mail-code/2026/BhavCopy_NSE_CM_0_0_0_20260918_F_0000.csv
2026-09-18,MRF,EQ,124900.0,126500.0,123815.0,125670.0,8232,1028719420.0,INE883A01011,2277,MRF LTD,NEW,/home/suruchi-pandey/Projects/Bhavcopy-download-and-mail-code/2026/BhavCopy_NSE_CM_0_0_0_20260918_F_0000.csv
2026-09-18,MRPL,EQ,164.36,167.1,162.64,165.38,4824765,794325680.73,INE103A01014,2283,MRPL,NEW,/home/suruchi-pandey/Projects/Bhavcopy-download-and-mail-code/2026/BhavCopy_NSE_CM_0_0_0_20260918_F_0000.csv
2026-09-18,MSCI360,EQ,9.88,10.06,9.8,9.96,3868,37982.25,INF579M01BP5,763602,360ONEAMC - MSCI360,NEW,/home/suruchi-pandey/Projects/Bhavcopy-download-and-mail-code/2026/BhavCopy_NSE_CM_0_0_0_20260918_F_0000.csv
2026-09-18,MSCIADD,EQ,28.74,28.8,28.74,28.8,758,21790.92,INF740KA1WV7,759978,DSPAMC - MSCIADD,NEW,/home/suruchi-pandey/Projects/Bhavcopy-download-and-mail-code/2026/BhavCopy_NSE_CM_0_0_0_20260918_F_0000.csv
2026-09-18,MSCIINDIA,EQ,29.11,29.58,29.03,29.27,9841,287485.3,INF174KA1VD2,29758,KOTAKMAMC - MSCIINDIA,NEW,/home/suruchi-pandey/Projects/Bhavcopy-download-and-mail-code/2026/BhavCopy_NSE_CM_0_0_0_20260918_F_0000.csv
2026-09-18,MSL,EQ,137.1,145.0,136.22,141.43,649,92106.04,INE829S01016,764783,MANGALAM SEEDS LTD.,NEW,/home/suruchi-pandey/Projects/Bhavcopy-download-and-mail-code/2026/BhavCopy_NSE_CM_0_0_0_20260918_F_0000.csv
2026-09-18,MSPL,EQ,33.75,34.5,33.36,34.15,596227,20286636.99,INE752G01015,11919,MSP STEEL & POWER LTD.,NEW,/home/suruchi-pandey/Projects/Bhavcopy-download-and-mail-code/2026/BhavCopy_NSE_CM_0_0_0_20260918_F_0000.csv
2026-09-18,MSTCLTD,EQ,715.2,741.45,701.0,724.05,213012,153635809.6,INE255X01014,9356,MSTC LIMITED,NEW,/home/suruchi-pandey/Projects/Bhavcopy-download-and-mail-code/2026/BhavCopy_NSE_CM_0_0_0_20260918_F_0000.csv
2026-09-18,MSUMI,EQ,36.1,36.2,35.38,35.67,31085866,1110403929.02,INE0FS801015,8596,MOTHERSON SUMI WRNG IND L,NEW,/home/suruchi-pandey/Projects/Bhavcopy-download-and-mail-code/2026/BhavCopy_NSE_CM_0_0_0_20260918_F_0000.csv
2026-09-18,MTNL,EQ,23.78,24.15,23.52,23.8,778801,18566893.29,INE153A01019,2294,MAHANAGAR TELEPHONE NIGAM,NEW,/home/suruchi-pandey/Projects/Bhavcopy-download-and-mail-code/2026/BhavCopy_NSE_CM_0_0_0_20260918_F_0000.csv
2026-09-18,MUFIN,EQ,132.99,136.0,132.5,133.45,1191673,160217585.8,INE08KJ01020,19783,MUFIN GREEN FINANCE LTD,NEW,/home/suruchi-pandey/Projects/Bhavcopy-download-and-mail-code/2026/BhavCopy_NSE_CM_0_0_0_20260918_F_0000.csv
2026-09-18,MUFTI,EQ,75.02,75.02,73.0,73.63,39771,2933203.96,INE220Q01020,20878,CREDO BRANDS MARKETING L,NEW,/home/suruchi-pandey/Projects/Bhavcopy-download-and-mail-code/2026/BhavCopy_NSE_CM_0_0_0_20260918_F_0000.csv
2026-09-18,MUKANDLTD,EQ,134.2,136.5,133.52,134.78,48572,6546671.0,INE304A01026,11325,MUKAND LTD.,NEW,/home/suruchi-pandey/Projects/Bhavcopy-download-and-mail-code/2026/BhavCopy_NSE_CM_0_0_0_20260918_F_0000.csv
2026-09-18,MUKESHB,EQ,133.0,133.0,133.0,133.0,1,133.0,INE596B01017,764788,MUKESH BABU FINANC SER L,NEW,/home/suruchi-pandey/Projects/Bhavcopy-download-and-mail-code/2026/BhavCopy_NSE_CM_0_0_0_20260918_F_0000.csv
2026-09-18,MULTICAP,EQ,16.0,16.53,16.0,16.48,43331,711942.25,INF769K01LX9,25080,MIRAEAMC - MULTICAP,NEW,/home/suruchi-pandey/Projects/Bhavcopy-download-and-mail-code/2026/BhavCopy_NSE_CM_0_0_0_20260918_F_0000.csv
2026-09-18,MUNJALAU,EQ,104.24,105.84,103.46,103.99,237389,24769549.84,INE672B01032,13511,MUNJAL AUTO IND. LTD.,NEW,/home/suruchi-pandey/Projects/Bhavcopy-download-and-mail-code/2026/BhavCopy_NSE_CM_0_0_0_20260918_F_0000.csv
2026-09-18,MUNJALSHOW,EQ,124.0,126.74,123.21,125.8,20341,2553783.94,INE577A01027,2307,MUNJAL SHOWA LTD,NEW,/home/suruchi-pandey/Projects/Bhavcopy-download-and-mail-code/2026/BhavCopy_NSE_CM_0_0_0_20260918_F_0000.csv
2026-09-18,MURUDCERA,EQ,29.0,29.0,27.82,28.26,14737,416066.47,INE692B01014,2313,MURUDESHWAR CERAMICS LTD,NEW,/home/suruchi-pandey/Projects/Bhavcopy-download-and-mail-code/2026/BhavCopy_NSE_CM_0_0_0_20260918_F_0000.csv
2026-09-18,MUTHOOTCAP,EQ,231.62,239.98,231.62,234.28,14019,3328041.69,INE296G01013,10415,MUTHOOT CAP SERV LTD,NEW,/home/suruchi-pandey/Projects/Bhavcopy-download-and-mail-code/2026/BhavCopy_NSE_CM_0_0_0_20260918_F_0000.csv
2026-09-18,MUTHOOTFIN,EQ,2796.6,2852.0,2784.3,2841.1,654610,1855052061.6,INE414G01012,23650,MUTHOOT FINANCE LIMITED,NEW,/home/suruchi-pandey/Projects/Bhavcopy-download-and-mail-code/2026/BhavCopy_NSE_CM_0_0_0_20260918_F_0000.csv
2026-09-18,MUTHOOTMF,EQ,188.3,189.9,187.23,189.28,137823,26005990.11,INE046W01019,20831,MUTHOOT MICROFIN LIMITED,NEW,/home/suruchi-pandey/Projects/Bhavcopy-download-and-mail-code/2026/BhavCopy_NSE_CM_0_0_0_20260918_F_0000.csv
2026-09-18,MVELECTRO,EQ,795.0,842.0,776.0,832.75,2320560,1892931824.3,INE0OWZ01020,764397,MV ELECTROSYSTEMS LIMITED,NEW,/home/suruchi-pandey/Projects/Bhavcopy-download-and-mail-code/2026/BhavCopy_NSE_CM_0_0_0_20260918_F_0000.csv
2026-09-18,MVGJL,EQ,217.0,224.36,212.2,214.47,509506,111615871.99,INE0KNT01012,19015,MANOJ VAIBHAV GEM N JEW L,NEW,/home/suruchi-pandey/Projects/Bhavcopy-download-and-mail-code/2026/BhavCopy_NSE_CM_0_0_0_20260918_F_0000.csv
2026-09-18,MWL,EQ,40.17,44.0,40.12,42.52,3022051,129269594.73,INE0JYY01029,759169,MANGALAM WORLDWIDE LTD,NEW,/home/suruchi-pandey/Projects/Bhavcopy-download-and-mail-code/2026/BhavCopy_NSE_CM_0_0_0_20260918_F_0000.csv
2026-09-18,NACLIND,EQ,148.33,148.88,143.1,146.75,691786,100520149.88,INE295D01020,20425,NACL INDUSTRIES LIMITED,NEW,/home/suruchi-pandey/Projects/Bhavcopy-download-and-mail-code/2026/BhavCopy_NSE_CM_0_0_0_20260918_F_0000.csv
2026-09-18,NAGREEKCAP,EQ,29.0,29.0,27.3,28.19,45262,1286114.04,INE245I01016,14942,NAGREEKA CAP & INFR.LTD,NEW,/home/suruchi-pandey/Projects/Bhavcopy-download-and-mail-code/2026/BhavCopy_NSE_CM_0_0_0_20260918_F_0000.csv
2026-09-18,NAGREEKEXP,EQ,21.3,21.95,20.94,21.13,14284,301444.19,INE123B01028,14702,NAGREEKA EXPORTS LTD.,NEW,/home/suruchi-pandey/Projects/Bhavcopy-download-and-mail-code/2026/BhavCopy_NSE_CM_0_0_0_20260918_F_0000.csv
2026-09-18,NAHARCAP,EQ,257.95,257.95,245.0,247.5,2151,536092.9,INE049I01012,15360,NAHAR CAP & FIN.,NEW,/home/suruchi-pandey/Projects/Bhavcopy-download-and-mail-code/2026/BhavCopy_NSE_CM_0_0_0_20260918_F_0000.csv
2026-09-18,NAHARINDUS,EQ,131.5,136.9,130.5,131.29,6308,834667.29,INE289A01011,13106,NAHAR INDS ENT LTD,NEW,/home/suruchi-pandey/Projects/Bhavcopy-download-and-mail-code/2026/BhavCopy_NSE_CM_0_0_0_20260918_F_0000.csv
2026-09-18,NAHARPOLY,EQ,224.0,228.45,223.0,227.02,2119,478052.4,INE308A01027,14445,NAHAR POLY FILMS LIMITED,NEW,/home/suruchi-pandey/Projects/Bhavcopy-download-and-mail-code/2026/BhavCopy_NSE_CM_0_0_0_20260918_F_0000.csv
2026-09-18,NAHARSPING,EQ,278.85,281.35,268.05,269.2,12712,3448759.0,INE290A01027,14440,NAHAR SPINNING MILLS LTD.,NEW,/home/suruchi-pandey/Projects/Bhavcopy-download-and-mail-code/2026/BhavCopy_NSE_CM_0_0_0_20260918_F_0000.csv
2026-09-18,NAM-INDIA,EQ,1128.3,1156.1,1124.1,1155.0,1528510,1753997129.0,INE298J01013,357,NIPPON L I A M LTD,NEW,/home/suruchi-pandey/Projects/Bhavcopy-download-and-mail-code/2026/BhavCopy_NSE_CM_0_0_0_20260918_F_0000.csv
2026-09-18,NARMADA,EQ,13.86,14.0,13.67,13.72,201618,2775310.02,INE117Z01029,11627,NARMADA AGROBASE LIMITED,NEW,/home/suruchi-pandey/Projects/Bhavcopy-download-and-mail-code/2026/BhavCopy_NSE_CM_0_0_0_20260918_F_0000.csv
2026-09-18,NATCOPHARM,EQ,819.0,822.65,806.9,813.4,489351,398057003.95,INE987B01026,3918,NATCO PHARMA LTD.,NEW,/home/suruchi-pandey/Projects/Bhavcopy-download-and-mail-code/2026/BhavCopy_NSE_CM_0_0_0_20260918_F_0000.csv
2026-09-18,NATHBIOGEN,EQ,148.14,149.0,146.5,147.34,54186,8019636.48,INE448G01010,11065,NATH BIO-GENES (I) LTD,NEW,/home/suruchi-pandey/Projects/Bhavcopy-download-and-mail-code/2026/BhavCopy_NSE_CM_0_0_0_20260918_F_0000.csv
2026-09-18,NATIONALUM,EQ,359.8,363.2,350.5,350.5,5809441,2067005817.55,INE139A01034,6364,NATIONAL ALUMINIUM CO LTD,NEW,/home/suruchi-pandey/Projects/Bhavcopy-download-and-mail-code/2026/BhavCopy_NSE_CM_0_0_0_20260918_F_0000.csv
2026-09-18,NATIONSTD,EQ,112.35,112.99,109.0,109.94,6114,679089.0,INE166R01015,762807,NATIONAL STAND (INDIA) L,NEW,/home/suruchi-pandey/Projects/Bhavcopy-download-and-mail-code/2026/BhavCopy_NSE_CM_0_0_0_20260918_F_0000.csv
2026-09-18,NAUKRI,EQ,1265.0,1284.0,1251.2,1251.2,1486135,1883581536.3,INE663F01032,13751,INFO EDGE (I) LTD,NEW,/home/suruchi-pandey/Projects/Bhavcopy-download-and-mail-code/2026/BhavCopy_NSE_CM_0_0_0_20260918_F_0000.csv
2026-09-18,NAVA,EQ,548.05,571.75,548.05,562.3,664236,375985595.3,INE725A01030,4014,NAVA LIMITED,NEW,/home/suruchi-pandey/Projects/Bhavcopy-download-and-mail-code/2026/BhavCopy_NSE_CM_0_0_0_20260918_F_0000.csv
2026-09-18,NAVINFLUOR,EQ,8257.0,8682.5,8231.5,8590.0,298599,2533552790.5,INE048G01026,14672,NAVIN FLUORINE INT. LTD,NEW,/home/suruchi-pandey/Projects/Bhavcopy-download-and-mail-code/2026/BhavCopy_NSE_CM_0_0_0_20260918_F_0000.csv
2026-09-18,NAVKARCORP,EQ,87.8,89.25,87.26,88.91,302437,26690114.95,INE278M01019,10557,NAVKAR CORPORATION LTD.,NEW,/home/suruchi-pandey/Projects/Bhavcopy-download-and-mail-code/2026/BhavCopy_NSE_CM_0_0_0_20260918_F_0000.csv
2026-09-18,NAVNETEDUL,EQ,124.9,128.44,124.06,126.89,73795,9315926.48,INE060A01024,2385,NAVNEET EDUCATION LTD,NEW,/home/suruchi-pandey/Projects/Bhavcopy-download-and-mail-code/2026/BhavCopy_NSE_CM_0_0_0_20260918_F_0000.csv
2026-09-18,NAZARA,EQ,364.5,377.0,364.5,369.35,3038750,1126057258.45,INE418L01047,2987,NAZARA TECHNOLOGIES LTD,NEW,/home/suruchi-pandey/Projects/Bhavcopy-download-and-mail-code/2026/BhavCopy_NSE_CM_0_0_0_20260918_F_0000.csv
2026-09-18,NBCC,EQ,82.4,84.27,82.4,82.4,5214690,433363557.45,INE095N01031,31415,NBCC (INDIA) LIMITED,NEW,/home/suruchi-pandey/Projects/Bhavcopy-download-and-mail-code/2026/BhavCopy_NSE_CM_0_0_0_20260918_F_0000.csv
2026-09-18,NBIFIN,EQ,1960.0,1979.0,1946.0,1970.8,5088,9913305.9,INE365I01020,19111,N.B.I. IND. FIN. CO. LTD,NEW,/home/suruchi-pandey/Projects/Bhavcopy-download-and-mail-code/2026/BhavCopy_NSE_CM_0_0_0_20260918_F_0000.csv
2026-09-18,NCC,EQ,135.98,138.92,134.84,137.13,2320130,316935372.96,INE868B01028,2319,NCC LIMITED,NEW,/home/suruchi-pandey/Projects/Bhavcopy-download-and-mail-code/2026/BhavCopy_NSE_CM_0_0_0_20260918_F_0000.csv
2026-09-18,NCLIND,EQ,172.46,175.0,172.45,174.66,30414,5286408.68,INE732C01016,14490,NCL INDUSTRIES LIMITED,NEW,/home/suruchi-pandey/Projects/Bhavcopy-download-and-mail-code/2026/BhavCopy_NSE_CM_0_0_0_20260918_F_0000.csv
2026-09-18,NDGL,EQ,2664.0,2690.0,2600.0,2649.5,359,946978.7,INE756C01015,18371,NAGA DHUNSERI GROUP LTD,NEW,/home/suruchi-pandey/Projects/Bhavcopy-download-and-mail-code/2026/BhavCopy_NSE_CM_0_0_0_20260918_F_0000.csv
2026-09-18,NDL,EQ,2.82,2.9,2.75,2.78,967406,2698046.04,INE875G01048,31258,NANDAN DENIM LIMITED,NEW,/home/suruchi-pandey/Projects/Bhavcopy-download-and-mail-code/2026/BhavCopy_NSE_CM_0_0_0_20260918_F_0000.csv
2026-09-18,NDLVENTURE,EQ,123.0,125.38,116.0,123.0,18292,2258007.63,INE353A01023,14547,NDL VENTURES LIMITED,NEW,/home/suruchi-pandey/Projects/Bhavcopy-download-and-mail-code/2026/BhavCopy_NSE_CM_0_0_0_20260918_F_0000.csv
2026-09-18,NDRAUTO,EQ,700.0,729.7,700.0,726.0,29831,21384414.35,INE07OG01012,22255,NDR AUTO COMPONENTS LTD,NEW,/home/suruchi-pandey/Projects/Bhavcopy-download-and-mail-code/2026/BhavCopy_NSE_CM_0_0_0_20260918_F_0000.csv
2026-09-18,NDTV,EQ,71.0,73.38,70.9,71.72,77022,5545637.82,INE155G01029,11427,NDTV LTD,NEW,/home/suruchi-pandey/Projects/Bhavcopy-download-and-mail-code/2026/BhavCopy_NSE_CM_0_0_0_20260918_F_0000.csv
2026-09-18,NEAGI,EQ,3308.0,3308.0,3308.0,3308.0,1,3308.0,INE605D01012,762812,NEELAMALAI AGRO INDS. L,NEW,/home/suruchi-pandey/Projects/Bhavcopy-download-and-mail-code/2026/BhavCopy_NSE_CM_0_0_0_20260918_F_0000.csv
2026-09-18,NECLIFE,EQ,11.19,11.3,10.85,10.98,93255,1023252.49,INE023H01027,11927,NECTAR LIFESCIENCES LTD.,NEW,/home/suruchi-pandey/Projects/Bhavcopy-download-and-mail-code/2026/BhavCopy_NSE_CM_0_0_0_20260918_F_0000.csv
2026-09-18,NELCAST,EQ,107.72,110.09,105.75,108.34,86630,9373283.61,INE189I01024,14761,NELCAST LIMITED,NEW,/home/suruchi-pandey/Projects/Bhavcopy-download-and-mail-code/2026/BhavCopy_NSE_CM_0_0_0_20260918_F_0000.csv
2026-09-18,NELCO,EQ,969.55,1019.5,965.3,1011.85,682119,686138440.25,INE045B01015,2388,NELCO LTD,NEW,/home/suruchi-pandey/Projects/Bhavcopy-download-and-mail-code/2026/BhavCopy_NSE_CM_0_0_0_20260918_F_0000.csv
2026-09-18,NEOGEN,EQ,2435.0,2498.2,2376.2,2488.4,355984,873839522.5,INE136S01016,9917,NEOGEN CHEMICALS LIMITED,NEW,/home/suruchi-pandey/Projects/Bhavcopy-download-and-mail-code/2026/BhavCopy_NSE_CM_0_0_0_20260918_F_0000.csv
2026-09-18,NEPHROPLUS,EQ,742.0,746.95,735.1,743.35,75741,56239461.0,INE428V01029,760346,NEPHROCARE HEALTH SERV L,NEW,/home/suruchi-pandey/Projects/Bhavcopy-download-and-mail-code/2026/BhavCopy_NSE_CM_0_0_0_20260918_F_0000.csv
2026-09-18,NESCO,EQ,1088.3,1124.1,1076.0,1111.3,41377,45361671.8,INE317F01035,15409,NESCO LTD.,NEW,/home/suruchi-pandey/Projects/Bhavcopy-download-and-mail-code/2026/BhavCopy_NSE_CM_0_0_0_20260918_F_0000.csv
2026-09-18,NESTLEIND,EQ,1372.1,1390.0,1332.8,1372.4,3264904,4456265187.6,INE239A01024,17963,NESTLE INDIA LIMITED,NEW,/home/suruchi-pandey/Projects/Bhavcopy-download-and-mail-code/2026/BhavCopy_NSE_CM_0_0_0_20260918_F_0000.csv
2026-09-18,NETF,EQ,251.55,255.25,251.55,254.15,868,220964.52,INF277K015R5,7838,TATAAML - NETF,NEW,/home/suruchi-pandey/Projects/Bhavcopy-download-and-mail-code/2026/BhavCopy_NSE_CM_0_0_0_20260918_F_0000.csv
2026-09-18,NETWEB,EQ,4612.0,4703.5,4587.0,4664.5,1136499,5281359123.0,INE0NT901020,17433,NETWEB TECH INDIA LTD,NEW,/home/suruchi-pandey/Projects/Bhavcopy-download-and-mail-code/2026/BhavCopy_NSE_CM_0_0_0_20260918_F_0000.csv
2026-09-18,NETWORK18,EQ,26.49,27.17,26.39,27.0,5331335,143267622.82,INE870H01013,14111,NETWORK18 MEDIA & INV LTD,NEW,/home/suruchi-pandey/Projects/Bhavcopy-download-and-mail-code/2026/BhavCopy_NSE_CM_0_0_0_20260918_F_0000.csv
2026-09-18,NEULANDLAB,EQ,22700.0,23030.0,22440.0,22840.0,75518,1716497060.0,INE794A01010,2406,NEULAND LAB LTD.,NEW,/home/suruchi-pandey/Projects/Bhavcopy-download-and-mail-code/2026/BhavCopy_NSE_CM_0_0_0_20260918_F_0000.csv
2026-09-18,NEWGEN,EQ,493.4,499.3,487.1,497.3,622017,307301675.85,INE619B01017,1164,NEWGEN SOFTWARE TECH LTD,NEW,/home/suruchi-pandey/Projects/Bhavcopy-download-and-mail-code/2026/BhavCopy_NSE_CM_0_0_0_20260918_F_0000.csv
2026-09-18,NEXT30ADD,EQ,42.17,42.36,42.06,42.36,7416,313455.33,INF740KA1VE5,29464,DSPAMC - NEXT30ADD,NEW,/home/suruchi-pandey/Projects/Bhavcopy-download-and-mail-code/2026/BhavCopy_NSE_CM_0_0_0_20260918_F_0000.csv
2026-09-18,NEXT50,EQ,739.38,748.53,736.14,745.6,22861,17003450.46,INF769K01FN2,17181,MIRAEAMC - MANXT50,NEW,/home/suruchi-pandey/Projects/Bhavcopy-download-and-mail-code/2026/BhavCopy_NSE_CM_0_0_0_20260918_F_0000.csv
2026-09-18,NEXT50ADD,EQ,72.14,72.57,71.98,72.45,13052,944716.0,INF740KA1XU7,760599,DSPAMC - NEXT50ADD,NEW,/home/suruchi-pandey/Projects/Bhavcopy-download-and-mail-code/2026/BhavCopy_NSE_CM_0_0_0_20260918_F_0000.csv
2026-09-18,NEXT50BETA,EQ,77.77,78.09,77.03,77.88,122825,9531815.98,INF789F1AUW9,21478,UTIAMC-NEXT50BETA,NEW,/home/suruchi-pandey/Projects/Bhavcopy-download-and-mail-code/2026/BhavCopy_NSE_CM_0_0_0_20260918_F_0000.csv
2026-09-18,NEXT50ETF,EQ,72.03,73.0,72.03,72.85,4546,329592.66,INF174KA1YO3,760709,KOTAKMAMC - NEXT50ETF,NEW,/home/suruchi-pandey/Projects/Bhavcopy-download-and-mail-code/2026/BhavCopy_NSE_CM_0_0_0_20260918_F_0000.csv
2026-09-18,NEXT50IETF,EQ,76.81,76.81,74.82,76.39,466182,35411282.15,INF109KC1NS5,4529,ICICIPRAMC - ICICINXT50,NEW,/home/suruchi-pandey/Projects/Bhavcopy-download-and-mail-code/2026/BhavCopy_NSE_CM_0_0_0_20260918_F_0000.csv
2026-09-18,NEXTMEDIA,EQ,3.88,3.88,3.79,3.82,1241,4735.63,INE747B01016,9867,NEXT MEDIAWORKS LIMITED,NEW,/home/suruchi-pandey/Projects/Bhavcopy-download-and-mail-code/2026/BhavCopy_NSE_CM_0_0_0_20260918_F_0000.csv
2026-09-18,NFL,EQ,66.99,67.41,66.5,66.79,382639,25559689.11,INE870D01012,13925,NATIONAL FERT. LTD,NEW,/home/suruchi-pandey/Projects/Bhavcopy-download-and-mail-code/2026/BhavCopy_NSE_CM_0_0_0_20260918_F_0000.csv
2026-09-18,NGIL,EQ,36.33,38.43,35.94,38.04,33418,1258926.1,INE236Y01012,5401,NAKODA GROUP OF IND. LTD,NEW,/home/suruchi-pandey/Projects/Bhavcopy-download-and-mail-code/2026/BhavCopy_NSE_CM_0_0_0_20260918_F_0000.csv
2026-09-18,NGLFINE,EQ,2728.8,2780.0,2670.1,2768.2,11325,30910145.8,INE887E01022,10277,NGL FINE CHEM LIMITED,NEW,/home/suruchi-pandey/Projects/Bhavcopy-download-and-mail-code/2026/BhavCopy_NSE_CM_0_0_0_20260918_F_0000.csv
2026-09-18,NH,EQ,1859.0,1940.0,1859.0,1928.5,271767,520794585.9,INE410P01011,11840,NARAYANA HRUDAYALAYA LTD.,NEW,/home/suruchi-pandey/Projects/Bhavcopy-download-and-mail-code/2026/BhavCopy_NSE_CM_0_0_0_20260918_F_0000.csv
2026-09-18,NHPC,EQ,75.2,76.95,75.09,76.95,18275311,1392137940.83,INE848E01016,17400,NHPC LTD,NEW,/home/suruchi-pandey/Projects/Bhavcopy-download-and-mail-code/2026/BhavCopy_NSE_CM_0_0_0_20260918_F_0000.csv
2026-09-18,NIACL,EQ,196.76,196.76,186.0,187.66,9375719,1770179364.52,INE470Y01017,399,THE NEW INDIA ASSU CO LTD,NEW,/home/suruchi-pandey/Projects/Bhavcopy-download-and-mail-code/2026/BhavCopy_NSE_CM_0_0_0_20260918_F_0000.csv
2026-09-18,NIBE,EQ,1252.9,1305.0,1228.3,1287.0,46108,58143584.5,INE149O01018,29487,NIBE LIMITED,NEW,/home/suruchi-pandey/Projects/Bhavcopy-download-and-mail-code/2026/BhavCopy_NSE_CM_0_0_0_20260918_F_0000.csv
2026-09-18,NIBL,EQ,30.36,31.68,29.5,30.97,10685,331346.23,INE047O01014,29733,NRB INDUS. BEARINGS LTD.,NEW,/home/suruchi-pandey/Projects/Bhavcopy-download-and-mail-code/2026/BhavCopy_NSE_CM_0_0_0_20260918_F_0000.csv
2026-09-18,NICCOPAR,EQ,82.99,82.99,78.0,80.45,5480,440380.89,INE653C01022,764793,NICCO PARKS & RESORTS LTD,NEW,/home/suruchi-pandey/Projects/Bhavcopy-download-and-mail-code/2026/BhavCopy_NSE_CM_0_0_0_20260918_F_0000.csv
2026-09-18,NIF100BEES,EQ,259.46,261.1,259.45,260.72,7950,2069595.14,INF204K014N5,29577,NIP IND ETF NIFTY 100,NEW,/home/suruchi-pandey/Projects/Bhavcopy-download-and-mail-code/2026/BhavCopy_NSE_CM_0_0_0_20260918_F_0000.csv
2026-09-18,NIF100IETF,EQ,27.3,27.52,27.26,27.4,41367,1131684.73,INF109KC16V9,30392,ICICI PRUD NIFTY 100 ETF,NEW,/home/suruchi-pandey/Projects/Bhavcopy-download-and-mail-code/2026/BhavCopy_NSE_CM_0_0_0_20260918_F_0000.csv
2026-09-18,NIF500BETA,EQ,36.66,36.7,36.51,36.66,29211,1068828.51,INF789F1AG76,765431,UTIAMC - NIF500BETA,NEW,/home/suruchi-pandey/Projects/Bhavcopy-download-and-mail-code/2026/BhavCopy_NSE_CM_0_0_0_20260918_F_0000.csv
2026-09-18,NIFTY1,EQ,261.71,261.71,258.81,259.67,68356,17738994.22,INF174K014P6,18102,KOTAK NIFTY ETF,NEW,/home/suruchi-pandey/Projects/Bhavcopy-download-and-mail-code/2026/BhavCopy_NSE_CM_0_0_0_20260918_F_0000.csv
2026-09-18,NIFTY100EW,EQ,34.78,34.8,34.19,34.31,68217,2339574.74,INF174KA1UW4,29944,KOTAKMAMC - NIFTY100EW,NEW,/home/suruchi-pandey/Projects/Bhavcopy-download-and-mail-code/2026/BhavCopy_NSE_CM_0_0_0_20260918_F_0000.csv
2026-09-18,NIFTYADD,EQ,246.45,247.02,245.3,246.79,4027,992334.4,INF740KA1CL0,7451,DSPAMC - DSPNIFTY,NEW,/home/suruchi-pandey/Projects/Bhavcopy-download-and-mail-code/2026/BhavCopy_NSE_CM_0_0_0_20260918_F_0000.csv
2026-09-18,NIFTYAXIS,EQ,258.96,259.39,258.09,259.23,8771,2270227.09,INF846K01W98,21252,AXISAMC-NIFTYAXIS,NEW,/home/suruchi-pandey/Projects/Bhavcopy-download-and-mail-code/2026/BhavCopy_NSE_CM_0_0_0_20260918_F_0000.csv
2026-09-18,NIFTYBEES,EQ,267.89,267.89,265.94,266.53,3645562,970826883.69,INF204KB14I2,10576,NIP IND ETF NIFTY BEES,NEW,/home/suruchi-pandey/Projects/Bhavcopy-download-and-mail-code/2026/BhavCopy_NSE_CM_0_0_0_20260918_F_0000.csv
2026-09-18,NIFTYBETA,EQ,259.0,261.99,258.35,259.77,2607269,676118302.48,INF789F1AZC0,10511,UTIAMC-NIFTYBETA,NEW,/home/suruchi-pandey/Projects/Bhavcopy-download-and-mail-code/2026/BhavCopy_NSE_CM_0_0_0_20260918_F_0000.csv
2026-09-18,NIFTYBETF,EQ,240.7,241.19,239.23,240.79,3374,810934.05,INF0QA701722,21959,BFAM - NIFTYBETF,NEW,/home/suruchi-pandey/Projects/Bhavcopy-download-and-mail-code/2026/BhavCopy_NSE_CM_0_0_0_20260918_F_0000.csv
2026-09-18,NIFTYCASE,EQ,9.59,9.59,9.35,9.37,503818,4726539.75,INF0R8F01166,759302,ZERODHAAMC - NIFTYCASE,NEW,/home/suruchi-pandey/Projects/Bhavcopy-download-and-mail-code/2026/BhavCopy_NSE_CM_0_0_0_20260918_F_0000.csv
2026-09-18,NIFTYETF,EQ,254.8,255.02,253.61,254.51,142854,36331140.37,INF769K01EG9,6353,MIRAEAMC - MAN50ETF,NEW,/home/suruchi-pandey/Projects/Bhavcopy-download-and-mail-code/2026/BhavCopy_NSE_CM_0_0_0_20260918_F_0000.csv
2026-09-18,NIFTYIETF,EQ,268.5,268.5,264.37,265.13,397456,105272247.68,INF109K012R6,29553,ICICI PRUD NIFTY ETF,NEW,/home/suruchi-pandey/Projects/Bhavcopy-download-and-mail-code/2026/BhavCopy_NSE_CM_0_0_0_20260918_F_0000.csv
2026-09-18,NIFTYJBLK,EQ,12.23,12.23,11.94,11.98,100363,1200857.63,INF22M001184,765307,JIOBLACKROCKAMC-NIFTYJBLK,NEW,/home/suruchi-pandey/Projects/Bhavcopy-download-and-mail-code/2026/BhavCopy_NSE_CM_0_0_0_20260918_F_0000.csv
2026-09-18,NIFTYQLITY,EQ,20.88,20.88,20.5,20.61,10693,220422.26,INF209KB15K4,10690,BIRLASLAMC - NIFTYQLITY,NEW,/home/suruchi-pandey/Projects/Bhavcopy-download-and-mail-code/2026/BhavCopy_NSE_CM_0_0_0_20260918_F_0000.csv
2026-09-18,NIITLTD,EQ,87.88,94.3,86.8,91.57,391257,35419969.65,INE161A01038,11522,NIIT LIMITED,NEW,/home/suruchi-pandey/Projects/Bhavcopy-download-and-mail-code/2026/BhavCopy_NSE_CM_0_0_0_20260918_F_0000.csv
2026-09-18,NIITMTS,EQ,225.5,225.66,214.49,217.16,402242,87769501.13,INE342G01023,17747,NIIT LEARNING SYSTEMS LTD,NEW,/home/suruchi-pandey/Projects/Bhavcopy-download-and-mail-code/2026/BhavCopy_NSE_CM_0_0_0_20260918_F_0000.csv
2026-09-18,NILAINFRA,EQ,6.64,6.69,6.41,6.63,201803,1318725.98,INE937C01029,9253,NILA INFRASTRUCTURES LTD,NEW,/home/suruchi-pandey/Projects/Bhavcopy-download-and-mail-code/2026/BhavCopy_NSE_CM_0_0_0_20260918_F_0000.csv
2026-09-18,NILASPACES,EQ,12.48,12.72,12.13,12.3,1810089,22270905.07,INE00S901012,7411,NILA SPACES LIMITED,NEW,/home/suruchi-pandey/Projects/Bhavcopy-download-and-mail-code/2026/BhavCopy_NSE_CM_0_0_0_20260918_F_0000.csv
2026-09-18,NILE,EQ,1493.0,1493.0,1455.0,1462.2,1434,2098568.0,INE445D01013,762817,NILE LTD.,NEW,/home/suruchi-pandey/Projects/Bhavcopy-download-and-mail-code/2026/BhavCopy_NSE_CM_0_0_0_20260918_F_0000.csv
2026-09-18,NILKAMAL,EQ,1904.6,1934.0,1844.2,1887.5,25774,48783416.9,INE310A01015,2421,NILKAMAL LIMITED,NEW,/home/suruchi-pandey/Projects/Bhavcopy-download-and-mail-code/2026/BhavCopy_NSE_CM_0_0_0_20260918_F_0000.csv
2026-09-18,NIMBSPROJ,EQ,192.89,192.91,178.02,185.46,10487,1986422.81,INE875B01015,761720,NIMBUS PROJECTS LIMITED,NEW,/home/suruchi-pandey/Projects/Bhavcopy-download-and-mail-code/2026/BhavCopy_NSE_CM_0_0_0_20260918_F_0000.csv
2026-09-18,NINSYS,EQ,714.5,714.5,702.1,707.5,807,572012.25,INE395U01014,14194,NINTEC SYSTEMS LIMITED,NEW,/home/suruchi-pandey/Projects/Bhavcopy-download-and-mail-code/2026/BhavCopy_NSE_CM_0_0_0_20260918_F_0000.csv
2026-09-18,NIPPOBATRY,EQ,327.0,327.0,315.2,319.8,1463,467188.45,INE567A01028,6782,INDO-NATIONAL LIMITED,NEW,/home/suruchi-pandey/Projects/Bhavcopy-download-and-mail-code/2026/BhavCopy_NSE_CM_0_0_0_20260918_F_0000.csv
2026-09-18,NIRAJ,EQ,27.06,28.73,27.06,27.74,7255,201442.9,INE368I01016,255,NIRAJ CEMENT STRUC LTD,NEW,/home/suruchi-pandey/Projects/Bhavcopy-download-and-mail-code/2026/BhavCopy_NSE_CM_0_0_0_20260918_F_0000.csv
2026-09-18,NIRLON,EQ,600.0,604.95,596.05,600.4,1961,1178119.05,INE910A01012,2433,NIRLON LTD,NEW,/home/suruchi-pandey/Projects/Bhavcopy-download-and-mail-code/2026/BhavCopy_NSE_CM_0_0_0_20260918_F_0000.csv
2026-09-18,NITCO,EQ,85.95,88.46,85.12,87.0,417793,36166487.56,INE858F01012,13300,NITCO LIMITED,NEW,/home/suruchi-pandey/Projects/Bhavcopy-download-and-mail-code/2026/BhavCopy_NSE_CM_0_0_0_20260918_F_0000.csv
2026-09-18,NITINSPIN,EQ,617.0,634.9,613.05,619.2,58258,36170080.6,INE229H01012,13175,NITIN SPINNERS LIMITED,NEW,/home/suruchi-pandey/Projects/Bhavcopy-download-and-mail-code/2026/BhavCopy_NSE_CM_0_0_0_20260918_F_0000.csv
2026-09-18,NITIRAJ,EQ,233.0,236.7,227.5,232.01,3238,756785.91,INE439T01012,3247,NITIRAJ ENGINEERS LTD,NEW,/home/suruchi-pandey/Projects/Bhavcopy-download-and-mail-code/2026/BhavCopy_NSE_CM_0_0_0_20260918_F_0000.csv
2026-09-18,NITTAGELA,EQ,1794.1,1794.1,1690.2,1711.4,5804,10070437.4,INE265B01019,762824,NITTA GELATIN INDIA LTD.,NEW,/home/suruchi-pandey/Projects/Bhavcopy-download-and-mail-code/2026/BhavCopy_NSE_CM_0_0_0_20260918_F_0000.csv
2026-09-18,NIVABUPA,EQ,79.85,80.45,79.01,79.59,1273196,101433394.64,INE995S01015,27097,NIVA BUPA HEALTH INS CO L,NEW,/home/suruchi-pandey/Projects/Bhavcopy-download-and-mail-code/2026/BhavCopy_NSE_CM_0_0_0_20260918_F_0000.csv
2026-09-18,NLCINDIA,EQ,264.2,269.7,262.55,268.8,2578554,690256009.2,INE589A01014,8585,NLC INDIA LIMITED,NEW,/home/suruchi-pandey/Projects/Bhavcopy-download-and-mail-code/2026/BhavCopy_NSE_CM_0_0_0_20260918_F_0000.csv
2026-09-18,NMDC,EQ,81.38,81.7,79.15,79.15,18919633,1516381139.54,INE584A01023,15332,NMDC LTD.,NEW,/home/suruchi-pandey/Projects/Bhavcopy-download-and-mail-code/2026/BhavCopy_NSE_CM_0_0_0_20260918_F_0000.csv
2026-09-18,NOCIL,EQ,187.3,196.87,186.34,194.56,1732771,331912874.09,INE163A01018,2442,NOCIL LIMITED,NEW,/home/suruchi-pandey/Projects/Bhavcopy-download-and-mail-code/2026/BhavCopy_NSE_CM_0_0_0_20260918_F_0000.csv
2026-09-18,NOIDATOLL,EQ,3.94,4.04,3.87,4.0,26530,104942.62,INE781B01015,10786,NOIDA TOLL BRIDGE CO LTD,NEW,/home/suruchi-pandey/Projects/Bhavcopy-download-and-mail-code/2026/BhavCopy_NSE_CM_0_0_0_20260918_F_0000.csv
2026-09-18,NORBTEAEXP,EQ,64.13,66.9,64.13,65.5,1847,120338.73,INE369C01017,4160,NORBEN TEA & EXPORTS LTD,NEW,/home/suruchi-pandey/Projects/Bhavcopy-download-and-mail-code/2026/BhavCopy_NSE_CM_0_0_0_20260918_F_0000.csv
2026-09-18,NORTHARC,EQ,311.9,315.5,308.55,313.6,1062365,331739200.55,INE850M01015,25426,NORTHERN ARC CAPITAL LTD,NEW,/home/suruchi-pandey/Projects/Bhavcopy-download-and-mail-code/2026/BhavCopy_NSE_CM_0_0_0_20260918_F_0000.csv
2026-09-18,NOVAAGRI,EQ,22.7,23.39,22.11,22.9,38579,878871.09,INE02H701025,22477,NOVA AGRITECH LIMITED,NEW,/home/suruchi-pandey/Projects/Bhavcopy-download-and-mail-code/2026/BhavCopy_NSE_CM_0_0_0_20260918_F_0000.csv
2026-09-18,NOVARTIND,EQ,2082.2,2154.9,2006.0,2046.8,76794,159620136.0,INE234A01025,9007,NOVARTIS INDIA LIMITED,NEW,/home/suruchi-pandey/Projects/Bhavcopy-download-and-mail-code/2026/BhavCopy_NSE_CM_0_0_0_20260918_F_0000.csv
2026-09-18,NPBET,EQ,283.11,283.45,283.0,283.0,8,2266.47,INF277K010X4,12978,TATAAML - NPBET,NEW,/home/suruchi-pandey/Projects/Bhavcopy-download-and-mail-code/2026/BhavCopy_NSE_CM_0_0_0_20260918_F_0000.csv
2026-09-18,NPST,EQ,1857.1,1899.5,1803.1,1828.5,139085,257529678.2,INE0FFK01017,756324,NETWORK PEOPLE SRV TECH L,NEW,/home/suruchi-pandey/Projects/Bhavcopy-download-and-mail-code/2026/BhavCopy_NSE_CM_0_0_0_20260918_F_0000.csv
2026-09-18,NRAIL,EQ,620.2,640.8,601.5,625.2,18686,11540990.75,INE740D01017,20314,N R AGARWAL INDS LTD,NEW,/home/suruchi-pandey/Projects/Bhavcopy-download-and-mail-code/2026/BhavCopy_NSE_CM_0_0_0_20260918_F_0000.csv
2026-09-18,NRBBEARING,EQ,474.0,534.9,472.6,525.5,9738086,5095157064.75,INE349A01021,7553,NRB BEARING LIMITED,NEW,/home/suruchi-pandey/Projects/Bhavcopy-download-and-mail-code/2026/BhavCopy_NSE_CM_0_0_0_20260918_F_0000.csv
2026-09-18,NSIL,EQ,5400.0,5550.0,5400.0,5507.5,2466,13581589.0,INE023A01030,11239,NALWA SONS INVESTMENT LTD,NEW,/home/suruchi-pandey/Projects/Bhavcopy-download-and-mail-code/2026/BhavCopy_NSE_CM_0_0_0_20260918_F_0000.csv
2026-09-18,NSLNISP,EQ,41.8,43.04,41.33,42.6,6294350,266957221.53,INE0NNS01018,14180,NMDC STEEL LIMITED,NEW,/home/suruchi-pandey/Projects/Bhavcopy-download-and-mail-code/2026/BhavCopy_NSE_CM_0_0_0_20260918_F_0000.csv
2026-09-18,NTCIND,EQ,132.03,136.0,132.03,132.85,747,99516.92,INE920C01017,764798,N T C INDUSTRIES LTD.,NEW,/home/suruchi-pandey/Projects/Bhavcopy-download-and-mail-code/2026/BhavCopy_NSE_CM_0_0_0_20260918_F_0000.csv
2026-09-18,NTPC,EQ,329.8,330.85,323.65,323.65,9448827,3086192636.65,INE733E01010,11630,NTPC LTD,NEW,/home/suruchi-pandey/Projects/Bhavcopy-download-and-mail-code/2026/BhavCopy_NSE_CM_0_0_0_20260918_F_0000.csv
2026-09-18,NTPCGREEN,EQ,88.5,88.95,86.91,88.55,4164366,366365884.76,INE0ONG01011,27176,NTPC GREEN ENERGY LIMITED,NEW,/home/suruchi-pandey/Projects/Bhavcopy-download-and-mail-code/2026/BhavCopy_NSE_CM_0_0_0_20260918_F_0000.csv
2026-09-18,NUCLEUS,EQ,700.0,709.0,683.0,686.25,14849,10251574.6,INE096B01018,10791,NUCLEUS SOFTWARE EXPORTS,NEW,/home/suruchi-pandey/Projects/Bhavcopy-download-and-mail-code/2026/BhavCopy_NSE_CM_0_0_0_20260918_F_0000.csv
2026-09-18,NUVAMA,EQ,1700.0,1720.0,1689.5,1713.7,265082,453045979.5,INE531F01023,18721,NUVAMA WEALTH MANAGE LTD,NEW,/home/suruchi-pandey/Projects/Bhavcopy-download-and-mail-code/2026/BhavCopy_NSE_CM_0_0_0_20260918_F_0000.csv
2026-09-18,NUVOCO,EQ,318.05,333.5,318.05,328.6,629989,206083730.4,INE118D01016,5426,NUVOCO VISTAS CORP LTD,NEW,/home/suruchi-pandey/Projects/Bhavcopy-download-and-mail-code/2026/BhavCopy_NSE_CM_0_0_0_20260918_F_0000.csv
2026-09-18,NV20,EQ,13.84,13.84,13.46,13.58,58601,791431.54,INF174KA1ZE1,11457,KOTAKMAMC - KTKNV20ETF,NEW,/home/suruchi-pandey/Projects/Bhavcopy-download-and-mail-code/2026/BhavCopy_NSE_CM_0_0_0_20260918_F_0000.csv
2026-09-18,NV20BEES,EQ,135.72,136.11,134.86,135.32,22134,2994328.36,INF204KB18I3,9847,NIP IND ETF ETF NV20,NEW,/home/suruchi-pandey/Projects/Bhavcopy-download-and-mail-code/2026/BhavCopy_NSE_CM_0_0_0_20260918_F_0000.csv
2026-09-18,NV20IETF,EQ,13.22,13.29,13.14,13.2,328699,4328935.07,INF109KC11V0,17475,ICICI PRUDENTIAL NV20 ETF,NEW,/home/suruchi-pandey/Projects/Bhavcopy-download-and-mail-code/2026/BhavCopy_NSE_CM_0_0_0_20260918_F_0000.csv
2026-09-18,NYKAA,EQ,324.15,332.15,322.7,332.15,4424240,1443104619.9,INE388Y01029,6545,FSN E COMMERCE VENTURES,NEW,/home/suruchi-pandey/Projects/Bhavcopy-download-and-mail-code/2026/BhavCopy_NSE_CM_0_0_0_20260918_F_0000.csv
2026-09-18,OAL,EQ,513.8,528.9,510.0,514.15,22259,11552233.8,INE959C01023,10768,ORIENTAL AROMATICS LTD,NEW,/home/suruchi-pandey/Projects/Bhavcopy-download-and-mail-code/2026/BhavCopy_NSE_CM_0_0_0_20260918_F_0000.csv
2026-09-18,OBCL,EQ,55.82,58.0,55.1,57.02,5689,323609.47,INE426Z01016,8797,OBCL LIMITED,NEW,/home/suruchi-pandey/Projects/Bhavcopy-download-and-mail-code/2026/BhavCopy_NSE_CM_0_0_0_20260918_F_0000.csv
2026-09-18,OBEROIRLTY,EQ,1730.1,1785.0,1721.0,1785.0,766762,1346652502.5,INE093I01010,20242,OBEROI REALTY LIMITED,NEW,/home/suruchi-pandey/Projects/Bhavcopy-download-and-mail-code/2026/BhavCopy_NSE_CM_0_0_0_20260918_F_0000.csv
2026-09-18,ODIGMA,EQ,20.95,21.44,20.95,21.0,20873,439726.49,INE054301028,27571,ODIGMA CONSULTANCY SOL L,NEW,/home/suruchi-pandey/Projects/Bhavcopy-download-and-mail-code/2026/BhavCopy_NSE_CM_0_0_0_20260918_F_0000.csv
2026-09-18,ODYCORP,EQ,7.18,7.18,6.25,7.07,41164,278095.85,INE839E01023,764803,ODYSSEY CORPORATION LTD.,NEW,/home/suruchi-pandey/Projects/Bhavcopy-download-and-mail-code/2026/BhavCopy_NSE_CM_0_0_0_20260918_F_0000.csv
2026-09-18,OFSS,EQ,11648.0,11896.0,11515.0,11896.0,162844,1903730061.0,INE881D01027,10738,ORACLE FIN SERV SOFT LTD.,NEW,/home/suruchi-pandey/Projects/Bhavcopy-download-and-mail-code/2026/BhavCopy_NSE_CM_0_0_0_20260918_F_0000.csv
2026-09-18,OIL,EQ,479.0,482.8,472.0,475.7,3703547,1769383232.9,INE274J01014,17438,OIL INDIA LTD,NEW,/home/suruchi-pandey/Projects/Bhavcopy-download-and-mail-code/2026/BhavCopy_NSE_CM_0_0_0_20260918_F_0000.csv
2026-09-18,OILIETF,EQ,11.03,11.19,11.01,11.14,690859,7682197.62,INF109KC18W3,24533,ICICIPRAMC - OILIETF,NEW,/home/suruchi-pandey/Projects/Bhavcopy-download-and-mail-code/2026/BhavCopy_NSE_CM_0_0_0_20260918_F_0000.csv
2026-09-18,OLAELEC,EQ,36.8,37.0,36.02,36.39,48738061,1770540375.54,INE0LXG01040,24777,OLA ELECTRIC MOBILITY LTD,NEW,/home/suruchi-pandey/Projects/Bhavcopy-download-and-mail-code/2026/BhavCopy_NSE_CM_0_0_0_20260918_F_0000.csv
2026-09-18,OLECTRA,EQ,1183.0,1206.4,1183.0,1198.8,174712,209245602.3,INE260D01016,10637,OLECTRA GREENTECH LIMITED,NEW,/home/suruchi-pandey/Projects/Bhavcopy-download-and-mail-code/2026/BhavCopy_NSE_CM_0_0_0_20260918_F_0000.csv
2026-09-18,OMAXAUTO,EQ,175.09,185.01,174.04,182.16,85580,15474872.55,INE090B01011,10922,OMAX AUTOS LTD,NEW,/home/suruchi-pandey/Projects/Bhavcopy-download-and-mail-code/2026/BhavCopy_NSE_CM_0_0_0_20260918_F_0000.csv
2026-09-18,OMAXE,EQ,120.96,123.0,116.41,117.31,744348,89362032.72,INE800H01010,14853,OMAXE LIMITED,NEW,/home/suruchi-pandey/Projects/Bhavcopy-download-and-mail-code/2026/BhavCopy_NSE_CM_0_0_0_20260918_F_0000.csv
2026-09-18,OMINFRAL,EQ,80.91,80.91,77.9,78.33,54641,4303812.96,INE239D01028,24231,OM INFRA LIMITED,NEW,/home/suruchi-pandey/Projects/Bhavcopy-download-and-mail-code/2026/BhavCopy_NSE_CM_0_0_0_20260918_F_0000.csv
2026-09-18,OMNI,EQ,569.95,588.0,544.8,556.15,6045799,3388478710.65,INE0UH301010,760865,OMNITECH ENGINEERING LTD,NEW,/home/suruchi-pandey/Projects/Bhavcopy-download-and-mail-code/2026/BhavCopy_NSE_CM_0_0_0_20260918_F_0000.csv
2026-09-18,OMPOWER,EQ,167.53,175.4,167.11,172.37,71555,12244727.81,INE25E901019,762432,OM POWER TRANSMISSION LTD,NEW,/home/suruchi-pandey/Projects/Bhavcopy-download-and-mail-code/2026/BhavCopy_NSE_CM_0_0_0_20260918_F_0000.csv
2026-09-18,ONEGLOBAL,EQ,550.45,550.45,525.05,538.75,3309,1768613.4,INE670O01013,765242,ONE GLOBAL SERVICE PROV L,NEW,/home/suruchi-pandey/Projects/Bhavcopy-download-and-mail-code/2026/BhavCopy_NSE_CM_0_0_0_20260918_F_0000.csv
2026-09-18,ONEPOINT,EQ,59.14,60.2,58.66,59.64,579627,34570954.04,INE840Y01029,9939,ONE POINT ONE SOL LTD,NEW,/home/suruchi-pandey/Projects/Bhavcopy-download-and-mail-code/2026/BhavCopy_NSE_CM_0_0_0_20260918_F_0000.csv
2026-09-18,ONESOURCE,EQ,1575.0,1634.8,1575.0,1594.9,335793,538182785.2,INE013P01021,29224,ONESOURCE SPECL PHARMA L,NEW,/home/suruchi-pandey/Projects/Bhavcopy-download-and-mail-code/2026/BhavCopy_NSE_CM_0_0_0_20260918_F_0000.csv
2026-09-18,ONGC,EQ,232.43,234.32,231.75,232.8,11146237,2597488315.17,INE213A01029,2475,OIL AND NATURAL GAS CORP.,NEW,/home/suruchi-pandey/Projects/Bhavcopy-download-and-mail-code/2026/BhavCopy_NSE_CM_0_0_0_20260918_F_0000.csv
2026-09-18,ONIDA,EQ,32.28,33.4,32.23,32.89,453556,14936286.44,INE831A01028,2202,ONIDA ELECTRONICS LIMITED,NEW,/home/suruchi-pandey/Projects/Bhavcopy-download-and-mail-code/2026/BhavCopy_NSE_CM_0_0_0_20260918_F_0000.csv
2026-09-18,ONIXSOLAR,EQ,357.4,357.4,357.4,357.4,6099,2179782.6,INE173M01012,764808,ONIX SOLAR ENERGY LTD.,NEW,/home/suruchi-pandey/Projects/Bhavcopy-download-and-mail-code/2026/BhavCopy_NSE_CM_0_0_0_20260918_F_0000.csv
2026-09-18,ONWARDTEC,EQ,289.9,297.0,286.05,287.2,13769,4004867.5,INE229A01017,2481,ONWARD TECHNOLOGIES LTD,NEW,/home/suruchi-pandey/Projects/Bhavcopy-download-and-mail-code/2026/BhavCopy_NSE_CM_0_0_0_20260918_F_0000.csv
2026-09-18,OPTIEMUS,EQ,614.0,622.7,585.6,590.1,190406,113624646.2,INE350C01017,21469,OPTIEMUS INFRACOM LTD,NEW,/home/suruchi-pandey/Projects/Bhavcopy-download-and-mail-code/2026/BhavCopy_NSE_CM_0_0_0_20260918_F_0000.csv
2026-09-18,OPTIFIN,EQ,14.99,14.99,13.8,14.01,61040,861083.15,INE031G01022,764813,OPTIMUS FINANCE LTD.,NEW,/home/suruchi-pandey/Projects/Bhavcopy-download-and-mail-code/2026/BhavCopy_NSE_CM_0_0_0_20260918_F_0000.csv
2026-09-18,ORCHASP,EQ,1.41,1.43,1.37,1.4,375577,523865.98,INE215B01022,29492,ORCHASP LIMITED,NEW,/home/suruchi-pandey/Projects/Bhavcopy-download-and-mail-code/2026/BhavCopy_NSE_CM_0_0_0_20260918_F_0000.csv
2026-09-18,ORCHPHARMA,EQ,958.05,999.0,958.05,989.7,56527,55458659.55,INE191A01027,926,ORCHID PHARMA LIMITED,NEW,/home/suruchi-pandey/Projects/Bhavcopy-download-and-mail-code/2026/BhavCopy_NSE_CM_0_0_0_20260918_F_0000.csv
2026-09-18,ORICONENT,EQ,51.06,53.88,51.06,52.75,17128,900925.42,INE730A01022,10159,ORICON ENTERPRISES LTD,NEW,/home/suruchi-pandey/Projects/Bhavcopy-download-and-mail-code/2026/BhavCopy_NSE_CM_0_0_0_20260918_F_0000.csv
2026-09-18,ORIENTALTL,EQ,4.98,5.03,4.93,4.96,55364,274774.82,INE998H01012,14346,ORIENTAL TRIMEX LTD,NEW,/home/suruchi-pandey/Projects/Bhavcopy-download-and-mail-code/2026/BhavCopy_NSE_CM_0_0_0_20260918_F_0000.csv
2026-09-18,ORIENTBELL,EQ,394.05,396.0,383.0,393.25,10141,3968140.85,INE607D01018,14278,ORIENT BELL LIMITED,NEW,/home/suruchi-pandey/Projects/Bhavcopy-download-and-mail-code/2026/BhavCopy_NSE_CM_0_0_0_20260918_F_0000.csv
2026-09-18,ORIENTCEM,EQ,122.03,126.2,121.83,124.55,2828940,351603908.75,INE876N01018,30089,ORIENT CEMENT LTD.,NEW,/home/suruchi-pandey/Projects/Bhavcopy-download-and-mail-code/2026/BhavCopy_NSE_CM_0_0_0_20260918_F_0000.csv
2026-09-18,ORIENTCER,EQ,46.89,46.9,45.62,46.52,53405,2475252.8,INE569C01020,13111,ORIENT CERATECH LIMITED,NEW,/home/suruchi-pandey/Projects/Bhavcopy-download-and-mail-code/2026/BhavCopy_NSE_CM_0_0_0_20260918_F_0000.csv
2026-09-18,ORIENTELEC,EQ,170.68,170.68,166.25,167.36,123188,20673092.6,INE142Z01019,2972,ORIENT ELECTRIC LIMITED,NEW,/home/suruchi-pandey/Projects/Bhavcopy-download-and-mail-code/2026/BhavCopy_NSE_CM_0_0_0_20260918_F_0000.csv
2026-09-18,ORIENTHOT,EQ,142.0,144.69,140.15,143.45,1243314,178133025.83,INE750A01020,2493,ORIENT HOTELS LTD,NEW,/home/suruchi-pandey/Projects/Bhavcopy-download-and-mail-code/2026/BhavCopy_NSE_CM_0_0_0_20260918_F_0000.csv
2026-09-18,ORIENTPPR,EQ,17.3,17.51,16.99,17.2,191461,3297548.17,INE592A01026,2496,ORIENT PAPER AND INDS LTD,NEW,/home/suruchi-pandey/Projects/Bhavcopy-download-and-mail-code/2026/BhavCopy_NSE_CM_0_0_0_20260918_F_0000.csv
2026-09-18,ORIENTTECH,EQ,236.47,239.24,235.01,236.35,156550,37145017.91,INE0PPK01015,24961,ORIENT TECHNOLOGIES LTD,NEW,/home/suruchi-pandey/Projects/Bhavcopy-download-and-mail-code/2026/BhavCopy_NSE_CM_0_0_0_20260918_F_0000.csv
2026-09-18,ORIRAIL,EQ,119.23,120.41,116.3,117.09,33351,3923464.58,INE457G01029,764818,ORIENTAL RAIL INFRA L,NEW,/home/suruchi-pandey/Projects/Bhavcopy-download-and-mail-code/2026/BhavCopy_NSE_CM_0_0_0_20260918_F_0000.csv
2026-09-18,ORISSAMINE,EQ,4020.0,4051.0,3800.1,3821.2,28276,109762500.9,INE725E01024,19931,ORISSA MIN DEV CO LTD,NEW,/home/suruchi-pandey/Projects/Bhavcopy-download-and-mail-code/2026/BhavCopy_NSE_CM_0_0_0_20260918_F_0000.csv
2026-09-18,ORKLAINDIA,EQ,576.3,604.25,575.0,595.65,71578,42262561.75,INE16NZ01023,759569,ORKLA INDIA LIMITED,NEW,/home/suruchi-pandey/Projects/Bhavcopy-download-and-mail-code/2026/BhavCopy_NSE_CM_0_0_0_20260918_F_0000.csv
2026-09-18,ORTINGLOBE,EQ,15.7,16.68,15.67,15.83,8090,128814.08,INE749B01020,2979,ORTIN GLOBAL LIMITED,NEW,/home/suruchi-pandey/Projects/Bhavcopy-download-and-mail-code/2026/BhavCopy_NSE_CM_0_0_0_20260918_F_0000.csv
2026-09-18,OSWALAGRO,EQ,35.99,35.99,33.22,33.88,56597,1924659.25,INE142A01012,2514,OSWAL AGRO MILLS LTD,NEW,/home/suruchi-pandey/Projects/Bhavcopy-download-and-mail-code/2026/BhavCopy_NSE_CM_0_0_0_20260918_F_0000.csv
2026-09-18,OSWALGREEN,EQ,19.2,19.95,18.76,19.44,107196,2060718.67,INE143A01010,471,OSWAL GREENTECH LIMITED,NEW,/home/suruchi-pandey/Projects/Bhavcopy-download-and-mail-code/2026/BhavCopy_NSE_CM_0_0_0_20260918_F_0000.csv
2026-09-18,OSWALPUMPS,EQ,274.8,280.7,270.45,278.1,271449,74530677.65,INE0BYP01024,756802,OSWAL PUMPS LIMITED,NEW,/home/suruchi-pandey/Projects/Bhavcopy-download-and-mail-code/2026/BhavCopy_NSE_CM_0_0_0_20260918_F_0000.csv
2026-09-18,OSWALSEEDS,EQ,14.0,14.35,13.55,13.72,109264,1518863.86,INE00IK01029,14305,SHREEOSWAL S AND CHE LTD,NEW,/home/suruchi-pandey/Projects/Bhavcopy-download-and-mail-code/2026/BhavCopy_NSE_CM_0_0_0_20260918_F_0000.csv
2026-09-18,PACEDIGITK,EQ,155.26,158.38,154.5,156.17,521729,81375901.35,INE0S3G01027,759342,PACE DIGITEK LIMITED,NEW,/home/suruchi-pandey/Projects/Bhavcopy-download-and-mail-code/2026/BhavCopy_NSE_CM_0_0_0_20260918_F_0000.csv
2026-09-18,PACIFICI,EQ,147.99,147.99,147.99,147.99,1,147.99,INE883C01025,764823,PACIFIC INDUSTRIES LTD.,NEW,/home/suruchi-pandey/Projects/Bhavcopy-download-and-mail-code/2026/BhavCopy_NSE_CM_0_0_0_20260918_F_0000.csv
2026-09-18,PAGEIND,EQ,34990.0,36400.0,34900.0,36400.0,32020,1143656470.0,INE761H01022,14413,PAGE INDUSTRIES LTD,NEW,/home/suruchi-pandey/Projects/Bhavcopy-download-and-mail-code/2026/BhavCopy_NSE_CM_0_0_0_20260918_F_0000.csv
2026-09-18,PAISALO,EQ,91.0,91.0,88.75,89.51,25898908,2320036208.77,INE420C01059,25468,PAISALO DIGITAL LIMITED,NEW,/home/suruchi-pandey/Projects/Bhavcopy-download-and-mail-code/2026/BhavCopy_NSE_CM_0_0_0_20260918_F_0000.csv
2026-09-18,PAKKA,EQ,75.55,79.8,75.55,78.56,45964,3611477.41,INE551D01018,17197,PAKKA LIMITED,NEW,/home/suruchi-pandey/Projects/Bhavcopy-download-and-mail-code/2026/BhavCopy_NSE_CM_0_0_0_20260918_F_0000.csv
2026-09-18,PALASHSECU,EQ,86.11,88.5,86.1,86.11,305,26657.03,INE471W01019,21383,PALASH SECURITIES LTD,NEW,/home/suruchi-pandey/Projects/Bhavcopy-download-and-mail-code/2026/BhavCopy_NSE_CM_0_0_0_20260918_F_0000.csv
2026-09-18,PALREDTEC,EQ,46.01,46.13,46.01,46.1,161,7418.55,INE218G01033,17062,PALRED TECHNOLOGIES LTD,NEW,/home/suruchi-pandey/Projects/Bhavcopy-download-and-mail-code/2026/BhavCopy_NSE_CM_0_0_0_20260918_F_0000.csv
2026-09-18,PANACEABIO,EQ,373.0,375.8,359.9,367.9,119782,43852357.7,INE922B01023,4055,PANACEA BIOTEC LTD,NEW,/home/suruchi-pandey/Projects/Bhavcopy-download-and-mail-code/2026/BhavCopy_NSE_CM_0_0_0_20260918_F_0000.csv
2026-09-18,PANAMAPET,EQ,455.7,472.4,455.7,470.2,166705,77759002.25,INE305C01029,25392,PANAMA PETROCHEM LTD,NEW,/home/suruchi-pandey/Projects/Bhavcopy-download-and-mail-code/2026/BhavCopy_NSE_CM_0_0_0_20260918_F_0000.csv
2026-09-18,PANCHMAHQ,EQ,295.0,301.0,295.0,296.4,38,11227.95,INE798F01010,764828,PANCHMAHAL STEEL LTD.,NEW,/home/suruchi-pandey/Projects/Bhavcopy-download-and-mail-code/2026/BhavCopy_NSE_CM_0_0_0_20260918_F_0000.csv
2026-09-18,PANORAMA,EQ,52.3,54.0,52.0,53.26,171382,9077747.76,INE258R01028,765140,PANORAMA STUDIOS INTL. L,NEW,/home/suruchi-pandey/Projects/Bhavcopy-download-and-mail-code/2026/BhavCopy_NSE_CM_0_0_0_20260918_F_0000.csv
2026-09-18,PANSARI,EQ,280.0,285.0,262.9,284.95,1081,305331.5,INE697V01011,6141,PANSARI DEVELOPERS LTD,NEW,/home/suruchi-pandey/Projects/Bhavcopy-download-and-mail-code/2026/BhavCopy_NSE_CM_0_0_0_20260918_F_0000.csv
2026-09-18,PARACABLES,EQ,60.75,62.5,60.75,62.02,1236571,76411466.64,INE074B01023,13951,PARAMOUNT COMM LTD,NEW,/home/suruchi-pandey/Projects/Bhavcopy-download-and-mail-code/2026/BhavCopy_NSE_CM_0_0_0_20260918_F_0000.csv
2026-09-18,PARADEEP,EQ,154.0,156.56,153.06,155.62,2314244,358937598.26,INE088F01024,9741,PARADEEP PHOSPHATES LTD,NEW,/home/suruchi-pandey/Projects/Bhavcopy-download-and-mail-code/2026/BhavCopy_NSE_CM_0_0_0_20260918_F_0000.csv
2026-09-18,PARAGMILK,EQ,265.5,272.4,263.5,268.5,1521408,407882326.25,INE883N01014,17130,PARAG MILK FOODS LTD.,NEW,/home/suruchi-pandey/Projects/Bhavcopy-download-and-mail-code/2026/BhavCopy_NSE_CM_0_0_0_20260918_F_0000.csv
2026-09-18,PARAS,EQ,1375.0,1397.7,1366.4,1372.7,613001,844486905.6,INE045601023,5911,PARAS DEF AND SPCE TECH L,NEW,/home/suruchi-pandey/Projects/Bhavcopy-download-and-mail-code/2026/BhavCopy_NSE_CM_0_0_0_20260918_F_0000.csv
2026-09-18,PARASPETRO,EQ,2.16,2.23,2.13,2.14,180581,391533.9,INE162C01024,3972,PARAS PETROFILS LTD.,NEW,/home/suruchi-pandey/Projects/Bhavcopy-download-and-mail-code/2026/BhavCopy_NSE_CM_0_0_0_20260918_F_0000.csv
2026-09-18,PARKHOSPS,EQ,279.4,284.3,271.2,282.05,1071510,299994222.5,INE119201023,760351,PARK MEDI WORLD LIMITED,NEW,/home/suruchi-pandey/Projects/Bhavcopy-download-and-mail-code/2026/BhavCopy_NSE_CM_0_0_0_20260918_F_0000.csv
2026-09-18,PARKHOTELS,EQ,108.0,109.89,106.6,107.38,147877,15955459.06,INE988S01028,22649,PARKHOTELS,NEW,/home/suruchi-pandey/Projects/Bhavcopy-download-and-mail-code/2026/BhavCopy_NSE_CM_0_0_0_20260918_F_0000.csv
2026-09-18,PARNAXLAB,EQ,130.0,130.0,124.0,128.2,1756,225985.91,INE383L01019,764833,PARNAX LAB LTD.,NEW,/home/suruchi-pandey/Projects/Bhavcopy-download-and-mail-code/2026/BhavCopy_NSE_CM_0_0_0_20260918_F_0000.csv
2026-09-18,PASHUPATI,EQ,84.9,84.9,79.5,80.26,350867,28306773.43,INE124Y01028,757955,PASHUPATI COTSPIN LIMITED,NEW,/home/suruchi-pandey/Projects/Bhavcopy-download-and-mail-code/2026/BhavCopy_NSE_CM_0_0_0_20260918_F_0000.csv
2026-09-18,PASUPTAC,EQ,70.65,71.89,69.2,69.98,130798,9187224.52,INE818B01023,6045,PASUPATI ACRYLON LIMITED,NEW,/home/suruchi-pandey/Projects/Bhavcopy-download-and-mail-code/2026/BhavCopy_NSE_CM_0_0_0_20260918_F_0000.csv
2026-09-18,PATANJALI,EQ,353.05,367.0,353.05,367.0,1999903,723113022.7,INE619A01035,17029,PATANJALI FOODS LIMITED,NEW,/home/suruchi-pandey/Projects/Bhavcopy-download-and-mail-code/2026/BhavCopy_NSE_CM_0_0_0_20260918_F_0000.csv
2026-09-18,PATELENG,EQ,25.96,26.29,25.48,25.62,2871181,74018735.28,INE244B01030,11699,PATEL ENGINEERING LTD.,NEW,/home/suruchi-pandey/Projects/Bhavcopy-download-and-mail-code/2026/BhavCopy_NSE_CM_0_0_0_20260918_F_0000.csv
2026-09-18,PATELRMART,EQ,204.89,206.9,203.42,205.77,19068,3915457.28,INE0R8B01010,759439,PATEL RETAIL LIMITED,NEW,/home/suruchi-pandey/Projects/Bhavcopy-download-and-mail-code/2026/BhavCopy_NSE_CM_0_0_0_20260918_F_0000.csv
2026-09-18,PAUSHAKLTD,EQ,719.9,730.75,708.0,716.35,16660,12012290.7,INE111F01024,759969,PAUSHAK LIMITED,NEW,/home/suruchi-pandey/Projects/Bhavcopy-download-and-mail-code/2026/BhavCopy_NSE_CM_0_0_0_20260918_F_0000.csv
2026-09-18,PAVNAIND,EQ,15.0,15.88,14.96,15.67,69294,1069049.83,INE07S101038,16192,PAVNA INDUSTRIES LIMITED,NEW,/home/suruchi-pandey/Projects/Bhavcopy-download-and-mail-code/2026/BhavCopy_NSE_CM_0_0_0_20260918_F_0000.csv
2026-09-18,PAYTM,EQ,1795.4,1849.9,1765.0,1849.9,4640337,8348515415.2,INE982J01020,6705,ONE 97 COMMUNICATIONS LTD,NEW,/home/suruchi-pandey/Projects/Bhavcopy-download-and-mail-code/2026/BhavCopy_NSE_CM_0_0_0_20260918_F_0000.csv
2026-09-18,PBMPOLY,EQ,67.0,67.0,60.08,65.0,146,9769.08,INE501F01018,765145,P B M POLYTEX LTD.,NEW,/home/suruchi-pandey/Projects/Bhavcopy-download-and-mail-code/2026/BhavCopy_NSE_CM_0_0_0_20260918_F_0000.csv
2026-09-18,PCBL,EQ,332.0,338.0,328.75,336.7,1255857,419458088.15,INE602A01031,2649,PCBL CHEMICAL LIMITED,NEW,/home/suruchi-pandey/Projects/Bhavcopy-download-and-mail-code/2026/BhavCopy_NSE_CM_0_0_0_20260918_F_0000.csv
2026-09-18,PCJEWELLER,EQ,12.51,13.04,12.37,12.72,332313201,4214359296.96,INE785M01021,29124,PC JEWELLER LTD,NEW,/home/suruchi-pandey/Projects/Bhavcopy-download-and-mail-code/2026/BhavCopy_NSE_CM_0_0_0_20260918_F_0000.csv
2026-09-18,PDMJEPAPER,EQ,103.5,103.94,100.43,101.59,236098,24131165.39,INE865T01018,15377,PUDUMJEE PAPER PRO. LTD,NEW,/home/suruchi-pandey/Projects/Bhavcopy-download-and-mail-code/2026/BhavCopy_NSE_CM_0_0_0_20260918_F_0000.csv
2026-09-18,PDSL,EQ,346.95,353.3,345.3,351.15,69980,24521967.5,INE111Q01021,5264,PDS LIMITED,NEW,/home/suruchi-pandey/Projects/Bhavcopy-download-and-mail-code/2026/BhavCopy_NSE_CM_0_0_0_20260918_F_0000.csv
2026-09-18,PEARLPOLY,EQ,17.36,17.36,16.16,17.09,9783,164168.72,INE844A01013,2610,PEARL POLYMERS LTD,NEW,/home/suruchi-pandey/Projects/Bhavcopy-download-and-mail-code/2026/BhavCopy_NSE_CM_0_0_0_20260918_F_0000.csv
2026-09-18,PENIND,EQ,170.45,172.4,168.58,171.43,219229,37378235.49,INE932A01024,20621,PENNAR INDUSTRIES LTD,NEW,/home/suruchi-pandey/Projects/Bhavcopy-download-and-mail-code/2026/BhavCopy_NSE_CM_0_0_0_20260918_F_0000.csv
2026-09-18,PENINLAND,EQ,15.86,16.0,15.1,15.36,101308,1559954.36,INE138A01028,2256,PENINSULA LAND LIMITED,NEW,/home/suruchi-pandey/Projects/Bhavcopy-download-and-mail-code/2026/BhavCopy_NSE_CM_0_0_0_20260918_F_0000.csv
2026-09-18,PERMAGN,EQ,829.0,855.95,820.0,848.15,6294,5268593.25,INE418E01018,764838,PERMANENT MAGNETS LTD.,NEW,/home/suruchi-pandey/Projects/Bhavcopy-download-and-mail-code/2026/BhavCopy_NSE_CM_0_0_0_20260918_F_0000.csv
2026-09-18,PERNIASPOP,EQ,554.4,554.4,537.0,546.45,102495,55707210.0,INE0I1B01016,765568,PURPLE STYLE LABS LIMITED,NEW,/home/suruchi-pandey/Projects/Bhavcopy-download-and-mail-code/2026/BhavCopy_NSE_CM_0_0_0_20260918_F_0000.csv
2026-09-18,PERSISTENT,EQ,5476.0,5500.0,5389.0,5416.0,494682,2680064863.5,INE262H01021,18365,PERSISTENT SYSTEMS LTD,NEW,/home/suruchi-pandey/Projects/Bhavcopy-download-and-mail-code/2026/BhavCopy_NSE_CM_0_0_0_20260918_F_0000.csv
2026-09-18,PETRONET,EQ,284.85,292.6,284.1,292.6,3218273,929601340.4,INE347G01014,11351,PETRONET LNG LIMITED,NEW,/home/suruchi-pandey/Projects/Bhavcopy-download-and-mail-code/2026/BhavCopy_NSE_CM_0_0_0_20260918_F_0000.csv
2026-09-18,PFC,EQ,345.0,347.1,342.55,342.55,11369930,3927782361.7,INE134E01011,14299,POWER FIN CORP LTD.,NEW,/home/suruchi-pandey/Projects/Bhavcopy-download-and-mail-code/2026/BhavCopy_NSE_CM_0_0_0_20260918_F_0000.csv
2026-09-18,PFIZER,EQ,4054.9,4054.9,3972.7,4002.4,42189,168808457.2,INE182A01018,2643,PFIZER LTD,NEW,/home/suruchi-pandey/Projects/Bhavcopy-download-and-mail-code/2026/BhavCopy_NSE_CM_0_0_0_20260918_F_0000.csv
2026-09-18,PFOCUS,EQ,335.0,347.25,334.9,344.35,5344944,1828499996.85,INE367G01038,13496,PRIME FOCUS LIMITED,NEW,/home/suruchi-pandey/Projects/Bhavcopy-download-and-mail-code/2026/BhavCopy_NSE_CM_0_0_0_20260918_F_0000.csv
2026-09-18,PFS,EQ,26.58,26.79,26.07,26.17,503737,13208015.65,INE560K01014,22602,PTC INDIA FIN SERV LTD,NEW,/home/suruchi-pandey/Projects/Bhavcopy-download-and-mail-code/2026/BhavCopy_NSE_CM_0_0_0_20260918_F_0000.csv
2026-09-18,PGEL,EQ,529.35,541.45,529.15,529.15,570498,304929097.7,INE457L01029,25358,PG ELECTROPLAST LTD,NEW,/home/suruchi-pandey/Projects/Bhavcopy-download-and-mail-code/2026/BhavCopy_NSE_CM_0_0_0_20260918_F_0000.csv
2026-09-18,PGHH,EQ,7673.5,7680.0,7432.0,7486.0,66505,502718987.5,INE179A01014,2535,P&G HYGIENE & HEALTH CARE,NEW,/home/suruchi-pandey/Projects/Bhavcopy-download-and-mail-code/2026/BhavCopy_NSE_CM_0_0_0_20260918_F_0000.csv
2026-09-18,PGHL,EQ,5455.0,5529.0,5434.0,5503.5,5754,31538048.0,INE199A01012,940,PROCTER & GAMBLE HEALTH L,NEW,/home/suruchi-pandey/Projects/Bhavcopy-download-and-mail-code/2026/BhavCopy_NSE_CM_0_0_0_20260918_F_0000.csv
2026-09-18,PGIL,EQ,1134.1,1157.2,1122.2,1146.1,101084,115762548.9,INE940H01022,14260,PEARL GLOBAL IND LIMITED,NEW,/home/suruchi-pandey/Projects/Bhavcopy-download-and-mail-code/2026/BhavCopy_NSE_CM_0_0_0_20260918_F_0000.csv
2026-09-18,PHARMABEES,EQ,27.88,27.88,27.36,27.5,3520516,96807586.82,INF204KC1089,4973,NIPPONAMC - NETFPHARMA,NEW,/home/suruchi-pandey/Projects/Bhavcopy-download-and-mail-code/2026/BhavCopy_NSE_CM_0_0_0_20260918_F_0000.csv
2026-09-18,PHOENIXLTD,EQ,1880.0,1923.2,1877.9,1877.9,421506,800180215.3,INE211B01039,14552,THE PHOENIX MILLS LTD,NEW,/home/suruchi-pandey/Projects/Bhavcopy-download-and-mail-code/2026/BhavCopy_NSE_CM_0_0_0_20260918_F_0000.csv
2026-09-18,PHOENXINTL,EQ,28.91,29.48,28.0,29.0,1414,40805.1,INE245B01011,2658,PHOENIX INTERNATIONAL LTD,NEW,/home/suruchi-pandey/Projects/Bhavcopy-download-and-mail-code/2026/BhavCopy_NSE_CM_0_0_0_20260918_F_0000.csv
2026-09-18,PICCADIL,EQ,600.55,606.9,585.95,589.4,174176,103332194.75,INE546C01010,757754,PICCADILY AGRO INDUSTRI L,NEW,/home/suruchi-pandey/Projects/Bhavcopy-download-and-mail-code/2026/BhavCopy_NSE_CM_0_0_0_20260918_F_0000.csv
2026-09-18,PIDILITIND,EQ,1559.9,1598.9,1559.9,1572.1,1142486,1811619190.7,INE318A01026,2664,PIDILITE INDUSTRIES LTD,NEW,/home/suruchi-pandey/Projects/Bhavcopy-download-and-mail-code/2026/BhavCopy_NSE_CM_0_0_0_20260918_F_0000.csv
2026-09-18,PIGL,EQ,99.76,102.77,99.11,99.49,20728,2073583.26,INE557Z01018,15716,POWER INSTRUMENT (G) LTD,NEW,/home/suruchi-pandey/Projects/Bhavcopy-download-and-mail-code/2026/BhavCopy_NSE_CM_0_0_0_20260918_F_0000.csv
2026-09-18,PIIND,EQ,2307.0,2366.8,2302.5,2366.8,558327,1309494875.7,INE603J01030,24184,PI INDUSTRIES LTD,NEW,/home/suruchi-pandey/Projects/Bhavcopy-download-and-mail-code/2026/BhavCopy_NSE_CM_0_0_0_20260918_F_0000.csv
2026-09-18,PILANIINVS,EQ,4086.0,4119.9,4050.0,4067.0,1314,5346964.9,INE417C01014,11445,PILANI INV & IND COR LTD,NEW,/home/suruchi-pandey/Projects/Bhavcopy-download-and-mail-code/2026/BhavCopy_NSE_CM_0_0_0_20260918_F_0000.csv
2026-09-18,PILITA,EQ,7.85,7.85,7.37,7.48,128245,959487.06,INE600A01035,30835,PIL ITALICA LIFESTYLE LTD,NEW,/home/suruchi-pandey/Projects/Bhavcopy-download-and-mail-code/2026/BhavCopy_NSE_CM_0_0_0_20260918_F_0000.csv
2026-09-18,PINELABS,EQ,185.0,198.65,183.16,192.04,66808323,12726171244.44,INE15B701018,759820,PINE LABS LIMITED,NEW,/home/suruchi-pandey/Projects/Bhavcopy-download-and-mail-code/2026/BhavCopy_NSE_CM_0_0_0_20260918_F_0000.csv
2026-09-18,PIONEEREMB,EQ,21.5,22.0,20.25,21.95,13799,297577.18,INE156C01018,13463,PIONEER EMBROIDERIES LTD,NEW,/home/suruchi-pandey/Projects/Bhavcopy-download-and-mail-code/2026/BhavCopy_NSE_CM_0_0_0_20260918_F_0000.csv
2026-09-18,PIRAMALFIN,EQ,2260.0,2324.5,2246.8,2300.2,529289,1209411374.8,INE202B01038,759551,PIRAMAL FINANCE LIMITED,NEW,/home/suruchi-pandey/Projects/Bhavcopy-download-and-mail-code/2026/BhavCopy_NSE_CM_0_0_0_20260918_F_0000.csv
2026-09-18,PITTIENG,EQ,1144.0,1178.8,1138.7,1146.1,157561,182072824.3,INE450D01021,14134,PITTI ENGINEERING LIMITED,NEW,/home/suruchi-pandey/Projects/Bhavcopy-download-and-mail-code/2026/BhavCopy_NSE_CM_0_0_0_20260918_F_0000.csv
2026-09-18,PIXTRANS,EQ,1724.6,1749.0,1723.1,1741.1,4141,7192634.7,INE751B01018,9087,PIX TRANSMISSIONS LIMITED,NEW,/home/suruchi-pandey/Projects/Bhavcopy-download-and-mail-code/2026/BhavCopy_NSE_CM_0_0_0_20260918_F_0000.csv
2026-09-18,PLASTIBLEN,EQ,187.5,187.92,185.75,186.63,5737,1072016.0,INE083C01022,13920,PLASTIBLENDS INDIA LTD,NEW,/home/suruchi-pandey/Projects/Bhavcopy-download-and-mail-code/2026/BhavCopy_NSE_CM_0_0_0_20260918_F_0000.csv
2026-09-18,PLATIND,EQ,211.13,215.5,210.24,214.05,53556,11380430.61,INE0PT501018,22930,PLATINUM INDUSTRIES LTD,NEW,/home/suruchi-pandey/Projects/Bhavcopy-download-and-mail-code/2026/BhavCopy_NSE_CM_0_0_0_20260918_F_0000.csv
2026-09-18,PLAZACABLE,EQ,62.2,63.0,61.0,61.06,75948,4654099.83,INE0INJ01017,19458,PLAZA WIRES LIMITED,NEW,/home/suruchi-pandey/Projects/Bhavcopy-download-and-mail-code/2026/BhavCopy_NSE_CM_0_0_0_20260918_F_0000.csv
2026-09-18,PML,EQ,494.95,498.95,491.0,496.15,41,20209.5,INE291E01019,762834,PAUL MERCHANTS LTD.,NEW,/home/suruchi-pandey/Projects/Bhavcopy-download-and-mail-code/2026/BhavCopy_NSE_CM_0_0_0_20260918_F_0000.csv
2026-09-18,PNB,EQ,117.0,117.5,116.5,117.27,16061334,1880931611.16,INE160A01022,10666,PUNJAB NATIONAL BANK,NEW,/home/suruchi-pandey/Projects/Bhavcopy-download-and-mail-code/2026/BhavCopy_NSE_CM_0_0_0_20260918_F_0000.csv
2026-09-18,PNBGILTS,EQ,79.3,80.0,77.96,79.18,317177,25023531.56,INE859A01011,8736,PNB GILTS LIMITED,NEW,/home/suruchi-pandey/Projects/Bhavcopy-download-and-mail-code/2026/BhavCopy_NSE_CM_0_0_0_20260918_F_0000.csv
2026-09-18,PNBHOUSING,EQ,1105.2,1138.3,1103.0,1133.1,1328599,1491949243.7,INE572E01012,18908,PNB HOUSING FIN LTD.,NEW,/home/suruchi-pandey/Projects/Bhavcopy-download-and-mail-code/2026/BhavCopy_NSE_CM_0_0_0_20260918_F_0000.csv
2026-09-18,PNC,EQ,16.02,17.89,16.02,16.86,122675,2106587.08,INE392B01011,9342,PNC MEDIA AND ENT LTD,NEW,/home/suruchi-pandey/Projects/Bhavcopy-download-and-mail-code/2026/BhavCopy_NSE_CM_0_0_0_20260918_F_0000.csv
2026-09-18,PNCINFRA,EQ,139.66,141.21,135.71,138.87,2445538,338592109.63,INE195J01029,9385,PNC INFRATECH LTD.,NEW,/home/suruchi-pandey/Projects/Bhavcopy-download-and-mail-code/2026/BhavCopy_NSE_CM_0_0_0_20260918_F_0000.csv
2026-09-18,PNGJL,EQ,606.9,610.0,596.75,604.75,323988,195728914.25,INE953R01016,25312,P N GADGIL JEWELLERS LTD,NEW,/home/suruchi-pandey/Projects/Bhavcopy-download-and-mail-code/2026/BhavCopy_NSE_CM_0_0_0_20260918_F_0000.csv
2026-09-18,PNGSREVA,EQ,491.8,507.05,491.1,495.75,49612,24606341.95,INE1RDG01013,760242,PNGS REVA DIAMOND JEWEL L,NEW,/home/suruchi-pandey/Projects/Bhavcopy-download-and-mail-code/2026/BhavCopy_NSE_CM_0_0_0_20260918_F_0000.csv
2026-09-18,POCL,EQ,470.0,476.0,461.1,469.95,298950,139805453.35,INE063E01061,14385,PONDY OXIDES & CHEM LTD,NEW,/home/suruchi-pandey/Projects/Bhavcopy-download-and-mail-code/2026/BhavCopy_NSE_CM_0_0_0_20260918_F_0000.csv
2026-09-18,PODDARMENT,EQ,270.6,284.4,270.6,284.15,1124,315710.25,INE371C01013,19036,PODDAR PIGMENTS LIMITED,NEW,/home/suruchi-pandey/Projects/Bhavcopy-download-and-mail-code/2026/BhavCopy_NSE_CM_0_0_0_20260918_F_0000.csv
2026-09-18,POEL,EQ,139.1,142.42,136.5,137.16,20393,2838628.04,INE035S01028,764845,P O C L ENTERPRISES LTD.,NEW,/home/suruchi-pandey/Projects/Bhavcopy-download-and-mail-code/2026/BhavCopy_NSE_CM_0_0_0_20260918_F_0000.csv
2026-09-18,POKARNA,EQ,742.0,760.0,740.0,746.85,86007,64356005.0,INE637C01025,17651,POKARNA LIMITED,NEW,/home/suruchi-pandey/Projects/Bhavcopy-download-and-mail-code/2026/BhavCopy_NSE_CM_0_0_0_20260918_F_0000.csv
2026-09-18,POLICYBZR,EQ,1770.0,1798.0,1743.0,1743.0,1368411,2425320838.1,INE417T01026,6656,PB FINTECH LIMITED,NEW,/home/suruchi-pandey/Projects/Bhavcopy-download-and-mail-code/2026/BhavCopy_NSE_CM_0_0_0_20260918_F_0000.csv
2026-09-18,POLYCAB,EQ,8256.0,8400.0,8235.0,8400.0,417221,3475854222.5,INE455K01017,9590,POLYCAB INDIA LIMITED,NEW,/home/suruchi-pandey/Projects/Bhavcopy-download-and-mail-code/2026/BhavCopy_NSE_CM_0_0_0_20260918_F_0000.csv
2026-09-18,POLYMED,EQ,1705.7,1748.0,1704.5,1726.0,150328,259479972.3,INE205C01021,25718,POLY MEDICURE LIMITED,NEW,/home/suruchi-pandey/Projects/Bhavcopy-download-and-mail-code/2026/BhavCopy_NSE_CM_0_0_0_20260918_F_0000.csv
2026-09-18,POLYPLEX,EQ,1091.5,1093.9,1071.2,1079.3,65825,71115370.5,INE633B01018,2687,POLYPLEX CORPORATION LTD,NEW,/home/suruchi-pandey/Projects/Bhavcopy-download-and-mail-code/2026/BhavCopy_NSE_CM_0_0_0_20260918_F_0000.csv
2026-09-18,POLYSPIN,EQ,28.25,29.65,28.25,29.6,1363,38910.39,INE914G01029,765150,POLYSPIN EXPORTS LTD.,NEW,/home/suruchi-pandey/Projects/Bhavcopy-download-and-mail-code/2026/BhavCopy_NSE_CM_0_0_0_20260918_F_0000.csv
2026-09-18,PONNIERODE,EQ,356.4,361.25,351.6,356.6,9320,3328542.45,INE838E01017,10661,PONNIE SUGARS (ERODE) LTD,NEW,/home/suruchi-pandey/Projects/Bhavcopy-download-and-mail-code/2026/BhavCopy_NSE_CM_0_0_0_20260918_F_0000.csv
2026-09-18,POONAWALLA,EQ,434.0,492.0,434.0,479.4,7163603,3355165095.25,INE511C01022,11403,POONAWALLA FINCORP LTD,NEW,/home/suruchi-pandey/Projects/Bhavcopy-download-and-mail-code/2026/BhavCopy_NSE_CM_0_0_0_20260918_F_0000.csv
2026-09-18,POWERGRID,EQ,264.6,270.3,263.4,270.3,17896733,4774837717.8,INE752E01010,14977,POWER GRID CORP. LTD.,NEW,/home/suruchi-pandey/Projects/Bhavcopy-download-and-mail-code/2026/BhavCopy_NSE_CM_0_0_0_20260918_F_0000.csv
2026-09-18,POWERICA,EQ,558.8,581.0,558.8,576.3,141360,81222329.8,INE921L01032,761680,POWERICA LIMITED,NEW,/home/suruchi-pandey/Projects/Bhavcopy-download-and-mail-code/2026/BhavCopy_NSE_CM_0_0_0_20260918_F_0000.csv
2026-09-18,POWERINDIA,EQ,31490.0,32700.0,31450.0,32700.0,125521,4026772205.0,INE07Y701011,18457,HITACHI ENERGY INDIA LTD,NEW,/home/suruchi-pandey/Projects/Bhavcopy-download-and-mail-code/2026/BhavCopy_NSE_CM_0_0_0_20260918_F_0000.csv
2026-09-18,POWERMECH,EQ,2345.2,2392.0,2336.6,2371.4,37848,89673387.8,INE211R01019,10473,POWER MECH PROJECTS LTD.,NEW,/home/suruchi-pandey/Projects/Bhavcopy-download-and-mail-code/2026/BhavCopy_NSE_CM_0_0_0_20260918_F_0000.csv
2026-09-18,PPLPHARMA,EQ,204.45,210.1,204.45,208.16,2926602,608876786.45,INE0DK501011,11571,PIRAMAL PHARMA LIMITED,NEW,/home/suruchi-pandey/Projects/Bhavcopy-download-and-mail-code/2026/BhavCopy_NSE_CM_0_0_0_20260918_F_0000.csv
2026-09-18,PRABHA,EQ,220.1,236.88,220.1,233.01,262939,60831279.41,INE0I0M01023,30134,PRABHA ENERGY LIMITED,NEW,/home/suruchi-pandey/Projects/Bhavcopy-download-and-mail-code/2026/BhavCopy_NSE_CM_0_0_0_20260918_F_0000.csv
2026-09-18,PRAENG,EQ,22.94,22.94,22.26,22.69,11386,259275.91,INE505C01016,13941,PRAJAY ENG. SYN. LTD.,NEW,/home/suruchi-pandey/Projects/Bhavcopy-download-and-mail-code/2026/BhavCopy_NSE_CM_0_0_0_20260918_F_0000.csv
2026-09-18,PRAJIND,EQ,317.1,320.0,314.15,316.05,412461,130399051.45,INE074A01025,2705,PRAJ INDUSTRIES LTD,NEW,/home/suruchi-pandey/Projects/Bhavcopy-download-and-mail-code/2026/BhavCopy_NSE_CM_0_0_0_20260918_F_0000.csv
2026-09-18,PRAKASH,EQ,117.6,119.49,116.93,118.51,371984,43940087.75,INE603A01013,2708,PRAKASH INDUSTRIES LTD,NEW,/home/suruchi-pandey/Projects/Bhavcopy-download-and-mail-code/2026/BhavCopy_NSE_CM_0_0_0_20260918_F_0000.csv
2026-09-18,PRAKASHSTL,EQ,3.78,3.84,3.5,3.65,85881,317958.92,INE696K01024,19599,PRAKASH STEELAGE LTD,NEW,/home/suruchi-pandey/Projects/Bhavcopy-download-and-mail-code/2026/BhavCopy_NSE_CM_0_0_0_20260918_F_0000.csv
2026-09-18,PRANAV,EQ,110.51,111.59,106.08,107.55,5313844,575614446.23,INE0H4201019,766000,PRANAV CONSTRUCTIONS LTD,NEW,/home/suruchi-pandey/Projects/Bhavcopy-download-and-mail-code/2026/BhavCopy_NSE_CM_0_0_0_20260918_F_0000.csv
2026-09-18,PRASOLCHEM,EQ,679.0,734.9,675.3,703.4,1150866,817300248.3,INE455U01024,766016,PRASOL CHEMICALS LIMITED,NEW,/home/suruchi-pandey/Projects/Bhavcopy-download-and-mail-code/2026/BhavCopy_NSE_CM_0_0_0_20260918_F_0000.csv
2026-09-18,PRAVEG,EQ,250.9,253.35,246.0,247.45,37176,9247483.35,INE722B01019,762844,PRAVEG LTD.,NEW,/home/suruchi-pandey/Projects/Bhavcopy-download-and-mail-code/2026/BhavCopy_NSE_CM_0_0_0_20260918_F_0000.csv
2026-09-18,PRAXIS,EQ,4.25,4.29,3.91,4.09,101700,416634.03,INE546Y01022,1204,PRAXIS HOME RETAIL LTD,NEW,/home/suruchi-pandey/Projects/Bhavcopy-download-and-mail-code/2026/BhavCopy_NSE_CM_0_0_0_20260918_F_0000.csv
2026-09-18,PRECAM,EQ,113.83,117.6,113.44,116.41,69491,8007903.1,INE484I01029,12603,PRECISION CAMSHAFTS LTD.,NEW,/home/suruchi-pandey/Projects/Bhavcopy-download-and-mail-code/2026/BhavCopy_NSE_CM_0_0_0_20260918_F_0000.csv
2026-09-18,PRECOT,EQ,654.9,693.8,654.55,659.65,1317,871446.95,INE283A01014,2711,PRECOT LIMITED,NEW,/home/suruchi-pandey/Projects/Bhavcopy-download-and-mail-code/2026/BhavCopy_NSE_CM_0_0_0_20260918_F_0000.csv
2026-09-18,PRECWIRE,EQ,450.0,488.9,448.55,478.4,1840592,880454666.7,INE372C01037,2717,PRECISION WIRES INDIA LTD,NEW,/home/suruchi-pandey/Projects/Bhavcopy-download-and-mail-code/2026/BhavCopy_NSE_CM_0_0_0_20260918_F_0000.csv
2026-09-18,PREMCO,EQ,397.9,404.0,396.25,400.1,209,83908.75,INE001E01012,762849,PREMCO GLOBAL LTD.,NEW,/home/suruchi-pandey/Projects/Bhavcopy-download-and-mail-code/2026/BhavCopy_NSE_CM_0_0_0_20260918_F_0000.csv
2026-09-18,PREMEXPLN,EQ,668.4,670.9,668.1,668.25,60147,40228314.7,INE863B01029,17397,PREMIER EXPLOSIVES LTD,NEW,/home/suruchi-pandey/Projects/Bhavcopy-download-and-mail-code/2026/BhavCopy_NSE_CM_0_0_0_20260918_F_0000.csv
2026-09-18,PREMIERENE,EQ,880.0,905.8,878.3,902.0,3106714,2781046065.0,INE0BS701011,25049,PREMIER ENERGIES LIMITED,NEW,/home/suruchi-pandey/Projects/Bhavcopy-download-and-mail-code/2026/BhavCopy_NSE_CM_0_0_0_20260918_F_0000.csv
2026-09-18,PREMIERPOL,EQ,82.55,84.9,80.05,81.43,131946,10789244.25,INE309M01020,3908,PREMIER POLYFILM LTD,NEW,/home/suruchi-pandey/Projects/Bhavcopy-download-and-mail-code/2026/BhavCopy_NSE_CM_0_0_0_20260918_F_0000.csv
2026-09-18,PRESTIGE,EQ,1447.0,1471.6,1435.1,1435.1,562624,818084803.1,INE811K01011,20302,PRESTIGE ESTATE LTD,NEW,/home/suruchi-pandey/Projects/Bhavcopy-download-and-mail-code/2026/BhavCopy_NSE_CM_0_0_0_20260918_F_0000.csv
2026-09-18,PRICOLLTD,EQ,752.5,778.0,752.05,767.5,280279,215636380.7,INE726V01018,19631,PRICOL LIMITED,NEW,/home/suruchi-pandey/Projects/Bhavcopy-download-and-mail-code/2026/BhavCopy_NSE_CM_0_0_0_20260918_F_0000.csv
2026-09-18,PRIMESECU,EQ,296.5,301.0,289.0,296.85,24904,7374135.05,INE032B01021,11864,PRIME SECURITIES LIMITED,NEW,/home/suruchi-pandey/Projects/Bhavcopy-download-and-mail-code/2026/BhavCopy_NSE_CM_0_0_0_20260918_F_0000.csv
2026-09-18,PRIMO,EQ,21.46,21.95,21.25,21.35,58854,1261076.68,INE607A01022,756925,PRIMO CHEMICALS LIMITED,NEW,/home/suruchi-pandey/Projects/Bhavcopy-download-and-mail-code/2026/BhavCopy_NSE_CM_0_0_0_20260918_F_0000.csv
2026-09-18,PRINCEPIPE,EQ,259.7,274.9,257.55,269.8,268881,71905867.15,INE689W01016,16045,PRINCE PIPES FITTINGS LTD,NEW,/home/suruchi-pandey/Projects/Bhavcopy-download-and-mail-code/2026/BhavCopy_NSE_CM_0_0_0_20260918_F_0000.csv
2026-09-18,PRISMX,EQ,0.55,0.56,0.53,0.55,63127,34636.84,INE286N01028,765155,PRISMX GLOBAL VENTURES L,NEW,/home/suruchi-pandey/Projects/Bhavcopy-download-and-mail-code/2026/BhavCopy_NSE_CM_0_0_0_20260918_F_0000.csv
2026-09-18,PRITI,EQ,34.49,34.49,33.0,33.43,3423,113708.04,INE974Z01015,8304,PRITI INTERNATIONAL LTD,NEW,/home/suruchi-pandey/Projects/Bhavcopy-download-and-mail-code/2026/BhavCopy_NSE_CM_0_0_0_20260918_F_0000.csv
2026-09-18,PRIVISCL,EQ,3474.0,3503.9,3435.4,3444.9,27058,93862056.1,INE959A01019,8825,PRIVI SPECIALITY CHE LTD,NEW,/home/suruchi-pandey/Projects/Bhavcopy-download-and-mail-code/2026/BhavCopy_NSE_CM_0_0_0_20260918_F_0000.csv
2026-09-18,PROSTARM,EQ,130.5,132.33,128.5,129.53,162723,21143977.41,INE0BX301013,758173,PROSTARM INFO SYSTEMS LTD,NEW,/home/suruchi-pandey/Projects/Bhavcopy-download-and-mail-code/2026/BhavCopy_NSE_CM_0_0_0_20260918_F_0000.csv
2026-09-18,PROTEAN,EQ,492.0,495.0,487.3,490.3,138117,67746692.75,INE004A01022,29472,PROTEAN EGOV TECHNO LTD,NEW,/home/suruchi-pandey/Projects/Bhavcopy-download-and-mail-code/2026/BhavCopy_NSE_CM_0_0_0_20260918_F_0000.csv
2026-09-18,PROZONER,EQ,53.59,53.98,52.1,53.17,159033,8412225.77,INE195N01013,28859,PROZONE REALTY LIMITED,NEW,/home/suruchi-pandey/Projects/Bhavcopy-download-and-mail-code/2026/BhavCopy_NSE_CM_0_0_0_20260918_F_0000.csv
2026-09-18,PRSMJOHNSN,EQ,113.44,118.48,113.18,117.05,685410,80012161.19,INE010A01011,2739,PRISM JOHNSON LIMITED,NEW,/home/suruchi-pandey/Projects/Bhavcopy-download-and-mail-code/2026/BhavCopy_NSE_CM_0_0_0_20260918_F_0000.csv
2026-09-18,PRUDENT,EQ,3309.7,3544.1,3309.7,3501.6,57792,201489082.6,INE00F201020,9553,PRUDENT CORP ADV SER LTD,NEW,/home/suruchi-pandey/Projects/Bhavcopy-download-and-mail-code/2026/BhavCopy_NSE_CM_0_0_0_20260918_F_0000.csv
2026-09-18,PSB,EQ,21.9,22.24,21.65,22.1,1335054,29298068.53,INE608A01012,21001,PUNJAB & SIND BANK,NEW,/home/suruchi-pandey/Projects/Bhavcopy-download-and-mail-code/2026/BhavCopy_NSE_CM_0_0_0_20260918_F_0000.csv
2026-09-18,PSPPROJECT,EQ,819.2,820.0,799.0,810.1,59163,47834750.9,INE488V01015,20877,PSP PROJECTS LIMITED,NEW,/home/suruchi-pandey/Projects/Bhavcopy-download-and-mail-code/2026/BhavCopy_NSE_CM_0_0_0_20260918_F_0000.csv
2026-09-18,PSUBANK,EQ,82.9,83.49,82.61,83.0,73566,6097205.33,INF174KA1A86,15061,KOTAK PSU BANK,NEW,/home/suruchi-pandey/Projects/Bhavcopy-download-and-mail-code/2026/BhavCopy_NSE_CM_0_0_0_20260918_F_0000.csv
2026-09-18,PSUBANKADD,EQ,83.39,84.44,83.39,84.28,13145,1105320.77,INF740KA1SY9,17616,DSPAMC - DSPPSBKETF,NEW,/home/suruchi-pandey/Projects/Bhavcopy-download-and-mail-code/2026/BhavCopy_NSE_CM_0_0_0_20260918_F_0000.csv
2026-09-18,PSUBNKBEES,EQ,93.3,93.3,92.25,92.65,675075,62438933.46,INF204KB16I7,15032,NIP IND ETF PSU BANK BEES,NEW,/home/suruchi-pandey/Projects/Bhavcopy-download-and-mail-code/2026/BhavCopy_NSE_CM_0_0_0_20260918_F_0000.csv
2026-09-18,PSUBNKIETF,EQ,84.0,84.69,83.75,84.34,111967,9431301.01,INF109KC10S8,14584,ICICIPRAMC - PSUBANKICI,NEW,/home/suruchi-pandey/Projects/Bhavcopy-download-and-mail-code/2026/BhavCopy_NSE_CM_0_0_0_20260918_F_0000.csv
2026-09-18,PTC,EQ,156.45,157.0,153.8,156.23,1628957,252837352.32,INE877F01012,11355,PTC INDIA LIMITED,NEW,/home/suruchi-pandey/Projects/Bhavcopy-download-and-mail-code/2026/BhavCopy_NSE_CM_0_0_0_20260918_F_0000.csv
2026-09-18,PTCIL,EQ,22835.0,23395.0,22700.0,22805.0,28545,657903055.0,INE596F01018,16682,PTC INDUSTRIES LIMITED,NEW,/home/suruchi-pandey/Projects/Bhavcopy-download-and-mail-code/2026/BhavCopy_NSE_CM_0_0_0_20260918_F_0000.csv
2026-09-18,PTL,EQ,38.49,38.75,38.1,38.33,49373,1891065.35,INE034D01049,14101,PTL ENTERPRISES LTD,NEW,/home/suruchi-pandey/Projects/Bhavcopy-download-and-mail-code/2026/BhavCopy_NSE_CM_0_0_0_20260918_F_0000.csv
2026-09-18,PUNJABCHEM,EQ,1063.4,1090.9,1058.0,1075.7,8955,9615754.4,INE277B01014,4344,PUNJAB CHEM & CROP PROT L,NEW,/home/suruchi-pandey/Projects/Bhavcopy-download-and-mail-code/2026/BhavCopy_NSE_CM_0_0_0_20260918_F_0000.csv
2026-09-18,PURVA,EQ,218.85,219.32,211.21,213.43,298969,64248003.16,INE323I01011,14922,PURAVANKARA LIMITED,NEW,/home/suruchi-pandey/Projects/Bhavcopy-download-and-mail-code/2026/BhavCopy_NSE_CM_0_0_0_20260918_F_0000.csv
2026-09-18,PVP,EQ,58.2,59.8,57.7,59.28,618141,36382349.46,INE362A01016,4010,PVP VENTURES LIMITED,NEW,/home/suruchi-pandey/Projects/Bhavcopy-download-and-mail-code/2026/BhavCopy_NSE_CM_0_0_0_20260918_F_0000.csv
2026-09-18,PVRINOX,EQ,1277.5,1339.8,1270.0,1324.7,1050636,1378059704.9,INE191H01014,13147,PVR INOX LIMITED,NEW,/home/suruchi-pandey/Projects/Bhavcopy-download-and-mail-code/2026/BhavCopy_NSE_CM_0_0_0_20260918_F_0000.csv
2026-09-18,PVSL,EQ,99.5,105.79,98.0,98.77,24445,2431064.9,INE772T01024,23142,POPULAR VEHICLES N SER L,NEW,/home/suruchi-pandey/Projects/Bhavcopy-download-and-mail-code/2026/BhavCopy_NSE_CM_0_0_0_20260918_F_0000.csv
2026-09-18,PVTBANIETF,EQ,27.58,27.83,27.55,27.7,2501679,69091207.21,INF109KC18U7,11386,ICICIPRAMC - ICICIBANKP,NEW,/home/suruchi-pandey/Projects/Bhavcopy-download-and-mail-code/2026/BhavCopy_NSE_CM_0_0_0_20260918_F_0000.csv
2026-09-18,PVTBANK,EQ,27.3,27.43,27.3,27.32,2060,56289.63,INF174KA1A94,764195,KOTAKMAMC - PVTBANK,NEW,/home/suruchi-pandey/Projects/Bhavcopy-download-and-mail-code/2026/BhavCopy_NSE_CM_0_0_0_20260918_F_0000.csv
2026-09-18,PVTBANKADD,EQ,27.73,27.99,27.68,27.86,106460,2956640.23,INF740KA1TA7,17576,DSPAMC - DSPPVBKETF,NEW,/home/suruchi-pandey/Projects/Bhavcopy-download-and-mail-code/2026/BhavCopy_NSE_CM_0_0_0_20260918_F_0000.csv
2026-09-18,PVTBKGROWW,EQ,27.11,27.7,27.11,27.7,4283,117212.4,INF666M01OT5,763572,GROWWAMC - PVTBKGROWW,NEW,/home/suruchi-pandey/Projects/Bhavcopy-download-and-mail-code/2026/BhavCopy_NSE_CM_0_0_0_20260918_F_0000.csv
2026-09-18,PWL,EQ,128.0,137.5,128.0,136.6,20005965,2696352892.08,INE0LP301011,759723,PHYSICSWALLAH LIMITED,NEW,/home/suruchi-pandey/Projects/Bhavcopy-download-and-mail-code/2026/BhavCopy_NSE_CM_0_0_0_20260918_F_0000.csv
2026-09-18,PYRAMID,EQ,155.69,157.0,153.64,154.49,17225,2673430.63,INE0MIS01010,18250,PYRAMID TECHNOPLAST LTD,NEW,/home/suruchi-pandey/Projects/Bhavcopy-download-and-mail-code/2026/BhavCopy_NSE_CM_0_0_0_20260918_F_0000.csv
2026-09-18,QGOLDHALF,EQ,125.99,127.18,125.75,126.67,110831,14009309.51,INF082J01408,15330,QUANTUM GOLD ETF,NEW,/home/suruchi-pandey/Projects/Bhavcopy-download-and-mail-code/2026/BhavCopy_NSE_CM_0_0_0_20260918_F_0000.csv
2026-09-18,QNIFTY,EQ,259.9,259.9,255.0,257.62,1691,434953.95,INF082J01499,16819,QUANTUM NIFTY 50 ETF,NEW,/home/suruchi-pandey/Projects/Bhavcopy-download-and-mail-code/2026/BhavCopy_NSE_CM_0_0_0_20260918_F_0000.csv
2026-09-18,QPOWER,EQ,1498.0,1544.0,1489.9,1536.1,298373,453755958.0,INE0SII01026,29711,QUALITY POWER ELEC EQUP L,NEW,/home/suruchi-pandey/Projects/Bhavcopy-download-and-mail-code/2026/BhavCopy_NSE_CM_0_0_0_20260918_F_0000.csv
2026-09-18,QUADFUTURE,EQ,519.7,554.4,516.2,528.2,1647848,886266342.3,INE0LRY01011,29087,QUADRANT FUTURE TEK LTD,NEW,/home/suruchi-pandey/Projects/Bhavcopy-download-and-mail-code/2026/BhavCopy_NSE_CM_0_0_0_20260918_F_0000.csv
2026-09-18,QUAL30IETF,EQ,20.33,20.79,20.3,20.35,136727,2779984.39,INF109KC18V5,17808,ICICIPRAMC - ICICIQTY30,NEW,/home/suruchi-pandey/Projects/Bhavcopy-download-and-mail-code/2026/BhavCopy_NSE_CM_0_0_0_20260918_F_0000.csv
2026-09-18,QUALITY30,EQ,20.01,20.04,19.91,19.92,11801,235971.26,INF174KA1WT6,757946,KOTAKMAMC - QUALITY30,NEW,/home/suruchi-pandey/Projects/Bhavcopy-download-and-mail-code/2026/BhavCopy_NSE_CM_0_0_0_20260918_F_0000.csv
2026-09-18,QUESS,EQ,355.0,355.1,345.1,351.65,799867,280533807.05,INE615P01015,17704,QUESS CORP LIMITED,NEW,/home/suruchi-pandey/Projects/Bhavcopy-download-and-mail-code/2026/BhavCopy_NSE_CM_0_0_0_20260918_F_0000.csv
2026-09-18,QUICKHEAL,EQ,153.98,158.89,151.2,152.46,136800,21138467.67,INE306L01010,13116,QUICK HEAL TECH LTD,NEW,/home/suruchi-pandey/Projects/Bhavcopy-download-and-mail-code/2026/BhavCopy_NSE_CM_0_0_0_20260918_F_0000.csv
2026-09-18,QUINT,EQ,67.52,70.02,58.56,70.02,668824,46136335.14,INE641R01017,762854,QUINT DIGITAL LTD.,NEW,/home/suruchi-pandey/Projects/Bhavcopy-download-and-mail-code/2026/BhavCopy_NSE_CM_0_0_0_20260918_F_0000.csv
2026-09-18,RACE,EQ,96.92,97.42,96.66,96.8,11689,1134358.83,INE084Q01012,15391,RACE ECO CHAIN LIMITED,NEW,/home/suruchi-pandey/Projects/Bhavcopy-download-and-mail-code/2026/BhavCopy_NSE_CM_0_0_0_20260918_F_0000.csv
2026-09-18,RACLGEAR,EQ,1844.0,1844.0,1750.0,1760.9,49043,87709515.6,INE704B01017,27171,RACL GEARTECH LIMITED,NEW,/home/suruchi-pandey/Projects/Bhavcopy-download-and-mail-code/2026/BhavCopy_NSE_CM_0_0_0_20260918_F_0000.csv
2026-09-18,RADAAN,EQ,2.9,2.9,2.75,2.8,12431,34824.57,INE874F01027,10932,RADAAN MEDIAWORKS (I) LTD,NEW,/home/suruchi-pandey/Projects/Bhavcopy-download-and-mail-code/2026/BhavCopy_NSE_CM_0_0_0_20260918_F_0000.csv
2026-09-18,RADIANTCMS,EQ,36.0,36.69,35.26,35.42,252590,9050372.58,INE855R01021,13580,RADIANT CASH MGMT SER LTD,NEW,/home/suruchi-pandey/Projects/Bhavcopy-download-and-mail-code/2026/BhavCopy_NSE_CM_0_0_0_20260918_F_0000.csv
2026-09-18,RADICO,EQ,4381.0,4535.4,4381.0,4535.4,371544,1668131281.9,INE944F01028,10990,RADICO KHAITAN LTD,NEW,/home/suruchi-pandey/Projects/Bhavcopy-download-and-mail-code/2026/BhavCopy_NSE_CM_0_0_0_20260918_F_0000.csv
2026-09-18,RADIOCITY,EQ,6.2,6.2,6.0,6.01,16349,98472.51,INE919I01024,19877,MUSIC BROADCAST LIMITED,NEW,/home/suruchi-pandey/Projects/Bhavcopy-download-and-mail-code/2026/BhavCopy_NSE_CM_0_0_0_20260918_F_0000.csv
2026-09-18,RAILTEL,EQ,260.5,266.9,258.3,265.0,631938,166211809.15,INE0DD101019,2431,RAILTEL CORP OF IND LTD,NEW,/home/suruchi-pandey/Projects/Bhavcopy-download-and-mail-code/2026/BhavCopy_NSE_CM_0_0_0_20260918_F_0000.csv
2026-09-18,RAIN,EQ,203.0,209.0,202.41,206.92,2370944,490799203.82,INE855B01025,15337,RAIN INDUSTRIES LIMITED,NEW,/home/suruchi-pandey/Projects/Bhavcopy-download-and-mail-code/2026/BhavCopy_NSE_CM_0_0_0_20260918_F_0000.csv
2026-09-18,RAINBOW,EQ,1473.4,1494.9,1447.4,1454.7,99805,146241294.0,INE961O01016,9408,RAINBOW CHILDRENS MED LTD,NEW,/home/suruchi-pandey/Projects/Bhavcopy-download-and-mail-code/2026/BhavCopy_NSE_CM_0_0_0_20260918_F_0000.csv
2026-09-18,RAJMET,EQ,3.15,3.16,3.09,3.15,227668,712805.06,INE00KV01022,2168,RAJNANDINI METAL LIMITED,NEW,/home/suruchi-pandey/Projects/Bhavcopy-download-and-mail-code/2026/BhavCopy_NSE_CM_0_0_0_20260918_F_0000.csv
2026-09-18,RAJPALAYAM,EQ,787.7,798.85,765.2,790.65,350,275950.4,INE296E01026,762859,RAJAPALAYAM MILLS LTD.,NEW,/home/suruchi-pandey/Projects/Bhavcopy-download-and-mail-code/2026/BhavCopy_NSE_CM_0_0_0_20260918_F_0000.csv
2026-09-18,RAJRATAN,EQ,440.3,461.25,440.3,452.6,152140,69045391.9,INE451D01029,18962,RAJRATAN GLOBAL WIRE LTD,NEW,/home/suruchi-pandey/Projects/Bhavcopy-download-and-mail-code/2026/BhavCopy_NSE_CM_0_0_0_20260918_F_0000.csv
2026-09-18,RAJSREESUG,EQ,31.99,32.24,31.4,31.87,21536,682729.22,INE562B01019,2809,RAJSHREE SUGAR & CHEMICAL,NEW,/home/suruchi-pandey/Projects/Bhavcopy-download-and-mail-code/2026/BhavCopy_NSE_CM_0_0_0_20260918_F_0000.csv
2026-09-18,RAJTV,EQ,8.73,8.78,8.4,8.6,26834,233565.74,INE952H01027,14403,RAJ TV NETWORK LTD,NEW,/home/suruchi-pandey/Projects/Bhavcopy-download-and-mail-code/2026/BhavCopy_NSE_CM_0_0_0_20260918_F_0000.csv
2026-09-18,RALLIS,EQ,204.0,204.74,202.0,203.8,510589,103825154.11,INE613A01020,2816,RALLIS INDIA LTD,NEW,/home/suruchi-pandey/Projects/Bhavcopy-download-and-mail-code/2026/BhavCopy_NSE_CM_0_0_0_20260918_F_0000.csv
2026-09-18,RAMANEWS,EQ,30.4,31.9,30.4,31.33,27396,851562.56,INE278B01020,13565,SHREE RAMA NEWSPRINT LTD,NEW,/home/suruchi-pandey/Projects/Bhavcopy-download-and-mail-code/2026/BhavCopy_NSE_CM_0_0_0_20260918_F_0000.csv
2026-09-18,RAMAPHO,EQ,116.7,121.88,116.7,120.87,11362,1368052.35,INE809A01032,10568,RAMA PHOSPHATES LIMITED,NEW,/home/suruchi-pandey/Projects/Bhavcopy-download-and-mail-code/2026/BhavCopy_NSE_CM_0_0_0_20260918_F_0000.csv
2026-09-18,RAMBHAJO,EQ,272.18,292.78,265.01,290.85,1439325,409549554.39,INE1SJO01012,762227,ADVIT JEWELS LIMITED,NEW,/home/suruchi-pandey/Projects/Bhavcopy-download-and-mail-code/2026/BhavCopy_NSE_CM_0_0_0_20260918_F_0000.csv
2026-09-18,RAMCOCEM,EQ,857.5,881.95,857.5,869.75,212951,185648243.1,INE331A01037,2043,THE RAMCO CEMENTS LIMITED,NEW,/home/suruchi-pandey/Projects/Bhavcopy-download-and-mail-code/2026/BhavCopy_NSE_CM_0_0_0_20260918_F_0000.csv
2026-09-18,RAMCOIND,EQ,320.9,334.8,316.0,332.1,174010,56657226.75,INE614A01028,4587,RAMCO INDUSTRIES LIMITED,NEW,/home/suruchi-pandey/Projects/Bhavcopy-download-and-mail-code/2026/BhavCopy_NSE_CM_0_0_0_20260918_F_0000.csv
2026-09-18,RAMCOSYS,EQ,563.0,570.0,557.0,567.25,51781,29231690.15,INE246B01019,7851,RAMCO SYSTEMS LTD.,NEW,/home/suruchi-pandey/Projects/Bhavcopy-download-and-mail-code/2026/BhavCopy_NSE_CM_0_0_0_20260918_F_0000.csv
2026-09-18,RAMKY,EQ,319.4,324.8,317.0,319.35,46321,14830996.75,INE874I01013,20134,RAMKY INFRA LTD,NEW,/home/suruchi-pandey/Projects/Bhavcopy-download-and-mail-code/2026/BhavCopy_NSE_CM_0_0_0_20260918_F_0000.csv
2026-09-18,RAMRAT,EQ,561.0,564.8,552.65,554.75,145032,80849850.4,INE207E01023,10485,RAM RATNA WIRES LIMITED,NEW,/home/suruchi-pandey/Projects/Bhavcopy-download-and-mail-code/2026/BhavCopy_NSE_CM_0_0_0_20260918_F_0000.csv
2026-09-18,RANASUG,EQ,14.61,14.74,14.26,14.43,403187,5836213.69,INE625B01014,2837,RANA SUGARS LTD.,NEW,/home/suruchi-pandey/Projects/Bhavcopy-download-and-mail-code/2026/BhavCopy_NSE_CM_0_0_0_20260918_F_0000.csv
2026-09-18,RANEHOLDIN,EQ,1618.9,1620.0,1530.9,1598.4,45929,72665495.1,INE384A01010,2844,RANE HOLDINGS LIMITED,NEW,/home/suruchi-pandey/Projects/Bhavcopy-download-and-mail-code/2026/BhavCopy_NSE_CM_0_0_0_20260918_F_0000.csv
2026-09-18,RATEGAIN,EQ,865.8,873.85,850.1,858.4,539083,463121688.7,INE0CLI01024,7177,RATEGAIN TRAVEL TECHN LTD,NEW,/home/suruchi-pandey/Projects/Bhavcopy-download-and-mail-code/2026/BhavCopy_NSE_CM_0_0_0_20260918_F_0000.csv
2026-09-18,RATNAMANI,EQ,2702.6,2897.4,2701.6,2859.1,64084,180362020.8,INE703B01027,13451,RATNAMANI MET & TUB LTD.,NEW,/home/suruchi-pandey/Projects/Bhavcopy-download-and-mail-code/2026/BhavCopy_NSE_CM_0_0_0_20260918_F_0000.csv
2026-09-18,RATNAVEER,EQ,305.75,331.95,297.8,299.25,9860141,3067080345.0,INE05CZ01011,18423,RATNAVEER PRECISION ENG L,NEW,/home/suruchi-pandey/Projects/Bhavcopy-download-and-mail-code/2026/BhavCopy_NSE_CM_0_0_0_20260918_F_0000.csv
2026-09-18,RAYMOND,EQ,982.0,1008.65,970.0,978.0,2069600,2049480803.6,INE301A01014,2859,RAYMOND LTD,NEW,/home/suruchi-pandey/Projects/Bhavcopy-download-and-mail-code/2026/BhavCopy_NSE_CM_0_0_0_20260918_F_0000.csv
2026-09-18,RAYMONDLSL,EQ,659.9,665.95,645.05,648.35,123035,80436196.8,INE02ID01020,25073,RAYMOND LIFESTYLE LIMITED,NEW,/home/suruchi-pandey/Projects/Bhavcopy-download-and-mail-code/2026/BhavCopy_NSE_CM_0_0_0_20260918_F_0000.csv
2026-09-18,RAYMONDREL,EQ,587.0,602.35,584.8,588.3,381357,226357542.05,INE1SY401010,758551,RAYMOND REALTY LIMITED,NEW,/home/suruchi-pandey/Projects/Bhavcopy-download-and-mail-code/2026/BhavCopy_NSE_CM_0_0_0_20260918_F_0000.csv
2026-09-18,RBA,EQ,96.29,96.49,94.0,95.12,9653090,917725593.44,INE07T201019,1494,RESTAURANT BRAND ASIA LTD,NEW,/home/suruchi-pandey/Projects/Bhavcopy-download-and-mail-code/2026/BhavCopy_NSE_CM_0_0_0_20260918_F_0000.csv
2026-09-18,RBLBANK,EQ,406.15,415.9,405.0,415.9,3792806,1557295512.75,INE976G01028,18391,RBL BANK LIMITED,NEW,/home/suruchi-pandey/Projects/Bhavcopy-download-and-mail-code/2026/BhavCopy_NSE_CM_0_0_0_20260918_F_0000.csv
2026-09-18,RCF,EQ,109.9,110.28,107.6,109.08,961339,104360164.37,INE027A01015,2866,RASHTRIYA CHEMICALS & FER,NEW,/home/suruchi-pandey/Projects/Bhavcopy-download-and-mail-code/2026/BhavCopy_NSE_CM_0_0_0_20260918_F_0000.csv
2026-09-18,RECLTD,EQ,311.0,313.4,309.05,312.0,4686436,1460489170.25,INE020B01018,15355,REC LIMITED,NEW,/home/suruchi-pandey/Projects/Bhavcopy-download-and-mail-code/2026/BhavCopy_NSE_CM_0_0_0_20260918_F_0000.csv
2026-09-18,REDINGTON,EQ,405.0,413.2,396.25,399.85,10809796,4354392145.05,INE891D01026,14255,REDINGTON LIMITED,NEW,/home/suruchi-pandey/Projects/Bhavcopy-download-and-mail-code/2026/BhavCopy_NSE_CM_0_0_0_20260918_F_0000.csv
2026-09-18,REDTAPE,EQ,118.65,119.49,115.91,117.35,428381,50216970.54,INE0LXT01019,17859,REDTAPE LIMITED,NEW,/home/suruchi-pandey/Projects/Bhavcopy-download-and-mail-code/2026/BhavCopy_NSE_CM_0_0_0_20260918_F_0000.csv
2026-09-18,REFEX,EQ,270.0,277.6,269.95,271.85,220185,60148756.45,INE056I01025,17764,REFEX INDUSTRIES LIMITED,NEW,/home/suruchi-pandey/Projects/Bhavcopy-download-and-mail-code/2026/BhavCopy_NSE_CM_0_0_0_20260918_F_0000.csv
2026-09-18,REGAAL,EQ,79.9,86.16,79.89,84.03,391644,32066114.06,INE0MHO01029,758680,REGAAL RESOURCES LIMITED,NEW,/home/suruchi-pandey/Projects/Bhavcopy-download-and-mail-code/2026/BhavCopy_NSE_CM_0_0_0_20260918_F_0000.csv
2026-09-18,REGENCERAM,EQ,34.7,34.7,32.0,32.55,3522,117424.97,INE277C01012,4130,REGENCY CERAMICS LTD.,NEW,/home/suruchi-pandey/Projects/Bhavcopy-download-and-mail-code/2026/BhavCopy_NSE_CM_0_0_0_20260918_F_0000.csv
2026-09-18,RELAXO,EQ,314.25,315.0,289.25,291.25,2052973,603339982.4,INE131B01039,24225,RELAXO FOOT LTD.,NEW,/home/suruchi-pandey/Projects/Bhavcopy-download-and-mail-code/2026/BhavCopy_NSE_CM_0_0_0_20260918_F_0000.csv
2026-09-18,RELCHEMQ,EQ,120.0,123.8,116.0,119.7,4528,538333.42,INE750D01016,9652,RELIANCE CHEMOTEX IND LTD,NEW,/home/suruchi-pandey/Projects/Bhavcopy-download-and-mail-code/2026/BhavCopy_NSE_CM_0_0_0_20260918_F_0000.csv
2026-09-18,RELIABLE,EQ,137.44,142.0,135.61,140.2,7570,1047415.78,INE375Y01018,24378,RELIABLE DATA SERVICE LTD,NEW,/home/suruchi-pandey/Projects/Bhavcopy-download-and-mail-code/2026/BhavCopy_NSE_CM_0_0_0_20260918_F_0000.csv
2026-09-18,RELIANCE,EQ,1245.0,1247.3,1226.4,1226.4,15122715,18672832117.4,INE002A01018,2885,RELIANCE INDUSTRIES LTD,NEW,/home/suruchi-pandey/Projects/Bhavcopy-download-and-mail-code/2026/BhavCopy_NSE_CM_0_0_0_20260918_F_0000.csv
2026-09-18,RELIGARE,EQ,250.7,255.0,247.91,253.02,365894,92256836.84,INE621H01010,15068,RELIGARE ENTER. LTD.,NEW,/home/suruchi-pandey/Projects/Bhavcopy-download-and-mail-code/2026/BhavCopy_NSE_CM_0_0_0_20260918_F_0000.csv
2026-09-18,RELTD,EQ,148.0,148.92,144.91,147.59,88630,13037065.73,INE206N01018,24596,RAVINDRA ENERGY LIMITED,NEW,/home/suruchi-pandey/Projects/Bhavcopy-download-and-mail-code/2026/BhavCopy_NSE_CM_0_0_0_20260918_F_0000.csv
2026-09-18,REMSONSIND,EQ,95.06,103.0,94.81,98.66,290021,28835074.9,INE474C01023,3965,REMSONS INDUSTRIES LTD,NEW,/home/suruchi-pandey/Projects/Bhavcopy-download-and-mail-code/2026/BhavCopy_NSE_CM_0_0_0_20260918_F_0000.csv
2026-09-18,RENTOMOJO,EQ,570.0,581.95,492.1,512.75,35242382,18775412235.1,INE08T701025,766077,RENTOMOJO LIMITED,NEW,/home/suruchi-pandey/Projects/Bhavcopy-download-and-mail-code/2026/BhavCopy_NSE_CM_0_0_0_20260918_F_0000.csv
2026-09-18,RENUKA,EQ,22.85,23.32,22.35,23.06,10903563,247683513.4,INE087H01022,12026,SHREE RENUKA SUGARS LTD,NEW,/home/suruchi-pandey/Projects/Bhavcopy-download-and-mail-code/2026/BhavCopy_NSE_CM_0_0_0_20260918_F_0000.csv
2026-09-18,REPCOHOME,EQ,348.9,356.9,345.1,354.5,65528,23055432.55,INE612J01015,29598,REPCO HOME FINANCE LTD,NEW,/home/suruchi-pandey/Projects/Bhavcopy-download-and-mail-code/2026/BhavCopy_NSE_CM_0_0_0_20260918_F_0000.csv
2026-09-18,REPRO,EQ,297.05,307.5,296.0,305.25,5649,1695273.45,INE461B01014,13126,REPRO INDIA LIMITED,NEW,/home/suruchi-pandey/Projects/Bhavcopy-download-and-mail-code/2026/BhavCopy_NSE_CM_0_0_0_20260918_F_0000.csv
2026-09-18,RESPONIND,EQ,159.08,160.93,157.0,159.18,195728,31207706.15,INE688D01026,20323,RESPONSIVE INDUSTRIES LTD,NEW,/home/suruchi-pandey/Projects/Bhavcopy-download-and-mail-code/2026/BhavCopy_NSE_CM_0_0_0_20260918_F_0000.csv
2026-09-18,RETAIL,EQ,16.66,18.38,16.66,17.69,18976,333611.34,INE03DD01011,24145,JHS SVENDGAARD RETAIL V L,NEW,/home/suruchi-pandey/Projects/Bhavcopy-download-and-mail-code/2026/BhavCopy_NSE_CM_0_0_0_20260918_F_0000.csv
2026-09-18,RGL,EQ,155.7,158.6,152.3,153.4,352268,54565287.82,INE722H01024,15129,RENAISSANCE GLOBAL LTD,NEW,/home/suruchi-pandey/Projects/Bhavcopy-download-and-mail-code/2026/BhavCopy_NSE_CM_0_0_0_20260918_F_0000.csv
2026-09-18,RHETAN,EQ,19.57,19.57,19.57,19.57,614120,12018328.4,INE0KKN01029,759062,RHETAN TMT LIMITED,NEW,/home/suruchi-pandey/Projects/Bhavcopy-download-and-mail-code/2026/BhavCopy_NSE_CM_0_0_0_20260918_F_0000.csv
2026-09-18,RHIM,EQ,365.95,371.5,365.0,368.7,154535,56940840.55,INE743M01012,31163,RHI MAGNESITA INDIA LTD,NEW,/home/suruchi-pandey/Projects/Bhavcopy-download-and-mail-code/2026/BhavCopy_NSE_CM_0_0_0_20260918_F_0000.csv
2026-09-18,RHL,EQ,178.5,182.75,169.02,179.55,8021,1431097.01,INE508K01013,15157,ROBUST HOTELS LIMITED,NEW,/home/suruchi-pandey/Projects/Bhavcopy-download-and-mail-code/2026/BhavCopy_NSE_CM_0_0_0_20260918_F_0000.csv
2026-09-18,RICOAUTO,EQ,128.04,131.19,127.02,130.58,724126,94021520.67,INE209B01025,2909,RICO AUTO INDUSTRIES LTD,NEW,/home/suruchi-pandey/Projects/Bhavcopy-download-and-mail-code/2026/BhavCopy_NSE_CM_0_0_0_20260918_F_0000.csv
2026-09-18,RIIL,EQ,703.0,709.0,700.05,703.15,22641,15928884.35,INE046A01015,2912,RELIANCE INDUSTRIAL INFRA,NEW,/home/suruchi-pandey/Projects/Bhavcopy-download-and-mail-code/2026/BhavCopy_NSE_CM_0_0_0_20260918_F_0000.csv
2026-09-18,RIR,EQ,203.0,213.94,196.2,198.93,14823429,3054092785.45,INE302D01024,764121,RIR POWER ELECTRONICS L,NEW,/home/suruchi-pandey/Projects/Bhavcopy-download-and-mail-code/2026/BhavCopy_NSE_CM_0_0_0_20260918_F_0000.csv
2026-09-18,RISHABH,EQ,778.35,783.8,759.55,764.7,72318,55820145.0,INE0N2P01017,18417,RISHABH INSTRUMENTS LTD,NEW,/home/suruchi-pandey/Projects/Bhavcopy-download-and-mail-code/2026/BhavCopy_NSE_CM_0_0_0_20260918_F_0000.csv
2026-09-18,RITCO,EQ,300.0,300.0,289.65,291.45,43385,12683913.85,INE01EG01016,8944,RITCO LOGISTICS LIMITED,NEW,/home/suruchi-pandey/Projects/Bhavcopy-download-and-mail-code/2026/BhavCopy_NSE_CM_0_0_0_20260918_F_0000.csv
2026-09-18,RITES,EQ,205.5,211.2,204.3,207.23,523244,108174782.15,INE320J01015,3761,RITES LIMITED,NEW,/home/suruchi-pandey/Projects/Bhavcopy-download-and-mail-code/2026/BhavCopy_NSE_CM_0_0_0_20260918_F_0000.csv
2026-09-18,RKDL,EQ,18.21,18.7,18.21,18.49,14459,268149.4,INE722J01012,20950,RAVI KUMAR DIST. LTD.,NEW,/home/suruchi-pandey/Projects/Bhavcopy-download-and-mail-code/2026/BhavCopy_NSE_CM_0_0_0_20260918_F_0000.csv
2026-09-18,RKEC,EQ,18.53,18.99,18.03,18.13,36623,672723.69,INE786W01010,1547,RKEC PROJECTS LIMITED,NEW,/home/suruchi-pandey/Projects/Bhavcopy-download-and-mail-code/2026/BhavCopy_NSE_CM_0_0_0_20260918_F_0000.csv
2026-09-18,RKFORGE,EQ,709.0,728.0,705.45,724.1,469398,339015476.65,INE399G01023,11411,RAMKRISHNA FORGINGS LTD,NEW,/home/suruchi-pandey/Projects/Bhavcopy-download-and-mail-code/2026/BhavCopy_NSE_CM_0_0_0_20260918_F_0000.csv
2026-09-18,RKSWAMY,EQ,90.25,90.69,88.21,89.4,15782,1410881.94,INE0NQ801033,23043,R K SWAMY LIMITED,NEW,/home/suruchi-pandey/Projects/Bhavcopy-download-and-mail-code/2026/BhavCopy_NSE_CM_0_0_0_20260918_F_0000.csv
2026-09-18,RMC,EQ,232.29,234.21,223.21,228.18,36568,8348538.36,INE655V01019,762346,RMC SWITCHGEARS LIMITED,NEW,/home/suruchi-pandey/Projects/Bhavcopy-download-and-mail-code/2026/BhavCopy_NSE_CM_0_0_0_20260918_F_0000.csv
2026-09-18,RML,EQ,1281.8,1340.0,1248.2,1324.5,89211,115631087.4,INE050H01012,11975,RANE (MADRAS) LIMITED,NEW,/home/suruchi-pandey/Projects/Bhavcopy-download-and-mail-code/2026/BhavCopy_NSE_CM_0_0_0_20260918_F_0000.csv
2026-09-18,ROHLTD,EQ,303.4,308.15,298.0,304.9,14584,4428815.5,INE283H01019,13182,ROYAL ORCHID HOTELS LTD,NEW,/home/suruchi-pandey/Projects/Bhavcopy-download-and-mail-code/2026/BhavCopy_NSE_CM_0_0_0_20260918_F_0000.csv
2026-09-18,ROLEXRINGS,EQ,170.86,172.99,169.02,172.08,832907,142620559.1,INE645S01024,5279,ROLEX RINGS LIMITED,NEW,/home/suruchi-pandey/Projects/Bhavcopy-download-and-mail-code/2026/BhavCopy_NSE_CM_0_0_0_20260918_F_0000.csv
2026-09-18,ROML,EQ,41.0,42.23,41.0,41.35,1373,56619.36,INE294G01026,359,RAJ OIL MILLS LIMITED,NEW,/home/suruchi-pandey/Projects/Bhavcopy-download-and-mail-code/2026/BhavCopy_NSE_CM_0_0_0_20260918_F_0000.csv
2026-09-18,ROSSARI,EQ,445.0,445.0,434.55,437.95,57950,25367780.0,INE02A801020,19410,ROSSARI BIOTECH LIMITED,NEW,/home/suruchi-pandey/Projects/Bhavcopy-download-and-mail-code/2026/BhavCopy_NSE_CM_0_0_0_20260918_F_0000.csv
2026-09-18,ROSSELLIND,EQ,54.38,55.65,50.43,52.64,144635,7611064.21,INE847C01020,28913,ROSSELL INDIA LIMITED,NEW,/home/suruchi-pandey/Projects/Bhavcopy-download-and-mail-code/2026/BhavCopy_NSE_CM_0_0_0_20260918_F_0000.csv
2026-09-18,ROSSTECH,EQ,1370.0,1464.9,1350.0,1374.3,911139,1285705602.3,INE0OJW01016,27353,ROSSELL TECHSYS LIMITED,NEW,/home/suruchi-pandey/Projects/Bhavcopy-download-and-mail-code/2026/BhavCopy_NSE_CM_0_0_0_20260918_F_0000.csv
2026-09-18,ROTO,EQ,63.45,65.6,62.37,62.68,207373,13097244.43,INE535D01037,9049,ROTO PUMPS LIMITED,NEW,/home/suruchi-pandey/Projects/Bhavcopy-download-and-mail-code/2026/BhavCopy_NSE_CM_0_0_0_20260918_F_0000.csv
2026-09-18,ROUTE,EQ,490.3,490.7,457.6,464.4,1118251,523664284.1,INE450U01017,128,ROUTE MOBILE LIMITED,NEW,/home/suruchi-pandey/Projects/Bhavcopy-download-and-mail-code/2026/BhavCopy_NSE_CM_0_0_0_20260918_F_0000.csv
2026-09-18,RPEL,EQ,1646.1,1678.6,1615.1,1652.4,80692,132803501.0,INE912T01018,24735,RAGHAV PRODUCTIVITY ENH L,NEW,/home/suruchi-pandey/Projects/Bhavcopy-download-and-mail-code/2026/BhavCopy_NSE_CM_0_0_0_20260918_F_0000.csv
2026-09-18,RPGLIFE,EQ,2824.5,2882.9,2742.2,2802.4,17373,48729138.2,INE105J01010,16725,RPG LIFE SCIENCES LTD,NEW,/home/suruchi-pandey/Projects/Bhavcopy-download-and-mail-code/2026/BhavCopy_NSE_CM_0_0_0_20260918_F_0000.csv
2026-09-18,RPOWER,EQ,21.05,21.32,20.9,21.13,21881312,462232543.0,INE614G01033,15259,RELIANCE POWER LTD.,NEW,/home/suruchi-pandey/Projects/Bhavcopy-download-and-mail-code/2026/BhavCopy_NSE_CM_0_0_0_20260918_F_0000.csv
2026-09-18,RPPINFRA,EQ,54.48,54.99,53.45,53.81,44911,2423689.47,INE324L01013,20760,R.P.P INFRA PROJECTS LTD,NEW,/home/suruchi-pandey/Projects/Bhavcopy-download-and-mail-code/2026/BhavCopy_NSE_CM_0_0_0_20260918_F_0000.csv
2026-09-18,RPSGVENT,EQ,839.95,854.95,832.75,843.45,24246,20446743.0,INE425Y01011,8119,RPSG VENTURES LIMITED,NEW,/home/suruchi-pandey/Projects/Bhavcopy-download-and-mail-code/2026/BhavCopy_NSE_CM_0_0_0_20260918_F_0000.csv
2026-09-18,RPTECH,EQ,806.8,817.0,790.25,798.05,162620,130378675.0,INE0J1F01024,22670,RASHI PERIPHERALS LIMITED,NEW,/home/suruchi-pandey/Projects/Bhavcopy-download-and-mail-code/2026/BhavCopy_NSE_CM_0_0_0_20260918_F_0000.csv
2026-09-18,RRECL,EQ,130.01,147.0,130.0,138.89,1174,160961.95,INE0AK901016,764850,RDB REAL ESTATE CONS L,NEW,/home/suruchi-pandey/Projects/Bhavcopy-download-and-mail-code/2026/BhavCopy_NSE_CM_0_0_0_20260918_F_0000.csv
2026-09-18,RRIL,EQ,16.04,16.28,15.36,15.55,36153,562380.8,INE951M01037,762864,R R I L LTD.,NEW,/home/suruchi-pandey/Projects/Bhavcopy-download-and-mail-code/2026/BhavCopy_NSE_CM_0_0_0_20260918_F_0000.csv
2026-09-18,RRKABEL,EQ,2390.0,2457.0,2382.6,2450.8,373286,908345004.9,INE777K01022,18566,R R KABEL LIMITED,NEW,/home/suruchi-pandey/Projects/Bhavcopy-download-and-mail-code/2026/BhavCopy_NSE_CM_0_0_0_20260918_F_0000.csv
2026-09-18,RSL,EQ,183.33,185.34,178.75,181.21,149175,27145161.46,INE313L01016,761439,RAJPUTANA STAINLESS LTD,NEW,/home/suruchi-pandey/Projects/Bhavcopy-download-and-mail-code/2026/BhavCopy_NSE_CM_0_0_0_20260918_F_0000.csv
2026-09-18,RSSOFTWARE,EQ,29.7,30.69,29.7,30.26,5384,162775.28,INE165B01029,6429,R. S. SOFTWARE (INDIA) LI,NEW,/home/suruchi-pandey/Projects/Bhavcopy-download-and-mail-code/2026/BhavCopy_NSE_CM_0_0_0_20260918_F_0000.csv
2026-09-18,RSYSTEMS,EQ,246.4,247.0,241.47,242.15,107484,26162710.83,INE411H01032,13414,R SYS INTERNATIONAL LTD,NEW,/home/suruchi-pandey/Projects/Bhavcopy-download-and-mail-code/2026/BhavCopy_NSE_CM_0_0_0_20260918_F_0000.csv
2026-09-18,RTNINDIA,EQ,26.4,26.75,26.33,26.54,1216905,32241147.61,INE834M01019,27297,RATTANINDIA ENT LIMITED,NEW,/home/suruchi-pandey/Projects/Bhavcopy-download-and-mail-code/2026/BhavCopy_NSE_CM_0_0_0_20260918_F_0000.csv
2026-09-18,RTNPOWER,EQ,7.06,7.19,7.01,7.14,19172063,136000389.94,INE399K01017,17520,RATTANINDIA POWER LIMITED,NEW,/home/suruchi-pandey/Projects/Bhavcopy-download-and-mail-code/2026/BhavCopy_NSE_CM_0_0_0_20260918_F_0000.csv
2026-09-18,RTSPOWR,EQ,89.95,89.95,85.05,87.28,1654,144002.03,INE005C01017,764855,R T S POWER CORPN. LTD.,NEW,/home/suruchi-pandey/Projects/Bhavcopy-download-and-mail-code/2026/BhavCopy_NSE_CM_0_0_0_20260918_F_0000.csv
2026-09-18,RUBFILA,EQ,65.77,68.3,65.01,67.36,53768,3581104.3,INE642C01025,24730,RUBFILA INTERNATIONAL LTD,NEW,/home/suruchi-pandey/Projects/Bhavcopy-download-and-mail-code/2026/BhavCopy_NSE_CM_0_0_0_20260918_F_0000.csv
2026-09-18,RUBICON,EQ,1778.9,1827.5,1736.2,1751.1,470413,836292823.6,INE506V01022,759316,RUBICON RESEARCH LIMITED,NEW,/home/suruchi-pandey/Projects/Bhavcopy-download-and-mail-code/2026/BhavCopy_NSE_CM_0_0_0_20260918_F_0000.csv
2026-09-18,RUBYMILLS,EQ,458.1,479.0,438.1,467.1,40821,18408060.15,INE301D01026,2939,THE RUBY MILLS LTD,NEW,/home/suruchi-pandey/Projects/Bhavcopy-download-and-mail-code/2026/BhavCopy_NSE_CM_0_0_0_20260918_F_0000.csv
2026-09-18,RUCHINFRA,EQ,5.27,5.27,5.1,5.2,58791,303360.97,INE413B01023,4566,RUCHI INFRASTRUCTURE LTD,NEW,/home/suruchi-pandey/Projects/Bhavcopy-download-and-mail-code/2026/BhavCopy_NSE_CM_0_0_0_20260918_F_0000.csv
2026-09-18,RUCHIRA,EQ,108.9,109.44,108.0,108.84,25087,2728379.16,INE803H01014,13821,RUCHIRA PAPERS LIMITED,NEW,/home/suruchi-pandey/Projects/Bhavcopy-download-and-mail-code/2026/BhavCopy_NSE_CM_0_0_0_20260918_F_0000.csv
2026-09-18,RUDRA,EQ,20.9,21.0,20.0,20.68,180289,3706580.45,INE027T01023,760392,RUDRA GLOBAL INFRA PROD L,NEW,/home/suruchi-pandey/Projects/Bhavcopy-download-and-mail-code/2026/BhavCopy_NSE_CM_0_0_0_20260918_F_0000.csv
2026-09-18,RUPA,EQ,134.36,138.0,133.72,137.16,129316,17498321.8,INE895B01021,25724,RUPA & COMPANY LTD,NEW,/home/suruchi-pandey/Projects/Bhavcopy-download-and-mail-code/2026/BhavCopy_NSE_CM_0_0_0_20260918_F_0000.csv
2026-09-18,RUSHIL,EQ,15.83,18.3,15.35,17.26,1882573,32071591.93,INE573K01025,24595,RUSHIL DECOR LIMITED,NEW,/home/suruchi-pandey/Projects/Bhavcopy-download-and-mail-code/2026/BhavCopy_NSE_CM_0_0_0_20260918_F_0000.csv
2026-09-18,RUSTOMJEE,EQ,343.0,356.2,341.7,353.75,78181,27553913.9,INE263M01029,12219,KEYSTONE REALTORS LIMITED,NEW,/home/suruchi-pandey/Projects/Bhavcopy-download-and-mail-code/2026/BhavCopy_NSE_CM_0_0_0_20260918_F_0000.csv
2026-09-18,RVHL,EQ,39.66,40.37,38.31,39.48,1514,59601.4,INE09E501017,1565,RAVINDER HEIGHTS LIMITED,NEW,/home/suruchi-pandey/Projects/Bhavcopy-download-and-mail-code/2026/BhavCopy_NSE_CM_0_0_0_20260918_F_0000.csv
2026-09-18,RVNL,EQ,201.8,214.29,200.78,214.29,9469057,1967516274.43,INE415G01027,9552,RAIL VIKAS NIGAM LIMITED,NEW,/home/suruchi-pandey/Projects/Bhavcopy-download-and-mail-code/2026/BhavCopy_NSE_CM_0_0_0_20260918_F_0000.csv
2026-09-18,RVTH,EQ,670.05,724.9,670.0,697.3,995,703709.25,INE0DAB01012,25157,REVATHI EQUIPMENT INDIA L,NEW,/home/suruchi-pandey/Projects/Bhavcopy-download-and-mail-code/2026/BhavCopy_NSE_CM_0_0_0_20260918_F_0000.csv
2026-09-18,S&SPOWER,EQ,325.35,334.6,318.0,319.0,2414,786707.35,INE902B01017,2951,S&S POWER SWITCHGEARS LTD,NEW,/home/suruchi-pandey/Projects/Bhavcopy-download-and-mail-code/2026/BhavCopy_NSE_CM_0_0_0_20260918_F_0000.csv
2026-09-18,SAATVIKGL,EQ,404.05,413.55,400.0,411.8,95137,38600230.2,INE13B501022,759057,SAATVIK GREEN ENERGY LTD,NEW,/home/suruchi-pandey/Projects/Bhavcopy-download-and-mail-code/2026/BhavCopy_NSE_CM_0_0_0_20260918_F_0000.csv
2026-09-18,SAB,EQ,174.15,174.15,174.15,174.15,29,5050.35,INE137M01017,764860,S A B INDUSTRIES LTD.,NEW,/home/suruchi-pandey/Projects/Bhavcopy-download-and-mail-code/2026/BhavCopy_NSE_CM_0_0_0_20260918_F_0000.csv
2026-09-18,SADBHAV,EQ,7.61,7.89,7.57,7.73,118102,908382.44,INE226H01026,13236,SADBHAV ENGINEERING LTD,NEW,/home/suruchi-pandey/Projects/Bhavcopy-download-and-mail-code/2026/BhavCopy_NSE_CM_0_0_0_20260918_F_0000.csv
2026-09-18,SADBHIN,EQ,2.5,2.58,2.45,2.54,75422,190927.67,INE764L01010,10618,SADBHAV INFRA PROJ LTD.,NEW,/home/suruchi-pandey/Projects/Bhavcopy-download-and-mail-code/2026/BhavCopy_NSE_CM_0_0_0_20260918_F_0000.csv
2026-09-18,SAFARI,EQ,1506.6,1525.6,1465.0,1501.0,111608,166347151.4,INE429E01023,13035,SAFARI IND (INDIA) LTD,NEW,/home/suruchi-pandey/Projects/Bhavcopy-download-and-mail-code/2026/BhavCopy_NSE_CM_0_0_0_20260918_F_0000.csv
2026-09-18,SAGARDEEP,EQ,23.51,24.49,23.51,23.62,2092,50704.24,INE976T01013,8175,SAGARDEEP ALLOYS LIMITED,NEW,/home/suruchi-pandey/Projects/Bhavcopy-download-and-mail-code/2026/BhavCopy_NSE_CM_0_0_0_20260918_F_0000.csv
2026-09-18,SAGCEM,EQ,149.59,154.18,149.59,151.79,55093,8378977.86,INE229C01021,14068,SAGAR CEMENTS LIMITED,NEW,/home/suruchi-pandey/Projects/Bhavcopy-download-and-mail-code/2026/BhavCopy_NSE_CM_0_0_0_20260918_F_0000.csv
2026-09-18,SAGILITY,EQ,44.59,46.23,44.59,45.66,17450697,799649000.78,INE0W2G01015,27052,SAGILITY LIMITED,NEW,/home/suruchi-pandey/Projects/Bhavcopy-download-and-mail-code/2026/BhavCopy_NSE_CM_0_0_0_20260918_F_0000.csv
2026-09-18,SAHLIBHFI,EQ,76.4,79.7,75.0,76.56,17392,1350190.33,INE861D01011,761688,SHALIBHADRA FINANCE LTD,NEW,/home/suruchi-pandey/Projects/Bhavcopy-download-and-mail-code/2026/BhavCopy_NSE_CM_0_0_0_20260918_F_0000.csv
2026-09-18,SAHYADRI,EQ,366.6,369.05,360.45,365.35,3344,1220073.15,INE280H01015,14900,SAHYADRI INDUSTRIES LTD,NEW,/home/suruchi-pandey/Projects/Bhavcopy-download-and-mail-code/2026/BhavCopy_NSE_CM_0_0_0_20260918_F_0000.csv
2026-09-18,SAICAPI,EQ,155.8,158.4,154.4,158.4,140,21979.57,INE531X01018,764865,SAI CAPITAL LTD.,NEW,/home/suruchi-pandey/Projects/Bhavcopy-download-and-mail-code/2026/BhavCopy_NSE_CM_0_0_0_20260918_F_0000.csv
2026-09-18,SAIL,EQ,176.5,179.8,176.03,177.33,11881802,2113150071.06,INE114A01011,2963,STEEL AUTHORITY OF INDIA,NEW,/home/suruchi-pandey/Projects/Bhavcopy-download-and-mail-code/2026/BhavCopy_NSE_CM_0_0_0_20260918_F_0000.csv
2026-09-18,SAILIFE,EQ,1553.4,1613.9,1550.3,1600.5,867960,1375447610.1,INE570L01029,27839,SAI LIFE SCIENCES LIMITED,NEW,/home/suruchi-pandey/Projects/Bhavcopy-download-and-mail-code/2026/BhavCopy_NSE_CM_0_0_0_20260918_F_0000.csv
2026-09-18,SAIPARENT,EQ,514.2,520.0,510.0,510.75,34306,17631017.35,INE0H9F01037,761675,SAI PARENTERALS LIMITED,NEW,/home/suruchi-pandey/Projects/Bhavcopy-download-and-mail-code/2026/BhavCopy_NSE_CM_0_0_0_20260918_F_0000.csv
2026-09-18,SAKAR,EQ,1148.0,1190.5,1148.0,1179.8,147455,173657207.75,INE732S01012,9539,SAKAR HEALTHCARE LIMITED,NEW,/home/suruchi-pandey/Projects/Bhavcopy-download-and-mail-code/2026/BhavCopy_NSE_CM_0_0_0_20260918_F_0000.csv
2026-09-18,SAKHTISUG,EQ,18.5,18.89,17.84,18.37,134585,2477646.42,INE623A01011,2969,SAKTHI SUGARS LTD,NEW,/home/suruchi-pandey/Projects/Bhavcopy-download-and-mail-code/2026/BhavCopy_NSE_CM_0_0_0_20260918_F_0000.csv
2026-09-18,SAKSOFT,EQ,143.1,143.65,140.2,141.14,197325,27901864.22,INE667G01023,11794,SAKSOFT LIMITED,NEW,/home/suruchi-pandey/Projects/Bhavcopy-download-and-mail-code/2026/BhavCopy_NSE_CM_0_0_0_20260918_F_0000.csv
2026-09-18,SAKUMA,EQ,1.56,1.57,1.5,1.51,991276,1518753.26,INE190H01024,13251,SAKUMA EXPORTS LIMITED,NEW,/home/suruchi-pandey/Projects/Bhavcopy-download-and-mail-code/2026/BhavCopy_NSE_CM_0_0_0_20260918_F_0000.csv
2026-09-18,SALASAR,EQ,4.89,4.95,4.85,4.89,2915338,14255356.54,INE170V01027,21362,SALASAR TECHNO ENGG. LTD.,NEW,/home/suruchi-pandey/Projects/Bhavcopy-download-and-mail-code/2026/BhavCopy_NSE_CM_0_0_0_20260918_F_0000.csv
2026-09-18,SALONA,EQ,266.05,269.0,255.0,263.4,1102,286664.6,INE498E01010,17351,SALONA COTSPIN LTD.,NEW,/home/suruchi-pandey/Projects/Bhavcopy-download-and-mail-code/2026/BhavCopy_NSE_CM_0_0_0_20260918_F_0000.csv
2026-09-18,SALSTEEL,EQ,80.01,82.26,80.01,82.26,251942,20572638.08,INE658G01014,11634,S.A.L. STEEL LTD.,NEW,/home/suruchi-pandey/Projects/Bhavcopy-download-and-mail-code/2026/BhavCopy_NSE_CM_0_0_0_20260918_F_0000.csv
2026-09-18,SALZERELEC,EQ,551.95,558.45,543.1,550.45,37733,20756963.15,INE457F01013,11399,SALZER ELECTRONICS LTD,NEW,/home/suruchi-pandey/Projects/Bhavcopy-download-and-mail-code/2026/BhavCopy_NSE_CM_0_0_0_20260918_F_0000.csv
2026-09-18,SAMBANDAM,EQ,101.5,106.0,100.0,100.0,1107,113153.5,INE304D01012,764870,SAMBANDAM SPINNING MILL L,NEW,/home/suruchi-pandey/Projects/Bhavcopy-download-and-mail-code/2026/BhavCopy_NSE_CM_0_0_0_20260918_F_0000.csv
2026-09-18,SAMBHAAV,EQ,6.13,6.13,5.72,6.09,46601,278875.91,INE699B01027,4127,SAMBHAAV MEDIA LTD,NEW,/home/suruchi-pandey/Projects/Bhavcopy-download-and-mail-code/2026/BhavCopy_NSE_CM_0_0_0_20260918_F_0000.csv
2026-09-18,SAMBHV,EQ,129.08,150.99,129.08,147.57,28285913,4085233547.63,INE12NJ01018,757767,SAMBHV STEEL TUBES LTD,NEW,/home/suruchi-pandey/Projects/Bhavcopy-download-and-mail-code/2026/BhavCopy_NSE_CM_0_0_0_20260918_F_0000.csv
2026-09-18,SAMHI,EQ,157.0,163.5,157.0,161.98,928386,149663804.69,INE08U801020,18614,SAMHI HOTELS LIMITED,NEW,/home/suruchi-pandey/Projects/Bhavcopy-download-and-mail-code/2026/BhavCopy_NSE_CM_0_0_0_20260918_F_0000.csv
2026-09-18,SAMMAANCAP,EQ,142.5,144.5,142.4,143.92,3658484,525505593.08,INE148I01020,30125,SAMMAAN CAPITAL LIMITED,NEW,/home/suruchi-pandey/Projects/Bhavcopy-download-and-mail-code/2026/BhavCopy_NSE_CM_0_0_0_20260918_F_0000.csv
2026-09-18,SAMPANN,EQ,24.32,25.38,23.9,24.67,30068,733162.65,INE735M01018,27303,SAMPANN UTPADAN INDIA LTD,NEW,/home/suruchi-pandey/Projects/Bhavcopy-download-and-mail-code/2026/BhavCopy_NSE_CM_0_0_0_20260918_F_0000.csv
2026-09-18,SANATHAN,EQ,468.95,489.0,467.5,480.85,107246,51534627.45,INE0JPD01013,28805,SANATHAN TEXTILES LIMITED,NEW,/home/suruchi-pandey/Projects/Bhavcopy-download-and-mail-code/2026/BhavCopy_NSE_CM_0_0_0_20260918_F_0000.csv
2026-09-18,SANDESH,EQ,1042.6,1042.6,1020.4,1025.8,106,109487.2,INE583B01015,2988,SANDESH LTD,NEW,/home/suruchi-pandey/Projects/Bhavcopy-download-and-mail-code/2026/BhavCopy_NSE_CM_0_0_0_20260918_F_0000.csv
2026-09-18,SANDHAR,EQ,594.7,607.5,590.15,601.25,100399,60268032.75,INE278H01035,2397,SANDHAR TECHNOLOGIES LTD,NEW,/home/suruchi-pandey/Projects/Bhavcopy-download-and-mail-code/2026/BhavCopy_NSE_CM_0_0_0_20260918_F_0000.csv
2026-09-18,SANDUMA,EQ,183.2,186.25,183.0,185.4,462946,85489007.58,INE149K01016,18359,SANDUR MANG & IRON ORES L,NEW,/home/suruchi-pandey/Projects/Bhavcopy-download-and-mail-code/2026/BhavCopy_NSE_CM_0_0_0_20260918_F_0000.csv
2026-09-18,SANGAMIND,EQ,581.3,584.95,573.85,580.0,9168,5308294.55,INE495C01010,4184,SANGAM (INDIA) LTD,NEW,/home/suruchi-pandey/Projects/Bhavcopy-download-and-mail-code/2026/BhavCopy_NSE_CM_0_0_0_20260918_F_0000.csv
2026-09-18,SANGHVIMOV,EQ,419.65,434.0,412.05,430.7,254315,108316479.6,INE989A01032,14058,SANGHVI MOVERS LTD,NEW,/home/suruchi-pandey/Projects/Bhavcopy-download-and-mail-code/2026/BhavCopy_NSE_CM_0_0_0_20260918_F_0000.csv
2026-09-18,SANOFI,EQ,3093.3,3115.0,3080.0,3087.4,12855,39757014.0,INE058A01010,1442,SANOFI INDIA LIMITED,NEW,/home/suruchi-pandey/Projects/Bhavcopy-download-and-mail-code/2026/BhavCopy_NSE_CM_0_0_0_20260918_F_0000.csv
2026-09-18,SANOFICONR,EQ,3999.0,4078.0,3992.0,4033.4,4359,17561348.9,INE0UOS01011,25222,SANOFI CONS HEALTHC IND L,NEW,/home/suruchi-pandey/Projects/Bhavcopy-download-and-mail-code/2026/BhavCopy_NSE_CM_0_0_0_20260918_F_0000.csv
2026-09-18,SANSERA,EQ,4042.0,4300.0,4017.5,4259.9,287946,1213353881.4,INE953O01021,5751,SANSERA ENGINEERING LTD,NEW,/home/suruchi-pandey/Projects/Bhavcopy-download-and-mail-code/2026/BhavCopy_NSE_CM_0_0_0_20260918_F_0000.csv
2026-09-18,SANSTAR,EQ,115.55,117.0,115.0,115.7,168121,19494988.35,INE08NE01025,24582,SANSTAR LIMITED,NEW,/home/suruchi-pandey/Projects/Bhavcopy-download-and-mail-code/2026/BhavCopy_NSE_CM_0_0_0_20260918_F_0000.csv
2026-09-18,SAPPHIRE,EQ,233.29,236.25,228.0,230.11,997329,230710884.58,INE806T01020,6718,SAPPHIRE FOODS INDIA LTD,NEW,/home/suruchi-pandey/Projects/Bhavcopy-download-and-mail-code/2026/BhavCopy_NSE_CM_0_0_0_20260918_F_0000.csv
2026-09-18,SAPPL,EQ,285.0,289.9,265.3,276.15,1212,330344.3,INE185C01017,762874,SHREE AJIT PULP & PAPER L,NEW,/home/suruchi-pandey/Projects/Bhavcopy-download-and-mail-code/2026/BhavCopy_NSE_CM_0_0_0_20260918_F_0000.csv
2026-09-18,SARDAEN,EQ,510.0,513.6,503.0,505.95,328485,166613499.95,INE385C01021,17758,SARDA ENERGY & MIN LTD,NEW,/home/suruchi-pandey/Projects/Bhavcopy-download-and-mail-code/2026/BhavCopy_NSE_CM_0_0_0_20260918_F_0000.csv
2026-09-18,SAREGAMA,EQ,489.25,506.6,489.25,499.9,387575,194299190.25,INE979A01025,4892,SAREGAMA INDIA LIMITED,NEW,/home/suruchi-pandey/Projects/Bhavcopy-download-and-mail-code/2026/BhavCopy_NSE_CM_0_0_0_20260918_F_0000.csv
2026-09-18,SARLAPOLY,EQ,97.36,98.25,96.47,97.48,23691,2305518.61,INE453D01025,14043,SARLA PERF. FIBERS LTD,NEW,/home/suruchi-pandey/Projects/Bhavcopy-download-and-mail-code/2026/BhavCopy_NSE_CM_0_0_0_20260918_F_0000.csv
2026-09-18,SARVESHWAR,EQ,3.73,3.79,3.67,3.74,983863,3654107.83,INE324X01026,12913,SARVESHWAR FOODS LIMITED,NEW,/home/suruchi-pandey/Projects/Bhavcopy-download-and-mail-code/2026/BhavCopy_NSE_CM_0_0_0_20260918_F_0000.csv
2026-09-18,SASKEN,EQ,1704.4,1746.9,1701.1,1719.6,12687,21903066.3,INE231F01020,11983,SASKEN TECHNOLOGIES LTD,NEW,/home/suruchi-pandey/Projects/Bhavcopy-download-and-mail-code/2026/BhavCopy_NSE_CM_0_0_0_20260918_F_0000.csv
2026-09-18,SATIA,EQ,67.41,68.98,66.5,68.46,108564,7351005.47,INE170E01023,11045,SATIA INDUSTRIES LIMITED,NEW,/home/suruchi-pandey/Projects/Bhavcopy-download-and-mail-code/2026/BhavCopy_NSE_CM_0_0_0_20260918_F_0000.csv
2026-09-18,SATIN,EQ,218.47,221.0,217.37,219.32,162662,35699747.94,INE836B01017,10453,SATIN CREDIT NET LTD,NEW,/home/suruchi-pandey/Projects/Bhavcopy-download-and-mail-code/2026/BhavCopy_NSE_CM_0_0_0_20260918_F_0000.csv
2026-09-18,SAURASHCEM,EQ,51.91,53.99,51.8,53.51,57241,3050929.32,INE626A01014,3018,SAURASHTRA CEMENT LIMITED,NEW,/home/suruchi-pandey/Projects/Bhavcopy-download-and-mail-code/2026/BhavCopy_NSE_CM_0_0_0_20260918_F_0000.csv
2026-09-18,SAYAJIHOTL,EQ,314.1,319.0,314.1,319.0,52,16338.1,INE318C01014,762879,SAYAJI HOTELS LTD.,NEW,/home/suruchi-pandey/Projects/Bhavcopy-download-and-mail-code/2026/BhavCopy_NSE_CM_0_0_0_20260918_F_0000.csv
2026-09-18,SAYAJIIND,EQ,108.1,116.75,108.0,115.0,510,55871.5,INE327G01032,764875,SAYAJI INDUSTRIES LTD.,NEW,/home/suruchi-pandey/Projects/Bhavcopy-download-and-mail-code/2026/BhavCopy_NSE_CM_0_0_0_20260918_F_0000.csv
2026-09-18,SBC,EQ,48.45,49.8,48.32,49.24,15020726,736985089.07,INE04AK01028,6792,SBC EXPORTS LIMITED,NEW,/home/suruchi-pandey/Projects/Bhavcopy-download-and-mail-code/2026/BhavCopy_NSE_CM_0_0_0_20260918_F_0000.csv
2026-09-18,SBCL,EQ,1091.8,1109.8,1084.1,1096.2,106816,117135887.0,INE386D01027,4656,SHIVALIK BIMETAL CON. LTD,NEW,/home/suruchi-pandey/Projects/Bhavcopy-download-and-mail-code/2026/BhavCopy_NSE_CM_0_0_0_20260918_F_0000.csv
2026-09-18,SBFC,EQ,93.58,94.19,91.89,92.36,1954335,181160641.22,INE423Y01016,18026,SBFC FINANCE LIMITED,NEW,/home/suruchi-pandey/Projects/Bhavcopy-download-and-mail-code/2026/BhavCopy_NSE_CM_0_0_0_20260918_F_0000.csv
2026-09-18,SBGLP,EQ,26.52,26.59,21.33,22.23,587657,13979933.18,INE05ST01028,14139,SURATWWALA BUS GROUP LTD,NEW,/home/suruchi-pandey/Projects/Bhavcopy-download-and-mail-code/2026/BhavCopy_NSE_CM_0_0_0_20260918_F_0000.csv
2026-09-18,SBIBPB,EQ,47.5,48.49,47.5,48.21,61295,2950415.03,INF200KB1712,30290,SBIAMC - SBIBPB,NEW,/home/suruchi-pandey/Projects/Bhavcopy-download-and-mail-code/2026/BhavCopy_NSE_CM_0_0_0_20260918_F_0000.csv
2026-09-18,SBICARD,EQ,635.95,651.15,630.7,651.15,3242132,2073695340.7,INE018E01016,17971,SBI CARDS & PAY SER LTD,NEW,/home/suruchi-pandey/Projects/Bhavcopy-download-and-mail-code/2026/BhavCopy_NSE_CM_0_0_0_20260918_F_0000.csv
2026-09-18,SBIETFCON,EQ,119.77,119.77,118.18,118.45,2418,286505.01,INF200KA1X17,5168,SBIAMC - SBIETFCON,NEW,/home/suruchi-pandey/Projects/Bhavcopy-download-and-mail-code/2026/BhavCopy_NSE_CM_0_0_0_20260918_F_0000.csv
2026-09-18,SBIETFIT,EQ,325.23,325.23,317.36,319.25,11162,3558086.14,INF200KA1S14,740,SBIAMC - SBIETFIT,NEW,/home/suruchi-pandey/Projects/Bhavcopy-download-and-mail-code/2026/BhavCopy_NSE_CM_0_0_0_20260918_F_0000.csv
2026-09-18,SBIETFPB,EQ,283.6,283.6,277.93,279.97,2346,655631.13,INF200KA1S22,722,SBIAMC - SBIETFPB,NEW,/home/suruchi-pandey/Projects/Bhavcopy-download-and-mail-code/2026/BhavCopy_NSE_CM_0_0_0_20260918_F_0000.csv
2026-09-18,SBIETFQLTY,EQ,214.38,215.31,213.87,215.27,1393,298960.0,INF200KA1WX6,7218,SBIAMC - SBIETFQLTY,NEW,/home/suruchi-pandey/Projects/Bhavcopy-download-and-mail-code/2026/BhavCopy_NSE_CM_0_0_0_20260918_F_0000.csv
2026-09-18,SBIFUNDS,EQ,540.95,567.95,537.25,561.35,1779360,988888525.8,INE640G01020,764173,SBI FUNDS MANAGEMENT LTD,NEW,/home/suruchi-pandey/Projects/Bhavcopy-download-and-mail-code/2026/BhavCopy_NSE_CM_0_0_0_20260918_F_0000.csv
2026-09-18,SBILIFE,EQ,1751.3,1770.0,1731.0,1731.0,929365,1627744031.4,INE123W01016,21808,SBI LIFE INSURANCE CO LTD,NEW,/home/suruchi-pandey/Projects/Bhavcopy-download-and-mail-code/2026/BhavCopy_NSE_CM_0_0_0_20260918_F_0000.csv
2026-09-18,SBILIQETF,EQ,1056.63,1056.63,1056.61,1056.62,725607,766690807.26,INF200KB1969,758496,SBIAMC - SBILIQETF,NEW,/home/suruchi-pandey/Projects/Bhavcopy-download-and-mail-code/2026/BhavCopy_NSE_CM_0_0_0_20260918_F_0000.csv
2026-09-18,SBIMIDMOM,EQ,63.07,63.54,62.86,63.33,79500,5034440.96,INF200KB1AJ0,761095,SBIAMC - SBIMIDMOM,NEW,/home/suruchi-pandey/Projects/Bhavcopy-download-and-mail-code/2026/BhavCopy_NSE_CM_0_0_0_20260918_F_0000.csv
2026-09-18,SBIN,EQ,992.0,996.2,985.1,996.2,5699456,5653267297.2,INE062A01020,3045,STATE BANK OF INDIA,NEW,/home/suruchi-pandey/Projects/Bhavcopy-download-and-mail-code/2026/BhavCopy_NSE_CM_0_0_0_20260918_F_0000.csv
2026-09-18,SBINEQWETF,EQ,31.92,32.93,31.92,32.2,90497,2918839.1,INF200KB1282,24524,SBIAMC - SBINEQWETF,NEW,/home/suruchi-pandey/Projects/Bhavcopy-download-and-mail-code/2026/BhavCopy_NSE_CM_0_0_0_20260918_F_0000.csv
2026-09-18,SBINMID150,EQ,22.74,23.09,22.65,22.94,17739,404157.32,INF200KB1AK8,761741,SBIAMC - SBINMID150,NEW,/home/suruchi-pandey/Projects/Bhavcopy-download-and-mail-code/2026/BhavCopy_NSE_CM_0_0_0_20260918_F_0000.csv
2026-09-18,SBISILVER,EQ,226.86,230.64,226.76,229.44,1587770,363243534.77,INF200KB1217,24366,SBIAMC - SBISILVER,NEW,/home/suruchi-pandey/Projects/Bhavcopy-download-and-mail-code/2026/BhavCopy_NSE_CM_0_0_0_20260918_F_0000.csv
2026-09-18,SBISMLETF,EQ,18.0,18.56,18.0,18.38,15195,277040.84,INF200KB1AY9,763543,SBIAMC - SBISMLETF,NEW,/home/suruchi-pandey/Projects/Bhavcopy-download-and-mail-code/2026/BhavCopy_NSE_CM_0_0_0_20260918_F_0000.csv
2026-09-18,SBIVALETF,EQ,14.51,14.52,14.28,14.41,23970,345328.82,INF200KB1AX1,763546,SBIAMC - SBIVALETF,NEW,/home/suruchi-pandey/Projects/Bhavcopy-download-and-mail-code/2026/BhavCopy_NSE_CM_0_0_0_20260918_F_0000.csv
2026-09-18,SCHAEFFLER,EQ,4016.0,4260.0,4010.1,4217.6,171857,716074290.5,INE513A01022,1011,SCHAEFFLER INDIA LIMITED,NEW,/home/suruchi-pandey/Projects/Bhavcopy-download-and-mail-code/2026/BhavCopy_NSE_CM_0_0_0_20260918_F_0000.csv
2026-09-18,SCHAND,EQ,136.14,136.68,133.5,133.87,21577,2909957.09,INE807K01035,20698,S CHAND AND COMPANY LTD,NEW,/home/suruchi-pandey/Projects/Bhavcopy-download-and-mail-code/2026/BhavCopy_NSE_CM_0_0_0_20260918_F_0000.csv
2026-09-18,SCHNEIDER,EQ,1206.6,1244.5,1206.6,1213.5,316226,386911023.3,INE839M01018,31234,SCHNEIDER ELECTRIC INFRA,NEW,/home/suruchi-pandey/Projects/Bhavcopy-download-and-mail-code/2026/BhavCopy_NSE_CM_0_0_0_20260918_F_0000.csv
2026-09-18,SCI,EQ,271.0,278.0,269.05,277.05,1560763,426957010.05,INE109A01011,3048,SHIPPING CORP OF INDIA LT,NEW,/home/suruchi-pandey/Projects/Bhavcopy-download-and-mail-code/2026/BhavCopy_NSE_CM_0_0_0_20260918_F_0000.csv
2026-09-18,SCILAL,EQ,38.01,38.38,36.2,36.83,1140340,42193652.84,INE0PB301013,23127,SHIPPING CORP OF ILA LTD,NEW,/home/suruchi-pandey/Projects/Bhavcopy-download-and-mail-code/2026/BhavCopy_NSE_CM_0_0_0_20260918_F_0000.csv
2026-09-18,SCODATUBES,EQ,125.33,130.77,125.33,128.51,98767,12679280.84,INE090501011,757478,SCODA TUBES LIMITED,NEW,/home/suruchi-pandey/Projects/Bhavcopy-download-and-mail-code/2026/BhavCopy_NSE_CM_0_0_0_20260918_F_0000.csv
2026-09-18,SDBL,EQ,68.0,69.14,67.5,68.06,396617,27090752.73,INE480C01038,1338,SOM DIST & BREW LTD,NEW,/home/suruchi-pandey/Projects/Bhavcopy-download-and-mail-code/2026/BhavCopy_NSE_CM_0_0_0_20260918_F_0000.csv
2026-09-18,SEAMECLTD,EQ,1757.0,1757.0,1712.1,1726.3,27243,47051574.2,INE497B01018,2616,SEAMEC LIMITED,NEW,/home/suruchi-pandey/Projects/Bhavcopy-download-and-mail-code/2026/BhavCopy_NSE_CM_0_0_0_20260918_F_0000.csv
2026-09-18,SECLEDBETA,EQ,15.0,15.5,14.21,14.25,20683,298525.11,INF789F1AH42,766104,UTIAMC - SECLEDBETA,NEW,/home/suruchi-pandey/Projects/Bhavcopy-download-and-mail-code/2026/BhavCopy_NSE_CM_0_0_0_20260918_F_0000.csv
2026-09-18,SECMARK,EQ,145.0,146.4,132.41,144.1,2367,341310.66,INE0BTM01013,19496,SECMARK CONSULTANCY LTD,NEW,/home/suruchi-pandey/Projects/Bhavcopy-download-and-mail-code/2026/BhavCopy_NSE_CM_0_0_0_20260918_F_0000.csv
2026-09-18,SECURKLOUD,EQ,17.0,17.2,16.7,16.84,5429,92092.11,INE650K01021,11058,SECUREKLOUD TECH LIMITED,NEW,/home/suruchi-pandey/Projects/Bhavcopy-download-and-mail-code/2026/BhavCopy_NSE_CM_0_0_0_20260918_F_0000.csv
2026-09-18,SEDEMAC,EQ,3110.6,3234.1,3110.0,3147.8,190154,604242119.5,INE00XB01019,761153,SEDEMAC MECHATRONICS LTD,NEW,/home/suruchi-pandey/Projects/Bhavcopy-download-and-mail-code/2026/BhavCopy_NSE_CM_0_0_0_20260918_F_0000.csv
2026-09-18,SEIL,EQ,195.24,195.24,188.05,192.19,257466,49498206.99,INE440T01028,762889,SHANTI EDU INITIATIVES L,NEW,/home/suruchi-pandey/Projects/Bhavcopy-download-and-mail-code/2026/BhavCopy_NSE_CM_0_0_0_20260918_F_0000.csv
2026-09-18,SEJALLTD,EQ,690.0,715.75,669.85,714.4,36648,25839980.75,INE955I01044,7091,SEJAL GLASS LIMITED,NEW,/home/suruchi-pandey/Projects/Bhavcopy-download-and-mail-code/2026/BhavCopy_NSE_CM_0_0_0_20260918_F_0000.csv
2026-09-18,SEKURITIND,EQ,109.99,114.0,108.39,113.44,52095,5854389.53,INE068B01017,764880,SAINT GOBAIN SEKUR IND L,NEW,/home/suruchi-pandey/Projects/Bhavcopy-download-and-mail-code/2026/BhavCopy_NSE_CM_0_0_0_20260918_F_0000.csv
2026-09-18,SELECTIPO,EQ,48.66,48.66,47.67,48.44,24458,1178482.05,INF769K01ON4,30109,MIRAEAMC - SELECTIPO,NEW,/home/suruchi-pandey/Projects/Bhavcopy-download-and-mail-code/2026/BhavCopy_NSE_CM_0_0_0_20260918_F_0000.csv
2026-09-18,SEMAC,EQ,270.0,280.0,262.4,273.7,315,85872.95,INE617A01013,11961,SEMAC CONSTRUCTION LTD,NEW,/home/suruchi-pandey/Projects/Bhavcopy-download-and-mail-code/2026/BhavCopy_NSE_CM_0_0_0_20260918_F_0000.csv
2026-09-18,SENCO,EQ,344.5,352.8,341.1,348.0,606311,210880570.05,INE602W01027,17271,SENCO GOLD LIMITED,NEW,/home/suruchi-pandey/Projects/Bhavcopy-download-and-mail-code/2026/BhavCopy_NSE_CM_0_0_0_20260918_F_0000.csv
2026-09-18,SENORES,EQ,1423.6,1441.9,1391.7,1402.6,325710,458907239.8,INE0RB801010,28888,SENORES PHARMACEUTICALS L,NEW,/home/suruchi-pandey/Projects/Bhavcopy-download-and-mail-code/2026/BhavCopy_NSE_CM_0_0_0_20260918_F_0000.csv
2026-09-18,SENSEXADD,EQ,76.18,77.3,75.91,77.29,737,56648.27,INF740KA1SZ6,17613,DSPAMC - DSPSENXETF,NEW,/home/suruchi-pandey/Projects/Bhavcopy-download-and-mail-code/2026/BhavCopy_NSE_CM_0_0_0_20260918_F_0000.csv
2026-09-18,SENSEXAXIS,EQ,76.38,77.68,76.38,77.23,3257,251845.34,INF846K010Q0,14742,AXISAMC-SENSEXAXIS,NEW,/home/suruchi-pandey/Projects/Bhavcopy-download-and-mail-code/2026/BhavCopy_NSE_CM_0_0_0_20260918_F_0000.csv
2026-09-18,SENSEXBETA,EQ,825.01,838.0,821.0,832.87,1251,1032424.47,INF789FB1X58,10515,UTIAMC-SENSEXBETA,NEW,/home/suruchi-pandey/Projects/Bhavcopy-download-and-mail-code/2026/BhavCopy_NSE_CM_0_0_0_20260918_F_0000.csv
2026-09-18,SENSEXETF,EQ,77.29,77.5,76.85,77.16,10598,816275.86,INF769K01KT9,19224,MIRAEAMC - SENSEXETF,NEW,/home/suruchi-pandey/Projects/Bhavcopy-download-and-mail-code/2026/BhavCopy_NSE_CM_0_0_0_20260918_F_0000.csv
2026-09-18,SENSEXIETF,EQ,854.94,862.49,854.93,858.7,5572,4780565.01,INF346A01034,4378,ICICI PRUD SENSEX ETF,NEW,/home/suruchi-pandey/Projects/Bhavcopy-download-and-mail-code/2026/BhavCopy_NSE_CM_0_0_0_20260918_F_0000.csv
2026-09-18,SEPC,EQ,5.26,5.29,5.08,5.23,12309907,63676433.33,INE964H01014,15308,SEPC LIMITED,NEW,/home/suruchi-pandey/Projects/Bhavcopy-download-and-mail-code/2026/BhavCopy_NSE_CM_0_0_0_20260918_F_0000.csv
2026-09-18,SERVOTECH,EQ,72.27,73.66,71.91,72.8,396912,28759601.01,INE782X01033,5507,SERVOTECH REN POW SYS LTD,NEW,/home/suruchi-pandey/Projects/Bhavcopy-download-and-mail-code/2026/BhavCopy_NSE_CM_0_0_0_20260918_F_0000.csv
2026-09-18,SESHAPAPER,EQ,248.0,251.7,245.04,249.77,27629,6864649.11,INE630A01024,3066,SESHASAYEE PAPER & BOARDS,NEW,/home/suruchi-pandey/Projects/Bhavcopy-download-and-mail-code/2026/BhavCopy_NSE_CM_0_0_0_20260918_F_0000.csv
2026-09-18,SETF10GILT,EQ,263.0,263.0,261.7,262.26,2805,734781.8,INF200KA1JT1,17395,SBIAMC - SETF10GILT,NEW,/home/suruchi-pandey/Projects/Bhavcopy-download-and-mail-code/2026/BhavCopy_NSE_CM_0_0_0_20260918_F_0000.csv
2026-09-18,SETFGOLD,EQ,129.2,130.84,129.2,130.52,3938423,513478841.78,INF200KA16D8,17272,SBI-ETF GOLD,NEW,/home/suruchi-pandey/Projects/Bhavcopy-download-and-mail-code/2026/BhavCopy_NSE_CM_0_0_0_20260918_F_0000.csv
2026-09-18,SETFNIF50,EQ,252.88,252.88,250.92,251.95,842918,212215663.76,INF200KA1FS1,10176,SBI-ETF NIFTY 50,NEW,/home/suruchi-pandey/Projects/Bhavcopy-download-and-mail-code/2026/BhavCopy_NSE_CM_0_0_0_20260918_F_0000.csv
2026-09-18,SETFNIFBK,EQ,577.83,580.29,576.44,579.47,5777,3340809.68,INF200KA1580,7361,SBI-ETF NIFTY BANK,NEW,/home/suruchi-pandey/Projects/Bhavcopy-download-and-mail-code/2026/BhavCopy_NSE_CM_0_0_0_20260918_F_0000.csv
2026-09-18,SETFNN50,EQ,763.08,777.5,762.3,774.62,16704,12890334.08,INF200KA1598,7353,SBI-ETF NIFTY NEXT 50,NEW,/home/suruchi-pandey/Projects/Bhavcopy-download-and-mail-code/2026/BhavCopy_NSE_CM_0_0_0_20260918_F_0000.csv
2026-09-18,SETL,EQ,393.25,414.0,393.25,402.35,987119,398043045.5,INE0M4D01010,29075,STANDARD ENGNG TCNLGY LTD,NEW,/home/suruchi-pandey/Projects/Bhavcopy-download-and-mail-code/2026/BhavCopy_NSE_CM_0_0_0_20260918_F_0000.csv
2026-09-18,SFL,EQ,679.0,682.0,651.7,657.3,213905,141865582.65,INE916U01025,19184,SHEELA FOAM LIMITED,NEW,/home/suruchi-pandey/Projects/Bhavcopy-download-and-mail-code/2026/BhavCopy_NSE_CM_0_0_0_20260918_F_0000.csv
2026-09-18,SGFIN,EQ,624.9,638.05,621.05,630.95,75511,47572666.75,INE618R01015,758853,SG FINSERVE LIMITED,NEW,/home/suruchi-pandey/Projects/Bhavcopy-download-and-mail-code/2026/BhavCopy_NSE_CM_0_0_0_20260918_F_0000.csv
2026-09-18,SGIL,EQ,582.45,606.35,582.45,589.3,2487,1481510.6,INE00QT01015,5114,SYNERGY GREEN IND. LTD,NEW,/home/suruchi-pandey/Projects/Bhavcopy-download-and-mail-code/2026/BhavCopy_NSE_CM_0_0_0_20260918_F_0000.csv
2026-09-18,SGL,EQ,9.68,9.79,9.17,9.35,7236,68469.08,INE353H01010,13367,STL GLOBAL LIMITED,NEW,/home/suruchi-pandey/Projects/Bhavcopy-download-and-mail-code/2026/BhavCopy_NSE_CM_0_0_0_20260918_F_0000.csv
2026-09-18,SGLRES,EQ,2.49,2.6,2.37,2.43,279185,675220.12,INE967B01028,765247,SGL RESOURCES LIMITED,NEW,/home/suruchi-pandey/Projects/Bhavcopy-download-and-mail-code/2026/BhavCopy_NSE_CM_0_0_0_20260918_F_0000.csv
2026-09-18,SGMART,EQ,719.0,747.4,710.0,733.55,192112,140799963.95,INE385F01024,758889,SG MART LIMITED,NEW,/home/suruchi-pandey/Projects/Bhavcopy-download-and-mail-code/2026/BhavCopy_NSE_CM_0_0_0_20260918_F_0000.csv
2026-09-18,SGRL,EQ,677.95,722.65,675.0,697.75,18488,13025055.0,INE414Y01015,764885,SHREE GANESH REMEDIES LTD,NEW,/home/suruchi-pandey/Projects/Bhavcopy-download-and-mail-code/2026/BhavCopy_NSE_CM_0_0_0_20260918_F_0000.csv
2026-09-18,SHADOWFAX,EQ,252.5,253.4,247.5,251.55,1172675,293177756.5,INE12UN01015,761469,SHADOWFAX TECHNOLOGIES L,NEW,/home/suruchi-pandey/Projects/Bhavcopy-download-and-mail-code/2026/BhavCopy_NSE_CM_0_0_0_20260918_F_0000.csv
2026-09-18,SHAH,EQ,3.32,3.32,3.26,3.28,392673,1290834.51,INE482J01021,20296,SHAH METACORP LIMITED,NEW,/home/suruchi-pandey/Projects/Bhavcopy-download-and-mail-code/2026/BhavCopy_NSE_CM_0_0_0_20260918_F_0000.csv
2026-09-18,SHAILY,EQ,3119.5,3209.7,3107.3,3149.8,156212,492079918.1,INE151G01028,8727,SHAILY ENG PLASTICS LTD,NEW,/home/suruchi-pandey/Projects/Bhavcopy-download-and-mail-code/2026/BhavCopy_NSE_CM_0_0_0_20260918_F_0000.csv
2026-09-18,SHAKTIPUMP,EQ,465.7,470.65,458.75,460.95,460443,213491447.75,INE908D01010,25574,SHAKTI PUMPS (I) LTD,NEW,/home/suruchi-pandey/Projects/Bhavcopy-download-and-mail-code/2026/BhavCopy_NSE_CM_0_0_0_20260918_F_0000.csv
2026-09-18,SHALBY,EQ,138.0,141.4,133.92,137.66,149630,20510133.05,INE597J01018,714,SHALBY LIMITED,NEW,/home/suruchi-pandey/Projects/Bhavcopy-download-and-mail-code/2026/BhavCopy_NSE_CM_0_0_0_20260918_F_0000.csv
2026-09-18,SHANKARA,EQ,148.3,150.0,148.3,149.26,461337,68796940.73,INE274V01019,20321,SHANKARA BLDG PRODUCT LTD,NEW,/home/suruchi-pandey/Projects/Bhavcopy-download-and-mail-code/2026/BhavCopy_NSE_CM_0_0_0_20260918_F_0000.csv
2026-09-18,SHANKESH,EQ,90.7,95.25,89.01,93.06,4370436,407155107.1,INE1WFC01025,765382,SHANKESH JEWELLERS LTD,NEW,/home/suruchi-pandey/Projects/Bhavcopy-download-and-mail-code/2026/BhavCopy_NSE_CM_0_0_0_20260918_F_0000.csv
2026-09-18,SHANTI,EQ,5.81,6.39,5.81,6.19,7260,45215.08,INE933X01016,5650,SHANTI OVERSEAS INDIA LTD,NEW,/home/suruchi-pandey/Projects/Bhavcopy-download-and-mail-code/2026/BhavCopy_NSE_CM_0_0_0_20260918_F_0000.csv
2026-09-18,SHANTIGEAR,EQ,681.3,705.0,667.35,700.05,90105,61971035.35,INE631A01022,3078,SHANTHI GEARS LTD,NEW,/home/suruchi-pandey/Projects/Bhavcopy-download-and-mail-code/2026/BhavCopy_NSE_CM_0_0_0_20260918_F_0000.csv
2026-09-18,SHANTIGOLD,EQ,242.44,264.11,242.44,251.27,2818320,723498222.14,INE06ZD01017,758002,SHANTI GOLD INTERNATION L,NEW,/home/suruchi-pandey/Projects/Bhavcopy-download-and-mail-code/2026/BhavCopy_NSE_CM_0_0_0_20260918_F_0000.csv
2026-09-18,SHARDACROP,EQ,742.9,753.0,737.15,743.1,119733,89040585.8,INE221J01015,4992,SHARDA CROPCHEM LTD.,NEW,/home/suruchi-pandey/Projects/Bhavcopy-download-and-mail-code/2026/BhavCopy_NSE_CM_0_0_0_20260918_F_0000.csv
2026-09-18,SHARDAMOTR,EQ,935.0,971.95,930.0,967.05,121973,116884517.05,INE597I01028,10530,SHARDA MOTOR INDS LTD,NEW,/home/suruchi-pandey/Projects/Bhavcopy-download-and-mail-code/2026/BhavCopy_NSE_CM_0_0_0_20260918_F_0000.csv
2026-09-18,SHAREINDIA,EQ,221.0,233.35,216.0,228.15,24957936,5656549946.21,INE932X01026,104,SHARE IND. SECURITIES LTD,NEW,/home/suruchi-pandey/Projects/Bhavcopy-download-and-mail-code/2026/BhavCopy_NSE_CM_0_0_0_20260918_F_0000.csv
2026-09-18,SHARIABEES,EQ,439.9,443.95,437.25,438.88,4350,1907823.16,INF732E01128,17044,NIP IND ETF SHARIAH BEES,NEW,/home/suruchi-pandey/Projects/Bhavcopy-download-and-mail-code/2026/BhavCopy_NSE_CM_0_0_0_20260918_F_0000.csv
2026-09-18,SHBAJRG,EQ,153.99,155.0,152.15,155.0,3122,483373.99,INE402H01015,762899,SHRI BAJRANG ALLIANCE L,NEW,/home/suruchi-pandey/Projects/Bhavcopy-download-and-mail-code/2026/BhavCopy_NSE_CM_0_0_0_20260918_F_0000.csv
2026-09-18,SHERVANI,EQ,360.0,360.0,349.95,352.5,54,19369.35,INE011D01013,764890,SHERVANI INDUSTRIAL SYN L,NEW,/home/suruchi-pandey/Projects/Bhavcopy-download-and-mail-code/2026/BhavCopy_NSE_CM_0_0_0_20260918_F_0000.csv
2026-09-18,SHILCTECH,EQ,4072.6,4172.9,3976.9,4067.9,16065,66080393.3,INE024F01011,759847,SHILCHAR TECHNOLOGIES LTD,NEW,/home/suruchi-pandey/Projects/Bhavcopy-download-and-mail-code/2026/BhavCopy_NSE_CM_0_0_0_20260918_F_0000.csv
2026-09-18,SHILGRAVQ,EQ,160.0,162.99,154.5,154.69,2494,386946.03,INE960A01017,764895,SHILP GRAVURES LTD.,NEW,/home/suruchi-pandey/Projects/Bhavcopy-download-and-mail-code/2026/BhavCopy_NSE_CM_0_0_0_20260918_F_0000.csv
2026-09-18,SHILPAMED,EQ,958.35,1033.1,951.9,1021.1,1766385,1769989511.0,INE790G01031,17752,SHILPA MEDICARE LTD,NEW,/home/suruchi-pandey/Projects/Bhavcopy-download-and-mail-code/2026/BhavCopy_NSE_CM_0_0_0_20260918_F_0000.csv
2026-09-18,SHINDL,EQ,164.5,164.5,160.38,161.64,430082,69555386.8,INE220Z01013,762904,SHARAT INDUSTRIES LTD.,NEW,/home/suruchi-pandey/Projects/Bhavcopy-download-and-mail-code/2026/BhavCopy_NSE_CM_0_0_0_20260918_F_0000.csv
2026-09-18,SHIPROCKET,EQ,122.2,122.93,120.5,121.59,2264860,275177865.03,INE0FOO01011,765282,SHIPROCKET LIMITED,NEW,/home/suruchi-pandey/Projects/Bhavcopy-download-and-mail-code/2026/BhavCopy_NSE_CM_0_0_0_20260918_F_0000.csv
2026-09-18,SHIVAAGRO,EQ,39.89,42.0,37.16,41.79,861,36085.27,INE960E01019,764900,SHIVA GLOBAL AGRO INDS. L,NEW,/home/suruchi-pandey/Projects/Bhavcopy-download-and-mail-code/2026/BhavCopy_NSE_CM_0_0_0_20260918_F_0000.csv
2026-09-18,SHIVACEM,EQ,15.49,15.69,15.3,15.45,35784,551203.51,INE555C01029,765160,SHIVA CEMENT LTD.,NEW,/home/suruchi-pandey/Projects/Bhavcopy-download-and-mail-code/2026/BhavCopy_NSE_CM_0_0_0_20260918_F_0000.csv
2026-09-18,SHIVALIK,EQ,368.3,378.9,359.0,372.1,87050,32110233.5,INE788J01021,7016,SHIVALIK RASAYAN LIMITED,NEW,/home/suruchi-pandey/Projects/Bhavcopy-download-and-mail-code/2026/BhavCopy_NSE_CM_0_0_0_20260918_F_0000.csv
2026-09-18,SHIVAMAUTO,EQ,16.7,19.42,16.7,19.42,291980,5616469.6,INE637H01024,13756,SHIVAM AUTO.LTD,NEW,/home/suruchi-pandey/Projects/Bhavcopy-download-and-mail-code/2026/BhavCopy_NSE_CM_0_0_0_20260918_F_0000.csv
2026-09-18,SHIVAMILLS,EQ,58.6,61.95,58.1,61.58,1536,92817.32,INE644Y01017,1497,SHIVA MILLS LIMITED,NEW,/home/suruchi-pandey/Projects/Bhavcopy-download-and-mail-code/2026/BhavCopy_NSE_CM_0_0_0_20260918_F_0000.csv
2026-09-18,SHIVATEX,EQ,181.0,181.0,163.21,168.51,4948,839232.54,INE705C01020,804,SHIVA TEXYARN LIMITED,NEW,/home/suruchi-pandey/Projects/Bhavcopy-download-and-mail-code/2026/BhavCopy_NSE_CM_0_0_0_20260918_F_0000.csv
2026-09-18,SHIVAUM,EQ,470.3,477.0,468.25,468.3,3232,1531260.1,INE719F01016,759747,SHIV AUM STEELS LIMITED,NEW,/home/suruchi-pandey/Projects/Bhavcopy-download-and-mail-code/2026/BhavCopy_NSE_CM_0_0_0_20260918_F_0000.csv
2026-09-18,SHK,EQ,138.67,143.12,132.4,137.04,865394,119226023.88,INE500L01026,11212,S H KELKAR AND CO. LTD.,NEW,/home/suruchi-pandey/Projects/Bhavcopy-download-and-mail-code/2026/BhavCopy_NSE_CM_0_0_0_20260918_F_0000.csv
2026-09-18,SHOPERSTOP,EQ,405.9,415.0,395.25,399.75,72761,29418735.15,INE498B01024,11813,SHOPPERS STOP LIMITED,NEW,/home/suruchi-pandey/Projects/Bhavcopy-download-and-mail-code/2026/BhavCopy_NSE_CM_0_0_0_20260918_F_0000.csv
2026-09-18,SHRADDHA,EQ,150.73,153.7,146.7,147.14,11255,1666012.84,INE311M01018,764905,SHRADDHA PRIME PROJECTS L,NEW,/home/suruchi-pandey/Projects/Bhavcopy-download-and-mail-code/2026/BhavCopy_NSE_CM_0_0_0_20260918_F_0000.csv
2026-09-18,SHRADHA,EQ,31.0,32.15,29.81,30.0,21953,666010.22,INE715Y01031,708,SHRADHA REALTY LIMITED,NEW,/home/suruchi-pandey/Projects/Bhavcopy-download-and-mail-code/2026/BhavCopy_NSE_CM_0_0_0_20260918_F_0000.csv
2026-09-18,SHREDIGCEM,EQ,67.42,69.0,67.37,68.51,55328,3765312.22,INE232A01011,3099,SHREE DIGVIJAY CEM CO LTD,NEW,/home/suruchi-pandey/Projects/Bhavcopy-download-and-mail-code/2026/BhavCopy_NSE_CM_0_0_0_20260918_F_0000.csv
2026-09-18,SHREECEM,EQ,22200.0,23000.0,22100.0,22600.0,62133,1402790820.0,INE070A01015,3103,SHREE CEMENT LIMITED,NEW,/home/suruchi-pandey/Projects/Bhavcopy-download-and-mail-code/2026/BhavCopy_NSE_CM_0_0_0_20260918_F_0000.csv
2026-09-18,SHREEJISPG,EQ,689.95,709.8,674.2,708.05,854162,594314931.25,INE1B6101010,759448,SHREEJI SHIPPING GLOBAL L,NEW,/home/suruchi-pandey/Projects/Bhavcopy-download-and-mail-code/2026/BhavCopy_NSE_CM_0_0_0_20260918_F_0000.csv
2026-09-18,SHREEPUSHK,EQ,510.0,518.0,500.1,514.3,44521,22646530.95,INE712K01011,10588,SHRE PUSH CHEM & FERT LTD,NEW,/home/suruchi-pandey/Projects/Bhavcopy-download-and-mail-code/2026/BhavCopy_NSE_CM_0_0_0_20260918_F_0000.csv
2026-09-18,SHREERAMA,EQ,44.35,46.39,44.15,44.53,43261,1958094.1,INE879A01019,7627,SHREE RAMA MULTI TECH LTD,NEW,/home/suruchi-pandey/Projects/Bhavcopy-download-and-mail-code/2026/BhavCopy_NSE_CM_0_0_0_20260918_F_0000.csv
2026-09-18,SHREYANIND,EQ,128.01,132.0,125.65,131.13,3183,412871.02,INE231C01019,3126,SHREYANS INDUSTRIES LTD,NEW,/home/suruchi-pandey/Projects/Bhavcopy-download-and-mail-code/2026/BhavCopy_NSE_CM_0_0_0_20260918_F_0000.csv
2026-09-18,SHRIKRISH,EQ,34.02,39.99,34.02,36.98,1595,58790.77,INE997I01012,762909,SHRI KRISHNA DEVCON LTD.,NEW,/home/suruchi-pandey/Projects/Bhavcopy-download-and-mail-code/2026/BhavCopy_NSE_CM_0_0_0_20260918_F_0000.csv
2026-09-18,SHRINGARMS,EQ,214.0,216.75,208.75,210.67,569905,121466106.71,INE1B3L01017,759093,SHRINGAR HOU OF MANGALS L,NEW,/home/suruchi-pandey/Projects/Bhavcopy-download-and-mail-code/2026/BhavCopy_NSE_CM_0_0_0_20260918_F_0000.csv
2026-09-18,SHRIPISTON,EQ,4394.0,4598.0,4394.0,4576.6,151917,689674643.5,INE526E01018,17186,SPR AUTO TECHNOLOGIES LTD,NEW,/home/suruchi-pandey/Projects/Bhavcopy-download-and-mail-code/2026/BhavCopy_NSE_CM_0_0_0_20260918_F_0000.csv
2026-09-18,SHRIRAMFIN,EQ,1004.9,1019.0,1000.5,1010.0,4870631,4926141200.9,INE721A01047,4306,SHRIRAM FINANCE LIMITED,NEW,/home/suruchi-pandey/Projects/Bhavcopy-download-and-mail-code/2026/BhavCopy_NSE_CM_0_0_0_20260918_F_0000.csv
2026-09-18,SHRIRAMPPS,EQ,73.15,73.15,70.81,71.22,365988,26147580.26,INE217L01019,7200,SHRIRAM PROPERTIES LTD,NEW,/home/suruchi-pandey/Projects/Bhavcopy-download-and-mail-code/2026/BhavCopy_NSE_CM_0_0_0_20260918_F_0000.csv
2026-09-18,SHRJAGP,EQ,643.55,657.75,630.0,637.65,176,112944.75,INE564J01026,764910,SHRI JAGDAMBA POLYMERS L,NEW,/home/suruchi-pandey/Projects/Bhavcopy-download-and-mail-code/2026/BhavCopy_NSE_CM_0_0_0_20260918_F_0000.csv
2026-09-18,SHUKRAPHAR,EQ,54.76,57.89,54.29,55.93,3423614,191670563.09,INE551C01044,764537,SHUKRA PHARMACEUTICALS L,NEW,/home/suruchi-pandey/Projects/Bhavcopy-download-and-mail-code/2026/BhavCopy_NSE_CM_0_0_0_20260918_F_0000.csv
2026-09-18,SHYAMMETL,EQ,1087.0,1109.0,1079.0,1100.0,1196160,1314338991.1,INE810G01011,4693,SHYAM METALICS AND ENGY L,NEW,/home/suruchi-pandey/Projects/Bhavcopy-download-and-mail-code/2026/BhavCopy_NSE_CM_0_0_0_20260918_F_0000.csv
2026-09-18,SHYAMTEL,EQ,11.14,11.4,11.13,11.4,2221,24722.2,INE635A01023,13740,SHYAM TELECOM LIMITED,NEW,/home/suruchi-pandey/Projects/Bhavcopy-download-and-mail-code/2026/BhavCopy_NSE_CM_0_0_0_20260918_F_0000.csv
2026-09-18,SICAGEN,EQ,52.74,53.69,52.0,52.77,7433,390026.46,INE176J01011,16875,SICAGEN INDIA LIMITED,NEW,/home/suruchi-pandey/Projects/Bhavcopy-download-and-mail-code/2026/BhavCopy_NSE_CM_0_0_0_20260918_F_0000.csv
2026-09-18,SIEL,EQ,30.08,33.07,30.0,30.0,233,7044.05,INE843L01012,3147,SUPERIOR INDUSTRIAL ENT L,NEW,/home/suruchi-pandey/Projects/Bhavcopy-download-and-mail-code/2026/BhavCopy_NSE_CM_0_0_0_20260918_F_0000.csv
2026-09-18,SIEMENS,EQ,3781.4,3913.9,3770.0,3913.9,666502,2553516081.6,INE003A01024,3150,SIEMENS LTD,NEW,/home/suruchi-pandey/Projects/Bhavcopy-download-and-mail-code/2026/BhavCopy_NSE_CM_0_0_0_20260918_F_0000.csv
2026-09-18,SIGACHI,EQ,29.35,32.15,29.32,29.6,16377369,497242025.93,INE0D0K01022,6663,SIGACHI INDUSTRIES LTD,NEW,/home/suruchi-pandey/Projects/Bhavcopy-download-and-mail-code/2026/BhavCopy_NSE_CM_0_0_0_20260918_F_0000.csv
2026-09-18,SIGMA,EQ,47.0,47.3,46.25,47.03,50131,2354135.59,INE0A0S01028,16658,SIGMA SOLVE LIMITED,NEW,/home/suruchi-pandey/Projects/Bhavcopy-download-and-mail-code/2026/BhavCopy_NSE_CM_0_0_0_20260918_F_0000.csv
2026-09-18,SIGNATURE,EQ,755.0,761.0,744.0,756.95,248406,186821241.4,INE903U01023,18743,SIGNATUREGLOBAL INDIA LTD,NEW,/home/suruchi-pandey/Projects/Bhavcopy-download-and-mail-code/2026/BhavCopy_NSE_CM_0_0_0_20260918_F_0000.csv
2026-09-18,SIGNPOST,EQ,265.05,277.5,260.6,271.5,44887,11971362.05,INE0KGZ01021,22656,SIGNPOST INDIA LIMITED,NEW,/home/suruchi-pandey/Projects/Bhavcopy-download-and-mail-code/2026/BhavCopy_NSE_CM_0_0_0_20260918_F_0000.csv
2026-09-18,SIKA,EQ,1030.7,1063.7,1010.25,1021.5,36899,38183808.35,INE438E01032,762914,SIKA INTERPLANT SYSTEMS L,NEW,/home/suruchi-pandey/Projects/Bhavcopy-download-and-mail-code/2026/BhavCopy_NSE_CM_0_0_0_20260918_F_0000.csv
2026-09-18,SIL,EQ,16.21,16.95,16.06,16.13,54990,895072.88,INE173A01025,11297,STANDARD INDUSTRIES LTD.,NEW,/home/suruchi-pandey/Projects/Bhavcopy-download-and-mail-code/2026/BhavCopy_NSE_CM_0_0_0_20260918_F_0000.csv
2026-09-18,SILGO,EQ,69.46,71.99,69.46,70.8,50168,3525651.52,INE01II01013,2492,SILGO RETAIL LIMITED,NEW,/home/suruchi-pandey/Projects/Bhavcopy-download-and-mail-code/2026/BhavCopy_NSE_CM_0_0_0_20260918_F_0000.csv
2026-09-18,SILINV,EQ,437.95,455.0,434.0,446.9,588,262880.55,INE923A01015,4105,SIL INVESTMENTS LIMITED,NEW,/home/suruchi-pandey/Projects/Bhavcopy-download-and-mail-code/2026/BhavCopy_NSE_CM_0_0_0_20260918_F_0000.csv
2026-09-18,SILVER,EQ,231.24,234.88,231.05,233.88,1124622,262114216.87,INF209KB19F6,8003,BIRLASLAMC - SILVER,NEW,/home/suruchi-pandey/Projects/Bhavcopy-download-and-mail-code/2026/BhavCopy_NSE_CM_0_0_0_20260918_F_0000.csv
2026-09-18,SILVER001,EQ,23.5,23.79,23.01,23.78,53082,1252935.55,INF966L01EI5,765392,QUANT_AMC - SILVER001,NEW,/home/suruchi-pandey/Projects/Bhavcopy-download-and-mail-code/2026/BhavCopy_NSE_CM_0_0_0_20260918_F_0000.csv
2026-09-18,SILVER1,EQ,22.37,22.89,22.37,22.79,10493440,238255856.33,INF174KA1ZD3,13082,KOTAKMAMC - KOTAKSILVE,NEW,/home/suruchi-pandey/Projects/Bhavcopy-download-and-mail-code/2026/BhavCopy_NSE_CM_0_0_0_20260918_F_0000.csv
2026-09-18,SILVER360,EQ,225.5,230.94,225.5,229.98,22855,5236851.7,INF579M01BC3,756150,360ONEAMC - SILVER360,NEW,/home/suruchi-pandey/Projects/Bhavcopy-download-and-mail-code/2026/BhavCopy_NSE_CM_0_0_0_20260918_F_0000.csv
2026-09-18,SILVERADD,EQ,22.1,22.71,22.1,22.6,4445826,100271967.12,INF740KA1ZQ0,10761,DSPAMC - DSPSILVETF,NEW,/home/suruchi-pandey/Projects/Bhavcopy-download-and-mail-code/2026/BhavCopy_NSE_CM_0_0_0_20260918_F_0000.csv
2026-09-18,SILVERAG,EQ,224.0,229.08,224.0,228.18,239735,54506940.14,INF769K01KG6,16777,MIRAEAMC - MASILVER,NEW,/home/suruchi-pandey/Projects/Bhavcopy-download-and-mail-code/2026/BhavCopy_NSE_CM_0_0_0_20260918_F_0000.csv
2026-09-18,SILVERAXIS,EQ,230.05,233.79,230.03,232.82,1004472,233244432.78,INF846K011K1,11193,AXISAMC-SILVERAXIS,NEW,/home/suruchi-pandey/Projects/Bhavcopy-download-and-mail-code/2026/BhavCopy_NSE_CM_0_0_0_20260918_F_0000.csv
2026-09-18,SILVERBEES,EQ,221.1,225.0,221.1,224.07,28477957,6357287890.41,INF204KC1402,8080,NIPPONAMC - NETFSILVER,NEW,/home/suruchi-pandey/Projects/Bhavcopy-download-and-mail-code/2026/BhavCopy_NSE_CM_0_0_0_20260918_F_0000.csv
2026-09-18,SILVERBETA,EQ,221.68,227.34,221.68,226.15,562410,126797366.44,INF789F1AYK6,15085,UTIAMC-SILVERBETA,NEW,/home/suruchi-pandey/Projects/Bhavcopy-download-and-mail-code/2026/BhavCopy_NSE_CM_0_0_0_20260918_F_0000.csv
2026-09-18,SILVERBND,EQ,232.19,236.0,231.56,235.48,25507,5978711.38,INF194KB1KI9,760328,BANDHANAMC - SILVERBND,NEW,/home/suruchi-pandey/Projects/Bhavcopy-download-and-mail-code/2026/BhavCopy_NSE_CM_0_0_0_20260918_F_0000.csv
2026-09-18,SILVERCASE,EQ,23.48,23.82,23.46,23.73,12962915,306729009.38,INF0R8F01091,30274,ZERODHAAMC - SILVERCASE,NEW,/home/suruchi-pandey/Projects/Bhavcopy-download-and-mail-code/2026/BhavCopy_NSE_CM_0_0_0_20260918_F_0000.csv
2026-09-18,SILVERIETF,EQ,231.22,234.96,230.97,233.89,3751667,874397911.62,INF109KC1Y56,7942,ICICIPRAMC - ICICISILVE,NEW,/home/suruchi-pandey/Projects/Bhavcopy-download-and-mail-code/2026/BhavCopy_NSE_CM_0_0_0_20260918_F_0000.csv
2026-09-18,SILVERTUC,EQ,149.08,149.09,144.4,146.28,310512,45679204.72,INE625X01026,9422,SILVER TOUCH TECHNO LTD,NEW,/home/suruchi-pandey/Projects/Bhavcopy-download-and-mail-code/2026/BhavCopy_NSE_CM_0_0_0_20260918_F_0000.csv
2026-09-18,SIMPLEXINF,EQ,253.3,268.0,249.1,251.4,211797,54188739.95,INE059B01024,3162,SIMPLEX INFRASTRUCTURES L,NEW,/home/suruchi-pandey/Projects/Bhavcopy-download-and-mail-code/2026/BhavCopy_NSE_CM_0_0_0_20260918_F_0000.csv
2026-09-18,SIMPLXREA,EQ,132.0,132.0,120.6,124.2,5,628.8,INE167H01014,764915,SIMPLEX REALTY LTD.,NEW,/home/suruchi-pandey/Projects/Bhavcopy-download-and-mail-code/2026/BhavCopy_NSE_CM_0_0_0_20260918_F_0000.csv
2026-09-18,SINCLAIR,EQ,78.87,84.39,78.55,81.93,60387,4893720.13,INE985A01022,23480,SINCLAIRS HOTELS LIMITED,NEW,/home/suruchi-pandey/Projects/Bhavcopy-download-and-mail-code/2026/BhavCopy_NSE_CM_0_0_0_20260918_F_0000.csv
2026-09-18,SINDHUTRAD,EQ,23.54,24.94,22.62,24.72,5339301,128048297.61,INE325D01025,16859,SINDHU TRADE LINKS LTD,NEW,/home/suruchi-pandey/Projects/Bhavcopy-download-and-mail-code/2026/BhavCopy_NSE_CM_0_0_0_20260918_F_0000.csv
2026-09-18,SINGERIND,EQ,76.92,77.99,75.3,76.28,58206,4430357.37,INE638A01035,761420,SINGER INDIA LIMITED,NEW,/home/suruchi-pandey/Projects/Bhavcopy-download-and-mail-code/2026/BhavCopy_NSE_CM_0_0_0_20260918_F_0000.csv
2026-09-18,SINTERCOM,EQ,76.41,78.59,75.0,77.1,403,31019.99,INE129Z01016,381,SINTERCOM INDIA LIMITED,NEW,/home/suruchi-pandey/Projects/Bhavcopy-download-and-mail-code/2026/BhavCopy_NSE_CM_0_0_0_20260918_F_0000.csv
2026-09-18,SIRCA,EQ,410.25,413.0,404.0,406.25,247257,100703388.75,INE792Z01011,11050,SIRCA PAINT INDIA LIMITED,NEW,/home/suruchi-pandey/Projects/Bhavcopy-download-and-mail-code/2026/BhavCopy_NSE_CM_0_0_0_20260918_F_0000.csv
2026-09-18,SIS,EQ,419.8,430.95,419.0,428.25,164393,70396434.55,INE285J01028,21501,SIS LIMITED,NEW,/home/suruchi-pandey/Projects/Bhavcopy-download-and-mail-code/2026/BhavCopy_NSE_CM_0_0_0_20260918_F_0000.csv
2026-09-18,SIYSIL,EQ,512.55,535.85,512.55,527.4,52367,27401754.0,INE076B01028,14096,SIYARAM SILK MILLS LTD,NEW,/home/suruchi-pandey/Projects/Bhavcopy-download-and-mail-code/2026/BhavCopy_NSE_CM_0_0_0_20260918_F_0000.csv
2026-09-18,SJS,EQ,2297.2,2460.0,2280.2,2422.8,992502,2395557168.2,INE284S01014,6643,SJS ENTERPRISES LIMITED,NEW,/home/suruchi-pandey/Projects/Bhavcopy-download-and-mail-code/2026/BhavCopy_NSE_CM_0_0_0_20260918_F_0000.csv
2026-09-18,SJVN,EQ,64.84,65.23,63.7,63.95,4062726,260655512.36,INE002L01015,18883,SJVN LTD,NEW,/home/suruchi-pandey/Projects/Bhavcopy-download-and-mail-code/2026/BhavCopy_NSE_CM_0_0_0_20260918_F_0000.csv
2026-09-18,SKFINDIA,EQ,1541.0,1639.8,1515.0,1552.6,324766,509489472.8,INE640A01023,3186,SKF INDIA LTD,NEW,/home/suruchi-pandey/Projects/Bhavcopy-download-and-mail-code/2026/BhavCopy_NSE_CM_0_0_0_20260918_F_0000.csv
2026-09-18,SKFINDUS,EQ,2969.9,3218.7,2942.0,2984.2,1293995,3870460073.5,INE2J8701016,760101,SKF IND (INDUSTRIAL) LTD,NEW,/home/suruchi-pandey/Projects/Bhavcopy-download-and-mail-code/2026/BhavCopy_NSE_CM_0_0_0_20260918_F_0000.csv
2026-09-18,SKIPPER,EQ,537.0,570.0,532.1,566.2,1433300,801206863.4,INE439E01022,9428,SKIPPER LIMITED,NEW,/home/suruchi-pandey/Projects/Bhavcopy-download-and-mail-code/2026/BhavCopy_NSE_CM_0_0_0_20260918_F_0000.csv
2026-09-18,SKMEGGPROD,EQ,232.9,235.9,228.1,229.75,106551,24602770.05,INE411D01023,4732,SKM EGG PROD EXPORT(I) LT,NEW,/home/suruchi-pandey/Projects/Bhavcopy-download-and-mail-code/2026/BhavCopy_NSE_CM_0_0_0_20260918_F_0000.csv
2026-09-18,SKYGOLD,EQ,794.0,806.75,779.85,783.7,566838,448421406.15,INE01IU01018,13631,SKY GOLD AND DIAMONDS LTD,NEW,/home/suruchi-pandey/Projects/Bhavcopy-download-and-mail-code/2026/BhavCopy_NSE_CM_0_0_0_20260918_F_0000.csv
2026-09-18,SKYWAYS,EQ,126.9,135.35,122.55,124.43,92941309,12026363621.77,INE0PX301025,765480,SKYWAYS AIR SERVICES LTD,NEW,/home/suruchi-pandey/Projects/Bhavcopy-download-and-mail-code/2026/BhavCopy_NSE_CM_0_0_0_20260918_F_0000.csv
2026-09-18,SMALL250,EQ,18.15,18.45,18.12,18.38,280548,5135760.58,INF769K01PQ4,759814,MIRAEAMC - SMALL250,NEW,/home/suruchi-pandey/Projects/Bhavcopy-download-and-mail-code/2026/BhavCopy_NSE_CM_0_0_0_20260918_F_0000.csv
2026-09-18,SMALLADD,EQ,18.45,18.49,18.11,18.32,36311,665585.95,INF740KA1WX3,760359,DSPAMC - SMALLADD,NEW,/home/suruchi-pandey/Projects/Bhavcopy-download-and-mail-code/2026/BhavCopy_NSE_CM_0_0_0_20260918_F_0000.csv
2026-09-18,SMALLCAP,EQ,49.17,50.37,48.19,49.09,1265660,61893138.41,INF769K01LC3,22832,MIRAEAMC - SMALLCAP,NEW,/home/suruchi-pandey/Projects/Bhavcopy-download-and-mail-code/2026/BhavCopy_NSE_CM_0_0_0_20260918_F_0000.csv
2026-09-18,SMALLGROWW,EQ,47.1,49.21,47.1,48.51,17667,863335.54,INF666M01PG9,751745,GROWWAMC - SMALLGROWW,NEW,/home/suruchi-pandey/Projects/Bhavcopy-download-and-mail-code/2026/BhavCopy_NSE_CM_0_0_0_20260918_F_0000.csv
2026-09-18,SMALLIETF,EQ,18.17,18.38,18.17,18.35,36738,670405.09,INF109K1A476,754612,ICICIPRAMC - SMALLIETF,NEW,/home/suruchi-pandey/Projects/Bhavcopy-download-and-mail-code/2026/BhavCopy_NSE_CM_0_0_0_20260918_F_0000.csv
2026-09-18,SMARTWORKS,EQ,519.85,560.95,519.85,547.35,274681,150180500.75,INE0NAZ01010,757965,SMARTWORKS COWORKING SP L,NEW,/home/suruchi-pandey/Projects/Bhavcopy-download-and-mail-code/2026/BhavCopy_NSE_CM_0_0_0_20260918_F_0000.csv
2026-09-18,SMCGLOBAL,EQ,82.0,83.7,80.21,80.94,467005,38203946.49,INE103C01036,2320,SMC GLOBAL SECURITIES LTD,NEW,/home/suruchi-pandey/Projects/Bhavcopy-download-and-mail-code/2026/BhavCopy_NSE_CM_0_0_0_20260918_F_0000.csv
2026-09-18,SML100CASE,EQ,11.35,11.36,11.14,11.32,1176113,13267290.53,INF0R8F01141,758955,ZERODHAAMC - SML100CASE,NEW,/home/suruchi-pandey/Projects/Bhavcopy-download-and-mail-code/2026/BhavCopy_NSE_CM_0_0_0_20260918_F_0000.csv
2026-09-18,SMLMAH,EQ,6248.0,6484.0,6221.0,6292.5,53178,337312911.0,INE294B01019,3387,SML MAHINDRA LIMITED,NEW,/home/suruchi-pandey/Projects/Bhavcopy-download-and-mail-code/2026/BhavCopy_NSE_CM_0_0_0_20260918_F_0000.csv
2026-09-18,SMLT,EQ,62.88,62.88,59.98,61.42,3265,199431.0,INE017W01010,6843,SARTHAK METALS LIMITED,NEW,/home/suruchi-pandey/Projects/Bhavcopy-download-and-mail-code/2026/BhavCopy_NSE_CM_0_0_0_20260918_F_0000.csv
2026-09-18,SMSPHARMA,EQ,415.8,446.2,415.8,442.95,1745125,762966916.75,INE812G01025,14329,SMS PHARMACEUTICALS LTD.,NEW,/home/suruchi-pandey/Projects/Bhavcopy-download-and-mail-code/2026/BhavCopy_NSE_CM_0_0_0_20260918_F_0000.csv
2026-09-18,SNOWMAN,EQ,34.9,35.4,34.0,35.25,155817,5418315.55,INE734N01019,4843,SNOWMAN LOGISTICS LTD.,NEW,/home/suruchi-pandey/Projects/Bhavcopy-download-and-mail-code/2026/BhavCopy_NSE_CM_0_0_0_20260918_F_0000.csv
2026-09-18,SNXT30BEES,EQ,42.33,42.38,42.02,42.14,494,20825.51,INF204KC1EZ3,757455,NIPPONAMC - SNXT30BEES,NEW,/home/suruchi-pandey/Projects/Bhavcopy-download-and-mail-code/2026/BhavCopy_NSE_CM_0_0_0_20260918_F_0000.csv
2026-09-18,SNXT50BETA,EQ,93.36,94.4,91.63,92.86,2181,203070.91,INF789F1AUU3,9168,UTIAMC-SNXT50BETA,NEW,/home/suruchi-pandey/Projects/Bhavcopy-download-and-mail-code/2026/BhavCopy_NSE_CM_0_0_0_20260918_F_0000.csv
2026-09-18,SOBHA,EQ,1192.7,1225.8,1190.5,1215.2,120571,146292232.6,INE671H01015,13826,SOBHA LIMITED,NEW,/home/suruchi-pandey/Projects/Bhavcopy-download-and-mail-code/2026/BhavCopy_NSE_CM_0_0_0_20260918_F_0000.csv
2026-09-18,SOFTTECH,EQ,525.7,525.7,515.0,525.7,35070,18402954.8,INE728Z01015,8266,SOFTTECH ENGINEERS LTD,NEW,/home/suruchi-pandey/Projects/Bhavcopy-download-and-mail-code/2026/BhavCopy_NSE_CM_0_0_0_20260918_F_0000.csv
2026-09-18,SOLARA,EQ,741.7,750.4,730.0,742.05,260108,192514798.9,INE624Z01016,3672,SOLARA ACTIVE PHA SCI LTD,NEW,/home/suruchi-pandey/Projects/Bhavcopy-download-and-mail-code/2026/BhavCopy_NSE_CM_0_0_0_20260918_F_0000.csv
2026-09-18,SOLARINDS,EQ,18850.0,19080.0,18555.0,18555.0,202858,3830774775.0,INE343H01029,13332,SOLAR INDUSTRIES (I) LTD,NEW,/home/suruchi-pandey/Projects/Bhavcopy-download-and-mail-code/2026/BhavCopy_NSE_CM_0_0_0_20260918_F_0000.csv
2026-09-18,SOLARWORLD,EQ,134.37,136.39,132.2,133.56,125558,16823963.27,INE0TY101024,759929,SOLARWORLD ENERGY SOL LTD,NEW,/home/suruchi-pandey/Projects/Bhavcopy-download-and-mail-code/2026/BhavCopy_NSE_CM_0_0_0_20260918_F_0000.csv
2026-09-18,SOLEX,EQ,681.35,719.0,673.6,695.1,122265,85591390.25,INE880Y01017,759397,SOLEX ENERGY LIMITED,NEW,/home/suruchi-pandey/Projects/Bhavcopy-download-and-mail-code/2026/BhavCopy_NSE_CM_0_0_0_20260918_F_0000.csv
2026-09-18,SOMANYCERA,EQ,560.75,579.25,557.95,572.6,103703,59157516.15,INE355A01028,3880,SOMANY CERAMICS LIMITED,NEW,/home/suruchi-pandey/Projects/Bhavcopy-download-and-mail-code/2026/BhavCopy_NSE_CM_0_0_0_20260918_F_0000.csv
2026-09-18,SOMATEX,EQ,82.77,82.99,79.3,80.95,13997,1133095.47,INE314C01013,4201,SOMA TEXTILES & INDUST LT,NEW,/home/suruchi-pandey/Projects/Bhavcopy-download-and-mail-code/2026/BhavCopy_NSE_CM_0_0_0_20260918_F_0000.csv
2026-09-18,SOMICONVEY,EQ,97.59,97.59,94.0,94.25,11529,1096432.39,INE323J01019,17794,SOMI CONVEYOR BELT. LTD.,NEW,/home/suruchi-pandey/Projects/Bhavcopy-download-and-mail-code/2026/BhavCopy_NSE_CM_0_0_0_20260918_F_0000.csv
2026-09-18,SONACOMS,EQ,780.2,812.0,780.2,808.0,4201864,3382346357.8,INE073K01018,4684,SONA BLW PRECISION FRGS L,NEW,/home/suruchi-pandey/Projects/Bhavcopy-download-and-mail-code/2026/BhavCopy_NSE_CM_0_0_0_20260918_F_0000.csv
2026-09-18,SONAL,EQ,87.25,87.25,84.01,84.07,270,23110.32,INE321M01017,762919,SONAL MERCANTILE LTD.,NEW,/home/suruchi-pandey/Projects/Bhavcopy-download-and-mail-code/2026/BhavCopy_NSE_CM_0_0_0_20260918_F_0000.csv
2026-09-18,SONATSOFTW,EQ,282.0,282.05,272.2,274.0,672020,185328756.0,INE269A01021,6596,SONATA SOFTWARE LTD,NEW,/home/suruchi-pandey/Projects/Bhavcopy-download-and-mail-code/2026/BhavCopy_NSE_CM_0_0_0_20260918_F_0000.csv
2026-09-18,SOTL,EQ,693.0,720.0,686.05,708.05,236215,166952250.45,INE035D01020,3021,SAVITA OIL TECHNOLO. LTD,NEW,/home/suruchi-pandey/Projects/Bhavcopy-download-and-mail-code/2026/BhavCopy_NSE_CM_0_0_0_20260918_F_0000.csv
2026-09-18,SOUTHBANK,EQ,46.0,46.54,45.78,46.07,8637328,398938507.54,INE683A01023,5948,THE SOUTH INDIAN BANK LTD,NEW,/home/suruchi-pandey/Projects/Bhavcopy-download-and-mail-code/2026/BhavCopy_NSE_CM_0_0_0_20260918_F_0000.csv
2026-09-18,SOUTHWEST,EQ,199.0,202.5,193.44,196.11,197258,38846323.77,INE980Y01015,9678,SOUTH WEST PINNACLE LTD,NEW,/home/suruchi-pandey/Projects/Bhavcopy-download-and-mail-code/2026/BhavCopy_NSE_CM_0_0_0_20260918_F_0000.csv
2026-09-18,SPAL,EQ,998.2,1012.9,981.0,994.3,23776,23676780.2,INE212I01016,18252,S. P. APPARELS LIMITED,NEW,/home/suruchi-pandey/Projects/Bhavcopy-download-and-mail-code/2026/BhavCopy_NSE_CM_0_0_0_20260918_F_0000.csv
2026-09-18,SPANDANA,EQ,227.02,231.3,227.0,229.25,74230,16997099.16,INE572J01011,11435,SPANDANA SPHOORTY FIN LTD,NEW,/home/suruchi-pandey/Projects/Bhavcopy-download-and-mail-code/2026/BhavCopy_NSE_CM_0_0_0_20260918_F_0000.csv
2026-09-18,SPARC,EQ,193.16,198.6,192.39,193.92,682997,133068268.95,INE232I01014,14788,SUN PHARMA ADV.RES.CO.LTD,NEW,/home/suruchi-pandey/Projects/Bhavcopy-download-and-mail-code/2026/BhavCopy_NSE_CM_0_0_0_20260918_F_0000.csv
2026-09-18,SPCENET,EQ,3.2,3.26,3.1,3.13,702541,2226914.26,INE970N01027,19372,SPACENET ENTERS IND LTD,NEW,/home/suruchi-pandey/Projects/Bhavcopy-download-and-mail-code/2026/BhavCopy_NSE_CM_0_0_0_20260918_F_0000.csv
2026-09-18,SPENCERS,EQ,28.5,29.4,27.62,28.38,28173,799249.05,INE020801028,8163,SPENCER S RETAIL LIMITED,NEW,/home/suruchi-pandey/Projects/Bhavcopy-download-and-mail-code/2026/BhavCopy_NSE_CM_0_0_0_20260918_F_0000.csv
2026-09-18,SPIC,EQ,67.3,69.09,67.25,68.7,616680,42106873.77,INE147A01011,3252,SPIC LTD,NEW,/home/suruchi-pandey/Projects/Bhavcopy-download-and-mail-code/2026/BhavCopy_NSE_CM_0_0_0_20260918_F_0000.csv
2026-09-18,SPLIL,EQ,29.65,30.79,29.65,30.3,1395,42029.07,INE978G01016,11935,SPL INDUSTRIES LIMITED,NEW,/home/suruchi-pandey/Projects/Bhavcopy-download-and-mail-code/2026/BhavCopy_NSE_CM_0_0_0_20260918_F_0000.csv
2026-09-18,SPLPETRO,EQ,811.4,872.0,804.9,865.7,1234723,1054367602.35,INE663A01033,9617,SUPREME PETROCHEM LIMITED,NEW,/home/suruchi-pandey/Projects/Bhavcopy-download-and-mail-code/2026/BhavCopy_NSE_CM_0_0_0_20260918_F_0000.csv
2026-09-18,SPMLINFRA,EQ,170.0,174.56,167.15,168.23,101537,17256390.7,INE937A01023,3321,SPML INFRA LIMITED,NEW,/home/suruchi-pandey/Projects/Bhavcopy-download-and-mail-code/2026/BhavCopy_NSE_CM_0_0_0_20260918_F_0000.csv
2026-09-18,SPORTKING,EQ,201.35,204.69,201.0,203.85,135881,27601881.59,INE885H01029,10733,SPORTKING INDIA LIMITED,NEW,/home/suruchi-pandey/Projects/Bhavcopy-download-and-mail-code/2026/BhavCopy_NSE_CM_0_0_0_20260918_F_0000.csv
2026-09-18,SRD,EQ,40.29,40.29,39.1,39.15,8341,330758.06,INE01NE01012,25737,SHANKAR LAL RAMPAL LTD,NEW,/home/suruchi-pandey/Projects/Bhavcopy-download-and-mail-code/2026/BhavCopy_NSE_CM_0_0_0_20260918_F_0000.csv
2026-09-18,SRF,EQ,2536.6,2569.9,2512.0,2512.0,401209,1019430256.5,INE647A01010,3273,SRF LTD,NEW,/home/suruchi-pandey/Projects/Bhavcopy-download-and-mail-code/2026/BhavCopy_NSE_CM_0_0_0_20260918_F_0000.csv
2026-09-18,SRGHFL,EQ,132.05,132.85,127.05,128.15,45678,5939720.85,INE559N01010,18119,SRG HOUSING FINANCE L,NEW,/home/suruchi-pandey/Projects/Bhavcopy-download-and-mail-code/2026/BhavCopy_NSE_CM_0_0_0_20260918_F_0000.csv
2026-09-18,SRHHYPOLTD,EQ,521.0,525.05,519.8,523.1,26767,14000002.5,INE917H01012,14582,SREE RAYALSEEMA HHP LTD.,NEW,/home/suruchi-pandey/Projects/Bhavcopy-download-and-mail-code/2026/BhavCopy_NSE_CM_0_0_0_20260918_F_0000.csv
2026-09-18,SRM,EQ,425.65,429.25,420.65,423.85,14465,6128456.7,INE0R6Z01013,23402,SRM CONTRACTORS LIMITED,NEW,/home/suruchi-pandey/Projects/Bhavcopy-download-and-mail-code/2026/BhavCopy_NSE_CM_0_0_0_20260918_F_0000.csv
2026-09-18,SRTL,EQ,37.9,38.39,36.5,38.02,36125,1362190.05,INE19GK01015,760188,SHREE RAM TWISTEX LIMITED,NEW,/home/suruchi-pandey/Projects/Bhavcopy-download-and-mail-code/2026/BhavCopy_NSE_CM_0_0_0_20260918_F_0000.csv
2026-09-18,SSDL,EQ,62.08,62.85,60.2,61.35,27910,1720574.8,INE0PQ101010,24856,SARASWATI SAREE DEPOT LTD,NEW,/home/suruchi-pandey/Projects/Bhavcopy-download-and-mail-code/2026/BhavCopy_NSE_CM_0_0_0_20260918_F_0000.csv
2026-09-18,SSWL,EQ,351.65,378.8,350.15,372.4,1835082,681749756.65,INE802C01033,11829,STEEL STRIPS WHEELS LTD.,NEW,/home/suruchi-pandey/Projects/Bhavcopy-download-and-mail-code/2026/BhavCopy_NSE_CM_0_0_0_20260918_F_0000.csv
2026-09-18,STANLEY,EQ,137.01,138.99,137.01,137.45,31819,4380900.93,INE01A001028,24226,STANLEY LIFESTYLES LTD,NEW,/home/suruchi-pandey/Projects/Bhavcopy-download-and-mail-code/2026/BhavCopy_NSE_CM_0_0_0_20260918_F_0000.csv
2026-09-18,STAR,EQ,1202.6,1229.4,1200.0,1219.8,282913,343657825.2,INE939A01011,7374,STRIDES PHARMA SCI LTD,NEW,/home/suruchi-pandey/Projects/Bhavcopy-download-and-mail-code/2026/BhavCopy_NSE_CM_0_0_0_20260918_F_0000.csv
2026-09-18,STARCEMENT,EQ,188.9,195.79,188.9,194.25,271084,52165317.41,INE460H01021,21091,STAR CEMENT LIMITED,NEW,/home/suruchi-pandey/Projects/Bhavcopy-download-and-mail-code/2026/BhavCopy_NSE_CM_0_0_0_20260918_F_0000.csv
2026-09-18,STARHEALTH,EQ,558.0,559.65,542.1,547.05,2515581,1379221116.65,INE575P01011,7083,STAR HEALTH & AL INS CO L,NEW,/home/suruchi-pandey/Projects/Bhavcopy-download-and-mail-code/2026/BhavCopy_NSE_CM_0_0_0_20260918_F_0000.csv
2026-09-18,STARPAPER,EQ,156.01,159.5,155.01,158.82,5933,931334.51,INE733A01018,3291,STAR PAPER MILLS LTD,NEW,/home/suruchi-pandey/Projects/Bhavcopy-download-and-mail-code/2026/BhavCopy_NSE_CM_0_0_0_20260918_F_0000.csv
2026-09-18,STARTECK,EQ,240.0,261.5,236.1,240.0,201,49564.5,INE992I01013,9305,STARTECK FINANCE LIMITED,NEW,/home/suruchi-pandey/Projects/Bhavcopy-download-and-mail-code/2026/BhavCopy_NSE_CM_0_0_0_20260918_F_0000.csv
2026-09-18,STCINDIA,EQ,112.3,113.15,111.1,111.54,9715,1085345.24,INE655A01013,10948,THE STATE TRADING CORPN,NEW,/home/suruchi-pandey/Projects/Bhavcopy-download-and-mail-code/2026/BhavCopy_NSE_CM_0_0_0_20260918_F_0000.csv
2026-09-18,STEAMHOUSE,EQ,100.7,106.0,95.01,97.98,23967427,2410991191.61,INE0FRO01022,766065,STEAMHOUSE INDIA LIMITED,NEW,/home/suruchi-pandey/Projects/Bhavcopy-download-and-mail-code/2026/BhavCopy_NSE_CM_0_0_0_20260918_F_0000.csv
2026-09-18,STEELCAS,EQ,306.85,323.0,306.85,319.9,92629,29453998.4,INE124E01038,6803,STEELCAST LIMITED,NEW,/home/suruchi-pandey/Projects/Bhavcopy-download-and-mail-code/2026/BhavCopy_NSE_CM_0_0_0_20260918_F_0000.csv
2026-09-18,STEELCITY,EQ,85.5,86.59,85.0,85.39,2941,251879.24,INE395H01011,10406,STEEL CITY SECURITIES LTD,NEW,/home/suruchi-pandey/Projects/Bhavcopy-download-and-mail-code/2026/BhavCopy_NSE_CM_0_0_0_20260918_F_0000.csv
2026-09-18,STEELXIND,EQ,11.18,11.9,11.18,11.74,6471920,74603978.23,INE503B01021,21339,STEEL EXCHANGE INDIA LTD,NEW,/home/suruchi-pandey/Projects/Bhavcopy-download-and-mail-code/2026/BhavCopy_NSE_CM_0_0_0_20260918_F_0000.csv
2026-09-18,STEL,EQ,657.0,658.15,631.95,654.2,12670,8214030.55,INE577L01016,21484,STEL HOLDINGS LIMITED,NEW,/home/suruchi-pandey/Projects/Bhavcopy-download-and-mail-code/2026/BhavCopy_NSE_CM_0_0_0_20260918_F_0000.csv
2026-09-18,STLNETWORK,EQ,42.95,42.95,42.95,42.95,1250147,53693813.65,INE1VXE01018,758958,STL NETWORKS LIMITED,NEW,/home/suruchi-pandey/Projects/Bhavcopy-download-and-mail-code/2026/BhavCopy_NSE_CM_0_0_0_20260918_F_0000.csv
2026-09-18,STLSTRINF,EQ,26.0,26.9,23.12,23.47,28554,696656.77,INE205F01016,765170,STEEL STRIPS INFRA L,NEW,/home/suruchi-pandey/Projects/Bhavcopy-download-and-mail-code/2026/BhavCopy_NSE_CM_0_0_0_20260918_F_0000.csv
2026-09-18,STOVEKRAFT,EQ,833.65,840.45,825.25,829.3,75158,62529072.45,INE00IN01015,2107,STOVE KRAFT LIMITED,NEW,/home/suruchi-pandey/Projects/Bhavcopy-download-and-mail-code/2026/BhavCopy_NSE_CM_0_0_0_20260918_F_0000.csv
2026-09-18,STUDDS,EQ,408.8,410.1,402.75,407.1,21853,8876594.2,INE00Q601028,759587,STUDDS ACCESSORIES LTD,NEW,/home/suruchi-pandey/Projects/Bhavcopy-download-and-mail-code/2026/BhavCopy_NSE_CM_0_0_0_20260918_F_0000.csv
2026-09-18,STYL,EQ,366.0,369.95,355.0,360.35,182909,66375492.85,INE04VU01023,759934,SESHAASAI TECHNOLOGIES L,NEW,/home/suruchi-pandey/Projects/Bhavcopy-download-and-mail-code/2026/BhavCopy_NSE_CM_0_0_0_20260918_F_0000.csv
2026-09-18,STYLAMIND,EQ,3238.2,3308.0,3236.6,3295.5,12878,42347884.8,INE239C01020,5186,STYLAM INDUSTRIES LIMITED,NEW,/home/suruchi-pandey/Projects/Bhavcopy-download-and-mail-code/2026/BhavCopy_NSE_CM_0_0_0_20260918_F_0000.csv
2026-09-18,STYLEBAAZA,EQ,385.0,394.0,380.35,386.75,591675,229228219.7,INE01FR01028,25114,BAAZAR STYLE RETAIL LTD,NEW,/home/suruchi-pandey/Projects/Bhavcopy-download-and-mail-code/2026/BhavCopy_NSE_CM_0_0_0_20260918_F_0000.csv
2026-09-18,STYRENIX,EQ,2065.9,2095.4,2050.7,2067.9,22964,47641218.3,INE189B01011,19,STYRENIX PERFORMANCE LTD,NEW,/home/suruchi-pandey/Projects/Bhavcopy-download-and-mail-code/2026/BhavCopy_NSE_CM_0_0_0_20260918_F_0000.csv
2026-09-18,SUBEXLTD,EQ,20.09,20.68,19.68,20.11,8841874,178400068.19,INE754A01055,967,SUBEX LTD,NEW,/home/suruchi-pandey/Projects/Bhavcopy-download-and-mail-code/2026/BhavCopy_NSE_CM_0_0_0_20260918_F_0000.csv
2026-09-18,SUBROS,EQ,685.1,739.0,685.1,720.3,73793,52909000.45,INE287B01021,3324,SUBROS LIMITED,NEW,/home/suruchi-pandey/Projects/Bhavcopy-download-and-mail-code/2026/BhavCopy_NSE_CM_0_0_0_20260918_F_0000.csv
2026-09-18,SUDARCOLOR,EQ,379.45,382.9,376.55,379.6,2802,1061840.0,INE492A01029,715,SUDARSHAN COLORNT IND LTD,NEW,/home/suruchi-pandey/Projects/Bhavcopy-download-and-mail-code/2026/BhavCopy_NSE_CM_0_0_0_20260918_F_0000.csv
2026-09-18,SUDARSCHEM,EQ,1203.8,1278.0,1199.4,1263.5,318843,401805918.6,INE659A01023,3327,SUDARSHAN CHEMICAL INDS L,NEW,/home/suruchi-pandey/Projects/Bhavcopy-download-and-mail-code/2026/BhavCopy_NSE_CM_0_0_0_20260918_F_0000.csv
2026-09-18,SUDEEPPHRM,EQ,1107.2,1160.6,1107.2,1155.0,217226,249113954.4,INE0QPI01025,760039,SUDEEP PHARMA LIMITED,NEW,/home/suruchi-pandey/Projects/Bhavcopy-download-and-mail-code/2026/BhavCopy_NSE_CM_0_0_0_20260918_F_0000.csv
2026-09-18,SUKHJITS,EQ,161.8,162.98,160.36,161.95,16431,2658439.53,INE450E01029,11804,SUKHJIT STARCH & CHEM LTD,NEW,/home/suruchi-pandey/Projects/Bhavcopy-download-and-mail-code/2026/BhavCopy_NSE_CM_0_0_0_20260918_F_0000.csv
2026-09-18,SULA,EQ,135.9,136.99,134.1,134.49,213274,28753249.19,INE142Q01026,13218,SULA VINEYARDS LIMITED,NEW,/home/suruchi-pandey/Projects/Bhavcopy-download-and-mail-code/2026/BhavCopy_NSE_CM_0_0_0_20260918_F_0000.csv
2026-09-18,SUMEDHA,EQ,44.16,46.39,42.52,44.4,1646,73094.76,INE886B01012,765175,SUMEDHA FISCAL SERVICES L,NEW,/home/suruchi-pandey/Projects/Bhavcopy-download-and-mail-code/2026/BhavCopy_NSE_CM_0_0_0_20260918_F_0000.csv
2026-09-18,SUMEETINDS,EQ,9.35,9.66,9.3,9.56,1016943,9639009.33,INE235C01036,20790,SUMEET IND LIMITED,NEW,/home/suruchi-pandey/Projects/Bhavcopy-download-and-mail-code/2026/BhavCopy_NSE_CM_0_0_0_20260918_F_0000.csv
2026-09-18,SUMICHEM,EQ,456.55,469.0,455.75,460.85,605290,280027911.95,INE258G01013,17105,SUMITOMO CHEM INDIA LTD,NEW,/home/suruchi-pandey/Projects/Bhavcopy-download-and-mail-code/2026/BhavCopy_NSE_CM_0_0_0_20260918_F_0000.csv
2026-09-18,SUMIT,EQ,50.0,50.0,47.03,49.43,5452,271425.23,INE748Z01013,11140,SUMIT WOODS LIMITED,NEW,/home/suruchi-pandey/Projects/Bhavcopy-download-and-mail-code/2026/BhavCopy_NSE_CM_0_0_0_20260918_F_0000.csv
2026-09-18,SUMMITSEC,EQ,1392.0,1419.9,1389.0,1412.0,1257,1763959.9,INE519C01017,21275,SUMMIT SECURITIES LTD,NEW,/home/suruchi-pandey/Projects/Bhavcopy-download-and-mail-code/2026/BhavCopy_NSE_CM_0_0_0_20260918_F_0000.csv
2026-09-18,SUNCLAY,EQ,1270.9,1279.2,1251.0,1254.6,2172,2732725.4,INE0Q3R01026,20956,SUNDARAM CLAYTON LIMITED,NEW,/home/suruchi-pandey/Projects/Bhavcopy-download-and-mail-code/2026/BhavCopy_NSE_CM_0_0_0_20260918_F_0000.csv
2026-09-18,SUNDARAM,EQ,1.18,1.21,1.16,1.16,522850,615285.74,INE108E01023,18931,SUNDARAM MULTI PAP LTD,NEW,/home/suruchi-pandey/Projects/Bhavcopy-download-and-mail-code/2026/BhavCopy_NSE_CM_0_0_0_20260918_F_0000.csv
2026-09-18,SUNDARMFIN,EQ,4634.5,4790.0,4630.0,4730.6,179114,844462741.9,INE660A01013,3339,SUNDARAM FINANCE LTD,NEW,/home/suruchi-pandey/Projects/Bhavcopy-download-and-mail-code/2026/BhavCopy_NSE_CM_0_0_0_20260918_F_0000.csv
2026-09-18,SUNDRMFAST,EQ,1229.0,1240.6,1221.5,1228.2,237526,291811418.3,INE387A01021,3345,SUNDRAM FASTENERS LTD,NEW,/home/suruchi-pandey/Projects/Bhavcopy-download-and-mail-code/2026/BhavCopy_NSE_CM_0_0_0_20260918_F_0000.csv
2026-09-18,SUNDROP,EQ,671.4,671.5,660.1,663.4,1428,948876.6,INE209A01019,1663,SUNDROP BRANDS LIMITED,NEW,/home/suruchi-pandey/Projects/Bhavcopy-download-and-mail-code/2026/BhavCopy_NSE_CM_0_0_0_20260918_F_0000.csv
2026-09-18,SUNFLAG,EQ,346.8,354.0,343.0,345.1,219245,76164970.45,INE947A01014,3348,SUNFLAG IRON AND STEEL CO,NEW,/home/suruchi-pandey/Projects/Bhavcopy-download-and-mail-code/2026/BhavCopy_NSE_CM_0_0_0_20260918_F_0000.csv
2026-09-18,SUNLOC,EQ,73.49,73.49,73.49,73.49,1,73.49,INE671C01016,765180,SUNIL HEALTHCARE LTD.,NEW,/home/suruchi-pandey/Projects/Bhavcopy-download-and-mail-code/2026/BhavCopy_NSE_CM_0_0_0_20260918_F_0000.csv
2026-09-18,SUNPHARMA,EQ,1866.1,1877.2,1837.3,1837.3,2896860,5358855632.9,INE044A01036,3351,SUN PHARMACEUTICAL IND L,NEW,/home/suruchi-pandey/Projects/Bhavcopy-download-and-mail-code/2026/BhavCopy_NSE_CM_0_0_0_20260918_F_0000.csv
2026-09-18,SUNRAKSHAK,EQ,369.65,369.95,363.5,368.5,3601,1317987.9,INE671K01027,764925,SUNRAKSHAKK INDUS IND L,NEW,/home/suruchi-pandey/Projects/Bhavcopy-download-and-mail-code/2026/BhavCopy_NSE_CM_0_0_0_20260918_F_0000.csv
2026-09-18,SUNSHIEL,EQ,1242.0,1242.0,1218.8,1233.3,2481,3052675.5,INE199E01014,764930,SUNSHIELD CHEMICALS LTD.,NEW,/home/suruchi-pandey/Projects/Bhavcopy-download-and-mail-code/2026/BhavCopy_NSE_CM_0_0_0_20260918_F_0000.csv
2026-09-18,SUNSHINE,EQ,399.0,413.5,390.65,398.3,1408607,564432596.25,INE1B3O01011,765387,SUNSHINE PICTURES LIMITED,NEW,/home/suruchi-pandey/Projects/Bhavcopy-download-and-mail-code/2026/BhavCopy_NSE_CM_0_0_0_20260918_F_0000.csv
2026-09-18,SUNTECK,EQ,281.2,298.0,280.8,294.05,126393,36676294.3,INE805D01034,17641,SUNTECK REALTY LIMITED,NEW,/home/suruchi-pandey/Projects/Bhavcopy-download-and-mail-code/2026/BhavCopy_NSE_CM_0_0_0_20260918_F_0000.csv
2026-09-18,SUNTV,EQ,469.8,470.4,449.05,451.7,943160,428755598.95,INE424H01027,13404,SUN TV NETWORK LIMITED,NEW,/home/suruchi-pandey/Projects/Bhavcopy-download-and-mail-code/2026/BhavCopy_NSE_CM_0_0_0_20260918_F_0000.csv
2026-09-18,SUPERHOUSE,EQ,171.95,171.95,160.1,165.1,7472,1238770.56,INE712B01010,20616,SUPERHOUSE LIMITED,NEW,/home/suruchi-pandey/Projects/Bhavcopy-download-and-mail-code/2026/BhavCopy_NSE_CM_0_0_0_20260918_F_0000.csv
2026-09-18,SUPRAJIT,EQ,484.75,502.7,482.25,499.05,184177,91481631.4,INE399C01030,11689,SUPRAJIT ENGINEERING LTD,NEW,/home/suruchi-pandey/Projects/Bhavcopy-download-and-mail-code/2026/BhavCopy_NSE_CM_0_0_0_20260918_F_0000.csv
2026-09-18,SUPREME,EQ,32.22,33.3,31.68,32.0,10410,339360.35,INE822E01011,29439,SUPREME HOLDIN N HOSP I L,NEW,/home/suruchi-pandey/Projects/Bhavcopy-download-and-mail-code/2026/BhavCopy_NSE_CM_0_0_0_20260918_F_0000.csv
2026-09-18,SUPREMEIND,EQ,3347.4,3580.3,3347.4,3580.3,469754,1630593677.5,INE195A01028,3363,SUPREME INDUSTRIES LTD,NEW,/home/suruchi-pandey/Projects/Bhavcopy-download-and-mail-code/2026/BhavCopy_NSE_CM_0_0_0_20260918_F_0000.csv
2026-09-18,SUPREMEINF,EQ,84.49,84.49,79.35,79.88,32459,2600690.61,INE550H01011,15002,SUPREME INFRA. LTD.,NEW,/home/suruchi-pandey/Projects/Bhavcopy-download-and-mail-code/2026/BhavCopy_NSE_CM_0_0_0_20260918_F_0000.csv
2026-09-18,SUPRIYA,EQ,900.65,920.0,895.75,906.3,130367,118330048.35,INE07RO01027,7390,SUPRIYA LIFESCIENCE LTD,NEW,/home/suruchi-pandey/Projects/Bhavcopy-download-and-mail-code/2026/BhavCopy_NSE_CM_0_0_0_20260918_F_0000.csv
2026-09-18,SURAJEST,EQ,178.25,195.62,176.7,192.25,641088,121900997.59,INE843S01025,20822,SURAJ ESTATE DEVELOPERS L,NEW,/home/suruchi-pandey/Projects/Bhavcopy-download-and-mail-code/2026/BhavCopy_NSE_CM_0_0_0_20260918_F_0000.csv
2026-09-18,SURAJLTD,EQ,201.89,201.89,197.03,200.79,436,87239.65,INE713C01016,24966,SURAJ LIMITED,NEW,/home/suruchi-pandey/Projects/Bhavcopy-download-and-mail-code/2026/BhavCopy_NSE_CM_0_0_0_20260918_F_0000.csv
2026-09-18,SURAKSHA,EQ,328.95,338.0,327.55,335.1,117799,39443881.85,INE877V01027,27334,SURAKSHA DIAGNOSTIC LTD,NEW,/home/suruchi-pandey/Projects/Bhavcopy-download-and-mail-code/2026/BhavCopy_NSE_CM_0_0_0_20260918_F_0000.csv
2026-09-18,SURANASOL,EQ,24.9,25.95,24.86,25.5,59455,1515054.68,INE272L01022,21077,SURANA SOLAR LIMITED,NEW,/home/suruchi-pandey/Projects/Bhavcopy-download-and-mail-code/2026/BhavCopy_NSE_CM_0_0_0_20260918_F_0000.csv
2026-09-18,SURANAT&P,EQ,15.75,17.2,15.75,16.39,133228,2212993.31,INE130B01031,10700,SURANA TELECOM AND POW LT,NEW,/home/suruchi-pandey/Projects/Bhavcopy-download-and-mail-code/2026/BhavCopy_NSE_CM_0_0_0_20260918_F_0000.csv
2026-09-18,SURYALA,EQ,405.0,405.0,395.0,395.0,39,15415.0,INE132C01027,762924,SURYALATA SPINNING MILL L,NEW,/home/suruchi-pandey/Projects/Bhavcopy-download-and-mail-code/2026/BhavCopy_NSE_CM_0_0_0_20260918_F_0000.csv
2026-09-18,SURYALAXMI,EQ,58.07,58.87,57.0,57.76,2230,128716.62,INE713B01026,11852,SURYALAKSHMI COT MIL LTD,NEW,/home/suruchi-pandey/Projects/Bhavcopy-download-and-mail-code/2026/BhavCopy_NSE_CM_0_0_0_20260918_F_0000.csv
2026-09-18,SURYAROSNI,EQ,210.95,212.84,209.05,210.62,604194,127289362.35,INE335A01020,3375,SURYA ROSHNI LTD,NEW,/home/suruchi-pandey/Projects/Bhavcopy-download-and-mail-code/2026/BhavCopy_NSE_CM_0_0_0_20260918_F_0000.csv
2026-09-18,SURYODAY,EQ,146.95,147.31,145.3,146.63,147616,21609747.35,INE428Q01011,2970,SURYODAY SMALL FIN BK LTD,NEW,/home/suruchi-pandey/Projects/Bhavcopy-download-and-mail-code/2026/BhavCopy_NSE_CM_0_0_0_20260918_F_0000.csv
2026-09-18,SUVEN,EQ,353.8,353.8,338.0,341.55,261686,90060301.4,INE495B01038,11233,SUVEN LIFE SCIENCES LTD,NEW,/home/suruchi-pandey/Projects/Bhavcopy-download-and-mail-code/2026/BhavCopy_NSE_CM_0_0_0_20260918_F_0000.csv
2026-09-18,SUVIDHAA,EQ,2.2,2.3,2.2,2.22,49615,110233.22,INE018401013,2998,SUVIDHAA INFOSERVE LTD,NEW,/home/suruchi-pandey/Projects/Bhavcopy-download-and-mail-code/2026/BhavCopy_NSE_CM_0_0_0_20260918_F_0000.csv
2026-09-18,SUYOG,EQ,671.5,671.5,645.2,649.4,25191,16465200.35,INE442P01014,24851,SUYOG TELEMATICS LIMITED,NEW,/home/suruchi-pandey/Projects/Bhavcopy-download-and-mail-code/2026/BhavCopy_NSE_CM_0_0_0_20260918_F_0000.csv
2026-09-18,SUZLON,EQ,42.9,43.75,42.67,43.14,63471191,2748999979.84,INE040H01021,12018,SUZLON ENERGY LIMITED,NEW,/home/suruchi-pandey/Projects/Bhavcopy-download-and-mail-code/2026/BhavCopy_NSE_CM_0_0_0_20260918_F_0000.csv
2026-09-18,SVGLOBAL,EQ,127.5,153.91,126.4,147.92,6683,949670.94,INE159L01013,764940,S V GLOBAL MILL LTD.,NEW,/home/suruchi-pandey/Projects/Bhavcopy-download-and-mail-code/2026/BhavCopy_NSE_CM_0_0_0_20260918_F_0000.csv
2026-09-18,SVLL,EQ,818.45,825.0,801.0,815.85,1039,844164.1,INE00CE01017,15121,SHREE VASU LOGISTICS LTD,NEW,/home/suruchi-pandey/Projects/Bhavcopy-download-and-mail-code/2026/BhavCopy_NSE_CM_0_0_0_20260918_F_0000.csv
2026-09-18,SVPGLOB,EQ,3.47,3.51,3.27,3.49,18472,63498.62,INE308E01029,5020,SVP GLOBAL TEXTILES LTD,NEW,/home/suruchi-pandey/Projects/Bhavcopy-download-and-mail-code/2026/BhavCopy_NSE_CM_0_0_0_20260918_F_0000.csv
2026-09-18,SWANCORP,EQ,287.8,297.0,287.3,294.95,1412160,413142189.6,INE665A01038,27095,SWAN CORP LIMITED,NEW,/home/suruchi-pandey/Projects/Bhavcopy-download-and-mail-code/2026/BhavCopy_NSE_CM_0_0_0_20260918_F_0000.csv
2026-09-18,SWARAJENG,EQ,3552.4,3635.0,3542.1,3625.1,6970,24995781.8,INE277A01016,3384,SWARAJ ENGINES LTD,NEW,/home/suruchi-pandey/Projects/Bhavcopy-download-and-mail-code/2026/BhavCopy_NSE_CM_0_0_0_20260918_F_0000.csv
2026-09-18,SWARNSAR,EQ,38.72,38.98,37.66,38.96,862,32698.73,INE967A01012,765185,SWARNSARITA JEWELS IND L,NEW,/home/suruchi-pandey/Projects/Bhavcopy-download-and-mail-code/2026/BhavCopy_NSE_CM_0_0_0_20260918_F_0000.csv
2026-09-18,SWELECTES,EQ,560.0,560.0,550.0,556.8,8473,4711801.05,INE409B01013,11909,SWELECT ENERGY SYS LTD,NEW,/home/suruchi-pandey/Projects/Bhavcopy-download-and-mail-code/2026/BhavCopy_NSE_CM_0_0_0_20260918_F_0000.csv
2026-09-18,SWIGGY,EQ,277.0,280.0,273.05,273.05,20140282,5554789892.3,INE00H001014,27066,SWIGGY LIMITED,NEW,/home/suruchi-pandey/Projects/Bhavcopy-download-and-mail-code/2026/BhavCopy_NSE_CM_0_0_0_20260918_F_0000.csv
2026-09-18,SWSOLAR,EQ,180.0,180.97,174.4,176.06,1209329,214698690.16,INE00M201021,12489,STRLNG & WIL REN ENE LTD,NEW,/home/suruchi-pandey/Projects/Bhavcopy-download-and-mail-code/2026/BhavCopy_NSE_CM_0_0_0_20260918_F_0000.csv
2026-09-18,SYMBIOTEC,EQ,1050.0,1106.9,1048.0,1095.1,1099366,1187730126.05,INE899I01028,765485,SYMBIOTEC PHARMALAB LTD,NEW,/home/suruchi-pandey/Projects/Bhavcopy-download-and-mail-code/2026/BhavCopy_NSE_CM_0_0_0_20260918_F_0000.csv
2026-09-18,SYMPHONY,EQ,581.8,604.8,580.1,598.65,71400,42332914.2,INE225D01027,24190,SYMPHONY LIMITED,NEW,/home/suruchi-pandey/Projects/Bhavcopy-download-and-mail-code/2026/BhavCopy_NSE_CM_0_0_0_20260918_F_0000.csv
2026-09-18,SYNCOMF,EQ,18.8,20.25,18.8,20.04,10260532,203644881.8,INE312C01025,11992,SYNCOM FORMU (I) LTD,NEW,/home/suruchi-pandey/Projects/Bhavcopy-download-and-mail-code/2026/BhavCopy_NSE_CM_0_0_0_20260918_F_0000.csv
2026-09-18,SYNGENE,EQ,379.1,384.0,366.65,369.05,2498133,929435361.8,INE398R01022,10243,SYNGENE INTERNATIONAL LTD,NEW,/home/suruchi-pandey/Projects/Bhavcopy-download-and-mail-code/2026/BhavCopy_NSE_CM_0_0_0_20260918_F_0000.csv
2026-09-18,SYRMA,EQ,1614.1,1764.0,1612.0,1728.9,10474149,18063071612.4,INE0DYJ01015,10793,SYRMA SGS TECHNOLOGY LTD,NEW,/home/suruchi-pandey/Projects/Bhavcopy-download-and-mail-code/2026/BhavCopy_NSE_CM_0_0_0_20260918_F_0000.csv
2026-09-18,TAALTECH,EQ,5359.9,5483.8,5250.1,5416.3,11685,63159075.7,INE524T01011,762929,TAAL TECH LTD.,NEW,/home/suruchi-pandey/Projects/Bhavcopy-download-and-mail-code/2026/BhavCopy_NSE_CM_0_0_0_20260918_F_0000.csv
2026-09-18,TAINWALCHM,EQ,208.0,215.0,208.0,213.11,2239,477741.39,INE123C01018,3396,TAINWALA CHEMICAL AND PLA,NEW,/home/suruchi-pandey/Projects/Bhavcopy-download-and-mail-code/2026/BhavCopy_NSE_CM_0_0_0_20260918_F_0000.csv
2026-09-18,TAJGVK,EQ,335.0,336.05,331.0,334.7,51856,17298306.05,INE586B01026,9354,TAJ GVK HOTELS & RESORTS,NEW,/home/suruchi-pandey/Projects/Bhavcopy-download-and-mail-code/2026/BhavCopy_NSE_CM_0_0_0_20260918_F_0000.csv
2026-09-18,TAKE,EQ,16.16,16.5,15.96,15.96,236867,3800336.53,INE142I01023,14917,TAKE LIMITED,NEW,/home/suruchi-pandey/Projects/Bhavcopy-download-and-mail-code/2026/BhavCopy_NSE_CM_0_0_0_20260918_F_0000.csv
2026-09-18,TALBROAUTO,EQ,442.0,480.8,437.5,476.7,1960823,919000081.45,INE187D01029,13648,TALBROS AUTO. COMP. LTD,NEW,/home/suruchi-pandey/Projects/Bhavcopy-download-and-mail-code/2026/BhavCopy_NSE_CM_0_0_0_20260918_F_0000.csv
2026-09-18,TANAA,EQ,266.05,274.0,263.25,266.35,9722,2589184.3,INE692C01020,764945,TANEJA AEROSPACE & AVIA L,NEW,/home/suruchi-pandey/Projects/Bhavcopy-download-and-mail-code/2026/BhavCopy_NSE_CM_0_0_0_20260918_F_0000.csv
2026-09-18,TANLA,EQ,498.5,499.05,486.8,489.25,400725,196833352.55,INE483C01032,13976,TANLA PLATFORMS LIMITED,NEW,/home/suruchi-pandey/Projects/Bhavcopy-download-and-mail-code/2026/BhavCopy_NSE_CM_0_0_0_20260918_F_0000.csv
2026-09-18,TARACHAND,EQ,47.8,48.5,46.51,47.69,34465,1627586.63,INE555Z01020,23512,TARA CHAND INFRA SOLN LTD,NEW,/home/suruchi-pandey/Projects/Bhavcopy-download-and-mail-code/2026/BhavCopy_NSE_CM_0_0_0_20260918_F_0000.csv
2026-09-18,TARAPUR,EQ,12.46,12.87,12.1,12.55,25602,318461.05,INE747K01017,18827,TARAPUR TRANSFORMERS LTD,NEW,/home/suruchi-pandey/Projects/Bhavcopy-download-and-mail-code/2026/BhavCopy_NSE_CM_0_0_0_20260918_F_0000.csv
2026-09-18,TARC,EQ,131.18,134.99,129.01,133.09,537993,71290949.09,INE0EK901012,1581,TARC LIMITED,NEW,/home/suruchi-pandey/Projects/Bhavcopy-download-and-mail-code/2026/BhavCopy_NSE_CM_0_0_0_20260918_F_0000.csv
2026-09-18,TARIL,EQ,278.1,285.25,278.1,279.85,1238672,348481893.45,INE763I01026,15174,TRANS & RECTI. LTD,NEW,/home/suruchi-pandey/Projects/Bhavcopy-download-and-mail-code/2026/BhavCopy_NSE_CM_0_0_0_20260918_F_0000.csv
2026-09-18,TARMAT,EQ,59.6,59.6,57.24,57.76,3487,201860.02,INE924H01018,14771,TARMAT LIMITED,NEW,/home/suruchi-pandey/Projects/Bhavcopy-download-and-mail-code/2026/BhavCopy_NSE_CM_0_0_0_20260918_F_0000.csv
2026-09-18,TARSONS,EQ,311.25,317.8,303.55,306.1,133321,41511041.9,INE144Z01023,6943,TARSONS PRODUCTS LIMITED,NEW,/home/suruchi-pandey/Projects/Bhavcopy-download-and-mail-code/2026/BhavCopy_NSE_CM_0_0_0_20260918_F_0000.csv
2026-09-18,TASTYBITE,EQ,10049.0,10095.0,9816.0,9901.0,1518,15103614.0,INE488B01017,20092,TASTY BITE EATABLES LTD,NEW,/home/suruchi-pandey/Projects/Bhavcopy-download-and-mail-code/2026/BhavCopy_NSE_CM_0_0_0_20260918_F_0000.csv
2026-09-18,TATACAP,EQ,345.0,355.0,344.3,351.35,2404143,840990567.4,INE976I01016,759265,TATA CAPITAL LIMITED,NEW,/home/suruchi-pandey/Projects/Bhavcopy-download-and-mail-code/2026/BhavCopy_NSE_CM_0_0_0_20260918_F_0000.csv
2026-09-18,TATACHEM,EQ,729.0,741.35,687.1,693.25,14086032,9998846605.5,INE092A01019,3405,TATA CHEMICALS LTD,NEW,/home/suruchi-pandey/Projects/Bhavcopy-download-and-mail-code/2026/BhavCopy_NSE_CM_0_0_0_20260918_F_0000.csv
2026-09-18,TATACOMM,EQ,1794.8,1805.0,1743.3,1780.1,713124,1265730574.1,INE151A01013,3721,TATA COMMUNICATIONS LTD,NEW,/home/suruchi-pandey/Projects/Bhavcopy-download-and-mail-code/2026/BhavCopy_NSE_CM_0_0_0_20260918_F_0000.csv
2026-09-18,TATACONSUM,EQ,1016.2,1018.7,996.0,996.0,2076522,2083107651.9,INE192A01025,3432,TATA CONSUMER PRODUCT LTD,NEW,/home/suruchi-pandey/Projects/Bhavcopy-download-and-mail-code/2026/BhavCopy_NSE_CM_0_0_0_20260918_F_0000.csv
2026-09-18,TATAELXSI,EQ,3399.0,3399.0,3266.7,3266.7,297430,989443697.6,INE670A01012,3411,TATA ELXSI LIMITED,NEW,/home/suruchi-pandey/Projects/Bhavcopy-download-and-mail-code/2026/BhavCopy_NSE_CM_0_0_0_20260918_F_0000.csv
2026-09-18,TATAGOLD,EQ,14.73,14.91,14.73,14.85,55967837,829557743.91,INF277KA1976,21401,TATAAML-TATAGOLD,NEW,/home/suruchi-pandey/Projects/Bhavcopy-download-and-mail-code/2026/BhavCopy_NSE_CM_0_0_0_20260918_F_0000.csv
2026-09-18,TATAINVEST,EQ,688.0,707.85,682.55,702.35,2361598,1644782667.9,INE672A01026,1621,TATA INVESTMENT CORP LTD,NEW,/home/suruchi-pandey/Projects/Bhavcopy-download-and-mail-code/2026/BhavCopy_NSE_CM_0_0_0_20260918_F_0000.csv
2026-09-18,TATAPOWER,EQ,364.8,374.8,360.9,374.8,5102671,1883191056.95,INE245A01021,3426,TATA POWER CO LTD,NEW,/home/suruchi-pandey/Projects/Bhavcopy-download-and-mail-code/2026/BhavCopy_NSE_CM_0_0_0_20260918_F_0000.csv
2026-09-18,TATASTEEL,EQ,186.4,187.96,185.54,185.54,29014128,5406705963.82,INE081A01020,3499,TATA STEEL LIMITED,NEW,/home/suruchi-pandey/Projects/Bhavcopy-download-and-mail-code/2026/BhavCopy_NSE_CM_0_0_0_20260918_F_0000.csv
2026-09-18,TATATECH,EQ,761.4,761.4,716.1,722.45,2215517,1615119697.5,INE142M01025,20293,TATA TECHNOLOGIES LIMITED,NEW,/home/suruchi-pandey/Projects/Bhavcopy-download-and-mail-code/2026/BhavCopy_NSE_CM_0_0_0_20260918_F_0000.csv
2026-09-18,TATSILV,EQ,22.48,22.87,22.47,22.74,58813645,1332447291.75,INF277KA1984,21428,TATAAML-TATSILV,NEW,/home/suruchi-pandey/Projects/Bhavcopy-download-and-mail-code/2026/BhavCopy_NSE_CM_0_0_0_20260918_F_0000.csv
2026-09-18,TATVA,EQ,1712.0,1787.8,1702.5,1770.2,91966,161004196.0,INE0GK401011,5162,TATVA CHIN PHARM CHEM LTD,NEW,/home/suruchi-pandey/Projects/Bhavcopy-download-and-mail-code/2026/BhavCopy_NSE_CM_0_0_0_20260918_F_0000.csv
2026-09-18,TBOTEK,EQ,1650.0,1728.7,1643.7,1710.6,212106,362346936.6,INE673O01025,23740,TBO TEK LIMITED,NEW,/home/suruchi-pandey/Projects/Bhavcopy-download-and-mail-code/2026/BhavCopy_NSE_CM_0_0_0_20260918_F_0000.csv
2026-09-18,TBZ,EQ,603.55,603.55,585.1,603.55,1436925,864170239.35,INE760L01018,27037,TRIB BHIMJI ZAVERI LTD,NEW,/home/suruchi-pandey/Projects/Bhavcopy-download-and-mail-code/2026/BhavCopy_NSE_CM_0_0_0_20260918_F_0000.csv
2026-09-18,TCC,EQ,51.36,51.86,49.3,49.85,705212,35282191.59,INE887D01024,761814,TCC CONCEPT LIMITED,NEW,/home/suruchi-pandey/Projects/Bhavcopy-download-and-mail-code/2026/BhavCopy_NSE_CM_0_0_0_20260918_F_0000.csv
2026-09-18,TCI,EQ,826.55,838.8,821.55,829.8,20300,16818001.05,INE688A01022,10580,TRANSPORT CORPN OF INDIA,NEW,/home/suruchi-pandey/Projects/Bhavcopy-download-and-mail-code/2026/BhavCopy_NSE_CM_0_0_0_20260918_F_0000.csv
2026-09-18,TCIEXP,EQ,494.9,497.35,481.05,485.35,20352,9939713.05,INE586V01016,19223,TCI EXPRESS LIMITED,NEW,/home/suruchi-pandey/Projects/Bhavcopy-download-and-mail-code/2026/BhavCopy_NSE_CM_0_0_0_20260918_F_0000.csv
2026-09-18,TCIFINANCE,EQ,15.24,15.8,14.56,15.58,64732,980725.92,INE911B01018,4771,TCI FINANCE LTD,NEW,/home/suruchi-pandey/Projects/Bhavcopy-download-and-mail-code/2026/BhavCopy_NSE_CM_0_0_0_20260918_F_0000.csv
2026-09-18,TCPLPACK,EQ,3860.6,3901.7,3826.0,3844.2,1645,6346602.5,INE822C01015,184,TCPL PACKAGING LIMITED,NEW,/home/suruchi-pandey/Projects/Bhavcopy-download-and-mail-code/2026/BhavCopy_NSE_CM_0_0_0_20260918_F_0000.csv
2026-09-18,TCS,EQ,2177.2,2177.3,2101.2,2105.0,6875428,14561828863.3,INE467B01029,11536,TATA CONSULTANCY SERV LT,NEW,/home/suruchi-pandey/Projects/Bhavcopy-download-and-mail-code/2026/BhavCopy_NSE_CM_0_0_0_20260918_F_0000.csv
2026-09-18,TDPOWERSYS,EQ,726.0,770.0,725.15,763.75,3139171,2365331800.0,INE419M01035,25178,TD POWER SYSTEMS LTD.,NEW,/home/suruchi-pandey/Projects/Bhavcopy-download-and-mail-code/2026/BhavCopy_NSE_CM_0_0_0_20260918_F_0000.csv
2026-09-18,TEAMGTY,EQ,235.0,242.9,235.0,238.5,2034,478188.62,INE289C01025,10717,TEAM INDIA GUARANTY LTD,NEW,/home/suruchi-pandey/Projects/Bhavcopy-download-and-mail-code/2026/BhavCopy_NSE_CM_0_0_0_20260918_F_0000.csv
2026-09-18,TEAMLEASE,EQ,1226.7,1238.5,1200.6,1219.0,21622,26396136.0,INE985S01024,12716,TEAMLEASE SERVICES LTD.,NEW,/home/suruchi-pandey/Projects/Bhavcopy-download-and-mail-code/2026/BhavCopy_NSE_CM_0_0_0_20260918_F_0000.csv
2026-09-18,TECH,EQ,31.85,32.39,31.3,31.55,144353,4545599.16,INF209KB11D8,6462,BIRLASLAMC - TECH,NEW,/home/suruchi-pandey/Projects/Bhavcopy-download-and-mail-code/2026/BhavCopy_NSE_CM_0_0_0_20260918_F_0000.csv
2026-09-18,TECHM,EQ,1558.3,1561.2,1523.1,1537.1,3113722,4784198014.3,INE669C01036,13538,TECH MAHINDRA LIMITED,NEW,/home/suruchi-pandey/Projects/Bhavcopy-download-and-mail-code/2026/BhavCopy_NSE_CM_0_0_0_20260918_F_0000.csv
2026-09-18,TECHNOCRAF,EQ,441.05,459.2,436.0,440.8,859607,380731413.15,INE1D0W01018,764532,TECHNOCRAFT VENTURES LTD,NEW,/home/suruchi-pandey/Projects/Bhavcopy-download-and-mail-code/2026/BhavCopy_NSE_CM_0_0_0_20260918_F_0000.csv
2026-09-18,TECHNOE,EQ,990.3,1039.0,989.6,1030.45,286285,291071110.45,INE285K01026,6445,TECHNO ELEC & ENG CO. LTD,NEW,/home/suruchi-pandey/Projects/Bhavcopy-download-and-mail-code/2026/BhavCopy_NSE_CM_0_0_0_20260918_F_0000.csv
2026-09-18,TECHNVISN,EQ,3941.5,4351.0,3941.0,4349.0,752,3139284.0,INE314H01012,762939,TECHNVISION VENTURES LTD.,NEW,/home/suruchi-pandey/Projects/Bhavcopy-download-and-mail-code/2026/BhavCopy_NSE_CM_0_0_0_20260918_F_0000.csv
2026-09-18,TECILCHEM,EQ,9.76,10.0,9.23,9.77,3009,29376.5,INE014B01011,3453,TECIL CHEMICALS,NEW,/home/suruchi-pandey/Projects/Bhavcopy-download-and-mail-code/2026/BhavCopy_NSE_CM_0_0_0_20260918_F_0000.csv
2026-09-18,TEGA,EQ,1888.2,1970.0,1887.3,1943.0,1144337,2224367341.1,INE011K01018,7105,TEGA INDUSTRIES LIMITED,NEW,/home/suruchi-pandey/Projects/Bhavcopy-download-and-mail-code/2026/BhavCopy_NSE_CM_0_0_0_20260918_F_0000.csv
2026-09-18,TEJASNET,EQ,525.8,527.7,514.8,518.3,1522105,790921239.4,INE010J01012,21131,TEJAS NETWORKS LIMITED,NEW,/home/suruchi-pandey/Projects/Bhavcopy-download-and-mail-code/2026/BhavCopy_NSE_CM_0_0_0_20260918_F_0000.csv
2026-09-18,TEMBO,EQ,57.0,57.0,55.9,56.19,302439,17007465.99,INE869Y01028,3275,TEMBO GLOBAL IND LTD,NEW,/home/suruchi-pandey/Projects/Bhavcopy-download-and-mail-code/2026/BhavCopy_NSE_CM_0_0_0_20260918_F_0000.csv
2026-09-18,TEMPSENS,EQ,542.8,552.4,524.5,531.6,1265503,678901581.35,INE1KZI01025,765426,TEMPSENS INST (INDIA) LTD,NEW,/home/suruchi-pandey/Projects/Bhavcopy-download-and-mail-code/2026/BhavCopy_NSE_CM_0_0_0_20260918_F_0000.csv
2026-09-18,TENNIND,EQ,515.5,524.9,511.95,517.9,1072952,557183281.0,INE19RI01016,759880,TENNECO CLEAN AIR INDIA L,NEW,/home/suruchi-pandey/Projects/Bhavcopy-download-and-mail-code/2026/BhavCopy_NSE_CM_0_0_0_20260918_F_0000.csv
2026-09-18,TERASOFT,EQ,231.95,243.35,226.05,236.6,26937,6332297.0,INE482B01010,19292,TERA SOFTWARE LIMITED,NEW,/home/suruchi-pandey/Projects/Bhavcopy-download-and-mail-code/2026/BhavCopy_NSE_CM_0_0_0_20260918_F_0000.csv
2026-09-18,TEXINFRA,EQ,114.88,115.89,112.67,113.54,245506,27844648.07,INE435C01024,11549,TEXMACO INFRA & HOLDG LTD,NEW,/home/suruchi-pandey/Projects/Bhavcopy-download-and-mail-code/2026/BhavCopy_NSE_CM_0_0_0_20260918_F_0000.csv
2026-09-18,TEXMOPIPES,EQ,62.7,64.4,60.82,61.49,315163,19823303.32,INE141K01013,18214,TEXMO PIPE & PRODUCTS LTD,NEW,/home/suruchi-pandey/Projects/Bhavcopy-download-and-mail-code/2026/BhavCopy_NSE_CM_0_0_0_20260918_F_0000.csv
2026-09-18,TEXRAIL,EQ,112.0,116.0,111.76,114.66,2196519,251208010.3,INE621L01012,21828,TEXMACO RAIL & ENG. LTD.,NEW,/home/suruchi-pandey/Projects/Bhavcopy-download-and-mail-code/2026/BhavCopy_NSE_CM_0_0_0_20260918_F_0000.csv
2026-09-18,TFCILTD,EQ,139.7,141.02,139.0,139.62,12165117,1697255043.83,INE305A01023,3466,TOURISM FINANCE CORP. OF,NEW,/home/suruchi-pandey/Projects/Bhavcopy-download-and-mail-code/2026/BhavCopy_NSE_CM_0_0_0_20260918_F_0000.csv
2026-09-18,TFL,EQ,11.83,12.09,11.83,11.99,56,671.69,INE804H01012,14319,TRANSWARRANTY FIN. LTD.,NEW,/home/suruchi-pandey/Projects/Bhavcopy-download-and-mail-code/2026/BhavCopy_NSE_CM_0_0_0_20260918_F_0000.csv
2026-09-18,TGBHOTELS,EQ,9.37,9.89,9.37,9.41,5102,48400.46,INE797H01018,14607,TGB BANQUETS&HOTELS LTD,NEW,/home/suruchi-pandey/Projects/Bhavcopy-download-and-mail-code/2026/BhavCopy_NSE_CM_0_0_0_20260918_F_0000.csv
2026-09-18,TGVSL,EQ,103.0,103.5,102.1,102.59,44012,4523198.8,INE284B01028,764955,T G V SRAAC LTD.,NEW,/home/suruchi-pandey/Projects/Bhavcopy-download-and-mail-code/2026/BhavCopy_NSE_CM_0_0_0_20260918_F_0000.csv
2026-09-18,THACKER,EQ,1030.0,1030.0,1000.0,1030.0,21,21180.0,INE077P01034,762944,THACKER & CO. LTD.,NEW,/home/suruchi-pandey/Projects/Bhavcopy-download-and-mail-code/2026/BhavCopy_NSE_CM_0_0_0_20260918_F_0000.csv
2026-09-18,THAKDEV,EQ,127.51,127.51,127.51,127.51,6,765.06,INE403F01017,762949,THAKKERS DEVELOPERS LTD.,NEW,/home/suruchi-pandey/Projects/Bhavcopy-download-and-mail-code/2026/BhavCopy_NSE_CM_0_0_0_20260918_F_0000.csv
2026-09-18,THANGAMAYL,EQ,4844.0,5051.5,4794.5,5044.5,386791,1945766039.5,INE085J01014,18118,THANGAMAYIL JEWELLERY LTD,NEW,/home/suruchi-pandey/Projects/Bhavcopy-download-and-mail-code/2026/BhavCopy_NSE_CM_0_0_0_20260918_F_0000.csv
2026-09-18,THEINVEST,EQ,95.99,96.0,91.85,94.27,2967,278325.99,INE924D01017,21427,THE INVEST TRUST OF IND L,NEW,/home/suruchi-pandey/Projects/Bhavcopy-download-and-mail-code/2026/BhavCopy_NSE_CM_0_0_0_20260918_F_0000.csv
2026-09-18,THEJO,EQ,2183.4,2223.6,2157.1,2199.7,6505,14322075.1,INE121N01019,19279,THEJO ENGINEERING LIMITED,NEW,/home/suruchi-pandey/Projects/Bhavcopy-download-and-mail-code/2026/BhavCopy_NSE_CM_0_0_0_20260918_F_0000.csv
2026-09-18,THELEELA,EQ,530.0,549.7,527.05,540.55,124085,66934806.15,INE0AQ201015,757014,LEELA PALACES HOTEL LTD,NEW,/home/suruchi-pandey/Projects/Bhavcopy-download-and-mail-code/2026/BhavCopy_NSE_CM_0_0_0_20260918_F_0000.csv
2026-09-18,THEMISMED,EQ,118.82,126.58,118.82,123.97,78797,9646725.67,INE083B01024,14485,THEMIS MEDICARE LTD.,NEW,/home/suruchi-pandey/Projects/Bhavcopy-download-and-mail-code/2026/BhavCopy_NSE_CM_0_0_0_20260918_F_0000.csv
2026-09-18,THERMAX,EQ,3569.5,3599.0,3522.4,3551.9,238396,847168325.9,INE152A01029,3475,THERMAX LTD,NEW,/home/suruchi-pandey/Projects/Bhavcopy-download-and-mail-code/2026/BhavCopy_NSE_CM_0_0_0_20260918_F_0000.csv
2026-09-18,THOMASCOOK,EQ,103.42,107.38,103.2,106.04,997099,105153135.71,INE332A01027,3481,THOMAS COOK (INDIA) LTD,NEW,/home/suruchi-pandey/Projects/Bhavcopy-download-and-mail-code/2026/BhavCopy_NSE_CM_0_0_0_20260918_F_0000.csv
2026-09-18,THOMASCOTT,EQ,239.0,239.0,230.0,236.55,23906,5581295.15,INE480M01011,31017,THOMAS SCOTT (INDIA) LTD,NEW,/home/suruchi-pandey/Projects/Bhavcopy-download-and-mail-code/2026/BhavCopy_NSE_CM_0_0_0_20260918_F_0000.csv
2026-09-18,THYROCARE,EQ,561.0,568.0,553.85,555.8,244576,136965897.3,INE594H01019,17032,THYROCARE TECH LTD,NEW,/home/suruchi-pandey/Projects/Bhavcopy-download-and-mail-code/2026/BhavCopy_NSE_CM_0_0_0_20260918_F_0000.csv
2026-09-18,TI,EQ,551.0,575.6,550.55,568.7,1687493,956355938.45,INE133E01013,19196,TILAKNAGAR INDUSTRIES LTD,NEW,/home/suruchi-pandey/Projects/Bhavcopy-download-and-mail-code/2026/BhavCopy_NSE_CM_0_0_0_20260918_F_0000.csv
2026-09-18,TIGERLOGS,EQ,27.19,27.4,25.95,26.13,77418,2047876.5,INE906O01029,759176,TIGER LOGISTICS (INDIA) L,NEW,/home/suruchi-pandey/Projects/Bhavcopy-download-and-mail-code/2026/BhavCopy_NSE_CM_0_0_0_20260918_F_0000.csv
2026-09-18,TIIL,EQ,3059.9,3118.0,3025.5,3054.1,34329,105191528.6,INE545H01011,14223,TECHNOCRAFT IND LTD,NEW,/home/suruchi-pandey/Projects/Bhavcopy-download-and-mail-code/2026/BhavCopy_NSE_CM_0_0_0_20260918_F_0000.csv
2026-09-18,TIINDIA,EQ,2598.9,2637.8,2571.5,2600.0,293372,762289011.4,INE974X01010,312,TUBE INVEST OF INDIA LTD,NEW,/home/suruchi-pandey/Projects/Bhavcopy-download-and-mail-code/2026/BhavCopy_NSE_CM_0_0_0_20260918_F_0000.csv
2026-09-18,TIMETECHNO,EQ,176.25,180.67,176.05,179.24,3604165,643009464.88,INE508G01029,14707,TIME TECHNOPLAST LTD.,NEW,/home/suruchi-pandey/Projects/Bhavcopy-download-and-mail-code/2026/BhavCopy_NSE_CM_0_0_0_20260918_F_0000.csv
2026-09-18,TIMEX,EQ,613.05,729.0,613.05,714.2,6651306,4639459095.7,INE064A01026,762954,TIMEX GROUP INDIA LTD.,NEW,/home/suruchi-pandey/Projects/Bhavcopy-download-and-mail-code/2026/BhavCopy_NSE_CM_0_0_0_20260918_F_0000.csv
2026-09-18,TIMKEN,EQ,3172.6,3269.0,3091.0,3124.2,132715,416974105.8,INE325A01013,14198,TIMKEN INDIA LTD.,NEW,/home/suruchi-pandey/Projects/Bhavcopy-download-and-mail-code/2026/BhavCopy_NSE_CM_0_0_0_20260918_F_0000.csv
2026-09-18,TINNARUBR,EQ,1000.0,1030.0,1000.0,1018.75,22220,22617687.75,INE015C01016,756020,TINNA RUBBER AND INFR LTD,NEW,/home/suruchi-pandey/Projects/Bhavcopy-download-and-mail-code/2026/BhavCopy_NSE_CM_0_0_0_20260918_F_0000.csv
2026-09-18,TIPSFILMS,EQ,333.95,334.0,318.1,320.35,1585,508962.4,INE0LQS01015,11374,TIPS FILMS LIMITED,NEW,/home/suruchi-pandey/Projects/Bhavcopy-download-and-mail-code/2026/BhavCopy_NSE_CM_0_0_0_20260918_F_0000.csv
2026-09-18,TIPSMUSIC,EQ,656.5,667.0,644.15,657.7,502106,330252462.15,INE716B01029,9117,TIPS MUSIC LIMITED,NEW,/home/suruchi-pandey/Projects/Bhavcopy-download-and-mail-code/2026/BhavCopy_NSE_CM_0_0_0_20260918_F_0000.csv
2026-09-18,TIRUMALCHM,EQ,155.56,163.49,155.51,158.54,657447,105151703.93,INE338A01024,3496,THIRUMALAI CHEMICALS LTD,NEW,/home/suruchi-pandey/Projects/Bhavcopy-download-and-mail-code/2026/BhavCopy_NSE_CM_0_0_0_20260918_F_0000.csv
2026-09-18,TITAGARH,EQ,827.15,849.9,827.15,837.65,475698,399124969.0,INE615H01020,15414,TITAGARH RAIL SYSTEMS LTD,NEW,/home/suruchi-pandey/Projects/Bhavcopy-download-and-mail-code/2026/BhavCopy_NSE_CM_0_0_0_20260918_F_0000.csv
2026-09-18,TITAN,EQ,4851.0,4864.5,4772.0,4798.5,1066023,5126009308.5,INE280A01028,3506,TITAN COMPANY LIMITED,NEW,/home/suruchi-pandey/Projects/Bhavcopy-download-and-mail-code/2026/BhavCopy_NSE_CM_0_0_0_20260918_F_0000.csv
2026-09-18,TMB,EQ,894.5,905.45,889.05,895.75,242023,217141137.45,INE668A01016,10945,TAMILNAD MERCA BANK LTD,NEW,/home/suruchi-pandey/Projects/Bhavcopy-download-and-mail-code/2026/BhavCopy_NSE_CM_0_0_0_20260918_F_0000.csv
2026-09-18,TMCV,EQ,436.0,445.0,430.2,442.9,13129939,5764126296.65,INE1TAE01010,759782,TATA MOTORS LIMITED,NEW,/home/suruchi-pandey/Projects/Bhavcopy-download-and-mail-code/2026/BhavCopy_NSE_CM_0_0_0_20260918_F_0000.csv
2026-09-18,TMPV,EQ,309.6,310.0,301.5,303.8,18037112,5495202206.5,INE155A01022,3456,TATA MOTORS PASS VEH LTD,NEW,/home/suruchi-pandey/Projects/Bhavcopy-download-and-mail-code/2026/BhavCopy_NSE_CM_0_0_0_20260918_F_0000.csv
2026-09-18,TNIDETF,EQ,88.38,89.33,87.48,88.34,57856,5095997.42,INF277KA1364,8882,TATAAML - TNIDETF,NEW,/home/suruchi-pandey/Projects/Bhavcopy-download-and-mail-code/2026/BhavCopy_NSE_CM_0_0_0_20260918_F_0000.csv
2026-09-18,TNPETRO,EQ,128.85,129.96,122.84,125.73,848214,106122213.26,INE148A01019,3509,TAMILNADU PETROPRODUCTS L,NEW,/home/suruchi-pandey/Projects/Bhavcopy-download-and-mail-code/2026/BhavCopy_NSE_CM_0_0_0_20260918_F_0000.csv
2026-09-18,TNPL,EQ,144.64,149.45,144.1,148.34,256191,37747255.06,INE107A01015,3980,TAMILNADU NEWSPRT & PAPER,NEW,/home/suruchi-pandey/Projects/Bhavcopy-download-and-mail-code/2026/BhavCopy_NSE_CM_0_0_0_20260918_F_0000.csv
2026-09-18,TNTELE,EQ,8.72,9.1,8.71,8.86,7387,65108.71,INE141D01018,3512,TAMILNADU TELECOMMUNICATI,NEW,/home/suruchi-pandey/Projects/Bhavcopy-download-and-mail-code/2026/BhavCopy_NSE_CM_0_0_0_20260918_F_0000.csv
2026-09-18,TOKYOPLAST,EQ,77.79,77.79,74.11,75.67,400,29976.42,INE932C01012,3837,TOKYO PLAST INTL LTD,NEW,/home/suruchi-pandey/Projects/Bhavcopy-download-and-mail-code/2026/BhavCopy_NSE_CM_0_0_0_20260918_F_0000.csv
2026-09-18,TOLINS,EQ,88.5,88.75,87.52,88.02,21237,1869516.02,INE0RWQ01014,25262,TOLINS TYRES LIMITED,NEW,/home/suruchi-pandey/Projects/Bhavcopy-download-and-mail-code/2026/BhavCopy_NSE_CM_0_0_0_20260918_F_0000.csv
2026-09-18,TOP100CASE,EQ,10.05,10.47,10.05,10.3,253788,2611314.02,INF0R8F01067,24081,ZERODHAAMC - TOP100CASE,NEW,/home/suruchi-pandey/Projects/Bhavcopy-download-and-mail-code/2026/BhavCopy_NSE_CM_0_0_0_20260918_F_0000.csv
2026-09-18,TOP10ADD,EQ,84.9,85.12,84.6,84.8,953150,80929299.05,INF740KA1UR9,25171,DSPAMC - TOP10ADD,NEW,/home/suruchi-pandey/Projects/Bhavcopy-download-and-mail-code/2026/BhavCopy_NSE_CM_0_0_0_20260918_F_0000.csv
2026-09-18,TOP15IETF,EQ,9.53,9.6,9.46,9.49,237198,2246656.66,INF109K1A344,757781,ICICIPRAMC - TOP15IETF,NEW,/home/suruchi-pandey/Projects/Bhavcopy-download-and-mail-code/2026/BhavCopy_NSE_CM_0_0_0_20260918_F_0000.csv
2026-09-18,TOP20,EQ,8.64,8.65,8.6,8.62,220953,1904528.95,INF769K01PZ5,760415,MIRAEAMC - TOP20,NEW,/home/suruchi-pandey/Projects/Bhavcopy-download-and-mail-code/2026/BhavCopy_NSE_CM_0_0_0_20260918_F_0000.csv
2026-09-18,TORNTPHARM,EQ,4874.5,4928.0,4827.0,4840.0,486733,2363738924.0,INE685A01028,3518,TORRENT PHARMACEUTICALS L,NEW,/home/suruchi-pandey/Projects/Bhavcopy-download-and-mail-code/2026/BhavCopy_NSE_CM_0_0_0_20260918_F_0000.csv
2026-09-18,TORNTPOWER,EQ,1277.0,1285.7,1232.0,1258.8,462594,583832536.5,INE813H01021,13786,TORRENT POWER LTD,NEW,/home/suruchi-pandey/Projects/Bhavcopy-download-and-mail-code/2026/BhavCopy_NSE_CM_0_0_0_20260918_F_0000.csv
2026-09-18,TOUCHWOOD,EQ,62.44,63.78,59.6,60.93,403,24737.68,INE486Y01013,16908,TOUCHWOOD ENTERTAIN LTD.,NEW,/home/suruchi-pandey/Projects/Bhavcopy-download-and-mail-code/2026/BhavCopy_NSE_CM_0_0_0_20260918_F_0000.csv
2026-09-18,TOYAMSL,EQ,0.77,0.77,0.77,0.77,458115,352748.55,INE457P01020,765195,TOYAM SPORTS LTD.,NEW,/home/suruchi-pandey/Projects/Bhavcopy-download-and-mail-code/2026/BhavCopy_NSE_CM_0_0_0_20260918_F_0000.csv
2026-09-18,TPLPLASTEH,EQ,65.09,65.9,64.14,65.34,111552,7254359.42,INE413G01022,9219,TPL PLASTECH LIMITED,NEW,/home/suruchi-pandey/Projects/Bhavcopy-download-and-mail-code/2026/BhavCopy_NSE_CM_0_0_0_20260918_F_0000.csv
2026-09-18,TRACXN,EQ,30.65,31.49,30.51,31.0,73768,2277172.94,INE0HMF01019,11582,TRACXN TECHNOLOGIES LTD,NEW,/home/suruchi-pandey/Projects/Bhavcopy-download-and-mail-code/2026/BhavCopy_NSE_CM_0_0_0_20260918_F_0000.csv
2026-09-18,TRANSCOR,EQ,25.04,25.49,23.0,23.79,3513,83854.96,INE330E01023,765200,TRANSCORP INTERNATIONAL L,NEW,/home/suruchi-pandey/Projects/Bhavcopy-download-and-mail-code/2026/BhavCopy_NSE_CM_0_0_0_20260918_F_0000.csv
2026-09-18,TRANSRAILL,EQ,411.9,413.5,407.45,408.75,228722,93740174.65,INE454P01035,28714,TRANSRAIL LIGHTING LTD,NEW,/home/suruchi-pandey/Projects/Bhavcopy-download-and-mail-code/2026/BhavCopy_NSE_CM_0_0_0_20260918_F_0000.csv
2026-09-18,TRAVELFOOD,EQ,1232.0,1276.8,1217.4,1256.1,42342,52616278.6,INE103V01028,757545,TRAVEL FOOD SERVICES LTD,NEW,/home/suruchi-pandey/Projects/Bhavcopy-download-and-mail-code/2026/BhavCopy_NSE_CM_0_0_0_20260918_F_0000.csv
2026-09-18,TREEHOUSE,EQ,5.99,6.17,5.87,5.87,37165,219750.75,INE040M01013,25082,TREE HOUSE EDU LTD,NEW,/home/suruchi-pandey/Projects/Bhavcopy-download-and-mail-code/2026/BhavCopy_NSE_CM_0_0_0_20260918_F_0000.csv
2026-09-18,TREJHARA,EQ,136.9,136.9,131.0,132.37,19780,2650764.28,INE00CA01015,7518,TREJHARA SOLUTIONS LTD,NEW,/home/suruchi-pandey/Projects/Bhavcopy-download-and-mail-code/2026/BhavCopy_NSE_CM_0_0_0_20260918_F_0000.csv
2026-09-18,TREL,EQ,30.06,31.51,29.01,29.66,611021,18580429.37,INE0O3901029,17795,TRANSINDIA REAL ESTATE L,NEW,/home/suruchi-pandey/Projects/Bhavcopy-download-and-mail-code/2026/BhavCopy_NSE_CM_0_0_0_20260918_F_0000.csv
2026-09-18,TRENT,EQ,2789.3,2824.0,2776.1,2824.0,925467,2595173060.0,INE849A01020,1964,TRENT LTD,NEW,/home/suruchi-pandey/Projects/Bhavcopy-download-and-mail-code/2026/BhavCopy_NSE_CM_0_0_0_20260918_F_0000.csv
2026-09-18,TRF,EQ,221.7,223.7,214.0,215.25,8388,1815693.36,INE391D01019,17987,TRF LIMITED,NEW,/home/suruchi-pandey/Projects/Bhavcopy-download-and-mail-code/2026/BhavCopy_NSE_CM_0_0_0_20260918_F_0000.csv
2026-09-18,TRIDENT,EQ,23.08,24.01,23.03,23.22,5955453,139001106.29,INE064C01022,9685,TRIDENT LIMITED,NEW,/home/suruchi-pandey/Projects/Bhavcopy-download-and-mail-code/2026/BhavCopy_NSE_CM_0_0_0_20260918_F_0000.csv
2026-09-18,TRIGYN,EQ,54.6,55.78,52.94,53.56,19459,1049789.11,INE948A01012,5428,TRIGYN TECHNOLOGIES LTD,NEW,/home/suruchi-pandey/Projects/Bhavcopy-download-and-mail-code/2026/BhavCopy_NSE_CM_0_0_0_20260918_F_0000.csv
2026-09-18,TRITONV,EQ,1076.0,1114.9,1070.0,1084.3,1647,1797700.1,INE440G01017,764960,TRITON VALVES LTD.,NEW,/home/suruchi-pandey/Projects/Bhavcopy-download-and-mail-code/2026/BhavCopy_NSE_CM_0_0_0_20260918_F_0000.csv
2026-09-18,TRITURBINE,EQ,554.4,572.0,550.35,567.8,501922,282804461.95,INE152M01016,25584,TRIVENI TURBINE LIMITED,NEW,/home/suruchi-pandey/Projects/Bhavcopy-download-and-mail-code/2026/BhavCopy_NSE_CM_0_0_0_20260918_F_0000.csv
2026-09-18,TRIVENI,EQ,234.9,241.0,234.9,238.8,661400,157249423.85,INE256C01024,13081,TRIVENI ENGG. & INDS. LTD,NEW,/home/suruchi-pandey/Projects/Bhavcopy-download-and-mail-code/2026/BhavCopy_NSE_CM_0_0_0_20260918_F_0000.csv
2026-09-18,TRU,EQ,4.0,4.3,4.0,4.21,85524,357889.35,INE615R01029,9378,TRUCAP FINANCE LIMITED,NEW,/home/suruchi-pandey/Projects/Bhavcopy-download-and-mail-code/2026/BhavCopy_NSE_CM_0_0_0_20260918_F_0000.csv
2026-09-18,TRUALT,EQ,425.0,437.65,420.5,421.7,220451,94510600.45,INE0MWH01014,759210,TRUALT BIOENERGY LIMITED,NEW,/home/suruchi-pandey/Projects/Bhavcopy-download-and-mail-code/2026/BhavCopy_NSE_CM_0_0_0_20260918_F_0000.csv
2026-09-18,TSFINV,EQ,446.8,459.9,445.5,455.65,153537,69793335.5,INE202Z01029,2183,TSF INVESTMENTS LIMITED,NEW,/home/suruchi-pandey/Projects/Bhavcopy-download-and-mail-code/2026/BhavCopy_NSE_CM_0_0_0_20260918_F_0000.csv
2026-09-18,TTKHLTCARE,EQ,1053.0,1089.8,1041.6,1050.0,41244,43512318.4,INE910C01018,11369,TTK HEALTHCARE LIMITED,NEW,/home/suruchi-pandey/Projects/Bhavcopy-download-and-mail-code/2026/BhavCopy_NSE_CM_0_0_0_20260918_F_0000.csv
2026-09-18,TTKPRESTIG,EQ,545.0,546.5,525.0,530.85,114198,60771990.05,INE690A01028,3546,TTK PRESTIGE LTD,NEW,/home/suruchi-pandey/Projects/Bhavcopy-download-and-mail-code/2026/BhavCopy_NSE_CM_0_0_0_20260918_F_0000.csv
2026-09-18,TTL,EQ,7.25,7.5,7.1,7.24,235464,1736840.46,INE592B01024,14314,T T LIMITED,NEW,/home/suruchi-pandey/Projects/Bhavcopy-download-and-mail-code/2026/BhavCopy_NSE_CM_0_0_0_20260918_F_0000.csv
2026-09-18,TTML,EQ,36.2,36.33,35.56,35.73,1516686,54421971.47,INE517B01013,8954,TATA TELESERV(MAHARASTRA),NEW,/home/suruchi-pandey/Projects/Bhavcopy-download-and-mail-code/2026/BhavCopy_NSE_CM_0_0_0_20260918_F_0000.csv
2026-09-18,TURTLEMINT,EQ,133.65,137.0,131.15,134.12,832911,111577562.71,INE0OC301013,756090,TURTLEMINT FINTECH SOLS L,NEW,/home/suruchi-pandey/Projects/Bhavcopy-download-and-mail-code/2026/BhavCopy_NSE_CM_0_0_0_20260918_F_0000.csv
2026-09-18,TUTIALKA,EQ,55.68,57.0,55.67,56.56,3984,225997.38,INE400A01014,765205,TUTICORIN ALKAL CH & FE L,NEW,/home/suruchi-pandey/Projects/Bhavcopy-download-and-mail-code/2026/BhavCopy_NSE_CM_0_0_0_20260918_F_0000.csv
2026-09-18,TVSELECT,EQ,403.75,408.9,398.5,403.15,26441,10643361.7,INE236G01019,11265,TVS ELECTRONICS LTD,NEW,/home/suruchi-pandey/Projects/Bhavcopy-download-and-mail-code/2026/BhavCopy_NSE_CM_0_0_0_20260918_F_0000.csv
2026-09-18,TVSHLTD,EQ,12911.0,13079.0,12540.0,12812.0,45028,575964794.0,INE105A01035,29008,TVS HOLDINGS LIMITED,NEW,/home/suruchi-pandey/Projects/Bhavcopy-download-and-mail-code/2026/BhavCopy_NSE_CM_0_0_0_20260918_F_0000.csv
2026-09-18,TVSMOTOR,EQ,4125.0,4195.0,4122.1,4171.3,1304681,5445299202.3,INE494B01023,8479,TVS MOTOR COMPANY  LTD,NEW,/home/suruchi-pandey/Projects/Bhavcopy-download-and-mail-code/2026/BhavCopy_NSE_CM_0_0_0_20260918_F_0000.csv
2026-09-18,TVSSCS,EQ,130.1,138.15,130.1,133.85,2452803,331209182.91,INE395N01027,18151,TVS SUPPLY CHAIN SOL L,NEW,/home/suruchi-pandey/Projects/Bhavcopy-download-and-mail-code/2026/BhavCopy_NSE_CM_0_0_0_20260918_F_0000.csv
2026-09-18,TVSSRICHAK,EQ,4867.0,4959.5,4796.0,4844.5,4438,21616058.5,INE421C01016,14245,TVS SRICHAKRA LIMITED,NEW,/home/suruchi-pandey/Projects/Bhavcopy-download-and-mail-code/2026/BhavCopy_NSE_CM_0_0_0_20260918_F_0000.csv
2026-09-18,TVTODAY,EQ,107.5,110.0,106.68,109.29,47797,5166055.71,INE038F01029,11275,TV TODAY NETWORK LTD,NEW,/home/suruchi-pandey/Projects/Bhavcopy-download-and-mail-code/2026/BhavCopy_NSE_CM_0_0_0_20260918_F_0000.csv
2026-09-18,TWCGOLDETF,EQ,151.45,152.93,151.32,152.54,2610,397795.53,INF2F0001370,760482,WEALTH - TWCGOLDETF,NEW,/home/suruchi-pandey/Projects/Bhavcopy-download-and-mail-code/2026/BhavCopy_NSE_CM_0_0_0_20260918_F_0000.csv
2026-09-18,UBL,EQ,1219.9,1258.0,1219.9,1251.5,276273,343339145.7,INE686F01025,16713,UNITED BREWERIES LTD,NEW,/home/suruchi-pandey/Projects/Bhavcopy-download-and-mail-code/2026/BhavCopy_NSE_CM_0_0_0_20260918_F_0000.csv
2026-09-18,UCOBANK,EQ,23.59,23.94,23.53,23.75,3517779,83189161.22,INE691A01018,11223,UCO BANK,NEW,/home/suruchi-pandey/Projects/Bhavcopy-download-and-mail-code/2026/BhavCopy_NSE_CM_0_0_0_20260918_F_0000.csv
2026-09-18,UDAYJEW,EQ,158.7,161.95,151.99,152.2,58089,8953463.44,INE551B01012,764965,UDAY JEWELLERY INDS. LTD.,NEW,/home/suruchi-pandey/Projects/Bhavcopy-download-and-mail-code/2026/BhavCopy_NSE_CM_0_0_0_20260918_F_0000.csv
2026-09-18,UDS,EQ,191.0,191.57,187.02,189.82,72939,13770483.1,INE851I01011,19113,UPDATER SERVICES LIMITED,NEW,/home/suruchi-pandey/Projects/Bhavcopy-download-and-mail-code/2026/BhavCopy_NSE_CM_0_0_0_20260918_F_0000.csv
2026-09-18,UEL,EQ,199.98,205.0,190.27,203.73,52048,10457976.76,INE899L01030,23507,UJAAS ENERGY LIMITED,NEW,/home/suruchi-pandey/Projects/Bhavcopy-download-and-mail-code/2026/BhavCopy_NSE_CM_0_0_0_20260918_F_0000.csv
2026-09-18,UFLEX,EQ,652.95,669.9,652.0,659.45,69585,45787030.15,INE516A01017,1053,UFLEX LIMITED,NEW,/home/suruchi-pandey/Projects/Bhavcopy-download-and-mail-code/2026/BhavCopy_NSE_CM_0_0_0_20260918_F_0000.csv
2026-09-18,UFO,EQ,62.0,62.0,60.3,60.95,14004,855663.65,INE527H01019,9039,UFO MOVIEZ INDIA LTD.,NEW,/home/suruchi-pandey/Projects/Bhavcopy-download-and-mail-code/2026/BhavCopy_NSE_CM_0_0_0_20260918_F_0000.csv
2026-09-18,UGARSUGAR,EQ,53.72,58.39,52.85,56.79,1345153,74983351.09,INE071E01023,19578,THE UGAR SUGAR WORKS LTD,NEW,/home/suruchi-pandey/Projects/Bhavcopy-download-and-mail-code/2026/BhavCopy_NSE_CM_0_0_0_20260918_F_0000.csv
2026-09-18,UGROCAP,EQ,83.74,84.47,82.96,83.74,98903,8257602.01,INE583D01011,5313,UGRO CAPITAL LIMITED,NEW,/home/suruchi-pandey/Projects/Bhavcopy-download-and-mail-code/2026/BhavCopy_NSE_CM_0_0_0_20260918_F_0000.csv
2026-09-18,UJJIVANSFB,EQ,64.05,65.3,63.88,65.02,4749884,307758306.63,INE551W01018,15228,UJJIVAN SMALL FINANC BANK,NEW,/home/suruchi-pandey/Projects/Bhavcopy-download-and-mail-code/2026/BhavCopy_NSE_CM_0_0_0_20260918_F_0000.csv
2026-09-18,ULTRACEMCO,EQ,10890.0,11060.0,10819.0,11014.0,458848,5043799996.0,INE481G01011,11532,ULTRATECH CEMENT LIMITED,NEW,/home/suruchi-pandey/Projects/Bhavcopy-download-and-mail-code/2026/BhavCopy_NSE_CM_0_0_0_20260918_F_0000.csv
2026-09-18,ULTRAMAR,EQ,412.1,430.0,412.1,424.4,78947,33240290.85,INE405A01021,762961,ULTRAMARINE & PIGMENTS L,NEW,/home/suruchi-pandey/Projects/Bhavcopy-download-and-mail-code/2026/BhavCopy_NSE_CM_0_0_0_20260918_F_0000.csv
2026-09-18,UMESLTD,EQ,4.1,4.44,3.76,4.39,63578,264890.53,INE240C01028,19142,USHA MARTIN EDU & SOL LTD,NEW,/home/suruchi-pandey/Projects/Bhavcopy-download-and-mail-code/2026/BhavCopy_NSE_CM_0_0_0_20260918_F_0000.csv
2026-09-18,UMIYA-MRO,EQ,99.0,99.0,96.15,98.01,4684,456990.62,INE398B01018,8998,UMIYA BUILDCON LIMITED,NEW,/home/suruchi-pandey/Projects/Bhavcopy-download-and-mail-code/2026/BhavCopy_NSE_CM_0_0_0_20260918_F_0000.csv
2026-09-18,UNICHEMLAB,EQ,536.85,547.0,536.85,545.7,26772,14564105.9,INE351A01035,3579,UNICHEM LABORATORIES LTD,NEW,/home/suruchi-pandey/Projects/Bhavcopy-download-and-mail-code/2026/BhavCopy_NSE_CM_0_0_0_20260918_F_0000.csv
2026-09-18,UNIDT,EQ,232.0,232.0,222.98,224.01,13543,3073304.66,INE961D01019,201,UNITED DRILLING TOOLS LTD,NEW,/home/suruchi-pandey/Projects/Bhavcopy-download-and-mail-code/2026/BhavCopy_NSE_CM_0_0_0_20260918_F_0000.csv
2026-09-18,UNIECOM,EQ,85.0,85.0,82.5,83.21,166409,13912259.58,INE00U401027,24809,UNICOMMERCE ESOLUTIONS L,NEW,/home/suruchi-pandey/Projects/Bhavcopy-download-and-mail-code/2026/BhavCopy_NSE_CM_0_0_0_20260918_F_0000.csv
2026-09-18,UNIENTER,EQ,91.9,92.48,89.9,90.71,4951,450443.8,INE037A01022,11293,UNIPHOS ENTERPRISES LTD,NEW,/home/suruchi-pandey/Projects/Bhavcopy-download-and-mail-code/2026/BhavCopy_NSE_CM_0_0_0_20260918_F_0000.csv
2026-09-18,UNIINFO,EQ,11.52,11.52,10.83,11.23,2207,24229.42,INE481Z01011,7791,UNIINFO TELECOM SERVI LTD,NEW,/home/suruchi-pandey/Projects/Bhavcopy-download-and-mail-code/2026/BhavCopy_NSE_CM_0_0_0_20260918_F_0000.csv
2026-09-18,UNIMECH,EQ,1578.5,1612.0,1568.4,1591.3,189186,302058342.5,INE0U3I01011,28960,UNIMECH AEROSPACE N MFG L,NEW,/home/suruchi-pandey/Projects/Bhavcopy-download-and-mail-code/2026/BhavCopy_NSE_CM_0_0_0_20260918_F_0000.csv
2026-09-18,UNIONBANK,EQ,178.5,178.92,176.56,176.56,6401370,1137867319.01,INE692A01016,10753,UNION BANK OF INDIA,NEW,/home/suruchi-pandey/Projects/Bhavcopy-download-and-mail-code/2026/BhavCopy_NSE_CM_0_0_0_20260918_F_0000.csv
2026-09-18,UNIONGOLD,EQ,147.0,150.4,146.95,149.65,5577,831854.05,INF582M01KS4,29687,UNIONAMC - UNIONGOLD,NEW,/home/suruchi-pandey/Projects/Bhavcopy-download-and-mail-code/2026/BhavCopy_NSE_CM_0_0_0_20260918_F_0000.csv
2026-09-18,UNIPARTS,EQ,878.0,885.4,824.95,831.5,220753,187674544.45,INE244O01017,13057,UNIPARTS INDIA LIMITED,NEW,/home/suruchi-pandey/Projects/Bhavcopy-download-and-mail-code/2026/BhavCopy_NSE_CM_0_0_0_20260918_F_0000.csv
2026-09-18,UNITDSPR,EQ,1382.0,1405.0,1371.0,1371.0,842151,1162925230.9,INE854D01024,10447,UNITED SPIRITS LIMITED,NEW,/home/suruchi-pandey/Projects/Bhavcopy-download-and-mail-code/2026/BhavCopy_NSE_CM_0_0_0_20260918_F_0000.csv
2026-09-18,UNITECH,EQ,4.27,4.36,4.19,4.31,4618701,19735746.9,INE694A01020,3594,UNITECH LTD,NEW,/home/suruchi-pandey/Projects/Bhavcopy-download-and-mail-code/2026/BhavCopy_NSE_CM_0_0_0_20260918_F_0000.csv
2026-09-18,UNITEDPOLY,EQ,45.0,46.05,43.2,45.85,640093,29061366.36,INE368U01029,7560,UNITED POLYFAB GUJ. LTD.,NEW,/home/suruchi-pandey/Projects/Bhavcopy-download-and-mail-code/2026/BhavCopy_NSE_CM_0_0_0_20260918_F_0000.csv
2026-09-18,UNITEDTEA,EQ,437.5,439.3,430.0,431.65,1441,622701.4,INE458F01011,17999,UNITED NILGIRI TEA LTD,NEW,/home/suruchi-pandey/Projects/Bhavcopy-download-and-mail-code/2026/BhavCopy_NSE_CM_0_0_0_20260918_F_0000.csv
2026-09-18,UNIVCABLES,EQ,1450.9,1494.9,1437.4,1477.0,96755,141840065.9,INE279A01012,3607,UNIVERSAL CABLES LTD,NEW,/home/suruchi-pandey/Projects/Bhavcopy-download-and-mail-code/2026/BhavCopy_NSE_CM_0_0_0_20260918_F_0000.csv
2026-09-18,UNOMINDA,EQ,1213.2,1284.0,1206.8,1284.0,1277954,1589968270.1,INE405E01023,14154,UNO MINDA LIMITED,NEW,/home/suruchi-pandey/Projects/Bhavcopy-download-and-mail-code/2026/BhavCopy_NSE_CM_0_0_0_20260918_F_0000.csv
2026-09-18,UPHOT,EQ,1478.5,1500.0,1478.5,1500.0,121,179049.3,INE726E01014,764970,U P HOTELS LTD.,NEW,/home/suruchi-pandey/Projects/Bhavcopy-download-and-mail-code/2026/BhavCopy_NSE_CM_0_0_0_20260918_F_0000.csv
2026-09-18,UPL,EQ,554.0,580.0,553.4,580.0,3779171,2149428729.4,INE628A01036,11287,UPL LIMITED,NEW,/home/suruchi-pandey/Projects/Bhavcopy-download-and-mail-code/2026/BhavCopy_NSE_CM_0_0_0_20260918_F_0000.csv
2026-09-18,URBANCO,EQ,163.89,172.42,162.55,169.11,11152442,1887409758.46,INE0CAZ01013,759084,URBAN COMPANY LIMITED,NEW,/home/suruchi-pandey/Projects/Bhavcopy-download-and-mail-code/2026/BhavCopy_NSE_CM_0_0_0_20260918_F_0000.csv
2026-09-18,URJA,EQ,9.4,9.4,9.02,9.15,538147,4931030.32,INE550C01020,20203,URJA GLOBAL LIMITED,NEW,/home/suruchi-pandey/Projects/Bhavcopy-download-and-mail-code/2026/BhavCopy_NSE_CM_0_0_0_20260918_F_0000.csv
2026-09-18,USHAMART,EQ,496.0,511.0,494.0,507.2,1588391,803035638.05,INE228A01035,8840,USHA MARTIN LTD.,NEW,/home/suruchi-pandey/Projects/Bhavcopy-download-and-mail-code/2026/BhavCopy_NSE_CM_0_0_0_20260918_F_0000.csv
2026-09-18,USK,EQ,19.81,20.87,19.81,20.07,20541,413427.97,INE0N0Y01013,14871,UDAYSHIVAKUMAR INFRA LTD,NEW,/home/suruchi-pandey/Projects/Bhavcopy-download-and-mail-code/2026/BhavCopy_NSE_CM_0_0_0_20260918_F_0000.csv
2026-09-18,UTIAMC,EQ,908.0,908.0,889.65,895.0,109250,97798740.45,INE094J01016,527,UTI ASSET MNGMT CO LTD,NEW,/home/suruchi-pandey/Projects/Bhavcopy-download-and-mail-code/2026/BhavCopy_NSE_CM_0_0_0_20260918_F_0000.csv
2026-09-18,UTKARSHBNK,EQ,14.11,14.38,13.96,14.17,5303916,74716989.01,INE735W01017,17358,UTKARSH SMALL FIN BANK L,NEW,/home/suruchi-pandey/Projects/Bhavcopy-download-and-mail-code/2026/BhavCopy_NSE_CM_0_0_0_20260918_F_0000.csv
2026-09-18,UTLSOLAR,EQ,413.0,422.0,412.6,418.65,120238,50036969.55,INE12UR01024,759876,FUJIYAMA POWER SYSTEMS L,NEW,/home/suruchi-pandey/Projects/Bhavcopy-download-and-mail-code/2026/BhavCopy_NSE_CM_0_0_0_20260918_F_0000.csv
2026-09-18,UTTAMSUGAR,EQ,254.95,261.7,249.7,260.25,127683,32590730.7,INE786F01031,13376,UTTAM SUGAR MILLS LTD.,NEW,/home/suruchi-pandey/Projects/Bhavcopy-download-and-mail-code/2026/BhavCopy_NSE_CM_0_0_0_20260918_F_0000.csv
2026-09-18,V2RETAIL,EQ,210.01,215.81,210.0,214.03,643385,137612720.99,INE945H01021,14766,V2 RETAIL LIMITED,NEW,/home/suruchi-pandey/Projects/Bhavcopy-download-and-mail-code/2026/BhavCopy_NSE_CM_0_0_0_20260918_F_0000.csv
2026-09-18,VADILALIND,EQ,7065.0,7389.0,7040.0,7362.0,19386,140799067.0,INE694D01016,24196,VADILAL INDUSTRIES LTD,NEW,/home/suruchi-pandey/Projects/Bhavcopy-download-and-mail-code/2026/BhavCopy_NSE_CM_0_0_0_20260918_F_0000.csv
2026-09-18,VADILENT,EQ,10400.0,10575.0,10400.0,10540.0,10,104770.0,INE693D01018,764975,VADILAL ENTERPRISES LTD.,NEW,/home/suruchi-pandey/Projects/Bhavcopy-download-and-mail-code/2026/BhavCopy_NSE_CM_0_0_0_20260918_F_0000.csv
2026-09-18,VAIBHAVGBL,EQ,212.35,213.0,206.92,209.9,254747,53337488.52,INE884A01027,11364,VAIBHAV GLOBAL LIMITED,NEW,/home/suruchi-pandey/Projects/Bhavcopy-download-and-mail-code/2026/BhavCopy_NSE_CM_0_0_0_20260918_F_0000.csv
2026-09-18,VAISHALI,EQ,9.0,9.14,8.73,8.79,189226,1692288.61,INE972X01022,16589,VAISHALI PHARMA LIMITED,NEW,/home/suruchi-pandey/Projects/Bhavcopy-download-and-mail-code/2026/BhavCopy_NSE_CM_0_0_0_20260918_F_0000.csv
2026-09-18,VAKRANGEE,EQ,5.25,5.34,5.25,5.3,1102478,5840587.84,INE051B01021,13342,VAKRANGEE LIMITED,NEW,/home/suruchi-pandey/Projects/Bhavcopy-download-and-mail-code/2026/BhavCopy_NSE_CM_0_0_0_20260918_F_0000.csv
2026-09-18,VAL30IETF,EQ,14.81,14.92,14.77,14.88,91576,1360801.25,INF109KC16X5,25851,ICICIPRAMC - VAL30IETF,NEW,/home/suruchi-pandey/Projects/Bhavcopy-download-and-mail-code/2026/BhavCopy_NSE_CM_0_0_0_20260918_F_0000.csv
2026-09-18,VALUE,EQ,15.84,15.85,15.75,15.8,8366,132229.94,INF769K01QV2,761511,MIRAEAMC - VALUE,NEW,/home/suruchi-pandey/Projects/Bhavcopy-download-and-mail-code/2026/BhavCopy_NSE_CM_0_0_0_20260918_F_0000.csv
2026-09-18,VALUEAXIS,EQ,32.1,32.25,32.0,32.13,39037,1254146.85,INF846KA1119,30155,AXISAMC-VALUEAXIS,NEW,/home/suruchi-pandey/Projects/Bhavcopy-download-and-mail-code/2026/BhavCopy_NSE_CM_0_0_0_20260918_F_0000.csv
2026-09-18,VAML,EQ,407.4,419.0,407.35,416.5,9307238,3853636680.55,INE1CDF01017,750174,VEDANTA ALUMINIUM METAL L,NEW,/home/suruchi-pandey/Projects/Bhavcopy-download-and-mail-code/2026/BhavCopy_NSE_CM_0_0_0_20260918_F_0000.csv
2026-09-18,VARDMNPOLY,EQ,5.99,5.99,5.62,5.69,430537,2470858.99,INE835A01029,3646,VARDHMAN POLYTEX LTD.,NEW,/home/suruchi-pandey/Projects/Bhavcopy-download-and-mail-code/2026/BhavCopy_NSE_CM_0_0_0_20260918_F_0000.csv
2026-09-18,VARROC,EQ,852.25,877.05,840.55,861.55,223364,193529997.75,INE665L01035,3857,VARROC ENGINEERING LTD.,NEW,/home/suruchi-pandey/Projects/Bhavcopy-download-and-mail-code/2026/BhavCopy_NSE_CM_0_0_0_20260918_F_0000.csv
2026-09-18,VASCONEQ,EQ,30.4,30.94,29.5,30.35,305184,9271244.47,INE893I01013,18110,VASCON ENGINEERS LTD,NEW,/home/suruchi-pandey/Projects/Bhavcopy-download-and-mail-code/2026/BhavCopy_NSE_CM_0_0_0_20260918_F_0000.csv
2026-09-18,VASWANI,EQ,44.7,48.47,44.4,46.47,52340,2370603.74,INE590L01019,25340,VASWANI IND LTD,NEW,/home/suruchi-pandey/Projects/Bhavcopy-download-and-mail-code/2026/BhavCopy_NSE_CM_0_0_0_20260918_F_0000.csv
2026-09-18,VBL,EQ,416.9,425.4,416.25,421.95,7581873,3196409977.15,INE200M01039,18921,VARUN BEVERAGES LIMITED,NEW,/home/suruchi-pandey/Projects/Bhavcopy-download-and-mail-code/2026/BhavCopy_NSE_CM_0_0_0_20260918_F_0000.csv
2026-09-18,VEDAVAAG,EQ,22.0,23.25,20.35,22.21,105589,2361457.89,INE359B01010,764980,VEDAVAAG SYSTEMS LTD.,NEW,/home/suruchi-pandey/Projects/Bhavcopy-download-and-mail-code/2026/BhavCopy_NSE_CM_0_0_0_20260918_F_0000.csv
2026-09-18,VEDL,EQ,258.0,267.6,258.0,267.6,8484152,2233940986.55,INE205A01025,3063,VEDANTA LIMITED,NEW,/home/suruchi-pandey/Projects/Bhavcopy-download-and-mail-code/2026/BhavCopy_NSE_CM_0_0_0_20260918_F_0000.csv
2026-09-18,VEDPOWER,EQ,31.19,31.6,30.44,31.17,12482165,385559723.62,INE694L01019,750518,VEDANTA POWER LIMITED,NEW,/home/suruchi-pandey/Projects/Bhavcopy-download-and-mail-code/2026/BhavCopy_NSE_CM_0_0_0_20260918_F_0000.csv
2026-09-18,VEEDOL,EQ,1381.6,1397.0,1371.0,1377.7,9305,12848569.2,INE484C01030,14019,VEEDOL CORPORATION LTD,NEW,/home/suruchi-pandey/Projects/Bhavcopy-download-and-mail-code/2026/BhavCopy_NSE_CM_0_0_0_20260918_F_0000.csv
2026-09-18,VENKEYS,EQ,1675.0,1675.0,1616.4,1646.8,50193,82443118.4,INE398A01010,3757,VENKY S (INDIA) LIMITED,NEW,/home/suruchi-pandey/Projects/Bhavcopy-download-and-mail-code/2026/BhavCopy_NSE_CM_0_0_0_20260918_F_0000.csv
2026-09-18,VENTIVE,EQ,564.55,564.9,555.0,557.35,25567,14271497.7,INE781S01027,28847,VENTIVE HOSPITALITY LTD,NEW,/home/suruchi-pandey/Projects/Bhavcopy-download-and-mail-code/2026/BhavCopy_NSE_CM_0_0_0_20260918_F_0000.csv
2026-09-18,VENUSPIPES,EQ,2123.1,2309.1,2120.0,2282.9,1274312,2842338584.6,INE0JA001018,9592,VENUS PIPES & TUBES LTD,NEW,/home/suruchi-pandey/Projects/Bhavcopy-download-and-mail-code/2026/BhavCopy_NSE_CM_0_0_0_20260918_F_0000.csv
2026-09-18,VERANDA,EQ,216.98,225.0,212.8,221.76,279852,61222075.3,INE0IQ001011,8890,VERANDA LEARNING SOL LTD,NEW,/home/suruchi-pandey/Projects/Bhavcopy-download-and-mail-code/2026/BhavCopy_NSE_CM_0_0_0_20260918_F_0000.csv
2026-09-18,VERTOZ,EQ,36.72,37.95,36.2,37.04,17377,644458.16,INE188Y01031,18863,VERTOZ LIMITED,NEW,/home/suruchi-pandey/Projects/Bhavcopy-download-and-mail-code/2026/BhavCopy_NSE_CM_0_0_0_20260918_F_0000.csv
2026-09-18,VESUVIUS,EQ,402.0,414.3,400.9,405.95,129439,52460434.15,INE386A01023,3676,VESUVIUS INDIA LTD,NEW,/home/suruchi-pandey/Projects/Bhavcopy-download-and-mail-code/2026/BhavCopy_NSE_CM_0_0_0_20260918_F_0000.csv
2026-09-18,VGCL,EQ,48.01,50.39,48.0,48.42,2553,124014.3,INE761Q01015,765252,VIBRANT GLOBAL CAPITAL L,NEW,/home/suruchi-pandey/Projects/Bhavcopy-download-and-mail-code/2026/BhavCopy_NSE_CM_0_0_0_20260918_F_0000.csv
2026-09-18,VGL,EQ,66.35,68.01,66.0,66.27,45684,3038123.7,INE273D01027,13771,VARVEE GLOBAL LIMITED,NEW,/home/suruchi-pandey/Projects/Bhavcopy-download-and-mail-code/2026/BhavCopy_NSE_CM_0_0_0_20260918_F_0000.csv
2026-09-18,VGUARD,EQ,330.0,337.65,323.4,325.4,650488,213555462.2,INE951I01027,15362,V-GUARD IND LTD.,NEW,/home/suruchi-pandey/Projects/Bhavcopy-download-and-mail-code/2026/BhavCopy_NSE_CM_0_0_0_20260918_F_0000.csv
2026-09-18,VHL,EQ,3400.0,3426.7,3362.0,3377.1,287,970169.4,INE701A01023,11892,VARDHMAN HOLDINGS LIMITED,NEW,/home/suruchi-pandey/Projects/Bhavcopy-download-and-mail-code/2026/BhavCopy_NSE_CM_0_0_0_20260918_F_0000.csv
2026-09-18,VIDHIING,EQ,346.0,350.5,340.0,344.55,23643,8198684.1,INE632C01026,13536,VIDHI SPCLTY F INGRDNTS L,NEW,/home/suruchi-pandey/Projects/Bhavcopy-download-and-mail-code/2026/BhavCopy_NSE_CM_0_0_0_20260918_F_0000.csv
2026-09-18,VIDYAWIRES,EQ,85.34,87.39,85.11,86.87,527832,45518358.28,INE14UN01029,760224,VIDYA WIRES LIMITED,NEW,/home/suruchi-pandey/Projects/Bhavcopy-download-and-mail-code/2026/BhavCopy_NSE_CM_0_0_0_20260918_F_0000.csv
2026-09-18,VIJAYA,EQ,1510.0,1569.0,1491.0,1558.9,278137,430215716.4,INE043W01024,5585,VIJAYA DIAGNOSTIC CEN LTD,NEW,/home/suruchi-pandey/Projects/Bhavcopy-download-and-mail-code/2026/BhavCopy_NSE_CM_0_0_0_20260918_F_0000.csv
2026-09-18,VIJSOLX,EQ,638.0,647.95,627.05,631.5,282,177609.0,INE362D01010,764985,VIJAY SOLVEX LTD.,NEW,/home/suruchi-pandey/Projects/Bhavcopy-download-and-mail-code/2026/BhavCopy_NSE_CM_0_0_0_20260918_F_0000.csv
2026-09-18,VIKASECO,EQ,1.05,1.05,1.04,1.04,1026403,1073121.63,INE806A01020,25756,VIKAS ECOTECH LIMITED,NEW,/home/suruchi-pandey/Projects/Bhavcopy-download-and-mail-code/2026/BhavCopy_NSE_CM_0_0_0_20260918_F_0000.csv
2026-09-18,VIKASLIFE,EQ,1.22,1.24,1.21,1.21,1457205,1777201.54,INE161L01027,9931,VIKAS LIFECARE LIMITED,NEW,/home/suruchi-pandey/Projects/Bhavcopy-download-and-mail-code/2026/BhavCopy_NSE_CM_0_0_0_20260918_F_0000.csv
2026-09-18,VIKRAMSOLR,EQ,164.24,165.91,163.05,165.42,864171,142080487.87,INE078V01014,759453,VIKRAM SOLAR LIMITED,NEW,/home/suruchi-pandey/Projects/Bhavcopy-download-and-mail-code/2026/BhavCopy_NSE_CM_0_0_0_20260918_F_0000.csv
2026-09-18,VIKRAN,EQ,56.25,56.68,55.79,56.31,526119,29560085.96,INE01R501028,758973,VIKRAN ENGINEERING LTD,NEW,/home/suruchi-pandey/Projects/Bhavcopy-download-and-mail-code/2026/BhavCopy_NSE_CM_0_0_0_20260918_F_0000.csv
2026-09-18,VIMTALABS,EQ,604.0,610.0,599.05,603.1,91341,55166348.6,INE579C01029,13101,VIMTA LABS LIMITED,NEW,/home/suruchi-pandey/Projects/Bhavcopy-download-and-mail-code/2026/BhavCopy_NSE_CM_0_0_0_20260918_F_0000.csv
2026-09-18,VINATIORGA,EQ,1254.0,1255.4,1228.3,1234.9,178913,221566319.7,INE410B01037,17364,VINATI ORGANICS LTD,NEW,/home/suruchi-pandey/Projects/Bhavcopy-download-and-mail-code/2026/BhavCopy_NSE_CM_0_0_0_20260918_F_0000.csv
2026-09-18,VINCOFE,EQ,173.25,177.73,172.7,174.19,1635637,284755055.07,INE498Q01014,25835,VINTAGE COFFEE N BVRGS L,NEW,/home/suruchi-pandey/Projects/Bhavcopy-download-and-mail-code/2026/BhavCopy_NSE_CM_0_0_0_20260918_F_0000.csv
2026-09-18,VINDHYATEL,EQ,2640.0,2687.9,2601.0,2660.0,35119,93275117.4,INE707A01012,3694,VINDHYA TELELINKS LTD,NEW,/home/suruchi-pandey/Projects/Bhavcopy-download-and-mail-code/2026/BhavCopy_NSE_CM_0_0_0_20260918_F_0000.csv
2026-09-18,VINEETLAB,EQ,36.9,37.37,35.41,36.78,115604,4192916.67,INE505Y01010,3807,VINEET LABORATORIES LTD,NEW,/home/suruchi-pandey/Projects/Bhavcopy-download-and-mail-code/2026/BhavCopy_NSE_CM_0_0_0_20260918_F_0000.csv
2026-09-18,VINNY,EQ,0.99,0.99,0.95,0.96,264396,254709.51,INE01KI01027,12490,VINNY OVERSEAS LIMITED,NEW,/home/suruchi-pandey/Projects/Bhavcopy-download-and-mail-code/2026/BhavCopy_NSE_CM_0_0_0_20260918_F_0000.csv
2026-09-18,VINYLINDIA,EQ,218.7,226.0,214.1,222.68,6877,1526872.71,INE250B01029,16821,VINYL CHEMICALS (I) LTD.,NEW,/home/suruchi-pandey/Projects/Bhavcopy-download-and-mail-code/2026/BhavCopy_NSE_CM_0_0_0_20260918_F_0000.csv
2026-09-18,VIPCLOTHNG,EQ,20.73,21.35,20.6,20.8,75380,1570621.94,INE450G01024,14843,VIP CLOTHING LIMITED,NEW,/home/suruchi-pandey/Projects/Bhavcopy-download-and-mail-code/2026/BhavCopy_NSE_CM_0_0_0_20260918_F_0000.csv
2026-09-18,VIPIND,EQ,305.0,310.85,292.35,299.1,1206004,359717381.15,INE054A01027,3703,VIP INDUSTRIES LTD,NEW,/home/suruchi-pandey/Projects/Bhavcopy-download-and-mail-code/2026/BhavCopy_NSE_CM_0_0_0_20260918_F_0000.csv
2026-09-18,VIRAT,EQ,394.9,404.8,375.35,390.85,11453,4465114.1,INE467D01017,764990,VIRAT INDUSTRIES LTD.,NEW,/home/suruchi-pandey/Projects/Bhavcopy-download-and-mail-code/2026/BhavCopy_NSE_CM_0_0_0_20260918_F_0000.csv
2026-09-18,VIRINCHI,EQ,13.61,14.5,13.61,14.17,62548,872251.55,INE539B01017,15295,VIRINCHI LIMITED,NEW,/home/suruchi-pandey/Projects/Bhavcopy-download-and-mail-code/2026/BhavCopy_NSE_CM_0_0_0_20260918_F_0000.csv
2026-09-18,VISACHROME,EQ,29.11,31.78,28.8,30.09,54826,1639953.4,INE286H01012,13295,VISA CHROME LIMITED,NEW,/home/suruchi-pandey/Projects/Bhavcopy-download-and-mail-code/2026/BhavCopy_NSE_CM_0_0_0_20260918_F_0000.csv
2026-09-18,VISAKAIND,EQ,91.0,97.95,91.0,97.36,612789,58590569.83,INE392A01021,4221,VISAKA INDUSTRIES LIMITED,NEW,/home/suruchi-pandey/Projects/Bhavcopy-download-and-mail-code/2026/BhavCopy_NSE_CM_0_0_0_20260918_F_0000.csv
2026-09-18,VISHAL,EQ,18.12,18.49,18.05,18.22,14567,266765.9,INE755Q01025,11773,VISHAL FABRICS LTD.,NEW,/home/suruchi-pandey/Projects/Bhavcopy-download-and-mail-code/2026/BhavCopy_NSE_CM_0_0_0_20260918_F_0000.csv
2026-09-18,VISHNU,EQ,715.5,728.0,709.2,722.15,81466,58799522.9,INE270I01022,6908,VISHNU CHEMICALS LIMITED,NEW,/home/suruchi-pandey/Projects/Bhavcopy-download-and-mail-code/2026/BhavCopy_NSE_CM_0_0_0_20260918_F_0000.csv
2026-09-18,VISHWARAJ,EQ,5.25,5.35,5.25,5.31,173856,921492.8,INE430N01022,13702,VISHWARAJ SUGAR IND LTD,NEW,/home/suruchi-pandey/Projects/Bhavcopy-download-and-mail-code/2026/BhavCopy_NSE_CM_0_0_0_20260918_F_0000.csv
2026-09-18,VISL,EQ,32.37,32.37,30.37,30.91,23212486,725369066.18,INE1CLE01013,750290,VEDANTA IRON AND STEEL L,NEW,/home/suruchi-pandey/Projects/Bhavcopy-download-and-mail-code/2026/BhavCopy_NSE_CM_0_0_0_20260918_F_0000.csv
2026-09-18,VITAL,EQ,57.25,57.25,55.4,55.4,4769,265751.37,INE0L4K01016,761148,VITAL CHEMTECH LIMITED,NEW,/home/suruchi-pandey/Projects/Bhavcopy-download-and-mail-code/2026/BhavCopy_NSE_CM_0_0_0_20260918_F_0000.csv
2026-09-18,VIVIANA,EQ,732.15,743.75,711.45,718.8,13641,9851462.35,INE0MEG01014,763636,VIVIANA POWER TECH LTD,NEW,/home/suruchi-pandey/Projects/Bhavcopy-download-and-mail-code/2026/BhavCopy_NSE_CM_0_0_0_20260918_F_0000.csv
2026-09-18,VIVIDHA,EQ,0.52,0.53,0.51,0.51,328242,171336.75,INE370E01029,29877,VISAGAR POLYTEX LTD,NEW,/home/suruchi-pandey/Projects/Bhavcopy-download-and-mail-code/2026/BhavCopy_NSE_CM_0_0_0_20260918_F_0000.csv
2026-09-18,VIVOBIOT,EQ,17.19,17.19,16.11,16.77,7955,131766.15,INE380K01017,764995,VIVO BIO TECH LTD.,NEW,/home/suruchi-pandey/Projects/Bhavcopy-download-and-mail-code/2026/BhavCopy_NSE_CM_0_0_0_20260918_F_0000.csv
2026-09-18,VIYASH,EQ,245.9,251.15,245.65,249.65,1418518,352613916.55,INE807F01027,14296,VIYASH SCIENTIFIC LIMITED,NEW,/home/suruchi-pandey/Projects/Bhavcopy-download-and-mail-code/2026/BhavCopy_NSE_CM_0_0_0_20260918_F_0000.csv
2026-09-18,VLEGOV,EQ,10.25,10.47,10.07,10.19,22497,229780.11,INE03HW01020,18012,VL E GOV AND IT SOL LTD,NEW,/home/suruchi-pandey/Projects/Bhavcopy-download-and-mail-code/2026/BhavCopy_NSE_CM_0_0_0_20260918_F_0000.csv
2026-09-18,VLSFINANCE,EQ,238.0,241.98,237.56,238.2,5611,1340644.94,INE709A01018,3715,VLS FINANCE LTD,NEW,/home/suruchi-pandey/Projects/Bhavcopy-download-and-mail-code/2026/BhavCopy_NSE_CM_0_0_0_20260918_F_0000.csv
2026-09-18,VMART,EQ,789.75,828.0,781.2,808.15,87125,69854345.45,INE665J01013,29284,VMART RETAIL LTD,NEW,/home/suruchi-pandey/Projects/Bhavcopy-download-and-mail-code/2026/BhavCopy_NSE_CM_0_0_0_20260918_F_0000.csv
2026-09-18,VMM,EQ,101.24,102.65,100.23,102.65,10785733,1093910821.4,INE01EA01019,27969,VISHAL MEGA MART LIMITED,NEW,/home/suruchi-pandey/Projects/Bhavcopy-download-and-mail-code/2026/BhavCopy_NSE_CM_0_0_0_20260918_F_0000.csv
2026-09-18,VMSTMT,EQ,50.5,50.9,47.51,49.64,133668,6637142.7,INE0SJA01013,759152,VMS TMT LIMITED,NEW,/home/suruchi-pandey/Projects/Bhavcopy-download-and-mail-code/2026/BhavCopy_NSE_CM_0_0_0_20260918_F_0000.csv
2026-09-18,VOEPL,EQ,499.0,510.15,491.55,506.75,30038,15163746.45,INE0I0T01010,761916,VIRTUOSO OPTOELECTRONIC L,NEW,/home/suruchi-pandey/Projects/Bhavcopy-download-and-mail-code/2026/BhavCopy_NSE_CM_0_0_0_20260918_F_0000.csv
2026-09-18,VOGL,EQ,35.08,35.16,34.01,34.26,21433547,736686269.44,INE704J01044,750368,VEDANTA OIL AND GAS LTD,NEW,/home/suruchi-pandey/Projects/Bhavcopy-download-and-mail-code/2026/BhavCopy_NSE_CM_0_0_0_20260918_F_0000.csv
2026-09-18,VOITHPAPR,EQ,1461.2,1475.8,1451.0,1457.5,161,235530.2,INE285C01015,765000,VOITH PAPER FABRICS IND L,NEW,/home/suruchi-pandey/Projects/Bhavcopy-download-and-mail-code/2026/BhavCopy_NSE_CM_0_0_0_20260918_F_0000.csv
2026-09-18,VOLTAMP,EQ,10798.0,10964.0,10784.0,10879.0,19415,211211339.0,INE540H01012,13577,VOLTAMP TRANSFORMERS LTD,NEW,/home/suruchi-pandey/Projects/Bhavcopy-download-and-mail-code/2026/BhavCopy_NSE_CM_0_0_0_20260918_F_0000.csv
2026-09-18,VOLTAS,EQ,1136.0,1145.3,1110.9,1110.9,597381,671702482.1,INE226A01021,3718,VOLTAS LTD,NEW,/home/suruchi-pandey/Projects/Bhavcopy-download-and-mail-code/2026/BhavCopy_NSE_CM_0_0_0_20260918_F_0000.csv
2026-09-18,VPRPL,EQ,33.78,36.0,32.9,34.72,1120320,38737803.5,INE0AE001013,18341,VISHNU PRAKASH R PUNGLI L,NEW,/home/suruchi-pandey/Projects/Bhavcopy-download-and-mail-code/2026/BhavCopy_NSE_CM_0_0_0_20260918_F_0000.csv
2026-09-18,VRAJ,EQ,124.0,128.1,123.87,127.74,20078,2536823.36,INE0S2V01010,24321,VRAJ IRON AND STEEL LTD,NEW,/home/suruchi-pandey/Projects/Bhavcopy-download-and-mail-code/2026/BhavCopy_NSE_CM_0_0_0_20260918_F_0000.csv
2026-09-18,VRLLOG,EQ,286.15,295.0,286.15,293.6,140025,40716271.9,INE366I01010,8696,VRL LOGISTICS LIMITED,NEW,/home/suruchi-pandey/Projects/Bhavcopy-download-and-mail-code/2026/BhavCopy_NSE_CM_0_0_0_20260918_F_0000.csv
2026-09-18,VSSL,EQ,406.95,411.0,397.95,404.7,154256,62296491.85,INE050M01012,27067,VARDHMAN SPC STEEL LTD,NEW,/home/suruchi-pandey/Projects/Bhavcopy-download-and-mail-code/2026/BhavCopy_NSE_CM_0_0_0_20260918_F_0000.csv
2026-09-18,VSTIND,EQ,206.0,214.7,202.5,208.92,257715,53481082.37,INE710A01016,3724,VST INDUSTRIES LTD,NEW,/home/suruchi-pandey/Projects/Bhavcopy-download-and-mail-code/2026/BhavCopy_NSE_CM_0_0_0_20260918_F_0000.csv
2026-09-18,VSTL,EQ,114.82,114.82,112.1,113.54,5909,668033.21,INE0QTF01015,22730,VIBHOR STEEL TUBES LTD,NEW,/home/suruchi-pandey/Projects/Bhavcopy-download-and-mail-code/2026/BhavCopy_NSE_CM_0_0_0_20260918_F_0000.csv
2026-09-18,VSTTILLERS,EQ,4248.2,4322.6,4086.8,4240.0,17107,71674435.1,INE764D01017,24292,VST TILLERS TRACTORS LTD,NEW,/home/suruchi-pandey/Projects/Bhavcopy-download-and-mail-code/2026/BhavCopy_NSE_CM_0_0_0_20260918_F_0000.csv
2026-09-18,VTL,EQ,558.5,580.5,558.2,578.05,361599,205536607.7,INE825A01020,2073,VARDHMAN TEXTILES LIMITED,NEW,/home/suruchi-pandey/Projects/Bhavcopy-download-and-mail-code/2026/BhavCopy_NSE_CM_0_0_0_20260918_F_0000.csv
2026-09-18,VTMLTD,EQ,48.44,48.44,46.12,47.5,35040,1677168.01,INE222F01029,765220,V T M LTD.,NEW,/home/suruchi-pandey/Projects/Bhavcopy-download-and-mail-code/2026/BhavCopy_NSE_CM_0_0_0_20260918_F_0000.csv
2026-09-18,WAAREEENER,EQ,2490.1,2560.7,2486.1,2560.7,1224265,3099786779.4,INE377N01017,25907,WAAREE ENERGIES LIMITED,NEW,/home/suruchi-pandey/Projects/Bhavcopy-download-and-mail-code/2026/BhavCopy_NSE_CM_0_0_0_20260918_F_0000.csv
2026-09-18,WAAREEINDO,EQ,260.1,271.7,253.3,267.95,293556,78840971.4,INE866K01023,19955,INDOSOLAR LIMITED,NEW,/home/suruchi-pandey/Projects/Bhavcopy-download-and-mail-code/2026/BhavCopy_NSE_CM_0_0_0_20260918_F_0000.csv
2026-09-18,WAAREERTL,EQ,811.65,825.95,811.65,819.65,93649,76670031.2,INE299N01021,756038,WAAREE RENEWABLE TECH LTD,NEW,/home/suruchi-pandey/Projects/Bhavcopy-download-and-mail-code/2026/BhavCopy_NSE_CM_0_0_0_20260918_F_0000.csv
2026-09-18,WABAG,EQ,2085.0,2148.8,2065.4,2132.6,535595,1132880663.2,INE956G01038,20188,VA TECH WABAG LTD,NEW,/home/suruchi-pandey/Projects/Bhavcopy-download-and-mail-code/2026/BhavCopy_NSE_CM_0_0_0_20260918_F_0000.csv
2026-09-18,WAKEFIT,EQ,146.11,148.9,144.6,146.85,179739,26200828.54,INE0E7301029,760259,WAKEFIT INNOVATIONS LTD,NEW,/home/suruchi-pandey/Projects/Bhavcopy-download-and-mail-code/2026/BhavCopy_NSE_CM_0_0_0_20260918_F_0000.csv
2026-09-18,WALCHANNAG,EQ,200.0,203.75,198.02,202.71,396972,79992699.91,INE711A01022,3736,WALCHANDNAGAR INDUSTRIES,NEW,/home/suruchi-pandey/Projects/Bhavcopy-download-and-mail-code/2026/BhavCopy_NSE_CM_0_0_0_20260918_F_0000.csv
2026-09-18,WANBURY,EQ,226.1,228.0,221.25,222.75,113160,25385176.05,INE107F01022,14063,WANBURY LIMITED,NEW,/home/suruchi-pandey/Projects/Bhavcopy-download-and-mail-code/2026/BhavCopy_NSE_CM_0_0_0_20260918_F_0000.csv
2026-09-18,WARDINMOBI,EQ,5.77,5.79,5.6,5.72,205536,1173961.34,INE945P01024,765225,WARDWIZARD INNO & MOB L,NEW,/home/suruchi-pandey/Projects/Bhavcopy-download-and-mail-code/2026/BhavCopy_NSE_CM_0_0_0_20260918_F_0000.csv
2026-09-18,WATERBASE,EQ,45.67,46.9,45.51,45.96,12534,576431.3,INE054C01015,3745,WATERBASE LTD.,NEW,/home/suruchi-pandey/Projects/Bhavcopy-download-and-mail-code/2026/BhavCopy_NSE_CM_0_0_0_20260918_F_0000.csv
2026-09-18,WCIL,EQ,95.8,99.99,93.95,96.86,535857,52375811.76,INE0CJF01024,25403,WESTERN CARRIERS (IND) L,NEW,/home/suruchi-pandey/Projects/Bhavcopy-download-and-mail-code/2026/BhavCopy_NSE_CM_0_0_0_20260918_F_0000.csv
2026-09-18,WEALTH,EQ,842.1,857.7,830.0,841.55,2275,1920199.15,INE658T01017,1923,WEALTH FRST PORT. MG. LTD,NEW,/home/suruchi-pandey/Projects/Bhavcopy-download-and-mail-code/2026/BhavCopy_NSE_CM_0_0_0_20260918_F_0000.csv
2026-09-18,WEBELSOLAR,EQ,72.99,74.49,71.65,72.94,1657255,120856994.2,INE855C01023,14602,WEBSOL ENERGY SYSTEM LTD,NEW,/home/suruchi-pandey/Projects/Bhavcopy-download-and-mail-code/2026/BhavCopy_NSE_CM_0_0_0_20260918_F_0000.csv
2026-09-18,WEIZMANIND,EQ,71.27,71.5,71.27,71.48,282,20103.62,INE080A01014,3748,WEIZMANN LTD,NEW,/home/suruchi-pandey/Projects/Bhavcopy-download-and-mail-code/2026/BhavCopy_NSE_CM_0_0_0_20260918_F_0000.csv
2026-09-18,WEL,EQ,70.4,72.94,68.01,72.94,546636,39129355.77,INE02WG01024,7835,WONDER ELECTRICALS LTD,NEW,/home/suruchi-pandey/Projects/Bhavcopy-download-and-mail-code/2026/BhavCopy_NSE_CM_0_0_0_20260918_F_0000.csv
2026-09-18,WELCORP,EQ,2472.6,2678.7,2472.6,2660.1,4629365,12092947371.5,INE191B01025,11821,WELSPUN CORP LIMITED,NEW,/home/suruchi-pandey/Projects/Bhavcopy-download-and-mail-code/2026/BhavCopy_NSE_CM_0_0_0_20260918_F_0000.csv
2026-09-18,WELENT,EQ,783.8,837.75,774.65,823.35,1675361,1331357705.15,INE625G01013,11626,WELSPUN ENTERPRISES LTD.,NEW,/home/suruchi-pandey/Projects/Bhavcopy-download-and-mail-code/2026/BhavCopy_NSE_CM_0_0_0_20260918_F_0000.csv
2026-09-18,WELSPLSOL,EQ,53.88,56.23,52.99,55.65,558795,30704925.17,INE731F01037,762971,WELSPUN SPECIALTY SOL L,NEW,/home/suruchi-pandey/Projects/Bhavcopy-download-and-mail-code/2026/BhavCopy_NSE_CM_0_0_0_20260918_F_0000.csv
2026-09-18,WELSPUNLIV,EQ,212.25,216.0,211.46,214.66,3513969,752587965.72,INE192B01031,11253,WELSPUN LIVING LIMITED,NEW,/home/suruchi-pandey/Projects/Bhavcopy-download-and-mail-code/2026/BhavCopy_NSE_CM_0_0_0_20260918_F_0000.csv
2026-09-18,WENDT,EQ,8799.0,8945.0,8622.5,8767.5,16282,142713045.5,INE274C01019,4235,WENDT (INDIA) LIMITED,NEW,/home/suruchi-pandey/Projects/Bhavcopy-download-and-mail-code/2026/BhavCopy_NSE_CM_0_0_0_20260918_F_0000.csv
2026-09-18,WESTLIFE,EQ,544.2,566.0,544.2,564.4,64581,36349314.8,INE274F01020,11580,WESTLIFE FOODWORLD LTD,NEW,/home/suruchi-pandey/Projects/Bhavcopy-download-and-mail-code/2026/BhavCopy_NSE_CM_0_0_0_20260918_F_0000.csv
2026-09-18,WEWIN,EQ,43.1,43.1,41.01,43.0,3103,133276.45,INE082W01014,9862,WE WIN LIMITED,NEW,/home/suruchi-pandey/Projects/Bhavcopy-download-and-mail-code/2026/BhavCopy_NSE_CM_0_0_0_20260918_F_0000.csv
2026-09-18,WEWORK,EQ,682.0,692.55,676.6,681.2,191510,130591463.9,INE085001019,759434,WEWORK INDIA MANAGEMENT L,NEW,/home/suruchi-pandey/Projects/Bhavcopy-download-and-mail-code/2026/BhavCopy_NSE_CM_0_0_0_20260918_F_0000.csv
2026-09-18,WHBRADY,EQ,489.0,489.0,465.3,476.05,124,59211.9,INE855A01019,765005,W H BRADY & CO. LTD.,NEW,/home/suruchi-pandey/Projects/Bhavcopy-download-and-mail-code/2026/BhavCopy_NSE_CM_0_0_0_20260918_F_0000.csv
2026-09-18,WHEELS,EQ,2130.0,2235.0,2116.6,2175.7,311417,676129655.1,INE715A01015,3766,WHEELS INDIA LTD,NEW,/home/suruchi-pandey/Projects/Bhavcopy-download-and-mail-code/2026/BhavCopy_NSE_CM_0_0_0_20260918_F_0000.csv
2026-09-18,WHIRLPOOL,EQ,727.4,732.1,706.0,717.7,1683148,1206939012.1,INE716A01013,18011,WHIRLPOOL OF INDIA LTD,NEW,/home/suruchi-pandey/Projects/Bhavcopy-download-and-mail-code/2026/BhavCopy_NSE_CM_0_0_0_20260918_F_0000.csv
2026-09-18,WILLAMAGOR,EQ,25.25,25.25,23.41,24.36,939,22763.91,INE210A01017,3772,WILLIAMSON MAGOR,NEW,/home/suruchi-pandey/Projects/Bhavcopy-download-and-mail-code/2026/BhavCopy_NSE_CM_0_0_0_20260918_F_0000.csv
2026-09-18,WINDLAS,EQ,1119.85,1136.6,1104.35,1109.45,71125,79452803.6,INE0H5O01029,5366,WINDLAS BIOTECH LIMITED,NEW,/home/suruchi-pandey/Projects/Bhavcopy-download-and-mail-code/2026/BhavCopy_NSE_CM_0_0_0_20260918_F_0000.csv
2026-09-18,WINDMACHIN,EQ,300.05,303.2,293.7,300.05,137585,41234628.95,INE052A01021,24969,WINDSOR MACHINES LIMITED,NEW,/home/suruchi-pandey/Projects/Bhavcopy-download-and-mail-code/2026/BhavCopy_NSE_CM_0_0_0_20260918_F_0000.csv
2026-09-18,WIPL,EQ,171.39,171.39,164.7,165.21,1593,263288.94,INE215F01023,20481,THE WESTERN INDIA PLY LTD,NEW,/home/suruchi-pandey/Projects/Bhavcopy-download-and-mail-code/2026/BhavCopy_NSE_CM_0_0_0_20260918_F_0000.csv
2026-09-18,WIPRO,EQ,166.9,166.9,163.3,166.83,23606474,3900410009.34,INE075A01022,3787,WIPRO LTD,NEW,/home/suruchi-pandey/Projects/Bhavcopy-download-and-mail-code/2026/BhavCopy_NSE_CM_0_0_0_20260918_F_0000.csv
2026-09-18,WOCKPHARMA,EQ,2072.3,2109.3,2047.3,2086.1,557349,1160083924.4,INE049B01025,7506,WOCKHARDT LIMITED,NEW,/home/suruchi-pandey/Projects/Bhavcopy-download-and-mail-code/2026/BhavCopy_NSE_CM_0_0_0_20260918_F_0000.csv
2026-09-18,WONDERLA,EQ,516.65,529.8,516.05,527.85,72202,37954268.85,INE066O01014,3002,WONDERLA HOLIDAYS LTD.,NEW,/home/suruchi-pandey/Projects/Bhavcopy-download-and-mail-code/2026/BhavCopy_NSE_CM_0_0_0_20260918_F_0000.csv
2026-09-18,WORTHPERI,EQ,144.21,155.0,144.21,147.52,6705,994683.77,INE196Y01018,22277,WORTH PERIPHERALS LIMITED,NEW,/home/suruchi-pandey/Projects/Bhavcopy-download-and-mail-code/2026/BhavCopy_NSE_CM_0_0_0_20260918_F_0000.csv
2026-09-18,WPIL,EQ,444.6,445.0,430.5,433.7,38917,16889302.35,INE765D01022,762978,W P I L LTD.,NEW,/home/suruchi-pandey/Projects/Bhavcopy-download-and-mail-code/2026/BhavCopy_NSE_CM_0_0_0_20260918_F_0000.csv
2026-09-18,WSI,EQ,58.79,58.79,57.02,58.59,15648,910140.14,INE100D01014,14828,W.S.INDUSTRIES (I) LTD.,NEW,/home/suruchi-pandey/Projects/Bhavcopy-download-and-mail-code/2026/BhavCopy_NSE_CM_0_0_0_20260918_F_0000.csv
2026-09-18,WSTCSTPAPR,EQ,716.0,772.0,713.95,768.3,592182,443499796.25,INE976A01021,3799,WEST COAST PAPER MILLS LT,NEW,/home/suruchi-pandey/Projects/Bhavcopy-download-and-mail-code/2026/BhavCopy_NSE_CM_0_0_0_20260918_F_0000.csv
2026-09-18,XCHANGING,EQ,62.4,62.95,61.65,62.16,62678,3884498.58,INE692G01013,11705,XCHANGING SOLUTIONS LTD,NEW,/home/suruchi-pandey/Projects/Bhavcopy-download-and-mail-code/2026/BhavCopy_NSE_CM_0_0_0_20260918_F_0000.csv
2026-09-18,XELPMOC,EQ,75.99,75.99,73.1,74.39,4134,306569.64,INE01P501012,8477,XELPMOC DESIGN & TECH LTD,NEW,/home/suruchi-pandey/Projects/Bhavcopy-download-and-mail-code/2026/BhavCopy_NSE_CM_0_0_0_20260918_F_0000.csv
2026-09-18,XPROINDIA,EQ,1231.0,1251.2,1213.0,1223.0,20472,25170167.8,INE445C01015,11407,XPRO INDIA LIMITED,NEW,/home/suruchi-pandey/Projects/Bhavcopy-download-and-mail-code/2026/BhavCopy_NSE_CM_0_0_0_20260918_F_0000.csv
2026-09-18,XTGLOBAL,EQ,29.45,30.0,28.6,29.54,27319,804816.42,INE547B01028,25235,XTGLOBAL INFOTECH LIMITED,NEW,/home/suruchi-pandey/Projects/Bhavcopy-download-and-mail-code/2026/BhavCopy_NSE_CM_0_0_0_20260918_F_0000.csv
2026-09-18,XTRANET,EQ,305.49,330.0,303.11,312.16,2792260,881977679.28,INE0NG701011,764312,XTRANET TECHNOLOGIES LTD,NEW,/home/suruchi-pandey/Projects/Bhavcopy-download-and-mail-code/2026/BhavCopy_NSE_CM_0_0_0_20260918_F_0000.csv
2026-09-18,YASHO,EQ,4003.0,4065.0,3970.0,4002.0,16899,67734396.6,INE616Z01012,18131,YASHO INDUSTRIES LIMITED,NEW,/home/suruchi-pandey/Projects/Bhavcopy-download-and-mail-code/2026/BhavCopy_NSE_CM_0_0_0_20260918_F_0000.csv
2026-09-18,YATHARTH,EQ,1098.0,1184.0,1082.4,1139.5,6484052,7388500648.7,INE0JO301016,17738,YATHARTH HOSP & TRA C S L,NEW,/home/suruchi-pandey/Projects/Bhavcopy-download-and-mail-code/2026/BhavCopy_NSE_CM_0_0_0_20260918_F_0000.csv
2026-09-18,YATRA,EQ,103.7,106.5,103.7,104.83,437182,46013787.16,INE0JR601024,18760,YATRA ONLINE LIMITED,NEW,/home/suruchi-pandey/Projects/Bhavcopy-download-and-mail-code/2026/BhavCopy_NSE_CM_0_0_0_20260918_F_0000.csv
2026-09-18,YESBANK,EQ,23.2,23.38,22.72,22.72,73563796,1693928532.32,INE528G01035,11915,YES BANK LIMITED,NEW,/home/suruchi-pandey/Projects/Bhavcopy-download-and-mail-code/2026/BhavCopy_NSE_CM_0_0_0_20260918_F_0000.csv
2026-09-18,YOGI,EQ,163.99,164.0,163.9,163.98,15,2459.75,INE290E01011,765010,YOGI LTD.,NEW,/home/suruchi-pandey/Projects/Bhavcopy-download-and-mail-code/2026/BhavCopy_NSE_CM_0_0_0_20260918_F_0000.csv
2026-09-18,YUKEN,EQ,1123.1,1149.0,1078.4,1139.2,26377,29444306.05,INE384C01016,5501,YUKEN INDIA LIMITED,NEW,/home/suruchi-pandey/Projects/Bhavcopy-download-and-mail-code/2026/BhavCopy_NSE_CM_0_0_0_20260918_F_0000.csv
2026-09-18,ZAGGLE,EQ,181.24,182.24,177.25,178.56,983830,176462462.89,INE07K301024,18608,ZAGGLE PREPA OCEAN SER L,NEW,/home/suruchi-pandey/Projects/Bhavcopy-download-and-mail-code/2026/BhavCopy_NSE_CM_0_0_0_20260918_F_0000.csv
2026-09-18,ZEEL,EQ,78.31,79.97,76.76,78.62,21977996,1719635815.15,INE256A01028,3812,ZEE ENTERTAINMENT ENT LTD,NEW,/home/suruchi-pandey/Projects/Bhavcopy-download-and-mail-code/2026/BhavCopy_NSE_CM_0_0_0_20260918_F_0000.csv
2026-09-18,ZEELEARN,EQ,7.3,7.3,6.6,6.86,361589,2458189.88,INE565L01011,20852,ZEE LEARN LIMITED,NEW,/home/suruchi-pandey/Projects/Bhavcopy-download-and-mail-code/2026/BhavCopy_NSE_CM_0_0_0_20260918_F_0000.csv
2026-09-18,ZEEMEDIA,EQ,7.3,7.44,7.29,7.32,1273163,9362090.26,INE966H01019,14003,ZEE MEDIA CORPORATION LTD,NEW,/home/suruchi-pandey/Projects/Bhavcopy-download-and-mail-code/2026/BhavCopy_NSE_CM_0_0_0_20260918_F_0000.csv
2026-09-18,ZENITHEXPO,EQ,196.95,203.95,196.95,203.95,2,400.9,INE058B01018,4176,ZENITH EXPORTS LTD,NEW,/home/suruchi-pandey/Projects/Bhavcopy-download-and-mail-code/2026/BhavCopy_NSE_CM_0_0_0_20260918_F_0000.csv
2026-09-18,ZENITHSTL,EQ,5.48,5.69,5.48,5.58,27022,151872.64,INE318D01020,14562,ZENITH STEEL PIP IND LTD,NEW,/home/suruchi-pandey/Projects/Bhavcopy-download-and-mail-code/2026/BhavCopy_NSE_CM_0_0_0_20260918_F_0000.csv
2026-09-18,ZENSARTECH,EQ,442.4,443.85,433.0,436.45,1100244,479908422.7,INE520A01027,1076,ZENSAR TECHNOLOGIES  LTD,NEW,/home/suruchi-pandey/Projects/Bhavcopy-download-and-mail-code/2026/BhavCopy_NSE_CM_0_0_0_20260918_F_0000.csv
2026-09-18,ZENTEC,EQ,1690.0,1706.0,1680.0,1687.4,196201,331591716.2,INE251B01027,7508,ZEN TECHNOLOGIES LIMITED,NEW,/home/suruchi-pandey/Projects/Bhavcopy-download-and-mail-code/2026/BhavCopy_NSE_CM_0_0_0_20260918_F_0000.csv
2026-09-18,ZFCVINDIA,EQ,2450.0,2451.4,2361.0,2387.0,351520,843274778.7,INE342J01019,16915,ZF COM VE CTR SYS IND LTD,NEW,/home/suruchi-pandey/Projects/Bhavcopy-download-and-mail-code/2026/BhavCopy_NSE_CM_0_0_0_20260918_F_0000.csv
2026-09-18,ZFSTEERING,EQ,689.0,704.7,685.8,697.85,3521,2453664.1,INE116C01012,4229,Z F STEERING GEAR (I) LTD,NEW,/home/suruchi-pandey/Projects/Bhavcopy-download-and-mail-code/2026/BhavCopy_NSE_CM_0_0_0_20260918_F_0000.csv
2026-09-18,ZIMLAB,EQ,137.77,139.79,130.2,135.51,127424,17097002.17,INE518E01015,12384,ZIM LABORATORIES LIMITED,NEW,/home/suruchi-pandey/Projects/Bhavcopy-download-and-mail-code/2026/BhavCopy_NSE_CM_0_0_0_20260918_F_0000.csv
2026-09-18,ZODIAC,EQ,226.5,226.5,220.1,222.25,6000,1331650.05,INE761Y01019,7129,ZODIAC ENERGY LIMITED,NEW,/home/suruchi-pandey/Projects/Bhavcopy-download-and-mail-code/2026/BhavCopy_NSE_CM_0_0_0_20260918_F_0000.csv
2026-09-18,ZODIACLOTH,EQ,69.12,70.88,69.1,69.52,674,46750.57,INE206B01013,3821,ZODIAC CLOTHING CO. LTD.,NEW,/home/suruchi-pandey/Projects/Bhavcopy-download-and-mail-code/2026/BhavCopy_NSE_CM_0_0_0_20260918_F_0000.csv
2026-09-18,ZOTA,EQ,1124.9,1155.0,1124.9,1144.5,56557,64653280.6,INE358U01012,11394,ZOTA HEALTH CARE LIMITED,NEW,/home/suruchi-pandey/Projects/Bhavcopy-download-and-mail-code/2026/BhavCopy_NSE_CM_0_0_0_20260918_F_0000.csv
2026-09-18,ZSARACOM,EQ,10400.0,10400.0,10400.0,10400.0,4,41600.0,INE967G01019,762985,SARASWATI COMM (INDIA) L,NEW,/home/suruchi-pandey/Projects/Bhavcopy-download-and-mail-code/2026/BhavCopy_NSE_CM_0_0_0_20260918_F_0000.csv
2026-09-18,ZUARI,EQ,216.05,221.35,215.45,220.77,66310,14496230.9,INE840M01016,29050,ZUARI AGRO CHEMICALS LTD,NEW,/home/suruchi-pandey/Projects/Bhavcopy-download-and-mail-code/2026/BhavCopy_NSE_CM_0_0_0_20260918_F_0000.csv
2026-09-18,ZUARIIND,EQ,262.15,265.0,257.05,262.45,26424,6878947.6,INE217A01012,3827,ZUARI INDUSTRIES LIMITED,NEW,/home/suruchi-pandey/Projects/Bhavcopy-download-and-mail-code/2026/BhavCopy_NSE_CM_0_0_0_20260918_F_0000.csv
2026-09-18,ZYDUSLIFE,EQ,1150.7,1167.3,1147.7,1160.0,2789186,3228915177.2,INE010B01027,7929,ZYDUS LIFESCIENCES LTD,NEW,/home/suruchi-pandey/Projects/Bhavcopy-download-and-mail-code/2026/BhavCopy_NSE_CM_0_0_0_20260918_F_0000.csv
2026-09-18,ZYDUSWELL,EQ,548.0,552.9,512.0,522.25,723768,381392081.35,INE768C01028,17635,ZYDUS WELLNESS LIMITED,NEW,/home/suruchi-pandey/Projects/Bhavcopy-download-and-mail-code/2026/BhavCopy_NSE_CM_0_0_0_20260918_F_0000.csv
