TradDt,BizDt,Sgmt,Src,FinInstrmTp,FinInstrmId,ISIN,TckrSymb,SctySrs,XpryDt,FininstrmActlXpryDt,StrkPric,OptnTp,FinInstrmNm,OpnPric,HghPric,LwPric,ClsPric,LastPric,PrvsClsgPric,UndrlygPric,SttlmPric,OpnIntrst,ChngInOpnIntrst,TtlTradgVol,TtlTrfVal,TtlNbOfTxsExctd,SsnId,NewBrdLotQty,Rmks,Rsvd1,Rsvd2,Rsvd3,Rsvd4
2026-09-17,2026-09-17,CM,NSE,STK,19078,IN0020200104,SGBJUN28,GB,,,,,2.5%GOLDBONDS2028SR-III,15100.00,15100.00,14900.00,14930.00,14930.00,15007.61,,14930.00,,,378,5659867.38,38,F1,1,,,,,
2026-09-17,2026-09-17,CM,NSE,STK,1342,IN0020200286,SGBN28VIII,GB,,,,,2.5%GOLDBONDS2028SR-VIII,14930.00,14995.00,14925.00,14980.00,14980.00,15016.76,,14980.00,,,152,2274745.06,12,F1,1,,,,,
2026-09-17,2026-09-17,CM,NSE,STK,3742,IN0020210053,SGBMAY29I,GB,,,,,2.5%GOLDBONDS2029SR-I,14903.00,15000.01,14903.00,14967.66,14945.00,15003.50,,14967.66,,,494,7389250.93,71,F1,1,,,,,
2026-09-17,2026-09-17,CM,NSE,STK,3743,IN0020210061,SGBJUN29II,GB,,,,,2.5%GOLDBONDS2029SR-II,14906.00,14995.00,14902.00,14991.00,14991.00,14998.00,,14986.50,,,263,3928337.66,38,F1,1,,,,,
2026-09-17,2026-09-17,CM,NSE,STK,3800,IN0020210087,SGBJU29III,GB,,,,,2.5%GOLDBONDS2029SR-III,14901.80,14955.00,14901.80,14955.00,14955.00,14995.00,,14955.00,,,199,2971551.23,29,F1,1,,,,,
2026-09-17,2026-09-17,CM,NSE,STK,5575,IN0020210145,SGBSEP29VI,GB,,,,,2.5%GOLDBONDS2029SR-VI,14945.00,15200.00,14915.00,15142.77,14920.00,14964.33,,15134.52,,,206,3083760.66,84,F1,1,,,,,
2026-09-17,2026-09-17,CM,NSE,STK,6518,IN0020210178,SGBNV29VII,GB,,,,,2.5%GOLDBONDS2029SR-VII,15005.00,15049.99,14981.01,15000.00,15000.00,15055.00,,15000.00,,,131,1968636.26,13,F1,1,,,,,
2026-09-17,2026-09-17,CM,NSE,STK,10261,IN0020190073,SGBJUN27,GB,,,,,2.50%GOLDBONDS2027SR-I,14850.00,14989.99,14804.00,14924.00,14924.00,15000.00,,14924.00,,,37,551628.70,12,F1,1,,,,,
2026-09-17,2026-09-17,CM,NSE,STK,12904,IN0020190107,SGBAUG27,GB,,,,,2.50%GOLDBONDS2027SR-III,14940.00,14961.00,14940.00,14961.00,14961.00,14950.00,,14961.00,,,30,448358.00,10,F1,1,,,,,
2026-09-17,2026-09-17,CM,NSE,STK,13209,IN0020190115,SGBSEP27,GB,,,,,2.50%GOLDBONDS2027SR-IV,14999.99,14999.99,14821.00,14949.90,14949.90,14980.00,,14949.90,,,64,954417.80,10,F1,1,,,,,
2026-09-17,2026-09-17,CM,NSE,STK,8308,IN0020180462,SGBJAN27,GB,,,,,2.50%GOLDBONDS2027SR-V,14826.50,14961.00,14826.50,14900.21,14900.21,14901.00,,14900.21,,,6,89567.71,6,F1,1,,,,,
2026-09-17,2026-09-17,CM,NSE,STK,13981,IN0020190370,SGBOCT27,GB,,,,,2.50%GOLDBONDS2027SR-V,15000.00,15000.00,15000.00,15000.00,15000.00,15100.00,,15000.00,,,9,135000.00,1,F1,1,,,,,
2026-09-17,2026-09-17,CM,NSE,STK,14252,IN0020190388,SGBOCT27VI,GB,,,,,2.50%GOLDBONDS2027SR-VI,15100.00,15100.00,15050.00,15050.00,15050.00,15100.00,,15050.00,,,7,105650.00,3,F1,1,,,,,
2026-09-17,2026-09-17,CM,NSE,STK,18862,IN0020200062,SGBAPR28I,GB,,,,,2.50%GOLDBONDS2028SR-I,15000.00,15075.00,14953.00,15048.98,15075.00,15091.66,,15054.10,,,163,2451009.73,46,F1,1,,,,,
2026-09-17,2026-09-17,CM,NSE,STK,18972,IN0020200088,SGBMAY28,GB,,,,,2.50%GOLDBONDS2028SR-II,15000.00,15000.00,14950.01,14990.40,14990.40,14998.57,,14990.40,,,7,104934.40,5,F1,1,,,,,
2026-09-17,2026-09-17,CM,NSE,STK,22242,IN0020200146,SGBJUL28IV,GB,,,,,2.50%GOLDBONDS2028SR-IV,14947.70,14999.99,14900.00,14914.46,14949.00,14964.73,,14914.46,,,51,760692.71,22,F1,1,,,,,
2026-09-17,2026-09-17,CM,NSE,STK,17664,IN0020190545,SGBFEB28IX,GB,,,,,2.50%GOLDBONDS2028SR-IX,14860.00,14999.99,14860.00,14999.99,14999.99,15149.99,,15062.50,,,3,44859.98,2,F1,1,,,,,
2026-09-17,2026-09-17,CM,NSE,STK,22385,IN0020200161,SGBAUG28V,GB,,,,,2.50%GOLDBONDS2028SR-V,14970.00,14970.00,14905.00,14941.61,14950.00,14964.31,,14940.02,,,511,7626263.50,129,F1,1,,,,,
2026-09-17,2026-09-17,CM,NSE,STK,149,IN0020200195,SGBSEP28VI,GB,,,,,2.50%GOLDBONDS2028SR-VI,14946.99,14950.00,14875.00,14940.84,14940.00,14959.67,,14943.30,,,139,2075300.78,28,F1,1,,,,,
2026-09-17,2026-09-17,CM,NSE,STK,834,IN0020200203,SGBOC28VII,GB,,,,,2.50%GOLDBONDS2028SR-VII,15145.00,15145.00,15002.10,15090.19,15100.00,15149.22,,15090.19,,,193,2912217.05,12,F1,1,,,,,
2026-09-17,2026-09-17,CM,NSE,STK,18451,IN0020190552,SGBMAR28X,GB,,,,,2.50%GOLDBONDS2028SR-X,14716.00,16000.00,14716.00,16000.00,16000.00,15000.00,,16000.00,,,42,637201.72,11,F1,1,,,,,
2026-09-17,2026-09-17,CM,NSE,STK,5113,IN0020210111,SGBJUL29IV,GB,,,,,2.50%GOLDBONDS2029SR-IV,14992.00,15500.00,14900.00,15204.64,15400.00,14990.00,,15167.57,,,421,6314655.02,76,F1,1,,,,,
2026-09-17,2026-09-17,CM,NSE,STK,1920,IN0020200377,SGBJAN29IX,GB,,,,,2.50%GOLDBONDS2029SR-IX,14969.99,14990.00,14915.50,14946.00,14927.00,14970.00,,14946.00,,,155,2317541.59,24,F1,1,,,,,
2026-09-17,2026-09-17,CM,NSE,STK,5455,IN0020210129,SGBAUG29V,GB,,,,,2.50%GOLDBONDS2029SR-V,14805.00,15089.99,14805.00,14959.85,14985.00,14994.72,,14959.85,,,178,2661364.19,61,F1,1,,,,,
2026-09-17,2026-09-17,CM,NSE,STK,7098,IN0020210228,SGBD29VIII,GB,,,,,2.50%GOLDBONDS2029SR-VIII,14975.00,15049.99,14901.00,14989.61,15049.00,14994.33,,14991.16,,,187,2797979.56,68,F1,1,,,,,
2026-09-17,2026-09-17,CM,NSE,STK,2003,IN0020200385,SGBJAN29X,GB,,,,,2.50%GOLDBONDS2029SR-X,14858.00,14950.00,14857.00,14926.50,14926.50,14970.01,,14926.50,,,78,1162270.25,20,F1,1,,,,,
2026-09-17,2026-09-17,CM,NSE,STK,2200,IN0020200393,SGBFEB29XI,GB,,,,,2.50%GOLDBONDS2029SR-XI,14845.50,14988.00,14845.00,14905.50,14905.50,14979.50,,14940.75,,,48,716939.43,16,F1,1,,,,,
2026-09-17,2026-09-17,CM,NSE,STK,2810,IN0020200427,SGBMR29XII,GB,,,,,2.50%GOLDBONDS2029SR-XII,14975.00,14984.00,14931.10,14965.00,14965.00,14981.10,,14984.50,,,46,688502.60,20,F1,1,,,,,
2026-09-17,2026-09-17,CM,NSE,STK,10232,IN0020220045,SGBJUN30,GB,,,,,2.50%GOLDBONDS2030SR-I,15200.00,15200.00,15000.00,15118.33,15105.00,15100.00,,15102.00,,,117,1767953.70,27,F1,1,,,,,
2026-09-17,2026-09-17,CM,NSE,STK,11192,IN0020220078,SGBAUG30,GB,,,,,2.50%GOLDBONDS2030SR-II,14969.70,15144.99,14969.70,15098.53,15029.00,14981.36,,15097.92,,,97,1458131.08,26,F1,1,,,,,
2026-09-17,2026-09-17,CM,NSE,STK,13642,IN0020220110,SGBDE30III,GB,,,,,2.50%GOLDBONDS2030SR-III,15089.70,15149.99,15060.00,15130.08,15130.00,15100.33,,15128.79,,,231,3488111.93,65,F1,1,,,,,
2026-09-17,2026-09-17,CM,NSE,STK,7879,IN0020210236,SGBJAN30IX,GB,,,,,2.50%GOLDBONDS2030SR-IX,15088.99,15110.01,14911.02,15066.66,15099.99,15037.30,,15066.66,,,310,4652548.36,82,F1,1,,,,,
2026-09-17,2026-09-17,CM,NSE,STK,8401,IN0020210319,SGBMAR30X,GB,,,,,2.50%GOLDBONDS2030SR-X,14977.23,15298.00,14977.23,15044.91,15027.00,15052.49,,15044.91,,,30,452009.41,15,F1,1,,,,,
2026-09-17,2026-09-17,CM,NSE,STK,17202,IN0020230069,SGBJUN31I,GB,,,,,2.50%GOLDBONDS2031SR-I,15153.76,15300.00,15047.00,15276.30,15300.00,15229.91,,15276.30,,,411,6244395.85,107,F1,1,,,,,
2026-09-17,2026-09-17,CM,NSE,STK,19456,IN0020230093,SGBSEP31II,GB,,,,,2.50%GOLDBONDS2031SR-II,15229.99,15256.01,15127.00,15234.22,15237.99,15262.28,,15224.64,,,998,15180295.24,187,F1,1,,,,,
2026-09-17,2026-09-17,CM,NSE,STK,22476,IN0020230168,SGBDE31III,GB,,,,,2.50%GOLDBONDS2031SR-III,15216.00,15380.00,15181.01,15365.79,15370.00,15335.13,,15370.57,,,798,12202368.55,234,F1,1,,,,,
2026-09-17,2026-09-17,CM,NSE,STK,14598,IN0020220169,SGBMAR31IV,GB,,,,,2.50%GOLDBONDS2031SR-IV,15189.70,15219.98,15112.00,15184.28,15217.00,15191.75,,15184.28,,,133,2018811.39,28,F1,1,,,,,
2026-09-17,2026-09-17,CM,NSE,STK,22886,IN0020230184,SGBFEB32IV,GB,,,,,2.50%GOLDBONDS2032SR-IV,15570.58,15645.97,15426.20,15607.84,15639.00,15648.82,,15604.80,,,813,12669659.01,201,F1,1,,,,,
2026-09-17,2026-09-17,CM,NSE,STK,16921,INE144J01027,20MICRONS,EQ,,,,,20 MICRONS LTD,203.96,208.97,203.23,205.71,205.00,203.23,,205.72,,,56895,11751998.69,2138,F1,1,,,,,
2026-09-17,2026-09-17,CM,NSE,STK,4,INE253B01015,21STCENMGM,EQ,,,,,21ST CENTURY MGMT SERVICE,39.10,39.10,37.70,38.62,38.50,38.37,,38.62,,,4772,182327.89,42,F1,1,,,,,
2026-09-17,2026-09-17,CM,NSE,STK,13061,INE466L01038,360ONE,EQ,,,,,360 ONE WAM LIMITED,1041.00,1065.00,1037.10,1061.30,1061.30,1045.60,,1061.30,,,442034,466835257.00,37154,F1,1,,,,,
2026-09-17,2026-09-17,CM,NSE,STK,30105,INF579M01BB5,GOLD360,EQ,,,,,360ONEAMC - GOLD360,147.20,147.55,146.25,147.25,146.55,147.35,,147.25,,,3813,560029.85,173,F1,1,,,,,
2026-09-17,2026-09-17,CM,NSE,STK,763602,INF579M01BP5,MSCI360,EQ,,,,,360ONEAMC - MSCI360,9.84,9.88,9.63,9.86,9.86,9.87,,9.86,,,40209,390411.02,26,F1,1,,,,,
2026-09-17,2026-09-17,CM,NSE,STK,756150,INF579M01BC3,SILVER360,EQ,,,,,360ONEAMC - SILVER360,220.20,224.30,220.20,223.42,223.88,225.16,,223.38,,,5530,1232624.37,323,F1,1,,,,,
2026-09-17,2026-09-17,CM,NSE,STK,762518,INE994E01018,3BBLACKBIO,EQ,,,,,3B BLACKBIO DX LTD.,1299.70,1317.10,1283.20,1290.80,1290.00,1292.60,,1290.73,,,5794,7500630.30,771,F1,1,,,,,
2026-09-17,2026-09-17,CM,NSE,STK,6240,INE748C01038,3IINFOLTD,BE,,,,,3I INFOTECH LIMITED,25.22,26.00,25.05,25.76,25.75,25.02,,25.76,,,428053,10973782.92,1191,F1,1,,,,,
2026-09-17,2026-09-17,CM,NSE,STK,474,INE470A01017,3MINDIA,EQ,,,,,3M INDIA LIMITED,32040.00,32640.00,31710.00,32530.00,32200.00,31935.00,,32527.31,,,2039,65713365.00,1205,F1,1,,,,,
2026-09-17,2026-09-17,CM,NSE,STK,2595,INE105C01023,3PLAND,EQ,,,,,3P LAND HOLDINGS LIMITED,31.50,31.98,30.30,31.40,31.40,31.28,,31.40,,,1763,54633.77,101,F1,1,,,,,
2026-09-17,2026-09-17,CM,NSE,STK,445,INE618L01018,5PAISA,EQ,,,,,5PAISA CAPITAL LIMITED,317.65,323.75,313.00,315.40,313.05,316.85,,315.39,,,21052,6676643.70,1357,F1,1,,,,,
2026-09-17,2026-09-17,CM,NSE,STK,11868,INE111B01023,63MOONS,EQ,,,,,63 MOONS TECHNOLOGIES LTD,840.05,887.60,839.35,872.65,872.90,848.15,,872.66,,,268694,234580803.50,14489,F1,1,,,,,
2026-09-17,2026-09-17,CM,NSE,STK,20052,INE787H07156,740IIFCL33,N1,,,,,7.40% TAX FREETRI SRIII,1151.37,1151.37,1151.37,1151.37,1151.37,1151.37,,1151.37,,,200,230274.00,2,F1,1,,,,,
2026-09-17,2026-09-17,CM,NSE,STK,29312,INE031A07865,751HUDCO28,N5,,,,,7.51 NCD 16FEB28 TR1 SR2,1072.09,1072.09,1072.09,1072.09,1072.09,1072.09,,1072.09,,,1,1072.09,1,F1,1,,,,,
2026-09-17,2026-09-17,CM,NSE,STK,19976,INE134E07588,760PFCL35,N3,,,,,7.60% TAX FREE NCD,1220.00,1220.00,1220.00,1220.00,1220.00,1213.01,,1220.00,,,78,95160.00,1,F1,1,,,,,
2026-09-17,2026-09-17,CM,NSE,STK,20034,INE261F07032,764NABAR31,N2,,,,,7.64% TAX FREE TRI SRIIB,1115.05,1118.99,1115.05,1118.99,1118.99,1115.05,,1118.99,,,1026,1144045.24,5,F1,1,,,,,
2026-09-17,2026-09-17,CM,NSE,STK,19928,INE031A07AO5,764HUDCO31,N8,,,,,7.64% TAX FREETRI SR2B,1123.00,1123.00,1123.00,1123.00,1123.00,1120.05,,1122.00,,,3,3369.00,1,F1,1,,,,,
2026-09-17,2026-09-17,CM,NSE,STK,19930,INE031A07AT4,769HUDCO31,N9,,,,,7.69% TAX FREETRII SR2B,1135.86,1135.86,1135.86,1135.86,1135.86,1135.86,,1135.11,,,10,11358.60,1,F1,1,,,,,
2026-09-17,2026-09-17,CM,NSE,STK,31240,INE031A07840,82HUDCO27,N2,,,,,8.20 NCD05MAR27 FV 1000,1058.90,1059.99,1052.05,1058.99,1058.99,1051.06,,1051.64,,,201,212346.19,8,F1,1,,,,,
2026-09-17,2026-09-17,CM,NSE,STK,20022,INE134E07208,830PFCL27,N5,,,,,8.30% TAX FREE NCD,1083.00,1083.50,1083.00,1083.50,1083.50,1083.50,,1083.50,,,182,197147.00,2,F1,1,,,,,
2026-09-17,2026-09-17,CM,NSE,STK,31766,INE733E07JI1,873NTPC28,N5,,,,,8.73%S-R-NCD SERIES 2B,1150.00,1150.00,1150.00,1150.00,1150.00,1120.26,,1150.00,,,1,1150.00,1,F1,1,,,,,
2026-09-17,2026-09-17,CM,NSE,STK,192,INE906B07DF8,875NHAI29,N6,,,,,8.75% TAX FREE TR I S IIB,1250.00,1250.00,1114.26,1123.00,1123.00,1111.45,,1119.00,,,197,221520.32,13,F1,1,,,,,
2026-09-17,2026-09-17,CM,NSE,STK,19968,INE031A07949,876HUDCO28,ND,,,,,8.76% TAX FREETRI SR2B,1138.00,1141.98,1138.00,1141.98,1141.98,1138.00,,1141.98,,,723,822839.34,10,F1,1,,,,,
2026-09-17,2026-09-17,CM,NSE,STK,31486,INE848E07559,879NHPC28,N5,,,,,8.79% SEC RED BOND S2B,1098.14,1098.14,1098.14,1098.14,1098.14,1100.00,,1098.14,,,49,53808.86,1,F1,1,,,,,
2026-09-17,2026-09-17,CM,NSE,STK,20058,INE787H07370,891IIFCL34,N4,,,,,8.91% TAX FREE NCD,1262.00,1263.00,1261.51,1261.55,1261.51,1267.48,,1261.66,,,2501,3155234.00,7,F1,1,,,,,
2026-09-17,2026-09-17,CM,NSE,STK,31768,INE733E07JJ9,891NTPC33,N6,,,,,8.91%S-R-NCD SERIES 3B,1278.00,1289.90,1276.55,1277.25,1277.25,1300.00,,1277.25,,,911,1164251.96,30,F1,1,,,,,
2026-09-17,2026-09-17,CM,NSE,STK,31487,INE848E07567,892NHPC33,N6,,,,,8.92% SEC RED BOND S3B,1263.00,1268.00,1263.00,1268.00,1268.00,1265.00,,1266.00,,,305,385865.00,5,F1,1,,,,,
2026-09-17,2026-09-17,CM,NSE,STK,20028,INE134E07463,892PFCL33,N8,,,,,8.92% TAX FREE NCD,1281.00,1281.00,1281.00,1281.00,1281.00,1282.00,,1281.00,,,143,183183.00,1,F1,1,,,,,
2026-09-17,2026-09-17,CM,NSE,STK,19970,INE031A07AB2,901HUDCO34,NE,,,,,9.01% TAX FREETRII SR3B,1289.90,1289.90,1281.00,1281.00,1281.00,1289.90,,1280.00,,,386,495366.50,22,F1,1,,,,,
2026-09-17,2026-09-17,CM,NSE,STK,759130,INE08PH01015,ABCOTS,EQ,,,,,A B COTSPIN INDIA LIMITED,207.80,215.00,207.01,210.83,212.00,204.63,,210.87,,,17379,3676087.25,342,F1,1,,,,,
2026-09-17,2026-09-17,CM,NSE,STK,27016,INE00YB01025,ABINFRA,BE,,,,,A B INFRABUILD LIMITED,11.05,11.39,10.82,11.02,11.14,11.38,,11.02,,,226974,2502984.76,333,F1,1,,,,,
2026-09-17,2026-09-17,CM,NSE,STK,762528,INE850B01026,ABMKNO,EQ,,,,,A B M KNOWLEDGEWARE LTD.,175.01,178.00,174.00,174.37,174.00,171.04,,174.37,,,452,79528.97,40,F1,1,,,,,
2026-09-17,2026-09-17,CM,NSE,STK,762536,INE366C01021,ACSTECH,BE,,,,,A C S TECHNOLOGIES LTD.,60.48,63.00,60.00,63.00,63.00,60.00,,63.15,,,146350,9089869.45,479,F1,1,,,,,
2026-09-17,2026-09-17,CM,NSE,STK,762538,INE701G01012,AKCAPIT,EQ,,,,,A K CAPITAL SERVICES LTD.,1734.30,1755.00,1704.80,1748.40,1710.10,1715.40,,1750.29,,,888,1551438.60,133,F1,1,,,,,
2026-09-17,2026-09-17,CM,NSE,STK,20906,INE619I01012,A2ZINFRA,EQ,,,,,A2Z INFRA ENGINEERING LTD,14.65,15.30,14.65,15.01,15.14,14.70,,15.01,,,128009,1906478.85,355,F1,1,,,,,
2026-09-17,2026-09-17,CM,NSE,STK,12533,INE0D0U01013,AAATECH,EQ,,,,,AAA TECHNOLOGIES LIMITED,93.00,93.00,83.80,84.57,84.55,92.54,,84.56,,,203794,17405282.16,2313,F1,1,,,,,
2026-09-17,2026-09-17,CM,NSE,STK,23729,INE883F01010,AADHARHFC,EQ,,,,,AADHAR HOUSING FINANCE L,455.20,470.50,455.20,469.35,470.00,458.70,,469.35,,,221612,103385590.20,9841,F1,1,,,,,
2026-09-17,2026-09-17,CM,NSE,STK,757579,INE1GYP01013,AAKAAR,SM,,,,,AAKAAR MEDICAL TECHNO LTD,63.00,63.00,62.00,63.00,63.00,63.00,,63.00,,,8000,500800.00,4,F1,1600,,,,,
2026-09-17,2026-09-17,CM,NSE,STK,235,INE087Z01024,AAKASH,EQ,,,,,AAKASH EXPLORATION SER L,8.71,9.09,8.71,8.92,8.91,8.82,,8.92,,,45636,403338.19,217,F1,1,,,,,
2026-09-17,2026-09-17,CM,NSE,STK,758216,INE124401014,AARADHYA,ST,,,,,AARADHYA DISPOSAL INDUS L,140.10,140.30,138.00,140.30,140.30,133.65,,140.30,,,70800,9927120.00,25,F1,1200,,,,,
2026-09-17,2026-09-17,CM,NSE,STK,5245,INE198H01019,AAREYDRUGS,EQ,,,,,AAREY DRUGS & PHARM LTD,102.49,102.96,100.00,101.72,102.96,99.94,,101.71,,,178022,18050814.69,1550,F1,1,,,,,
2026-09-17,2026-09-17,CM,NSE,STK,761824,INE750R01016,AARNAV,BE,,,,,AARNAV FASHIONS LIMITED,30.99,31.50,29.74,31.40,31.40,31.24,,31.40,,,22806,707411.90,53,F1,1,,,,,
2026-09-17,2026-09-17,CM,NSE,STK,1030,INE721Z01010,AARON,EQ,,,,,AARON INDUSTRIES LIMITED,125.34,126.98,121.80,124.42,124.02,124.71,,124.42,,,3825,475441.47,220,F1,1,,,,,
2026-09-17,2026-09-17,CM,NSE,STK,17164,INE01C001026,AARTECH,BE,,,,,AARTECH SOLONICS LIMITED,48.60,51.99,48.60,51.40,50.81,50.24,,51.40,,,17662,899386.88,87,F1,1,,,,,
2026-09-17,2026-09-17,CM,NSE,STK,4481,INE767A01016,AARTIDRUGS,EQ,,,,,AARTI DRUGS LTD.,419.20,437.70,419.20,428.35,430.70,424.30,,428.27,,,120340,51854809.25,5899,F1,1,,,,,
2026-09-17,2026-09-17,CM,NSE,STK,7,INE769A01020,AARTIIND,EQ,,,,,AARTI INDUSTRIES LTD,469.90,482.95,469.50,476.60,475.90,472.85,,476.60,,,315130,150762696.80,16139,F1,1,,,,,
2026-09-17,2026-09-17,CM,NSE,STK,13868,INE0LRU01027,AARTIPHARM,EQ,,,,,AARTI PHARMALABS LIMITED,811.00,836.00,801.95,826.95,829.00,813.00,,826.14,,,244047,200615155.70,21834,F1,1,,,,,
2026-09-17,2026-09-17,CM,NSE,STK,19263,INE09EO01013,AARTISURF,BE,,,,,AARTI SURFACTANTS LIMITED,501.00,525.45,489.00,525.45,525.45,500.45,,525.45,,,19003,9657719.70,435,F1,1,,,,,
2026-09-17,2026-09-17,CM,NSE,STK,19073,INE754X01016,AARVI,EQ,,,,,AARVI ENCON LIMITED,141.49,142.90,138.00,140.82,141.40,140.07,,140.82,,,6902,963245.08,168,F1,1,,,,,
2026-09-17,2026-09-17,CM,NSE,STK,763800,INE2FMX01012,AASTHA,EQ,,,,,AASTHA SPINTEX LIMITED,75.85,77.80,74.50,76.78,77.40,74.33,,76.78,,,223352,17008103.93,2226,F1,1,,,,,
2026-09-17,2026-09-17,CM,NSE,STK,5385,INE216P01012,AAVAS,EQ,,,,,AAVAS FINANCIERS LIMITED,1272.50,1302.20,1272.50,1291.80,1296.30,1282.50,,1291.76,,,36253,46788301.80,6103,F1,1,,,,,
2026-09-17,2026-09-17,CM,NSE,STK,7759,INE421A01028,ABAN,BE,,,,,ABAN OFFSHORE LTD.,14.35,14.50,14.31,14.32,14.31,14.60,,14.31,,,15029,215127.29,72,F1,1,,,,,
2026-09-17,2026-09-17,CM,NSE,STK,762523,INE365O01028,ABANSENT,EQ,,,,,ABANS ENTERPRISES LTD.,26.03,27.00,25.65,26.61,26.40,27.00,,26.54,,,14334,376884.67,191,F1,1,,,,,
2026-09-17,2026-09-17,CM,NSE,STK,13288,INE00ZE01026,AFSL,EQ,,,,,ABANS FINANCIAL SRVCS LTD,201.95,202.00,201.00,201.00,201.00,201.02,,201.00,,,858,172765.99,30,F1,1,,,,,
2026-09-17,2026-09-17,CM,NSE,STK,13,INE117A01022,ABB,EQ,,,,,ABB INDIA LIMITED,6980.00,7168.00,6975.50,7130.50,7130.50,6980.00,,7130.46,,,207124,1468201580.50,24766,F1,1,,,,,
2026-09-17,2026-09-17,CM,NSE,STK,17903,INE358A01014,ABBOTINDIA,EQ,,,,,ABBOTT INDIA LIMITED,26125.00,26280.00,25830.00,25910.00,25900.00,26125.00,,25910.09,,,5141,133773215.00,3181,F1,1,,,,,
2026-09-17,2026-09-17,CM,NSE,STK,755940,INE860H07IP2,78ABCL33,N1,,,,,ABCL 7.8% SR V,1020.00,1020.00,1020.00,1020.00,1020.00,1000.00,,1020.00,,,3,3060.00,1,F1,1,,,,,
2026-09-17,2026-09-17,CM,NSE,STK,765463,INE1R2M01019,ABH,SM,,,,,ABH HEALTHCARE LIMITED,44.20,44.20,38.20,39.80,40.00,47.70,,39.80,,,511200,19907220.00,288,F1,1200,,,,,
2026-09-17,2026-09-17,CM,NSE,STK,27284,INE0UYG01015,ABHAPOWER,SM,,,,,ABHA POWER N STEEL LTD,23.70,23.70,23.70,23.70,23.70,23.50,,23.70,,,1600,37920.00,1,F1,1600,,,,,
2026-09-17,2026-09-17,CM,NSE,STK,4626,INE0CAJ01017,AILIMITED,SM,,,,,ABHISHEK INTEGRATIONS LTD,18.15,18.15,18.15,18.15,18.15,19.10,,18.15,,,6000,108900.00,2,F1,3000,,,,,
2026-09-17,2026-09-17,CM,NSE,STK,5551,INE251C01025,ABMINTLLTD,BE,,,,,ABM INTERNATIONAL LTD,51.00,51.00,51.00,51.00,51.00,51.00,,51.00,,,15,765.00,5,F1,1,,,,,
2026-09-17,2026-09-17,CM,NSE,STK,23783,INE0QRV01016,ABSMARINE,SM,,,,,ABS MARINE SERVICES LTD,294.00,307.35,290.00,304.60,303.10,292.70,,304.60,,,80500,24133100.00,128,F1,500,,,,,
2026-09-17,2026-09-17,CM,NSE,STK,22,INE012A01025,ACC,EQ,,,,,ACC LIMITED,1226.80,1240.40,1225.00,1232.50,1237.60,1226.60,,1232.52,,,67608,83320859.10,8163,F1,1,,,,,
2026-09-17,2026-09-17,CM,NSE,STK,7053,INE793A01012,ACCELYA,EQ,,,,,ACCELYA SOLN INDIA LTD,1125.50,1125.70,1115.10,1122.00,1120.00,1116.10,,1122.15,,,4835,5426494.80,405,F1,1,,,,,
2026-09-17,2026-09-17,CM,NSE,STK,20488,INE0Q5D01013,ACCENTMIC,SM,,,,,ACCENT MICROCELL LIMITED,656.80,704.50,656.80,679.05,680.85,660.10,,679.05,,,64000,44220300.00,97,F1,500,,,,,
2026-09-17,2026-09-17,CM,NSE,STK,757024,INE0T8T01010,ACCPL,ST,,,,,ACCRETION PHARMA LIMITED,208.80,214.00,208.00,210.85,214.00,208.80,,210.85,,,38400,8047560.00,18,F1,1200,,,,,
2026-09-17,2026-09-17,CM,NSE,STK,1472,INE648Z01023,ACCURACY,BE,,,,,ACCURACY SHIPPING LIMITED,4.38,4.71,4.38,4.65,4.70,4.49,,4.65,,,81875,378482.31,198,F1,1,,,,,
2026-09-17,2026-09-17,CM,NSE,STK,11779,INE543V01017,ACEINTEG,EQ,,,,,ACE INTEGRATED SOLU. LTD.,18.00,18.09,17.42,18.00,18.00,17.61,,18.00,,,1662,29766.77,57,F1,1,,,,,
2026-09-17,2026-09-17,CM,NSE,STK,27061,INE622W01025,ACMESOLAR,EQ,,,,,ACME SOLAR HOLDINGS LTD,413.05,420.35,403.40,411.30,412.40,418.00,,411.29,,,1167673,478037199.20,34551,F1,1,,,,,
2026-09-17,2026-09-17,CM,NSE,STK,13587,INE731H01025,ACE,EQ,,,,,ACTION CONST EQUIP LTD,1149.70,1213.20,1141.00,1205.60,1205.00,1149.70,,1205.52,,,685925,813908742.90,45512,F1,1,,,,,
2026-09-17,2026-09-17,CM,NSE,STK,5578,INE00FF01025,ACUTAAS,EQ,,,,,ACUTAAS CHEMICALS LIMITED,3343.00,3366.00,3282.00,3315.10,3320.00,3344.70,,3315.11,,,182520,606472225.00,26822,F1,1,,,,,
2026-09-17,2026-09-17,CM,NSE,STK,10217,INE931S01010,ADANIENSOL,EQ,,,,,ADANI ENERGY SOLUTION LTD,1346.00,1386.80,1336.50,1386.80,1386.80,1349.20,,1386.75,,,1185354,1610224323.00,36841,F1,1,,,,,
2026-09-17,2026-09-17,CM,NSE,STK,25,INE423A01024,ADANIENT,EQ,,,,,ADANI ENTERPRISES LIMITED,2930.10,2945.00,2907.00,2923.20,2923.20,2920.00,,2923.22,,,588066,1722411174.80,28736,F1,1,,,,,
2026-09-17,2026-09-17,CM,NSE,STK,3563,INE364U01010,ADANIGREEN,EQ,,,,,ADANI GREEN ENERGY LTD,1268.50,1291.00,1261.50,1274.20,1274.20,1270.20,,1274.20,,,717317,910858389.30,21922,F1,1,,,,,
2026-09-17,2026-09-17,CM,NSE,STK,15083,INE742F01042,ADANIPORTS,EQ,,,,,ADANI PORT & SEZ LTD,1731.00,1738.80,1725.10,1738.30,1738.30,1723.80,,1738.15,,,791353,1372089728.70,46496,F1,1,,,,,
2026-09-17,2026-09-17,CM,NSE,STK,17388,INE814H01029,ADANIPOWER,EQ,,,,,ADANI POWER LTD,202.34,205.92,202.30,205.92,205.92,202.34,,205.90,,,8794789,1799222532.14,45509,F1,1,,,,,
2026-09-17,2026-09-17,CM,NSE,STK,6066,INE399L01023,ATGL,EQ,,,,,ADANI TOTAL GAS LIMITED,589.70,589.70,582.00,587.00,589.00,586.50,,586.99,,,373871,219080919.25,17049,F1,1,,,,,
2026-09-17,2026-09-17,CM,NSE,STK,764563,INE757C01021,ADDIND,EQ,,,,,ADDI INDUSTRIES LTD.,79.00,84.00,73.05,78.45,83.40,79.00,,78.45,,,31,2467.90,12,F1,1,,,,,
2026-09-17,2026-09-17,CM,NSE,STK,22468,INE0RDH01021,ADDICTIVE,SM,,,,,ADDICTIVE LEARNING TECH L,43.50,45.00,43.00,45.00,45.00,45.00,,45.00,,,8000,348600.00,5,F1,500,,,,,
2026-09-17,2026-09-17,CM,NSE,STK,19761,INE982B01027,ADFFOODS,EQ,,,,,ADF FOODS LIMITED,267.15,276.00,264.10,267.75,264.35,267.15,,267.95,,,147251,39867792.35,3946,F1,1,,,,,
2026-09-17,2026-09-17,CM,NSE,STK,763156,INE20PL01012,ADISOFT,SM,,,,,ADISOFT TECHNOLOGIES LTD,226.20,237.50,226.20,228.85,229.90,226.20,,228.85,,,49600,11567280.00,62,F1,800,,,,,
2026-09-17,2026-09-17,CM,NSE,STK,6018,INE404A01024,ABSLAMC,EQ,,,,,ADIT BIRL SUN LIF AMC LTD,1055.60,1101.20,1042.60,1090.10,1088.10,1058.40,,1090.19,,,206442,222892953.70,22654,F1,1,,,,,
2026-09-17,2026-09-17,CM,NSE,STK,21614,INE674K01013,ABCAPITAL,EQ,,,,,ADITYA BIRLA CAPITAL LTD.,382.00,391.55,381.45,390.00,390.00,381.30,,389.99,,,2783223,1080476121.65,48631,F1,1,,,,,
2026-09-17,2026-09-17,CM,NSE,STK,30108,INE647O01011,ABFRL,EQ,,,,,ADITYA BIRLA FASHION & RT,49.54,50.63,49.41,50.45,50.33,49.74,,50.46,,,2416858,121400751.34,13328,F1,1,,,,,
2026-09-17,2026-09-17,CM,NSE,STK,756843,INE14LE01019,ABLBL,EQ,,,,,ADITYA BIRLA LIFES BRAN L,82.20,84.18,81.88,82.41,82.30,82.40,,82.41,,,1289753,107106204.75,9594,F1,1,,,,,
2026-09-17,2026-09-17,CM,NSE,STK,15239,INE865C01022,BIRLAMONEY,EQ,,,,,ADITYA BIRLA MONEY LTD,117.22,121.19,117.22,120.63,120.90,117.93,,120.60,,,17513,2098766.13,578,F1,1,,,,,
2026-09-17,2026-09-17,CM,NSE,STK,625,INE055A01016,ABREL,EQ,,,,,ADITYA BIRLA REAL EST LTD,1233.40,1264.60,1231.90,1257.40,1258.10,1233.40,,1257.41,,,85481,107121104.80,8602,F1,1,,,,,
2026-09-17,2026-09-17,CM,NSE,STK,758858,INE819V01029,CPPLUS,EQ,,,,,ADITYA INFOTECH LIMITED,3520.00,3549.40,3370.40,3378.40,3370.40,3547.70,,3378.22,,,432389,1487016693.50,42383,F1,1,,,,,
2026-09-17,2026-09-17,CM,NSE,STK,25984,INE679V01027,AVL,EQ,,,,,ADITYA VISION LIMITED,624.00,638.00,621.30,633.25,636.60,620.60,,633.23,,,68801,43360485.35,5578,F1,1,,,,,
2026-09-17,2026-09-17,CM,NSE,STK,23804,INF209KB18D3,BSLGOLDETF,EQ,,,,,ADITYBIRLA SL GOLD ETF-GR,132.59,133.03,131.70,132.57,132.51,132.90,,132.57,,,290109,38410351.61,2507,F1,1,,,,,
2026-09-17,2026-09-17,CM,NSE,STK,24781,INF209KB19D1,BSLNIFTY,EQ,,,,,ADITYBIRLA SL NIF ETF-GR,28.15,28.15,27.10,27.38,27.40,27.47,,27.38,,,989867,27102501.58,3573,F1,1,,,,,
2026-09-17,2026-09-17,CM,NSE,STK,34,INE045A01017,ADOR,EQ,,,,,ADOR WELDING LTD,1546.50,1589.00,1535.10,1564.30,1570.10,1536.20,,1564.54,,,26842,41972787.70,3304,F1,1,,,,,
2026-09-17,2026-09-17,CM,NSE,STK,4953,INE737B01033,ADROITINFO,EQ,,,,,ADROIT INFOTECH LIMITED,11.45,11.45,10.90,11.22,11.25,11.20,,11.22,,,20188,225186.94,147,F1,1,,,,,
2026-09-17,2026-09-17,CM,NSE,STK,760657,INE0ALI01010,ADVAIT,EQ,,,,,ADVAIT ENRGY TRANSITION L,1989.90,2020.00,1983.60,1990.40,1998.00,1996.30,,1990.43,,,21137,42198352.50,3141,F1,1,,,,,
2026-09-17,2026-09-17,CM,NSE,STK,759402,INE1B0W01010,ADVANCE,EQ,,,,,ADVANCE AGROLIFE LIMITED,110.59,112.83,109.26,111.67,110.27,110.15,,111.72,,,433813,48428107.13,1954,F1,1,,,,,
2026-09-17,2026-09-17,CM,NSE,STK,18039,INE837H01020,ADVENZYMES,EQ,,,,,ADVANCED ENZYME TECH LTD,287.70,292.20,286.20,288.10,289.00,287.85,,288.10,,,162477,47025839.75,3633,F1,1,,,,,
2026-09-17,2026-09-17,CM,NSE,STK,14745,INE199C01026,ADVANIHOTR,EQ,,,,,ADVANI HOT.& RES.(I) LTD,47.21,47.99,47.00,47.62,47.60,47.18,,47.62,,,21911,1043895.85,337,F1,1,,,,,
2026-09-17,2026-09-17,CM,NSE,STK,759769,INE28GN01010,ADVENTHTL,EQ,,,,,ADVENT HOTELS INTERNATI L,124.75,129.74,124.75,127.04,127.01,124.71,,127.04,,,108071,13743822.01,1543,F1,1,,,,,
2026-09-17,2026-09-17,CM,NSE,STK,765015,INE178T01024,ADVIKCA,EQ,,,,,ADVIK CAPITAL LTD.,0.99,1.01,0.95,0.97,0.96,0.97,,0.98,,,265847,260967.23,294,F1,1,,,,,
2026-09-17,2026-09-17,CM,NSE,STK,762227,INE1SJO01012,RAMBHAJO,EQ,,,,,ADVIT JEWELS LIMITED,253.00,273.00,249.73,266.17,267.25,252.05,,266.17,,,421913,111576621.42,8251,F1,1,,,,,
2026-09-17,2026-09-17,CM,NSE,STK,40,INE208C01025,AEGISLOG,EQ,,,,,AEGIS LOGISTICS LIMITED,1381.90,1385.40,1346.60,1353.80,1357.20,1381.20,,1353.71,,,463629,632431803.20,27928,F1,1,,,,,
2026-09-17,2026-09-17,CM,NSE,STK,757336,INE0INX01018,AEGISVOPAK,EQ,,,,,AEGIS VOPAK TERMINALS LTD,295.85,316.00,292.50,310.70,310.85,296.95,,310.70,,,6087355,1890639523.10,99690,F1,1,,,,,
2026-09-17,2026-09-17,CM,NSE,STK,757870,INE423A07401,AEL17725,NA,,,,,AEL 0% 2027 SR II,1105.17,1105.17,1105.17,1105.17,1105.17,1105.34,,1105.17,,,97,107201.49,4,F1,1,,,,,
2026-09-17,2026-09-17,CM,NSE,STK,761341,INE423A07500,AEL12126,NI,,,,,AEL 0% 2028 SR II,1040.20,1040.20,1040.20,1040.20,1040.20,1040.00,,1040.20,,,6,6241.20,1,F1,1,,,,,
2026-09-17,2026-09-17,CM,NSE,STK,757876,INE423A07468,AEL170725A,NG,,,,,AEL 0% 2030 SR VIII,1108.00,1108.00,1108.00,1108.00,1108.00,1118.88,,1108.00,,,155,171740.00,2,F1,1,,,,,
2026-09-17,2026-09-17,CM,NSE,STK,761347,INE423A07542,AEL1212026,NO,,,,,AEL 0% 2031 SR VIII,1020.00,1053.00,1020.00,1053.00,1053.00,927.00,,1053.00,,,102,107340.00,2,F1,1,,,,,
2026-09-17,2026-09-17,CM,NSE,STK,761340,INE423A07484,860AEL28,NH,,,,,AEL 8.60% 2028 SR I,1042.00,1050.11,1042.00,1050.11,1050.11,1042.00,,1050.71,,,20,20921.10,3,F1,1,,,,,
2026-09-17,2026-09-17,CM,NSE,STK,761345,INE423A07518,862AEL31,NM,,,,,AEL 8.62% 2031 SR VI,1015.00,1015.00,1015.00,1015.00,1015.00,1015.00,,1015.00,,,11,11165.00,4,F1,1,,,,,
2026-09-17,2026-09-17,CM,NSE,STK,761346,INE423A07526,890AEL31,NN,,,,,AEL 8.90% 2031 SR VII,1060.00,1060.00,1058.10,1058.10,1058.10,1059.60,,1058.10,,,323,342148.10,12,F1,1,,,,,
2026-09-17,2026-09-17,CM,NSE,STK,757874,INE423A07443,9AEL30,NE,,,,,AEL 9% 2030 SR VI,1054.70,1054.70,1054.70,1054.70,1054.70,1033.50,,1054.70,,,20,21094.00,4,F1,1,,,,,
2026-09-17,2026-09-17,CM,NSE,STK,757872,INE423A07435,915AEL28,NC,,,,,AEL 9.15% 2028 SR IV,1025.00,1025.00,1018.06,1018.06,1018.06,1025.00,,1018.06,,,582,592596.10,8,F1,1,,,,,
2026-09-17,2026-09-17,CM,NSE,STK,757875,INE423A07393,930AEL30,NF,,,,,AEL 9.3% 2030 SR VII,1036.00,1042.99,1036.00,1038.02,1038.02,1036.00,,1038.02,,,280,290366.77,7,F1,1,,,,,
2026-09-17,2026-09-17,CM,NSE,STK,760234,INE947N01017,AEQUS,EQ,,,,,AEQUS LIMITED,221.00,231.39,216.33,229.33,229.30,220.68,,229.33,,,3205408,724247290.72,38932,F1,1,,,,,
2026-09-17,2026-09-17,CM,NSE,STK,12015,INE065D01027,AEROENTER,EQ,,,,,AEROFLEX ENTERPRISES LTD,113.35,124.41,112.20,122.94,122.25,113.35,,122.93,,,2191657,264850046.01,26095,F1,1,,,,,
2026-09-17,2026-09-17,CM,NSE,STK,18268,INE024001021,AEROFLEX,EQ,,,,,AEROFLEX INDUSTRIES LTD,483.10,512.10,483.10,497.60,496.50,481.10,,497.58,,,2061953,1034679928.50,51760,F1,1,,,,,
2026-09-17,2026-09-17,CM,NSE,STK,13689,INE035801013,AERONEU,EQ,,,,,AEROFLEX NEU LIMITED,69.00,69.00,64.57,66.61,67.42,64.95,,66.63,,,11693,773819.22,245,F1,1,,,,,
2026-09-17,2026-09-17,CM,NSE,STK,25065,INE0WL801011,AERON,SM,,,,,AERON COMPOSITE LIMITED,83.00,83.50,79.60,80.00,80.00,80.75,,80.00,,,7000,569000.00,7,F1,1000,,,,,
2026-09-17,2026-09-17,CM,NSE,STK,24830,INE0TSF01011,AESTHETIK,SM,,,,,AESTHETIK ENGINEERS LTD,69.00,69.75,69.00,69.75,69.75,68.00,,69.75,,,31000,2154000.00,7,F1,1000,,,,,
2026-09-17,2026-09-17,CM,NSE,STK,9810,INE0BWX01014,AETHER,EQ,,,,,AETHER INDUSTRIES LIMITED,1608.60,1629.50,1594.00,1623.30,1623.60,1603.10,,1623.28,,,134986,218645643.30,16676,F1,1,,,,,
2026-09-17,2026-09-17,CM,NSE,STK,25977,INE101I01011,AFCONS,EQ,,,,,AFCONS INFRASTRUCTURE LTD,256.60,272.30,243.50,267.30,265.90,258.40,,267.29,,,8753901,2275153403.80,113899,F1,1,,,,,
2026-09-17,2026-09-17,CM,NSE,STK,11343,INE00WC01027,AFFLE,EQ,,,,,AFFLE 3I LIMITED,1539.00,1551.60,1522.40,1545.60,1545.00,1535.00,,1545.59,,,83893,129323464.50,13533,F1,1,,,,,
2026-09-17,2026-09-17,CM,NSE,STK,25855,INE692Z01013,AFFORDABLE,EQ,,,,,AFFORD ROBO & AUTO LTD,165.99,169.00,156.91,167.31,168.00,162.29,,167.17,,,20592,3369897.94,1115,F1,1,,,,,
2026-09-17,2026-09-17,CM,NSE,STK,764159,INE916Y07099,115AFIL28A,N0,,,,,AFIL 11.50% 2028,9906.00,9920.00,9906.00,9920.00,9920.00,9909.42,,9920.00,,,8,79297.00,3,F1,1,,,,,
2026-09-17,2026-09-17,CM,NSE,STK,759098,INE916Y07040,12AFIL27A,N0,,,,,AFIL 12% 2027,10116.99,10116.99,10116.99,10116.99,10116.99,10012.91,,10116.99,,,5,50584.95,1,F1,1,,,,,
2026-09-17,2026-09-17,CM,NSE,STK,759446,INE916Y07032,12AFIL27,N0,,,,,AFIL 12% 2027 SR 1,9950.69,9950.69,9950.69,9950.69,9950.69,9950.38,,9950.69,,,10,99506.90,1,F1,1,,,,,
2026-09-17,2026-09-17,CM,NSE,STK,3389,INE204E01012,AGARIND,EQ,,,,,AGARWAL INDS CORP LTD.,412.00,414.55,405.10,407.75,406.05,409.60,,407.75,,,22218,9071424.65,1667,F1,1,,,,,
2026-09-17,2026-09-17,CM,NSE,STK,27309,INE0P8X01016,AGARWALTUF,SM,,,,,AGARWAL TOUGH GLASS IND L,155.00,160.20,152.00,159.70,160.00,151.05,,159.70,,,93600,14747340.00,63,F1,1200,,,,,
2026-09-17,2026-09-17,CM,NSE,STK,1412,INE415A01038,AGI,EQ,,,,,AGI GREENPAC LIMITED,716.95,747.30,714.05,733.75,736.90,717.30,,733.76,,,78178,56997634.65,4323,F1,1,,,,,
2026-09-17,2026-09-17,CM,NSE,STK,24445,INE976R01033,AGIIL,EQ,,,,,AGI INFRA LIMITED,261.85,276.50,261.75,266.15,266.95,262.40,,266.14,,,335928,90357241.45,7269,F1,1,,,,,
2026-09-17,2026-09-17,CM,NSE,STK,10491,INE0LF301013,AGNI,SM,,,,,AGNI GREEN POWER LTD,15.65,15.65,15.45,15.50,15.50,15.65,,15.50,,,25000,387750.00,9,F1,2500,,,,,
2026-09-17,2026-09-17,CM,NSE,STK,11072,INE449G01018,AGRITECH,EQ,,,,,AGRI-TECH (INDIA) LIMITED,103.00,103.00,96.25,96.42,97.89,98.10,,96.45,,,3472,336717.91,139,F1,1,,,,,
2026-09-17,2026-09-17,CM,NSE,STK,9046,INE740V01019,AGROPHOS,EQ,,,,,AGRO PHOS INDIA LIMITED,23.10,23.88,22.90,23.44,23.50,23.18,,23.44,,,9662,226100.34,142,F1,1,,,,,
2026-09-17,2026-09-17,CM,NSE,STK,759202,INE583L01014,AGSTRA,BZ,,,,,AGS TRANSACT TECH LTD,1.90,1.99,1.90,1.95,1.96,1.93,,1.96,,,127116,248360.84,186,F1,1,,,,,
2026-09-17,2026-09-17,CM,NSE,STK,2004,INE00PV01013,AHLADA,EQ,,,,,AHLADA ENGINEERS LIMITED,36.79,40.00,36.01,39.33,39.64,36.56,,39.33,,,41709,1607639.33,291,F1,1,,,,,
2026-09-17,2026-09-17,CM,NSE,STK,17833,INE758C01029,AHLUCONT,EQ,,,,,AHLUWALIA CONT IND LTD,575.00,577.70,559.10,567.60,565.00,569.30,,567.60,,,95504,54019890.85,7836,F1,1,,,,,
2026-09-17,2026-09-17,CM,NSE,STK,13086,INE212H01026,AIAENG,EQ,,,,,AIA ENGINEERING LIMITED,3817.50,3998.00,3790.00,3983.40,3996.00,3805.80,,3983.41,,,69100,271299779.20,19382,F1,1,,,,,
2026-09-17,2026-09-17,CM,NSE,STK,23984,INE0RUV01018,AIMTRON,SM,,,,,AIMTRON ELECTRONICS LTD,1608.00,1669.75,1564.00,1616.45,1595.00,1606.40,,1616.45,,,122000,199055600.00,322,F1,200,,,,,
2026-09-17,2026-09-17,CM,NSE,STK,9878,INE805A01014,GOLDTECH,BE,,,,,AION-TECH SOLUTIONS LTD,42.05,42.47,41.00,41.41,41.00,41.29,,41.36,,,15459,643478.55,94,F1,1,,,,,
2026-09-17,2026-09-17,CM,NSE,STK,9897,INE645W01026,AIRAN,EQ,,,,,AIRAN LIMITED,15.32,16.85,15.32,16.70,16.59,15.72,,16.70,,,104304,1680689.17,965,F1,1,,,,,
2026-09-17,2026-09-17,CM,NSE,STK,6068,INE801L01010,AIROLAM,EQ,,,,,AIRO LAM LIMITED,87.50,88.97,84.65,86.15,88.47,88.54,,86.15,,,2352,202388.35,77,F1,1,,,,,
2026-09-17,2026-09-17,CM,NSE,STK,8124,INE031B01049,AJANTPHARM,EQ,,,,,AJANTA PHARMA LIMITED,3492.30,3530.10,3481.00,3500.50,3509.50,3508.90,,3500.51,,,97948,343453724.30,17382,F1,1,,,,,
2026-09-17,2026-09-17,CM,NSE,STK,29624,INE274Y01021,AJAXENGG,EQ,,,,,AJAX ENGINEERING LIMITED,560.10,573.55,560.10,566.60,564.65,566.55,,566.58,,,29873,16990968.50,4855,F1,1,,,,,
2026-09-17,2026-09-17,CM,NSE,STK,17307,INE298G01035,AJMERA,EQ,,,,,AJMERA REALTY & INF I LTD,113.60,115.65,111.00,113.80,114.09,113.51,,113.80,,,279348,31770818.89,4197,F1,1,,,,,
2026-09-17,2026-09-17,CM,NSE,STK,3403,INE820Y01021,AJOONI,EQ,,,,,AJOONI BIOTECH LIMITED,3.32,3.34,3.20,3.27,3.28,3.30,,3.27,,,297590,978572.97,597,F1,1,,,,,
2026-09-17,2026-09-17,CM,NSE,STK,21121,INE0PCY01014,AKANKSHA,SM,,,,,AKANKSHA POWER N INFRA L,134.05,134.05,130.10,133.00,133.00,134.65,,133.00,,,6000,796750.00,6,F1,1000,,,,,
2026-09-17,2026-09-17,CM,NSE,STK,13510,INE737W01013,AKASH,EQ,,,,,AKASH INFRA-PROJECTS LTD,24.00,24.67,24.00,24.26,24.26,24.18,,24.26,,,417,10169.75,20,F1,1,,,,,
2026-09-17,2026-09-17,CM,NSE,STK,2176,INE00Y801016,AKG,EQ,,,,,AKG EXIM LIMITED,10.74,10.92,9.66,10.32,10.30,10.55,,10.32,,,26194,267144.01,195,F1,1,,,,,
2026-09-17,2026-09-17,CM,NSE,STK,14895,INE642Z01026,AKI,BE,,,,,AKI INDIA LIMITED,5.53,5.82,5.29,5.82,5.82,5.55,,5.82,,,89175,510660.50,212,F1,1,,,,,
2026-09-17,2026-09-17,CM,NSE,STK,24304,INE0PMR01017,AKIKO,SM,,,,,AKIKO GLOBAL SERVICES L,422.00,423.95,416.00,421.05,421.05,425.15,,421.05,,,4800,2016800.00,6,F1,800,,,,,
2026-09-17,2026-09-17,CM,NSE,STK,24159,INE916Y01027,AFIL,EQ,,,,,AKME FINTRADE (INDIA) LTD,8.54,8.54,8.33,8.37,8.33,8.37,,8.37,,,221546,1860107.74,559,F1,1,,,,,
2026-09-17,2026-09-17,CM,NSE,STK,8595,INE523B01011,AKSHOPTFBR,BE,,,,,AKSH OPTIFIBRE  LTD,8.13,8.13,7.75,8.02,8.00,7.96,,8.01,,,222491,1782071.75,281,F1,1,,,,,
2026-09-17,2026-09-17,CM,NSE,STK,9558,INE256Z01025,AKSHAR,EQ,,,,,AKSHAR SPINTEX LIMITED,0.42,0.42,0.41,0.41,0.42,0.42,,0.41,,,436267,181377.21,205,F1,1,,,,,
2026-09-17,2026-09-17,CM,NSE,STK,20194,INE542B01011,AKSHARCHEM,BE,,,,,AKSHARCHEM INDIA LIMITED,369.10,401.00,369.10,373.50,379.80,381.95,,373.54,,,10039,3887525.55,222,F1,1,,,,,
2026-09-17,2026-09-17,CM,NSE,STK,24715,INE09XN01023,AKUMS,EQ,,,,,AKUMS DRUGS AND PHARMA L,768.10,789.35,763.90,766.70,767.00,772.00,,766.70,,,216030,166877645.80,13506,F1,1,,,,,
2026-09-17,2026-09-17,CM,NSE,STK,9921,INE914E01040,ALANKIT,EQ,,,,,ALANKIT LIMITED,7.90,8.00,7.60,7.67,7.61,7.74,,7.67,,,172109,1336199.72,736,F1,1,,,,,
2026-09-17,2026-09-17,CM,NSE,STK,17256,INE155C01010,ALBERTDAVD,EQ,,,,,ALBERT DAVID LIMITED,856.05,863.95,835.00,838.45,835.00,860.45,,838.45,,,3661,3091938.25,288,F1,1,,,,,
2026-09-17,2026-09-17,CM,NSE,STK,18762,INE448V01019,ALCODIS,SM,,,,,ALCOKRAFT DISTILLERIE LTD,68.10,68.10,65.10,66.90,66.90,70.00,,66.90,,,3125,207343.75,5,F1,625,,,,,
2026-09-17,2026-09-17,CM,NSE,STK,79,INE426A01027,ALEMBICLTD,EQ,,,,,ALEMBIC LIMITED,99.00,105.75,99.00,102.72,102.10,98.95,,102.72,,,1416945,146556509.76,14314,F1,1,,,,,
2026-09-17,2026-09-17,CM,NSE,STK,25328,INE901L01018,APLLTD,EQ,,,,,ALEMBIC PHARMA LTD,830.00,857.25,819.60,826.00,827.70,825.30,,826.01,,,392626,328624999.20,22396,F1,1,,,,,
2026-09-17,2026-09-17,CM,NSE,STK,764573,INE782D01027,ALFREDHE,EQ,,,,,ALFRED HERBERT INDIA L,2820.00,2820.00,2820.00,2820.00,2820.00,2820.00,,2773.02,,,1,2820.00,1,F1,1,,,,,
2026-09-17,2026-09-17,CM,NSE,STK,761270,INE598D01035,ALGOQUANT,EQ,,,,,ALGOQUANT FINTECH LIMITED,65.15,71.85,65.09,70.13,69.68,65.15,,70.12,,,2084788,142673042.62,10317,F1,1,,,,,
2026-09-17,2026-09-17,CM,NSE,STK,13656,INE062D01024,ALICON,EQ,,,,,ALICON CASTALLOY LIMITED,682.30,706.40,680.35,695.15,693.00,688.35,,695.15,,,16078,11157946.30,1653,F1,1,,,,,
2026-09-17,2026-09-17,CM,NSE,STK,5265,INE03Q201024,ALIVUS,EQ,,,,,ALIVUS LIFE SCIENCES LTD,1372.80,1397.90,1361.10,1387.80,1383.00,1370.60,,1387.79,,,72107,99856838.70,10470,F1,1,,,,,
2026-09-17,2026-09-17,CM,NSE,STK,16959,INE773I01017,ALKALI,EQ,,,,,ALKALI METALS LTD,74.50,74.84,71.20,73.05,73.00,72.23,,72.90,,,6095,445667.37,203,F1,1,,,,,
2026-09-17,2026-09-17,CM,NSE,STK,11703,INE540L01014,ALKEM,EQ,,,,,ALKEM LABORATORIES LTD.,5175.00,5361.00,5161.50,5348.50,5348.50,5175.00,,5348.34,,,231871,1228296436.00,24514,F1,1,,,,,
2026-09-17,2026-09-17,CM,NSE,STK,4487,INE150B01039,ALKYLAMINE,EQ,,,,,ALKYL AMINES CHEM. LTD,1823.40,1873.80,1815.80,1843.80,1849.00,1823.10,,1843.79,,,26620,49298448.90,6011,F1,1,,,,,
2026-09-17,2026-09-17,CM,NSE,STK,13203,INE0M2X01012,ALLETEC,SM,,,,,ALL E TECHNOLOGIES LTD,125.70,127.95,121.55,125.55,125.05,125.70,,125.55,,,4800,600860.00,12,F1,400,,,,,
2026-09-17,2026-09-17,CM,NSE,STK,758448,INE0GV601021,ALLTIME,EQ,,,,,ALL TIME PLASTICS LIMITED,206.50,211.50,205.32,208.01,211.48,206.42,,208.02,,,32467,6775344.18,1041,F1,1,,,,,
2026-09-17,2026-09-17,CM,NSE,STK,763784,INE1YPB01014,AGL,EQ,,,,,ALLCARGO GLOBAL LIMITED,14.00,14.20,13.75,13.88,13.90,14.03,,13.88,,,2074548,28853565.36,5392,F1,1,,,,,
2026-09-17,2026-09-17,CM,NSE,STK,13501,INE418H01029,ALLCARGO,EQ,,,,,ALLCARGO LOGISTICS LTD,11.18,11.50,10.95,11.03,11.09,11.18,,11.03,,,7560793,84594775.18,10646,F1,1,,,,,
2026-09-17,2026-09-17,CM,NSE,STK,17778,INE0NN701020,ATL,EQ,,,,,ALLCARGO TERMINALS LTD,24.00,24.90,23.80,24.50,24.41,23.89,,24.50,,,139820,3378165.22,2188,F1,1,,,,,
2026-09-17,2026-09-17,CM,NSE,STK,11798,INE835G01018,ALLDIGI,EQ,,,,,ALLDIGI TECH LIMITED,785.00,797.30,779.60,784.55,783.00,792.50,,784.58,,,8045,6309465.05,664,F1,1,,,,,
2026-09-17,2026-09-17,CM,NSE,STK,24308,INE552Z01027,ABDL,EQ,,,,,ALLIED BLEND N DISTILS L,652.35,657.40,636.95,653.10,654.00,647.55,,653.08,,,560511,363880814.95,23772,F1,1,,,,,
2026-09-17,2026-09-17,CM,NSE,STK,14813,INE102I01027,ADSL,EQ,,,,,ALLIED DIGITAL SERV. LTD,95.26,98.26,95.26,96.99,96.65,95.26,,97.00,,,110089,10676567.20,2303,F1,1,,,,,
2026-09-17,2026-09-17,CM,NSE,STK,16719,INE326B01035,ALMONDZ,EQ,,,,,ALMONDZ GLOBAL SEC LTD,18.60,18.99,17.22,18.41,18.99,18.01,,18.40,,,410059,7492217.95,1138,F1,1,,,,,
2026-09-17,2026-09-17,CM,NSE,STK,17675,INE270A01029,ALOKINDS,EQ,,,,,ALOK INDUSTRIES LIMITED,7.49,7.58,7.00,7.05,7.05,7.48,,7.05,,,42844998,307734504.21,30900,F1,1,,,,,
2026-09-17,2026-09-17,CM,NSE,STK,14848,INE385I01010,ALPA,EQ,,,,,ALPA LABORATORIES LTD,61.90,61.90,55.76,59.64,59.77,61.12,,59.50,,,24990,1473752.21,412,F1,1,,,,,
2026-09-17,2026-09-17,CM,NSE,STK,22688,INE0R4701017,ALPEXSOLAR,SM,,,,,ALPEX SOLAR LIMITED,900.00,925.00,886.70,911.60,907.90,893.35,,911.60,,,52000,47301765.00,375,F1,100,,,,,
2026-09-17,2026-09-17,CM,NSE,STK,14601,INE137C01018,ALPHAGEO,BE,,,,,ALPHAGEO (INDIA) LIMITED,294.65,304.95,290.00,294.95,294.95,294.65,,295.39,,,3674,1090411.65,124,F1,1,,,,,
2026-09-17,2026-09-17,CM,NSE,STK,764186,INE1JCQ01037,ALPINETEX,EQ,,,,,ALPINE TEXWORLD LIMITED,53.75,55.25,52.42,52.90,52.60,52.33,,52.89,,,117350,6271717.24,2151,F1,1,,,,,
2026-09-17,2026-09-17,CM,NSE,STK,764578,INE058F01019,ALUFLUOR,EQ,,,,,ALUFLUORIDE LTD.,499.00,503.00,489.85,492.20,496.80,494.20,,491.77,,,2082,1034481.65,158,F1,1,,,,,
2026-09-17,2026-09-17,CM,NSE,STK,23474,INE0STM01017,ALUWIND,SM,,,,,ALUWIND INFRA-TECH LTD,46.00,53.00,46.00,49.20,49.50,46.00,,49.20,,,66000,3301125.00,40,F1,1500,,,,,
2026-09-17,2026-09-17,CM,NSE,STK,760740,INE121R01077,AMAGI,EQ,,,,,AMAGI MEDIA LABS LIMITED,569.10,579.90,565.45,574.35,575.00,569.30,,574.35,,,368321,211493833.15,11037,F1,1,,,,,
2026-09-17,2026-09-17,CM,NSE,STK,764583,INE841D01013,AMAL,EQ,,,,,AMAL LTD.,712.00,747.40,711.95,723.00,734.35,711.75,,723.37,,,32741,23836609.90,1463,F1,1,,,,,
2026-09-17,2026-09-17,CM,NSE,STK,758910,INE084K01015,AMANTA,BE,,,,,AMANTA HEALTHCARE LIMITED,190.70,193.72,189.95,189.95,189.95,189.93,,193.00,,,67494,13001707.78,177,F1,1,,,,,
2026-09-17,2026-09-17,CM,NSE,STK,100,INE885A01032,ARE&M,EQ,,,,,AMARA RAJA ENERGY MOB LTD,793.00,800.60,785.55,795.30,795.00,791.55,,795.26,,,610101,483284509.20,35638,F1,1,,,,,
2026-09-17,2026-09-17,CM,NSE,STK,764588,INE484D01012,AMARJOTHI,EQ,,,,,AMARJOTHI SPINNING MILL L,145.50,149.00,145.50,148.88,149.00,149.00,,148.88,,,1920,283871.15,61,F1,1,,,,,
2026-09-17,2026-09-17,CM,NSE,STK,762546,INE432A01017,AMBALALSA,BE,,,,,AMBALAL SARABHAI ENT L,39.99,41.39,39.70,41.28,41.29,39.82,,40.76,,,29806,1218015.45,99,F1,1,,,,,
2026-09-17,2026-09-17,CM,NSE,STK,4083,INE00C501018,AMBANIORGO,SM,,,,,AMBANI ORGOCHEM LIMITED,110.15,112.50,110.10,112.45,112.50,115.50,,112.45,,,8000,888050.00,5,F1,1000,,,,,
2026-09-17,2026-09-17,CM,NSE,STK,1185,INE371P01015,AMBER,EQ,,,,,AMBER ENTERPRISES (I) LTD,6918.00,7093.00,6881.00,7046.00,7046.00,6930.00,,7046.00,,,89317,628301010.00,13283,F1,1,,,,,
2026-09-17,2026-09-17,CM,NSE,STK,11496,INE792B01012,AMBICAAGAR,EQ,,,,,AMBICA AGAR & AROMAINDLTD,25.19,25.19,24.60,25.14,25.18,24.57,,25.14,,,4346,108457.99,51,F1,1,,,,,
2026-09-17,2026-09-17,CM,NSE,STK,15234,INE540G01014,AMBIKCO,EQ,,,,,AMBIKA COTTON MILL LTD.,1555.00,1588.00,1537.70,1568.80,1579.00,1564.90,,1568.85,,,5724,8982603.40,855,F1,1,,,,,
2026-09-17,2026-09-17,CM,NSE,STK,1270,INE079A01024,AMBUJACEM,EQ,,,,,AMBUJA CEMENTS LTD,381.05,386.30,380.55,383.25,383.25,381.05,,383.26,,,1224906,468643571.30,21416,F1,1,,,,,
2026-09-17,2026-09-17,CM,NSE,STK,14398,INE005I01014,AMDIND,EQ,,,,,AMD INDUSTRIES LIMITED,64.01,67.48,64.01,66.58,66.30,63.66,,66.58,,,116979,7746970.41,2376,F1,1,,,,,
2026-09-17,2026-09-17,CM,NSE,STK,10898,INE0KT901015,AMEYA,SM,,,,,AMEYA PRECISION ENG LTD,135.80,135.80,135.80,135.80,135.80,129.35,,135.80,,,6000,814800.00,5,F1,1000,,,,,
2026-09-17,2026-09-17,CM,NSE,STK,11939,INE0MTP01013,AMIABLE,SM,,,,,AMIABLE LOGISTICS (I) LTD,72.00,72.00,70.20,70.20,70.20,73.95,,70.20,,,3200,227520.00,2,F1,1600,,,,,
2026-09-17,2026-09-17,CM,NSE,STK,19867,INE275D01022,AMNPLST,EQ,,,,,AMINES & PLASTICIZERS LTD,162.00,166.99,160.65,163.00,163.00,160.40,,162.10,,,1151,188915.95,104,F1,1,,,,,
2026-09-17,2026-09-17,CM,NSE,STK,761670,INE05TO01019,AEROPLANE,EQ,,,,,AMIR CHAND JAG KUM (E) L,195.50,198.90,191.15,193.70,191.15,195.67,,193.69,,,119536,23291797.92,2476,F1,1,,,,,
2026-09-17,2026-09-17,CM,NSE,STK,2598,INE606A01024,AMJLAND,EQ,,,,,AMJ LAND HOLDINGS LIMITED,36.47,37.10,36.40,36.48,36.99,36.43,,36.48,,,4662,170397.00,57,F1,1,,,,,
2026-09-17,2026-09-17,CM,NSE,STK,17547,INE098F01031,AMRUTANJAN,EQ,,,,,AMRUTAJAN HEALTH LTD,490.40,493.40,488.05,491.00,490.95,490.40,,490.94,,,12042,5906339.70,761,F1,1,,,,,
2026-09-17,2026-09-17,CM,NSE,STK,759956,INE549H01021,ARSSBL,EQ,,,,,ANAND RATHI SH N STK BR L,496.95,506.25,490.25,500.55,501.45,496.95,,500.55,,,145422,72616881.95,4518,F1,1,,,,,
2026-09-17,2026-09-17,CM,NSE,STK,7145,INE463V01026,ANANDRATHI,EQ,,,,,ANAND RATHI WEALTH LTD,2200.00,2229.50,2198.20,2207.40,2202.20,2206.20,,2207.30,,,140743,311672809.20,24694,F1,1,,,,,
2026-09-17,2026-09-17,CM,NSE,STK,13620,INE242C01024,ANANTRAJ,EQ,,,,,ANANT RAJ LIMITED,582.00,600.20,579.40,596.90,594.55,583.50,,596.90,,,1898147,1128373968.85,30384,F1,1,,,,,
2026-09-17,2026-09-17,CM,NSE,STK,759363,INE1UA823019,ANANTAM,IV,,,,,ANANTAM HIGHWAYS TRUST,106.47,106.50,106.00,106.49,106.50,106.08,,106.49,,,41760,4447259.61,59,F1,1,,,,,
2026-09-17,2026-09-17,CM,NSE,STK,764446,INE1J5V01013,ANAWIL,SM,,,,,ANAWIL WIRE AND ENGIN LTD,421.00,435.95,421.00,430.40,430.00,418.85,,430.40,,,65200,28033960.00,150,F1,400,,,,,
2026-09-17,2026-09-17,CM,NSE,STK,758427,INE0VG001016,AMCL,SM,,,,,ANB METAL CAST LIMITED,365.00,380.00,365.00,380.00,380.00,357.85,,380.00,,,4000,1488560.00,7,F1,400,,,,,
2026-09-17,2026-09-17,CM,NSE,STK,15420,INE666E01020,ACL,EQ,,,,,ANDHRA CEMENTS LIMITED,43.40,43.40,40.70,41.98,41.99,42.70,,41.98,,,19853,826217.67,259,F1,1,,,,,
2026-09-17,2026-09-17,CM,NSE,STK,166,INE435A01051,ANDHRAPAP,EQ,,,,,ANDHRA PAPER LIMITED,72.96,74.90,71.40,71.88,71.50,73.32,,71.88,,,941028,68343849.79,7689,F1,1,,,,,
2026-09-17,2026-09-17,CM,NSE,STK,136,INE715B01021,ANDHRSUGAR,EQ,,,,,ANDHRA SUGARS LTD,94.05,94.83,92.52,93.59,93.33,93.39,,93.59,,,163448,15276876.40,3911,F1,1,,,,,
2026-09-17,2026-09-17,CM,NSE,STK,5206,INE449C01025,ANDREWYU,EQ,,,,,ANDREW YULE & CO. LTD.,25.88,26.69,25.10,26.08,26.50,25.88,,26.02,,,88717,2288274.81,475,F1,1,,,,,
2026-09-17,2026-09-17,CM,NSE,STK,324,INE732I01021,ANGELONE,EQ,,,,,ANGEL ONE LIMITED,292.90,297.95,292.15,295.00,295.00,293.50,,295.00,,,1881558,555936211.65,22447,F1,1,,,,,
2026-09-17,2026-09-17,CM,NSE,STK,16657,INE087B01017,ANIKINDS,EQ,,,,,ANIK INDUSTRIES LTD,44.65,44.65,43.01,44.10,44.39,42.86,,44.10,,,6453,285012.01,99,F1,1,,,,,
2026-09-17,2026-09-17,CM,NSE,STK,20453,INE071F01012,APCL,EQ,,,,,ANJANI PORTLAND CEM LTD,100.94,100.94,96.00,96.37,96.00,99.18,,96.37,,,6783,661110.47,359,F1,1,,,,,
2026-09-17,2026-09-17,CM,NSE,STK,25878,INE106I01010,ANKITMETAL,BZ,,,,,ANKIT MET & POW LTD,1.70,1.70,1.70,1.70,1.70,1.67,,1.70,,,4652,7908.40,13,F1,1,,,,,
2026-09-17,2026-09-17,CM,NSE,STK,758968,INE0Y8W01025,AHCL,EQ,,,,,ANLON HEALTHCARE LIMITED,19.70,22.36,19.70,21.84,22.07,20.04,,21.84,,,49745313,1057396779.11,207422,F1,1,,,,,
2026-09-17,2026-09-17,CM,NSE,STK,13657,INE0LR101013,ANLON,SM,,,,,ANLON TECHNOLOGY SOL LTD,671.65,708.50,671.65,696.90,697.70,675.00,,696.90,,,8800,6080540.00,21,F1,400,,,,,
2026-09-17,2026-09-17,CM,NSE,STK,3732,INE02AR01019,ANMOL,BE,,,,,ANMOL INDIA LIMITED,13.98,14.99,13.68,14.77,14.75,14.39,,14.77,,,106935,1559159.65,325,F1,1,,,,,
2026-09-17,2026-09-17,CM,NSE,STK,764471,INE0MGM01017,ANNAPURNA,EQ,,,,,ANNAPURNA SWADISHT LTD,134.46,138.00,134.00,136.08,135.05,134.56,,136.08,,,17463,2383800.44,465,F1,1,,,,,
2026-09-17,2026-09-17,CM,NSE,STK,765502,INE103001017,ANNU,EQ,,,,,ANNU PROJECTS LIMITED,50.43,51.98,46.55,49.28,49.20,52.67,,49.28,,,2867305,141757022.02,18703,F1,1,,,,,
2026-09-17,2026-09-17,CM,NSE,STK,758740,INE0VTV01012,ANONDITA,SM,,,,,ANONDITA MEDICARE LIMITED,1165.00,1180.00,1106.75,1124.00,1128.00,1158.05,,1124.00,,,105800,119187120.00,405,F1,200,,,,,
2026-09-17,2026-09-17,CM,NSE,STK,765020,INE030C01015,ANSALBU,EQ,,,,,ANSAL BUILDWELL LTD.,83.25,83.25,81.99,83.00,83.00,80.11,,80.00,,,138,11425.46,19,F1,1,,,,,
2026-09-17,2026-09-17,CM,NSE,STK,19677,INE436A01026,ANSALAPI,BZ,,,,,ANSAL PROP & INFRA LTD,3.45,3.52,3.45,3.52,3.52,3.46,,3.49,,,22683,79501.16,25,F1,1,,,,,
2026-09-17,2026-09-17,CM,NSE,STK,5194,INE414B01021,ANTGRAPHIC,EQ,,,,,ANTARCTICA LTD,0.72,0.74,0.71,0.71,0.71,0.72,,0.71,,,116313,84307.19,160,F1,1,,,,,
2026-09-17,2026-09-17,CM,NSE,STK,13598,INE818A01017,ANTELOPUS,EQ,,,,,ANTELOPUS SELAN ENRGY LTD,1171.00,1198.00,1121.05,1130.85,1128.00,1170.95,,1130.86,,,1030058,1191395990.55,46427,F1,1,,,,,
2026-09-17,2026-09-17,CM,NSE,STK,757885,INE0CZ201020,ANTHEM,EQ,,,,,ANTHEM BIOSCIENCES LTD,914.10,932.55,910.00,927.40,929.00,908.45,,927.35,,,460389,424729549.85,22196,F1,1,,,,,
2026-09-17,2026-09-17,CM,NSE,STK,1797,INE01BK01022,AWHCL,EQ,,,,,ANTONY WASTE HDG CELL LTD,346.00,398.60,342.30,379.60,383.00,345.50,,379.53,,,5932053,2285162708.80,122586,F1,1,,,,,
2026-09-17,2026-09-17,CM,NSE,STK,28314,INE489G01022,ANUHPHR,EQ,,,,,ANUH PHARMA LIMITED,89.67,97.89,89.67,93.68,94.10,89.22,,93.67,,,322234,30699958.26,5888,F1,1,,,,,
2026-09-17,2026-09-17,CM,NSE,STK,2829,INE930P01018,ANURAS,EQ,,,,,ANUPAM RASAYAN INDIA LTD,1180.00,1193.00,1176.00,1181.30,1183.00,1178.30,,1181.29,,,277685,328807281.00,10228,F1,1,,,,,
2026-09-17,2026-09-17,CM,NSE,STK,28983,INE0SI601032,ANYA,SM,,,,,ANYA POLYTECH & FERTI LTD,15.00,15.40,15.00,15.25,15.25,15.30,,15.25,,,20000,303250.00,4,F1,5000,,,,,
2026-09-17,2026-09-17,CM,NSE,STK,758904,INF1J2R01114,AONEGOLD,EQ,,,,,AONEAMC - AONEGOLD,14.03,14.13,13.99,14.04,14.02,14.10,,14.04,,,439629,6175082.26,1426,F1,1,,,,,
2026-09-17,2026-09-17,CM,NSE,STK,30472,INF1J2R01056,AONELIQUID,EQ,,,,,AONEAMC - AONELIQUID,1077.14,1077.17,1077.14,1077.17,1077.17,1077.02,,1077.17,,,14434,15547747.94,63,F1,1,,,,,
2026-09-17,2026-09-17,CM,NSE,STK,757096,INF1J2R01064,AONENIFTY,EQ,,,,,AONEAMC - AONENIFTY,9.85,9.85,9.53,9.63,9.64,9.61,,9.63,,,87123,839469.05,1062,F1,1,,,,,
2026-09-17,2026-09-17,CM,NSE,STK,760193,INF1J2R01171,AONESILVER,EQ,,,,,AONEAMC - AONESILVER,8.73,8.73,8.62,8.66,8.68,8.73,,8.66,,,354829,3072645.46,947,F1,1,,,,,
2026-09-17,2026-09-17,CM,NSE,STK,759992,INF1J2R01148,AONETMMQ50,EQ,,,,,AONEAMC - AONETMMQ50,10.06,10.32,10.01,10.12,10.15,10.01,,10.12,,,69955,705204.43,235,F1,1,,,,,
2026-09-17,2026-09-17,CM,NSE,STK,29975,INF1J2R01015,AONETOTAL,EQ,,,,,AONEAMC - AONETOTAL,11.78,11.78,11.50,11.62,11.67,11.55,,11.62,,,105305,1222333.75,836,F1,1,,,,,
2026-09-17,2026-09-17,CM,NSE,STK,11491,INE372A01015,APARINDS,EQ,,,,,APAR INDUSTRIES LTD.,17021.00,17925.00,16884.00,17801.00,17737.00,17075.00,,17801.06,,,195609,3430256157.00,48752,F1,1,,,,,
2026-09-17,2026-09-17,CM,NSE,STK,154,INE116A01032,APCOTEXIND,EQ,,,,,APCOTEX INDUSTRIES LIMITE,585.00,601.70,581.00,599.40,599.15,581.10,,599.41,,,78910,46900946.90,4466,F1,1,,,,,
2026-09-17,2026-09-17,CM,NSE,STK,27291,INE0T4V01015,APEXECO,ST,,,,,APEX ECOTECH LIMITED,243.05,250.00,242.25,250.00,250.00,255.00,,250.00,,,11200,2737760.00,14,F1,800,,,,,
2026-09-17,2026-09-17,CM,NSE,STK,21623,INE346W01013,APEX,EQ,,,,,APEX FROZEN FOODS LIMITED,350.30,354.75,348.00,350.95,350.05,347.95,,350.96,,,49573,17428474.35,2502,F1,1,,,,,
2026-09-17,2026-09-17,CM,NSE,STK,25780,INE702C01027,APLAPOLLO,EQ,,,,,APL APOLLO TUBES LTD,2110.00,2170.00,2110.00,2148.50,2148.50,2120.00,,2148.50,,,335858,719472734.20,21496,F1,1,,,,,
2026-09-17,2026-09-17,CM,NSE,STK,757180,INE0TLC07093,930APMD28,N0,,,,,APMD 9.30% 2028 STRPP B,101480.01,101480.01,101480.01,101480.01,101480.01,101560.00,,101480.01,,,4,405920.04,1,F1,1,,,,,
2026-09-17,2026-09-17,CM,NSE,STK,757182,INE0TLC07069,930APMD29,N0,,,,,APMD 9.30% 2029 STRPP C,102901.20,103500.00,102901.20,103500.00,103500.00,102121.01,,103500.00,,,4,412203.60,2,F1,1,,,,,
2026-09-17,2026-09-17,CM,NSE,STK,757184,INE0TLC07077,930APMD30,N0,,,,,APMD 9.30% 2030 STRPP D,104549.01,104549.01,104549.01,104549.01,104549.01,104549.18,,104549.01,,,10,1045490.10,1,F1,1,,,,,
2026-09-17,2026-09-17,CM,NSE,STK,157,INE437A01024,APOLLOHOSP,EQ,,,,,APOLLO HOSPITALS ENTER. L,8707.00,8799.00,8686.50,8768.50,8768.50,8696.50,,8768.45,,,191301,1676064147.00,29442,F1,1,,,,,
2026-09-17,2026-09-17,CM,NSE,STK,1134,INE713T01028,APOLLO,EQ,,,,,APOLLO MICRO SYSTEMS LTD,371.00,383.00,371.00,378.25,378.50,370.35,,378.25,,,5478975,2072260486.10,59354,F1,1,,,,,
2026-09-17,2026-09-17,CM,NSE,STK,14361,INE126J01016,APOLLOPIPE,EQ,,,,,APOLLO PIPES LIMITED,509.90,530.50,507.00,525.85,525.00,508.90,,525.85,,,316591,165293965.00,9216,F1,1,,,,,
2026-09-17,2026-09-17,CM,NSE,STK,6302,INE451F01024,APOLSINHOT,EQ,,,,,APOLLO SINDOORI HOTEL LTD,1210.00,1234.00,1209.90,1211.10,1211.10,1185.80,,1211.10,,,372,452048.10,61,F1,1,,,,,
2026-09-17,2026-09-17,CM,NSE,STK,163,INE438A01022,APOLLOTYRE,EQ,,,,,APOLLO TYRES LTD,414.25,414.30,403.25,412.15,413.90,411.95,,412.16,,,887926,363172639.40,37438,F1,1,,,,,
2026-09-17,2026-09-17,CM,NSE,STK,764593,INE217S01014,APOORVA,EQ,,,,,APOORVA LEAS F & INV C L,27.79,29.75,27.79,29.75,29.75,28.36,,27.76,,,192,5710.04,4,F1,1,,,,,
2026-09-17,2026-09-17,CM,NSE,STK,24638,INE0LQG01010,APRAMEYA,SM,,,,,APRAMEYA ENGINEERING LTD,116.00,116.00,109.05,113.45,113.95,112.30,,113.45,,,6500,730500.00,9,F1,500,,,,,
2026-09-17,2026-09-17,CM,NSE,STK,760372,INE0M2307388,915APSBC31,N0,,,,,APSBC 9.15% 2031 STRPP F,104000.00,104000.00,104000.00,104000.00,104000.00,104000.00,,104000.00,,,1,104000.00,1,F1,1,,,,,
2026-09-17,2026-09-17,CM,NSE,STK,761435,INE1OOJ01011,APSISAERO,ST,,,,,APSIS AEROCOM LIMITED,576.35,576.35,576.35,576.35,576.35,588.10,,576.35,,,4800,2766480.00,4,F1,1200,,,,,
2026-09-17,2026-09-17,CM,NSE,STK,14074,INE266F01018,APTECHT,BE,,,,,APTECH LIMITED,87.79,88.30,86.01,87.67,88.00,86.97,,87.70,,,40350,3521895.11,297,F1,1,,,,,
2026-09-17,2026-09-17,CM,NSE,STK,5435,INE852O01025,APTUS,EQ,,,,,APTUS VALUE HSG FIN I LTD,239.00,244.13,237.19,239.16,238.50,239.91,,239.07,,,1187149,285300463.71,67215,F1,1,,,,,
2026-09-17,2026-09-17,CM,NSE,STK,23365,INE416A01051,AQYLON,EQ,,,,,AQYLON NEXUS LIMITED,20.45,20.45,18.84,18.88,18.95,19.71,,18.89,,,442716,8572135.63,2117,F1,1,,,,,
2026-09-17,2026-09-17,CM,NSE,STK,758670,INE0YDV01010,ARCIIL,SM,,,,,ARC INSULATION & INSU LTD,36.00,36.00,34.00,34.95,34.95,36.00,,34.95,,,15000,516400.00,11,F1,1000,,,,,
2026-09-17,2026-09-17,CM,NSE,STK,12024,INE128X01021,ACI,EQ,,,,,ARCHEAN CHEMICAL IND LTD,461.95,469.20,456.35,462.40,458.20,461.45,,462.39,,,272058,126238058.90,16003,F1,1,,,,,
2026-09-17,2026-09-17,CM,NSE,STK,245,INE0CHO01012,ADL,EQ,,,,,ARCHIDPLY DECOR LIMITED,71.91,73.50,70.40,72.03,72.03,71.91,,72.03,,,233,16623.32,26,F1,1,,,,,
2026-09-17,2026-09-17,CM,NSE,STK,16795,INE877I01016,ARCHIDPLY,EQ,,,,,ARCHIDPLY IND. LTD,101.57,102.00,100.00,101.48,101.50,100.22,,101.48,,,4107,415415.34,152,F1,1,,,,,
2026-09-17,2026-09-17,CM,NSE,STK,5688,INE731A01020,ARCHIES,EQ,,,,,ARCHIES LTD,12.24,12.50,12.21,12.25,12.25,12.21,,12.25,,,2882,35370.49,47,F1,1,,,,,
2026-09-17,2026-09-17,CM,NSE,STK,764598,INE372M01010,ARCL,EQ,,,,,ARCL ORGANICS LTD.,274.16,280.70,260.46,260.57,260.46,274.16,,260.55,,,2875,763279.93,178,F1,1,,,,,
2026-09-17,2026-09-17,CM,NSE,STK,764480,INE0XNF01022,ARDEE,EQ,,,,,ARDEE INDUSTRIES LIMITED,47.27,49.39,47.26,48.97,48.70,47.42,,48.97,,,3049502,148368929.47,14510,F1,1,,,,,
2026-09-17,2026-09-17,CM,NSE,STK,758700,INE784R01023,ARFIN,EQ,,,,,ARFIN INDIA LIMITED,81.57,89.00,81.57,87.88,87.95,82.68,,87.89,,,1169295,100503250.83,8787,F1,1,,,,,
2026-09-17,2026-09-17,CM,NSE,STK,13092,INE0L2Y01011,ARHAM,SM,,,,,ARHAM TECHNOLOGIES LTD,205.00,211.90,200.05,209.35,208.05,202.25,,209.35,,,40000,8324650.00,32,F1,1000,,,,,
2026-09-17,2026-09-17,CM,NSE,STK,15208,INE298I01015,ARIES,BE,,,,,ARIES AGRO LTD.,480.60,487.90,470.00,477.60,481.00,480.70,,477.69,,,7757,3707041.70,214,F1,1,,,,,
2026-09-17,2026-09-17,CM,NSE,STK,13340,INE0NCC01015,ARIHANTACA,SM,,,,,ARIHANT ACADEMY LIMITED,495.00,500.00,495.00,500.00,500.00,498.75,,500.00,,,31600,15796380.00,15,F1,400,,,,,
2026-09-17,2026-09-17,CM,NSE,STK,3813,INE420B01036,ARIHANTCAP,EQ,,,,,ARIHANT CAPITAL MKTS LTD,80.45,81.80,79.56,81.21,81.51,80.45,,81.21,,,174109,14071691.50,2090,F1,1,,,,,
2026-09-17,2026-09-17,CM,NSE,STK,13885,INE413D01011,ARIHANT,EQ,,,,,ARIHANT FOUN & HOU LTD,857.65,928.95,842.20,896.70,899.00,862.25,,896.76,,,9571,8495257.30,230,F1,1,,,,,
2026-09-17,2026-09-17,CM,NSE,STK,20159,INE643K01018,ARIHANTSUP,EQ,,,,,ARIHANT SUPERSTRUCT LTD,220.00,231.00,220.00,228.95,228.95,220.45,,228.95,,,4549,1019607.80,125,F1,1,,,,,
2026-09-17,2026-09-17,CM,NSE,STK,757614,INE0H9P01028,ARIS,EQ,,,,,ARISINFRA SOLUTIONS LTD,116.54,129.28,116.54,127.27,127.90,116.53,,127.20,,,3458491,432863785.01,18860,F1,1,,,,,
2026-09-17,2026-09-17,CM,NSE,STK,25398,INE0QRL01017,ARKADE,EQ,,,,,ARKADE DEVELOPERS LIMITED,116.66,124.00,116.10,117.22,116.90,115.76,,117.23,,,465763,55847686.47,5832,F1,1,,,,,
2026-09-17,2026-09-17,CM,NSE,STK,17263,INE109C01017,ARMANFIN,EQ,,,,,ARMAN FIN SERV LTD,1873.40,1964.70,1861.20,1956.40,1952.70,1873.50,,1956.55,,,20680,39836253.80,3450,F1,1,,,,,
2026-09-17,2026-09-17,CM,NSE,STK,760752,INE0TZX01019,ARMOUR,ST,,,,,ARMOUR SECURITY (INDIA) L,16.70,16.70,16.60,16.60,16.60,17.45,,16.60,,,6000,99900.00,3,F1,2000,,,,,
2026-09-17,2026-09-17,CM,NSE,STK,14557,INE210C01013,AROGRANITE,EQ,,,,,ARO GRANITE IND. LTD.,23.80,23.80,22.04,23.10,22.50,22.55,,23.10,,,3094,70827.29,93,F1,1,,,,,
2026-09-17,2026-09-17,CM,NSE,STK,9260,INE570D01018,ARROWGREEN,EQ,,,,,ARROW GREENTECH LIMITED,913.95,929.95,892.70,902.50,899.00,907.45,,902.42,,,57165,51817806.20,5027,F1,1,,,,,
2026-09-17,2026-09-17,CM,NSE,STK,29015,INE968D01022,ARSHIYA,BZ,,,,,ARSHIYA LIMITED,0.76,0.79,0.74,0.74,0.74,0.77,,0.74,,,131100,98149.16,92,F1,1,,,,,
2026-09-17,2026-09-17,CM,NSE,STK,6156,INE738V01013,ARTNIRMAN,EQ,,,,,ART NIRMAN LIMITED,39.60,40.97,39.13,40.57,40.74,39.97,,40.57,,,553,22472.19,18,F1,1,,,,,
2026-09-17,2026-09-17,CM,NSE,STK,761330,INE757T01025,AEPL,EQ,,,,,ARTEMIS ELECTRICALS & P L,16.00,16.49,15.15,15.78,15.69,15.87,,15.78,,,34015,541263.33,173,F1,1,,,,,
2026-09-17,2026-09-17,CM,NSE,STK,16913,INE025R01021,ARTEMISMED,EQ,,,,,ARTEMIS MED SERVICE LTD,324.90,338.80,324.25,330.85,331.90,325.25,,330.86,,,283121,94376576.80,13763,F1,1,,,,,
2026-09-17,2026-09-17,CM,NSE,STK,2814,INE006Z01016,ARVEE,EQ,,,,,ARVEE LABORATORIES I LTD,166.20,179.00,166.20,172.08,171.00,168.27,,172.08,,,3058,532466.08,123,F1,1,,,,,
2026-09-17,2026-09-17,CM,NSE,STK,9111,INE955V01021,ARVINDFASN,EQ,,,,,ARVIND FASHIONS LIMITED,419.70,428.80,413.75,425.05,426.20,416.35,,424.99,,,160096,67446147.50,18023,F1,1,,,,,
2026-09-17,2026-09-17,CM,NSE,STK,193,INE034A01011,ARVIND,EQ,,,,,ARVIND LIMITED,547.90,554.95,540.00,541.60,541.00,548.05,,541.60,,,826176,451400027.00,60499,F1,1,,,,,
2026-09-17,2026-09-17,CM,NSE,STK,19579,INE0P4T01013,ARVINDPORT,SM,,,,,ARVIND PORT AND INFRA LTD,37.70,39.65,37.70,39.60,39.65,38.80,,39.60,,,57000,2242500.00,37,F1,1500,,,,,
2026-09-17,2026-09-17,CM,NSE,STK,10457,INE034S01021,ARVSMART,EQ,,,,,ARVIND SMARTSPACES LTD,550.00,560.15,548.05,553.45,556.00,549.20,,553.46,,,32980,18304239.00,1666,F1,1,,,,,
2026-09-17,2026-09-17,CM,NSE,STK,764603,INE032E01017,ARYAMAN,EQ,,,,,ARYAMAN FINANCIAL SERV L,610.00,610.00,610.00,610.00,610.00,610.00,,611.30,,,38,23180.00,2,F1,1,,,,,
2026-09-17,2026-09-17,CM,NSE,STK,5378,INE439A01020,ASAHIINDIA,EQ,,,,,ASAHI INDIA GLASS LIMITED,952.00,959.20,950.00,950.70,951.00,951.80,,950.64,,,44007,41909971.35,3750,F1,1,,,,,
2026-09-17,2026-09-17,CM,NSE,STK,25092,INE228I01012,ASAHISONG,BE,,,,,ASAHI SONGWON COLOR LTD,352.00,365.30,352.00,365.15,365.30,347.95,,365.17,,,8168,2969068.95,183,F1,1,,,,,
2026-09-17,2026-09-17,CM,NSE,STK,15001,INE08KD01015,ASCOM,SM,,,,,ASCOM LEASIN & INVEST LTD,207.80,207.90,207.80,207.90,207.90,210.90,,207.90,,,3000,623500.00,2,F1,500,,,,,
2026-09-17,2026-09-17,CM,NSE,STK,24711,INE0LAA01017,ASHALOG,SM,,,,,ASHAPURA LOGISTICS LTD,60.05,60.05,60.00,60.05,60.05,59.95,,60.05,,,4000,240100.00,3,F1,1000,,,,,
2026-09-17,2026-09-17,CM,NSE,STK,203,INE348A01023,ASHAPURMIN,EQ,,,,,ASHAPURA MINECHEM LTD,517.00,528.20,513.50,517.60,517.75,515.70,,517.60,,,229538,119228270.35,9038,F1,1,,,,,
2026-09-17,2026-09-17,CM,NSE,STK,24403,INE365D01021,ASHIANA,EQ,,,,,ASHIANA HOUSING LTD,348.35,357.00,346.65,351.45,350.30,348.35,,351.45,,,30671,10794930.55,933,F1,1,,,,,
2026-09-17,2026-09-17,CM,NSE,STK,762551,INE094B01013,ASHIKAG,BE,,,,,ASHIKA GLOBAL SEC LTD,409.00,418.60,401.00,408.30,409.95,407.05,,408.30,,,17524,7104597.15,125,F1,1,,,,,
2026-09-17,2026-09-17,CM,NSE,STK,206,INE440A01010,ASHIMASYN,EQ,,,,,ASHIMA LTD,16.29,16.78,15.95,16.12,16.25,16.29,,16.12,,,185375,3014939.82,368,F1,1,,,,,
2026-09-17,2026-09-17,CM,NSE,STK,212,INE208A01029,ASHOKLEY,EQ,,,,,ASHOK LEYLAND LTD,156.89,159.64,156.08,158.62,158.62,156.50,,158.63,,,8725516,1384147309.18,68529,F1,1,,,,,
2026-09-17,2026-09-17,CM,NSE,STK,20182,INE442H01029,ASHOKA,EQ,,,,,ASHOKA BUILDCON LTD,108.50,109.87,108.10,108.80,109.00,108.76,,108.80,,,515340,56157975.58,8390,F1,1,,,,,
2026-09-17,2026-09-17,CM,NSE,STK,16943,INE760Y01011,ASHOKAMET,EQ,,,,,ASHOKA METCAST LIMITED,14.79,15.74,14.50,14.60,14.55,14.50,,14.60,,,123392,1853352.22,668,F1,1,,,,,
2026-09-17,2026-09-17,CM,NSE,STK,765576,INE19FR01012,ASHUTOSH,ST,,,,,ASHUTOSH FIBRE LIMITED,150.00,150.00,143.10,148.60,147.00,150.60,,148.60,,,142800,20917740.00,100,F1,1200,,,,,
2026-09-17,2026-09-17,CM,NSE,STK,760418,INE1A6Q01010,ASHWINI,SM,,,,,ASHWINI CONTAINER MOVER L,170.30,170.30,167.50,167.50,167.50,172.00,,167.50,,,3000,505800.00,3,F1,1000,,,,,
2026-09-17,2026-09-17,CM,NSE,STK,7030,INE276G01015,ASIANENE,EQ,,,,,ASIAN ENERGY SERVICES LTD,493.10,496.25,478.05,486.20,489.00,494.10,,486.20,,,272757,132794753.15,12200,F1,1,,,,,
2026-09-17,2026-09-17,CM,NSE,STK,14889,INE022I01019,ASIANTILES,EQ,,,,,ASIAN GRANITO IND. LTD.,49.50,50.30,49.36,49.97,49.92,49.93,,49.97,,,1588966,79297052.58,5152,F1,1,,,,,
2026-09-17,2026-09-17,CM,NSE,STK,19438,INE926K01017,AHLEAST,EQ,,,,,ASIAN HOTELS (EAST) LTD,137.05,137.89,134.70,134.97,134.70,136.06,,134.97,,,690,93274.19,24,F1,1,,,,,
2026-09-17,2026-09-17,CM,NSE,STK,18422,INE363A01022,ASIANHOTNR,EQ,,,,,ASIAN HOTELS (NORTH) LTD,393.95,395.00,371.10,375.80,371.20,388.55,,375.80,,,8769,3384327.65,559,F1,1,,,,,
2026-09-17,2026-09-17,CM,NSE,STK,19370,INE915K01010,AHLWEST,BE,,,,,ASIAN HOTELS (WEST) LTD,549.90,557.00,508.20,551.95,551.95,530.65,,551.95,,,1720,948674.55,38,F1,1,,,,,
2026-09-17,2026-09-17,CM,NSE,STK,12220,INE021A01026,ASIANPAINT,BL,,,,,ASIAN PAINTS LIMITED,2440.00,2440.00,2440.00,2440.00,2440.00,2661.20,,2440.00,,,164000,400160000.00,1,F1,999999999,,,,,
2026-09-17,2026-09-17,CM,NSE,STK,236,INE021A01026,ASIANPAINT,EQ,,,,,ASIAN PAINTS LIMITED,2424.00,2454.00,2421.00,2454.00,2454.00,2416.60,,2454.00,,,486007,1185136206.80,40763,F1,1,,,,,
2026-09-17,2026-09-17,CM,NSE,STK,762553,INE194D01017,ASTAR,EQ,,,,,ASIAN STAR CO. LTD.,598.00,672.80,597.95,672.80,672.80,560.70,,674.74,,,1394,919507.90,108,F1,1,,,,,
2026-09-17,2026-09-17,CM,NSE,STK,765025,INE822B01017,ASIANTNE,EQ,,,,,ASIAN TEA & EXPORTS LTD.,9.70,9.70,9.00,9.34,9.49,9.19,,9.33,,,11943,112859.49,87,F1,1,,,,,
2026-09-17,2026-09-17,CM,NSE,STK,20152,INE491J01022,ASKAUTOLTD,EQ,,,,,ASK AUTOMOTIVE LIMITED,623.55,629.90,615.85,618.90,620.90,617.90,,618.91,,,154115,95672237.20,8684,F1,1,,,,,
2026-09-17,2026-09-17,CM,NSE,STK,17270,INE991I01015,ASPINWALL,EQ,,,,,ASPINWALL & CO LTD,251.60,255.00,251.60,255.00,255.00,250.30,,255.00,,,25,6325.75,6,F1,1,,,,,
2026-09-17,2026-09-17,CM,NSE,STK,765989,INE961U07010,1050ASPL27,N0,,,,,ASPL 10.50% 2027,8000.00,8000.00,8000.00,8000.00,8000.00,10000.00,,8000.00,,,1,8000.00,1,F1,1,,,,,
2026-09-17,2026-09-17,CM,NSE,STK,765237,INE165G01010,ASSAMENT,EQ,,,,,ASSAM ENTRADE LIMITED,750.00,780.00,750.00,780.00,780.00,785.65,,780.00,,,7,5280.00,3,F1,1,,,,,
2026-09-17,2026-09-17,CM,NSE,STK,766072,INE148G01016,ARCIL,EQ,,,,,ASSET RECONSTRUC CO (I) L,139.00,141.50,130.73,137.02,137.15,139.00,,137.02,,,31012257,4255022566.46,261347,F1,1,,,,,
2026-09-17,2026-09-17,CM,NSE,STK,17598,INE073G01016,ASALCBR,EQ,,,,,ASSO ALCOHOLS & BREW LTD,650.00,664.45,649.00,656.95,660.90,649.55,,657.04,,,12411,8125660.10,1573,F1,1,,,,,
2026-09-17,2026-09-17,CM,NSE,STK,17728,INE563J01010,ASTEC,EQ,,,,,ASTEC LIFESCIENCES LTD,665.00,779.40,661.55,755.15,750.85,661.95,,755.16,,,994540,746072346.80,41600,F1,1,,,,,
2026-09-17,2026-09-17,CM,NSE,STK,1508,INE914M01019,ASTERDM,EQ,,,,,ASTER DM QUALITY CARE LTD,745.00,764.40,738.05,760.65,762.10,741.20,,760.65,,,634636,481397289.00,37986,F1,1,,,,,
2026-09-17,2026-09-17,CM,NSE,STK,11618,INE386C01029,ASTRAMICRO,EQ,,,,,ASTRA MICROWAVE LTD,1611.00,1635.00,1599.00,1607.80,1615.10,1621.90,,1607.82,,,186113,300305050.60,18004,F1,1,,,,,
2026-09-17,2026-09-17,CM,NSE,STK,14418,INE006I01046,ASTRAL,EQ,,,,,ASTRAL LIMITED,1370.10,1401.00,1355.00,1398.90,1398.90,1382.50,,1398.85,,,473351,656945193.50,34936,F1,1,,,,,
2026-09-17,2026-09-17,CM,NSE,STK,5610,INE203A01020,ASTRAZEN,EQ,,,,,ASTRAZENECA PHARMA IND LT,6700.00,6753.00,6655.00,6669.00,6660.00,6703.00,,6669.40,,,2004,13391603.50,764,F1,1,,,,,
2026-09-17,2026-09-17,CM,NSE,STK,764445,INE646X01014,ASTRON,BZ,,,,,ASTRON PAPER BORD MIL LTD,2.94,2.99,2.94,2.97,2.99,2.94,,2.97,,,5615,16750.63,33,F1,1,,,,,
2026-09-17,2026-09-17,CM,NSE,STK,15649,INE0ALR01029,ATALREAL,EQ,,,,,ATAL REALTECH LIMITED,14.45,15.88,14.43,15.87,15.88,14.44,,15.87,,,11339363,173155733.49,6295,F1,1,,,,,
2026-09-17,2026-09-17,CM,NSE,STK,15404,INE09KD01013,ATAM,EQ,,,,,ATAM VALVES LIMITED,62.99,63.95,59.00,59.29,59.50,62.15,,59.28,,,40892,2500938.04,866,F1,1,,,,,
2026-09-17,2026-09-17,CM,NSE,STK,756405,INE0V0Q01019,ATCENERGY,ST,,,,,ATC ENERGIES SYSTEM LTD,21.00,21.00,21.00,21.00,21.00,21.00,,21.00,,,1200,25200.00,1,F1,1200,,,,,
2026-09-17,2026-09-17,CM,NSE,STK,757645,INE0LEZ01016,ATHERENERG,EQ,,,,,ATHER ENERGY LIMITED,1550.00,1567.40,1528.00,1550.00,1550.00,1567.50,,1550.00,,,2513489,3894798876.60,73736,F1,1,,,,,
2026-09-17,2026-09-17,CM,NSE,STK,760953,IN90NN701011,ATLPP,E1,,,,,ATL RE.0.50 PPD UP,8.95,9.59,8.77,8.95,8.77,9.50,,8.96,,,7784,69284.45,30,F1,1,,,,,
2026-09-17,2026-09-17,CM,NSE,STK,759007,INE0Z4F01028,ATLANTAELE,EQ,,,,,ATLANTA ELECTRICALS LTD,1659.00,1693.40,1614.90,1633.30,1643.00,1655.00,,1633.34,,,91935,151001635.50,9801,F1,1,,,,,
2026-09-17,2026-09-17,CM,NSE,STK,13585,INE285H01022,ATLANTAA,EQ,,,,,ATLANTAA LIMITED,35.90,37.00,35.90,36.21,36.21,36.46,,36.21,,,20250,731250.11,563,F1,1,,,,,
2026-09-17,2026-09-17,CM,NSE,STK,4568,INE446A01025,ATLASCYCLE,EQ,,,,,ATLAS CYCLE (HARYANA) LTD,92.35,92.90,86.10,89.76,89.02,92.35,,89.61,,,14880,1350635.16,349,F1,1,,,,,
2026-09-17,2026-09-17,CM,NSE,STK,22785,INE05DH01017,ATMASTCO,SM,,,,,ATMASTCO LIMITED,124.00,129.30,121.00,128.50,129.30,123.35,,128.50,,,20000,2530060.00,45,F1,400,,,,,
2026-09-17,2026-09-17,CM,NSE,STK,30023,INE951D01028,ATULAUTO,EQ,,,,,ATUL AUTO LIMITED,438.00,443.55,435.40,441.40,441.50,436.40,,441.40,,,52150,22985290.10,2678,F1,1,,,,,
2026-09-17,2026-09-17,CM,NSE,STK,263,INE100A01010,ATUL,EQ,,,,,ATUL LTD,6070.00,6156.00,6045.00,6133.50,6148.50,6076.00,,6130.43,,,26048,158809800.00,5541,F1,1,,,,,
2026-09-17,2026-09-17,CM,NSE,STK,21238,INE949L01017,AUBANK,EQ,,,,,AU SMALL FINANCE BANK LTD,1026.20,1048.00,1026.20,1039.30,1039.30,1033.20,,1039.30,,,770876,800718049.20,29615,F1,1,,,,,
2026-09-17,2026-09-17,CM,NSE,STK,765451,INE16W401027,AUGMONT,EQ,,,,,AUGMONT ENTERPRISES LTD,835.00,844.20,806.05,811.10,808.90,833.05,,811.12,,,441991,362930711.75,15938,F1,1,,,,,
2026-09-17,2026-09-17,CM,NSE,STK,12022,INE132H01018,AURIONPRO,EQ,,,,,AURIONPRO SOLN LTD,687.00,709.20,686.85,705.00,702.00,688.00,,704.99,,,83799,58761595.00,4674,F1,1,,,,,
2026-09-17,2026-09-17,CM,NSE,STK,15869,INE0NUL01018,AUROIMPEX,SM,,,,,AURO IMPEX & CHEMICALS L,32.15,32.15,32.15,32.15,32.15,30.65,,32.15,,,4800,154320.00,3,F1,1600,,,,,
2026-09-17,2026-09-17,CM,NSE,STK,275,INE406A01037,AUROPHARMA,EQ,,,,,AUROBINDO PHARMA LTD,1634.00,1692.30,1634.00,1690.00,1690.00,1643.00,,1690.00,,,758827,1273292358.50,40310,F1,1,,,,,
2026-09-17,2026-09-17,CM,NSE,STK,10310,INE898S01029,AURUM,EQ,,,,,AURUM PROPTECH LIMITED,217.20,222.72,217.20,221.11,219.50,219.81,,221.10,,,67079,14812915.93,1802,F1,1,,,,,
2026-09-17,2026-09-17,CM,NSE,STK,31468,INE142K01011,AURUS,EQ,,,,,AURUS GEM CORP LIMITED,4.90,4.98,4.70,4.72,4.73,4.83,,4.72,,,24075,113952.63,191,F1,1,,,,,
2026-09-17,2026-09-17,CM,NSE,STK,4037,INE218C01016,AUSOMENT,EQ,,,,,AUSOM ENTERPRISE LIMITED,155.00,155.00,146.51,149.23,149.05,149.90,,150.38,,,259,38406.35,56,F1,1,,,,,
2026-09-17,2026-09-17,CM,NSE,STK,764608,INE759F01012,AUSTENG,EQ,,,,,AUSTIN ENGINEERING CO. L,129.48,134.99,124.20,127.71,129.85,126.95,,127.17,,,4765,617596.12,102,F1,1,,,,,
2026-09-17,2026-09-17,CM,NSE,STK,21451,INE0P0001010,APS,SM,,,,,AUSTRALIAN PREM SOLAR I L,230.75,233.90,229.00,230.05,230.00,230.75,,230.05,,,7000,1614475.00,26,F1,250,,,,,
2026-09-17,2026-09-17,CM,NSE,STK,23553,INE206F01022,AIIL,EQ,,,,,AUTHUM INVEST & INFRA LTD,528.10,537.50,524.15,527.20,534.00,528.95,,527.20,,,130987,69513119.85,10298,F1,1,,,,,
2026-09-17,2026-09-17,CM,NSE,STK,14106,INE718H01014,AUTOIND,EQ,,,,,AUTOLINE INDUSTRIES LTD,78.20,79.55,77.50,78.10,78.00,77.50,,78.10,,,100703,7910346.89,2060,F1,1,,,,,
2026-09-17,2026-09-17,CM,NSE,STK,764558,INE451C01013,ACGL,EQ,,,,,AUTOMOBILE CORPN OF GOA L,1795.00,1795.00,1726.00,1774.00,1789.80,1769.40,,1774.00,,,343,607128.30,79,F1,1,,,,,
2026-09-17,2026-09-17,CM,NSE,STK,278,INE449A01011,AUTOAXLES,EQ,,,,,AUTOMOTIVE AXLES LIMITED,1663.10,1694.40,1659.90,1679.40,1686.00,1659.00,,1679.41,,,5723,9605556.60,491,F1,1,,,,,
2026-09-17,2026-09-17,CM,NSE,STK,10634,INE900C01027,ASAL,EQ,,,,,AUTOMOTIVE STAMPINGS & AS,442.45,452.90,442.45,445.85,445.20,444.55,,445.87,,,6067,2712033.75,295,F1,1,,,,,
2026-09-17,2026-09-17,CM,NSE,STK,21406,INE349W01017,AVADHSUGAR,EQ,,,,,AVADH SUG & ENERGY LTD,729.00,729.00,715.00,721.00,725.80,726.20,,720.92,,,55363,39978832.50,3208,F1,1,,,,,
2026-09-17,2026-09-17,CM,NSE,STK,15058,INE0LCL01028,AVALON,EQ,,,,,AVALON TECHNOLOGIES LTD,2256.00,2305.00,2204.30,2230.00,2234.10,2216.10,,2230.07,,,364163,820105010.00,42954,F1,1,,,,,
2026-09-17,2026-09-17,CM,NSE,STK,760736,INE1KU201016,AVANA,ST,,,,,AVANA ELECTROSYSTEMS LTD,134.05,137.00,134.05,137.00,137.00,138.50,,137.00,,,10000,1352200.00,5,F1,2000,,,,,
2026-09-17,2026-09-17,CM,NSE,STK,765030,INE758A01072,AVANCE,EQ,,,,,AVANCE TECHNOLOGIES LTD.,0.79,0.80,0.78,0.78,0.78,0.79,,0.78,,,4211615,3318353.79,1540,F1,1,,,,,
2026-09-17,2026-09-17,CM,NSE,STK,24610,INE005B01027,AVANTEL,EQ,,,,,AVANTEL LIMITED,141.85,146.85,141.85,146.37,146.00,141.89,,146.35,,,714144,103783052.84,10202,F1,1,,,,,
2026-09-17,2026-09-17,CM,NSE,STK,7936,INE871C01038,AVANTIFEED,EQ,,,,,AVANTI FEEDS LIMITED,770.35,779.40,760.00,770.85,772.20,770.35,,770.85,,,197289,151999435.80,16858,F1,1,,,,,
2026-09-17,2026-09-17,CM,NSE,STK,20503,INE617I01024,AVATAR,ST,,,,,AVATAR INDUSTRIES LIMITED,218.45,218.45,218.45,218.45,218.45,229.90,,218.45,,,2000,436900.00,1,F1,2000,,,,,
2026-09-17,2026-09-17,CM,NSE,STK,19913,INE192R01011,DMART,EQ,,,,,AVENUE SUPERMARTS LIMITED,3700.10,3759.00,3700.10,3711.20,3711.20,3720.00,,3711.21,,,381790,1425222600.10,24600,F1,1,,,,,
2026-09-17,2026-09-17,CM,NSE,STK,16249,INE483S01020,CCAVENUE,EQ,,,,,AVENUESAI LIMITED,15.32,16.86,15.26,16.32,16.32,15.32,,16.32,,,46480923,756656157.70,141618,F1,1,,,,,
2026-09-17,2026-09-17,CM,NSE,STK,15638,INE680Z01018,AVG,BE,,,,,AVG LOGISTICS LIMITED,163.73,171.00,163.73,170.50,170.50,163.75,,170.50,,,5150,868646.43,63,F1,1,,,,,
2026-09-17,2026-09-17,CM,NSE,STK,25520,INE0TFB01017,AVIANSH,SM,,,,,AVI ANSH TEXTILE LIMITED,102.00,102.50,102.00,102.50,102.50,101.50,,102.50,,,2000,204500.00,2,F1,1000,,,,,
2026-09-17,2026-09-17,CM,NSE,STK,755092,INE0V9I01017,AVIENCE,SM,,,,,AVIENCE BIOMEDICALS LTD,337.45,340.10,320.00,334.80,334.95,337.45,,334.80,,,49200,16217850.00,73,F1,600,,,,,
2026-09-17,2026-09-17,CM,NSE,STK,14069,INE855F01042,ASMS,BE,,,,,AVIO SMART MRKT STACK LTD,6.94,6.94,6.52,6.70,6.75,6.86,,6.75,,,176848,1182263.88,412,F1,1,,,,,
2026-09-17,2026-09-17,CM,NSE,STK,13557,INE323B01024,AVONMORE,EQ,,,,,AVONMORE CAP&MGT SERV LTD,13.40,13.40,11.76,12.02,12.20,13.06,,12.02,,,703372,8661992.56,2611,F1,1,,,,,
2026-09-17,2026-09-17,CM,NSE,STK,23159,INE0R9401019,AVPINFRA,SM,,,,,AVP INFRACON LIMITED,56.00,58.45,56.00,57.80,57.80,56.90,,57.80,,,17600,1002840.00,19,F1,800,,,,,
2026-09-17,2026-09-17,CM,NSE,STK,8827,INE652Z01025,AVROIND,EQ,,,,,AVRO INDIA LIMITED,8.00,8.00,7.62,7.84,7.92,7.92,,7.90,,,106822,836644.88,452,F1,1,,,,,
2026-09-17,2026-09-17,CM,NSE,STK,14008,INE488D01021,AVTNPL,EQ,,,,,AVT NATURAL PRODUCTS LTD,85.72,87.17,85.02,85.45,85.50,85.72,,85.45,,,54208,4651471.62,1163,F1,1,,,,,
2026-09-17,2026-09-17,CM,NSE,STK,23864,INE108V01019,AWFIS,EQ,,,,,AWFIS SPACE SOLUTIONS LTD,270.30,274.15,263.10,264.70,264.90,271.10,,264.70,,,363518,97351497.95,9694,F1,1,,,,,
2026-09-17,2026-09-17,CM,NSE,STK,8110,INE699H01024,AWL,EQ,,,,,AWL AGRI BUSINESS LIMITED,185.00,187.75,182.53,184.04,183.60,181.94,,184.04,,,2242291,413760270.75,32417,F1,1,,,,,
2026-09-17,2026-09-17,CM,NSE,STK,5900,INE238A01034,AXISBANK,EQ,,,,,AXIS BANK LIMITED,1238.00,1257.60,1233.00,1240.00,1240.00,1241.00,,1239.36,,,4413665,5507035023.40,124164,F1,1,,,,,
2026-09-17,2026-09-17,CM,NSE,STK,765499,INF846KA1598,ENERGYAXIS,EQ,,,,,AXISAMC - ENERGYAXIS,19.08,19.08,18.69,18.76,18.76,18.71,,18.76,,,22143,414978.84,74,F1,1,,,,,
2026-09-17,2026-09-17,CM,NSE,STK,1044,INF846K01X63,BNKETFAXIS,EQ,,,,,AXISAMC-BNKETFAXIS,582.58,582.58,579.75,580.22,580.10,579.81,,580.22,,,592,343920.81,20,F1,1,,,,,
2026-09-17,2026-09-17,CM,NSE,STK,5732,INF846K016C7,CONSUMAXIS,EQ,,,,,AXISAMC-CONSUMAXIS,117.03,118.11,117.03,118.06,118.11,117.03,,118.06,,,260,30660.81,12,F1,1,,,,,
2026-09-17,2026-09-17,CM,NSE,STK,20532,INF846K01W80,GOLDAXIS,EQ,,,,,AXISAMC-GOLDAXIS,125.39,125.84,124.45,125.24,125.22,125.92,,125.24,,,2563650,320119382.29,4045,F1,1,,,,,
2026-09-17,2026-09-17,CM,NSE,STK,3608,INF846K01Z12,HEALTHAXIS,EQ,,,,,AXISAMC-HEALTHAXIS,165.48,168.22,165.48,167.94,167.94,165.48,,167.94,,,2855,477483.97,57,F1,1,,,,,
2026-09-17,2026-09-17,CM,NSE,STK,3010,INF846K01Y96,ITAXIS,EQ,,,,,AXISAMC-ITAXIS,319.00,323.17,318.10,320.02,318.10,320.41,,320.02,,,609,195008.91,37,F1,1,,,,,
2026-09-17,2026-09-17,CM,NSE,STK,21252,INF846K01W98,NIFTYAXIS,EQ,,,,,AXISAMC-NIFTYAXIS,256.12,259.13,256.12,258.41,258.50,257.65,,258.41,,,9997,2581466.54,193,F1,1,,,,,
2026-09-17,2026-09-17,CM,NSE,STK,14742,INF846K010Q0,SENSEXAXIS,EQ,,,,,AXISAMC-SENSEXAXIS,77.33,77.60,77.05,77.44,77.25,77.33,,77.47,,,602,46598.14,41,F1,1,,,,,
2026-09-17,2026-09-17,CM,NSE,STK,11193,INF846K011K1,SILVERAXIS,EQ,,,,,AXISAMC-SILVERAXIS,225.10,226.37,223.71,225.27,225.46,227.04,,225.27,,,265264,59786453.26,1806,F1,1,,,,,
2026-09-17,2026-09-17,CM,NSE,STK,30155,INF846KA1119,VALUEAXIS,EQ,,,,,AXISAMC-VALUEAXIS,32.11,32.20,31.94,32.03,32.00,31.96,,32.03,,,40405,1294997.29,252,F1,1,,,,,
2026-09-17,2026-09-17,CM,NSE,STK,9436,INE555B01013,AXISCADES,EQ,,,,,AXISCADES TECH LTD,1699.00,1852.90,1699.00,1852.30,1852.90,1684.50,,1852.41,,,443978,809197206.80,20449,F1,1,,,,,
2026-09-17,2026-09-17,CM,NSE,STK,9902,INE02EZ01022,AXITA,EQ,,,,,AXITA COTTON LIMITED,8.03,8.09,7.99,7.99,8.00,7.99,,7.99,,,347239,2783550.20,694,F1,1,,,,,
2026-09-17,2026-09-17,CM,NSE,STK,764613,INE767C01012,AXTEL,EQ,,,,,AXTEL INDUSTRIES LTD.,434.90,444.00,424.15,443.65,442.00,435.10,,443.59,,,10817,4721432.65,377,F1,1,,,,,
2026-09-17,2026-09-17,CM,NSE,STK,760981,INE501X01029,AYE,EQ,,,,,AYE FINANCE LIMITED,180.80,187.47,179.07,180.98,179.56,180.12,,180.98,,,727376,133443242.68,22454,F1,1,,,,,
2026-09-17,2026-09-17,CM,NSE,STK,10285,INE193B01039,AYMSYNTEX,EQ,,,,,AYM SYNTEX LIMITED,267.90,286.90,267.90,281.95,280.00,270.80,,281.95,,,97359,26863486.15,4939,F1,1,,,,,
2026-09-17,2026-09-17,CM,NSE,STK,20905,INE02IJ01035,AZAD,EQ,,,,,AZAD ENGINEERING LIMITED,2581.70,2672.80,2575.30,2605.30,2616.00,2581.70,,2605.36,,,423182,1110396559.00,35466,F1,1,,,,,
2026-09-17,2026-09-17,CM,NSE,STK,765035,INE566M01017,AZADIND,EQ,,,,,AZAD INDIA MOBILITY LTD.,84.36,87.16,84.00,85.07,86.00,84.36,,85.14,,,13237,1128017.09,344,F1,1,,,,,
2026-09-17,2026-09-17,CM,NSE,STK,12153,INE01EE01011,BBTCL,EQ,,,,,B&B TRIPLEWALL CONT LTD,229.90,237.00,223.00,230.63,230.00,224.00,,230.63,,,11723,2731432.76,408,F1,1,,,,,
2026-09-17,2026-09-17,CM,NSE,STK,11226,INE116D01028,BAGFILMS,EQ,,,,,B.A.G FILMS AND MEDIA LTD,4.39,4.44,4.31,4.32,4.31,4.36,,4.32,,,20056,87235.14,173,F1,1,,,,,
2026-09-17,2026-09-17,CM,NSE,STK,759420,INE17CQ01015,BAGDIGITAL,SM,,,,,B.A.G.CONVERGENCE LIMITED,101.00,106.50,100.00,105.80,105.80,103.00,,105.80,,,11200,1165760.00,7,F1,1600,,,,,
2026-09-17,2026-09-17,CM,NSE,STK,13290,INE350H01032,BLKASHYAP,EQ,,,,,B.L.KASHYAP & SON LTD,50.84,53.70,50.84,52.87,52.50,51.33,,52.87,,,468020,24655440.30,2942,F1,1,,,,,
2026-09-17,2026-09-17,CM,NSE,STK,25114,INE01FR01028,STYLEBAAZA,EQ,,,,,BAAZAR STYLE RETAIL LTD,372.00,390.90,369.45,388.05,390.00,372.30,,388.14,,,1409608,536453259.50,11773,F1,1,,,,,
2026-09-17,2026-09-17,CM,NSE,STK,20141,INE0QW501012,BABAFP,SM,,,,,BABA FOOD PROCESSING,23.00,23.95,23.00,23.95,23.95,24.15,,23.95,,,3200,75120.00,2,F1,1600,,,,,
2026-09-17,2026-09-17,CM,NSE,STK,17735,INE878I01022,BAFNAPH,BE,,,,,BAFNA PHARMACEUTICALS LTD,315.00,315.15,310.00,311.00,311.00,309.00,,316.20,,,12918,4017875.65,52,F1,1,,,,,
2026-09-17,2026-09-17,CM,NSE,STK,763363,INE2OVN25015,BAGMANE,RR,,,,,BAGMANE PRIME OFFICE REIT,110.59,111.40,109.80,109.89,109.83,109.90,,109.89,,,1138404,125607776.56,11029,F1,1,,,,,
2026-09-17,2026-09-17,CM,NSE,STK,12989,INE029Q01017,BAHETI,SM,,,,,BAHETI RECYCLING IND LTD,757.95,766.00,740.00,743.80,744.50,744.50,,743.80,,,33750,25214268.75,63,F1,375,,,,,
2026-09-17,2026-09-17,CM,NSE,STK,13794,INE020D01022,BAIDFIN,EQ,,,,,BAID FINSERV LIMITED,10.49,10.59,10.03,10.55,10.59,10.35,,10.52,,,64450,675151.98,295,F1,1,,,,,
2026-09-17,2026-09-17,CM,NSE,STK,16669,INE917I01010,BAJAJ-AUTO,EQ,,,,,BAJAJ AUTO LIMITED,11568.00,11576.00,11435.00,11500.00,11500.00,11593.00,,11500.02,,,129351,1488616833.00,22698,F1,1,,,,,
2026-09-17,2026-09-17,CM,NSE,STK,19531,INE933K01021,BAJAJCON,EQ,,,,,BAJAJ CONSUMER CARE LTD,495.60,511.10,495.60,502.45,502.00,498.05,,502.45,,,304161,153471802.60,15306,F1,1,,,,,
2026-09-17,2026-09-17,CM,NSE,STK,15034,INE193E01025,BAJAJELEC,EQ,,,,,BAJAJ ELECT.LTD,320.25,326.00,320.25,325.30,324.40,322.55,,325.33,,,51365,16640211.65,2639,F1,1,,,,,
2026-09-17,2026-09-17,CM,NSE,STK,317,INE296A01032,BAJFINANCE,EQ,,,,,BAJAJ FINANCE LIMITED,1010.00,1027.90,1010.00,1015.00,1015.00,1006.20,,1015.05,,,4816547,4893134995.00,100275,F1,1,,,,,
2026-09-17,2026-09-17,CM,NSE,STK,16675,INE918I01026,BAJAJFINSV,EQ,,,,,BAJAJ FINSERV LTD.,1837.00,1863.00,1832.10,1859.20,1859.20,1837.00,,1859.82,,,460650,851375663.70,38302,F1,1,,,,,
2026-09-17,2026-09-17,CM,NSE,STK,6863,INE411U01027,BAJAJHCARE,EQ,,,,,BAJAJ HEALTHCARE LIMITED,323.30,333.40,320.40,328.35,328.35,321.10,,328.35,,,140433,46267348.80,4562,F1,1,,,,,
2026-09-17,2026-09-17,CM,NSE,STK,308,INE306A01021,BAJAJHIND,EQ,,,,,BAJAJ HINDUSTHAN SUGAR LT,19.90,19.99,19.32,19.38,19.42,19.81,,19.38,,,12639678,247768255.31,15041,F1,1,,,,,
2026-09-17,2026-09-17,CM,NSE,STK,305,INE118A01012,BAJAJHLDNG,EQ,,,,,BAJAJ HOLDINGS & INVS LTD,10928.00,11066.00,10884.00,11010.00,11010.00,10930.00,,11010.00,,,29620,325984521.00,6132,F1,1,,,,,
2026-09-17,2026-09-17,CM,NSE,STK,25270,INE377Y01014,BAJAJHFL,EQ,,,,,BAJAJ HOUSING FINANCE LTD,82.90,83.51,82.63,82.70,82.71,82.96,,82.70,,,1561540,129491437.52,18443,F1,1,,,,,
2026-09-17,2026-09-17,CM,NSE,STK,762563,INE704G01024,BAJAJST,EQ,,,,,BAJAJ STEEL INDS. LTD.,359.55,359.55,346.20,353.45,352.95,351.65,,353.23,,,2569,907209.00,365,F1,1,,,,,
2026-09-17,2026-09-17,CM,NSE,STK,20531,INE0KQN01018,BAJEL,EQ,,,,,BAJEL PROJECTS LIMITED,167.35,175.19,167.35,173.08,174.00,169.16,,173.09,,,129667,22432853.36,2741,F1,1,,,,,
2026-09-17,2026-09-17,CM,NSE,STK,13441,INE083D01012,BALPHARMA,EQ,,,,,BAL PHARMA LTD.,101.50,106.00,101.00,102.46,101.90,101.33,,102.42,,,40561,4182105.15,621,F1,1,,,,,
2026-09-17,2026-09-17,CM,NSE,STK,14501,INE050E01027,BALAMINES,EQ,,,,,BALAJI AMINES LIMITED,2149.80,2184.00,2125.90,2148.90,2143.00,2149.80,,2148.84,,,86181,185934071.40,11052,F1,1,,,,,
2026-09-17,2026-09-17,CM,NSE,STK,30030,INE0PQ601019,BALAJIPHOS,SM,,,,,BALAJI PHOSPHATES LIMITED,111.00,117.00,111.00,116.95,117.00,113.00,,116.95,,,6000,683900.00,6,F1,1000,,,,,
2026-09-17,2026-09-17,CM,NSE,STK,9158,INE794B01026,BALAJITELE,EQ,,,,,BALAJI TELEFILMS LIMITED.,91.51,98.11,91.10,95.97,95.90,92.10,,95.97,,,500126,48232387.27,7240,F1,1,,,,,
2026-09-17,2026-09-17,CM,NSE,STK,11309,INE618N01022,BALAXI,EQ,,,,,BALAXI PHARMA LTD,23.60,23.60,22.40,23.04,22.99,23.33,,23.04,,,24054,553229.56,175,F1,1,,,,,
2026-09-17,2026-09-17,CM,NSE,STK,335,INE787D01026,BALKRISIND,EQ,,,,,BALKRISHNA IND. LTD,2124.90,2180.00,2120.00,2170.80,2178.70,2124.90,,2170.81,,,216828,466337562.60,26298,F1,1,,,,,
2026-09-17,2026-09-17,CM,NSE,STK,10181,INE875R01011,BALKRISHNA,EQ,,,,,BALKRISHNA PAPER MILLS L,17.00,17.00,16.43,16.66,16.52,16.53,,16.66,,,5403,91347.94,43,F1,1,,,,,
2026-09-17,2026-09-17,CM,NSE,STK,338,INE164A01016,BALMLAWRIE,EQ,,,,,BALMER LAWRIE & CO LTD,161.02,163.69,161.02,162.47,163.51,162.10,,162.48,,,73935,12024440.10,1874,F1,1,,,,,
2026-09-17,2026-09-17,CM,NSE,STK,762603,INE525F01025,BLIL,EQ,,,,,BALMER LAWRIE INVSTS. L,67.88,68.10,67.16,67.62,68.10,67.33,,67.63,,,64913,4386767.45,912,F1,1,,,,,
2026-09-17,2026-09-17,CM,NSE,STK,341,INE119A01028,BALRAMCHIN,EQ,,,,,BALRAMPUR CHINI MILLS LTD,679.00,687.65,671.00,675.70,675.00,682.60,,675.73,,,715266,486609850.05,20462,F1,1,,,,,
2026-09-17,2026-09-17,CM,NSE,STK,23607,INE011E01029,BALUFORGE,EQ,,,,,BALU FORGE INDUSTRIES LTD,484.00,504.70,477.35,501.60,502.40,483.25,,501.60,,,836714,414949628.00,25068,F1,1,,,,,
2026-09-17,2026-09-17,CM,NSE,STK,347,INE655B01011,BANARBEADS,EQ,,,,,BANARAS BEADS LTD,114.40,114.40,110.25,110.54,110.40,109.65,,110.62,,,1036,115348.37,55,F1,1,,,,,
2026-09-17,2026-09-17,CM,NSE,STK,13880,INE213C01025,BANCOINDIA,EQ,,,,,BANCO PRODUCTS (I) LTD,591.00,597.10,587.05,593.05,596.00,593.15,,593.03,,,68674,40645406.85,7115,F1,1,,,,,
2026-09-17,2026-09-17,CM,NSE,STK,2263,INE545U01014,BANDHANBNK,EQ,,,,,BANDHAN BANK LIMITED,172.00,175.00,170.98,171.50,171.50,172.50,,171.50,,,4150818,716449822.52,19495,F1,1,,,,,
2026-09-17,2026-09-17,CM,NSE,STK,760325,INF194KB1KJ7,GOLDBND,EQ,,,,,BANDHANAMC - GOLDBND,151.00,151.03,149.65,150.55,150.49,151.13,,150.55,,,27534,4142113.15,211,F1,1,,,,,
2026-09-17,2026-09-17,CM,NSE,STK,18783,INF194KA1U07,IDFNIFTYET,EQ,,,,,BANDHANAMC - IDFNIFTYET,256.30,258.71,256.30,257.03,257.00,256.51,,257.03,,,1001,257347.35,33,F1,1,,,,,
2026-09-17,2026-09-17,CM,NSE,STK,760328,INF194KB1KI9,SILVERBND,EQ,,,,,BANDHANAMC - SILVERBND,227.58,228.09,226.00,227.01,226.75,229.24,,227.01,,,5427,1229120.72,156,F1,1,,,,,
2026-09-17,2026-09-17,CM,NSE,STK,15303,INE863I01016,BANG,EQ,,,,,BANG OVERSEAS LTD.,32.60,33.97,32.60,33.19,33.25,32.45,,33.19,,,21817,723096.26,253,F1,1,,,,,
2026-09-17,2026-09-17,CM,NSE,STK,4668,INE028A01039,BANKBARODA,EQ,,,,,BANK OF BARODA,233.60,236.46,232.10,232.30,232.30,234.98,,232.30,,,4576908,1069265650.21,40395,F1,1,,,,,
2026-09-17,2026-09-17,CM,NSE,STK,4745,INE084A01016,BANKINDIA,EQ,,,,,BANK OF INDIA,137.91,141.11,137.90,138.17,138.17,137.81,,138.17,,,9976048,1388004990.23,31416,F1,1,,,,,
2026-09-17,2026-09-17,CM,NSE,STK,11377,INE457A01014,MAHABANK,EQ,,,,,BANK OF MAHARASHTRA,80.29,83.40,80.21,80.80,80.80,80.21,,80.80,,,16454084,1344411564.82,40607,F1,1,,,,,
2026-09-17,2026-09-17,CM,NSE,STK,822,INE862Y01015,BANKA,EQ,,,,,BANKA BIOLOO LIMITED,77.70,77.70,75.03,77.20,77.20,77.83,,77.20,,,801,60914.11,40,F1,1,,,,,
2026-09-17,2026-09-17,CM,NSE,STK,12037,INE186H01022,BASML,BE,,,,,BANNARI AM SPIN MILL LTD.,23.42,24.00,23.00,23.78,23.79,23.42,,23.78,,,36320,853343.71,104,F1,1,,,,,
2026-09-17,2026-09-17,CM,NSE,STK,350,INE459A01010,BANARISUG,EQ,,,,,BANNARI AMMAN SUGARS LTD,3282.60,3345.00,3256.00,3302.80,3317.80,3267.20,,3302.80,,,1049,3467713.50,281,F1,1,,,,,
2026-09-17,2026-09-17,CM,NSE,STK,24386,INE0B9K01025,BANSALWIRE,EQ,,,,,BANSAL WIRE INDUSTRIES L,309.10,314.70,304.00,313.25,314.00,307.15,,313.25,,,50724,15859446.70,3954,F1,1,,,,,
2026-09-17,2026-09-17,CM,NSE,STK,14511,INE629D01020,BANSWRAS,EQ,,,,,BANSWARA SYNTEX LIMITED,109.34,114.25,108.88,110.32,112.00,109.34,,110.32,,,37647,4192459.15,876,F1,1,,,,,
2026-09-17,2026-09-17,CM,NSE,STK,15073,INE139I01011,BVCL,EQ,,,,,BARAK VALLEY CEM. LTD.,40.39,42.08,40.39,40.89,42.08,40.71,,40.89,,,11268,459427.25,163,F1,1,,,,,
2026-09-17,2026-09-17,CM,NSE,STK,29176,INE0QX401014,BARFLEX,SM,,,,,BARFLEX POLYFILMS LIMITED,59.95,60.00,59.75,59.85,59.85,60.00,,59.85,,,12000,719100.00,4,F1,2000,,,,,
2026-09-17,2026-09-17,CM,NSE,STK,24117,INF251K01TL6,BBNPNBETF,EQ,,,,,BARODABNP - BBNPNBETF,57.19,57.19,56.44,56.62,56.62,56.63,,58.08,,,3324,187645.46,15,F1,1,,,,,
2026-09-17,2026-09-17,CM,NSE,STK,20547,INF251K01SU9,BBNPPGOLD,EQ,,,,,BARODABNP - BBNPPGOLD,145.55,146.15,143.50,145.45,145.85,146.40,,145.45,,,2777,403680.30,85,F1,1,,,,,
2026-09-17,2026-09-17,CM,NSE,STK,368,INE373A01013,BASF,EQ,,,,,BASF INDIA LTD,3579.00,3630.50,3558.40,3601.60,3630.00,3558.40,,3601.50,,,16853,60577603.20,3672,F1,1,,,,,
2026-09-17,2026-09-17,CM,NSE,STK,18442,INE0OCC01013,BASILIC,SM,,,,,BASILIC FLY STUDIO LTD,179.00,181.45,173.50,179.35,181.45,179.00,,179.35,,,10500,1853235.00,34,F1,300,,,,,
2026-09-17,2026-09-17,CM,NSE,STK,371,INE176A01028,BATAINDIA,EQ,,,,,BATA INDIA LTD,630.65,639.25,630.65,636.65,638.00,630.65,,636.85,,,74321,47257879.60,5383,F1,1,,,,,
2026-09-17,2026-09-17,CM,NSE,STK,762568,INE177C01022,BATLIBOI,EQ,,,,,BATLIBOI LTD.,83.10,83.94,78.11,78.73,79.28,82.10,,78.70,,,91874,7358371.46,1374,F1,1,,,,,
2026-09-17,2026-09-17,CM,NSE,STK,17927,INE462A01022,BAYERCROP,EQ,,,,,BAYER CROPSCIENCE LTD,3958.00,3958.00,3890.00,3893.40,3890.00,3938.60,,3893.48,,,15646,61046394.50,3078,F1,1,,,,,
2026-09-17,2026-09-17,CM,NSE,STK,2513,INE412G01024,BCLIND,EQ,,,,,BCL INDUSTRIES LIMITED,32.98,33.52,32.71,33.17,32.79,32.98,,33.17,,,411663,13634799.06,3494,F1,1,,,,,
2026-09-17,2026-09-17,CM,NSE,STK,761494,INE00SW01015,BCPL,EQ,,,,,BCPL RAILWAY INFRA LTD,68.00,68.60,67.34,67.63,67.66,67.33,,67.69,,,3529,239305.59,108,F1,1,,,,,
2026-09-17,2026-09-17,CM,NSE,STK,17933,INE520H01022,BEARDSELL,EQ,,,,,BEARDSELL LIMITED,24.98,24.99,24.00,24.23,24.48,24.06,,24.23,,,15138,369594.53,232,F1,1,,,,,
2026-09-17,2026-09-17,CM,NSE,STK,20196,INE844K01012,BEDMUTHA,EQ,,,,,BEDMUTHA INDUST LTD,103.84,104.99,102.00,104.98,104.98,102.28,,104.98,,,3110,322871.42,54,F1,1,,,,,
2026-09-17,2026-09-17,CM,NSE,STK,762573,INE213D01015,BEEKAY,EQ,,,,,BEEKAY STEEL INDS. LTD.,426.00,435.80,419.05,426.55,425.00,431.80,,426.55,,,1515,643408.20,92,F1,1,,,,,
2026-09-17,2026-09-17,CM,NSE,STK,765291,INE1EEM01017,BLEL,EQ,,,,,BEHARI LAL ENGINEERING L,430.10,437.90,423.20,436.10,435.25,428.40,,436.11,,,530677,229078726.95,13455,F1,1,,,,,
2026-09-17,2026-09-17,CM,NSE,STK,757938,INE344T01014,BELLACASA,EQ,,,,,BELLA CASA FASH AND RET L,258.93,258.93,250.00,255.25,255.00,250.48,,255.25,,,12720,3251562.55,665,F1,1,,,,,
2026-09-17,2026-09-17,CM,NSE,STK,757102,INE894V01022,BELRISE,EQ,,,,,BELRISE INDUSTRIES LTD,228.19,232.50,228.16,229.37,229.00,229.35,,229.36,,,1753104,404423040.32,30455,F1,1,,,,,
2026-09-17,2026-09-17,CM,NSE,STK,15067,INE0N7W01012,BLAL,EQ,,,,,BEML LAND ASSETS LIMITED,160.11,162.79,160.11,162.37,162.48,161.99,,162.36,,,9540,1544205.15,208,F1,1,,,,,
2026-09-17,2026-09-17,CM,NSE,STK,395,INE258A01024,BEML,EQ,,,,,BEML LIMITED,1998.00,2068.60,1985.20,2013.30,2010.00,1991.90,,2013.29,,,340871,691287002.30,30834,F1,1,,,,,
2026-09-17,2026-09-17,CM,NSE,STK,764618,INE664D01019,BENARAS,EQ,,,,,BENARES HOTELS LTD.,10896.00,11097.00,10555.00,10800.00,10830.00,10789.00,,10851.60,,,60,649108.00,22,F1,1,,,,,
2026-09-17,2026-09-17,CM,NSE,STK,762578,INE083K01017,BENGALASM,EQ,,,,,BENGAL & ASSAM CO. LTD.,6349.00,6349.00,6202.00,6212.50,6210.00,6319.00,,6223.50,,,97,605091.50,42,F1,1,,,,,
2026-09-17,2026-09-17,CM,NSE,STK,404,INE463A01038,BERGEPAINT,EQ,,,,,BERGER PAINTS (I) LTD,449.40,452.35,443.90,448.60,448.40,448.15,,448.60,,,443456,198939902.75,27470,F1,1,,,,,
2026-09-17,2026-09-17,CM,NSE,STK,2306,INE052T01021,BESTAGRO,EQ,,,,,BEST AGROLIFE LIMITED,18.13,18.75,18.13,18.42,18.45,18.44,,18.43,,,276646,5126458.04,1327,F1,1,,,,,
2026-09-17,2026-09-17,CM,NSE,STK,759842,INE351Y01019,BETA,EQ,,,,,BETA DRUGS LIMITED,2054.60,2112.40,2054.60,2095.00,2095.00,2064.90,,2095.00,,,12237,25541107.80,1572,F1,1,,,,,
2026-09-17,2026-09-17,CM,NSE,STK,5662,INE0HQI01014,BEWLTD,SM,,,,,BEW ENGINEERING LIMITED,48.00,50.00,47.70,48.60,48.50,48.10,,48.60,,,70000,3386975.00,49,F1,500,,,,,
2026-09-17,2026-09-17,CM,NSE,STK,21113,INE878K01010,BFINVEST,EQ,,,,,BF INVESTMENT LIMITED,435.90,440.00,435.90,438.95,440.00,432.05,,438.95,,,6998,3068303.90,664,F1,1,,,,,
2026-09-17,2026-09-17,CM,NSE,STK,14567,INE243D01012,BFUTILITIE,EQ,,,,,BF UTILITIES LIMITED,521.95,532.55,519.00,521.05,519.00,520.35,,521.08,,,36882,19344531.45,1897,F1,1,,,,,
2026-09-17,2026-09-17,CM,NSE,STK,764183,INF0QA701CI0,BANK10BETF,EQ,,,,,BFAM - BANK10BETF,20.41,20.51,20.15,20.27,20.20,20.40,,20.30,,,12244,249971.13,42,F1,1,,,,,
2026-09-17,2026-09-17,CM,NSE,STK,21986,INF0QA701714,BANKBETF,EQ,,,,,BFAM - BANKBETF,57.09,57.49,56.90,57.10,57.18,57.10,,57.10,,,4493,257054.70,244,F1,1,,,,,
2026-09-17,2026-09-17,CM,NSE,STK,23915,INF0QA701854,LIQUIDBETF,EQ,,,,,BFAM - LIQUIDBETF,1099.06,1099.08,1099.06,1099.06,1099.07,1098.94,,1099.06,,,228189,250794013.61,91,F1,1,,,,,
2026-09-17,2026-09-17,CM,NSE,STK,21959,INF0QA701722,NIFTYBETF,EQ,,,,,BFAM - NIFTYBETF,241.28,241.28,238.95,240.35,240.46,240.54,,240.35,,,1812,435507.78,84,F1,1,,,,,
2026-09-17,2026-09-17,CM,NSE,STK,15193,INE661I01014,BGRENERGY,BE,,,,,BGR ENERGY SYSTEMS LTD,231.87,243.45,229.10,243.45,243.45,231.86,,242.85,,,60904,14728500.66,484,F1,1,,,,,
2026-09-17,2026-09-17,CM,NSE,STK,758228,INE0ZRC01017,BHADORA,ST,,,,,BHADORA INDUSTRIES LTD,122.55,122.55,117.65,117.70,117.70,123.80,,117.70,,,16800,1984500.00,14,F1,1200,,,,,
2026-09-17,2026-09-17,CM,NSE,STK,13427,INE354C01027,BHAGERIA,BE,,,,,BHAGERIA INDUSTRIES LTD,306.95,318.85,306.75,318.85,318.85,303.70,,324.12,,,65522,20822880.10,387,F1,1,,,,,
2026-09-17,2026-09-17,CM,NSE,STK,6164,INE414D01027,BHAGCHEM,EQ,,,,,BHAGIRADHA CHEM & INDS L,245.70,249.50,245.65,247.95,248.00,244.25,,247.95,,,21308,5285273.70,422,F1,1,,,,,
2026-09-17,2026-09-17,CM,NSE,STK,20776,INE458B01036,BHAGYANGR,EQ,,,,,BHAGYANAGAR INDIA LIMITED,432.00,446.50,431.00,446.50,446.50,425.25,,446.83,,,66357,29502537.30,807,F1,1,,,,,
2026-09-17,2026-09-17,CM,NSE,STK,19556,INE474E01029,BHANDARI,EQ,,,,,BHANDARI HOSIERY EXP LTD,2.97,3.00,2.97,2.98,2.97,2.98,,2.98,,,147723,440423.25,183,F1,1,,,,,
2026-09-17,2026-09-17,CM,NSE,STK,419,INE922A01025,BEPL,EQ,,,,,BHANSALI ENG. POLYMERS LT,125.00,129.90,124.62,127.47,127.25,124.92,,127.47,,,1163018,148939453.80,10982,F1,1,,,,,
2026-09-17,2026-09-17,CM,NSE,STK,13761,INE464A01036,BBL,EQ,,,,,BHARAT BIJLEE LTD,2175.90,2209.90,2161.10,2203.40,2209.90,2178.20,,2203.29,,,11869,25963976.80,2286,F1,1,,,,,
2026-09-17,2026-09-17,CM,NSE,STK,760726,INE05XR01022,BHARATCOAL,EQ,,,,,BHARAT COKING COAL LTD,32.19,32.50,31.96,32.14,32.16,32.23,,32.14,,,2923304,94088479.29,12915,F1,1,,,,,
2026-09-17,2026-09-17,CM,NSE,STK,2144,INE171Z01026,BDL,EQ,,,,,BHARAT DYNAMICS LIMITED,1130.00,1152.90,1129.20,1151.90,1151.90,1136.00,,1151.76,,,677240,775355882.80,25162,F1,1,,,,,
2026-09-17,2026-09-17,CM,NSE,STK,383,INE263A01024,BEL,EQ,,,,,BHARAT ELECTRONICS LTD,387.00,395.90,387.00,395.45,395.45,385.75,,395.46,,,7820077,3077916332.40,85072,F1,1,,,,,
2026-09-17,2026-09-17,CM,NSE,STK,422,INE465A01025,BHARATFORG,EQ,,,,,BHARAT FORGE LTD,1885.90,1941.00,1878.00,1918.70,1918.70,1885.00,,1918.70,,,522135,1000659199.20,30646,F1,1,,,,,
2026-09-17,2026-09-17,CM,NSE,STK,9397,INE561C01019,BHARATGEAR,BE,,,,,BHARAT GEARS LTD,99.55,101.99,99.00,101.30,101.21,99.55,,101.31,,,11994,1211811.85,177,F1,1,,,,,
2026-09-17,2026-09-17,CM,NSE,STK,764623,INE365Y01019,BPLPHARMA,EQ,,,,,BHARAT PARENTERALS LTD.,1549.20,1549.20,1504.90,1534.00,1534.00,1509.80,,1540.48,,,32,48563.40,12,F1,1,,,,,
2026-09-17,2026-09-17,CM,NSE,STK,526,INE029A01011,BPCL,EQ,,,,,BHARAT PETROLEUM CORP  LT,304.55,308.00,303.15,307.00,307.00,303.35,,307.00,,,3005596,919915916.50,29288,F1,1,,,,,
2026-09-17,2026-09-17,CM,NSE,STK,3834,INE838B01021,BHARATRAS,EQ,,,,,BHARAT RASAYAN LTD,1159.90,1169.90,1153.20,1164.00,1162.00,1157.40,,1163.03,,,5205,6047396.00,1049,F1,1,,,,,
2026-09-17,2026-09-17,CM,NSE,STK,21683,INE727S01012,BRNL,EQ,,,,,BHARAT ROAD NETWORK LTD,16.00,16.90,16.00,16.41,16.32,16.24,,16.41,,,13206,216211.12,189,F1,1,,,,,
2026-09-17,2026-09-17,CM,NSE,STK,30244,INE415D01024,BHARATSE,EQ,,,,,BHARAT SEATS LIMITED,202.95,214.16,202.95,209.22,209.00,205.26,,209.21,,,129883,27264891.27,3393,F1,1,,,,,
2026-09-17,2026-09-17,CM,NSE,STK,16123,INE316L01019,BHARATWIRE,EQ,,,,,BHARAT WIRE ROPES LTD.,165.69,176.50,165.69,171.69,171.69,167.69,,171.69,,,195420,33655556.30,3467,F1,1,,,,,
2026-09-17,2026-09-17,CM,NSE,STK,10604,INE397D01024,BHARTIARTL,EQ,,,,,BHARTI AIRTEL LIMITED,1841.80,1845.90,1827.60,1836.00,1836.00,1835.00,,1833.40,,,4368285,8021221872.20,124838,F1,1,,,,,
2026-09-17,2026-09-17,CM,NSE,STK,23489,INE343G01021,BHARTIHEXA,EQ,,,,,BHARTI HEXACOM LIMITED,1490.00,1491.90,1465.00,1481.10,1470.00,1479.30,,1481.10,,,82494,121793013.30,12947,F1,1,,,,,
2026-09-17,2026-09-17,CM,NSE,STK,7848,INE828A01016,BIL,EQ,,,,,BHARTIYA INTERNATIONAL,1050.00,1060.00,1011.00,1023.45,1014.00,1036.25,,1024.03,,,7093,7334558.80,686,F1,1,,,,,
2026-09-17,2026-09-17,CM,NSE,STK,438,INE257A01026,BHEL,EQ,,,,,BHEL,411.55,430.75,410.80,429.20,429.20,410.60,,429.18,,,8684564,3687823565.15,85259,F1,1,,,,,
2026-09-17,2026-09-17,CM,NSE,STK,762621,INE274K01012,BTTL,BE,,,,,BHILWARA TECHNICAL TEXT L,42.73,42.73,39.80,41.15,40.50,41.89,,41.15,,,11388,458142.10,55,F1,1,,,,,
2026-09-17,2026-09-17,CM,NSE,STK,18431,INE412U01025,BIGBLOC,EQ,,,,,BIGBLOC CONSTRUCTION LTD,40.48,40.50,38.50,39.45,39.88,39.51,,39.45,,,27779,1101089.52,466,F1,1,,,,,
2026-09-17,2026-09-17,CM,NSE,STK,11966,INE00E101023,BIKAJI,EQ,,,,,BIKAJI FOODS INTERN LTD,540.00,554.00,539.95,552.65,554.00,540.95,,552.76,,,51835,28559255.10,4587,F1,1,,,,,
2026-09-17,2026-09-17,CM,NSE,STK,25527,INE0SQH01013,BIKEWO,ST,,,,,BIKEWO GREEN TECH LIMITED,108.65,113.00,108.65,112.20,110.30,108.50,,112.20,,,112000,12477500.00,49,F1,2000,,,,,
2026-09-17,2026-09-17,CM,NSE,STK,13622,INE071A01013,BILVYAPAR,BE,,,,,BIL VYAPAR LIMITED,4.14,4.22,4.04,4.15,4.22,4.16,,4.15,,,3909,15921.89,18,F1,1,,,,,
2026-09-17,2026-09-17,CM,NSE,STK,762586,INE986A01012,BI,BE,,,,,BILCARE LTD.,99.00,102.50,97.50,102.50,102.50,97.62,,103.33,,,28323,2881815.04,131,F1,1,,,,,
2026-09-17,2026-09-17,CM,NSE,STK,759806,INE0HOQ01053,GROWW,EQ,,,,,BILLIONBRAINS GARAGE VN L,190.70,193.70,186.70,187.44,187.17,189.76,,187.44,,,23614294,4481272345.81,140085,F1,1,,,,,
2026-09-17,2026-09-17,CM,NSE,STK,762588,INE469A01019,BIMETAL,EQ,,,,,BIMETAL BEARINGS LTD.,638.50,647.95,635.00,641.30,646.00,638.65,,641.30,,,171,109107.65,23,F1,1,,,,,
2026-09-17,2026-09-17,CM,NSE,STK,763598,INE1BKA01015,BMLL,SM,,,,,BIO MEDICA LABORATORIES L,155.00,155.00,150.15,152.05,152.15,155.00,,152.05,,,23000,3509500.00,22,F1,1000,,,,,
2026-09-17,2026-09-17,CM,NSE,STK,11373,INE376G01013,BIOCON,EQ,,,,,BIOCON LIMITED.,374.00,382.00,370.50,380.00,380.00,374.40,,380.00,,,3043285,1151576902.55,40434,F1,1,,,,,
2026-09-17,2026-09-17,CM,NSE,STK,4136,INE829A01014,BIOFILCHEM,EQ,,,,,BIOFIL CHEM & PHARMA LTD,33.13,33.89,32.61,32.86,32.98,33.13,,32.86,,,16709,555691.95,226,F1,1,,,,,
2026-09-17,2026-09-17,CM,NSE,STK,760942,INE0XW001014,BIOPOL,SM,,,,,BIOPOL CHEMICALS LIMITED,47.60,47.70,46.25,46.90,46.60,48.15,,46.90,,,19200,900840.00,16,F1,1200,,,,,
2026-09-17,2026-09-17,CM,NSE,STK,477,INE800A01015,BIRLACABLE,EQ,,,,,BIRLA CABLE LIMITED,383.00,401.65,383.00,401.65,401.65,382.55,,401.77,,,431704,172655030.40,4271,F1,1,,,,,
2026-09-17,2026-09-17,CM,NSE,STK,480,INE340A01012,BIRLACORPN,EQ,,,,,BIRLA CORPORATION LTD,800.00,815.00,800.00,811.15,813.25,803.90,,811.19,,,39164,31558255.75,3822,F1,1,,,,,
2026-09-17,2026-09-17,CM,NSE,STK,762596,INE372E01025,BIRLAPREC,BE,,,,,BIRLA PRECISION TECH L,57.96,59.90,55.60,58.60,59.00,58.47,,58.65,,,150896,8776188.51,588,F1,1,,,,,
2026-09-17,2026-09-17,CM,NSE,STK,1455,INE557A01011,BIRLANU,EQ,,,,,BIRLANU LIMITED,1387.10,1404.00,1372.10,1381.10,1399.90,1387.10,,1381.16,,,4372,6055843.50,849,F1,1,,,,,
2026-09-17,2026-09-17,CM,NSE,STK,24404,INF209KC1134,ABGSEC,EQ,,,,,BIRLASLAMC - ABGSEC,114.54,114.54,112.84,113.07,113.07,113.74,,113.07,,,39,4426.13,6,F1,1,,,,,
2026-09-17,2026-09-17,CM,NSE,STK,760247,INF209KC1670,ABSL10BANK,EQ,,,,,BIRLASLAMC - ABSL10BANK,168.13,168.13,164.00,164.39,164.55,164.83,,164.39,,,2339,386166.42,57,F1,1,,,,,
2026-09-17,2026-09-17,CM,NSE,STK,13987,INF209KB17D5,ABSLBANETF,EQ,,,,,BIRLASLAMC - ABSLBANETF,57.55,58.00,57.35,57.61,57.35,57.68,,57.61,,,29639,1708381.25,171,F1,1,,,,,
2026-09-17,2026-09-17,CM,NSE,STK,14518,INF209KB18T9,ABSLLIQUID,EQ,,,,,BIRLASLAMC - ABSLLIQUID,995.00,1000.01,995.00,1000.00,1000.01,1000.00,,1000.00,,,12180,12179654.56,21,F1,1,,,,,
2026-09-17,2026-09-17,CM,NSE,STK,761066,INF209KC1662,ABSLMSCIN,EQ,,,,,BIRLASLAMC - ABSLMSCIN,28.65,28.76,28.57,28.72,28.72,28.46,,28.72,,,249,7117.28,8,F1,1,,,,,
2026-09-17,2026-09-17,CM,NSE,STK,7339,INF209KB16D7,ABSLNN50ET,EQ,,,,,BIRLASLAMC - ABSLNN50ET,74.64,75.12,74.28,74.81,74.80,74.27,,74.81,,,71455,5338127.43,154,F1,1,,,,,
2026-09-17,2026-09-17,CM,NSE,STK,5957,INF209KB10E8,BSLSENETFG,EQ,,,,,BIRLASLAMC - BSLSENETFG,75.89,77.90,74.77,75.21,75.05,75.90,,75.21,,,17545,1319545.39,107,F1,1,,,,,
2026-09-17,2026-09-17,CM,NSE,STK,24847,INF209KC1142,GSEC10ABSL,EQ,,,,,BIRLASLAMC - GSEC10ABSL,111.92,112.34,111.92,112.34,112.34,111.92,,112.34,,,5,561.28,2,F1,1,,,,,
2026-09-17,2026-09-17,CM,NSE,STK,6297,INF209KB10C2,HEALTHY,EQ,,,,,BIRLASLAMC - HEALTHY,16.77,17.15,16.77,17.01,17.15,16.77,,17.01,,,118781,2015639.72,704,F1,1,,,,,
2026-09-17,2026-09-17,CM,NSE,STK,10693,INF209KB14K7,MOMENTUM,EQ,,,,,BIRLASLAMC - MOMENTUM,30.40,30.70,30.16,30.58,30.47,30.16,,30.58,,,35933,1091807.39,206,F1,1,,,,,
2026-09-17,2026-09-17,CM,NSE,STK,10690,INF209KB15K4,NIFTYQLITY,EQ,,,,,BIRLASLAMC - NIFTYQLITY,20.58,20.64,20.36,20.60,20.60,20.36,,20.60,,,121631,2503930.44,152,F1,1,,,,,
2026-09-17,2026-09-17,CM,NSE,STK,8003,INF209KB19F6,SILVER,EQ,,,,,BIRLASLAMC - SILVER,226.44,227.33,224.75,226.36,226.51,228.18,,226.36,,,521415,117828029.81,5720,F1,1,,,,,
2026-09-17,2026-09-17,CM,NSE,STK,6462,INF209KB11D8,TECH,EQ,,,,,BIRLASLAMC - TECH,32.06,32.38,31.60,31.99,31.85,32.06,,31.99,,,20077,639749.86,195,F1,1,,,,,
2026-09-17,2026-09-17,CM,NSE,STK,23806,INF209KB19Z4,ABSLPSE,EQ,,,,,BIRLASLAMC-ABSLPSE,10.00,10.10,9.84,9.93,9.84,10.00,,9.93,,,98835,983830.28,405,F1,1,,,,,
2026-09-17,2026-09-17,CM,NSE,STK,6994,INE836A01035,BSOFT,EQ,,,,,BIRLASOFT LIMITED,282.40,286.95,281.65,283.80,283.60,281.25,,283.80,,,1029959,292998919.45,31309,F1,1,,,,,
2026-09-17,2026-09-17,CM,NSE,STK,3435,INE676A01027,BBOX,EQ,,,,,BLACK BOX LIMITED,765.60,774.45,753.35,766.40,762.30,763.25,,766.34,,,299744,229014049.45,21864,F1,1,,,,,
2026-09-17,2026-09-17,CM,NSE,STK,762601,INE761G01016,BLACKROSE,BE,,,,,BLACK ROSE INDS. LTD.,105.54,105.85,103.01,103.21,104.49,106.56,,103.24,,,27586,2870498.38,298,F1,1,,,,,
2026-09-17,2026-09-17,CM,NSE,STK,27144,INE0UIZ01018,BLACKBUCK,EQ,,,,,BLACKBUCK LIMITED,619.00,631.40,609.00,611.50,611.50,619.05,,611.49,,,549356,338636274.20,34769,F1,1,,,,,
2026-09-17,2026-09-17,CM,NSE,STK,8132,INE791A01024,BLBLIMITED,EQ,,,,,BLB LIMITED,16.20,16.52,15.65,15.99,15.92,16.13,,16.00,,,202164,3233437.42,356,F1,1,,,,,
2026-09-17,2026-09-17,CM,NSE,STK,19269,INE416D01022,BLISSGVS,BE,,,,,BLISS GVS PHARMA LTD,680.00,698.90,680.00,690.65,690.00,680.50,,690.63,,,198123,136868805.60,2368,F1,1,,,,,
2026-09-17,2026-09-17,CM,NSE,STK,22566,INE0NLT01010,BLSE,EQ,,,,,BLS E-SERVICES LIMITED,314.00,319.45,310.80,314.50,314.70,313.55,,314.50,,,116886,36935674.80,3694,F1,1,,,,,
2026-09-17,2026-09-17,CM,NSE,STK,17279,INE153T01027,BLS,EQ,,,,,BLS INTL SERVS LTD,227.87,230.20,226.59,227.74,228.02,226.74,,227.76,,,413806,94492379.61,10039,F1,1,,,,,
2026-09-17,2026-09-17,CM,NSE,STK,765040,INE373T01047,BLUECLOUDS,EQ,,,,,BLUE CLOUD SOFTECH SOLU L,19.59,19.71,19.44,19.57,19.55,19.59,,19.57,,,543486,10627708.20,1603,F1,1,,,,,
2026-09-17,2026-09-17,CM,NSE,STK,7480,INE472B01011,BLUECOAST,EQ,,,,,BLUE COAST HOTELS LIMITED,21.09,21.90,20.20,21.68,21.85,21.09,,21.68,,,1021,21890.20,19,F1,1,,,,,
2026-09-17,2026-09-17,CM,NSE,STK,495,INE233B01017,BLUEDART,EQ,,,,,BLUE DART EXPRESS LTD,4850.00,4863.60,4799.90,4811.30,4818.00,4850.50,,4811.03,,,7139,34493579.90,3340,F1,1,,,,,
2026-09-17,2026-09-17,CM,NSE,STK,19686,INE0KBH01020,BLUEJET,EQ,,,,,BLUE JET HEALTHCARE LTD,563.25,576.90,563.25,568.20,565.00,565.05,,568.29,,,546795,311524627.80,18852,F1,1,,,,,
2026-09-17,2026-09-17,CM,NSE,STK,23410,INE0SAK01011,BLUEPEBBLE,SM,,,,,BLUE PEBBLE LIMITED,76.50,78.90,73.05,78.90,78.90,76.50,,78.90,,,1600,120620.00,4,F1,400,,,,,
2026-09-17,2026-09-17,CM,NSE,STK,8311,INE472A01039,BLUESTARCO,EQ,,,,,BLUE STAR LIMITED,1499.90,1558.00,1492.00,1553.00,1553.00,1504.00,,1548.91,,,517440,798412457.80,32000,F1,1,,,,,
2026-09-17,2026-09-17,CM,NSE,STK,758185,INE0X3M01010,BLUEWATER,ST,,,,,BLUE WATER LOGISTICS LTD,458.80,468.00,457.00,464.25,468.00,452.00,,464.25,,,10000,4629150.00,10,F1,1000,,,,,
2026-09-17,2026-09-17,CM,NSE,STK,759291,INE304W01038,BLUESTONE,EQ,,,,,BLUESTONE JEWEL LFSTL LTD,843.15,861.70,823.00,831.20,832.00,856.00,,831.15,,,638636,538566464.45,29231,F1,1,,,,,
2026-09-17,2026-09-17,CM,NSE,STK,757520,INE0U4101014,BLUSPRING,EQ,,,,,BLUSPRING ENTERPRISES LTD,124.46,128.99,121.65,123.72,122.96,124.46,,123.73,,,356061,44328873.10,4818,F1,1,,,,,
2026-09-17,2026-09-17,CM,NSE,STK,759256,INE965W01036,BMWVENTLTD,EQ,,,,,BMW VENTURES LIMITED,51.00,51.75,49.95,50.22,50.00,51.80,,50.29,,,139313,7063462.19,1838,F1,1,,,,,
2026-09-17,2026-09-17,CM,NSE,STK,762608,INE00HZ01011,BNAGROCHEM,EQ,,,,,BN AGROCHEM LTD.,194.00,209.99,192.23,207.86,207.84,202.34,,207.79,,,757,152994.24,32,F1,1,,,,,
2026-09-17,2026-09-17,CM,NSE,STK,760821,INE00XL07015,975BNAL28,N0,,,,,BNAL 9.75% 2028 SR TR 1,9800.00,9800.00,9800.00,9800.00,9800.00,9947.00,,9800.00,,,10,98000.00,1,F1,1,,,,,
2026-09-17,2026-09-17,CM,NSE,STK,25017,INE338D01028,BODALCHEM,EQ,,,,,BODAL CHEMICALS LTD,173.00,182.13,173.00,182.13,182.13,173.46,,182.13,,,2362229,428662035.99,8458,F1,1,,,,,
2026-09-17,2026-09-17,CM,NSE,STK,14150,INE0EEJ01023,BTML,EQ,,,,,BODHI TREE MULTIMEDIA LTD,7.57,7.88,7.02,7.25,7.31,7.57,,7.25,,,1256315,9122142.67,1414,F1,1,,,,,
2026-09-17,2026-09-17,CM,NSE,STK,11640,INE802W01023,BOHRAIND,EQ,,,,,BOHRA INDUSTRIES LIMITED,13.02,14.25,13.02,13.34,13.32,13.50,,13.34,,,12551,169940.74,48,F1,1,,,,,
2026-09-17,2026-09-17,CM,NSE,STK,380,INE050A01025,BBTC,EQ,,,,,BOMBAY BURMAH TRADING COR,1416.80,1428.00,1395.10,1399.40,1409.00,1416.70,,1399.39,,,29801,41887349.40,4593,F1,1,,,,,
2026-09-17,2026-09-17,CM,NSE,STK,513,INE032A01023,BOMDYEING,EQ,,,,,BOMBAY DYEING & MFG. CO L,107.10,108.00,106.82,107.55,107.90,107.16,,107.56,,,290843,31253916.64,3708,F1,1,,,,,
2026-09-17,2026-09-17,CM,NSE,STK,6052,INE0I3Y01014,BMETRICS,SM,,,,,BOMBAY METRICS S C LTD,32.50,33.05,32.50,32.85,32.65,34.10,,32.85,,,2400,78560.00,3,F1,800,,,,,
2026-09-17,2026-09-17,CM,NSE,STK,809,INE032Z01020,BSHSL,EQ,,,,,BOMBAY SUPER HYBRID SEEDS,84.36,91.80,83.78,88.25,88.50,84.78,,88.26,,,5728,502761.83,135,F1,1,,,,,
2026-09-17,2026-09-17,CM,NSE,STK,31128,INE053F07538,810IRFC27,N2,,,,,BOND 8.10% PA TAX FREE S2,1085.00,1085.00,1084.00,1084.50,1084.50,1084.83,,1084.50,,,265,287320.00,3,F1,1,,,,,
2026-09-17,2026-09-17,CM,NSE,STK,31040,INE906B07CB9,830NHAI27,N2,,,,,BOND 8.30% PA TAX FREE S2,1004.00,1004.40,1002.70,1003.75,1003.75,1003.53,,1003.75,,,5788,5809516.75,73,F1,1,,,,,
2026-09-17,2026-09-17,CM,NSE,STK,603,INE053F07686,865IRFC29,NA,,,,,BOND 8.65% PA TF TI-SIIB,1120.00,1120.00,1102.51,1102.65,1110.00,1123.10,,1102.65,,,52,57355.50,5,F1,1,,,,,
2026-09-17,2026-09-17,CM,NSE,STK,30990,INE020B07HS2,871REC28,N9,,,,,BOND 8.71% TAX FREE S2B,1130.00,1130.00,1125.50,1125.67,1125.50,1130.00,,1125.67,,,495,558117.50,4,F1,1,,,,,
2026-09-17,2026-09-17,CM,NSE,STK,1999,INE053F07744,888IRFC29,NE,,,,,BOND 8.88% PA TF TII-SIIB,1130.00,1130.00,1123.00,1130.00,1130.00,1119.96,,1130.00,,,470,530635.00,9,F1,1,,,,,
2026-09-17,2026-09-17,CM,NSE,STK,31969,INE557F07124,888NHB29,N5,,,,,BOND 8.88%PA TF TR-I S 2B,6327.00,6327.00,6327.00,6327.00,6327.00,5616.00,,6327.00,,,134,847818.00,1,F1,1,,,,,
2026-09-17,2026-09-17,CM,NSE,STK,31970,INE557F07132,901NHB34,N6,,,,,BOND 9.01%PA TF TR-I S 3B,6400.00,6400.00,6400.00,6400.00,6400.00,6400.00,,6400.00,,,30,192000.00,1,F1,1,,,,,
2026-09-17,2026-09-17,CM,NSE,STK,761056,INE0B9A01018,BONLON,EQ,,,,,BONLON INDUSTRIES LIMITED,38.06,38.06,35.00,37.07,37.59,38.81,,37.07,,,19642,715613.38,262,F1,1,,,,,
2026-09-17,2026-09-17,CM,NSE,STK,757919,INE16SF01016,BORANA,EQ,,,,,BORANA WEAVES LIMITED,305.00,310.95,297.85,299.50,298.00,303.05,,299.78,,,29492,8888599.35,654,F1,1,,,,,
2026-09-17,2026-09-17,CM,NSE,STK,19401,INE02PY01013,BOROLTD,EQ,,,,,BOROSIL LIMITED,248.30,255.10,246.84,253.40,252.52,246.76,,253.42,,,111949,28264200.15,2663,F1,1,,,,,
2026-09-17,2026-09-17,CM,NSE,STK,3149,INE666D01022,BORORENEW,EQ,,,,,BOROSIL RENEWABLES LTD,440.45,456.40,439.30,449.35,449.70,446.00,,449.36,,,947704,426305825.00,41373,F1,1,,,,,
2026-09-17,2026-09-17,CM,NSE,STK,24014,INE02L001032,BOROSCI,EQ,,,,,BOROSIL SCIENTIFIC LTD,117.00,121.27,117.00,118.29,120.41,118.52,,118.47,,,34041,4058979.82,820,F1,1,,,,,
2026-09-17,2026-09-17,CM,NSE,STK,4491,INE782A01015,BOSCH-HCIL,EQ,,,,,BOSCH HOME COMFRT IND LTD,1680.20,1698.00,1655.10,1668.30,1660.10,1674.20,,1668.30,,,9583,16084824.20,1093,F1,1,,,,,
2026-09-17,2026-09-17,CM,NSE,STK,2181,INE323A01026,BOSCHLTD,EQ,,,,,BOSCH LIMITED,47740.00,48160.00,47595.00,47735.00,47735.00,47555.00,,47735.00,,,17379,832677560.00,10505,F1,1,,,,,
2026-09-17,2026-09-17,CM,NSE,STK,25122,INE0QNI01012,BOSS,ST,,,,,BOSS PACKAGING SOLU LTD,59.00,59.80,59.00,59.80,59.80,59.85,,59.80,,,4000,237600.00,2,F1,2000,,,,,
2026-09-17,2026-09-17,CM,NSE,STK,530,INE110A01019,BPL,EQ,,,,,BPL LTD,47.40,47.40,45.70,45.85,46.30,46.73,,45.85,,,28147,1299933.70,731,F1,1,,,,,
2026-09-17,2026-09-17,CM,NSE,STK,24905,INE0R4Z01018,BRACEPORT,SM,,,,,BRACE PORT LOGISTICS LTD,54.20,54.20,52.00,52.00,52.00,53.90,,52.00,,,6400,338880.00,4,F1,1600,,,,,
2026-09-17,2026-09-17,CM,NSE,STK,764628,INE320I01017,BRAHMINFRA,EQ,,,,,BRAHMAPUTRA INFRA L,161.88,161.88,155.01,159.63,160.50,155.58,,159.63,,,12592,1999273.04,401,F1,1,,,,,
2026-09-17,2026-09-17,CM,NSE,STK,24814,INE02RE01045,FIRSTCRY,EQ,,,,,BRAINBEES SOLUTIONS LTD,171.08,171.24,167.21,169.25,169.06,170.02,,169.22,,,1804936,304508470.26,17759,F1,1,,,,,
2026-09-17,2026-09-17,CM,NSE,STK,7780,INE977Y01011,BCONCEPTS,EQ,,,,,BRAND CONCEPTS LIMITED,159.74,159.74,150.02,154.23,154.00,150.68,,154.24,,,5383,820746.93,310,F1,1,,,,,
2026-09-17,2026-09-17,CM,NSE,STK,760972,INE0XUD01014,BRANDMAN,SM,,,,,BRANDMAN RETAIL LIMITED,164.95,164.95,164.00,164.00,164.00,163.90,,164.00,,,1600,263160.00,2,F1,800,,,,,
2026-09-17,2026-09-17,CM,NSE,STK,15184,INE791I01019,BRIGADE,EQ,,,,,BRIGADE ENTER. LTD,627.00,636.80,618.60,620.90,618.60,626.85,,620.93,,,260372,162937223.50,17939,F1,1,,,,,
2026-09-17,2026-09-17,CM,NSE,STK,757794,INE03NU01014,BRIGHOTEL,EQ,,,,,BRIGADE HOTEL VENTURE LTD,56.12,57.29,55.00,56.52,56.40,55.85,,56.52,,,121720,6827922.18,3295,F1,1,,,,,
2026-09-17,2026-09-17,CM,NSE,STK,764633,INE630D01010,BRIGHTBR,EQ,,,,,BRIGHT BROTHERS LTD.,252.00,252.00,245.00,245.00,245.00,252.00,,243.27,,,472,115841.15,22,F1,1,,,,,
2026-09-17,2026-09-17,CM,NSE,STK,8833,INE425B01027,BCG,EQ,,,,,BRIGHTCOM GROUP LIMITED,9.80,10.07,9.73,9.86,9.93,9.78,,9.86,,,4853153,48019965.74,4167,F1,1,,,,,
2026-09-17,2026-09-17,CM,NSE,STK,547,INE216A01030,BRITANNIA,EQ,,,,,BRITANNIA INDUSTRIES LTD,4996.00,5040.00,4982.00,4982.00,4982.00,4999.50,,4982.01,,,308669,1547127611.00,24245,F1,1,,,,,
2026-09-17,2026-09-17,CM,NSE,STK,2203,INE0FDU25010,BIRET,RR,,,,,BROOKFIELD INDIA RET,340.00,340.98,337.50,338.66,339.00,340.28,,338.66,,,257357,87049403.34,10448,F1,1,,,,,
2026-09-17,2026-09-17,CM,NSE,STK,25136,INE650L01011,BROOKS,EQ,,,,,BROOKS LAB LIMITED,62.99,62.99,58.22,61.23,61.10,61.02,,61.23,,,27597,1677143.43,384,F1,1,,,,,
2026-09-17,2026-09-17,CM,NSE,STK,19585,INE118H01025,BSE,EQ,,,,,BSE LIMITED,3255.00,3303.00,3232.20,3259.00,3259.00,3240.00,,3259.00,,,2770028,9055427346.40,116540,F1,1,,,,,
2026-09-17,2026-09-17,CM,NSE,STK,559,INE594B01012,BSL,EQ,,,,,BSL LTD,119.99,119.99,116.80,117.32,116.80,117.97,,117.32,,,641,75723.38,40,F1,1,,,,,
2026-09-17,2026-09-17,CM,NSE,STK,2716,INE295F01017,BUTTERFLY,EQ,,,,,BTRFLY GANDHI APPL LTD,576.75,590.00,572.55,578.85,572.55,576.85,,579.06,,,9658,5613779.50,686,F1,1,,,,,
2026-09-17,2026-09-17,CM,NSE,STK,24704,INE0SZ301012,BULKCORP,ST,,,,,BULKCORP INTERNATIONAL L,86.00,86.00,86.00,86.00,86.00,85.00,,86.00,,,1200,103200.00,1,F1,1200,,,,,
2026-09-17,2026-09-17,CM,NSE,STK,15198,INE817H01022,BURNPUR,BE,,,,,BURNPUR CEMENT LIMITED,17.50,17.50,17.50,17.50,17.50,16.67,,17.50,,,31069,543707.50,135,F1,1,,,,,
2026-09-17,2026-09-17,CM,NSE,STK,764643,INE084D01010,CGVAK,EQ,,,,,C G V A K SOFTWARE & EX L,147.90,147.90,142.52,146.50,146.50,144.11,,145.35,,,271,39089.00,24,F1,1,,,,,
2026-09-17,2026-09-17,CM,NSE,STK,760854,INE0SMX01019,CKKRETAIL,SM,,,,,C K K RETAIL MART LIMITED,169.00,173.45,151.20,170.20,173.45,150.00,,170.20,,,116000,19181400.00,123,F1,800,,,,,
2026-09-17,2026-09-17,CM,NSE,STK,7227,INE0BV301023,MAPMYINDIA,EQ,,,,,C.E. INFO SYSTEMS LIMITED,884.90,897.80,881.00,889.80,886.90,883.10,,889.79,,,70478,62665247.30,5725,F1,1,,,,,
2026-09-17,2026-09-17,CM,NSE,STK,27274,INE0U7V01015,C2C,SM,,,,,C2C ADVANCED SYSTEMS LTD,211.50,218.00,205.60,210.65,210.10,212.20,,210.65,,,58650,12382320.00,271,F1,150,,,,,
2026-09-17,2026-09-17,CM,NSE,STK,764255,INE11XY01018,CMLL,EQ,,,,,CALIBER MINING AND LOG L,477.90,485.75,470.05,482.70,482.00,475.40,,482.73,,,201349,96311790.55,6071,F1,1,,,,,
2026-09-17,2026-09-17,CM,NSE,STK,8400,INE526B01014,CALSOFT,BE,,,,,CALIFORNIA SOFTWARE CO LT,34.18,37.76,34.18,37.69,37.76,35.97,,37.69,,,315567,11371550.78,1075,F1,1,,,,,
2026-09-17,2026-09-17,CM,NSE,STK,14222,INE627H01017,CTE,BE,,,,,CAMBRIDGE TECH ENTER LTD,41.05,41.05,38.50,38.77,39.97,40.45,,39.07,,,9463,368302.35,80,F1,1,,,,,
2026-09-17,2026-09-17,CM,NSE,STK,6216,INE052I01032,CAMLINFINE,EQ,,,,,CAMLIN FINE SCIENCES LTD,98.12,102.87,98.12,99.63,99.10,98.12,,99.63,,,1064616,106887875.02,10347,F1,1,,,,,
2026-09-17,2026-09-17,CM,NSE,STK,9362,INE278Y01022,CAMPUS,EQ,,,,,CAMPUS ACTIVEWEAR LIMITED,211.47,213.12,210.00,211.98,211.75,211.47,,211.98,,,269576,56965193.55,13727,F1,1,,,,,
2026-09-17,2026-09-17,CM,NSE,STK,583,INE477A01020,CANFINHOME,EQ,,,,,CAN FIN HOMES LTD,773.10,784.60,770.75,774.40,775.00,771.95,,774.39,,,186251,145244870.55,7956,F1,1,,,,,
2026-09-17,2026-09-17,CM,NSE,STK,10794,INE476A01022,CANBK,EQ,,,,,CANARA BANK,123.15,125.14,122.48,123.90,123.90,123.20,,123.90,,,11099833,1372112571.74,55544,F1,1,,,,,
2026-09-17,2026-09-17,CM,NSE,STK,759477,INE01TY01017,CANHLIFE,EQ,,,,,CANARA HSBC LIFE INS CO L,154.00,156.29,152.62,155.36,155.50,153.92,,155.35,,,363145,56146847.60,8043,F1,1,,,,,
2026-09-17,2026-09-17,CM,NSE,STK,759311,INE218I01013,CRAMC,EQ,,,,,CANARA ROBECO AMC LIMITED,230.00,235.45,228.85,234.35,234.00,228.55,,234.35,,,203836,47492479.90,5847,F1,1,,,,,
2026-09-17,2026-09-17,CM,NSE,STK,19368,INE0QG301017,CANARYS,SM,,,,,CANARYS AUTOMATIONS LTD,23.15,24.00,22.85,23.75,23.55,23.15,,23.75,,,60000,1395600.00,12,F1,4000,,,,,
2026-09-17,2026-09-17,CM,NSE,STK,20160,INE068L01024,CANTABIL,EQ,,,,,CANTABIL RETAIL LTD,239.44,245.00,238.03,243.00,241.30,238.95,,243.00,,,147281,35758897.42,2646,F1,1,,,,,
2026-09-17,2026-09-17,CM,NSE,STK,21749,INE264T01014,CAPACITE,EQ,,,,,CAPACITE INFRAPROJECT LTD,187.01,194.50,185.32,192.73,193.20,186.88,,192.73,,,206508,39402123.73,5148,F1,1,,,,,
2026-09-17,2026-09-17,CM,NSE,STK,759867,INE0ILV01024,CAPILLARY,EQ,,,,,CAPILLARY TECHNO INDIA L,451.00,453.95,444.30,448.95,447.30,452.05,,448.89,,,121509,54567975.75,4694,F1,1,,,,,
2026-09-17,2026-09-17,CM,NSE,STK,756015,INE345H01024,CIFL,EQ,,,,,CAPITAL INDIA FINANCE LTD,20.95,20.95,19.56,20.03,20.01,20.20,,20.03,,,422331,8484953.49,876,F1,1,,,,,
2026-09-17,2026-09-17,CM,NSE,STK,29157,INE0Z8Z23013,CAPINVIT,IV,,,,,CAPITAL INFRA TRUST,77.18,77.25,76.60,76.81,76.85,76.88,,76.81,,,153603,11811177.39,2424,F1,1,,,,,
2026-09-17,2026-09-17,CM,NSE,STK,22675,INE646H01017,CAPITALSFB,EQ,,,,,CAPITAL SMALL FIN BANK L,275.85,284.00,272.05,279.90,279.50,273.25,,279.86,,,15202,4214166.65,617,F1,1,,,,,
2026-09-17,2026-09-17,CM,NSE,STK,19451,INE707C01018,CAPTRUST,BE,,,,,CAPITAL TRUST LIMITED,17.98,18.48,17.50,18.48,18.48,17.60,,18.49,,,32497,593833.21,64,F1,1,,,,,
2026-09-17,2026-09-17,CM,NSE,STK,3906,INE475E01026,CAPLIPOINT,EQ,,,,,CAPLIN POINT LAB LTD.,2586.60,2629.80,2579.30,2596.60,2600.00,2583.00,,2596.55,,,68353,177847989.30,10520,F1,1,,,,,
2026-09-17,2026-09-17,CM,NSE,STK,20329,INE180C01042,CGCL,EQ,,,,,CAPRI GLOBAL CAPITAL LTD,256.95,266.40,256.65,262.35,262.20,256.65,,262.34,,,2591024,679522501.00,41101,F1,1,,,,,
2026-09-17,2026-09-17,CM,NSE,STK,764203,INE536P01021,CPL,EQ,,,,,CAPTAIN POLYPLAST LIMITED,63.73,66.47,63.13,65.39,65.01,62.26,,65.40,,,118614,7805715.87,375,F1,1,,,,,
2026-09-17,2026-09-17,CM,NSE,STK,595,INE120A01034,CARBORUNIV,EQ,,,,,CARBORUNDUM UNIVERSAL LTD,1053.90,1094.90,1045.10,1083.60,1083.90,1051.60,,1083.60,,,226913,244546193.60,26234,F1,1,,,,,
2026-09-17,2026-09-17,CM,NSE,STK,29113,INE752H01013,CARERATING,EQ,,,,,CARE RATINGS LIMITED,1642.70,1675.00,1636.10,1643.70,1644.10,1652.50,,1643.67,,,22029,36428607.20,3844,F1,1,,,,,
2026-09-17,2026-09-17,CM,NSE,STK,758941,INE0P6P01016,CPEDU,EQ,,,,,CAREER POINT EDUTECH LTD,173.26,179.00,173.05,173.30,175.00,174.13,,172.86,,,2021,352113.22,59,F1,1,,,,,
2026-09-17,2026-09-17,CM,NSE,STK,28879,INE0V7W01012,CARRARO,EQ,,,,,CARRARO INDIA LIMITED,509.70,524.00,506.95,515.05,523.00,508.85,,515.03,,,357858,184208527.65,4193,F1,1,,,,,
2026-09-17,2026-09-17,CM,NSE,STK,5407,INE290S01011,CARTRADE,EQ,,,,,CARTRADE TECH LIMITED,2889.90,2959.60,2876.80,2938.00,2946.00,2885.30,,2938.01,,,196278,573410514.30,27597,F1,1,,,,,
2026-09-17,2026-09-17,CM,NSE,STK,1879,INE482D01024,CARYSIL,EQ,,,,,CARYSIL LIMITED,1118.40,1136.00,1108.00,1111.10,1111.00,1118.40,,1110.99,,,41001,45782237.40,3963,F1,1,,,,,
2026-09-17,2026-09-17,CM,NSE,STK,1250,INE172A01027,CASTROLIND,EQ,,,,,CASTROL INDIA LIMITED,189.40,192.87,188.80,191.72,191.70,188.84,,191.72,,,4924285,941235282.63,45989,F1,1,,,,,
2026-09-17,2026-09-17,CM,NSE,STK,11452,INE421D01022,CCL,EQ,,,,,CCL PRODUCTS (I) LTD,1060.00,1070.30,1052.00,1062.30,1070.20,1065.50,,1062.30,,,112984,120059084.30,15648,F1,1,,,,,
2026-09-17,2026-09-17,CM,NSE,STK,15254,INE482A01020,CEATLTD,EQ,,,,,CEAT LIMITED,3320.00,3442.00,3290.00,3431.10,3425.60,3305.60,,3431.25,,,117834,398862297.20,18040,F1,1,,,,,
2026-09-17,2026-09-17,CM,NSE,STK,757690,INE11J101017,CEDAAR,ST,,,,,CEDAAR TEXTILE LIMITED,11.30,11.30,10.85,10.90,10.90,11.40,,10.90,,,12000,132500.00,11,F1,1000,,,,,
2026-09-17,2026-09-17,CM,NSE,STK,24742,INE0AG901020,CEIGALL,EQ,,,,,CEIGALL INDIA LIMITED,386.00,392.35,383.85,390.00,388.05,386.80,,390.00,,,283457,110295748.10,6551,F1,1,,,,,
2026-09-17,2026-09-17,CM,NSE,STK,761037,INE016Q01014,CEINSYS,EQ,,,,,CEINSYS TECH LIMITED,672.00,695.70,671.00,684.30,682.00,673.05,,684.31,,,95879,65685424.35,6334,F1,1,,,,,
2026-09-17,2026-09-17,CM,NSE,STK,13162,INE185H01016,CELEBRITY,EQ,,,,,CELEBRITY FASHIONS LTD,6.90,6.90,6.65,6.79,6.80,6.73,,6.79,,,9287,62932.81,63,F1,1,,,,,
2026-09-17,2026-09-17,CM,NSE,STK,18806,INE0OMO01025,CELLECOR,SM,,,,,CELLECOR GADGETS LIMITED,30.55,31.00,29.85,30.65,30.00,30.45,,30.65,,,534000,16330800.00,74,F1,3000,,,,,
2026-09-17,2026-09-17,CM,NSE,STK,19795,INE0LMW01024,CELLO,EQ,,,,,CELLO WORLD LIMITED,324.00,330.35,323.00,327.60,327.00,323.40,,327.59,,,146537,48033459.80,8059,F1,1,,,,,
2026-09-17,2026-09-17,CM,NSE,STK,5622,INE686A01026,CEMPRO,EQ,,,,,CEMINDIA PROJECTS LIMITED,1235.10,1266.80,1226.80,1255.10,1264.60,1235.10,,1255.08,,,131962,165592493.20,14340,F1,1,,,,,
2026-09-17,2026-09-17,CM,NSE,STK,14894,INE483A01010,CENTRALBK,EQ,,,,,CENTRAL BANK OF INDIA,30.37,30.65,30.12,30.40,30.43,30.39,,30.40,,,4138533,125677084.12,12332,F1,1,,,,,
2026-09-17,2026-09-17,CM,NSE,STK,21174,INE736A01011,CDSL,EQ,,,,,CENTRAL DEPO SER (I) LTD,1299.00,1357.50,1296.30,1349.40,1349.40,1299.00,,1349.40,,,1823018,2448339119.50,53787,F1,1,,,,,
2026-09-17,2026-09-17,CM,NSE,STK,761581,INE05HV01027,CMPDI,EQ,,,,,CENTRAL MINE P N D INST L,203.25,207.70,201.84,205.69,204.50,203.77,,205.69,,,1543775,316452728.33,17996,F1,1,,,,,
2026-09-17,2026-09-17,CM,NSE,STK,2454,INE660C01027,CENTRUM,EQ,,,,,CENTRUM CAPITAL LIMITED,21.21,22.80,21.21,22.25,22.80,21.52,,22.25,,,115717,2519393.17,425,F1,1,,,,,
2026-09-17,2026-09-17,CM,NSE,STK,14982,INE320B01020,CENTUM,EQ,,,,,CENTUM ELECTRONICS LTD,4327.90,4448.00,4297.40,4343.40,4325.20,4276.10,,4343.38,,,62333,272968912.20,18265,F1,1,,,,,
2026-09-17,2026-09-17,CM,NSE,STK,619,INE485A01015,CENTENKA,EQ,,,,,CENTURY ENKA LTD,561.50,571.45,557.05,564.40,566.00,561.45,,564.63,,,30676,17332394.80,2217,F1,1,,,,,
2026-09-17,2026-09-17,CM,NSE,STK,11511,INE281A01026,CENTEXT,EQ,,,,,CENTURY EXTRUSIONS LTD,19.47,19.64,18.91,19.05,19.02,19.49,,19.05,,,213144,4071547.03,951,F1,1,,,,,
2026-09-17,2026-09-17,CM,NSE,STK,13305,INE348B01021,CENTURYPLY,EQ,,,,,CENTURY PLYBOARDS (I) LTD,724.75,724.75,714.35,718.95,717.80,719.90,,718.93,,,9957,7156609.05,1183,F1,1,,,,,
2026-09-17,2026-09-17,CM,NSE,STK,15039,INE739E01017,CERA,EQ,,,,,CERA SANITARYWARE LTD,5625.00,5646.00,5576.00,5592.00,5613.50,5646.00,,5591.97,,,3685,20651312.00,1031,F1,1,,,,,
2026-09-17,2026-09-17,CM,NSE,STK,628,INE486A01021,CESC,EQ,,,,,CESC LTD,141.65,143.21,140.88,141.56,141.99,141.67,,141.56,,,1220274,172902307.70,21397,F1,1,,,,,
2026-09-17,2026-09-17,CM,NSE,STK,760,INE067A01029,CGPOWER,EQ,,,,,CG POWER AND IND SOL LTD,859.00,883.40,856.30,880.00,880.00,851.55,,880.00,,,2342568,2043588074.70,51919,F1,1,,,,,
2026-09-17,2026-09-17,CM,NSE,STK,8546,INE427F01016,CHALET,EQ,,,,,CHALET HOTELS LIMITED,840.00,855.80,840.00,842.30,843.70,844.10,,842.31,,,28195,23844950.65,5864,F1,1,,,,,
2026-09-17,2026-09-17,CM,NSE,STK,3482,INE419D01026,CLSEL,EQ,,,,,CHAMAN LAL SETIA EXP LTD,292.00,297.85,290.10,295.55,293.50,298.25,,295.55,,,57992,17056291.75,2571,F1,1,,,,,
2026-09-17,2026-09-17,CM,NSE,STK,13731,INE06PV01010,CMNL,SM,,,,,CHAMAN METALLICS LIMITED,110.15,114.90,110.15,114.90,114.90,114.95,,114.90,,,1500,168787.50,2,F1,750,,,,,
2026-09-17,2026-09-17,CM,NSE,STK,637,INE085A01013,CHAMBLFERT,EQ,,,,,CHAMBAL FERTILIZERS LTD,407.50,416.00,407.50,413.90,414.50,409.10,,413.88,,,261042,107926554.55,14540,F1,1,,,,,
2026-09-17,2026-09-17,CM,NSE,STK,29541,INE11HG01018,CHAMUNDA,SM,,,,,CHAMUNDA ELECTRICAL LTD,45.00,45.00,43.00,43.00,43.00,43.00,,43.00,,,6000,264000.00,2,F1,3000,,,,,
2026-09-17,2026-09-17,CM,NSE,STK,29633,INE0B2N01016,CHANDAN,SM,,,,,CHANDAN HEALTHCARE LTD,210.00,211.70,196.00,197.85,198.40,204.30,,197.85,,,36800,7464400.00,44,F1,800,,,,,
2026-09-17,2026-09-17,CM,NSE,STK,18654,INE0PT101017,CHAVDA,SM,,,,,CHAVDA INFRA LIMITED,123.00,123.00,120.50,120.50,120.50,123.45,,120.50,,,9000,1094650.00,9,F1,1000,,,,,
2026-09-17,2026-09-17,CM,NSE,STK,757991,INE0TGX01019,CHEMBONDCH,BE,,,,,CHEMBOND CHEMICAL LIMITED,275.00,284.00,264.00,274.00,277.00,270.75,,274.00,,,12782,3517739.15,178,F1,1,,,,,
2026-09-17,2026-09-17,CM,NSE,STK,14618,INE995D01025,CHEMBOND,EQ,,,,,CHEMBOND MATERIALTECH LTD,197.44,203.99,185.03,196.18,193.05,190.06,,196.17,,,10490,2055410.98,496,F1,1,,,,,
2026-09-17,2026-09-17,CM,NSE,STK,276,INE03YM01018,CHEMCON,BE,,,,,CHEMCON SPECIAL CHEM LTD,215.80,218.00,210.30,214.77,216.80,212.10,,214.81,,,36760,7909761.46,518,F1,1,,,,,
2026-09-17,2026-09-17,CM,NSE,STK,765045,INE298W01016,CHEMCRUX,EQ,,,,,CHEMCRUX ENTERPRISES LTD.,81.50,82.80,79.00,82.70,82.79,81.14,,82.19,,,1924,155436.41,110,F1,1,,,,,
2026-09-17,2026-09-17,CM,NSE,STK,2799,INE783X01023,CHEMFAB,EQ,,,,,CHEMFAB ALKALIS LIMITED,355.00,370.10,350.60,356.15,355.00,358.00,,357.82,,,2925,1043496.95,193,F1,1,,,,,
2026-09-17,2026-09-17,CM,NSE,STK,5449,INE488A01050,CHEMPLASTS,EQ,,,,,CHEMPLAST SANMAR LIMITED,166.12,169.47,165.01,167.80,167.99,166.12,,167.81,,,164603,27560353.75,4728,F1,1,,,,,
2026-09-17,2026-09-17,CM,NSE,STK,2049,INE178A01016,CHENNPETRO,EQ,,,,,CHENNAI PETROLEUM CORP LT,1456.00,1519.60,1402.00,1414.10,1414.50,1456.00,,1414.12,,,1890830,2723393494.20,80725,F1,1,,,,,
2026-09-17,2026-09-17,CM,NSE,STK,24625,INE0U1T01012,CHETANA,SM,,,,,CHETANA EDUCATION LIMITED,41.00,41.00,41.00,41.00,41.00,41.00,,41.00,,,3200,131200.00,2,F1,1600,,,,,
2026-09-17,2026-09-17,CM,NSE,STK,9879,INE974B01016,CHEVIOT,EQ,,,,,CHEVIOT COMPANY LIMITED,1169.20,1175.10,1160.20,1161.50,1162.00,1175.10,,1161.94,,,611,712159.70,143,F1,1,,,,,
2026-09-17,2026-09-17,CM,NSE,STK,8866,INE102B01014,CHOICEIN,EQ,,,,,CHOICE INTERNATIONAL LTD,725.50,742.00,721.60,738.00,736.00,725.65,,738.03,,,500717,366204740.25,8873,F1,1,,,,,
2026-09-17,2026-09-17,CM,NSE,STK,759610,INF2KCX01012,CHOICEGOLD,EQ,,,,,CHOICEAMC - CHOICEGOLD,149.90,149.90,147.52,149.30,149.57,150.06,,149.30,,,4383,654144.26,133,F1,1,,,,,
2026-09-17,2026-09-17,CM,NSE,STK,21740,INE149A01033,CHOLAHLDNG,EQ,,,,,CHOLAMANDALAM FIN HOL LTD,1525.60,1537.50,1472.00,1499.20,1490.00,1512.40,,1499.19,,,250938,374991841.60,17676,F1,1,,,,,
2026-09-17,2026-09-17,CM,NSE,STK,685,INE121A01024,CHOLAFIN,EQ,,,,,CHOLAMANDALAM IN & FIN CO,1765.50,1793.20,1747.60,1764.50,1764.50,1765.60,,1764.50,,,1802374,3175352076.00,67838,F1,1,,,,,
2026-09-17,2026-09-17,CM,NSE,STK,14937,INE536H01010,CIEINDIA,EQ,,,,,CIE AUTOMOTIVE INDIA LTD,375.80,389.00,372.70,385.70,384.80,375.80,,385.73,,,280016,107335986.70,13954,F1,1,,,,,
2026-09-17,2026-09-17,CM,NSE,STK,27161,INE704H01022,CINELINE,EQ,,,,,CINELINE INDIA LIMITED,90.10,95.00,89.87,92.95,92.00,89.96,,92.95,,,22444,2082351.17,396,F1,1,,,,,
2026-09-17,2026-09-17,CM,NSE,STK,8024,INE039B01026,CINEVISTA,EQ,,,,,CINEVISTA LIMITED,13.95,14.50,13.82,13.94,14.19,13.88,,13.94,,,12684,178514.29,157,F1,1,,,,,
2026-09-17,2026-09-17,CM,NSE,STK,694,INE059A01026,CIPLA,EQ,,,,,CIPLA LTD,1362.50,1385.00,1351.60,1376.30,1376.30,1358.00,,1376.26,,,730653,1003182854.50,25890,F1,1,,,,,
2026-09-17,2026-09-17,CM,NSE,STK,763149,INE2Q7823014,CITIUSINVT,IV,,,,,CITIUS TRANSNET INV TRUST,115.84,116.10,115.00,115.50,115.70,115.84,,115.50,,,19986,2309478.90,127,F1,1,,,,,
2026-09-17,2026-09-17,CM,NSE,STK,5701,INE491A01021,CUB,EQ,,,,,CITY UNION BANK LTD,227.00,237.00,227.00,231.82,232.50,227.24,,231.82,,,2026127,472432263.02,36296,F1,1,,,,,
2026-09-17,2026-09-17,CM,NSE,STK,20223,INE201M01029,CLEDUCATE,EQ,,,,,CL EDUCATE LIMITED,56.94,57.00,54.23,54.63,55.34,56.94,,54.83,,,7972,442059.58,248,F1,1,,,,,
2026-09-17,2026-09-17,CM,NSE,STK,758736,INE0UQ601012,CLASSICEIL,SM,,,,,CLASSIC ELECTRODE (IND) L,51.00,51.00,51.00,51.00,51.00,51.00,,51.00,,,1600,81600.00,1,F1,1600,,,,,
2026-09-17,2026-09-17,CM,NSE,STK,754695,INE1QGM01024,CLAYCRAFT,SM,,,,,CLAY CRAFT INDIA LIMITED,153.10,153.10,146.60,147.60,146.60,152.80,,147.60,,,56400,8484120.00,72,F1,600,,,,,
2026-09-17,2026-09-17,CM,NSE,STK,760183,INE647U01026,CLEANMAX,EQ,,,,,CLEAN MAX ENVIRO EN SOL L,1289.80,1328.00,1281.00,1291.10,1288.00,1286.80,,1291.01,,,131355,170932005.30,22051,F1,1,,,,,
2026-09-17,2026-09-17,CM,NSE,STK,5049,INE227W01023,CLEAN,EQ,,,,,CLEAN SCIENCE & TECH LTD,821.80,834.80,816.40,828.15,828.00,820.00,,828.06,,,138156,114230034.00,8910,F1,1,,,,,
2026-09-17,2026-09-17,CM,NSE,STK,760143,INE1EF801010,CSSL,SM,,,,,CLEAR SECURED SERVICES L,87.00,87.00,87.00,87.00,87.00,88.40,,87.00,,,1000,87000.00,1,F1,1000,,,,,
2026-09-17,2026-09-17,CM,NSE,STK,30893,INE00WV01027,CMRGREEN,EQ,,,,,CMR GREEN TECHNOLOGIES L,212.00,215.19,211.91,213.26,213.70,211.91,,213.30,,,158680,33899027.15,6750,F1,1,,,,,
2026-09-17,2026-09-17,CM,NSE,STK,7603,INE925R01014,CMSINFO,EQ,,,,,CMS INFO SYSTEMS LIMITED,237.00,237.00,228.28,231.04,232.00,232.39,,231.06,,,818063,190317686.11,18785,F1,1,,,,,
2026-09-17,2026-09-17,CM,NSE,STK,20374,INE522F01014,COALINDIA,EQ,,,,,COAL INDIA LTD,421.10,422.80,416.55,418.00,418.00,422.25,,418.00,,,3329425,1395061446.70,62807,F1,1,,,,,
2026-09-17,2026-09-17,CM,NSE,STK,6006,INE377E01024,COASTCORP,EQ,,,,,COASTAL CORPORATION LTD,36.20,37.93,35.20,35.46,35.21,36.18,,35.46,,,161397,5810829.12,1592,F1,1,,,,,
2026-09-17,2026-09-17,CM,NSE,STK,21508,INE704P01025,COCHINSHIP,EQ,,,,,COCHIN SHIPYARD LIMITED,1312.00,1349.90,1310.10,1334.30,1334.30,1319.00,,1334.29,,,778679,1030187153.90,27015,F1,1,,,,,
2026-09-17,2026-09-17,CM,NSE,STK,11165,INE335K01011,COFFEEDAY,EQ,,,,,COFFEE DAY ENTERPRISE LTD,30.50,31.00,30.41,30.86,30.90,30.40,,30.86,,,365413,11219459.50,1184,F1,1,,,,,
2026-09-17,2026-09-17,CM,NSE,STK,11543,INE591G01025,COFORGE,EQ,,,,,COFORGE LIMITED,1766.80,1797.40,1759.40,1793.00,1793.00,1766.70,,1792.99,,,1305465,2321929536.60,56667,F1,1,,,,,
2026-09-17,2026-09-17,CM,NSE,STK,17945,INE03QK01018,COHANCE,EQ,,,,,COHANCE LIFESCIENCES LTD,435.00,446.50,428.05,439.95,439.95,432.95,,439.96,,,1164491,507841976.55,40351,F1,1,,,,,
2026-09-17,2026-09-17,CM,NSE,STK,15141,INE259A01022,COLPAL,EQ,,,,,COLGATE PALMOLIVE LTD.,1861.00,1886.00,1840.00,1840.30,1840.30,1860.00,,1840.78,,,416358,777050271.50,22914,F1,1,,,,,
2026-09-17,2026-09-17,CM,NSE,STK,762628,INE819A01049,COMFINTE,EQ,,,,,COMFORT INTECH LTD.,5.88,6.07,5.82,5.99,6.00,5.88,,5.99,,,124549,744038.89,288,F1,1,,,,,
2026-09-17,2026-09-17,CM,NSE,STK,21578,INE073V01015,COMSYN,EQ,,,,,COMMERCIAL SYN BAGS LTD,299.00,303.20,291.00,293.00,293.00,294.75,,292.98,,,117045,34623641.35,2918,F1,1,,,,,
2026-09-17,2026-09-17,CM,NSE,STK,764648,INE823B01015,COMPEAU,EQ,,,,,COMPETENT AUTOMOB CO. L,360.40,366.00,360.00,360.00,360.00,360.40,,360.00,,,541,195541.90,19,F1,1,,,,,
2026-09-17,2026-09-17,CM,NSE,STK,19670,INE070C01037,COMPINFO,BZ,,,,,COMPUAGE INFOCOM LTD,1.09,1.13,1.04,1.10,1.13,1.08,,1.10,,,5011,5369.86,34,F1,1,,,,,
2026-09-17,2026-09-17,CM,NSE,STK,31138,INE453B01029,COMPUSOFT,EQ,,,,,COMPUCOM SOFTWARE LTD,13.08,13.08,12.80,12.94,13.00,12.84,,12.94,,,21394,275642.02,89,F1,1,,,,,
2026-09-17,2026-09-17,CM,NSE,STK,342,INE596I01020,CAMS,EQ,,,,,COMPUTER AGE MNGT SER LTD,706.35,718.80,704.50,714.95,714.95,705.70,,714.95,,,1304374,930140129.20,50059,F1,1,,,,,
2026-09-17,2026-09-17,CM,NSE,STK,18060,INE338H01029,CONCORDBIO,EQ,,,,,CONCORD BIOTECH LIMITED,1446.00,1473.80,1442.20,1461.10,1458.50,1453.80,,1461.12,,,84587,123558554.10,11331,F1,1,,,,,
2026-09-17,2026-09-17,CM,NSE,STK,28764,INE037Z01029,CEWATER,EQ,,,,,CONCORD ENVIRO SYSTEMS L,259.35,262.30,255.00,256.50,255.00,259.35,,256.48,,,42259,10908736.15,1938,F1,1,,,,,
2026-09-17,2026-09-17,CM,NSE,STK,764641,INE700F01024,CFEL,BE,,,,,CONFIDENCE FUTURIST ENE L,44.00,46.99,44.00,46.22,46.00,46.00,,46.13,,,11128,512211.81,52,F1,1,,,,,
2026-09-17,2026-09-17,CM,NSE,STK,10238,INE552D01024,CONFIPET,EQ,,,,,CONFIDENCE PETRO IND LTD.,86.50,88.59,85.50,86.76,86.55,86.58,,86.76,,,1445669,125581394.16,13543,F1,1,,,,,
2026-09-17,2026-09-17,CM,NSE,STK,758453,INE0EAS01014,CONNPLEX,SM,,,,,CONNPLEX CINEMAS LIMITED,257.50,258.95,250.00,250.30,250.00,253.00,,250.30,,,51200,12977040.00,49,F1,800,,,,,
2026-09-17,2026-09-17,CM,NSE,STK,14992,INE429I01024,CCCL,EQ,,,,,CONS. CONST. CONSORT LTD,13.50,14.06,13.50,13.69,13.61,13.61,,13.69,,,223283,3077934.88,443,F1,1,,,,,
2026-09-17,2026-09-17,CM,NSE,STK,11732,INE025A01027,CONSOFINVT,BE,,,,,CONSO. FIN. & HOLD. LTD.,305.00,310.50,298.00,300.60,307.40,303.15,,300.60,,,6754,2054124.95,93,F1,1,,,,,
2026-09-17,2026-09-17,CM,NSE,STK,4749,INE111A01025,CONCOR,EQ,,,,,CONTAINER CORP OF IND LTD,487.00,494.00,485.00,488.15,488.15,488.80,,488.15,,,791185,387038620.20,16441,F1,1,,,,,
2026-09-17,2026-09-17,CM,NSE,STK,2531,INE340Z01019,CONTI,SM,,,,,CONTINENTAL SEED CHEM LTD,10.55,10.55,10.55,10.55,10.55,11.10,,10.55,,,9999,105489.45,3,F1,3333,,,,,
2026-09-17,2026-09-17,CM,NSE,STK,17477,INE663B01015,CONTROLPR,EQ,,,,,CONTROL PRINT LIMITED,594.00,610.00,592.00,603.50,603.50,591.50,,603.53,,,104231,63070112.60,4239,F1,1,,,,,
2026-09-17,2026-09-17,CM,NSE,STK,8560,INE0HS001028,COOLCAPS,SM,,,,,COOL CAPS INDUSTRIES LTD,25.10,26.80,24.50,26.00,26.30,25.15,,26.00,,,157500,4055750.00,92,F1,1250,,,,,
2026-09-17,2026-09-17,CM,NSE,STK,4007,INE558D01021,CORALFINAC,EQ,,,,,CORAL INDIA FIN & HOUS LT,32.40,33.10,32.20,32.35,32.40,32.40,,32.35,,,7851,253664.32,85,F1,1,,,,,
2026-09-17,2026-09-17,CM,NSE,STK,15271,INE792I01017,CORDSCABLE,EQ,,,,,CORDS CABLE INDUS LTD.,351.70,369.00,340.25,355.30,355.20,348.25,,355.06,,,101846,36456679.75,3593,F1,1,,,,,
2026-09-17,2026-09-17,CM,NSE,STK,739,INE169A01031,COROMANDEL,EQ,,,,,COROMANDEL INTERNTL. LTD,1936.00,1947.30,1922.00,1929.80,1922.00,1937.80,,1929.82,,,120177,231850564.80,13436,F1,1,,,,,
2026-09-17,2026-09-17,CM,NSE,STK,760254,INE02ZQ01018,CORONA,EQ,,,,,CORONA REMEDIES LIMITED,2160.00,2184.00,2133.10,2169.60,2170.00,2143.60,,2167.89,,,13543,29209006.20,2546,F1,1,,,,,
2026-09-17,2026-09-17,CM,NSE,STK,742,INE757A01017,COSMOFIRST,EQ,,,,,COSMO FIRST LIMITED,873.95,888.00,870.45,879.90,883.00,878.05,,879.17,,,36388,32057883.25,1903,F1,1,,,,,
2026-09-17,2026-09-17,CM,NSE,STK,6385,INE652F01027,CCHHL,EQ,,,,,COUNTRY CLUB HOSP HOL LTD,12.42,13.00,12.42,12.86,12.95,12.50,,12.85,,,13409,171955.91,113,F1,1,,,,,
2026-09-17,2026-09-17,CM,NSE,STK,16989,INE695B01025,COUNCODOS,BE,,,,,COUNTRY CONDO S LIMITED,6.49,6.49,6.30,6.33,6.44,6.49,,6.35,,,19054,121079.30,87,F1,1,,,,,
2026-09-17,2026-09-17,CM,NSE,STK,20086,INE521J01018,CPCAP,EQ,,,,,CP CAPITAL LIMITED,140.77,142.00,139.51,141.05,141.25,140.77,,141.05,,,12304,1732470.75,446,F1,1,,,,,
2026-09-17,2026-09-17,CM,NSE,STK,2328,INF457M01133,CPSEETF,EQ,,,,,CPSE ETF,91.10,93.04,91.10,92.29,92.28,92.32,,92.29,,,481374,44506683.34,4052,F1,1,,,,,
2026-09-17,2026-09-17,CM,NSE,STK,2854,INE00LO01017,CRAFTSMAN,EQ,,,,,CRAFTSMAN AUTOMATION LTD,10900.00,11119.00,10880.00,10937.00,10933.00,11040.00,,10937.73,,,24056,263659700.00,9606,F1,1,,,,,
2026-09-17,2026-09-17,CM,NSE,STK,764653,INE145E01017,CRAVATEX,EQ,,,,,CRAVATEX LTD.,334.95,339.90,315.00,337.25,339.90,323.10,,337.17,,,2104,699793.55,42,F1,1,,,,,
2026-09-17,2026-09-17,CM,NSE,STK,16419,INE0OFK01019,CRAYONS,SM,,,,,CRAYONS ADVERTISING LTD,23.05,23.05,23.05,23.05,23.05,22.80,,23.05,,,1000,23050.00,1,F1,1000,,,,,
2026-09-17,2026-09-17,CM,NSE,STK,9384,INE230B01021,CREATIVEYE,EQ,,,,,CREATIVE EYE LIMITED,5.50,5.93,5.50,5.59,5.64,5.59,,5.59,,,19166,106858.96,131,F1,1,,,,,
2026-09-17,2026-09-17,CM,NSE,STK,23468,INE0R7401011,CGRAPHICS,SM,,,,,CREATIVE GRAPHICS S IND L,139.00,139.50,137.15,137.65,138.90,138.65,,137.65,,,10400,1438840.00,13,F1,800,,,,,
2026-09-17,2026-09-17,CM,NSE,STK,11155,INE985W01018,CNL,EQ,,,,,CREATIVE NEWTECH LIMITED,1059.00,1116.00,1055.60,1078.90,1100.00,1065.50,,1078.80,,,9593,10320696.90,972,F1,1,,,,,
2026-09-17,2026-09-17,CM,NSE,STK,765303,INE1KPX01025,CREDENT,SM,,,,,CREDENT CONNECT N CARE L,327.15,339.90,324.00,333.00,339.00,336.95,,333.00,,,57000,18777750.00,83,F1,600,,,,,
2026-09-17,2026-09-17,CM,NSE,STK,4421,INE741K01010,CREDITACC,EQ,,,,,CREDITACCESS GRAMEEN LTD,1409.20,1420.00,1363.30,1370.80,1373.00,1416.50,,1370.80,,,175621,242105874.00,22037,F1,1,,,,,
2026-09-17,2026-09-17,CM,NSE,STK,20878,INE220Q01020,MUFTI,EQ,,,,,CREDO BRANDS MARKETING L,72.12,75.84,70.70,73.37,75.60,72.34,,73.35,,,225246,16209635.37,1997,F1,1,,,,,
2026-09-17,2026-09-17,CM,NSE,STK,765053,INE716D01033,CRSL,BE,,,,,CRESSANDA RAILWAY SOLUT L,2.54,2.58,2.41,2.47,2.45,2.49,,2.47,,,159538,394332.60,539,F1,1,,,,,
2026-09-17,2026-09-17,CM,NSE,STK,13900,INE559D01011,CREST,EQ,,,,,CREST VENTURES LIMITED,359.00,380.00,352.55,371.00,374.00,359.95,,371.19,,,1809,669733.00,69,F1,1,,,,,
2026-09-17,2026-09-17,CM,NSE,STK,19097,INE203Y01012,CRESTO,EQ,,,,,CRESTO TECHNO LIMITED,16.25,16.25,15.75,15.88,16.09,16.34,,15.88,,,4460,72398.06,87,F1,1,,,,,
2026-09-17,2026-09-17,CM,NSE,STK,757,INE007A01025,CRISIL,EQ,,,,,CRISIL LTD,4595.00,4629.50,4528.30,4560.00,4529.00,4578.80,,4559.28,,,19492,89219281.80,4955,F1,1,,,,,
2026-09-17,2026-09-17,CM,NSE,STK,757850,INE0S4R01014,CRIZAC,EQ,,,,,CRIZAC LIMITED,175.30,178.00,174.72,176.56,176.78,176.02,,176.55,,,120353,21242151.31,3827,F1,1,,,,,
2026-09-17,2026-09-17,CM,NSE,STK,17094,INE299U01018,CROMPTON,EQ,,,,,CROMPT GREA CON ELEC LTD,223.10,227.05,222.74,225.10,225.10,223.40,,225.10,,,1444471,325409692.29,22426,F1,1,,,,,
2026-09-17,2026-09-17,CM,NSE,STK,18263,INE00NH01017,CLSL,ST,,,,,CROP LIFE SCIENCE LIMITED,74.95,74.95,74.95,74.95,74.95,78.80,,74.95,,,6000,449700.00,3,F1,2000,,,,,
2026-09-17,2026-09-17,CM,NSE,STK,8083,INE491V01019,CROWN,EQ,,,,,CROWN LIFTERS LIMITED,110.00,111.40,108.00,108.95,109.10,107.54,,108.95,,,5857,641339.68,166,F1,1,,,,,
2026-09-17,2026-09-17,CM,NSE,STK,14966,INE679A01013,CSBBANK,EQ,,,,,CSB BANK LIMITED,322.05,334.70,313.00,328.35,323.80,328.75,,328.43,,,1959318,628468366.35,50477,F1,1,,,,,
2026-09-17,2026-09-17,CM,NSE,STK,10350,INE718F01018,CSLFINANCE,EQ,,,,,CSL FINANCE LIMITED,215.34,222.95,214.29,216.92,218.19,214.26,,217.01,,,35051,7646778.49,982,F1,1,,,,,
2026-09-17,2026-09-17,CM,NSE,STK,763753,INE0ZK601013,CSM,EQ,,,,,CSM TECHNOLOGIES LIMITED,98.90,103.90,96.32,102.64,103.00,96.22,,102.64,,,1734949,175693890.29,21838,F1,1,,,,,
2026-09-17,2026-09-17,CM,NSE,STK,15078,INE0NR623014,CUBEINVIT,IV,,,,,CUBE HIGHWAYS TRUST,156.41,157.45,156.30,156.49,156.50,156.84,,156.49,,,808926,126599641.88,21668,F1,1,,,,,
2026-09-17,2026-09-17,CM,NSE,STK,4064,INE144D01012,CUBEXTUB,EQ,,,,,CUBEX TUBINGS LTD,74.60,84.90,74.60,81.63,83.00,75.09,,81.64,,,244471,19816690.84,2852,F1,1,,,,,
2026-09-17,2026-09-17,CM,NSE,STK,1901,INE298A01020,CUMMINSIND,EQ,,,,,CUMMINS INDIA LTD,4940.00,5043.50,4920.00,5020.00,5020.00,4940.00,,5020.00,,,255287,1275272471.00,23037,F1,1,,,,,
2026-09-17,2026-09-17,CM,NSE,STK,18520,INE509F01029,CUPID,EQ,,,,,CUPID LIMITED,279.00,281.60,276.25,279.15,279.20,280.00,,279.15,,,5922526,1651043770.80,51662,F1,1,,,,,
2026-09-17,2026-09-17,CM,NSE,STK,30189,INE117B01020,CURAA,EQ,,,,,CURA TECHNOLOGIES LIMITED,72.01,73.44,70.40,72.94,73.44,75.00,,72.94,,,784,56622.75,23,F1,1,,,,,
2026-09-17,2026-09-17,CM,NSE,STK,759828,INE1BZN01016,CURIS,ST,,,,,CURIS LIFESCIENCES LTD,207.05,207.05,204.80,207.05,207.05,202.00,,207.05,,,8000,1646650.00,7,F1,1000,,,,,
2026-09-17,2026-09-17,CM,NSE,STK,758964,INE1CRQ01014,CURRENT,SM,,,,,CURRENT INFRAPROJECTS LTD,81.40,81.40,81.40,81.40,81.40,81.00,,81.40,,,1600,130240.00,1,F1,1600,,,,,
2026-09-17,2026-09-17,CM,NSE,STK,11845,INE278G01037,CYBERMEDIA,BE,,,,,CYBER MEDIA (INDIA) LTD.,22.11,23.10,21.45,22.03,22.09,22.11,,22.05,,,9254,205264.37,75,F1,1,,,,,
2026-09-17,2026-09-17,CM,NSE,STK,11447,INE075Z01011,CMRSL,SM,,,,,CYBER MEDIA RES & SER LTD,70.40,70.40,70.40,70.40,70.40,74.10,,70.40,,,800,56320.00,1,F1,800,,,,,
2026-09-17,2026-09-17,CM,NSE,STK,6054,INE214A01019,CYBERTECH,BE,,,,,CYBERTECH SYSTEMS & SOFTW,141.16,142.00,138.00,141.22,141.00,141.16,,141.25,,,19455,2720805.07,208,F1,1,,,,,
2026-09-17,2026-09-17,CM,NSE,STK,17187,INE055S01018,CYIENTDLM,EQ,,,,,CYIENT DLM LIMITED,858.05,933.80,855.55,893.50,889.40,867.40,,893.50,,,1059462,961910702.25,60616,F1,1,,,,,
2026-09-17,2026-09-17,CM,NSE,STK,5748,INE136B01020,CYIENT,EQ,,,,,CYIENT LIMITED,1059.60,1084.00,1047.10,1064.00,1070.90,1054.50,,1064.04,,,332526,356053927.80,27660,F1,1,,,,,
2026-09-17,2026-09-17,CM,NSE,STK,16902,INE864X01013,DPWIRES,BE,,,,,D P WIRES LIMITED,143.30,147.89,143.00,146.95,146.63,143.49,,146.95,,,2784,404619.19,66,F1,1,,,,,
2026-09-17,2026-09-17,CM,NSE,STK,17851,INE250K01012,DLINKINDIA,EQ,,,,,D-LINK INDIA LTD,420.00,427.65,417.95,424.60,425.00,418.00,,424.48,,,50547,21396674.20,2068,F1,1,,,,,
2026-09-17,2026-09-17,CM,NSE,STK,936,INE266Y01019,DPABHUSHAN,EQ,,,,,D. P. ABHUSHAN LIMITED,1320.10,1345.40,1320.10,1337.00,1330.10,1321.60,,1336.98,,,6301,8404513.20,832,F1,1,,,,,
2026-09-17,2026-09-17,CM,NSE,STK,17881,INE950I01011,DBCORP,EQ,,,,,D.B.CORP LTD,187.80,189.89,185.47,187.82,189.00,186.49,,187.82,,,49962,9367657.17,1966,F1,1,,,,,
2026-09-17,2026-09-17,CM,NSE,STK,772,INE016A01026,DABUR,EQ,,,,,DABUR INDIA LTD,382.40,386.40,381.30,384.55,384.55,382.00,,384.55,,,1528427,586629015.70,20773,F1,1,,,,,
2026-09-17,2026-09-17,CM,NSE,STK,762636,INE928C01010,DAICHI,BE,,,,,DAI-ICHI KARKARIA LTD.,315.00,334.95,313.40,328.65,329.00,329.80,,328.65,,,730,234202.45,28,F1,1,,,,,
2026-09-17,2026-09-17,CM,NSE,STK,8075,INE00R701025,DALBHARAT,EQ,,,,,DALMIA BHARAT LIMITED,1680.10,1700.00,1676.40,1693.30,1682.00,1693.60,,1693.27,,,43925,74288169.40,13208,F1,1,,,,,
2026-09-17,2026-09-17,CM,NSE,STK,781,INE495A01022,DALMIASUG,EQ,,,,,DALMIA BHARAT SUG IN LTD,393.10,397.05,387.80,390.50,389.90,393.10,,390.49,,,100692,39423016.70,4342,F1,1,,,,,
2026-09-17,2026-09-17,CM,NSE,STK,28662,INE284H01025,DAMCAPITAL,EQ,,,,,DAM CAPITAL ADVISORS LTD,135.86,139.80,135.86,136.73,137.00,135.99,,136.72,,,188242,25922099.36,2644,F1,1,,,,,
2026-09-17,2026-09-17,CM,NSE,STK,17569,INE497D01022,DAMODARIND,BE,,,,,DAMODAR INDUSTRIES LTD,27.90,28.20,27.50,27.54,27.50,28.20,,27.54,,,1667,46393.05,17,F1,1,,,,,
2026-09-17,2026-09-17,CM,NSE,STK,1110,INE688Y01022,DANGEE,EQ,,,,,DANGEE DUMS LIMITED,2.77,2.84,2.69,2.72,2.71,2.73,,2.72,,,20661,56304.21,99,F1,1,,,,,
2026-09-17,2026-09-17,CM,NSE,STK,25927,INE0YU901016,DANISH,SM,,,,,DANISH POWER LIMITED,920.00,953.00,910.30,940.25,933.00,915.45,,940.25,,,51450,48384840.00,138,F1,150,,,,,
2026-09-17,2026-09-17,CM,NSE,STK,7358,INE0IX101010,DATAPATTNS,EQ,,,,,DATA PATTERNS INDIA LTD,4325.00,4509.70,4316.70,4411.10,4410.90,4321.70,,4411.03,,,763376,3378687110.40,78236,F1,1,,,,,
2026-09-17,2026-09-17,CM,NSE,STK,11423,INE365B01017,DATAMATICS,EQ,,,,,DATAMATICS GLOBAL SER LTD,757.60,764.70,750.30,758.35,760.00,755.55,,758.34,,,46308,35107147.95,2804,F1,1,,,,,
2026-09-17,2026-09-17,CM,NSE,STK,21794,INE179G01029,DAVANGERE,EQ,,,,,DAVANGERE SUGAR COMPANY L,2.00,2.13,2.00,2.06,2.08,2.14,,2.06,,,6845783,14164149.58,2388,F1,1,,,,,
2026-09-17,2026-09-17,CM,NSE,STK,31111,INE921B01025,DBSTOCKBRO,BE,,,,,DB (INT) STOCK BROKERS,27.99,29.38,27.05,29.22,29.30,27.99,,29.28,,,8117,231953.38,75,F1,1,,,,,
2026-09-17,2026-09-17,CM,NSE,STK,11566,INE0A1101019,DCI,EQ,,,,,DC INFOTECH AND COMUN LTD,266.80,291.70,262.00,282.75,281.00,264.15,,282.76,,,360736,102428125.40,10614,F1,1,,,,,
2026-09-17,2026-09-17,CM,NSE,STK,13725,INE503A01015,DCBBANK,EQ,,,,,DCB BANK LIMITED,218.00,224.97,217.35,218.51,218.49,219.94,,218.52,,,911516,200702380.41,16409,F1,1,,,,,
2026-09-17,2026-09-17,CM,NSE,STK,23524,INE0S8401018,DCG,ST,,,,,DCG CABLES & WIRES LTD,80.10,83.95,79.80,79.80,79.80,83.95,,79.80,,,28800,2329560.00,22,F1,1200,,,,,
2026-09-17,2026-09-17,CM,NSE,STK,4775,INE891B01012,DCMFINSERV,EQ,,,,,DCM FINANCIAL SERVICES LT,5.14,5.25,4.90,5.13,5.22,5.14,,5.13,,,18526,95554.37,111,F1,1,,,,,
2026-09-17,2026-09-17,CM,NSE,STK,805,INE498A01018,DCM,EQ,,,,,DCM LTD,76.27,78.59,75.65,76.36,76.25,76.27,,76.36,,,4988,382396.16,53,F1,1,,,,,
2026-09-17,2026-09-17,CM,NSE,STK,11039,INE08KP01019,DCMNVL,EQ,,,,,DCM NOUVELLE LIMITED,175.87,177.25,170.40,174.84,175.00,174.05,,174.84,,,4858,847418.89,95,F1,1,,,,,
2026-09-17,2026-09-17,CM,NSE,STK,760893,INE0OFM01015,DSFCL,BE,,,,,DCM SHRIRAM FINE CHEM LTD,25.73,25.88,24.70,24.98,25.00,25.75,,24.99,,,61004,1533590.30,145,F1,1,,,,,
2026-09-17,2026-09-17,CM,NSE,STK,7325,INE843D01027,DCMSRIND,EQ,,,,,DCM SHRIRAM IND LTD,38.68,39.29,38.26,38.39,38.38,38.68,,38.39,,,159937,6165804.99,1220,F1,1,,,,,
2026-09-17,2026-09-17,CM,NSE,STK,760896,INE0OU201013,DCMSIL,EQ,,,,,DCM SHRIRAM INTERNATNL L,69.28,71.48,68.70,70.29,70.57,69.28,,70.29,,,59054,4106685.48,595,F1,1,,,,,
2026-09-17,2026-09-17,CM,NSE,STK,811,INE499A01024,DCMSHRIRAM,EQ,,,,,DCM SHRIRAM LIMITED,986.00,997.00,979.90,984.00,983.00,986.30,,984.01,,,36399,35915634.00,7824,F1,1,,,,,
2026-09-17,2026-09-17,CM,NSE,STK,817,INE500A01029,DCW,EQ,,,,,DCW LTD,44.46,45.80,44.16,45.42,45.36,44.26,,45.42,,,1193147,53794354.89,5259,F1,1,,,,,
2026-09-17,2026-09-17,CM,NSE,STK,11895,INE0KL801015,DCXINDIA,EQ,,,,,DCX SYSTEMS LIMITED,160.60,165.55,160.60,164.32,164.30,160.76,,164.33,,,231939,38047211.63,5076,F1,1,,,,,
2026-09-17,2026-09-17,CM,NSE,STK,29098,INE0HR601026,DDEVPLSTIK,EQ,,,,,DDEV PLASTIKS IND LTD,253.50,258.40,252.20,255.15,255.95,252.20,,255.15,,,43806,11179689.00,2292,F1,1,,,,,
2026-09-17,2026-09-17,CM,NSE,STK,15449,INE0JWV01011,DENEERS,SM,,,,,DE NEERS TOOLS LIMITED,158.25,165.00,158.05,163.75,163.70,162.65,,163.75,,,13800,2227380.00,23,F1,600,,,,,
2026-09-17,2026-09-17,CM,NSE,STK,4279,INE244A01016,DENORA,EQ,,,,,DE NORA INDIA LIMITED,782.00,805.95,775.00,784.85,782.00,788.10,,784.85,,,2752,2159154.00,355,F1,1,,,,,
2026-09-17,2026-09-17,CM,NSE,STK,14838,INE583C01021,DECCANCE,EQ,,,,,DECCAN CEMENTS LIMITED,574.20,575.25,565.05,569.20,570.00,570.00,,569.20,,,6438,3662505.45,426,F1,1,,,,,
2026-09-17,2026-09-17,CM,NSE,STK,762638,INE945F01025,DECNGOLD,EQ,,,,,DECCAN GOLD MINES LTD.,220.60,225.70,216.56,217.85,218.20,220.67,,217.86,,,812361,178740358.63,12962,F1,1,,,,,
2026-09-17,2026-09-17,CM,NSE,STK,25421,INE0S7C01019,DECCANTRAN,SM,,,,,DECCAN TRANSCON LEASING L,20.00,20.00,19.80,19.80,19.80,20.00,,19.80,,,4800,95760.00,3,F1,1200,,,,,
2026-09-17,2026-09-17,CM,NSE,STK,24154,INE841L01016,DEEDEV,EQ,,,,,DEE DEVELOPMENT ENG LTD,641.05,655.40,628.10,636.95,638.70,634.65,,636.91,,,200827,129129825.25,9451,F1,1,,,,,
2026-09-17,2026-09-17,CM,NSE,STK,22802,INE586O01011,DEEM,ST,,,,,DEEM ROLL TECH LIMITED,39.45,39.45,39.00,39.00,39.00,40.05,,39.00,,,3000,117850.00,3,F1,1000,,,,,
2026-09-17,2026-09-17,CM,NSE,STK,3292,INE0FHS01024,DEEPINDS,EQ,,,,,DEEP INDUSTRIES LIMITED,736.00,753.00,730.05,734.70,736.00,735.15,,734.69,,,219051,162567617.10,11802,F1,1,,,,,
2026-09-17,2026-09-17,CM,NSE,STK,765055,INE00IY01012,DEEP,EQ,,,,,DEEP POLYMERS LTD.,44.00,49.00,44.00,47.23,46.75,43.47,,47.23,,,56971,2683761.46,779,F1,1,,,,,
2026-09-17,2026-09-17,CM,NSE,STK,765931,INE1M2N01020,DEEPA,EQ,,,,,DEEPA JEWELLERS LIMITED,173.50,175.39,170.10,173.34,173.95,171.82,,173.33,,,1418179,244754174.97,21497,F1,1,,,,,
2026-09-17,2026-09-17,CM,NSE,STK,25892,INE0OPA01027,DBEIL,EQ,,,,,DEEPAK BUILDERS & ENG I L,6.70,7.60,6.70,7.05,7.00,6.74,,7.06,,,955845,6799344.12,1026,F1,1,,,,,
2026-09-17,2026-09-17,CM,NSE,STK,827,INE501A01019,DEEPAKFERT,EQ,,,,,DEEPAK FERTILIZERS & PETR,1312.00,1343.80,1311.80,1324.60,1329.00,1315.00,,1324.61,,,146116,194299278.20,14798,F1,1,,,,,
2026-09-17,2026-09-17,CM,NSE,STK,19943,INE288B01029,DEEPAKNTR,EQ,,,,,DEEPAK NITRITE LTD,1595.00,1611.90,1589.90,1604.80,1604.00,1590.50,,1604.84,,,90904,145614544.50,7990,F1,1,,,,,
2026-09-17,2026-09-17,CM,NSE,STK,22527,INE0SK801018,DELAPLEX,SM,,,,,DELAPLEX LIMITED,93.30,98.25,93.20,98.25,98.25,98.95,,98.25,,,10200,969930.00,16,F1,600,,,,,
2026-09-17,2026-09-17,CM,NSE,STK,9599,INE148O01028,DELHIVERY,EQ,,,,,DELHIVERY LIMITED,422.60,429.95,418.85,425.95,425.95,421.80,,425.95,,,2714899,1152689341.15,28689,F1,1,,,,,
2026-09-17,2026-09-17,CM,NSE,STK,24395,INE726L01027,DELPHIFX,BE,,,,,DELPHI WORLD MONEY LTD,5.46,5.62,5.19,5.22,5.30,5.46,,5.23,,,251530,1342546.15,379,F1,1,,,,,
2026-09-17,2026-09-17,CM,NSE,STK,15044,INE124G01033,DELTACORP,EQ,,,,,DELTA CORP LIMITED,55.56,56.80,54.26,56.15,56.19,55.19,,56.15,,,1571230,87471509.34,9784,F1,1,,,,,
2026-09-17,2026-09-17,CM,NSE,STK,1214,INE393A01011,DELTAMAGNT,EQ,,,,,DELTA MANUFACTURING LTD,56.80,56.89,54.00,55.20,54.50,54.88,,55.20,,,2414,133086.64,85,F1,1,,,,,
2026-09-17,2026-09-17,CM,NSE,STK,17722,INE947J01015,DEN,EQ,,,,,DEN NETWORKS LTD,26.30,26.63,26.01,26.45,26.52,26.42,,26.45,,,297043,7821947.28,1802,F1,1,,,,,
2026-09-17,2026-09-17,CM,NSE,STK,29256,INE0R4L01018,DENTA,EQ,,,,,DENTA WATER N INFRA SOL L,282.90,286.30,276.20,278.40,277.25,282.05,,278.41,,,124142,34719367.35,3830,F1,1,,,,,
2026-09-17,2026-09-17,CM,NSE,STK,759079,INE0VOV01021,DEVX,EQ,,,,,DEV ACCELERATOR LIMITED,32.85,34.25,32.85,33.31,33.30,33.96,,33.32,,,24692,827536.40,393,F1,1,,,,,
2026-09-17,2026-09-17,CM,NSE,STK,8146,INE060X01034,DEVIT,EQ,,,,,DEV INFO TECHNOLOGY LTD,23.60,24.25,23.34,23.43,23.40,23.34,,23.44,,,7652,181881.11,250,F1,1,,,,,
2026-09-17,2026-09-17,CM,NSE,STK,5373,INE872J01023,DEVYANI,EQ,,,,,DEVYANI INTERNATIONAL LTD,136.00,139.95,136.00,138.51,139.00,136.69,,138.51,,,1853364,256477482.31,34274,F1,1,,,,,
2026-09-17,2026-09-17,CM,NSE,STK,764661,INE260R01016,DHABRIYA,BE,,,,,DHABRIYA POLYWOOD LTD.,472.00,484.90,462.05,467.30,462.05,482.45,,467.81,,,9207,4369153.60,191,F1,1,,,,,
2026-09-17,2026-09-17,CM,NSE,STK,10893,INE0I3401014,DBOL,EQ,,,,,DHAMPUR BIO ORGANICS LTD,113.48,118.00,113.42,115.81,115.75,113.41,,115.78,,,88246,10151315.66,1685,F1,1,,,,,
2026-09-17,2026-09-17,CM,NSE,STK,857,INE041A01016,DHAMPURSUG,EQ,,,,,DHAMPUR SUGAR MILLS LTD.,152.51,154.00,149.69,151.72,151.22,152.74,,151.72,,,487682,73966944.90,5347,F1,1,,,,,
2026-09-17,2026-09-17,CM,NSE,STK,11359,INE680A01011,DHANBANK,EQ,,,,,DHANLAXMI BANK LIMITED,29.53,30.00,28.49,28.88,29.07,29.42,,28.89,,,748677,21824834.08,2425,F1,1,,,,,
2026-09-17,2026-09-17,CM,NSE,STK,27723,INE0V9V01010,DHANLAXMI,SM,,,,,DHANLAXMI CROP SCIENCE L,25.00,25.00,24.50,24.50,24.50,23.00,,24.50,,,4000,99000.00,2,F1,2000,,,,,
2026-09-17,2026-09-17,CM,NSE,STK,24418,INE0M3I01029,DHANSA,ST,,,,,DHANSA LABS LIMITED,30.70,30.70,30.70,30.70,30.70,32.30,,30.70,,,12000,368400.00,6,F1,2000,,,,,
2026-09-17,2026-09-17,CM,NSE,STK,24409,INE435G01025,DHANUKA,EQ,,,,,DHANUKA AGRITECH LTD,965.50,987.95,958.10,982.25,985.00,961.85,,982.25,,,27903,27342615.45,1625,F1,1,,,,,
2026-09-17,2026-09-17,CM,NSE,STK,760492,INE2HJL01019,DHARARAIL,ST,,,,,DHARA RAIL PROJECTS LTD,143.55,143.55,143.55,143.55,143.55,147.00,,143.55,,,1000,143550.00,1,F1,1000,,,,,
2026-09-17,2026-09-17,CM,NSE,STK,759203,INE278R01034,DHARAN,BZ,,,,,DHARAN INFRA-EPC LIMITED,0.14,0.14,0.13,0.13,0.14,0.13,,0.13,,,5291469,724350.40,871,F1,1,,,,,
2026-09-17,2026-09-17,CM,NSE,STK,24747,INE0YRN01025,DHARIWAL,SM,,,,,DHARIWALCORP LIMITED,25.60,25.60,24.35,24.35,24.35,25.60,,24.35,,,117000,2859600.00,28,F1,3000,,,,,
2026-09-17,2026-09-17,CM,NSE,STK,13001,INE00OQ01016,DHARMAJ,EQ,,,,,DHARMAJ CROP GUARD LTD,269.90,275.00,269.05,271.10,273.00,269.40,,271.07,,,39925,10789694.30,731,F1,1,,,,,
2026-09-17,2026-09-17,CM,NSE,STK,765060,INE715T01031,DHATRE,EQ,,,,,DHATRE UDYOG LTD.,4.21,4.30,4.01,4.12,4.20,4.11,,4.12,,,26732,111864.70,184,F1,1,,,,,
2026-09-17,2026-09-17,CM,NSE,STK,764553,INE01NH01023,DHOOTTRANS,EQ,,,,,DHOOT TRANSMISSION LTD,1575.10,1633.30,1517.00,1579.80,1567.00,1590.90,,1579.58,,,3305916,5221785442.00,167197,F1,1,,,,,
2026-09-17,2026-09-17,CM,NSE,STK,6858,INE506Z01015,DHRUV,EQ,,,,,DHRUV CONSULTANCY SER LTD,21.04,22.53,20.50,21.69,21.70,21.46,,21.74,,,7345,159397.83,176,F1,1,,,,,
2026-09-17,2026-09-17,CM,NSE,STK,22233,INE320L01011,DHUNINV,EQ,,,,,DHUNSERI INVESTMENTS LTD,977.20,993.60,975.00,981.75,985.95,977.20,,981.75,,,177,173849.90,35,F1,1,,,,,
2026-09-17,2026-09-17,CM,NSE,STK,6239,INE341R01014,DTIL,BE,,,,,DHUNSERI TEA & IND. LTD.,136.00,140.00,136.00,138.98,138.98,137.00,,138.98,,,1700,233446.18,25,F1,1,,,,,
2026-09-17,2026-09-17,CM,NSE,STK,15214,INE477B01010,DVL,EQ,,,,,DHUNSERI VENTURES LIMITED,275.00,280.00,274.60,278.80,280.00,275.20,,278.80,,,6063,1685030.70,297,F1,1,,,,,
2026-09-17,2026-09-17,CM,NSE,STK,18644,INE591D01014,DIAMINESQ,EQ,,,,,DIAMINES & CHEMICALS LTD,253.00,258.00,253.00,255.04,258.00,256.19,,255.06,,,1691,431167.23,73,F1,1,,,,,
2026-09-17,2026-09-17,CM,NSE,STK,18545,INE989C01038,DIACABS,BE,,,,,DIAMOND POWER INFRA LTD,395.00,398.00,375.05,376.05,375.05,394.75,,376.03,,,738512,282771731.30,9375,F1,1,,,,,
2026-09-17,2026-09-17,CM,NSE,STK,703,INE303A01010,DICIND,EQ,,,,,DIC INDIA LIMITED,616.40,637.65,616.40,628.45,627.35,610.30,,628.45,,,11357,7140933.55,658,F1,1,,,,,
2026-09-17,2026-09-17,CM,NSE,STK,25672,INE184O01015,DIFFNKG,EQ,,,,,DIFFUSION ENGINEERS LTD,426.25,442.00,426.00,435.85,440.00,428.70,,435.85,,,67958,29595549.95,3641,F1,1,,,,,
2026-09-17,2026-09-17,CM,NSE,STK,10346,INE03JI01017,DGCONTENT,EQ,,,,,DIGICONTENT LIMITED,24.19,24.90,23.80,24.00,24.00,23.88,,23.77,,,3696,89410.23,84,F1,1,,,,,
2026-09-17,2026-09-17,CM,NSE,STK,21247,INE0PSC01024,DIGIDRIVE,EQ,,,,,DIGIDRIVE DISTRIBUTORS L,17.31,17.73,17.26,17.48,17.50,17.22,,17.48,,,9383,164626.19,93,F1,1,,,,,
2026-09-17,2026-09-17,CM,NSE,STK,19138,INE0QJ901011,DIGIKORE,SM,,,,,DIGIKORE STUDIOS LIMITED,39.70,39.90,38.50,39.45,39.60,39.35,,39.45,,,8400,330660.00,20,F1,400,,,,,
2026-09-17,2026-09-17,CM,NSE,STK,16683,INE927C01020,DIGISPICE,EQ,,,,,DIGISPICE TECHNOLOGIES LT,16.78,16.99,16.00,16.28,16.38,16.45,,16.28,,,119422,1949908.43,275,F1,1,,,,,
2026-09-17,2026-09-17,CM,NSE,STK,757515,INE0U4701011,DIGITIDE,EQ,,,,,DIGITIDE SOLUTIONS LTD,85.45,87.23,83.97,84.82,85.00,86.25,,84.69,,,186290,15843817.21,2499,F1,1,,,,,
2026-09-17,2026-09-17,CM,NSE,STK,6136,INE731U01028,DIGJAMLMTD,BE,,,,,DIGJAM LTD,58.67,58.67,58.67,58.67,58.67,61.75,,58.87,,,1194,70051.98,15,F1,1,,,,,
2026-09-17,2026-09-17,CM,NSE,STK,641,INE016M01021,DNAMEDIA,EQ,,,,,DILIGENT MEDIA CORP LTD.,2.60,2.60,2.17,2.31,2.34,2.45,,2.31,,,124141,285056.61,263,F1,1,,,,,
2026-09-17,2026-09-17,CM,NSE,STK,18086,INE917M01012,DBL,EQ,,,,,DILIP BUILDCON LIMITED,405.90,412.35,404.05,408.35,408.00,406.20,,408.35,,,98310,40136535.15,4067,F1,1,,,,,
2026-09-17,2026-09-17,CM,NSE,STK,762643,INE131C01011,DISAQ,EQ,,,,,DISA INDIA LTD.,11840.00,11988.00,11794.00,11923.00,11957.00,11747.00,,11923.00,,,108,1281339.00,61,F1,1,,,,,
2026-09-17,2026-09-17,CM,NSE,STK,14537,INE836F01026,DISHTV,EQ,,,,,DISH TV INDIA LTD.,2.68,2.70,2.57,2.59,2.64,2.66,,2.59,,,2655635,6975350.90,1862,F1,1,,,,,
2026-09-17,2026-09-17,CM,NSE,STK,21704,INE385W01011,DCAL,EQ,,,,,DISHMAN CARBO AMCIS LTD,162.92,163.75,160.84,162.11,162.55,162.08,,162.11,,,151115,24511684.36,3611,F1,1,,,,,
2026-09-17,2026-09-17,CM,NSE,STK,14479,INE753U01022,DIVGIITTS,EQ,,,,,DIVGI TORQTRANSFER SYST L,1116.00,1133.90,1106.60,1122.20,1125.00,1119.70,,1122.09,,,57718,64725874.20,5660,F1,1,,,,,
2026-09-17,2026-09-17,CM,NSE,STK,10940,INE361B01024,DIVISLAB,EQ,,,,,DIVI S LABORATORIES LTD,9158.00,9371.00,9135.50,9323.00,9323.00,9158.00,,9323.02,,,494167,4590659412.00,84559,F1,1,,,,,
2026-09-17,2026-09-17,CM,NSE,STK,30262,INE0NA501011,DIVINEHIRA,ST,,,,,DIVINE HIRA JEWELLERS LTD,104.90,105.00,104.90,104.95,105.00,107.80,,104.95,,,4800,503760.00,2,F1,1200,,,,,
2026-09-17,2026-09-17,CM,NSE,STK,24286,INE0SCO01019,DPEL,SM,,,,,DIVINE POWER ENERGY LTD,634.90,649.00,634.00,642.65,643.00,627.65,,642.65,,,30500,19568025.00,59,F1,500,,,,,
2026-09-17,2026-09-17,CM,NSE,STK,25680,INE0QYI01019,DIVYADHAN,ST,,,,,DIVYADHAN RECYCLING IND L,44.70,44.70,44.45,44.45,44.45,46.75,,44.45,,,4000,178300.00,2,F1,2000,,,,,
2026-09-17,2026-09-17,CM,NSE,STK,21690,INE935N01020,DIXON,EQ,,,,,DIXON TECHNO (INDIA) LTD,13200.00,13495.00,13176.00,13290.00,13290.00,13181.00,,13289.80,,,267254,3567563164.00,37290,F1,1,,,,,
2026-09-17,2026-09-17,CM,NSE,STK,12749,INE0B1K01014,DJML,EQ,,,,,DJ MEDIAPRINT & LOG LTD,78.11,79.80,76.53,78.28,77.60,78.14,,78.28,,,63008,4946229.33,810,F1,1,,,,,
2026-09-17,2026-09-17,CM,NSE,STK,14732,INE271C01023,DLF,EQ,,,,,DLF LIMITED,623.05,644.55,622.00,640.00,640.00,622.80,,640.01,,,2478290,1581557532.30,46016,F1,1,,,,,
2026-09-17,2026-09-17,CM,NSE,STK,6973,INE505A01010,DMCC,EQ,,,,,DMCC SPECIALITY CHEMICALS,259.30,265.00,258.55,261.70,261.45,259.30,,261.70,,,58131,15229472.60,1441,F1,1,,,,,
2026-09-17,2026-09-17,CM,NSE,STK,4822,INE021O01019,DODLA,EQ,,,,,DODLA DAIRY LIMITED,1069.90,1073.80,1048.00,1049.60,1048.60,1063.60,,1049.59,,,16501,17405876.40,2810,F1,1,,,,,
2026-09-17,2026-09-17,CM,NSE,STK,12124,INE966A01022,DOLATALGO,EQ,,,,,DOLAT ALGOTECH LIMITED,67.47,68.50,67.10,67.86,68.05,67.47,,67.85,,,122905,8323275.83,844,F1,1,,,,,
2026-09-17,2026-09-17,CM,NSE,STK,20560,INE325C01035,DOLLAR,EQ,,,,,DOLLAR INDUSTRIES LIMITED,267.05,271.70,262.10,267.00,267.90,266.80,,266.90,,,53788,14304862.30,1794,F1,1,,,,,
2026-09-17,2026-09-17,CM,NSE,STK,765977,INE0JHH01011,DOLLEX,EQ,,,,,DOLLEX AGROTECH LIMITED,38.00,38.50,34.10,37.05,37.55,37.00,,37.05,,,14097,525431.85,192,F1,1,,,,,
2026-09-17,2026-09-17,CM,NSE,STK,18139,INE920A01037,DOLPHIN,EQ,,,,,DOLPHIN OFF ENT (IND) L,630.25,685.00,627.25,673.70,677.00,635.10,,674.01,,,54699,36727748.85,2860,F1,1,,,,,
2026-09-17,2026-09-17,CM,NSE,STK,20551,INE321T01012,DOMS,EQ,,,,,DOMS INDUSTRIES LIMITED,2088.20,2140.00,2088.20,2121.60,2110.00,2085.20,,2122.24,,,36511,76959304.20,5664,F1,1,,,,,
2026-09-17,2026-09-17,CM,NSE,STK,13839,INE668D01028,DONEAR,EQ,,,,,DONEAR IND. LIMITED,82.31,83.74,82.20,82.81,82.90,82.06,,82.77,,,4764,393769.54,111,F1,1,,,,,
2026-09-17,2026-09-17,CM,NSE,STK,15423,INE360C01024,DPSCLTD,BE,,,,,DPSC LIMITED,7.19,7.19,7.00,7.10,7.04,7.07,,7.10,,,56528,400161.66,341,F1,1,,,,,
2026-09-17,2026-09-17,CM,NSE,STK,29452,INE943P01029,AGARWALEYE,EQ,,,,,DR AGARWALS HEALTH CARE L,502.10,504.80,493.40,500.15,503.10,505.00,,500.15,,,157311,78476284.10,11590,F1,1,,,,,
2026-09-17,2026-09-17,CM,NSE,STK,762648,INE934C01018,DRAGARWQ,EQ,,,,,DR. AGARWAL'S EYE HOSP L,5260.50,5395.00,5251.00,5255.00,5288.00,5269.50,,5272.36,,,731,3883069.00,418,F1,1,,,,,
2026-09-17,2026-09-17,CM,NSE,STK,11654,INE600L01024,LALPATHLAB,EQ,,,,,DR. LAL PATH LABS LTD.,1890.60,1941.10,1888.00,1924.70,1927.00,1895.70,,1924.71,,,354166,680589798.90,69647,F1,1,,,,,
2026-09-17,2026-09-17,CM,NSE,STK,881,INE089A01031,DRREDDY,EQ,,,,,DR. REDDY S LABORATORIES,1140.00,1189.80,1140.00,1175.00,1175.00,1140.00,,1174.98,,,2311932,2705906038.20,77314,F1,1,,,,,
2026-09-17,2026-09-17,CM,NSE,STK,2645,INE03RS01027,DRCSYSTEMS,EQ,,,,,DRC SYSTEMS INDIA LIMITED,12.86,12.86,12.45,12.59,12.59,12.48,,12.59,,,33189,415673.63,168,F1,1,,,,,
2026-09-17,2026-09-17,CM,NSE,STK,10859,INE0JS101016,DREAMFOLKS,EQ,,,,,DREAMFOLKS SERVICES LTD,66.90,66.90,64.00,65.17,65.00,65.33,,65.19,,,32550,2119346.31,865,F1,1,,,,,
2026-09-17,2026-09-17,CM,NSE,STK,11271,INE506A01018,DREDGECORP,EQ,,,,,DREDGING CORP OF INDIA,987.80,1010.00,982.10,988.00,985.10,987.80,,988.04,,,40542,40232257.70,3606,F1,1,,,,,
2026-09-17,2026-09-17,CM,NSE,STK,17372,INE0P7201019,DRONE,SM,,,,,DRONE DESTINATION LIMITED,32.75,33.05,32.75,32.75,32.75,33.15,,32.75,,,7500,246825.00,15,F1,500,,,,,
2026-09-17,2026-09-17,CM,NSE,STK,8772,INE891A01022,DSKULKARNI,BE,,,,,DS KULKARNI DEVELOPERS L,22.27,22.27,22.27,22.27,22.27,21.84,,22.27,,,1257,27993.39,6,F1,1,,,,,
2026-09-17,2026-09-17,CM,NSE,STK,778,INE055C01020,KEEPLEARN,EQ,,,,,DSJ KEEP LEARNING LTD,1.91,1.91,1.81,1.84,1.87,1.83,,1.85,,,12300,22634.59,43,F1,1,,,,,
2026-09-17,2026-09-17,CM,NSE,STK,1927,INF740KA1EU7,LIQUIDETF,EQ,,,,,DSP LIQUID ETF,1000.00,1000.01,999.99,999.99,1000.00,999.99,,999.99,,,71901,71900925.33,164,F1,1,,,,,
2026-09-17,2026-09-17,CM,NSE,STK,761364,INF740KA1YH2,BANK10ADD,EQ,,,,,DSPAMC - BANK10ADD,16.57,16.60,16.48,16.52,16.50,16.46,,16.52,,,4466,73968.23,59,F1,1,,,,,
2026-09-17,2026-09-17,CM,NSE,STK,13644,INF740KA1RX3,BANKADD,EQ,,,,,DSPAMC - DSPBANK,57.60,57.92,57.37,57.45,57.37,57.52,,57.45,,,4145,238833.85,62,F1,1,,,,,
2026-09-17,2026-09-17,CM,NSE,STK,15356,INF740KA1ZP2,GOLDADD,EQ,,,,,DSPAMC - DSPGOLD,14.58,14.69,14.53,14.63,14.59,14.69,,14.63,,,2316676,33878674.12,5613,F1,1,,,,,
2026-09-17,2026-09-17,CM,NSE,STK,17207,INF740KA1SX1,ITADD,EQ,,,,,DSPAMC - DSPIT,30.89,31.04,30.60,30.93,30.99,30.89,,30.93,,,2978,91686.81,69,F1,1,,,,,
2026-09-17,2026-09-17,CM,NSE,STK,6606,INF740KA1QK2,EQUAL50ADD,EQ,,,,,DSPAMC - DSPNEWETF,332.23,334.50,331.27,333.34,334.25,331.44,,333.34,,,6248,2078003.66,241,F1,1,,,,,
2026-09-17,2026-09-17,CM,NSE,STK,7451,INF740KA1CL0,NIFTYADD,EQ,,,,,DSPAMC - DSPNIFTY,244.47,246.92,244.47,245.65,246.92,245.69,,245.65,,,4220,1037666.86,105,F1,1,,,,,
2026-09-17,2026-09-17,CM,NSE,STK,17616,INF740KA1SY9,PSUBANKADD,EQ,,,,,DSPAMC - DSPPSBKETF,83.94,84.84,83.35,83.39,83.38,83.23,,83.96,,,19080,1598387.50,240,F1,1,,,,,
2026-09-17,2026-09-17,CM,NSE,STK,17576,INF740KA1TA7,PVTBANKADD,EQ,,,,,DSPAMC - DSPPVBKETF,27.73,27.90,27.66,27.72,27.66,27.73,,27.72,,,26754,742503.39,87,F1,1,,,,,
2026-09-17,2026-09-17,CM,NSE,STK,7456,INF740KA1ZF3,MIDQ50ADD,EQ,,,,,DSPAMC - DSPQ50ETF,24.07,24.22,23.93,24.19,24.20,24.07,,24.19,,,8990,217061.53,93,F1,1,,,,,
2026-09-17,2026-09-17,CM,NSE,STK,17613,INF740KA1SZ6,SENSEXADD,EQ,,,,,DSPAMC - DSPSENXETF,76.90,77.10,76.51,76.96,76.96,76.90,,76.96,,,414,31811.92,19,F1,1,,,,,
2026-09-17,2026-09-17,CM,NSE,STK,10761,INF740KA1ZQ0,SILVERADD,EQ,,,,,DSPAMC - DSPSILVETF,22.00,22.00,21.68,21.84,21.81,22.04,,21.84,,,4411434,96207673.05,4648,F1,1,,,,,
2026-09-17,2026-09-17,CM,NSE,STK,759368,INF740KA1WU9,FLEXIADD,EQ,,,,,DSPAMC - FLEXIADD,9.88,9.88,9.55,9.73,9.77,9.68,,9.73,,,124615,1210904.92,441,F1,1,,,,,
2026-09-17,2026-09-17,CM,NSE,STK,763530,INF740KA1ZA4,FMCGADD,EQ,,,,,DSPAMC - FMCGADD,45.95,46.09,45.73,45.96,46.07,45.94,,45.96,,,37341,1714918.04,169,F1,1,,,,,
2026-09-17,2026-09-17,CM,NSE,STK,22592,INF740KA1ZG1,HEALTHADD,EQ,,,,,DSPAMC - HEALTHADD,16.45,16.80,16.45,16.65,16.80,16.29,,16.65,,,11028,183303.72,161,F1,1,,,,,
2026-09-17,2026-09-17,CM,NSE,STK,23407,INF740KA1UM0,LIQUIDADD,EQ,,,,,DSPAMC - LIQUIDADD,1145.02,1145.04,1145.02,1145.02,1145.03,1144.88,,1145.02,,,284924,326246554.79,278,F1,1,,,,,
2026-09-17,2026-09-17,CM,NSE,STK,764428,INF740KA1ZH9,MIDBANKADD,EQ,,,,,DSPAMC - MIDBANKADD,17.27,17.27,17.10,17.14,17.12,17.22,,17.14,,,6401,109727.96,26,F1,1,,,,,
2026-09-17,2026-09-17,CM,NSE,STK,760356,INF740KA1WW5,MIDCAPADD,EQ,,,,,DSPAMC - MIDCAPADD,22.70,22.70,22.47,22.67,22.70,22.70,,22.68,,,18839,426217.04,78,F1,1,,,,,
2026-09-17,2026-09-17,CM,NSE,STK,759978,INF740KA1WV7,MSCIADD,EQ,,,,,DSPAMC - MSCIADD,28.62,28.70,28.57,28.63,28.63,28.63,,28.70,,,10146,290634.47,9,F1,1,,,,,
2026-09-17,2026-09-17,CM,NSE,STK,29464,INF740KA1VE5,NEXT30ADD,EQ,,,,,DSPAMC - NEXT30ADD,41.71,42.08,41.71,41.97,41.97,41.24,,41.89,,,1001,41951.40,42,F1,1,,,,,
2026-09-17,2026-09-17,CM,NSE,STK,760599,INF740KA1XU7,NEXT50ADD,EQ,,,,,DSPAMC - NEXT50ADD,70.83,71.54,70.82,71.41,71.45,70.74,,71.41,,,23050,1645863.73,32,F1,1,,,,,
2026-09-17,2026-09-17,CM,NSE,STK,760359,INF740KA1WX3,SMALLADD,EQ,,,,,DSPAMC - SMALLADD,18.03,18.19,18.03,18.11,18.16,17.99,,18.11,,,12790,231728.47,98,F1,1,,,,,
2026-09-17,2026-09-17,CM,NSE,STK,25171,INF740KA1UR9,TOP10ADD,EQ,,,,,DSPAMC - TOP10ADD,85.11,85.86,84.86,85.42,85.50,85.25,,85.42,,,453187,38664485.78,433,F1,1,,,,,
2026-09-17,2026-09-17,CM,NSE,STK,13766,INE0LZO01015,DUCOL,SM,,,,,DUCOL ORGS AND COLOURS LT,128.70,128.70,126.90,127.35,128.00,122.40,,127.35,,,8000,1019640.00,9,F1,800,,,,,
2026-09-17,2026-09-17,CM,NSE,STK,28952,INE741L01018,DUCON,EQ,,,,,DUCON INFRATECHNOLOGIES L,1.27,1.48,1.27,1.27,1.27,1.58,,1.26,,,20370565,26999689.77,3719,F1,1,,,,,
2026-09-17,2026-09-17,CM,NSE,STK,24164,INE0OUW01013,DURLAX,SM,,,,,DURLAX TOP SURFACE LTD,58.75,59.00,55.80,57.15,57.50,57.15,,57.15,,,84000,4777700.00,42,F1,2000,,,,,
2026-09-17,2026-09-17,CM,NSE,STK,11667,INE366A01041,DWARKESH,EQ,,,,,DWARIKESH SUGAR IND LTD,41.00,41.27,40.04,40.53,40.59,41.04,,40.53,,,1708233,69450551.35,6044,F1,1,,,,,
2026-09-17,2026-09-17,CM,NSE,STK,25690,INE417B01040,DSSL,EQ,,,,,DYNACONS SYS & SOLN LTD,1015.90,1036.00,996.00,1008.60,1016.90,1018.80,,1008.61,,,36151,36527795.70,2932,F1,1,,,,,
2026-09-17,2026-09-17,CM,NSE,STK,4525,INE221B01012,DYNAMATECH,EQ,,,,,DYNAMATIC TECHNOLOGIES,12030.00,12454.00,11762.00,11819.00,11824.00,12077.00,,11818.99,,,22275,270471032.00,9692,F1,1,,,,,
2026-09-17,2026-09-17,CM,NSE,STK,10417,INE600Y01019,DYCL,EQ,,,,,DYNAMIC CABLES LIMITED,434.00,448.00,434.00,442.35,441.10,433.00,,442.35,,,333427,147909275.55,13613,F1,1,,,,,
2026-09-17,2026-09-17,CM,NSE,STK,6082,INE0DZ701010,DYNAMIC,ST,,,,,DYNAMIC SRVCS & SEC LTD,136.40,140.05,136.40,139.90,140.00,133.40,,139.90,,,20000,2769200.00,39,F1,500,,,,,
2026-09-17,2026-09-17,CM,NSE,STK,21314,INE256H01015,DYNPRO,EQ,,,,,DYNEMIC PRODUCTS LIMITED,230.69,235.87,227.00,227.85,228.12,230.04,,227.85,,,972,223216.47,87,F1,1,,,,,
2026-09-17,2026-09-17,CM,NSE,STK,19267,INE0KFF01017,EFACTOR,SM,,,,,E FACTOR EXPERIENCES LTD,169.50,169.50,161.40,162.30,162.70,162.05,,162.30,,,2800,459640.00,6,F1,400,,,,,
2026-09-17,2026-09-17,CM,NSE,STK,760531,INE1CEJ01017,E2ERAIL,SM,,,,,E TO E TRANS INFRA LTD,355.00,356.95,345.00,346.45,345.00,354.20,,346.45,,,57600,20165200.00,63,F1,800,,,,,
2026-09-17,2026-09-17,CM,NSE,STK,8940,INE255Z01027,E2E,BE,,,,,E2E NETWORKS LIMITED,598.00,614.80,581.00,604.40,606.05,599.75,,604.40,,,463578,277740672.60,10339,F1,1,,,,,
2026-09-17,2026-09-17,CM,NSE,STK,765065,INE595R01023,EASTWEST,EQ,,,,,EAST WEST FREIGHT CARRI L,2.35,2.35,2.10,2.21,2.16,2.33,,2.23,,,156787,347390.53,202,F1,1,,,,,
2026-09-17,2026-09-17,CM,NSE,STK,9769,INE962C01035,EASTSILK,BE,,,,,EASTERN SILK INDUSTRIES L,64.30,64.30,58.20,61.06,61.00,61.24,,61.06,,,224,13602.50,23,F1,1,,,,,
2026-09-17,2026-09-17,CM,NSE,STK,2792,INE07O001026,EASEMYTRIP,EQ,,,,,EASY TRIP PLANNERS LTD,5.78,5.86,5.71,5.79,5.79,5.78,,5.79,,,10391902,60033329.79,5795,F1,1,,,,,
2026-09-17,2026-09-17,CM,NSE,STK,765073,INE432F01032,EBIX,BE,,,,,EBIX LIMITED,19.00,19.94,18.60,19.24,19.50,19.39,,19.06,,,17117,327162.82,77,F1,1,,,,,
2026-09-17,2026-09-17,CM,NSE,STK,759974,INE528S07110,888ECL28,N1,,,,,ECL 8.88% 2028 SR V,987.10,987.10,987.10,987.10,987.10,987.10,,991.05,,,195,192484.50,2,F1,1,,,,,
2026-09-17,2026-09-17,CM,NSE,STK,15179,INE738I01010,ECLERX,EQ,,,,,ECLERX SERVICES LTD,1971.00,2017.00,1914.00,1923.00,1923.40,1961.20,,1923.03,,,233209,458450593.50,29317,F1,1,,,,,
2026-09-17,2026-09-17,CM,NSE,STK,764663,INE316A01038,ECORECO,EQ,,,,,ECO RECYCLING LTD.,425.00,441.95,424.80,435.85,436.90,425.10,,434.87,,,5030,2197660.75,451,F1,1,,,,,
2026-09-17,2026-09-17,CM,NSE,STK,759964,INE0VBS01016,ECOLINE,ST,,,,,ECOLINE EXIM LIMITED,176.00,177.00,166.00,166.15,166.00,172.90,,166.15,,,16000,2710900.00,12,F1,1000,,,,,
2026-09-17,2026-09-17,CM,NSE,STK,25060,INE06HJ01020,ECOSMOBLTY,EQ,,,,,ECOS (INDIA) MOB & HOSP L,106.80,108.47,106.40,106.89,106.52,106.37,,106.93,,,46834,5019607.00,1053,F1,1,,,,,
2026-09-17,2026-09-17,CM,NSE,STK,7196,INF754K01OB1,BBETF0432,EQ,,,,,EDELAMC - BBETF0432,1339.48,1341.17,1338.00,1340.89,1340.00,1335.29,,1340.89,,,998,1336587.92,25,F1,1,,,,,
2026-09-17,2026-09-17,CM,NSE,STK,764378,INF754K01XH9,EBANK10,EQ,,,,,EDELAMC - EBANK10,16.52,16.52,16.22,16.28,16.22,16.52,,16.28,,,3478,57187.80,20,F1,1,,,,,
2026-09-17,2026-09-17,CM,NSE,STK,25258,INF754K01TE4,EBANKNIFTY,EQ,,,,,EDELAMC - EBANKNIFTY,57.03,57.03,56.48,56.74,56.74,56.61,,56.74,,,519,29434.28,14,F1,1,,,,,
2026-09-17,2026-09-17,CM,NSE,STK,16253,INF754K01KO2,EBBETF0430,EQ,,,,,EDELAMC - EBBETF0430,1596.18,1610.12,1596.18,1607.25,1607.69,1604.00,,1607.25,,,7020,11271796.38,292,F1,1,,,,,
2026-09-17,2026-09-17,CM,NSE,STK,22239,INF754K01LE1,EBBETF0431,EQ,,,,,EDELAMC - EBBETF0431,1433.99,1433.99,1428.52,1432.11,1430.01,1427.29,,1432.06,,,3663,5238835.62,69,F1,1,,,,,
2026-09-17,2026-09-17,CM,NSE,STK,13139,INF754K01QX0,EBBETF0433,EQ,,,,,EDELAMC - EBBETF0433,1308.96,1309.00,1301.10,1304.44,1302.01,1309.64,,1304.44,,,3052,3981040.85,201,F1,1,,,,,
2026-09-17,2026-09-17,CM,NSE,STK,29019,INF754K01TX4,ECAPINSURE,EQ,,,,,EDELAMC - ECAPINSURE,23.10,23.60,23.10,23.54,23.56,23.03,,23.54,,,27955,653804.97,158,F1,1,,,,,
2026-09-17,2026-09-17,CM,NSE,STK,19933,INF754K01SE6,EGOLD,EQ,,,,,EDELAMC - EGOLD,150.35,151.05,149.55,150.45,150.55,150.95,,150.45,,,634380,95427501.95,472,F1,1,,,,,
2026-09-17,2026-09-17,CM,NSE,STK,759466,INF754K01VW2,ELIQUID,EQ,,,,,EDELAMC - ELIQUID,1045.15,1048.00,1045.15,1047.99,1048.00,1047.85,,1047.99,,,32327,33878210.82,25,F1,1,,,,,
2026-09-17,2026-09-17,CM,NSE,STK,758952,INF754K01VV4,ELM250,EQ,,,,,EDELAMC - ELM250,15.99,16.37,15.91,16.27,16.19,15.99,,16.27,,,32891,533219.13,207,F1,1,,,,,
2026-09-17,2026-09-17,CM,NSE,STK,764367,INF754K01XI7,ELMDIV,EQ,,,,,EDELAMC - ELMDIV,35.51,35.63,35.10,35.22,35.10,35.39,,35.22,,,1592,56143.47,13,F1,1,,,,,
2026-09-17,2026-09-17,CM,NSE,STK,764288,INF754K01XG1,EMETAL,EQ,,,,,EDELAMC - EMETAL,12.99,13.99,12.74,12.99,13.70,12.99,,12.99,,,7553,97374.44,41,F1,1,,,,,
2026-09-17,2026-09-17,CM,NSE,STK,25996,INF754K01TF1,EMULTIMQ,EQ,,,,,EDELAMC - EMULTIMQ,40.35,41.77,40.35,41.29,41.39,39.95,,41.29,,,17658,720666.09,128,F1,1,,,,,
2026-09-17,2026-09-17,CM,NSE,STK,763540,INF754K01XF3,ENEXT50,EQ,,,,,EDELAMC - ENEXT50,70.89,70.89,70.88,70.89,70.89,70.54,,70.89,,,56,3969.80,4,F1,1,,,,,
2026-09-17,2026-09-17,CM,NSE,STK,759998,INF754K01VX0,ENIFTY,EQ,,,,,EDELAMC - ENIFTY,23.50,23.57,23.41,23.49,23.49,23.33,,23.49,,,975,22927.54,66,F1,1,,,,,
2026-09-17,2026-09-17,CM,NSE,STK,759995,INF754K01VY8,ESENSEX,EQ,,,,,EDELAMC - ESENSEX,75.32,75.33,75.00,75.15,75.16,75.27,,75.15,,,298,22400.13,17,F1,1,,,,,
2026-09-17,2026-09-17,CM,NSE,STK,20257,INF754K01SF3,ESILVER,EQ,,,,,EDELAMC - ESILVER,227.30,227.30,223.24,226.68,226.00,228.89,,226.68,,,87265,19767538.18,873,F1,1,,,,,
2026-09-17,2026-09-17,CM,NSE,STK,15119,INE532F01054,EDELWEISS,EQ,,,,,EDELWEISS FIN SERV LTD,127.05,129.90,126.10,128.34,129.00,126.74,,128.34,,,5586474,715635955.41,83130,F1,1,,,,,
2026-09-17,2026-09-17,CM,NSE,STK,758675,INE886D01026,EFCIL,EQ,,,,,EFC (I) LIMITED,179.26,182.35,175.13,177.95,177.00,178.06,,177.95,,,243092,43197690.85,4801,F1,1,,,,,
2026-09-17,2026-09-17,CM,NSE,STK,24435,INE0U9101019,EFFWA,SM,,,,,EFFWA INFRA & RESEARCH L,369.80,374.15,360.00,360.40,360.25,356.25,,360.40,,,10800,3934880.00,19,F1,400,,,,,
2026-09-17,2026-09-17,CM,NSE,STK,910,INE066A01021,EICHERMOT,EQ,,,,,EICHER MOTORS LTD,7495.00,7552.50,7489.00,7493.50,7493.50,7500.00,,7493.57,,,255852,1926872034.00,22632,F1,1,,,,,
2026-09-17,2026-09-17,CM,NSE,STK,916,INE126A01031,EIDPARRY,EQ,,,,,EID PARRY INDIA LTD,702.20,706.80,699.15,703.10,705.00,703.05,,703.10,,,161641,113656696.10,15866,F1,1,,,,,
2026-09-17,2026-09-17,CM,NSE,STK,15399,INE276C01014,EIHAHOTELS,EQ,,,,,EIH ASSOCIATED HOTELS LTD,286.95,297.90,286.95,294.95,295.95,287.00,,294.92,,,16981,4963224.30,873,F1,1,,,,,
2026-09-17,2026-09-17,CM,NSE,STK,919,INE230A01023,EIHOTEL,EQ,,,,,EIH LIMITED,292.00,302.00,290.00,299.90,299.00,292.10,,299.88,,,302712,90196617.65,8849,F1,1,,,,,
2026-09-17,2026-09-17,CM,NSE,STK,4040,INE158B01016,EIMCOELECO,EQ,,,,,EIMCO ELECON (INDIA) LTD,2265.70,2309.70,2235.00,2247.40,2254.00,2277.10,,2247.36,,,17329,39338427.10,2343,F1,1,,,,,
2026-09-17,2026-09-17,CM,NSE,STK,764668,INE0CPR01018,EKI,EQ,,,,,EKI ENERGY SERVICES LTD,67.55,69.40,67.17,68.36,68.49,67.57,,68.21,,,22081,1502641.41,379,F1,1,,,,,
2026-09-17,2026-09-17,CM,NSE,STK,762653,INE280B01018,ELANTAS,EQ,,,,,ELANTAS BECK INDIA LTD.,13450.00,14000.00,13450.00,13686.00,13600.00,13436.00,,13686.76,,,2711,37394503.00,1098,F1,1,,,,,
2026-09-17,2026-09-17,CM,NSE,STK,762658,INE927X01018,ELCIDIN,EQ,,,,,ELCID INVESTMENTS LTD.,106200.00,108985.00,104825.00,106270.00,107000.00,107120.00,,106845.67,,,14,1493475.00,14,F1,1,,,,,
2026-09-17,2026-09-17,CM,NSE,STK,8953,INE668G01021,ELDEHSG,EQ,,,,,ELDECO HSG & IND LTD.,769.00,783.90,761.15,767.10,765.20,769.15,,767.10,,,152,117284.25,21,F1,1,,,,,
2026-09-17,2026-09-17,CM,NSE,STK,13643,INE205B01031,ELECON,EQ,,,,,ELECON ENG. CO. LTD,407.35,420.00,407.10,414.60,416.35,407.35,,414.54,,,137261,56665664.80,6083,F1,1,,,,,
2026-09-17,2026-09-17,CM,NSE,STK,20899,INE0Q1W01012,EFORCE,SM,,,,,ELECTRO FORCE (INDIA) LTD,18.75,18.80,18.75,18.80,18.80,18.75,,18.80,,,3600,67560.00,3,F1,1200,,,,,
2026-09-17,2026-09-17,CM,NSE,STK,11530,INE02YR01019,EMIL,EQ,,,,,ELECTRONICS MART IND LTD,180.50,188.10,180.10,185.07,185.04,180.93,,185.06,,,1962550,363934391.51,21155,F1,1,,,,,
2026-09-17,2026-09-17,CM,NSE,STK,928,INE086A01029,ELECTCAST,EQ,,,,,ELECTROSTEEL CASTINGS LTD,74.55,75.69,73.75,74.07,73.80,74.33,,74.07,,,1335023,99249083.22,10401,F1,1,,,,,
2026-09-17,2026-09-17,CM,NSE,STK,4469,INE822G01016,ELECTHERM,EQ,,,,,ELECTROTHERM (I) LTD.,949.85,949.85,920.00,932.65,921.00,941.15,,932.64,,,7800,7289315.00,429,F1,1,,,,,
2026-09-17,2026-09-17,CM,NSE,STK,29595,INE0R9101015,ELGNZ,SM,,,,,ELEGANZ INTERIORS LIMITED,83.00,87.95,82.05,85.50,84.00,84.95,,85.50,,,18000,1525200.00,15,F1,1000,,,,,
2026-09-17,2026-09-17,CM,NSE,STK,937,INE285A01027,ELGIEQUIP,EQ,,,,,ELGI EQUIPMENTS LTD,590.10,603.80,585.00,593.30,594.00,592.50,,593.31,,,381647,227600887.85,28112,F1,1,,,,,
2026-09-17,2026-09-17,CM,NSE,STK,24924,INE819L01012,ELGIRUBCO,EQ,,,,,ELGI RUBBER CO. LTD,57.90,62.80,57.50,60.81,60.60,56.68,,60.81,,,81747,4898953.92,733,F1,1,,,,,
2026-09-17,2026-09-17,CM,NSE,STK,13423,INE050401020,ELIN,EQ,,,,,ELIN ELECTRONICS LIMITED,88.99,90.40,87.25,89.88,89.01,88.71,,89.88,,,135916,12069443.68,2532,F1,1,,,,,
2026-09-17,2026-09-17,CM,NSE,STK,762663,INE669R01026,ELITECON,EQ,,,,,ELITECON INTERNATIONAL L,7.75,7.75,7.75,7.75,7.75,8.15,,7.75,,,642833,4981955.75,2423,F1,1,,,,,
2026-09-17,2026-09-17,CM,NSE,STK,758563,INE236E01022,ELLEN,EQ,,,,,ELLENBARRIE INDUS GASES L,375.90,381.45,367.40,371.00,371.45,374.65,,371.00,,,1292697,485520455.45,17819,F1,1,,,,,
2026-09-17,2026-09-17,CM,NSE,STK,4471,INE579B01039,ELPROINTL,EQ,,,,,ELPRO INTERNATIONAL LTD,174.11,174.11,173.01,173.26,174.00,173.51,,173.26,,,1210,210013.76,50,F1,1,,,,,
2026-09-17,2026-09-17,CM,NSE,STK,29229,INE0ZOL01023,EMAPARTNER,SM,,,,,EMA PARTNERS INDIA LTD,79.00,83.00,79.00,82.00,82.00,79.90,,82.00,,,23000,1882250.00,16,F1,1000,,,,,
2026-09-17,2026-09-17,CM,NSE,STK,13517,INE548C01032,EMAMILTD,EQ,,,,,EMAMI LIMITED,373.70,396.45,370.00,376.10,377.90,369.30,,376.10,,,9467997,3639125243.65,124450,F1,1,,,,,
2026-09-17,2026-09-17,CM,NSE,STK,10084,INE830C01026,EMAMIPAP,BE,,,,,EMAMI PAPER MILLS LIMITED,111.56,113.90,109.50,111.97,111.95,111.56,,111.97,,,14540,1627630.80,175,F1,1,,,,,
2026-09-17,2026-09-17,CM,NSE,STK,19277,INE778K01012,EMAMIREAL,EQ,,,,,EMAMI REALTY LIMITED,68.40,68.40,66.00,67.87,67.88,66.31,,67.87,,,1930,130160.35,43,F1,1,,,,,
2026-09-17,2026-09-17,CM,NSE,STK,14450,INE069I01010,EMBDL,EQ,,,,,EMBASSY DEVELOPMENTS LTD,53.20,55.71,53.20,54.91,55.06,53.68,,54.91,,,3709144,202057270.04,8950,F1,1,,,,,
2026-09-17,2026-09-17,CM,NSE,STK,9383,INE041025011,EMBASSY,RR,,,,,EMBASSY OFFICE PARKS REIT,439.50,440.00,438.31,439.46,439.50,439.58,,439.46,,,626311,275321074.46,12520,F1,1,,,,,
2026-09-17,2026-09-17,CM,NSE,STK,24398,INE168P01015,EMCURE,EQ,,,,,EMCURE PHARMACEUTICALS L,1913.20,1940.40,1891.60,1909.80,1908.30,1931.90,,1909.81,,,136884,262770693.30,15427,F1,1,,,,,
2026-09-17,2026-09-17,CM,NSE,STK,27629,INE0RHD01013,ETML,SM,,,,,EMERALD TYRE MANUF LTD,80.80,80.80,79.50,80.00,80.00,80.00,,80.00,,,61200,4913820.00,6,F1,1200,,,,,
2026-09-17,2026-09-17,CM,NSE,STK,13421,INE296H01011,EMKAY,EQ,,,,,EMKAY GLOBAL FIN SERV LTD,240.00,253.00,240.00,248.95,252.00,242.30,,248.41,,,6217,1532342.20,264,F1,1,,,,,
2026-09-17,2026-09-17,CM,NSE,STK,10253,INE332S01011,EMKAYTOOLS,SM,,,,,EMKAY TAP & CUT. TOOL LTD,93.50,96.90,93.50,95.50,96.00,93.00,,95.50,,,1500,142972.50,10,F1,150,,,,,
2026-09-17,2026-09-17,CM,NSE,STK,18146,INE753K01015,EMMBI,BE,,,,,EMMBI INDUSTRIES LIMITED,90.95,91.30,86.00,87.91,89.90,87.75,,87.91,,,3712,332193.84,56,F1,1,,,,,
2026-09-17,2026-09-17,CM,NSE,STK,759728,INE1C6T01020,EMMVEE,EQ,,,,,EMMVEE PHOTOVOLTAIC PWR L,323.00,326.75,316.05,325.50,326.00,321.70,,325.49,,,2271950,730877273.45,45314,F1,1,,,,,
2026-09-17,2026-09-17,CM,NSE,STK,764673,INE515H01014,EMPIND,EQ,,,,,EMPIRE INDUSTRIES LTD.,1020.00,1073.00,1020.00,1065.30,1063.00,1026.90,,1065.09,,,3890,4091553.20,372,F1,1,,,,,
2026-09-17,2026-09-17,CM,NSE,STK,762670,INE507F01023,EMPOWER,EQ,,,,,EMPOWER INDIA LTD.,2.45,2.56,2.44,2.50,2.53,2.48,,2.50,,,57786293,145164151.22,13594,F1,1,,,,,
2026-09-17,2026-09-17,CM,NSE,STK,18593,INE0OV601013,EMSLIMITED,EQ,,,,,EMS LIMITED,361.30,367.50,360.80,364.50,366.00,362.25,,364.52,,,103263,37575448.25,3368,F1,1,,,,,
2026-09-17,2026-09-17,CM,NSE,STK,9756,INE01QM01018,EMUDHRA,EQ,,,,,EMUDHRA LIMITED,617.85,650.00,610.20,633.35,629.45,642.30,,633.31,,,4759356,2991792020.80,108762,F1,1,,,,,
2026-09-17,2026-09-17,CM,NSE,STK,760321,INE433T01015,ENCOMPAS,SM,,,,,ENCOMPASS DESIGN INDIA L,251.50,263.95,251.50,259.90,259.90,256.55,,259.90,,,16400,4241240.00,13,F1,400,,,,,
2026-09-17,2026-09-17,CM,NSE,STK,18822,INE913H01037,ENDURANCE,EQ,,,,,ENDURANCE TECHNO. LTD.,2639.90,2706.60,2628.50,2690.80,2695.00,2628.40,,2690.74,,,194228,520049718.00,27669,F1,1,,,,,
2026-09-17,2026-09-17,CM,NSE,STK,15049,INE306C01019,ENERGYDEV,EQ,,,,,ENERGY DEVE. CO.LTD,14.02,14.79,14.02,14.66,14.74,14.08,,14.66,,,11022,160719.62,229,F1,1,,,,,
2026-09-17,2026-09-17,CM,NSE,STK,23745,INE0S1L01013,EMMIL,SM,,,,,ENERGY MISSION MACH IND L,118.00,118.00,115.00,115.00,115.00,117.05,,115.00,,,13500,1584175.00,27,F1,250,,,,,
2026-09-17,2026-09-17,CM,NSE,STK,23224,INE0S3X01014,ENFUSE,SM,,,,,ENFUSE SOLUTIONS LIMITED,142.00,142.00,142.00,142.00,142.00,153.95,,142.00,,,600,85200.00,1,F1,600,,,,,
2026-09-17,2026-09-17,CM,NSE,STK,4907,INE510A01028,ENGINERSIN,EQ,,,,,ENGINEERS INDIA LTD,261.00,267.95,259.95,263.75,264.50,260.65,,263.75,,,1556919,412167739.50,36828,F1,1,,,,,
2026-09-17,2026-09-17,CM,NSE,STK,764678,INE130L01014,ENKEIWHEL,EQ,,,,,ENKEI WHEELS (INDIA) LTD.,399.90,401.80,384.90,392.60,399.00,390.20,,392.46,,,1848,720406.25,180,F1,1,,,,,
2026-09-17,2026-09-17,CM,NSE,STK,23230,INE0R9I01021,ENSER,SM,,,,,ENSER COMMUNICATIONS LTD,15.00,15.15,14.05,15.00,15.00,14.70,,15.00,,,40000,596000.00,8,F1,5000,,,,,
2026-09-17,2026-09-17,CM,NSE,STK,22717,INE010601016,ENTERO,EQ,,,,,ENTERO HEALTHCARE SOLU L,1740.50,1786.90,1610.80,1666.60,1662.00,1731.80,,1666.57,,,1233669,2070087213.10,46909,F1,1,,,,,
2026-09-17,2026-09-17,CM,NSE,STK,13192,INE265F01028,ENIL,EQ,,,,,ENTERTAIN NET. IND. LTD.,101.00,101.97,100.11,100.85,100.51,100.34,,100.85,,,4332,437534.87,142,F1,1,,,,,
2026-09-17,2026-09-17,CM,NSE,STK,27213,INE0LLY01014,EIEL,EQ,,,,,ENVIRO INFRA ENGINEERS L,194.85,201.67,193.21,199.64,199.85,194.87,,199.61,,,1527032,304618147.04,14814,F1,1,,,,,
2026-09-17,2026-09-17,CM,NSE,STK,25412,INE0SUH01015,ENVIRO,SM,,,,,ENVIROTECH SYSTEMS LTD,69.00,70.00,67.00,67.65,67.20,68.60,,67.65,,,70000,4758950.00,43,F1,1000,,,,,
2026-09-17,2026-09-17,CM,NSE,STK,22463,INE0G5901015,EPACK,EQ,,,,,EPACK DURABLE LIMITED,178.09,181.50,176.80,180.82,181.40,178.09,,180.82,,,279105,50100644.16,5036,F1,1,,,,,
2026-09-17,2026-09-17,CM,NSE,STK,759251,INE0MLS01022,EPACKPEB,EQ,,,,,EPACK PREFAB TECHN LTD,222.00,225.45,220.14,222.26,222.09,221.47,,222.26,,,315272,70331614.94,6896,F1,1,,,,,
2026-09-17,2026-09-17,CM,NSE,STK,5382,INE071N01016,EPIGRAL,EQ,,,,,EPIGRAL LIMITED,1084.00,1115.90,1077.00,1101.40,1100.00,1084.00,,1101.47,,,23453,25707344.10,2564,F1,1,,,,,
2026-09-17,2026-09-17,CM,NSE,STK,981,INE255A01020,EPL,EQ,,,,,EPL LIMITED,234.45,239.00,229.05,231.40,232.00,233.90,,231.40,,,2496141,579080823.45,37967,F1,1,,,,,
2026-09-17,2026-09-17,CM,NSE,STK,758349,INE11HF01010,EEPL,ST,,,,,EPPELTONE ENGINEERS LTD,136.00,136.00,136.00,136.00,136.00,133.00,,136.00,,,1000,136000.00,1,F1,1000,,,,,
2026-09-17,2026-09-17,CM,NSE,STK,761217,INE1KEC01023,EPWINDIA,ST,,,,,EPW INDIA LIMITED,241.65,241.65,240.00,240.00,240.00,230.15,,240.00,,,4800,1157940.00,4,F1,1200,,,,,
2026-09-17,2026-09-17,CM,NSE,STK,3553,INE217G01035,EQUIPPP,BE,,,,,EQUIPPP SOC IMP TECH LTD,24.51,24.62,23.51,24.39,24.39,24.39,,24.50,,,1456,35243.46,22,F1,1,,,,,
2026-09-17,2026-09-17,CM,NSE,STK,913,INE063P01018,EQUITASBNK,EQ,,,,,EQUITAS SMALL FIN BNK LTD,74.00,74.39,71.75,72.13,72.06,73.50,,72.13,,,1530643,111514686.71,14012,F1,1,,,,,
2026-09-17,2026-09-17,CM,NSE,STK,21154,INE406M01024,ERIS,EQ,,,,,ERIS LIFESCIENCES LIMITED,1296.00,1350.00,1290.60,1310.70,1350.00,1303.20,,1310.69,,,44936,58732717.00,5622,F1,1,,,,,
2026-09-17,2026-09-17,CM,NSE,STK,955,INE284A01012,ESABINDIA,EQ,,,,,ESAB INDIA LTD,5675.50,5710.50,5600.50,5618.50,5606.00,5675.00,,5618.82,,,2521,14223119.50,1136,F1,1,,,,,
2026-09-17,2026-09-17,CM,NSE,STK,19884,INE818W01011,ESAFSFB,BE,,,,,ESAF SMALL FINANCE BANK L,38.47,39.79,38.01,38.44,38.60,38.96,,38.44,,,251795,9724026.46,1657,F1,1,,,,,
2026-09-17,2026-09-17,CM,NSE,STK,22767,INE0RQZ01017,ESCONET,ST,,,,,ESCONET TECHNOLOGIES LTD,213.95,213.95,213.95,213.95,213.95,225.20,,213.95,,,4800,1026960.00,11,F1,400,,,,,
2026-09-17,2026-09-17,CM,NSE,STK,958,INE042A01014,ESCORTS,EQ,,,,,ESCORTS KUBOTA LIMITED,2815.60,2843.60,2809.00,2830.00,2830.90,2815.60,,2829.95,,,51122,144772917.40,13091,F1,1,,,,,
2026-09-17,2026-09-17,CM,NSE,STK,765553,INE0DRI01029,ESDS,EQ,,,,,ESDS SOFTWARE SOLUTION L,1646.85,1646.85,1646.85,1646.85,1646.85,1733.50,,1639.38,,,59604,98158847.40,2358,F1,1,,,,,
2026-09-17,2026-09-17,CM,NSE,STK,759296,INE818W08149,113ESFB31,N0,,,,,ESFB 11.3% 2031 SR 2,100050.00,100050.00,100050.00,100050.00,100050.00,100000.00,,100050.00,,,2,200100.00,2,F1,1,,,,,
2026-09-17,2026-09-17,CM,NSE,STK,24678,INE0SBP01018,ESPRIT,SM,,,,,ESPRIT STONES LIMITED,64.00,64.00,60.50,60.50,60.50,65.85,,60.50,,,6400,396400.00,3,F1,1600,,,,,
2026-09-17,2026-09-17,CM,NSE,STK,25634,INE122M01019,ESSARSHPNG,EQ,,,,,ESSAR SHIPPING LTD,15.56,16.25,15.56,16.14,16.20,15.53,,16.14,,,191957,3059878.66,852,F1,1,,,,,
2026-09-17,2026-09-17,CM,NSE,STK,17084,INE0ITO01014,ESFL,SM,,,,,ESSEN SPECIALITY FILMS L,124.40,127.50,124.00,124.25,124.00,124.60,,124.25,,,17280,2168496.00,39,F1,360,,,,,
2026-09-17,2026-09-17,CM,NSE,STK,24265,INE778B01029,ESTER,EQ,,,,,ESTER INDUSTRIES LTD,85.40,88.35,85.40,86.76,87.00,86.24,,86.76,,,26887,2340156.15,797,F1,1,,,,,
2026-09-17,2026-09-17,CM,NSE,STK,5097,INE758T01015,ETERNAL,EQ,,,,,ETERNAL LIMITED,318.30,327.80,318.25,322.35,322.35,317.00,,322.59,,,27543143,8942617735.35,143707,F1,1,,,,,
2026-09-17,2026-09-17,CM,NSE,STK,9750,INE04TZ01018,ETHOSLTD,EQ,,,,,ETHOS LIMITED,2612.50,2673.00,2581.10,2651.00,2650.00,2612.50,,2651.00,,,14831,39271367.30,4225,F1,1,,,,,
2026-09-17,2026-09-17,CM,NSE,STK,25162,INE0KCE01017,EUREKAFORB,EQ,,,,,EUREKA FORBES LIMITED,391.75,398.95,386.10,391.10,387.95,394.15,,391.16,,,142731,56024691.85,10359,F1,1,,,,,
2026-09-17,2026-09-17,CM,NSE,STK,6042,INE546V01010,EIFFL,BE,,,,,EURO (I) FRESH FOODS LTD,266.05,266.05,264.70,264.70,264.70,270.10,,264.70,,,6599,1753711.50,19,F1,1,,,,,
2026-09-17,2026-09-17,CM,NSE,STK,757953,INE505V01016,EUROBOND,EQ,,,,,EURO PANEL PRODUCTS LTD,148.34,151.00,148.00,148.49,149.00,149.84,,148.49,,,698,104372.93,19,F1,1,,,,,
2026-09-17,2026-09-17,CM,NSE,STK,759797,INE198501012,EUROPRATIK,EQ,,,,,EURO PRATIK SALES LIMITED,241.00,243.00,232.10,234.85,232.10,240.05,,234.84,,,227748,53987003.65,4531,F1,1,,,,,
2026-09-17,2026-09-17,CM,NSE,STK,8886,INE022C01012,EUROTEXIND,BE,,,,,EUROTEX IND & EXPORTS LTD,11.74,11.74,11.74,11.74,11.74,12.35,,11.74,,,5895,69207.30,24,F1,1,,,,,
2026-09-17,2026-09-17,CM,NSE,STK,11782,INE128A01029,EVEREADY,EQ,,,,,EVEREADY INDS. IND.  LTD.,333.10,340.60,332.10,334.10,333.05,333.95,,334.08,,,52844,17756481.90,1984,F1,1,,,,,
2026-09-17,2026-09-17,CM,NSE,STK,6017,INE295A01018,EVERESTIND,BE,,,,,EVEREST INDUSTRIES LTD,396.00,410.00,393.50,400.00,398.65,401.35,,400.00,,,3489,1384110.60,95,F1,1,,,,,
2026-09-17,2026-09-17,CM,NSE,STK,13091,INE184H01027,EKC,EQ,,,,,EVEREST KANTO CYLINDERLTD,99.85,101.84,98.52,101.01,100.71,98.75,,101.01,,,78489,7880745.55,1469,F1,1,,,,,
2026-09-17,2026-09-17,CM,NSE,STK,11471,INE369A01029,EXCELINDUS,EQ,,,,,EXCEL INDUSTRIES LTD,955.90,972.70,940.00,963.80,966.80,966.80,,963.83,,,19529,18653711.10,1622,F1,1,,,,,
2026-09-17,2026-09-17,CM,NSE,STK,25327,INE0Y4801011,EXCELLENT,ST,,,,,EXCELLENT WIRES N PACK L,205.00,205.00,205.00,205.00,205.00,198.00,,205.00,,,3200,656000.00,2,F1,1600,,,,,
2026-09-17,2026-09-17,CM,NSE,STK,760007,INE606N01019,EXCELSOFT,EQ,,,,,EXCELSOFT TECHNOLOGIES L,79.21,81.03,79.01,79.80,79.70,80.17,,79.79,,,566163,45288883.16,5838,F1,1,,,,,
2026-09-17,2026-09-17,CM,NSE,STK,22947,INE777F01014,EXICOM,EQ,,,,,EXICOM TELE SYSTEMS LTD,162.13,167.45,158.00,160.09,158.46,162.72,,160.09,,,937220,152412700.58,10871,F1,1,,,,,
2026-09-17,2026-09-17,CM,NSE,STK,676,INE302A01020,EXIDEIND,EQ,,,,,EXIDE INDUSTRIES LTD,415.35,421.95,411.00,418.60,418.60,415.50,,418.55,,,1041144,434620837.45,30837,F1,1,,,,,
2026-09-17,2026-09-17,CM,NSE,STK,760422,INE19I001020,EXIMROUTES,SM,,,,,EXIM ROUTES LIMITED,103.00,103.00,103.00,103.00,103.00,99.25,,103.00,,,800,82400.00,1,F1,800,,,,,
2026-09-17,2026-09-17,CM,NSE,STK,17486,INE201K01015,EXPLEOSOL,EQ,,,,,EXPLEO SOLUTIONS LIMITED,884.00,900.00,872.30,898.05,898.00,879.85,,898.04,,,35973,32129995.35,2643,F1,1,,,,,
2026-09-17,2026-09-17,CM,NSE,STK,5352,INE0GFE01026,EXXARO,EQ,,,,,EXXARO TILES LIMITED,6.20,6.34,6.20,6.26,6.30,6.25,,6.26,,,640912,4011694.59,318,F1,1,,,,,
2026-09-17,2026-09-17,CM,NSE,STK,760125,INE0HF201011,FABTECH,EQ,,,,,FABTECH TECHNOLOGIES LTD,145.66,148.48,145.26,146.92,146.50,145.66,,146.77,,,62523,9198710.93,777,F1,1,,,,,
2026-09-17,2026-09-17,CM,NSE,STK,1008,INE188A01015,FACT,EQ,,,,,FACT LTD,748.00,775.00,747.50,759.80,759.80,749.00,,759.85,,,147229,112153966.40,9331,F1,1,,,,,
2026-09-17,2026-09-17,CM,NSE,STK,1619,INE0DNW01011,FAIRCHEMOR,BE,,,,,FAIRCHEM ORGANICS LIMITED,619.25,624.90,610.00,622.90,623.00,619.25,,623.00,,,1871,1149680.05,289,F1,1,,,,,
2026-09-17,2026-09-17,CM,NSE,STK,24150,INE0PQK01013,FALCONTECH,SM,,,,,FALCON TECHNOPROJ IND LTD,12.50,12.50,11.50,11.50,11.50,13.00,,11.50,,,25200,304500.00,13,F1,1200,,,,,
2026-09-17,2026-09-17,CM,NSE,STK,765368,INE1Q2D01019,FASCINATE,SM,,,,,FASCINATE TEXTILES LTD,45.60,45.60,45.60,45.60,45.60,48.00,,45.60,,,133600,6092160.00,68,F1,800,,,,,
2026-09-17,2026-09-17,CM,NSE,STK,12000,INE963C01033,FAZE3Q,EQ,,,,,FAZE THREE LIMITED,460.05,460.15,435.00,442.15,440.10,447.20,,442.13,,,23415,10363256.05,1021,F1,1,,,,,
2026-09-17,2026-09-17,CM,NSE,STK,11999,INE512B01022,FCSSOFT,EQ,,,,,FCS SOFTWARE SOLN. LTD.,1.42,1.43,1.40,1.42,1.42,1.41,,1.42,,,847857,1200620.08,794,F1,1,,,,,
2026-09-17,2026-09-17,CM,NSE,STK,4898,INE258B01022,FDC,EQ,,,,,FDC LIMITED,351.00,353.70,347.30,352.15,353.00,350.20,,352.13,,,89270,31358758.00,2800,F1,1,,,,,
2026-09-17,2026-09-17,CM,NSE,STK,20322,INE007N01010,FEDFINA,EQ,,,,,FEDBANK FINANCIAL SER L,150.99,153.50,150.20,152.27,153.39,150.76,,152.26,,,479562,72831985.75,7110,F1,1,,,,,
2026-09-17,2026-09-17,CM,NSE,STK,762675,INE417D01020,FEDDERSHOL,EQ,,,,,FEDDERS HOLDING LTD.,51.16,53.10,51.00,52.29,51.95,50.81,,52.30,,,3091043,161877841.50,11418,F1,1,,,,,
2026-09-17,2026-09-17,CM,NSE,STK,1023,INE171A01029,FEDERALBNK,EQ,,,,,FEDERAL BANK LTD,342.00,343.75,332.45,332.75,332.75,341.80,,332.76,,,5321222,1791034916.70,59935,F1,1,,,,,
2026-09-17,2026-09-17,CM,NSE,STK,1190,INE529A01010,FMGOETZE,EQ,,,,,FEDERAL-MOGUL GOETZE (IND,441.00,453.10,441.00,447.50,448.50,446.80,,447.49,,,134140,60215714.05,3825,F1,1,,,,,
2026-09-17,2026-09-17,CM,NSE,STK,573,INE901X01013,FELIX,SM,,,,,FELIX INDUSTRIES LTD.,207.70,210.20,200.25,203.95,203.50,205.60,,203.95,,,34000,6980200.00,50,F1,500,,,,,
2026-09-17,2026-09-17,CM,NSE,STK,762680,INE225B01021,FERMENTA,EQ,,,,,FERMENTA BIOTECH LTD.,470.00,473.20,462.00,465.70,464.80,470.00,,465.69,,,36048,16837388.70,2221,F1,1,,,,,
2026-09-17,2026-09-17,CM,NSE,STK,8159,INE296C01020,FIBERWEB,EQ,,,,,FIBERWEB INDIA LIMITED,26.72,26.72,25.56,26.40,26.40,26.08,,26.40,,,7278,191555.44,86,F1,1,,,,,
2026-09-17,2026-09-17,CM,NSE,STK,9858,INE0LQQ01019,FIDEL,SM,,,,,FIDEL SOFTECH LIMITED,150.00,159.90,150.00,157.40,159.90,150.00,,157.40,,,13000,2003950.00,13,F1,1000,,,,,
2026-09-17,2026-09-17,CM,NSE,STK,13710,INE737H01014,FIEMIND,EQ,,,,,FIEM INDUSTRIES LIMITED,1942.80,1965.10,1895.50,1900.90,1901.00,1927.90,,1900.94,,,113760,218539875.60,15544,F1,1,,,,,
2026-09-17,2026-09-17,CM,NSE,STK,23647,INE185E01021,FILATFASH,EQ,,,,,FILATEX FASHIONS LIMITED,0.18,0.19,0.18,0.18,0.19,0.18,,0.18,,,11475735,2100174.03,1383,F1,1,,,,,
2026-09-17,2026-09-17,CM,NSE,STK,24532,INE816B01035,FILATEX,EQ,,,,,FILATEX INDIA LTD,87.99,91.90,85.56,90.35,89.62,87.22,,90.35,,,7738959,697558505.96,46795,F1,1,,,,,
2026-09-17,2026-09-17,CM,NSE,STK,759776,INE0EDU01014,FINBUD,SM,,,,,FINBUD FINANCIAL SERV LTD,124.90,124.90,124.90,124.90,124.90,125.00,,124.90,,,1000,124900.00,1,F1,1000,,,,,
2026-09-17,2026-09-17,CM,NSE,STK,3744,INE686Y01026,FINEORG,EQ,,,,,FINE ORGANIC IND. LTD.,5111.00,5220.00,5111.00,5202.00,5220.00,5193.00,,5201.68,,,11277,58428547.50,4319,F1,1,,,,,
2026-09-17,2026-09-17,CM,NSE,STK,6198,INE045J01034,FCL,EQ,,,,,FINEOTEX CHEMICAL LIMITED,52.52,54.07,52.20,52.99,53.25,53.07,,52.99,,,15008357,799268154.69,49330,F1,1,,,,,
2026-09-17,2026-09-17,CM,NSE,STK,759239,INE734I01027,FINKURVE,EQ,,,,,FINKURVE FINANCIAL SERV L,71.50,76.80,71.50,75.05,73.50,72.99,,74.99,,,46956,3479778.54,926,F1,1,,,,,
2026-09-17,2026-09-17,CM,NSE,STK,6579,INE02NC01014,FINOPB,EQ,,,,,FINO PAYMENTS BANK LTD,136.05,138.37,135.26,136.43,135.87,136.05,,136.43,,,87730,11986561.32,1475,F1,1,,,,,
2026-09-17,2026-09-17,CM,NSE,STK,1038,INE235A01022,FINCABLES,EQ,,,,,FINOLEX CABLES LTD,1362.50,1428.50,1357.70,1395.80,1389.00,1362.60,,1395.76,,,1123026,1573638279.10,59066,F1,1,,,,,
2026-09-17,2026-09-17,CM,NSE,STK,1041,INE183A01024,FINPIPE,EQ,,,,,FINOLEX INDUSTRIES LTD,150.83,157.50,150.83,154.43,155.69,151.05,,154.39,,,318438,48787612.83,9584,F1,1,,,,,
2026-09-17,2026-09-17,CM,NSE,STK,14304,INE684F01012,FSL,EQ,,,,,FIRSTSOURCE SOLU. LTD.,276.40,276.40,271.00,273.10,273.00,277.75,,273.10,,,1215172,332422677.95,27683,F1,1,,,,,
2026-09-17,2026-09-17,CM,NSE,STK,757658,INE771F01041,FISCHER,EQ,,,,,FISCHER MEDICAL VENTURE L,32.60,34.00,32.60,33.30,33.30,33.50,,33.30,,,401729,13411553.99,1887,F1,1,,,,,
2026-09-17,2026-09-17,CM,NSE,STK,12032,INE128S01021,FIVESTAR,EQ,,,,,FIVE-STAR BUS FIN LTD,550.00,553.15,529.10,530.95,531.90,549.40,,530.96,,,351651,189189347.25,20386,F1,1,,,,,
2026-09-17,2026-09-17,CM,NSE,STK,20372,INE00Y201027,FLAIR,EQ,,,,,FLAIR WRITING INDUST LTD,233.05,242.18,232.40,237.13,236.22,231.89,,237.12,,,73615,17397372.50,1798,F1,1,,,,,
2026-09-17,2026-09-17,CM,NSE,STK,25516,INE060J01017,FLEXITUFF,BE,,,,,FLEXITUFF VENTURES INT L,2.46,2.46,2.46,2.46,2.46,2.35,,2.47,,,32203,79219.38,15,F1,1,,,,,
2026-09-17,2026-09-17,CM,NSE,STK,758208,INE0VCK01011,FLYSBS,SM,,,,,FLYSBS AVIATION LIMITED,660.00,672.00,644.30,651.30,652.00,661.10,,651.30,,,37600,24905770.00,129,F1,200,,,,,
2026-09-17,2026-09-17,CM,NSE,STK,760331,INE0SQZ01015,FWSTC,SM,,,,,FLYWINGS SIMULAT T C LTD,163.50,163.50,152.00,152.40,152.00,180.00,,152.40,,,18600,2962290.00,31,F1,600,,,,,
2026-09-17,2026-09-17,CM,NSE,STK,7385,INE0I7D01019,FOCE,SM,,,,,FOCE INDIA LIMITED,515.00,515.00,515.00,515.00,515.00,500.00,,515.00,,,4800,2472000.00,4,F1,240,,,,,
2026-09-17,2026-09-17,CM,NSE,STK,6839,INE593W01028,FOCUS,BE,,,,,FOCUS LIGHTG & FIXTRS LTD,61.13,61.49,59.00,59.31,59.13,60.67,,59.31,,,30997,1860267.85,213,F1,1,,,,,
2026-09-17,2026-09-17,CM,NSE,STK,22517,INE0Q4701019,FONEBOX,SM,,,,,FONEBOX RETAIL LIMITED,130.00,130.00,125.95,125.95,125.95,132.55,,125.95,,,6000,766400.00,6,F1,1000,,,,,
2026-09-17,2026-09-17,CM,NSE,STK,6673,INE976E01023,FOODSIN,EQ,,,,,FOODS & INNS LIMITED,53.30,56.50,52.50,54.79,55.90,51.98,,54.75,,,38926,2096330.02,813,F1,1,,,,,
2026-09-17,2026-09-17,CM,NSE,STK,24917,INE0U2501017,FORCAS,ST,,,,,FORCAS STUDIO LIMITED,212.35,212.35,204.05,209.30,211.90,202.45,,209.30,,,20800,4337600.00,13,F1,1600,,,,,
2026-09-17,2026-09-17,CM,NSE,STK,11573,INE451A01017,FORCEMOT,EQ,,,,,FORCE MOTORS LIMITED,17370.00,17783.00,17325.00,17650.00,17650.00,17383.00,,17651.39,,,62698,1103826824.00,20705,F1,1,,,,,
2026-09-17,2026-09-17,CM,NSE,STK,25664,INE0YKW01013,FORGEAUTO,SM,,,,,FORGE AUTO INTERNATION L,96.15,100.00,96.15,100.00,100.00,95.95,,100.00,,,2400,235380.00,2,F1,1200,,,,,
2026-09-17,2026-09-17,CM,NSE,STK,14592,INE061F01013,FORTIS,EQ,,,,,FORTIS HEALTHCARE LTD,877.00,897.00,874.35,886.10,886.10,870.30,,886.10,,,1175220,1045288189.35,32142,F1,1,,,,,
2026-09-17,2026-09-17,CM,NSE,STK,1073,INE519A01011,FOSECOIND,EQ,,,,,FOSECO INDIA LTD,6968.00,7389.50,6676.50,6765.50,6731.00,6846.50,,6765.54,,,292524,2074337627.00,69057,F1,1,,,,,
2026-09-17,2026-09-17,CM,NSE,STK,760961,INE212S01015,FRACTAL,EQ,,,,,FRACTAL ANALYTICS LIMITED,742.00,761.80,736.50,750.75,750.65,738.60,,750.79,,,219334,164611082.15,13354,F1,1,,,,,
2026-09-17,2026-09-17,CM,NSE,STK,764683,INE194R01017,FREDUN,EQ,,,,,FREDUN PHARMACEUTICALS L,1229.70,1302.80,1225.00,1278.20,1280.00,1221.60,,1278.25,,,130408,166880290.80,11996,F1,1,,,,,
2026-09-17,2026-09-17,CM,NSE,STK,25871,INE0SFW01015,FRESHARA,ST,,,,,FRESHARA AGRO EXPORTS LTD,435.00,453.95,428.00,443.95,443.95,444.50,,443.95,,,37200,16101810.00,47,F1,600,,,,,
2026-09-17,2026-09-17,CM,NSE,STK,11501,INE385O01018,FROG,SM,,,,,FROG INNOVATIONS LIMITED,304.95,304.95,292.75,299.40,301.00,290.95,,299.40,,,28000,8393820.00,66,F1,400,,,,,
2026-09-17,2026-09-17,CM,NSE,STK,762685,INE572D01014,FRONTSP,EQ,,,,,FRONTIER SPRINGS LTD.,1195.00,1211.90,1177.80,1197.40,1180.00,1185.80,,1197.85,,,7310,8759115.90,1225,F1,1,,,,,
2026-09-17,2026-09-17,CM,NSE,STK,6545,INE388Y01029,NYKAA,EQ,,,,,FSN E COMMERCE VENTURES,326.50,327.85,323.05,323.75,323.75,325.60,,323.75,,,5216273,1694923486.40,27133,F1,1,,,,,
2026-09-17,2026-09-17,CM,NSE,STK,759876,INE12UR01024,UTLSOLAR,EQ,,,,,FUJIYAMA POWER SYSTEMS L,408.00,417.80,404.05,408.95,407.90,405.65,,408.95,,,246129,101133398.10,10724,F1,1,,,,,
2026-09-17,2026-09-17,CM,NSE,STK,11932,INE139R01012,FUSION,EQ,,,,,FUSION FINANCE LIMITED,182.73,188.90,180.09,184.45,184.39,182.73,,184.45,,,520634,95469800.67,10180,F1,1,,,,,
2026-09-17,2026-09-17,CM,NSE,STK,14868,INE452O01016,FLFL,BZ,,,,,FUT LIFESTYLE FASH LTD,1.13,1.17,1.10,1.11,1.11,1.12,,1.11,,,32889,37551.16,78,F1,1,,,,,
2026-09-17,2026-09-17,CM,NSE,STK,13812,INE623B01027,FEL,BZ,,,,,FUTURE ENTERPRISES LTD,0.37,0.37,0.36,0.36,0.37,0.36,,0.36,,,191675,69724.11,95,F1,1,,,,,
2026-09-17,2026-09-17,CM,NSE,STK,30491,IN9623B01058,FELDVR,BZ,,,,,FUTURE ENTERPRISES LTD,2.15,2.15,1.96,1.96,1.96,2.05,,1.96,,,6367,12795.78,30,F1,1,,,,,
2026-09-17,2026-09-17,CM,NSE,STK,21017,INE360L01017,FMNL,EQ,,,,,FUTURE MKT NETWORKS LTD,9.25,9.45,8.85,8.91,8.86,9.28,,8.91,,,67240,604382.07,151,F1,1,,,,,
2026-09-17,2026-09-17,CM,NSE,STK,1168,INE075D01018,GMBREW,EQ,,,,,G M BREWERIES LTD,912.00,949.60,905.00,937.05,939.00,912.65,,937.08,,,45315,42407865.60,3719,F1,1,,,,,
2026-09-17,2026-09-17,CM,NSE,STK,5054,INE201P01022,GRINFRA,EQ,,,,,G R INFRAPROJECTS LIMITED,805.90,834.65,792.00,829.05,825.00,819.05,,829.11,,,29503,24110140.90,3440,F1,1,,,,,
2026-09-17,2026-09-17,CM,NSE,STK,1129,INE586X01012,GTECJAINX,EQ,,,,,G-TEC JAINX EDUCATION LTD,28.00,29.50,27.00,27.33,27.00,27.61,,27.33,,,10615,297105.42,91,F1,1,,,,,
2026-09-17,2026-09-17,CM,NSE,STK,1085,INE524A01029,GABRIEL,EQ,,,,,GABRIEL INDIA LTD,1294.00,1319.40,1278.50,1283.70,1290.00,1295.70,,1283.72,,,217680,280994143.70,21982,F1,1,,,,,
2026-09-17,2026-09-17,CM,NSE,STK,18018,INE224E01028,GATECH,BE,,,,,GACM TECHNOLOGIES LIMITED,0.64,0.70,0.64,0.70,0.70,0.67,,0.71,,,23785709,16253634.55,5042,F1,1,,,,,
2026-09-17,2026-09-17,CM,NSE,STK,27,INE224E01036,GATECHDVR,BE,,,,,GACM TECHNOLOGIES LIMITED,0.48,0.50,0.47,0.48,0.49,0.48,,0.48,,,438767,213976.31,185,F1,1,,,,,
2026-09-17,2026-09-17,CM,NSE,STK,4717,INE129A01019,GAIL,EQ,,,,,GAIL (INDIA) LTD,171.24,172.82,171.24,172.00,172.00,170.65,,172.00,,,2741053,472125088.33,23059,F1,1,,,,,
2026-09-17,2026-09-17,CM,NSE,STK,765396,INE18UN01038,GAJA,EQ,,,,,GAJA ALT ASSET MGT LTD,138.00,147.14,138.00,145.03,145.26,138.83,,145.03,,,712798,102493978.10,12011,F1,1,,,,,
2026-09-17,2026-09-17,CM,NSE,STK,25244,INE0QTE01018,GAJANAND,SM,,,,,GAJANAND INTERNATIONAL L,7.95,8.20,7.75,7.75,7.75,7.95,,7.75,,,18000,143550.00,6,F1,3000,,,,,
2026-09-17,2026-09-17,CM,NSE,STK,25134,INE0RE001014,GALAPREC,EQ,,,,,GALA PRECISION ENG LTD,999.90,1019.40,992.80,998.90,1002.50,999.90,,998.95,,,10321,10404754.30,1162,F1,1,,,,,
2026-09-17,2026-09-17,CM,NSE,STK,1315,INE600K01018,GALAXYSURF,EQ,,,,,GALAXY SURFACTANTS LTD,2156.00,2271.00,2144.00,2257.00,2271.00,2156.30,,2257.00,,,36315,81113323.80,8235,F1,1,,,,,
2026-09-17,2026-09-17,CM,NSE,STK,13337,INE297H01019,GALLANTT,EQ,,,,,GALLANTT ISPAT LIMITED,530.00,550.00,521.00,537.70,540.55,524.95,,537.69,,,46859,25143528.60,3639,F1,1,,,,,
2026-09-17,2026-09-17,CM,NSE,STK,20303,INE717W01049,GANDHAR,EQ,,,,,GANDHAR OIL REFINE IND L,257.30,271.70,257.30,269.40,269.95,258.95,,269.40,,,661006,176035938.50,13934,F1,1,,,,,
2026-09-17,2026-09-17,CM,NSE,STK,14116,INE524B01027,GANDHITUBE,EQ,,,,,GANDHI SPL. TUBES LTD,899.90,904.90,890.00,894.00,896.00,900.90,,893.89,,,2943,2639403.45,227,F1,1,,,,,
2026-09-17,2026-09-17,CM,NSE,STK,5617,INE388A01029,GANESHBE,BE,,,,,GANESH BENZOPLAST LIMITED,119.99,125.20,119.99,125.20,125.20,119.24,,125.27,,,87493,10901569.51,507,F1,1,,,,,
2026-09-17,2026-09-17,CM,NSE,STK,759012,INE652V01016,GANESHCP,EQ,,,,,GANESH CONSUMER PRODUCT L,162.75,167.90,162.75,164.47,164.76,163.07,,164.47,,,70600,11674416.03,1410,F1,1,,,,,
2026-09-17,2026-09-17,CM,NSE,STK,24439,INE0R8C01018,GGBL,SM,,,,,GANESH GREEN BHARAT LTD,204.50,208.00,204.00,207.90,207.95,207.00,,207.90,,,13200,2721495.00,44,F1,300,,,,,
2026-09-17,2026-09-17,CM,NSE,STK,14339,INE460C01014,GANESHHOU,EQ,,,,,GANESH HOUSING LIMITED,740.25,758.00,733.55,751.65,745.00,740.65,,751.59,,,22311,16594708.40,1355,F1,1,,,,,
2026-09-17,2026-09-17,CM,NSE,STK,27351,INE0TVT01024,GANESHIN,ST,,,,,GANESH INFRAWORLD LIMITED,96.00,96.00,91.00,92.25,92.55,93.35,,92.25,,,64000,5988960.00,57,F1,800,,,,,
2026-09-17,2026-09-17,CM,NSE,STK,6944,INE845D01014,GANECOS,EQ,,,,,GANESHA ECOSPHERE LIMITED,960.10,1005.80,932.50,990.60,995.10,1000.20,,990.59,,,440384,428703274.40,34724,F1,1,,,,,
2026-09-17,2026-09-17,CM,NSE,STK,4957,INE691Z01023,GANGAFORGE,EQ,,,,,GANGA FORGING LIMITED,1.60,1.61,1.56,1.57,1.56,1.59,,1.57,,,1480904,2354716.41,903,F1,1,,,,,
2026-09-17,2026-09-17,CM,NSE,STK,21399,INE335W01016,GANGESSECU,EQ,,,,,GANGES SECURITIES LIMITED,117.49,117.49,112.05,113.05,113.00,115.01,,113.03,,,227,25914.38,21,F1,1,,,,,
2026-09-17,2026-09-17,CM,NSE,STK,5475,INE382Z01011,GRSE,EQ,,,,,GARDEN REACH SHIP&ENG LTD,2319.80,2371.90,2319.70,2339.80,2334.50,2314.60,,2339.77,,,269660,632334770.60,25674,F1,1,,,,,
2026-09-17,2026-09-17,CM,NSE,STK,25800,INE0JVO01026,GARUDA,EQ,,,,,GARUDA CONSTRUCT N ENG L,176.80,178.50,174.10,174.82,175.80,175.98,,174.82,,,219775,38636792.29,4395,F1,1,,,,,
2026-09-17,2026-09-17,CM,NSE,STK,7982,INE291A01017,GRWRHITECH,EQ,,,,,GARWARE HI-TECH FILMS LTD,6365.00,6619.00,6272.00,6502.50,6500.00,6431.00,,6502.51,,,78901,508079638.00,17519,F1,1,,,,,
2026-09-17,2026-09-17,CM,NSE,STK,1100,INE276A01018,GARFIBRES,EQ,,,,,GARWARE TECH FIBRES LTD,799.90,807.00,790.40,799.70,799.00,800.60,,799.71,,,18980,15197479.70,1784,F1,1,,,,,
2026-09-17,2026-09-17,CM,NSE,STK,8510,INE079J01017,GATEWAY,EQ,,,,,GATEWAY DISTRIPARKS LTD,52.60,53.86,52.40,52.75,52.71,52.34,,52.75,,,628498,33357404.25,6994,F1,1,,,,,
2026-09-17,2026-09-17,CM,NSE,STK,760178,INE0P8B01020,GAUDIUMIVF,EQ,,,,,GAUDIUM IVF N WOMEN H L,116.15,120.39,113.74,114.79,114.60,116.42,,114.79,,,147938,17257857.05,1775,F1,1,,,,,
2026-09-17,2026-09-17,CM,NSE,STK,3693,INE287Z01012,GAYAHWS,EQ,,,,,GAYATRI HIGHWAYS LIMITED,1.87,1.90,1.85,1.89,1.89,1.84,,1.89,,,165932,311464.17,229,F1,1,,,,,
2026-09-17,2026-09-17,CM,NSE,STK,25023,INE336H01023,GAYAPROJ,EQ,,,,,GAYATRI PROJECTS LTD,24.10,24.75,23.61,23.62,23.61,24.85,,23.62,,,1567518,37675583.84,3697,F1,1,,,,,
2026-09-17,2026-09-17,CM,NSE,STK,14052,INE0LVM01018,GRCL,SM,,,,,GAYATRI RUBB AND CHEM LTD,580.00,580.00,572.00,572.50,572.50,580.00,,572.50,,,1500,862500.00,6,F1,250,,,,,
2026-09-17,2026-09-17,CM,NSE,STK,7862,INE878A01011,GVPIL,EQ,,,,,GE POWER INDIA LIMITED,616.10,632.00,615.60,624.90,621.50,616.10,,624.99,,,136464,85323904.60,5253,F1,1,,,,,
2026-09-17,2026-09-17,CM,NSE,STK,16783,INE200A01026,GVT&D,EQ,,,,,GE VERNOVA T&D INDIA LTD,4300.00,4394.30,4266.00,4341.00,4341.00,4267.00,,4341.25,,,504355,2187810585.40,35657,F1,1,,,,,
2026-09-17,2026-09-17,CM,NSE,STK,13662,INE916G01016,GEECEE,BE,,,,,GEECEE VENTURES LIMITED,372.60,376.60,362.00,370.95,371.00,367.15,,370.95,,,1932,705798.20,26,F1,1,,,,,
2026-09-17,2026-09-17,CM,NSE,STK,17922,INE669X01032,GEEKAYWIRE,EQ,,,,,GEEKAY WIRES LIMITED,31.20,34.00,30.41,33.46,33.90,30.56,,33.46,,,955466,31039686.72,4693,F1,1,,,,,
2026-09-17,2026-09-17,CM,NSE,STK,759461,INE06XZ01023,GEMAROMA,EQ,,,,,GEM AROMATICS LIMITED,156.07,158.99,151.00,151.90,152.40,156.07,,151.89,,,133788,20659028.18,1706,F1,1,,,,,
2026-09-17,2026-09-17,CM,NSE,STK,277,INE481Y01014,GICRE,EQ,,,,,GENERAL INS CORP OF INDIA,338.00,346.70,337.80,339.80,340.30,337.75,,339.80,,,520254,177933653.15,14667,F1,1,,,,,
2026-09-17,2026-09-17,CM,NSE,STK,2188,INE854S01022,GENCON,EQ,,,,,GENERIC ENG CONS PROJ LTD,38.61,40.20,38.61,39.56,39.01,39.02,,39.56,,,231830,9219060.17,683,F1,1,,,,,
2026-09-17,2026-09-17,CM,NSE,STK,10905,INE727B01026,GENESYS,EQ,,,,,GENESYS INTL CORPN LTD,278.30,301.00,278.30,284.42,286.03,276.71,,284.41,,,1226611,356277897.15,22701,F1,1,,,,,
2026-09-17,2026-09-17,CM,NSE,STK,758842,INE06H201014,GENSOL,BZ,,,,,GENSOL ENGINEERING LTD,16.44,17.19,16.44,16.69,16.70,16.84,,16.69,,,62484,1040427.72,492,F1,1,,,,,
2026-09-17,2026-09-17,CM,NSE,STK,6600,INE949P01018,GENUSPAPER,EQ,,,,,GENUS P&B LIMITED,11.33,11.67,11.12,11.18,11.16,11.11,,11.18,,,105777,1197550.07,398,F1,1,,,,,
2026-09-17,2026-09-17,CM,NSE,STK,11905,INE955D01029,GENUSPOWER,EQ,,,,,GENUS POWER INFRASTRU LTD,301.25,305.70,299.30,303.15,303.85,301.55,,303.15,,,895382,270894806.70,18349,F1,1,,,,,
2026-09-17,2026-09-17,CM,NSE,STK,31942,INE1W0N01014,GENXAI,SM,,,,,GENXAI ANALYTICS LIMITED,76.75,77.35,74.90,75.30,76.00,78.50,,75.30,,,46800,3546720.00,35,F1,1200,,,,,
2026-09-17,2026-09-17,CM,NSE,STK,11896,INE007B01023,GEOJITFSL,EQ,,,,,GEOJIT FINANCIAL SER L,77.00,81.32,76.90,80.12,80.00,76.90,,80.12,,,353025,28113110.25,4759,F1,1,,,,,
2026-09-17,2026-09-17,CM,NSE,STK,1289,INE538A01037,GFLLIMITED,EQ,,,,,GFL LIMITED,54.74,56.30,53.79,55.70,56.00,54.65,,55.70,,,63757,3531273.94,1003,F1,1,,,,,
2026-09-17,2026-09-17,CM,NSE,STK,1127,INE539A01019,GHCL,EQ,,,,,GHCL LIMITED,419.00,422.50,416.85,420.10,422.00,418.85,,420.11,,,41977,17621670.35,2844,F1,1,,,,,
2026-09-17,2026-09-17,CM,NSE,STK,16696,INE0PA801013,GHCLTEXTIL,EQ,,,,,GHCL TEXTILES LIMITED,122.60,125.78,121.15,124.33,124.14,121.68,,124.31,,,553850,68594995.33,6903,F1,1,,,,,
2026-09-17,2026-09-17,CM,NSE,STK,1139,INE289B01019,GICHSGFIN,EQ,,,,,GIC HOUSING FINANCE LTD,135.00,137.74,135.00,135.97,136.00,134.92,,135.89,,,44942,6123110.73,1072,F1,1,,,,,
2026-09-17,2026-09-17,CM,NSE,STK,17839,INE047B01011,GILLANDERS,EQ,,,,,GILLANDERS ARBUTHNOT LTD,102.01,106.85,100.00,103.87,105.00,103.00,,103.87,,,3255,331337.54,62,F1,1,,,,,
2026-09-17,2026-09-17,CM,NSE,STK,1576,INE322A01010,GILLETTE,EQ,,,,,GILLETTE INDIA LTD,7275.50,7348.50,7238.00,7307.00,7337.00,7275.50,,7307.00,,,26121,190659196.00,4029,F1,1,,,,,
2026-09-17,2026-09-17,CM,NSE,STK,9294,INE424C01010,GINNIFILA,BE,,,,,GINNIFILAMENTS LTD.,41.90,41.90,40.35,41.65,41.69,41.06,,41.65,,,4963,205058.93,53,F1,1,,,,,
2026-09-17,2026-09-17,CM,NSE,STK,2365,INE614Z01017,GIRIRAJ,SM,,,,,GIRIRAJ CIVIL DEVP LTD,80.10,81.00,80.10,81.00,81.00,84.30,,81.00,,,4250,340650.00,12,F1,250,,,,,
2026-09-17,2026-09-17,CM,NSE,STK,759048,INE1AG301022,GKENERGY,EQ,,,,,GK ENERGY LIMITED,120.59,122.00,118.20,118.98,119.00,119.91,,118.98,,,294732,35224354.98,3087,F1,1,,,,,
2026-09-17,2026-09-17,CM,NSE,STK,764688,INE265D01015,GKB,EQ,,,,,GKB OPHTHALMICS LTD.,65.60,65.96,62.40,65.13,64.30,62.37,,65.13,,,71,4618.21,7,F1,1,,,,,
2026-09-17,2026-09-17,CM,NSE,STK,17357,INE528A01020,GKWLIMITED,EQ,,,,,GKW LIMITED,1600.00,1604.90,1573.50,1604.90,1604.90,1589.20,,1604.90,,,28,44751.90,16,F1,1,,,,,
2026-09-17,2026-09-17,CM,NSE,STK,1194,INE068V01023,GLAND,BL,,,,,GLAND PHARMA LIMITED,2826.60,2826.60,2826.60,2826.60,2826.60,1500.00,,2826.60,,,150000,423990000.00,1,F1,999999999,,,,,
2026-09-17,2026-09-17,CM,NSE,STK,1186,INE068V01023,GLAND,EQ,,,,,GLAND PHARMA LIMITED,2827.90,2941.10,2820.10,2907.80,2900.00,2826.60,,2908.09,,,678985,1972292729.70,50844,F1,1,,,,,
2026-09-17,2026-09-17,CM,NSE,STK,766005,INE644Q01039,GLASSWALL,EQ,,,,,GLASS WALL SYSTEM (I) LTD,223.75,257.82,222.42,257.82,257.82,214.85,,257.92,,,64015769,15460808508.24,497424,F1,1,,,,,
2026-09-17,2026-09-17,CM,NSE,STK,1153,INE159A01016,GLAXO,EQ,,,,,GLAXOSMITHKLINE PHARMA LT,2852.00,2862.30,2794.50,2799.90,2804.90,2856.20,,2799.90,,,28739,80843619.30,5024,F1,1,,,,,
2026-09-17,2026-09-17,CM,NSE,STK,7406,INE935A01035,GLENMARK,EQ,,,,,GLENMARK PHARMACEUTICALS,2406.80,2416.90,2388.40,2416.00,2416.00,2410.00,,2416.00,,,227416,546334330.40,19964,F1,1,,,,,
2026-09-17,2026-09-17,CM,NSE,STK,1415,INE291W01037,GLOBAL,EQ,,,,,GLOBAL EDUCATION LIMITED,128.64,133.90,125.76,127.17,129.80,128.89,,127.17,,,171103,22315840.60,2614,F1,1,,,,,
2026-09-17,2026-09-17,CM,NSE,STK,11956,INE474Q01031,MEDANTA,EQ,,,,,GLOBAL HEALTH LIMITED,1409.50,1438.30,1404.20,1424.00,1425.00,1404.60,,1423.96,,,152324,216669196.30,15540,F1,1,,,,,
2026-09-17,2026-09-17,CM,NSE,STK,17167,INE0PS501019,GLOBALPET,SM,,,,,GLOBAL PET INDUSTRIES LTD,163.00,163.00,163.00,163.00,163.00,163.05,,163.00,,,750,122250.00,1,F1,750,,,,,
2026-09-17,2026-09-17,CM,NSE,STK,14599,INE0JSX01015,GSLSU,EQ,,,,,GLOBAL SURFACES LIMITED,26.55,28.30,26.55,28.17,28.20,27.51,,28.17,,,41951,1172810.88,375,F1,1,,,,,
2026-09-17,2026-09-17,CM,NSE,STK,13735,INE792H01019,GLOBALVECT,EQ,,,,,GLOBAL VEC HELICORP LTD,126.97,131.49,123.00,125.52,125.60,126.96,,125.52,,,7754,971995.22,473,F1,1,,,,,
2026-09-17,2026-09-17,CM,NSE,STK,24932,INE0URU01010,GLOBALE,EQ,,,,,GLOBALE TESSILE LIMITED,11.12,11.50,11.00,11.50,11.50,11.12,,11.50,,,895,10143.71,17,F1,1,,,,,
2026-09-17,2026-09-17,CM,NSE,STK,758572,INE0V3U01015,GLOBECIVIL,EQ,,,,,GLOBE CIVIL PROJECTS LTD,44.70,45.00,42.31,42.46,42.32,42.56,,42.48,,,11844,508590.32,305,F1,1,,,,,
2026-09-17,2026-09-17,CM,NSE,STK,393,INE581X01021,GLOBE,EQ,,,,,GLOBE ENTERPRISE (I) LTD,1.78,1.82,1.75,1.78,1.78,1.77,,1.78,,,461056,827798.63,274,F1,1,,,,,
2026-09-17,2026-09-17,CM,NSE,STK,761021,INE947T01022,GICL,BE,,,,,GLOBE INTL CARRIERS LTD,25.25,25.25,23.70,24.64,24.70,24.69,,24.64,,,89264,2185267.97,147,F1,1,,,,,
2026-09-17,2026-09-17,CM,NSE,STK,9764,INE00WS01056,GSTL,SM,,,,,GLOBESECURE TECHNO LTD,11.40,11.45,11.40,11.45,11.45,10.95,,11.45,,,3000,34300.00,3,F1,1000,,,,,
2026-09-17,2026-09-17,CM,NSE,STK,17424,INE615I01010,GLOBUSSPR,EQ,,,,,GLOBUS SPIRITS LTD,838.95,846.65,828.75,830.75,831.00,839.05,,830.75,,,37184,31087460.10,7748,F1,1,,,,,
2026-09-17,2026-09-17,CM,NSE,STK,23590,INE350Z01018,GLOSTERLTD,EQ,,,,,GLOSTER LIMITED,587.00,587.00,577.00,578.00,578.00,578.95,,578.00,,,298,172722.50,13,F1,1,,,,,
2026-09-17,2026-09-17,CM,NSE,STK,760116,INE0TQE01026,GLOTTIS,EQ,,,,,GLOTTIS LIMITED,57.15,58.50,57.15,58.00,58.00,58.01,,58.00,,,24712,1431574.40,428,F1,1,,,,,
2026-09-17,2026-09-17,CM,NSE,STK,1570,INE541A01023,GMMPFAUDLR,EQ,,,,,GMM PFAUDLER LIMITED,1331.00,1377.70,1320.00,1363.40,1368.90,1335.00,,1363.32,,,547415,740800253.30,26661,F1,1,,,,,
2026-09-17,2026-09-17,CM,NSE,STK,13528,INE776C01039,GMRAIRPORT,EQ,,,,,GMR AIRPORTS LIMITED,92.46,95.72,92.46,95.04,95.04,92.46,,95.04,,,11555139,1096301019.80,72432,F1,1,,,,,
2026-09-17,2026-09-17,CM,NSE,STK,8529,INE0CU601026,GMRP&UI,EQ,,,,,GMR POW AND URBAN INFRA L,93.00,93.93,91.78,92.13,92.05,93.16,,92.13,,,514108,47499670.98,6967,F1,1,,,,,
2026-09-17,2026-09-17,CM,NSE,STK,18571,INE934S01014,GNA,EQ,,,,,GNA AXLES LIMITED,529.85,549.30,527.85,536.55,540.80,529.85,,536.59,,,167558,90259099.70,6667,F1,1,,,,,
2026-09-17,2026-09-17,CM,NSE,STK,757862,INE18JU01028,EBGNG,EQ,,,,,GNG ELECTRONICS LIMITED,648.00,668.90,633.20,661.65,663.75,645.55,,661.63,,,529510,347742297.60,31936,F1,1,,,,,
2026-09-17,2026-09-17,CM,NSE,STK,23799,INE03JT01014,GODIGIT,EQ,,,,,GO DIGIT GENERAL INS LTD,249.25,257.00,249.25,255.50,255.15,250.90,,255.50,,,242318,61764131.50,8061,F1,1,,,,,
2026-09-17,2026-09-17,CM,NSE,STK,6964,INE0BJS01011,GOCOLORS,EQ,,,,,GO FASHION INDIA LTD,304.00,312.40,304.00,308.10,311.00,303.60,,308.10,,,41874,12915710.75,1485,F1,1,,,,,
2026-09-17,2026-09-17,CM,NSE,STK,14687,INE426D01013,GOACARBON,EQ,,,,,GOA CARBON LIMITED,388.00,398.90,375.00,378.30,378.80,390.60,,378.30,,,38420,14789857.75,1796,F1,1,,,,,
2026-09-17,2026-09-17,CM,NSE,STK,3963,INE077F01035,GOCLCORP,EQ,,,,,GOCL CORPORATION LIMITED,437.85,458.80,432.60,456.15,458.35,428.40,,456.17,,,1122429,507726643.85,28395,F1,1,,,,,
2026-09-17,2026-09-17,CM,NSE,STK,25941,INE497S01012,GODAVARIB,EQ,,,,,GODAVARI BIOREFINERIES L,240.49,255.00,239.32,243.31,240.51,236.94,,243.29,,,1431064,353028144.24,24611,F1,1,,,,,
2026-09-17,2026-09-17,CM,NSE,STK,13409,INE177H01039,GPIL,EQ,,,,,GODAWARI POW & ISP LTD,236.40,241.00,234.61,238.39,238.00,236.49,,238.39,,,1030313,245059787.15,17685,F1,1,,,,,
2026-09-17,2026-09-17,CM,NSE,STK,1181,INE260B01028,GODFRYPHLP,EQ,,,,,GODFREY PHILLIPS INDIA LT,1941.40,1948.80,1929.50,1943.00,1943.00,1934.00,,1942.96,,,99720,193476657.10,8179,F1,1,,,,,
2026-09-17,2026-09-17,CM,NSE,STK,144,INE850D01014,GODREJAGRO,EQ,,,,,GODREJ AGROVET LIMITED,643.05,655.00,643.05,653.60,654.25,647.35,,653.60,,,117590,76671536.35,8298,F1,1,,,,,
2026-09-17,2026-09-17,CM,NSE,STK,10099,INE102D01028,GODREJCP,EQ,,,,,GODREJ CONSUMER PRODUCTS,866.45,876.00,865.15,873.00,873.00,863.00,,873.01,,,884594,771971557.80,15194,F1,1,,,,,
2026-09-17,2026-09-17,CM,NSE,STK,10925,INE233A01035,GODREJIND,EQ,,,,,GODREJ INDUSTRIES LTD,1124.00,1147.00,1124.00,1127.30,1131.50,1136.50,,1127.26,,,38932,44202710.10,6352,F1,1,,,,,
2026-09-17,2026-09-17,CM,NSE,STK,17875,INE484J01027,GODREJPROP,EQ,,,,,GODREJ PROPERTIES LTD,1664.00,1695.30,1657.70,1678.20,1678.20,1665.30,,1678.23,,,570025,959044583.90,31390,F1,1,,,,,
2026-09-17,2026-09-17,CM,NSE,STK,765280,IN0020260058,620GS2029,GS,,,,,GOI LOAN   6.20% 2029,99.50,99.90,99.50,99.85,99.85,99.84,,99.85,,,1000,99852.00,6,F1,1,,,,,
2026-09-17,2026-09-17,CM,NSE,STK,765281,IN0020260066,657GS2033A,GS,,,,,GOI LOAN   6.57% 2033,97.51,97.60,97.51,97.60,97.60,97.81,,97.60,,,500,48786.00,5,F1,1,,,,,
2026-09-17,2026-09-17,CM,NSE,STK,28894,IN0020240191,679GS2031,GS,,,,,GOI LOAN   6.79% 2031,101.60,101.60,101.60,101.60,101.60,101.00,,101.60,,,330,33528.00,1,F1,1,,,,,
2026-09-17,2026-09-17,CM,NSE,STK,27127,IN0020240134,692GS2039,GS,,,,,GOI LOAN   6.92% 2039,98.02,98.02,98.02,98.02,98.02,98.70,,98.02,,,80,7841.60,1,F1,1,,,,,
2026-09-17,2026-09-17,CM,NSE,STK,27170,IN0020240142,709GS2074,GS,,,,,GOI LOAN   7.09% 2074,95.00,95.00,93.51,94.53,94.59,94.49,,94.48,,,45035,4237587.63,65,F1,1,,,,,
2026-09-17,2026-09-17,CM,NSE,STK,760622,IN0020250125,603GS2029,GS,,,,,GOI LOAN  6.03% 2029,99.54,99.54,99.54,99.54,99.54,99.55,,99.54,,,1300,129402.00,1,F1,1,,,,,
2026-09-17,2026-09-17,CM,NSE,STK,5012,IN0020210095,610GS2031,GS,,,,,GOI LOAN  6.10% 2031,99.99,99.99,99.99,99.99,99.99,99.75,,99.99,,,1,99.99,1,F1,1,,,,,
2026-09-17,2026-09-17,CM,NSE,STK,756890,IN0020250026,633GS2035,GS,,,,,GOI LOAN  6.33% 2035,101.00,101.00,101.00,101.00,101.00,98.98,,101.00,,,1,101.00,1,F1,1,,,,,
2026-09-17,2026-09-17,CM,NSE,STK,761020,IN0020250141,636GS2031,GS,,,,,GOI LOAN  6.36% 2031,98.51,99.09,98.50,99.09,99.09,99.25,,99.09,,,2650,261589.20,7,F1,1,,,,,
2026-09-17,2026-09-17,CM,NSE,STK,759396,IN0020250091,648GS2035,GS,,,,,GOI LOAN  6.48% 2035,97.71,98.99,97.71,98.30,98.30,100.00,,98.30,,,515,50583.79,6,F1,1,,,,,
2026-09-17,2026-09-17,CM,NSE,STK,7843,IN0020210244,654GS2032,GS,,,,,GOI LOAN  6.54% 2032,99.00,99.50,99.00,99.25,99.50,100.00,,99.25,,,2000000,198500000.00,4,F1,1,,,,,
2026-09-17,2026-09-17,CM,NSE,STK,5577,IN0020210152,667GS2035,GS,,,,,GOI LOAN  6.67% 2035,105.00,105.00,105.00,105.00,105.00,105.75,,105.00,,,1000000,105000000.00,2,F1,1,,,,,
2026-09-17,2026-09-17,CM,NSE,STK,757847,IN0020250042,668GS2040,GS,,,,,GOI LOAN  6.68% 2040,98.44,98.44,96.50,96.50,96.50,96.50,,96.50,,,1100,106549.00,5,F1,1,,,,,
2026-09-17,2026-09-17,CM,NSE,STK,2317,IN0020200401,676GS2061,GS,,,,,GOI LOAN  6.76% 2061,89.06,90.00,89.06,89.49,89.49,89.48,,89.49,,,10238,916151.77,25,F1,1,,,,,
2026-09-17,2026-09-17,CM,NSE,STK,22438,IN0020200187,68GS2060,GS,,,,,GOI LOAN  6.8% 2060,89.21,90.50,89.21,90.50,90.50,91.50,,90.50,,,2,179.71,2,F1,1,,,,,
2026-09-17,2026-09-17,CM,NSE,STK,756014,IN0020250018,690GS2065,GS,,,,,GOI LOAN  6.90% 2065,92.11,93.55,92.11,92.70,92.70,93.35,,92.70,,,6182,572894.87,14,F1,1,,,,,
2026-09-17,2026-09-17,CM,NSE,STK,763340,IN0020260025,694GS2036,GS,,,,,GOI LOAN  6.94% 2036,101.03,101.03,101.03,101.03,101.03,101.05,,101.03,,,1374,138815.22,6,F1,1,,,,,
2026-09-17,2026-09-17,CM,NSE,STK,6817,IN0020210202,695GS2061,GS,,,,,GOI LOAN  6.95% 2061,93.00,93.00,92.40,92.90,92.90,92.96,,92.90,,,7104,656961.35,7,F1,1,,,,,
2026-09-17,2026-09-17,CM,NSE,STK,6696,IN0020210194,699GS2051,GS,,,,,GOI LOAN  6.99% 2051,95.90,95.90,95.90,95.90,95.90,95.60,,95.90,,,2400,230160.00,1,F1,1,,,,,
2026-09-17,2026-09-17,CM,NSE,STK,23854,IN0020240043,702GS2027,GS,,,,,GOI LOAN  7.02% 2027,102.23,102.23,102.23,102.23,102.23,102.21,,102.23,,,400,40892.00,1,F1,1,,,,,
2026-09-17,2026-09-17,CM,NSE,STK,14970,IN0020230010,706GS2028,GS,,,,,GOI LOAN  7.06% 2028,104.10,104.10,104.10,104.10,104.10,104.00,,104.10,,,5000,520500.00,1,F1,1,,,,,
2026-09-17,2026-09-17,CM,NSE,STK,24949,IN0020240118,709GS2054,GS,,,,,GOI LOAN  7.09% 2054,95.20,95.20,93.51,94.70,94.70,94.95,,94.25,,,8160,772152.28,12,F1,1,,,,,
2026-09-17,2026-09-17,CM,NSE,STK,23463,IN0020240019,71GS2034,GS,,,,,GOI LOAN  7.1% 2034,102.47,103.00,102.47,102.89,103.00,103.50,,102.89,,,6176,635452.99,6,F1,1,,,,,
2026-09-17,2026-09-17,CM,NSE,STK,15050,IN0020230036,717GS2030,GS,,,,,GOI LOAN  7.17% 2030,104.79,104.80,104.79,104.79,104.80,104.80,,104.79,,,12000,1257504.00,3,F1,1,,,,,
2026-09-17,2026-09-17,CM,NSE,STK,18025,IN0020230085,718GS2033,GS,,,,,GOI LOAN  7.18% 2033,102.00,102.00,101.11,102.00,102.00,101.05,,102.00,,,2663,271359.00,8,F1,1,,,,,
2026-09-17,2026-09-17,CM,NSE,STK,17398,IN0020230077,718GS2037,GS,,,,,GOI LOAN  7.18% 2037,103.94,103.94,102.00,102.00,102.00,102.30,,102.00,,,1511504,154174070.99,17,F1,1,,,,,
2026-09-17,2026-09-17,CM,NSE,STK,758674,IN0020250075,724GS2055,GS,,,,,GOI LOAN  7.24% 2055,96.20,96.65,96.00,96.55,96.59,96.06,,96.56,,,6491,624372.68,14,F1,1,,,,,
2026-09-17,2026-09-17,CM,NSE,STK,16733,IN0020230044,725GS2063,GS,,,,,GOI LOAN  7.25% 2063,96.44,96.65,96.10,96.49,96.50,96.17,,96.49,,,138600,13349923.34,73,F1,1,,,,,
2026-09-17,2026-09-17,CM,NSE,STK,10722,IN0020220060,726GS2032,GS,,,,,GOI LOAN  7.26% 2032,101.75,101.80,101.73,101.80,101.80,101.73,,101.80,,,11389,1159245.20,16,F1,1,,,,,
2026-09-17,2026-09-17,CM,NSE,STK,14051,IN0020220151,726GS2033,GS,,,,,GOI LOAN  7.26% 2033,102.50,102.50,102.50,102.50,102.50,101.70,,102.50,,,500,51250.00,1,F1,1,,,,,
2026-09-17,2026-09-17,CM,NSE,STK,16865,IN0020230051,73GS2053,GS,,,,,GOI LOAN  7.3% 2053,98.00,98.00,97.91,98.00,98.00,98.00,,98.00,,,12611,1235860.00,28,F1,1,,,,,
2026-09-17,2026-09-17,CM,NSE,STK,20136,IN0020230135,732GS2030,GS,,,,,GOI LOAN  7.32% 2030,103.61,103.61,103.61,103.61,103.61,103.61,,103.61,,,100,10361.00,1,F1,1,,,,,
2026-09-17,2026-09-17,CM,NSE,STK,23558,IN0020240035,734GS2064,GS,,,,,GOI LOAN  7.34% 2064,98.54,98.54,98.15,98.48,98.50,97.94,,98.48,,,23088,2270067.54,29,F1,1,,,,,
2026-09-17,2026-09-17,CM,NSE,STK,10931,IN0020220086,736GS2052,GS,,,,,GOI LOAN  7.36% 2052,98.75,99.25,97.90,99.25,99.25,98.67,,99.25,,,516,50883.55,4,F1,1,,,,,
2026-09-17,2026-09-17,CM,NSE,STK,19566,IN0020230101,737GS2028,GS,,,,,GOI LOAN  7.37% 2028,103.36,104.01,103.36,104.01,104.01,104.40,,104.01,,,300,31138.00,3,F1,1,,,,,
2026-09-17,2026-09-17,CM,NSE,STK,10981,IN0020220094,74GS2062,GS,,,,,GOI LOAN  7.4% 2062,101.99,101.99,101.99,101.99,101.99,99.83,,99.50,,,1,101.99,1,F1,1,,,,,
2026-09-17,2026-09-17,CM,NSE,STK,760649,IN0020250117,743GS2076,GS,,,,,GOI LOAN  7.43% 2076,98.50,99.00,98.30,98.45,98.45,98.15,,98.29,,,7812,768963.20,17,F1,1,,,,,
2026-09-17,2026-09-17,CM,NSE,STK,19808,IN0020230127,746GS2073,GS,,,,,GOI LOAN  7.46% 2073,100.20,101.99,100.00,101.99,101.99,101.99,,101.99,,,1001,100281.99,3,F1,1,,,,,
2026-09-17,2026-09-17,CM,NSE,STK,763146,IN0020260017,750GS2056,GS,,,,,GOI LOAN  7.50% 2056,101.87,103.00,101.87,102.95,102.95,102.90,,102.95,,,1150,118312.00,8,F1,1,,,,,
2026-09-17,2026-09-17,CM,NSE,STK,9585,IN0020220029,754GS2036,GS,,,,,GOI LOAN  7.54% 2036,105.20,105.35,105.06,105.30,105.25,105.17,,105.28,,,529768,55723863.99,182,F1,1,,,,,
2026-09-17,2026-09-17,CM,NSE,STK,766043,IN0020260082,763GS2056,GS,,,,,GOI LOAN  7.63% 2056,101.49,101.49,100.15,100.15,100.15,100.00,,100.15,,,5080,511692.70,6,F1,1,,,,,
2026-09-17,2026-09-17,CM,NSE,STK,763489,IN0020260033,771GS2066,GS,,,,,GOI LOAN  7.71% 2066,103.20,103.50,103.20,103.50,103.50,103.25,,102.80,,,10806,1116092.50,5,F1,1,,,,,
2026-09-17,2026-09-17,CM,NSE,STK,18973,IN0020200096,619GS2034,GS,,,,,GOI LOAN 6.19% 2034,93.73,93.73,93.73,93.73,93.73,95.00,,93.73,,,2,187.46,1,F1,1,,,,,
2026-09-17,2026-09-17,CM,NSE,STK,9047,IN0020220011,710GS2029,GS,,,,,GOI LOAN 7.10% 2029,104.00,104.00,104.00,104.00,104.00,104.00,,104.00,,,1000200,104020800.00,3,F1,1,,,,,
2026-09-17,2026-09-17,CM,NSE,STK,9913,IN0020220037,738GS2027,GS,,,,,GOI LOAN 7.38% 2027,102.11,102.50,102.11,102.40,102.40,102.48,,102.40,,,23216,2379190.84,16,F1,1,,,,,
2026-09-17,2026-09-17,CM,NSE,STK,10046,IN0020190065,757GS2033,GS,,,,,GOI LOAN 7.57% 2033,105.20,105.20,105.20,105.20,105.20,103.58,,105.20,,,1,105.20,1,F1,1,,,,,
2026-09-17,2026-09-17,CM,NSE,STK,6835,IN0020020106,795GS2032,GS,,,,,GOI LOAN 7.95% 2032,105.50,105.50,105.45,105.45,105.45,105.45,,105.45,,,953,100508.85,5,F1,1,,,,,
2026-09-17,2026-09-17,CM,NSE,STK,7106,IN0020140052,824GS2033,GS,,,,,GOI LOAN 8.24% 2033,111.35,111.35,111.35,111.35,111.35,111.35,,111.35,,,50,5567.50,1,F1,1,,,,,
2026-09-17,2026-09-17,CM,NSE,STK,6884,IN0020060078,824GS2027,GS,,,,,GOI LOAN 8.24%2027,101.70,101.70,101.70,101.70,101.70,101.68,,101.70,,,25,2542.50,1,F1,1,,,,,
2026-09-17,2026-09-17,CM,NSE,STK,6898,IN0020070036,826GS2027,GS,,,,,GOI LOAN 8.26% 2027,101.94,101.94,101.94,101.94,101.94,103.00,,101.94,,,10,1019.40,1,F1,1,,,,,
2026-09-17,2026-09-17,CM,NSE,STK,6885,IN0020060086,828GS2032,GS,,,,,GOI LOAN 8.28%2032,107.70,110.00,107.70,110.00,110.00,107.70,,110.00,,,2400,259170.00,9,F1,1,,,,,
2026-09-17,2026-09-17,CM,NSE,STK,7011,IN0020110055,897GS2030,GS,,,,,GOI LOAN 8.97% 2030,112.00,112.00,111.60,111.60,111.60,112.26,,111.60,,,10600,1187151.20,11,F1,1,,,,,
2026-09-17,2026-09-17,CM,NSE,STK,7039,IN0020130053,92GS2030,GS,,,,,GOI LOAN 9.20% 2030,114.50,114.50,114.00,114.00,114.00,113.88,,114.00,,,1820,208380.00,6,F1,1,,,,,
2026-09-17,2026-09-17,CM,NSE,STK,764048,IN002026Y147,182D070127,TB,,,,,GOI TBILL 182D-07/01/27,97.90,97.90,97.90,97.90,97.90,97.75,,97.90,,,100,9790.00,1,F1,100,,,,,
2026-09-17,2026-09-17,CM,NSE,STK,765983,IN002026Y238,182D110327,TB,,,,,GOI TBILL 182D-11/03/27,96.58,96.71,96.58,96.71,96.71,97.28,,96.71,,,1200,115974.00,2,F1,100,,,,,
2026-09-17,2026-09-17,CM,NSE,STK,764154,IN002026Z151,364D150727,TB,,,,,GOI TBILL 364D-15/07/27,94.50,94.51,94.50,94.51,94.51,94.63,,94.51,,,200,18901.00,2,F1,100,,,,,
2026-09-17,2026-09-17,CM,NSE,STK,758835,IN002025Z302,364D231026,TB,,,,,GOI TBILL 364D-23/10/26,99.40,99.40,99.40,99.40,99.40,99.25,,99.15,,,1000,99400.00,1,F1,100,,,,,
2026-09-17,2026-09-17,CM,NSE,STK,760166,IN002025Z476,364D250227,TB,,,,,GOI TBILL 364D-25/02/27,96.81,97.00,96.81,97.00,97.00,96.80,,97.00,,,200,19381.00,2,F1,100,,,,,
2026-09-17,2026-09-17,CM,NSE,STK,763626,IN002026Z086,364D280527,TB,,,,,GOI TBILL 364D-28/05/27,95.18,95.40,95.18,95.40,95.40,95.04,,95.40,,,400,38116.00,2,F1,100,,,,,
2026-09-17,2026-09-17,CM,NSE,STK,763781,IN002026X131,91D011026,TB,,,,,GOI TBILL 91D-01/10/26,99.75,99.80,99.75,99.80,99.80,99.69,,99.80,,,3000,299350.00,2,F1,100,,,,,
2026-09-17,2026-09-17,CM,NSE,STK,765550,IN002026X222,91D031226,TB,,,,,GOI TBILL 91D-03/12/26,98.51,99.00,98.51,98.85,98.85,98.04,,98.85,,,2500,246742.00,6,F1,100,,,,,
2026-09-17,2026-09-17,CM,NSE,STK,764047,IN002026X149,91D081026,TB,,,,,GOI TBILL 91D-08/10/26,99.58,99.58,99.58,99.58,99.58,99.55,,99.39,,,1000,99580.00,4,F1,100,,,,,
2026-09-17,2026-09-17,CM,NSE,STK,764152,IN002026X156,91D151026,TB,,,,,GOI TBILL 91D-15/10/26,99.50,99.50,99.50,99.50,99.50,99.42,,99.50,,,100,9950.00,1,F1,100,,,,,
2026-09-17,2026-09-17,CM,NSE,STK,755746,IN002026X123,91D240926,TB,,,,,GOI TBILL 91D-24/09/26,99.83,99.91,99.82,99.91,99.91,99.82,,99.91,,,800,79895.00,6,F1,100,,,,,
2026-09-17,2026-09-17,CM,NSE,STK,764328,IN002026X172,91D291026,TB,,,,,GOI TBILL 91D-29/10/26,99.14,99.14,99.14,99.14,99.14,99.06,,98.96,,,600,59484.00,4,F1,100,,,,,
2026-09-17,2026-09-17,CM,NSE,STK,11778,INE887G01027,GOKEX,EQ,,,,,GOKALDAS EXPORTS LTD.,722.05,730.55,713.00,727.55,728.00,725.35,,727.50,,,285928,207022061.10,13911,F1,1,,,,,
2026-09-17,2026-09-17,CM,NSE,STK,14480,INE314T01033,GOKULAGRO,EQ,,,,,GOKUL AGRO RESOURCES LTD,216.05,221.71,215.92,218.17,218.87,218.43,,218.17,,,140349,30741451.07,6072,F1,1,,,,,
2026-09-17,2026-09-17,CM,NSE,STK,16705,INE020J01029,GOKUL,EQ,,,,,GOKUL REFOILS & SOLV LTD,40.35,40.35,39.12,39.74,40.15,39.39,,39.73,,,161645,6417235.89,718,F1,1,,,,,
2026-09-17,2026-09-17,CM,NSE,STK,11619,INE973A01010,GOLDENTOBC,BZ,,,,,GOLDEN TOBACCO LIMITED,23.77,24.89,23.50,24.07,24.15,23.77,,24.00,,,1739,42613.26,23,F1,1,,,,,
2026-09-17,2026-09-17,CM,NSE,STK,11971,INE025B01025,GOLDIAM,EQ,,,,,GOLDIAM INTERNATIONAL LTD,321.20,329.00,320.75,325.60,325.00,321.80,,325.61,,,297405,96604004.55,7878,F1,1,,,,,
2026-09-17,2026-09-17,CM,NSE,STK,1,INE405Y01021,GOLDSTAR,SM,,,,,GOLDSTAR POWER LIMITED,8.60,9.00,8.60,9.00,9.00,8.60,,9.00,,,112500,1007437.50,10,F1,11250,,,,,
2026-09-17,2026-09-17,CM,NSE,STK,6125,INE127I01024,GOODLUCK,EQ,,,,,GOODLUCK INDIA LIMITED,505.40,520.30,504.85,509.75,506.20,510.30,,509.77,,,344280,176894688.85,13566,F1,1,,,,,
2026-09-17,2026-09-17,CM,NSE,STK,1205,INE533A01012,GOODYEAR,EQ,,,,,GOODYEAR INDIA LIMITED,724.80,732.20,704.60,706.15,710.00,712.05,,706.17,,,13069,9280651.60,1361,F1,1,,,,,
2026-09-17,2026-09-17,CM,NSE,STK,23066,INE0L9R01028,GOPAL,EQ,,,,,GOPAL SNACKS LIMITED,254.95,255.55,249.20,252.25,251.00,254.40,,252.25,,,108409,27284756.50,5597,F1,1,,,,,
2026-09-17,2026-09-17,CM,NSE,STK,11787,INE705X01026,GOYALALUM,EQ,,,,,GOYAL ALUMINIUMS LIMITED,5.90,5.99,5.82,5.90,5.91,5.90,,5.90,,,22014,129685.77,222,F1,1,,,,,
2026-09-17,2026-09-17,CM,NSE,STK,24108,INE0S7E01015,GPECO,SM,,,,,GP ECO SOLUTIONS INDIA L,391.20,401.00,389.00,400.15,400.00,395.00,,400.15,,,7000,2775860.00,28,F1,200,,,,,
2026-09-17,2026-09-17,CM,NSE,STK,11584,INE586G01017,GULFPETRO,BE,,,,,GP PETROLEUMS LIMITED,60.25,62.00,60.00,61.77,61.15,61.10,,61.76,,,50775,3099160.55,325,F1,1,,,,,
2026-09-17,2026-09-17,CM,NSE,STK,22846,INE486R01017,GPTHEALTH,EQ,,,,,GPT HEALTHCARE LIMITED,162.90,165.00,162.28,163.61,163.30,163.30,,163.52,,,67940,11124020.90,2006,F1,1,,,,,
2026-09-17,2026-09-17,CM,NSE,STK,17685,INE390G01014,GPTINFRA,EQ,,,,,GPT INFRAPROJECTS LTD,109.80,114.00,109.80,113.56,113.95,111.00,,113.53,,,125495,14054635.26,1398,F1,1,,,,,
2026-09-17,2026-09-17,CM,NSE,STK,763301,INE361K01017,GRADIENTE,BE,,,,,GRADIENTE INFOTAINMENT L,2.42,2.42,2.24,2.36,2.36,2.34,,2.36,,,124433,294268.17,136,F1,1,,,,,
2026-09-17,2026-09-17,CM,NSE,STK,30289,INE12E301017,GCHOTELS,ST,,,,,GRAND CONTINENT HOTELS L,107.00,111.00,103.95,109.60,110.00,108.70,,109.60,,,21000,2245320.00,33,F1,600,,,,,
2026-09-17,2026-09-17,CM,NSE,STK,11079,INE534A01028,GFSTEELS,BE,,,,,GRAND FOUNDRY LTD,24.23,24.23,24.23,24.23,24.23,23.08,,24.23,,,7865,190568.95,17,F1,1,,,,,
2026-09-17,2026-09-17,CM,NSE,STK,762695,INE926B01016,GRANDOAK,EQ,,,,,GRAND OAK CANYONS DIST L,33.50,35.49,33.50,34.07,34.50,34.08,,34.15,,,1833,62715.61,77,F1,1,,,,,
2026-09-17,2026-09-17,CM,NSE,STK,11872,INE101D01020,GRANULES,EQ,,,,,GRANULES INDIA LIMITED,841.00,874.00,838.20,870.40,872.50,835.60,,870.40,,,915976,789381177.85,32819,F1,1,,,,,
2026-09-17,2026-09-17,CM,NSE,STK,20454,INE0POU01017,GRAPHISAD,SM,,,,,GRAPHISADS LIMITED,25.75,25.75,24.55,25.00,25.00,25.50,,25.00,,,10800,273720.00,9,F1,1200,,,,,
2026-09-17,2026-09-17,CM,NSE,STK,592,INE371A01025,GRAPHITE,EQ,,,,,GRAPHITE INDIA LTD,818.00,832.40,802.05,814.10,813.20,805.05,,814.09,,,2989509,2445496929.45,85590,F1,1,,,,,
2026-09-17,2026-09-17,CM,NSE,STK,1232,INE047A01021,GRASIM,EQ,,,,,GRASIM INDUSTRIES LTD,3190.00,3205.00,3159.00,3173.10,3173.10,3187.00,,3173.10,,,738188,2349269926.20,29919,F1,1,,,,,
2026-09-17,2026-09-17,CM,NSE,STK,5200,INE266D01021,GRAUWEIL,EQ,,,,,GRAUER & WEIL IND LTD,74.06,80.40,73.06,79.09,79.20,73.56,,79.13,,,1086236,83682005.03,6269,F1,1,,,,,
2026-09-17,2026-09-17,CM,NSE,STK,762703,INE214F01026,GRAVISSHO,BE,,,,,GRAVISS HOSPITALITY LTD.,41.50,41.50,40.26,40.26,40.26,42.37,,40.26,,,555,22355.79,18,F1,1,,,,,
2026-09-17,2026-09-17,CM,NSE,STK,20534,INE024L01027,GRAVITA,EQ,,,,,GRAVITA INDIA LIMITED,1622.20,1638.90,1599.70,1611.60,1613.00,1622.70,,1611.57,,,104871,169624715.70,11469,F1,1,,,,,
2026-09-17,2026-09-17,CM,NSE,STK,1235,INE224A01026,GREAVESCOT,EQ,,,,,GREAVES COTTON LTD.,185.52,192.60,185.37,191.72,192.50,185.64,,191.72,,,1037598,196360666.04,10059,F1,1,,,,,
2026-09-17,2026-09-17,CM,NSE,STK,17092,INE0O7P01015,GREENCHEF,SM,,,,,GREENCHEF APPLIANCES LTD,71.95,72.20,69.50,71.70,71.70,68.50,,71.70,,,11200,800160.00,14,F1,800,,,,,
2026-09-17,2026-09-17,CM,NSE,STK,6848,INE544R01021,GREENLAM,EQ,,,,,GREENLAM INDUSTRIES LTD.,230.86,238.32,230.86,236.73,237.98,230.86,,236.71,,,42452,9978593.75,1716,F1,1,,,,,
2026-09-17,2026-09-17,CM,NSE,STK,759427,INE0PLX01017,GREENLEAF,ST,,,,,GREENLEAF ENVIROTECH LTD,111.05,111.05,111.05,111.05,111.05,114.40,,111.05,,,1000,111050.00,1,F1,1000,,,,,
2026-09-17,2026-09-17,CM,NSE,STK,13810,INE08ZM01014,GREENPANEL,EQ,,,,,GREENPANEL INDUSTRIES LTD,153.80,161.98,150.68,158.40,157.55,152.77,,158.39,,,1450006,228542424.72,14302,F1,1,,,,,
2026-09-17,2026-09-17,CM,NSE,STK,3987,INE461C01038,GREENPLY,EQ,,,,,GREENPLY INDUSTRIES LTD,279.55,297.00,279.50,293.20,291.10,281.10,,293.19,,,267600,77888891.40,3367,F1,1,,,,,
2026-09-17,2026-09-17,CM,NSE,STK,758986,INE199P01028,GCSL,EQ,,,,,GRETEX CORPORATE SERVICES,593.55,610.75,583.80,594.35,586.80,594.75,,594.28,,,611511,367180565.25,5844,F1,1,,,,,
2026-09-17,2026-09-17,CM,NSE,STK,13560,INE536A01023,GRINDWELL,EQ,,,,,GRINDWELL NORTON LIMITED,1856.00,1869.90,1840.90,1862.20,1857.00,1852.90,,1862.20,,,15176,28199055.20,5701,F1,1,,,,,
2026-09-17,2026-09-17,CM,NSE,STK,10871,INE192H01020,GRMOVER,EQ,,,,,GRM OVERSEAS LIMITED,81.03,82.95,79.31,80.13,80.20,82.02,,80.13,,,1105834,89994767.01,7208,F1,1,,,,,
2026-09-17,2026-09-17,CM,NSE,STK,760971,INE1TY801010,GJL,ST,,,,,GROVER JEWELLS LIMITED,292.05,292.05,292.05,292.05,292.05,292.05,,292.05,,,800,233640.00,1,F1,800,,,,,
2026-09-17,2026-09-17,CM,NSE,STK,764285,INF666M01PH7,CEMNTGROWW,EQ,,,,,GROWWAMC - CEMNTGROWW,13.94,14.12,13.67,13.99,14.05,13.85,,13.99,,,68805,959548.77,295,F1,1,,,,,
2026-09-17,2026-09-17,CM,NSE,STK,760051,INF666M01MM4,GROWWCAPM,EQ,,,,,GROWWAMC - GROWWCAPM,11.00,11.18,10.93,11.12,11.10,11.03,,11.12,,,735659,8178065.18,916,F1,1,,,,,
2026-09-17,2026-09-17,CM,NSE,STK,760673,INF666M01NP5,GROWWCHEM,EQ,,,,,GROWWAMC - GROWWCHEM,29.27,29.49,28.81,29.06,29.35,28.97,,29.06,,,30831,893591.12,238,F1,1,,,,,
2026-09-17,2026-09-17,CM,NSE,STK,25758,INF666M01IO8,GROWWDEFNC,EQ,,,,,GROWWAMC - GROWWDEFNC,91.80,92.84,91.11,92.31,92.06,91.79,,92.31,,,180595,16645255.83,2275,F1,1,,,,,
2026-09-17,2026-09-17,CM,NSE,STK,24798,INF666M01IH2,GROWWEV,EQ,,,,,GROWWAMC - GROWWEV,31.36,31.99,30.70,31.69,31.71,31.21,,31.69,,,258717,8136821.77,1556,F1,1,,,,,
2026-09-17,2026-09-17,CM,NSE,STK,25872,INF666M01OE7,GROWWGOLD,EQ,,,,,GROWWAMC - GROWWGOLD,14.70,14.76,14.61,14.69,14.69,14.76,,14.69,,,2353265,34604128.14,2397,F1,1,,,,,
2026-09-17,2026-09-17,CM,NSE,STK,760874,INF666M01OD9,GROWWHOSPI,EQ,,,,,GROWWAMC - GROWWHOSPI,52.41,52.50,51.15,52.22,52.50,51.14,,52.19,,,187670,9768732.34,608,F1,1,,,,,
2026-09-17,2026-09-17,CM,NSE,STK,25447,INF666M01IP5,GROWWLIQID,EQ,,,,,GROWWAMC - GROWWLIQID,110.78,110.78,110.77,110.77,110.78,110.76,,110.77,,,154650,17131441.95,134,F1,1,,,,,
2026-09-17,2026-09-17,CM,NSE,STK,758300,INF666M01LB9,GROWWLOVOL,EQ,,,,,GROWWAMC - GROWWLOVOL,10.23,10.24,10.03,10.08,10.06,10.05,,10.08,,,11111,112098.55,83,F1,1,,,,,
2026-09-17,2026-09-17,CM,NSE,STK,759719,INF666M01MV5,GROWWMC150,EQ,,,,,GROWWAMC - GROWWMC150,224.33,228.09,224.30,226.57,226.50,224.33,,226.57,,,149,33535.62,17,F1,1,,,,,
2026-09-17,2026-09-17,CM,NSE,STK,760438,INF666M01NI0,GROWWMETAL,EQ,,,,,GROWWAMC - GROWWMETAL,12.08,12.28,11.65,12.20,12.16,12.05,,12.20,,,407418,4968147.50,1016,F1,1,,,,,
2026-09-17,2026-09-17,CM,NSE,STK,756086,INF666M01KJ4,GROWWMOM50,EQ,,,,,GROWWAMC - GROWWMOM50,10.86,10.86,10.60,10.77,10.84,10.66,,10.77,,,71314,765812.16,348,F1,1,,,,,
2026-09-17,2026-09-17,CM,NSE,STK,29872,INF666M01JV1,GROWWN200,EQ,,,,,GROWWAMC - GROWWN200,10.95,11.10,10.83,11.04,11.03,10.94,,11.04,,,14665,161568.99,173,F1,1,,,,,
2026-09-17,2026-09-17,CM,NSE,STK,757814,INF666M01LI4,GROWWNET,EQ,,,,,GROWWAMC - GROWWNET,10.93,11.00,10.61,10.73,10.70,10.72,,10.73,,,426495,4581063.59,616,F1,1,,,,,
2026-09-17,2026-09-17,CM,NSE,STK,758697,INF666M01LL8,GROWWNIFTY,EQ,,,,,GROWWAMC - GROWWNIFTY,9.19,9.55,9.19,9.42,9.45,9.43,,9.42,,,665258,6270183.84,3083,F1,1,,,,,
2026-09-17,2026-09-17,CM,NSE,STK,759458,INF666M01LZ8,GROWWNXT50,EQ,,,,,GROWWAMC - GROWWNXT50,72.00,72.21,71.05,71.56,71.34,72.43,,71.56,,,9931,709372.02,121,F1,1,,,,,
2026-09-17,2026-09-17,CM,NSE,STK,758165,INF666M01LM6,GROWWPOWER,EQ,,,,,GROWWAMC - GROWWPOWER,10.98,11.13,10.96,11.07,11.07,10.93,,11.07,,,1714886,18958578.04,1686,F1,1,,,,,
2026-09-17,2026-09-17,CM,NSE,STK,760976,INF666M01NQ3,GROWWPSE,EQ,,,,,GROWWAMC - GROWWPSE,97.97,97.97,95.00,96.57,96.56,95.52,,96.57,,,12155,1173090.20,152,F1,1,,,,,
2026-09-17,2026-09-17,CM,NSE,STK,761514,INF666M01OG2,GROWWPSUBK,EQ,,,,,GROWWAMC - GROWWPSUBK,83.27,84.14,81.75,82.61,83.99,83.33,,82.61,,,3497,289635.98,134,F1,1,,,,,
2026-09-17,2026-09-17,CM,NSE,STK,29527,INF666M01JJ6,GROWWRAIL,EQ,,,,,GROWWAMC - GROWWRAIL,26.86,27.24,26.75,26.99,27.14,26.75,,27.00,,,521994,14051832.99,2295,F1,1,,,,,
2026-09-17,2026-09-17,CM,NSE,STK,759428,INF666M01MN2,GROWWRLTY,EQ,,,,,GROWWAMC - GROWWRLTY,9.28,9.46,9.19,9.39,9.40,9.28,,9.39,,,280109,2622261.93,483,F1,1,,,,,
2026-09-17,2026-09-17,CM,NSE,STK,759522,INF666M01MO0,GROWWSC250,EQ,,,,,GROWWAMC - GROWWSC250,10.50,10.60,10.34,10.38,10.50,10.41,,10.38,,,379744,3948674.26,642,F1,1,,,,,
2026-09-17,2026-09-17,CM,NSE,STK,756827,INF666M01OF4,GROWWSLVR,EQ,,,,,GROWWAMC - GROWWSLVR,22.24,22.30,22.05,22.17,22.17,22.38,,22.17,,,1344345,29815761.69,1704,F1,1,,,,,
2026-09-17,2026-09-17,CM,NSE,STK,763572,INF666M01OT5,PVTBKGROWW,EQ,,,,,GROWWAMC - PVTBKGROWW,27.77,27.77,27.20,27.33,27.24,27.53,,27.33,,,3592,98361.88,73,F1,1,,,,,
2026-09-17,2026-09-17,CM,NSE,STK,751745,INF666M01PG9,SMALLGROWW,EQ,,,,,GROWWAMC - SMALLGROWW,47.89,48.89,47.89,48.11,47.89,47.62,,48.11,,,7927,382284.88,64,F1,1,,,,,
2026-09-17,2026-09-17,CM,NSE,STK,6543,INE137I01015,GRPLTD,EQ,,,,,GRP LIMITED,1979.30,1988.90,1964.20,1971.90,1971.00,1979.30,,1971.48,,,439,866391.20,113,F1,1,,,,,
2026-09-17,2026-09-17,CM,NSE,STK,23888,INE0SQY01018,GSMFOILS,SM,,,,,GSM FOILS LIMITED,90.10,90.10,90.10,90.10,90.10,85.85,,90.10,,,13500,1216350.00,18,F1,500,,,,,
2026-09-17,2026-09-17,CM,NSE,STK,762239,INE713R01022,GSPCROP,EQ,,,,,GSP CROP SCIENCE LIMITED,490.20,499.00,479.05,484.05,483.00,482.95,,484.07,,,341903,167130997.40,8786,F1,1,,,,,
2026-09-17,2026-09-17,CM,NSE,STK,15347,INE871H01011,GSS,EQ,,,,,GSS INFOTECH LIMITED,10.47,10.47,9.88,10.02,10.00,10.08,,10.02,,,30930,315333.09,242,F1,1,,,,,
2026-09-17,2026-09-17,CM,NSE,STK,13745,INE221H01019,GTLINFRA,EQ,,,,,GTL INFRA.LTD,1.12,1.15,1.11,1.14,1.14,1.11,,1.14,,,28492768,32264749.73,8886,F1,1,,,,,
2026-09-17,2026-09-17,CM,NSE,STK,1162,INE043A01012,GTL,EQ,,,,,GTL LTD,7.10,7.19,7.03,7.06,7.08,7.10,,7.06,,,86961,613904.23,534,F1,1,,,,,
2026-09-17,2026-09-17,CM,NSE,STK,21195,INE869I01013,GTPL,EQ,,,,,GTPL HATHWAY LIMITED,57.39,57.99,56.10,56.62,56.68,56.46,,56.62,,,71405,4040906.78,782,F1,1,,,,,
2026-09-17,2026-09-17,CM,NSE,STK,11606,INE742B01025,GUFICBIO,EQ,,,,,GUFIC BIOSCIENCES LTD.,419.20,428.00,415.60,425.50,425.00,419.85,,425.50,,,34904,14805367.40,1899,F1,1,,,,,
2026-09-17,2026-09-17,CM,NSE,STK,1145,INE162A01010,GIPCL,EQ,,,,,GUJ IND POW CO. LTD,185.05,188.90,184.34,186.12,186.40,185.14,,186.11,,,364892,68054278.37,5375,F1,1,,,,,
2026-09-17,2026-09-17,CM,NSE,STK,1174,INE113A01013,GNFC,EQ,,,,,GUJ NAR VAL FER & CHEM L,540.00,599.00,538.20,584.85,584.30,539.75,,584.85,,,8250274,4848154234.10,158856,F1,1,,,,,
2026-09-17,2026-09-17,CM,NSE,STK,1247,INE026A01025,GSFC,EQ,,,,,GUJ STATE FERT & CHEM LTD,149.00,154.30,148.60,152.27,152.24,149.16,,152.27,,,1244753,189097102.41,16934,F1,1,,,,,
2026-09-17,2026-09-17,CM,NSE,STK,14677,INE826C01016,GUJAPOLLO,EQ,,,,,GUJ. APOLLO IND. LTD.,349.85,349.85,321.35,324.00,329.95,338.10,,324.09,,,27067,8992513.40,812,F1,1,,,,,
2026-09-17,2026-09-17,CM,NSE,STK,1267,INE186A01019,GUJALKALI,EQ,,,,,GUJARAT ALKALIES & CHEM,691.25,696.95,669.00,673.75,674.00,696.50,,673.79,,,248407,168453166.75,10738,F1,1,,,,,
2026-09-17,2026-09-17,CM,NSE,STK,8828,INE036B01030,GAEL,EQ,,,,,GUJARAT AMBUJA EXPORTS LT,157.16,161.70,156.49,159.41,159.70,157.16,,159.41,,,360816,57699117.23,10550,F1,1,,,,,
2026-09-17,2026-09-17,CM,NSE,STK,10599,INE844O01030,GUJENERGY,EQ,,,,,GUJARAT ENERGY LIMITED,244.40,245.45,237.61,239.43,239.55,244.24,,239.44,,,968254,232177648.83,30423,F1,1,,,,,
2026-09-17,2026-09-17,CM,NSE,STK,13750,INE09N301011,FLUOROCHEM,EQ,,,,,GUJARAT FLUOROCHEM LTD,4533.60,4616.90,4432.60,4471.80,4461.00,4533.60,,4471.85,,,184050,828931688.30,26604,F1,1,,,,,
2026-09-17,2026-09-17,CM,NSE,STK,761197,INE0V0W01025,GKSL,EQ,,,,,GUJARAT KIDNEY N SUP SP L,172.33,179.50,172.33,177.82,178.14,172.33,,177.82,,,214009,37958127.75,3849,F1,1,,,,,
2026-09-17,2026-09-17,CM,NSE,STK,1156,INE540A01017,GLFL,EQ,,,,,GUJARAT LEASE FINANCING L,5.35,5.44,5.09,5.11,5.09,5.35,,5.13,,,4382,22486.16,28,F1,1,,,,,
2026-09-17,2026-09-17,CM,NSE,STK,5204,INE131A01031,GMDCLTD,EQ,,,,,GUJARAT MINERAL DEV CORP,543.35,552.50,543.35,549.15,549.00,543.35,,549.11,,,687557,377713872.05,17434,F1,1,,,,,
2026-09-17,2026-09-17,CM,NSE,STK,762690,INE207H01018,GNRL,EQ,,,,,GUJARAT NATURAL RES L,100.00,102.09,99.90,101.05,101.00,99.87,,101.07,,,77728,7854053.26,1244,F1,1,,,,,
2026-09-17,2026-09-17,CM,NSE,STK,19731,INE517F01014,GPPL,EQ,,,,,GUJARAT PIPAVAV PORT LTD,162.00,163.50,161.49,162.59,162.78,162.24,,162.60,,,1050527,170890196.34,26396,F1,1,,,,,
2026-09-17,2026-09-17,CM,NSE,STK,4548,INE610B01024,GUJRAFFIA,EQ,,,,,GUJARAT RAFFIA INDUST LTD,40.23,43.40,39.99,40.91,41.00,40.23,,40.91,,,11381,469601.71,106,F1,1,,,,,
2026-09-17,2026-09-17,CM,NSE,STK,29731,INE942C01045,GUJTHEM,EQ,,,,,GUJARAT THEMIS BIOSYN LTD,411.00,425.60,407.35,420.15,420.95,412.60,,420.18,,,243862,102200642.60,11133,F1,1,,,,,
2026-09-17,2026-09-17,CM,NSE,STK,4391,INE635Q01029,GULFOILLUB,EQ,,,,,GULF OIL LUB. IND. LTD.,1064.10,1069.60,1042.00,1064.00,1065.00,1057.20,,1064.15,,,20716,22003728.20,3330,F1,1,,,,,
2026-09-17,2026-09-17,CM,NSE,STK,6286,INE255D01024,GULPOLY,EQ,,,,,GULSHAN POLYOLS LIMITED,168.89,172.50,168.01,171.05,170.00,168.89,,171.05,,,60537,10311799.25,2110,F1,1,,,,,
2026-09-17,2026-09-17,CM,NSE,STK,759261,INE1CCX01012,GURUNANAK,SM,,,,,GURUNANAK AGRICULTUR IN L,38.80,38.80,37.00,37.00,37.00,37.00,,37.00,,,3200,121280.00,2,F1,1600,,,,,
2026-09-17,2026-09-17,CM,NSE,STK,13229,INE251H01024,GVKPIL,BE,,,,,GVK POW. & INFRA LTD.,2.37,2.37,2.37,2.37,2.37,2.33,,2.37,,,695297,1647853.89,444,F1,1,,,,,
2026-09-17,2026-09-17,CM,NSE,STK,10866,INE382T01030,GVPTECH,BE,,,,,GVP INFOTECH LIMITED,7.51,7.73,7.27,7.40,7.35,7.65,,7.40,,,38993,289026.36,242,F1,1,,,,,
2026-09-17,2026-09-17,CM,NSE,STK,764050,INE724A01017,GYFTR,EQ,,,,,GYFTR LIMITED,180.50,180.82,174.15,176.12,174.15,178.11,,176.13,,,12955,2310964.98,377,F1,1,,,,,
2026-09-17,2026-09-17,CM,NSE,STK,762712,INE640B01021,HBESD,EQ,,,,,H B ESTATE DEVELOPERS L,73.11,73.11,71.50,71.61,72.00,71.02,,71.46,,,17,1222.72,7,F1,1,,,,,
2026-09-17,2026-09-17,CM,NSE,STK,1672,INE926X01010,HGINFRA,EQ,,,,,H.G.INFRA ENGINEERING LTD,463.15,472.00,460.00,460.65,460.15,461.50,,460.67,,,60479,28115844.75,5846,F1,1,,,,,
2026-09-17,2026-09-17,CM,NSE,STK,760715,INE115S01010,HALDER,EQ,,,,,HALDER VENTURE LIMITED,285.80,299.00,276.85,297.15,298.00,285.95,,297.15,,,3156,913571.70,112,F1,1,,,,,
2026-09-17,2026-09-17,CM,NSE,STK,762708,INE506D01020,HALDYNGL,BE,,,,,HALDYN GLASS LTD.,142.00,143.95,139.01,140.41,141.90,140.91,,140.48,,,32509,4598239.39,154,F1,1,,,,,
2026-09-17,2026-09-17,CM,NSE,STK,21551,INE320X01016,HALEOSLABS,EQ,,,,,HALEOS LABS LIMITED,1508.00,1538.00,1490.00,1493.00,1490.00,1507.90,,1493.00,,,394,594683.70,40,F1,1,,,,,
2026-09-17,2026-09-17,CM,NSE,STK,765075,INE299D01022,HAMPTON,EQ,,,,,HAMPTON SKY REALTY LTD.,8.53,8.53,7.81,8.26,8.27,8.55,,8.26,,,360061,2968492.14,184,F1,1,,,,,
2026-09-17,2026-09-17,CM,NSE,STK,13592,INE596H01014,HGM,EQ,,,,,HANDSON GBL MNGMNT LTD,46.30,48.74,45.46,47.79,46.34,46.81,,47.79,,,5019,234208.68,115,F1,1,,,,,
2026-09-17,2026-09-17,CM,NSE,STK,48,INE419U01012,HAPPSTMNDS,EQ,,,,,HAPPIEST MINDS TECHNO LTD,325.35,328.75,323.80,327.90,328.30,327.45,,327.91,,,388729,126841395.70,10219,F1,1,,,,,
2026-09-17,2026-09-17,CM,NSE,STK,20854,INE330T01021,HAPPYFORGE,EQ,,,,,HAPPY FORGINGS LIMITED,2115.00,2177.90,2102.70,2143.20,2152.00,2155.90,,2143.25,,,56176,120392810.10,8560,F1,1,,,,,
2026-09-17,2026-09-17,CM,NSE,STK,757665,INE0TLP01015,WHITEFORCE,SM,,,,,HAPPY SQUARE OUTSOURC S L,43.10,43.10,43.10,43.10,43.10,41.25,,43.10,,,1600,68960.00,1,F1,1600,,,,,
2026-09-17,2026-09-17,CM,NSE,STK,764131,INE1GFG01011,HAPPY,SM,,,,,HAPPY STEELS LIMITED,81.05,84.50,77.00,77.70,78.35,82.90,,77.70,,,130000,10452600.00,56,F1,2000,,,,,
2026-09-17,2026-09-17,CM,NSE,STK,8962,INE626Z01029,HARDWYN,EQ,,,,,HARDWYN INDIA LIMITED,9.09,9.12,9.00,9.07,9.05,9.04,,9.07,,,367587,3330054.84,432,F1,1,,,,,
2026-09-17,2026-09-17,CM,NSE,STK,8968,INE00EV01017,HARIOMPIPE,EQ,,,,,HARIOM PIPE INDUSTRIES L,350.35,357.35,348.55,349.65,348.65,350.35,,349.69,,,41104,14449033.85,2860,F1,1,,,,,
2026-09-17,2026-09-17,CM,NSE,STK,764703,INE400G01011,HRYNSHP,EQ,,,,,HARIYANA SHIP BREAKERS L,101.90,101.90,96.00,97.50,97.50,100.00,,99.92,,,1654,160834.78,56,F1,1,,,,,
2026-09-17,2026-09-17,CM,NSE,STK,1313,INE544A01019,HARRMALAYA,EQ,,,,,HARRISON MALAYALAM LTD,181.00,185.02,178.80,180.71,179.66,178.71,,180.75,,,9047,1643187.08,287,F1,1,,,,,
2026-09-17,2026-09-17,CM,NSE,STK,11162,INE0JUS01029,HARSHA,EQ,,,,,HARSHA ENGINEERS INT LTD,432.50,438.30,429.25,433.85,436.00,430.00,,433.86,,,45447,19714272.60,2465,F1,1,,,,,
2026-09-17,2026-09-17,CM,NSE,STK,18154,INE982F01036,HATHWAY,EQ,,,,,HATHWAY CABLE & DATACOM,9.90,10.11,9.90,10.02,10.06,10.00,,10.02,,,1428469,14310973.46,1869,F1,1,,,,,
2026-09-17,2026-09-17,CM,NSE,STK,3892,INE473B01035,HATSUN,EQ,,,,,HATSUN AGRO PRODUCT LTD.,1213.70,1238.40,1170.00,1181.60,1178.00,1214.00,,1181.69,,,46126,55511388.60,6499,F1,1,,,,,
2026-09-17,2026-09-17,CM,NSE,STK,9819,INE176B01034,HAVELLS,EQ,,,,,HAVELLS INDIA LIMITED,1089.90,1095.60,1083.50,1092.00,1092.00,1089.90,,1092.00,,,579925,631464574.20,38942,F1,1,,,,,
2026-09-17,2026-09-17,CM,NSE,STK,4444,INE979B01015,HAWKINCOOK,EQ,,,,,HAWKINS COOKERS LTD,8336.50,8375.00,8220.50,8251.50,8224.00,8296.50,,8251.44,,,1500,12431375.00,695,F1,1,,,,,
2026-09-17,2026-09-17,CM,NSE,STK,764693,INE550F01049,HAZOOR,EQ,,,,,HAZOOR MULTI PROJECTS LTD,18.50,19.08,18.32,18.55,18.55,18.51,,18.54,,,146625,2731414.63,438,F1,1,,,,,
2026-09-17,2026-09-17,CM,NSE,STK,765080,INE638B01025,HBPOR,EQ,,,,,HB PORTFOLIO LTD.,64.75,64.75,60.21,61.49,63.18,62.30,,61.48,,,2226,137523.95,57,F1,1,,,,,
2026-09-17,2026-09-17,CM,NSE,STK,4116,INE550B01022,HBSL,EQ,,,,,HB STOCKHOLDINGS LIMITED,52.00,53.99,52.00,53.33,53.92,52.24,,53.33,,,1086,57623.59,46,F1,1,,,,,
2026-09-17,2026-09-17,CM,NSE,STK,13966,INE292B01021,HBLENGINE,EQ,,,,,HBL ENGINEERING LTD,710.80,759.10,707.70,756.75,758.00,704.65,,756.73,,,8034626,5984825501.35,186117,F1,1,,,,,
2026-09-17,2026-09-17,CM,NSE,STK,1327,INE236A01020,HCL-INSYS,EQ,,,,,HCL INFOSYSTEMS LTD,10.00,10.20,9.98,10.08,10.05,10.00,,10.08,,,122940,1238554.10,447,F1,1,,,,,
2026-09-17,2026-09-17,CM,NSE,STK,7229,INE860A01027,HCLTECH,EQ,,,,,HCL TECHNOLOGIES LTD,1242.20,1258.30,1235.30,1258.30,1258.30,1253.00,,1258.21,,,1386250,1727400531.00,48090,F1,1,,,,,
2026-09-17,2026-09-17,CM,NSE,STK,757772,INE756I01012,HDBFS,EQ,,,,,HDB FINANCIAL SERVICES L,674.00,688.70,672.00,681.45,682.00,678.00,,681.46,,,387681,264673027.45,20726,F1,1,,,,,
2026-09-17,2026-09-17,CM,NSE,STK,4244,INE127D01025,HDFCAMC,EQ,,,,,HDFC AMC LIMITED,2378.10,2415.00,2378.10,2387.70,2387.70,2373.10,,2387.69,,,492465,1180274658.60,36631,F1,1,,,,,
2026-09-17,2026-09-17,CM,NSE,STK,1333,INE040A01034,HDFCBANK,EQ,,,,,HDFC BANK LTD,717.50,719.40,713.00,713.00,713.00,721.50,,713.00,,,21543303,15419192518.00,239093,F1,1,,,,,
2026-09-17,2026-09-17,CM,NSE,STK,19543,INF179KC1981,HDFCGOLD,EQ,,,,,HDFC GOLD ETF,128.48,129.12,127.88,128.68,128.61,129.11,,128.68,,,3431561,441084008.58,7536,F1,1,,,,,
2026-09-17,2026-09-17,CM,NSE,STK,467,INE795G01014,HDFCLIFE,EQ,,,,,HDFC LIFE INS CO LTD,532.90,560.95,529.95,557.00,557.00,530.20,,557.00,,,9374431,5196679422.85,135905,F1,1,,,,,
2026-09-17,2026-09-17,CM,NSE,STK,14230,INF179KC1EZ4,HDFCBSE500,EQ,,,,,HDFCAMC - HDFCBSE500,35.86,37.10,35.86,36.67,36.64,36.59,,36.67,,,666863,24376359.06,232,F1,1,,,,,
2026-09-17,2026-09-17,CM,NSE,STK,11241,INF179KC1DJ0,HDFCGROWTH,EQ,,,,,HDFCAMC - HDFCGROWTH,114.95,115.80,114.92,115.60,115.80,115.20,,115.60,,,7899,911682.20,83,F1,1,,,,,
2026-09-17,2026-09-17,CM,NSE,STK,18279,INF179KC1JG3,HDFCLIQUID,EQ,,,,,HDFCAMC - HDFCLIQUID,1078.20,1078.20,1078.18,1078.18,1078.19,1078.05,,1078.18,,,14392,15517302.21,119,F1,1,,,,,
2026-09-17,2026-09-17,CM,NSE,STK,11547,INF179KC1HU8,HDFCLOWVOL,EQ,,,,,HDFCAMC - HDFCLOWVOL,19.89,20.05,19.81,20.00,20.05,19.80,,20.00,,,4264,84778.91,54,F1,1,,,,,
2026-09-17,2026-09-17,CM,NSE,STK,14236,INF179KC1HT0,HDFCMID150,EQ,,,,,HDFCAMC - HDFCMID150,23.28,23.28,22.60,22.84,22.90,22.72,,22.84,,,671075,15338342.53,1270,F1,1,,,,,
2026-09-17,2026-09-17,CM,NSE,STK,11538,INF179KC1HV6,HDFCMOMENT,EQ,,,,,HDFCAMC - HDFCMOMENT,30.08,30.44,29.49,30.36,30.26,30.09,,30.36,,,142609,4321075.73,434,F1,1,,,,,
2026-09-17,2026-09-17,CM,NSE,STK,10619,INF179KC1HS2,HDFCNEXT50,EQ,,,,,HDFCAMC - HDFCNEXT50,72.13,73.17,71.92,73.05,72.99,72.13,,73.05,,,93622,6794292.22,420,F1,1,,,,,
2026-09-17,2026-09-17,CM,NSE,STK,10633,INF179KC1HR4,HDFCNIF100,EQ,,,,,HDFCAMC - HDFCNIF100,25.36,25.36,25.13,25.29,25.32,25.24,,25.29,,,26558,670834.28,218,F1,1,,,,,
2026-09-17,2026-09-17,CM,NSE,STK,22433,INF179KC1HY0,HDFCNIFBAN,EQ,,,,,HDFCAMC - HDFCNIFBAN,57.93,58.32,57.72,57.81,57.78,57.93,,57.81,,,19963,1156704.75,295,F1,1,,,,,
2026-09-17,2026-09-17,CM,NSE,STK,12101,INF179KC1IA8,HDFCNIFIT,EQ,,,,,HDFCAMC - HDFCNIFIT,31.73,31.73,30.80,31.12,31.00,30.96,,31.12,,,65039,2019522.39,232,F1,1,,,,,
2026-09-17,2026-09-17,CM,NSE,STK,11591,INF179KC1965,HDFCNIFTY,EQ,,,,,HDFCAMC - HDFCNIFTY,268.69,268.69,261.83,263.02,263.44,262.14,,263.02,,,91285,24001381.38,881,F1,1,,,,,
2026-09-17,2026-09-17,CM,NSE,STK,764336,INF179KC1KT4,HDFCNIMEG,EQ,,,,,HDFCAMC - HDFCNIMEG,127.21,128.76,127.21,128.33,127.98,127.21,,128.33,,,20678,2651745.24,142,F1,1,,,,,
2026-09-17,2026-09-17,CM,NSE,STK,12108,INF179KC1HZ7,HDFCPVTBAN,EQ,,,,,HDFCAMC - HDFCPVTBAN,27.24,27.95,27.24,27.74,27.83,27.80,,27.74,,,225252,6261215.77,283,F1,1,,,,,
2026-09-17,2026-09-17,CM,NSE,STK,11255,INF179KC1DL6,HDFCQUAL,EQ,,,,,HDFCAMC - HDFCQUAL,56.65,56.98,56.54,56.92,56.54,56.71,,56.92,,,8797,498492.86,184,F1,1,,,,,
2026-09-17,2026-09-17,CM,NSE,STK,11593,INF179KC1HX2,HDFCSENSEX,EQ,,,,,HDFCAMC - HDFCSENSEX,84.65,84.94,84.19,84.77,84.50,84.78,,84.77,,,27969,2363984.38,542,F1,1,,,,,
2026-09-17,2026-09-17,CM,NSE,STK,10876,INF179KC1DI2,HDFCSILVER,EQ,,,,,HDFCAMC - HDFCSILVER,216.61,217.39,214.92,216.47,216.41,218.60,,216.47,,,2385099,515337564.97,9417,F1,1,,,,,
2026-09-17,2026-09-17,CM,NSE,STK,14233,INF179KC1FB2,HDFCSML250,EQ,,,,,HDFCAMC - HDFCSML250,181.10,182.24,179.21,181.90,182.00,181.06,,181.90,,,1665599,302118516.57,10719,F1,1,,,,,
2026-09-17,2026-09-17,CM,NSE,STK,11260,INF179KC1DK8,HDFCVALUE,EQ,,,,,HDFCAMC - HDFCVALUE,121.97,122.22,121.54,121.91,122.22,121.57,,121.91,,,5105,622299.46,73,F1,1,,,,,
2026-09-17,2026-09-17,CM,NSE,STK,22595,INF179KC1HW4,HDFCPSUBK,EQ,,,,,HDFCAMC HDFCPSUBK,83.78,84.83,83.14,83.64,83.14,83.78,,83.57,,,10748,901628.08,166,F1,1,,,,,
2026-09-17,2026-09-17,CM,NSE,STK,19205,INE759V01019,HEADSUP,EQ,,,,,HEADS UP VENTURES LIMITED,7.19,7.20,6.61,6.97,6.91,6.89,,6.97,,,5999,41788.01,221,F1,1,,,,,
2026-09-17,2026-09-17,CM,NSE,STK,20063,INE019J01013,HEALTHX,EQ,,,,,HEALTH X PLATFORM LIMITED,298.10,303.65,295.00,300.00,300.00,298.10,,300.00,,,1388,415267.30,47,F1,1,,,,,
2026-09-17,2026-09-17,CM,NSE,STK,15555,INE075I01017,HCG,EQ,,,,,HEALTHCARE GLOB. ENT. LTD,678.30,697.95,671.40,687.15,695.00,674.15,,687.16,,,514056,353158986.75,6834,F1,1,,,,,
2026-09-17,2026-09-17,CM,NSE,STK,7425,INE558R01013,HECPROJECT,EQ,,,,,HEC INFRA PROJECTS LTD,114.45,118.45,112.35,116.84,116.98,114.45,,116.84,,,10820,1250418.35,155,F1,1,,,,,
2026-09-17,2026-09-17,CM,NSE,STK,7368,INE545A01024,HEG,BE,,,,,HEG LIMITED,216.00,225.80,215.60,225.80,225.80,215.05,,225.97,,,1462653,328883983.75,6068,F1,1,,,,,
2026-09-17,2026-09-17,CM,NSE,STK,2316,INE578A01017,HEIDELBERG,EQ,,,,,HEIDELBERGCEMENT (I) LTD,141.00,142.00,140.40,141.57,141.26,141.20,,141.58,,,69366,9808016.91,1453,F1,1,,,,,
2026-09-17,2026-09-17,CM,NSE,STK,701,INE0AJG01018,HEMIPROP,EQ,,,,,HEMISPHERE PROP IND LTD,117.90,121.80,117.20,120.81,121.00,117.67,,120.81,,,228607,27395968.77,2912,F1,1,,,,,
2026-09-17,2026-09-17,CM,NSE,STK,2614,INE694N01015,HERANBA,EQ,,,,,HERANBA INDUSTRIES LTD,163.30,166.26,163.30,165.78,166.10,163.31,,165.78,,,15592,2575508.26,590,F1,1,,,,,
2026-09-17,2026-09-17,CM,NSE,STK,4598,INE978A01027,HERITGFOOD,EQ,,,,,HERITAGE FOODS LTD,408.65,412.70,403.55,405.45,405.40,408.65,,405.44,,,351623,143588919.60,12626,F1,1,,,,,
2026-09-17,2026-09-17,CM,NSE,STK,1348,INE158A01026,HEROMOTOCO,EQ,,,,,HERO MOTOCORP LIMITED,5253.50,5341.00,5243.50,5325.00,5325.00,5235.00,,5325.00,,,536484,2850986453.50,63144,F1,1,,,,,
2026-09-17,2026-09-17,CM,NSE,STK,7048,INE782E01017,HESTERBIO,EQ,,,,,HESTER BIOSCIENCES LTD,2176.00,2276.90,2176.00,2245.80,2259.90,2207.70,,2245.69,,,5072,11347389.50,1058,F1,1,,,,,
2026-09-17,2026-09-17,CM,NSE,STK,27008,INE750M01017,HEXATRADEX,EQ,,,,,HEXA TRADEX LIMITED,158.50,158.50,155.55,156.61,155.55,156.37,,156.61,,,263,41426.29,44,F1,1,,,,,
2026-09-17,2026-09-17,CM,NSE,STK,750116,INE0JUI01012,HEXAGON,BE,,,,,HEXAGON NUTRITION LIMITED,64.60,65.70,63.50,64.29,64.35,63.96,,64.24,,,246881,15904265.88,480,F1,1,,,,,
2026-09-17,2026-09-17,CM,NSE,STK,29666,INE093A01041,HEXT,EQ,,,,,HEXAWARE TECHNOLOGIES LTD,522.00,528.00,515.10,526.45,526.90,522.75,,526.36,,,107306,56206508.15,7905,F1,1,,,,,
2026-09-17,2026-09-17,CM,NSE,STK,21954,INE548A01028,HFCL,BE,,,,,HFCL LIMITED,208.90,216.00,205.10,209.45,210.01,212.91,,209.46,,,6140528,1294122163.10,34056,F1,1,,,,,
2026-09-17,2026-09-17,CM,NSE,STK,25622,INE957N08151,920HFL30,N0,,,,,HFL 9.20% 2030 SR 67,104524.00,104524.00,104524.00,104524.00,104524.00,104499.00,,104524.00,,,1,104524.00,1,F1,1,,,,,
2026-09-17,2026-09-17,CM,NSE,STK,18794,INE0PIC01017,HIGREEN,SM,,,,,HI GREEN CARBON LIMITED,119.00,119.00,117.50,117.70,117.50,120.00,,117.70,,,16000,1898960.00,18,F1,800,,,,,
2026-09-17,2026-09-17,CM,NSE,STK,2868,INE106T01025,HITECH,EQ,,,,,HI-TECH PIPES LIMITED,73.36,74.20,73.01,73.74,73.75,73.36,,73.75,,,205046,15109097.23,2755,F1,1,,,,,
2026-09-17,2026-09-17,CM,NSE,STK,759103,INE00RL01028,HILINFRA,EQ,,,,,HIGHWAY INFRASTRUCTURE L,45.60,45.90,43.00,43.07,43.00,43.83,,43.08,,,203378,9060285.57,1644,F1,1,,,,,
2026-09-17,2026-09-17,CM,NSE,STK,9668,INE475B01022,HIKAL,EQ,,,,,HIKAL LIMITED,222.23,231.35,219.95,225.29,225.00,224.38,,225.29,,,647006,146307172.81,15200,F1,1,,,,,
2026-09-17,2026-09-17,CM,NSE,STK,14627,INE788H01017,HILTON,EQ,,,,,HILTON METAL FORGING LTD,17.97,17.97,16.80,17.01,17.00,17.52,,17.02,,,195711,3346318.42,760,F1,1,,,,,
2026-09-17,2026-09-17,CM,NSE,STK,14334,INE019C01026,HSCL,EQ,,,,,HIMADRI SPECIALITY CHEM L,655.00,661.80,648.15,653.35,653.00,652.80,,653.36,,,1154408,754893930.05,22422,F1,1,,,,,
2026-09-17,2026-09-17,CM,NSE,STK,1360,INE049A01027,HIMATSEIDE,EQ,,,,,HIMATSINGKA SEIDE LTD,64.61,65.88,63.20,63.65,63.47,64.76,,63.65,,,524957,33708938.68,3941,F1,1,,,,,
2026-09-17,2026-09-17,CM,NSE,STK,765085,INE227B01019,HINDALUMI,EQ,,,,,HIND ALUMINIUM INDS. LTD.,94.76,95.20,89.00,93.70,93.99,93.83,,93.80,,,4653,432644.74,225,F1,1,,,,,
2026-09-17,2026-09-17,CM,NSE,STK,1363,INE038A01020,HINDALCO,EQ,,,,,HINDALCO  INDUSTRIES  LTD,972.00,987.20,970.50,980.50,980.50,972.70,,980.51,,,2724042,2670897983.90,60975,F1,1,,,,,
2026-09-17,2026-09-17,CM,NSE,STK,4920,INE642Y01029,HINDCON,EQ,,,,,HINDCON CHEMICALS LIMITED,24.50,24.50,21.96,23.73,23.51,23.76,,23.73,,,59869,1404786.18,493,F1,1,,,,,
2026-09-17,2026-09-17,CM,NSE,STK,11796,INE05X901010,HPIL,EQ,,,,,HINDPRAKASH INDUSTRY LTD,120.00,120.00,117.55,117.86,117.55,120.00,,117.87,,,292,34515.81,49,F1,1,,,,,
2026-09-17,2026-09-17,CM,NSE,STK,14712,INE170I01016,HGS,EQ,,,,,HINDUJA GLOBAL SOLS. LTD.,382.50,392.00,382.50,386.35,384.00,386.05,,386.37,,,20717,7994429.80,690,F1,1,,,,,
2026-09-17,2026-09-17,CM,NSE,STK,764698,INE074C01013,HINDADH,EQ,,,,,HINDUSTAN ADHESIVES LTD.,384.95,384.95,370.45,376.80,375.60,378.45,,376.95,,,1555,586370.75,126,F1,1,,,,,
2026-09-17,2026-09-17,CM,NSE,STK,2303,INE066F01020,HAL,EQ,,,,,HINDUSTAN AERONAUTICS LTD,4699.00,4799.00,4687.00,4788.00,4788.00,4695.60,,4787.93,,,528884,2515493813.70,42073,F1,1,,,,,
2026-09-17,2026-09-17,CM,NSE,STK,1372,INE310C01029,HINDCOMPOS,EQ,,,,,HINDUSTAN COMPOSITES LTD.,374.00,382.95,365.10,369.90,371.00,374.30,,368.99,,,5364,2009375.75,832,F1,1,,,,,
2026-09-17,2026-09-17,CM,NSE,STK,1375,INE549A01026,HCC,EQ,,,,,HINDUSTAN CONSTRUCTION CO,21.09,22.30,21.02,21.56,21.61,21.04,,21.56,,,22120270,480684169.52,32887,F1,1,,,,,
2026-09-17,2026-09-17,CM,NSE,STK,17939,INE531E01026,HINDCOPPER,EQ,,,,,HINDUSTAN COPPER LTD,485.00,489.30,480.70,485.50,486.20,481.60,,485.50,,,4690266,2275491171.20,58982,F1,1,,,,,
2026-09-17,2026-09-17,CM,NSE,STK,12173,INE254N01026,HNDFDS,EQ,,,,,HINDUSTAN FOODS LIMITED,610.50,624.80,603.65,620.35,616.00,606.45,,620.29,,,79247,48877441.85,3408,F1,1,,,,,
2026-09-17,2026-09-17,CM,NSE,STK,19215,INE871K01015,HMVL,BE,,,,,HINDUSTAN MEDIA VENT LTD,78.31,78.95,76.80,77.34,77.07,78.31,,77.34,,,2221,171816.33,64,F1,1,,,,,
2026-09-17,2026-09-17,CM,NSE,STK,1403,INE345A01011,HINDOILEXP,EQ,,,,,HINDUSTAN OIL EXPLORATION,180.89,184.50,177.50,180.95,180.30,180.44,,180.96,,,701322,127109731.36,10666,F1,1,,,,,
2026-09-17,2026-09-17,CM,NSE,STK,1406,INE094A01015,HINDPETRO,EQ,,,,,HINDUSTAN PETROLEUM CORP,352.25,353.65,350.35,350.60,350.60,350.05,,350.60,,,2170850,763665823.60,22639,F1,1,,,,,
2026-09-17,2026-09-17,CM,NSE,STK,1394,INE030A01027,HINDUNILVR,EQ,,,,,HINDUSTAN UNILEVER LTD.,1962.00,1968.90,1942.20,1942.20,1942.20,1962.00,,1942.97,,,1171388,2291642614.00,38583,F1,1,,,,,
2026-09-17,2026-09-17,CM,NSE,STK,1424,INE267A01025,HINDZINC,EQ,,,,,HINDUSTAN ZINC LIMITED,562.90,574.65,562.80,572.30,572.30,567.50,,572.41,,,3019909,1723574637.15,39400,F1,1,,,,,
2026-09-17,2026-09-17,CM,NSE,STK,15883,INE05AN01011,HINDWAREAP,EQ,,,,,HINDWARE HME INOVATON LTD,171.50,177.69,171.50,176.95,176.70,171.93,,176.95,,,51983,9147756.62,1977,F1,1,,,,,
2026-09-17,2026-09-17,CM,NSE,STK,13890,INE835D01023,HIRECT,EQ,,,,,HIRECT LIMITED,1182.60,1218.70,1180.50,1211.90,1218.00,1182.60,,1211.90,,,27111,32644987.70,2736,F1,1,,,,,
2026-09-17,2026-09-17,CM,NSE,STK,19322,INE598C01011,HISARMETAL,EQ,,,,,HISAR METAL IND. LIMITED,161.00,161.00,153.35,155.38,153.35,155.50,,155.38,,,2683,421984.65,46,F1,1,,,,,
2026-09-17,2026-09-17,CM,NSE,STK,18457,INE07Y701011,POWERINDIA,EQ,,,,,HITACHI ENERGY INDIA LTD,30435.00,31325.00,30380.00,31230.00,31230.00,30200.00,,31229.87,,,98656,3048910690.00,30995,F1,1,,,,,
2026-09-17,2026-09-17,CM,NSE,STK,15165,INE120D01012,HITECHCORP,BE,,,,,HITECH CORPORATION LTD,320.50,336.40,320.50,331.80,331.80,330.50,,331.80,,,4656,1523025.90,58,F1,1,,,,,
2026-09-17,2026-09-17,CM,NSE,STK,2289,INE461D01028,HLEGLAS,EQ,,,,,HLE GLASCOAT LIMITED,419.00,429.90,412.35,415.65,414.10,416.85,,415.66,,,279777,117260690.15,12676,F1,1,,,,,
2026-09-17,2026-09-17,CM,NSE,STK,1448,INE102A01024,HLVLTD,EQ,,,,,HLV LIMITED,6.85,6.85,6.60,6.66,6.67,6.79,,6.66,,,167732,1127159.50,663,F1,1,,,,,
2026-09-17,2026-09-17,CM,NSE,STK,17053,INE0ECP01024,HMAAGRO,EQ,,,,,HMA AGRO INDUSTRIES LTD,23.04,23.57,22.60,23.08,23.01,23.04,,23.08,,,1986317,46136810.66,6493,F1,1,,,,,
2026-09-17,2026-09-17,CM,NSE,STK,19698,INE262A01018,HMT,BZ,,,,,HMT LTD -,62.00,62.00,60.75,60.82,61.44,61.79,,60.82,,,6548,401028.27,80,F1,1,,,,,
2026-09-17,2026-09-17,CM,NSE,STK,23826,INE0S6S01017,HOACFOODS,ST,,,,,HOAC FOODS INDIA LIMITED,859.60,859.60,859.60,859.60,859.60,877.10,,859.60,,,3750,3223500.00,6,F1,375,,,,,
2026-09-17,2026-09-17,CM,NSE,STK,18649,INE0LXA01019,HOLMARC,SM,,,,,HOLMARC OPTO MECHATRO L,110.00,110.00,110.00,110.00,110.00,110.00,,110.00,,,750,82500.00,1,F1,750,,,,,
2026-09-17,2026-09-17,CM,NSE,STK,2056,INE481N01025,HOMEFIRST,EQ,,,,,HOME FIRST FIN CO IND LTD,1166.00,1177.00,1163.40,1173.30,1175.00,1175.90,,1173.37,,,175024,204817176.10,8180,F1,1,,,,,
2026-09-17,2026-09-17,CM,NSE,STK,19813,INE0J5401028,HONASA,EQ,,,,,HONASA CONSUMER LIMITED,471.80,471.80,458.10,460.10,458.50,469.30,,460.11,,,530588,245914891.35,19437,F1,1,,,,,
2026-09-17,2026-09-17,CM,NSE,STK,3138,INE634A01018,HONDAPOWER,EQ,,,,,HONDA I POWER PRODUCT LTD,1939.90,1959.90,1910.00,1934.10,1945.00,1922.90,,1934.10,,,1924,3713148.60,418,F1,1,,,,,
2026-09-17,2026-09-17,CM,NSE,STK,3417,INE671A01010,HONAUT,EQ,,,,,HONEYWELL AUTOMATION IND,33730.00,34140.00,33730.00,33915.00,33965.00,33895.00,,33907.30,,,1049,35601515.00,821,F1,1,,,,,
2026-09-17,2026-09-17,CM,NSE,STK,765356,INE685T01010,HORIZONIND,EQ,,,,,HORIZON INDUSTRIAL PRKS L,52.90,53.20,52.00,52.17,52.10,52.91,,52.17,,,1812188,95190444.55,10075,F1,1,,,,,
2026-09-17,2026-09-17,CM,NSE,STK,17920,INE191I01012,HDIL,BZ,,,,,HOUSING DEV & INFRA LTD,1.47,1.50,1.45,1.47,1.48,1.47,,1.47,,,122704,180022.93,193,F1,1,,,,,
2026-09-17,2026-09-17,CM,NSE,STK,7376,INE0GSL01024,HPAL,EQ,,,,,HP ADHESIVES LIMITED,36.00,36.00,34.36,34.83,35.00,35.64,,34.84,,,37616,1311303.61,556,F1,1,,,,,
2026-09-17,2026-09-17,CM,NSE,STK,29875,INE0VA601019,HPTL,SM,,,,,HP TELECOM INDIA LIMITED,413.00,413.40,413.00,413.40,413.40,393.75,,413.40,,,15000,6200730.00,18,F1,600,,,,,
2026-09-17,2026-09-17,CM,NSE,STK,18679,INE495S01016,HPL,EQ,,,,,HPL ELECTRIC & POWER LTD,279.00,282.50,278.00,280.40,280.95,278.00,,280.41,,,55484,15531257.60,3380,F1,1,,,,,
2026-09-17,2026-09-17,CM,NSE,STK,21107,INE0R3501012,HRHNEXT,SM,,,,,HRH NEXT SERVICES LIMITED,25.55,25.55,25.55,25.55,25.55,24.40,,25.55,,,7500,191625.00,1,F1,1500,,,,,
2026-09-17,2026-09-17,CM,NSE,STK,761506,INF336L01RX2,HSBCGOLD,EQ,,,,,HSBCAMC - HSBCGOLD,131.51,132.00,129.05,130.65,130.56,131.51,,130.57,,,27776,3619818.85,96,F1,1,,,,,
2026-09-17,2026-09-17,CM,NSE,STK,20825,INE031A01017,HUDCO,EQ,,,,,HSG & URBAN DEV CORPN LTD,169.73,173.03,167.05,169.55,169.65,169.73,,169.55,,,2067656,350442747.81,25876,F1,1,,,,,
2026-09-17,2026-09-17,CM,NSE,STK,11979,INE501G01024,HTMEDIA,EQ,,,,,HT MEDIA LIMITED,23.60,24.50,22.90,24.00,24.02,22.99,,24.00,,,202958,4801063.00,543,F1,1,,,,,
2026-09-17,2026-09-17,CM,NSE,STK,14203,INE703H01016,HUBTOWN,EQ,,,,,HUBTOWN LIMITED,175.00,179.99,173.01,173.76,173.01,176.39,,173.62,,,279204,48885683.21,3177,F1,1,,,,,
2026-09-17,2026-09-17,CM,NSE,STK,2562,INE275B01026,HUHTAMAKI,EQ,,,,,HUHTAMAKI INDIA LIMITED,242.30,248.10,242.00,243.60,243.95,243.05,,243.60,,,92484,22604752.15,3328,F1,1,,,,,
2026-09-17,2026-09-17,CM,NSE,STK,25708,INE0TO501019,HVAX,SM,,,,,HVAX TECHNOLOGIES LIMITED,660.00,677.95,660.00,674.15,677.95,646.15,,674.15,,,1350,908670.00,9,F1,150,,,,,
2026-09-17,2026-09-17,CM,NSE,STK,765467,INE0LEG01024,HTEL,EQ,,,,,HY-TECH ENGINEERS LIMITED,75.71,76.70,68.22,72.05,71.90,74.21,,72.05,,,3416086,243600738.66,32683,F1,1,,,,,
2026-09-17,2026-09-17,CM,NSE,STK,12814,INE965B01022,HYBRIDFIN,BE,,,,,HYBRID FINANCIAL SERVICE,16.25,16.67,16.20,16.23,16.21,16.21,,16.23,,,1596,26221.06,20,F1,1,,,,,
2026-09-17,2026-09-17,CM,NSE,STK,25844,INE0V6F01027,HYUNDAI,EQ,,,,,HYUNDAI MOTOR INDIA LTD,2150.00,2232.10,2143.00,2160.00,2160.00,2155.00,,2160.02,,,686888,1504523552.10,33736,F1,1,,,,,
2026-09-17,2026-09-17,CM,NSE,STK,14086,INE204A01010,IGPL,EQ,,,,,I G PETROCHEMICALS LTD,536.90,557.70,534.75,554.55,554.90,533.30,,554.55,,,69270,38098670.95,3497,F1,1,,,,,
2026-09-17,2026-09-17,CM,NSE,STK,764718,INE684B01029,ISTLTD,EQ,,,,,I S T LTD.,650.00,687.90,650.00,683.90,674.45,650.00,,682.03,,,1403,947468.30,108,F1,1,,,,,
2026-09-17,2026-09-17,CM,NSE,STK,21348,INE0O7401018,IBLFL,SM,,,,,IBL FINANCE LIMITED,61.00,61.00,61.00,61.00,61.00,61.00,,61.00,,,2000,122000.00,1,F1,2000,,,,,
2026-09-17,2026-09-17,CM,NSE,STK,764064,INE0XE501015,ICELCO,SM,,,,,IC ELECTRICALS COMPANY L,115.30,125.40,115.10,121.50,121.50,117.00,,121.50,,,36000,4363680.00,18,F1,1200,,,,,
2026-09-17,2026-09-17,CM,NSE,STK,9610,INE613B01010,ICDSLTD,BE,,,,,ICDSLTD,60.53,60.53,57.52,58.80,58.15,60.53,,58.80,,,4947,295073.56,42,F1,1,,,,,
2026-09-17,2026-09-17,CM,NSE,STK,489,INE520Y01019,ICEMAKE,EQ,,,,,ICE MAKE REFRIGERAT LTD,676.00,689.70,664.90,668.90,670.10,671.80,,668.90,,,39574,26678792.40,7712,F1,1,,,,,
2026-09-17,2026-09-17,CM,NSE,STK,4963,INE090A01021,ICICIBANK,EQ,,,,,ICICI BANK LTD.,1352.00,1363.00,1347.60,1347.60,1347.60,1358.80,,1346.21,,,7867524,10651088194.20,119927,F1,1,,,,,
2026-09-17,2026-09-17,CM,NSE,STK,21770,INE765G01017,ICICIGI,EQ,,,,,ICICI LOMBARD GIC LIMITED,1440.00,1498.10,1435.50,1486.70,1486.70,1440.00,,1486.66,,,728137,1077656975.60,28745,F1,1,,,,,
2026-09-17,2026-09-17,CM,NSE,STK,21254,INF109KC19U5,LOWVOLIETF,EQ,,,,,ICICI PR NIF LW VL 30 ETF,21.71,21.71,21.29,21.36,21.31,21.28,,21.36,,,472478,10094161.50,954,F1,1,,,,,
2026-09-17,2026-09-17,CM,NSE,STK,18652,INE726G01019,ICICIPRULI,EQ,,,,,ICICI PRU LIFE INS CO LTD,470.00,496.90,468.75,490.50,490.50,470.00,,490.53,,,2550650,1246891207.70,88022,F1,1,,,,,
2026-09-17,2026-09-17,CM,NSE,STK,17702,INF109KC10W0,MIDSELIETF,EQ,,,,,ICICI PRUD MIDCAP SEL ETF,19.28,19.50,19.26,19.43,19.34,19.31,,19.43,,,408836,7951363.64,492,F1,1,,,,,
2026-09-17,2026-09-17,CM,NSE,STK,30392,INF109KC16V9,NIF100IETF,EQ,,,,,ICICI PRUD NIFTY 100 ETF,27.17,27.34,27.11,27.30,27.31,27.19,,27.30,,,47616,1298993.32,1120,F1,1,,,,,
2026-09-17,2026-09-17,CM,NSE,STK,29553,INF109K012R6,NIFTYIETF,EQ,,,,,ICICI PRUD NIFTY ETF,264.47,265.34,263.05,264.67,265.25,263.67,,264.68,,,254440,67310763.64,8841,F1,1,,,,,
2026-09-17,2026-09-17,CM,NSE,STK,4378,INF346A01034,SENSEXIETF,EQ,,,,,ICICI PRUD SENSEX ETF,851.86,859.76,851.86,855.42,855.10,856.15,,855.57,,,5540,4743048.10,369,F1,1,,,,,
2026-09-17,2026-09-17,CM,NSE,STK,760407,INE346A01027,ICICIAMC,EQ,,,,,ICICI PRUDENTIAL AMC LTD,3070.50,3108.80,3022.00,3098.00,3085.00,3086.30,,3097.95,,,245387,752061856.70,25418,F1,1,,,,,
2026-09-17,2026-09-17,CM,NSE,STK,19679,INF109KC1NT3,GOLDIETF,EQ,,,,,ICICI PRUDENTIAL GOLD ETF,128.87,129.44,128.09,128.97,128.84,129.44,,128.97,,,6497359,837430410.75,24703,F1,1,,,,,
2026-09-17,2026-09-17,CM,NSE,STK,17475,INF109KC11V0,NV20IETF,EQ,,,,,ICICI PRUDENTIAL NV20 ETF,13.32,13.32,13.12,13.22,13.27,13.19,,13.22,,,337403,4458310.44,1586,F1,1,,,,,
2026-09-17,2026-09-17,CM,NSE,STK,522,INF109KB15Y7,ICICIB22,EQ,,,,,ICICIPRAMC - BHARATIWIN,111.00,112.63,110.20,112.00,111.70,111.78,,112.00,,,130930,14696201.40,2210,F1,1,,,,,
2026-09-17,2026-09-17,CM,NSE,STK,30139,INF109K1A021,CASHIETF,EQ,,,,,ICICIPRAMC - CASHIETF,1079.65,1079.84,1079.65,1079.83,1079.82,1079.68,,1079.83,,,228889,247162879.15,153,F1,1,,,,,
2026-09-17,2026-09-17,CM,NSE,STK,755881,INF109K1A153,EVIETF,EQ,,,,,ICICIPRAMC - EVIETF,31.75,32.49,31.41,31.71,31.92,31.84,,31.71,,,143068,4537559.92,686,F1,1,,,,,
2026-09-17,2026-09-17,CM,NSE,STK,13143,INF109KC18O0,GSEC10IETF,EQ,,,,,ICICIPRAMC - ICICI10GS,263.89,263.89,263.89,263.89,263.89,262.20,,263.89,,,53,13986.17,4,F1,1,,,,,
2026-09-17,2026-09-17,CM,NSE,STK,3001,INF109KC1V59,BSE500IETF,EQ,,,,,ICICIPRAMC - ICICI500,38.20,38.51,38.02,38.45,38.40,38.20,,38.45,,,79176,3039114.78,942,F1,1,,,,,
2026-09-17,2026-09-17,CM,NSE,STK,8342,INF109KC14A8,GSEC5IETF,EQ,,,,,ICICIPRAMC - ICICI5GSEC,65.28,66.46,65.28,66.14,65.62,65.62,,66.14,,,2564,169506.94,31,F1,1,,,,,
2026-09-17,2026-09-17,CM,NSE,STK,22344,INF109KC17V7,ALPL30IETF,EQ,,,,,ICICIPRAMC - ICICIALPLV,26.94,27.21,26.90,27.01,26.93,26.96,,27.01,,,894010,24126410.80,708,F1,1,,,,,
2026-09-17,2026-09-17,CM,NSE,STK,7844,INF109KC10V2,AUTOIETF,EQ,,,,,ICICIPRAMC - ICICIAUTO,27.92,28.37,27.80,28.30,28.36,27.97,,28.30,,,752124,21253144.08,1355,F1,1,,,,,
2026-09-17,2026-09-17,CM,NSE,STK,11386,INF109KC18U7,PVTBANIETF,EQ,,,,,ICICIPRAMC - ICICIBANKP,27.73,27.97,27.51,27.58,27.62,27.94,,27.58,,,2030986,56055718.44,1584,F1,1,,,,,
2026-09-17,2026-09-17,CM,NSE,STK,13198,INF109KC19O8,COMMOIETF,EQ,,,,,ICICIPRAMC - ICICICOMMO,96.24,97.43,96.24,97.15,97.43,96.56,,97.15,,,23268,2250950.32,1197,F1,1,,,,,
2026-09-17,2026-09-17,CM,NSE,STK,6446,INF109KC1V42,CONSUMIETF,EQ,,,,,ICICIPRAMC - ICICICONSU,118.00,121.00,118.00,119.86,119.31,117.91,,119.85,,,13540,1615991.17,107,F1,1,,,,,
2026-09-17,2026-09-17,CM,NSE,STK,5306,INF109KC19V3,FMCGIETF,EQ,,,,,ICICIPRAMC - ICICIFMCG,49.95,49.95,48.75,49.12,49.31,49.14,,49.12,,,973192,47841621.79,3032,F1,1,,,,,
2026-09-17,2026-09-17,CM,NSE,STK,10723,INF109KC16E5,INFRAIETF,EQ,,,,,ICICIPRAMC - ICICIINFRA,92.21,92.62,91.95,92.30,92.00,91.87,,92.30,,,356586,32973635.90,2488,F1,1,,,,,
2026-09-17,2026-09-17,CM,NSE,STK,4838,INF109KC1KT9,LIQUIDIETF,EQ,,,,,ICICIPRAMC - ICICILIQ,1000.01,1000.01,999.99,999.99,1000.00,999.99,,999.99,,,368412,368411912.52,139,F1,1,,,,,
2026-09-17,2026-09-17,CM,NSE,STK,17152,INF109KC11W8,MIDCAPIETF,EQ,,,,,ICICIPRAMC - ICICIM150,22.64,23.50,22.64,23.41,23.43,23.23,,23.41,,,576797,13471980.04,1792,F1,1,,,,,
2026-09-17,2026-09-17,CM,NSE,STK,10585,INF109KC17C7,MOM30IETF,EQ,,,,,ICICIPRAMC - ICICIMOM30,30.47,30.84,30.24,30.75,30.84,30.34,,30.75,,,432970,13257640.56,1134,F1,1,,,,,
2026-09-17,2026-09-17,CM,NSE,STK,4529,INF109KC1NS5,NEXT50IETF,EQ,,,,,ICICIPRAMC - ICICINXT50,73.33,75.33,73.33,75.30,75.20,74.61,,75.30,,,369232,27705281.11,3561,F1,1,,,,,
2026-09-17,2026-09-17,CM,NSE,STK,3626,INF109KC1Q72,HEALTHIETF,EQ,,,,,ICICIPRAMC - ICICIPHARM,166.98,172.00,165.31,170.03,170.44,166.98,,170.01,,,169749,28736172.31,1106,F1,1,,,,,
2026-09-17,2026-09-17,CM,NSE,STK,17808,INF109KC18V5,QUAL30IETF,EQ,,,,,ICICIPRAMC - ICICIQTY30,20.33,20.45,20.25,20.38,20.45,20.27,,20.38,,,23099,469971.80,130,F1,1,,,,,
2026-09-17,2026-09-17,CM,NSE,STK,7942,INF109KC1Y56,SILVERIETF,EQ,,,,,ICICIPRAMC - ICICISILVE,226.20,227.28,224.70,226.19,226.30,228.08,,226.19,,,2238306,505767767.20,11285,F1,1,,,,,
2026-09-17,2026-09-17,CM,NSE,STK,22365,INF109KC16I6,ITIETF,EQ,,,,,ICICIPRAMC - ICICITECH,32.24,32.70,32.04,32.46,32.45,32.27,,32.46,,,298904,9646305.07,1021,F1,1,,,,,
2026-09-17,2026-09-17,CM,NSE,STK,764364,INF109K1A567,INSUREIETF,EQ,,,,,ICICIPRAMC - INSUREIETF,14.72,15.31,14.69,15.09,15.06,14.73,,15.09,,,1516024,22974144.28,190,F1,1,,,,,
2026-09-17,2026-09-17,CM,NSE,STK,11037,INF109KC15I8,BANKIETF,EQ,,,,,ICICIPRAMC - IPRU5008,57.56,58.18,57.56,57.80,58.02,57.75,,57.80,,,2307654,132987932.26,1530,F1,1,,,,,
2026-09-17,2026-09-17,CM,NSE,STK,24861,INF109KC19W1,METALIETF,EQ,,,,,ICICIPRAMC - METALIETF,12.88,12.99,12.81,12.97,12.99,12.85,,12.97,,,2907242,37568828.45,6744,F1,1,,,,,
2026-09-17,2026-09-17,CM,NSE,STK,24533,INF109KC18W3,OILIETF,EQ,,,,,ICICIPRAMC - OILIETF,11.06,11.11,11.00,11.02,11.04,11.06,,11.02,,,9119991,100592315.09,2319,F1,1,,,,,
2026-09-17,2026-09-17,CM,NSE,STK,14584,INF109KC10S8,PSUBNKIETF,EQ,,,,,ICICIPRAMC - PSUBANKICI,84.16,85.10,83.58,83.83,84.21,83.70,,83.82,,,43257,3639150.68,667,F1,1,,,,,
2026-09-17,2026-09-17,CM,NSE,STK,754612,INF109K1A476,SMALLIETF,EQ,,,,,ICICIPRAMC - SMALLIETF,17.40,18.18,17.40,18.09,18.01,17.93,,18.09,,,67545,1217749.96,72,F1,1,,,,,
2026-09-17,2026-09-17,CM,NSE,STK,757781,INF109K1A344,TOP15IETF,EQ,,,,,ICICIPRAMC - TOP15IETF,9.53,9.70,9.46,9.56,9.55,9.50,,9.56,,,31445,299411.45,226,F1,1,,,,,
2026-09-17,2026-09-17,CM,NSE,STK,25851,INF109KC16X5,VAL30IETF,EQ,,,,,ICICIPRAMC - VAL30IETF,14.80,14.92,14.78,14.88,14.90,14.80,,14.88,,,158592,2356031.48,289,F1,1,,,,,
2026-09-17,2026-09-17,CM,NSE,STK,12578,INF109KC17L8,FINIETF,EQ,,,,,ICICIPRAMC-ICICIFIN,31.70,32.05,31.60,31.93,32.04,31.61,,31.93,,,250140,7979240.72,873,F1,1,,,,,
2026-09-17,2026-09-17,CM,NSE,STK,14523,INE725G01011,ICRA,EQ,,,,,ICRA LIMITED,4620.00,4634.20,4575.00,4584.60,4580.00,4610.00,,4584.56,,,23752,109211628.60,8921,F1,1,,,,,
2026-09-17,2026-09-17,CM,NSE,STK,1476,INE008A01015,IDBI,EQ,,,,,IDBI BANK LIMITED,82.70,83.60,81.60,81.89,81.94,82.95,,81.89,,,6835313,562388420.83,24871,F1,1,,,,,
2026-09-17,2026-09-17,CM,NSE,STK,17140,INE349Y01013,IDEAFORGE,EQ,,,,,IDEAFORGE TECHNO LTD,709.00,732.00,705.55,717.95,712.60,702.35,,717.96,,,163153,117662923.75,10693,F1,1,,,,,
2026-09-17,2026-09-17,CM,NSE,STK,24950,INE0T9I01011,IDEALTECHO,SM,,,,,IDEAL TECHNOPLAST IND LTD,93.55,99.00,92.80,92.80,92.80,116.00,,92.80,,,10000,947750.00,9,F1,1000,,,,,
2026-09-17,2026-09-17,CM,NSE,STK,28574,INE0TD101011,IDENTICAL,SM,,,,,IDENTICAL BRAINS STUDIO L,18.00,18.00,18.00,18.00,18.00,18.00,,18.00,,,2000,36000.00,1,F1,2000,,,,,
2026-09-17,2026-09-17,CM,NSE,STK,11184,INE092T01019,IDFCFIRSTB,EQ,,,,,IDFC FIRST BANK LIMITED,84.75,86.49,84.53,86.33,86.33,85.01,,86.33,,,16998554,1457065873.91,45543,F1,1,,,,,
2026-09-17,2026-09-17,CM,NSE,STK,1482,INE076C01018,IFBAGRO,EQ,,,,,IFB AGRO INDUSTRIES LTD,861.80,873.60,855.00,865.15,865.00,861.40,,865.02,,,1829,1573417.90,157,F1,1,,,,,
2026-09-17,2026-09-17,CM,NSE,STK,1485,INE559A01017,IFBIND,EQ,,,,,IFB INDUSTRIES LTD,1249.00,1261.80,1209.60,1217.90,1219.00,1241.90,,1217.92,,,39470,48450440.40,4840,F1,1,,,,,
2026-09-17,2026-09-17,CM,NSE,STK,1491,INE039A01010,IFCI,EQ,,,,,IFCI LTD,75.21,80.97,75.21,77.09,77.05,75.06,,77.09,,,176897944,13756449045.17,419942,F1,1,,,,,
2026-09-17,2026-09-17,CM,NSE,STK,436,INE133Y01011,IFGLEXPOR,EQ,,,,,IFGL REFRACTORIES LIMITED,198.27,204.97,196.11,197.64,196.93,198.27,,197.61,,,25285,5069139.90,1083,F1,1,,,,,
2026-09-17,2026-09-17,CM,NSE,STK,634,INE188B01013,IGARASHI,EQ,,,,,IGARASHI MOTORS INDIA LTD,428.00,436.90,426.00,428.80,428.00,428.40,,428.79,,,91945,39619413.50,4054,F1,1,,,,,
2026-09-17,2026-09-17,CM,NSE,STK,761118,INE530B07633,865IIFL31,Y6,,,,,IIFL 8.65% TR I SR III,971.01,971.01,971.01,971.01,971.01,970.00,,971.01,,,39,37869.39,1,F1,1,,,,,
2026-09-17,2026-09-17,CM,NSE,STK,13072,INE489L01022,IIFLCAPS,EQ,,,,,IIFL CAPITAL SERVICES LTD,335.05,337.85,335.05,336.95,337.00,335.60,,336.94,,,138772,46739818.80,7317,F1,1,,,,,
2026-09-17,2026-09-17,CM,NSE,STK,11809,INE530B01024,IIFL,EQ,,,,,IIFL FINANCE LIMITED,585.00,604.90,585.00,596.55,594.70,585.70,,596.55,,,2722029,1621703786.70,58170,F1,1,,,,,
2026-09-17,2026-09-17,CM,NSE,STK,756142,INE530B07526,IIFL21425,NY,,,,,IIFL TR I SR IV,1125.00,1125.00,1125.00,1125.00,1125.00,1125.00,,1125.00,,,6,6750.00,1,F1,1,,,,,
2026-09-17,2026-09-17,CM,NSE,STK,761124,INE530B07641,IIFL06326,YC,,,,,IIFL TR I SR IX,990.01,1004.99,990.01,1004.99,1004.99,990.01,,1004.00,,,800,793506.00,2,F1,1,,,,,
2026-09-17,2026-09-17,CM,NSE,STK,16822,INE0LOJ01019,IKIO,EQ,,,,,IKIO TECHNOLOGIES LIMITED,201.90,207.89,201.90,205.83,206.10,202.78,,205.83,,,193161,39758048.68,4135,F1,1,,,,,
2026-09-17,2026-09-17,CM,NSE,STK,9380,INE369I01014,IL&FSENGG,BZ,,,,,IL&FS ENG AND CONS CO LTD,39.97,40.05,39.00,39.00,39.00,39.93,,39.00,,,32441,1284926.34,48,F1,1,,,,,
2026-09-17,2026-09-17,CM,NSE,STK,6711,INE050B01023,IVC,EQ,,,,,IL&FS INVESTMENT MANAGERS,7.95,7.95,7.64,7.85,7.88,7.76,,7.85,,,264012,2064797.14,803,F1,1,,,,,
2026-09-17,2026-09-17,CM,NSE,STK,9381,INE975G01012,IL&FSTRANS,BZ,,,,,IL&FS TRANS NET LTD,1.95,1.98,1.87,1.91,1.91,1.95,,1.91,,,92978,176435.49,87,F1,1,,,,,
2026-09-17,2026-09-17,CM,NSE,STK,7672,INE172N01012,IMAGICAA,EQ,,,,,IMAGICAAWORLD ENT LTD,53.30,53.32,50.70,51.18,51.00,52.99,,51.18,,,1598718,82397327.56,9478,F1,1,,,,,
2026-09-17,2026-09-17,CM,NSE,STK,25881,INE691G01015,IMPEXFERRO,BZ,,,,,IMPEX FERRO TECH LIMITED,5.48,5.48,5.48,5.48,5.48,5.38,,5.48,,,27947,153149.56,44,F1,1,,,,,
2026-09-17,2026-09-17,CM,NSE,STK,17507,INE452L01012,INCREDIBLE,EQ,,,,,INCREDIBLE INDUSTRIES LTD,32.50,34.89,32.03,33.31,33.65,32.79,,33.32,,,2277,76547.38,138,F1,1,,,,,
2026-09-17,2026-09-17,CM,NSE,STK,12009,INE547E01014,IMPAL,EQ,,,,,IND MOTOR PART & ACC LTD,1065.00,1095.90,1064.10,1077.70,1081.50,1065.00,,1077.81,,,1046,1124806.00,151,F1,1,,,,,
2026-09-17,2026-09-17,CM,NSE,STK,4870,INE915B01019,INDSWFTLAB,EQ,,,,,IND SWIFT LABORATORIES LT,362.55,386.20,362.45,378.25,379.70,363.90,,378.21,,,545009,206611414.90,12185,F1,1,,,,,
2026-09-17,2026-09-17,CM,NSE,STK,21957,INE611L01021,INDTERRAIN,EQ,,,,,IND TERRAIN FASHIONS LTD,30.50,30.50,28.50,28.90,28.99,30.29,,28.90,,,75171,2171937.41,587,F1,1,,,,,
2026-09-17,2026-09-17,CM,NSE,STK,16933,INE841B01017,INDBANK,EQ,,,,,INDBANK MERCH BANK,26.20,26.22,25.50,25.66,25.89,25.68,,25.66,,,31098,801535.25,439,F1,1,,,,,
2026-09-17,2026-09-17,CM,NSE,STK,29678,INE0O9T01021,BAJAJINDEF,EQ,,,,,INDEF MANUFACTURING LTD,215.08,222.08,214.96,221.00,222.08,215.36,,220.86,,,9241,2030658.75,322,F1,1,,,,,
2026-09-17,2026-09-17,CM,NSE,STK,23693,INE065X01017,INDGN,EQ,,,,,INDEGENE LIMITED,572.90,594.20,568.80,591.75,590.00,573.20,,591.74,,,272889,159914092.30,15544,F1,1,,,,,
2026-09-17,2026-09-17,CM,NSE,STK,1521,INE560A01023,INDIAGLYCO,EQ,,,,,INDIA GLYCOLS LTD,255.40,268.90,245.00,248.70,250.00,266.20,,248.74,,,924594,234362642.30,16343,F1,1,,,,,
2026-09-17,2026-09-17,CM,NSE,STK,4747,INE092B01025,INDNIPPON,EQ,,,,,INDIA NIPPON ELECT  LTD,1231.00,1308.80,1231.00,1262.10,1256.00,1240.50,,1262.21,,,83039,105758930.80,9809,F1,1,,,,,
2026-09-17,2026-09-17,CM,NSE,STK,4934,INE0D6701023,IPL,EQ,,,,,INDIA PESTICIDES LIMITED,135.02,139.95,135.02,138.69,139.38,137.77,,138.68,,,827932,113939011.37,10341,F1,1,,,,,
2026-09-17,2026-09-17,CM,NSE,STK,20556,INE922K01024,INDIASHLTR,EQ,,,,,INDIA SHELTER FIN CORP L,655.00,676.90,655.00,670.20,673.70,661.60,,670.20,,,90331,60536577.25,7212,F1,1,,,,,
2026-09-17,2026-09-17,CM,NSE,STK,19299,INE353K01014,ITDC,EQ,,,,,INDIA TOUR. DEV. CO. LTD.,657.90,670.90,654.60,662.70,660.00,656.75,,662.80,,,91658,60656711.10,6629,F1,1,,,,,
2026-09-17,2026-09-17,CM,NSE,STK,24999,INE126M01010,IBULLSLTD,EQ,,,,,INDIABULLS LIMITED,28.70,30.18,28.31,29.65,29.51,28.79,,29.65,,,30372525,900880795.61,27873,F1,1,,,,,
2026-09-17,2026-09-17,CM,NSE,STK,10726,INE933S01016,INDIAMART,EQ,,,,,INDIAMART INTERMESH LTD,1707.90,1718.80,1652.00,1662.70,1654.00,1706.30,,1662.72,,,82888,139001250.00,13125,F1,1,,,,,
2026-09-17,2026-09-17,CM,NSE,STK,14309,INE562A01011,INDIANB,EQ,,,,,INDIAN BANK,842.00,856.40,839.00,840.50,840.50,840.00,,840.50,,,539598,456486662.30,23208,F1,1,,,,,
2026-09-17,2026-09-17,CM,NSE,STK,4422,INE061A01014,INDIANCARD,EQ,,,,,INDIAN CARD CLOTHING CO.,225.00,225.00,208.01,209.00,209.00,214.96,,209.00,,,374,79556.17,33,F1,1,,,,,
2026-09-17,2026-09-17,CM,NSE,STK,23792,INE0RRU01016,IEML,ST,,,,,INDIAN EMULSIFIERS LTD,41.60,41.70,40.15,41.35,41.50,41.20,,41.35,,,65000,2651775.00,35,F1,500,,,,,
2026-09-17,2026-09-17,CM,NSE,STK,220,INE022Q01020,IEX,EQ,,,,,INDIAN ENERGY EXC LTD,111.82,113.85,111.61,113.40,113.40,112.00,,113.45,,,2083997,235696568.05,24781,F1,1,,,,,
2026-09-17,2026-09-17,CM,NSE,STK,1530,INE323C01030,INDIANHUME,EQ,,,,,INDIAN HUME PIPE CO. LTD.,349.85,361.00,349.85,354.85,354.00,349.00,,354.86,,,39998,14251932.80,1574,F1,1,,,,,
2026-09-17,2026-09-17,CM,NSE,STK,19235,INE919H01018,IMFA,EQ,,,,,INDIAN METALS & FERRO,1241.50,1295.90,1241.50,1273.70,1266.00,1246.10,,1273.68,,,89810,114354674.70,9234,F1,1,,,,,
2026-09-17,2026-09-17,CM,NSE,STK,1624,INE242A01010,IOC,EQ,,,,,INDIAN OIL CORP LTD,134.90,135.33,134.00,134.27,134.27,134.75,,134.27,,,5640680,758457328.96,55608,F1,1,,,,,
2026-09-17,2026-09-17,CM,NSE,STK,9348,INE565A01014,IOB,EQ,,,,,INDIAN OVERSEAS BANK,32.00,32.50,32.00,32.10,32.10,32.09,,32.10,,,1111582,35765052.78,7881,F1,1,,,,,
2026-09-17,2026-09-17,CM,NSE,STK,25033,INE0DHF01018,IPHL,SM,,,,,INDIAN PHOSPHATE LIMITED,72.40,72.40,71.00,71.05,71.05,72.55,,71.05,,,9600,684180.00,7,F1,1200,,,,,
2026-09-17,2026-09-17,CM,NSE,STK,13611,INE335Y01020,IRCTC,EQ,,,,,INDIAN RAIL TOUR CORP LTD,454.00,458.40,452.15,457.00,457.90,452.95,,457.02,,,413859,188874784.40,19096,F1,1,,,,,
2026-09-17,2026-09-17,CM,NSE,STK,2029,INE053F01010,IRFC,EQ,,,,,INDIAN RAILWAY FIN CORP L,79.30,79.92,78.65,79.31,79.31,78.95,,79.31,,,6486276,513657838.81,38241,F1,1,,,,,
2026-09-17,2026-09-17,CM,NSE,STK,20261,INE202E01016,IREDA,EQ,,,,,INDIAN RENEWABLE ENERGY,108.38,109.74,108.13,108.99,108.99,108.40,,108.99,,,2634033,287398372.75,19493,F1,1,,,,,
2026-09-17,2026-09-17,CM,NSE,STK,762727,INE586E01020,IWP,EQ,,,,,INDIAN WOOD PRODUCTS CO L,34.50,35.95,34.50,34.71,34.71,34.50,,34.71,,,8869,312399.51,186,F1,1,,,,,
2026-09-17,2026-09-17,CM,NSE,STK,21058,INE0PS301014,INDIFRA,SM,,,,,INDIFRA LIMITED,12.25,12.25,12.25,12.25,12.25,12.85,,12.25,,,2000,24500.00,1,F1,2000,,,,,
2026-09-17,2026-09-17,CM,NSE,STK,2048,INE09VQ01012,INDIGOPNTS,EQ,,,,,INDIGO PAINTS LIMITED,1075.20,1106.50,1075.20,1098.90,1090.00,1081.60,,1098.92,,,37930,41421846.20,6280,F1,1,,,,,
2026-09-17,2026-09-17,CM,NSE,STK,20988,INE219X23014,INDIGRID,IV,,,,,INDIGRID INFRASTRUCT TRST,173.99,174.98,172.37,173.12,173.00,173.32,,173.14,,,378343,65581554.76,9448,F1,1,,,,,
2026-09-17,2026-09-17,CM,NSE,STK,757845,INE06ST01018,INDIQUBE,EQ,,,,,INDIQUBE SPACES LIMITED,200.17,208.00,197.18,202.45,200.00,200.15,,202.44,,,77034,15556354.29,1879,F1,1,,,,,
2026-09-17,2026-09-17,CM,NSE,STK,9120,INE760F01028,INDOAMIN,BE,,,,,INDO AMINES LIMITED,122.50,125.00,121.25,123.57,124.98,123.06,,123.55,,,26463,3269399.42,192,F1,1,,,,,
2026-09-17,2026-09-17,CM,NSE,STK,8614,INE803D01021,INDOBORAX,EQ,,,,,INDO BORAX & CHEMICAL LTD,472.00,479.00,464.30,466.75,465.85,470.30,,466.71,,,49008,23069898.25,3268,F1,1,,,,,
2026-09-17,2026-09-17,CM,NSE,STK,11987,INE483B01026,ICIL,EQ,,,,,INDO COUNT INDUSTRIES LTD,431.95,440.30,428.15,435.50,434.00,431.95,,435.52,,,467590,202525488.05,15235,F1,1,,,,,
2026-09-17,2026-09-17,CM,NSE,STK,29025,INE622H01018,INDOFARM,EQ,,,,,INDO FARM EQUIPMENT LTD,132.90,138.90,132.76,135.07,135.30,132.92,,135.07,,,148699,20239130.13,2500,F1,1,,,,,
2026-09-17,2026-09-17,CM,NSE,STK,10993,INE156A01020,INDORAMA,EQ,,,,,INDO RAMA SYNTHETICS LTD,85.46,91.40,84.50,89.19,89.00,85.60,,89.19,,,1774157,157712282.41,19581,F1,1,,,,,
2026-09-17,2026-09-17,CM,NSE,STK,13275,INE332H01014,INDOTECH,EQ,,,,,INDO TECH TRANSFORM LTD.,3355.00,3470.70,3328.00,3411.40,3415.00,3373.30,,3411.29,,,8711,29821996.90,2417,F1,1,,,,,
2026-09-17,2026-09-17,CM,NSE,STK,25608,INE337M01021,INDOTHAI,EQ,,,,,INDO THAI SEC LTD,35.32,38.00,35.32,35.32,35.32,37.17,,35.33,,,4917046,176135291.15,8572,F1,1,,,,,
2026-09-17,2026-09-17,CM,NSE,STK,25503,INE250Z01010,INDOUS,EQ,,,,,INDO US BIOTECH LTD,78.92,81.56,77.55,79.34,79.60,77.16,,79.34,,,5325,423186.07,228,F1,1,,,,,
2026-09-17,2026-09-17,CM,NSE,STK,764301,INE084101034,INDOMIM,EQ,,,,,INDO-MIM LIMITED,955.00,1008.00,946.10,993.20,990.90,946.10,,993.21,,,2152019,2118357488.90,78483,F1,1,,,,,
2026-09-17,2026-09-17,CM,NSE,STK,6782,INE567A01028,NIPPOBATRY,EQ,,,,,INDO-NATIONAL LIMITED,317.25,322.90,312.95,315.20,314.70,323.55,,315.38,,,2222,702575.65,141,F1,1,,,,,
2026-09-17,2026-09-17,CM,NSE,STK,11677,INE873D01024,INDOCO,EQ,,,,,INDOCO REMEDIES LTD.,254.00,259.65,251.47,254.44,253.64,254.00,,254.44,,,288596,73713372.64,7768,F1,1,,,,,
2026-09-17,2026-09-17,CM,NSE,STK,757801,INE05J901018,IGCL,EQ,,,,,INDOGULF CROPSCIENCES LTD,66.00,67.00,65.05,66.22,66.05,65.27,,66.22,,,69026,4551731.71,1755,F1,1,,,,,
2026-09-17,2026-09-17,CM,NSE,STK,764708,INE716F01012,INDOKEM,EQ,,,,,INDOKEM LTD.,600.00,666.90,600.00,643.15,638.70,606.55,,644.21,,,28640,18332784.90,1134,F1,1,,,,,
2026-09-17,2026-09-17,CM,NSE,STK,19955,INE866K01023,WAAREEINDO,EQ,,,,,INDOSOLAR LIMITED,248.00,259.25,244.50,258.80,259.25,246.95,,258.78,,,171850,43524854.60,2802,F1,1,,,,,
2026-09-17,2026-09-17,CM,NSE,STK,3088,INE896L01010,INDOSTAR,EQ,,,,,INDOSTAR CAPITAL FIN LTD,228.76,235.44,225.00,229.49,227.00,226.17,,229.49,,,86324,19772758.92,1984,F1,1,,,,,
2026-09-17,2026-09-17,CM,NSE,STK,14952,INE227G01018,INDOWIND,EQ,,,,,INDOWIND ENERGY LTD,9.09,9.09,8.83,8.93,8.83,8.95,,8.93,,,60616,545677.47,325,F1,1,,,,,
2026-09-17,2026-09-17,CM,NSE,STK,11262,INE203G01027,IGL,EQ,,,,,INDRAPRASTHA GAS LTD,148.66,149.67,147.90,148.67,148.49,148.77,,148.67,,,876042,130267733.98,28827,F1,1,,,,,
2026-09-17,2026-09-17,CM,NSE,STK,4751,INE681B01017,INDRAMEDCO,EQ,,,,,INDRAPRASTHA MEDICAL CORP,358.00,367.60,356.00,363.65,363.25,356.55,,363.63,,,161344,58660541.80,6303,F1,1,,,,,
2026-09-17,2026-09-17,CM,NSE,STK,23036,INE0NHL23019,INDUSINVIT,IV,,,,,INDUS INFRA TRUST,131.90,132.82,131.47,131.94,131.95,131.47,,131.94,,,71291,9414937.23,4861,F1,1,,,,,
2026-09-17,2026-09-17,CM,NSE,STK,29135,INE121J01017,INDUSTOWER,EQ,,,,,INDUS TOWERS LIMITED,377.10,384.75,377.10,381.35,381.35,375.60,,381.35,,,3756136,1430224092.70,45600,F1,1,,,,,
2026-09-17,2026-09-17,CM,NSE,STK,5258,INE095A01012,INDUSINDBK,EQ,,,,,INDUSIND BANK LIMITED,946.00,970.70,945.20,958.20,958.20,946.50,,958.20,,,3973540,3820705836.00,65893,F1,1,,,,,
2026-09-17,2026-09-17,CM,NSE,STK,762717,INE620D01011,INDPRUD,EQ,,,,,INDUSTRIAL & PRU INV CO L,6250.00,6280.50,6125.00,6273.50,6275.00,6240.00,,6296.24,,,12,74722.50,9,F1,1,,,,,
2026-09-17,2026-09-17,CM,NSE,STK,19525,INE886A01014,IITL,EQ,,,,,INDUSTRIAL INV TRUST LTD,148.80,150.14,146.01,148.03,149.94,147.77,,148.03,,,92382,13777694.53,565,F1,1,,,,,
2026-09-17,2026-09-17,CM,NSE,STK,15036,INE0MRE01011,INFINIUM,SM,,,,,INFINIUM PHARMACHEM LTD,278.50,278.50,278.50,278.50,278.50,268.00,,278.50,,,500,139250.00,1,F1,500,,,,,
2026-09-17,2026-09-17,CM,NSE,STK,757602,INE0MYZ01012,INFLUX,SM,,,,,INFLUX HEALTHTECH LIMITED,274.00,284.00,274.00,283.95,284.00,274.00,,283.95,,,9600,2679150.00,16,F1,600,,,,,
2026-09-17,2026-09-17,CM,NSE,STK,13751,INE663F01032,NAUKRI,EQ,,,,,INFO EDGE (I) LTD,1247.00,1283.10,1242.80,1265.00,1265.00,1256.00,,1265.00,,,970996,1234293564.20,38658,F1,1,,,,,
2026-09-17,2026-09-17,CM,NSE,STK,11027,INE344S01016,INFOBEAN,EQ,,,,,INFOBEANS TECHNO. LTD.,151.28,151.95,149.15,150.41,149.62,150.98,,150.41,,,155586,23400933.86,2455,F1,1,,,,,
2026-09-17,2026-09-17,CM,NSE,STK,16588,INE0NNZ01013,INFOLLION,SM,,,,,INFOLLION RESEARCH SER L,155.90,156.95,152.00,156.50,156.95,155.90,,156.50,,,8800,1359220.00,19,F1,400,,,,,
2026-09-17,2026-09-17,CM,NSE,STK,13693,INE669A01022,INFOMEDIA,EQ,,,,,INFOMEDIA PRESS LIMITED,5.49,5.70,5.13,5.29,5.42,5.50,,5.29,,,28410,155353.02,72,F1,1,,,,,
2026-09-17,2026-09-17,CM,NSE,STK,1594,INE009A01021,INFY,EQ,,,,,INFOSYS LIMITED,1054.90,1063.60,1048.60,1058.60,1058.60,1060.00,,1057.97,,,5469865,5773984143.00,91857,F1,1,,,,,
2026-09-17,2026-09-17,CM,NSE,STK,1597,INE177A01018,INGERRAND,EQ,,,,,INGERSOLL-RAND INDIA LTD,4261.90,4351.90,4211.00,4225.20,4211.00,4261.90,,4225.32,,,21488,91577429.70,4753,F1,1,,,,,
2026-09-17,2026-09-17,CM,NSE,STK,25323,INE0S1D01010,INNOMET,ST,,,,,INNOMET ADVANCED MATERI L,289.00,289.00,283.75,283.75,283.75,289.50,,283.75,,,13200,3764400.00,19,F1,600,,,,,
2026-09-17,2026-09-17,CM,NSE,STK,21062,INE0DUT01020,INNOVACAP,EQ,,,,,INNOVA CAPTAB LIMITED,1125.00,1163.90,1125.00,1149.50,1146.00,1133.40,,1149.56,,,33762,38953524.30,8574,F1,1,,,,,
2026-09-17,2026-09-17,CM,NSE,STK,27754,INE403Y01018,INNOVANA,EQ,,,,,INNOVANA THINKLABS LTD,319.00,319.00,296.30,298.95,300.00,301.30,,299.08,,,42632,12792285.55,1007,F1,1,,,,,
2026-09-17,2026-09-17,CM,NSE,STK,761528,INE0ADB01012,INNOVISION,EQ,,,,,INNOVISION LIMITED,252.50,257.90,252.50,254.45,256.40,255.45,,254.46,,,10819,2755602.80,659,F1,1,,,,,
2026-09-17,2026-09-17,CM,NSE,STK,12188,INE510W01014,INOXGREEN,EQ,,,,,INOX GREEN ENERGY SER LTD,172.00,175.94,172.00,174.64,174.75,173.11,,174.65,,,388779,67724619.50,3748,F1,1,,,,,
2026-09-17,2026-09-17,CM,NSE,STK,20607,INE616N01034,INOXINDIA,EQ,,,,,INOX INDIA LIMITED,1995.00,2063.10,1990.10,2014.80,2028.00,1978.90,,2014.84,,,339125,685157524.90,51553,F1,1,,,,,
2026-09-17,2026-09-17,CM,NSE,STK,7852,INE066P01011,INOXWIND,EQ,,,,,INOX WIND LIMITED,74.45,75.25,73.56,74.10,74.10,74.50,,74.10,,,5711983,424176482.97,17120,F1,1,,,,,
2026-09-17,2026-09-17,CM,NSE,STK,14657,INE070I01018,INSECTICID,EQ,,,,,INSECTICIDES (I) LTD,595.20,603.00,591.10,598.85,595.90,595.20,,598.71,,,6994,4183766.85,763,F1,1,,,,,
2026-09-17,2026-09-17,CM,NSE,STK,761099,INE0LGX01024,INA,EQ,,,,,INSOLATION ENERGY LIMITED,86.60,89.00,86.48,87.38,87.70,86.95,,87.39,,,409068,35902094.16,3087,F1,1,,,,,
2026-09-17,2026-09-17,CM,NSE,STK,13730,INE020G01017,INSPIRISYS,EQ,,,,,INSPIRISYS SOLUTIONS LTD,83.99,86.39,83.00,84.44,85.28,83.31,,84.61,,,2811,236852.34,80,F1,1,,,,,
2026-09-17,2026-09-17,CM,NSE,STK,30323,INE418N01035,ESSENTIA,EQ,,,,,INTEGRA ESSENTIA LIMITED,1.04,1.06,1.01,1.02,1.04,1.04,,1.03,,,3370054,3493665.04,763,F1,1,,,,,
2026-09-17,2026-09-17,CM,NSE,STK,757902,INE0YSH01017,INTEGRITY,SM,,,,,INTEGRITY INFRABUILD DE L,175.00,175.00,171.05,171.05,171.05,175.00,,171.05,,,8400,1465260.00,3,F1,1200,,,,,
2026-09-17,2026-09-17,CM,NSE,STK,5926,INE306R01017,INTELLECT,EQ,,,,,INTELLECT DESIGN ARENA,660.60,663.70,649.00,651.30,652.00,659.45,,651.30,,,235066,153888852.55,18131,F1,1,,,,,
2026-09-17,2026-09-17,CM,NSE,STK,20071,INE781A01025,INTENTECH,EQ,,,,,INTENSE TECHNOLOGIES LTD,76.10,77.80,76.10,77.45,77.50,76.43,,77.45,,,9506,734180.29,294,F1,1,,,,,
2026-09-17,2026-09-17,CM,NSE,STK,24909,INE00M901018,INTERARCH,EQ,,,,,INTERARCH BLDNG SOLTN LTD,1672.00,1703.70,1660.80,1692.20,1701.00,1660.80,,1692.13,,,19650,33146523.90,2884,F1,1,,,,,
2026-09-17,2026-09-17,CM,NSE,STK,11195,INE646L01027,INDIGO,EQ,,,,,INTERGLOBE AVIATION LTD,4746.50,4855.50,4746.50,4845.00,4845.00,4733.50,,4845.56,,,509638,2453996049.00,45272,F1,1,,,,,
2026-09-17,2026-09-17,CM,NSE,STK,22770,INE0OPC01015,INM,SM,,,,,INTERIORS & MORE LIMITED,165.00,165.00,152.05,152.05,152.05,163.00,,152.05,,,7200,1180230.00,11,F1,600,,,,,
2026-09-17,2026-09-17,CM,NSE,STK,5606,INE575C01027,INTLCONV,EQ,,,,,INTL CONVEYORS LIMITED,75.40,77.70,75.18,76.49,77.70,75.39,,76.46,,,18930,1446964.66,977,F1,1,,,,,
2026-09-17,2026-09-17,CM,NSE,STK,28378,INE0Q9301021,IGIL,EQ,,,,,INTL GEMOLOGICAL INST LTD,316.85,317.95,311.80,314.90,316.00,314.40,,314.93,,,308581,96916889.35,13893,F1,1,,,,,
2026-09-17,2026-09-17,CM,NSE,STK,18479,INE566K01011,ISFT,EQ,,,,,INTRASOFT TECH. LTD,77.00,90.26,76.34,90.26,90.26,75.22,,90.43,,,226945,19314518.02,3235,F1,1,,,,,
2026-09-17,2026-09-17,CM,NSE,STK,24870,INE878H01024,INVENTURE,EQ,,,,,INVENTURE GRO & SEC LTD,0.89,0.91,0.89,0.89,0.90,0.88,,0.89,,,770998,692171.82,348,F1,1,,,,,
2026-09-17,2026-09-17,CM,NSE,STK,28125,INE115Q01022,IKS,EQ,,,,,INVENTURUS KNOWLEDGE SO L,1743.50,1771.10,1712.70,1728.90,1721.00,1752.00,,1728.92,,,119965,207892272.40,16442,F1,1,,,,,
2026-09-17,2026-09-17,CM,NSE,STK,18292,INF205KA1BP1,IVZINGOLD,EQ,,,,,INVESCO INDIA GOLD ETF,131.40,131.50,130.10,131.10,130.85,131.60,,131.10,,,47400,6206614.15,301,F1,1,,,,,
2026-09-17,2026-09-17,CM,NSE,STK,24217,INF205KA1CC7,IVZINNIFTY,EQ,,,,,INVESCO INDIA NIFTY ETF,267.25,268.37,266.38,267.52,267.52,267.21,,267.52,,,573,153288.68,31,F1,1,,,,,
2026-09-17,2026-09-17,CM,NSE,STK,762725,INE155E01016,INVPRECQ,BE,,,,,INVESTMENT & PREC CAST L,1325.00,1349.00,1325.00,1349.00,1349.00,1350.20,,1365.00,,,5400,7201915.30,65,F1,1,,,,,
2026-09-17,2026-09-17,CM,NSE,STK,760139,INE0XJ501010,INVICTA,SM,,,,,INVICTA DIAGNOSTIC LTD,64.50,66.00,64.50,66.00,66.00,65.10,,66.00,,,3200,208800.00,2,F1,1600,,,,,
2026-09-17,2026-09-17,CM,NSE,STK,20413,INE485C01029,IOLCP,EQ,,,,,IOL CHEM AND PHARMA LTD,195.05,199.39,189.37,197.49,197.90,194.57,,197.49,,,3478408,680128937.28,38983,F1,1,,,,,
2026-09-17,2026-09-17,CM,NSE,STK,1630,INE570A01022,IONEXCHANG,EQ,,,,,ION EXCHANGE (INDIA) LTD,424.75,435.70,420.85,424.35,425.50,426.25,,424.34,,,260929,111513508.10,15947,F1,1,,,,,
2026-09-17,2026-09-17,CM,NSE,STK,764713,INE558A01019,IPRINGLTD,EQ,,,,,IP RINGS LTD.,140.20,146.00,137.00,137.00,137.00,138.34,,136.98,,,3379,473282.52,56,F1,1,,,,,
2026-09-17,2026-09-17,CM,NSE,STK,1633,INE571A01038,IPCALAB,EQ,,,,,IPCA LABORATORIES LTD,1940.00,2014.00,1937.90,1970.30,1977.80,1950.70,,1970.29,,,555590,1096201017.60,66874,F1,1,,,,,
2026-09-17,2026-09-17,CM,NSE,STK,15313,INE821I01022,IRB,EQ,,,,,IRB INFRA DEV LTD.,19.10,19.14,18.80,18.85,18.88,19.05,,18.85,,,7312859,138269130.39,17408,F1,1,,,,,
2026-09-17,2026-09-17,CM,NSE,STK,20817,INE183W23014,IRBINVIT,IV,,,,,IRB INVIT FUND,64.00,64.10,63.61,63.85,63.95,63.93,,63.85,,,251849,16078619.40,3164,F1,1,,,,,
2026-09-17,2026-09-17,CM,NSE,STK,4986,INE962Y01021,IRCON,EQ,,,,,IRCON INTERNATIONAL LTD,108.50,110.63,106.80,107.86,108.12,108.51,,107.86,,,2796585,302771645.73,31033,F1,1,,,,,
2026-09-17,2026-09-17,CM,NSE,STK,2275,INE01GN01025,IRISDOREME,EQ,,,,,IRIS CLOTHINGS LIMITED,58.36,63.50,58.02,62.55,62.70,58.18,,62.55,,,1031078,63413292.06,3075,F1,1,,,,,
2026-09-17,2026-09-17,CM,NSE,STK,6489,INE864K01010,IRIS,EQ,,,,,IRIS REGTECH SOLUTION LTD,238.89,241.70,235.00,237.13,236.10,234.84,,237.13,,,10126,2404182.19,489,F1,1,,,,,
2026-09-17,2026-09-17,CM,NSE,STK,19597,INE07U701015,IRMENERGY,EQ,,,,,IRM ENERGY LIMITED,264.15,270.00,264.00,269.10,270.00,264.15,,269.10,,,24570,6589186.55,1623,F1,1,,,,,
2026-09-17,2026-09-17,CM,NSE,STK,763789,INE413U07475,920ISF28,N0,,,,,ISF 9.20% 2028,9816.00,9816.00,9750.00,9775.00,9775.00,10000.00,,9775.00,,,68,665056.47,29,F1,1,,,,,
2026-09-17,2026-09-17,CM,NSE,STK,761208,INE413U07442,925ISF28,N0,,,,,ISF 9.25% 2028,9800.00,9800.00,9800.00,9800.00,9800.00,9800.00,,9800.00,,,5,49000.00,1,F1,1,,,,,
2026-09-17,2026-09-17,CM,NSE,STK,757708,INE413U07426,950ISF27C,N0,,,,,ISF 9.50% 2027,9929.10,9929.10,9929.10,9929.10,9929.10,9929.10,,9929.10,,,10,99291.00,2,F1,1,,,,,
2026-09-17,2026-09-17,CM,NSE,STK,3329,INE858B01029,ISGEC,EQ,,,,,ISGEC HEAVY ENG LTD,759.00,774.05,755.00,769.60,760.25,759.05,,769.61,,,30853,23584261.65,3593,F1,1,,,,,
2026-09-17,2026-09-17,CM,NSE,STK,30249,INE561M01018,ISHANCH,EQ,,,,,ISHAN DYES N CHEMICALS L,48.90,53.40,46.02,49.43,50.00,47.12,,49.42,,,124149,6171404.53,1522,F1,1,,,,,
2026-09-17,2026-09-17,CM,NSE,STK,10995,INE0LCW01025,ISHAN,SM,,,,,ISHAN INTERNATIONAL LTD,0.50,0.50,0.50,0.50,0.50,0.50,,0.50,,,48000,24000.00,1,F1,48000,,,,,
2026-09-17,2026-09-17,CM,NSE,STK,22645,INE0R7R01018,ITALIANE,SM,,,,,ITALIAN EDIBLES LIMITED,31.00,31.00,31.00,31.00,31.00,31.00,,31.00,,,2000,62000.00,1,F1,2000,,,,,
2026-09-17,2026-09-17,CM,NSE,STK,29251,INE379A01028,ITCHOTELS,EQ,,,,,ITC HOTELS LIMITED,153.39,154.95,153.01,154.33,154.45,153.39,,154.33,,,866754,133709590.82,21150,F1,1,,,,,
2026-09-17,2026-09-17,CM,NSE,STK,1660,INE154A01025,ITC,EQ,,,,,ITC LTD,264.80,268.50,264.10,266.20,266.20,264.15,,266.12,,,13365227,3556847137.80,102348,F1,1,,,,,
2026-09-17,2026-09-17,CM,NSE,STK,1675,INE248A01017,ITI,EQ,,,,,ITI LTD,255.00,257.30,253.50,255.30,255.10,255.50,,255.30,,,128700,32839335.35,5362,F1,1,,,,,
2026-09-17,2026-09-17,CM,NSE,STK,764723,INE478D01014,ITL,EQ,,,,,ITL INDUSTRIES LTD.,370.00,371.40,360.00,362.50,362.90,367.70,,362.50,,,411,150385.15,47,F1,1,,,,,
2026-09-17,2026-09-17,CM,NSE,STK,759041,INE056801025,IVALUE,EQ,,,,,IVALUE INFOSOLUTIONS LTD,231.94,231.94,226.00,228.08,229.48,230.45,,228.08,,,36434,8341247.21,1587,F1,1,,,,,
2026-09-17,2026-09-17,CM,NSE,STK,8857,INE043C01018,IVP,BE,,,,,IVP LIMITED,212.42,217.40,211.01,214.71,214.10,210.42,,214.71,,,18661,4001379.95,120,F1,1,,,,,
2026-09-17,2026-09-17,CM,NSE,STK,757644,INE1AII01014,IWARE,ST,,,,,IWARE SUPPLYCHAIN SER LTD,400.00,411.45,383.20,409.75,411.45,403.35,,409.75,,,43800,17060730.00,69,F1,600,,,,,
2026-09-17,2026-09-17,CM,NSE,STK,14174,INE848A01014,IZMO,EQ,,,,,IZMO LIMITED,888.00,959.50,878.45,913.25,916.90,880.00,,913.33,,,273818,254534030.30,17676,F1,1,,,,,
2026-09-17,2026-09-17,CM,NSE,STK,5633,INE168A01041,J&KBANK,EQ,,,,,J & K BANK LTD.,147.55,150.57,146.45,147.28,147.60,147.66,,147.28,,,1641221,243216671.41,32643,F1,1,,,,,
2026-09-17,2026-09-17,CM,NSE,STK,23056,INE0MB501011,JGCHEM,EQ,,,,,J.G.CHEMICALS LIMITED,583.00,598.40,579.20,588.15,587.50,582.90,,588.20,,,246274,145257738.05,9881,F1,1,,,,,
2026-09-17,2026-09-17,CM,NSE,STK,13211,INE199G01027,JAGRAN,EQ,,,,,JAGRAN PRAKASHAN LIMITED,61.62,62.00,61.25,61.96,62.00,61.22,,61.95,,,85935,5308345.81,1159,F1,1,,,,,
2026-09-17,2026-09-17,CM,NSE,STK,4410,INE048B01035,JAGSNPHARM,EQ,,,,,JAGSONPAL PHARMACEUTICALS,228.47,228.84,221.80,227.24,226.10,228.28,,227.27,,,43798,9914377.88,2166,F1,1,,,,,
2026-09-17,2026-09-17,CM,NSE,STK,11256,INE091G01026,JAIBALAJI,EQ,,,,,JAI BALAJI INDUSTRIES LTD,64.00,64.25,61.90,63.81,63.52,64.05,,63.81,,,311592,19804721.65,2000,F1,1,,,,,
2026-09-17,2026-09-17,CM,NSE,STK,5143,INE070D01027,JAICORPLTD,EQ,,,,,JAI CORP LIMITED,92.00,93.59,91.92,93.17,93.59,92.63,,93.17,,,241766,22467011.74,3390,F1,1,,,,,
2026-09-17,2026-09-17,CM,NSE,STK,25684,IN9175A01010,JISLDVREQS,EQ,,,,,JAIN DVR EQUITY SHARES,21.00,22.24,20.51,21.18,21.38,21.49,,21.18,,,73635,1582831.05,412,F1,1,,,,,
2026-09-17,2026-09-17,CM,NSE,STK,10397,INE175A01038,JISLJALEQS,EQ,,,,,JAIN IRRIGATION SYSTEMS,29.07,31.37,29.00,30.20,30.30,29.07,,30.20,,,13543422,411062037.32,32760,F1,1,,,,,
2026-09-17,2026-09-17,CM,NSE,STK,759244,INE0YD401026,JAINREC,EQ,,,,,JAIN RESOURCE RECYCLING L,275.05,277.25,271.80,274.05,274.00,274.80,,274.05,,,478999,131477707.85,12456,F1,1,,,,,
2026-09-17,2026-09-17,CM,NSE,STK,758306,INE0XIL01012,JAINIK,ST,,,,,JAINIK POWER CABLES LTD,200.00,200.00,199.50,199.50,199.50,200.00,,199.50,,,61200,12210000.00,2,F1,1200,,,,,
2026-09-17,2026-09-17,CM,NSE,STK,11763,INE351F01018,JPPOWER,EQ,,,,,JAIPRAKASH POWER VEN. LTD,15.40,15.62,15.21,15.26,15.22,15.41,,15.26,,,43904442,676361973.63,557259,F1,1,,,,,
2026-09-17,2026-09-17,CM,NSE,STK,3950,INE00N401018,JAKHARIA,ST,,,,,JAKHARIA FABRIC LIMITED,59.50,59.50,59.50,59.50,59.50,60.00,,59.50,,,55200,3284400.00,1,F1,2400,,,,,
2026-09-17,2026-09-17,CM,NSE,STK,20930,INE349X01015,JALAN,ST,,,,,JALAN TRANSOLU. INDIA LTD,1.75,1.75,1.75,1.75,1.75,1.75,,1.75,,,3000,5250.00,1,F1,3000,,,,,
2026-09-17,2026-09-17,CM,NSE,STK,20778,INE039C01032,JAMNAAUTO,EQ,,,,,JAMNA AUTO IND LTD,127.31,130.90,126.55,126.96,127.00,128.55,,126.96,,,973266,124919210.02,21523,F1,1,,,,,
2026-09-17,2026-09-17,CM,NSE,STK,22663,INE953L01027,JSFB,EQ,,,,,JANA SMALL FIN BANK LTD,510.10,534.75,503.75,520.10,516.70,506.60,,520.11,,,1866297,976719593.90,35753,F1,1,,,,,
2026-09-17,2026-09-17,CM,NSE,STK,759951,INE00YJ01010,JARO,EQ,,,,,JARO INS OF TEC MG N RE L,470.00,485.15,466.15,471.05,472.00,467.95,,471.02,,,148954,71129071.65,5644,F1,1,,,,,
2026-09-17,2026-09-17,CM,NSE,STK,13982,INE039O01029,JASH,EQ,,,,,JASH ENGINEERING LIMITED,492.95,517.10,482.00,514.00,514.00,488.90,,513.95,,,159181,80530386.30,12404,F1,1,,,,,
2026-09-17,2026-09-17,CM,NSE,STK,25037,INE0SMY01017,JAYBEE,SM,,,,,JAY BEE LAMINATIONS LTD,82.00,86.00,80.00,81.35,81.55,82.55,,81.35,,,34500,2857175.00,59,F1,500,,,,,
2026-09-17,2026-09-17,CM,NSE,STK,1708,INE571B01036,JAYBARMARU,EQ,,,,,JAY BHARAT MARUTI LTD,112.05,115.10,110.40,113.40,113.80,113.02,,113.28,,,205988,23181943.08,3315,F1,1,,,,,
2026-09-17,2026-09-17,CM,NSE,STK,10892,INE0J6801010,KORE,ST,,,,,JAY JALARAM TECHNO LTD,166.00,177.90,163.95,172.90,177.90,172.55,,172.90,,,10500,1763825.00,29,F1,250,,,,,
2026-09-17,2026-09-17,CM,NSE,STK,4041,INE785A01026,JAYAGROGN,EQ,,,,,JAYANT AGRO ORGANICS LTD,234.80,238.79,223.85,225.41,227.64,231.66,,225.07,,,8582,1978160.94,441,F1,1,,,,,
2026-09-17,2026-09-17,CM,NSE,STK,2331,INE854B01010,JAYNECOIND,EQ,,,,,JAYASWAL NECO INDUSTR LTD,87.67,89.44,87.28,88.94,88.85,87.35,,88.94,,,1263615,112310539.07,12893,F1,1,,,,,
2026-09-17,2026-09-17,CM,NSE,STK,759159,INE1AE401014,JAYESH,SM,,,,,JAYESH LOGISTICS LIMITED,133.45,133.90,128.60,130.85,128.60,125.20,,130.85,,,21000,2763900.00,11,F1,1000,,,,,
2026-09-17,2026-09-17,CM,NSE,STK,760073,INE903A01025,JAYKAY,EQ,,,,,JAYKAY ENTERPRISES LTD,155.81,162.84,155.00,157.06,156.78,154.77,,157.06,,,204207,32293020.49,3889,F1,1,,,,,
2026-09-17,2026-09-17,CM,NSE,STK,1720,INE364A01020,JAYSREETEA,EQ,,,,,JAYSHREE TEA & INDUSTRIES,89.60,91.81,89.33,89.74,90.90,89.23,,89.72,,,17993,1621573.87,339,F1,1,,,,,
2026-09-17,2026-09-17,CM,NSE,STK,11655,INE927D01051,JBMA,EQ,,,,,JBM AUTO LIMITED,586.05,595.45,586.05,593.60,593.35,588.20,,593.59,,,125831,74584908.60,7720,F1,1,,,,,
2026-09-17,2026-09-17,CM,NSE,STK,758115,INE0J5801029,JSLL,EQ,,,,,JEENA SIKHO LIFECARE LTD,497.05,503.80,487.75,490.75,491.00,497.05,,490.76,,,252582,124707398.65,10469,F1,1,,,,,
2026-09-17,2026-09-17,CM,NSE,STK,764728,INE354A01013,JENBURPH,EQ,,,,,JENBURKT PHARMACEUTICAL L,1007.00,1009.70,975.00,983.40,975.00,992.00,,983.94,,,2628,2608026.40,93,F1,1,,,,,
2026-09-17,2026-09-17,CM,NSE,STK,7211,INE982V01025,JETFREIGHT,EQ,,,,,JET FREIGHT LOGISTICS LTD,19.99,20.17,16.51,19.43,19.40,19.90,,19.43,,,693518,12618871.86,2334,F1,1,,,,,
2026-09-17,2026-09-17,CM,NSE,STK,25150,INE0RXB01022,JEYYAM,ST,,,,,JEYYAM GLOBAL FOODS LTD,20.00,20.75,20.00,20.75,20.75,20.95,,20.75,,,18000,365600.00,9,F1,2000,,,,,
2026-09-17,2026-09-17,CM,NSE,STK,13720,INE544H01014,JHS,EQ,,,,,JHS SVEND. LAB. LTD,8.51,8.85,8.51,8.59,8.59,8.51,,8.59,,,46544,404204.79,145,F1,1,,,,,
2026-09-17,2026-09-17,CM,NSE,STK,24145,INE03DD01011,RETAIL,EQ,,,,,JHS SVENDGAARD RETAIL V L,16.78,17.75,16.21,16.83,16.70,16.78,,16.83,,,3126,53095.85,79,F1,1,,,,,
2026-09-17,2026-09-17,CM,NSE,STK,31507,INE147P01019,JPOLYINVST,EQ,,,,,JIND POL INV & FIN CO LTD,982.05,993.70,970.00,982.25,976.00,983.70,,982.24,,,2186,2152147.20,615,F1,1,,,,,
2026-09-17,2026-09-17,CM,NSE,STK,13875,INE742C01031,JINDRILL,EQ,,,,,JINDAL DRILLING IND. LTD,597.40,597.90,579.75,582.70,582.50,595.15,,582.71,,,192134,112580340.60,6906,F1,1,,,,,
2026-09-17,2026-09-17,CM,NSE,STK,11743,INE796G01012,JINDALPHOT,EQ,,,,,JINDAL PHOTO LIMITED,1114.70,1134.90,1085.90,1129.40,1130.00,1125.60,,1129.40,,,9513,10648699.70,661,F1,1,,,,,
2026-09-17,2026-09-17,CM,NSE,STK,1756,INE197D01010,JINDALPOLY,EQ,,,,,JINDAL POLY FILMS LIMITED,731.15,739.50,717.10,726.00,724.00,742.40,,726.01,,,30797,22378434.85,1853,F1,1,,,,,
2026-09-17,2026-09-17,CM,NSE,STK,3024,INE324A01032,JINDALSAW,EQ,,,,,JINDAL SAW LIMITED,283.20,294.80,281.50,291.20,291.40,281.25,,291.20,,,1782236,516262214.35,46643,F1,1,,,,,
2026-09-17,2026-09-17,CM,NSE,STK,11236,INE220G01021,JSL,EQ,,,,,JINDAL STAINLESS LIMITED,730.00,742.70,721.85,724.45,722.50,730.85,,724.44,,,1286776,940065702.65,79126,F1,1,,,,,
2026-09-17,2026-09-17,CM,NSE,STK,6733,INE749A01030,JINDALSTEL,EQ,,,,,JINDAL STEEL LIMITED,1104.10,1134.60,1104.10,1128.40,1128.40,1103.00,,1128.39,,,719206,810593752.80,34843,F1,1,,,,,
2026-09-17,2026-09-17,CM,NSE,STK,20642,INE247D01039,JINDWORLD,EQ,,,,,JINDAL WORLDWIDE LTD,50.48,50.79,48.69,49.00,49.18,49.16,,49.00,,,4251821,210011752.25,12225,F1,1,,,,,
2026-09-17,2026-09-17,CM,NSE,STK,759205,INE1FF001016,JKIPL,EQ,,,,,JINKUSHAL INDUSTRIES LTD,97.95,97.95,94.75,96.20,94.75,96.72,,96.20,,,2986,285957.08,99,F1,1,,,,,
2026-09-17,2026-09-17,CM,NSE,STK,18143,INE758E01017,JIOFIN,EQ,,,,,JIO FIN SERVICES LTD,225.00,230.36,225.00,229.30,229.30,224.84,,229.30,,,12303050,2813592840.15,63175,F1,1,,,,,
2026-09-17,2026-09-17,CM,NSE,STK,765307,INF22M001184,NIFTYJBLK,EQ,,,,,JIOBLACKROCKAMC-NIFTYJBLK,12.37,12.37,11.85,11.94,12.00,12.07,,11.94,,,86852,1037418.86,656,F1,1,,,,,
2026-09-17,2026-09-17,CM,NSE,STK,19691,INE863T01013,JITFINFRA,EQ,,,,,JITF INFRALOGISTICS LTD,278.00,290.00,278.00,286.40,285.20,278.00,,286.38,,,9176,2605317.50,475,F1,1,,,,,
2026-09-17,2026-09-17,CM,NSE,STK,18558,INE0N5H01017,JIWANRAM,SM,,,,,JIWANRAM SHEODUTTRA IND L,4.00,4.00,4.00,4.00,4.00,4.00,,4.00,,,12000,48000.00,2,F1,6000,,,,,
2026-09-17,2026-09-17,CM,NSE,STK,13270,INE823G01014,JKCEMENT,EQ,,,,,JK CEMENT LIMITED,4780.00,5055.00,4745.50,5027.00,5025.00,4750.00,,5027.12,,,79376,393286020.50,14870,F1,1,,,,,
2026-09-17,2026-09-17,CM,NSE,STK,13491,INE786A01032,JKLAKSHMI,EQ,,,,,JK LAKSHMI CEMENT LTD,505.00,510.80,504.05,510.40,510.80,507.65,,510.33,,,49669,25236209.00,5712,F1,1,,,,,
2026-09-17,2026-09-17,CM,NSE,STK,11860,INE789E01012,JKPAPER,EQ,,,,,JK PAPER LIMITED,418.00,442.00,414.00,418.05,418.00,417.35,,418.03,,,1832851,786720400.10,50221,F1,1,,,,,
2026-09-17,2026-09-17,CM,NSE,STK,14435,INE573A01042,JKTYRE,EQ,,,,,JK TYRE & INDUSTRIES LTD,344.50,349.50,343.70,348.55,349.50,343.30,,348.56,,,310543,107722776.30,12543,F1,1,,,,,
2026-09-17,2026-09-17,CM,NSE,STK,15266,INE576I01022,JKIL,EQ,,,,,JKUMAR INFR.LTD.,480.40,483.45,472.05,475.55,477.60,480.40,,475.55,,,58033,27583677.05,2138,F1,1,,,,,
2026-09-17,2026-09-17,CM,NSE,STK,13637,INE780C01023,JMFINANCIL,EQ,,,,,JM FINANCIAL LIMITED,121.45,123.20,121.00,122.51,122.60,120.46,,122.51,,,1550618,189429068.05,20708,F1,1,,,,,
2026-09-17,2026-09-17,CM,NSE,STK,23621,INE0OAF01028,JNKINDIA,EQ,,,,,JNK INDIA LIMITED,405.05,415.45,405.00,411.95,414.65,407.20,,411.88,,,43671,17987685.95,2298,F1,1,,,,,
2026-09-17,2026-09-17,CM,NSE,STK,16927,INE839G01010,JOCIL,EQ,,,,,JOCIL LIMITED,142.70,150.90,138.10,147.04,147.00,143.00,,147.04,,,6169,904683.36,179,F1,1,,,,,
2026-09-17,2026-09-17,CM,NSE,STK,762623,INE515A01019,COCKERILL,EQ,,,,,JOHN COCKERILL INDIA LTD.,7885.00,8090.00,7848.00,8029.00,8080.00,7877.50,,8028.28,,,4903,39232506.00,1369,F1,1,,,,,
2026-09-17,2026-09-17,CM,NSE,STK,758460,INE718I01012,JSWCEMENT,EQ,,,,,JSW CEMENT LIMITED,116.50,117.24,115.85,116.64,116.50,116.52,,116.64,,,915141,106658517.75,32728,F1,1,,,,,
2026-09-17,2026-09-17,CM,NSE,STK,1467,INE133A01011,JSWDULUX,EQ,,,,,JSW DULUX LIMITED,3061.00,3094.20,3052.30,3074.00,3094.00,3082.00,,3073.99,,,7492,23022501.60,2652,F1,1,,,,,
2026-09-17,2026-09-17,CM,NSE,STK,17869,INE121E01018,JSWENERGY,EQ,,,,,JSW ENERGY LIMITED,505.00,514.00,504.60,512.00,512.00,504.70,,512.00,,,1016989,518913779.50,20197,F1,1,,,,,
2026-09-17,2026-09-17,CM,NSE,STK,11880,INE824G01012,JSWHL,EQ,,,,,JSW HOLDINGS LIMITED,10948.00,11269.00,10803.00,11146.00,11269.00,10935.00,,11146.66,,,3694,40810236.00,1592,F1,1,,,,,
2026-09-17,2026-09-17,CM,NSE,STK,19020,INE880J01026,JSWINFRA,EQ,,,,,JSW INFRASTRUCTURE LTD,325.55,329.45,322.80,326.65,326.50,325.55,,326.58,,,1990569,650695475.95,58494,F1,1,,,,,
2026-09-17,2026-09-17,CM,NSE,STK,11723,INE019A01038,JSWSTEEL,EQ,,,,,JSW STEEL LIMITED,1248.90,1260.00,1242.10,1253.40,1253.40,1248.90,,1253.40,,,1351578,1690252268.80,27394,F1,1,,,,,
2026-09-17,2026-09-17,CM,NSE,STK,3237,INE643A01035,JTEKTINDIA,EQ,,,,,JTEKT INDIA LIMITED,117.29,119.60,117.29,118.87,119.50,117.12,,118.87,,,84316,10013759.76,1547,F1,1,,,,,
2026-09-17,2026-09-17,CM,NSE,STK,7287,INE391J01032,JTLIND,EQ,,,,,JTL INDUSTRIES LIMITED,85.00,87.65,83.80,87.32,87.42,84.60,,87.32,,,2352512,202951000.01,20319,F1,1,,,,,
2026-09-17,2026-09-17,CM,NSE,STK,29590,INE03CC01015,JUBLCPL,EQ,,,,,JUBILANT AGRI N CON PRO L,2085.10,2128.00,2002.00,2020.40,2010.00,2096.40,,2020.36,,,13155,27006926.10,1808,F1,1,,,,,
2026-09-17,2026-09-17,CM,NSE,STK,18096,INE797F01020,JUBLFOOD,EQ,,,,,JUBILANT FOODWORKS LTD,469.95,486.75,467.35,480.20,480.20,471.00,,480.20,,,817225,392926910.95,22674,F1,1,,,,,
2026-09-17,2026-09-17,CM,NSE,STK,2783,INE0BY001018,JUBLINGREA,EQ,,,,,JUBILANT INGREVIA LIMITED,624.90,638.50,624.90,633.25,638.50,631.95,,633.41,,,115209,72789184.85,9207,F1,1,,,,,
2026-09-17,2026-09-17,CM,NSE,STK,3637,INE700A01033,JUBLPHARMA,EQ,,,,,JUBILANT PHARMOVA LTD,1002.00,1025.90,997.05,1012.10,1014.95,1002.50,,1012.10,,,87805,89247488.05,11460,F1,1,,,,,
2026-09-17,2026-09-17,CM,NSE,STK,7109,INE412C01023,JMA,EQ,,,,,JULLUNDUR MOT AGENCY LTD,90.00,91.65,89.31,90.29,89.52,90.30,,90.29,,,9935,897776.44,235,F1,1,,,,,
2026-09-17,2026-09-17,CM,NSE,STK,764408,INE05C901015,JNPR,EQ,,,,,JUNIPER GREEN ENERGY LTD,262.00,264.00,251.70,257.20,257.00,261.80,,257.21,,,770412,198001642.40,37196,F1,1,,,,,
2026-09-17,2026-09-17,CM,NSE,STK,22824,INE696F01016,JUNIPER,EQ,,,,,JUNIPER HOTELS LIMITED,219.00,219.07,214.53,215.44,216.19,214.32,,215.46,,,123941,26870270.76,3756,F1,1,,,,,
2026-09-17,2026-09-17,CM,NSE,STK,18553,INE682M01020,JLHL,EQ,,,,,JUPITER LIFE LINE HOSP L,278.20,280.55,272.20,277.75,279.80,276.85,,277.74,,,148183,40848394.65,3469,F1,1,,,,,
2026-09-17,2026-09-17,CM,NSE,STK,20224,INE209L01016,JWL,EQ,,,,,JUPITER WAGONS LIMITED,228.67,233.76,228.67,231.23,231.95,228.67,,231.23,,,562055,129904199.66,13731,F1,1,,,,,
2026-09-17,2026-09-17,CM,NSE,STK,29962,INE599M01018,JUSTDIAL,EQ,,,,,JUSTDIAL LTD.,668.35,677.95,665.00,674.05,676.00,673.70,,674.04,,,79512,53398157.15,3430,F1,1,,,,,
2026-09-17,2026-09-17,CM,NSE,STK,15146,INE668F01031,JYOTHYLAB,EQ,,,,,JYOTHY LABS LIMITED,195.35,198.00,193.38,193.84,193.90,195.41,,193.84,,,233311,45455793.00,7681,F1,1,,,,,
2026-09-17,2026-09-17,CM,NSE,STK,21334,INE980O01024,JYOTICNC,EQ,,,,,JYOTI CNC AUTOMATION LTD,963.05,1007.10,960.95,980.85,980.00,967.70,,980.82,,,491500,486269196.55,27540,F1,1,,,,,
2026-09-17,2026-09-17,CM,NSE,STK,758221,INE1M3T01017,JYOTIGLOBL,SM,,,,,JYOTI GLOBAL PLAST LTD,48.00,48.00,48.00,48.00,48.00,48.00,,48.00,,,4000,192000.00,2,F1,2000,,,,,
2026-09-17,2026-09-17,CM,NSE,STK,764733,INE577D01013,JYOTIRES,EQ,,,,,JYOTI RESINS & ADHESIVE L,832.00,845.95,831.05,837.90,843.80,839.45,,838.59,,,2099,1760928.50,376,F1,1,,,,,
2026-09-17,2026-09-17,CM,NSE,STK,1802,INE197A01024,JYOTISTRUC,EQ,,,,,JYOTI STRUCTURES LTD,9.01,9.19,8.92,9.11,9.13,9.02,,9.11,,,3317616,30146967.98,3406,F1,1,,,,,
2026-09-17,2026-09-17,CM,NSE,STK,764743,INE533C01018,KJMCFIN,EQ,,,,,K J M C FINANCIAL SERV L,63.99,63.99,60.50,61.02,63.50,62.57,,61.02,,,593,36541.55,25,F1,1,,,,,
2026-09-17,2026-09-17,CM,NSE,STK,764748,INE879K01018,KMCSHIL,EQ,,,,,K M C SPECIALITY HOSP I L,146.92,160.39,144.47,156.74,157.91,146.93,,156.76,,,5686607,885679754.82,53052,F1,1,,,,,
2026-09-17,2026-09-17,CM,NSE,STK,14667,INE157H01023,KMSUGAR,EQ,,,,,K M SUGAR MILLS LTD,29.01,29.21,28.25,28.44,28.50,28.63,,28.44,,,104471,2984896.35,709,F1,1,,,,,
2026-09-17,2026-09-17,CM,NSE,STK,27079,INE127T01021,KPEL,EQ,,,,,K.P. ENERGY LIMITED,209.60,213.96,209.00,212.48,212.52,210.32,,212.50,,,130224,27483265.55,4286,F1,1,,,,,
2026-09-17,2026-09-17,CM,NSE,STK,23462,INE0DEZ01013,K2INFRA,ST,,,,,K2 INFRAGEN LIMITED,44.10,45.65,43.50,43.65,43.50,44.10,,43.65,,,22200,979590.00,22,F1,600,,,,,
2026-09-17,2026-09-17,CM,NSE,STK,1805,INE900B01029,KABRAEXTRU,EQ,,,,,KABRA EXTRUSION TECHNIK L,628.05,648.00,623.55,632.75,635.00,628.10,,632.85,,,162222,103327171.45,6304,F1,1,,,,,
2026-09-17,2026-09-17,CM,NSE,STK,29192,INE0XOW01017,KKJEWELS,SM,,,,,KABRA JEWELS LIMITED,96.95,102.00,96.95,98.15,98.20,96.50,,98.15,,,70000,6981200.00,9,F1,1000,,,,,
2026-09-17,2026-09-17,CM,NSE,STK,1808,INE217B01036,KAJARIACER,EQ,,,,,KAJARIA CERAMICS LTD,1215.00,1224.40,1210.00,1217.20,1215.00,1215.90,,1217.20,,,78492,95643389.10,6852,F1,1,,,,,
2026-09-17,2026-09-17,CM,NSE,STK,1811,INE437B01014,KAKATCEM,EQ,,,,,KAKATIYA CEM SUGAR &IND L,108.44,109.70,107.10,108.23,109.20,108.44,,108.22,,,804,86645.25,53,F1,1,,,,,
2026-09-17,2026-09-17,CM,NSE,STK,25443,INE0T0L01014,KALANA,SM,,,,,KALANA ISPAT LIMITED,18.50,18.50,18.50,18.50,18.50,18.25,,18.50,,,2000,37000.00,1,F1,2000,,,,,
2026-09-17,2026-09-17,CM,NSE,STK,758558,INE227J01012,KALPATARU,EQ,,,,,KALPATARU LIMITED,260.00,261.40,255.20,257.20,258.60,256.30,,257.22,,,29902,7724818.90,1072,F1,1,,,,,
2026-09-17,2026-09-17,CM,NSE,STK,1814,INE220B01022,KPIL,EQ,,,,,KALPATARU PROJECT INT LTD,1403.50,1417.50,1390.10,1399.30,1400.00,1390.90,,1399.31,,,231336,324312154.60,26198,F1,1,,,,,
2026-09-17,2026-09-17,CM,NSE,STK,2955,INE303R01014,KALYANKJIL,EQ,,,,,KALYAN JEWELLERS IND LTD,580.00,592.50,578.50,581.45,581.45,580.90,,581.45,,,5395166,3157801735.30,62528,F1,1,,,,,
2026-09-17,2026-09-17,CM,NSE,STK,15160,INE314G01014,KALYANIFRG,BE,,,,,KALYANI FORGE LIMITED,969.05,1033.50,969.05,1015.50,1017.00,994.70,,1016.68,,,1969,1991675.30,149,F1,1,,,,,
2026-09-17,2026-09-17,CM,NSE,STK,21119,INE029L01018,KICL,EQ,,,,,KALYANI INVEST CO LTD,4815.00,4853.00,4775.00,4822.00,4800.00,4779.50,,4821.76,,,537,2591350.00,157,F1,1,,,,,
2026-09-17,2026-09-17,CM,NSE,STK,18889,INE907A01026,KSL,EQ,,,,,KALYANI STEELS LIMITED,952.00,1002.80,952.00,970.55,969.00,952.00,,970.57,,,309254,304816381.85,16491,F1,1,,,,,
2026-09-17,2026-09-17,CM,NSE,STK,762732,INE411F01010,KAMAHOLD,EQ,,,,,KAMA HOLDINGS LTD.,2240.00,2297.00,2240.00,2278.80,2294.50,2249.90,,2277.41,,,3479,7889022.50,384,F1,1,,,,,
2026-09-17,2026-09-17,CM,NSE,STK,764738,INE344D01018,KAMANWALA,EQ,,,,,KAMANWALA HOUSING CONST L,17.95,17.95,16.50,16.50,16.50,17.24,,16.50,,,2130,35487.64,25,F1,1,,,,,
2026-09-17,2026-09-17,CM,NSE,STK,1826,INE967C01018,KAMATHOTEL,EQ,,,,,KAMAT HOTELS (I) LTD,209.70,224.00,209.46,219.45,223.95,209.88,,219.40,,,55950,12112054.24,1667,F1,1,,,,,
2026-09-17,2026-09-17,CM,NSE,STK,13461,INE390H01020,KAMDHENU,BE,,,,,KAMDHENU LIMITED,38.80,39.69,38.00,39.50,39.60,38.83,,39.50,,,738033,28960139.73,1052,F1,1,,,,,
2026-09-17,2026-09-17,CM,NSE,STK,13814,INE0BTI01037,KAMOPAINTS,EQ,,,,,KAMDHENU VENTURES LIMITED,4.28,4.40,4.21,4.35,4.32,4.21,,4.35,,,106639,462868.59,412,F1,1,,,,,
2026-09-17,2026-09-17,CM,NSE,STK,25786,INE879E01037,KANANIIND,EQ,,,,,KANANI INDUSTRIES LTD,1.44,1.53,1.39,1.41,1.42,1.42,,1.41,,,169039,245685.82,256,F1,1,,,,,
2026-09-17,2026-09-17,CM,NSE,STK,762737,INE081G01019,KANCHI,EQ,,,,,KANCHI KARPOORAM LTD.,388.50,393.40,386.00,389.00,389.00,388.50,,389.00,,,74,28761.90,10,F1,1,,,,,
2026-09-17,2026-09-17,CM,NSE,STK,765090,INE398L01017,KANCOTEA,EQ,,,,,KANCO TEA & INDS. LTD.,52.31,56.39,52.31,55.62,56.28,55.30,,55.62,,,34,1815.75,5,F1,1,,,,,
2026-09-17,2026-09-17,CM,NSE,STK,11208,INE0MOT01016,KANDARP,SM,,,,,KANDARP DG SMART BPO LTD,72.00,74.45,67.45,71.05,71.05,70.95,,71.05,,,22000,1538200.00,22,F1,1000,,,,,
2026-09-17,2026-09-17,CM,NSE,STK,766021,INE877D01025,KANOHAR,EQ,,,,,KANOHAR ELECTRICALS LTD,768.70,884.95,765.50,817.00,824.00,751.50,,817.06,,,23002741,19164460400.95,609377,F1,1,,,,,
2026-09-17,2026-09-17,CM,NSE,STK,9805,INE138C01024,KANORICHEM,BE,,,,,KANORIACHEMICALS-,189.00,191.45,177.65,185.74,183.60,186.97,,185.71,,,71591,13153495.80,714,F1,1,,,,,
2026-09-17,2026-09-17,CM,NSE,STK,1782,INE694E01014,KANPRPLA,EQ,,,,,KANPUR PLASTIPACK LIMITED,260.00,267.95,257.10,259.75,257.10,265.85,,259.75,,,14133,3698521.05,751,F1,1,,,,,
2026-09-17,2026-09-17,CM,NSE,STK,1196,INE531A01024,KANSAINER,EQ,,,,,KANSAI NEROLAC PAINTS LTD,184.65,186.40,183.00,184.20,185.00,184.81,,184.20,,,135649,25044429.64,4044,F1,1,,,,,
2026-09-17,2026-09-17,CM,NSE,STK,18967,INE542Z01028,KAPSTON,EQ,,,,,KAPSTON SERVICES LIMITED,572.50,593.00,572.50,577.30,575.00,577.15,,577.30,,,50003,29270841.40,2150,F1,1,,,,,
2026-09-17,2026-09-17,CM,NSE,STK,766056,INE590T01012,KARAMTARA,EQ,,,,,KARAMTARA ENGINEERING L,320.00,352.00,320.00,352.00,352.00,254.00,,352.00,,,27433507,9319455985.15,164180,F1,1,,,,,
2026-09-17,2026-09-17,CM,NSE,STK,24385,INE725L01011,KARMAENG,EQ,,,,,KARMA ENERGY LIMITED,39.65,41.69,39.24,39.91,39.95,38.72,,39.96,,,39008,1583481.55,626,F1,1,,,,,
2026-09-17,2026-09-17,CM,NSE,STK,8054,INE614B01018,KTKBANK,EQ,,,,,KARNATAKA BANK LIMITED,318.00,323.00,309.85,313.90,314.20,318.20,,313.89,,,1702377,535513894.80,22526,F1,1,,,,,
2026-09-17,2026-09-17,CM,NSE,STK,19465,INE0MGA01012,KARNIKA,SM,,,,,KARNIKA INDUSTRIES LTD,117.75,121.00,117.75,120.45,120.50,118.70,,120.45,,,26000,3119050.00,19,F1,1000,,,,,
2026-09-17,2026-09-17,CM,NSE,STK,1838,INE036D01028,KARURVYSYA,EQ,,,,,KARUR VYSYA BANK LTD,334.80,337.50,330.35,331.50,331.00,334.80,,331.50,,,725600,242311135.55,18520,F1,1,,,,,
2026-09-17,2026-09-17,CM,NSE,STK,24528,INE0SVY01018,KATARIA,SM,,,,,KATARIA INDUSTRIES LTD,150.00,150.00,141.05,149.25,150.00,149.45,,149.25,,,17400,2542710.00,28,F1,600,,,,,
2026-09-17,2026-09-17,CM,NSE,STK,15140,INE234I01028,KAUSHALYA,BE,,,,,KAUSHALYA INFRA DEV LTD.,855.00,855.00,827.00,847.00,847.00,832.55,,847.00,,,102,86145.40,23,F1,1,,,,,
2026-09-17,2026-09-17,CM,NSE,STK,21186,INE0Q2V01012,KLL,SM,,,,,KAUSHALYA LOGISTICS LTD,24.05,27.20,23.20,27.05,27.00,24.20,,27.05,,,44000,1129080.00,48,F1,800,,,,,
2026-09-17,2026-09-17,CM,NSE,STK,14972,INE455I01029,KSCL,EQ,,,,,KAVERI SEED CO. LTD.,690.00,711.00,689.00,703.35,703.00,690.45,,703.37,,,53950,37970156.15,3410,F1,1,,,,,
2026-09-17,2026-09-17,CM,NSE,STK,15244,INE641C01019,KAVDEFENCE,EQ,,,,,KAVVERI DFS & WIR TEC LTD,72.61,76.70,70.30,71.64,70.41,73.43,,71.65,,,673182,49632157.09,5987,F1,1,,,,,
2026-09-17,2026-09-17,CM,NSE,STK,21173,INE0RCG01017,KCEIL,SM,,,,,KAY CEE ENERGY & INFRA L,77.90,78.50,75.25,76.50,75.25,76.00,,76.50,,,7000,541675.00,14,F1,500,,,,,
2026-09-17,2026-09-17,CM,NSE,STK,10282,INE587G01015,KAYA,BE,,,,,KAYA LIMITED,311.00,324.80,311.00,324.80,324.80,309.35,,324.76,,,80540,25432521.00,82,F1,1,,,,,
2026-09-17,2026-09-17,CM,NSE,STK,12092,INE918Z01012,KAYNES,EQ,,,,,KAYNES TECHNOLOGY IND LTD,3402.00,3562.00,3395.00,3520.00,3520.00,3385.00,,3519.85,,,1242077,4376211391.80,81071,F1,1,,,,,
2026-09-17,2026-09-17,CM,NSE,STK,758868,INE13ZD01013,KAYTEX,SM,,,,,KAYTEX FABRICS LIMITED,56.70,56.70,55.40,55.40,55.40,56.90,,55.40,,,1600,89680.00,2,F1,800,,,,,
2026-09-17,2026-09-17,CM,NSE,STK,10296,INE0J1E01027,KCK,ST,,,,,KCK INDUSTRIES LTD,14.15,14.50,14.15,14.45,14.45,14.80,,14.45,,,90000,1300375.00,11,F1,2500,,,,,
2026-09-17,2026-09-17,CM,NSE,STK,1841,INE805C01028,KCP,EQ,,,,,KCP LTD,158.64,161.84,157.30,157.92,157.50,158.64,,157.92,,,54504,8652690.35,855,F1,1,,,,,
2026-09-17,2026-09-17,CM,NSE,STK,8849,INE790B01024,KCPSUGIND,BE,,,,,KCPSUGARINDUS,28.90,29.40,27.81,28.89,28.98,28.88,,28.90,,,37689,1092975.86,190,F1,1,,,,,
2026-09-17,2026-09-17,CM,NSE,STK,765105,INE348N01042,KDGREEN,EQ,,,,,KD GREEN INDUSTRIES LTD,47.46,49.97,46.62,49.46,49.71,46.87,,49.35,,,32704,1592527.56,440,F1,1,,,,,
2026-09-17,2026-09-17,CM,NSE,STK,14908,INE291D01011,KDDL,EQ,,,,,KDDL LIMITED,3830.70,3901.90,3802.20,3837.60,3850.00,3819.00,,3837.62,,,10099,39126391.80,2244,F1,1,,,,,
2026-09-17,2026-09-17,CM,NSE,STK,13260,INE389H01022,KEC,EQ,,,,,KEC INTL. LIMITED,397.55,405.30,397.45,401.95,401.95,397.55,,401.92,,,453424,182480887.65,16135,F1,1,,,,,
2026-09-17,2026-09-17,CM,NSE,STK,13310,INE878B01027,KEI,EQ,,,,,KEI INDUSTRIES LTD.,4498.00,4561.00,4463.50,4560.00,4560.00,4506.00,,4559.90,,,218838,990776600.00,23169,F1,1,,,,,
2026-09-17,2026-09-17,CM,NSE,STK,13430,INE164B01030,KELLTONTEC,EQ,,,,,KELLTON TECH SOL LTD,13.53,13.75,13.37,13.57,13.66,13.50,,13.57,,,1690878,22893685.13,3700,F1,1,,,,,
2026-09-17,2026-09-17,CM,NSE,STK,29547,INE15DO01012,KEN,SM,,,,,KEN ENTERPRISES LIMITED,39.70,44.00,39.70,41.80,41.70,39.30,,41.80,,,81600,3423000.00,42,F1,1200,,,,,
2026-09-17,2026-09-17,CM,NSE,STK,11841,INE717A01029,KENNAMET,EQ,,,,,KENNAMETAL INDIA LIMITED,4156.00,4430.00,4156.00,4321.60,4335.30,4135.80,,4321.48,,,42230,183728108.60,11897,F1,1,,,,,
2026-09-17,2026-09-17,CM,NSE,STK,13121,INE202H01019,KERNEX,EQ,,,,,KERNEX MICROSYS(I) LTD,1633.00,1735.00,1633.00,1722.60,1723.00,1648.30,,1722.60,,,142463,244117738.70,14470,F1,1,,,,,
2026-09-17,2026-09-17,CM,NSE,STK,4981,INE087A01019,KESORAMIND,BE,,,,,KESORAM INDUSTRIES LTD,12.48,12.63,12.09,12.34,12.30,12.36,,12.34,,,380145,4680978.95,587,F1,1,,,,,
2026-09-17,2026-09-17,CM,NSE,STK,13381,INE401H01017,KKCL,EQ,,,,,KEWAL KIRAN CLOTHING LTD,485.55,496.45,485.55,489.65,490.80,485.55,,489.65,,,23705,11626540.35,1203,F1,1,,,,,
2026-09-17,2026-09-17,CM,NSE,STK,4157,INE681C01015,KEYFINSERV,EQ,,,,,KEYNOTE FIN SERV LTD.,246.25,246.25,246.25,246.25,246.25,246.25,,246.25,,,93,22901.25,4,F1,1,,,,,
2026-09-17,2026-09-17,CM,NSE,STK,12219,INE263M01029,RUSTOMJEE,EQ,,,,,KEYSTONE REALTORS LIMITED,338.35,345.05,337.00,340.95,342.90,338.35,,340.95,,,13704,4682317.85,1249,F1,1,,,,,
2026-09-17,2026-09-17,CM,NSE,STK,13359,INE138Y01010,KFINTECH,EQ,,,,,KFIN TECHNOLOGIES LIMITED,884.30,903.65,880.85,897.00,897.00,889.00,,896.99,,,357777,320541840.00,16168,F1,1,,,,,
2026-09-17,2026-09-17,CM,NSE,STK,433,INE834I01025,KHADIM,BE,,,,,KHADIM INDIA LIMITED,123.38,123.38,123.38,123.38,123.38,120.97,,124.00,,,41560,5127672.80,109,F1,1,,,,,
2026-09-17,2026-09-17,CM,NSE,STK,3912,INE731C01018,KHAITANLTD,EQ,,,,,KHAITAN (INDIA)LTD.,159.95,159.95,148.65,154.95,152.50,149.37,,154.95,,,2221,345812.34,93,F1,1,,,,,
2026-09-17,2026-09-17,CM,NSE,STK,896,INE745B01028,KHAICHEM,EQ,,,,,KHAITAN CHEM & FERT LTD,51.25,51.25,49.56,49.97,50.25,50.47,,49.97,,,139399,6997237.86,1471,F1,1,,,,,
2026-09-17,2026-09-17,CM,NSE,STK,9641,INE060B01014,KHANDSE,EQ,,,,,KHANDWALA SECURITIES LTD,17.89,17.90,17.26,17.58,17.59,17.50,,17.58,,,516,9123.65,18,F1,1,,,,,
2026-09-17,2026-09-17,CM,NSE,STK,762747,INE338F01015,KLBRENG-B,EQ,,,,,KILBURN ENGINEERING LTD.,465.00,470.45,457.05,460.10,460.00,462.65,,460.11,,,73999,34260083.35,3019,F1,1,,,,,
2026-09-17,2026-09-17,CM,NSE,STK,19941,INE729D01010,KILITCH,BE,,,,,KILITCH DRUGS INDIA LTD,189.70,192.00,185.86,188.67,188.00,188.82,,189.24,,,18618,3524281.52,139,F1,1,,,,,
2026-09-17,2026-09-17,CM,NSE,STK,18944,INE473D01015,KINGFA,EQ,,,,,KINGFA SCI & TEC IND LTD.,5884.00,5960.00,5826.00,5855.50,5898.00,5889.00,,5855.45,,,9494,56035639.00,3850,F1,1,,,,,
2026-09-17,2026-09-17,CM,NSE,STK,19126,INE880L01014,KIOCL,EQ,,,,,KIOCL LIMITED,328.60,339.60,328.60,337.70,338.20,326.85,,337.64,,,90467,30357604.75,4385,F1,1,,,,,
2026-09-17,2026-09-17,CM,NSE,STK,762742,INE555P01013,KIRANVYPAR,EQ,,,,,KIRAN VYAPAR LTD.,207.96,213.10,200.00,207.00,207.00,200.09,,207.00,,,12978,2717010.00,220,F1,1,,,,,
2026-09-17,2026-09-17,CM,NSE,STK,16639,INE415I01015,KIRIINDUS,EQ,,,,,KIRI INDUSTRIES LIMITED,513.00,543.50,512.85,535.45,536.45,513.40,,535.45,,,634854,339494146.65,14467,F1,1,,,,,
2026-09-17,2026-09-17,CM,NSE,STK,18581,INE732A01036,KIRLOSBROS,EQ,,,,,KIRLOSKAR BROTHERS LTD,1720.00,1776.00,1716.00,1770.80,1766.00,1724.70,,1770.77,,,28378,49856375.60,5303,F1,1,,,,,
2026-09-17,2026-09-17,CM,NSE,STK,18220,INE134B01017,KECL,EQ,,,,,KIRLOSKAR ELECTRIC CO LTD,118.11,122.22,115.96,119.42,118.10,120.02,,119.42,,,84728,10093584.04,2046,F1,1,,,,,
2026-09-17,2026-09-17,CM,NSE,STK,14466,INE884B01025,KIRLFER,EQ,,,,,KIRLOSKAR FERROUS IND LTD,474.00,477.00,470.30,474.35,475.45,470.90,,474.35,,,68163,32349104.40,4418,F1,1,,,,,
2026-09-17,2026-09-17,CM,NSE,STK,19025,INE250A01039,KIRLOSIND,EQ,,,,,KIRLOSKAR INDUSTRIES LTD,3807.30,3833.10,3752.00,3780.60,3806.00,3770.20,,3780.81,,,6731,25508140.90,1148,F1,1,,,,,
2026-09-17,2026-09-17,CM,NSE,STK,20936,INE146L01010,KIRLOSENG,EQ,,,,,KIRLOSKAR OIL ENG LTD,2036.00,2159.00,2025.10,2120.60,2120.00,2040.50,,2120.48,,,663959,1407385355.90,58595,F1,1,,,,,
2026-09-17,2026-09-17,CM,NSE,STK,15180,INE811A01038,KIRLPNU,EQ,,,,,KIRLOSKAR PNEUMATIC COM L,699.90,700.00,681.00,693.85,695.00,695.20,,693.86,,,95454,66295355.95,7630,F1,1,,,,,
2026-09-17,2026-09-17,CM,NSE,STK,28899,INE602G01020,KITEX,EQ,,,,,KITEX GARMENTS LTD,118.50,121.00,117.81,120.58,120.01,118.58,,120.60,,,348505,41771745.97,4148,F1,1,,,,,
2026-09-17,2026-09-17,CM,NSE,STK,760923,INE0KNW01016,KNAGRI,EQ,,,,,KN AGRI RESOURCES LIMITED,180.08,205.00,180.08,202.24,205.00,180.25,,202.24,,,17508,3445888.39,485,F1,1,,,,,
2026-09-17,2026-09-17,CM,NSE,STK,763839,INE17QZ01016,KNACK,EQ,,,,,KNACK PACKAGING LIMITED,180.24,185.12,180.20,184.16,181.25,179.69,,184.16,,,595577,109476503.99,3821,F1,1,,,,,
2026-09-17,2026-09-17,CM,NSE,STK,27084,INE0CJD01029,KMEW,EQ,,,,,KNOWLEDGE MARINE & EN W L,2710.00,2850.00,2710.00,2828.10,2834.00,2708.70,,2827.96,,,64061,179994733.30,11925,F1,1,,,,,
2026-09-17,2026-09-17,CM,NSE,STK,758431,INE1JAR25012,KRT,RR,,,,,KNOWLEDGE REALTY TRUST,113.20,114.00,113.00,113.55,113.50,113.17,,113.55,,,410290,46602983.53,2328,F1,1,,,,,
2026-09-17,2026-09-17,CM,NSE,STK,15283,INE634I01029,KNRCON,EQ,,,,,KNR CONSTRU LTD.,121.82,125.42,120.10,120.86,120.70,121.82,,120.86,,,4429969,543629827.86,42344,F1,1,,,,,
2026-09-17,2026-09-17,CM,NSE,STK,18754,INE0Q7P01013,KODYTECH,ST,,,,,KODY TECHNOLAB LIMITED,1371.00,1491.00,1371.00,1491.00,1491.00,1420.00,,1491.00,,,46500,69181880.00,93,F1,100,,,,,
2026-09-17,2026-09-17,CM,NSE,STK,3009,INE080B01012,KOHINOOR,EQ,,,,,KOHINOOR FOODS LIMITED,31.70,32.38,30.50,31.20,31.01,31.36,,31.21,,,114143,3605544.74,2263,F1,1,,,,,
2026-09-17,2026-09-17,CM,NSE,STK,16827,INE760A01029,KOKUYOCMLN,EQ,,,,,KOKUYO CAMLIN LIMITED,76.70,77.79,76.02,76.21,76.11,76.60,,76.21,,,9761,747532.11,193,F1,1,,,,,
2026-09-17,2026-09-17,CM,NSE,STK,15124,INE094I01018,KOLTEPATIL,EQ,,,,,KOLTE PATIL DEV. LTD.,432.40,436.45,425.65,433.10,434.20,429.05,,433.11,,,41920,18102048.35,3560,F1,1,,,,,
2026-09-17,2026-09-17,CM,NSE,STK,19287,INE0KZ301010,KONTOR,SM,,,,,KONTOR SPACE LIMITED,54.80,54.80,50.00,51.00,51.00,54.75,,51.00,,,7800,397860.00,13,F1,600,,,,,
2026-09-17,2026-09-17,CM,NSE,STK,1919,INE082A01010,KOPRAN,EQ,,,,,KOPRAN LTD,261.40,271.00,260.20,268.59,267.89,260.86,,268.59,,,3137443,834954764.65,48430,F1,1,,,,,
2026-09-17,2026-09-17,CM,NSE,STK,16758,INE0O4R01018,KDL,SM,,,,,KORE DIGITAL LIMITED,89.15,89.15,87.25,87.50,87.30,87.60,,87.50,,,5700,503025.00,36,F1,150,,,,,
2026-09-17,2026-09-17,CM,NSE,STK,14858,INF174KA1HJ8,GOLD1,EQ,,,,,KOTAK GOLD ETF,126.00,126.08,124.80,125.62,125.59,126.08,,125.62,,,2124653,266671977.89,10798,F1,1,,,,,
2026-09-17,2026-09-17,CM,NSE,STK,1922,INE237A01036,KOTAKBANK,EQ,,,,,KOTAK MAHINDRA BANK LTD,415.00,417.60,412.50,416.50,416.50,415.00,,416.65,,,11475105,4762206596.75,201735,F1,1,,,,,
2026-09-17,2026-09-17,CM,NSE,STK,18102,INF174K014P6,NIFTY1,EQ,,,,,KOTAK NIFTY ETF,258.43,259.71,257.14,259.12,259.20,258.43,,259.12,,,56430,14620070.96,1082,F1,1,,,,,
2026-09-17,2026-09-17,CM,NSE,STK,15061,INF174KA1A86,PSUBANK,EQ,,,,,KOTAK PSU BANK,82.86,83.94,82.52,82.63,82.84,82.80,,82.63,,,38641,3208091.22,436,F1,1,,,,,
2026-09-17,2026-09-17,CM,NSE,STK,759885,INF174KA1XV0,CHEMICAL,EQ,,,,,KOTAKMAMC - CHEMICAL,29.04,29.20,28.88,29.13,29.15,28.91,,29.13,,,271437,7885014.51,903,F1,1,,,,,
2026-09-17,2026-09-17,CM,NSE,STK,7412,INF174KA1IA5,ALPHA,EQ,,,,,KOTAKMAMC - KOTAKALPHA,53.30,53.30,52.16,52.86,53.04,52.46,,52.86,,,786376,41514069.63,2102,F1,1,,,,,
2026-09-17,2026-09-17,CM,NSE,STK,10512,INF174KA1ZF8,CONS,EQ,,,,,KOTAKMAMC - KOTAKCONS,11.44,12.00,11.44,11.81,11.85,11.67,,11.81,,,16325,193192.16,159,F1,1,,,,,
2026-09-17,2026-09-17,CM,NSE,STK,2627,INF174KA1GC5,IT,EQ,,,,,KOTAKMAMC - KOTAKIT,32.25,32.81,32.05,32.49,32.51,32.25,,32.49,,,160242,5185618.71,669,F1,1,,,,,
2026-09-17,2026-09-17,CM,NSE,STK,13950,INF174KA1LV5,LIQUID1,EQ,,,,,KOTAKMAMC - KOTAKLIQ,1122.94,1122.96,1122.94,1122.94,1122.95,1122.81,,1122.94,,,1080738,1213615421.85,6393,F1,1,,,,,
2026-09-17,2026-09-17,CM,NSE,STK,8632,INF174KA1IY5,LOWVOL1,EQ,,,,,KOTAKMAMC - KOTAKLOVOL,20.34,20.48,20.30,20.34,20.32,20.23,,20.34,,,3967,80811.93,94,F1,1,,,,,
2026-09-17,2026-09-17,CM,NSE,STK,8077,INF174KA1ZC5,MIDCAP,EQ,,,,,KOTAKMAMC - KOTAKMID50,18.01,18.21,17.93,18.13,18.11,18.01,,18.13,,,133637,2421003.66,746,F1,1,,,,,
2026-09-17,2026-09-17,CM,NSE,STK,10676,INF174KA1JF2,MNC,EQ,,,,,KOTAKMAMC - KOTAKMNC,32.00,32.70,31.92,32.29,32.49,32.09,,32.29,,,18692,603231.98,490,F1,1,,,,,
2026-09-17,2026-09-17,CM,NSE,STK,13082,INF174KA1ZD3,SILVER1,EQ,,,,,KOTAKMAMC - KOTAKSILVE,22.00,22.10,21.84,21.98,21.96,22.20,,21.98,,,13186412,289457134.39,7995,F1,1,,,,,
2026-09-17,2026-09-17,CM,NSE,STK,11457,INF174KA1ZE1,NV20,EQ,,,,,KOTAKMAMC - KTKNV20ETF,13.54,13.58,13.47,13.51,13.57,13.56,,13.51,,,45776,619087.16,312,F1,1,,,,,
2026-09-17,2026-09-17,CM,NSE,STK,30469,INF174KA1VW2,MID150,EQ,,,,,KOTAKMAMC - MID150,22.99,23.01,22.82,22.93,22.93,22.88,,22.93,,,635762,14587077.31,348,F1,1,,,,,
2026-09-17,2026-09-17,CM,NSE,STK,759488,INF174KA1XS6,MOMENTUM30,EQ,,,,,KOTAKMAMC - MOMENTUM30,29.97,30.20,29.89,30.06,29.98,29.91,,30.06,,,171221,5142069.06,49,F1,1,,,,,
2026-09-17,2026-09-17,CM,NSE,STK,29758,INF174KA1VD2,MSCIINDIA,EQ,,,,,KOTAKMAMC - MSCIINDIA,28.94,29.10,28.90,28.96,29.05,28.88,,28.96,,,4050,117359.92,55,F1,1,,,,,
2026-09-17,2026-09-17,CM,NSE,STK,760709,INF174KA1YO3,NEXT50ETF,EQ,,,,,KOTAKMAMC - NEXT50ETF,70.93,71.70,70.93,71.69,71.70,70.93,,71.69,,,7471,534180.97,144,F1,1,,,,,
2026-09-17,2026-09-17,CM,NSE,STK,29944,INF174KA1UW4,NIFTY100EW,EQ,,,,,KOTAKMAMC - NIFTY100EW,33.87,34.78,33.80,34.13,34.27,34.33,,34.13,,,37581,1279180.26,527,F1,1,,,,,
2026-09-17,2026-09-17,CM,NSE,STK,764195,INF174KA1A94,PVTBANK,EQ,,,,,KOTAKMAMC - PVTBANK,27.50,27.50,27.23,27.23,27.23,27.41,,27.23,,,1080,29495.60,83,F1,1,,,,,
2026-09-17,2026-09-17,CM,NSE,STK,757946,INF174KA1WT6,QUALITY30,EQ,,,,,KOTAKMAMC - QUALITY30,19.92,20.03,19.85,19.96,19.85,19.93,,19.96,,,1924,38413.31,127,F1,1,,,,,
2026-09-17,2026-09-17,CM,NSE,STK,5851,INF174KA1ZB7,BANKNIFTY1,EQ,,,,,KOTAKMAMC-KOTAKBKETF,58.31,58.74,58.17,58.29,58.17,58.32,,58.32,,,1798682,104718939.94,731,F1,1,,,,,
2026-09-17,2026-09-17,CM,NSE,STK,762752,INE972A01020,KOTIC,EQ,,,,,KOTHARI INDUSTRIAL CORP L,137.95,142.39,131.00,135.69,134.90,133.61,,135.29,,,51566,7103989.18,1149,F1,1,,,,,
2026-09-17,2026-09-17,CM,NSE,STK,4594,INE720A01015,KOTHARIPET,EQ,,,,,KOTHARI PETROCHEM LTD,134.39,134.46,131.60,132.64,132.79,133.03,,132.64,,,49247,6536849.41,858,F1,1,,,,,
2026-09-17,2026-09-17,CM,NSE,STK,5528,INE823A01017,KOTHARIPRO,EQ,,,,,KOTHARI PRODUCTS LTD,66.00,66.00,60.75,64.09,64.65,64.14,,64.09,,,6798,432835.01,226,F1,1,,,,,
2026-09-17,2026-09-17,CM,NSE,STK,11648,INE419A01022,KOTARISUG,BE,,,,,KOTHARI SUG & CHEM LTD.,27.12,28.54,27.00,27.38,27.00,27.19,,27.38,,,39175,1086785.89,215,F1,1,,,,,
2026-09-17,2026-09-17,CM,NSE,STK,761337,INE0J0B01017,KOTYARK,BE,,,,,KOTYARK INDUSTRIES LTD,31.27,33.00,30.82,31.28,31.40,32.16,,31.28,,,182620,5766917.52,480,F1,1,,,,,
2026-09-17,2026-09-17,CM,NSE,STK,5192,INE177F01017,KOVAI,EQ,,,,,KOVAI MEDICAL CENTER & HO,6118.50,6190.00,6031.00,6112.00,6145.50,6088.00,,6116.48,,,3567,21890370.00,1037,F1,1,,,,,
2026-09-17,2026-09-17,CM,NSE,STK,5108,INE542W01025,KPIGREEN,EQ,,,,,KPI GREEN ENERGY LIMITED,274.80,279.50,272.80,278.75,278.80,276.35,,278.75,,,288223,79995588.35,8960,F1,1,,,,,
2026-09-17,2026-09-17,CM,NSE,STK,9683,INE04I401011,KPITTECH,EQ,,,,,KPIT TECHNOLOGIES LIMITED,556.20,560.95,552.50,559.30,559.30,555.00,,559.30,,,599882,334405819.15,16645,F1,1,,,,,
2026-09-17,2026-09-17,CM,NSE,STK,14912,INE930H01031,KPRMILL,EQ,,,,,KPR MILL LTD.,1120.20,1128.90,1090.00,1095.40,1098.00,1121.40,,1095.41,,,198809,219436600.10,20292,F1,1,,,,,
2026-09-17,2026-09-17,CM,NSE,STK,10577,INE001B01026,KRBL,EQ,,,,,KRBL LIMITED,395.00,400.10,392.90,395.40,396.80,394.85,,395.42,,,248080,98229330.65,8426,F1,1,,,,,
2026-09-17,2026-09-17,CM,NSE,STK,1937,INE268B01013,KREBSBIO,EQ,,,,,KREBS BIOCHEMICALS & IND,55.65,57.60,55.10,55.48,55.10,55.65,,55.48,,,4118,230325.81,100,F1,1,,,,,
2026-09-17,2026-09-17,CM,NSE,STK,11480,INE524L01026,KRIDHANINF,EQ,,,,,KRIDHAN INFRA LIMITED,1.89,1.90,1.80,1.82,1.85,1.89,,1.82,,,72421,133667.33,150,F1,1,,,,,
2026-09-17,2026-09-17,CM,NSE,STK,12847,INE506W01020,KRISHANA,EQ,,,,,KRISHANA PHOSCHEM LIMITED,184.13,184.38,180.98,182.04,182.00,183.67,,182.04,,,423003,77185075.35,5829,F1,1,,,,,
2026-09-17,2026-09-17,CM,NSE,STK,16133,INE0NR701018,KRISHCA,SM,,,,,KRISHCA STRAPPING SLTN L,160.50,162.00,160.25,161.85,160.25,158.95,,161.85,,,13500,2181700.00,22,F1,500,,,,,
2026-09-17,2026-09-17,CM,NSE,STK,756782,INE0GGO01015,KRISHIVAL,EQ,,,,,KRISHIVAL FOODS LIMITED,420.00,420.00,405.00,409.45,411.00,419.40,,409.47,,,32644,13465326.40,927,F1,1,,,,,
2026-09-17,2026-09-17,CM,NSE,STK,761192,INE0J5601015,KRISHNADEF,EQ,,,,,KRISHNA DEF AND ALD IND L,1001.10,1030.00,995.80,1010.30,1002.30,1002.40,,1010.30,,,54695,55127705.70,5015,F1,1,,,,,
2026-09-17,2026-09-17,CM,NSE,STK,4847,INE967H01025,KIMS,EQ,,,,,KRISHNA INST OF MED SCI L,766.65,799.05,763.05,791.85,798.00,766.65,,791.84,,,1082406,850657555.90,40464,F1,1,,,,,
2026-09-17,2026-09-17,CM,NSE,STK,6417,INE479D01038,KRITI,EQ,,,,,KRITI INDUSTRIES IND LTD,62.21,62.21,58.71,59.95,59.60,61.91,,59.96,,,16133,964482.92,280,F1,1,,,,,
2026-09-17,2026-09-17,CM,NSE,STK,11432,INE798K01010,KRITINUT,EQ,,,,,KRITI NUTRIENTS LIMITED,79.90,81.50,79.10,80.45,80.84,80.30,,80.45,,,3370,271932.84,74,F1,1,,,,,
2026-09-17,2026-09-17,CM,NSE,STK,9288,INE00Z501029,KRITIKA,EQ,,,,,KRITIKA WIRES LIMITED,5.11,5.25,5.11,5.17,5.18,5.17,,5.17,,,70621,364722.54,335,F1,1,,,,,
2026-09-17,2026-09-17,CM,NSE,STK,760624,INE1MTV01019,KRMAYURVED,SM,,,,,KRM AYURVEDA LIMITED,297.55,323.00,290.00,317.30,317.00,297.40,,317.30,,,188000,58555200.00,156,F1,1000,,,,,
2026-09-17,2026-09-17,CM,NSE,STK,25643,INE0Q3J01015,KRN,EQ,,,,,KRN HEAT EXCHANGE N REF L,1430.00,1453.00,1371.80,1392.80,1404.20,1438.30,,1392.67,,,676289,951276529.50,46917,F1,1,,,,,
2026-09-17,2026-09-17,CM,NSE,STK,24026,INE0ATZ01017,KRONOX,BE,,,,,KRONOX LAB SCIENCES LTD,169.02,178.30,165.05,173.57,173.90,171.53,,173.57,,,86952,15110460.90,609,F1,1,,,,,
2026-09-17,2026-09-17,CM,NSE,STK,25252,INE0O6601022,KROSS,EQ,,,,,KROSS LIMITED,225.81,243.80,224.85,242.05,243.75,225.86,,242.06,,,1745433,415736276.37,29190,F1,1,,,,,
2026-09-17,2026-09-17,CM,NSE,STK,5359,INE08LI01020,KRSNAA,EQ,,,,,KRSNAA DIAGNOSTICS LTD,563.90,598.00,530.25,541.05,535.60,536.40,,541.14,,,3267030,1841732903.60,114908,F1,1,,,,,
2026-09-17,2026-09-17,CM,NSE,STK,23175,INE0QN801017,KRYSTAL,EQ,,,,,KRYSTAL INTEGRATED SER L,655.60,696.90,636.80,674.90,677.00,655.60,,674.91,,,185098,124582844.90,6450,F1,1,,,,,
2026-09-17,2026-09-17,CM,NSE,STK,1949,INE999A01023,KSB,EQ,,,,,KSB LIMITED,764.85,779.80,761.00,777.80,775.65,764.85,,777.76,,,62789,48546092.00,8134,F1,1,,,,,
2026-09-17,2026-09-17,CM,NSE,STK,764753,INE953E01022,KSE,EQ,,,,,KSE LTD.,176.25,180.55,174.85,177.33,178.22,176.35,,177.03,,,17970,3197518.07,519,F1,1,,,,,
2026-09-17,2026-09-17,CM,NSE,STK,760433,INE987S01020,KSHINTL,EQ,,,,,KSH INTERNATIONAL LIMITED,1058.95,1092.40,1038.45,1045.55,1049.90,1060.35,,1045.57,,,387798,412022207.10,35905,F1,1,,,,,
2026-09-17,2026-09-17,CM,NSE,STK,10407,INE013801027,KSHITIJPOL,EQ,,,,,KSHITIJ POLYLINE LIMITED,4.01,4.02,4.01,4.01,4.02,3.83,,4.01,,,9656251,38802844.14,3644,F1,1,,,,,
2026-09-17,2026-09-17,CM,NSE,STK,11060,INE0D6I01023,KSOLVES,EQ,,,,,KSOLVES INDIA LIMITED,259.00,263.00,252.55,259.75,257.00,255.75,,259.74,,,28119,7227060.60,2704,F1,1,,,,,
2026-09-17,2026-09-17,CM,NSE,STK,759987,INE1SPP01016,KSR,EQ,,,,,KSR FOOTWEAR LIMITED,47.99,48.84,44.20,44.30,44.20,46.52,,44.30,,,93873,4438153.40,610,F1,1,,,,,
2026-09-17,2026-09-17,CM,NSE,STK,13870,INE529I01021,KUANTUM,EQ,,,,,KUANTUM PAPERS LIMITED,75.50,77.90,75.50,76.07,76.00,75.69,,76.03,,,69765,5342262.20,961,F1,1,,,,,
2026-09-17,2026-09-17,CM,NSE,STK,764116,INE0ISX01025,KUSUMGAR,EQ,,,,,KUSUMGAR LIMITED,547.00,562.50,547.00,551.50,556.50,549.20,,551.50,,,186226,102800393.20,4909,F1,1,,,,,
2026-09-17,2026-09-17,CM,NSE,STK,762757,INE552U01010,KPL,EQ,,,,,KWALITY PHARMACEUTICALS L,3372.00,3485.00,3346.30,3452.10,3472.00,3356.00,,3452.01,,,21503,73771301.50,5470,F1,1,,,,,
2026-09-17,2026-09-17,CM,NSE,STK,760946,INE2KCE01013,KWIL,EQ,,,,,KWALITY WALL'S (INDIA) L,41.35,41.79,39.60,39.91,39.96,41.32,,39.91,,,9862678,400258482.15,29338,F1,1,,,,,
2026-09-17,2026-09-17,CM,NSE,STK,765100,INE341H01023,LKPSEC,EQ,,,,,L K P SECURITIES LTD.,14.71,15.23,14.71,15.06,15.21,15.03,,15.02,,,728,10992.73,50,F1,1,,,,,
2026-09-17,2026-09-17,CM,NSE,STK,24948,INE498L01015,LTF,EQ,,,,,L&T FINANCE LIMITED,295.30,304.05,293.50,302.30,302.30,295.50,,302.30,,,3499657,1051854147.40,34007,F1,1,,,,,
2026-09-17,2026-09-17,CM,NSE,STK,18564,INE010V01017,LTTS,EQ,,,,,L&T TECHNOLOGY SER. LTD.,3351.50,3377.00,3307.30,3324.30,3330.00,3351.50,,3324.27,,,51724,172606787.30,13062,F1,1,,,,,
2026-09-17,2026-09-17,CM,NSE,STK,14423,INE059D01020,LAOPALA,EQ,,,,,LA OPALA RG LIMITED,156.45,158.03,155.40,156.13,156.15,156.01,,156.13,,,218566,34219191.54,6566,F1,1,,,,,
2026-09-17,2026-09-17,CM,NSE,STK,764761,INE519D01015,LADDERUP,BE,,,,,LADDERUP FINANCE LTD.,61.55,63.98,60.26,62.98,62.99,60.94,,62.91,,,5213,328117.11,63,F1,1,,,,,
2026-09-17,2026-09-17,CM,NSE,STK,5865,INE548Z01017,LAGNAM,EQ,,,,,LAGNAM SPINTEX LIMITED,73.40,73.40,69.15,70.24,70.00,71.30,,70.24,,,5718,403907.61,107,F1,1,,,,,
2026-09-17,2026-09-17,CM,NSE,STK,762762,INE515C01023,LAHOTIOV,EQ,,,,,LAHOTI OVERSEAS LTD.,40.00,40.49,39.31,39.31,39.31,40.43,,39.31,,,200,7889.21,6,F1,1,,,,,
2026-09-17,2026-09-17,CM,NSE,STK,7902,INE850E01012,LFIC,EQ,,,,,LAKSHMI FIN IND CORP LTD,130.46,141.24,130.00,135.41,137.97,131.30,,135.41,,,6724,907902.25,204,F1,1,,,,,
2026-09-17,2026-09-17,CM,NSE,STK,764763,INE938C01019,LAKSHMIMIL,EQ,,,,,LAKSHMI MILLS CO. LTD.,7850.00,7969.00,7850.00,7968.50,7968.50,7850.00,,7968.50,,,5,39721.00,5,F1,1,,,,,
2026-09-17,2026-09-17,CM,NSE,STK,4774,INE651C01018,LAKPRE,BZ,,,,,LAKSHMI PRE SCRE LTD,5.37,5.37,5.15,5.15,5.15,5.42,,5.15,,,6700,34763.44,27,F1,1,,,,,
2026-09-17,2026-09-17,CM,NSE,STK,25860,INE0VZS01015,LAKSHYA,SM,,,,,LAKSHYA POWERTECH LIMITED,76.10,87.15,76.00,84.80,84.80,80.35,,84.80,,,23200,1919280.00,21,F1,800,,,,,
2026-09-17,2026-09-17,CM,NSE,STK,765361,INE0K9O01026,LALITHAA,EQ,,,,,LALITHAA JEWELLERY MART L,295.00,299.70,290.40,290.40,290.40,305.65,,290.38,,,5186628,1520789437.50,28387,F1,1,,,,,
2026-09-17,2026-09-17,CM,NSE,STK,6407,INE112F01022,LAMBODHARA,EQ,,,,,LAMBODHARA TEXTILES LTD.,121.40,121.40,117.00,118.74,118.20,117.76,,118.74,,,8833,1048577.69,351,F1,1,,,,,
2026-09-17,2026-09-17,CM,NSE,STK,27225,INE0R0201012,LAMOSAIC,ST,,,,,LAMOSAIC INDIA LIMITED,52.80,53.10,50.55,52.30,52.80,53.15,,52.30,,,76800,4020900.00,40,F1,600,,,,,
2026-09-17,2026-09-17,CM,NSE,STK,9392,INE359U01028,LANCER,EQ,,,,,LANCER CONTAINER LINES L,12.23,12.82,12.20,12.39,12.43,12.23,,12.39,,,193860,2418743.91,426,F1,1,,,,,
2026-09-17,2026-09-17,CM,NSE,STK,23030,INE572G01025,LANCORHOL,BE,,,,,LANCOR HOLDINGS LIMITED,34.80,36.90,34.00,35.20,35.99,35.24,,35.23,,,59519,2089754.97,275,F1,1,,,,,
2026-09-17,2026-09-17,CM,NSE,STK,13276,INE559R01029,LANDMARK,EQ,,,,,LANDMARK CARS LIMITED,470.95,495.00,467.05,492.10,494.00,476.60,,492.10,,,134708,65093581.35,6744,F1,1,,,,,
2026-09-17,2026-09-17,CM,NSE,STK,16863,INE197J01017,LPDC,EQ,,,,,LANDMARK PR.DEV.CO.LTD,6.12,6.29,6.05,6.10,6.15,6.12,,6.10,,,21167,129356.45,144,F1,1,,,,,
2026-09-17,2026-09-17,CM,NSE,STK,17376,INE688J01023,LANDSMILL,EQ,,,,,LANDSMILL GREEN LIMITED,0.57,0.58,0.56,0.56,0.56,0.57,,0.56,,,1100551,628806.32,880,F1,1,,,,,
2026-09-17,2026-09-17,CM,NSE,STK,11483,INE018A01030,LT,EQ,,,,,LARSEN & TOUBRO LTD.,3811.00,3875.00,3811.00,3836.20,3836.20,3807.70,,3833.42,,,1319415,5082322792.50,76817,F1,1,,,,,
2026-09-17,2026-09-17,CM,NSE,STK,764126,INE17IR01028,LASERPOWER,EQ,,,,,LASER POWER & INFRA LTD,270.80,274.65,266.65,269.00,270.90,270.80,,269.01,,,411450,111200327.95,7669,F1,1,,,,,
2026-09-17,2026-09-17,CM,NSE,STK,6818,INE0I7C01011,LATENTVIEW,EQ,,,,,LATENT VIEW ANALYTICS LTD,253.45,255.90,251.90,255.00,255.05,252.15,,255.00,,,292457,74116995.50,7157,F1,1,,,,,
2026-09-17,2026-09-17,CM,NSE,STK,15840,INE262Z01023,LATTEYS,EQ,,,,,LATTEYS INDUSTRIES LTD,21.39,21.39,20.34,20.76,20.97,20.65,,20.76,,,30603,630594.08,145,F1,1,,,,,
2026-09-17,2026-09-17,CM,NSE,STK,19234,INE947Q01028,LAURUSLABS,EQ,,,,,LAURUS LABS LIMITED,1898.00,1964.50,1894.80,1948.10,1948.10,1905.50,,1948.16,,,1645108,3202504745.80,43039,F1,1,,,,,
2026-09-17,2026-09-17,CM,NSE,STK,6568,INE801V01019,LAXMICOT,EQ,,,,,LAXMI COTSPIN LIMITED,13.76,13.76,12.67,13.08,13.38,13.22,,13.08,,,6581,87726.54,94,F1,1,,,,,
2026-09-17,2026-09-17,CM,NSE,STK,29171,INE0WO601020,LAXMIDENTL,EQ,,,,,LAXMI DENTAL LIMITED,195.66,201.10,195.66,198.23,198.00,195.43,,198.22,,,28958,5749351.15,951,F1,1,,,,,
2026-09-17,2026-09-17,CM,NSE,STK,19876,INE258Y01016,LGHL,EQ,,,,,LAXMI GOLDORNA HOUSE LTD,187.17,188.00,185.20,185.56,185.20,187.04,,185.56,,,6600,1233180.49,114,F1,1,,,,,
2026-09-17,2026-09-17,CM,NSE,STK,758863,INE06WU01026,LAXMIINDIA,EQ,,,,,LAXMI INDIA FINANCE LTD,121.16,124.61,119.20,123.61,123.45,119.85,,123.61,,,107146,13180582.04,2011,F1,1,,,,,
2026-09-17,2026-09-17,CM,NSE,STK,2841,INE576O01020,LXCHEM,EQ,,,,,LAXMI ORGANIC INDUS LTD,170.35,183.90,170.35,179.23,178.99,171.73,,179.23,,,2486902,446885617.40,35790,F1,1,,,,,
2026-09-17,2026-09-17,CM,NSE,STK,7529,INE938A01021,LCCINFOTEC,EQ,,,,,LCC INFOTECH LTD,3.28,3.28,3.13,3.28,3.28,3.13,,3.30,,,29606,97077.30,46,F1,1,,,,,
2026-09-17,2026-09-17,CM,NSE,STK,766044,INE1FPN01026,LCCPROJECT,EQ,,,,,LCC PROJECTS LIMITED,189.00,189.00,170.10,170.10,170.10,146.00,,170.14,,,22468435,4035377133.59,116816,F1,1,,,,,
2026-09-17,2026-09-17,CM,NSE,STK,760300,INE0G1L01025,LEMERITE,EQ,,,,,LE MERITE EXPORTS LIMITED,18.23,19.79,18.23,18.74,19.55,19.18,,18.74,,,346174,6339553.47,385,F1,1,,,,,
2026-09-17,2026-09-17,CM,NSE,STK,24067,INE0HV901016,IXIGO,EQ,,,,,LE TRAVENUES TECHNOLOGY L,160.54,160.76,157.80,160.06,160.30,160.53,,160.07,,,904962,144306637.10,18853,F1,1,,,,,
2026-09-17,2026-09-17,CM,NSE,STK,14204,INE0H4B01011,LRRPL,SM,,,,,LEAD REC AND RUB PROD LTD,90.00,90.00,90.00,90.00,90.00,89.00,,90.00,,,1500,135000.00,1,F1,1500,,,,,
2026-09-17,2026-09-17,CM,NSE,STK,764523,INE00GO01025,LEAPIND,EQ,,,,,LEAP INDIA LIMITED,134.25,139.00,133.78,136.31,136.10,134.71,,136.30,,,2323727,318583987.97,25340,F1,1,,,,,
2026-09-17,2026-09-17,CM,NSE,STK,765098,INE791B01014,LEENEE,BE,,,,,LEE & NEE SOFTWARES (E) L,7.40,7.92,7.40,7.92,7.92,7.55,,7.77,,,2963,22893.08,26,F1,1,,,,,
2026-09-17,2026-09-17,CM,NSE,STK,757014,INE0AQ201015,THELEELA,EQ,,,,,LEELA PALACES HOTEL LTD,520.20,536.00,520.20,530.00,530.15,524.20,,529.30,,,76806,40696551.60,8961,F1,1,,,,,
2026-09-17,2026-09-17,CM,NSE,STK,2606,INE970X01018,LEMONTREE,EQ,,,,,LEMON TREE HOTELS LTD,103.20,105.14,103.20,104.06,104.00,103.26,,104.06,,,1684840,175451795.60,25335,F1,1,,,,,
2026-09-17,2026-09-17,CM,NSE,STK,759605,INE956O01016,LENSKART,EQ,,,,,LENSKART SOLUTIONS LTD,678.00,691.60,672.15,679.95,677.55,675.85,,679.94,,,5163552,3536392712.35,161068,F1,1,,,,,
2026-09-17,2026-09-17,CM,NSE,STK,14459,INE500X01013,LEXUS,EQ,,,,,LEXUS GRANITO (INDIA) LTD,14.00,14.00,13.16,13.27,13.49,13.52,,13.27,,,4906,65988.85,109,F1,1,,,,,
2026-09-17,2026-09-17,CM,NSE,STK,18321,INE337A01034,LGBBROSLTD,EQ,,,,,LG BALAKRISHNAN & BROS,1702.10,1745.90,1698.20,1718.50,1716.20,1706.70,,1718.51,,,30530,52618533.40,4205,F1,1,,,,,
2026-09-17,2026-09-17,CM,NSE,STK,760213,INE324D01010,LGEINDIA,EQ,,,,,LG ELECTRONICS INDIA LTD,1624.00,1677.10,1617.90,1652.90,1652.00,1628.20,,1652.95,,,398578,661084283.80,35145,F1,1,,,,,
2026-09-17,2026-09-17,CM,NSE,STK,11082,INE908V01012,LIBAS,EQ,,,,,LIBAS CONSU PRODUCTS LTD,11.47,12.60,11.32,12.00,12.07,11.47,,12.00,,,205702,2470485.27,361,F1,1,,,,,
2026-09-17,2026-09-17,CM,NSE,STK,1994,INE557B01019,LIBERTSHOE,EQ,,,,,LIBERTY SHOES LTD,219.80,221.12,215.10,216.00,216.89,217.94,,216.01,,,12325,2684818.27,515,F1,1,,,,,
2026-09-17,2026-09-17,CM,NSE,STK,1997,INE115A01026,LICHSGFIN,EQ,,,,,LIC HOUSING FINANCE LTD,542.05,554.55,541.05,545.90,545.90,543.00,,545.91,,,3377564,1851920866.20,35657,F1,1,,,,,
2026-09-17,2026-09-17,CM,NSE,STK,25640,INF767K01SM1,LICMFGOLD,EQ,,,,,LIC MF - LIC GOLD ETF,135.25,136.55,134.25,135.30,134.60,135.60,,135.30,,,151724,20535689.50,791,F1,1,,,,,
2026-09-17,2026-09-17,CM,NSE,STK,11319,INF767K01OS7,LICNETFN50,EQ,,,,,LICNAMC - LICNFENGP,259.98,262.81,259.98,261.77,260.54,259.85,,263.68,,,144,37653.35,25,F1,1,,,,,
2026-09-17,2026-09-17,CM,NSE,STK,15229,INF767K01PC8,LICNFNHGP,EQ,,,,,LICNAMC - LICNFNHGP,275.01,275.01,268.00,271.47,272.24,275.01,,271.04,,,303,82037.27,34,F1,1,,,,,
2026-09-17,2026-09-17,CM,NSE,STK,6062,INF767K01MV5,LICNETFGSC,EQ,,,,,LICNAMC - LICNMFET,29.45,29.45,29.20,29.26,29.26,29.20,,29.26,,,2724,79726.91,49,F1,1,,,,,
2026-09-17,2026-09-17,CM,NSE,STK,22722,INF767K01RN1,LICNMID100,EQ,,,,,LICNAMC - LICNMID100,60.80,62.39,60.80,62.00,62.39,60.84,,62.09,,,3565,220071.23,95,F1,1,,,,,
2026-09-17,2026-09-17,CM,NSE,STK,9480,INE0J1Y01017,LICI,EQ,,,,,LIFE INSURA CORP OF INDIA,395.50,406.00,392.55,400.00,400.00,395.50,,399.99,,,7410477,2968623276.50,87120,F1,1,,,,,
2026-09-17,2026-09-17,CM,NSE,STK,578,INE060901027,LIKHITHA,EQ,,,,,LIKHITHA INFRASTRUC LTD,228.90,228.90,219.32,222.63,222.11,227.33,,222.59,,,42097,9419318.84,1183,F1,1,,,,,
2026-09-17,2026-09-17,CM,NSE,STK,6951,INE802B01027,LINC,EQ,,,,,LINC LIMITED,92.50,94.46,90.00,91.26,91.50,90.37,,91.25,,,19380,1770956.33,776,F1,1,,,,,
2026-09-17,2026-09-17,CM,NSE,STK,11596,INE405C01035,LINCOLN,EQ,,,,,LINCOLN PHARMA LTD,589.40,607.20,587.90,600.70,598.60,590.70,,600.72,,,40723,24464927.40,2300,F1,1,,,,,
2026-09-17,2026-09-17,CM,NSE,STK,1627,INE473A01011,LINDEINDIA,EQ,,,,,LINDE INDIA LIMITED,6100.00,6148.00,6047.50,6094.50,6100.00,6089.50,,6094.48,,,29616,180403061.50,4248,F1,1,,,,,
2026-09-17,2026-09-17,CM,NSE,STK,17801,INE093R01011,LLOYDSENGG,EQ,,,,,LLOYDS ENGG WORK LIMITED,79.30,81.20,79.30,80.20,80.23,80.02,,80.20,,,2627679,211374620.63,16073,F1,1,,,,,
2026-09-17,2026-09-17,CM,NSE,STK,25807,INE080I01025,LLOYDSENT,EQ,,,,,LLOYDS ENTERPRISES LTD,66.60,68.55,66.60,67.00,67.13,66.96,,67.00,,,1075798,72619983.58,6903,F1,1,,,,,
2026-09-17,2026-09-17,CM,NSE,STK,11472,INE0DTQ01028,LLOYDS,SM,,,,,LLOYDS LUXURIES LIMITED,57.95,57.95,57.95,57.95,57.95,55.60,,57.95,,,1000,57950.00,1,F1,1000,,,,,
2026-09-17,2026-09-17,CM,NSE,STK,17313,INE281B01032,LLOYDSME,EQ,,,,,LLOYDS METALS N ENERGY L,1813.00,1831.70,1792.10,1799.30,1792.50,1812.30,,1799.87,,,200722,364505655.00,16887,F1,1,,,,,
2026-09-17,2026-09-17,CM,NSE,STK,1979,INE269B01029,LMW,EQ,,,,,LMW LIMITED,17577.00,18327.00,17558.00,18170.00,18315.00,17617.00,,18170.07,,,6056,109443055.00,2666,F1,1,,,,,
2026-09-17,2026-09-17,CM,NSE,STK,3220,INE670K01029,LODHA,EQ,,,,,LODHA DEVELOPERS LIMITED,1080.00,1116.90,1078.00,1103.10,1103.10,1087.40,,1103.09,,,2157472,2370249887.80,37951,F1,1,,,,,
2026-09-17,2026-09-17,CM,NSE,STK,764296,INE0QJW01029,LCL,EQ,,,,,LOHIA CORP LIMITED,523.10,544.00,516.00,524.95,525.00,523.80,,524.95,,,327586,174674243.20,23370,F1,1,,,,,
2026-09-17,2026-09-17,CM,NSE,STK,13436,INE397H01017,LOKESHMACH,EQ,,,,,LOKESH MACHINES LTD,345.60,354.35,342.00,343.30,342.15,348.25,,343.13,,,21296,7411145.80,1126,F1,1,,,,,
2026-09-17,2026-09-17,CM,NSE,STK,18232,INE846D01012,LORDSCHLO,EQ,,,,,LORDS CHLORO ALKALI LTD,135.50,135.84,131.13,132.78,132.03,133.49,,132.94,,,7275,964558.51,290,F1,1,,,,,
2026-09-17,2026-09-17,CM,NSE,STK,14924,INE740X01023,LAL,EQ,,,,,LORENZINI APPARELS LTD,8.85,8.91,8.26,8.54,8.50,8.77,,8.54,,,33047,281263.88,233,F1,1,,,,,
2026-09-17,2026-09-17,CM,NSE,STK,764768,INE026D01011,LOTUSCHO,EQ,,,,,LOTUS CHOCOLATE CO. LTD.,566.90,570.00,550.00,568.85,569.35,561.70,,569.04,,,973,548471.95,160,F1,1,,,,,
2026-09-17,2026-09-17,CM,NSE,STK,16807,INE947I01017,LOTUSEYE,EQ,,,,,LOTUS EYE HOSP & INST L,113.30,115.95,112.50,113.12,112.56,114.94,,112.96,,,2719,308441.46,123,F1,1,,,,,
2026-09-17,2026-09-17,CM,NSE,STK,22415,INE597L01014,LOVABLE,EQ,,,,,LOVABLE LINGERIE LTD,70.00,71.49,68.50,70.38,70.41,69.75,,70.38,,,9100,640282.54,200,F1,1,,,,,
2026-09-17,2026-09-17,CM,NSE,STK,10590,INE970D01010,LOYALTEX,EQ,,,,,LOYAL TEXTILE MILLS LTD,210.00,210.00,204.06,207.00,207.00,209.99,,207.00,,,123,25732.69,10,F1,1,,,,,
2026-09-17,2026-09-17,CM,NSE,STK,13816,INE818H01020,LTFOODS,EQ,,,,,LT FOODS LIMITED,418.35,424.00,415.40,421.90,423.00,417.75,,421.90,,,232925,98069810.55,19417,F1,1,,,,,
2026-09-17,2026-09-17,CM,NSE,STK,17818,INE214T01019,LTM,EQ,,,,,LTM LIMITED,4233.00,4294.90,4180.00,4265.30,4265.30,4233.00,,4265.28,,,225747,959463777.40,25278,F1,1,,,,,
2026-09-17,2026-09-17,CM,NSE,STK,14014,INE872H01027,LUMAXTECH,EQ,,,,,LUMAX AUTO TECH LTD,1941.80,2035.00,1933.00,2018.00,2018.00,1941.80,,2018.18,,,153301,306211624.80,22602,F1,1,,,,,
2026-09-17,2026-09-17,CM,NSE,STK,2018,INE162B01018,LUMAXIND,EQ,,,,,LUMAX INDUSTRIES LTD,5712.00,5799.50,5701.00,5724.00,5740.00,5760.50,,5724.00,,,6009,34503176.00,1993,F1,1,,,,,
2026-09-17,2026-09-17,CM,NSE,STK,765524,INE185Q01025,LUMINO,EQ,,,,,LUMINO INDUSTRIES LIMITED,100.10,108.60,98.51,107.14,107.99,100.29,,107.15,,,20758824,2166882192.99,88186,F1,1,,,,,
2026-09-17,2026-09-17,CM,NSE,STK,10440,INE326A01037,LUPIN,EQ,,,,,LUPIN LIMITED,2052.60,2098.10,2046.30,2098.10,2098.10,2045.00,,2098.07,,,525909,1091475958.00,34112,F1,1,,,,,
2026-09-17,2026-09-17,CM,NSE,STK,11301,INE150G01020,LUXIND,EQ,,,,,LUX INDUSTRIES LIMITED,1040.00,1050.80,1036.10,1042.50,1045.40,1032.40,,1042.39,,,29567,30836734.80,1753,F1,1,,,,,
2026-09-17,2026-09-17,CM,NSE,STK,7248,INE933A01014,LYKALABS,BE,,,,,LYKA LABS LTD.,81.71,81.71,81.71,81.71,81.71,80.11,,84.08,,,5657,462233.47,37,F1,1,,,,,
2026-09-17,2026-09-17,CM,NSE,STK,758150,INE08N601015,MBEL,EQ,,,,,M AND B ENGINEERING LTD,254.80,259.95,247.20,251.40,250.55,254.40,,251.40,,,420146,105711004.90,10853,F1,1,,,,,
2026-09-17,2026-09-17,CM,NSE,STK,765120,INE227F01010,MKEXIM,EQ,,,,,M K EXIM (INDIA) LTD.,66.94,67.90,64.20,67.23,67.90,65.17,,67.46,,,26545,1760969.69,314,F1,1,,,,,
2026-09-17,2026-09-17,CM,NSE,STK,16736,INE964W01021,MKPL,EQ,,,,,M K PROTEINS LIMITED,4.05,4.20,3.99,4.07,4.09,4.03,,4.07,,,124924,508827.16,428,F1,1,,,,,
2026-09-17,2026-09-17,CM,NSE,STK,22360,INE813V01022,MCL,EQ,,,,,M TEK COPPER LIMITED,55.50,55.80,54.41,54.74,54.70,54.96,,54.74,,,27735,1523751.57,571,F1,1,,,,,
2026-09-17,2026-09-17,CM,NSE,STK,13285,INE774D01024,M&MFIN,EQ,,,,,M&M FIN. SERVICES LTD,345.15,352.50,343.25,345.70,346.45,345.05,,345.70,,,1682084,582034774.65,61627,F1,1,,,,,
2026-09-17,2026-09-17,CM,NSE,STK,22976,INE0SGC01015,MVKAGRO,SM,,,,,M.V.K. AGRO FOOD PROD LTD,276.40,278.00,257.15,257.15,257.15,270.65,,257.15,,,267300,69195465.00,315,F1,300,,,,,
2026-09-17,2026-09-17,CM,NSE,STK,15017,INE215I01027,MAANALU,EQ,,,,,MAAN ALUMINIUM LIMITED,104.40,105.59,101.22,102.89,103.00,103.41,,102.86,,,75997,7871082.30,1322,F1,1,,,,,
2026-09-17,2026-09-17,CM,NSE,STK,762782,INE435D01014,MCCHRLS-B,EQ,,,,,MAC CHARLES (INDIA) LTD.,690.00,700.00,650.00,659.75,660.00,660.00,,659.29,,,4694,3098079.25,40,F1,1,,,,,
2026-09-17,2026-09-17,CM,NSE,STK,24545,INE0R0J01010,MACOBSTECH,SM,,,,,MACOBS TECHNOLOGIES LTD,198.00,198.50,195.50,195.50,195.50,204.00,,195.50,,,49600,9818280.00,10,F1,800,,,,,
2026-09-17,2026-09-17,CM,NSE,STK,22347,INE155Z01011,MACPOWER,EQ,,,,,MACPOWER CNC MACHINES LTD,1889.60,2010.00,1831.00,1921.60,1911.00,1889.60,,1921.60,,,94021,182890294.50,8497,F1,1,,,,,
2026-09-17,2026-09-17,CM,NSE,STK,762767,INE631R01026,MADHAVIPL,EQ,,,,,MADHAV INFRA PROJECTS L,7.97,7.97,7.42,7.59,7.51,7.69,,7.57,,,83118,634496.58,343,F1,1,,,,,
2026-09-17,2026-09-17,CM,NSE,STK,15151,INE925C01016,MADHAV,EQ,,,,,MADHAV MARBLE & GRANITE,36.00,36.00,34.50,34.50,34.50,34.50,,34.50,,,713,24928.97,7,F1,1,,,,,
2026-09-17,2026-09-17,CM,NSE,STK,13668,INE378D01032,MADHUCON,BE,,,,,MADHUCON PROJECTS LTD.,4.17,4.17,3.88,3.88,3.90,3.99,,3.87,,,56848,224190.86,70,F1,1,,,,,
2026-09-17,2026-09-17,CM,NSE,STK,765476,INE1P5601010,MADHURKNIT,SM,,,,,MADHUR KNIT CRAFTS LTD,54.00,54.00,44.85,46.90,45.50,56.05,,46.90,,,844800,39673980.00,435,F1,1200,,,,,
2026-09-17,2026-09-17,CM,NSE,STK,18738,INE0P6701019,MADHUSUDAN,ST,,,,,MADHUSUDAN MASALA LIMITED,235.75,238.90,227.55,237.00,237.00,239.50,,237.00,,,29000,6765300.00,25,F1,1000,,,,,
2026-09-17,2026-09-17,CM,NSE,STK,12686,INE900L01028,MBAPL,EQ,,,,,MADHYA BHARAT AGRO P. LTD,159.82,168.49,158.86,163.90,164.60,159.82,,163.90,,,1856013,305613949.57,14494,F1,1,,,,,
2026-09-17,2026-09-17,CM,NSE,STK,4911,INE414A01015,MADRASFERT,EQ,,,,,MADRAS FERTILISERS LTD,61.20,61.75,60.32,61.16,61.40,60.27,,61.15,,,39547,2418535.47,795,F1,1,,,,,
2026-09-17,2026-09-17,CM,NSE,STK,762772,INE270B01035,MAFATIND,EQ,,,,,MAFATLAL INDUSTRIES LTD.,121.61,121.85,120.05,120.90,121.00,120.41,,120.90,,,14704,1774949.60,350,F1,1,,,,,
2026-09-17,2026-09-17,CM,NSE,STK,21392,INE347W01011,MAGADSUGAR,EQ,,,,,MAGADH SUGAR & ENERGY LTD,504.00,512.35,496.20,508.15,507.25,505.70,,508.16,,,18567,9367925.00,1514,F1,1,,,,,
2026-09-17,2026-09-17,CM,NSE,STK,29482,INE613C01026,MCLOUD,EQ,,,,,MAGELLANIC CLOUD LIMITED,25.36,25.58,25.10,25.19,25.30,25.17,,25.19,,,702570,17790279.95,2327,F1,1,,,,,
2026-09-17,2026-09-17,CM,NSE,STK,14957,INE387I01016,MAGNUM,EQ,,,,,MAGNUM VENTURES LTD.,19.20,20.15,18.52,19.53,19.49,18.94,,19.53,,,112587,2197276.95,521,F1,1,,,,,
2026-09-17,2026-09-17,CM,NSE,STK,17088,INE0O1S01012,MAGSON,SM,,,,,MAGSON RETAIL AND DIST L,179.00,179.00,179.00,179.00,179.00,175.00,,179.00,,,1000,179000.00,1,F1,1000,,,,,
2026-09-17,2026-09-17,CM,NSE,STK,5239,INE843B01013,MAHAPEXLTD,EQ,,,,,MAHA RASHTRA APEX COPR. L,54.00,56.01,54.00,55.26,56.00,54.88,,55.26,,,2454,136292.96,87,F1,1,,,,,
2026-09-17,2026-09-17,CM,NSE,STK,24937,INE0US801024,MFML,EQ,,,,,MAHALAXMI FABRIC MILLS LT,19.40,19.40,18.60,18.66,18.60,19.34,,18.50,,,60,1122.71,26,F1,1,,,,,
2026-09-17,2026-09-17,CM,NSE,STK,7889,INE112D01035,MHLXMIRU,BE,,,,,MAHALAXMI RUBTECH LIMITED,149.88,153.98,149.88,152.88,152.99,149.87,,152.88,,,3633,554597.52,48,F1,1,,,,,
2026-09-17,2026-09-17,CM,NSE,STK,17531,INE451L01014,MAHASTEEL,BE,,,,,MAHAMAYA STEEL INDS LTD,1250.00,1250.00,1201.90,1201.90,1201.90,1265.10,,1198.59,,,1144,1379660.20,113,F1,1,,,,,
2026-09-17,2026-09-17,CM,NSE,STK,17534,INE002S01010,MGL,EQ,,,,,MAHANAGAR GAS LTD.,1073.80,1079.90,1065.00,1071.20,1067.10,1080.10,,1071.20,,,66861,71722680.30,9451,F1,1,,,,,
2026-09-17,2026-09-17,CM,NSE,STK,2294,INE153A01019,MTNL,EQ,,,,,MAHANAGAR TELEPHONE NIGAM,23.90,24.10,23.31,23.77,23.76,23.84,,23.77,,,714491,17055567.02,2494,F1,1,,,,,
2026-09-17,2026-09-17,CM,NSE,STK,2085,INE288A01013,MAHSCOOTER,EQ,,,,,MAHARASHTRA SCOOTERS LTD,13123.00,13247.00,13101.00,13151.00,13190.00,13123.00,,13152.21,,,1641,21584982.00,670,F1,1,,,,,
2026-09-17,2026-09-17,CM,NSE,STK,2088,INE271B01025,MAHSEAMLES,EQ,,,,,MAHARASHTRA SEAMLESS LTD,699.20,726.00,692.95,720.20,721.85,692.95,,720.19,,,436705,312485594.70,28205,F1,1,,,,,
2026-09-17,2026-09-17,CM,NSE,STK,758688,INE632Q01018,MRIL,ST,,,,,MAHENDRA REALTO & INFRA L,79.70,83.00,77.20,81.25,82.90,79.80,,81.25,,,24000,1927920.00,14,F1,1600,,,,,
2026-09-17,2026-09-17,CM,NSE,STK,9576,INE263W01010,MAHESHWARI,EQ,,,,,MAHESHWARI LOGISTICS LTD.,71.47,71.47,68.28,70.00,70.00,71.48,,70.00,,,10004,698791.44,93,F1,1,,,,,
2026-09-17,2026-09-17,CM,NSE,STK,2839,INE961Y01015,MAHICKRA,SM,,,,,MAHICKRA CHEMICAL LIMITED,314.50,314.50,314.50,314.50,314.50,305.95,,314.50,,,750,235875.00,1,F1,750,,,,,
2026-09-17,2026-09-17,CM,NSE,STK,2031,INE101A01026,M&M,EQ,,,,,MAHINDRA & MAHINDRA LTD,3047.00,3127.80,3047.00,3076.50,3076.50,3070.00,,3077.12,,,1875308,5817485603.50,114634,F1,1,,,,,
2026-09-17,2026-09-17,CM,NSE,STK,17603,INE215D01010,MAHEPC,EQ,,,,,MAHINDRA EPC IRRIG LTD,103.49,103.49,101.11,101.99,102.35,101.18,,102.01,,,2687,274177.72,103,F1,1,,,,,
2026-09-17,2026-09-17,CM,NSE,STK,17333,INE998I01010,MHRIL,EQ,,,,,MAHINDRA HOLIDAYS LTD,193.30,198.75,191.66,195.17,196.09,193.51,,195.18,,,138980,27257747.40,3170,F1,1,,,,,
2026-09-17,2026-09-17,CM,NSE,STK,8050,INE813A01018,MAHLIFE,EQ,,,,,MAHINDRA LIFESPACE DEVLTD,344.15,366.80,342.95,363.70,363.45,344.15,,363.70,,,157306,56286652.70,8221,F1,1,,,,,
2026-09-17,2026-09-17,CM,NSE,STK,385,INE766P01016,MAHLOG,EQ,,,,,MAHINDRA LOGISTIC LIMITED,385.10,392.80,385.05,389.55,390.90,386.80,,389.57,,,34419,13397799.55,2280,F1,1,,,,,
2026-09-17,2026-09-17,CM,NSE,STK,24538,INE683C01011,MAITHANALL,EQ,,,,,MAITHAN ALLOYS LTD,1026.95,1047.00,1009.90,1027.45,1026.00,994.45,,1027.45,,,163731,168184134.40,10367,F1,1,,,,,
2026-09-17,2026-09-17,CM,NSE,STK,19809,INE0PLQ01011,MAITREYA,SM,,,,,MAITREYA MEDICARE LIMITED,115.95,115.95,115.95,115.95,115.95,114.95,,115.95,,,400,46380.00,1,F1,400,,,,,
2026-09-17,2026-09-17,CM,NSE,STK,762780,INE201B01022,MAJESAUT,BE,,,,,MAJESTIC AUTO LTD.,366.45,366.90,355.00,359.60,366.80,362.70,,359.76,,,4037,1453741.70,95,F1,1,,,,,
2026-09-17,2026-09-17,CM,NSE,STK,764773,INE987A01010,MAKERSL,EQ,,,,,MAKERS LABORATORIES LTD.,184.00,187.98,180.98,185.13,185.90,177.92,,185.00,,,1424,265438.39,61,F1,1,,,,,
2026-09-17,2026-09-17,CM,NSE,STK,7965,INE389C01015,MALLCOM,EQ,,,,,MALLCOM (INDIA) LIMITED,945.00,958.00,945.00,949.95,945.50,924.30,,949.95,,,550,523772.85,101,F1,1,,,,,
2026-09-17,2026-09-17,CM,NSE,STK,13352,INE383H01017,MALUPAPER,EQ,,,,,MALU PAPER MILLS LIMITED,32.39,33.89,31.90,31.97,31.90,31.66,,31.96,,,23457,765303.14,355,F1,1,,,,,
2026-09-17,2026-09-17,CM,NSE,STK,28687,INE0TO701015,MAMATA,EQ,,,,,MAMATA MACHINERY LIMITED,390.10,398.00,389.70,393.90,392.00,391.55,,393.92,,,24366,9585479.30,1311,F1,1,,,,,
2026-09-17,2026-09-17,CM,NSE,STK,7413,INE830Q01018,MANAKCOAT,EQ,,,,,MAN COAT METAL & IND LTD,124.71,132.40,124.51,129.69,128.60,125.96,,129.69,,,1267746,164278234.05,6819,F1,1,,,,,
2026-09-17,2026-09-17,CM,NSE,STK,11884,INE993A01026,MANINDS,EQ,,,,,MAN INDUSTRIES (I) LTD.,788.05,836.00,785.80,823.00,828.00,790.30,,822.98,,,1087714,891116756.40,47058,F1,1,,,,,
2026-09-17,2026-09-17,CM,NSE,STK,18226,INE949H01023,MANINFRA,EQ,,,,,MAN INFRA LTD,122.50,126.59,122.50,125.71,125.72,124.23,,125.72,,,1602110,199578966.73,6064,F1,1,,,,,
2026-09-17,2026-09-17,CM,NSE,STK,7420,INE859Q01017,MANAKALUCO,EQ,,,,,MANAK ALUMINIUM CO. LTD.,34.29,36.11,34.29,35.81,35.56,35.00,,35.81,,,28922,1031608.06,557,F1,1,,,,,
2026-09-17,2026-09-17,CM,NSE,STK,15199,INE015D01022,MANAKSIA,EQ,,,,,MANAKSIA LTD.,63.80,67.69,63.25,64.05,64.87,64.41,,64.05,,,72388,4721911.27,1236,F1,1,,,,,
2026-09-17,2026-09-17,CM,NSE,STK,7482,INE824Q01011,MANAKSTEEL,BE,,,,,MANAKSIA STEELS LTD,109.40,109.80,103.29,104.46,106.97,106.42,,104.65,,,20557,2180778.04,168,F1,1,,,,,
2026-09-17,2026-09-17,CM,NSE,STK,13796,INE201A01024,MANALIPETC,EQ,,,,,MANALI PETROCHEMICALS LT,82.38,83.43,81.15,82.30,81.16,82.37,,82.30,,,892492,73606165.33,8763,F1,1,,,,,
2026-09-17,2026-09-17,CM,NSE,STK,19061,INE522D01027,MANAPPURAM,EQ,,,,,MANAPPURAM FINANCE LTD,318.85,322.15,315.00,316.05,316.05,319.90,,316.05,,,2149995,683276309.60,23490,F1,1,,,,,
2026-09-17,2026-09-17,CM,NSE,STK,765927,INE0U4H20011,MPEL-RE,ST,,,,,MANAS POLY N ENERG LTD,1.65,1.65,1.40,1.65,1.65,1.50,,1.65,,,1369600,2154720.00,47,F1,3200,,,,,
2026-09-17,2026-09-17,CM,NSE,STK,759354,INE0U4H01011,MPEL,ST,,,,,MANAS POLYMER N ENERGIE L,19.20,21.20,19.20,21.20,21.20,20.20,,21.20,,,30400,599680.00,12,F1,1600,,,,,
2026-09-17,2026-09-17,CM,NSE,STK,25597,INE939X01013,MANBA,EQ,,,,,MANBA FINANCE LIMITED,131.32,134.40,130.78,133.76,134.25,130.67,,133.74,,,78718,10435434.55,821,F1,1,,,,,
2026-09-17,2026-09-17,CM,NSE,STK,23779,INE0R3T01013,MANDEEP,SM,,,,,MANDEEP AUTO INDUSTRIES L,17.85,17.85,17.85,17.85,17.85,17.00,,17.85,,,8000,142800.00,4,F1,2000,,,,,
2026-09-17,2026-09-17,CM,NSE,STK,24823,INE545L01039,MANCREDIT,EQ,,,,,MANGAL CREDIT N FINCORP L,213.74,220.58,212.63,218.00,218.97,215.24,,218.00,,,179068,38947448.41,2019,F1,1,,,,,
2026-09-17,2026-09-17,CM,NSE,STK,758748,INE0PKD01011,MEIL,EQ,,,,,MANGAL ELECTRICAL IND L,273.90,281.00,268.00,270.30,269.00,268.60,,270.14,,,37480,10238426.00,1181,F1,1,,,,,
2026-09-17,2026-09-17,CM,NSE,STK,19137,INE00C401011,MAL,ST,,,,,MANGALAM ALLOYS LIMITED,41.80,41.80,41.80,41.80,41.80,44.00,,41.80,,,4800,200640.00,3,F1,1600,,,,,
2026-09-17,2026-09-17,CM,NSE,STK,2106,INE347A01017,MANGLMCEM,EQ,,,,,MANGALAM CEMENT LTD,988.80,1047.00,985.10,1035.20,1047.00,988.80,,1034.33,,,67186,68575978.70,4928,F1,1,,,,,
2026-09-17,2026-09-17,CM,NSE,STK,11817,INE584F01014,MANGALAM,EQ,,,,,MANGALAM DRUG & CHEM LTD,31.55,33.45,31.51,31.97,31.70,31.98,,31.98,,,29244,948845.06,335,F1,1,,,,,
2026-09-17,2026-09-17,CM,NSE,STK,1593,INE0APB01032,MGEL,EQ,,,,,MANGALAM GLOBAL ENT LTD,16.80,16.90,15.50,15.52,15.50,15.60,,15.52,,,2126371,33222941.64,7085,F1,1,,,,,
2026-09-17,2026-09-17,CM,NSE,STK,6422,INE370D01013,MANORG,EQ,,,,,MANGALAM ORGANICS LIMITED,458.40,465.80,440.00,448.90,448.65,451.05,,448.97,,,35097,15863904.45,2915,F1,1,,,,,
2026-09-17,2026-09-17,CM,NSE,STK,764783,INE829S01016,MSL,EQ,,,,,MANGALAM SEEDS LTD.,136.00,136.30,136.00,136.22,136.20,136.00,,136.22,,,530,72102.70,7,F1,1,,,,,
2026-09-17,2026-09-17,CM,NSE,STK,759169,INE0JYY01029,MWL,EQ,,,,,MANGALAM WORLDWIDE LTD,39.88,40.74,39.41,40.18,40.04,39.74,,40.18,,,370691,14892612.63,2277,F1,1,,,,,
2026-09-17,2026-09-17,CM,NSE,STK,760174,INE1ERK01013,MANILAM,SM,,,,,MANILAM INDUSTRIES IND L,39.90,39.90,39.90,39.90,39.90,40.80,,39.90,,,2000,79800.00,1,F1,2000,,,,,
2026-09-17,2026-09-17,CM,NSE,STK,764357,INE459N01021,MANIPALHOS,EQ,,,,,MANIPAL HEALTH ENTERPRI L,714.40,734.45,711.70,721.55,723.00,714.60,,721.55,,,615733,445943720.20,20598,F1,1,,,,,
2026-09-17,2026-09-17,CM,NSE,STK,766051,INE241U01028,MPIMANIPAL,EQ,,,,,MANIPAL PAYMENT & IDE S L,330.00,350.50,315.65,345.15,348.10,339.00,,345.18,,,8510549,2839502547.90,100137,F1,1,,,,,
2026-09-17,2026-09-17,CM,NSE,STK,15380,INE634S01028,MANKIND,EQ,,,,,MANKIND PHARMA LIMITED,2252.70,2308.80,2242.10,2300.00,2300.00,2246.00,,2299.93,,,488064,1109539190.00,21886,F1,1,,,,,
2026-09-17,2026-09-17,CM,NSE,STK,19015,INE0KNT01012,MVGJL,EQ,,,,,MANOJ VAIBHAV GEM N JEW L,211.00,219.40,208.31,215.37,215.58,207.16,,215.37,,,704297,151777087.03,14217,F1,1,,,,,
2026-09-17,2026-09-17,CM,NSE,STK,13753,INE784W01015,MANOMAY,EQ,,,,,MANOMAY TEX INDIA LTD,227.89,227.89,221.85,223.55,226.60,223.85,,223.55,,,64820,14521243.94,1887,F1,1,,,,,
2026-09-17,2026-09-17,CM,NSE,STK,10227,INE00VM01036,MANORAMA,EQ,,,,,MANORAMA INDUSTRIES LTD,1907.10,1959.20,1903.70,1939.10,1935.00,1916.40,,1939.03,,,117554,227885470.70,13042,F1,1,,,,,
2026-09-17,2026-09-17,CM,NSE,STK,13572,INE867A01022,MANUGRAPH,EQ,,,,,MANUGRAPH INDIA LIMITED,15.25,15.44,14.62,15.19,15.04,15.14,,15.20,,,4111,61294.97,121,F1,1,,,,,
2026-09-17,2026-09-17,CM,NSE,STK,2112,INE882A01013,MARALOVER,EQ,,,,,MARAL OVERSEAS LTD,58.12,61.40,58.12,59.59,59.78,59.42,,59.59,,,7533,451513.10,180,F1,1,,,,,
2026-09-17,2026-09-17,CM,NSE,STK,18659,INE182D01020,MARATHON,EQ,,,,,MARATHON NXTGEN REALT LTD,415.05,417.45,410.40,414.15,415.30,415.05,,414.16,,,36537,15136503.15,1914,F1,1,,,,,
2026-09-17,2026-09-17,CM,NSE,STK,760453,INE0TD401015,MARC,SM,,,,,MARC TECHNOCRATS LIMITED,153.80,159.45,150.00,156.00,156.00,150.65,,156.00,,,44400,6985560.00,21,F1,1200,,,,,
2026-09-17,2026-09-17,CM,NSE,STK,18773,INE0QP001012,MARCO,SM,,,,,MARCO CABLE & CONDUCTOR L,30.20,30.70,29.20,29.45,29.70,30.20,,29.45,,,16500,495525.00,11,F1,1500,,,,,
2026-09-17,2026-09-17,CM,NSE,STK,4067,INE196A01026,MARICO,EQ,,,,,MARICO LIMITED,810.15,826.30,810.15,817.00,817.00,810.15,,817.00,,,1761636,1444574596.10,36197,F1,1,,,,,
2026-09-17,2026-09-17,CM,NSE,STK,1328,INE01JE01028,MARINE,EQ,,,,,MARINE ELECTRICAL (I) LTD,372.90,384.35,370.55,373.15,373.50,373.30,,373.15,,,435723,163928337.90,18617,F1,1,,,,,
2026-09-17,2026-09-17,CM,NSE,STK,760204,INE0FW001016,MARKOLINES,EQ,,,,,MARKOLINES PAVEMENT TEC L,170.50,174.33,170.00,172.84,172.50,170.59,,172.84,,,215118,37212369.56,1345,F1,1,,,,,
2026-09-17,2026-09-17,CM,NSE,STK,10579,INE750C01026,MARKSANS,EQ,,,,,MARKSANS PHARMA LIMITED,315.95,322.50,312.95,319.70,320.95,316.45,,319.64,,,1104335,352069322.30,31674,F1,1,,,,,
2026-09-17,2026-09-17,CM,NSE,STK,761386,INE415B01044,MARSONS,EQ,,,,,MARSONS LIMITED,121.75,127.95,121.01,121.67,121.60,121.54,,121.68,,,1499002,183855426.06,12095,F1,1,,,,,
2026-09-17,2026-09-17,CM,NSE,STK,761042,INE0X7G01013,MARUSHIKA,SM,,,,,MARUSHIKA TECHNOLOGY LTD,112.05,120.00,112.05,119.30,120.00,119.65,,119.30,,,31200,3665460.00,19,F1,1200,,,,,
2026-09-17,2026-09-17,CM,NSE,STK,10999,INE585B01010,MARUTI,EQ,,,,,MARUTI SUZUKI INDIA LTD.,12165.00,12409.00,12127.00,12338.00,12338.00,12166.00,,12341.35,,,249064,3068415009.00,45489,F1,1,,,,,
2026-09-17,2026-09-17,CM,NSE,STK,199,INE348L01012,MASFIN,EQ,,,,,MAS FINANCIAL SERV LTD,288.05,292.90,282.85,286.90,286.80,288.05,,286.90,,,421158,120688988.85,4418,F1,1,,,,,
2026-09-17,2026-09-17,CM,NSE,STK,18727,INE885F01015,MASKINVEST,EQ,,,,,MASK INVESTMENTS LIMITED,137.00,137.00,137.00,137.00,137.00,142.40,,137.00,,,39,5343.00,2,F1,1,,,,,
2026-09-17,2026-09-17,CM,NSE,STK,24278,INE0SH001010,MASON,SM,,,,,MASON INFRATECH LIMITED,114.80,120.60,114.80,119.00,119.00,112.00,,119.00,,,25000,2969950.00,36,F1,500,,,,,
2026-09-17,2026-09-17,CM,NSE,STK,2124,INE759A01021,MASTEK,EQ,,,,,MASTEK LTD,1630.30,1650.00,1617.20,1630.10,1635.80,1633.10,,1630.54,,,54148,88210423.80,9642,F1,1,,,,,
2026-09-17,2026-09-17,CM,NSE,STK,27047,INE677D01037,MASTERTR,EQ,,,,,MASTER TRUST LIMITED,85.29,90.50,84.85,87.47,87.03,85.38,,87.46,,,446576,39266843.30,3866,F1,1,,,,,
2026-09-17,2026-09-17,CM,NSE,STK,21726,INE866R01028,MATRIMONY,EQ,,,,,MATRIMONY.COM LIMITED,531.70,546.00,520.80,530.80,522.70,533.40,,530.71,,,32549,17490617.60,1295,F1,1,,,,,
2026-09-17,2026-09-17,CM,NSE,STK,759945,INE132901013,MGSL,SM,,,,,MATRIX GEO SOLUTIONS LTD,69.00,69.50,68.95,69.25,69.50,66.10,,69.25,,,7200,497340.00,6,F1,1200,,,,,
2026-09-17,2026-09-17,CM,NSE,STK,17022,INE636A01039,MAWANASUG,EQ,,,,,MAWANA SUGARS LIMITED,126.00,128.00,123.63,125.54,126.00,125.16,,125.54,,,80447,10074511.40,1955,F1,1,,,,,
2026-09-17,2026-09-17,CM,NSE,STK,19646,INE03EI01018,MAXESTATES,EQ,,,,,MAX ESTATES LIMITED,570.50,584.00,566.35,577.60,575.00,572.10,,577.63,,,113120,65470028.95,6325,F1,1,,,,,
2026-09-17,2026-09-17,CM,NSE,STK,2142,INE180A01020,MFSL,EQ,,,,,MAX FINANCIAL SERV LTD,1480.10,1569.50,1473.60,1554.00,1554.00,1487.60,,1554.00,,,958344,1476724749.70,52873,F1,1,,,,,
2026-09-17,2026-09-17,CM,NSE,STK,22377,INE027H01010,MAXHEALTH,EQ,,,,,MAX HEALTHCARE INS LTD,1022.10,1045.70,1021.10,1037.00,1037.00,1025.00,,1036.99,,,1117711,1158522916.30,25298,F1,1,,,,,
2026-09-17,2026-09-17,CM,NSE,STK,22428,INE0CG601016,MAXIND,EQ,,,,,MAX INDIA LIMITED,140.33,141.99,139.06,140.19,141.50,139.64,,140.20,,,37038,5193588.73,845,F1,1,,,,,
2026-09-17,2026-09-17,CM,NSE,STK,21691,INE0ECC01022,MAXPOSURE,SM,,,,,MAXPOSURE LIMITED,37.50,41.65,37.50,38.60,38.60,37.65,,38.60,,,23000,897300.00,23,F1,1000,,,,,
2026-09-17,2026-09-17,CM,NSE,STK,29645,INE10A501018,MAXVOLT,SM,,,,,MAXVOLT ENERGY INDUS L,399.90,403.90,370.00,374.15,370.25,384.95,,374.15,,,62800,24318620.00,153,F1,400,,,,,
2026-09-17,2026-09-17,CM,NSE,STK,28906,INE040D01038,MAYURUNIQ,EQ,,,,,MAYUR UNIQUOTERS LTD,741.20,769.85,737.65,750.00,752.80,741.20,,750.00,,,102554,77723734.10,6425,F1,1,,,,,
2026-09-17,2026-09-17,CM,NSE,STK,509,INE249Z01020,MAZDOCK,EQ,,,,,MAZAGON DOCK SHIPBUIL LTD,2249.10,2264.90,2176.00,2210.00,2210.00,2231.90,,2210.09,,,1560226,3445119806.50,66310,F1,1,,,,,
2026-09-17,2026-09-17,CM,NSE,STK,18870,INE885E01042,MAZDA,BE,,,,,MAZDA LIMITED,256.85,263.45,250.00,263.45,263.45,250.95,,263.78,,,10263,2669099.25,128,F1,1,,,,,
2026-09-17,2026-09-17,CM,NSE,STK,18029,INE912H01013,MBLINFRA,EQ,,,,,MBL INFRASTRUCTURE LTD,22.25,22.85,21.40,22.19,22.19,22.14,,22.19,,,36249,793865.77,191,F1,1,,,,,
2026-09-17,2026-09-17,CM,NSE,STK,11943,INE942G01012,MCLEODRUSS,EQ,,,,,MCLEOD RUSSEL INDIA LTD.,43.35,43.75,41.62,42.22,41.62,42.55,,42.26,,,259354,11019530.43,1270,F1,1,,,,,
2026-09-17,2026-09-17,CM,NSE,STK,13687,INE748A01024,MBECL,BE,,,,,MCNALLY BHARAT ENGIN CO L,382.47,382.47,382.47,382.47,382.47,364.26,,382.47,,,2294,877386.18,86,F1,1,,,,,
2026-09-17,2026-09-17,CM,NSE,STK,14574,INE0O4M01019,MCON,SM,,,,,MCON RASAYAN INDIA LTD,39.50,41.00,39.00,40.05,40.05,39.45,,40.05,,,13000,519650.00,12,F1,1000,,,,,
2026-09-17,2026-09-17,CM,NSE,STK,21705,INE456Z01021,MEDIASSIST,EQ,,,,,MEDI ASSIST HEALTH SER L,314.60,325.20,310.50,321.15,323.00,312.50,,321.15,,,65756,20998351.20,2494,F1,1,,,,,
2026-09-17,2026-09-17,CM,NSE,STK,765110,INE442D01010,MEDICAPQ,EQ,,,,,MEDI CAPS LTD.,25.80,25.80,24.52,24.81,24.70,25.81,,24.74,,,15631,389892.21,243,F1,1,,,,,
2026-09-17,2026-09-17,CM,NSE,STK,762802,INE200D01020,MMWL,EQ,,,,,MEDIA MATRIX WORLDWIDE L,13.00,13.75,12.59,13.04,13.28,13.12,,13.04,,,20551,268433.33,208,F1,1,,,,,
2026-09-17,2026-09-17,CM,NSE,STK,6278,INE646B01010,MEDICAMEQ,EQ,,,,,MEDICAMEN BIOTECH LIMITED,345.50,363.90,340.05,346.30,348.80,345.50,,346.42,,,128639,45544685.25,4755,F1,1,,,,,
2026-09-17,2026-09-17,CM,NSE,STK,24239,INE0PE401018,MEDIORG,SM,,,,,MEDICAMEN ORGANICS LTD,23.90,23.90,22.75,22.75,22.75,23.90,,22.75,,,14000,321100.00,7,F1,2000,,,,,
2026-09-17,2026-09-17,CM,NSE,STK,9667,INE630Y01024,MEDICO,EQ,,,,,MEDICO REMEDIES LIMITED,35.90,38.40,34.65,36.34,36.00,35.33,,36.32,,,251738,9004799.54,2711,F1,1,,,,,
2026-09-17,2026-09-17,CM,NSE,STK,7254,INE804L01022,MEDPLUS,EQ,,,,,MEDPLUS HEALTH SERV LTD,655.00,669.00,652.00,654.00,653.75,656.10,,654.00,,,122132,80235978.80,6694,F1,1,,,,,
2026-09-17,2026-09-17,CM,NSE,STK,760229,INE0VDM01015,MEESHO,EQ,,,,,MEESHO LIMITED,213.00,213.07,206.75,207.31,206.92,213.26,,207.30,,,7638011,1595107703.56,113691,F1,1,,,,,
2026-09-17,2026-09-17,CM,NSE,STK,8153,INE00EM01016,MEGASTAR,EQ,,,,,MEGASTAR FOODS LIMITED,288.00,288.00,276.45,278.75,277.65,277.75,,278.75,,,51986,14600126.65,89,F1,1,,,,,
2026-09-17,2026-09-17,CM,NSE,STK,22560,INE531R01010,MEGATHERM,SM,,,,,MEGATHERM INDUCTION LTD,268.00,268.00,255.00,261.00,263.00,267.10,,261.00,,,11600,3034300.00,27,F1,400,,,,,
2026-09-17,2026-09-17,CM,NSE,STK,5394,INE0CT101020,MOL,EQ,,,,,MEGHMANI ORGANICS LIMITED,57.98,61.39,57.98,59.93,60.00,58.50,,59.93,,,786510,47284958.99,6901,F1,1,,,,,
2026-09-17,2026-09-17,CM,NSE,STK,764778,INE898Q01015,MIIL,EQ,,,,,MEGHNA INFRACON INFRA L,664.95,690.80,651.00,689.00,690.00,663.00,,689.01,,,156055,106676344.65,2778,F1,1,,,,,
2026-09-17,2026-09-17,CM,NSE,STK,6971,INE071D01033,MENONBE,BE,,,,,MENON BEARINGS LIMITED,299.15,307.90,288.50,305.05,305.50,297.15,,305.07,,,29338,8832651.05,578,F1,1,,,,,
2026-09-17,2026-09-17,CM,NSE,STK,762790,INE650G01029,MENNPIS,BE,,,,,MENON PISTONS LTD.,74.20,75.40,73.00,74.59,74.84,74.20,,74.70,,,20146,1485272.86,143,F1,1,,,,,
2026-09-17,2026-09-17,CM,NSE,STK,25882,INE776I01010,MEP,BZ,,,,,MEP INFRA. DEVELOPERS LTD,0.65,0.65,0.64,0.64,0.65,0.65,,0.64,,,135241,87448.89,52,F1,1,,,,,
2026-09-17,2026-09-17,CM,NSE,STK,762792,INE689O01013,MERCANTILE,EQ,,,,,MERCANTILE VENTURES LTD.,22.98,22.98,22.02,22.47,22.87,22.13,,22.47,,,155,3513.09,26,F1,1,,,,,
2026-09-17,2026-09-17,CM,NSE,STK,763663,INE763M01028,MERCURYEV,EQ,,,,,MERCURY EV-TECH LIMITED,39.41,42.24,39.05,40.84,41.30,39.08,,40.85,,,1438388,58748604.24,6184,F1,1,,,,,
2026-09-17,2026-09-17,CM,NSE,STK,764278,INE1II801013,METALIC,ST,,,,,METALIC TECHNOFORGE LTD,140.00,140.00,135.85,136.85,138.90,143.00,,136.85,,,73600,10129600.00,44,F1,1600,,,,,
2026-09-17,2026-09-17,CM,NSE,STK,7242,INE317I01021,METROBRAND,EQ,,,,,METRO BRANDS LIMITED,955.00,955.25,937.55,950.45,955.00,948.30,,950.45,,,23902,22647879.80,3782,F1,1,,,,,
2026-09-17,2026-09-17,CM,NSE,STK,762797,INE085D01033,METROGLOBL,EQ,,,,,METROGLOBAL LTD.,132.01,137.00,132.01,134.50,134.50,132.00,,134.50,,,299,40021.08,14,F1,1,,,,,
2026-09-17,2026-09-17,CM,NSE,STK,9581,INE112L01020,METROPOLIS,EQ,,,,,METROPOLIS HEALTHCARE LTD,580.55,590.10,577.55,586.30,587.90,580.85,,586.28,,,129759,75658546.65,12087,F1,1,,,,,
2026-09-17,2026-09-17,CM,NSE,STK,7165,INE287C01037,MICEL,BE,,,,,MIC ELECTRONICS LTD,34.30,34.30,34.05,34.05,34.05,34.30,,33.81,,,121392,4149907.35,619,F1,1,,,,,
2026-09-17,2026-09-17,CM,NSE,STK,759517,INE0XAD01024,MIDWESTLTD,EQ,,,,,MIDWEST LIMITED,983.80,1020.00,951.00,976.20,975.00,975.30,,976.27,,,54062,52599246.70,3461,F1,1,,,,,
2026-09-17,2026-09-17,CM,NSE,STK,765125,INE588G01021,MLKFOOD,EQ,,,,,MILKFOOD LTD.,79.00,82.00,78.11,79.12,79.00,75.59,,79.43,,,8363,669614.22,149,F1,1,,,,,
2026-09-17,2026-09-17,CM,NSE,STK,765272,INE00IT01020,MILKYMIST,EQ,,,,,MILKY MIST DAIRY FOOD L,276.01,282.70,270.06,274.76,275.00,276.23,,274.73,,,3974674,1097318325.26,51699,F1,1,,,,,
2026-09-17,2026-09-17,CM,NSE,STK,159,INE376Y01016,MILTON,SM,,,,,MILTON INDUSTRIES LIMITED,39.75,39.75,36.15,36.20,36.20,37.90,,36.20,,,8800,326260.00,4,F1,2200,,,,,
2026-09-17,2026-09-17,CM,NSE,STK,765118,INE097E01028,MINALIND,BE,,,,,MINAL INDUSTRIES LTD.,5.25,5.25,5.25,5.25,5.25,5.35,,5.25,,,17562,92200.50,43,F1,1,,,,,
2026-09-17,2026-09-17,CM,NSE,STK,25897,INE842C01021,MINDACORP,EQ,,,,,MINDA CORPORATION LTD,671.55,687.05,665.45,681.25,681.40,671.55,,681.25,,,191985,130017132.70,14315,F1,1,,,,,
2026-09-17,2026-09-17,CM,NSE,STK,22308,INE0CCU25019,MINDSPACE,RR,,,,,MINDSPACE BUSINESS P REIT,499.25,504.00,497.10,499.08,500.88,498.78,,499.11,,,181074,90388430.76,5636,F1,1,,,,,
2026-09-17,2026-09-17,CM,NSE,STK,18049,INE110B01017,MINDTECK,EQ,,,,,MINDTECK (INDIA) LIMITED,155.00,162.91,153.10,156.84,156.78,154.47,,156.80,,,16511,2593416.15,613,F1,1,,,,,
2026-09-17,2026-09-17,CM,NSE,STK,19640,INF769K01KU7,ALPHAETF,EQ,,,,,MIRAEAMC - ALPHAETF,26.24,26.24,25.72,26.02,26.00,25.73,,26.02,,,738021,19181788.90,849,F1,1,,,,,
2026-09-17,2026-09-17,CM,NSE,STK,17419,INF769K01KR3,BANKETF,EQ,,,,,MIRAEAMC - BANKETF,572.49,577.14,571.50,572.55,572.76,573.59,,572.55,,,22817,13082285.60,200,F1,1,,,,,
2026-09-17,2026-09-17,CM,NSE,STK,25725,INF769K01LZ4,BANKPSU,EQ,,,,,MIRAEAMC - BANKPSU,84.05,84.54,83.18,83.41,83.40,83.22,,83.41,,,17015,1425730.65,74,F1,1,,,,,
2026-09-17,2026-09-17,CM,NSE,STK,28969,INF769K01NS5,CONSUMER,EQ,,,,,MIRAEAMC - CONSUMER,11.70,11.78,11.64,11.73,11.72,11.65,,11.73,,,90035,1055217.14,226,F1,1,,,,,
2026-09-17,2026-09-17,CM,NSE,STK,761046,INF769K01QC2,DEFENCE,EQ,,,,,MIRAEAMC - DEFENCE,77.68,77.95,76.85,77.67,77.81,76.93,,77.67,,,270552,21005446.77,1813,F1,1,,,,,
2026-09-17,2026-09-17,CM,NSE,STK,760412,INF769K01PY8,DIVIDEND,EQ,,,,,MIRAEAMC - DIVIDEND,34.69,34.82,34.64,34.81,34.82,34.71,,34.81,,,3816,132555.64,61,F1,1,,,,,
2026-09-17,2026-09-17,CM,NSE,STK,759780,INF769K01PR2,ENERGY,EQ,,,,,MIRAEAMC - ENERGY,37.55,37.76,37.50,37.60,37.72,37.54,,37.61,,,237663,8934678.20,819,F1,1,,,,,
2026-09-17,2026-09-17,CM,NSE,STK,30121,INF769K01OA1,EQUAL200,EQ,,,,,MIRAEAMC - EQUAL200,13.39,13.47,13.38,13.43,13.44,13.34,,13.43,,,41542,557989.54,47,F1,1,,,,,
2026-09-17,2026-09-17,CM,NSE,STK,757142,INF769K01OO2,EQUAL50,EQ,,,,,MIRAEAMC - EQUAL50,320.85,323.30,320.85,323.05,323.05,320.85,,323.02,,,528,170079.60,17,F1,1,,,,,
2026-09-17,2026-09-17,CM,NSE,STK,24461,INF769K01LQ3,EVINDIA,EQ,,,,,MIRAEAMC - EVINDIA,31.50,31.92,31.39,31.84,31.81,31.50,,31.84,,,121664,3865496.92,1181,F1,1,,,,,
2026-09-17,2026-09-17,CM,NSE,STK,760986,INF769K01QA6,HEALTHCARE,EQ,,,,,MIRAEAMC - HEALTHCARE,21.35,21.65,21.33,21.60,21.65,21.33,,21.63,,,144250,3100061.97,164,F1,1,,,,,
2026-09-17,2026-09-17,CM,NSE,STK,764333,INF769K01RJ5,HYBRIDETF,EQ,,,,,MIRAEAMC - HYBRIDETF,9.97,9.97,9.87,9.94,9.94,9.88,,9.94,,,19385,192583.89,46,F1,1,,,,,
2026-09-17,2026-09-17,CM,NSE,STK,761030,INF769K01QB4,INFRA,EQ,,,,,MIRAEAMC - INFRA,11.58,11.70,11.56,11.67,11.66,11.56,,11.67,,,38972,453515.70,119,F1,1,,,,,
2026-09-17,2026-09-17,CM,NSE,STK,758595,INF769K01PB6,INTERNET,EQ,,,,,MIRAEAMC - INTERNET,14.53,14.56,14.43,14.45,14.44,14.46,,14.45,,,96126,1393412.78,167,F1,1,,,,,
2026-09-17,2026-09-17,CM,NSE,STK,19633,INF769K01KV5,ITETF,EQ,,,,,MIRAEAMC - ITETF,30.92,31.16,30.55,30.84,30.97,30.80,,30.84,,,357330,11035734.37,646,F1,1,,,,,
2026-09-17,2026-09-17,CM,NSE,STK,765313,INF769K01RK3,LARGEMID50,EQ,,,,,MIRAEAMC - LARGEMID50,35.22,35.52,35.22,35.31,35.31,35.19,,35.31,,,1283,45458.33,10,F1,1,,,,,
2026-09-17,2026-09-17,CM,NSE,STK,17572,INF769K01KS1,LIQUID,EQ,,,,,MIRAEAMC - LIQUID,1000.00,1000.00,999.99,999.99,999.99,999.99,,999.99,,,250770,250769054.10,147,F1,1,,,,,
2026-09-17,2026-09-17,CM,NSE,STK,27075,INF769K01MY5,LIQUIDPLUS,EQ,,,,,MIRAEAMC - LIQUIDPLUS,1103.46,1103.48,1103.46,1103.47,1103.46,1103.32,,1103.47,,,148108,163433443.99,292,F1,1,,,,,
2026-09-17,2026-09-17,CM,NSE,STK,1200,INF769K01GS9,ESG,EQ,,,,,MIRAEAMC - MAESGETF,39.98,40.07,39.89,39.92,40.05,39.91,,39.92,,,26115,1043110.83,40,F1,1,,,,,
2026-09-17,2026-09-17,CM,NSE,STK,3507,INF769K01HF4,MAFANG,EQ,,,,,MIRAEAMC - MAFANG,235.00,241.78,229.80,237.77,238.90,232.48,,237.79,,,651437,155457720.29,13903,F1,1,,,,,
2026-09-17,2026-09-17,CM,NSE,STK,5220,INF769K01HI8,BFSI,EQ,,,,,MIRAEAMC - MAFSETF,26.92,26.92,26.21,26.38,26.31,26.27,,26.38,,,77632,2050528.85,544,F1,1,,,,,
2026-09-17,2026-09-17,CM,NSE,STK,14286,INF769K01JP9,GOLDETF,EQ,,,,,MIRAEAMC - MAGOLDETF,145.72,146.95,145.60,146.44,146.38,146.81,,146.44,,,821154,120096237.45,4416,F1,1,,,,,
2026-09-17,2026-09-17,CM,NSE,STK,14938,INF769K01KF8,GSEC10YEAR,EQ,,,,,MIRAEAMC - MAGS813ETF,30.34,30.35,30.10,30.35,30.35,30.19,,30.35,,,5046,153140.33,10,F1,1,,,,,
2026-09-17,2026-09-17,CM,NSE,STK,7074,INF769K01HS7,MAHKTECH,EQ,,,,,MIRAEAMC - MAHKTECH,22.03,22.40,21.50,21.84,21.90,21.50,,21.84,,,1036306,22827033.61,4921,F1,1,,,,,
2026-09-17,2026-09-17,CM,NSE,STK,8413,INF769K01IC9,MIDCAPETF,EQ,,,,,MIRAEAMC - MAM150ETF,22.80,23.43,22.80,23.10,23.13,22.97,,23.10,,,1380411,31858689.87,4480,F1,1,,,,,
2026-09-17,2026-09-17,CM,NSE,STK,7979,INF769K01IB1,MAKEINDIA,EQ,,,,,MIRAEAMC - MAMFGETF,162.24,162.24,159.43,161.14,161.34,159.39,,161.14,,,37857,6089004.25,345,F1,1,,,,,
2026-09-17,2026-09-17,CM,NSE,STK,6353,INF769K01EG9,NIFTYETF,EQ,,,,,MIRAEAMC - MAN50ETF,252.50,254.35,252.50,253.40,253.07,253.31,,253.40,,,120788,30631178.00,697,F1,1,,,,,
2026-09-17,2026-09-17,CM,NSE,STK,14786,INF769K01JU9,LOWVOL,EQ,,,,,MIRAEAMC - MANV30F,199.07,200.04,198.90,199.88,199.88,199.39,,199.88,,,2030,404528.19,14,F1,1,,,,,
2026-09-17,2026-09-17,CM,NSE,STK,17181,INF769K01FN2,NEXT50,EQ,,,,,MIRAEAMC - MANXT50,725.93,736.69,725.93,735.76,736.25,729.58,,735.76,,,26277,19302974.22,2500,F1,1,,,,,
2026-09-17,2026-09-17,CM,NSE,STK,16777,INF769K01KG6,SILVERAG,EQ,,,,,MIRAEAMC - MASILVER,221.00,221.51,218.97,220.74,220.40,222.76,,220.74,,,296566,65374421.08,2826,F1,1,,,,,
2026-09-17,2026-09-17,CM,NSE,STK,5782,INF769K01HP3,MASPTOP50,EQ,,,,,MIRAEAMC - MASPTOP50,100.62,105.00,96.68,103.83,104.80,98.65,,103.85,,,1126886,116182778.41,11058,F1,1,,,,,
2026-09-17,2026-09-17,CM,NSE,STK,25744,INF769K01LY7,METAL,EQ,,,,,MIRAEAMC - METAL,13.20,13.20,12.85,13.00,13.00,12.88,,13.00,,,2934238,38056967.82,4107,F1,1,,,,,
2026-09-17,2026-09-17,CM,NSE,STK,23855,INF769K01LJ8,MIDSMALL,EQ,,,,,MIRAEAMC - MIDSMALL,50.78,50.90,50.30,50.85,50.69,50.31,,50.85,,,135992,6897770.22,530,F1,1,,,,,
2026-09-17,2026-09-17,CM,NSE,STK,764198,INF769K01RC0,MOMMIDCAP,EQ,,,,,MIRAEAMC - MOMMIDCAP,12.67,12.77,12.59,12.74,12.70,12.60,,12.74,,,1344900,17095839.92,1094,F1,1,,,,,
2026-09-17,2026-09-17,CM,NSE,STK,25080,INF769K01LX9,MULTICAP,EQ,,,,,MIRAEAMC - MULTICAP,16.43,16.43,16.21,16.33,16.36,16.23,,16.34,,,48266,788791.73,330,F1,1,,,,,
2026-09-17,2026-09-17,CM,NSE,STK,30109,INF769K01ON4,SELECTIPO,EQ,,,,,MIRAEAMC - SELECTIPO,47.35,47.73,47.32,47.48,47.49,47.35,,47.48,,,24630,1170468.68,94,F1,1,,,,,
2026-09-17,2026-09-17,CM,NSE,STK,19224,INF769K01KT9,SENSEXETF,EQ,,,,,MIRAEAMC - SENSEXETF,77.15,77.15,76.61,76.91,76.91,76.84,,76.91,,,20812,1601384.70,200,F1,1,,,,,
2026-09-17,2026-09-17,CM,NSE,STK,759814,INF769K01PQ4,SMALL250,EQ,,,,,MIRAEAMC - SMALL250,18.29,18.29,17.91,18.10,18.10,17.90,,18.10,,,257569,4654552.01,516,F1,1,,,,,
2026-09-17,2026-09-17,CM,NSE,STK,22832,INF769K01LC3,SMALLCAP,EQ,,,,,MIRAEAMC - SMALLCAP,48.84,48.84,47.37,48.18,48.21,47.65,,48.18,,,1476596,71090024.90,2557,F1,1,,,,,
2026-09-17,2026-09-17,CM,NSE,STK,760415,INF769K01PZ5,TOP20,EQ,,,,,MIRAEAMC - TOP20,8.60,9.00,8.59,8.64,8.67,8.60,,8.64,,,69451,600594.81,174,F1,1,,,,,
2026-09-17,2026-09-17,CM,NSE,STK,761511,INF769K01QV2,VALUE,EQ,,,,,MIRAEAMC - VALUE,15.72,15.82,15.70,15.76,15.76,15.73,,15.80,,,5339,84278.29,50,F1,1,,,,,
2026-09-17,2026-09-17,CM,NSE,STK,4394,INE771A01026,MIRZAINT,EQ,,,,,MIRZA INTERNATIONAL LIMIT,29.22,29.79,29.20,29.54,29.30,29.02,,29.54,,,41813,1230964.59,395,F1,1,,,,,
2026-09-17,2026-09-17,CM,NSE,STK,2463,INE099Z01011,MIDHANI,EQ,,,,,MISHRA DHATU NIGAM LTD,401.25,410.90,398.70,407.85,407.40,399.25,,407.84,,,805297,326825335.15,26045,F1,1,,,,,
2026-09-17,2026-09-17,CM,NSE,STK,8469,INE828O01033,MITCON,EQ,,,,,MITCON CON & ENG SER LTD,79.30,82.30,79.28,80.23,80.00,80.26,,80.23,,,6598,527278.90,55,F1,1,,,,,
2026-09-17,2026-09-17,CM,NSE,STK,18562,INE997Y01027,MITTAL,EQ,,,,,MITTAL LIFE STYLE LIMITED,0.77,0.78,0.75,0.76,0.76,0.77,,0.76,,,1418772,1085175.91,447,F1,1,,,,,
2026-09-17,2026-09-17,CM,NSE,STK,13844,INE227C01017,MMFL,EQ,,,,,MM FORGINGS LTD,609.50,632.15,604.85,618.60,617.00,606.95,,618.58,,,70892,44053545.00,5279,F1,1,,,,,
2026-09-17,2026-09-17,CM,NSE,STK,16395,INE511Y01018,MMP,EQ,,,,,MMP INDUSTRIES LIMITED,458.85,473.95,458.85,465.70,465.00,456.35,,465.70,,,59161,27671921.10,2752,F1,1,,,,,
2026-09-17,2026-09-17,CM,NSE,STK,17957,INE123F01029,MMTC,EQ,,,,,MMTC LIMITED,60.00,60.74,59.75,60.14,60.12,59.80,,60.14,,,541027,32544455.93,5896,F1,1,,,,,
2026-09-17,2026-09-17,CM,NSE,STK,760196,INE1YNB01019,MOBILISE,SM,,,,,MOBILISE APP LAB LIMITED,114.50,114.50,113.60,113.60,113.60,113.55,,113.60,,,8000,914560.00,2,F1,1600,,,,,
2026-09-17,2026-09-17,CM,NSE,STK,2241,INE794W01014,MODTHREAD,EQ,,,,,MODERN THREADS INDIA LTD,50.94,50.94,49.00,50.35,49.10,51.45,,50.33,,,3135,157447.18,126,F1,1,,,,,
2026-09-17,2026-09-17,CM,NSE,STK,760277,INE537F01012,MODINATUR,EQ,,,,,MODI NATURALS LIMITED,315.00,341.90,315.00,337.95,340.30,326.00,,337.95,,,3975,1332097.90,155,F1,1,,,,,
2026-09-17,2026-09-17,CM,NSE,STK,2229,INE832A01018,MODIRUBBER,EQ,,,,,MODI RUBBER LTD,119.12,125.99,118.40,123.90,121.10,119.10,,123.79,,,763,93091.49,57,F1,1,,,,,
2026-09-17,2026-09-17,CM,NSE,STK,759752,INE0L0L01012,MODIS,EQ,,,,,MODIS NAVNIRMAN LTD,354.70,358.95,346.10,349.05,349.05,352.70,,349.18,,,11294,3971569.65,788,F1,1,,,,,
2026-09-17,2026-09-17,CM,NSE,STK,3325,INE737D01021,MODISONLTD,BE,,,,,MODISON LIMITED,438.00,474.00,438.00,449.50,450.40,455.05,,449.50,,,53735,24255180.15,945,F1,1,,,,,
2026-09-17,2026-09-17,CM,NSE,STK,760395,INE01WN07136,875MOF27,N0,,,,,MOF 8.75% 2027 TR 2,108065.25,108065.25,108065.25,108065.25,108065.25,107564.93,,108065.25,,,1,108065.25,1,F1,1,,,,,
2026-09-17,2026-09-17,CM,NSE,STK,29423,INE954E01012,MOHITIND,EQ,,,,,MOHIT INDUSTRIES LTD,23.30,23.99,22.56,23.20,23.25,23.23,,23.20,,,14489,337245.81,138,F1,1,,,,,
2026-09-17,2026-09-17,CM,NSE,STK,765130,INE154B01023,MOHITE,EQ,,,,,MOHITE INDUSTRIES LTD.,2.61,2.66,2.41,2.44,2.42,2.61,,2.47,,,105342,259678.91,313,F1,1,,,,,
2026-09-17,2026-09-17,CM,NSE,STK,20830,INE490G01020,MOIL,EQ,,,,,MOIL LIMITED,238.40,244.21,238.00,243.06,244.00,237.36,,243.06,,,473783,114412853.09,9750,F1,1,,,,,
2026-09-17,2026-09-17,CM,NSE,STK,3586,INE514Y01020,MOKSH,EQ,,,,,MOKSH ORNAMENTS LIMITED,10.00,10.00,9.90,9.95,9.93,9.93,,9.95,,,36960,368430.21,198,F1,1,,,,,
2026-09-17,2026-09-17,CM,NSE,STK,764548,INE869T01028,MOLBIO,EQ,,,,,MOLBIO DIAGNOSTICS LTD,1313.50,1382.00,1272.10,1285.30,1279.00,1307.00,,1285.28,,,3801397,5021655062.70,160300,F1,1,,,,,
2026-09-17,2026-09-17,CM,NSE,STK,6713,INE893J01029,MOLDTKPAC,EQ,,,,,MOLD-TEK PACKAGING LTD,663.85,669.50,659.50,661.85,666.90,661.45,,662.06,,,23019,15281428.40,2269,F1,1,,,,,
2026-09-17,2026-09-17,CM,NSE,STK,17629,INE835B01035,MOLDTECH,BE,,,,,MOLD-TEK TECHNOLOGIES LTD,185.00,196.53,180.00,194.15,196.49,187.18,,194.25,,,32513,6268083.23,470,F1,1,,,,,
2026-09-17,2026-09-17,CM,NSE,STK,7679,INE903D01011,MONARCH,EQ,,,,,MONARCH NETWORTH CAP LTD,371.00,372.95,365.45,367.80,365.45,368.95,,367.90,,,59529,21950474.35,1772,F1,1,,,,,
2026-09-17,2026-09-17,CM,NSE,STK,759381,INE296Q01012,MONEYBOXX,EQ,,,,,MONEYBOXX FINANCE LIMITED,51.90,51.90,51.90,51.90,51.90,49.43,,51.91,,,10440,541836.00,44,F1,1,,,,,
2026-09-17,2026-09-17,CM,NSE,STK,756958,INE1DV401010,MONOLITH,SM,,,,,MONOLITHISCH INDIA LTD,1365.00,1409.90,1277.00,1296.10,1277.00,1390.95,,1296.10,,,46000,61390937.50,157,F1,250,,,,,
2026-09-17,2026-09-17,CM,NSE,STK,5938,INE950M01013,MONTECARLO,EQ,,,,,MONTE CARLO FASHIONS LTD.,551.30,557.95,548.00,554.70,554.20,549.95,,554.63,,,60859,33675438.85,2318,F1,1,,,,,
2026-09-17,2026-09-17,CM,NSE,STK,2259,INE083A01026,MOREPENLAB,EQ,,,,,MOREPEN LAB. LTD,115.00,121.30,112.62,120.56,119.90,114.73,,120.56,,,27513682,3263719432.49,111748,F1,1,,,,,
2026-09-17,2026-09-17,CM,NSE,STK,15057,INE0N7S01028,MOS,ST,,,,,MOS UTILITY LIMITED,5.25,5.70,5.20,5.35,5.20,5.45,,5.35,,,1628000,8796600.00,179,F1,4000,,,,,
2026-09-17,2026-09-17,CM,NSE,STK,29459,INE935B01025,MOSCHIP,EQ,,,,,MOSCHIP TECHNOLOGIES LTD,200.00,212.80,200.00,208.06,208.50,199.16,,208.06,,,4542544,952123522.46,58502,F1,1,,,,,
2026-09-17,2026-09-17,CM,NSE,STK,8596,INE0FS801015,MSUMI,EQ,,,,,MOTHERSON SUMI WRNG IND L,35.25,36.26,35.25,36.07,36.09,35.47,,36.07,,,4381154,156970367.22,20994,F1,1,,,,,
2026-09-17,2026-09-17,CM,NSE,STK,21423,INF247L01023,MOM100,EQ,,,,,MOTILAL OS MIDCAP100 ETF,66.11,66.70,65.72,66.41,66.66,66.11,,66.41,,,218093,14448138.95,1925,F1,1,,,,,
2026-09-17,2026-09-17,CM,NSE,STK,22739,INF247L01AP3,MON100,EQ,,,,,MOTILAL OS NASDAQ100 ETF,332.00,333.75,318.02,322.43,322.85,326.77,,322.43,,,1275524,413714972.31,25312,F1,1,,,,,
2026-09-17,2026-09-17,CM,NSE,STK,14947,INE338I01027,MOTILALOFS,EQ,,,,,MOTILAL OSWAL FIN LTD,976.50,1004.80,976.50,988.70,988.70,976.50,,988.69,,,819010,813906676.30,29067,F1,1,,,,,
2026-09-17,2026-09-17,CM,NSE,STK,19289,INF247L01536,MOM50,EQ,,,,,MOTILAL OSWAL M50 ETF,243.84,244.80,241.00,243.83,243.50,243.84,,243.83,,,2526,616542.47,108,F1,1,,,,,
2026-09-17,2026-09-17,CM,NSE,STK,1507,INF247L01AK4,MOGSEC,EQ,,,,,MOTILALAMC - G5,64.61,65.50,64.55,65.38,65.38,64.82,,64.94,,,670,43790.72,26,F1,1,,,,,
2026-09-17,2026-09-17,CM,NSE,STK,757669,INF247L01FR8,MOALPHA50,EQ,,,,,MOTILALAMC - MOALPHA50,54.46,55.07,54.46,55.06,55.07,54.34,,55.06,,,2418,132190.52,37,F1,1,,,,,
2026-09-17,2026-09-17,CM,NSE,STK,761693,INF247L01GV8,MOBANK10,EQ,,,,,MOTILALAMC - MOBANK10,16.74,16.79,16.50,16.57,16.60,16.62,,16.57,,,292,4843.94,47,F1,1,,,,,
2026-09-17,2026-09-17,CM,NSE,STK,30065,INF247L01EV3,MOCAPITAL,EQ,,,,,MOTILALAMC - MOCAPITAL,52.57,53.39,52.30,53.10,53.16,52.57,,53.10,,,864265,45879297.73,3599,F1,1,,,,,
2026-09-17,2026-09-17,CM,NSE,STK,24944,INF247L01DJ0,MODEFENCE,EQ,,,,,MOTILALAMC - MODEFENCE,101.50,102.17,100.00,101.87,102.00,100.52,,101.89,,,1783984,180907632.87,7410,F1,1,,,,,
2026-09-17,2026-09-17,CM,NSE,STK,759374,INF247L01GH7,MOENERGY,EQ,,,,,MOTILALAMC - MOENERGY,37.50,37.70,37.38,37.53,37.57,37.45,,37.53,,,65244,2449372.38,396,F1,1,,,,,
2026-09-17,2026-09-17,CM,NSE,STK,757791,INF247L01FY4,MOGOLD,EQ,,,,,MOTILALAMC - MOGOLD,149.25,149.60,147.75,148.95,148.85,149.35,,149.08,,,15719,2340675.90,462,F1,1,,,,,
2026-09-17,2026-09-17,CM,NSE,STK,10508,INF247L01BB1,MOHEALTH,EQ,,,,,MOTILALAMC - MOHEALTH,51.68,52.19,51.33,51.88,52.17,51.40,,51.88,,,44591,2305400.94,375,F1,1,,,,,
2026-09-17,2026-09-17,CM,NSE,STK,757031,INF247L01FL1,MOINFRA,EQ,,,,,MOTILALAMC - MOINFRA,57.63,57.68,57.36,57.60,57.60,57.35,,57.60,,,855,49250.58,21,F1,1,,,,,
2026-09-17,2026-09-17,CM,NSE,STK,759891,INF247L01GI5,MOIPO,EQ,,,,,MOTILALAMC - MOIPO,47.48,50.90,47.45,49.84,49.89,47.48,,49.84,,,4203,201689.32,56,F1,1,,,,,
2026-09-17,2026-09-17,CM,NSE,STK,8654,INF247L01BL0,MOLOWVOL,EQ,,,,,MOTILALAMC - MOLOWVOL,35.00,36.50,34.99,35.63,35.40,34.99,,35.63,,,6873,241988.82,58,F1,1,,,,,
2026-09-17,2026-09-17,CM,NSE,STK,25606,INF247L01DK8,MOMENTUM50,EQ,,,,,MOTILALAMC - MOMENTUM50,52.84,53.27,52.48,53.14,53.25,52.66,,53.12,,,239860,12720419.37,1513,F1,1,,,,,
2026-09-17,2026-09-17,CM,NSE,STK,764402,INF247L01HG7,MOMETAL,EQ,,,,,MOTILALAMC - MOMETAL,12.83,12.92,12.81,12.81,12.81,12.71,,12.81,,,2261,29062.90,29,F1,1,,,,,
2026-09-17,2026-09-17,CM,NSE,STK,757099,INF247L01FK3,MOMGF,EQ,,,,,MOTILALAMC - MOMGF,157.35,160.50,156.63,158.77,158.89,156.62,,158.77,,,1074,169900.18,17,F1,1,,,,,
2026-09-17,2026-09-17,CM,NSE,STK,757817,INF247L01FQ0,MOMIDMTM,EQ,,,,,MOTILALAMC - MOMIDMTM,62.69,63.40,62.69,63.14,63.01,62.69,,63.14,,,79088,4999075.40,167,F1,1,,,,,
2026-09-17,2026-09-17,CM,NSE,STK,760054,INF247L01GK1,MOMNC,EQ,,,,,MOTILALAMC - MOMNC,32.16,32.16,31.10,31.46,31.46,31.38,,31.46,,,2332,73070.40,30,F1,1,,,,,
2026-09-17,2026-09-17,CM,NSE,STK,8182,INF247L01BK2,MOMOMENTUM,EQ,,,,,MOTILALAMC - MOMOMENTUM,60.63,61.11,60.33,60.84,60.69,60.33,,60.84,,,211558,12883027.05,360,F1,1,,,,,
2026-09-17,2026-09-17,CM,NSE,STK,756900,INF247L01FC0,MON50EQUAL,EQ,,,,,MOTILALAMC - MON50EQUAL,32.92,32.92,32.12,32.40,32.40,32.27,,32.40,,,6362,205744.90,46,F1,1,,,,,
2026-09-17,2026-09-17,CM,NSE,STK,757167,INF247L01FD8,MONEXT50,EQ,,,,,MOTILALAMC - MONEXT50,73.07,73.07,70.61,71.27,71.28,71.64,,71.27,,,2801,198393.46,62,F1,1,,,,,
2026-09-17,2026-09-17,CM,NSE,STK,759371,INF247L01GG9,MONIFTY100,EQ,,,,,MOTILALAMC - MONIFTY100,24.87,24.87,24.48,24.54,24.54,24.59,,24.54,,,6165,151584.26,58,F1,1,,,,,
2026-09-17,2026-09-17,CM,NSE,STK,19237,INF247L01BU1,MONIFTY500,EQ,,,,,MOTILALAMC - MONIFTY500,23.61,23.61,22.80,23.32,23.25,23.15,,23.32,,,505785,11757719.97,1110,F1,1,,,,,
2026-09-17,2026-09-17,CM,NSE,STK,7422,INF247L01AU3,MONQ50,EQ,,,,,MOTILALAMC - MONQ50,272.53,330.33,268.39,330.25,330.33,275.28,,330.24,,,2080987,664844763.58,30994,F1,1,,,,,
2026-09-17,2026-09-17,CM,NSE,STK,764405,INF247L01HH5,MOOILGAS,EQ,,,,,MOTILALAMC - MOOILGAS,11.07,11.07,10.85,10.90,10.90,10.86,,10.90,,,5229,56973.16,45,F1,1,,,,,
2026-09-17,2026-09-17,CM,NSE,STK,757431,INF247L01FO5,MOPSE,EQ,,,,,MOTILALAMC - MOPSE,97.63,101.50,97.45,101.10,101.32,97.76,,101.10,,,1574,153772.99,21,F1,1,,,,,
2026-09-17,2026-09-17,CM,NSE,STK,10822,INF247L01BH8,MOQUALITY,EQ,,,,,MOTILALAMC - MOQUALITY,192.89,193.77,192.43,193.52,193.52,191.94,,193.52,,,378,73106.49,15,F1,1,,,,,
2026-09-17,2026-09-17,CM,NSE,STK,23184,INF247L01CI4,MOREALTY,EQ,,,,,MOTILALAMC - MOREALTY,83.75,84.35,82.14,83.85,83.90,83.01,,83.85,,,330304,27602834.66,1879,F1,1,,,,,
2026-09-17,2026-09-17,CM,NSE,STK,760001,INF247L01GJ3,MOSERVICE,EQ,,,,,MOTILALAMC - MOSERVICE,30.11,30.19,30.00,30.00,30.00,30.11,,30.00,,,633,19021.04,26,F1,1,,,,,
2026-09-17,2026-09-17,CM,NSE,STK,758457,INF247L01FZ1,MOSILVER,EQ,,,,,MOTILALAMC - MOSILVER,223.80,225.06,222.54,223.98,224.39,225.55,,224.76,,,21273,4754164.90,556,F1,1,,,,,
2026-09-17,2026-09-17,CM,NSE,STK,23181,INF247L01CH6,MOSMALL250,EQ,,,,,MOTILALAMC - MOSMALL250,17.94,18.22,17.94,18.17,18.22,17.94,,18.17,,,713339,12923070.43,1662,F1,1,,,,,
2026-09-17,2026-09-17,CM,NSE,STK,757443,INF247L01FP2,MOTOUR,EQ,,,,,MOTILALAMC - MOTOUR,75.02,76.79,75.02,76.53,76.69,75.02,,76.53,,,9206,699842.20,94,F1,1,,,,,
2026-09-17,2026-09-17,CM,NSE,STK,10825,INF247L01BE5,MOVALUE,EQ,,,,,MOTILALAMC - MOVALUE,109.92,110.97,109.41,110.36,109.97,109.92,,110.36,,,34522,3807860.64,522,F1,1,,,,,
2026-09-17,2026-09-17,CM,NSE,STK,20788,INE0FRK01020,MOTISONS,EQ,,,,,MOTISONS JEWELLERS LTD,16.37,18.50,16.20,17.94,18.05,16.62,,17.94,,,236263034,4216474431.17,645306,F1,1,,,,,
2026-09-17,2026-09-17,CM,NSE,STK,2268,INE861B01023,MOTOGENFIN,EQ,,,,,MOTOR & GENERAL FINANCE L,25.33,25.60,24.75,24.96,24.75,25.00,,24.90,,,19148,479868.40,113,F1,1,,,,,
2026-09-17,2026-09-17,CM,NSE,STK,13502,INE0N6D01014,MOXSH,SM,,,,,MOXSH OVERSEAS EDUCON LTD,90.50,90.50,90.50,90.50,90.50,95.00,,90.50,,,1600,144800.00,1,F1,1600,,,,,
2026-09-17,2026-09-17,CM,NSE,STK,765138,INE493H01014,MPDL,BE,,,,,MPDL LTD.,31.60,31.60,30.17,30.18,30.18,31.75,,30.18,,,845,25809.24,10,F1,1,,,,,
2026-09-17,2026-09-17,CM,NSE,STK,4503,INE356A01018,MPHASIS,EQ,,,,,MPHASIS LIMITED,2304.00,2325.10,2288.00,2320.00,2320.00,2316.70,,2319.87,,,261279,602011765.60,19746,F1,1,,,,,
2026-09-17,2026-09-17,CM,NSE,STK,10578,INE943D01017,MPSLTD,EQ,,,,,MPS LIMITED,2621.10,2641.90,2560.00,2571.50,2565.00,2610.20,,2571.65,,,11521,29904977.30,2080,F1,1,,,,,
2026-09-17,2026-09-17,CM,NSE,STK,2277,INE883A01011,MRF,EQ,,,,,MRF LTD,125100.00,125850.00,124300.00,124585.00,125000.00,125010.00,,124570.68,,,3594,448854675.00,2708,F1,1,,,,,
2026-09-17,2026-09-17,CM,NSE,STK,2283,INE103A01014,MRPL,EQ,,,,,MRPL,166.11,168.43,162.40,163.77,163.76,166.11,,163.77,,,6112954,1006420531.65,42084,F1,1,,,,,
2026-09-17,2026-09-17,CM,NSE,STK,1628,INE495P01020,BECTORFOOD,EQ,,,,,MRS BECTORS FOOD SPE LTD,220.16,224.14,218.53,220.81,220.75,220.16,,220.82,,,795197,175571332.76,23248,F1,1,,,,,
2026-09-17,2026-09-17,CM,NSE,STK,11919,INE752G01015,MSPL,EQ,,,,,MSP STEEL & POWER LTD.,33.39,33.89,33.21,33.75,33.80,33.48,,33.75,,,244920,8228248.05,1927,F1,1,,,,,
2026-09-17,2026-09-17,CM,NSE,STK,9356,INE255X01014,MSTCLTD,EQ,,,,,MSTC LIMITED,692.45,729.90,692.45,715.25,723.15,703.55,,715.22,,,201147,143680647.10,9227,F1,1,,,,,
2026-09-17,2026-09-17,CM,NSE,STK,31413,INE472M01018,MTEDUCARE,BE,,,,,MT EDUCARE LTD,1.71,1.80,1.66,1.71,1.70,1.74,,1.72,,,86048,147434.45,80,F1,1,,,,,
2026-09-17,2026-09-17,CM,NSE,STK,2715,INE864I01014,MTARTECH,BE,,,,,MTAR TECHNOLOGIES LIMITED,6802.00,7080.00,6722.00,7060.00,7061.50,6792.00,,7059.90,,,77811,542066956.50,12307,F1,1,,,,,
2026-09-17,2026-09-17,CM,NSE,STK,19783,INE08KJ01020,MUFIN,EQ,,,,,MUFIN GREEN FINANCE LTD,132.25,136.23,131.10,132.20,132.00,130.56,,132.20,,,993231,132504270.15,5729,F1,1,,,,,
2026-09-17,2026-09-17,CM,NSE,STK,11325,INE304A01026,MUKANDLTD,EQ,,,,,MUKAND LTD.,134.01,136.75,133.30,134.20,134.95,134.89,,134.16,,,25255,3404352.01,982,F1,1,,,,,
2026-09-17,2026-09-17,CM,NSE,STK,22981,INE0CG401037,MUKKA,BE,,,,,MUKKA PROTEINS LIMITED,28.10,29.43,28.06,28.28,28.34,29.53,,28.27,,,650557,18516186.00,1820,F1,1,,,,,
2026-09-17,2026-09-17,CM,NSE,STK,8691,INE374B01019,MUKTAARTS,BE,,,,,MUKTA ARTS LIMITED,55.66,58.00,55.66,56.00,56.00,55.65,,57.15,,,1185,67113.26,9,F1,1,,,,,
2026-09-17,2026-09-17,CM,NSE,STK,31181,INE745G01043,MCX,EQ,,,,,MULTI COMMODITY EXCHANGE,3201.10,3304.00,3180.10,3265.20,3265.20,3211.20,,3265.20,,,1530935,4992558299.60,105385,F1,1,,,,,
2026-09-17,2026-09-17,CM,NSE,STK,759416,INE1K8Y01018,MUNISH,SM,,,,,MUNISH FORGE LIMITED,93.50,96.00,93.50,95.75,95.75,92.30,,95.75,,,6000,572580.00,4,F1,1200,,,,,
2026-09-17,2026-09-17,CM,NSE,STK,13511,INE672B01032,MUNJALAU,EQ,,,,,MUNJAL AUTO IND. LTD.,102.56,105.25,101.24,104.81,105.20,102.06,,104.81,,,200811,20948568.33,3753,F1,1,,,,,
2026-09-17,2026-09-17,CM,NSE,STK,2307,INE577A01027,MUNJALSHOW,EQ,,,,,MUNJAL SHOWA LTD,127.00,127.00,123.50,123.93,124.00,124.67,,123.93,,,15920,1984306.76,454,F1,1,,,,,
2026-09-17,2026-09-17,CM,NSE,STK,2313,INE692B01014,MURUDCERA,EQ,,,,,MURUDESHWAR CERAMICS LTD,28.61,29.00,28.35,28.65,28.82,28.60,,28.65,,,9301,266714.59,106,F1,1,,,,,
2026-09-17,2026-09-17,CM,NSE,STK,19877,INE919I01024,RADIOCITY,EQ,,,,,MUSIC BROADCAST LIMITED,6.05,6.16,6.00,6.05,6.04,6.03,,6.05,,,26879,162142.67,99,F1,1,,,,,
2026-09-17,2026-09-17,CM,NSE,STK,10415,INE296G01013,MUTHOOTCAP,EQ,,,,,MUTHOOT CAP SERV LTD,234.02,237.58,226.21,235.03,235.00,234.02,,235.03,,,15434,3608252.01,463,F1,1,,,,,
2026-09-17,2026-09-17,CM,NSE,STK,23650,INE414G01012,MUTHOOTFIN,EQ,,,,,MUTHOOT FINANCE LIMITED,2761.00,2790.00,2740.00,2770.20,2770.20,2771.40,,2770.20,,,829940,2298811274.20,74703,F1,1,,,,,
2026-09-17,2026-09-17,CM,NSE,STK,20831,INE046W01019,MUTHOOTMF,EQ,,,,,MUTHOOT MICROFIN LIMITED,188.50,190.59,186.66,188.04,188.25,187.41,,188.05,,,75707,14274735.53,2104,F1,1,,,,,
2026-09-17,2026-09-17,CM,NSE,STK,764397,INE0OWZ01020,MVELECTRO,EQ,,,,,MV ELECTROSYSTEMS LIMITED,822.30,828.20,785.00,796.00,789.00,819.05,,796.15,,,1164354,935949933.80,35898,F1,1,,,,,
2026-09-17,2026-09-17,CM,NSE,STK,25208,INE0RVQ01016,MYMUDRA,SM,,,,,MY MUDRA FINCORP LIMITED,66.00,68.75,64.05,66.00,66.00,63.50,,66.00,,,6000,394680.00,5,F1,1200,,,,,
2026-09-17,2026-09-17,CM,NSE,STK,8220,INE741A01011,MYSORPETRO,BE,,,,,MYSORE PETRO CHEMICALS L,121.25,128.48,121.17,128.02,128.08,127.54,,128.30,,,5593,684099.72,68,F1,1,,,,,
2026-09-17,2026-09-17,CM,NSE,STK,20314,INE740D01017,NRAIL,EQ,,,,,N R AGARWAL INDS LTD,615.00,641.00,615.00,628.50,632.00,621.40,,628.50,,,11537,7257972.70,729,F1,1,,,,,
2026-09-17,2026-09-17,CM,NSE,STK,757489,INE104101014,NRVANDANA,SM,,,,,N R VANDANA TEX IND LTD,68.05,76.00,66.25,71.55,73.00,70.25,,71.55,,,210000,14885550.00,43,F1,3000,,,,,
2026-09-17,2026-09-17,CM,NSE,STK,764798,INE920C01017,NTCIND,EQ,,,,,N T C INDUSTRIES LTD.,133.50,137.95,130.00,132.03,131.05,136.70,,132.03,,,1311,173052.89,64,F1,1,,,,,
2026-09-17,2026-09-17,CM,NSE,STK,19111,INE365I01020,NBIFIN,EQ,,,,,N.B.I. IND. FIN. CO. LTD,1950.10,1970.10,1950.10,1960.10,1958.00,1993.60,,1960.10,,,5719,11171897.40,98,F1,1,,,,,
2026-09-17,2026-09-17,CM,NSE,STK,20425,INE295D01020,NACLIND,EQ,,,,,NACL INDUSTRIES LIMITED,150.45,156.46,148.15,148.88,149.00,151.18,,148.88,,,415405,62807776.12,8069,F1,1,,,,,
2026-09-17,2026-09-17,CM,NSE,STK,18371,INE756C01015,NDGL,EQ,,,,,NAGA DHUNSERI GROUP LTD,2699.00,2710.00,2620.00,2653.40,2669.80,2668.60,,2653.40,,,183,486625.00,59,F1,1,,,,,
2026-09-17,2026-09-17,CM,NSE,STK,14942,INE245I01016,NAGREEKCAP,EQ,,,,,NAGREEKA CAP & INFR.LTD,28.15,29.00,26.80,27.92,28.25,27.79,,27.89,,,66117,1863776.79,386,F1,1,,,,,
2026-09-17,2026-09-17,CM,NSE,STK,14702,INE123B01028,NAGREEKEXP,EQ,,,,,NAGREEKA EXPORTS LTD.,21.01,21.94,20.96,21.54,21.55,21.25,,21.55,,,8627,183692.87,143,F1,1,,,,,
2026-09-17,2026-09-17,CM,NSE,STK,15360,INE049I01012,NAHARCAP,EQ,,,,,NAHAR CAP & FIN.,250.05,253.00,247.50,250.00,250.00,250.05,,250.00,,,283,70959.25,27,F1,1,,,,,
2026-09-17,2026-09-17,CM,NSE,STK,13106,INE289A01011,NAHARINDUS,EQ,,,,,NAHAR INDS ENT LTD,127.50,142.00,127.50,133.47,132.10,127.30,,133.29,,,40682,5469916.63,1040,F1,1,,,,,
2026-09-17,2026-09-17,CM,NSE,STK,14445,INE308A01027,NAHARPOLY,EQ,,,,,NAHAR POLY FILMS LIMITED,221.20,228.15,220.05,222.28,222.00,225.84,,222.35,,,10758,2397251.70,357,F1,1,,,,,
2026-09-17,2026-09-17,CM,NSE,STK,14440,INE290A01027,NAHARSPING,EQ,,,,,NAHAR SPINNING MILLS LTD.,262.90,284.45,262.90,275.80,277.70,261.80,,275.80,,,51178,13997689.70,1711,F1,1,,,,,
2026-09-17,2026-09-17,CM,NSE,STK,5401,INE236Y01012,NGIL,EQ,,,,,NAKODA GROUP OF IND. LTD,33.88,35.57,33.25,34.94,35.57,32.34,,35.67,,,10763,374506.80,118,F1,1,,,,,
2026-09-17,2026-09-17,CM,NSE,STK,11239,INE023A01030,NSIL,EQ,,,,,NALWA SONS INVESTMENT LTD,5409.50,5469.50,5409.50,5436.00,5410.00,5397.50,,5436.10,,,869,4711859.00,203,F1,1,,,,,
2026-09-17,2026-09-17,CM,NSE,STK,23379,INE0RJM01010,NAMAN,SM,,,,,NAMAN INDUSTRE PRXIMA LTD,37.65,38.00,37.05,38.00,38.00,37.65,,38.00,,,3200,119840.00,4,F1,800,,,,,
2026-09-17,2026-09-17,CM,NSE,STK,25170,INE08NZ01012,NAMOEWASTE,ST,,,,,NAMO EWASTE MANAGEMENT L,266.00,268.90,261.70,267.30,268.00,265.45,,267.30,,,27200,7237000.00,30,F1,800,,,,,
2026-09-17,2026-09-17,CM,NSE,STK,31258,INE875G01048,NDL,EQ,,,,,NANDAN DENIM LIMITED,2.82,2.89,2.80,2.82,2.83,2.89,,2.82,,,566518,1601218.36,857,F1,1,,,,,
2026-09-17,2026-09-17,CM,NSE,STK,5516,INE696V01013,JAIPURKURT,EQ,,,,,NANDANI CREATION LIMITED,24.98,24.98,24.12,24.74,24.21,24.49,,24.74,,,587,14588.92,23,F1,1,,,,,
2026-09-17,2026-09-17,CM,NSE,STK,11840,INE410P01011,NH,EQ,,,,,NARAYANA HRUDAYALAYA LTD.,1860.90,1884.40,1848.30,1868.60,1848.30,1851.60,,1868.67,,,127928,239429270.30,19756,F1,1,,,,,
2026-09-17,2026-09-17,CM,NSE,STK,11627,INE117Z01029,NARMADA,EQ,,,,,NARMADA AGROBASE LIMITED,13.74,14.00,13.71,13.86,13.80,13.77,,13.85,,,82610,1139815.56,350,F1,1,,,,,
2026-09-17,2026-09-17,CM,NSE,STK,3918,INE987B01026,NATCOPHARM,EQ,,,,,NATCO PHARMA LTD.,813.35,820.00,805.75,818.25,819.95,813.30,,818.26,,,340518,276832898.30,29891,F1,1,,,,,
2026-09-17,2026-09-17,CM,NSE,STK,11065,INE448G01010,NATHBIOGEN,EQ,,,,,NATH BIO-GENES (I) LTD,147.00,149.08,145.00,148.14,148.00,146.05,,148.09,,,2669,394152.82,207,F1,1,,,,,
2026-09-17,2026-09-17,CM,NSE,STK,6364,INE139A01034,NATIONALUM,EQ,,,,,NATIONAL ALUMINIUM CO LTD,356.00,360.75,354.20,355.70,355.70,356.00,,355.70,,,3033265,1083263551.35,38534,F1,1,,,,,
2026-09-17,2026-09-17,CM,NSE,STK,13925,INE870D01012,NFL,EQ,,,,,NATIONAL FERT. LTD,65.96,67.29,65.80,66.84,67.00,66.29,,66.84,,,555974,37081706.96,3385,F1,1,,,,,
2026-09-17,2026-09-17,CM,NSE,STK,6531,INE0H7R23014,NHIT,IV,,,,,NATIONAL HIGHW INFRA TRUS,171.00,171.00,171.00,171.00,171.00,171.00,,171.00,,,75000,12825000.00,3,F1,25000,,,,,
2026-09-17,2026-09-17,CM,NSE,STK,762807,INE166R01015,NATIONSTD,EQ,,,,,NATIONAL STAND (INDIA) L,109.90,112.65,108.50,111.80,111.90,109.21,,111.79,,,11705,1293380.94,307,F1,1,,,,,
2026-09-17,2026-09-17,CM,NSE,STK,29588,INE936B01015,NATCAPSUQ,BE,,,,,NATURAL CAPSULES LIMITED,174.99,179.98,174.99,178.58,178.85,172.54,,178.58,,,6969,1237675.83,87,F1,1,,,,,
2026-09-17,2026-09-17,CM,NSE,STK,4014,INE725A01030,NAVA,EQ,,,,,NAVA LIMITED,548.00,555.30,542.30,546.60,548.05,548.30,,546.62,,,177138,97090136.15,13725,F1,1,,,,,
2026-09-17,2026-09-17,CM,NSE,STK,14672,INE048G01026,NAVINFLUOR,EQ,,,,,NAVIN FLUORINE INT. LTD,8120.00,8325.00,8120.00,8220.00,8222.00,8160.50,,8220.00,,,106635,877886601.50,23055,F1,1,,,,,
2026-09-17,2026-09-17,CM,NSE,STK,10557,INE278M01019,NAVKARCORP,EQ,,,,,NAVKAR CORPORATION LTD.,85.00,87.96,84.98,87.56,87.80,85.56,,87.58,,,606584,52737023.23,5688,F1,1,,,,,
2026-09-17,2026-09-17,CM,NSE,STK,29149,INE268H01044,NAVKARURB,BE,,,,,NAVKAR URBANSTRUCTURE LTD,0.86,0.87,0.82,0.83,0.84,0.86,,0.84,,,595350,499518.07,334,F1,1,,,,,
2026-09-17,2026-09-17,CM,NSE,STK,2385,INE060A01024,NAVNETEDUL,EQ,,,,,NAVNEET EDUCATION LTD,125.03,128.80,124.07,124.89,125.80,125.03,,124.89,,,59741,7480689.03,1695,F1,1,,,,,
2026-09-17,2026-09-17,CM,NSE,STK,2987,INE418L01047,NAZARA,EQ,,,,,NAZARA TECHNOLOGIES LTD,349.90,366.70,348.40,362.55,365.65,351.15,,362.55,,,1257748,452080106.15,10343,F1,1,,,,,
2026-09-17,2026-09-17,CM,NSE,STK,31415,INE095N01031,NBCC,EQ,,,,,NBCC (INDIA) LIMITED,81.41,82.45,81.00,82.13,82.13,81.41,,82.14,,,3284388,269198915.63,18519,F1,1,,,,,
2026-09-17,2026-09-17,CM,NSE,STK,2319,INE868B01028,NCC,EQ,,,,,NCC LIMITED,135.05,137.10,133.60,135.60,135.85,135.01,,135.60,,,2571140,347039960.48,37837,F1,1,,,,,
2026-09-17,2026-09-17,CM,NSE,STK,14490,INE732C01016,NCLIND,EQ,,,,,NCL INDUSTRIES LIMITED,173.50,174.89,172.21,172.98,174.89,172.42,,172.98,,,27273,4722164.73,1628,F1,1,,,,,
2026-09-17,2026-09-17,CM,NSE,STK,14547,INE353A01023,NDLVENTURE,EQ,,,,,NDL VENTURES LIMITED,116.67,121.00,115.90,120.03,120.00,116.65,,120.03,,,2187,262048.15,91,F1,1,,,,,
2026-09-17,2026-09-17,CM,NSE,STK,22255,INE07OG01012,NDRAUTO,EQ,,,,,NDR AUTO COMPONENTS LTD,675.60,714.60,674.90,701.00,702.95,670.55,,701.00,,,46693,32485914.50,4011,F1,1,,,,,
2026-09-17,2026-09-17,CM,NSE,STK,22680,INE0Q7Q23015,NDRINVIT,IV,,,,,NDR INVIT TRUST,145.00,145.00,145.00,145.00,145.00,145.00,,145.00,,,100000,14500000.00,4,F1,25000,,,,,
2026-09-17,2026-09-17,CM,NSE,STK,11427,INE155G01029,NDTV,EQ,,,,,NDTV LTD,69.74,71.99,69.74,71.04,71.00,69.74,,71.03,,,52161,3699451.84,738,F1,1,,,,,
2026-09-17,2026-09-17,CM,NSE,STK,11927,INE023H01027,NECLIFE,EQ,,,,,NECTAR LIFESCIENCES LTD.,11.12,11.20,10.93,11.02,11.00,10.90,,11.02,,,59549,658683.79,271,F1,1,,,,,
2026-09-17,2026-09-17,CM,NSE,STK,27123,INE0N1401016,NEELAM,SM,,,,,NEELAM LINENS & GAR (I) L,6.75,6.75,6.75,6.75,6.75,6.50,,6.75,,,6000,40500.00,1,F1,6000,,,,,
2026-09-17,2026-09-17,CM,NSE,STK,14761,INE189I01024,NELCAST,EQ,,,,,NELCAST LIMITED,103.85,110.00,103.85,108.04,108.78,103.85,,108.04,,,119553,12873236.53,1864,F1,1,,,,,
2026-09-17,2026-09-17,CM,NSE,STK,2388,INE045B01015,NELCO,EQ,,,,,NELCO LTD,940.00,972.00,931.00,965.25,968.00,938.05,,965.26,,,197825,188951152.35,10037,F1,1,,,,,
2026-09-17,2026-09-17,CM,NSE,STK,760928,INE21UM01018,NEOCHEM,SM,,,,,NEOCHEM BIO SOLUTIONS LTD,107.95,110.00,105.45,105.45,105.45,107.95,,105.45,,,16800,1810500.00,14,F1,1200,,,,,
2026-09-17,2026-09-17,CM,NSE,STK,9917,INE136S01016,NEOGEN,EQ,,,,,NEOGEN CHEMICALS LIMITED,2300.00,2484.80,2274.00,2395.60,2380.00,2302.40,,2395.47,,,605450,1461945315.00,61612,F1,1,,,,,
2026-09-17,2026-09-17,CM,NSE,STK,24350,INE0SUN01013,NEPHROCARE,SM,,,,,NEPHRO CARE INDIA LIMITED,90.15,95.30,90.15,91.65,92.00,95.85,,91.65,,,9600,888380.00,23,F1,400,,,,,
2026-09-17,2026-09-17,CM,NSE,STK,760346,INE428V01029,NEPHROPLUS,EQ,,,,,NEPHROCARE HEALTH SERV L,735.20,743.75,730.55,735.10,733.70,735.20,,735.11,,,40733,30032636.75,5641,F1,1,,,,,
2026-09-17,2026-09-17,CM,NSE,STK,757493,INE156901014,NEPTUNE,SM,,,,,NEPTUNE PETROCHEMICALS L,177.10,177.10,176.50,176.50,176.50,179.00,,176.50,,,2500,442100.00,5,F1,500,,,,,
2026-09-17,2026-09-17,CM,NSE,STK,15409,INE317F01035,NESCO,EQ,,,,,NESCO LTD.,1077.00,1088.90,1073.00,1081.50,1076.80,1075.60,,1081.49,,,18899,20410496.50,1971,F1,1,,,,,
2026-09-17,2026-09-17,CM,NSE,STK,17963,INE239A01024,NESTLEIND,EQ,,,,,NESTLE INDIA LIMITED,1384.50,1391.70,1370.10,1370.60,1370.60,1384.50,,1370.60,,,1082694,1491497641.10,64382,F1,1,,,,,
2026-09-17,2026-09-17,CM,NSE,STK,20406,INE518X01015,CBAZAAR,SM,,,,,NET AVENUE TECHNOLOGIES L,4.70,4.70,4.70,4.70,4.70,4.60,,4.70,,,8000,37600.00,1,F1,8000,,,,,
2026-09-17,2026-09-17,CM,NSE,STK,17433,INE0NT901020,NETWEB,EQ,,,,,NETWEB TECH INDIA LTD,4563.00,4618.00,4484.00,4578.50,4572.00,4562.00,,4578.50,,,1120214,5113199685.50,97462,F1,1,,,,,
2026-09-17,2026-09-17,CM,NSE,STK,756324,INE0FFK01017,NPST,EQ,,,,,NETWORK PEOPLE SRV TECH L,1855.00,1920.00,1823.40,1854.90,1866.00,1834.60,,1855.09,,,460726,863116171.20,39036,F1,1,,,,,
2026-09-17,2026-09-17,CM,NSE,STK,14111,INE870H01013,NETWORK18,EQ,,,,,NETWORK18 MEDIA & INV LTD,26.04,26.99,25.90,26.46,26.30,26.12,,26.46,,,4048889,107530141.05,8978,F1,1,,,,,
2026-09-17,2026-09-17,CM,NSE,STK,30554,INE333I01044,NEUEON,BE,,,,,NEUEON CORPORATION LTD,11.49,11.63,11.04,11.57,11.59,11.09,,11.54,,,26884,301191.21,55,F1,1,,,,,
2026-09-17,2026-09-17,CM,NSE,STK,2406,INE794A01010,NEULANDLAB,EQ,,,,,NEULAND LAB LTD.,22565.00,22980.00,22525.00,22665.00,22555.00,22625.00,,22664.59,,,18964,431565815.00,7865,F1,1,,,,,
2026-09-17,2026-09-17,CM,NSE,STK,1164,INE619B01017,NEWGEN,EQ,,,,,NEWGEN SOFTWARE TECH LTD,493.25,495.15,487.90,489.50,490.00,492.00,,489.50,,,398497,195674438.80,16169,F1,1,,,,,
2026-09-17,2026-09-17,CM,NSE,STK,19161,INE0PW501021,NEWJAISA,ST,,,,,NEWJAISA TECHNOLOGIES LTD,18.40,19.35,17.70,18.20,18.20,18.45,,18.20,,,40500,749250.00,14,F1,1500,,,,,
2026-09-17,2026-09-17,CM,NSE,STK,28801,INE0TP801012,NMSTEEL,SM,,,,,NEWMALAYALAM STEEL LTD,22.50,22.50,22.50,22.50,22.50,22.05,,22.50,,,1600,36000.00,1,F1,1600,,,,,
2026-09-17,2026-09-17,CM,NSE,STK,9867,INE747B01016,NEXTMEDIA,EQ,,,,,NEXT MEDIAWORKS LIMITED,3.80,3.89,3.73,3.88,3.80,3.80,,3.88,,,8346,31649.71,43,F1,1,,,,,
2026-09-17,2026-09-17,CM,NSE,STK,15815,INE0NDH25011,NXST,RR,,,,,NEXUS SELECT TRUST,166.01,167.98,165.90,166.25,166.22,166.46,,166.25,,,356055,59305060.26,8431,F1,1,,,,,
2026-09-17,2026-09-17,CM,NSE,STK,763536,INE0T1501010,NFPSAMPOOR,SM,,,,,NFP SAMPOORNA FOODS LTD,20.40,20.40,20.40,20.40,20.40,21.10,,20.40,,,2000,40800.00,1,F1,2000,,,,,
2026-09-17,2026-09-17,CM,NSE,STK,10277,INE887E01022,NGLFINE,EQ,,,,,NGL FINE CHEM LIMITED,2647.10,2731.90,2625.20,2715.30,2715.00,2673.80,,2715.21,,,4269,11420652.60,982,F1,1,,,,,
2026-09-17,2026-09-17,CM,NSE,STK,17400,INE848E01016,NHPC,EQ,,,,,NHPC LTD,75.61,75.88,74.99,75.20,75.20,75.41,,75.20,,,11626579,875915496.34,62477,F1,1,,,,,
2026-09-17,2026-09-17,CM,NSE,STK,29487,INE149O01018,NIBE,EQ,,,,,NIBE LIMITED,1213.90,1259.00,1213.90,1250.10,1253.00,1212.00,,1249.90,,,25690,31938427.90,3004,F1,1,,,,,
2026-09-17,2026-09-17,CM,NSE,STK,764793,INE653C01022,NICCOPAR,EQ,,,,,NICCO PARKS & RESORTS LTD,77.05,82.00,77.05,82.00,82.00,80.11,,81.09,,,567,45607.98,10,F1,1,,,,,
2026-09-17,2026-09-17,CM,NSE,STK,6592,INE0J6L01013,NIDAN,SM,,,,,NIDAN LABS AND HEALTH LTD,13.10,13.10,12.85,13.00,13.00,13.50,,13.00,,,3000,38950.00,3,F1,1000,,,,,
2026-09-17,2026-09-17,CM,NSE,STK,17747,INE342G01023,NIITMTS,EQ,,,,,NIIT LEARNING SYSTEMS LTD,223.79,226.21,220.11,224.60,223.30,223.79,,224.53,,,53888,12055485.64,4420,F1,1,,,,,
2026-09-17,2026-09-17,CM,NSE,STK,11522,INE161A01038,NIITLTD,EQ,,,,,NIIT LIMITED,85.30,87.90,85.30,87.31,87.90,85.35,,87.31,,,139121,12075286.76,1742,F1,1,,,,,
2026-09-17,2026-09-17,CM,NSE,STK,9253,INE937C01029,NILAINFRA,EQ,,,,,NILA INFRASTRUCTURES LTD,6.50,6.65,6.50,6.56,6.55,6.57,,6.56,,,55420,364647.44,329,F1,1,,,,,
2026-09-17,2026-09-17,CM,NSE,STK,7411,INE00S901012,NILASPACES,EQ,,,,,NILA SPACES LIMITED,12.63,13.28,12.20,12.48,12.41,12.56,,12.48,,,3067089,39195527.05,10760,F1,1,,,,,
2026-09-17,2026-09-17,CM,NSE,STK,762817,INE445D01013,NILE,EQ,,,,,NILE LTD.,1475.90,1479.00,1450.00,1456.00,1464.70,1452.60,,1455.98,,,735,1071728.60,141,F1,1,,,,,
2026-09-17,2026-09-17,CM,NSE,STK,2421,INE310A01015,NILKAMAL,EQ,,,,,NILKAMAL LIMITED,1915.70,1967.80,1899.40,1917.20,1912.00,1920.50,,1917.33,,,17635,33891120.00,2486,F1,1,,,,,
2026-09-17,2026-09-17,CM,NSE,STK,761720,INE875B01015,NIMBSPROJ,EQ,,,,,NIMBUS PROJECTS LIMITED,183.66,183.73,176.20,183.73,183.73,174.99,,181.12,,,27007,4907282.60,198,F1,1,,,,,
2026-09-17,2026-09-17,CM,NSE,STK,14194,INE395U01014,NINSYS,EQ,,,,,NINTEC SYSTEMS LIMITED,705.85,709.30,699.90,707.90,709.00,709.35,,707.93,,,1274,898226.30,166,F1,1,,,,,
2026-09-17,2026-09-17,CM,NSE,STK,11439,INF204KB15I9,BANKBEES,EQ,,,,,NIP IND ETF BANK BEES,583.99,586.00,580.52,581.64,582.09,582.68,,581.65,,,514509,299798121.66,5203,F1,1,,,,,
2026-09-17,2026-09-17,CM,NSE,STK,2435,INF204KA1LD7,CONSUMBEES,EQ,,,,,NIP IND ETF CONSUMPTION,127.79,128.22,126.38,126.99,126.95,127.09,,126.99,,,57414,7326762.81,732,F1,1,,,,,
2026-09-17,2026-09-17,CM,NSE,STK,2636,INF204KA1MS3,DIVOPPBEES,EQ,,,,,NIP IND ETF DIV OPP,74.02,75.25,74.02,74.88,75.19,74.62,,74.88,,,16908,1263987.33,503,F1,1,,,,,
2026-09-17,2026-09-17,CM,NSE,STK,9847,INF204KB18I3,NV20BEES,EQ,,,,,NIP IND ETF ETF NV20,135.62,136.15,134.84,135.72,136.12,135.62,,135.72,,,15612,2115485.87,245,F1,1,,,,,
2026-09-17,2026-09-17,CM,NSE,STK,14428,INF204KB17I5,GOLDBEES,EQ,,,,,NIP IND ETF GOLD BEES,124.26,125.00,123.67,124.43,124.41,124.91,,124.43,,,22769280,2830845494.35,68697,F1,1,,,,,
2026-09-17,2026-09-17,CM,NSE,STK,18284,INF204KB19I1,HNGSNGBEES,EQ,,,,,NIP IND ETF HANGSENG BEES,464.00,466.44,460.00,462.97,463.01,464.42,,462.97,,,69972,32428868.19,3637,F1,1,,,,,
2026-09-17,2026-09-17,CM,NSE,STK,20072,INF732E01268,INFRABEES,EQ,,,,,NIP IND ETF INFRA BEES,930.64,933.97,924.03,928.63,933.60,926.01,,928.63,,,6160,5715431.45,485,F1,1,,,,,
2026-09-17,2026-09-17,CM,NSE,STK,19084,INF204KB15V2,ITBEES,EQ,,,,,NIP IND ETF IT,32.30,33.10,31.90,32.39,32.46,32.30,,32.39,,,8324681,268712649.43,11726,F1,1,,,,,
2026-09-17,2026-09-17,CM,NSE,STK,10939,INF732E01045,JUNIORBEES,EQ,,,,,NIP IND ETF JUNIOR BEES,767.96,773.40,761.00,771.94,773.40,764.82,,771.92,,,212891,163705009.89,6944,F1,1,,,,,
2026-09-17,2026-09-17,CM,NSE,STK,11006,INF732E01037,LIQUIDBEES,EQ,,,,,NIP IND ETF LIQUID BEES,1000.00,1000.01,999.99,999.99,1000.01,999.99,,999.99,,,2962685,2962672179.62,3534,F1,1,,,,,
2026-09-17,2026-09-17,CM,NSE,STK,17700,INF204KB1882,LTGILTBEES,EQ,,,,,NIP IND ETF LONGTERM GILT,29.77,29.77,29.66,29.68,29.68,29.70,,29.68,,,340430,10103003.01,492,F1,1,,,,,
2026-09-17,2026-09-17,CM,NSE,STK,8506,INF204KB1V68,MID150BEES,EQ,,,,,NIP IND ETF MIDCAP 150,232.00,234.50,230.59,233.43,234.49,232.00,,233.42,,,467925,109218401.64,6348,F1,1,,,,,
2026-09-17,2026-09-17,CM,NSE,STK,29577,INF204K014N5,NIF100BEES,EQ,,,,,NIP IND ETF NIFTY 100,259.16,260.12,257.66,259.43,257.78,258.67,,259.42,,,135501,35109325.32,538,F1,1,,,,,
2026-09-17,2026-09-17,CM,NSE,STK,10576,INF204KB14I2,NIFTYBEES,EQ,,,,,NIP IND ETF NIFTY BEES,265.44,266.75,264.10,266.08,266.36,265.02,,266.08,,,4732947,1258538596.91,41316,F1,1,,,,,
2026-09-17,2026-09-17,CM,NSE,STK,15032,INF204KB16I7,PSUBNKBEES,EQ,,,,,NIP IND ETF PSU BANK BEES,91.10,93.68,91.10,92.38,92.31,92.21,,92.38,,,1436668,133025192.54,4204,F1,1,,,,,
2026-09-17,2026-09-17,CM,NSE,STK,17044,INF732E01128,SHARIABEES,EQ,,,,,NIP IND ETF SHARIAH BEES,438.00,443.98,435.01,439.90,443.75,439.40,,439.94,,,5890,2586818.67,342,F1,1,,,,,
2026-09-17,2026-09-17,CM,NSE,STK,357,INE298J01013,NAM-INDIA,EQ,,,,,NIPPON L I A M LTD,1122.90,1123.20,1106.00,1119.00,1119.00,1124.00,,1119.00,,,997028,1111825679.10,30759,F1,1,,,,,
2026-09-17,2026-09-17,CM,NSE,STK,757725,INF204KC1FU1,LIQGRWBEES,EQ,,,,,NIPPONAMC - LIQGRWBEES,1058.45,1063.44,1051.89,1055.78,1055.79,1055.64,,1055.78,,,440338,464896293.96,170,F1,1,,,,,
2026-09-17,2026-09-17,CM,NSE,STK,758667,INF204KC1GH6,MANUFGBEES,EQ,,,,,NIPPONAMC - MANUFGBEES,158.00,161.00,157.79,160.03,159.94,157.61,,160.03,,,2092,332592.26,89,F1,1,,,,,
2026-09-17,2026-09-17,CM,NSE,STK,7880,INF204KC1337,AUTOBEES,EQ,,,,,NIPPONAMC - NETFAUTO,279.00,283.29,276.56,282.40,283.04,279.35,,282.40,,,144505,40715631.89,1824,F1,1,,,,,
2026-09-17,2026-09-17,CM,NSE,STK,4973,INF204KC1089,PHARMABEES,EQ,,,,,NIPPONAMC - NETFPHARMA,27.16,27.39,26.68,27.36,27.38,26.95,,27.36,,,3319130,90465639.72,7584,F1,1,,,,,
2026-09-17,2026-09-17,CM,NSE,STK,8080,INF204KC1402,SILVERBEES,EQ,,,,,NIPPONAMC - NETFSILVER,216.01,217.58,215.17,216.64,216.69,218.46,,216.64,,,13737345,2971312188.09,52225,F1,1,,,,,
2026-09-17,2026-09-17,CM,NSE,STK,757455,INF204KC1EZ3,SNXT30BEES,EQ,,,,,NIPPONAMC - SNXT30BEES,41.50,42.00,41.50,41.91,41.93,41.62,,41.91,,,2988,124916.91,50,F1,1,,,,,
2026-09-17,2026-09-17,CM,NSE,STK,255,INE368I01016,NIRAJ,EQ,,,,,NIRAJ CEMENT STRUC LTD,28.78,28.78,27.50,27.92,27.97,27.61,,28.14,,,27702,768054.42,65,F1,1,,,,,
2026-09-17,2026-09-17,CM,NSE,STK,18844,INE326T01011,NIRAJISPAT,BE,,,,,NIRAJ ISPAT IND LTD,300.00,300.00,285.00,285.00,285.00,300.00,,285.00,,,103,30075.00,10,F1,1,,,,,
2026-09-17,2026-09-17,CM,NSE,STK,2433,INE910A01012,NIRLON,EQ,,,,,NIRLON LTD,596.30,611.95,594.20,601.05,605.00,593.60,,601.05,,,1233,741426.30,182,F1,1,,,,,
2026-09-17,2026-09-17,CM,NSE,STK,14722,INE0OK701014,NIRMAN,SM,,,,,NIRMAN AGRI GENTICS LTD,26.85,27.10,26.50,26.70,26.70,26.85,,26.70,,,5700,152430.00,15,F1,300,,,,,
2026-09-17,2026-09-17,CM,NSE,STK,13300,INE858F01012,NITCO,EQ,,,,,NITCO LIMITED,85.60,88.79,85.11,85.94,85.34,85.17,,85.94,,,342602,29702768.08,2808,F1,1,,,,,
2026-09-17,2026-09-17,CM,NSE,STK,13175,INE229H01012,NITINSPIN,EQ,,,,,NITIN SPINNERS LIMITED,628.00,635.00,614.05,616.85,617.00,628.00,,616.93,,,63384,39364199.25,3305,F1,1,,,,,
2026-09-17,2026-09-17,CM,NSE,STK,3247,INE439T01012,NITIRAJ,EQ,,,,,NITIRAJ ENGINEERS LTD,226.00,239.00,223.22,234.07,237.00,230.02,,234.07,,,6661,1548699.52,93,F1,1,,,,,
2026-09-17,2026-09-17,CM,NSE,STK,762824,INE265B01019,NITTAGELA,EQ,,,,,NITTA GELATIN INDIA LTD.,1756.90,1794.80,1735.60,1766.10,1765.00,1756.90,,1765.71,,,9697,17160533.10,1090,F1,1,,,,,
2026-09-17,2026-09-17,CM,NSE,STK,27097,INE995S01015,NIVABUPA,EQ,,,,,NIVA BUPA HEALTH INS CO L,80.55,80.79,79.29,79.60,79.46,79.55,,79.60,,,654127,52236380.75,8073,F1,1,,,,,
2026-09-17,2026-09-17,CM,NSE,STK,2439,INE542C01019,NKIND,EQ,,,,,NK INDUSTRIES LTD,57.90,57.90,55.70,57.80,57.80,57.62,,57.80,,,243,13721.00,28,F1,1,,,,,
2026-09-17,2026-09-17,CM,NSE,STK,8585,INE589A01014,NLCINDIA,EQ,,,,,NLC INDIA LIMITED,256.50,262.90,255.60,262.30,262.40,255.35,,262.31,,,1656457,430525728.25,48089,F1,1,,,,,
2026-09-17,2026-09-17,CM,NSE,STK,761075,INE579F24099,805NMC29,N1,,,,,NMC 8.05% 2029 SR STRPP A,118.00,118.00,118.00,118.00,118.00,124.99,,118.00,,,23,2714.00,1,F1,1,,,,,
2026-09-17,2026-09-17,CM,NSE,STK,761077,INE579F24032,805NMC31,N3,,,,,NMC 8.05% 2031 SR STRPP C,129.00,129.00,129.00,129.00,129.00,118.00,,129.00,,,3,387.00,3,F1,1,,,,,
2026-09-17,2026-09-17,CM,NSE,STK,761079,INE579F24040,805NMC33,N5,,,,,NMC 8.05% 2033 SR STRPP E,129.00,129.00,129.00,129.00,129.00,118.00,,129.00,,,1,129.00,1,F1,1,,,,,
2026-09-17,2026-09-17,CM,NSE,STK,761081,INE579F24073,805NMC35,N7,,,,,NMC 8.05% 2035 SR STRPP G,118.00,118.00,118.00,118.00,118.00,118.01,,118.00,,,23,2714.00,1,F1,1,,,,,
2026-09-17,2026-09-17,CM,NSE,STK,761082,INE579F24107,805NMC36,N8,,,,,NMC 8.05% 2036 SR STRPP H,118.00,118.00,118.00,118.00,118.00,118.01,,118.00,,,23,2714.00,1,F1,1,,,,,
2026-09-17,2026-09-17,CM,NSE,STK,15332,INE584A01023,NMDC,EQ,,,,,NMDC LTD.,80.41,81.35,80.40,80.80,80.80,80.32,,80.81,,,4385275,355051941.72,34453,F1,1,,,,,
2026-09-17,2026-09-17,CM,NSE,STK,14180,INE0NNS01018,NSLNISP,EQ,,,,,NMDC STEEL LIMITED,41.00,41.91,41.00,41.64,41.53,41.17,,41.64,,,2893595,120242794.86,15067,F1,1,,,,,
2026-09-17,2026-09-17,CM,NSE,STK,2442,INE163A01018,NOCIL,EQ,,,,,NOCIL LIMITED,180.90,189.63,180.18,186.36,185.63,181.95,,186.36,,,2002880,375321494.07,17088,F1,1,,,,,
2026-09-17,2026-09-17,CM,NSE,STK,10786,INE781B01015,NOIDATOLL,EQ,,,,,NOIDA TOLL BRIDGE CO LTD,4.04,4.10,3.92,3.96,3.97,3.96,,3.96,,,148592,594981.14,247,F1,1,,,,,
2026-09-17,2026-09-17,CM,NSE,STK,4160,INE369C01017,NORBTEAEXP,EQ,,,,,NORBEN TEA & EXPORTS LTD,67.57,67.68,64.61,64.73,64.61,64.56,,64.73,,,1131,75190.18,37,F1,1,,,,,
2026-09-17,2026-09-17,CM,NSE,STK,13533,INE553C01016,NECCLTD,BE,,,,,NORTH EAST CARRY CORP LTD,18.04,19.40,18.03,18.82,18.80,18.97,,18.83,,,26409,491887.95,94,F1,1,,,,,
2026-09-17,2026-09-17,CM,NSE,STK,25426,INE850M01015,NORTHARC,EQ,,,,,NORTHERN ARC CAPITAL LTD,293.05,317.35,293.05,310.55,309.85,295.90,,310.53,,,2358970,731058328.20,44808,F1,1,,,,,
2026-09-17,2026-09-17,CM,NSE,STK,22477,INE02H701025,NOVAAGRI,EQ,,,,,NOVA AGRITECH LIMITED,22.30,22.89,22.11,22.49,22.63,22.32,,22.52,,,34060,766135.92,384,F1,1,,,,,
2026-09-17,2026-09-17,CM,NSE,STK,9007,INE234A01025,NOVARTIND,EQ,,,,,NOVARTIS INDIA LIMITED,2032.00,2195.00,2013.00,2082.20,2090.00,1995.50,,2082.09,,,153168,325539789.90,10901,F1,1,,,,,
2026-09-17,2026-09-17,CM,NSE,STK,7553,INE349A01021,NRBBEARING,EQ,,,,,NRB BEARING LIMITED,475.00,479.90,465.95,472.20,471.85,471.30,,472.19,,,190344,89908565.15,7486,F1,1,,,,,
2026-09-17,2026-09-17,CM,NSE,STK,29733,INE047O01014,NIBL,EQ,,,,,NRB INDUS. BEARINGS LTD.,30.88,31.00,30.26,30.65,30.43,30.88,,30.65,,,22575,690073.48,163,F1,1,,,,,
2026-09-17,2026-09-17,CM,NSE,STK,27176,INE0ONG01011,NTPCGREEN,EQ,,,,,NTPC GREEN ENERGY LIMITED,87.00,88.18,87.00,87.58,87.79,87.59,,87.57,,,969560,85070711.38,16648,F1,1,,,,,
2026-09-17,2026-09-17,CM,NSE,STK,11630,INE733E01010,NTPC,EQ,,,,,NTPC LTD,327.80,331.30,327.20,329.60,329.60,327.00,,329.57,,,5589949,1842110336.75,77440,F1,1,,,,,
2026-09-17,2026-09-17,CM,NSE,STK,10791,INE096B01018,NUCLEUS,EQ,,,,,NUCLEUS SOFTWARE EXPORTS,688.00,697.95,685.80,691.40,689.40,692.45,,691.40,,,14834,10221027.45,1169,F1,1,,,,,
2026-09-17,2026-09-17,CM,NSE,STK,13680,INE0JM501013,NRL,BE,,,,,NUPUR RECYCLERS LIMITED,133.00,138.00,130.98,137.13,134.00,133.98,,137.13,,,56822,7719435.57,350,F1,1,,,,,
2026-09-17,2026-09-17,CM,NSE,STK,2353,INE0DSF01015,NURECA,BE,,,,,NURECA LIMITED,339.95,344.90,325.20,332.35,330.00,338.30,,332.35,,,7213,2383681.55,196,F1,1,,,,,
2026-09-17,2026-09-17,CM,NSE,STK,18721,INE531F01023,NUVAMA,EQ,,,,,NUVAMA WEALTH MANAGE LTD,1700.20,1718.70,1682.00,1687.40,1685.00,1703.10,,1687.38,,,171066,289953453.90,14352,F1,1,,,,,
2026-09-17,2026-09-17,CM,NSE,STK,5426,INE118D01016,NUVOCO,EQ,,,,,NUVOCO VISTAS CORP LTD,316.20,320.90,313.30,319.00,318.05,316.20,,319.00,,,196546,62326770.10,9824,F1,1,,,,,
2026-09-17,2026-09-17,CM,NSE,STK,24298,INE0SF023016,NXT-INFRA,IV,,,,,NXT-INFRA TRUST,96.10,96.10,94.22,95.50,95.50,96.00,,95.50,,,1300000,123078500.00,28,F1,25000,,,,,
2026-09-17,2026-09-17,CM,NSE,STK,8797,INE426Z01016,OBCL,EQ,,,,,OBCL LIMITED,59.18,60.20,55.10,55.82,56.78,56.98,,55.82,,,27171,1565112.71,265,F1,1,,,,,
2026-09-17,2026-09-17,CM,NSE,STK,20242,INE093I01010,OBEROIRLTY,EQ,,,,,OBEROI REALTY LIMITED,1705.10,1741.90,1695.80,1740.70,1740.70,1706.90,,1740.70,,,413371,709533342.50,23432,F1,1,,,,,
2026-09-17,2026-09-17,CM,NSE,STK,25923,INE0YHV01011,OBSCP,SM,,,,,OBSC PERFECTION LIMITED,881.00,912.55,870.00,899.25,896.00,885.20,,899.25,,,36000,32095260.00,88,F1,400,,,,,
2026-09-17,2026-09-17,CM,NSE,STK,25920,INE0PK601023,OCCLLTD,BE,,,,,OCCL LIMITED,146.50,154.65,145.00,154.65,154.65,147.29,,154.65,,,60400,9286684.13,253,F1,1,,,,,
2026-09-17,2026-09-17,CM,NSE,STK,27571,INE054301028,ODIGMA,EQ,,,,,ODIGMA CONSULTANCY SOL L,21.85,21.98,20.95,21.00,20.95,21.42,,21.02,,,41688,878562.80,674,F1,1,,,,,
2026-09-17,2026-09-17,CM,NSE,STK,764803,INE839E01023,ODYCORP,EQ,,,,,ODYSSEY CORPORATION LTD.,7.25,7.25,6.56,6.86,7.09,7.11,,6.73,,,37929,265150.35,167,F1,1,,,,,
2026-09-17,2026-09-17,CM,NSE,STK,2475,INE213A01029,ONGC,EQ,,,,,OIL AND NATURAL GAS CORP.,235.10,235.65,231.25,232.43,232.43,236.80,,232.43,,,11062410,2574007854.42,82964,F1,1,,,,,
2026-09-17,2026-09-17,CM,NSE,STK,8109,INE591A01010,OILCOUNTUB,BE,,,,,OIL COUNTRY TUBULAR LTD.,64.26,64.26,64.26,64.26,64.26,63.00,,64.16,,,66668,4284085.68,76,F1,1,,,,,
2026-09-17,2026-09-17,CM,NSE,STK,17438,INE274J01014,OIL,EQ,,,,,OIL INDIA LTD,485.00,491.00,474.25,477.40,477.40,487.60,,477.40,,,1708044,817210583.65,21208,F1,1,,,,,
2026-09-17,2026-09-17,CM,NSE,STK,24777,INE0LXG01040,OLAELEC,EQ,,,,,OLA ELECTRIC MOBILITY LTD,37.43,37.62,36.51,36.79,36.74,37.24,,36.79,,,43408200,1600797254.25,126223,F1,1,,,,,
2026-09-17,2026-09-17,CM,NSE,STK,10637,INE260D01016,OLECTRA,EQ,,,,,OLECTRA GREENTECH LIMITED,1170.00,1191.40,1164.60,1186.20,1186.00,1168.00,,1186.17,,,158165,186574226.40,12268,F1,1,,,,,
2026-09-17,2026-09-17,CM,NSE,STK,759412,INE1BZC01019,OMFREIGHT,BE,,,,,OM FREIGHT FORWARDERS LTD,85.75,88.00,85.00,85.80,85.01,87.49,,85.80,,,6154,527460.21,104,F1,1,,,,,
2026-09-17,2026-09-17,CM,NSE,STK,24231,INE239D01028,OMINFRAL,EQ,,,,,OM INFRA LIMITED,79.65,80.99,78.50,79.44,78.70,80.42,,79.44,,,44975,3579610.37,1195,F1,1,,,,,
2026-09-17,2026-09-17,CM,NSE,STK,762432,INE25E901019,OMPOWER,EQ,,,,,OM POWER TRANSMISSION LTD,165.92,170.00,164.02,166.70,165.55,164.82,,166.71,,,136884,22750016.53,1629,F1,1,,,,,
2026-09-17,2026-09-17,CM,NSE,STK,10922,INE090B01011,OMAXAUTO,EQ,,,,,OMAX AUTOS LTD,166.27,183.00,166.00,175.79,174.50,167.10,,175.80,,,71166,12522083.51,2165,F1,1,,,,,
2026-09-17,2026-09-17,CM,NSE,STK,14853,INE800H01010,OMAXE,EQ,,,,,OMAXE LIMITED,116.18,122.37,114.51,120.76,121.00,115.07,,120.76,,,755723,90136513.69,9238,F1,1,,,,,
2026-09-17,2026-09-17,CM,NSE,STK,760865,INE0UH301010,OMNI,EQ,,,,,OMNITECH ENGINEERING LTD,539.90,574.50,526.60,568.65,567.60,539.50,,568.76,,,550904,307023920.80,15475,F1,1,,,,,
2026-09-17,2026-09-17,CM,NSE,STK,19692,INE00ER01015,ONDOOR,SM,,,,,ON DOOR CONCEPTS LIMITED,271.05,276.90,266.00,267.20,266.00,280.45,,267.20,,,27000,7295475.00,49,F1,300,,,,,
2026-09-17,2026-09-17,CM,NSE,STK,6705,INE982J01020,PAYTM,EQ,,,,,ONE 97 COMMUNICATIONS LTD,1795.00,1816.30,1752.70,1763.00,1763.00,1790.00,,1762.99,,,4085951,7237967229.90,92484,F1,1,,,,,
2026-09-17,2026-09-17,CM,NSE,STK,765242,INE670O01013,ONEGLOBAL,EQ,,,,,ONE GLOBAL SERVICE PROV L,522.15,541.15,520.00,530.45,530.00,524.75,,530.50,,,5391,2860945.80,441,F1,1,,,,,
2026-09-17,2026-09-17,CM,NSE,STK,28046,INE0HLU01028,MOBIKWIK,EQ,,,,,ONE MOBIKWIK SYSTEMS LTD,197.00,210.49,193.95,198.64,200.00,198.37,,198.63,,,5392512,1101732376.12,54268,F1,1,,,,,
2026-09-17,2026-09-17,CM,NSE,STK,9939,INE840Y01029,ONEPOINT,EQ,,,,,ONE POINT ONE SOL LTD,57.00,60.25,56.32,59.14,58.90,56.28,,59.14,,,2680184,158761714.03,12054,F1,1,,,,,
2026-09-17,2026-09-17,CM,NSE,STK,19386,INE0OPS01011,OLIL,SM,,,,,ONECLICK LOGISTICS IND L,435.10,440.00,425.00,432.35,440.00,430.80,,432.35,,,32400,13873880.00,43,F1,400,,,,,
2026-09-17,2026-09-17,CM,NSE,STK,25496,INE912L01015,ONELIFECAP,BE,,,,,ONELIFE CAP ADVISORS LTD,32.17,33.94,31.50,32.91,33.94,32.33,,33.21,,,132220,4353323.16,94,F1,1,,,,,
2026-09-17,2026-09-17,CM,NSE,STK,763294,INE12F801023,KISSHT,EQ,,,,,ONEMI TECHNOLOGY SOL LTD,341.00,366.80,330.00,359.95,360.15,342.65,,359.94,,,2725240,974099759.55,66123,F1,1,,,,,
2026-09-17,2026-09-17,CM,NSE,STK,29224,INE013P01021,ONESOURCE,EQ,,,,,ONESOURCE SPECL PHARMA L,1600.20,1621.80,1569.60,1580.00,1581.00,1596.60,,1579.97,,,121361,193147729.20,16119,F1,1,,,,,
2026-09-17,2026-09-17,CM,NSE,STK,2202,INE831A01028,ONIDA,EQ,,,,,ONIDA ELECTRONICS LIMITED,33.00,34.70,31.77,32.29,32.17,33.05,,32.29,,,2565482,86577665.17,3525,F1,1,,,,,
2026-09-17,2026-09-17,CM,NSE,STK,764808,INE173M01012,ONIXSOLAR,EQ,,,,,ONIX SOLAR ENERGY LTD.,376.20,376.20,376.20,376.20,376.20,395.95,,376.09,,,7550,2840310.00,83,F1,1,,,,,
2026-09-17,2026-09-17,CM,NSE,STK,15282,INE809I01019,ONMOBILE,BE,,,,,ONMOBILE GLOBAL LTD.,54.40,54.40,50.10,51.31,51.95,51.81,,51.44,,,128839,6777789.38,1538,F1,1,,,,,
2026-09-17,2026-09-17,CM,NSE,STK,2481,INE229A01017,ONWARDTEC,EQ,,,,,ONWARD TECHNOLOGIES LTD,282.00,303.00,276.05,291.75,288.00,278.60,,291.67,,,72827,21214556.15,1691,F1,1,,,,,
2026-09-17,2026-09-17,CM,NSE,STK,27143,INE0WVU01018,ONYX,ST,,,,,ONYX BIOTEC LIMITED,38.00,38.00,38.00,38.00,38.00,38.00,,38.00,,,80000,3040000.00,4,F1,2000,,,,,
2026-09-17,2026-09-17,CM,NSE,STK,21469,INE350C01017,OPTIEMUS,EQ,,,,,OPTIEMUS INFRACOM LTD,588.90,614.40,588.85,610.00,608.60,592.85,,610.18,,,356119,216712048.80,15747,F1,1,,,,,
2026-09-17,2026-09-17,CM,NSE,STK,764813,INE031G01022,OPTIFIN,EQ,,,,,OPTIMUS FINANCE LTD.,13.02,15.90,12.80,15.13,14.66,13.29,,14.96,,,65480,946803.94,475,F1,1,,,,,
2026-09-17,2026-09-17,CM,NSE,STK,764528,INE1JZB01022,OPTIMYSTIX,SM,,,,,OPTIMYSTIX ENT INDIA LTD,142.00,142.00,139.00,139.00,139.00,144.20,,139.00,,,20800,2912960.00,21,F1,800,,,,,
2026-09-17,2026-09-17,CM,NSE,STK,758903,INE15B101011,OPTIVALUE,ST,,,,,OPTIVALUE TEK CONSULT LTD,180.30,188.00,180.30,183.95,183.95,189.75,,183.95,,,36800,6742960.00,23,F1,1600,,,,,
2026-09-17,2026-09-17,CM,NSE,STK,10738,INE881D01027,OFSS,EQ,,,,,ORACLE FIN SERV SOFT LTD.,11500.00,11666.00,11356.00,11620.00,11620.00,11510.00,,11619.99,,,132173,1525718696.00,25583,F1,1,,,,,
2026-09-17,2026-09-17,CM,NSE,STK,31479,INE231G01010,ORBTEXP,BE,,,,,ORBIT EXPORTS LIMITED,221.00,227.40,221.00,224.97,225.00,224.59,,224.26,,,1483,332913.84,36,F1,1,,,,,
2026-09-17,2026-09-17,CM,NSE,STK,29492,INE215B01022,ORCHASP,EQ,,,,,ORCHASP LIMITED,1.60,1.67,1.35,1.37,1.37,1.60,,1.37,,,1339545,1916332.26,760,F1,1,,,,,
2026-09-17,2026-09-17,CM,NSE,STK,926,INE191A01027,ORCHPHARMA,EQ,,,,,ORCHID PHARMA LIMITED,961.00,1001.20,952.95,958.05,963.00,957.50,,958.01,,,138643,134940791.80,8367,F1,1,,,,,
2026-09-17,2026-09-17,CM,NSE,STK,17882,INE0OUT01019,ORIANA,SM,,,,,ORIANA POWER LIMITED,1257.00,1362.95,1253.00,1348.85,1349.50,1250.75,,1348.85,,,103200,137337180.00,1053,F1,75,,,,,
2026-09-17,2026-09-17,CM,NSE,STK,10159,INE730A01022,ORICONENT,EQ,,,,,ORICON ENTERPRISES LTD,51.05,52.21,51.05,51.26,51.75,51.38,,51.25,,,12236,630048.00,157,F1,1,,,,,
2026-09-17,2026-09-17,CM,NSE,STK,14278,INE607D01018,ORIENTBELL,EQ,,,,,ORIENT BELL LIMITED,380.00,392.10,380.00,387.25,391.00,384.20,,387.25,,,15649,6070357.35,849,F1,1,,,,,
2026-09-17,2026-09-17,CM,NSE,STK,30089,INE876N01018,ORIENTCEM,EQ,,,,,ORIENT CEMENT LTD.,121.10,123.00,120.77,122.09,122.10,121.64,,122.09,,,753064,91899402.91,3942,F1,1,,,,,
2026-09-17,2026-09-17,CM,NSE,STK,13111,INE569C01020,ORIENTCER,EQ,,,,,ORIENT CERATECH LIMITED,45.44,46.70,44.50,46.11,46.60,44.82,,46.11,,,62071,2829246.54,848,F1,1,,,,,
2026-09-17,2026-09-17,CM,NSE,STK,2972,INE142Z01019,ORIENTELEC,EQ,,,,,ORIENT ELECTRIC LIMITED,170.00,170.00,167.31,168.83,169.36,168.40,,168.83,,,53644,9069619.38,1737,F1,1,,,,,
2026-09-17,2026-09-17,CM,NSE,STK,20110,INE999K01014,GREENPOWER,EQ,,,,,ORIENT GREEN POWER CO LTD,9.06,9.20,9.00,9.05,9.06,9.06,,9.05,,,1776162,16098278.17,3402,F1,1,,,,,
2026-09-17,2026-09-17,CM,NSE,STK,2493,INE750A01020,ORIENTHOT,EQ,,,,,ORIENT HOTELS LTD,138.50,141.65,136.48,141.01,140.15,138.59,,141.01,,,497650,69877666.25,2772,F1,1,,,,,
2026-09-17,2026-09-17,CM,NSE,STK,2496,INE592A01026,ORIENTPPR,EQ,,,,,ORIENT PAPER AND INDS LTD,16.80,17.71,16.80,17.25,17.20,16.79,,17.25,,,285003,4931121.93,1005,F1,1,,,,,
2026-09-17,2026-09-17,CM,NSE,STK,18211,INE609C01024,ORIENTLTD,BE,,,,,ORIENT PRESS LIMITED,83.99,83.99,82.99,82.99,82.99,80.00,,82.99,,,67,5561.39,4,F1,1,,,,,
2026-09-17,2026-09-17,CM,NSE,STK,24961,INE0PPK01015,ORIENTTECH,EQ,,,,,ORIENT TECHNOLOGIES LTD,234.95,242.52,234.95,236.47,236.20,233.32,,236.47,,,177246,42111861.78,4578,F1,1,,,,,
2026-09-17,2026-09-17,CM,NSE,STK,10768,INE959C01023,OAL,EQ,,,,,ORIENTAL AROMATICS LTD,508.85,519.00,506.50,513.50,519.00,508.85,,513.55,,,10254,5244948.60,681,F1,1,,,,,
2026-09-17,2026-09-17,CM,NSE,STK,764818,INE457G01029,ORIRAIL,EQ,,,,,ORIENTAL RAIL INFRA L,119.80,121.35,117.13,117.94,118.00,119.85,,117.94,,,43602,5188561.48,1050,F1,1,,,,,
2026-09-17,2026-09-17,CM,NSE,STK,14346,INE998H01012,ORIENTALTL,EQ,,,,,ORIENTAL TRIMEX LTD,4.91,5.07,4.90,4.98,4.98,5.00,,4.98,,,41875,207752.86,251,F1,1,,,,,
2026-09-17,2026-09-17,CM,NSE,STK,19931,INE725E01024,ORISSAMINE,EQ,,,,,ORISSA MIN DEV CO LTD,3849.60,3928.90,3800.00,3896.40,3900.00,3829.40,,3896.65,,,5835,22582832.70,1485,F1,1,,,,,
2026-09-17,2026-09-17,CM,NSE,STK,759569,INE16NZ01023,ORKLAINDIA,EQ,,,,,ORKLA INDIA LIMITED,580.00,583.00,576.00,578.25,576.30,579.80,,578.28,,,38840,22547994.00,3778,F1,1,,,,,
2026-09-17,2026-09-17,CM,NSE,STK,2979,INE749B01020,ORTINGLOBE,EQ,,,,,ORTIN GLOBAL LIMITED,17.33,17.33,16.40,16.45,17.00,17.25,,16.45,,,4055,67416.62,25,F1,1,,,,,
2026-09-17,2026-09-17,CM,NSE,STK,25386,INE0RMF01018,OSELDEVICE,SM,,,,,OSEL DEVICES LIMITED,357.50,371.00,357.50,368.50,368.85,363.35,,368.50,,,17400,6407680.00,74,F1,200,,,,,
2026-09-17,2026-09-17,CM,NSE,STK,12643,INE06IR01021,OSIAHYPER,BE,,,,,OSIA HYPER RETAIL LIMITED,2.29,2.29,2.19,2.22,2.26,2.30,,2.22,,,743949,1637024.87,606,F1,1,,,,,
2026-09-17,2026-09-17,CM,NSE,STK,2514,INE142A01012,OSWALAGRO,EQ,,,,,OSWAL AGRO MILLS LTD,33.00,34.48,32.70,33.91,34.30,33.43,,33.88,,,28868,975744.63,466,F1,1,,,,,
2026-09-17,2026-09-17,CM,NSE,STK,471,INE143A01010,OSWALGREEN,EQ,,,,,OSWAL GREENTECH LIMITED,18.70,19.50,18.63,19.04,19.04,19.29,,19.05,,,132784,2537201.44,1407,F1,1,,,,,
2026-09-17,2026-09-17,CM,NSE,STK,756802,INE0BYP01024,OSWALPUMPS,EQ,,,,,OSWAL PUMPS LIMITED,269.85,278.20,269.45,273.30,274.80,269.85,,273.30,,,309066,84765290.60,7034,F1,1,,,,,
2026-09-17,2026-09-17,CM,NSE,STK,22914,INE0R8M01017,OWAIS,ST,,,,,OWAIS METAL & MINERAL,76.45,77.95,76.45,77.95,77.95,76.45,,77.95,,,7000,538045.00,26,F1,100,,,,,
2026-09-17,2026-09-17,CM,NSE,STK,765145,INE501F01018,PBMPOLY,EQ,,,,,P B M POLYTEX LTD.,61.00,61.00,59.99,60.00,60.00,61.00,,59.85,,,278,16699.98,7,F1,1,,,,,
2026-09-17,2026-09-17,CM,NSE,STK,25312,INE953R01016,PNGJL,EQ,,,,,P N GADGIL JEWELLERS LTD,610.00,612.95,597.10,601.15,600.90,608.65,,601.16,,,193341,116643565.05,8598,F1,1,,,,,
2026-09-17,2026-09-17,CM,NSE,STK,764845,INE035S01028,POEL,EQ,,,,,P O C L ENTERPRISES LTD.,143.79,143.79,137.00,137.82,138.79,137.47,,137.86,,,29811,4147919.40,968,F1,1,,,,,
2026-09-17,2026-09-17,CM,NSE,STK,29662,INE0XUS01020,PSRAJ,SM,,,,,P S RAJ STEELS LIMITED,98.00,98.00,96.00,96.00,96.00,102.35,,96.00,,,10000,970125.00,4,F1,2500,,,,,
2026-09-17,2026-09-17,CM,NSE,STK,2535,INE179A01014,PGHH,EQ,,,,,P&G HYGIENE & HEALTH CARE,7655.00,7715.00,7507.00,7613.00,7625.00,7611.00,,7613.23,,,7139,54642426.00,2213,F1,1,,,,,
2026-09-17,2026-09-17,CM,NSE,STK,759342,INE0S3G01027,PACEDIGITK,EQ,,,,,PACE DIGITEK LIMITED,152.00,155.36,152.00,153.31,153.95,152.50,,153.32,,,495495,76041679.15,6319,F1,1,,,,,
2026-09-17,2026-09-17,CM,NSE,STK,764823,INE883C01025,PACIFICI,EQ,,,,,PACIFIC INDUSTRIES LTD.,148.50,148.50,148.50,148.50,148.50,136.10,,140.40,,,1,148.50,1,F1,1,,,,,
2026-09-17,2026-09-17,CM,NSE,STK,14413,INE761H01022,PAGEIND,EQ,,,,,PAGE INDUSTRIES LTD,34300.00,35290.00,34300.00,35020.00,35020.00,34275.00,,35027.46,,,14284,498346415.00,7711,F1,1,,,,,
2026-09-17,2026-09-17,CM,NSE,STK,25468,INE420C01059,PAISALO,EQ,,,,,PAISALO DIGITAL LIMITED,84.00,92.75,83.89,88.73,88.51,84.59,,88.73,,,26502335,2361622950.28,100114,F1,1,,,,,
2026-09-17,2026-09-17,CM,NSE,STK,17197,INE551D01018,PAKKA,EQ,,,,,PAKKA LIMITED,74.78,77.80,74.78,77.12,77.39,75.15,,77.13,,,53227,4099471.88,906,F1,1,,,,,
2026-09-17,2026-09-17,CM,NSE,STK,21383,INE471W01019,PALASHSECU,EQ,,,,,PALASH SECURITIES LTD,89.50,89.50,86.00,86.03,86.03,88.00,,86.03,,,607,52762.75,34,F1,1,,,,,
2026-09-17,2026-09-17,CM,NSE,STK,17062,INE218G01033,PALREDTEC,EQ,,,,,PALRED TECHNOLOGIES LTD,47.40,50.01,46.00,46.01,46.01,47.63,,47.51,,,1252,59328.80,40,F1,1,,,,,
2026-09-17,2026-09-17,CM,NSE,STK,4055,INE922B01023,PANACEABIO,EQ,,,,,PANACEA BIOTEC LTD,373.00,383.35,367.15,372.00,374.00,367.15,,372.00,,,72429,27056753.50,2745,F1,1,,,,,
2026-09-17,2026-09-17,CM,NSE,STK,16355,INE895W01019,PANACHE,BE,,,,,PANACHE DIGILIFE LIMITED,521.00,521.00,512.00,512.00,512.00,520.00,,512.00,,,3422,1777551.00,30,F1,1,,,,,
2026-09-17,2026-09-17,CM,NSE,STK,25392,INE305C01029,PANAMAPET,EQ,,,,,PANAMA PETROCHEM LTD,452.70,463.50,446.20,459.75,459.00,451.55,,459.79,,,160464,73627088.95,5405,F1,1,,,,,
2026-09-17,2026-09-17,CM,NSE,STK,765140,INE258R01028,PANORAMA,EQ,,,,,PANORAMA STUDIOS INTL. L,50.85,53.90,50.31,52.63,53.00,50.13,,52.63,,,379760,19816988.27,2369,F1,1,,,,,
2026-09-17,2026-09-17,CM,NSE,STK,6141,INE697V01011,PANSARI,EQ,,,,,PANSARI DEVELOPERS LTD,291.70,291.70,280.10,290.00,290.00,291.70,,290.00,,,23,6655.10,6,F1,1,,,,,
2026-09-17,2026-09-17,CM,NSE,STK,5637,INE04LG01015,PAR,BE,,,,,PAR DRUGS AND CHEM LTD,121.06,133.54,121.06,133.54,133.54,127.19,,133.54,,,32085,4204597.45,354,F1,1,,,,,
2026-09-17,2026-09-17,CM,NSE,STK,9741,INE088F01024,PARADEEP,EQ,,,,,PARADEEP PHOSPHATES LTD,146.20,154.37,146.20,153.81,153.90,146.84,,153.81,,,2608193,395276363.77,40477,F1,1,,,,,
2026-09-17,2026-09-17,CM,NSE,STK,17130,INE883N01014,PARAGMILK,EQ,,,,,PARAG MILK FOODS LTD.,268.80,279.45,263.10,264.60,264.00,269.10,,264.60,,,2697229,734495545.40,40137,F1,1,,,,,
2026-09-17,2026-09-17,CM,NSE,STK,19779,INE0N4G01012,PARAGON,SM,,,,,PARAGON FINE S.C. LTD.,54.00,56.95,54.00,55.50,55.50,51.90,,55.50,,,12000,663420.00,10,F1,1200,,,,,
2026-09-17,2026-09-17,CM,NSE,STK,13951,INE074B01023,PARACABLES,EQ,,,,,PARAMOUNT COMM LTD,61.00,62.38,60.20,60.70,60.81,60.83,,60.70,,,1231134,75392010.56,6493,F1,1,,,,,
2026-09-17,2026-09-17,CM,NSE,STK,25716,INE0TG801013,PARAMOUNT,SM,,,,,PARAMOUNT DYE TEC LIMITED,42.40,42.40,42.35,42.35,42.35,44.55,,42.35,,,8400,355860.00,7,F1,1200,,,,,
2026-09-17,2026-09-17,CM,NSE,STK,5911,INE045601023,PARAS,EQ,,,,,PARAS DEF AND SPCE TECH L,1303.00,1379.90,1303.00,1370.90,1375.00,1318.80,,1370.75,,,1067428,1450410758.70,50143,F1,1,,,,,
2026-09-17,2026-09-17,CM,NSE,STK,3972,INE162C01024,PARASPETRO,EQ,,,,,PARAS PETROFILS LTD.,2.15,2.18,2.13,2.13,2.15,2.13,,2.13,,,66268,141635.69,163,F1,1,,,,,
2026-09-17,2026-09-17,CM,NSE,STK,5460,INE00U801010,PARIN,SM,,,,,PARIN ENTERPRISES LIMITED,697.00,722.00,697.00,703.95,703.95,697.25,,703.95,,,3250,2288800.00,8,F1,250,,,,,
2026-09-17,2026-09-17,CM,NSE,STK,760351,INE119201023,PARKHOSPS,EQ,,,,,PARK MEDI WORLD LIMITED,277.10,279.55,276.00,277.90,278.80,276.40,,277.91,,,143934,40024029.20,4985,F1,1,,,,,
2026-09-17,2026-09-17,CM,NSE,STK,22649,INE988S01028,PARKHOTELS,EQ,,,,,PARKHOTELS,106.54,107.80,105.85,107.20,107.80,105.85,,107.18,,,48133,5156202.88,1063,F1,1,,,,,
2026-09-17,2026-09-17,CM,NSE,STK,764833,INE383L01019,PARNAXLAB,EQ,,,,,PARNAX LAB LTD.,121.00,127.95,121.00,123.79,122.92,120.26,,123.79,,,1113,137733.57,42,F1,1,,,,,
2026-09-17,2026-09-17,CM,NSE,STK,13795,INE561H01026,PARSVNATH,BE,,,,,PARSVNATH DEVELOPER LTD,1.81,1.81,1.81,1.81,1.81,1.78,,1.81,,,53987,97716.47,49,F1,1,,,,,
2026-09-17,2026-09-17,CM,NSE,STK,758217,INE1H7V01011,PARTH,SM,,,,,PARTH ELEC & ENG LTD,493.00,500.00,480.25,491.80,487.10,509.00,,491.80,,,10000,4914640.00,25,F1,400,,,,,
2026-09-17,2026-09-17,CM,NSE,STK,757955,INE124Y01028,PASHUPATI,EQ,,,,,PASHUPATI COTSPIN LIMITED,80.95,82.70,80.46,81.37,81.55,79.74,,81.37,,,43534,3541269.74,1392,F1,1,,,,,
2026-09-17,2026-09-17,CM,NSE,STK,6045,INE818B01023,PASUPTAC,EQ,,,,,PASUPATI ACRYLON LIMITED,69.49,71.85,68.81,70.31,70.65,68.07,,70.32,,,215392,15195869.19,2676,F1,1,,,,,
2026-09-17,2026-09-17,CM,NSE,STK,17029,INE619A01035,PATANJALI,EQ,,,,,PATANJALI FOODS LIMITED,362.55,364.90,354.00,354.45,354.45,365.00,,354.45,,,3350516,1198734720.75,51534,F1,1,,,,,
2026-09-17,2026-09-17,CM,NSE,STK,11699,INE244B01030,PATELENG,EQ,,,,,PATEL ENGINEERING LTD.,25.50,26.19,25.50,25.96,25.96,25.62,,25.96,,,1174809,30498184.05,4727,F1,1,,,,,
2026-09-17,2026-09-17,CM,NSE,STK,15223,INE529D01014,PATINTLOG,BE,,,,,PATEL INT. LOG. LTD,13.75,14.20,13.36,13.89,13.90,13.78,,13.85,,,76834,1065885.31,209,F1,1,,,,,
2026-09-17,2026-09-17,CM,NSE,STK,759439,INE0R8B01010,PATELRMART,EQ,,,,,PATEL RETAIL LIMITED,204.71,206.67,202.00,202.84,203.00,202.92,,202.84,,,72077,14650815.65,920,F1,1,,,,,
2026-09-17,2026-09-17,CM,NSE,STK,756963,INE17GV01016,PATILAUTOM,SM,,,,,PATIL AUTOMATION LIMITED,308.85,319.90,308.35,315.55,318.00,307.30,,315.55,,,64200,20222370.00,100,F1,600,,,,,
2026-09-17,2026-09-17,CM,NSE,STK,762834,INE291E01019,PML,EQ,,,,,PAUL MERCHANTS LTD.,491.30,495.05,480.00,495.05,495.05,496.10,,480.60,,,73,35224.15,9,F1,1,,,,,
2026-09-17,2026-09-17,CM,NSE,STK,759969,INE111F01024,PAUSHAKLTD,EQ,,,,,PAUSHAK LIMITED,710.05,729.15,703.00,719.95,716.10,715.35,,720.63,,,30465,21739491.20,2758,F1,1,,,,,
2026-09-17,2026-09-17,CM,NSE,STK,16192,INE07S101038,PAVNAIND,EQ,,,,,PAVNA INDUSTRIES LIMITED,15.15,15.84,14.38,14.95,14.83,15.14,,14.95,,,102835,1538810.37,484,F1,1,,,,,
2026-09-17,2026-09-17,CM,NSE,STK,6656,INE417T01026,POLICYBZR,EQ,,,,,PB FINTECH LIMITED,1839.00,1845.00,1718.10,1765.00,1765.00,1827.10,,1764.86,,,6641203,11689254245.30,213143,F1,1,,,,,
2026-09-17,2026-09-17,CM,NSE,STK,29124,INE785M01021,PCJEWELLER,EQ,,,,,PC JEWELLER LTD,12.59,12.90,12.30,12.35,12.35,12.64,,12.35,,,225554471,2838355128.68,119012,F1,1,,,,,
2026-09-17,2026-09-17,CM,NSE,STK,2649,INE602A01031,PCBL,EQ,,,,,PCBL CHEMICAL LIMITED,318.40,331.80,317.85,329.40,330.60,317.10,,329.41,,,1194557,388985120.35,27607,F1,1,,,,,
2026-09-17,2026-09-17,CM,NSE,STK,761819,INE389Z07104,9PCPL28A,N0,,,,,PCPL 9% 2028,9711.00,9711.00,9500.00,9500.00,9500.00,9711.00,,9500.00,,,16,153258.00,6,F1,1,,,,,
2026-09-17,2026-09-17,CM,NSE,STK,5264,INE111Q01021,PDSL,EQ,,,,,PDS LIMITED,336.65,347.40,335.05,345.45,347.40,336.65,,345.45,,,192977,65811110.95,2249,F1,1,,,,,
2026-09-17,2026-09-17,CM,NSE,STK,14260,INE940H01022,PGIL,EQ,,,,,PEARL GLOBAL IND LIMITED,1180.00,1180.10,1102.00,1143.10,1152.00,1179.90,,1143.06,,,340483,385806376.50,32938,F1,1,,,,,
2026-09-17,2026-09-17,CM,NSE,STK,2610,INE844A01013,PEARLPOLY,EQ,,,,,PEARL POLYMERS LTD,16.43,16.86,15.56,16.73,16.86,16.15,,16.73,,,15864,261083.01,79,F1,1,,,,,
2026-09-17,2026-09-17,CM,NSE,STK,25408,INE0VG601013,PELATRO,SM,,,,,PELATRO LIMITED,370.00,370.00,362.00,365.15,364.00,369.85,,365.15,,,3900,1421865.00,13,F1,300,,,,,
2026-09-17,2026-09-17,CM,NSE,STK,2256,INE138A01028,PENINLAND,EQ,,,,,PENINSULA LAND LIMITED,15.20,15.89,14.83,15.55,15.80,14.62,,15.55,,,250907,3843979.18,977,F1,1,,,,,
2026-09-17,2026-09-17,CM,NSE,STK,20621,INE932A01024,PENIND,EQ,,,,,PENNAR INDUSTRIES LTD,166.80,172.00,165.51,170.44,171.00,166.79,,170.44,,,189396,32079595.43,4581,F1,1,,,,,
2026-09-17,2026-09-17,CM,NSE,STK,17139,INE0ORS01017,PENTAGON,ST,,,,,PENTAGON RUBBER LIMITED,87.00,87.00,87.00,87.00,87.00,86.95,,87.00,,,1000,87000.00,1,F1,1000,,,,,
2026-09-17,2026-09-17,CM,NSE,STK,758121,INE925S01012,PERFECT,SZ,,,,,PERFECT INFRAENGINEER LTD,1.65,1.65,1.65,1.65,1.65,1.65,,1.65,,,30000,49500.00,1,F1,3000,,,,,
2026-09-17,2026-09-17,CM,NSE,STK,764838,INE418E01018,PERMAGN,EQ,,,,,PERMANENT MAGNETS LTD.,830.50,842.65,818.05,828.70,830.30,834.80,,828.16,,,2968,2457354.50,331,F1,1,,,,,
2026-09-17,2026-09-17,CM,NSE,STK,18365,INE262H01021,PERSISTENT,EQ,,,,,PERSISTENT SYSTEMS LTD,5410.00,5502.00,5405.50,5473.00,5473.00,5440.00,,5473.05,,,233465,1274662547.50,23920,F1,1,,,,,
2026-09-17,2026-09-17,CM,NSE,STK,24290,INE998U01015,PCCL,SM,,,,,PETRO CARBON AND CHEMI L,405.05,445.00,405.05,439.65,445.00,441.15,,439.65,,,16400,7128040.00,36,F1,400,,,,,
2026-09-17,2026-09-17,CM,NSE,STK,11351,INE347G01014,PETRONET,EQ,,,,,PETRONET LNG LIMITED,282.05,285.00,281.70,283.45,283.45,282.10,,283.45,,,982394,278155047.95,41546,F1,1,,,,,
2026-09-17,2026-09-17,CM,NSE,STK,2643,INE182A01018,PFIZER,EQ,,,,,PFIZER LTD,4000.00,4040.00,3985.50,4014.80,4010.30,4014.40,,4014.82,,,20865,83682918.60,5115,F1,1,,,,,
2026-09-17,2026-09-17,CM,NSE,STK,25358,INE457L01029,PGEL,EQ,,,,,PG ELECTROPLAST LTD,524.00,533.70,519.30,529.35,529.35,523.85,,529.35,,,420677,222484073.10,10770,F1,1,,,,,
2026-09-17,2026-09-17,CM,NSE,STK,11612,INE0MLZ01019,PHANTOMFX,SM,,,,,PHANTOM DIGITAL EFF LTD,96.00,103.05,96.00,99.45,98.00,93.90,,99.45,,,23700,2322570.00,74,F1,300,,,,,
2026-09-17,2026-09-17,CM,NSE,STK,2658,INE245B01011,PHOENXINTL,EQ,,,,,PHOENIX INTERNATIONAL LTD,28.40,28.94,27.85,28.77,28.77,28.10,,28.35,,,775,21780.93,126,F1,1,,,,,
2026-09-17,2026-09-17,CM,NSE,STK,25513,INE0FPO01018,PHOGLOBAL,SM,,,,,PHOENIX OVERSEAS LIMITED,14.50,15.80,14.50,14.50,14.50,14.00,,14.50,,,22000,331600.00,11,F1,2000,,,,,
2026-09-17,2026-09-17,CM,NSE,STK,759723,INE0LP301011,PWL,EQ,,,,,PHYSICSWALLAH LIMITED,127.68,129.99,127.01,127.80,127.71,127.53,,127.80,,,3147971,403828150.09,25587,F1,1,,,,,
2026-09-17,2026-09-17,CM,NSE,STK,24184,INE603J01030,PIIND,EQ,,,,,PI INDUSTRIES LTD,2260.00,2317.00,2259.00,2307.00,2307.00,2256.00,,2307.01,,,136637,313172563.50,11768,F1,1,,,,,
2026-09-17,2026-09-17,CM,NSE,STK,757754,INE546C01010,PICCADIL,EQ,,,,,PICCADILY AGRO INDUSTRI L,592.00,610.30,589.30,600.55,597.10,593.05,,600.54,,,143208,86019312.50,8452,F1,1,,,,,
2026-09-17,2026-09-17,CM,NSE,STK,24785,INE0YAL01017,PPSL,SM,,,,,PICTUREPOST STUDIOS LTD,2.95,2.95,2.90,2.90,2.90,2.90,,2.90,,,6000,17550.00,2,F1,3000,,,,,
2026-09-17,2026-09-17,CM,NSE,STK,2664,INE318A01026,PIDILITIND,EQ,,,,,PIDILITE INDUSTRIES LTD,1543.00,1561.10,1535.00,1551.50,1551.50,1543.80,,1551.50,,,354203,549458060.60,28581,F1,1,,,,,
2026-09-17,2026-09-17,CM,NSE,STK,30835,INE600A01035,PILITA,EQ,,,,,PIL ITALICA LIFESTYLE LTD,7.89,7.89,7.65,7.75,7.75,7.79,,7.74,,,7198,55707.55,107,F1,1,,,,,
2026-09-17,2026-09-17,CM,NSE,STK,11445,INE417C01014,PILANIINVS,EQ,,,,,PILANI INV & IND COR LTD,4089.30,4098.00,4055.50,4082.20,4056.90,4052.20,,4082.36,,,1593,6494078.70,393,F1,1,,,,,
2026-09-17,2026-09-17,CM,NSE,STK,759820,INE15B701018,PINELABS,EQ,,,,,PINE LABS LIMITED,185.78,194.49,182.85,184.48,183.85,185.71,,184.47,,,47871043,9038211296.45,298002,F1,1,,,,,
2026-09-17,2026-09-17,CM,NSE,STK,13463,INE156C01018,PIONEEREMB,EQ,,,,,PIONEER EMBROIDERIES LTD,21.05,21.40,20.50,21.39,21.13,21.01,,21.39,,,4931,103279.21,49,F1,1,,,,,
2026-09-17,2026-09-17,CM,NSE,STK,762832,INE746D01014,PIONRINV,BE,,,,,PIONEER INVESTCORP LTD.,78.71,78.71,78.71,78.71,78.71,82.85,,83.20,,,51,4014.21,2,F1,1,,,,,
2026-09-17,2026-09-17,CM,NSE,STK,759551,INE202B01038,PIRAMALFIN,EQ,,,,,PIRAMAL FINANCE LIMITED,2166.00,2270.70,2166.00,2253.80,2260.00,2201.10,,2254.52,,,312441,693227477.50,33422,F1,1,,,,,
2026-09-17,2026-09-17,CM,NSE,STK,11571,INE0DK501011,PPLPHARMA,EQ,,,,,PIRAMAL PHARMA LIMITED,203.20,206.78,201.91,204.71,204.15,202.37,,204.71,,,2475167,506027044.95,39658,F1,1,,,,,
2026-09-17,2026-09-17,CM,NSE,STK,14134,INE450D01021,PITTIENG,EQ,,,,,PITTI ENGINEERING LIMITED,1103.20,1138.40,1099.10,1131.10,1138.00,1101.40,,1131.12,,,108599,122001927.50,7968,F1,1,,,,,
2026-09-17,2026-09-17,CM,NSE,STK,9087,INE751B01018,PIXTRANS,EQ,,,,,PIX TRANSMISSIONS LIMITED,1724.60,1749.00,1720.00,1724.60,1726.00,1724.60,,1724.09,,,4973,8610751.30,1075,F1,1,,,,,
2026-09-17,2026-09-17,CM,NSE,STK,19492,INE0PXD01014,PLADAINFO,SM,,,,,PLADA INFOTECH SERVICES L,13.05,13.05,11.85,13.05,13.05,12.45,,13.05,,,18000,227700.00,6,F1,3000,,,,,
2026-09-17,2026-09-17,CM,NSE,STK,13920,INE083C01022,PLASTIBLEN,EQ,,,,,PLASTIBLENDS INDIA LTD,183.56,189.58,182.97,184.45,185.00,182.75,,184.46,,,14285,2661630.47,370,F1,1,,,,,
2026-09-17,2026-09-17,CM,NSE,STK,22930,INE0PT501018,PLATIND,EQ,,,,,PLATINUM INDUSTRIES LTD,218.34,218.79,208.95,211.11,210.88,217.03,,211.12,,,111701,23697633.38,1874,F1,1,,,,,
2026-09-17,2026-09-17,CM,NSE,STK,19458,INE0INJ01017,PLAZACABLE,EQ,,,,,PLAZA WIRES LIMITED,63.50,64.38,62.00,62.31,62.20,62.51,,62.36,,,55735,3499701.99,866,F1,1,,,,,
2026-09-17,2026-09-17,CM,NSE,STK,8736,INE859A01011,PNBGILTS,EQ,,,,,PNB GILTS LIMITED,78.00,80.10,77.26,78.50,78.60,77.91,,78.51,,,357651,28206623.60,3577,F1,1,,,,,
2026-09-17,2026-09-17,CM,NSE,STK,18908,INE572E01012,PNBHOUSING,EQ,,,,,PNB HOUSING FIN LTD.,1122.10,1147.90,1098.40,1103.50,1103.50,1134.00,,1103.51,,,3985061,4471001670.60,117707,F1,1,,,,,
2026-09-17,2026-09-17,CM,NSE,STK,9385,INE195J01029,PNCINFRA,EQ,,,,,PNC INFRATECH LTD.,132.48,141.78,132.20,139.55,139.50,134.44,,139.55,,,5631335,773604701.60,66982,F1,1,,,,,
2026-09-17,2026-09-17,CM,NSE,STK,9342,INE392B01011,PNC,EQ,,,,,PNC MEDIA AND ENT LTD,16.20,17.99,16.20,16.63,16.51,16.17,,16.60,,,157071,2702401.65,811,F1,1,,,,,
2026-09-17,2026-09-17,CM,NSE,STK,760242,INE1RDG01013,PNGSREVA,EQ,,,,,PNGS REVA DIAMOND JEWEL L,491.60,508.00,485.00,489.40,487.10,496.95,,489.45,,,100511,49805555.55,5832,F1,1,,,,,
2026-09-17,2026-09-17,CM,NSE,STK,19036,INE371C01013,PODDARMENT,EQ,,,,,PODDAR PIGMENTS LIMITED,270.40,280.00,266.40,276.05,275.00,267.15,,276.05,,,4566,1253234.25,113,F1,1,,,,,
2026-09-17,2026-09-17,CM,NSE,STK,17651,INE637C01025,POKARNA,EQ,,,,,POKARNA LIMITED,747.00,758.40,731.90,737.50,738.00,750.50,,737.53,,,76059,56513146.90,5037,F1,1,,,,,
2026-09-17,2026-09-17,CM,NSE,STK,25718,INE205C01021,POLYMED,EQ,,,,,POLY MEDICURE LIMITED,1700.10,1753.00,1700.10,1712.70,1707.00,1704.60,,1712.67,,,93343,161305520.10,18313,F1,1,,,,,
2026-09-17,2026-09-17,CM,NSE,STK,9590,INE455K01017,POLYCAB,EQ,,,,,POLYCAB INDIA LIMITED,8130.00,8266.00,8112.50,8208.50,8208.50,8121.50,,8208.84,,,261101,2141983240.50,37043,F1,1,,,,,
2026-09-17,2026-09-17,CM,NSE,STK,2687,INE633B01018,POLYPLEX,EQ,,,,,POLYPLEX CORPORATION LTD,1079.70,1113.00,1079.70,1084.90,1090.80,1079.70,,1084.90,,,22394,24527114.90,2456,F1,1,,,,,
2026-09-17,2026-09-17,CM,NSE,STK,22711,INE517M01028,POLYSIL,SM,,,,,POLYSIL IRRIGATION SYST L,69.60,69.60,69.60,69.60,69.60,73.25,,69.60,,,5000,348000.00,10,F1,500,,,,,
2026-09-17,2026-09-17,CM,NSE,STK,765150,INE914G01029,POLYSPIN,EQ,,,,,POLYSPIN EXPORTS LTD.,29.55,29.55,29.38,29.38,29.38,28.95,,29.38,,,55,1616.58,2,F1,1,,,,,
2026-09-17,2026-09-17,CM,NSE,STK,14385,INE063E01061,POCL,EQ,,,,,PONDY OXIDES & CHEM LTD,454.90,473.00,452.30,470.25,472.00,452.90,,470.19,,,372808,172819598.80,19747,F1,1,,,,,
2026-09-17,2026-09-17,CM,NSE,STK,10661,INE838E01017,PONNIERODE,EQ,,,,,PONNIE SUGARS (ERODE) LTD,363.35,363.35,351.00,353.15,352.05,359.55,,353.15,,,19966,7062029.05,1053,F1,1,,,,,
2026-09-17,2026-09-17,CM,NSE,STK,11403,INE511C01022,POONAWALLA,EQ,,,,,POONAWALLA FINCORP LTD,430.00,435.50,428.90,432.80,432.50,432.45,,432.91,,,567959,245661092.45,25986,F1,1,,,,,
2026-09-17,2026-09-17,CM,NSE,STK,23142,INE772T01024,PVSL,EQ,,,,,POPULAR VEHICLES N SER L,97.20,102.00,97.20,98.73,98.36,99.32,,98.75,,,10987,1092297.16,458,F1,1,,,,,
2026-09-17,2026-09-17,CM,NSE,STK,24864,INE0S3H01017,POSITRON,SM,,,,,POSITRON ENERGY LIMITED,181.40,187.50,175.00,185.60,183.10,179.60,,185.60,,,11100,2033880.00,36,F1,300,,,,,
2026-09-17,2026-09-17,CM,NSE,STK,14299,INE134E01011,PFC,EQ,,,,,POWER FIN CORP LTD.,346.10,348.50,344.75,344.95,344.95,346.00,,344.95,,,6259408,2168827074.25,53738,F1,1,,,,,
2026-09-17,2026-09-17,CM,NSE,STK,14977,INE752E01010,POWERGRID,EQ,,,,,POWER GRID CORP. LTD.,263.50,265.70,263.25,263.75,263.75,262.80,,263.71,,,6533662,1728583901.75,65126,F1,1,,,,,
2026-09-17,2026-09-17,CM,NSE,STK,15716,INE557Z01018,PIGL,EQ,,,,,POWER INSTRUMENT (G) LTD,101.60,103.45,99.33,99.76,100.75,101.74,,99.75,,,28993,2911846.71,349,F1,1,,,,,
2026-09-17,2026-09-17,CM,NSE,STK,10473,INE211R01019,POWERMECH,EQ,,,,,POWER MECH PROJECTS LTD.,2301.70,2348.50,2301.70,2339.00,2344.90,2296.50,,2339.00,,,22339,52090176.60,4515,F1,1,,,,,
2026-09-17,2026-09-17,CM,NSE,STK,3494,INE0GGX23010,PGINVIT,IV,,,,,POWERGRID INFRA. INVITS,101.50,101.97,101.20,101.60,101.60,101.33,,101.60,,,932358,94748406.50,4878,F1,1,,,,,
2026-09-17,2026-09-17,CM,NSE,STK,761680,INE921L01032,POWERICA,EQ,,,,,POWERICA LIMITED,542.40,560.10,539.65,556.70,553.60,540.00,,556.65,,,108526,59840835.90,4217,F1,1,,,,,
2026-09-17,2026-09-17,CM,NSE,STK,15213,INE095I01015,PPAP,BE,,,,,PPAP AUTOMOTIVE LIMITED,239.00,239.00,232.20,235.85,234.90,234.35,,236.83,,,3693,870685.15,76,F1,1,,,,,
2026-09-17,2026-09-17,CM,NSE,STK,30134,INE0I0M01023,PRABHA,EQ,,,,,PRABHA ENERGY LIMITED,225.03,228.65,218.02,220.77,221.60,226.58,,220.78,,,125409,27971571.96,2915,F1,1,,,,,
2026-09-17,2026-09-17,CM,NSE,STK,762842,INE770A01010,PRADPME,BE,,,,,PRADEEP METALS LTD.,440.00,466.90,440.00,451.00,445.00,446.10,,451.15,,,8373,3790330.35,59,F1,1,,,,,
2026-09-17,2026-09-17,CM,NSE,STK,2705,INE074A01025,PRAJIND,EQ,,,,,PRAJ INDUSTRIES LTD,314.00,319.95,312.15,317.10,317.15,314.00,,317.10,,,400316,126295198.95,12347,F1,1,,,,,
2026-09-17,2026-09-17,CM,NSE,STK,13941,INE505C01016,PRAENG,EQ,,,,,PRAJAY ENG. SYN. LTD.,21.62,22.98,21.62,22.27,22.50,22.10,,22.27,,,35511,793941.80,292,F1,1,,,,,
2026-09-17,2026-09-17,CM,NSE,STK,2708,INE603A01013,PRAKASH,EQ,,,,,PRAKASH INDUSTRIES LTD,118.48,119.58,116.01,116.98,117.49,118.48,,116.98,,,278545,32736964.70,5148,F1,1,,,,,
2026-09-17,2026-09-17,CM,NSE,STK,10299,INE050001010,PPL,BE,,,,,PRAKASH PIPES LIMITED,266.25,278.95,266.10,271.95,275.00,272.25,,272.00,,,30894,8445481.15,244,F1,1,,,,,
2026-09-17,2026-09-17,CM,NSE,STK,19599,INE696K01024,PRAKASHSTL,EQ,,,,,PRAKASH STEELAGE LTD,3.76,3.83,3.74,3.77,3.76,3.74,,3.76,,,68677,259860.20,224,F1,1,,,,,
2026-09-17,2026-09-17,CM,NSE,STK,18514,INE0O7A01017,PRAMARA,SM,,,,,PRAMARA PROMOTIONS LTD,88.15,89.00,83.75,84.50,83.75,88.15,,84.50,,,17500,1496950.00,29,F1,500,,,,,
2026-09-17,2026-09-17,CM,NSE,STK,765287,INE2JG601017,PRAMODINI,SM,,,,,PRAMODINI MEDICARE LTD,119.50,119.50,115.30,115.60,115.30,117.05,,115.60,,,60000,7002960.00,48,F1,1200,,,,,
2026-09-17,2026-09-17,CM,NSE,STK,766000,INE0H4201019,PRANAV,EQ,,,,,PRANAV CONSTRUCTIONS LTD,110.00,117.00,109.00,111.16,111.00,106.81,,111.16,,,13666426,1536483130.73,84570,F1,1,,,,,
2026-09-17,2026-09-17,CM,NSE,STK,766016,INE455U01024,PRASOLCHEM,EQ,,,,,PRASOL CHEMICALS LIMITED,653.95,691.50,621.00,678.80,680.80,671.00,,678.78,,,2205000,1475303258.00,114985,F1,1,,,,,
2026-09-17,2026-09-17,CM,NSE,STK,21840,INE393P01035,DIAMONDYD,EQ,,,,,PRATAAP SNACKS LIMITED,1096.60,1106.30,1096.60,1100.40,1100.00,1102.20,,1100.19,,,5714,6292084.40,471,F1,1,,,,,
2026-09-17,2026-09-17,CM,NSE,STK,23113,INE0QA601016,PRATHAM,SM,,,,,PRATHAM EPC PROJECTS LTD,122.00,122.00,122.00,122.00,122.00,120.00,,122.00,,,400,48800.00,1,F1,400,,,,,
2026-09-17,2026-09-17,CM,NSE,STK,762844,INE722B01019,PRAVEG,EQ,,,,,PRAVEG LTD.,255.20,260.25,247.95,252.05,248.30,254.00,,251.98,,,89732,22774783.20,1818,F1,1,,,,,
2026-09-17,2026-09-17,CM,NSE,STK,1204,INE546Y01022,PRAXIS,EQ,,,,,PRAXIS HOME RETAIL LTD,4.30,4.30,4.09,4.11,4.10,4.23,,4.12,,,105578,436198.64,282,F1,1,,,,,
2026-09-17,2026-09-17,CM,NSE,STK,12603,INE484I01029,PRECAM,EQ,,,,,PRECISION CAMSHAFTS LTD.,112.79,115.95,112.50,113.34,112.50,112.81,,113.34,,,143157,16311380.64,2461,F1,1,,,,,
2026-09-17,2026-09-17,CM,NSE,STK,7963,INE0HKW01018,PRECISION,ST,,,,,PRECISION METALIKS LTD,6.30,6.30,6.25,6.25,6.25,6.45,,6.25,,,8000,50300.00,3,F1,2000,,,,,
2026-09-17,2026-09-17,CM,NSE,STK,2717,INE372C01037,PRECWIRE,EQ,,,,,PRECISION WIRES INDIA LTD,439.60,452.95,436.10,449.25,450.90,439.60,,449.26,,,490866,218505036.05,22060,F1,1,,,,,
2026-09-17,2026-09-17,CM,NSE,STK,2711,INE283A01014,PRECOT,EQ,,,,,PRECOT LIMITED,651.05,668.45,651.05,655.15,655.00,654.45,,655.15,,,1764,1159549.60,77,F1,1,,,,,
2026-09-17,2026-09-17,CM,NSE,STK,762849,INE001E01012,PREMCO,EQ,,,,,PREMCO GLOBAL LTD.,392.05,400.00,385.75,398.85,397.90,392.05,,398.96,,,275,109042.55,40,F1,1,,,,,
2026-09-17,2026-09-17,CM,NSE,STK,25049,INE0BS701011,PREMIERENE,EQ,,,,,PREMIER ENERGIES LIMITED,885.90,904.30,880.00,880.00,880.00,899.00,,880.02,,,927737,827525952.10,28126,F1,1,,,,,
2026-09-17,2026-09-17,CM,NSE,STK,17397,INE863B01029,PREMEXPLN,EQ,,,,,PREMIER EXPLOSIVES LTD,668.10,675.50,666.95,668.15,668.50,667.85,,668.13,,,348670,233188135.40,3734,F1,1,,,,,
2026-09-17,2026-09-17,CM,NSE,STK,6248,INE342A01018,PREMIER,BE,,,,,PREMIER LIMITED,2.85,2.85,2.66,2.66,2.66,2.79,,2.67,,,3637,9892.50,21,F1,1,,,,,
2026-09-17,2026-09-17,CM,NSE,STK,3908,INE309M01020,PREMIERPOL,EQ,,,,,PREMIER POLYFILM LTD,82.20,84.02,81.00,82.33,81.80,82.62,,82.33,,,121432,10036751.02,2408,F1,1,,,,,
2026-09-17,2026-09-17,CM,NSE,STK,23764,INE0CFG01012,PRLIND,SM,,,,,PREMIER ROADLINES LIMITED,41.65,42.15,41.60,41.70,41.75,41.75,,41.70,,,22000,916950.00,16,F1,1000,,,,,
2026-09-17,2026-09-17,CM,NSE,STK,20498,INE0R1601012,PRESSTONIC,SM,,,,,PRESSTONIC ENGINEERING L,29.90,30.60,29.35,29.70,30.00,29.70,,29.70,,,12000,359000.00,13,F1,800,,,,,
2026-09-17,2026-09-17,CM,NSE,STK,20302,INE811K01011,PRESTIGE,EQ,,,,,PRESTIGE ESTATE LTD,1424.00,1456.70,1420.10,1440.10,1440.10,1424.00,,1440.10,,,598440,859042121.20,22950,F1,1,,,,,
2026-09-17,2026-09-17,CM,NSE,STK,19631,INE726V01018,PRICOLLTD,EQ,,,,,PRICOL LIMITED,744.90,758.90,740.95,752.50,752.05,744.80,,752.50,,,167280,125914540.85,14862,F1,1,,,,,
2026-09-17,2026-09-17,CM,NSE,STK,759075,INE0CQA01020,PRIMECAB,ST,,,,,PRIME CABLE INDUSTRIES L,159.00,165.05,159.00,164.85,164.90,159.05,,164.85,,,68800,11182640.00,25,F1,1600,,,,,
2026-09-17,2026-09-17,CM,NSE,STK,13496,INE367G01038,PFOCUS,EQ,,,,,PRIME FOCUS LIMITED,320.20,342.90,317.25,334.95,334.90,320.45,,334.93,,,6593481,2202510831.90,80634,F1,1,,,,,
2026-09-17,2026-09-17,CM,NSE,STK,11864,INE032B01021,PRIMESECU,EQ,,,,,PRIME SECURITIES LIMITED,287.50,299.00,284.75,294.05,298.00,283.75,,294.06,,,94994,27803384.85,932,F1,1,,,,,
2026-09-17,2026-09-17,CM,NSE,STK,756925,INE607A01022,PRIMO,EQ,,,,,PRIMO CHEMICALS LIMITED,21.35,22.10,21.13,21.28,21.44,21.35,,21.28,,,44818,962250.76,318,F1,1,,,,,
2026-09-17,2026-09-17,CM,NSE,STK,16045,INE689W01016,PRINCEPIPE,EQ,,,,,PRINCE PIPES FITTINGS LTD,256.50,261.00,255.45,258.70,259.00,257.30,,258.67,,,70149,18128416.10,2422,F1,1,,,,,
2026-09-17,2026-09-17,CM,NSE,STK,765559,INE15EH01014,PRIORITY,BE,,,,,PRIORITY JEWELS LIMITED,217.10,224.70,215.00,221.17,219.00,221.55,,221.16,,,105062,23016743.70,582,F1,1,,,,,
2026-09-17,2026-09-17,CM,NSE,STK,2739,INE010A01011,PRSMJOHNSN,EQ,,,,,PRISM JOHNSON LIMITED,113.40,116.38,113.11,113.44,113.21,114.54,,113.43,,,175995,20137444.35,3450,F1,1,,,,,
2026-09-17,2026-09-17,CM,NSE,STK,765155,INE286N01028,PRISMX,EQ,,,,,PRISMX GLOBAL VENTURES L,0.55,0.56,0.54,0.54,0.55,0.55,,0.55,,,34441,19021.95,87,F1,1,,,,,
2026-09-17,2026-09-17,CM,NSE,STK,8304,INE974Z01015,PRITI,EQ,,,,,PRITI INTERNATIONAL LTD,31.96,34.00,31.03,32.97,32.62,31.96,,32.97,,,6304,210605.04,103,F1,1,,,,,
2026-09-17,2026-09-17,CM,NSE,STK,5296,INE583R01029,PRITIKAUTO,BE,,,,,PRITIKA AUTO INDUS LTD,14.75,14.75,14.17,14.63,14.75,14.48,,14.62,,,52075,756988.53,209,F1,1,,,,,
2026-09-17,2026-09-17,CM,NSE,STK,12971,INE0MJQ01020,PRITIKA,SM,,,,,PRITIKA ENG COMPO LTD,64.50,64.50,64.50,64.50,64.50,64.50,,64.50,,,2000,129000.00,1,F1,2000,,,,,
2026-09-17,2026-09-17,CM,NSE,STK,8825,INE959A01019,PRIVISCL,EQ,,,,,PRIVI SPECIALITY CHE LTD,3465.00,3520.70,3454.00,3490.80,3496.00,3480.70,,3490.77,,,35255,123029507.20,7120,F1,1,,,,,
2026-09-17,2026-09-17,CM,NSE,STK,24511,INE0V9N01017,PRIZOR,ST,,,,,PRIZOR VIZTECH LIMITED,1129.45,1129.45,1129.45,1129.45,1129.45,1152.50,,1129.45,,,10000,11294500.00,24,F1,400,,,,,
2026-09-17,2026-09-17,CM,NSE,STK,757806,INE0VJT01017,PROFX,SM,,,,,PRO FX TECH LIMITED,69.50,73.00,69.50,71.10,71.10,70.30,,71.10,,,32000,2302080.00,13,F1,1600,,,,,
2026-09-17,2026-09-17,CM,NSE,STK,940,INE199A01012,PGHL,EQ,,,,,PROCTER & GAMBLE HEALTH L,5425.00,5527.00,5414.00,5434.50,5440.00,5460.00,,5434.51,,,6064,33144855.00,2191,F1,1,,,,,
2026-09-17,2026-09-17,CM,NSE,STK,764345,INE1FFX01018,PROPSHOP,SM,,,,,PROPSHOP EVENTS AND EXH L,71.70,71.75,71.70,71.70,71.75,73.25,,71.70,,,4000,286900.00,2,F1,2000,,,,,
2026-09-17,2026-09-17,CM,NSE,STK,758173,INE0BX301013,PROSTARM,EQ,,,,,PROSTARM INFO SYSTEMS LTD,128.30,132.28,127.77,131.01,130.50,127.95,,131.01,,,153389,19981670.19,3233,F1,1,,,,,
2026-09-17,2026-09-17,CM,NSE,STK,29472,INE004A01022,PROTEAN,EQ,,,,,PROTEAN EGOV TECHNO LTD,485.35,496.00,485.35,488.95,490.00,485.35,,488.89,,,84841,41691611.90,3904,F1,1,,,,,
2026-09-17,2026-09-17,CM,NSE,STK,16483,INE0ONE01016,PROV,SM,,,,,PROVENTUS AGROCOM LIMITED,1680.00,1850.00,1680.00,1849.00,1850.00,1650.00,,1849.00,,,2160,3940756.00,26,F1,80,,,,,
2026-09-17,2026-09-17,CM,NSE,STK,28859,INE195N01013,PROZONER,EQ,,,,,PROZONE REALTY LIMITED,52.87,53.79,52.01,53.60,53.30,52.61,,53.59,,,351530,18730772.56,1751,F1,1,,,,,
2026-09-17,2026-09-17,CM,NSE,STK,9553,INE00F201020,PRUDENT,EQ,,,,,PRUDENT CORP ADV SER LTD,3326.10,3349.40,3296.60,3320.20,3325.80,3326.10,,3317.69,,,8056,26776021.70,2588,F1,1,,,,,
2026-09-17,2026-09-17,CM,NSE,STK,20528,INE024D01016,PRUDMOULI,BE,,,,,PRUDENTIAL SUGAR CORPORAT,14.11,15.52,14.06,14.67,14.68,14.80,,14.67,,,35699,506714.37,48,F1,1,,,,,
2026-09-17,2026-09-17,CM,NSE,STK,20877,INE488V01015,PSPPROJECT,EQ,,,,,PSP PROJECTS LIMITED,804.40,849.20,804.40,812.20,812.90,813.75,,812.19,,,49623,40634525.70,2706,F1,1,,,,,
2026-09-17,2026-09-17,CM,NSE,STK,22602,INE560K01014,PFS,EQ,,,,,PTC INDIA FIN SERV LTD,26.18,26.90,26.11,26.34,26.46,26.06,,26.34,,,340040,9024144.11,4363,F1,1,,,,,
2026-09-17,2026-09-17,CM,NSE,STK,11355,INE877F01012,PTC,EQ,,,,,PTC INDIA LIMITED,152.49,156.45,151.71,155.93,156.00,151.96,,155.93,,,1571624,242702748.95,24087,F1,1,,,,,
2026-09-17,2026-09-17,CM,NSE,STK,16682,INE596F01018,PTCIL,EQ,,,,,PTC INDUSTRIES LIMITED,22360.00,23055.00,22300.00,22670.00,22610.00,22500.00,,22664.77,,,15271,346773920.00,5984,F1,1,,,,,
2026-09-17,2026-09-17,CM,NSE,STK,14101,INE034D01049,PTL,EQ,,,,,PTL ENTERPRISES LTD,38.05,38.24,37.91,38.09,38.10,38.05,,38.09,,,19791,752972.72,679,F1,1,,,,,
2026-09-17,2026-09-17,CM,NSE,STK,15377,INE865T01018,PDMJEPAPER,EQ,,,,,PUDUMJEE PAPER PRO. LTD,98.55,104.50,98.50,102.41,101.30,97.95,,102.42,,,664472,67903725.67,9714,F1,1,,,,,
2026-09-17,2026-09-17,CM,NSE,STK,507,INE335X01014,PULZ,SM,,,,,PULZ ELECTRONICS LIMITED,23.25,23.25,22.10,22.10,22.10,23.25,,22.10,,,16000,357200.00,7,F1,2000,,,,,
2026-09-17,2026-09-17,CM,NSE,STK,21001,INE608A01012,PSB,EQ,,,,,PUNJAB & SIND BANK,22.23,22.54,21.80,21.86,21.80,22.25,,21.86,,,1706094,37612612.20,4643,F1,1,,,,,
2026-09-17,2026-09-17,CM,NSE,STK,4344,INE277B01014,PUNJABCHEM,EQ,,,,,PUNJAB CHEM & CROP PROT L,1071.20,1091.00,1056.00,1062.70,1062.00,1071.20,,1063.74,,,2280,2439681.40,405,F1,1,,,,,
2026-09-17,2026-09-17,CM,NSE,STK,10666,INE160A01022,PNB,EQ,,,,,PUNJAB NATIONAL BANK,116.80,119.40,116.36,116.47,116.47,116.80,,116.47,,,15924714,1876788467.07,64651,F1,1,,,,,
2026-09-17,2026-09-17,CM,NSE,STK,14922,INE323I01011,PURVA,EQ,,,,,PURAVANKARA LIMITED,211.05,223.00,208.13,218.23,218.06,210.23,,218.23,,,1438254,314072818.44,28192,F1,1,,,,,
2026-09-17,2026-09-17,CM,NSE,STK,765568,INE0I1B01016,PERNIASPOP,EQ,,,,,PURPLE STYLE LABS LIMITED,539.00,558.00,535.00,554.50,548.40,545.10,,554.84,,,138870,76297736.75,6662,F1,1,,,,,
2026-09-17,2026-09-17,CM,NSE,STK,28044,INE0P5R01014,PURPLEUTED,ST,,,,,PURPLE UNITED SALES LTD,420.00,444.75,415.10,441.95,436.50,423.60,,441.95,,,20750,8909637.50,75,F1,250,,,,,
2026-09-17,2026-09-17,CM,NSE,STK,22938,INE0R6C01012,PURVFLEXI,SM,,,,,PURV FLEXIPACK LIMITED,43.90,43.90,43.90,43.90,43.90,42.40,,43.90,,,800,35120.00,1,F1,800,,,,,
2026-09-17,2026-09-17,CM,NSE,STK,757683,INE154801018,PUSHPA,SM,,,,,PUSHPA JEWELLERS LIMITED,103.00,107.95,103.00,104.00,104.00,105.50,,104.00,,,56000,5876650.00,54,F1,1000,,,,,
2026-09-17,2026-09-17,CM,NSE,STK,4010,INE362A01016,PVP,EQ,,,,,PVP VENTURES LIMITED,56.97,60.50,56.06,57.05,58.00,58.51,,57.04,,,1803277,104337122.68,9720,F1,1,,,,,
2026-09-17,2026-09-17,CM,NSE,STK,13147,INE191H01014,PVRINOX,EQ,,,,,PVR INOX LIMITED,1248.50,1282.00,1231.20,1272.70,1270.00,1254.60,,1272.65,,,425001,538869163.30,28150,F1,1,,,,,
2026-09-17,2026-09-17,CM,NSE,STK,18250,INE0MIS01010,PYRAMID,EQ,,,,,PYRAMID TECHNOPLAST LTD,156.39,156.39,151.11,154.56,154.68,153.93,,154.56,,,16854,2591525.60,438,F1,1,,,,,
2026-09-17,2026-09-17,CM,NSE,STK,763594,INE1G2W01011,QLINE,SM,,,,,Q-LINE BIOTECH LIMITED,691.35,725.00,691.35,722.10,723.00,691.35,,722.10,,,62800,44977720.00,141,F1,400,,,,,
2026-09-17,2026-09-17,CM,NSE,STK,751653,INE0FMW01018,QMSMEDI,BE,,,,,QMS MEDICAL ALLIED S LTD,167.40,170.99,162.10,168.92,168.70,164.29,,168.92,,,48218,8036194.10,334,F1,1,,,,,
2026-09-17,2026-09-17,CM,NSE,STK,5870,INE0GOJ01027,QUADPRO,SM,,,,,QUADPRO ITES LIMITED,3.15,3.15,3.10,3.10,3.10,3.00,,3.10,,,84000,263400.00,7,F1,12000,,,,,
2026-09-17,2026-09-17,CM,NSE,STK,29087,INE0LRY01011,QUADFUTURE,EQ,,,,,QUADRANT FUTURE TEK LTD,490.00,534.35,484.00,521.50,517.25,491.95,,521.49,,,2251310,1165520193.55,63484,F1,1,,,,,
2026-09-17,2026-09-17,CM,NSE,STK,765988,INE1XJ401012,QUALIANCE,ST,,,,,QUALIANCE INTERNATIONAL L,202.45,202.45,202.45,202.45,202.45,213.10,,202.45,,,10000,2024500.00,7,F1,1000,,,,,
2026-09-17,2026-09-17,CM,NSE,STK,14613,INE0O1M01015,QFIL,SM,,,,,QUALITY FOILS (INDIA) LTD,60.00,60.00,60.00,60.00,60.00,63.00,,60.00,,,1000,60000.00,1,F1,1000,,,,,
2026-09-17,2026-09-17,CM,NSE,STK,29711,INE0SII01026,QPOWER,EQ,,,,,QUALITY POWER ELEC EQUP L,1435.00,1494.00,1425.00,1489.80,1494.00,1422.90,,1489.74,,,728624,1076990476.60,25778,F1,1,,,,,
2026-09-17,2026-09-17,CM,NSE,STK,15330,INF082J01408,QGOLDHALF,EQ,,,,,QUANTUM GOLD ETF,124.86,125.24,123.93,124.65,124.64,125.15,,124.65,,,165964,20686160.04,1074,F1,1,,,,,
2026-09-17,2026-09-17,CM,NSE,STK,16819,INF082J01499,QNIFTY,EQ,,,,,QUANTUM NIFTY 50 ETF,258.90,258.90,255.60,257.24,257.00,256.39,,257.24,,,11686,3004021.43,192,F1,1,,,,,
2026-09-17,2026-09-17,CM,NSE,STK,765392,INF966L01EI5,SILVER001,EQ,,,,,QUANT_AMC - SILVER001,23.67,23.67,22.75,22.94,22.94,23.12,,22.94,,,15756,359594.29,76,F1,1,,,,,
2026-09-17,2026-09-17,CM,NSE,STK,17704,INE615P01015,QUESS,EQ,,,,,QUESS CORP LIMITED,340.00,355.00,336.15,353.00,353.10,342.40,,353.00,,,319184,111793436.50,14867,F1,1,,,,,
2026-09-17,2026-09-17,CM,NSE,STK,23793,INE0TNW01017,QUESTLAB,SM,,,,,QUEST LABORATORIES LTD,75.55,78.70,73.55,77.30,77.30,78.00,,77.30,,,22800,1743180.00,19,F1,1200,,,,,
2026-09-17,2026-09-17,CM,NSE,STK,13116,INE306L01010,QUICKHEAL,EQ,,,,,QUICK HEAL TECH LTD,158.39,158.39,150.10,152.37,153.90,157.33,,152.38,,,174302,26817925.12,3256,F1,1,,,,,
2026-09-17,2026-09-17,CM,NSE,STK,15285,INE0K4D01020,QUICKTOUCH,SM,,,,,QUICKTOUCH TECHNOLOGIES L,16.30,16.30,16.20,16.20,16.20,17.05,,16.20,,,6500,105800.00,4,F1,500,,,,,
2026-09-17,2026-09-17,CM,NSE,STK,762854,INE641R01017,QUINT,EQ,,,,,QUINT DIGITAL LTD.,63.66,63.66,63.66,63.66,63.66,57.88,,63.66,,,216505,13782708.30,154,F1,1,,,,,
2026-09-17,2026-09-17,CM,NSE,STK,23043,INE0NQ801033,RKSWAMY,EQ,,,,,R K SWAMY LIMITED,87.30,91.00,87.30,88.06,88.17,88.33,,88.06,,,16452,1464890.75,684,F1,1,,,,,
2026-09-17,2026-09-17,CM,NSE,STK,757836,INE219Y01026,RMDRIP,BE,,,,,R M DRIP & SPRINK SYS LTD,23.01,23.67,23.00,23.01,23.01,23.23,,23.01,,,210318,4846268.06,409,F1,1,,,,,
2026-09-17,2026-09-17,CM,NSE,STK,762864,INE951M01037,RRIL,EQ,,,,,R R I L LTD.,15.76,16.02,15.35,15.96,15.77,16.23,,15.96,,,50261,787785.38,327,F1,1,,,,,
2026-09-17,2026-09-17,CM,NSE,STK,18566,INE777K01022,RRKABEL,EQ,,,,,R R KABEL LIMITED,2399.00,2441.30,2378.10,2390.50,2382.60,2397.40,,2390.49,,,290367,698358774.40,28068,F1,1,,,,,
2026-09-17,2026-09-17,CM,NSE,STK,762872,INE616F01022,RSDFIN,BE,,,,,R S D FINANCE LTD.,90.00,93.00,88.41,93.00,93.00,93.00,,93.00,,,749,67779.60,17,F1,1,,,,,
2026-09-17,2026-09-17,CM,NSE,STK,13414,INE411H01032,RSYSTEMS,EQ,,,,,R SYS INTERNATIONAL LTD,240.74,247.68,237.81,245.78,245.10,240.74,,245.78,,,131088,32001003.49,3623,F1,1,,,,,
2026-09-17,2026-09-17,CM,NSE,STK,764855,INE005C01017,RTSPOWR,EQ,,,,,R T S POWER CORPN. LTD.,86.97,86.97,84.40,86.79,86.79,83.72,,85.06,,,123,10613.25,17,F1,1,,,,,
2026-09-17,2026-09-17,CM,NSE,STK,758984,INE012Q01039,RNBDENIMS,BE,,,,,R&B DENIMS LIMITED,9.15,9.59,9.15,9.38,9.40,9.31,,9.38,,,71402,671101.96,246,F1,1,,,,,
2026-09-17,2026-09-17,CM,NSE,STK,6429,INE165B01029,RSSOFTWARE,EQ,,,,,R. S. SOFTWARE (INDIA) LI,30.24,30.49,29.95,30.00,29.95,29.92,,29.97,,,9423,285074.71,87,F1,1,,,,,
2026-09-17,2026-09-17,CM,NSE,STK,20760,INE324L01013,RPPINFRA,EQ,,,,,R.P.P INFRA PROJECTS LTD,54.80,54.99,53.61,54.79,54.48,53.56,,54.78,,,42606,2319213.31,782,F1,1,,,,,
2026-09-17,2026-09-17,CM,NSE,STK,762244,INE2PB023011,RIIT,IV,,,,,RAAJMARG INFRA INVEST T,121.00,121.00,119.80,119.98,119.99,119.80,,119.96,,,39962,4796715.06,3138,F1,1,,,,,
2026-09-17,2026-09-17,CM,NSE,STK,15391,INE084Q01012,RACE,EQ,,,,,RACE ECO CHAIN LIMITED,97.08,100.20,94.50,96.77,99.50,96.86,,96.77,,,62847,6107128.14,365,F1,1,,,,,
2026-09-17,2026-09-17,CM,NSE,STK,9854,INE02OY01016,RILINFRA,SM,,,,,RACHANA INFRA LTD,32.90,33.10,32.10,32.75,33.00,32.75,,32.75,,,3800,124020.00,24,F1,100,,,,,
2026-09-17,2026-09-17,CM,NSE,STK,27171,INE704B01017,RACLGEAR,EQ,,,,,RACL GEARTECH LIMITED,1874.90,1927.70,1790.70,1829.00,1838.40,1852.40,,1829.14,,,133875,250718013.40,17740,F1,1,,,,,
2026-09-17,2026-09-17,CM,NSE,STK,10932,INE874F01027,RADAAN,EQ,,,,,RADAAN MEDIAWORKS (I) LTD,2.84,2.90,2.72,2.80,2.80,2.84,,2.80,,,27820,78147.59,76,F1,1,,,,,
2026-09-17,2026-09-17,CM,NSE,STK,10347,INE583V01021,RADHIKAJWE,BE,,,,,RADHIKA JEWELTECH LIMITED,68.12,68.12,68.12,68.12,68.12,71.70,,68.13,,,207578,14140213.36,1010,F1,1,,,,,
2026-09-17,2026-09-17,CM,NSE,STK,13580,INE855R01021,RADIANTCMS,EQ,,,,,RADIANT CASH MGMT SER LTD,38.29,38.44,36.04,36.26,36.48,38.05,,36.26,,,704202,26134982.39,4151,F1,1,,,,,
2026-09-17,2026-09-17,CM,NSE,STK,10990,INE944F01028,RADICO,EQ,,,,,RADICO KHAITAN LTD,4450.00,4469.80,4380.00,4380.00,4380.00,4466.00,,4380.08,,,155034,684605398.60,20824,F1,1,,,,,
2026-09-17,2026-09-17,CM,NSE,STK,23445,INE430U01019,RADIOWALLA,ST,,,,,RADIOWALLA NETWORK LTD,25.20,25.20,25.20,25.20,25.20,24.00,,25.20,,,4800,120960.00,3,F1,1600,,,,,
2026-09-17,2026-09-17,CM,NSE,STK,24735,INE912T01018,RPEL,EQ,,,,,RAGHAV PRODUCTIVITY ENH L,1549.00,1695.00,1538.00,1654.30,1636.00,1547.00,,1654.24,,,221802,363554751.00,22848,F1,1,,,,,
2026-09-17,2026-09-17,CM,NSE,STK,9552,INE415G01027,RVNL,EQ,,,,,RAIL VIKAS NIGAM LIMITED,196.50,201.90,196.50,201.70,201.70,197.50,,201.57,,,3554203,708898807.81,34707,F1,1,,,,,
2026-09-17,2026-09-17,CM,NSE,STK,2431,INE0DD101019,RAILTEL,EQ,,,,,RAILTEL CORP OF IND LTD,254.75,265.65,253.95,259.25,259.75,252.35,,259.25,,,1505311,390325421.50,36276,F1,1,,,,,
2026-09-17,2026-09-17,CM,NSE,STK,15337,INE855B01025,RAIN,EQ,,,,,RAIN INDUSTRIES LIMITED,199.80,203.99,197.00,203.02,203.11,199.29,,203.02,,,3466885,697472494.17,23238,F1,1,,,,,
2026-09-17,2026-09-17,CM,NSE,STK,9408,INE961O01016,RAINBOW,EQ,,,,,RAINBOW CHILDRENS MED LTD,1455.00,1505.00,1451.10,1473.40,1475.10,1457.20,,1473.38,,,108213,160739580.00,17070,F1,1,,,,,
2026-09-17,2026-09-17,CM,NSE,STK,359,INE294G01026,ROML,EQ,,,,,RAJ OIL MILLS LIMITED,41.31,42.70,41.31,41.42,41.42,41.27,,41.42,,,28,1177.48,10,F1,1,,,,,
2026-09-17,2026-09-17,CM,NSE,STK,8428,INE533D01032,RAJRILTD,BE,,,,,RAJ RAYON INDUSTRIES LTD,20.71,21.30,20.71,21.07,20.96,20.91,,21.08,,,6703,141795.93,108,F1,1,,,,,
2026-09-17,2026-09-17,CM,NSE,STK,14403,INE952H01027,RAJTV,EQ,,,,,RAJ TV NETWORK LTD,8.76,8.76,8.30,8.56,8.40,8.58,,8.56,,,32088,278733.90,156,F1,1,,,,,
2026-09-17,2026-09-17,CM,NSE,STK,762859,INE296E01026,RAJPALAYAM,EQ,,,,,RAJAPALAYAM MILLS LTD.,774.00,780.00,765.00,771.25,777.70,760.00,,771.25,,,747,576644.55,31,F1,1,,,,,
2026-09-17,2026-09-17,CM,NSE,STK,181,INE610C01014,ARENTERP,EQ,,,,,RAJDARSHAN INDUSTRIES LTD,33.40,34.98,32.43,34.20,34.98,32.60,,34.20,,,1452,48408.66,31,F1,1,,,,,
2026-09-17,2026-09-17,CM,NSE,STK,760461,INE343B01030,RAJESHEXPO,BZ,,,,,RAJESH EXPORTS LTD,75.11,78.00,73.00,73.43,73.75,76.74,,73.49,,,309457,22947449.86,1664,F1,1,,,,,
2026-09-17,2026-09-17,CM,NSE,STK,765445,INE0BZQ20011,RCDL-RE,ST,,,,,RAJGOR CAST DERIVATI LTD,2.20,2.45,2.15,2.45,2.45,2.65,,2.45,,,21000,46650.00,4,F1,3000,,,,,
2026-09-17,2026-09-17,CM,NSE,STK,19681,INE0BZQ01011,RCDL,SM,,,,,RAJGOR CASTOR DERIVATI L,13.55,14.20,13.55,14.10,14.10,13.85,,14.10,,,15000,210000.00,5,F1,3000,,,,,
2026-09-17,2026-09-17,CM,NSE,STK,2168,INE00KV01022,RAJMET,EQ,,,,,RAJNANDINI METAL LIMITED,3.11,3.15,3.10,3.12,3.14,3.13,,3.12,,,122407,381997.02,467,F1,1,,,,,
2026-09-17,2026-09-17,CM,NSE,STK,757052,INE535F01024,RAJOOENG,BE,,,,,RAJOO ENGINEERS LIMITED,52.00,54.20,51.27,53.30,53.58,52.26,,53.39,,,196521,10395578.55,649,F1,1,,,,,
2026-09-17,2026-09-17,CM,NSE,STK,27269,INE0VHU01019,RAJPUTANA,SM,,,,,RAJPUTANA BIODIESEL LTD,200.00,200.00,200.00,200.00,200.00,198.50,,200.00,,,500,100000.00,1,F1,500,,,,,
2026-09-17,2026-09-17,CM,NSE,STK,24707,INE0PCU01012,RAJINDLTD,SM,,,,,RAJPUTANA INDUSTRIES LTD,64.00,64.40,60.35,60.35,60.35,64.50,,60.35,,,4500,283125.00,3,F1,1500,,,,,
2026-09-17,2026-09-17,CM,NSE,STK,761439,INE313L01016,RSL,EQ,,,,,RAJPUTANA STAINLESS LTD,180.90,188.18,179.05,180.63,182.25,180.84,,180.67,,,269803,49156980.10,5473,F1,1,,,,,
2026-09-17,2026-09-17,CM,NSE,STK,18962,INE451D01029,RAJRATAN,EQ,,,,,RAJRATAN GLOBAL WIRE LTD,462.00,470.30,430.00,438.10,439.10,462.95,,438.15,,,239849,107415930.70,9984,F1,1,,,,,
2026-09-17,2026-09-17,CM,NSE,STK,6915,INE760W01023,RPPL,BE,,,,,RAJSHREE POLYPACK LTD,20.99,21.62,20.99,21.30,21.30,20.98,,21.30,,,13388,281809.35,23,F1,1,,,,,
2026-09-17,2026-09-17,CM,NSE,STK,2809,INE562B01019,RAJSREESUG,EQ,,,,,RAJSHREE SUGAR & CHEMICAL,31.55,32.39,31.00,31.99,31.70,31.24,,31.99,,,27288,868715.39,395,F1,1,,,,,
2026-09-17,2026-09-17,CM,NSE,STK,2816,INE613A01020,RALLIS,EQ,,,,,RALLIS INDIA LTD,203.09,206.24,200.60,204.14,204.50,202.65,,204.14,,,588516,119700390.15,15131,F1,1,,,,,
2026-09-17,2026-09-17,CM,NSE,STK,10485,INE207E01023,RAMRAT,EQ,,,,,RAM RATNA WIRES LIMITED,525.00,560.00,521.55,557.60,558.95,525.80,,557.65,,,326151,178672373.30,14738,F1,1,,,,,
2026-09-17,2026-09-17,CM,NSE,STK,10568,INE809A01032,RAMAPHO,EQ,,,,,RAMA PHOSPHATES LIMITED,117.89,119.00,115.50,116.90,116.61,115.18,,117.27,,,14613,1704328.74,441,F1,1,,,,,
2026-09-17,2026-09-17,CM,NSE,STK,10304,INE230R01035,RAMASTEEL,BE,,,,,RAMA STEEL TUBES LIMITED,4.00,4.11,3.93,4.11,4.11,3.92,,4.11,,,3583514,14591331.12,3354,F1,1,,,,,
2026-09-17,2026-09-17,CM,NSE,STK,757777,INE14W901010,RTL,SM,,,,,RAMA TELECOM LIMITED,78.55,78.55,78.50,78.50,78.50,82.90,,78.50,,,4000,314100.00,2,F1,2000,,,,,
2026-09-17,2026-09-17,CM,NSE,STK,4587,INE614A01028,RAMCOIND,EQ,,,,,RAMCO INDUSTRIES LIMITED,320.85,323.95,315.55,320.90,320.00,320.85,,320.80,,,50789,16255724.15,1833,F1,1,,,,,
2026-09-17,2026-09-17,CM,NSE,STK,7851,INE246B01019,RAMCOSYS,EQ,,,,,RAMCO SYSTEMS LTD.,555.00,577.90,550.80,564.85,568.50,558.65,,564.86,,,35499,20096876.50,1649,F1,1,,,,,
2026-09-17,2026-09-17,CM,NSE,STK,11411,INE399G01023,RKFORGE,EQ,,,,,RAMKRISHNA FORGINGS LTD,686.00,714.70,681.05,705.45,703.00,688.80,,705.45,,,420271,296520445.40,21352,F1,1,,,,,
2026-09-17,2026-09-17,CM,NSE,STK,20134,INE874I01013,RAMKY,EQ,,,,,RAMKY INFRA LTD,311.75,322.70,309.05,320.70,322.20,311.75,,320.70,,,35791,11452499.70,1444,F1,1,,,,,
2026-09-17,2026-09-17,CM,NSE,STK,2837,INE625B01014,RANASUG,EQ,,,,,RANA SUGARS LTD.,14.85,14.85,14.16,14.70,14.40,14.70,,14.70,,,1120437,16485389.95,400,F1,1,,,,,
2026-09-17,2026-09-17,CM,NSE,STK,11975,INE050H01012,RML,EQ,,,,,RANE (MADRAS) LIMITED,1263.00,1320.00,1255.00,1281.80,1279.00,1268.10,,1281.83,,,41572,53743498.20,4733,F1,1,,,,,
2026-09-17,2026-09-17,CM,NSE,STK,2844,INE384A01010,RANEHOLDIN,EQ,,,,,RANE HOLDINGS LIMITED,1631.10,1656.90,1620.10,1626.30,1621.00,1630.30,,1626.15,,,5957,9733025.10,743,F1,1,,,,,
2026-09-17,2026-09-17,CM,NSE,STK,30460,INE0QX901013,RAPIDFLEET,SM,,,,,RAPID FLEET MGT SERVICE L,210.65,225.05,210.10,212.15,212.15,224.00,,212.15,,,10800,2333430.00,18,F1,600,,,,,
2026-09-17,2026-09-17,CM,NSE,STK,25610,INE0MVO01012,RAPPID,SM,,,,,RAPPID VALVES (INDIA) LTD,305.00,370.65,305.00,368.50,359.00,308.90,,368.50,,,24600,8635710.00,29,F1,600,,,,,
2026-09-17,2026-09-17,CM,NSE,STK,22670,INE0J1F01024,RPTECH,EQ,,,,,RASHI PERIPHERALS LIMITED,792.00,817.40,790.50,806.80,809.50,794.45,,806.80,,,154700,125139842.55,15066,F1,1,,,,,
2026-09-17,2026-09-17,CM,NSE,STK,2866,INE027A01015,RCF,EQ,,,,,RASHTRIYA CHEMICALS & FER,108.84,110.45,108.47,109.84,110.20,108.77,,109.84,,,1203731,131858816.76,11278,F1,1,,,,,
2026-09-17,2026-09-17,CM,NSE,STK,7177,INE0CLI01024,RATEGAIN,EQ,,,,,RATEGAIN TRAVEL TECHN LTD,853.95,871.00,853.95,865.45,868.50,860.95,,865.43,,,103532,89141339.25,9794,F1,1,,,,,
2026-09-17,2026-09-17,CM,NSE,STK,13451,INE703B01027,RATNAMANI,EQ,,,,,RATNAMANI MET & TUB LTD.,2701.00,2735.60,2656.50,2702.60,2727.00,2695.00,,2702.47,,,39882,107200070.50,12476,F1,1,,,,,
2026-09-17,2026-09-17,CM,NSE,STK,18423,INE05CZ01011,RATNAVEER,EQ,,,,,RATNAVEER PRECISION ENG L,287.75,322.00,284.75,303.85,302.90,286.75,,303.86,,,21339407,6490556268.25,205763,F1,1,,,,,
2026-09-17,2026-09-17,CM,NSE,STK,27297,INE834M01019,RTNINDIA,EQ,,,,,RATTANINDIA ENT LIMITED,26.73,26.95,24.95,26.37,26.30,26.74,,26.37,,,1807116,47673869.69,7660,F1,1,,,,,
2026-09-17,2026-09-17,CM,NSE,STK,17520,INE399K01017,RTNPOWER,EQ,,,,,RATTANINDIA POWER LIMITED,7.06,7.09,7.00,7.06,7.08,7.03,,7.06,,,10973501,77230452.18,8783,F1,1,,,,,
2026-09-17,2026-09-17,CM,NSE,STK,20950,INE722J01012,RKDL,EQ,,,,,RAVI KUMAR DIST. LTD.,17.85,18.49,17.85,18.30,18.49,17.94,,18.30,,,5824,107048.45,55,F1,1,,,,,
2026-09-17,2026-09-17,CM,NSE,STK,1565,INE09E501017,RVHL,EQ,,,,,RAVINDER HEIGHTS LIMITED,39.01,39.90,38.01,38.70,39.38,39.43,,38.69,,,3771,146138.19,150,F1,1,,,,,
2026-09-17,2026-09-17,CM,NSE,STK,24596,INE206N01018,RELTD,EQ,,,,,RAVINDRA ENERGY LIMITED,148.72,150.50,144.74,146.16,147.99,147.96,,146.16,,,51287,7535224.03,1482,F1,1,,,,,
2026-09-17,2026-09-17,CM,NSE,STK,25073,INE02ID01020,RAYMONDLSL,EQ,,,,,RAYMOND LIFESTYLE LIMITED,668.00,675.65,655.15,657.25,662.00,667.75,,657.15,,,95210,63118922.00,5118,F1,1,,,,,
2026-09-17,2026-09-17,CM,NSE,STK,2859,INE301A01014,RAYMOND,EQ,,,,,RAYMOND LTD,993.90,1008.70,966.05,978.20,974.50,993.90,,978.27,,,3634141,3577394231.35,109258,F1,1,,,,,
2026-09-17,2026-09-17,CM,NSE,STK,758551,INE1SY401010,RAYMONDREL,EQ,,,,,RAYMOND REALTY LIMITED,566.45,604.00,562.00,584.55,584.00,565.35,,584.51,,,653981,383336228.45,23982,F1,1,,,,,
2026-09-17,2026-09-17,CM,NSE,STK,765937,INE1FCO01014,MOMSBELIEF,BE,,,,,RAYS OF BELIEF LIMITED,221.75,221.75,214.60,216.04,215.21,224.30,,216.75,,,119613,26201390.68,485,F1,1,,,,,
2026-09-17,2026-09-17,CM,NSE,STK,18391,INE976G01028,RBLBANK,EQ,,,,,RBL BANK LIMITED,403.00,411.65,401.95,404.15,404.15,404.00,,404.15,,,2254458,916198361.70,24558,F1,1,,,,,
2026-09-17,2026-09-17,CM,NSE,STK,13570,INE0NA301016,RBMINFRA,SM,,,,,RBM INFRACON LIMITED,280.25,307.00,275.05,284.65,289.00,290.75,,284.65,,,24000,6913840.00,87,F1,200,,,,,
2026-09-17,2026-09-17,CM,NSE,STK,20893,INE0PEQ01016,RBZJEWEL,BE,,,,,RBZ JEWELLERS LIMITED,161.99,170.00,158.00,169.40,168.49,162.30,,167.91,,,60344,10080067.56,661,F1,1,,,,,
2026-09-17,2026-09-17,CM,NSE,STK,764850,INE0AK901016,RRECL,EQ,,,,,RDB REAL ESTATE CONS L,125.00,145.00,125.00,144.00,144.00,135.57,,142.00,,,53,7279.00,9,F1,1,,,,,
2026-09-17,2026-09-17,CM,NSE,STK,29561,INE10QL01011,READYMIX,SM,,,,,READYMIX CONSTRU MACHI L,70.00,70.00,70.00,70.00,70.00,70.20,,70.00,,,2000,140000.00,2,F1,1000,,,,,
2026-09-17,2026-09-17,CM,NSE,STK,15355,INE020B01018,RECLTD,EQ,,,,,REC LIMITED,314.00,315.05,310.50,310.50,310.50,312.65,,310.51,,,3222931,1007423290.50,28784,F1,1,,,,,
2026-09-17,2026-09-17,CM,NSE,STK,14255,INE891D01026,REDINGTON,EQ,,,,,REDINGTON LIMITED,387.50,403.20,385.00,400.10,401.50,388.15,,400.10,,,7092777,2824621220.35,86081,F1,1,,,,,
2026-09-17,2026-09-17,CM,NSE,STK,17859,INE0LXT01019,REDTAPE,EQ,,,,,REDTAPE LIMITED,117.50,120.00,115.60,118.65,118.17,117.34,,118.65,,,777362,91862091.63,13783,F1,1,,,,,
2026-09-17,2026-09-17,CM,NSE,STK,17764,INE056I01025,REFEX,EQ,,,,,REFEX INDUSTRIES LIMITED,259.40,277.00,259.40,271.75,271.00,260.90,,271.75,,,496100,134860853.45,11205,F1,1,,,,,
2026-09-17,2026-09-17,CM,NSE,STK,23718,INE0TNX01015,REFRACTORY,SM,,,,,REFRACTORY SHAPES LIMITED,30.20,30.20,30.20,30.20,30.20,28.80,,30.20,,,7000,211400.00,3,F1,1000,,,,,
2026-09-17,2026-09-17,CM,NSE,STK,758680,INE0MHO01029,REGAAL,EQ,,,,,REGAAL RESOURCES LIMITED,80.99,81.47,79.01,80.08,79.10,80.59,,80.08,,,176752,14150596.25,1292,F1,1,,,,,
2026-09-17,2026-09-17,CM,NSE,STK,4130,INE277C01012,REGENCERAM,EQ,,,,,REGENCY CERAMICS LTD.,33.22,35.90,33.11,35.13,35.48,33.10,,35.13,,,3189,112209.67,73,F1,1,,,,,
2026-09-17,2026-09-17,CM,NSE,STK,24225,INE131B01039,RELAXO,EQ,,,,,RELAXO FOOT LTD.,311.95,317.35,310.80,313.70,314.20,311.40,,313.73,,,99274,31160114.85,5639,F1,1,,,,,
2026-09-17,2026-09-17,CM,NSE,STK,3172,INF204KC1030,GILT5YBEES,EQ,,,,,RELCAPAMC - NETFGILT5Y,66.00,66.00,65.62,65.81,65.82,65.74,,65.81,,,114991,7565259.05,302,F1,1,,,,,
2026-09-17,2026-09-17,CM,NSE,STK,24378,INE375Y01018,RELIABLE,EQ,,,,,RELIABLE DATA SERVICE LTD,130.00,137.45,130.00,136.41,137.45,136.05,,136.41,,,5899,800972.56,238,F1,1,,,,,
2026-09-17,2026-09-17,CM,NSE,STK,9652,INE750D01016,RELCHEMQ,EQ,,,,,RELIANCE CHEMOTEX IND LTD,120.00,122.42,116.67,119.21,119.00,116.66,,119.28,,,7300,874893.04,340,F1,1,,,,,
2026-09-17,2026-09-17,CM,NSE,STK,13188,INE330H01018,RCOM,BE,,,,,RELIANCE COMMUNICATIONS L,0.96,0.96,0.96,0.96,0.96,1.01,,0.96,,,1894938,1819140.48,1486,F1,1,,,,,
2026-09-17,2026-09-17,CM,NSE,STK,759204,INE217K01011,RHFL,BZ,,,,,RELIANCE HOME FINANCE LTD,1.80,1.81,1.73,1.75,1.75,1.79,,1.75,,,748192,1314308.26,742,F1,1,,,,,
2026-09-17,2026-09-17,CM,NSE,STK,2912,INE046A01015,RIIL,EQ,,,,,RELIANCE INDUSTRIAL INFRA,694.95,706.45,692.55,700.25,699.00,693.65,,700.00,,,29678,20787769.15,1960,F1,1,,,,,
2026-09-17,2026-09-17,CM,NSE,STK,2885,INE002A01018,RELIANCE,EQ,,,,,RELIANCE INDUSTRIES LTD,1244.80,1253.40,1238.50,1243.90,1243.90,1240.00,,1242.89,,,7752895,9647521841.30,158694,F1,1,,,,,
2026-09-17,2026-09-17,CM,NSE,STK,4791,INE036A01016,RELINFRA,BE,,,,,RELIANCE INFRASTRUCTU LTD,50.51,51.90,50.51,51.01,51.90,51.54,,50.99,,,502081,25421484.31,2300,F1,1,,,,,
2026-09-17,2026-09-17,CM,NSE,STK,15259,INE614G01033,RPOWER,EQ,,,,,RELIANCE POWER LTD.,20.88,21.40,20.78,21.05,21.03,20.78,,21.05,,,14286289,301427257.07,26810,F1,1,,,,,
2026-09-17,2026-09-17,CM,NSE,STK,765330,INF205KA1CB9,IVZBANKNF,EQ,,,,,RELIGARAMC - IVZBANKNF,56.26,56.29,55.94,55.99,55.99,56.07,,55.99,,,962,53986.90,10,F1,1,,,,,
2026-09-17,2026-09-17,CM,NSE,STK,765327,INF205KA1CA1,IVZSENSEX,EQ,,,,,RELIGARAMC - IVZSENSEX,75.29,75.29,74.40,74.60,74.60,74.55,,74.80,,,1385,103187.65,17,F1,1,,,,,
2026-09-17,2026-09-17,CM,NSE,STK,15068,INE621H01010,RELIGARE,EQ,,,,,RELIGARE ENTER. LTD.,247.25,252.00,245.08,249.89,250.50,247.65,,249.88,,,238764,59364949.28,7205,F1,1,,,,,
2026-09-17,2026-09-17,CM,NSE,STK,3965,INE474C01023,REMSONSIND,EQ,,,,,REMSONS INDUSTRIES LTD,93.45,96.66,93.00,95.06,96.00,92.34,,95.06,,,38817,3671049.61,841,F1,1,,,,,
2026-09-17,2026-09-17,CM,NSE,STK,16154,INE0O5T01011,REMUS,SM,,,,,REMUS PHARMACEUTICALS L,883.00,986.00,883.00,972.10,985.00,866.35,,972.10,,,48100,45641120.00,328,F1,100,,,,,
2026-09-17,2026-09-17,CM,NSE,STK,15129,INE722H01024,RGL,EQ,,,,,RENAISSANCE GLOBAL LTD,148.00,158.50,148.00,156.49,157.10,149.50,,156.50,,,777575,121237481.92,10292,F1,1,,,,,
2026-09-17,2026-09-17,CM,NSE,STK,758157,INE0VZX01015,RNPL,SM,,,,,RENOL POLYCHEM LIMITED,58.00,58.00,55.10,55.50,55.50,58.00,,55.50,,,15600,870720.00,12,F1,1200,,,,,
2026-09-17,2026-09-17,CM,NSE,STK,766077,INE08T701025,RENTOMOJO,EQ,,,,,RENTOMOJO LIMITED,482.45,546.80,482.45,534.25,546.00,404.00,,534.14,,,45889291,23493886658.85,796063,F1,1,,,,,
2026-09-17,2026-09-17,CM,NSE,STK,29598,INE612J01015,REPCOHOME,EQ,,,,,REPCO HOME FINANCE LTD,344.00,350.90,343.15,346.30,345.05,346.70,,346.19,,,73126,25362487.90,3665,F1,1,,,,,
2026-09-17,2026-09-17,CM,NSE,STK,13126,INE461B01014,REPRO,EQ,,,,,REPRO INDIA LIMITED,298.05,308.00,294.00,296.95,296.65,297.95,,296.92,,,5286,1584605.20,412,F1,1,,,,,
2026-09-17,2026-09-17,CM,NSE,STK,20323,INE688D01026,RESPONIND,EQ,,,,,RESPONSIVE INDUSTRIES LTD,159.47,164.70,159.16,163.40,164.18,161.57,,163.40,,,156159,25441028.06,3501,F1,1,,,,,
2026-09-17,2026-09-17,CM,NSE,STK,1494,INE07T201019,RBA,EQ,,,,,RESTAURANT BRAND ASIA LTD,95.99,96.83,94.63,96.12,96.28,95.83,,96.12,,,2487096,238076276.36,19175,F1,1,,,,,
2026-09-17,2026-09-17,CM,NSE,STK,25157,INE0DAB01012,RVTH,EQ,,,,,REVATHI EQUIPMENT INDIA L,669.65,679.05,663.00,666.75,670.05,663.00,,666.75,,,204,136109.85,23,F1,1,,,,,
2026-09-17,2026-09-17,CM,NSE,STK,29270,INE113601012,REXPRO,SM,,,,,REXPRO ENTERPRISES LTD,36.90,36.90,36.85,36.85,36.85,35.15,,36.85,,,12000,442700.00,10,F1,1000,,,,,
2026-09-17,2026-09-17,CM,NSE,STK,759062,INE0KKN01029,RHETAN,EQ,,,,,RHETAN TMT LIMITED,20.59,20.59,20.59,20.59,20.59,21.67,,20.59,,,246581,5077102.79,834,F1,1,,,,,
2026-09-17,2026-09-17,CM,NSE,STK,31163,INE743M01012,RHIM,EQ,,,,,RHI MAGNESITA INDIA LTD,363.60,369.65,363.60,365.95,366.60,363.60,,365.95,,,66638,24419269.20,3253,F1,1,,,,,
2026-09-17,2026-09-17,CM,NSE,STK,2909,INE209B01025,RICOAUTO,EQ,,,,,RICO AUTO INDUSTRIES LTD,125.25,129.00,124.70,128.04,127.60,125.86,,128.04,,,701172,89079697.68,7541,F1,1,,,,,
2026-09-17,2026-09-17,CM,NSE,STK,764121,INE302D01024,RIR,EQ,,,,,RIR POWER ELECTRONICS L,194.74,207.71,186.51,197.63,199.00,179.77,,197.66,,,36391145,7291168473.24,313049,F1,1,,,,,
2026-09-17,2026-09-17,CM,NSE,STK,18417,INE0N2P01017,RISHABH,EQ,,,,,RISHABH INSTRUMENTS LTD,752.80,804.00,752.80,778.35,772.00,758.55,,778.47,,,225313,176229766.45,11267,F1,1,,,,,
2026-09-17,2026-09-17,CM,NSE,STK,8944,INE01EG01016,RITCO,EQ,,,,,RITCO LOGISTICS LIMITED,296.50,302.55,294.60,299.30,300.00,294.75,,299.30,,,34285,10273778.35,791,F1,1,,,,,
2026-09-17,2026-09-17,CM,NSE,STK,3761,INE320J01015,RITES,EQ,,,,,RITES LIMITED,204.92,208.64,204.92,207.93,208.30,204.92,,207.93,,,281095,58275932.53,9284,F1,1,,,,,
2026-09-17,2026-09-17,CM,NSE,STK,1547,INE786W01010,RKEC,EQ,,,,,RKEC PROJECTS LIMITED,19.61,19.61,18.02,18.49,18.40,19.01,,18.49,,,52286,977746.51,311,F1,1,,,,,
2026-09-17,2026-09-17,CM,NSE,STK,762346,INE655V01019,RMC,EQ,,,,,RMC SWITCHGEARS LIMITED,207.35,239.90,206.41,229.16,229.90,206.41,,229.25,,,171578,39186127.64,6633,F1,1,,,,,
2026-09-17,2026-09-17,CM,NSE,STK,24589,INE0SA001017,RNFI,SM,,,,,RNFI SERVICES LIMITED,319.00,326.00,316.75,317.10,317.10,315.40,,317.10,,,13800,4425930.00,17,F1,600,,,,,
2026-09-17,2026-09-17,CM,NSE,STK,15157,INE508K01013,RHL,EQ,,,,,ROBUST HOTELS LIMITED,172.95,174.00,165.00,173.74,174.00,173.24,,173.74,,,1964,335993.68,42,F1,1,,,,,
2026-09-17,2026-09-17,CM,NSE,STK,20289,INE0PTR01012,ROCKINGDCE,SM,,,,,ROCKINGDEALS CIRCU ECO L,222.00,227.50,222.00,224.75,227.50,230.00,,224.75,,,500,112375.00,2,F1,250,,,,,
2026-09-17,2026-09-17,CM,NSE,STK,5279,INE645S01024,ROLEXRINGS,EQ,,,,,ROLEX RINGS LIMITED,168.72,171.01,168.00,169.82,170.00,168.53,,169.82,,,620493,105255137.05,8001,F1,1,,,,,
2026-09-17,2026-09-17,CM,NSE,STK,19108,INE927A01040,ROLLT,BE,,,,,ROLLATAINERS LIMITED,5.42,5.44,5.31,5.44,5.44,5.19,,5.43,,,638643,3466526.65,583,F1,1,,,,,
2026-09-17,2026-09-17,CM,NSE,STK,19410,INE02A801020,ROSSARI,EQ,,,,,ROSSARI BIOTECH LIMITED,437.80,445.75,435.65,440.75,440.10,437.80,,440.76,,,49511,21850459.20,6201,F1,1,,,,,
2026-09-17,2026-09-17,CM,NSE,STK,28913,INE847C01020,ROSSELLIND,EQ,,,,,ROSSELL INDIA LIMITED,55.25,56.05,54.01,54.38,54.32,55.35,,54.41,,,33538,1844618.16,546,F1,1,,,,,
2026-09-17,2026-09-17,CM,NSE,STK,27353,INE0OJW01016,ROSSTECH,EQ,,,,,ROSSELL TECHSYS LIMITED,1349.90,1426.90,1325.00,1357.20,1351.30,1349.90,,1357.21,,,758996,1053356065.90,53925,F1,1,,,,,
2026-09-17,2026-09-17,CM,NSE,STK,9049,INE535D01037,ROTO,EQ,,,,,ROTO PUMPS LIMITED,62.10,65.70,62.09,63.35,63.21,62.13,,63.35,,,667933,42992416.53,6520,F1,1,,,,,
2026-09-17,2026-09-17,CM,NSE,STK,128,INE450U01017,ROUTE,EQ,,,,,ROUTE MOBILE LIMITED,480.70,494.80,478.30,492.60,490.25,480.70,,492.63,,,175473,85368839.20,5467,F1,1,,,,,
2026-09-17,2026-09-17,CM,NSE,STK,20167,INE0PDJ01013,ROXHITECH,SM,,,,,ROX HI TECH LIMITED,43.50,44.35,43.50,43.65,43.65,43.55,,43.65,,,24000,1053040.00,7,F1,1600,,,,,
2026-09-17,2026-09-17,CM,NSE,STK,13182,INE283H01019,ROHLTD,EQ,,,,,ROYAL ORCHID HOTELS LTD,304.80,304.95,296.05,297.45,297.00,296.10,,297.46,,,7531,2246425.80,427,F1,1,,,,,
2026-09-17,2026-09-17,CM,NSE,STK,16725,INE105J01010,RPGLIFE,EQ,,,,,RPG LIFE SCIENCES LTD,2754.00,2889.00,2696.80,2824.50,2808.00,2739.10,,2824.55,,,18681,52652061.40,3747,F1,1,,,,,
2026-09-17,2026-09-17,CM,NSE,STK,8119,INE425Y01011,RPSGVENT,EQ,,,,,RPSG VENTURES LIMITED,823.70,836.95,819.05,832.50,833.85,823.70,,832.52,,,14068,11654522.10,1058,F1,1,,,,,
2026-09-17,2026-09-17,CM,NSE,STK,7292,INE611A01016,RSWM,BE,,,,,RSWM LIMITED,208.00,216.00,205.00,213.63,214.00,210.67,,213.76,,,32969,6966070.49,165,F1,1,,,,,
2026-09-17,2026-09-17,CM,NSE,STK,24730,INE642C01025,RUBFILA,EQ,,,,,RUBFILA INTERNATIONAL LTD,66.96,67.75,65.10,65.72,65.94,65.04,,65.73,,,53106,3508336.23,419,F1,1,,,,,
2026-09-17,2026-09-17,CM,NSE,STK,759316,INE506V01022,RUBICON,EQ,,,,,RUBICON RESEARCH LIMITED,1766.70,1834.90,1766.70,1778.30,1778.00,1766.70,,1778.26,,,181529,325901316.10,18165,F1,1,,,,,
2026-09-17,2026-09-17,CM,NSE,STK,4566,INE413B01023,RUCHINFRA,EQ,,,,,RUCHI INFRASTRUCTURE LTD,5.29,5.29,5.10,5.14,5.10,5.22,,5.14,,,70536,366105.49,267,F1,1,,,,,
2026-09-17,2026-09-17,CM,NSE,STK,13821,INE803H01014,RUCHIRA,EQ,,,,,RUCHIRA PAPERS LIMITED,107.81,110.79,106.00,107.45,108.00,107.28,,107.39,,,39762,4315777.14,857,F1,1,,,,,
2026-09-17,2026-09-17,CM,NSE,STK,760392,INE027T01023,RUDRA,EQ,,,,,RUDRA GLOBAL INFRA PROD L,19.90,20.80,19.90,20.36,20.25,20.08,,20.36,,,19030,386910.27,111,F1,1,,,,,
2026-09-17,2026-09-17,CM,NSE,STK,1486,INE364Z01019,REPL,BE,,,,,RUDRABHISHEK ENTERP LTD,57.61,58.64,56.00,57.47,57.49,57.61,,57.47,,,2774,158051.36,62,F1,1,,,,,
2026-09-17,2026-09-17,CM,NSE,STK,23830,INE0R7301013,RULKA,SM,,,,,RULKA ELECTRICALS LIMITED,106.95,109.50,106.95,107.00,107.00,105.00,,107.00,,,2100,226035.00,6,F1,300,,,,,
2026-09-17,2026-09-17,CM,NSE,STK,25724,INE895B01021,RUPA,EQ,,,,,RUPA & COMPANY LTD,132.08,135.27,130.31,134.97,135.00,132.08,,134.97,,,108222,14396015.27,3680,F1,1,,,,,
2026-09-17,2026-09-17,CM,NSE,STK,24595,INE573K01025,RUSHIL,EQ,,,,,RUSHIL DECOR LIMITED,15.08,15.80,13.91,15.57,15.70,15.33,,15.57,,,3207179,46915300.56,4880,F1,1,,,,,
2026-09-17,2026-09-17,CM,NSE,STK,764860,INE137M01017,SAB,EQ,,,,,S A B INDUSTRIES LTD.,174.18,174.18,174.18,174.18,174.18,175.05,,174.18,,,1,174.18,1,F1,1,,,,,
2026-09-17,2026-09-17,CM,NSE,STK,24674,INE0BSN01013,SATECH,SM,,,,,S A TECH SOFTWARE INDIA L,43.50,43.70,40.00,40.00,40.00,43.90,,40.00,,,14000,577250.00,13,F1,1000,,,,,
2026-09-17,2026-09-17,CM,NSE,STK,20698,INE807K01035,SCHAND,EQ,,,,,S CHAND AND COMPANY LTD,131.02,135.99,131.02,134.88,135.00,133.28,,134.88,,,22948,3089336.01,1038,F1,1,,,,,
2026-09-17,2026-09-17,CM,NSE,STK,25528,INE0X6F01017,SDREAMS,SM,,,,,S D RETAIL LIMITED,77.55,77.55,77.55,77.55,77.55,79.80,,77.55,,,1000,77550.00,1,F1,1000,,,,,
2026-09-17,2026-09-17,CM,NSE,STK,11212,INE500L01026,SHK,EQ,,,,,S H KELKAR AND CO. LTD.,133.42,142.85,132.93,138.67,141.00,133.42,,138.68,,,773894,107384414.93,12475,F1,1,,,,,
2026-09-17,2026-09-17,CM,NSE,STK,20542,INE0F3301020,SJLOGISTIC,SM,,,,,S J LOGISTICS (INDIA) LTD,311.00,319.70,306.30,311.00,309.75,311.30,,311.00,,,21250,6627200.00,70,F1,250,,,,,
2026-09-17,2026-09-17,CM,NSE,STK,764940,INE159L01013,SVGLOBAL,EQ,,,,,S V GLOBAL MILL LTD.,134.00,134.00,127.00,128.26,128.31,134.03,,128.26,,,700,92799.60,22,F1,1,,,,,
2026-09-17,2026-09-17,CM,NSE,STK,2951,INE902B01017,S&SPOWER,EQ,,,,,S&S POWER SWITCHGEARS LTD,329.80,329.80,318.00,318.70,318.00,321.35,,318.70,,,1890,606490.10,77,F1,1,,,,,
2026-09-17,2026-09-17,CM,NSE,STK,18252,INE212I01016,SPAL,EQ,,,,,S. P. APPARELS LIMITED,973.30,1010.10,969.00,1003.10,996.10,974.90,,1003.10,,,47780,47403513.90,5048,F1,1,,,,,
2026-09-17,2026-09-17,CM,NSE,STK,11634,INE658G01014,SALSTEEL,EQ,,,,,S.A.L. STEEL LTD.,76.70,78.35,75.87,78.35,78.35,74.62,,78.35,,,243492,18922854.88,2273,F1,1,,,,,
2026-09-17,2026-09-17,CM,NSE,STK,19112,INE0PSK01027,SAAKSHI,ST,,,,,SAAKSHI MEDTEC N PANELS L,366.20,369.00,355.00,357.05,361.00,368.50,,357.05,,,55200,20069880.00,29,F1,600,,,,,
2026-09-17,2026-09-17,CM,NSE,STK,759057,INE13B501022,SAATVIKGL,EQ,,,,,SAATVIK GREEN ENERGY LTD,413.05,413.05,402.60,404.50,404.10,413.25,,404.51,,,94033,38300545.20,4398,F1,1,,,,,
2026-09-17,2026-09-17,CM,NSE,STK,757409,INE1ARD01016,SACHEEROME,SM,,,,,SACHEEROME LIMITED,506.00,526.90,490.10,522.20,525.75,501.65,,522.20,,,43200,22274685.00,97,F1,300,,,,,
2026-09-17,2026-09-17,CM,NSE,STK,13236,INE226H01026,SADBHAV,EQ,,,,,SADBHAV ENGINEERING LTD,7.60,7.75,7.46,7.52,7.46,7.60,,7.51,,,119756,910414.32,393,F1,1,,,,,
2026-09-17,2026-09-17,CM,NSE,STK,10618,INE764L01010,SADBHIN,EQ,,,,,SADBHAV INFRA PROJ LTD.,2.66,2.66,2.46,2.48,2.52,2.55,,2.48,,,162843,410214.92,363,F1,1,,,,,
2026-09-17,2026-09-17,CM,NSE,STK,15349,INE888C01040,SADHNANIQ,BE,,,,,SADHANA NITROCHEM LIMITED,2.70,2.80,2.70,2.80,2.80,2.75,,2.82,,,1926476,5237499.63,308,F1,1,,,,,
2026-09-17,2026-09-17,CM,NSE,STK,22897,INE0K5H01010,SADHAV,SM,,,,,SADHAV SHIPPING LIMITED,108.00,108.90,106.00,108.50,108.50,107.45,,108.50,,,6600,708930.00,10,F1,600,,,,,
2026-09-17,2026-09-17,CM,NSE,STK,13035,INE429E01023,SAFARI,EQ,,,,,SAFARI IND (INDIA) LTD,1520.00,1525.50,1496.10,1511.40,1502.00,1520.50,,1511.41,,,30289,45710341.20,4498,F1,1,,,,,
2026-09-17,2026-09-17,CM,NSE,STK,757583,INE17D601016,SAFEENTP,SM,,,,,SAFE ENTER RETAIL FIX LTD,252.00,253.45,249.95,252.30,250.60,246.70,,252.30,,,24500,6175025.00,38,F1,500,,,,,
2026-09-17,2026-09-17,CM,NSE,STK,14068,INE229C01021,SAGCEM,EQ,,,,,SAGAR CEMENTS LIMITED,148.02,152.49,147.00,149.41,151.50,147.99,,149.07,,,29756,4422280.21,1128,F1,1,,,,,
2026-09-17,2026-09-17,CM,NSE,STK,8175,INE976T01013,SAGARDEEP,EQ,,,,,SAGARDEEP ALLOYS LIMITED,23.92,24.15,23.20,23.50,23.28,23.81,,23.50,,,5082,120209.65,81,F1,1,,,,,
2026-09-17,2026-09-17,CM,NSE,STK,27052,INE0W2G01015,SAGILITY,EQ,,,,,SAGILITY LIMITED,45.02,45.38,44.45,44.56,44.56,45.02,,44.57,,,10163066,455444035.59,28386,F1,1,,,,,
2026-09-17,2026-09-17,CM,NSE,STK,24478,INE0P4701011,SAHAJSOLAR,SM,,,,,SAHAJ SOLAR LIMITED,93.10,95.00,92.40,93.30,93.50,95.40,,93.30,,,13200,1233340.00,32,F1,400,,,,,
2026-09-17,2026-09-17,CM,NSE,STK,16711,INE0LEX01011,SAHANA,SM,,,,,SAHANA SYSTEM LIMITED,864.55,864.55,825.55,849.10,843.35,864.55,,849.10,,,19350,16467292.50,109,F1,150,,,,,
2026-09-17,2026-09-17,CM,NSE,STK,25668,INE0RBQ01018,SAHASRA,SM,,,,,SAHASRA ELECTRONIC SOLU L,332.95,338.00,311.30,320.10,323.00,326.90,,320.10,,,69200,22179740.00,160,F1,400,,,,,
2026-09-17,2026-09-17,CM,NSE,STK,14900,INE280H01015,SAHYADRI,EQ,,,,,SAHYADRI INDUSTRIES LTD,364.90,370.00,357.00,359.25,365.00,361.30,,359.29,,,5407,1955400.10,373,F1,1,,,,,
2026-09-17,2026-09-17,CM,NSE,STK,764865,INE531X01018,SAICAPI,EQ,,,,,SAI CAPITAL LTD.,158.84,160.10,155.66,158.99,158.99,158.84,,158.00,,,61,9571.23,9,F1,1,,,,,
2026-09-17,2026-09-17,CM,NSE,STK,27839,INE570L01029,SAILIFE,EQ,,,,,SAI LIFE SCIENCES LIMITED,1537.90,1569.60,1530.20,1545.70,1543.30,1539.10,,1545.73,,,443745,686782434.30,40339,F1,1,,,,,
2026-09-17,2026-09-17,CM,NSE,STK,761675,INE0H9F01037,SAIPARENT,EQ,,,,,SAI PARENTERALS LIMITED,516.00,516.00,505.55,510.25,508.30,516.45,,510.25,,,23068,11770824.85,2023,F1,1,,,,,
2026-09-17,2026-09-17,CM,NSE,STK,18755,INE438K01021,KALAMANDIR,EQ,,,,,SAI SILKS (KALAMANDIR) L,77.78,78.80,76.55,76.79,76.80,77.78,,76.79,,,554742,42821028.05,5225,F1,1,,,,,
2026-09-17,2026-09-17,CM,NSE,STK,764880,INE068B01017,SEKURITIND,EQ,,,,,SAINT GOBAIN SEKUR IND L,107.00,109.99,107.00,108.72,109.00,107.25,,108.74,,,14502,1569397.83,276,F1,1,,,,,
2026-09-17,2026-09-17,CM,NSE,STK,9539,INE732S01012,SAKAR,EQ,,,,,SAKAR HEALTHCARE LIMITED,1100.00,1163.85,1100.00,1129.55,1127.00,1105.40,,1129.55,,,72715,82673386.80,5977,F1,1,,,,,
2026-09-17,2026-09-17,CM,NSE,STK,11794,INE667G01023,SAKSOFT,EQ,,,,,SAKSOFT LIMITED,141.18,143.85,140.71,142.92,142.23,141.18,,142.92,,,179023,25493310.13,3479,F1,1,,,,,
2026-09-17,2026-09-17,CM,NSE,STK,2969,INE623A01011,SAKHTISUG,EQ,,,,,SAKTHI SUGARS LTD,18.53,18.90,18.31,18.44,18.54,18.53,,18.45,,,64020,1191399.23,575,F1,1,,,,,
2026-09-17,2026-09-17,CM,NSE,STK,13251,INE190H01024,SAKUMA,EQ,,,,,SAKUMA EXPORTS LIMITED,1.55,1.58,1.54,1.54,1.56,1.56,,1.54,,,681384,1057241.63,651,F1,1,,,,,
2026-09-17,2026-09-17,CM,NSE,STK,21362,INE170V01027,SALASAR,EQ,,,,,SALASAR TECHNO ENGG. LTD.,4.92,4.96,4.87,4.89,4.88,4.93,,4.89,,,2278124,11190128.15,2628,F1,1,,,,,
2026-09-17,2026-09-17,CM,NSE,STK,17351,INE498E01010,SALONA,EQ,,,,,SALONA COTSPIN LTD.,269.95,269.95,263.05,266.05,268.65,264.00,,266.06,,,180,48257.20,9,F1,1,,,,,
2026-09-17,2026-09-17,CM,NSE,STK,11399,INE457F01013,SALZERELEC,EQ,,,,,SALZER ELECTRONICS LTD,556.50,564.95,548.65,550.95,550.00,557.85,,550.93,,,39715,22087601.95,2447,F1,1,,,,,
2026-09-17,2026-09-17,CM,NSE,STK,756851,INE124101010,SAMAY,ST,,,,,SAMAY PROJECT SERVICES L,47.00,47.00,47.00,47.00,47.00,46.95,,47.00,,,4000,188000.00,1,F1,4000,,,,,
2026-09-17,2026-09-17,CM,NSE,STK,764870,INE304D01012,SAMBANDAM,EQ,,,,,SAMBANDAM SPINNING MILL L,105.00,105.39,101.00,101.51,101.50,106.27,,101.51,,,2802,284767.93,75,F1,1,,,,,
2026-09-17,2026-09-17,CM,NSE,STK,4127,INE699B01027,SAMBHAAV,EQ,,,,,SAMBHAAV MEDIA LTD,5.90,6.14,5.88,6.00,5.92,5.89,,6.00,,,13902,84112.49,81,F1,1,,,,,
2026-09-17,2026-09-17,CM,NSE,STK,757767,INE12NJ01018,SAMBHV,EQ,,,,,SAMBHV STEEL TUBES LTD,128.11,131.00,127.50,129.09,128.60,128.40,,129.09,,,899777,116473983.76,8994,F1,1,,,,,
2026-09-17,2026-09-17,CM,NSE,STK,21096,INE0PZA01015,SAIFL,SM,,,,,SAMEERA AGRO AND INFRA L,4.35,4.40,4.25,4.40,4.40,4.25,,4.40,,,56000,244000.00,13,F1,4000,,,,,
2026-09-17,2026-09-17,CM,NSE,STK,18614,INE08U801020,SAMHI,EQ,,,,,SAMHI HOTELS LIMITED,160.00,162.24,153.60,156.67,156.20,160.27,,156.69,,,1218576,193107888.72,29805,F1,1,,,,,
2026-09-17,2026-09-17,CM,NSE,STK,30125,INE148I01020,SAMMAANCAP,EQ,,,,,SAMMAAN CAPITAL LIMITED,142.00,144.57,141.30,142.22,142.01,142.19,,142.22,,,4348828,620921641.47,27225,F1,1,,,,,
2026-09-17,2026-09-17,CM,NSE,STK,27303,INE735M01018,SAMPANN,EQ,,,,,SAMPANN UTPADAN INDIA LTD,24.44,24.69,23.11,24.26,24.30,24.28,,24.27,,,35582,849796.32,388,F1,1,,,,,
2026-09-17,2026-09-17,CM,NSE,STK,4204,INE775A01035,MOTHERSON,EQ,,,,,SAMVRDHNA MTHRSN INTL LTD,159.02,162.84,158.66,161.87,161.87,158.27,,161.87,,,7026483,1136914638.20,45560,F1,1,,,,,
2026-09-17,2026-09-17,CM,NSE,STK,28805,INE0JPD01013,SANATHAN,EQ,,,,,SANATHAN TEXTILES LIMITED,448.00,466.75,448.00,461.95,463.40,454.05,,461.96,,,43107,19696590.65,3421,F1,1,,,,,
2026-09-17,2026-09-17,CM,NSE,STK,2988,INE583B01015,SANDESH,EQ,,,,,SANDESH LTD,1027.30,1045.00,1014.50,1037.40,1040.00,1032.30,,1037.40,,,408,421469.70,40,F1,1,,,,,
2026-09-17,2026-09-17,CM,NSE,STK,2397,INE278H01035,SANDHAR,EQ,,,,,SANDHAR TECHNOLOGIES LTD,585.00,596.20,579.00,588.25,585.15,583.25,,588.26,,,115625,67915344.75,6548,F1,1,,,,,
2026-09-17,2026-09-17,CM,NSE,STK,18359,INE149K01016,SANDUMA,EQ,,,,,SANDUR MANG & IRON ORES L,180.60,183.78,180.60,182.53,183.20,180.60,,182.53,,,389388,71091170.78,8446,F1,1,,,,,
2026-09-17,2026-09-17,CM,NSE,STK,4184,INE495C01010,SANGAMIND,EQ,,,,,SANGAM (INDIA) LTD,562.30,590.00,562.30,583.05,585.90,566.55,,583.00,,,18253,10565304.00,981,F1,1,,,,,
2026-09-17,2026-09-17,CM,NSE,STK,18035,INE0OVI01010,SANGANI,SM,,,,,SANGANI HOSPITALS LIMITED,50.10,50.10,49.90,49.90,49.90,52.50,,49.90,,,3000,150000.00,2,F1,1500,,,,,
2026-09-17,2026-09-17,CM,NSE,STK,14058,INE989A01032,SANGHVIMOV,EQ,,,,,SANGHVI MOVERS LTD,410.40,424.80,410.40,419.65,418.30,408.25,,419.65,,,307857,128623792.25,15414,F1,1,,,,,
2026-09-17,2026-09-17,CM,NSE,STK,11033,INE753W01010,SANGINITA,BE,,,,,SANGINITA CHEMICALS LTD,69.67,69.67,69.67,69.67,69.67,68.31,,69.67,,,26625,1854963.75,68,F1,1,,,,,
2026-09-17,2026-09-17,CM,NSE,STK,25222,INE0UOS01011,SANOFICONR,EQ,,,,,SANOFI CONS HEALTHC IND L,4018.00,4046.80,3926.00,3989.50,4024.00,3990.40,,3990.03,,,4821,19291025.20,940,F1,1,,,,,
2026-09-17,2026-09-17,CM,NSE,STK,1442,INE058A01010,SANOFI,EQ,,,,,SANOFI INDIA LIMITED,3111.20,3126.70,3075.20,3085.00,3080.20,3111.20,,3085.30,,,15928,49320785.20,3947,F1,1,,,,,
2026-09-17,2026-09-17,CM,NSE,STK,5751,INE953O01021,SANSERA,EQ,,,,,SANSERA ENGINEERING LTD,3969.00,4048.00,3938.50,4017.50,4011.00,3971.20,,4017.53,,,130544,522731037.70,22337,F1,1,,,,,
2026-09-17,2026-09-17,CM,NSE,STK,24582,INE08NE01025,SANSTAR,EQ,,,,,SANSTAR LIMITED,112.48,116.55,112.48,115.54,115.00,112.81,,115.54,,,348381,40055933.65,4079,F1,1,,,,,
2026-09-17,2026-09-17,CM,NSE,STK,46,INE890C01046,SANWARIA,BZ,,,,,SANWARIA CONSUMER LIMITED,0.20,0.20,0.19,0.19,0.19,0.20,,0.19,,,121373,23834.78,102,F1,1,,,,,
2026-09-17,2026-09-17,CM,NSE,STK,6718,INE806T01020,SAPPHIRE,EQ,,,,,SAPPHIRE FOODS INDIA LTD,223.10,235.39,222.78,233.24,233.00,223.32,,233.25,,,1148165,265834404.72,22720,F1,1,,,,,
2026-09-17,2026-09-17,CM,NSE,STK,19863,INE0PUC01020,SARTELE,SM,,,,,SAR TELEVENTURE LIMITED,73.45,80.45,72.90,79.05,78.50,73.80,,79.05,,,160500,12583650.00,192,F1,500,,,,,
2026-09-17,2026-09-17,CM,NSE,STK,762985,INE967G01019,ZSARACOM,EQ,,,,,SARASWATI COMM (INDIA) L,10494.00,10520.00,10062.00,10338.00,10399.00,10494.00,,10338.00,,,37,378836.00,30,F1,1,,,,,
2026-09-17,2026-09-17,CM,NSE,STK,24856,INE0PQ101010,SSDL,EQ,,,,,SARASWATI SAREE DEPOT LTD,60.29,62.50,59.10,62.08,61.50,59.70,,62.08,,,36959,2262193.68,661,F1,1,,,,,
2026-09-17,2026-09-17,CM,NSE,STK,17758,INE385C01021,SARDAEN,EQ,,,,,SARDA ENERGY & MIN LTD,500.00,525.00,495.45,506.95,508.35,497.35,,506.97,,,829409,424775876.95,32265,F1,1,,,,,
2026-09-17,2026-09-17,CM,NSE,STK,4892,INE979A01025,SAREGAMA,EQ,,,,,SAREGAMA INDIA LIMITED,483.50,501.90,483.00,489.25,493.00,486.55,,489.25,,,420340,207795699.15,23120,F1,1,,,,,
2026-09-17,2026-09-17,CM,NSE,STK,14043,INE453D01025,SARLAPOLY,EQ,,,,,SARLA PERF. FIBERS LTD,95.62,97.10,95.62,96.49,96.30,95.22,,96.32,,,19034,1832390.95,340,F1,1,,,,,
2026-09-17,2026-09-17,CM,NSE,STK,18506,INE0PCL01011,SAROJA,SM,,,,,SAROJA PHARMA INDUS IND L,41.35,41.35,41.35,41.35,41.35,39.75,,41.35,,,1600,66160.00,1,F1,1600,,,,,
2026-09-17,2026-09-17,CM,NSE,STK,6843,INE017W01010,SMLT,EQ,,,,,SARTHAK METALS LIMITED,60.00,64.00,59.38,59.98,60.00,59.88,,59.98,,,8842,535690.53,248,F1,1,,,,,
2026-09-17,2026-09-17,CM,NSE,STK,12913,INE324X01026,SARVESHWAR,EQ,,,,,SARVESHWAR FOODS LIMITED,3.76,3.86,3.72,3.72,3.73,3.79,,3.72,,,1262970,4741320.48,1552,F1,1,,,,,
2026-09-17,2026-09-17,CM,NSE,STK,11983,INE231F01020,SASKEN,EQ,,,,,SASKEN TECHNOLOGIES LTD,1687.80,1740.00,1670.20,1722.10,1710.40,1681.50,,1722.13,,,31022,53201134.60,4030,F1,1,,,,,
2026-09-17,2026-09-17,CM,NSE,STK,29151,INE0NB801022,SATKARTAR,SM,,,,,SAT KARTAR LIFE LIMITED,147.45,147.50,134.90,139.15,139.30,143.30,,139.15,,,30400,4248000.00,31,F1,800,,,,,
2026-09-17,2026-09-17,CM,NSE,STK,24697,INE0RFP01011,SSEGL,SM,,,,,SATHLOKHAR SYN E&C GLOB L,418.70,429.95,415.60,419.00,422.00,419.15,,419.00,,,23000,9685150.00,84,F1,200,,,,,
2026-09-17,2026-09-17,CM,NSE,STK,24507,INE0RPM01017,SATIPOLY,ST,,,,,SATI POLY PLAST LIMITED,33.35,34.50,33.35,34.50,34.50,35.10,,34.50,,,2000,68175.00,3,F1,500,,,,,
2026-09-17,2026-09-17,CM,NSE,STK,11045,INE170E01023,SATIA,EQ,,,,,SATIA INDUSTRIES LIMITED,68.11,70.00,67.08,67.63,67.56,68.11,,67.63,,,92651,6346202.01,1435,F1,1,,,,,
2026-09-17,2026-09-17,CM,NSE,STK,10453,INE836B01017,SATIN,EQ,,,,,SATIN CREDIT NET LTD,215.10,222.86,215.10,219.82,221.00,217.88,,219.82,,,86493,19018094.87,2634,F1,1,,,,,
2026-09-17,2026-09-17,CM,NSE,STK,758960,INE14DW01018,SATTVAENGG,SM,,,,,SATTVA ENGINEERING CSTN L,62.55,62.55,59.00,60.20,61.40,61.00,,60.20,,,16000,968960.00,9,F1,1600,,,,,
2026-09-17,2026-09-17,CM,NSE,STK,3018,INE626A01014,SAURASHCEM,EQ,,,,,SAURASHTRA CEMENT LIMITED,52.50,53.29,51.40,51.91,51.49,52.33,,51.93,,,152309,7908201.67,1741,F1,1,,,,,
2026-09-17,2026-09-17,CM,NSE,STK,3021,INE035D01020,SOTL,EQ,,,,,SAVITA OIL TECHNOLO. LTD,685.00,700.35,681.55,691.40,689.00,694.40,,691.40,,,138210,95446872.30,6996,F1,1,,,,,
2026-09-17,2026-09-17,CM,NSE,STK,757704,INE0UCN01017,SAVY,SM,,,,,SAVY INFRA AND LOGI LTD,132.00,139.80,132.00,137.70,137.00,135.00,,137.70,,,12000,1641780.00,10,F1,1200,,,,,
2026-09-17,2026-09-17,CM,NSE,STK,758444,INE10VS01016,SAWALIYA,SM,,,,,SAWALIYA FOOD PRODUCTS L,159.00,166.90,158.00,164.40,166.90,159.00,,164.40,,,27600,4480260.00,10,F1,600,,,,,
2026-09-17,2026-09-17,CM,NSE,STK,764875,INE327G01032,SAYAJIIND,EQ,,,,,SAYAJI INDUSTRIES LTD.,113.00,113.00,113.00,113.00,113.00,113.00,,113.85,,,3,339.00,2,F1,1,,,,,
2026-09-17,2026-09-17,CM,NSE,STK,6792,INE04AK01028,SBC,EQ,,,,,SBC EXPORTS LIMITED,47.65,48.68,47.65,48.25,48.49,47.63,,48.25,,,7597720,366862993.73,5630,F1,1,,,,,
2026-09-17,2026-09-17,CM,NSE,STK,18026,INE423Y01016,SBFC,EQ,,,,,SBFC FINANCE LIMITED,94.00,95.15,93.06,93.32,93.90,93.66,,93.32,,,515860,48449145.27,7608,F1,1,,,,,
2026-09-17,2026-09-17,CM,NSE,STK,17971,INE018E01016,SBICARD,EQ,,,,,SBI CARDS & PAY SER LTD,616.00,641.55,616.00,636.95,636.95,618.10,,636.96,,,1811876,1147062767.85,35201,F1,1,,,,,
2026-09-17,2026-09-17,CM,NSE,STK,764173,INE640G01020,SBIFUNDS,EQ,,,,,SBI FUNDS MANAGEMENT LTD,530.00,542.30,528.25,540.95,541.90,530.10,,540.92,,,1328674,711060896.40,41494,F1,1,,,,,
2026-09-17,2026-09-17,CM,NSE,STK,21808,INE123W01016,SBILIFE,EQ,,,,,SBI LIFE INSURANCE CO LTD,1693.00,1771.10,1689.00,1766.90,1766.90,1697.90,,1766.88,,,1760558,3080597256.50,64307,F1,1,,,,,
2026-09-17,2026-09-17,CM,NSE,STK,17272,INF200KA16D8,SETFGOLD,EQ,,,,,SBI-ETF GOLD,128.19,128.88,127.59,128.39,128.31,128.88,,128.39,,,4118582,528205982.46,8547,F1,1,,,,,
2026-09-17,2026-09-17,CM,NSE,STK,10176,INF200KA1FS1,SETFNIF50,EQ,,,,,SBI-ETF NIFTY 50,251.40,252.09,249.91,251.29,251.99,250.64,,251.37,,,487492,122568156.28,3343,F1,1,,,,,
2026-09-17,2026-09-17,CM,NSE,STK,7361,INF200KA1580,SETFNIFBK,EQ,,,,,SBI-ETF NIFTY BANK,577.41,580.90,576.06,576.31,577.75,577.41,,576.30,,,260815,150645589.36,462,F1,1,,,,,
2026-09-17,2026-09-17,CM,NSE,STK,7353,INF200KA1598,SETFNN50,EQ,,,,,SBI-ETF NIFTY NEXT 50,761.11,766.50,756.14,765.01,765.00,758.20,,765.01,,,13672,10421152.83,771,F1,1,,,,,
2026-09-17,2026-09-17,CM,NSE,STK,19705,INF200KA13Z8,LIQUIDSBI,EQ,,,,,SBIAMC - LIQUIDSBI,999.99,1000.01,999.99,1000.01,1000.01,1000.00,,1000.01,,,14603,14603117.40,32,F1,1,,,,,
2026-09-17,2026-09-17,CM,NSE,STK,30290,INF200KB1712,SBIBPB,EQ,,,,,SBIAMC - SBIBPB,48.27,48.79,47.60,47.77,48.22,48.27,,47.77,,,86400,4145722.68,379,F1,1,,,,,
2026-09-17,2026-09-17,CM,NSE,STK,5168,INF200KA1X17,SBIETFCON,EQ,,,,,SBIAMC - SBIETFCON,118.97,118.97,117.91,118.54,118.54,117.78,,118.54,,,1963,232289.18,61,F1,1,,,,,
2026-09-17,2026-09-17,CM,NSE,STK,740,INF200KA1S14,SBIETFIT,EQ,,,,,SBIAMC - SBIETFIT,319.01,326.80,319.01,323.24,324.44,322.23,,323.24,,,5344,1720813.13,163,F1,1,,,,,
2026-09-17,2026-09-17,CM,NSE,STK,722,INF200KA1S22,SBIETFPB,EQ,,,,,SBIAMC - SBIETFPB,283.59,283.59,277.68,278.65,280.05,279.30,,278.65,,,6642,1853658.85,95,F1,1,,,,,
2026-09-17,2026-09-17,CM,NSE,STK,7218,INF200KA1WX6,SBIETFQLTY,EQ,,,,,SBIAMC - SBIETFQLTY,213.00,215.01,213.00,214.83,215.01,213.75,,214.83,,,1903,407133.06,34,F1,1,,,,,
2026-09-17,2026-09-17,CM,NSE,STK,758496,INF200KB1969,SBILIQETF,EQ,,,,,SBIAMC - SBILIQETF,1056.22,1056.22,1056.20,1056.20,1056.20,1056.07,,1056.20,,,96438,101857923.01,83,F1,1,,,,,
2026-09-17,2026-09-17,CM,NSE,STK,761095,INF200KB1AJ0,SBIMIDMOM,EQ,,,,,SBIAMC - SBIMIDMOM,61.92,62.95,61.92,62.65,62.82,62.01,,62.65,,,106166,6649932.29,153,F1,1,,,,,
2026-09-17,2026-09-17,CM,NSE,STK,24524,INF200KB1282,SBINEQWETF,EQ,,,,,SBIAMC - SBINEQWETF,32.37,34.50,32.21,32.57,32.59,32.21,,32.52,,,15561,504279.22,175,F1,1,,,,,
2026-09-17,2026-09-17,CM,NSE,STK,761741,INF200KB1AK8,SBINMID150,EQ,,,,,SBIAMC - SBINMID150,22.48,22.89,22.48,22.74,22.75,22.48,,22.65,,,9273,209084.92,79,F1,1,,,,,
2026-09-17,2026-09-17,CM,NSE,STK,24366,INF200KB1217,SBISILVER,EQ,,,,,SBIAMC - SBISILVER,222.00,223.00,220.45,222.10,222.25,224.07,,222.10,,,817072,181219595.09,5051,F1,1,,,,,
2026-09-17,2026-09-17,CM,NSE,STK,763543,INF200KB1AY9,SBISMLETF,EQ,,,,,SBIAMC - SBISMLETF,18.07,18.17,17.91,18.16,18.14,17.90,,18.10,,,10469,188785.88,159,F1,1,,,,,
2026-09-17,2026-09-17,CM,NSE,STK,763546,INF200KB1AX1,SBIVALETF,EQ,,,,,SBIAMC - SBIVALETF,14.42,14.48,14.34,14.44,14.35,14.35,,14.42,,,855,12301.32,22,F1,1,,,,,
2026-09-17,2026-09-17,CM,NSE,STK,17395,INF200KA1JT1,SETF10GILT,EQ,,,,,SBIAMC - SETF10GILT,262.49,263.87,261.35,261.38,261.38,262.49,,261.38,,,1434,375299.58,46,F1,1,,,,,
2026-09-17,2026-09-17,CM,NSE,STK,762887,INE099G01011,SCANSTL,BE,,,,,SCAN STEELS LTD.,53.96,55.85,52.07,53.96,55.00,53.32,,54.08,,,20831,1121518.18,90,F1,1,,,,,
2026-09-17,2026-09-17,CM,NSE,STK,1011,INE513A01022,SCHAEFFLER,EQ,,,,,SCHAEFFLER INDIA LIMITED,3921.90,4041.40,3870.20,3991.00,3990.20,3898.90,,3991.01,,,87486,345638790.00,16323,F1,1,,,,,
2026-09-17,2026-09-17,CM,NSE,STK,31234,INE839M01018,SCHNEIDER,EQ,,,,,SCHNEIDER ELECTRIC INFRA,1192.00,1207.50,1177.20,1201.90,1202.00,1198.60,,1201.90,,,279345,333817495.60,33558,F1,1,,,,,
2026-09-17,2026-09-17,CM,NSE,STK,757462,INE148I07XX3,SCL01825,N6,,,,,SCL 0% 2027 SR III,1092.00,1092.00,1092.00,1092.00,1092.00,1082.80,,1092.00,,,4,4368.00,1,F1,1,,,,,
2026-09-17,2026-09-17,CM,NSE,STK,24587,INE148I07TX1,975SCL29,N0,,,,,SCL 9.75% 2029,100562.00,100569.00,100562.00,100569.00,100569.00,100510.00,,100579.00,,,27,2715290.40,8,F1,1,,,,,
2026-09-17,2026-09-17,CM,NSE,STK,757497,INE148I07XY1,995SCL2035,NM,,,,,SCL 9.95% 2035 SR XII,1015.00,1015.00,1015.00,1015.00,1015.00,1026.52,,1015.00,,,24,24360.00,2,F1,1,,,,,
2026-09-17,2026-09-17,CM,NSE,STK,757478,INE090501011,SCODATUBES,EQ,,,,,SCODA TUBES LIMITED,124.99,128.09,123.00,123.97,125.00,124.34,,123.98,,,162632,20429403.97,2242,F1,1,,,,,
2026-09-17,2026-09-17,CM,NSE,STK,753690,IN1020260072,728AP32,SG,,,,,SDL AP 7.28% 2032,97.53,97.53,97.53,97.53,97.53,95.00,,97.53,,,1000,97530.00,2,F1,100,,,,,
2026-09-17,2026-09-17,CM,NSE,STK,22604,IN1020230752,739AP29,SG,,,,,SDL AP 7.39% 2029,99.08,99.08,99.08,99.08,99.08,99.00,,99.08,,,100,9908.00,1,F1,100,,,,,
2026-09-17,2026-09-17,CM,NSE,STK,11760,IN1020220563,775AP29,SG,,,,,SDL AP 7.75% 2029,101.65,101.65,101.65,101.65,101.65,100.00,,101.65,,,100,10165.00,1,F1,100,,,,,
2026-09-17,2026-09-17,CM,NSE,STK,22991,IN1220230214,742AS34,SG,,,,,SDL AS 7.42% 2034,95.06,97.50,95.06,97.50,97.50,97.00,,97.50,,,300,29006.00,3,F1,100,,,,,
2026-09-17,2026-09-17,CM,NSE,STK,13877,IN1220220173,767AS33,SG,,,,,SDL AS 7.67% 2033,100.00,100.00,100.00,100.00,100.00,100.00,,100.00,,,100,10000.00,1,F1,100,,,,,
2026-09-17,2026-09-17,CM,NSE,STK,13773,IN1520220196,757GJ32,SG,,,,,SDL GJ 7.57% 2032,100.00,100.00,100.00,100.00,100.00,100.00,,100.00,,,100,10000.00,1,F1,100,,,,,
2026-09-17,2026-09-17,CM,NSE,STK,14432,IN1520220279,771GJ34,SG,,,,,SDL GJ 7.71% 2034,98.50,98.50,98.50,98.50,98.50,100.00,,98.50,,,500,49250.00,1,F1,100,,,,,
2026-09-17,2026-09-17,CM,NSE,STK,763197,IN2020260047,783KL49,SG,,,,,SDL KL 7.83% 2049,99.00,99.00,99.00,99.00,99.00,100.00,,99.00,,,100,9900.00,1,F1,100,,,,,
2026-09-17,2026-09-17,CM,NSE,STK,760847,IN2220250442,754MH37,SG,,,,,SDL MH 7.54% 2037,95.00,95.00,95.00,95.00,95.00,95.00,,95.00,,,100,9500.00,1,F1,100,,,,,
2026-09-17,2026-09-17,CM,NSE,STK,761657,IN2220260037,807MH49,SG,,,,,SDL MH 8.07% 2049,104.90,104.90,104.90,104.90,104.90,101.00,,104.90,,,100,10490.00,1,F1,100,,,,,
2026-09-17,2026-09-17,CM,NSE,STK,763198,IN2120260038,764MP34,SG,,,,,SDL MP 7.64% 2034,99.61,99.62,99.61,99.61,99.61,99.50,,99.61,,,1100,109575.00,3,F1,100,,,,,
2026-09-17,2026-09-17,CM,NSE,STK,11695,IN2120220032,788MP33,SG,,,,,SDL MP 7.88% 2033,101.20,101.20,101.20,101.20,101.20,99.00,,101.20,,,100,10120.00,1,F1,100,,,,,
2026-09-17,2026-09-17,CM,NSE,STK,763773,IN2820260064,702PN30,SG,,,,,SDL PN 7.02% 2030,97.63,97.63,97.63,97.63,97.63,97.00,,97.63,,,100,9763.00,1,F1,100,,,,,
2026-09-17,2026-09-17,CM,NSE,STK,763068,IN2920260048,781RJ49,SG,,,,,SDL RJ 7.81% 2049,98.00,98.00,98.00,98.00,98.00,97.00,,98.00,,,200,19600.00,1,F1,100,,,,,
2026-09-17,2026-09-17,CM,NSE,STK,758831,IN3120250334,699TN32,SG,,,,,SDL TN 6.99% 2032,96.93,96.93,96.93,96.93,96.93,93.10,,96.93,,,100,9693.00,1,F1,100,,,,,
2026-09-17,2026-09-17,CM,NSE,STK,763071,IN4520260030,754TS33,SG,,,,,SDL TS 7.54% 2033,99.57,100.00,99.57,100.00,100.00,100.00,,100.00,,,1100,109570.00,3,F1,100,,,,,
2026-09-17,2026-09-17,CM,NSE,STK,761649,IN4520260014,797TS43,SG,,,,,SDL TS 7.97% 2043,99.50,99.50,99.50,99.50,99.50,100.10,,99.50,,,100,9950.00,1,F1,100,,,,,
2026-09-17,2026-09-17,CM,NSE,STK,20643,INE027E07972,935LTF29,N5,,,,,SE RE NCD 9.35% SR.V OP2,1100.00,1100.00,1090.30,1090.30,1090.30,1100.00,,1090.05,,,85,93451.50,3,F1,1,,,,,
2026-09-17,2026-09-17,CM,NSE,STK,2616,INE497B01018,SEAMECLTD,EQ,,,,,SEAMEC LIMITED,1709.00,1750.90,1695.90,1738.50,1743.90,1701.60,,1738.33,,,34655,59739914.90,3662,F1,1,,,,,
2026-09-17,2026-09-17,CM,NSE,STK,13858,INE530B07278,IIFLZC28A,NU,,,,,SEC RE NCD 0% SR.VII,1350.00,1350.00,1350.00,1350.00,1350.00,1350.00,,1350.00,,,160,216000.00,1,F1,1,,,,,
2026-09-17,2026-09-17,CM,NSE,STK,17043,INE530B07369,IIFLZC28B,Y1,,,,,SEC RE NCD 0% SR.VII,1325.00,1325.00,1325.00,1325.00,1325.00,1325.00,,1325.00,,,121,160325.00,1,F1,1,,,,,
2026-09-17,2026-09-17,CM,NSE,STK,20771,INE413U07277,10ISFL26,N3,,,,,SEC RE NCD 10% SR 4,1060.20,1069.80,1060.20,1061.10,1061.00,1060.70,,1061.10,,,120,128197.50,5,F1,1,,,,,
2026-09-17,2026-09-17,CM,NSE,STK,24139,INE413U07293,10IIFLSF27,NB,,,,,SEC RE NCD 10.00% SR IV,951.00,1000.00,951.00,1000.00,1000.00,1000.00,,1000.00,,,2,1951.00,2,F1,1,,,,,
2026-09-17,2026-09-17,CM,NSE,STK,20779,INE413U07269,1003ISFL28,N4,,,,,SEC RE NCD 10.03% SR 5,1011.00,1011.00,1011.00,1011.00,1011.00,1012.00,,1011.00,,,155,156705.00,1,F1,1,,,,,
2026-09-17,2026-09-17,CM,NSE,STK,15253,INE244L07523,890SFIL23A,NZ,,,,,SEC RE NCD 10.03% SR.VIII,382.00,382.00,382.00,382.00,382.00,410.00,,382.00,,,34,12988.00,4,F1,1,,,,,
2026-09-17,2026-09-17,CM,NSE,STK,23303,INE148I07SS3,1015SCFL29,YY,,,,,SEC RE NCD 10.15% SR VII,1035.00,1035.00,1035.00,1035.00,1035.00,1035.99,,1035.00,,,25,25875.00,1,F1,1,,,,,
2026-09-17,2026-09-17,CM,NSE,STK,14710,INE148I07OH5,1015SCL28A,AL,,,,,SEC RE NCD 10.15% SR.VII,547.00,547.00,547.00,547.00,547.00,457.00,,674.35,,,12,6564.00,3,F1,1,,,,,
2026-09-17,2026-09-17,CM,NSE,STK,23323,INE148I07SQ7,1025SCL34,Z8,,,,,SEC RE NCD 10.25% SR XII,990.00,990.00,990.00,990.00,990.00,1032.00,,990.00,,,1,990.00,1,F1,1,,,,,
2026-09-17,2026-09-17,CM,NSE,STK,18906,INE148I07PV3,888SCL25E,N4,,,,,SEC RE NCD 10.25% SR XII,925.00,925.00,800.40,898.00,898.00,894.00,,889.00,,,18,16184.80,4,F1,1,,,,,
2026-09-17,2026-09-17,CM,NSE,STK,20130,INE148I07RB1,965SCL25F,NZ,,,,,SEC RE NCD 10.25% SR XII,815.01,825.00,800.00,825.00,825.00,768.00,,825.00,,,1246,1013494.00,7,F1,1,,,,,
2026-09-17,2026-09-17,CM,NSE,STK,25916,INE583D07513,1040UCL27B,N1,,,,,SEC RE NCD 10.40% SR III,999.90,1000.00,999.90,1000.00,1000.00,999.90,,1000.00,,,2,1999.90,2,F1,1,,,,,
2026-09-17,2026-09-17,CM,NSE,STK,15249,INE244L07556,1003SFIL28,NX,,,,,SEC RE NCD 10.50% SR.VII,401.01,401.01,401.01,401.01,401.01,401.01,,401.01,,,24,9624.24,2,F1,1,,,,,
2026-09-17,2026-09-17,CM,NSE,STK,23319,INE148I07SR5,1075SCFL34,Z6,,,,,SEC RE NCD 10.75% SR XI,1056.00,1056.00,1056.00,1056.00,1056.00,1098.00,,1056.00,,,10,10560.00,1,F1,1,,,,,
2026-09-17,2026-09-17,CM,NSE,STK,3451,INE219X07249,769IGT28,NH,,,,,SEC RE NCD 7.69% SR.IV,1009.99,1009.99,1009.99,1009.99,1009.99,1015.55,,1009.99,,,25,25249.75,1,F1,1,,,,,
2026-09-17,2026-09-17,CM,NSE,STK,11658,INE0H7R07017,79NHIT35,N1,,,,,SEC RE NCD 7.90% STRPP A,310.10,310.75,310.00,310.00,310.00,310.89,,310.00,,,1065,330345.15,19,F1,1,,,,,
2026-09-17,2026-09-17,CM,NSE,STK,11665,INE0H7R07025,79NHIT40,N2,,,,,SEC RE NCD 7.90% STRPP B,312.00,313.00,312.00,312.50,312.50,312.00,,312.50,,,965,301625.00,9,F1,1,,,,,
2026-09-17,2026-09-17,CM,NSE,STK,11669,INE0H7R07033,79NHIT47,N3,,,,,SEC RE NCD 7.90% STRPP C,418.00,423.00,417.98,420.00,420.00,417.35,,420.00,,,881,369567.31,34,F1,1,,,,,
2026-09-17,2026-09-17,CM,NSE,STK,3476,INE219X07280,797IGT31,NL,,,,,SEC RE NCD 7.97% SR.VI,1017.60,1017.90,1014.50,1014.50,1014.50,1017.80,,1015.25,,,202,205589.50,8,F1,1,,,,,
2026-09-17,2026-09-17,CM,NSE,STK,7648,INE477L07AN9,820IIFL27,N9,,,,,SEC RE NCD 8.20% SR.III,992.01,994.98,992.01,992.52,992.11,992.01,,992.52,,,1155,1146368.23,8,F1,1,,,,,
2026-09-17,2026-09-17,CM,NSE,STK,3464,INE219X07264,82IGT31,NJ,,,,,SEC RE NCD 8.20% SR.V,1033.20,1035.00,1033.20,1035.00,1035.00,1035.66,,1035.00,,,218,225253.80,3,F1,1,,,,,
2026-09-17,2026-09-17,CM,NSE,STK,15374,INE121A07QY9,840CIFCL28,N4,,,,,SEC RE NCD 8.40% SR.V,1029.00,1029.00,1029.00,1029.00,1029.00,1029.00,,1029.00,,,50,51450.00,1,F1,1,,,,,
2026-09-17,2026-09-17,CM,NSE,STK,6197,INE530B07161,842IIFL26,NL,,,,,SEC RE NCD 8.42% SR.V,999.24,999.25,995.26,999.25,999.25,995.25,,996.64,,,45,44886.40,4,F1,1,,,,,
2026-09-17,2026-09-17,CM,NSE,STK,7662,INE477L07AO7,850IIFL27,NA,,,,,SEC RE NCD 8.50% SR.IV,1050.20,1050.20,1050.20,1050.20,1050.20,1045.20,,1050.20,,,100,105020.00,1,F1,1,,,,,
2026-09-17,2026-09-17,CM,NSE,STK,13852,INE530B07310,865IIFL28,NS,,,,,SEC RE NCD 8.65% SR.V,994.99,994.99,990.00,990.00,990.00,980.00,,990.38,,,180,178527.50,7,F1,1,,,,,
2026-09-17,2026-09-17,CM,NSE,STK,23706,INE338I07164,897MOFSL29,N4,,,,,SEC RE NCD 8.97% SR V,1021.00,1021.00,1021.00,1021.00,1021.00,1020.00,,1021.00,,,10,10210.00,1,F1,1,,,,,
2026-09-17,2026-09-17,CM,NSE,STK,5160,INE516Y07428,9PFL31A,NA,,,,,SEC RE NCD 9% SR.V,1034.00,1034.00,1034.00,1034.00,1034.00,1015.05,,1034.00,,,1,1034.00,1,F1,1,,,,,
2026-09-17,2026-09-17,CM,NSE,STK,13854,INE530B07260,9IIFL28A,NT,,,,,SEC RE NCD 9% SR.VI,1041.00,1044.00,1040.01,1041.25,1041.25,1040.61,,1041.25,,,158,164638.78,8,F1,1,,,,,
2026-09-17,2026-09-17,CM,NSE,STK,23702,INE338I07149,91MOFSL27,N2,,,,,SEC RE NCD 9.10% SR III,1026.00,1026.00,1026.00,1026.00,1026.00,1015.15,,1026.00,,,10,10260.00,1,F1,1,,,,,
2026-09-17,2026-09-17,CM,NSE,STK,28872,INE477L07BH9,925IHFL29,N1,,,,,SEC RE NCD 9.25% SR VII,1037.00,1037.00,1000.00,1000.00,1000.00,1033.90,,1000.00,,,300,304970.00,3,F1,1,,,,,
2026-09-17,2026-09-17,CM,NSE,STK,23710,INE338I07115,93MOFSL34,N6,,,,,SEC RE NCD 9.30% SR VII,1070.00,1070.00,1070.00,1070.00,1070.00,1071.00,,1068.00,,,200,214000.00,2,F1,1,,,,,
2026-09-17,2026-09-17,CM,NSE,STK,25552,INE148I07UC3,948SCL27D,N1,,,,,SEC RE NCD 9.48% SR V,951.50,951.50,951.50,951.50,951.50,1020.00,,951.50,,,1,951.50,1,F1,1,,,,,
2026-09-17,2026-09-17,CM,NSE,STK,25294,INE423A07336,956AEL29,N6,,,,,SEC RE NCD 9.56% SR VI,1044.50,1044.50,1044.50,1044.50,1044.50,1029.97,,1042.20,,,10,10445.00,1,F1,1,,,,,
2026-09-17,2026-09-17,CM,NSE,STK,25287,INE423A07328,965AEL27,N4,,,,,SEC RE NCD 9.65% SR IV,1012.00,1012.00,1010.01,1010.01,1010.01,1012.00,,1011.01,,,40,40420.30,2,F1,1,,,,,
2026-09-17,2026-09-17,CM,NSE,STK,18487,INE741K07579,970CAGL28,ND,,,,,SEC RE NCD 9.70% SR VII,1019.50,1019.50,1018.00,1018.00,1018.00,1019.50,,1018.00,,,166,169198.50,7,F1,1,,,,,
2026-09-17,2026-09-17,CM,NSE,STK,23712,INE338I07123,97MOFSL34,N7,,,,,SEC RE NCD 9.70% SR VIII,1080.00,1099.00,1080.00,1095.00,1095.00,1092.00,,1095.00,,,270,293890.00,17,F1,1,,,,,
2026-09-17,2026-09-17,CM,NSE,STK,17564,INE148I07OT0,971SCL28I,BC,,,,,SEC RE NCD 9.71% SR VIII,370.20,440.00,370.20,440.00,440.00,402.10,,440.00,,,12,5140.40,3,F1,1,,,,,
2026-09-17,2026-09-17,CM,NSE,STK,20995,INE148I07RN6,990SCL26B,Y7,,,,,SEC RE NCD 9.9% SR IV,1072.00,1072.00,1072.00,1072.00,1072.00,1072.00,,1072.00,,,5,5360.00,1,F1,1,,,,,
2026-09-17,2026-09-17,CM,NSE,STK,25296,INE423A07344,99AEL29,N7,,,,,SEC RE NCD 9.90% SR VII,1058.00,1058.00,1044.00,1050.00,1050.00,1043.00,,1050.00,,,338,353531.00,8,F1,1,,,,,
2026-09-17,2026-09-17,CM,NSE,STK,14219,INE00QS24043,IMC1,N1,,,,,SEC RE NCGB 8.25% STRPP B,251.90,251.90,251.89,251.90,251.90,251.99,,251.90,,,330,83126.57,4,F1,1,,,,,
2026-09-17,2026-09-17,CM,NSE,STK,14228,INE00QS24035,IMC1,N3,,,,,SEC RE NCGB 8.25% STRPP D,251.90,251.90,250.10,250.75,250.10,251.90,,250.75,,,517,130153.10,8,F1,1,,,,,
2026-09-17,2026-09-17,CM,NSE,STK,7975,INE804IA7014,1015ECL29,NR,,,,,SEC RED NCD 10.15% SR. VI,1012.50,1018.90,1012.50,1018.90,1018.90,1018.70,,1018.90,,,1728,1756166.12,15,F1,1,,,,,
2026-09-17,2026-09-17,CM,NSE,STK,16870,INE033L07GS6,81TCHF28,N8,,,,,SEC RED NCD 8.10% SR.IV,1019.49,1019.49,1019.39,1019.39,1019.39,1019.50,,1019.39,,,53,54032.57,2,F1,1,,,,,
2026-09-17,2026-09-17,CM,NSE,STK,16874,INE033L07GU2,84TCHF28,NA,,,,,SEC RED NCD 8.40% SR.V,1062.00,1062.00,1062.00,1062.00,1062.00,1064.00,,1062.00,,,2,2124.00,1,F1,1,,,,,
2026-09-17,2026-09-17,CM,NSE,STK,498,INE721A07NU1,903SFL28,YI,,,,,SEC RED NCD 9.03% SR. II,1032.00,1033.00,1030.00,1030.92,1033.00,1025.28,,1030.92,,,455,469075.00,6,F1,1,,,,,
2026-09-17,2026-09-17,CM,NSE,STK,6149,INE721A07OC7,930SFL28,YP,,,,,SEC RED NCD 9.30% SR. II,1050.00,1050.00,1045.00,1045.00,1045.00,1048.00,,1045.00,,,310,324000.00,4,F1,1,,,,,
2026-09-17,2026-09-17,CM,NSE,STK,8625,INE721A07ON4,957ICCL25,YW,,,,,SEC RED NCD 9.30% SR. II,1045.00,1045.00,1045.00,1045.00,1045.00,1060.00,,1045.00,,,25,26125.00,2,F1,1,,,,,
2026-09-17,2026-09-17,CM,NSE,STK,1001,INE721A07NX5,94SFL28,YL,,,,,SEC RED NCD 9.40% SR. V,1038.60,1038.60,1038.60,1038.60,1038.60,1040.00,,1038.60,,,90,93474.00,1,F1,1,,,,,
2026-09-17,2026-09-17,CM,NSE,STK,4288,INE804I078Y8,943ECL28,NJ,,,,,SEC RED NCD 9.43% SR. VI,1000.50,1002.00,1000.50,1002.00,1002.00,1000.02,,1002.00,,,12,12021.00,2,F1,1,,,,,
2026-09-17,2026-09-17,CM,NSE,STK,4292,INE804I079Y6,985ECL28,NK,,,,,SEC RED NCD 9.85% SR. VII,1005.99,1009.99,1005.50,1009.99,1009.99,1004.03,,1008.99,,,6,6040.45,6,F1,1,,,,,
2026-09-17,2026-09-17,CM,NSE,STK,19496,INE0BTM01013,SECMARK,EQ,,,,,SECMARK CONSULTANCY LTD,132.40,144.45,128.80,139.95,144.45,143.74,,139.95,,,2421,334875.38,51,F1,1,,,,,
2026-09-17,2026-09-17,CM,NSE,STK,11058,INE650K01021,SECURKLOUD,EQ,,,,,SECUREKLOUD TECH LIMITED,16.60,17.44,16.60,17.17,17.40,17.06,,17.18,,,14293,243058.21,97,F1,1,,,,,
2026-09-17,2026-09-17,CM,NSE,STK,761153,INE00XB01019,SEDEMAC,EQ,,,,,SEDEMAC MECHATRONICS LTD,3158.80,3214.40,3025.60,3110.60,3102.50,3122.40,,3110.30,,,285470,900340071.30,34660,F1,1,,,,,
2026-09-17,2026-09-17,CM,NSE,STK,7091,INE955I01044,SEJALLTD,EQ,,,,,SEJAL GLASS LIMITED,681.70,681.70,663.00,681.70,681.70,649.25,,684.65,,,11757,7993322.05,285,F1,1,,,,,
2026-09-17,2026-09-17,CM,NSE,STK,757982,INE0IJF01013,SELLOWRAP,SM,,,,,SELLOWRAP INDUSTRIES LTD,67.50,67.50,67.50,67.50,67.50,67.50,,67.50,,,3200,216000.00,1,F1,1600,,,,,
2026-09-17,2026-09-17,CM,NSE,STK,11961,INE617A01013,SEMAC,EQ,,,,,SEMAC CONSTRUCTION LTD,269.00,270.00,268.00,270.00,270.00,269.00,,270.00,,,139,37426.00,13,F1,1,,,,,
2026-09-17,2026-09-17,CM,NSE,STK,17271,INE602W01027,SENCO,EQ,,,,,SENCO GOLD LIMITED,331.55,344.95,330.35,342.35,343.50,332.25,,342.36,,,492434,166613655.50,17736,F1,1,,,,,
2026-09-17,2026-09-17,CM,NSE,STK,28888,INE0RB801010,SENORES,EQ,,,,,SENORES PHARMACEUTICALS L,1378.40,1435.00,1358.00,1402.60,1409.90,1376.90,,1402.63,,,369889,517860435.00,27078,F1,1,,,,,
2026-09-17,2026-09-17,CM,NSE,STK,15308,INE964H01014,SEPC,EQ,,,,,SEPC LIMITED,5.08,5.25,5.08,5.22,5.21,5.11,,5.22,,,5711817,29577088.32,3212,F1,1,,,,,
2026-09-17,2026-09-17,CM,NSE,STK,20715,INE027E07BC8,865LTF26,NN,,,,,SERENCD 8.65% SR.VI OP12,1060.00,1064.70,1060.00,1064.50,1064.50,1060.00,,1060.90,,,145,153940.15,11,F1,1,,,,,
2026-09-17,2026-09-17,CM,NSE,STK,20687,INE027E07AL1,905LTF27,NF,,,,,SERENCD 9.05% SR.VI OPII,1043.00,1045.00,1040.00,1044.70,1044.70,1042.94,,1044.70,,,3631,3791200.20,28,F1,1,,,,,
2026-09-17,2026-09-17,CM,NSE,STK,4942,INE244L07184,92SFIL28,ND,,,,,SERENCD9.20%SRVIICIII&IV,1000.65,1000.65,1000.65,1000.65,1000.65,1061.00,,1000.65,,,6,6003.90,1,F1,1,,,,,
2026-09-17,2026-09-17,CM,NSE,STK,17399,INE0P1Q01015,SERVICE,SM,,,,,SERVICE CARE LIMITED,66.00,66.00,66.00,66.00,66.00,65.75,,66.00,,,2000,132000.00,1,F1,2000,,,,,
2026-09-17,2026-09-17,CM,NSE,STK,5507,INE782X01033,SERVOTECH,EQ,,,,,SERVOTECH REN POW SYS LTD,72.43,74.20,72.00,72.27,72.43,73.24,,72.27,,,328484,23953378.68,3635,F1,1,,,,,
2026-09-17,2026-09-17,CM,NSE,STK,759934,INE04VU01023,STYL,EQ,,,,,SESHAASAI TECHNOLOGIES L,361.90,373.00,358.40,365.85,366.00,361.20,,365.85,,,135224,49619460.05,3232,F1,1,,,,,
2026-09-17,2026-09-17,CM,NSE,STK,3066,INE630A01024,SESHAPAPER,EQ,,,,,SESHASAYEE PAPER & BOARDS,247.00,252.98,247.00,247.82,249.50,246.72,,247.82,,,49766,12434976.49,1287,F1,1,,,,,
2026-09-17,2026-09-17,CM,NSE,STK,17518,INE878E01021,SETCO,BE,,,,,SETCO AUTOMOTIVE LTD,17.47,17.47,16.61,16.99,16.90,16.95,,16.99,,,20168,341641.26,145,F1,1,,,,,
2026-09-17,2026-09-17,CM,NSE,STK,18024,INE023M01027,SETUINFRA,BZ,,,,,SETUBANDHAN INFRA LTD,0.61,0.62,0.61,0.61,0.61,0.62,,0.64,,,45281,27622.41,34,F1,1,,,,,
2026-09-17,2026-09-17,CM,NSE,STK,10836,INE573R01012,SEYAIND,BE,,,,,SEYA INDUSTRIES LIMITED,12.68,12.87,12.63,12.87,12.87,12.62,,12.87,,,12515,159796.70,45,F1,1,,,,,
2026-09-17,2026-09-17,CM,NSE,STK,758853,INE618R01015,SGFIN,EQ,,,,,SG FINSERVE LIMITED,618.25,630.50,610.00,619.90,622.00,618.20,,619.87,,,161589,99835852.65,6716,F1,1,,,,,
2026-09-17,2026-09-17,CM,NSE,STK,758889,INE385F01024,SGMART,EQ,,,,,SG MART LIMITED,694.15,722.80,694.15,712.25,713.05,697.65,,712.22,,,219503,156625902.25,10423,F1,1,,,,,
2026-09-17,2026-09-17,CM,NSE,STK,765247,INE967B01028,SGLRES,EQ,,,,,SGL RESOURCES LIMITED,2.49,2.53,2.35,2.49,2.36,2.44,,2.49,,,53314,131696.92,72,F1,1,,,,,
2026-09-17,2026-09-17,CM,NSE,STK,761469,INE12UN01015,SHADOWFAX,EQ,,,,,SHADOWFAX TECHNOLOGIES L,243.75,254.00,243.75,251.65,251.00,243.75,,251.68,,,1463627,367095810.35,29351,F1,1,,,,,
2026-09-17,2026-09-17,CM,NSE,STK,11859,INE640C01011,SHAHALLOYS,BE,,,,,SHAH ALLOYS LIMITED,88.80,93.90,88.80,92.47,93.00,90.56,,92.47,,,39737,3637908.53,114,F1,1,,,,,
2026-09-17,2026-09-17,CM,NSE,STK,20296,INE482J01021,SHAH,EQ,,,,,SHAH METACORP LIMITED,3.35,3.38,3.29,3.30,3.31,3.34,,3.30,,,3004944,9998971.62,637,F1,1,,,,,
2026-09-17,2026-09-17,CM,NSE,STK,8727,INE151G01028,SHAILY,EQ,,,,,SHAILY ENG PLASTICS LTD,3080.00,3155.00,3080.00,3107.20,3100.00,3097.30,,3107.27,,,78725,244997239.00,18134,F1,1,,,,,
2026-09-17,2026-09-17,CM,NSE,STK,10684,INE262S01010,SHAIVAL,ST,,,,,SHAIVAL REALITY LIMITED,33.00,33.00,33.00,33.00,33.00,33.00,,33.00,,,7200,237600.00,1,F1,3600,,,,,
2026-09-17,2026-09-17,CM,NSE,STK,25574,INE908D01010,SHAKTIPUMP,EQ,,,,,SHAKTI PUMPS (I) LTD,466.80,468.95,458.50,464.10,464.20,463.90,,463.92,,,505053,233724309.75,22070,F1,1,,,,,
2026-09-17,2026-09-17,CM,NSE,STK,714,INE597J01018,SHALBY,EQ,,,,,SHALBY LIMITED,135.00,140.05,135.00,138.50,137.90,135.74,,138.48,,,156178,21492401.00,2434,F1,1,,,,,
2026-09-17,2026-09-17,CM,NSE,STK,761688,INE861D01011,SAHLIBHFI,EQ,,,,,SHALIBHADRA FINANCE LTD,79.90,80.87,77.00,78.52,78.45,78.94,,78.50,,,9115,722615.31,373,F1,1,,,,,
2026-09-17,2026-09-17,CM,NSE,STK,15346,INE849C01026,SHALPAINTS,BE,,,,,SHALIM PAINTS LTD,81.50,83.00,79.00,80.68,81.00,81.92,,80.61,,,44496,3603546.58,243,F1,1,,,,,
2026-09-17,2026-09-17,CM,NSE,STK,25737,INE01NE01012,SRD,EQ,,,,,SHANKAR LAL RAMPAL LTD,40.19,40.25,39.00,39.54,39.99,40.09,,39.58,,,7101,280716.60,137,F1,1,,,,,
2026-09-17,2026-09-17,CM,NSE,STK,20321,INE274V01019,SHANKARA,EQ,,,,,SHANKARA BLDG PRODUCT LTD,149.85,149.85,148.61,149.29,149.30,149.24,,149.27,,,129256,19303075.72,321,F1,1,,,,,
2026-09-17,2026-09-17,CM,NSE,STK,760594,INE24OJ01011,BUILDPRO,EQ,,,,,SHANKARA BUILDPRO LIMITED,1271.00,1276.00,1238.20,1244.90,1241.00,1271.00,,1244.79,,,18237,22804103.00,1624,F1,1,,,,,
2026-09-17,2026-09-17,CM,NSE,STK,765382,INE1WFC01025,SHANKESH,EQ,,,,,SHANKESH JEWELLERS LTD,90.33,91.58,88.50,88.96,89.10,89.55,,88.97,,,1886550,169423866.95,14174,F1,1,,,,,
2026-09-17,2026-09-17,CM,NSE,STK,3078,INE631A01022,SHANTIGEAR,EQ,,,,,SHANTHI GEARS LTD,693.00,708.30,673.35,677.60,675.60,691.60,,677.63,,,65634,45362545.60,4131,F1,1,,,,,
2026-09-17,2026-09-17,CM,NSE,STK,762889,INE440T01028,SEIL,EQ,,,,,SHANTI EDU INITIATIVES L,188.36,194.10,186.00,193.07,193.65,189.33,,192.99,,,91703,17388877.96,1413,F1,1,,,,,
2026-09-17,2026-09-17,CM,NSE,STK,758002,INE06ZD01017,SHANTIGOLD,EQ,,,,,SHANTI GOLD INTERNATION L,243.89,247.59,241.00,242.44,242.91,243.95,,242.44,,,652411,159059896.42,11325,F1,1,,,,,
2026-09-17,2026-09-17,CM,NSE,STK,765580,INE1ZEE01019,SHANTIINOR,ST,,,,,SHANTI INORGANICS LIMITED,183.10,186.35,176.10,176.10,176.10,185.35,,176.10,,,120000,21506320.00,71,F1,1600,,,,,
2026-09-17,2026-09-17,CM,NSE,STK,5650,INE933X01016,SHANTI,EQ,,,,,SHANTI OVERSEAS INDIA LTD,6.39,6.39,6.06,6.29,6.29,6.06,,6.29,,,18255,113393.61,64,F1,1,,,,,
2026-09-17,2026-09-17,CM,NSE,STK,762904,INE220Z01013,SHINDL,EQ,,,,,SHARAT INDUSTRIES LTD.,161.02,163.21,160.62,161.05,160.65,163.05,,161.05,,,88869,14411552.23,263,F1,1,,,,,
2026-09-17,2026-09-17,CM,NSE,STK,4992,INE221J01015,SHARDACROP,EQ,,,,,SHARDA CROPCHEM LTD.,745.00,758.85,740.05,741.70,742.90,745.50,,741.71,,,103362,77065077.10,8108,F1,1,,,,,
2026-09-17,2026-09-17,CM,NSE,STK,10530,INE597I01028,SHARDAMOTR,EQ,,,,,SHARDA MOTOR INDS LTD,935.00,951.85,918.00,948.35,948.50,930.55,,948.34,,,63598,60109478.05,5847,F1,1,,,,,
2026-09-17,2026-09-17,CM,NSE,STK,762897,INE037B01020,SHARDUL,BE,,,,,SHARDUL SECURITIES LTD.,53.60,55.00,53.60,54.17,54.73,53.56,,54.17,,,5587,302024.25,56,F1,1,,,,,
2026-09-17,2026-09-17,CM,NSE,STK,104,INE932X01026,SHAREINDIA,EQ,,,,,SHARE IND. SECURITIES LTD,199.00,219.95,196.20,218.44,219.25,196.05,,218.44,,,28924428,6206505376.03,247620,F1,1,,,,,
2026-09-17,2026-09-17,CM,NSE,STK,19469,INE460Q01014,SCML,SM,,,,,SHARP CHUCKS N MACHINES L,75.75,75.75,75.75,75.75,75.75,76.00,,75.75,,,2000,151500.00,2,F1,1000,,,,,
2026-09-17,2026-09-17,CM,NSE,STK,759410,INE0YJV01017,SHEEL,ST,,,,,SHEEL BIOTECH LIMITED,60.00,60.00,60.00,60.00,60.00,60.00,,60.00,,,2000,120000.00,1,F1,2000,,,,,
2026-09-17,2026-09-17,CM,NSE,STK,19184,INE916U01025,SFL,EQ,,,,,SHEELA FOAM LIMITED,663.80,679.45,663.80,673.00,675.30,663.05,,672.96,,,68845,46258588.10,8144,F1,1,,,,,
2026-09-17,2026-09-17,CM,NSE,STK,12081,INE501Y01019,SCPL,BE,,,,,SHEETAL COOL PRODUCTS LTD,641.00,645.90,624.10,625.85,634.95,635.20,,627.38,,,2146,1356288.80,143,F1,1,,,,,
2026-09-17,2026-09-17,CM,NSE,STK,20415,INE04VX01019,SHEETAL,SM,,,,,SHEETAL UNIVERSAL LIMITED,360.00,360.00,355.40,359.00,359.00,357.50,,359.00,,,6000,2151725.00,8,F1,500,,,,,
2026-09-17,2026-09-17,CM,NSE,STK,21099,INE268L01046,SHEKHAWATI,BE,,,,,SHEKHAWATI INDUSTRIES LTD,20.28,22.19,20.25,21.02,20.25,21.22,,20.98,,,84103,1762403.35,236,F1,1,,,,,
2026-09-17,2026-09-17,CM,NSE,STK,5072,INE363M01019,SHEMAROO,BE,,,,,SHEMAROO ENTER. LTD.,111.01,118.80,111.01,115.50,115.50,115.82,,115.50,,,4208,487516.19,34,F1,1,,,,,
2026-09-17,2026-09-17,CM,NSE,STK,14172,INE0MM001019,SHERA,SM,,,,,SHERA ENERGY LIMITED,182.45,184.00,178.05,179.80,181.90,182.45,,179.80,,,21000,3804750.00,21,F1,1000,,,,,
2026-09-17,2026-09-17,CM,NSE,STK,8394,INE03KJ01013,SHIGAN,SM,,,,,SHIGAN QUANTUM TECH LTD,62.05,62.05,62.00,62.00,62.00,64.50,,62.00,,,4500,279075.00,3,F1,1500,,,,,
2026-09-17,2026-09-17,CM,NSE,STK,759847,INE024F01011,SHILCTECH,EQ,,,,,SHILCHAR TECHNOLOGIES LTD,4017.00,4163.00,4017.00,4103.40,4127.00,4016.50,,4103.61,,,11854,48752529.10,2976,F1,1,,,,,
2026-09-17,2026-09-17,CM,NSE,STK,764895,INE960A01017,SHILGRAVQ,EQ,,,,,SHILP GRAVURES LTD.,155.02,162.99,155.00,158.00,158.00,154.88,,156.14,,,1172,184959.84,34,F1,1,,,,,
2026-09-17,2026-09-17,CM,NSE,STK,17752,INE790G01031,SHILPAMED,EQ,,,,,SHILPA MEDICARE LTD,923.00,963.00,923.00,958.35,953.00,928.05,,958.30,,,819680,780632241.75,38709,F1,1,,,,,
2026-09-17,2026-09-17,CM,NSE,STK,23127,INE0PB301013,SCILAL,EQ,,,,,SHIPPING CORP OF ILA LTD,37.50,38.64,37.50,38.19,38.38,37.91,,38.19,,,207970,7946045.31,850,F1,1,,,,,
2026-09-17,2026-09-17,CM,NSE,STK,3048,INE109A01011,SCI,EQ,,,,,SHIPPING CORP OF INDIA LT,267.65,272.25,267.15,270.00,270.00,266.90,,269.99,,,1114004,300156847.45,24717,F1,1,,,,,
2026-09-17,2026-09-17,CM,NSE,STK,765282,INE0FOO01011,SHIPROCKET,EQ,,,,,SHIPROCKET LIMITED,123.66,125.98,120.00,120.93,120.80,123.66,,120.93,,,4468956,546646888.84,37029,F1,1,,,,,
2026-09-17,2026-09-17,CM,NSE,STK,759747,INE719F01016,SHIVAUM,EQ,,,,,SHIV AUM STEELS LIMITED,468.15,469.95,468.00,468.05,468.05,469.00,,468.05,,,439,205513.40,14,F1,1,,,,,
2026-09-17,2026-09-17,CM,NSE,STK,765160,INE555C01029,SHIVACEM,EQ,,,,,SHIVA CEMENT LTD.,15.67,15.79,15.01,15.30,15.30,15.50,,15.35,,,41715,635527.44,348,F1,1,,,,,
2026-09-17,2026-09-17,CM,NSE,STK,764900,INE960E01019,SHIVAAGRO,EQ,,,,,SHIVA GLOBAL AGRO INDS. L,39.88,39.89,38.00,38.71,39.89,39.89,,38.71,,,130,5155.42,15,F1,1,,,,,
2026-09-17,2026-09-17,CM,NSE,STK,1497,INE644Y01017,SHIVAMILLS,EQ,,,,,SHIVA MILLS LIMITED,61.49,61.49,59.02,60.20,60.20,59.86,,60.20,,,1076,64732.53,15,F1,1,,,,,
2026-09-17,2026-09-17,CM,NSE,STK,804,INE705C01020,SHIVATEX,EQ,,,,,SHIVA TEXYARN LIMITED,180.50,180.50,174.11,174.17,174.15,177.70,,174.17,,,2812,501001.95,38,F1,1,,,,,
2026-09-17,2026-09-17,CM,NSE,STK,24249,INE0T7B01010,SPCL,SM,,,,,SHIVALIC POWER CONTROL L,64.10,65.00,63.50,64.40,63.75,63.40,,64.40,,,16200,1043550.00,25,F1,600,,,,,
2026-09-17,2026-09-17,CM,NSE,STK,4656,INE386D01027,SBCL,EQ,,,,,SHIVALIK BIMETAL CON. LTD,1062.00,1115.00,1057.20,1091.80,1100.00,1057.00,,1091.83,,,279880,306183424.40,22473,F1,1,,,,,
2026-09-17,2026-09-17,CM,NSE,STK,7016,INE788J01021,SHIVALIK,EQ,,,,,SHIVALIK RASAYAN LIMITED,389.15,399.85,367.20,369.30,373.30,389.15,,369.30,,,112649,42927034.45,5637,F1,1,,,,,
2026-09-17,2026-09-17,CM,NSE,STK,13756,INE637H01024,SHIVAMAUTO,EQ,,,,,SHIVAM AUTO.LTD,17.00,17.00,16.10,16.19,16.60,16.33,,16.19,,,13374,219758.94,156,F1,1,,,,,
2026-09-17,2026-09-17,CM,NSE,STK,758744,INE1DLF01018,SHIVASHRIT,SM,,,,,SHIVASHRIT FOODS LIMITED,115.30,118.30,115.00,115.20,115.00,117.25,,115.20,,,30000,3518050.00,12,F1,1000,,,,,
2026-09-17,2026-09-17,CM,NSE,STK,11813,INE498B01024,SHOPERSTOP,EQ,,,,,SHOPPERS STOP LIMITED,390.65,438.60,390.00,413.30,408.30,395.30,,413.33,,,835711,353146491.85,31739,F1,1,,,,,
2026-09-17,2026-09-17,CM,NSE,STK,764905,INE311M01018,SHRADDHA,EQ,,,,,SHRADDHA PRIME PROJECTS L,154.45,154.45,146.11,150.73,149.01,152.97,,150.72,,,5141,775885.52,80,F1,1,,,,,
2026-09-17,2026-09-17,CM,NSE,STK,708,INE715Y01031,SHRADHA,EQ,,,,,SHRADHA REALTY LIMITED,31.94,31.95,31.09,31.15,31.15,31.49,,31.15,,,3241,101125.57,60,F1,1,,,,,
2026-09-17,2026-09-17,CM,NSE,STK,10588,INE712K01011,SHREEPUSHK,EQ,,,,,SHRE PUSH CHEM & FERT LTD,506.65,522.85,502.70,512.50,507.55,506.95,,512.52,,,69346,35583103.95,5065,F1,1,,,,,
2026-09-17,2026-09-17,CM,NSE,STK,762874,INE185C01017,SAPPL,EQ,,,,,SHREE AJIT PULP & PAPER L,287.80,287.80,276.00,278.75,277.00,274.65,,278.75,,,949,262783.75,31,F1,1,,,,,
2026-09-17,2026-09-17,CM,NSE,STK,3103,INE070A01015,SHREECEM,EQ,,,,,SHREE CEMENT LIMITED,21760.00,22080.00,21685.00,21960.00,21960.00,21795.00,,21960.00,,,15117,331027765.00,7605,F1,1,,,,,
2026-09-17,2026-09-17,CM,NSE,STK,3099,INE232A01011,SHREDIGCEM,EQ,,,,,SHREE DIGVIJAY CEM CO LTD,67.14,67.98,66.10,67.42,67.44,66.19,,67.40,,,58327,3901510.73,883,F1,1,,,,,
2026-09-17,2026-09-17,CM,NSE,STK,764885,INE414Y01015,SGRL,EQ,,,,,SHREE GANESH REMEDIES LTD,654.80,679.00,638.85,678.20,678.50,648.65,,678.10,,,6805,4510888.60,638,F1,1,,,,,
2026-09-17,2026-09-17,CM,NSE,STK,23074,INE0S4Y01010,SHREEKARNI,SM,,,,,SHREE KARNI FABCOM LTD,370.00,374.95,366.20,374.95,374.95,366.20,,374.95,,,2400,883410.00,8,F1,150,,,,,
2026-09-17,2026-09-17,CM,NSE,STK,20603,INE02S501018,SHREEOSFM,SM,,,,,SHREE OSFM E-MOBILITY LTD,53.95,53.95,50.00,51.00,51.00,51.55,,51.00,,,9000,461550.00,9,F1,1000,,,,,
2026-09-17,2026-09-17,CM,NSE,STK,760188,INE19GK01015,SRTL,EQ,,,,,SHREE RAM TWISTEX LIMITED,36.86,38.28,36.50,37.98,38.05,36.86,,37.97,,,24385,912438.95,239,F1,1,,,,,
2026-09-17,2026-09-17,CM,NSE,STK,7627,INE879A01019,SHREERAMA,EQ,,,,,SHREE RAMA MULTI TECH LTD,44.41,44.75,43.91,44.36,44.74,43.98,,44.41,,,14020,622478.61,250,F1,1,,,,,
2026-09-17,2026-09-17,CM,NSE,STK,13565,INE278B01020,RAMANEWS,EQ,,,,,SHREE RAMA NEWSPRINT LTD,30.16,32.50,30.16,30.94,30.87,30.16,,30.80,,,24768,776219.59,311,F1,1,,,,,
2026-09-17,2026-09-17,CM,NSE,STK,12026,INE087H01022,RENUKA,EQ,,,,,SHREE RENUKA SUGARS LTD,23.00,23.33,22.61,22.81,22.72,23.01,,22.81,,,7607455,174838776.67,12785,F1,1,,,,,
2026-09-17,2026-09-17,CM,NSE,STK,25203,INE0S2G01011,BALAJEE,EQ,,,,,SHREE TIRUPATI BALAJEE L,24.06,25.17,24.06,25.03,25.12,24.43,,25.03,,,37507,932431.88,447,F1,1,,,,,
2026-09-17,2026-09-17,CM,NSE,STK,15121,INE00CE01017,SVLL,EQ,,,,,SHREE VASU LOGISTICS LTD,800.40,824.40,800.40,818.35,802.05,804.20,,818.35,,,1207,979163.85,44,F1,1,,,,,
2026-09-17,2026-09-17,CM,NSE,STK,762159,INE0K3301012,SHREEDHAR,ST,,,,,SHREEDHAR SPINNERS LTD,151.00,153.40,150.00,153.35,153.35,146.10,,153.35,,,72000,10988300.00,31,F1,2000,,,,,
2026-09-17,2026-09-17,CM,NSE,STK,759802,INE1FL101016,SHETHJI,SM,,,,,SHREEJI GLOBAL FMCG LTD,195.00,195.05,195.00,195.05,195.05,191.60,,195.05,,,5000,975150.00,4,F1,1000,,,,,
2026-09-17,2026-09-17,CM,NSE,STK,759448,INE1B6101010,SHREEJISPG,EQ,,,,,SHREEJI SHIPPING GLOBAL L,688.35,697.55,680.30,691.00,689.20,690.20,,691.00,,,1140193,784690320.15,7754,F1,1,,,,,
2026-09-17,2026-09-17,CM,NSE,STK,14305,INE00IK01029,OSWALSEEDS,EQ,,,,,SHREEOSWAL S AND CHE LTD,14.80,14.96,13.62,13.87,14.15,14.60,,13.87,,,294234,4134939.27,1197,F1,1,,,,,
2026-09-17,2026-09-17,CM,NSE,STK,760252,INE632X01030,SHRENIK,BZ,,,,,SHRENIK LIMITED,0.29,0.30,0.28,0.29,0.29,0.29,,0.29,,,325580,95457.34,132,F1,1,,,,,
2026-09-17,2026-09-17,CM,NSE,STK,3126,INE231C01019,SHREYANIND,EQ,,,,,SHREYANS INDUSTRIES LTD,126.25,129.75,125.82,128.01,128.00,127.48,,127.99,,,5027,643233.89,151,F1,1,,,,,
2026-09-17,2026-09-17,CM,NSE,STK,756406,INE0DM401012,SHRIAHIMSA,SM,,,,,SHRI AHIMSA NATURALS LTD,443.50,459.00,443.50,454.20,455.00,447.00,,454.20,,,13200,5956290.00,21,F1,600,,,,,
2026-09-17,2026-09-17,CM,NSE,STK,762899,INE402H01015,SHBAJRG,EQ,,,,,SHRI BAJRANG ALLIANCE L,152.00,155.01,148.28,152.08,153.99,151.35,,152.08,,,5324,816543.82,172,F1,1,,,,,
2026-09-17,2026-09-17,CM,NSE,STK,758568,INE0NON01025,SHKSIL,SM,,,,,SHRI HARE-KRI SPO IRON L,34.10,35.00,34.00,34.00,34.00,34.00,,34.00,,,12000,410200.00,4,F1,2000,,,,,
2026-09-17,2026-09-17,CM,NSE,STK,764910,INE564J01026,SHRJAGP,EQ,,,,,SHRI JAGDAMBA POLYMERS L,643.05,660.60,641.05,642.50,644.00,637.15,,642.50,,,325,211626.45,44,F1,1,,,,,
2026-09-17,2026-09-17,CM,NSE,STK,760202,INE1V4601019,SHRIKANHA,SM,,,,,SHRI KANHA STAINLESS LTD,21.90,21.90,21.60,21.90,21.90,22.35,,21.90,,,4800,104640.00,3,F1,1600,,,,,
2026-09-17,2026-09-17,CM,NSE,STK,762909,INE997I01012,SHRIKRISH,EQ,,,,,SHRI KRISHNA DEVCON LTD.,34.01,40.00,34.01,34.04,34.02,34.00,,34.04,,,527,17936.22,11,F1,1,,,,,
2026-09-17,2026-09-17,CM,NSE,STK,17684,INE0OMF01015,SHRITECH,SM,,,,,SHRI TECHTEX LIMITED,60.30,60.30,60.30,60.30,60.30,59.00,,60.30,,,2000,120600.00,1,F1,2000,,,,,
2026-09-17,2026-09-17,CM,NSE,STK,759093,INE1B3L01017,SHRINGARMS,EQ,,,,,SHRINGAR HOU OF MANGALS L,209.49,213.50,209.35,211.74,211.30,209.49,,211.75,,,131415,27851720.68,1232,F1,1,,,,,
2026-09-17,2026-09-17,CM,NSE,STK,24374,INF680P01422,LIQUIDSHRI,EQ,,,,,SHRIRAM - LIQUIDSHRI,1121.72,1121.74,1121.72,1121.72,1121.72,1121.58,,1121.72,,,11007,12346799.72,15,F1,1,,,,,
2026-09-17,2026-09-17,CM,NSE,STK,4306,INE721A01047,SHRIRAMFIN,EQ,,,,,SHRIRAM FINANCE LIMITED,979.00,1005.50,978.30,995.00,995.00,979.00,,995.00,,,4285999,4258544917.90,71134,F1,1,,,,,
2026-09-17,2026-09-17,CM,NSE,STK,7200,INE217L01019,SHRIRAMPPS,EQ,,,,,SHRIRAM PROPERTIES LTD,70.50,74.40,70.41,72.91,72.10,70.57,,72.88,,,255885,18367764.14,2188,F1,1,,,,,
2026-09-17,2026-09-17,CM,NSE,STK,25240,INE0UL701015,SHUBHSHREE,SM,,,,,SHUBHSHREE BIOFUELS ENE L,350.00,350.00,350.00,350.00,350.00,350.00,,350.00,,,1200,420000.00,4,F1,300,,,,,
2026-09-17,2026-09-17,CM,NSE,STK,764537,INE551C01044,SHUKRAPHAR,EQ,,,,,SHUKRA PHARMACEUTICALS L,54.58,55.79,54.06,54.24,54.35,54.60,,54.24,,,2008697,109312823.36,6766,F1,1,,,,,
2026-09-17,2026-09-17,CM,NSE,STK,10192,INE979R01011,SHYAMCENT,BE,,,,,SHYAM CENTURY FERROUS LTD,5.00,5.05,4.95,4.97,4.99,4.96,,4.97,,,326064,1621872.17,80,F1,1,,,,,
2026-09-17,2026-09-17,CM,NSE,STK,761213,INE1CRP01016,SHYAMDHANI,ST,,,,,SHYAM DHANI INDUSTRIES L,50.80,54.90,50.80,53.00,53.00,53.35,,53.00,,,8000,422400.00,4,F1,2000,,,,,
2026-09-17,2026-09-17,CM,NSE,STK,4693,INE810G01011,SHYAMMETL,EQ,,,,,SHYAM METALICS AND ENGY L,1050.00,1093.90,1045.40,1077.00,1078.50,1048.00,,1077.01,,,439035,474271775.20,24979,F1,1,,,,,
2026-09-17,2026-09-17,CM,NSE,STK,13740,INE635A01023,SHYAMTEL,EQ,,,,,SHYAM TELECOM LIMITED,11.42,11.44,10.56,11.09,11.25,11.20,,11.09,,,1777,19756.23,52,F1,1,,,,,
2026-09-17,2026-09-17,CM,NSE,STK,16875,INE176J01011,SICAGEN,EQ,,,,,SICAGEN INDIA LIMITED,52.41,53.29,52.00,52.22,52.66,52.41,,52.25,,,7334,384386.73,325,F1,1,,,,,
2026-09-17,2026-09-17,CM,NSE,STK,19440,INE075B01020,SICALLOG,BE,,,,,SICAL LOGISTICS LIMITED,93.10,95.00,91.30,91.65,91.35,93.07,,91.65,,,7329,678345.86,77,F1,1,,,,,
2026-09-17,2026-09-17,CM,NSE,STK,759053,INE0SVO01019,SIDDHICOTS,SM,,,,,SIDDHI COTSPIN LIMITED,26.50,26.50,26.50,26.50,26.50,26.50,,26.50,,,6000,159000.00,1,F1,1200,,,,,
2026-09-17,2026-09-17,CM,NSE,STK,3148,INE0A1E01018,SIDDHIKA,SM,,,,,SIDDHIKA COATINGS LIMITED,226.00,226.00,226.00,226.00,226.00,226.00,,226.00,,,500,113000.00,1,F1,500,,,,,
2026-09-17,2026-09-17,CM,NSE,STK,756871,INE1NPP01017,ENRIN,EQ,,,,,SIEMENS ENERGY INDIA LTD,3016.50,3120.00,3001.10,3109.10,3111.60,3013.40,,3109.02,,,240035,735418220.80,40327,F1,1,,,,,
2026-09-17,2026-09-17,CM,NSE,STK,3150,INE003A01024,SIEMENS,EQ,,,,,SIEMENS LTD,3743.10,3817.40,3742.00,3763.50,3763.50,3742.00,,3763.53,,,373967,1414236284.00,30899,F1,1,,,,,
2026-09-17,2026-09-17,CM,NSE,STK,6663,INE0D0K01022,SIGACHI,EQ,,,,,SIGACHI INDUSTRIES LTD,27.58,31.24,27.58,29.33,29.34,31.16,,29.33,,,12942255,382793606.11,39825,F1,1,,,,,
2026-09-17,2026-09-17,CM,NSE,STK,14797,INE933B01012,SIGMAADV,BE,,,,,SIGMA ADVANCED SYSTEM LTD,817.00,857.90,800.10,857.40,857.90,817.05,,857.31,,,292634,248619971.25,4981,F1,1,,,,,
2026-09-17,2026-09-17,CM,NSE,STK,16658,INE0A0S01028,SIGMA,EQ,,,,,SIGMA SOLVE LIMITED,46.48,46.94,45.70,46.24,46.38,45.60,,46.13,,,78093,3610170.05,1010,F1,1,,,,,
2026-09-17,2026-09-17,CM,NSE,STK,18743,INE903U01023,SIGNATURE,EQ,,,,,SIGNATUREGLOBAL INDIA LTD,753.60,793.30,745.00,755.30,752.05,752.50,,755.33,,,647926,496123095.20,27757,F1,1,,,,,
2026-09-17,2026-09-17,CM,NSE,STK,4517,INE529F01035,SIGIND,BE,,,,,SIGNET INDUSTRIES LIMITED,67.94,69.90,65.12,67.96,68.76,67.94,,67.77,,,12154,823750.45,90,F1,1,,,,,
2026-09-17,2026-09-17,CM,NSE,STK,23150,INE0RDE01010,SIGNORIA,ST,,,,,SIGNORIA CREATION LIMITED,151.00,151.00,151.00,151.00,151.00,151.05,,151.00,,,2000,302000.00,2,F1,1000,,,,,
2026-09-17,2026-09-17,CM,NSE,STK,22656,INE0KGZ01021,SIGNPOST,EQ,,,,,SIGNPOST INDIA LIMITED,261.85,264.00,256.20,262.15,260.20,263.55,,262.16,,,46904,12251326.50,1594,F1,1,,,,,
2026-09-17,2026-09-17,CM,NSE,STK,762914,INE438E01032,SIKA,EQ,,,,,SIKA INTERPLANT SYSTEMS L,1063.00,1063.00,1021.00,1027.05,1030.00,1052.20,,1027.06,,,25819,26829510.85,2929,F1,1,,,,,
2026-09-17,2026-09-17,CM,NSE,STK,6226,INE112X01025,SIKKO,BE,,,,,SIKKO INDUSTRIES LIMITED,5.66,6.15,5.60,5.99,5.85,5.88,,5.99,,,551450,3260348.85,637,F1,1,,,,,
2026-09-17,2026-09-17,CM,NSE,STK,4105,INE923A01015,SILINV,EQ,,,,,SIL INVESTMENTS LIMITED,435.00,449.70,431.00,438.40,437.95,440.10,,438.40,,,462,202453.90,78,F1,1,,,,,
2026-09-17,2026-09-17,CM,NSE,STK,2492,INE01II01013,SILGO,EQ,,,,,SILGO RETAIL LIMITED,70.62,71.57,70.00,70.18,70.04,71.04,,70.18,,,12245,863502.29,213,F1,1,,,,,
2026-09-17,2026-09-17,CM,NSE,STK,23736,INE0STN01015,SILKFLEX,SM,,,,,SILKFLEX POLYMERS INDIA L,270.00,270.00,265.80,267.00,267.00,270.00,,267.00,,,8000,2148600.00,8,F1,1000,,,,,
2026-09-17,2026-09-17,CM,NSE,STK,757679,INE0SN801015,SILKY,SM,,,,,SILKY OVERSEAS LIMITED,71.90,71.90,71.90,71.90,71.90,69.95,,71.90,,,800,57520.00,1,F1,800,,,,,
2026-09-17,2026-09-17,CM,NSE,STK,9422,INE625X01026,SILVERTUC,EQ,,,,,SILVER TOUCH TECHNO LTD,153.05,155.57,148.20,149.08,149.00,153.05,,149.09,,,290398,44145286.35,3967,F1,1,,,,,
2026-09-17,2026-09-17,CM,NSE,STK,758836,INE748T01016,SIMBHALS,BZ,,,,,SIMBHAOLI SUGARS LTD.,6.99,6.99,6.80,6.80,6.80,6.93,,7.27,,,2446,16637.17,22,F1,1,,,,,
2026-09-17,2026-09-17,CM,NSE,STK,763378,INE1K4J01018,SIMCA,ST,,,,,SIMCA ADVERTISING LIMITED,266.60,267.70,262.00,263.90,267.70,266.50,,263.90,,,54600,14365380.00,23,F1,600,,,,,
2026-09-17,2026-09-17,CM,NSE,STK,3162,INE059B01024,SIMPLEXINF,EQ,,,,,SIMPLEX INFRASTRUCTURES L,246.05,261.00,246.05,252.40,252.00,248.85,,252.34,,,123062,31281783.60,2005,F1,1,,,,,
2026-09-17,2026-09-17,CM,NSE,STK,764915,INE167H01014,SIMPLXREA,EQ,,,,,SIMPLEX REALTY LTD.,120.50,132.00,120.50,126.25,120.50,126.01,,126.25,,,6,757.50,5,F1,1,,,,,
2026-09-17,2026-09-17,CM,NSE,STK,23480,INE985A01022,SINCLAIR,EQ,,,,,SINCLAIRS HOTELS LIMITED,77.93,78.96,77.42,77.56,77.55,77.92,,77.55,,,9862,768666.73,186,F1,1,,,,,
2026-09-17,2026-09-17,CM,NSE,STK,16859,INE325D01025,SINDHUTRAD,EQ,,,,,SINDHU TRADE LINKS LTD,23.35,23.70,22.66,23.27,23.50,23.35,,23.29,,,909454,21149484.71,1359,F1,1,,,,,
2026-09-17,2026-09-17,CM,NSE,STK,761420,INE638A01035,SINGERIND,EQ,,,,,SINGER INDIA LIMITED,77.00,78.78,76.00,76.86,76.51,77.20,,76.86,,,32404,2523481.17,413,F1,1,,,,,
2026-09-17,2026-09-17,CM,NSE,STK,381,INE129Z01016,SINTERCOM,EQ,,,,,SINTERCOM INDIA LIMITED,75.32,76.40,74.05,76.03,76.36,75.32,,76.03,,,3794,284703.22,44,F1,1,,,,,
2026-09-17,2026-09-17,CM,NSE,STK,11050,INE792Z01011,SIRCA,EQ,,,,,SIRCA PAINT INDIA LIMITED,402.95,410.75,397.50,406.55,406.50,403.25,,406.56,,,609017,245685337.70,13493,F1,1,,,,,
2026-09-17,2026-09-17,CM,NSE,STK,21501,INE285J01028,SIS,EQ,,,,,SIS LIMITED,415.90,425.90,415.00,419.80,420.00,415.90,,419.79,,,370623,156698026.80,11266,F1,1,,,,,
2026-09-17,2026-09-17,CM,NSE,STK,29210,INE965H01011,SITINET,BZ,,,,,SITI NETWORKS LIMITED,0.29,0.29,0.27,0.27,0.29,0.28,,0.29,,,167974,47841.30,191,F1,1,,,,,
2026-09-17,2026-09-17,CM,NSE,STK,14096,INE076B01028,SIYSIL,EQ,,,,,SIYARAM SILK MILLS LTD,518.75,529.15,511.10,514.45,513.00,516.05,,514.46,,,31946,16548983.90,2659,F1,1,,,,,
2026-09-17,2026-09-17,CM,NSE,STK,6643,INE284S01014,SJS,EQ,,,,,SJS ENTERPRISES LIMITED,2318.30,2318.30,2260.20,2266.00,2275.00,2297.20,,2266.00,,,68521,156307372.40,13172,F1,1,,,,,
2026-09-17,2026-09-17,CM,NSE,STK,18883,INE002L01015,SJVN,EQ,,,,,SJVN LTD,64.10,64.96,63.80,64.75,64.70,64.06,,64.75,,,1251682,80483548.35,12255,F1,1,,,,,
2026-09-17,2026-09-17,CM,NSE,STK,760101,INE2J8701016,SKFINDUS,EQ,,,,,SKF IND (INDUSTRIAL) LTD,2925.00,3057.40,2890.00,2940.30,2930.00,2943.00,,2940.29,,,27140,80368660.80,4842,F1,1,,,,,
2026-09-17,2026-09-17,CM,NSE,STK,3186,INE640A01023,SKFINDIA,EQ,,,,,SKF INDIA LTD,1549.70,1560.00,1527.40,1541.00,1543.40,1546.30,,1541.00,,,44468,68499664.30,5413,F1,1,,,,,
2026-09-17,2026-09-17,CM,NSE,STK,9428,INE439E01022,SKIPPER,EQ,,,,,SKIPPER LIMITED,515.00,537.50,513.00,532.55,532.10,522.65,,532.55,,,1109582,584289696.95,44804,F1,1,,,,,
2026-09-17,2026-09-17,CM,NSE,STK,4732,INE411D01023,SKMEGGPROD,EQ,,,,,SKM EGG PROD EXPORT(I) LT,229.55,236.15,229.55,231.90,232.10,229.60,,231.91,,,122879,28620689.30,2758,F1,1,,,,,
2026-09-17,2026-09-17,CM,NSE,STK,10325,INE0KZA01016,SKP,SM,,,,,SKP BEARING INDUSTRI. LTD,159.00,163.90,157.60,157.60,157.60,160.00,,157.60,,,22000,3544725.00,30,F1,500,,,,,
2026-09-17,2026-09-17,CM,NSE,STK,13631,INE01IU01018,SKYGOLD,EQ,,,,,SKY GOLD AND DIAMONDS LTD,789.00,803.00,782.85,793.30,791.00,792.60,,793.32,,,443143,352941625.65,29009,F1,1,,,,,
2026-09-17,2026-09-17,CM,NSE,STK,765333,INE0VFE01017,SKYTECH,SM,,,,,SKYTECH INFINITE PLATFM L,24.00,24.00,24.00,24.00,24.00,25.25,,24.00,,,6400,153600.00,4,F1,1600,,,,,
2026-09-17,2026-09-17,CM,NSE,STK,765480,INE0PX301025,SKYWAYS,EQ,,,,,SKYWAYS AIR SERVICES LTD,113.57,119.00,112.25,117.98,118.45,113.42,,117.98,,,2932070,338924400.03,28791,F1,1,,,,,
2026-09-17,2026-09-17,CM,NSE,STK,23692,INE0SMA01017,SLONE,ST,,,,,SLONE INFOSYSTEMS LIMITED,170.20,173.00,168.00,173.00,173.00,170.10,,173.00,,,1600,272520.00,4,F1,400,,,,,
2026-09-17,2026-09-17,CM,NSE,STK,757622,INE14GK01016,SMARTEN,ST,,,,,SMARTEN POWER SYSTEMS LTD,51.00,54.90,51.00,53.45,54.00,52.90,,53.45,,,25200,1346100.00,19,F1,1200,,,,,
2026-09-17,2026-09-17,CM,NSE,STK,9893,INE178C01020,SMARTLINK,BE,,,,,SMARTLINK HOLDINGS LTD,223.00,223.00,213.55,214.41,213.62,222.57,,214.19,,,2596,562325.55,69,F1,1,,,,,
2026-09-17,2026-09-17,CM,NSE,STK,757965,INE0NAZ01010,SMARTWORKS,EQ,,,,,SMARTWORKS COWORKING SP L,516.00,525.00,511.70,519.90,520.00,520.20,,519.90,,,49448,25712134.90,2645,F1,1,,,,,
2026-09-17,2026-09-17,CM,NSE,STK,760218,INE05NX24023,8SMC29,N1,,,,,SMC 8% 2029 STRPP A,514.00,514.00,513.00,513.00,513.00,511.50,,513.00,,,79,40605.00,3,F1,1,,,,,
2026-09-17,2026-09-17,CM,NSE,STK,760219,INE05NX24031,8SMC30,N2,,,,,SMC 8% 2030 STRPP B,506.88,506.88,506.88,506.88,506.88,506.88,,506.88,,,290,146995.20,10,F1,1,,,,,
2026-09-17,2026-09-17,CM,NSE,STK,2320,INE103C01036,SMCGLOBAL,EQ,,,,,SMC GLOBAL SECURITIES LTD,80.97,83.47,80.43,82.87,81.70,80.57,,82.87,,,1239264,101098125.37,6176,F1,1,,,,,
2026-09-17,2026-09-17,CM,NSE,STK,3387,INE294B01019,SMLMAH,EQ,,,,,SML MAHINDRA LIMITED,6030.00,6268.50,6029.50,6220.50,6180.00,5971.50,,6220.69,,,48450,298298299.50,6988,F1,1,,,,,
2026-09-17,2026-09-17,CM,NSE,STK,14329,INE812G01025,SMSPHARMA,EQ,,,,,SMS PHARMACEUTICALS LTD.,405.25,418.55,403.25,413.75,415.55,402.95,,413.66,,,672288,278074310.70,17903,F1,1,,,,,
2026-09-17,2026-09-17,CM,NSE,STK,4843,INE734N01019,SNOWMAN,EQ,,,,,SNOWMAN LOGISTICS LTD.,34.75,35.27,34.00,34.72,34.50,34.54,,34.70,,,98327,3407034.81,1090,F1,1,,,,,
2026-09-17,2026-09-17,CM,NSE,STK,13826,INE671H01015,SOBHA,EQ,,,,,SOBHA LIMITED,1178.30,1200.70,1172.00,1189.40,1186.30,1181.80,,1189.40,,,46940,55785165.90,9632,F1,1,,,,,
2026-09-17,2026-09-17,CM,NSE,STK,8266,INE728Z01015,SOFTTECH,EQ,,,,,SOFTTECH ENGINEERS LTD,500.00,500.70,474.10,500.70,500.70,476.90,,500.70,,,18047,8987004.15,480,F1,1,,,,,
2026-09-17,2026-09-17,CM,NSE,STK,13332,INE343H01029,SOLARINDS,EQ,,,,,SOLAR INDUSTRIES (I) LTD,18900.00,19075.00,18590.00,18815.00,18815.00,18900.00,,18815.87,,,214606,4047928165.00,43370,F1,1,,,,,
2026-09-17,2026-09-17,CM,NSE,STK,3672,INE624Z01016,SOLARA,EQ,,,,,SOLARA ACTIVE PHA SCI LTD,722.15,750.00,715.95,741.70,742.00,711.50,,741.66,,,504562,373795396.80,21930,F1,1,,,,,
2026-09-17,2026-09-17,CM,NSE,STK,759929,INE0TY101024,SOLARWORLD,EQ,,,,,SOLARWORLD ENERGY SOL LTD,133.76,137.90,133.00,133.78,133.52,133.76,,133.79,,,200860,27259164.10,4237,F1,1,,,,,
2026-09-17,2026-09-17,CM,NSE,STK,759397,INE880Y01017,SOLEX,EQ,,,,,SOLEX ENERGY LIMITED,659.35,680.00,656.05,671.30,668.00,657.65,,670.91,,,21585,14397276.20,2421,F1,1,,,,,
2026-09-17,2026-09-17,CM,NSE,STK,1338,INE480C01038,SDBL,EQ,,,,,SOM DIST & BREW LTD,67.30,68.84,67.03,67.80,67.70,67.29,,67.81,,,226418,15353345.74,2889,F1,1,,,,,
2026-09-17,2026-09-17,CM,NSE,STK,4201,INE314C01013,SOMATEX,EQ,,,,,SOMA TEXTILES & INDUST LT,80.50,83.40,80.50,82.77,81.60,80.58,,82.77,,,5577,456767.97,98,F1,1,,,,,
2026-09-17,2026-09-17,CM,NSE,STK,3880,INE355A01028,SOMANYCERA,EQ,,,,,SOMANY CERAMICS LIMITED,556.70,570.00,553.90,565.85,563.30,555.15,,565.80,,,85673,48538911.25,3844,F1,1,,,,,
2026-09-17,2026-09-17,CM,NSE,STK,17794,INE323J01019,SOMICONVEY,EQ,,,,,SOMI CONVEYOR BELT. LTD.,98.00,98.00,93.70,94.60,95.50,94.11,,94.67,,,94923,9158929.91,1168,F1,1,,,,,
2026-09-17,2026-09-17,CM,NSE,STK,4684,INE073K01018,SONACOMS,EQ,,,,,SONA BLW PRECISION FRGS L,762.00,791.25,759.05,777.90,777.90,768.00,,777.91,,,3093640,2416027251.85,63901,F1,1,,,,,
2026-09-17,2026-09-17,CM,NSE,STK,762919,INE321M01017,SONAL,EQ,,,,,SONAL MERCANTILE LTD.,89.95,89.95,83.00,83.12,83.12,86.11,,83.12,,,123,10963.76,18,F1,1,,,,,
2026-09-17,2026-09-17,CM,NSE,STK,8817,INE00LM01029,SONAMLTD,BE,,,,,SONAM LIMITED,73.89,73.89,68.00,68.18,68.00,71.44,,68.18,,,55201,3817876.37,261,F1,1,,,,,
2026-09-17,2026-09-17,CM,NSE,STK,6596,INE269A01021,SONATSOFTW,EQ,,,,,SONATA SOFTWARE LTD,276.95,283.20,273.45,281.65,281.45,276.90,,281.66,,,996730,278830028.35,17130,F1,1,,,,,
2026-09-17,2026-09-17,CM,NSE,STK,9463,INE0JZA01018,SONUINFRA,ST,,,,,SONU INFRATECH LIMITED,51.85,51.85,47.60,47.70,47.70,50.00,,47.70,,,24000,1159725.00,15,F1,1500,,,,,
2026-09-17,2026-09-17,CM,NSE,STK,9678,INE980Y01015,SOUTHWEST,EQ,,,,,SOUTH WEST PINNACLE LTD,198.90,204.89,198.76,200.07,199.79,198.58,,200.10,,,90501,18118170.77,2626,F1,1,,,,,
2026-09-17,2026-09-17,CM,NSE,STK,19372,INE970N01027,SPCENET,EQ,,,,,SPACENET ENTERS IND LTD,3.25,3.30,3.10,3.19,3.20,3.24,,3.19,,,912892,2911931.72,544,F1,1,,,,,
2026-09-17,2026-09-17,CM,NSE,STK,11435,INE572J01011,SPANDANA,EQ,,,,,SPANDANA SPHOORTY FIN LTD,225.80,231.20,223.81,227.02,227.95,225.80,,227.04,,,55272,12586737.50,2294,F1,1,,,,,
2026-09-17,2026-09-17,CM,NSE,STK,27111,INE247M01014,SPECIALITY,BE,,,,,SPECIALITY REST LTD,138.00,140.00,133.25,139.36,137.06,135.06,,139.39,,,12614,1735289.36,117,F1,1,,,,,
2026-09-17,2026-09-17,CM,NSE,STK,30457,INE01EO01010,SPECTRUM,BE,,,,,SPECTRUM ELECTRIC IND LTD,3083.00,3124.00,2950.00,3050.40,3000.10,3083.70,,3049.62,,,9635,29432879.20,785,F1,1,,,,,
2026-09-17,2026-09-17,CM,NSE,STK,16876,INE0OL001018,SPECTSTM,SM,,,,,SPECTRUM TALENT MGMT LTD,60.00,60.00,60.00,60.00,60.00,59.25,,60.00,,,4000,240000.00,5,F1,800,,,,,
2026-09-17,2026-09-17,CM,NSE,STK,8163,INE020801028,SPENCERS,EQ,,,,,SPENCER S RETAIL LIMITED,28.40,28.50,27.52,28.17,28.11,28.21,,28.17,,,22154,621621.98,203,F1,1,,,,,
2026-09-17,2026-09-17,CM,NSE,STK,3252,INE147A01011,SPIC,EQ,,,,,SPIC LTD,66.77,68.20,66.10,66.92,67.36,66.83,,66.93,,,294399,19850163.51,2722,F1,1,,,,,
2026-09-17,2026-09-17,CM,NSE,STK,11935,INE978G01016,SPLIL,EQ,,,,,SPL INDUSTRIES LIMITED,29.57,30.00,29.57,29.95,29.98,29.57,,29.95,,,4639,138086.10,28,F1,1,,,,,
2026-09-17,2026-09-17,CM,NSE,STK,3321,INE937A01023,SPMLINFRA,EQ,,,,,SPML INFRA LIMITED,171.58,172.84,168.61,170.67,170.55,172.03,,170.69,,,63567,10838039.77,1498,F1,1,,,,,
2026-09-17,2026-09-17,CM,NSE,STK,10733,INE885H01029,SPORTKING,EQ,,,,,SPORTKING INDIA LIMITED,201.25,206.00,199.41,200.53,200.97,200.96,,200.64,,,173075,34930948.14,5834,F1,1,,,,,
2026-09-17,2026-09-17,CM,NSE,STK,25306,INE0QR801013,SPPPOLY,SM,,,,,SPP POLYMER LIMITED,12.50,12.50,12.50,12.50,12.50,12.20,,12.50,,,2000,25000.00,1,F1,2000,,,,,
2026-09-17,2026-09-17,CM,NSE,STK,17186,INE526E01018,SHRIPISTON,EQ,,,,,SPR AUTO TECHNOLOGIES LTD,4332.00,4433.70,4276.10,4385.40,4363.90,4309.30,,4385.38,,,47628,208161410.70,13764,F1,1,,,,,
2026-09-17,2026-09-17,CM,NSE,STK,14582,INE917H01012,SRHHYPOLTD,EQ,,,,,SREE RAYALSEEMA HHP LTD.,510.00,520.00,509.95,517.60,517.00,509.70,,517.53,,,19885,10285727.65,828,F1,1,,,,,
2026-09-17,2026-09-17,CM,NSE,STK,31841,INE099F01013,SREEL,BE,,,,,SREELEATHERS LIMITED,285.75,315.80,285.75,294.03,294.69,300.78,,294.05,,,25958,7564305.85,453,F1,1,,,,,
2026-09-17,2026-09-17,CM,NSE,STK,3273,INE647A01010,SRF,EQ,,,,,SRF LTD,2505.00,2554.00,2501.00,2536.00,2536.00,2480.10,,2536.00,,,796952,2023612842.90,70800,F1,1,,,,,
2026-09-17,2026-09-17,CM,NSE,STK,18119,INE559N01010,SRGHFL,EQ,,,,,SRG HOUSING FINANCE L,120.00,132.00,118.60,126.65,127.90,126.40,,126.54,,,106102,13025142.90,1620,F1,1,,,,,
2026-09-17,2026-09-17,CM,NSE,STK,7457,INE293B01029,HAVISHA,EQ,,,,,SRI HAVISHA HOSP & INFR L,1.36,1.36,1.29,1.32,1.34,1.33,,1.34,,,14026,18696.02,72,F1,1,,,,,
2026-09-17,2026-09-17,CM,NSE,STK,765168,INE009C01019,SRIKPRIND,BE,,,,,SRI KPR INDUSTRIES LTD.,27.76,29.14,26.66,27.83,29.00,27.76,,27.92,,,16348,463334.67,94,F1,1,,,,,
2026-09-17,2026-09-17,CM,NSE,STK,758147,INE0V9Q01010,LOTUSDEV,BE,,,,,SRI LOTUS DEVLPRS N RTY L,213.80,218.30,210.00,213.39,212.51,216.40,,213.40,,,883019,189197557.95,4139,F1,1,,,,,
2026-09-17,2026-09-17,CM,NSE,STK,761393,INE0TPJ01019,SPCON,SM,,,,,SRINIBAS PRADHAN CONST L,170.00,170.10,170.00,170.00,170.00,165.00,,170.00,,,4800,816240.00,4,F1,1200,,,,,
2026-09-17,2026-09-17,CM,NSE,STK,18059,INE0ON201012,SSFL,ST,,,,,SRIVARI SPICES N FOODS L,302.00,305.00,296.00,296.05,296.00,310.55,,296.05,,,10000,3014050.00,13,F1,500,,,,,
2026-09-17,2026-09-17,CM,NSE,STK,14416,INE0NPI01014,SRIVASAVI,ST,,,,,SRIVASAVI ADHESIVE TAPE L,66.10,72.75,66.10,72.75,72.75,69.30,,72.75,,,13000,914750.00,10,F1,1000,,,,,
2026-09-17,2026-09-17,CM,NSE,STK,23402,INE0R6Z01013,SRM,EQ,,,,,SRM CONTRACTORS LIMITED,419.90,428.45,419.90,425.75,426.55,419.80,,425.76,,,23088,9800610.10,1179,F1,1,,,,,
2026-09-17,2026-09-17,CM,NSE,STK,29205,INE0RYC01010,STALLION,BE,,,,,STALLION IND FLUOROCHEM L,210.20,220.50,208.11,218.70,220.30,212.79,,218.68,,,319965,69584688.27,1691,F1,1,,,,,
2026-09-17,2026-09-17,CM,NSE,STK,29075,INE0M4D01010,SETL,EQ,,,,,STANDARD ENGNG TCNLGY LTD,409.95,422.00,401.45,401.45,401.45,422.55,,401.45,,,2842075,1156169084.85,28038,F1,1,,,,,
2026-09-17,2026-09-17,CM,NSE,STK,11297,INE173A01025,SIL,EQ,,,,,STANDARD INDUSTRIES LTD.,16.27,16.90,15.60,16.63,16.70,16.52,,16.62,,,112890,1832214.36,593,F1,1,,,,,
2026-09-17,2026-09-17,CM,NSE,STK,24226,INE01A001028,STANLEY,EQ,,,,,STANLEY LIFESTYLES LTD,136.07,138.49,135.41,137.63,137.91,135.72,,137.63,,,48824,6692569.16,924,F1,1,,,,,
2026-09-17,2026-09-17,CM,NSE,STK,21091,INE460H01021,STARCEMENT,EQ,,,,,STAR CEMENT LIMITED,186.50,188.80,184.61,188.33,188.25,187.30,,188.33,,,215639,40522069.14,2873,F1,1,,,,,
2026-09-17,2026-09-17,CM,NSE,STK,7083,INE575P01011,STARHEALTH,EQ,,,,,STAR HEALTH & AL INS CO L,546.00,562.85,539.50,560.55,559.40,545.70,,560.22,,,373802,207557460.05,26150,F1,1,,,,,
2026-09-17,2026-09-17,CM,NSE,STK,3291,INE733A01018,STARPAPER,EQ,,,,,STAR PAPER MILLS LTD,160.00,161.50,152.50,155.92,156.01,161.46,,155.90,,,59733,9307252.25,1016,F1,1,,,,,
2026-09-17,2026-09-17,CM,NSE,STK,9305,INE992I01013,STARTECK,EQ,,,,,STARTECK FINANCE LIMITED,277.00,277.00,235.15,237.45,237.55,236.80,,237.45,,,700,168874.40,29,F1,1,,,,,
2026-09-17,2026-09-17,CM,NSE,STK,3045,INE062A01020,SBIN,EQ,,,,,STATE BANK OF INDIA,991.20,1000.90,985.20,988.70,988.70,991.40,,987.42,,,8624398,8539235534.70,178451,F1,1,,,,,
2026-09-17,2026-09-17,CM,NSE,STK,766065,INE0FRO01022,STEAMHOUSE,EQ,,,,,STEAMHOUSE INDIA LIMITED,94.50,103.95,91.60,102.55,101.38,81.00,,102.50,,,81139258,8048825513.15,263653,F1,1,,,,,
2026-09-17,2026-09-17,CM,NSE,STK,2963,INE114A01011,SAIL,EQ,,,,,STEEL AUTHORITY OF INDIA,173.00,176.25,173.00,175.01,175.01,173.55,,175.01,,,11246822,1966439181.48,45335,F1,1,,,,,
2026-09-17,2026-09-17,CM,NSE,STK,10406,INE395H01011,STEELCITY,EQ,,,,,STEEL CITY SECURITIES LTD,87.69,87.70,84.50,85.77,85.12,85.25,,85.77,,,7679,655403.74,143,F1,1,,,,,
2026-09-17,2026-09-17,CM,NSE,STK,21339,INE503B01021,STEELXIND,EQ,,,,,STEEL EXCHANGE INDIA LTD,10.92,11.52,10.92,11.20,11.22,11.07,,11.20,,,5627901,63500189.51,5104,F1,1,,,,,
2026-09-17,2026-09-17,CM,NSE,STK,765170,INE205F01016,STLSTRINF,EQ,,,,,STEEL STRIPS INFRA L,27.18,27.80,25.00,25.15,25.10,26.52,,25.32,,,22466,588065.08,306,F1,1,,,,,
2026-09-17,2026-09-17,CM,NSE,STK,11829,INE802C01033,SSWL,EQ,,,,,STEEL STRIPS WHEELS LTD.,350.95,356.85,346.30,348.25,349.45,350.05,,348.25,,,440929,154927887.80,16260,F1,1,,,,,
2026-09-17,2026-09-17,CM,NSE,STK,6803,INE124E01038,STEELCAS,EQ,,,,,STEELCAST LIMITED,299.25,308.00,296.15,303.45,303.90,299.25,,303.41,,,154963,46917704.25,4790,F1,1,,,,,
2026-09-17,2026-09-17,CM,NSE,STK,21484,INE577L01016,STEL,EQ,,,,,STEL HOLDINGS LIMITED,602.05,637.80,602.05,631.90,625.00,602.05,,631.89,,,5198,3241783.95,569,F1,1,,,,,
2026-09-17,2026-09-17,CM,NSE,STK,6188,INE334A01023,STERTOOLS,BE,,,,,STERLING TOOLS LIMITED,212.90,214.80,210.25,211.65,211.00,212.51,,211.68,,,5355,1131966.16,136,F1,1,,,,,
2026-09-17,2026-09-17,CM,NSE,STK,9313,INE089C01029,STLTECH,BE,,,,,STERLITE TECHNOLOGIES LTD,800.00,849.80,793.00,827.45,832.00,818.05,,827.11,,,1299034,1078843217.80,31210,F1,1,,,,,
2026-09-17,2026-09-17,CM,NSE,STK,13367,INE353H01010,SGL,EQ,,,,,STL GLOBAL LIMITED,9.62,10.21,9.00,9.68,9.69,9.64,,9.68,,,29470,278768.91,414,F1,1,,,,,
2026-09-17,2026-09-17,CM,NSE,STK,758958,INE1VXE01018,STLNETWORK,EQ,,,,,STL NETWORKS LIMITED,39.48,40.91,39.28,40.91,40.91,38.97,,40.91,,,5830611,236309123.23,9692,F1,1,,,,,
2026-09-17,2026-09-17,CM,NSE,STK,2107,INE00IN01015,STOVEKRAFT,EQ,,,,,STOVE KRAFT LIMITED,818.80,843.80,818.80,833.65,831.20,828.55,,833.59,,,64463,53824699.95,6229,F1,1,,,,,
2026-09-17,2026-09-17,CM,NSE,STK,7374,INE939A01011,STAR,EQ,,,,,STRIDES PHARMA SCI LTD,1180.00,1214.90,1162.00,1200.20,1200.00,1183.90,,1200.20,,,225030,270027395.40,19128,F1,1,,,,,
2026-09-17,2026-09-17,CM,NSE,STK,12489,INE00M201021,SWSOLAR,EQ,,,,,STRLNG & WIL REN ENE LTD,177.95,184.40,176.10,179.22,179.00,177.94,,179.23,,,890103,159298431.14,13210,F1,1,,,,,
2026-09-17,2026-09-17,CM,NSE,STK,759587,INE00Q601028,STUDDS,EQ,,,,,STUDDS ACCESSORIES LTD,409.95,413.45,403.50,404.35,404.90,404.85,,404.31,,,14567,5912039.20,1305,F1,1,,,,,
2026-09-17,2026-09-17,CM,NSE,STK,758527,INE17VO01028,STUDIOLSD,SM,,,,,STUDIO LSD LIMITED,9.25,9.30,9.10,9.20,9.20,9.30,,9.20,,,14000,129500.00,7,F1,2000,,,,,
2026-09-17,2026-09-17,CM,NSE,STK,5186,INE239C01020,STYLAMIND,EQ,,,,,STYLAM INDUSTRIES LIMITED,3152.20,3278.00,3152.20,3238.20,3238.00,3188.10,,3238.39,,,37214,120675425.20,9529,F1,1,,,,,
2026-09-17,2026-09-17,CM,NSE,STK,19,INE189B01011,STYRENIX,EQ,,,,,STYRENIX PERFORMANCE LTD,2059.70,2088.90,2055.00,2065.90,2086.90,2059.70,,2065.95,,,17937,37174323.00,2642,F1,1,,,,,
2026-09-17,2026-09-17,CM,NSE,STK,760112,INE0RYR01018,SUBAHOTELS,SM,,,,,SUBA HOTELS LIMITED,91.50,93.00,90.15,91.50,91.00,92.15,,91.50,,,26400,2413680.00,22,F1,1200,,,,,
2026-09-17,2026-09-17,CM,NSE,STK,967,INE754A01055,SUBEXLTD,EQ,,,,,SUBEX LTD,19.79,20.50,19.45,19.90,19.90,19.59,,19.90,,,10284365,205244336.72,18368,F1,1,,,,,
2026-09-17,2026-09-17,CM,NSE,STK,3324,INE287B01021,SUBROS,EQ,,,,,SUBROS LIMITED,678.00,695.00,678.00,689.60,688.20,678.00,,689.59,,,31401,21619781.20,1959,F1,1,,,,,
2026-09-17,2026-09-17,CM,NSE,STK,3327,INE659A01023,SUDARSCHEM,EQ,,,,,SUDARSHAN CHEMICAL INDS L,1205.20,1231.70,1192.30,1205.40,1192.50,1198.70,,1205.42,,,96727,117261496.20,7844,F1,1,,,,,
2026-09-17,2026-09-17,CM,NSE,STK,715,INE492A01029,SUDARCOLOR,EQ,,,,,SUDARSHAN COLORNT IND LTD,370.50,386.00,370.00,377.60,378.00,370.50,,377.60,,,10787,4068630.80,267,F1,1,,,,,
2026-09-17,2026-09-17,CM,NSE,STK,760039,INE0QPI01025,SUDEEPPHRM,EQ,,,,,SUDEEP PHARMA LIMITED,1107.20,1155.90,1086.20,1105.40,1107.00,1107.20,,1105.42,,,263271,293504191.10,16849,F1,1,,,,,
2026-09-17,2026-09-17,CM,NSE,STK,11804,INE450E01029,SUKHJITS,EQ,,,,,SUKHJIT STARCH & CHEM LTD,160.00,162.95,160.00,160.71,161.79,159.22,,160.71,,,10305,1663622.74,357,F1,1,,,,,
2026-09-17,2026-09-17,CM,NSE,STK,13218,INE142Q01026,SULA,EQ,,,,,SULA VINEYARDS LIMITED,136.52,137.57,135.00,135.90,135.00,136.52,,135.90,,,211637,28788375.00,4146,F1,1,,,,,
2026-09-17,2026-09-17,CM,NSE,STK,765507,INE11Z001019,SUMAX,SM,,,,,SUMAX ENGINEERING LIMITED,113.90,127.05,106.10,119.50,122.00,119.60,,119.50,,,351600,41784660.00,258,F1,1200,,,,,
2026-09-17,2026-09-17,CM,NSE,STK,765175,INE886B01012,SUMEDHA,EQ,,,,,SUMEDHA FISCAL SERVICES L,47.44,47.44,42.55,44.61,44.99,43.15,,44.51,,,1402,63235.09,51,F1,1,,,,,
2026-09-17,2026-09-17,CM,NSE,STK,20790,INE235C01036,SUMEETINDS,EQ,,,,,SUMEET IND LIMITED,9.44,9.98,9.26,9.35,9.50,9.73,,9.35,,,1527262,14518669.23,2225,F1,1,,,,,
2026-09-17,2026-09-17,CM,NSE,STK,11140,INE748Z01013,SUMIT,EQ,,,,,SUMIT WOODS LIMITED,49.81,51.40,47.25,48.66,48.90,50.56,,48.66,,,21772,1071836.21,256,F1,1,,,,,
2026-09-17,2026-09-17,CM,NSE,STK,17105,INE258G01013,SUMICHEM,EQ,,,,,SUMITOMO CHEM INDIA LTD,454.05,458.90,451.50,455.45,457.00,454.05,,455.46,,,171579,78147226.00,9383,F1,1,,,,,
2026-09-17,2026-09-17,CM,NSE,STK,21275,INE519C01017,SUMMITSEC,EQ,,,,,SUMMIT SECURITIES LTD,1399.00,1399.00,1383.50,1384.80,1389.60,1391.70,,1384.80,,,2158,2997225.60,316,F1,1,,,,,
2026-09-17,2026-09-17,CM,NSE,STK,14788,INE232I01014,SPARC,EQ,,,,,SUN PHARMA ADV.RES.CO.LTD,184.00,195.36,183.08,193.16,194.00,185.59,,193.16,,,836310,159977488.38,14438,F1,1,,,,,
2026-09-17,2026-09-17,CM,NSE,STK,3351,INE044A01036,SUNPHARMA,EQ,,,,,SUN PHARMACEUTICAL IND L,1853.50,1867.30,1847.40,1867.30,1867.30,1853.50,,1867.19,,,1377506,2560315081.20,71633,F1,1,,,,,
2026-09-17,2026-09-17,CM,NSE,STK,13404,INE424H01027,SUNTV,EQ,,,,,SUN TV NETWORK LIMITED,463.95,471.00,459.15,468.40,468.50,462.45,,468.38,,,195432,91287238.30,13668,F1,1,,,,,
2026-09-17,2026-09-17,CM,NSE,STK,20956,INE0Q3R01026,SUNCLAY,EQ,,,,,SUNDARAM CLAYTON LIMITED,1268.80,1268.80,1250.00,1252.80,1252.40,1257.40,,1252.88,,,2894,3629129.40,306,F1,1,,,,,
2026-09-17,2026-09-17,CM,NSE,STK,3339,INE660A01013,SUNDARMFIN,EQ,,,,,SUNDARAM FINANCE LTD,4672.40,4725.00,4625.00,4662.80,4725.00,4672.40,,4662.76,,,30137,139972232.50,8599,F1,1,,,,,
2026-09-17,2026-09-17,CM,NSE,STK,18931,INE108E01023,SUNDARAM,EQ,,,,,SUNDARAM MULTI PAP LTD,1.19,1.22,1.17,1.18,1.19,1.17,,1.18,,,276086,330390.83,241,F1,1,,,,,
2026-09-17,2026-09-17,CM,NSE,STK,9848,INE073D01013,SUNDRMBRAK,BE,,,,,SUNDARAMBRAKE LININGS LTD,684.50,705.00,684.50,692.10,705.00,685.05,,692.10,,,652,451322.20,19,F1,1,,,,,
2026-09-17,2026-09-17,CM,NSE,STK,3345,INE387A01021,SUNDRMFAST,EQ,,,,,SUNDRAM FASTENERS LTD,1207.70,1236.90,1207.70,1226.70,1225.00,1219.90,,1226.67,,,81682,100151538.20,8272,F1,1,,,,,
2026-09-17,2026-09-17,CM,NSE,STK,761202,INE0CTB01014,SOCL,SM,,,,,SUNDREX OIL COMPANY LTD,28.50,28.50,28.50,28.50,28.50,29.00,,28.50,,,3200,91200.00,2,F1,1600,,,,,
2026-09-17,2026-09-17,CM,NSE,STK,1663,INE209A01019,SUNDROP,EQ,,,,,SUNDROP BRANDS LIMITED,657.40,662.00,652.00,657.40,656.85,653.15,,657.40,,,6188,4065066.90,320,F1,1,,,,,
2026-09-17,2026-09-17,CM,NSE,STK,3348,INE947A01014,SUNFLAG,EQ,,,,,SUNFLAG IRON AND STEEL CO,337.10,345.90,337.10,343.70,344.00,339.00,,343.70,,,86885,29716299.00,2160,F1,1,,,,,
2026-09-17,2026-09-17,CM,NSE,STK,18264,INE0O3O01017,SEL,SM,,,,,SUNGARNER ENERGIES LTD,364.90,365.00,350.00,350.00,350.00,365.00,,350.00,,,1400,506320.00,4,F1,200,,,,,
2026-09-17,2026-09-17,CM,NSE,STK,765180,INE671C01016,SUNLOC,EQ,,,,,SUNIL HEALTHCARE LTD.,73.49,73.49,73.49,73.49,73.49,73.49,,73.49,,,20,1469.80,1,F1,1,,,,,
2026-09-17,2026-09-17,CM,NSE,STK,24868,INE0U2N01013,SUNLITE,SM,,,,,SUNLITE RECYCLING IND LTD,661.00,668.00,620.00,629.65,622.80,650.25,,629.65,,,30900,19690650.00,88,F1,300,,,,,
2026-09-17,2026-09-17,CM,NSE,STK,764925,INE671K01027,SUNRAKSHAK,EQ,,,,,SUNRAKSHAKK INDUS IND L,370.00,372.00,360.00,362.10,368.95,370.55,,362.73,,,5639,2066042.70,327,F1,1,,,,,
2026-09-17,2026-09-17,CM,NSE,STK,20213,INE0PLZ01012,SUNREST,SM,,,,,SUNREST LIFESCIENCE LTD,37.50,37.75,36.40,37.75,37.75,37.95,,37.75,,,16000,594000.00,10,F1,1600,,,,,
2026-09-17,2026-09-17,CM,NSE,STK,764930,INE199E01014,SUNSHIEL,EQ,,,,,SUNSHIELD CHEMICALS LTD.,1234.90,1250.00,1205.00,1215.70,1220.00,1213.80,,1215.56,,,3393,4185718.90,486,F1,1,,,,,
2026-09-17,2026-09-17,CM,NSE,STK,765387,INE1B3O01011,SUNSHINE,EQ,,,,,SUNSHINE PICTURES LIMITED,365.00,400.05,350.00,394.00,394.00,363.70,,393.99,,,2910804,1102443165.45,43825,F1,1,,,,,
2026-09-17,2026-09-17,CM,NSE,STK,757763,INE0SGZ01016,SUNTECH,SM,,,,,SUNTECH INFRA SOLUTIONS L,37.00,37.00,36.80,36.80,36.80,38.70,,36.80,,,12800,471440.00,8,F1,1600,,,,,
2026-09-17,2026-09-17,CM,NSE,STK,17641,INE805D01034,SUNTECK,EQ,,,,,SUNTECK REALTY LIMITED,280.65,284.80,278.95,281.25,280.55,281.15,,281.23,,,54136,15229036.05,2398,F1,1,,,,,
2026-09-17,2026-09-17,CM,NSE,STK,8931,INE662A01027,SUPERSPIN,BE,,,,,SUPER SPINNING MILLS LTD,6.86,7.19,6.61,7.19,7.19,6.85,,7.19,,,65074,461508.22,74,F1,1,,,,,
2026-09-17,2026-09-17,CM,NSE,STK,764938,INE460D01038,SUPTANERY,BE,,,,,SUPER TANNERY LTD.,8.78,8.78,8.78,8.78,8.78,9.24,,8.81,,,81522,715763.16,305,F1,1,,,,,
2026-09-17,2026-09-17,CM,NSE,STK,20616,INE712B01010,SUPERHOUSE,EQ,,,,,SUPERHOUSE LIMITED,175.50,175.50,167.20,167.58,168.00,167.48,,167.58,,,5587,943045.07,240,F1,1,,,,,
2026-09-17,2026-09-17,CM,NSE,STK,11689,INE399C01030,SUPRAJIT,EQ,,,,,SUPRAJIT ENGINEERING LTD,485.00,492.60,481.10,484.75,487.70,488.15,,484.73,,,40496,19683490.85,4979,F1,1,,,,,
2026-09-17,2026-09-17,CM,NSE,STK,758997,INE319Z01021,SUPREMEENG,BZ,,,,,SUPREME ENGINEERING LTD,3.51,3.51,3.51,3.51,3.51,3.45,,3.51,,,469407,1647618.57,104,F1,1,,,,,
2026-09-17,2026-09-17,CM,NSE,STK,28069,INE0U6N01014,SFML,SM,,,,,SUPREME FACILITY MGMT LTD,20.50,20.60,20.50,20.60,20.60,20.50,,20.60,,,3200,65760.00,2,F1,1600,,,,,
2026-09-17,2026-09-17,CM,NSE,STK,29439,INE822E01011,SUPREME,EQ,,,,,SUPREME HOLDIN N HOSP I L,32.00,34.30,31.72,32.21,32.05,32.08,,32.21,,,36149,1167193.63,236,F1,1,,,,,
2026-09-17,2026-09-17,CM,NSE,STK,3363,INE195A01028,SUPREMEIND,EQ,,,,,SUPREME INDUSTRIES LTD,3300.00,3381.40,3300.00,3344.40,3344.40,3300.00,,3344.33,,,84838,284046854.80,12549,F1,1,,,,,
2026-09-17,2026-09-17,CM,NSE,STK,15002,INE550H01011,SUPREMEINF,EQ,,,,,SUPREME INFRA. LTD.,79.05,83.50,79.05,82.65,80.54,79.66,,82.65,,,6214,504981.02,245,F1,1,,,,,
2026-09-17,2026-09-17,CM,NSE,STK,9617,INE663A01033,SPLPETRO,EQ,,,,,SUPREME PETROCHEM LIMITED,800.60,814.90,790.60,807.00,805.00,792.70,,807.02,,,113748,91834583.65,9523,F1,1,,,,,
2026-09-17,2026-09-17,CM,NSE,STK,21067,INE0QHG01026,SUPREMEPWR,SM,,,,,SUPREME POWER EQUIPMENT L,199.30,214.95,199.30,210.85,212.00,204.75,,210.85,,,43000,9099925.00,59,F1,500,,,,,
2026-09-17,2026-09-17,CM,NSE,STK,7390,INE07RO01027,SUPRIYA,EQ,,,,,SUPRIYA LIFESCIENCE LTD,876.60,904.00,870.10,900.65,904.00,877.85,,900.57,,,126854,113096771.60,11701,F1,1,,,,,
2026-09-17,2026-09-17,CM,NSE,STK,20822,INE843S01025,SURAJEST,EQ,,,,,SURAJ ESTATE DEVELOPERS L,168.30,179.30,165.00,177.39,177.00,168.69,,177.41,,,224699,39030526.82,4213,F1,1,,,,,
2026-09-17,2026-09-17,CM,NSE,STK,24966,INE713C01016,SURAJLTD,EQ,,,,,SURAJ LIMITED,201.49,202.00,201.49,201.90,201.90,197.32,,202.45,,,151,30476.40,3,F1,1,,,,,
2026-09-17,2026-09-17,CM,NSE,STK,27334,INE877V01027,SURAKSHA,EQ,,,,,SURAKSHA DIAGNOSTIC LTD,323.40,330.70,323.40,328.95,328.00,326.80,,328.95,,,96967,31770126.15,5577,F1,1,,,,,
2026-09-17,2026-09-17,CM,NSE,STK,21077,INE272L01022,SURANASOL,EQ,,,,,SURANA SOLAR LIMITED,25.27,25.90,24.83,25.03,25.01,25.01,,25.03,,,24342,612665.65,423,F1,1,,,,,
2026-09-17,2026-09-17,CM,NSE,STK,10700,INE130B01031,SURANAT&P,EQ,,,,,SURANA TELECOM AND POW LT,15.66,16.20,15.66,15.85,15.93,15.86,,15.85,,,38039,605121.72,357,F1,1,,,,,
2026-09-17,2026-09-17,CM,NSE,STK,8513,INE01ZJ01015,SURANI,SM,,,,,SURANI STEEL TUBES LTD.,87.50,99.50,87.50,96.00,97.00,87.50,,96.00,,,5400,518650.00,12,F1,200,,,,,
2026-09-17,2026-09-17,CM,NSE,STK,14139,INE05ST01028,SBGLP,EQ,,,,,SURATWWALA BUS GROUP LTD,23.00,25.78,22.99,25.78,25.78,21.49,,25.78,,,684921,17608269.03,749,F1,1,,,,,
2026-09-17,2026-09-17,CM,NSE,STK,3375,INE335A01020,SURYAROSNI,EQ,,,,,SURYA ROSHNI LTD,209.00,213.00,208.21,209.97,210.90,209.20,,209.97,,,354392,74546412.53,5969,F1,1,,,,,
2026-09-17,2026-09-17,CM,NSE,STK,11852,INE713B01026,SURYALAXMI,EQ,,,,,SURYALAKSHMI COT MIL LTD,57.59,58.00,56.00,57.79,58.00,55.89,,57.79,,,3677,210641.87,81,F1,1,,,,,
2026-09-17,2026-09-17,CM,NSE,STK,762924,INE132C01027,SURYALA,EQ,,,,,SURYALATA SPINNING MILL L,405.00,405.00,380.60,400.25,405.00,386.85,,400.40,,,525,208634.05,41,F1,1,,,,,
2026-09-17,2026-09-17,CM,NSE,STK,2970,INE428Q01011,SURYODAY,EQ,,,,,SURYODAY SMALL FIN BK LTD,143.90,147.58,143.60,146.51,146.80,143.61,,146.51,,,107239,15691352.98,2612,F1,1,,,,,
2026-09-17,2026-09-17,CM,NSE,STK,13804,INE645H01027,SUTLEJTEX,BE,,,,,SUTLEJ TEXT & INDUS LTD,37.51,39.74,37.51,38.61,38.62,38.73,,38.61,,,10266,397469.45,48,F1,1,,,,,
2026-09-17,2026-09-17,CM,NSE,STK,11233,INE495B01038,SUVEN,EQ,,,,,SUVEN LIFE SCIENCES LTD,332.00,352.00,332.00,349.85,351.95,336.45,,349.87,,,366587,126177811.10,11150,F1,1,,,,,
2026-09-17,2026-09-17,CM,NSE,STK,2998,INE018401013,SUVIDHAA,EQ,,,,,SUVIDHAA INFOSERVE LTD,2.33,2.33,2.16,2.20,2.19,2.21,,2.22,,,238695,529965.91,384,F1,1,,,,,
2026-09-17,2026-09-17,CM,NSE,STK,24851,INE442P01014,SUYOG,EQ,,,,,SUYOG TELEMATICS LIMITED,664.75,671.90,660.00,664.25,664.65,657.35,,664.21,,,5676,3766224.50,545,F1,1,,,,,
2026-09-17,2026-09-17,CM,NSE,STK,12018,INE040H01021,SUZLON,EQ,,,,,SUZLON ENERGY LIMITED,42.01,42.90,42.01,42.54,42.54,42.15,,42.54,,,31153614,1326555963.24,72763,F1,1,,,,,
2026-09-17,2026-09-17,CM,NSE,STK,5020,INE308E01029,SVPGLOB,EQ,,,,,SVP GLOBAL TEXTILES LTD,3.49,3.57,3.25,3.35,3.35,3.41,,3.36,,,7503,25434.13,47,F1,1,,,,,
2026-09-17,2026-09-17,CM,NSE,STK,27095,INE665A01038,SWANCORP,EQ,,,,,SWAN CORP LIMITED,292.00,294.15,288.50,289.80,289.30,292.85,,289.75,,,897898,261607578.60,14813,F1,1,,,,,
2026-09-17,2026-09-17,CM,NSE,STK,29164,INE542F01020,SWANDEF,BE,,,,,SWAN DEFENCE N HEVY IND L,2734.00,2738.00,2667.20,2720.80,2700.00,2687.20,,2720.38,,,20103,54432819.70,905,F1,1,,,,,
2026-09-17,2026-09-17,CM,NSE,STK,3384,INE277A01016,SWARAJENG,EQ,,,,,SWARAJ ENGINES LTD,3535.60,3563.50,3510.00,3552.90,3550.00,3524.80,,3552.96,,,6103,21604641.20,2260,F1,1,,,,,
2026-09-17,2026-09-17,CM,NSE,STK,764496,INE0GMR01016,SWARAJ,BE,,,,,SWARAJ SUITING LIMITED,287.40,287.40,287.40,287.40,287.40,302.50,,287.46,,,4166,1197308.40,47,F1,1,,,,,
2026-09-17,2026-09-17,CM,NSE,STK,765185,INE967A01012,SWARNSAR,EQ,,,,,SWARNSARITA JEWELS IND L,38.50,39.68,37.50,38.72,38.98,37.32,,38.72,,,5937,229317.21,58,F1,1,,,,,
2026-09-17,2026-09-17,CM,NSE,STK,11497,INE0DGC01025,SWASTIK,ST,,,,,SWASTIK PIPE LIMITED,15.90,16.40,15.25,16.40,16.40,15.90,,16.40,,,7200,112740.00,6,F1,1200,,,,,
2026-09-17,2026-09-17,CM,NSE,STK,11909,INE409B01013,SWELECTES,EQ,,,,,SWELECT ENERGY SYS LTD,543.45,559.00,543.45,552.75,554.00,543.45,,552.78,,,8351,4599086.05,1033,F1,1,,,,,
2026-09-17,2026-09-17,CM,NSE,STK,27066,INE00H001014,SWIGGY,EQ,,,,,SWIGGY LIMITED,271.00,278.65,271.00,276.50,276.50,270.50,,276.50,,,9241202,2550919010.15,54758,F1,1,,,,,
2026-09-17,2026-09-17,CM,NSE,STK,765193,INE010C01025,SWISSMLTRY,BE,,,,,SWISS MILITARY CON GOOD L,14.40,15.00,14.40,14.76,14.62,14.66,,14.76,,,31367,459100.83,205,F1,1,,,,,
2026-09-17,2026-09-17,CM,NSE,STK,765485,INE899I01028,SYMBIOTEC,EQ,,,,,SYMBIOTEC PHARMALAB LTD,1040.00,1057.00,1020.60,1045.60,1052.00,1042.80,,1045.62,,,496349,516856877.35,29558,F1,1,,,,,
2026-09-17,2026-09-17,CM,NSE,STK,24190,INE225D01027,SYMPHONY,EQ,,,,,SYMPHONY LIMITED,570.60,588.00,569.10,584.90,585.00,570.10,,584.92,,,36945,21400580.95,2229,F1,1,,,,,
2026-09-17,2026-09-17,CM,NSE,STK,11992,INE312C01025,SYNCOMF,EQ,,,,,SYNCOM FORMU (I) LTD,18.40,19.05,18.16,18.78,18.80,18.41,,18.78,,,5134471,96004766.51,9885,F1,1,,,,,
2026-09-17,2026-09-17,CM,NSE,STK,5114,INE00QT01015,SGIL,EQ,,,,,SYNERGY GREEN IND. LTD,606.35,606.60,583.10,592.35,585.00,581.50,,592.29,,,4910,2903704.65,209,F1,1,,,,,
2026-09-17,2026-09-17,CM,NSE,STK,10243,INE398R01022,SYNGENE,EQ,,,,,SYNGENE INTERNATIONAL LTD,380.10,381.50,376.10,380.20,380.00,380.10,,380.19,,,160993,61027618.55,9060,F1,1,,,,,
2026-09-17,2026-09-17,CM,NSE,STK,10793,INE0DYJ01015,SYRMA,EQ,,,,,SYRMA SGS TECHNOLOGY LTD,1513.50,1658.00,1513.50,1617.70,1616.10,1511.20,,1617.65,,,9182371,14940887330.10,336306,F1,1,,,,,
2026-09-17,2026-09-17,CM,NSE,STK,14506,INE0O7R01011,SYSTANGO,SM,,,,,SYSTANGO TECHNOLOGIES LTD,220.25,222.00,212.00,220.00,220.00,222.55,,220.00,,,27600,6030260.00,59,F1,400,,,,,
2026-09-17,2026-09-17,CM,NSE,STK,759358,INE356B01024,SYSTMTXC,BE,,,,,SYSTEMATIX CORP SERVICE L,72.05,72.67,72.05,72.67,72.67,71.25,,72.93,,,7076,512788.16,19,F1,1,,,,,
2026-09-17,2026-09-17,CM,NSE,STK,764955,INE284B01028,TGVSL,EQ,,,,,T G V SRAAC LTD.,102.65,104.00,102.01,102.58,102.21,102.37,,102.69,,,45919,4729295.53,610,F1,1,,,,,
2026-09-17,2026-09-17,CM,NSE,STK,14314,INE592B01024,TTL,EQ,,,,,T T LIMITED,6.49,7.60,6.48,7.07,7.07,6.43,,7.07,,,626276,4401764.71,1286,F1,1,,,,,
2026-09-17,2026-09-17,CM,NSE,STK,762929,INE524T01011,TAALTECH,EQ,,,,,TAAL TECH LTD.,5220.00,5439.00,5175.40,5349.20,5400.10,5121.20,,5351.06,,,16454,87563265.30,3731,F1,1,,,,,
2026-09-17,2026-09-17,CM,NSE,STK,23441,INE0SOY01013,TAC,ST,,,,,TAC INFOSEC LIMITED,486.95,508.00,486.95,493.95,497.00,487.95,,493.95,,,38000,18925310.00,151,F1,200,,,,,
2026-09-17,2026-09-17,CM,NSE,STK,3396,INE123C01018,TAINWALCHM,EQ,,,,,TAINWALA CHEMICAL AND PLA,205.37,213.70,205.37,210.04,210.00,209.09,,210.04,,,5026,1060071.97,68,F1,1,,,,,
2026-09-17,2026-09-17,CM,NSE,STK,9354,INE586B01026,TAJGVK,EQ,,,,,TAJ GVK HOTELS & RESORTS,327.40,335.00,325.05,333.40,334.60,327.40,,333.38,,,42903,14205400.85,1419,F1,1,,,,,
2026-09-17,2026-09-17,CM,NSE,STK,14917,INE142I01023,TAKE,EQ,,,,,TAKE LIMITED,17.01,17.59,16.79,16.79,16.79,17.67,,16.81,,,179028,3027262.98,429,F1,1,,,,,
2026-09-17,2026-09-17,CM,NSE,STK,13648,INE187D01029,TALBROAUTO,EQ,,,,,TALBROS AUTO. COMP. LTD,420.80,442.00,418.40,435.20,435.50,418.80,,435.17,,,360775,156912509.25,11901,F1,1,,,,,
2026-09-17,2026-09-17,CM,NSE,STK,762937,INE864J01012,TAMBOLIIN,BE,,,,,TAMBOLI INDUSTRIES LTD.,264.80,292.60,264.80,292.45,290.00,278.70,,292.45,,,8885,2592866.55,55,F1,1,,,,,
2026-09-17,2026-09-17,CM,NSE,STK,10945,INE668A01016,TMB,EQ,,,,,TAMILNAD MERCA BANK LTD,907.00,912.40,889.45,891.45,896.00,904.20,,891.46,,,90552,81253374.50,12898,F1,1,,,,,
2026-09-17,2026-09-17,CM,NSE,STK,3980,INE107A01015,TNPL,EQ,,,,,TAMILNADU NEWSPRT & PAPER,147.25,151.00,143.81,144.64,145.01,152.09,,144.64,,,389795,57171366.89,7156,F1,1,,,,,
2026-09-17,2026-09-17,CM,NSE,STK,3509,INE148A01019,TNPETRO,EQ,,,,,TAMILNADU PETROPRODUCTS L,126.84,132.00,125.20,127.34,127.30,127.72,,127.34,,,902146,115999859.52,11584,F1,1,,,,,
2026-09-17,2026-09-17,CM,NSE,STK,3512,INE141D01018,TNTELE,EQ,,,,,TAMILNADU TELECOMMUNICATI,8.99,8.99,8.52,8.84,8.80,8.72,,8.87,,,13146,115248.83,98,F1,1,,,,,
2026-09-17,2026-09-17,CM,NSE,STK,764945,INE692C01020,TANAA,EQ,,,,,TANEJA AEROSPACE & AVIA L,263.20,269.95,263.20,266.05,266.50,263.20,,266.05,,,4382,1168131.25,398,F1,1,,,,,
2026-09-17,2026-09-17,CM,NSE,STK,756338,INE0Z7N01017,TANKUP,ST,,,,,TANKUP ENGINEERS LIMITED,1560.00,1614.95,1560.00,1614.95,1614.95,1584.70,,1614.95,,,1000,1601212.50,4,F1,250,,,,,
2026-09-17,2026-09-17,CM,NSE,STK,13976,INE483C01032,TANLA,EQ,,,,,TANLA PLATFORMS LIMITED,489.55,499.80,489.55,495.15,495.95,487.55,,495.16,,,235269,116521188.05,10413,F1,1,,,,,
2026-09-17,2026-09-17,CM,NSE,STK,23512,INE555Z01020,TARACHAND,EQ,,,,,TARA CHAND INFRA SOLN LTD,47.75,47.75,46.73,46.80,46.97,46.73,,46.80,,,17811,835003.20,209,F1,1,,,,,
2026-09-17,2026-09-17,CM,NSE,STK,18827,INE747K01017,TARAPUR,EQ,,,,,TARAPUR TRANSFORMERS LTD,13.21,13.21,12.25,12.46,12.60,12.53,,12.45,,,36564,463063.62,229,F1,1,,,,,
2026-09-17,2026-09-17,CM,NSE,STK,1581,INE0EK901012,TARC,EQ,,,,,TARC LIMITED,128.81,131.90,128.11,130.69,130.01,128.81,,130.68,,,380735,49686449.78,4491,F1,1,,,,,
2026-09-17,2026-09-17,CM,NSE,STK,14771,INE924H01018,TARMAT,EQ,,,,,TARMAT LIMITED,57.06,57.97,56.20,56.56,57.00,57.47,,56.56,,,8291,474325.74,242,F1,1,,,,,
2026-09-17,2026-09-17,CM,NSE,STK,6943,INE144Z01023,TARSONS,EQ,,,,,TARSONS PRODUCTS LIMITED,302.00,310.50,301.95,307.80,306.55,302.30,,307.80,,,46004,14154158.95,2557,F1,1,,,,,
2026-09-17,2026-09-17,CM,NSE,STK,20092,INE488B01017,TASTYBITE,EQ,,,,,TASTY BITE EATABLES LTD,9900.00,10058.00,9868.00,9944.00,10000.00,9936.00,,9939.25,,,2447,24454260.00,636,F1,1,,,,,
2026-09-17,2026-09-17,CM,NSE,STK,759265,INE976I01016,TATACAP,EQ,,,,,TATA CAPITAL LIMITED,342.50,348.00,341.65,343.65,343.95,343.50,,343.66,,,1147908,394990333.80,67788,F1,1,,,,,
2026-09-17,2026-09-17,CM,NSE,STK,3405,INE092A01019,TATACHEM,EQ,,,,,TATA CHEMICALS LTD,728.00,832.00,724.75,779.30,774.65,731.80,,779.36,,,14321725,11189953958.20,313160,F1,1,,,,,
2026-09-17,2026-09-17,CM,NSE,STK,3721,INE151A01013,TATACOMM,EQ,,,,,TATA COMMUNICATIONS LTD,1810.00,1831.50,1771.20,1791.60,1796.90,1799.30,,1791.63,,,310186,557664746.00,31197,F1,1,,,,,
2026-09-17,2026-09-17,CM,NSE,STK,11536,INE467B01029,TCS,EQ,,,,,TATA CONSULTANCY SERV LT,2171.00,2263.60,2162.50,2190.00,2190.00,2188.80,,2190.24,,,3295917,7248174115.10,112948,F1,1,,,,,
2026-09-17,2026-09-17,CM,NSE,STK,3432,INE192A01025,TATACONSUM,EQ,,,,,TATA CONSUMER PRODUCT LTD,1003.10,1020.30,999.00,1013.70,1013.70,1000.10,,1013.70,,,1966538,1990937979.30,63945,F1,1,,,,,
2026-09-17,2026-09-17,CM,NSE,STK,3411,INE670A01012,TATAELXSI,EQ,,,,,TATA ELXSI LIMITED,3373.00,3405.00,3343.50,3381.80,3381.80,3373.00,,3381.82,,,123676,417903483.30,15420,F1,1,,,,,
2026-09-17,2026-09-17,CM,NSE,STK,1621,INE672A01026,TATAINVEST,EQ,,,,,TATA INVESTMENT CORP LTD,676.10,733.50,670.00,719.30,718.95,681.95,,719.29,,,3732302,2649131317.30,136475,F1,1,,,,,
2026-09-17,2026-09-17,CM,NSE,STK,759782,INE1TAE01010,TMCV,EQ,,,,,TATA MOTORS LIMITED,424.25,437.35,421.80,436.10,436.45,424.25,,436.10,,,4775496,2060603582.40,83045,F1,1,,,,,
2026-09-17,2026-09-17,CM,NSE,STK,3456,INE155A01022,TMPV,EQ,,,,,TATA MOTORS PASS VEH LTD,301.00,319.80,299.75,314.50,314.50,301.00,,314.50,,,11903808,3704411889.95,83445,F1,1,,,,,
2026-09-17,2026-09-17,CM,NSE,STK,3426,INE245A01021,TATAPOWER,EQ,,,,,TATA POWER CO LTD,360.40,370.40,360.20,369.00,369.00,360.40,,368.99,,,2859852,1045767077.95,50283,F1,1,,,,,
2026-09-17,2026-09-17,CM,NSE,STK,3499,INE081A01020,TATASTEEL,EQ,,,,,TATA STEEL LIMITED,183.00,189.49,182.87,187.29,187.29,183.00,,187.35,,,29397693,5457511338.49,114690,F1,1,,,,,
2026-09-17,2026-09-17,CM,NSE,STK,20293,INE142M01025,TATATECH,EQ,,,,,TATA TECHNOLOGIES LIMITED,747.95,767.80,743.80,758.75,757.00,748.40,,758.75,,,737720,558596834.55,42326,F1,1,,,,,
2026-09-17,2026-09-17,CM,NSE,STK,8954,INE517B01013,TTML,EQ,,,,,TATA TELESERV(MAHARASTRA),35.00,38.25,34.95,36.64,36.60,35.22,,36.64,,,3196332,117134562.03,14042,F1,1,,,,,
2026-09-17,2026-09-17,CM,NSE,STK,7838,INF277K015R5,NETF,EQ,,,,,TATAAML - NETF,251.00,254.87,251.00,254.10,252.00,251.74,,249.48,,,1110,281960.07,128,F1,1,,,,,
2026-09-17,2026-09-17,CM,NSE,STK,12978,INF277K010X4,NPBET,EQ,,,,,TATAAML - NPBET,284.26,284.26,282.00,282.79,282.00,282.63,,282.79,,,386,109392.99,19,F1,1,,,,,
2026-09-17,2026-09-17,CM,NSE,STK,8882,INF277KA1364,TNIDETF,EQ,,,,,TATAAML - TNIDETF,87.54,89.37,87.54,88.37,88.02,87.97,,88.37,,,57525,5078954.94,293,F1,1,,,,,
2026-09-17,2026-09-17,CM,NSE,STK,21401,INF277KA1976,TATAGOLD,EQ,,,,,TATAAML-TATAGOLD,14.56,14.69,14.55,14.62,14.63,14.68,,14.62,,,37551457,549049778.80,54541,F1,1,,,,,
2026-09-17,2026-09-17,CM,NSE,STK,21428,INF277KA1984,TATSILV,EQ,,,,,TATAAML-TATSILV,21.99,22.10,21.84,21.99,22.01,22.20,,21.99,,,33319083,731932374.37,38711,F1,1,,,,,
2026-09-17,2026-09-17,CM,NSE,STK,5162,INE0GK401011,TATVA,EQ,,,,,TATVA CHIN PHARM CHEM LTD,1670.00,1720.00,1635.00,1709.60,1704.00,1646.80,,1709.39,,,89934,152136775.20,11704,F1,1,,,,,
2026-09-17,2026-09-17,CM,NSE,STK,759759,INE0XWS01018,TAURIAN,ST,,,,,TAURIAN MPS LIMITED,475.00,492.95,474.00,492.65,492.00,469.50,,492.65,,,35200,17192400.00,43,F1,800,,,,,
2026-09-17,2026-09-17,CM,NSE,STK,11754,INE053F07835,753IRFC30,NJ,,,,,TAX FREE  7.53% SR. 103 A,1139.79,1139.79,1139.79,1139.79,1139.79,1143.00,,1139.79,,,1,1139.79,1,F1,1,,,,,
2026-09-17,2026-09-17,CM,NSE,STK,15168,INE053F07900,764IRFC31,NO,,,,,TAX FREE  7.64% SR. 108A,1148.50,1148.50,1146.01,1146.01,1146.01,1148.00,,1146.01,,,659,756515.48,8,F1,1,,,,,
2026-09-17,2026-09-17,CM,NSE,STK,14529,INE906B07EP5,769NHAI31,NE,,,,,TAX FREE 7.69% SR. IIB,1083.94,1084.90,1075.26,1076.69,1078.99,1080.00,,1076.73,,,2440,2637432.18,90,F1,1,,,,,
2026-09-17,2026-09-17,CM,NSE,STK,11954,INE906B07EI0,735NHAI31,N9,,,,,TAX FREE7.35% SR.IIA,1104.01,1104.01,1104.01,1104.01,1104.01,1107.05,,1104.01,,,10,11040.10,1,F1,1,,,,,
2026-09-17,2026-09-17,CM,NSE,STK,12003,INE906B07EJ8,76NHAI31,NA,,,,,TAX FREE7.60% SR.IIB,1108.15,1110.90,1108.15,1109.08,1109.05,1108.05,,1109.08,,,785,870692.93,17,F1,1,,,,,
2026-09-17,2026-09-17,CM,NSE,STK,24019,INE0N2D01013,TBI,SM,,,,,TBI CORN LIMITED,79.75,80.50,76.20,77.15,76.20,77.90,,77.15,,,49200,3867090.00,60,F1,600,,,,,
2026-09-17,2026-09-17,CM,NSE,STK,23740,INE673O01025,TBOTEK,EQ,,,,,TBO TEK LIMITED,1646.30,1683.20,1625.10,1647.70,1649.80,1631.40,,1647.66,,,68566,113757961.10,7000,F1,1,,,,,
2026-09-17,2026-09-17,CM,NSE,STK,761814,INE887D01024,TCC,EQ,,,,,TCC CONCEPT LIMITED,52.16,52.39,50.15,51.25,50.41,52.26,,51.26,,,658138,33781269.99,4240,F1,1,,,,,
2026-09-17,2026-09-17,CM,NSE,STK,19223,INE586V01016,TCIEXP,EQ,,,,,TCI EXPRESS LIMITED,488.00,503.00,486.95,490.75,489.50,489.10,,490.79,,,10399,5139847.75,1078,F1,1,,,,,
2026-09-17,2026-09-17,CM,NSE,STK,4771,INE911B01018,TCIFINANCE,EQ,,,,,TCI FINANCE LTD,14.26,15.19,14.26,14.62,14.70,14.89,,14.63,,,8402,123618.12,87,F1,1,,,,,
2026-09-17,2026-09-17,CM,NSE,STK,184,INE822C01015,TCPLPACK,EQ,,,,,TCPL PACKAGING LIMITED,3817.00,3936.20,3817.00,3863.40,3851.00,3863.00,,3863.55,,,7005,27185952.90,1882,F1,1,,,,,
2026-09-17,2026-09-17,CM,NSE,STK,25178,INE419M01035,TDPOWERSYS,EQ,,,,,TD POWER SYSTEMS LTD.,701.40,723.80,691.55,722.10,722.50,696.00,,722.09,,,2030402,1449394232.80,78914,F1,1,,,,,
2026-09-17,2026-09-17,CM,NSE,STK,10717,INE289C01025,TEAMGTY,EQ,,,,,TEAM INDIA GUARANTY LTD,247.90,247.90,235.00,235.00,235.00,242.52,,235.00,,,372,87469.02,12,F1,1,,,,,
2026-09-17,2026-09-17,CM,NSE,STK,12716,INE985S01024,TEAMLEASE,EQ,,,,,TEAMLEASE SERVICES LTD.,1231.10,1245.80,1213.00,1226.70,1216.00,1228.00,,1226.72,,,9021,11101387.30,2575,F1,1,,,,,
2026-09-17,2026-09-17,CM,NSE,STK,17000,INE065J01024,TPHQ,BE,,,,,TEAMO PRODUCTIONS HQ LTD,0.52,0.54,0.52,0.53,0.54,0.52,,0.54,,,745748,399476.67,261,F1,1,,,,,
2026-09-17,2026-09-17,CM,NSE,STK,763571,INE2OL601013,TEAMTECH,ST,,,,,TEAMTECH FORMWORK SOL LTD,124.95,125.65,115.00,125.65,125.65,119.70,,125.65,,,32000,3914200.00,16,F1,2000,,,,,
2026-09-17,2026-09-17,CM,NSE,STK,13538,INE669C01036,TECHM,EQ,,,,,TECH MAHINDRA LIMITED,1545.10,1569.70,1538.00,1561.00,1561.00,1558.00,,1560.75,,,2730331,4246901433.90,72246,F1,1,,,,,
2026-09-17,2026-09-17,CM,NSE,STK,759138,INE0Y5H01014,TECHD,SM,,,,,TECHD CYBERSECURITY LTD,564.70,595.00,564.70,580.65,580.00,556.45,,580.65,,,18900,10969215.00,58,F1,300,,,,,
2026-09-17,2026-09-17,CM,NSE,STK,25652,INE0JQS01019,TECHERA,SM,,,,,TECHERA ENGINEER (IND) L,163.00,163.00,158.00,160.50,158.25,162.50,,160.50,,,19200,3075560.00,23,F1,800,,,,,
2026-09-17,2026-09-17,CM,NSE,STK,6445,INE285K01026,TECHNOE,EQ,,,,,TECHNO ELEC & ENG CO. LTD,975.00,998.70,975.00,984.70,987.00,971.05,,984.91,,,124912,123297896.00,10631,F1,1,,,,,
2026-09-17,2026-09-17,CM,NSE,STK,14223,INE545H01011,TIIL,EQ,,,,,TECHNOCRAFT IND LTD,3139.20,3164.00,3019.80,3049.70,3057.40,3114.20,,3049.81,,,45785,141454038.20,8659,F1,1,,,,,
2026-09-17,2026-09-17,CM,NSE,STK,764532,INE1D0W01018,TECHNOCRAF,EQ,,,,,TECHNOCRAFT VENTURES LTD,433.70,450.00,430.85,439.15,439.80,439.40,,439.14,,,1068609,472418900.90,22699,F1,1,,,,,
2026-09-17,2026-09-17,CM,NSE,STK,762939,INE314H01012,TECHNVISN,EQ,,,,,TECHNVISION VENTURES LTD.,4362.00,4576.00,4144.00,4144.00,4144.00,4362.00,,4138.60,,,378,1600417.00,78,F1,1,,,,,
2026-09-17,2026-09-17,CM,NSE,STK,3453,INE014B01011,TECILCHEM,EQ,,,,,TECIL CHEMICALS,10.68,10.68,8.99,9.76,9.85,9.20,,9.77,,,5140,49682.63,66,F1,1,,,,,
2026-09-17,2026-09-17,CM,NSE,STK,23530,INE0K6601012,TGL,ST,,,,,TEERTH GOPICON LIMITED,15.55,15.55,15.55,15.55,15.55,15.85,,15.55,,,3600,55980.00,8,F1,200,,,,,
2026-09-17,2026-09-17,CM,NSE,STK,7105,INE011K01018,TEGA,EQ,,,,,TEGA INDUSTRIES LIMITED,1699.10,1944.00,1699.00,1920.00,1909.40,1717.10,,1919.98,,,3909542,7351018492.50,188704,F1,1,,,,,
2026-09-17,2026-09-17,CM,NSE,STK,763825,INE0R1301019,TEJA,SM,,,,,TEJA ENGINEERING IND L,211.00,225.90,210.00,224.40,224.60,207.20,,224.40,,,104400,23362680.00,85,F1,600,,,,,
2026-09-17,2026-09-17,CM,NSE,STK,29723,INE17WC01013,TEJASCARGO,SM,,,,,TEJAS CARGO INDIA LIMITED,410.00,420.00,410.00,420.00,420.00,410.00,,420.00,,,20400,8564000.00,7,F1,400,,,,,
2026-09-17,2026-09-17,CM,NSE,STK,21131,INE010J01012,TEJASNET,EQ,,,,,TEJAS NETWORKS LIMITED,516.00,529.80,511.55,524.25,526.25,514.80,,524.28,,,1659693,862251949.45,39241,F1,1,,,,,
2026-09-17,2026-09-17,CM,NSE,STK,3275,INE869Y01028,TEMBO,EQ,,,,,TEMBO GLOBAL IND LTD,56.40,57.30,55.51,56.57,56.50,56.48,,56.57,,,727896,41080042.34,3967,F1,1,,,,,
2026-09-17,2026-09-17,CM,NSE,STK,765426,INE1KZI01025,TEMPSENS,EQ,,,,,TEMPSENS INST (INDIA) LTD,514.90,562.30,505.05,541.55,538.80,540.55,,541.56,,,4389873,2377236440.70,93566,F1,1,,,,,
2026-09-17,2026-09-17,CM,NSE,STK,759880,INE19RI01016,TENNIND,EQ,,,,,TENNECO CLEAN AIR INDIA L,510.40,516.15,507.45,514.05,512.00,512.05,,514.02,,,333393,170685922.30,24714,F1,1,,,,,
2026-09-17,2026-09-17,CM,NSE,STK,19292,INE482B01010,TERASOFT,EQ,,,,,TERA SOFTWARE LIMITED,230.25,240.90,223.25,225.45,227.80,234.25,,225.41,,,29406,6743193.80,1273,F1,1,,,,,
2026-09-17,2026-09-17,CM,NSE,STK,764950,INE390D01011,TERAI,EQ,,,,,TERAI TEA CO. LTD.,126.50,126.53,120.00,120.00,120.00,127.16,,120.00,,,1285,162139.51,16,F1,1,,,,,
2026-09-17,2026-09-17,CM,NSE,STK,11549,INE435C01024,TEXINFRA,EQ,,,,,TEXMACO INFRA & HOLDG LTD,114.36,117.58,114.32,115.13,115.00,116.25,,115.14,,,51383,5939875.70,1233,F1,1,,,,,
2026-09-17,2026-09-17,CM,NSE,STK,21828,INE621L01012,TEXRAIL,EQ,,,,,TEXMACO RAIL & ENG. LTD.,108.60,112.50,108.60,111.69,111.89,108.62,,111.70,,,1648322,182688482.12,12485,F1,1,,,,,
2026-09-17,2026-09-17,CM,NSE,STK,18214,INE141K01013,TEXMOPIPES,EQ,,,,,TEXMO PIPE & PRODUCTS LTD,57.20,63.00,57.20,62.24,62.45,57.45,,62.26,,,516056,31822461.15,4159,F1,1,,,,,
2026-09-17,2026-09-17,CM,NSE,STK,10744,INE733E07JT8,737NTPC35C,NA,,,,,TFB 7.37% 2035 SR. 3A,1366.00,1366.00,1366.00,1366.00,1366.00,1140.00,,1366.00,,,38,51908.00,1,F1,1,,,,,
2026-09-17,2026-09-17,CM,NSE,STK,10751,INE733E07JW2,762NTPC35F,ND,,,,,TFB 7.62% 2035 SR. 3B,1221.00,1221.00,1221.00,1221.00,1221.00,1221.00,,1221.00,,,349,426129.00,1,F1,1,,,,,
2026-09-17,2026-09-17,CM,NSE,STK,14607,INE797H01018,TGBHOTELS,EQ,,,,,TGB BANQUETS&HOTELS LTD,9.40,9.60,9.35,9.37,9.35,9.40,,9.38,,,12374,116932.05,55,F1,1,,,,,
2026-09-17,2026-09-17,CM,NSE,STK,22777,INE0QJL01014,TCL,SM,,,,,THAAI CASTING LIMITED,124.00,128.00,118.05,125.05,127.75,121.85,,125.05,,,80800,9843280.00,49,F1,800,,,,,
2026-09-17,2026-09-17,CM,NSE,STK,762944,INE077P01034,THACKER,EQ,,,,,THACKER & CO. LTD.,949.00,950.00,949.00,949.00,949.00,952.00,,949.00,,,6,5696.00,4,F1,1,,,,,
2026-09-17,2026-09-17,CM,NSE,STK,18118,INE085J01014,THANGAMAYL,EQ,,,,,THANGAMAYIL JEWELLERY LTD,4950.00,4950.00,4801.50,4811.00,4810.50,4927.00,,4810.81,,,49263,238557285.00,10938,F1,1,,,,,
2026-09-17,2026-09-17,CM,NSE,STK,9014,INE294Z01018,ANUP,EQ,,,,,THE ANUP ENGINEERING LTD,1636.00,1655.90,1624.50,1646.60,1655.00,1637.00,,1644.71,,,19786,32413402.90,3109,F1,1,,,,,
2026-09-17,2026-09-17,CM,NSE,STK,7930,INE319B01014,BYKE,BE,,,,,THE BYKE HOSPITALITY LTD,29.77,30.96,29.77,29.99,30.00,29.77,,29.99,,,10421,313380.75,58,F1,1,,,,,
2026-09-17,2026-09-17,CM,NSE,STK,13776,INE017A01032,GESHIP,EQ,,,,,THE GE SHPG.LTD,1392.00,1428.70,1387.50,1425.10,1423.00,1391.60,,1425.10,,,831737,1176648309.30,41751,F1,1,,,,,
2026-09-17,2026-09-17,CM,NSE,STK,17770,INE646C01018,GROBTEA,EQ,,,,,THE GROB TEA COMPANY LTD,938.20,949.00,922.00,930.00,925.00,938.95,,930.00,,,51,47669.20,13,F1,1,,,,,
2026-09-17,2026-09-17,CM,NSE,STK,8568,INE127B01011,HITECHGEAR,BE,,,,,THE HI-TECH GEARS LIMITED,546.00,546.00,527.50,540.70,540.80,527.50,,540.70,,,1284,690470.30,44,F1,1,,,,,
2026-09-17,2026-09-17,CM,NSE,STK,1515,INE383A01012,INDIACEM,EQ,,,,,THE INDIA CEMENTS LIMITED,334.65,359.40,334.55,351.70,356.50,334.65,,351.65,,,1540460,542367528.30,32888,F1,1,,,,,
2026-09-17,2026-09-17,CM,NSE,STK,1512,INE053A01029,INDHOTEL,EQ,,,,,THE INDIAN HOTELS CO. LTD,713.40,729.80,712.55,726.65,726.65,713.40,,726.65,,,1698327,1227830450.45,36954,F1,1,,,,,
2026-09-17,2026-09-17,CM,NSE,STK,21427,INE924D01017,THEINVEST,EQ,,,,,THE INVEST TRUST OF IND L,96.98,98.00,93.61,95.52,96.00,95.13,,95.59,,,2553,243827.94,137,F1,1,,,,,
2026-09-17,2026-09-17,CM,NSE,STK,399,INE470Y01017,NIACL,EQ,,,,,THE NEW INDIA ASSU CO LTD,186.50,201.24,186.50,197.05,196.76,184.19,,197.05,,,34650793,6786373232.78,303924,F1,1,,,,,
2026-09-17,2026-09-17,CM,NSE,STK,10321,INE431F01018,PKTEA,EQ,,,,,THE P K TEA PROD CO LTD,931.95,936.95,900.05,921.25,926.00,936.95,,921.25,,,2604,2399821.55,291,F1,1,,,,,
2026-09-17,2026-09-17,CM,NSE,STK,14552,INE211B01039,PHOENIXLTD,EQ,,,,,THE PHOENIX MILLS LTD,1878.00,1889.80,1864.20,1872.20,1872.20,1855.00,,1872.20,,,157063,294625828.60,13631,F1,1,,,,,
2026-09-17,2026-09-17,CM,NSE,STK,2043,INE331A01037,RAMCOCEM,EQ,,,,,THE RAMCO CEMENTS LIMITED,862.75,864.80,852.80,858.95,857.00,863.15,,858.94,,,96798,83185810.05,8199,F1,1,,,,,
2026-09-17,2026-09-17,CM,NSE,STK,2939,INE301D01026,RUBYMILLS,EQ,,,,,THE RUBY MILLS LTD,461.00,466.40,446.45,457.60,454.60,462.10,,457.60,,,25178,11498991.40,1080,F1,1,,,,,
2026-09-17,2026-09-17,CM,NSE,STK,5948,INE683A01023,SOUTHBANK,EQ,,,,,THE SOUTH INDIAN BANK LTD,45.20,46.40,45.20,45.88,45.95,45.19,,45.88,,,9755681,447776110.59,39201,F1,1,,,,,
2026-09-17,2026-09-17,CM,NSE,STK,10948,INE655A01013,STCINDIA,EQ,,,,,THE STATE TRADING CORPN,111.96,113.95,110.90,111.40,111.41,111.08,,111.21,,,17027,1901099.16,267,F1,1,,,,,
2026-09-17,2026-09-17,CM,NSE,STK,19578,INE071E01023,UGARSUGAR,EQ,,,,,THE UGAR SUGAR WORKS LTD,53.47,54.29,53.19,53.41,53.48,53.39,,53.41,,,243474,13070632.85,2677,F1,1,,,,,
2026-09-17,2026-09-17,CM,NSE,STK,20481,INE215F01023,WIPL,EQ,,,,,THE WESTERN INDIA PLY LTD,168.00,168.00,164.61,167.18,164.62,168.00,,167.18,,,841,140547.39,30,F1,1,,,,,
2026-09-17,2026-09-17,CM,NSE,STK,19279,INE121N01019,THEJO,EQ,,,,,THEJO ENGINEERING LIMITED,2162.90,2250.00,2157.00,2183.40,2180.00,2156.80,,2183.40,,,10121,22363858.70,1255,F1,1,,,,,
2026-09-17,2026-09-17,CM,NSE,STK,14485,INE083B01024,THEMISMED,EQ,,,,,THEMIS MEDICARE LTD.,120.50,123.34,119.00,119.85,119.00,119.76,,119.84,,,56488,6828983.98,1276,F1,1,,,,,
2026-09-17,2026-09-17,CM,NSE,STK,3475,INE152A01029,THERMAX,EQ,,,,,THERMAX LTD,3536.80,3591.40,3502.10,3569.50,3561.00,3536.80,,3569.37,,,80547,286744385.40,21985,F1,1,,,,,
2026-09-17,2026-09-17,CM,NSE,STK,3496,INE338A01024,TIRUMALCHM,EQ,,,,,THIRUMALAI CHEMICALS LTD,154.50,157.00,153.82,155.56,155.84,154.19,,155.57,,,193996,30096377.96,3727,F1,1,,,,,
2026-09-17,2026-09-17,CM,NSE,STK,3481,INE332A01027,THOMASCOOK,EQ,,,,,THOMAS COOK (INDIA) LTD,102.00,103.79,101.51,103.42,103.00,102.01,,103.42,,,332746,34237088.26,3363,F1,1,,,,,
2026-09-17,2026-09-17,CM,NSE,STK,31017,INE480M01011,THOMASCOTT,EQ,,,,,THOMAS SCOTT (INDIA) LTD,235.00,244.95,232.00,234.90,232.00,233.80,,234.90,,,53928,12781382.10,2340,F1,1,,,,,
2026-09-17,2026-09-17,CM,NSE,STK,17032,INE594H01019,THYROCARE,EQ,,,,,THYROCARE TECH LTD,542.05,560.00,536.10,559.25,559.95,541.30,,559.27,,,145357,80595517.80,12227,F1,1,,,,,
2026-09-17,2026-09-17,CM,NSE,STK,759176,INE906O01029,TIGERLOGS,EQ,,,,,TIGER LOGISTICS (INDIA) L,27.31,27.61,26.46,26.66,26.60,26.88,,26.67,,,26633,712585.43,483,F1,1,,,,,
2026-09-17,2026-09-17,CM,NSE,STK,25486,INE440L01017,TIJARIA,BE,,,,,TIJARIA POLYPIPES LTD,7.02,7.74,7.02,7.72,7.67,7.38,,7.72,,,91773,690828.66,197,F1,1,,,,,
2026-09-17,2026-09-17,CM,NSE,STK,9802,INE806C01018,TIL,BE,,,,,TIL LTD,244.98,254.94,243.00,249.94,250.00,243.75,,249.94,,,82754,20773706.57,351,F1,1,,,,,
2026-09-17,2026-09-17,CM,NSE,STK,19196,INE133E01013,TI,EQ,,,,,TILAKNAGAR INDUSTRIES LTD,523.00,551.00,520.10,543.85,550.00,526.55,,543.87,,,1302970,696862549.40,28958,F1,1,,,,,
2026-09-17,2026-09-17,CM,NSE,STK,14707,INE508G01029,TIMETECHNO,EQ,,,,,TIME TECHNOPLAST LTD.,172.65,178.10,172.60,174.54,174.26,173.53,,174.54,,,2984106,524909208.61,32928,F1,1,,,,,
2026-09-17,2026-09-17,CM,NSE,STK,7800,INE0IJY01014,TIMESCAN,SM,,,,,TIMESCAN LOGISTICS IND L,37.60,37.60,37.60,37.60,37.60,39.50,,37.60,,,2000,75200.00,1,F1,2000,,,,,
2026-09-17,2026-09-17,CM,NSE,STK,762954,INE064A01026,TIMEX,EQ,,,,,TIMEX GROUP INDIA LTD.,605.00,620.40,605.00,611.10,615.00,605.45,,611.12,,,151529,92956820.05,9634,F1,1,,,,,
2026-09-17,2026-09-17,CM,NSE,STK,14198,INE325A01013,TIMKEN,EQ,,,,,TIMKEN INDIA LTD.,3204.40,3276.70,3168.00,3185.10,3178.00,3238.60,,3184.94,,,32353,103993543.10,10403,F1,1,,,,,
2026-09-17,2026-09-17,CM,NSE,STK,756020,INE015C01016,TINNARUBR,EQ,,,,,TINNA RUBBER AND INFR LTD,1010.00,1010.00,992.00,1000.75,1007.00,1002.50,,1000.73,,,25275,25264320.60,2790,F1,1,,,,,
2026-09-17,2026-09-17,CM,NSE,STK,11374,INE0LQS01015,TIPSFILMS,EQ,,,,,TIPS FILMS LIMITED,311.00,319.10,311.00,318.50,315.30,315.20,,318.45,,,950,299096.25,77,F1,1,,,,,
2026-09-17,2026-09-17,CM,NSE,STK,9117,INE716B01029,TIPSMUSIC,EQ,,,,,TIPS MUSIC LIMITED,651.60,663.50,651.35,656.60,656.60,654.55,,656.57,,,218134,143552606.00,9554,F1,1,,,,,
2026-09-17,2026-09-17,CM,NSE,STK,22284,INE319Y01024,TIRUPATIFL,BE,,,,,TIRUPATI FORGE LIMITED,65.79,66.98,63.30,64.48,65.15,65.91,,64.48,,,501776,32488255.01,1194,F1,1,,,,,
2026-09-17,2026-09-17,CM,NSE,STK,15414,INE615H01020,TITAGARH,EQ,,,,,TITAGARH RAIL SYSTEMS LTD,813.15,845.00,813.10,827.15,828.90,813.15,,827.16,,,585375,488551533.35,31547,F1,1,,,,,
2026-09-17,2026-09-17,CM,NSE,STK,3506,INE280A01028,TITAN,EQ,,,,,TITAN COMPANY LIMITED,4895.00,4915.50,4838.50,4841.00,4841.00,4908.50,,4842.41,,,489416,2380895989.50,61464,F1,1,,,,,
2026-09-17,2026-09-17,CM,NSE,STK,3837,INE932C01012,TOKYOPLAST,EQ,,,,,TOKYO PLAST INTL LTD,73.05,75.60,73.00,75.60,75.60,76.40,,75.30,,,1571,116302.53,32,F1,1,,,,,
2026-09-17,2026-09-17,CM,NSE,STK,25262,INE0RWQ01014,TOLINS,EQ,,,,,TOLINS TYRES LIMITED,86.10,88.50,86.10,88.22,88.05,86.07,,88.22,,,25926,2272762.35,841,F1,1,,,,,
2026-09-17,2026-09-17,CM,NSE,STK,3518,INE685A01028,TORNTPHARM,EQ,,,,,TORRENT PHARMACEUTICALS L,4810.00,4899.00,4794.50,4875.00,4875.00,4812.50,,4875.02,,,411409,1988524944.00,30555,F1,1,,,,,
2026-09-17,2026-09-17,CM,NSE,STK,13786,INE813H01021,TORNTPOWER,EQ,,,,,TORRENT POWER LTD,1300.00,1310.60,1271.00,1276.40,1277.00,1295.30,,1276.35,,,154452,198877883.10,15531,F1,1,,,,,
2026-09-17,2026-09-17,CM,NSE,STK,22425,INE336X01012,TOTAL,BE,,,,,TOTAL TRANSPORT SYS LTD,72.52,74.70,71.00,71.00,71.00,74.00,,71.00,,,13292,953864.58,50,F1,1,,,,,
2026-09-17,2026-09-17,CM,NSE,STK,16908,INE486Y01013,TOUCHWOOD,EQ,,,,,TOUCHWOOD ENTERTAIN LTD.,62.17,62.17,60.03,61.52,61.68,61.64,,61.52,,,348,21321.97,32,F1,1,,,,,
2026-09-17,2026-09-17,CM,NSE,STK,3466,INE305A01023,TFCILTD,EQ,,,,,TOURISM FINANCE CORP. OF,138.99,141.50,138.45,139.06,138.76,138.81,,139.06,,,12032665,1679513479.24,24804,F1,1,,,,,
2026-09-17,2026-09-17,CM,NSE,STK,765195,INE457P01020,TOYAMSL,EQ,,,,,TOYAM SPORTS LTD.,0.74,0.74,0.72,0.74,0.74,0.71,,0.74,,,2893693,2138834.90,308,F1,1,,,,,
2026-09-17,2026-09-17,CM,NSE,STK,9219,INE413G01022,TPLPLASTEH,EQ,,,,,TPL PLASTECH LIMITED,65.47,66.46,62.81,64.49,64.11,64.63,,64.48,,,131082,8537719.84,1143,F1,1,,,,,
2026-09-17,2026-09-17,CM,NSE,STK,11582,INE0HMF01019,TRACXN,EQ,,,,,TRACXN TECHNOLOGIES LTD,30.99,31.49,30.65,30.84,30.65,30.96,,30.84,,,80926,2505818.21,795,F1,1,,,,,
2026-09-17,2026-09-17,CM,NSE,STK,15174,INE763I01026,TARIL,EQ,,,,,TRANS & RECTI. LTD,278.75,286.40,275.00,276.00,277.00,277.10,,276.00,,,1012882,281980641.35,28597,F1,1,,,,,
2026-09-17,2026-09-17,CM,NSE,STK,765200,INE330E01023,TRANSCOR,EQ,,,,,TRANSCORP INTERNATIONAL L,25.10,25.10,24.00,25.04,25.04,25.10,,24.99,,,2691,65135.68,60,F1,1,,,,,
2026-09-17,2026-09-17,CM,NSE,STK,17795,INE0O3901029,TREL,EQ,,,,,TRANSINDIA REAL ESTATE L,27.03,30.00,26.52,29.77,29.96,27.03,,29.77,,,726901,21071114.24,7412,F1,1,,,,,
2026-09-17,2026-09-17,CM,NSE,STK,7669,INE687A01016,TRANSPEK,BE,,,,,TRANSPEK INDUSTRIES LTD,1350.90,1365.00,1313.10,1350.10,1350.10,1359.90,,1347.16,,,316,424734.70,36,F1,1,,,,,
2026-09-17,2026-09-17,CM,NSE,STK,10580,INE688A01022,TCI,EQ,,,,,TRANSPORT CORPN OF INDIA,827.60,857.85,822.90,826.55,829.95,827.00,,826.61,,,43970,36740202.50,10697,F1,1,,,,,
2026-09-17,2026-09-17,CM,NSE,STK,28714,INE454P01035,TRANSRAILL,EQ,,,,,TRANSRAIL LIGHTING LTD,406.85,413.55,406.05,410.20,410.80,406.85,,410.22,,,275501,112717351.75,11122,F1,1,,,,,
2026-09-17,2026-09-17,CM,NSE,STK,19801,INE0NVI01020,TRANSTEEL,SM,,,,,TRANSTEEL SEATING TECH L,89.55,89.55,85.00,85.00,85.00,89.55,,85.00,,,33000,2826550.00,13,F1,1000,,,,,
2026-09-17,2026-09-17,CM,NSE,STK,14319,INE804H01012,TFL,EQ,,,,,TRANSWARRANTY FIN. LTD.,12.18,12.19,11.61,11.81,12.10,12.17,,11.81,,,9281,110148.57,77,F1,1,,,,,
2026-09-17,2026-09-17,CM,NSE,STK,8619,INE757B01015,TRANSWORLD,BE,,,,,TRANSWORLD SHIP LINES LTD,161.30,164.22,161.30,164.20,164.20,161.00,,164.75,,,2360,386807.36,21,F1,1,,,,,
2026-09-17,2026-09-17,CM,NSE,STK,757545,INE103V01028,TRAVELFOOD,EQ,,,,,TRAVEL FOOD SERVICES LTD,1215.30,1247.00,1207.10,1232.00,1239.00,1215.30,,1231.76,,,16972,20763125.30,2539,F1,1,,,,,
2026-09-17,2026-09-17,CM,NSE,STK,25082,INE040M01013,TREEHOUSE,EQ,,,,,TREE HOUSE EDU LTD,6.10,6.10,5.85,5.87,6.05,5.87,,5.87,,,3294,19420.06,54,F1,1,,,,,
2026-09-17,2026-09-17,CM,NSE,STK,7518,INE00CA01015,TREJHARA,EQ,,,,,TREJHARA SOLUTIONS LTD,136.96,140.00,134.50,135.75,134.60,137.10,,135.99,,,20769,2831142.76,687,F1,1,,,,,
2026-09-17,2026-09-17,CM,NSE,STK,1964,INE849A01020,TRENT,EQ,,,,,TRENT LTD,2760.00,2811.00,2760.00,2789.00,2789.00,2769.70,,2789.64,,,459529,1281459420.00,34614,F1,1,,,,,
2026-09-17,2026-09-17,CM,NSE,STK,17987,INE391D01019,TRF,EQ,,,,,TRF LIMITED,215.34,226.71,213.00,219.49,221.75,213.97,,219.50,,,19157,4223674.64,537,F1,1,,,,,
2026-09-17,2026-09-17,CM,NSE,STK,27037,INE760L01018,TBZ,EQ,,,,,TRIB BHIMJI ZAVERI LTD,558.00,574.85,555.10,574.85,574.85,547.50,,574.84,,,268358,153139344.10,2621,F1,1,,,,,
2026-09-17,2026-09-17,CM,NSE,STK,9685,INE064C01022,TRIDENT,EQ,,,,,TRIDENT LIMITED,23.15,23.19,23.00,23.08,23.13,23.17,,23.08,,,1827421,42206060.86,14569,F1,1,,,,,
2026-09-17,2026-09-17,CM,NSE,STK,21078,INE0QD201012,TECHLABS,SM,,,,,TRIDENT TECHLABS LIMITED,128.50,128.50,123.15,127.45,127.70,125.60,,127.45,,,6250,790687.50,42,F1,125,,,,,
2026-09-17,2026-09-17,CM,NSE,STK,17215,INE0LWY01029,TRIDHYA,ST,,,,,TRIDHYA TECH LIMITED,7.75,7.75,7.10,7.15,7.15,7.40,,7.15,,,9000,66000.00,3,F1,3000,,,,,
2026-09-17,2026-09-17,CM,NSE,STK,5428,INE948A01012,TRIGYN,EQ,,,,,TRIGYN TECHNOLOGIES LTD,54.19,56.39,54.19,55.18,55.64,53.95,,55.18,,,14714,814677.12,367,F1,1,,,,,
2026-09-17,2026-09-17,CM,NSE,STK,764960,INE440G01017,TRITONV,EQ,,,,,TRITON VALVES LTD.,1061.20,1091.80,1061.20,1076.00,1082.80,1061.60,,1076.38,,,2078,2239751.30,380,F1,1,,,,,
2026-09-17,2026-09-17,CM,NSE,STK,13081,INE256C01024,TRIVENI,EQ,,,,,TRIVENI ENGG. & INDS. LTD,239.45,241.00,228.70,232.45,232.10,239.45,,232.45,,,1189405,276546401.40,20978,F1,1,,,,,
2026-09-17,2026-09-17,CM,NSE,STK,25584,INE152M01016,TRITURBINE,EQ,,,,,TRIVENI TURBINE LIMITED,542.30,559.00,540.50,556.80,553.65,540.80,,556.78,,,490793,269105753.35,90201,F1,1,,,,,
2026-09-17,2026-09-17,CM,NSE,STK,24642,INE0SYV01018,TROM,SM,,,,,TROM INDUSTRIES LIMITED,55.55,55.55,53.50,53.50,53.50,55.55,,53.50,,,4800,264690.00,8,F1,600,,,,,
2026-09-17,2026-09-17,CM,NSE,STK,759210,INE0MWH01014,TRUALT,EQ,,,,,TRUALT BIOENERGY LIMITED,422.70,434.20,420.10,423.95,421.50,422.70,,423.95,,,356698,151949950.85,8037,F1,1,,,,,
2026-09-17,2026-09-17,CM,NSE,STK,9378,INE615R01029,TRU,EQ,,,,,TRUCAP FINANCE LIMITED,3.90,4.20,3.90,4.09,4.13,4.01,,4.09,,,96353,394666.17,431,F1,1,,,,,
2026-09-17,2026-09-17,CM,NSE,STK,23417,INE0SWN01019,TRUST,SM,,,,,TRUST FINTECH LIMITED,28.00,28.00,26.30,26.70,26.95,28.10,,26.70,,,24000,660180.00,17,F1,600,,,,,
2026-09-17,2026-09-17,CM,NSE,STK,757861,INE16VK01010,TSC,ST,,,,,TSC INDIA LIMITED,49.80,50.50,49.70,50.50,50.50,52.00,,50.50,,,6000,300000.00,3,F1,2000,,,,,
2026-09-17,2026-09-17,CM,NSE,STK,2183,INE202Z01029,TSFINV,EQ,,,,,TSF INVESTMENTS LIMITED,439.00,449.00,433.60,445.95,446.80,438.50,,445.95,,,56347,25007438.00,5239,F1,1,,,,,
2026-09-17,2026-09-17,CM,NSE,STK,27448,INE1C3207065,935TSI30,N0,,,,,TSI 9.35% 30 SR I-D,103690.00,103690.00,103690.00,103690.00,103690.00,106154.38,,103690.00,,,10,1036900.00,6,F1,1,,,,,
2026-09-17,2026-09-17,CM,NSE,STK,27421,INE1C3207081,935TSIIC28,N0,,,,,TSIIC 9.35% 2028 SR I- B,102000.00,102000.00,102000.00,102000.00,102000.00,100000.00,,102000.00,,,3,306000.00,3,F1,1,,,,,
2026-09-17,2026-09-17,CM,NSE,STK,11369,INE910C01018,TTKHLTCARE,EQ,,,,,TTK HEALTHCARE LIMITED,1061.00,1079.00,1043.00,1049.00,1050.00,1065.10,,1049.08,,,25616,26957914.40,4575,F1,1,,,,,
2026-09-17,2026-09-17,CM,NSE,STK,3546,INE690A01028,TTKPRESTIG,EQ,,,,,TTK PRESTIGE LTD,544.75,548.00,540.55,543.60,544.70,541.10,,543.60,,,17137,9325158.30,2449,F1,1,,,,,
2026-09-17,2026-09-17,CM,NSE,STK,312,INE974X01010,TIINDIA,EQ,,,,,TUBE INVEST OF INDIA LTD,2566.00,2626.60,2560.40,2598.80,2598.80,2566.60,,2598.81,,,199703,519107926.20,18607,F1,1,,,,,
2026-09-17,2026-09-17,CM,NSE,STK,24520,INE0OXV01027,TUNWAL,SM,,,,,TUNWAL E-MOTORS LIMITED,25.05,25.75,24.80,25.45,25.70,25.00,,25.45,,,92000,2331300.00,39,F1,2000,,,,,
2026-09-17,2026-09-17,CM,NSE,STK,756090,INE0OC301013,TURTLEMINT,EQ,,,,,TURTLEMINT FINTECH SOLS L,131.00,136.59,129.81,131.67,131.10,127.74,,131.67,,,1635938,217612486.58,20826,F1,1,,,,,
2026-09-17,2026-09-17,CM,NSE,STK,765205,INE400A01014,TUTIALKA,EQ,,,,,TUTICORIN ALKAL CH & FE L,57.93,58.50,56.28,56.57,56.60,57.19,,56.39,,,3789,216767.83,101,F1,1,,,,,
2026-09-17,2026-09-17,CM,NSE,STK,11275,INE038F01029,TVTODAY,EQ,,,,,TV TODAY NETWORK LTD,105.55,108.49,103.01,107.72,107.50,103.49,,107.68,,,68251,7277284.02,777,F1,1,,,,,
2026-09-17,2026-09-17,CM,NSE,STK,18508,INE871L01013,TVVISION,BE,,,,,TV VISION LIMITED,2.46,2.61,2.39,2.59,2.57,2.51,,2.59,,,27604,69485.22,99,F1,1,,,,,
2026-09-17,2026-09-17,CM,NSE,STK,11265,INE236G01019,TVSELECT,EQ,,,,,TVS ELECTRONICS LTD,403.15,411.55,393.15,403.75,405.00,401.50,,404.06,,,23074,9354739.80,1240,F1,1,,,,,
2026-09-17,2026-09-17,CM,NSE,STK,29008,INE105A01035,TVSHLTD,EQ,,,,,TVS HOLDINGS LIMITED,12730.00,12997.00,12595.00,12884.00,12997.00,12769.00,,12884.28,,,3783,48447357.00,1778,F1,1,,,,,
2026-09-17,2026-09-17,CM,NSE,STK,8479,INE494B01023,TVSMOTOR,EQ,,,,,TVS MOTOR COMPANY  LTD,4050.00,4162.20,4050.00,4101.70,4101.70,4033.00,,4101.70,,,1025877,4228953288.70,97222,F1,1,,,,,
2026-09-17,2026-09-17,CM,NSE,STK,14245,INE421C01016,TVSSRICHAK,EQ,,,,,TVS SRICHAKRA LIMITED,4650.00,4919.50,4650.00,4886.00,4916.50,4685.50,,4885.85,,,11977,57841830.00,3504,F1,1,,,,,
2026-09-17,2026-09-17,CM,NSE,STK,18151,INE395N01027,TVSSCS,EQ,,,,,TVS SUPPLY CHAIN SOL L,126.00,130.50,125.79,130.09,129.98,126.28,,130.06,,,376059,48415861.94,7212,F1,1,,,,,
2026-09-17,2026-09-17,CM,NSE,STK,19503,INE388G01026,TICL,BE,,,,,TWAMEV CONS AND INFRA LTD,6.12,6.54,6.10,6.11,6.19,6.42,,6.11,,,241575,1484955.88,425,F1,1,,,,,
2026-09-17,2026-09-17,CM,NSE,STK,764970,INE726E01014,UPHOT,EQ,,,,,U P HOTELS LTD.,1476.00,1480.00,1476.00,1480.00,1480.00,1475.00,,1480.00,,,53,78324.00,5,F1,1,,,,,
2026-09-17,2026-09-17,CM,NSE,STK,25629,INE152C01025,UYFINCORP,BE,,,,,U. Y. FINCORP LIMITED,19.68,19.68,19.20,19.28,19.26,19.30,,19.31,,,18480,358167.24,100,F1,1,,,,,
2026-09-17,2026-09-17,CM,NSE,STK,7739,INE139B01016,UCAL,BE,,,,,UCAL LIMITED,134.40,143.50,132.00,140.06,140.00,136.95,,140.06,,,9923,1387358.11,170,F1,1,,,,,
2026-09-17,2026-09-17,CM,NSE,STK,755996,INE583D07562,10UCL26,ND,,,,,UCL 10.00% SR I,1002.42,1002.42,1000.00,1000.00,1000.00,997.05,,1000.00,,,65,65036.30,2,F1,1,,,,,
2026-09-17,2026-09-17,CM,NSE,STK,756002,INE583D07588,1025UCL27A,NG,,,,,UCL 10.25% SR IV,1003.00,1003.00,1002.00,1002.00,1002.00,1000.43,,1002.00,,,55,55117.00,2,F1,1,,,,,
2026-09-17,2026-09-17,CM,NSE,STK,755998,INE583D07570,1039UCL26,NE,,,,,UCL 10.39% SR II,1039.00,1049.00,1039.00,1049.00,1049.00,1049.00,,1049.00,,,66,69164.00,6,F1,1,,,,,
2026-09-17,2026-09-17,CM,NSE,STK,756004,INE583D07596,1050UCL28,NH,,,,,UCL 10.50% SR V,1025.00,1025.00,1025.00,1025.00,1025.00,1024.27,,1012.50,,,80,82000.00,1,F1,1,,,,,
2026-09-17,2026-09-17,CM,NSE,STK,11223,INE691A01018,UCOBANK,EQ,,,,,UCO BANK,23.58,23.98,23.57,23.59,23.59,23.68,,23.59,,,2624177,62238878.59,16156,F1,1,,,,,
2026-09-17,2026-09-17,CM,NSE,STK,764965,INE551B01012,UDAYJEW,EQ,,,,,UDAY JEWELLERY INDS. LTD.,158.52,164.88,156.40,158.62,158.10,158.53,,158.62,,,46210,7372017.76,554,F1,1,,,,,
2026-09-17,2026-09-17,CM,NSE,STK,14871,INE0N0Y01013,USK,EQ,,,,,UDAYSHIVAKUMAR INFRA LTD,19.56,20.88,19.56,20.32,20.40,20.31,,20.28,,,11687,237724.83,203,F1,1,,,,,
2026-09-17,2026-09-17,CM,NSE,STK,1053,INE516A01017,UFLEX,EQ,,,,,UFLEX LIMITED,642.00,669.00,642.00,652.95,652.40,645.45,,652.92,,,154087,101442991.20,5268,F1,1,,,,,
2026-09-17,2026-09-17,CM,NSE,STK,9039,INE527H01019,UFO,EQ,,,,,UFO MOVIEZ INDIA LTD.,60.10,62.28,60.10,61.29,60.82,61.32,,61.29,,,13342,815228.51,526,F1,1,,,,,
2026-09-17,2026-09-17,CM,NSE,STK,5313,INE583D01011,UGROCAP,EQ,,,,,UGRO CAPITAL LIMITED,83.00,85.00,82.52,83.49,83.29,83.50,,83.49,,,166882,13969447.53,2135,F1,1,,,,,
2026-09-17,2026-09-17,CM,NSE,STK,23507,INE899L01030,UEL,EQ,,,,,UJAAS ENERGY LIMITED,208.49,215.00,194.54,196.19,198.00,204.77,,196.26,,,66647,13481201.52,1971,F1,1,,,,,
2026-09-17,2026-09-17,CM,NSE,STK,15228,INE551W01018,UJJIVANSFB,EQ,,,,,UJJIVAN SMALL FINANC BANK,64.46,65.72,63.43,63.97,63.99,64.83,,63.97,,,6237133,401078099.99,38589,F1,1,,,,,
2026-09-17,2026-09-17,CM,NSE,STK,762961,INE405A01021,ULTRAMAR,EQ,,,,,ULTRAMARINE & PIGMENTS L,415.25,423.70,405.95,412.50,412.75,418.65,,412.43,,,50870,21053866.85,2120,F1,1,,,,,
2026-09-17,2026-09-17,CM,NSE,STK,11532,INE481G01011,ULTRACEMCO,EQ,,,,,ULTRATECH CEMENT LIMITED,10740.00,10841.00,10703.00,10764.00,10764.00,10700.00,,10767.60,,,180788,1949049017.00,29640,F1,1,,,,,
2026-09-17,2026-09-17,CM,NSE,STK,13349,INE067901012,UMA,SM,,,,,UMA CONVERTER LIMITED,17.50,17.50,17.50,17.50,17.50,16.05,,17.50,,,4000,70000.00,1,F1,4000,,,,,
2026-09-17,2026-09-17,CM,NSE,STK,8845,INE0GIU01018,UMAEXPORTS,BE,,,,,UMA EXPORTS LIMITED,20.42,20.42,20.42,20.42,20.42,20.83,,20.84,,,8093,165259.06,45,F1,1,,,,,
2026-09-17,2026-09-17,CM,NSE,STK,8998,INE398B01018,UMIYA-MRO,EQ,,,,,UMIYA BUILDCON LIMITED,97.97,98.37,97.02,97.95,97.07,98.45,,98.08,,,3995,388946.57,86,F1,1,,,,,
2026-09-17,2026-09-17,CM,NSE,STK,16894,INE033L08270,TCHF30,NB,,,,,UN SE RE NCD 8.55% SR.VI,1050.00,1050.00,1050.00,1050.00,1050.00,1150.50,,1050.00,,,10,10500.00,1,F1,1,,,,,
2026-09-17,2026-09-17,CM,NSE,STK,3579,INE351A01035,UNICHEMLAB,EQ,,,,,UNICHEM LABORATORIES LTD,524.00,554.50,521.20,538.45,542.00,524.25,,538.40,,,82024,44516677.65,5061,F1,1,,,,,
2026-09-17,2026-09-17,CM,NSE,STK,24809,INE00U401027,UNIECOM,EQ,,,,,UNICOMMERCE ESOLUTIONS L,80.10,85.70,80.10,84.45,84.99,80.94,,84.46,,,416528,34792509.45,3354,F1,1,,,,,
2026-09-17,2026-09-17,CM,NSE,STK,18582,INE0PRF01011,UNIHEALTH,SM,,,,,UNIHEALTH HOSPITALS LTD,686.10,687.00,660.00,667.55,683.95,685.25,,667.55,,,20000,13457600.00,31,F1,500,,,,,
2026-09-17,2026-09-17,CM,NSE,STK,7791,INE481Z01011,UNIINFO,EQ,,,,,UNIINFO TELECOM SERVI LTD,11.23,11.45,10.89,11.38,11.38,11.46,,11.38,,,1174,12960.18,21,F1,1,,,,,
2026-09-17,2026-09-17,CM,NSE,STK,28960,INE0U3I01011,UNIMECH,EQ,,,,,UNIMECH AEROSPACE N MFG L,1550.00,1602.00,1530.30,1570.60,1568.00,1515.80,,1570.47,,,261719,412669837.00,25620,F1,1,,,,,
2026-09-17,2026-09-17,CM,NSE,STK,10753,INE692A01016,UNIONBANK,EQ,,,,,UNION BANK OF INDIA,177.00,180.62,175.83,178.09,178.09,178.20,,178.09,,,5299874,942576227.84,30885,F1,1,,,,,
2026-09-17,2026-09-17,CM,NSE,STK,29687,INF582M01KS4,UNIONGOLD,EQ,,,,,UNIONAMC - UNIONGOLD,148.70,148.70,146.40,146.95,146.85,147.90,,146.95,,,1789,262965.40,83,F1,1,,,,,
2026-09-17,2026-09-17,CM,NSE,STK,13057,INE244O01017,UNIPARTS,EQ,,,,,UNIPARTS INDIA LIMITED,851.15,886.45,830.00,878.05,875.00,851.15,,878.07,,,81783,71609409.50,7619,F1,1,,,,,
2026-09-17,2026-09-17,CM,NSE,STK,11293,INE037A01022,UNIENTER,EQ,,,,,UNIPHOS ENTERPRISES LTD,88.01,92.50,88.01,91.90,92.26,89.05,,91.90,,,1385,126992.85,27,F1,1,,,,,
2026-09-17,2026-09-17,CM,NSE,STK,3594,INE694A01020,UNITECH,EQ,,,,,UNITECH LTD,4.44,4.52,4.26,4.27,4.30,4.46,,4.27,,,3568646,15543324.30,2272,F1,1,,,,,
2026-09-17,2026-09-17,CM,NSE,STK,16713,INE686F01025,UBL,EQ,,,,,UNITED BREWERIES LTD,1228.00,1239.50,1213.50,1216.80,1219.30,1227.30,,1216.78,,,155453,189729678.20,17362,F1,1,,,,,
2026-09-17,2026-09-17,CM,NSE,STK,201,INE961D01019,UNIDT,EQ,,,,,UNITED DRILLING TOOLS LTD,220.00,229.90,218.00,228.07,227.52,218.77,,228.07,,,29288,6639761.72,840,F1,1,,,,,
2026-09-17,2026-09-17,CM,NSE,STK,3133,INE382M01027,UFBL,BE,,,,,UNITED FOODBRANDS LIMITED,699.00,729.40,685.10,690.90,690.00,708.00,,690.86,,,29326,20898724.15,1377,F1,1,,,,,
2026-09-17,2026-09-17,CM,NSE,STK,25938,INE0SMR01011,UHTL,ST,,,,,UNITED HEAT TRANSFER LTD,184.60,184.60,184.60,184.60,184.60,181.00,,184.60,,,20000,3692000.00,6,F1,2000,,,,,
2026-09-17,2026-09-17,CM,NSE,STK,17999,INE458F01011,UNITEDTEA,EQ,,,,,UNITED NILGIRI TEA LTD,432.20,433.70,426.30,429.05,426.30,431.20,,429.05,,,544,234828.00,40,F1,1,,,,,
2026-09-17,2026-09-17,CM,NSE,STK,7560,INE368U01029,UNITEDPOLY,EQ,,,,,UNITED POLYFAB GUJ. LTD.,43.62,44.90,42.01,44.36,44.80,43.19,,44.35,,,413271,18022174.39,645,F1,1,,,,,
2026-09-17,2026-09-17,CM,NSE,STK,10447,INE854D01024,UNITDSPR,EQ,,,,,UNITED SPIRITS LIMITED,1380.10,1395.40,1378.10,1390.00,1390.00,1389.50,,1390.00,,,263642,365654084.60,10611,F1,1,,,,,
2026-09-17,2026-09-17,CM,NSE,STK,18979,INE562X01013,UNIVASTU,BE,,,,,UNIVASTU INDIA LIMITED,134.00,145.01,131.60,145.01,145.01,138.11,,145.01,,,75872,10697258.92,353,F1,1,,,,,
2026-09-17,2026-09-17,CM,NSE,STK,3607,INE279A01012,UNIVCABLES,EQ,,,,,UNIVERSAL CABLES LTD,1400.00,1472.50,1383.00,1438.80,1448.20,1405.20,,1438.63,,,73570,106231357.10,7737,F1,1,,,,,
2026-09-17,2026-09-17,CM,NSE,STK,17661,INE03V001013,UNIVPHOTO,BE,,,,,UNIVERSUS IMAGINGS LTD,600.10,620.00,600.10,614.00,614.00,595.05,,614.00,,,3110,1902993.55,189,F1,1,,,,,
2026-09-17,2026-09-17,CM,NSE,STK,14154,INE405E01023,UNOMINDA,EQ,,,,,UNO MINDA LIMITED,1183.80,1218.00,1178.10,1205.00,1205.00,1186.00,,1205.01,,,530438,638060761.30,22398,F1,1,,,,,
2026-09-17,2026-09-17,CM,NSE,STK,2877,INE530B08102,96IIFL28A,NF,,,,,UNSE RE NCD 9.6% SR.II,1000.00,1000.49,998.15,1000.43,1000.25,1000.16,,1000.43,,,1171,1171203.27,20,F1,1,,,,,
2026-09-17,2026-09-17,CM,NSE,STK,5212,INE477L08147,10IIFL28,N4,,,,,UNSEC RE NCD 10% SR.I,1009.98,1009.98,1007.99,1007.99,1007.99,1003.00,,1007.99,,,407,410345.76,5,F1,1,,,,,
2026-09-17,2026-09-17,CM,NSE,STK,5214,INE477L08154,96IIFL28,N5,,,,,UNSEC RE NCD 9.60% SR.II,1000.00,1000.00,997.10,999.99,999.99,999.00,,997.60,,,584,583239.90,18,F1,1,,,,,
2026-09-17,2026-09-17,CM,NSE,STK,19045,INE866I08279,10IIFL29,N6,,,,,UNSEC RED NCD 10.0% SR. V,1015.00,1015.00,1015.00,1015.00,1015.00,1020.00,,1015.00,,,300,304500.00,3,F1,1,,,,,
2026-09-17,2026-09-17,CM,NSE,STK,19047,INE866I08295,105IIFL29,N7,,,,,UNSEC RED NCD 10.5% SR.VI,1184.00,1184.00,1184.00,1184.00,1184.00,1198.00,,1184.00,,,51,60384.00,1,F1,1,,,,,
2026-09-17,2026-09-17,CM,NSE,STK,21225,INE306N08292,910TCAP28,NA,,,,,UNSERENCD9.1%SRIIICIII&IV,1029.25,1034.00,1029.25,1033.71,1034.00,1039.50,,1033.71,,,242,249994.85,13,F1,1,,,,,
2026-09-17,2026-09-17,CM,NSE,STK,19113,INE851I01011,UDS,EQ,,,,,UPDATER SERVICES LIMITED,188.97,193.28,185.85,188.25,187.35,190.60,,188.22,,,118960,22460207.27,3693,F1,1,,,,,
2026-09-17,2026-09-17,CM,NSE,STK,11287,INE628A01036,UPL,EQ,,,,,UPL LIMITED,551.00,558.00,549.80,554.75,554.75,550.60,,554.75,,,1804536,999408535.85,34448,F1,1,,,,,
2026-09-17,2026-09-17,CM,NSE,STK,10610,INE0CBM01019,USASEEDS,SM,,,,,UPSURGE SEEDS OF AGRI LTD,88.90,91.00,88.90,91.00,91.00,88.90,,91.00,,,1712,153138.40,4,F1,428,,,,,
2026-09-17,2026-09-17,CM,NSE,STK,17081,INE568Z01015,URAVIDEF,BE,,,,,URAVI DEFENCE &TECH LTD,110.11,110.11,109.90,109.90,109.90,110.11,,111.45,,,571,62790.81,10,F1,1,,,,,
2026-09-17,2026-09-17,CM,NSE,STK,759084,INE0CAZ01013,URBANCO,EQ,,,,,URBAN COMPANY LIMITED,164.56,166.29,160.46,162.81,162.50,164.56,,162.81,,,2958947,484512488.55,27167,F1,1,,,,,
2026-09-17,2026-09-17,CM,NSE,STK,16888,INE0O0201019,URBAN,SM,,,,,URBAN ENVIRO WASTE MGMT L,121.80,121.80,120.05,120.50,120.50,121.80,,120.50,,,12800,1544800.00,16,F1,800,,,,,
2026-09-17,2026-09-17,CM,NSE,STK,20203,INE550C01020,URJA,EQ,,,,,URJA GLOBAL LIMITED,8.77,9.15,8.75,9.10,9.14,8.77,,9.10,,,615596,5497390.12,2076,F1,1,,,,,
2026-09-17,2026-09-17,CM,NSE,STK,19142,INE240C01028,UMESLTD,EQ,,,,,USHA MARTIN EDU & SOL LTD,4.08,4.34,4.00,4.08,4.08,4.08,,4.08,,,82484,340901.52,230,F1,1,,,,,
2026-09-17,2026-09-17,CM,NSE,STK,8840,INE228A01035,USHAMART,EQ,,,,,USHA MARTIN LTD.,479.00,498.50,477.00,495.65,497.00,478.85,,495.67,,,1122407,553647751.50,31573,F1,1,,,,,
2026-09-17,2026-09-17,CM,NSE,STK,4214,INE00NI01015,UCL,ST,,,,,USHANTI COLOUR CHEM LTD,230.50,230.50,230.50,230.50,230.50,235.20,,230.50,,,80000,18440000.00,5,F1,2000,,,,,
2026-09-17,2026-09-17,CM,NSE,STK,527,INE094J01016,UTIAMC,EQ,,,,,UTI ASSET MNGMT CO LTD,894.45,902.65,890.10,898.25,900.00,895.20,,898.19,,,36712,32935601.65,6347,F1,1,,,,,
2026-09-17,2026-09-17,CM,NSE,STK,764180,INF789F1AG68,LIQUIDBETA,EQ,,,,,UTIAMC - LIQUIDBETA,1008.29,1008.29,1008.27,1008.29,1008.29,1008.16,,1008.29,,,541,545484.29,5,F1,1,,,,,
2026-09-17,2026-09-17,CM,NSE,STK,765431,INF789F1AG76,NIF500BETA,EQ,,,,,UTIAMC - NIF500BETA,36.48,36.48,36.35,36.48,36.48,35.99,,36.57,,,3339,121738.01,9,F1,1,,,,,
2026-09-17,2026-09-17,CM,NSE,STK,22440,INF789F1AUV1,BANKBETA,EQ,,,,,UTIAMC-BANKBETA,58.24,58.59,57.94,58.07,58.17,58.14,,58.07,,,1751884,101619076.87,369,F1,1,,,,,
2026-09-17,2026-09-17,CM,NSE,STK,22524,INF789F1AZF3,GILT10BETA,EQ,,,,,UTIAMC-GILT10BETA,26.59,26.65,26.22,26.65,26.65,26.59,,26.65,,,50,1324.79,14,F1,1,,,,,
2026-09-17,2026-09-17,CM,NSE,STK,22521,INF789F1AZE6,GILT5BETA,EQ,,,,,UTIAMC-GILT5BETA,66.46,66.59,65.60,66.59,66.59,66.79,,66.59,,,269,17847.32,11,F1,1,,,,,
2026-09-17,2026-09-17,CM,NSE,STK,22488,INF789F1AZD8,ITBETA,EQ,,,,,UTIAMC-ITBETA,304.57,309.40,304.17,309.39,309.39,305.80,,309.39,,,1071,328560.30,17,F1,1,,,,,
2026-09-17,2026-09-17,CM,NSE,STK,18347,INF789F1AYX9,MIDCAPBETA,EQ,,,,,UTIAMC-MIDCAPBETA,226.62,228.98,225.55,227.67,227.98,226.47,,227.67,,,26478,6035639.18,83,F1,1,,,,,
2026-09-17,2026-09-17,CM,NSE,STK,21478,INF789F1AUW9,NEXT50BETA,EQ,,,,,UTIAMC-NEXT50BETA,76.55,77.45,75.90,77.10,77.45,76.34,,77.10,,,178892,13762524.68,496,F1,1,,,,,
2026-09-17,2026-09-17,CM,NSE,STK,10511,INF789F1AZC0,NIFTYBETA,EQ,,,,,UTIAMC-NIFTYBETA,258.24,259.56,257.45,258.92,259.27,258.24,,258.92,,,25000,6467445.36,242,F1,1,,,,,
2026-09-17,2026-09-17,CM,NSE,STK,10515,INF789FB1X58,SENSEXBETA,EQ,,,,,UTIAMC-SENSEXBETA,819.00,832.00,818.01,830.88,832.00,818.38,,830.88,,,1761,1453272.13,92,F1,1,,,,,
2026-09-17,2026-09-17,CM,NSE,STK,15085,INF789F1AYK6,SILVERBETA,EQ,,,,,UTIAMC-SILVERBETA,219.00,219.70,217.13,218.54,218.40,220.69,,218.54,,,763766,166661904.16,2797,F1,1,,,,,
2026-09-17,2026-09-17,CM,NSE,STK,9168,INF789F1AUU3,SNXT50BETA,EQ,,,,,UTIAMC-SNXT50BETA,92.98,93.00,91.51,92.90,91.60,92.99,,92.71,,,1834,169630.63,76,F1,1,,,,,
2026-09-17,2026-09-17,CM,NSE,STK,14535,INF789F1AUX7,GOLDBETA,EQ,,,,,UTIAMC-UTIGOLDBETA,126.90,127.20,126.00,126.85,126.80,127.15,,126.85,,,620720,78635973.90,2020,F1,1,,,,,
2026-09-17,2026-09-17,CM,NSE,STK,751580,INE1V1R01014,UTKAL,SM,,,,,UTKAL SPEC INDUS INDIA L,44.00,46.10,44.00,46.10,46.10,43.95,,46.10,,,32000,1468900.00,13,F1,2000,,,,,
2026-09-17,2026-09-17,CM,NSE,STK,17358,INE735W01017,UTKARSHBNK,EQ,,,,,UTKARSH SMALL FIN BANK L,13.75,14.39,13.75,14.05,14.08,13.82,,14.05,,,7888005,110895373.56,7874,F1,1,,,,,
2026-09-17,2026-09-17,CM,NSE,STK,24726,INE06IJ01010,UTSSAV,SM,,,,,UTSSAV CZ GOLD JEWELS LTD,641.00,670.00,641.00,649.30,650.00,634.50,,649.30,,,123600,80920020.00,154,F1,600,,,,,
2026-09-17,2026-09-17,CM,NSE,STK,13376,INE786F01031,UTTAMSUGAR,EQ,,,,,UTTAM SUGAR MILLS LTD.,251.80,255.60,250.40,252.40,250.65,250.70,,252.35,,,106696,26940556.05,3928,F1,1,,,,,
2026-09-17,2026-09-17,CM,NSE,STK,3188,INE0GXK01018,VMARCIND,SM,,,,,V MARC INDIA LIMITED,331.80,350.95,331.80,342.35,340.00,331.80,,342.35,,,186000,64137600.00,121,F1,1500,,,,,
2026-09-17,2026-09-17,CM,NSE,STK,765220,INE222F01029,VTMLTD,EQ,,,,,V T M LTD.,49.80,50.84,47.12,48.34,48.00,48.83,,48.33,,,168443,8212213.85,973,F1,1,,,,,
2026-09-17,2026-09-17,CM,NSE,STK,15362,INE951I01027,VGUARD,EQ,,,,,V-GUARD IND LTD.,327.15,331.90,326.95,330.15,330.00,327.15,,330.16,,,263157,86826138.20,10590,F1,1,,,,,
2026-09-17,2026-09-17,CM,NSE,STK,24606,INE0QXL01015,VLINFRA,SM,,,,,V.L.INFRAPROJECTS LIMITED,25.50,27.10,25.50,26.20,26.70,25.85,,26.20,,,22500,596625.00,15,F1,1500,,,,,
2026-09-17,2026-09-17,CM,NSE,STK,14766,INE945H01021,V2RETAIL,EQ,,,,,V2 RETAIL LIMITED,209.00,212.90,208.75,210.40,210.01,209.18,,210.40,,,465833,98274219.86,14739,F1,1,,,,,
2026-09-17,2026-09-17,CM,NSE,STK,20188,INE956G01038,WABAG,EQ,,,,,VA TECH WABAG LTD,2056.00,2132.00,2052.00,2074.80,2077.10,2055.80,,2074.66,,,438727,918814501.30,31490,F1,1,,,,,
2026-09-17,2026-09-17,CM,NSE,STK,764975,INE693D01018,VADILENT,EQ,,,,,VADILAL ENTERPRISES LTD.,10400.00,10585.00,10395.00,10575.00,10585.00,10599.00,,10556.25,,,9,94102.00,6,F1,1,,,,,
2026-09-17,2026-09-17,CM,NSE,STK,24196,INE694D01016,VADILALIND,EQ,,,,,VADILAL INDUSTRIES LTD,7145.00,7244.50,7062.50,7101.00,7150.00,7156.00,,7101.07,,,7210,51669080.00,2126,F1,1,,,,,
2026-09-17,2026-09-17,CM,NSE,STK,11364,INE884A01027,VAIBHAVGBL,EQ,,,,,VAIBHAV GLOBAL LIMITED,211.42,212.99,208.03,211.35,212.25,210.66,,211.36,,,157443,33180825.38,5174,F1,1,,,,,
2026-09-17,2026-09-17,CM,NSE,STK,16589,INE972X01022,VAISHALI,EQ,,,,,VAISHALI PHARMA LIMITED,8.85,8.95,8.26,8.78,8.71,8.68,,8.78,,,115742,1012053.60,272,F1,1,,,,,
2026-09-17,2026-09-17,CM,NSE,STK,13342,INE051B01021,VAKRANGEE,EQ,,,,,VAKRANGEE LIMITED,5.25,5.32,5.22,5.25,5.23,5.25,,5.25,,,747160,3931142.61,1248,F1,1,,,,,
2026-09-17,2026-09-17,CM,NSE,STK,19220,INE0JWS01017,VALIANTLAB,BE,,,,,VALIANT LABORATORIES LTD,111.25,122.75,111.25,122.75,122.75,116.91,,122.75,,,67876,8281910.07,307,F1,1,,,,,
2026-09-17,2026-09-17,CM,NSE,STK,334,INE565V01010,VALIANTORG,BE,,,,,VALIANT ORGANICS LIMITED,389.00,408.45,389.00,408.45,408.45,389.00,,408.45,,,79412,32372622.80,596,F1,1,,,,,
2026-09-17,2026-09-17,CM,NSE,STK,18124,INE879I01012,DBREALTY,EQ,,,,,VALOR ESTATE LIMITED,95.00,96.80,93.60,94.73,94.90,95.20,,94.73,,,596249,56955266.03,5629,F1,1,,,,,
2026-09-17,2026-09-17,CM,NSE,STK,13403,INE116G01013,VARDHACRLC,BE,,,,,VARDHAMAN ACRYLICS LTD,43.02,44.30,43.02,43.14,43.12,43.47,,43.14,,,4334,188065.74,64,F1,1,,,,,
2026-09-17,2026-09-17,CM,NSE,STK,11892,INE701A01023,VHL,EQ,,,,,VARDHMAN HOLDINGS LIMITED,3401.00,3442.90,3330.00,3403.50,3385.00,3396.80,,3403.50,,,884,2980967.20,90,F1,1,,,,,
2026-09-17,2026-09-17,CM,NSE,STK,3646,INE835A01029,VARDMNPOLY,EQ,,,,,VARDHMAN POLYTEX LTD.,5.99,6.35,5.80,5.83,5.89,5.86,,5.83,,,116455,691184.09,312,F1,1,,,,,
2026-09-17,2026-09-17,CM,NSE,STK,27067,INE050M01012,VSSL,EQ,,,,,VARDHMAN SPC STEEL LTD,408.00,428.25,403.10,406.05,406.50,405.85,,406.06,,,475918,196345689.00,17837,F1,1,,,,,
2026-09-17,2026-09-17,CM,NSE,STK,2073,INE825A01020,VTL,EQ,,,,,VARDHMAN TEXTILES LIMITED,570.75,572.40,558.80,561.30,563.00,571.75,,561.30,,,160680,90502929.25,9601,F1,1,,,,,
2026-09-17,2026-09-17,CM,NSE,STK,3857,INE665L01035,VARROC,EQ,,,,,VARROC ENGINEERING LTD.,854.90,871.50,840.00,846.15,844.00,851.15,,846.02,,,199305,170135884.15,17732,F1,1,,,,,
2026-09-17,2026-09-17,CM,NSE,STK,18921,INE200M01039,VBL,EQ,,,,,VARUN BEVERAGES LIMITED,411.00,419.50,411.00,415.45,415.45,410.40,,415.45,,,3472718,1446768374.70,43537,F1,1,,,,,
2026-09-17,2026-09-17,CM,NSE,STK,13771,INE273D01027,VGL,EQ,,,,,VARVEE GLOBAL LIMITED,66.80,67.84,64.40,65.85,66.30,66.20,,65.85,,,53566,3514702.41,470,F1,1,,,,,
2026-09-17,2026-09-17,CM,NSE,STK,16454,INE0N5801013,DENTALKART,SM,,,,,VASA DENTICITY LIMITED,395.00,400.95,392.10,395.50,395.05,394.50,,395.50,,,32000,12781825.00,59,F1,250,,,,,
2026-09-17,2026-09-17,CM,NSE,STK,18110,INE893I01013,VASCONEQ,EQ,,,,,VASCON ENGINEERS LTD,29.40,30.70,29.28,30.51,30.55,29.57,,30.51,,,187864,5645279.66,1046,F1,1,,,,,
2026-09-17,2026-09-17,CM,NSE,STK,25340,INE590L01019,VASWANI,EQ,,,,,VASWANI IND LTD,44.98,45.36,43.26,44.61,44.90,44.98,,44.61,,,17676,789273.03,195,F1,1,,,,,
2026-09-17,2026-09-17,CM,NSE,STK,9027,INE098201036,VCL,BE,,,,,VAXTEX COTFAB LIMITED,1.57,1.70,1.57,1.67,1.68,1.65,,1.67,,,668037,1074158.71,320,F1,1,,,,,
2026-09-17,2026-09-17,CM,NSE,STK,757413,INE04HY07294,1025VCCL28,N0,,,,,VCCL 10.25% 2028,96000.00,96000.00,96000.00,96000.00,96000.00,95001.00,,96000.00,,,6,576000.00,5,F1,1,,,,,
2026-09-17,2026-09-17,CM,NSE,STK,25464,INE04HY07161,12VCCL27,N0,,,,,VCCL 12% 2027 SR A,50000.00,50000.00,50000.00,50000.00,50000.00,51000.00,,50000.00,,,1,50000.00,1,F1,1,,,,,
2026-09-17,2026-09-17,CM,NSE,STK,756916,INE04HY07229,12VCCL29B,N0,,,,,VCCL 12% 2029,94255.55,97000.00,94255.55,97000.00,97000.00,99000.00,,97000.00,,,2,191255.55,2,F1,1,,,,,
2026-09-17,2026-09-17,CM,NSE,STK,760558,INE04HY08011,125VCCL31,N0,,,,,VCCL 12.5% 2031,99500.00,99500.00,98000.00,98000.00,98000.00,99500.00,,98000.00,,,3,295501.00,3,F1,1,,,,,
2026-09-17,2026-09-17,CM,NSE,STK,763380,INE04HY07401,115VCCL31A,N0,,,,,VCCL31A 11.5% 2031,9100.00,9100.00,9100.00,9100.00,9100.00,9800.00,,9100.00,,,10,91000.00,3,F1,1,,,,,
2026-09-17,2026-09-17,CM,NSE,STK,25054,INE0U2M01015,VDEAL,SM,,,,,VDEAL SYSTEM LIMITED,115.00,115.00,113.00,113.00,113.00,114.35,,113.00,,,10200,1166310.00,10,F1,600,,,,,
2026-09-17,2026-09-17,CM,NSE,STK,8167,INE825V01034,MANYAVAR,EQ,,,,,VEDANT FASHIONS LIMITED,554.65,572.30,548.75,567.60,568.00,554.70,,567.59,,,131051,74367934.70,7519,F1,1,,,,,
2026-09-17,2026-09-17,CM,NSE,STK,750174,INE1CDF01017,VAML,EQ,,,,,VEDANTA ALUMINIUM METAL L,405.25,413.35,402.30,404.30,403.80,409.30,,404.30,,,6880378,2798401954.05,93004,F1,1,,,,,
2026-09-17,2026-09-17,CM,NSE,STK,750290,INE1CLE01013,VISL,EQ,,,,,VEDANTA IRON AND STEEL L,31.24,32.04,30.87,31.82,32.00,31.16,,31.82,,,18850250,594295608.44,39695,F1,1,,,,,
2026-09-17,2026-09-17,CM,NSE,STK,3063,INE205A01025,VEDL,EQ,,,,,VEDANTA LIMITED,254.00,257.70,253.95,257.45,257.45,256.00,,257.44,,,3297466,845901847.15,47294,F1,1,,,,,
2026-09-17,2026-09-17,CM,NSE,STK,750368,INE704J01044,VOGL,EQ,,,,,VEDANTA OIL AND GAS LTD,34.99,35.47,34.71,34.83,34.80,34.98,,34.83,,,16321048,571306793.54,42922,F1,1,,,,,
2026-09-17,2026-09-17,CM,NSE,STK,750518,INE694L01019,VEDPOWER,EQ,,,,,VEDANTA POWER LIMITED,30.95,31.33,30.76,31.01,31.10,31.00,,31.01,,,7700949,239049322.43,31085,F1,1,,,,,
2026-09-17,2026-09-17,CM,NSE,STK,764980,INE359B01010,VEDAVAAG,EQ,,,,,VEDAVAAG SYSTEMS LTD.,20.79,21.29,20.45,21.00,21.00,19.77,,20.99,,,138410,2875768.10,253,F1,1,,,,,
2026-09-17,2026-09-17,CM,NSE,STK,14019,INE484C01030,VEEDOL,EQ,,,,,VEEDOL CORPORATION LTD,1372.00,1405.00,1370.60,1385.30,1383.00,1375.30,,1385.50,,,12037,16788473.60,1266,F1,1,,,,,
2026-09-17,2026-09-17,CM,NSE,STK,10710,INE0KTW01013,VEEKAYEM,SM,,,,,VEEKAYEM FASH & APP LTD,99.20,104.30,99.20,104.30,104.30,104.40,,104.30,,,2500,254450.00,5,F1,500,,,,,
2026-09-17,2026-09-17,CM,NSE,STK,762969,INE232E01013,VELJAN,BE,,,,,VELJAN DENISON LTD.,1948.00,1996.80,1881.00,1978.30,1996.80,1902.60,,1976.34,,,2205,4304511.50,150,F1,1,,,,,
2026-09-17,2026-09-17,CM,NSE,STK,3757,INE398A01010,VENKEYS,EQ,,,,,VENKY S (INDIA) LIMITED,1683.00,1687.90,1648.90,1655.60,1651.40,1670.60,,1655.47,,,29437,49027311.10,3593,F1,1,,,,,
2026-09-17,2026-09-17,CM,NSE,STK,28847,INE781S01027,VENTIVE,EQ,,,,,VENTIVE HOSPITALITY LTD,565.55,568.00,560.00,561.75,562.00,565.05,,561.75,,,24344,13709897.70,1210,F1,1,,,,,
2026-09-17,2026-09-17,CM,NSE,STK,9592,INE0JA001018,VENUSPIPES,EQ,,,,,VENUS PIPES & TUBES LTD,1954.00,2160.00,1941.20,2131.70,2107.00,1938.10,,2131.18,,,1296328,2679141005.70,96143,F1,1,,,,,
2026-09-17,2026-09-17,CM,NSE,STK,13856,INE411B01019,VENUSREM,BE,,,,,VENUS REMEDIES LIMITED,1535.00,1570.00,1511.00,1549.80,1550.00,1535.10,,1549.80,,,13304,20607223.80,500,F1,1,,,,,
2026-09-17,2026-09-17,CM,NSE,STK,8890,INE0IQ001011,VERANDA,EQ,,,,,VERANDA LEARNING SOL LTD,215.00,218.72,212.35,214.57,214.00,217.97,,214.59,,,226183,48643069.90,3171,F1,1,,,,,
2026-09-17,2026-09-17,CM,NSE,STK,23775,INE0SRI01019,VERITAAS,SM,,,,,VERITAAS ADVERTISING LTD,27.00,27.00,26.50,26.50,26.50,27.85,,26.50,,,2400,64200.00,2,F1,1200,,,,,
2026-09-17,2026-09-17,CM,NSE,STK,10757,INE0KXY23015,VERTIS,IV,,,,,VERTIS INFRASTRUCTURE TST,114.05,115.75,114.05,115.00,115.00,114.00,,115.00,,,300000,34626250.00,6,F1,25000,,,,,
2026-09-17,2026-09-17,CM,NSE,STK,18863,INE188Y01031,VERTOZ,EQ,,,,,VERTOZ LIMITED,37.51,38.00,36.70,37.12,37.01,37.69,,37.12,,,17364,647466.36,412,F1,1,,,,,
2026-09-17,2026-09-17,CM,NSE,STK,3676,INE386A01023,VESUVIUS,EQ,,,,,VESUVIUS INDIA LTD,397.00,406.70,397.00,400.00,400.00,394.75,,400.01,,,65793,26457924.00,5370,F1,1,,,,,
2026-09-17,2026-09-17,CM,NSE,STK,8660,INE918N01018,VETO,BE,,,,,VETO SWITCHGEAR CABLE LTD,128.00,133.25,125.50,132.53,133.02,127.94,,132.33,,,71974,9361654.38,401,F1,1,,,,,
2026-09-17,2026-09-17,CM,NSE,STK,22730,INE0QTF01015,VSTL,EQ,,,,,VIBHOR STEEL TUBES LTD,114.89,115.90,112.15,114.82,114.76,112.75,,114.76,,,3050,350100.41,142,F1,1,,,,,
2026-09-17,2026-09-17,CM,NSE,STK,765252,INE761Q01015,VGCL,EQ,,,,,VIBRANT GLOBAL CAPITAL L,48.00,50.79,48.00,48.01,48.00,48.93,,46.85,,,3676,180886.92,31,F1,1,,,,,
2026-09-17,2026-09-17,CM,NSE,STK,23386,INE048C01025,VHLTD,BE,,,,,VICEROY HOTELS LIMITED,126.00,132.95,125.98,132.08,132.15,126.85,,131.13,,,42536,5580890.07,264,F1,1,,,,,
2026-09-17,2026-09-17,CM,NSE,STK,760691,INE0F8901022,VICTORYEV,SM,,,,,VICTORY ELEC VEHICL INT L,14.00,14.60,14.00,14.60,14.60,14.10,,14.60,,,9000,129300.00,3,F1,3000,,,,,
2026-09-17,2026-09-17,CM,NSE,STK,13536,INE632C01026,VIDHIING,EQ,,,,,VIDHI SPCLTY F INGRDNTS L,337.40,351.00,331.80,348.30,348.00,337.40,,348.30,,,27013,9240310.45,720,F1,1,,,,,
2026-09-17,2026-09-17,CM,NSE,STK,760224,INE14UN01029,VIDYAWIRES,EQ,,,,,VIDYA WIRES LIMITED,84.50,87.00,84.50,85.34,85.41,84.93,,85.33,,,280740,24027167.80,3245,F1,1,,,,,
2026-09-17,2026-09-17,CM,NSE,STK,758898,INE1DM601016,VIGOR,SM,,,,,VIGOR PLAST INDIA LIMITED,97.80,99.55,97.00,99.00,99.00,94.80,,99.00,,,11200,1102560.00,7,F1,1600,,,,,
2026-09-17,2026-09-17,CM,NSE,STK,764985,INE362D01010,VIJSOLX,EQ,,,,,VIJAY SOLVEX LTD.,640.00,658.85,613.00,637.85,633.00,640.00,,637.85,,,139,87776.85,34,F1,1,,,,,
2026-09-17,2026-09-17,CM,NSE,STK,5585,INE043W01024,VIJAYA,EQ,,,,,VIJAYA DIAGNOSTIC CEN LTD,1457.00,1514.90,1423.30,1506.10,1510.00,1438.30,,1506.12,,,196070,292365203.30,20638,F1,1,,,,,
2026-09-17,2026-09-17,CM,NSE,STK,760121,INE0WL901019,VIJAYPD,SM,,,,,VIJAYPD CEUTICAL LIMITED,63.00,63.00,62.00,63.00,63.00,65.00,,63.00,,,6000,376000.00,3,F1,2000,,,,,
2026-09-17,2026-09-17,CM,NSE,STK,17695,INE159N01027,VIJIFIN,BE,,,,,VIJI FINANCE LIMITED,14.71,14.71,14.71,14.71,14.71,15.01,,14.81,,,169498,2493315.58,104,F1,1,,,,,
2026-09-17,2026-09-17,CM,NSE,STK,25756,INE806A01020,VIKASECO,EQ,,,,,VIKAS ECOTECH LIMITED,1.04,1.05,1.04,1.04,1.04,1.04,,1.04,,,1038207,1083407.64,1220,F1,1,,,,,
2026-09-17,2026-09-17,CM,NSE,STK,9931,INE161L01027,VIKASLIFE,EQ,,,,,VIKAS LIFECARE LIMITED,1.20,1.24,1.20,1.22,1.23,1.19,,1.22,,,1172333,1433831.99,7692,F1,1,,,,,
2026-09-17,2026-09-17,CM,NSE,STK,759453,INE078V01014,VIKRAMSOLR,EQ,,,,,VIKRAM SOLAR LIMITED,163.86,164.74,162.80,163.37,163.52,163.88,,163.37,,,640352,104693978.74,10248,F1,1,,,,,
2026-09-17,2026-09-17,CM,NSE,STK,758973,INE01R501028,VIKRAN,EQ,,,,,VIKRAN ENGINEERING LTD,56.05,57.47,55.80,56.00,56.14,56.06,,56.00,,,706914,39861307.11,3914,F1,1,,,,,
2026-09-17,2026-09-17,CM,NSE,STK,23909,INE0AZY01017,VILAS,SM,,,,,VILAS TRANSCORE LIMITED,321.70,340.90,317.55,331.60,333.00,316.25,,331.60,,,26250,8680625.00,101,F1,250,,,,,
2026-09-17,2026-09-17,CM,NSE,STK,16954,INE0L4V01013,VILINBIO,SM,,,,,VILIN BIO MED LIMITED,60.00,60.00,60.00,60.00,60.00,60.00,,60.00,,,4000,240000.00,1,F1,4000,,,,,
2026-09-17,2026-09-17,CM,NSE,STK,13101,INE579C01029,VIMTALABS,EQ,,,,,VIMTA LABS LIMITED,595.25,617.95,595.25,599.60,597.10,598.45,,599.62,,,165328,100224307.15,9203,F1,1,,,,,
2026-09-17,2026-09-17,CM,NSE,STK,17364,INE410B01037,VINATIORGA,EQ,,,,,VINATI ORGANICS LTD,1250.00,1269.30,1246.30,1249.70,1250.00,1253.90,,1249.65,,,37122,46491165.10,5361,F1,1,,,,,
2026-09-17,2026-09-17,CM,NSE,STK,3694,INE707A01012,VINDHYATEL,EQ,,,,,VINDHYA TELELINKS LTD,2581.10,2698.00,2575.00,2632.50,2613.50,2586.50,,2632.73,,,49951,132139637.60,6830,F1,1,,,,,
2026-09-17,2026-09-17,CM,NSE,STK,3807,INE505Y01010,VINEETLAB,EQ,,,,,VINEET LABORATORIES LTD,35.95,36.00,35.27,35.97,35.99,35.89,,36.00,,,65283,2345508.90,257,F1,1,,,,,
2026-09-17,2026-09-17,CM,NSE,STK,763821,INE27V201011,VMOBILE,SM,,,,,VINIT MOBILE LIMITED,59.55,59.55,58.00,59.55,59.55,56.75,,59.55,,,9600,568200.00,11,F1,800,,,,,
2026-09-17,2026-09-17,CM,NSE,STK,12490,INE01KI01027,VINNY,EQ,,,,,VINNY OVERSEAS LIMITED,1.00,1.00,0.95,0.97,0.97,0.98,,0.97,,,344190,331703.11,179,F1,1,,,,,
2026-09-17,2026-09-17,CM,NSE,STK,766064,INE1A5U01014,VINOD,ST,,,,,VINOD TEXWORLD LIMITED,94.00,94.00,89.30,89.30,89.30,94.00,,89.30,,,417600,39248760.00,129,F1,1200,,,,,
2026-09-17,2026-09-17,CM,NSE,STK,17905,INE0OSJ01014,VINSYS,ST,,,,,VINSYS IT SERVICES IND LT,581.00,582.00,577.00,582.00,582.00,580.00,,582.00,,,2000,1159500.00,8,F1,250,,,,,
2026-09-17,2026-09-17,CM,NSE,STK,25835,INE498Q01014,VINCOFE,EQ,,,,,VINTAGE COFFEE N BVRGS L,168.00,177.65,168.00,175.96,176.20,167.27,,175.97,,,2256156,395803898.45,23437,F1,1,,,,,
2026-09-17,2026-09-17,CM,NSE,STK,19206,INE0OLS01010,VINYAS,SM,,,,,VINYAS INNOVATIVE TECH L,1413.20,1463.95,1400.00,1451.30,1457.80,1413.20,,1451.30,,,6100,8797910.00,46,F1,100,,,,,
2026-09-17,2026-09-17,CM,NSE,STK,16821,INE250B01029,VINYLINDIA,EQ,,,,,VINYL CHEMICALS (I) LTD.,216.60,220.01,211.25,214.17,214.70,215.00,,214.20,,,7244,1558422.20,337,F1,1,,,,,
2026-09-17,2026-09-17,CM,NSE,STK,14843,INE450G01024,VIPCLOTHNG,EQ,,,,,VIP CLOTHING LIMITED,20.30,20.79,20.11,20.60,20.60,20.50,,20.60,,,98424,1997505.49,184,F1,1,,,,,
2026-09-17,2026-09-17,CM,NSE,STK,3703,INE054A01027,VIPIND,EQ,,,,,VIP INDUSTRIES LTD,295.00,309.50,295.00,304.25,304.00,297.65,,304.25,,,473503,144118667.45,11159,F1,1,,,,,
2026-09-17,2026-09-17,CM,NSE,STK,8437,INE946H01037,VIPULLTD,BE,,,,,VIPUL LIMITED,12.23,12.23,12.23,12.23,12.23,12.47,,12.98,,,66620,814762.60,32,F1,1,,,,,
2026-09-17,2026-09-17,CM,NSE,STK,764990,INE467D01017,VIRAT,EQ,,,,,VIRAT INDUSTRIES LTD.,386.95,407.00,377.00,382.25,379.00,399.45,,382.33,,,5561,2144421.95,427,F1,1,,,,,
2026-09-17,2026-09-17,CM,NSE,STK,15295,INE539B01017,VIRINCHI,EQ,,,,,VIRINCHI LIMITED,13.86,14.45,13.86,13.92,14.10,13.95,,13.92,,,34921,488571.48,178,F1,1,,,,,
2026-09-17,2026-09-17,CM,NSE,STK,757060,INE0VRH01015,VGINFOTECH,SM,,,,,VIRTUAL GALAXY INFOTECH L,141.75,141.75,136.00,137.30,136.50,137.85,,137.30,,,24000,3318800.00,22,F1,1000,,,,,
2026-09-17,2026-09-17,CM,NSE,STK,765218,INE247C01023,VIRTUALG,BE,,,,,VIRTUAL GLOBAL EDU LTD,0.49,0.49,0.47,0.49,0.49,0.49,,0.48,,,85447,40824.91,158,F1,1,,,,,
2026-09-17,2026-09-17,CM,NSE,STK,761916,INE0I0T01010,VOEPL,EQ,,,,,VIRTUOSO OPTOELECTRONIC L,482.85,500.15,464.05,491.95,490.00,479.60,,491.78,,,57584,28223962.75,2619,F1,1,,,,,
2026-09-17,2026-09-17,CM,NSE,STK,13295,INE286H01012,VISACHROME,EQ,,,,,VISA CHROME LIMITED,31.86,32.30,30.27,30.27,30.27,31.86,,30.28,,,104685,3186575.70,302,F1,1,,,,,
2026-09-17,2026-09-17,CM,NSE,STK,29877,INE370E01029,VIVIDHA,EQ,,,,,VISAGAR POLYTEX LTD,0.53,0.53,0.51,0.51,0.51,0.53,,0.51,,,75480,39376.77,104,F1,1,,,,,
2026-09-17,2026-09-17,CM,NSE,STK,4221,INE392A01021,VISAKAIND,EQ,,,,,VISAKA INDUSTRIES LIMITED,87.39,91.12,87.01,90.81,91.00,87.15,,90.81,,,201785,18089810.77,2892,F1,1,,,,,
2026-09-17,2026-09-17,CM,NSE,STK,24274,INE0BHK01012,VISAMAN,SM,,,,,VISAMAN GLOBAL SALES LTD,40.85,40.85,40.85,40.85,40.85,43.00,,40.85,,,2000,81700.00,2,F1,1000,,,,,
2026-09-17,2026-09-17,CM,NSE,STK,18708,INE0OWX01025,VISDEM,SM,,,,,VISDEM TECHNOSYS LIMITED,88.00,88.00,87.50,87.60,87.50,92.50,,87.60,,,4800,420600.00,2,F1,1200,,,,,
2026-09-17,2026-09-17,CM,NSE,STK,11773,INE755Q01025,VISHAL,EQ,,,,,VISHAL FABRICS LTD.,18.47,18.87,18.04,18.12,18.08,18.42,,18.09,,,49239,897721.56,554,F1,1,,,,,
2026-09-17,2026-09-17,CM,NSE,STK,27969,INE01EA01019,VMM,EQ,,,,,VISHAL MEGA MART LIMITED,101.51,102.11,100.59,101.24,101.24,100.97,,101.24,,,4261275,430836513.09,28228,F1,1,,,,,
2026-09-17,2026-09-17,CM,NSE,STK,6908,INE270I01022,VISHNU,EQ,,,,,VISHNU CHEMICALS LIMITED,694.05,714.50,689.25,709.10,709.20,693.90,,709.08,,,87175,61404225.25,5090,F1,1,,,,,
2026-09-17,2026-09-17,CM,NSE,STK,18341,INE0AE001013,VPRPL,EQ,,,,,VISHNU PRAKASH R PUNGLI L,32.83,33.50,32.16,33.35,33.10,31.79,,33.34,,,333345,10957781.80,1889,F1,1,,,,,
2026-09-17,2026-09-17,CM,NSE,STK,19300,INE0PQ001012,VISHNUINFR,SM,,,,,VISHNUSURYA PROJ N INFR L,153.00,156.95,153.00,156.85,156.95,154.95,,156.85,,,2000,311825.00,4,F1,500,,,,,
2026-09-17,2026-09-17,CM,NSE,STK,13702,INE430N01022,VISHWARAJ,EQ,,,,,VISHWARAJ SUGAR IND LTD,5.24,5.39,5.24,5.25,5.26,5.31,,5.25,,,170500,903893.20,458,F1,1,,,,,
2026-09-17,2026-09-17,CM,NSE,STK,25231,INE0TR001017,VIESL,SM,,,,,VISION INFRA EQUIP SOL L,390.10,402.00,388.00,401.00,402.00,390.00,,401.00,,,20000,7862240.00,19,F1,800,,,,,
2026-09-17,2026-09-17,CM,NSE,STK,761148,INE0L4K01016,VITAL,EQ,,,,,VITAL CHEMTECH LIMITED,52.69,55.29,52.00,55.19,55.19,52.69,,55.19,,,2739,149784.55,21,F1,1,,,,,
2026-09-17,2026-09-17,CM,NSE,STK,763636,INE0MEG01014,VIVIANA,EQ,,,,,VIVIANA POWER TECH LTD,704.65,754.00,704.65,724.70,728.00,701.20,,724.70,,,23225,16959247.80,1445,F1,1,,,,,
2026-09-17,2026-09-17,CM,NSE,STK,761768,INE24H301028,VIVIDEL,SM,,,,,VIVID ELECTROMECH LIMITED,1835.00,1900.00,1835.00,1892.80,1900.00,1814.00,,1892.80,,,20160,37650084.00,82,F1,240,,,,,
2026-09-17,2026-09-17,CM,NSE,STK,11968,INE526G01021,VIVIMEDLAB,BE,,,,,VIVIMED LABS LIMITED,5.69,5.80,5.69,5.69,5.69,5.80,,5.69,,,37928,215822.47,42,F1,1,,,,,
2026-09-17,2026-09-17,CM,NSE,STK,764995,INE380K01017,VIVOBIOT,EQ,,,,,VIVO BIO TECH LTD.,16.19,17.50,16.19,16.85,16.88,16.83,,16.85,,,26812,451233.09,202,F1,1,,,,,
2026-09-17,2026-09-17,CM,NSE,STK,14296,INE807F01027,VIYASH,EQ,,,,,VIYASH SCIENTIFIC LIMITED,239.05,247.15,237.75,244.50,244.90,238.85,,244.52,,,2764864,671688316.65,39034,F1,1,,,,,
2026-09-17,2026-09-17,CM,NSE,STK,18012,INE03HW01020,VLEGOV,EQ,,,,,VL E GOV AND IT SOL LTD,10.06,10.49,10.00,10.45,10.48,10.21,,10.41,,,80383,823379.91,357,F1,1,,,,,
2026-09-17,2026-09-17,CM,NSE,STK,3715,INE709A01018,VLSFINANCE,EQ,,,,,VLS FINANCE LTD,242.00,242.00,238.00,239.67,239.51,241.88,,239.67,,,5553,1332865.34,138,F1,1,,,,,
2026-09-17,2026-09-17,CM,NSE,STK,29284,INE665J01013,VMART,EQ,,,,,VMART RETAIL LTD,784.95,804.60,776.45,790.05,782.50,786.40,,790.05,,,107687,85102868.55,10533,F1,1,,,,,
2026-09-17,2026-09-17,CM,NSE,STK,759152,INE0SJA01013,VMSTMT,EQ,,,,,VMS TMT LIMITED,50.90,51.70,50.01,50.30,50.20,50.57,,50.30,,,82286,4157239.11,778,F1,1,,,,,
2026-09-17,2026-09-17,CM,NSE,STK,14366,INE669E01016,IDEA,EQ,,,,,VODAFONE IDEA LIMITED,14.25,14.43,14.17,14.22,14.22,14.26,,14.22,,,186454612,2663123842.96,404029,F1,1,,,,,
2026-09-17,2026-09-17,CM,NSE,STK,765000,INE285C01015,VOITHPAPR,EQ,,,,,VOITH PAPER FABRICS IND L,1450.00,1481.50,1445.00,1468.50,1460.20,1452.10,,1467.89,,,134,196017.90,21,F1,1,,,,,
2026-09-17,2026-09-17,CM,NSE,STK,29658,INE241X01014,VOLERCAR,SM,,,,,VOLER CAR LIMITED,224.00,227.00,223.40,225.00,225.00,220.20,,225.00,,,16800,3771400.00,8,F1,800,,,,,
2026-09-17,2026-09-17,CM,NSE,STK,13577,INE540H01012,VOLTAMP,EQ,,,,,VOLTAMP TRANSFORMERS LTD,10501.00,10771.00,10501.00,10735.00,10729.00,10513.00,,10735.01,,,15093,160931015.00,6117,F1,1,,,,,
2026-09-17,2026-09-17,CM,NSE,STK,3718,INE226A01021,VOLTAS,EQ,,,,,VOLTAS LTD,1131.10,1141.20,1125.10,1135.00,1135.00,1131.00,,1135.01,,,379667,431029214.30,20675,F1,1,,,,,
2026-09-17,2026-09-17,CM,NSE,STK,24321,INE0S2V01010,VRAJ,EQ,,,,,VRAJ IRON AND STEEL LTD,122.80,125.28,120.60,123.99,122.52,122.25,,123.97,,,21702,2678311.52,584,F1,1,,,,,
2026-09-17,2026-09-17,CM,NSE,STK,8696,INE366I01010,VRLLOG,EQ,,,,,VRL LOGISTICS LIMITED,286.05,290.80,284.60,287.90,287.65,286.05,,287.91,,,75100,21604282.25,2546,F1,1,,,,,
2026-09-17,2026-09-17,CM,NSE,STK,3724,INE710A01016,VSTIND,EQ,,,,,VST INDUSTRIES LTD,202.65,204.93,201.61,204.11,203.80,202.14,,204.11,,,87322,17779050.20,2637,F1,1,,,,,
2026-09-17,2026-09-17,CM,NSE,STK,24292,INE764D01017,VSTTILLERS,EQ,,,,,VST TILLERS TRACTORS LTD,3990.00,4290.00,3968.00,4201.10,4230.00,3996.50,,4201.31,,,11556,47570416.60,2759,F1,1,,,,,
2026-09-17,2026-09-17,CM,NSE,STK,765005,INE855A01019,WHBRADY,EQ,,,,,W H BRADY & CO. LTD.,480.15,487.00,480.15,487.00,487.00,485.00,,485.00,,,11,5288.50,2,F1,1,,,,,
2026-09-17,2026-09-17,CM,NSE,STK,762978,INE765D01022,WPIL,EQ,,,,,W P I L LTD.,431.85,446.45,427.90,442.40,436.10,431.85,,442.35,,,49611,21843496.50,2942,F1,1,,,,,
2026-09-17,2026-09-17,CM,NSE,STK,14828,INE100D01014,WSI,EQ,,,,,W.S.INDUSTRIES (I) LTD.,56.00,58.80,55.79,56.60,56.33,56.04,,56.60,,,22541,1283454.19,774,F1,1,,,,,
2026-09-17,2026-09-17,CM,NSE,STK,25907,INE377N01017,WAAREEENER,EQ,,,,,WAAREE ENERGIES LIMITED,2499.00,2516.00,2470.00,2473.00,2473.00,2501.00,,2472.79,,,453090,1127884739.40,32215,F1,1,,,,,
2026-09-17,2026-09-17,CM,NSE,STK,756038,INE299N01021,WAAREERTL,EQ,,,,,WAAREE RENEWABLE TECH LTD,805.05,814.50,801.45,811.05,811.65,801.05,,811.00,,,102540,82893587.00,9330,F1,1,,,,,
2026-09-17,2026-09-17,CM,NSE,STK,760259,INE0E7301029,WAKEFIT,EQ,,,,,WAKEFIT INNOVATIONS LTD,145.97,148.49,144.50,145.59,146.00,145.61,,145.59,,,280341,41036884.36,4173,F1,1,,,,,
2026-09-17,2026-09-17,CM,NSE,STK,3736,INE711A01022,WALCHANNAG,EQ,,,,,WALCHANDNAGAR INDUSTRIES,197.50,204.48,197.50,199.84,200.23,197.08,,199.82,,,331447,66947452.38,7128,F1,1,,,,,
2026-09-17,2026-09-17,CM,NSE,STK,14063,INE107F01022,WANBURY,EQ,,,,,WANBURY LIMITED,220.50,230.00,220.50,223.65,222.00,222.60,,223.46,,,101311,22891961.85,2881,F1,1,,,,,
2026-09-17,2026-09-17,CM,NSE,STK,765225,INE945P01024,WARDINMOBI,EQ,,,,,WARDWIZARD INNO & MOB L,5.61,5.75,5.55,5.68,5.70,5.57,,5.68,,,203170,1145398.42,495,F1,1,,,,,
2026-09-17,2026-09-17,CM,NSE,STK,3745,INE054C01015,WATERBASE,EQ,,,,,WATERBASE LTD.,47.95,47.95,45.00,45.39,45.50,47.31,,45.85,,,39849,1826524.21,300,F1,1,,,,,
2026-09-17,2026-09-17,CM,NSE,STK,762163,INE0LZF01039,CORDELIA,EQ,,,,,WATERWAYS LEISURE TOUR L,108.19,111.88,107.04,109.68,109.22,108.19,,109.68,,,1309194,143680324.03,15398,F1,1,,,,,
2026-09-17,2026-09-17,CM,NSE,STK,759215,INE0A3007065,1075WCA28,N0,,,,,WCAPL 10.75% 2028,9801.00,9801.00,9801.00,9801.00,9801.00,9811.00,,9801.00,,,1,9801.00,1,F1,1,,,,,
2026-09-17,2026-09-17,CM,NSE,STK,9862,INE082W01014,WEWIN,EQ,,,,,WE WIN LIMITED,43.00,43.00,40.00,42.89,42.89,41.87,,41.62,,,1354,55999.13,21,F1,1,,,,,
2026-09-17,2026-09-17,CM,NSE,STK,760482,INF2F0001370,TWCGOLDETF,EQ,,,,,WEALTH - TWCGOLDETF,150.71,150.71,149.13,149.93,149.82,150.59,,149.93,,,2812,421750.48,330,F1,1,,,,,
2026-09-17,2026-09-17,CM,NSE,STK,1923,INE658T01017,WEALTH,EQ,,,,,WEALTH FRST PORT. MG. LTD,839.95,856.50,821.00,842.10,841.00,837.45,,842.10,,,1536,1298095.45,211,F1,1,,,,,
2026-09-17,2026-09-17,CM,NSE,STK,14602,INE855C01023,WEBELSOLAR,EQ,,,,,WEBSOL ENERGY SYSTEM LTD,72.12,72.91,71.02,71.74,71.49,72.11,,71.74,,,1568698,112497044.50,12450,F1,1,,,,,
2026-09-17,2026-09-17,CM,NSE,STK,3748,INE080A01014,WEIZMANIND,EQ,,,,,WEIZMANN LTD,72.01,72.90,70.92,71.24,71.27,72.53,,71.24,,,112,7974.33,19,F1,1,,,,,
2026-09-17,2026-09-17,CM,NSE,STK,11821,INE191B01025,WELCORP,EQ,,,,,WELSPUN CORP LIMITED,2420.00,2508.00,2415.10,2460.30,2463.00,2424.50,,2460.31,,,1698993,4201322046.20,94338,F1,1,,,,,
2026-09-17,2026-09-17,CM,NSE,STK,11626,INE625G01013,WELENT,EQ,,,,,WELSPUN ENTERPRISES LTD.,769.00,785.00,760.85,778.70,776.20,768.00,,778.70,,,376786,291586091.15,10510,F1,1,,,,,
2026-09-17,2026-09-17,CM,NSE,STK,19804,INE389K01018,WELINV,BE,,,,,WELSPUN INV & COMM LTD,2185.90,2275.00,2185.90,2275.00,2275.00,2230.50,,2204.20,,,379,851535.00,22,F1,1,,,,,
2026-09-17,2026-09-17,CM,NSE,STK,11253,INE192B01031,WELSPUNLIV,EQ,,,,,WELSPUN LIVING LIMITED,201.59,213.81,201.00,212.25,212.25,202.82,,212.24,,,5153292,1083259465.44,53975,F1,1,,,,,
2026-09-17,2026-09-17,CM,NSE,STK,762971,INE731F01037,WELSPLSOL,EQ,,,,,WELSPUN SPECIALTY SOL L,52.45,55.74,51.67,53.93,53.20,52.10,,53.95,,,858565,46225060.49,4675,F1,1,,,,,
2026-09-17,2026-09-17,CM,NSE,STK,4235,INE274C01019,WENDT,EQ,,,,,WENDT (INDIA) LIMITED,8665.00,8904.00,8609.50,8765.00,8777.00,8663.50,,8764.83,,,10651,93553905.50,3053,F1,1,,,,,
2026-09-17,2026-09-17,CM,NSE,STK,3799,INE976A01021,WSTCSTPAPR,EQ,,,,,WEST COAST PAPER MILLS LT,711.00,743.00,709.95,716.45,714.00,711.00,,716.47,,,275342,200506460.95,14730,F1,1,,,,,
2026-09-17,2026-09-17,CM,NSE,STK,25403,INE0CJF01024,WCIL,EQ,,,,,WESTERN CARRIERS (IND) L,90.24,95.89,90.24,95.21,94.50,90.24,,95.21,,,455551,42701420.56,4503,F1,1,,,,,
2026-09-17,2026-09-17,CM,NSE,STK,11580,INE274F01020,WESTLIFE,EQ,,,,,WESTLIFE FOODWORLD LTD,544.15,557.20,544.10,549.05,545.20,550.45,,549.03,,,40486,22266819.45,3202,F1,1,,,,,
2026-09-17,2026-09-17,CM,NSE,STK,759434,INE085001019,WEWORK,EQ,,,,,WEWORK INDIA MANAGEMENT L,675.95,692.85,671.05,682.85,680.40,676.10,,682.85,,,148050,101165866.20,13576,F1,1,,,,,
2026-09-17,2026-09-17,CM,NSE,STK,3766,INE715A01015,WHEELS,EQ,,,,,WHEELS INDIA LTD,2110.50,2184.60,2100.80,2124.60,2115.00,2110.50,,2124.54,,,131049,279540881.80,11389,F1,1,,,,,
2026-09-17,2026-09-17,CM,NSE,STK,18011,INE716A01013,WHIRLPOOL,EQ,,,,,WHIRLPOOL OF INDIA LTD,734.40,739.45,723.20,727.40,726.95,731.75,,727.35,,,209496,152557142.35,14579,F1,1,,,,,
2026-09-17,2026-09-17,CM,NSE,STK,3772,INE210A01017,WILLAMAGOR,EQ,,,,,WILLIAMSON MAGOR,25.35,25.35,23.60,24.11,24.50,24.59,,24.11,,,1587,38277.29,96,F1,1,,,,,
2026-09-17,2026-09-17,CM,NSE,STK,5366,INE0H5O01029,WINDLAS,EQ,,,,,WINDLAS BIOTECH LIMITED,1075.05,1126.45,1075.00,1117.60,1114.25,1075.05,,1117.60,,,117378,130429187.95,12028,F1,1,,,,,
2026-09-17,2026-09-17,CM,NSE,STK,24969,INE052A01021,WINDMACHIN,EQ,,,,,WINDSOR MACHINES LIMITED,294.00,303.55,293.00,300.05,300.00,295.30,,300.05,,,81754,24495372.60,1155,F1,1,,,,,
2026-09-17,2026-09-17,CM,NSE,STK,24173,INE0S9101013,WINNY,SM,,,,,WINNY IMMIGRA & EDU SER L,30.95,30.95,30.95,30.95,30.95,29.50,,30.95,,,500,15475.00,1,F1,500,,,,,
2026-09-17,2026-09-17,CM,NSE,STK,23714,INE0S3D01016,WINSOL,SM,,,,,WINSOL ENGINEERS LIMITED,103.45,112.90,103.45,110.70,110.70,104.50,,110.70,,,6800,735480.00,15,F1,400,,,,,
2026-09-17,2026-09-17,CM,NSE,STK,3787,INE075A01022,WIPRO,EQ,,,,,WIPRO LTD,165.75,167.60,165.02,166.40,166.40,166.89,,166.40,,,9129514,1518812800.50,75807,F1,1,,,,,
2026-09-17,2026-09-17,CM,NSE,STK,22725,INE623Y01011,WTICAB,SM,,,,,WISE TRAVEL INDIA LIMITED,99.90,102.50,99.00,101.75,102.50,100.00,,101.75,,,8500,855400.00,16,F1,500,,,,,
2026-09-17,2026-09-17,CM,NSE,STK,7506,INE049B01025,WOCKPHARMA,EQ,,,,,WOCKHARDT LIMITED,2025.00,2090.10,2021.50,2072.30,2084.00,2021.50,,2072.28,,,603193,1238514891.50,34833,F1,1,,,,,
2026-09-17,2026-09-17,CM,NSE,STK,25602,INE0OO201011,WOL3D,SM,,,,,WOL 3D INDIA LIMITED,135.00,135.00,135.00,135.00,135.00,137.50,,135.00,,,1000,135000.00,1,F1,1000,,,,,
2026-09-17,2026-09-17,CM,NSE,STK,19632,INE0Q9601016,WOMANCART,ST,,,,,WOMANCART LIMITED,100.00,101.50,97.00,101.00,101.00,101.50,,101.00,,,16800,1676380.00,18,F1,400,,,,,
2026-09-17,2026-09-17,CM,NSE,STK,7835,INE02WG01024,WEL,EQ,,,,,WONDER ELECTRICALS LTD,69.42,70.28,68.76,69.47,69.73,69.42,,69.48,,,397990,27625807.05,2611,F1,1,,,,,
2026-09-17,2026-09-17,CM,NSE,STK,3002,INE066O01014,WONDERLA,EQ,,,,,WONDERLA HOLIDAYS LTD.,511.40,521.95,511.40,516.65,520.00,517.60,,516.65,,,34157,17687997.05,1623,F1,1,,,,,
2026-09-17,2026-09-17,CM,NSE,STK,22277,INE196Y01018,WORTHPERI,EQ,,,,,WORTH PERIPHERALS LIMITED,147.01,147.90,141.65,146.27,146.99,148.07,,146.27,,,15217,2220930.09,189,F1,1,,,,,
2026-09-17,2026-09-17,CM,NSE,STK,11705,INE692G01013,XCHANGING,EQ,,,,,XCHANGING SOLUTIONS LTD,63.00,63.96,61.20,61.80,61.60,63.08,,61.80,,,85926,5357523.61,1034,F1,1,,,,,
2026-09-17,2026-09-17,CM,NSE,STK,8477,INE01P501012,XELPMOC,EQ,,,,,XELPMOC DESIGN & TECH LTD,75.46,75.46,73.36,74.08,74.50,73.81,,74.10,,,2530,187735.07,213,F1,1,,,,,
2026-09-17,2026-09-17,CM,NSE,STK,11407,INE445C01015,XPROINDIA,EQ,,,,,XPRO INDIA LIMITED,1255.70,1276.80,1226.40,1236.10,1250.00,1255.70,,1236.07,,,24216,30199946.60,2917,F1,1,,,,,
2026-09-17,2026-09-17,CM,NSE,STK,25235,INE547B01028,XTGLOBAL,EQ,,,,,XTGLOBAL INFOTECH LIMITED,29.49,30.50,28.50,29.45,28.96,29.05,,29.45,,,31522,927261.10,302,F1,1,,,,,
2026-09-17,2026-09-17,CM,NSE,STK,764312,INE0NG701011,XTRANET,EQ,,,,,XTRANET TECHNOLOGIES LTD,286.00,308.67,278.18,302.42,302.14,283.03,,302.43,,,2378436,712754522.08,41923,F1,1,,,,,
2026-09-17,2026-09-17,CM,NSE,STK,760870,INE0U0J01015,YAAP,SM,,,,,YAAP DIGITAL LIMITED,129.70,129.70,124.10,125.10,125.00,126.00,,125.10,,,15000,1900500.00,14,F1,1000,,,,,
2026-09-17,2026-09-17,CM,NSE,STK,23451,INE0TO601017,YASHOPTICS,SM,,,,,YASH OPTICS & LENS LTD,129.95,132.00,129.25,132.00,132.00,130.60,,132.00,,,19200,2519760.00,11,F1,800,,,,,
2026-09-17,2026-09-17,CM,NSE,STK,18131,INE616Z01012,YASHO,EQ,,,,,YASHO INDUSTRIES LIMITED,4008.50,4112.50,3985.00,4003.00,3995.00,4008.50,,4003.18,,,24402,98812412.40,5104,F1,1,,,,,
2026-09-17,2026-09-17,CM,NSE,STK,17627,INE08S201019,YCCL,SM,,,,,YASONS CHEMEX CARE LTD,8.40,8.40,8.40,8.40,8.40,8.50,,8.40,,,3000,25200.00,1,F1,3000,,,,,
2026-09-17,2026-09-17,CM,NSE,STK,17738,INE0JO301016,YATHARTH,EQ,,,,,YATHARTH HOSP & TRA C S L,987.00,1083.80,985.10,1072.40,1077.00,982.30,,1072.35,,,3679332,3885984682.90,158755,F1,1,,,,,
2026-09-17,2026-09-17,CM,NSE,STK,18760,INE0JR601024,YATRA,EQ,,,,,YATRA ONLINE LIMITED,103.24,104.85,102.00,104.16,103.53,102.46,,104.16,,,676150,70059370.74,6341,F1,1,,,,,
2026-09-17,2026-09-17,CM,NSE,STK,11915,INE528G01035,YESBANK,EQ,,,,,YES BANK LIMITED,23.32,23.38,22.91,23.13,23.13,23.40,,23.13,,,69914036,1618171403.16,83724,F1,1,,,,,
2026-09-17,2026-09-17,CM,NSE,STK,765010,INE290E01011,YOGI,EQ,,,,,YOGI LTD.,164.95,164.95,163.00,163.00,163.00,160.00,,163.00,,,7,1142.95,3,F1,1,,,,,
2026-09-17,2026-09-17,CM,NSE,STK,18040,INE09FA01019,YUDIZ,SM,,,,,YUDIZ SOLUTIONS LIMITED,22.05,22.05,22.05,22.05,22.05,21.90,,22.05,,,800,17640.00,1,F1,800,,,,,
2026-09-17,2026-09-17,CM,NSE,STK,5501,INE384C01016,YUKEN,EQ,,,,,YUKEN INDIA LIMITED,1140.00,1140.00,1114.65,1123.10,1130.25,1134.95,,1123.09,,,21238,23908935.95,1994,F1,1,,,,,
2026-09-17,2026-09-17,CM,NSE,STK,4229,INE116C01012,ZFSTEERING,EQ,,,,,Z F STEERING GEAR (I) LTD,734.00,749.90,685.00,694.60,696.00,725.80,,694.81,,,8982,6386245.55,662,F1,1,,,,,
2026-09-17,2026-09-17,CM,NSE,STK,23976,INE0ISZ01012,ZTECH,SM,,,,,Z-TECH (INDIA) LIMITED,400.00,416.00,385.00,406.85,405.05,406.15,,406.85,,,46500,18791325.00,130,F1,300,,,,,
2026-09-17,2026-09-17,CM,NSE,STK,18608,INE07K301024,ZAGGLE,EQ,,,,,ZAGGLE PREPA OCEAN SER L,177.45,183.17,176.48,181.38,182.00,177.81,,181.41,,,606260,109254270.49,10523,F1,1,,,,,
2026-09-17,2026-09-17,CM,NSE,STK,17766,INE0PPS01018,ZEAL,SM,,,,,ZEAL GLOBAL SERVICES LTD,75.00,75.00,75.00,75.00,75.00,77.50,,75.00,,,600,45000.00,1,F1,600,,,,,
2026-09-17,2026-09-17,CM,NSE,STK,3812,INE256A01028,ZEEL,EQ,,,,,ZEE ENTERTAINMENT ENT LTD,80.00,80.19,77.82,78.31,78.15,79.60,,78.31,,,13155417,1033512684.07,42231,F1,1,,,,,
2026-09-17,2026-09-17,CM,NSE,STK,20852,INE565L01011,ZEELEARN,EQ,,,,,ZEE LEARN LIMITED,6.60,8.05,6.60,6.85,6.87,7.05,,6.85,,,514594,3560854.66,984,F1,1,,,,,
2026-09-17,2026-09-17,CM,NSE,STK,14003,INE966H01019,ZEEMEDIA,EQ,,,,,ZEE MEDIA CORPORATION LTD,7.35,7.50,7.32,7.40,7.36,7.37,,7.40,,,805569,5973134.09,1084,F1,1,,,,,
2026-09-17,2026-09-17,CM,NSE,STK,7508,INE251B01027,ZENTEC,EQ,,,,,ZEN TECHNOLOGIES LIMITED,1663.00,1695.80,1656.90,1681.70,1681.60,1662.80,,1681.72,,,212129,355562798.60,20338,F1,1,,,,,
2026-09-17,2026-09-17,CM,NSE,STK,22803,INE0QWN01013,ZENITHDRUG,SM,,,,,ZENITH DRUGS LIMITED,43.50,43.50,42.00,43.45,43.45,43.15,,43.45,,,11200,478720.00,13,F1,800,,,,,
2026-09-17,2026-09-17,CM,NSE,STK,4176,INE058B01018,ZENITHEXPO,EQ,,,,,ZENITH EXPORTS LTD,196.95,196.95,196.95,196.95,196.95,195.00,,196.65,,,1,196.95,1,F1,1,,,,,
2026-09-17,2026-09-17,CM,NSE,STK,14562,INE318D01020,ZENITHSTL,EQ,,,,,ZENITH STEEL PIP IND LTD,5.80,5.80,5.50,5.56,5.59,5.49,,5.56,,,28764,161348.74,196,F1,1,,,,,
2026-09-17,2026-09-17,CM,NSE,STK,1076,INE520A01027,ZENSARTECH,EQ,,,,,ZENSAR TECHNOLOGIES  LTD,450.00,450.15,431.60,441.85,440.05,450.15,,441.85,,,2456285,1075520774.05,45546,F1,1,,,,,
2026-09-17,2026-09-17,CM,NSE,STK,22901,INF0R8F01042,GOLDCASE,EQ,,,,,ZERODHAAMC - GOLDCASE,23.60,23.80,23.55,23.69,23.69,23.78,,23.69,,,7572400,179158334.07,8248,F1,1,,,,,
2026-09-17,2026-09-17,CM,NSE,STK,21750,INF0R8F01034,LIQUIDCASE,EQ,,,,,ZERODHAAMC - LIQUIDCASE,115.94,115.96,115.94,115.95,115.96,115.93,,115.95,,,25771011,2988270974.86,20950,F1,1,,,,,
2026-09-17,2026-09-17,CM,NSE,STK,758705,INF0R8F01133,LTGILTCASE,EQ,,,,,ZERODHAAMC - LTGILTCASE,30.89,30.89,30.18,30.27,30.27,30.28,,30.27,,,152684,4619278.83,193,F1,1,,,,,
2026-09-17,2026-09-17,CM,NSE,STK,24077,INF0R8F01059,MID150CASE,EQ,,,,,ZERODHAAMC - MID150CASE,11.53,11.53,11.23,11.37,11.40,11.30,,11.37,,,778742,8842457.12,2890,F1,1,,,,,
2026-09-17,2026-09-17,CM,NSE,STK,759302,INF0R8F01166,NIFTYCASE,EQ,,,,,ZERODHAAMC - NIFTYCASE,9.37,9.42,9.28,9.36,9.35,9.35,,9.36,,,705543,6612747.39,1656,F1,1,,,,,
2026-09-17,2026-09-17,CM,NSE,STK,30274,INF0R8F01091,SILVERCASE,EQ,,,,,ZERODHAAMC - SILVERCASE,22.98,23.07,22.80,22.95,22.98,23.16,,22.95,,,5225578,119906466.94,5759,F1,1,,,,,
2026-09-17,2026-09-17,CM,NSE,STK,758955,INF0R8F01141,SML100CASE,EQ,,,,,ZERODHAAMC - SML100CASE,11.00,11.16,11.00,11.13,11.16,11.01,,11.13,,,770506,8558549.70,1076,F1,1,,,,,
2026-09-17,2026-09-17,CM,NSE,STK,24081,INF0R8F01067,TOP100CASE,EQ,,,,,ZERODHAAMC - TOP100CASE,10.46,10.46,10.20,10.26,10.32,10.21,,10.26,,,1171887,12033213.18,932,F1,1,,,,,
2026-09-17,2026-09-17,CM,NSE,STK,16915,INE342J01019,ZFCVINDIA,EQ,,,,,ZF COM VE CTR SYS IND LTD,2452.50,2487.70,2435.00,2445.20,2450.00,2461.50,,2445.30,,,25145,61652325.70,6397,F1,1,,,,,
2026-09-17,2026-09-17,CM,NSE,STK,12384,INE518E01015,ZIMLAB,EQ,,,,,ZIM LABORATORIES LIMITED,136.78,142.00,132.97,137.92,136.00,136.78,,137.92,,,230315,31468942.60,2904,F1,1,,,,,
2026-09-17,2026-09-17,CM,NSE,STK,3821,INE206B01013,ZODIACLOTH,EQ,,,,,ZODIAC CLOTHING CO. LTD.,69.95,69.95,68.90,69.10,69.50,69.26,,69.10,,,482,33287.99,47,F1,1,,,,,
2026-09-17,2026-09-17,CM,NSE,STK,7129,INE761Y01019,ZODIAC,EQ,,,,,ZODIAC ENERGY LIMITED,225.37,229.00,215.00,220.25,220.17,220.37,,220.23,,,11960,2666146.08,730,F1,1,,,,,
2026-09-17,2026-09-17,CM,NSE,STK,11394,INE358U01012,ZOTA,EQ,,,,,ZOTA HEALTH CARE LIMITED,1114.10,1152.00,1107.80,1118.80,1122.40,1114.10,,1118.80,,,122807,138448392.00,3639,F1,1,,,,,
2026-09-17,2026-09-17,CM,NSE,STK,29050,INE840M01016,ZUARI,EQ,,,,,ZUARI AGRO CHEMICALS LTD,209.00,217.92,209.00,216.03,215.80,209.30,,216.03,,,64917,13868534.72,2414,F1,1,,,,,
2026-09-17,2026-09-17,CM,NSE,STK,3827,INE217A01012,ZUARIIND,EQ,,,,,ZUARI INDUSTRIES LIMITED,254.65,261.65,254.20,259.30,259.30,254.85,,259.31,,,35493,9177214.55,1329,F1,1,,,,,
2026-09-17,2026-09-17,CM,NSE,STK,7929,INE010B01027,ZYDUSLIFE,EQ,,,,,ZYDUS LIFESCIENCES LTD,1103.50,1139.90,1100.10,1135.10,1135.10,1107.50,,1135.10,,,1086138,1225273092.20,36569,F1,1,,,,,
2026-09-17,2026-09-17,CM,NSE,STK,17635,INE768C01028,ZYDUSWELL,EQ,,,,,ZYDUS WELLNESS LIMITED,551.80,552.15,544.55,546.15,545.40,551.80,,546.15,,,147021,80625271.30,12246,F1,1,,,,,
