rebalance_id,symbol,side,quantity,price,fee,source
SMV2-0018,AVANTIFEED,BUY,134,412.20599999999996,110.47120799999999,ENGINE_ADAPTER
SMV2-0018,BBTC,BUY,62,889.4445,110.291118,ENGINE_ADAPTER
SMV2-0018,VENKEYS,BUY,51,1083.5415,110.52123300000001,ENGINE_ADAPTER
SMV2-0018,SUNPHARMA,BUY,119,464.68222499999996,110.59436955,ENGINE_ADAPTER
SMV2-0018,CIPLA,BUY,94,589.2945,110.78736599999999,ENGINE_ADAPTER
SMV2-0018,AUROPHARMA,BUY,90,611.3054999999999,110.03499,ENGINE_ADAPTER
SMV2-0018,ASIANPAINT,BUY,32,1718.859,110.006976,ENGINE_ADAPTER
SMV2-0018,UPL,BUY,140,395.047425,110.613279,ENGINE_ADAPTER
SMV2-0018,PIDILITIND,BUY,37,1480.74,109.57475999999998,ENGINE_ADAPTER
SMV2-0019,ASIANPAINT,SELL,32,1582.2085000000002,101.26134400000002,ENGINE_ADAPTER
SMV2-0019,PIDILITIND,SELL,37,1379.3100000000002,102.06894000000001,ENGINE_ADAPTER
SMV2-0019,UPL,SELL,140,366.8165,102.70862000000001,ENGINE_ADAPTER
SMV2-0019,LT,BUY,65,821.6106,106.80937800000001,ENGINE_ADAPTER
SMV2-0019,ADANIPORTS,BUY,189,285.34259999999995,107.85950279999999,ENGINE_ADAPTER
SMV2-0019,NCC,BUY,1983,24.012,95.231592,ENGINE_ADAPTER
SMV2-0020,AVANTIFEED,SELL,134,424.7875,113.84305,ENGINE_ADAPTER
SMV2-0020,BBTC,SELL,62,851.5740000000001,105.595176,ENGINE_ADAPTER
SMV2-0020,VENKEYS,SELL,51,1049.4750000000001,107.04645,ENGINE_ADAPTER
SMV2-0020,HDFCLIFE,BUY,111,487.54364999999996,108.2346903,ENGINE_ADAPTER
SMV2-0020,ICICIPRULI,BUY,142,383.29155000000003,108.85480020000001,ENGINE_ADAPTER
SMV2-0020,SBILIFE,BUY,72,750.375,108.054,ENGINE_ADAPTER
SMV2-0021,ADANIPORTS,SELL,189,312.2438,118.0281564,ENGINE_ADAPTER
SMV2-0021,LT,SELL,65,821.48905,106.79357649999999,ENGINE_ADAPTER
SMV2-0021,NCC,SELL,1983,21.089450000000003,83.6407587,ENGINE_ADAPTER
SMV2-0021,TCS,BUY,27,2016.0075,108.864405,ENGINE_ADAPTER
SMV2-0021,INFY,BUY,79,693.3465,109.54874699999999,ENGINE_ADAPTER
SMV2-0021,HCLTECH,BUY,83,530.265,88.02399,ENGINE_ADAPTER
SMV2-0022,AUROPHARMA,SELL,90,743.628,133.85304000000002,ENGINE_ADAPTER
SMV2-0022,CIPLA,SELL,94,648.6755,121.950994,ENGINE_ADAPTER
SMV2-0022,HCLTECH,SELL,83,556.7215,92.415769,ENGINE_ADAPTER
SMV2-0022,INFY,SELL,79,698.400625,110.34729875000001,ENGINE_ADAPTER
SMV2-0022,SUNPHARMA,SELL,119,483.25825000000003,115.01546350000002,ENGINE_ADAPTER
SMV2-0022,TCS,SELL,27,1989.005,107.40626999999999,ENGINE_ADAPTER
SMV2-0022,VEDL,BUY,607,93.34665,113.32283309999998,ENGINE_ADAPTER
SMV2-0022,TATASTEEL,BUY,187,302.151,113.004474,ENGINE_ADAPTER
SMV2-0022,HINDALCO,BUY,399,141.97095,113.29281809999999,ENGINE_ADAPTER
SMV2-0022,ULTRACEMCO,BUY,14,3906.9525,109.39466999999999,ENGINE_ADAPTER
SMV2-0022,ACC,BUY,44,1283.6415,112.960452,ENGINE_ADAPTER
SMV2-0022,SHREECEM,BUY,2,20867.728649999997,83.4709146,ENGINE_ADAPTER
SMV2-0023,ACC,SELL,44,1314.3425,115.66214,ENGINE_ADAPTER
SMV2-0023,HDFCLIFE,SELL,111,519.74,115.38228000000001,ENGINE_ADAPTER
SMV2-0023,ICICIPRULI,SELL,142,390.40470000000005,110.87493480000002,ENGINE_ADAPTER
SMV2-0023,SBILIFE,SELL,72,801.599,115.430256,ENGINE_ADAPTER
SMV2-0023,SHREECEM,SELL,2,22106.691125,88.4267645,ENGINE_ADAPTER
SMV2-0023,ULTRACEMCO,SELL,14,3908.045,109.42526000000001,ENGINE_ADAPTER
SMV2-0023,PAGEIND,BUY,2,19860.925499999998,79.44370199999999,ENGINE_ADAPTER
SMV2-0023,RAYMOND,BUY,179,329.1645,117.84089099999998,ENGINE_ADAPTER
SMV2-0023,ARVIND,BUY,1561,37.868925,118.22678384999999,ENGINE_ADAPTER
SMV2-0023,INDHOTEL,BUY,623,94.8474,118.17986039999998,ENGINE_ADAPTER
SMV2-0023,WESTLIFE,BUY,187,315.65774999999996,118.05599849999999,ENGINE_ADAPTER
SMV2-0023,CHALET,BUY,346,170.835375,118.21807949999999,ENGINE_ADAPTER
SMV2-0024,CHALET,SELL,346,139.83005,96.7623946,ENGINE_ADAPTER
SMV2-0024,INDHOTEL,SELL,623,88.65565000000001,110.46493990000002,ENGINE_ADAPTER
SMV2-0024,WESTLIFE,SELL,187,295.85200000000003,110.64864800000002,ENGINE_ADAPTER
SMV2-0024,TATACONSUM,BUY,146,371.68575,108.53223900000002,ENGINE_ADAPTER
SMV2-0024,AVANTIFEED,BUY,114,476.238,108.582264,ENGINE_ADAPTER
SMV2-0024,VENKEYS,BUY,47,1155.5774999999999,108.62428499999999,ENGINE_ADAPTER
SMV2-0025,HINDALCO,SELL,399,150.82455000000002,120.35799090000002,ENGINE_ADAPTER
SMV2-0025,TATASTEEL,SELL,187,319.590125,119.52670674999999,ENGINE_ADAPTER
SMV2-0025,VEDL,SELL,607,105.297325,127.83095254999999,ENGINE_ADAPTER
SMV2-0025,HDFCBANK,BUY,52,1039.969725,108.1568514,ENGINE_ADAPTER
SMV2-0025,AXISBANK,BUY,130,420.21,109.2546,ENGINE_ADAPTER
SMV2-0025,ICICIBANK,BUY,148,367.1835,108.68631599999999,ENGINE_ADAPTER
SMV2-0026,AVANTIFEED,SELL,114,505.747,115.31031600000001,ENGINE_ADAPTER
SMV2-0026,TATACONSUM,SELL,146,386.85647500000005,112.96209070000002,ENGINE_ADAPTER
SMV2-0026,VENKEYS,SELL,47,1124.4375,105.697125,ENGINE_ADAPTER
SMV2-0026,BAJAJFINSV,BUY,9,5834.915999999999,105.028488,ENGINE_ADAPTER
SMV2-0026,MUTHOOTFIN,BUY,50,1088.5439999999999,108.8544,ENGINE_ADAPTER
SMV2-0026,CHOLAFIN,BUY,274,200.1,109.6548,ENGINE_ADAPTER
SMV2-0027,ARVIND,SELL,1561,32.833575,102.50642115000001,ENGINE_ADAPTER
SMV2-0027,PAGEIND,SELL,2,20711.339150000003,82.84535660000002,ENGINE_ADAPTER
SMV2-0027,RAYMOND,SELL,179,273.863,98.04295400000001,ENGINE_ADAPTER
SMV2-0027,ULTRACEMCO,BUY,14,3921.9599999999996,109.81487999999999,ENGINE_ADAPTER
SMV2-0027,SHREECEM,BUY,2,22890.4395,91.56175800000001,ENGINE_ADAPTER
SMV2-0027,ACC,BUY,42,1317.6585,110.683314,ENGINE_ADAPTER
SMV2-0028,ACC,SELL,42,1309.594875,110.0059695,ENGINE_ADAPTER
SMV2-0028,SHREECEM,SELL,2,22448.77,89.79508,ENGINE_ADAPTER
SMV2-0028,ULTRACEMCO,SELL,14,3818.09,106.90652,ENGINE_ADAPTER
SMV2-0028,BHARTIARTL,BUY,97,574.78725,111.5087265,ENGINE_ADAPTER
SMV2-0028,ITI,BUY,439,128.064,112.440192,ENGINE_ADAPTER
SMV2-0028,HATHWAY,BUY,1585,34.11705,108.15104849999999,ENGINE_ADAPTER
SMV2-0029,AXISBANK,SELL,130,437.48115,113.745099,ENGINE_ADAPTER
SMV2-0029,HDFCBANK,SELL,52,1134.4325000000001,117.98098,ENGINE_ADAPTER
SMV2-0029,ICICIBANK,SELL,148,357.821,105.91501600000001,ENGINE_ADAPTER
SMV2-0029,INFY,BUY,64,908.95425,116.346144,ENGINE_ADAPTER
SMV2-0029,TCS,BUY,26,2202.1005,114.509226,ENGINE_ADAPTER
SMV2-0029,WIPRO,BUY,201,261.480675,105.11523134999999,ENGINE_ADAPTER
SMV2-0031,BAJAJFINSV,SELL,9,6219.8885,111.95799299999999,ENGINE_ADAPTER
SMV2-0031,CHOLAFIN,SELL,274,200.849525,110.06553969999999,ENGINE_ADAPTER
SMV2-0031,MUTHOOTFIN,SELL,50,1277.7108249999999,127.77108249999999,ENGINE_ADAPTER
SMV2-0031,TATACOMM,BUY,76,784.3919999999999,119.22758399999998,ENGINE_ADAPTER
SMV2-0031,SUNPHARMA,BUY,111,534.36705,118.62948509999998,ENGINE_ADAPTER
SMV2-0031,CIPLA,BUY,76,724.362,110.103024,ENGINE_ADAPTER
SMV2-0033,BHARTIARTL,SELL,97,530.284725,102.87523664999999,ENGINE_ADAPTER
SMV2-0033,ITI,SELL,439,142.778575,125.35958885,ENGINE_ADAPTER
SMV2-0033,TATACOMM,SELL,76,834.2826500000001,126.8109628,ENGINE_ADAPTER
SMV2-0033,DIVISLAB,BUY,19,3121.56,118.61928,ENGINE_ADAPTER
SMV2-0033,INDHOTEL,BUY,637,95.4477,121.60036980000001,ENGINE_ADAPTER
SMV2-0033,WESTLIFE,BUY,154,370.13497499999994,114.00157229999998,ENGINE_ADAPTER
SMV2-0034,CIPLA,SELL,76,762.6185,115.918012,ENGINE_ADAPTER
SMV2-0034,DIVISLAB,SELL,19,3267.8652500000003,124.17887950000002,ENGINE_ADAPTER
SMV2-0034,SUNPHARMA,SELL,111,538.380675,119.52050985000001,ENGINE_ADAPTER
SMV2-0034,EIHOTEL,BUY,656,93.34665,122.4708048,ENGINE_ADAPTER
SMV2-0034,DLF,BUY,376,162.58124999999998,122.2611,ENGINE_ADAPTER
SMV2-0034,GODREJPROP,BUY,65,863.4314999999999,112.246095,ENGINE_ADAPTER
SMV2-0035,INFY,SELL,64,934.782375,119.65214399999999,ENGINE_ADAPTER
SMV2-0035,TCS,SELL,26,2238.88,116.42176,ENGINE_ADAPTER
SMV2-0035,WIPRO,SELL,201,273.863,110.092926,ENGINE_ADAPTER
SMV2-0035,NBCC,BUY,2207,28.414199999999997,125.42027879999999,ENGINE_ADAPTER
SMV2-0035,PAGEIND,BUY,3,20335.1625,122.010975,ENGINE_ADAPTER
SMV2-0035,ALOKINDS,BUY,1430,34.51725,98.71933499999999,ENGINE_ADAPTER
SMV2-0036,ALOKINDS,SELL,1430,31.034475000000004,88.7585985,ENGINE_ADAPTER
SMV2-0036,PAGEIND,SELL,3,18540.725000000002,111.24435,ENGINE_ADAPTER
SMV2-0036,VOLTAS,BUY,90,653.3265,117.59877,ENGINE_ADAPTER
SMV2-0036,DIXON,BUY,4,8594.295,68.75435999999999,ENGINE_ADAPTER
SMV2-0037,DLF,SELL,376,155.922,117.253344,ENGINE_ADAPTER
SMV2-0037,EIHOTEL,SELL,656,85.85705000000002,112.64444960000003,ENGINE_ADAPTER
SMV2-0037,GODREJPROP,SELL,65,879.85985,114.38178050000002,ENGINE_ADAPTER
SMV2-0037,INDHOTEL,SELL,637,99.95,127.3363,ENGINE_ADAPTER
SMV2-0037,NBCC,SELL,2207,26.48675,116.9125145,ENGINE_ADAPTER
SMV2-0037,WESTLIFE,SELL,154,386.8065,119.136402,ENGINE_ADAPTER
SMV2-0037,BAJAJELEC,BUY,127,463.13145,117.63538829999999,ENGINE_ADAPTER
SMV2-0037,TCS,BUY,24,2385.2920499999996,114.49401839999996,ENGINE_ADAPTER
SMV2-0037,INFY,BUY,61,957.4784999999999,116.812377,ENGINE_ADAPTER
SMV2-0037,WIPRO,BUY,201,293.396625,117.94544324999998,ENGINE_ADAPTER
SMV2-0037,CONCOR,BUY,153,386.543175,118.28221155000001,ENGINE_ADAPTER
SMV2-0037,BLUEDART,BUY,20,2881.44,115.2576,ENGINE_ADAPTER
SMV2-0038,BLUEDART,SELL,20,2795.1017500000003,111.80407000000002,ENGINE_ADAPTER
SMV2-0038,CONCOR,SELL,153,387.80600000000004,118.668636,ENGINE_ADAPTER
SMV2-0038,MCDOWELL-N,BUY,111,545.022375,120.99496725000002,ENGINE_ADAPTER
SMV2-0038,UBL,BUY,59,1019.159325,120.26080034999998,ENGINE_ADAPTER
SMV2-0040,MCDOWELL-N,SELL,111,522.7385,116.04794700000002,ENGINE_ADAPTER
SMV2-0040,UBL,SELL,59,964.5175,113.813065,ENGINE_ADAPTER
SMV2-0040,CIPLA,BUY,77,776.3879999999999,119.56375200000001,ENGINE_ADAPTER
SMV2-0040,SUNPHARMA,BUY,113,507.2535,114.63929099999999,ENGINE_ADAPTER
SMV2-0041,BAJAJELEC,SELL,127,528.7355,134.298817,ENGINE_ADAPTER
SMV2-0041,DIXON,SELL,4,8505.745,68.04596000000001,ENGINE_ADAPTER
SMV2-0041,VOLTAS,SELL,90,690.15475,124.227855,ENGINE_ADAPTER
SMV2-0041,DIVISLAB,BUY,19,3193.89615,121.3680537,ENGINE_ADAPTER
SMV2-0041,PAGEIND,BUY,3,20995.4925,125.972955,ENGINE_ADAPTER
SMV2-0041,ALOKINDS,BUY,1741,22.461225,78.20998544999999,ENGINE_ADAPTER
SMV2-0043,CIPLA,SELL,77,760.8194000000001,117.16618760000001,ENGINE_ADAPTER
SMV2-0043,DIVISLAB,SELL,19,3079.35955,117.01566290000002,ENGINE_ADAPTER
SMV2-0043,INFY,SELL,61,1121.688875,136.84604275,ENGINE_ADAPTER
SMV2-0043,SUNPHARMA,SELL,113,487.1563,110.09732379999998,ENGINE_ADAPTER
SMV2-0043,TCS,SELL,24,2688.605025,129.0530412,ENGINE_ADAPTER
SMV2-0043,WIPRO,SELL,201,343.52815,138.09831630000002,ENGINE_ADAPTER
SMV2-0043,ULTRACEMCO,BUY,13,4512.255,117.31863,ENGINE_ADAPTER
SMV2-0043,ACC,BUY,38,1605.70245,122.0333862,ENGINE_ADAPTER
SMV2-0043,AMBUJACEM,BUY,246,248.82434999999998,122.4215802,ENGINE_ADAPTER
SMV2-0043,RAYMOND,BUY,214,284.9424,121.9553472,ENGINE_ADAPTER
SMV2-0043,DLF,BUY,354,172.98645,122.47440659999998,ENGINE_ADAPTER
SMV2-0043,GODREJPROP,BUY,58,1045.02225,121.222581,ENGINE_ADAPTER
SMV2-0044,ALOKINDS,SELL,1741,21.839075,76.04365915000001,ENGINE_ADAPTER
SMV2-0044,PAGEIND,SELL,3,20114.9375,120.689625,ENGINE_ADAPTER
SMV2-0044,RAYMOND,SELL,214,274.36275,117.42725700000001,ENGINE_ADAPTER
SMV2-0044,OBEROIRLTY,BUY,135,445.62269999999995,120.31812899999998,ENGINE_ADAPTER
SMV2-0044,BHARTIARTL,BUY,138,435.2175,120.12003,ENGINE_ADAPTER
SMV2-0044,TATACOMM,BUY,46,975.4875,89.74484999999999,ENGINE_ADAPTER
SMV2-0045,BHARTIARTL,SELL,138,456.07185000000004,125.87583060000001,ENGINE_ADAPTER
SMV2-0045,DLF,SELL,354,169.81505,120.22905540000001,ENGINE_ADAPTER
SMV2-0045,GODREJPROP,SELL,58,963.518,111.768088,ENGINE_ADAPTER
SMV2-0045,HATHWAY,SELL,1585,27.486250000000002,87.1314125,ENGINE_ADAPTER
SMV2-0045,OBEROIRLTY,SELL,135,432.7835,116.851545,ENGINE_ADAPTER
SMV2-0045,TATACOMM,SELL,46,1013.493,93.24135600000001,ENGINE_ADAPTER
SMV2-0045,POLYPLEX,BUY,71,789.3945,112.09401899999999,ENGINE_ADAPTER
SMV2-0045,SUPREMEIND,BUY,39,1455.7275,113.546745,ENGINE_ADAPTER
SMV2-0045,ASTRAL,BUY,47,1195.4474249999998,112.37205795,ENGINE_ADAPTER
SMV2-0045,VOLTAS,BUY,74,765.3824999999999,113.27660999999999,ENGINE_ADAPTER
SMV2-0045,AMBER,BUY,25,2245.122,112.2561,ENGINE_ADAPTER
SMV2-0045,DIXON,BUY,4,10149.072,81.192576,ENGINE_ADAPTER
SMV2-0046,AMBER,SELL,25,2338.83,116.9415,ENGINE_ADAPTER
SMV2-0046,DIXON,SELL,4,10194.900000000001,81.55920000000002,ENGINE_ADAPTER
SMV2-0046,VOLTAS,SELL,74,763.618,113.01546400000001,ENGINE_ADAPTER
SMV2-0046,ZEEL,BUY,297,194.99745,115.82848529999998,ENGINE_ADAPTER
SMV2-0046,SUNTV,BUY,134,430.215,115.29762,ENGINE_ADAPTER
SMV2-0046,TV18BRDCST,BUY,1505,29.064525,87.48422025,ENGINE_ADAPTER
SMV2-0047,ACC,SELL,38,1703.1480000000001,129.439248,ENGINE_ADAPTER
SMV2-0047,AMBUJACEM,SELL,246,258.8705,127.36428599999999,ENGINE_ADAPTER
SMV2-0047,SUNTV,SELL,134,431.78400000000005,115.718112,ENGINE_ADAPTER
SMV2-0047,TV18BRDCST,SELL,1505,30.284850000000002,91.15739850000001,ENGINE_ADAPTER
SMV2-0047,ULTRACEMCO,SELL,13,4871.563,126.660638,ENGINE_ADAPTER
SMV2-0047,ZEEL,SELL,297,186.90650000000002,111.022461,ENGINE_ADAPTER
SMV2-0047,INDHOTEL,BUY,525,113.0565,118.709325,ENGINE_ADAPTER
SMV2-0047,THOMASCOOK,BUY,1183,50.2251,118.8325866,ENGINE_ADAPTER
SMV2-0047,EIHOTEL,BUY,661,89.89492499999999,118.84109084999999,ENGINE_ADAPTER
SMV2-0047,HAVELLS,BUY,71,830.415,117.91892999999997,ENGINE_ADAPTER
SMV2-0047,BHEL,BUY,2006,29.6148,118.81457759999998,ENGINE_ADAPTER
SMV2-0047,SIEMENS,BUY,36,1433.01615,103.17716279999999,ENGINE_ADAPTER
SMV2-0049,BHEL,SELL,2006,34.3828,137.9437936,ENGINE_ADAPTER
SMV2-0049,HAVELLS,SELL,71,829.0352750000001,117.72300905000002,ENGINE_ADAPTER
SMV2-0049,SIEMENS,SELL,36,1527.73575,109.996974,ENGINE_ADAPTER
SMV2-0049,LT,BUY,54,1155.3773999999999,124.78075919999999,ENGINE_ADAPTER
SMV2-0049,ADANIPORTS,BUY,137,461.23049999999995,126.37715699999998,ENGINE_ADAPTER
SMV2-0049,NCC,BUY,1087,53.0265,115.27961099999999,ENGINE_ADAPTER
SMV2-0050,ASTRAL,SELL,47,1478.6603000000002,138.99406820000002,ENGINE_ADAPTER
SMV2-0050,POLYPLEX,SELL,71,772.6135,109.71111700000002,ENGINE_ADAPTER
SMV2-0050,SUPREMEIND,SELL,39,1709.145,133.31331,ENGINE_ADAPTER
SMV2-0050,POLYCAB,BUY,61,1045.5225,127.55374500000002,ENGINE_ADAPTER
SMV2-0050,ABB,BUY,54,1180.59,127.50372,ENGINE_ADAPTER
SMV2-0050,FINCABLES,BUY,174,360.18,125.34263999999999,ENGINE_ADAPTER
SMV2-0051,ADANIPORTS,SELL,137,458.7705,125.70311700000002,ENGINE_ADAPTER
SMV2-0051,EIHOTEL,SELL,661,98.45075,130.1518915,ENGINE_ADAPTER
SMV2-0051,INDHOTEL,SELL,525,128.43575,134.8575375,ENGINE_ADAPTER
SMV2-0051,LT,SELL,54,1275.611875,137.7660825,ENGINE_ADAPTER
SMV2-0051,NCC,SELL,1087,55.972,121.683128,ENGINE_ADAPTER
SMV2-0051,THOMASCOOK,SELL,1183,48.27585,114.2206611,ENGINE_ADAPTER
SMV2-0051,TITAN,BUY,42,1514.9570999999999,127.25639639999999,ENGINE_ADAPTER
SMV2-0051,RAJESHEXPO,BUY,129,492.69622499999997,127.11562604999999,ENGINE_ADAPTER
SMV2-0051,VAIBHAVGBL,BUY,29,2146.0724999999998,124.47220499999999,ENGINE_ADAPTER
SMV2-0051,DLF,BUY,278,229.1145,127.38766199999999,ENGINE_ADAPTER
SMV2-0051,GODREJPROP,BUY,46,1375.8876,126.58165919999999,ENGINE_ADAPTER
SMV2-0051,NBCC,BUY,2104,30.31515,127.5661512,ENGINE_ADAPTER
SMV2-0052,DLF,SELL,278,230.8845,128.371782,ENGINE_ADAPTER
SMV2-0052,GODREJPROP,SELL,46,1373.313,126.344796,ENGINE_ADAPTER
SMV2-0052,NBCC,SELL,2104,29.985000000000003,126.17688000000003,ENGINE_ADAPTER
SMV2-0052,INFY,BUY,51,1239.069225,126.38506095,ENGINE_ADAPTER
SMV2-0052,TCS,BUY,21,2911.455,122.28111000000001,ENGINE_ADAPTER
SMV2-0052,IRCTC,BUY,44,1420.7099999999998,125.02247999999999,ENGINE_ADAPTER
SMV2-0053,ABB,SELL,54,1238.48045,133.7558886,ENGINE_ADAPTER
SMV2-0053,FINCABLES,SELL,174,350.8245,122.086926,ENGINE_ADAPTER
SMV2-0053,POLYCAB,SELL,61,1041.479,127.06043800000002,ENGINE_ADAPTER
SMV2-0053,VOLTAS,BUY,78,834.4169999999999,130.16905199999997,ENGINE_ADAPTER
SMV2-0053,DIXON,BUY,4,13716.855,109.73483999999999,ENGINE_ADAPTER
SMV2-0053,CROMPTON,BUY,172,380.19,130.78536,ENGINE_ADAPTER
SMV2-0055,IRCTC,SELL,44,1447.725775,127.3998682,ENGINE_ADAPTER
SMV2-0055,WIPRO,BUY,151,441.22049999999996,133.248591,ENGINE_ADAPTER
SMV2-0056,INFY,SELL,51,1344.3275,137.121405,ENGINE_ADAPTER
SMV2-0056,TCS,SELL,21,3307.295525,138.90641205000003,ENGINE_ADAPTER
SMV2-0056,WIPRO,SELL,151,444.927425,134.36808235,ENGINE_ADAPTER
SMV2-0056,ADANIENT,BUY,129,530.515125,136.87290225,ENGINE_ADAPTER
SMV2-0056,MSTCLTD,BUY,295,232.11599999999999,136.94843999999998,ENGINE_ADAPTER
SMV2-0056,MMTC,BUY,2417,28.364175,137.11242195,ENGINE_ADAPTER
SMV2-0057,RAJESHEXPO,SELL,129,478.31072500000005,123.40416705000003,ENGINE_ADAPTER
SMV2-0057,TITAN,SELL,42,1437.0811,120.71481240000001,ENGINE_ADAPTER
SMV2-0057,VAIBHAVGBL,SELL,29,2648.675,153.62315,ENGINE_ADAPTER
SMV2-0057,MARUTI,BUY,9,7268.8326,130.83898680000001,ENGINE_ADAPTER
SMV2-0057,EICHERMOT,BUY,23,2778.3885,127.805871,ENGINE_ADAPTER
SMV2-0057,BAJAJ-AUTO,BUY,16,4066.0319999999997,130.113024,ENGINE_ADAPTER
SMV2-0059,BAJAJ-AUTO,SELL,16,4150.1239,132.8039648,ENGINE_ADAPTER
SMV2-0059,EICHERMOT,SELL,23,2794.6020000000003,128.551692,ENGINE_ADAPTER
SMV2-0059,MARUTI,SELL,9,7596.200000000001,136.7316,ENGINE_ADAPTER
SMV2-0059,LT,BUY,49,1527.7635,149.720823,ENGINE_ADAPTER
SMV2-0059,ADANIPORTS,BUY,123,618.258975,152.09170784999998,ENGINE_ADAPTER
SMV2-0059,NCC,BUY,644,86.14304999999999,110.95224839999997,ENGINE_ADAPTER
SMV2-0061,CROMPTON,SELL,172,387.80600000000004,133.40526400000002,ENGINE_ADAPTER
SMV2-0061,DIXON,SELL,4,20086.951500000003,160.695612,ENGINE_ADAPTER
SMV2-0061,VOLTAS,SELL,78,1022.6884000000001,159.5393904,ENGINE_ADAPTER
SMV2-0061,SBIN,BUY,204,395.29755,161.28140040000002,ENGINE_ADAPTER
SMV2-0061,ICICIBANK,BUY,133,607.8537749999999,161.68910415,ENGINE_ADAPTER
SMV2-0061,HDFCBANK,BUY,41,1564.782,128.312124,ENGINE_ADAPTER
SMV2-0062,ADANIPORTS,SELL,123,762.31865,187.5303879,ENGINE_ADAPTER
SMV2-0062,HDFCBANK,SELL,41,1541.229,126.380778,ENGINE_ADAPTER
SMV2-0062,ICICIBANK,SELL,133,611.2942,162.6042572,ENGINE_ADAPTER
SMV2-0062,LT,SELL,49,1477.2610000000002,144.771578,ENGINE_ADAPTER
SMV2-0062,NCC,SELL,644,89.955,115.86204,ENGINE_ADAPTER
SMV2-0062,SBIN,SELL,204,388.255775,158.40835620000001,ENGINE_ADAPTER
SMV2-0062,ITC,BUY,410,209.80485,172.03997699999996,ENGINE_ADAPTER
SMV2-0062,GRASIM,BUY,64,1340.619975,171.5993568,ENGINE_ADAPTER
SMV2-0062,SRF,BUY,15,5661.8295,169.854885,ENGINE_ADAPTER
SMV2-0062,DMART,BUY,26,3310.6544999999996,172.154034,ENGINE_ADAPTER
SMV2-0062,ABFRL,BUY,394,218.10899999999998,171.869892,ENGINE_ADAPTER
SMV2-0062,TRENT,BUY,19,886.443,33.684834,ENGINE_ADAPTER
SMV2-0063,ABFRL,SELL,394,218.8905,172.485714,ENGINE_ADAPTER
SMV2-0063,DMART,SELL,26,3134.4320000000002,162.990464,ENGINE_ADAPTER
SMV2-0063,TRENT,SELL,19,879.5600000000001,33.42328,ENGINE_ADAPTER
SMV2-0063,JKPAPER,BUY,552,152.97645,168.8860008,ENGINE_ADAPTER
SMV2-0063,WSTCSTPAPR,BUY,338,249.9249,168.9492324,ENGINE_ADAPTER
SMV2-0063,ORIENTPPR,BUY,555,27.913949999999996,30.984484499999997,ENGINE_ADAPTER
SMV2-0064,GRASIM,SELL,64,1418.2905,181.54118400000002,ENGINE_ADAPTER
SMV2-0064,ITC,SELL,410,223.18835,183.01444700000002,ENGINE_ADAPTER
SMV2-0064,SRF,SELL,15,5267.365000000001,158.02095,ENGINE_ADAPTER
SMV2-0064,ASTRAL,BUY,49,1672.836,163.93792800000003,ENGINE_ADAPTER
SMV2-0064,EPL,BUY,392,211.10549999999998,165.50671199999996,ENGINE_ADAPTER
SMV2-0064,SUPREMEIND,BUY,41,1990.995,163.26158999999998,ENGINE_ADAPTER
SMV2-0065,ADANIENT,SELL,129,1003.498,258.902484,ENGINE_ADAPTER
SMV2-0065,MMTC,SELL,2417,44.927525,217.17965585000002,ENGINE_ADAPTER
SMV2-0065,MSTCLTD,SELL,295,301.34925000000004,177.79605750000002,ENGINE_ADAPTER
SMV2-0065,ITC,BUY,403,213.35662499999998,171.96543975,ENGINE_ADAPTER
SMV2-0065,GRASIM,BUY,60,1417.3083,170.076996,ENGINE_ADAPTER
SMV2-0065,SRF,BUY,16,5302.65,169.6848,ENGINE_ADAPTER
SMV2-0066,JKPAPER,SELL,552,152.92350000000002,168.82754400000002,ENGINE_ADAPTER
SMV2-0066,ORIENTPPR,SELL,555,25.537225000000003,28.34631975,ENGINE_ADAPTER
SMV2-0066,WSTCSTPAPR,SELL,338,246.97645,166.9560802,ENGINE_ADAPTER
SMV2-0066,INFY,BUY,63,1391.6954999999998,175.35363299999997,ENGINE_ADAPTER
SMV2-0066,TCS,BUY,27,3172.5854999999997,171.31961699999997,ENGINE_ADAPTER
SMV2-0066,HCLTECH,BUY,87,1007.5034999999999,175.30560899999998,ENGINE_ADAPTER
SMV2-0067,ASTRAL,SELL,49,1564.067575,153.27862234999998,ENGINE_ADAPTER
SMV2-0067,EPL,SELL,392,222.88850000000002,174.74458400000003,ENGINE_ADAPTER
SMV2-0067,GRASIM,SELL,60,1417.241025,170.068923,ENGINE_ADAPTER
SMV2-0067,ITC,SELL,403,209.895,169.17537,ENGINE_ADAPTER
SMV2-0067,SRF,SELL,16,6196.900000000001,198.3008,ENGINE_ADAPTER
SMV2-0067,SUPREMEIND,SELL,41,1989.005,163.09841,ENGINE_ADAPTER
SMV2-0067,TATASTEEL,BUY,100,876.9882749999999,175.39765500000001,ENGINE_ADAPTER
SMV2-0067,JSWSTEEL,BUY,144,609.3045,175.479696,ENGINE_ADAPTER
SMV2-0067,SAIL,BUY,955,91.94595,175.6167645,ENGINE_ADAPTER
SMV2-0067,TITAN,BUY,55,1571.7855,172.89640500000002,ENGINE_ADAPTER
SMV2-0067,VAIBHAVGBL,BUY,19,4422.21,168.04398,ENGINE_ADAPTER
SMV2-0067,RAJESHEXPO,BUY,161,510.15494999999993,164.26989389999997,ENGINE_ADAPTER
SMV2-0068,RAJESHEXPO,SELL,161,494.10282500000005,159.10110965,ENGINE_ADAPTER
SMV2-0068,TITAN,SELL,55,1524.2375000000002,167.66612500000002,ENGINE_ADAPTER
SMV2-0068,VAIBHAVGBL,SELL,19,4147.925,157.62115,ENGINE_ADAPTER
SMV2-0068,CIPLA,BUY,88,945.722625,166.447182,ENGINE_ADAPTER
SMV2-0068,SUNPHARMA,BUY,130,644.322,167.52372,ENGINE_ADAPTER
SMV2-0068,DIVISLAB,BUY,19,3813.906,144.92842799999997,ENGINE_ADAPTER
SMV2-0070,HCLTECH,SELL,87,898.3006250000001,156.30430875000005,ENGINE_ADAPTER
SMV2-0070,INFY,SELL,63,1340.1296,168.8563296,ENGINE_ADAPTER
SMV2-0070,TCS,SELL,27,3023.3875500000004,163.26292770000003,ENGINE_ADAPTER
SMV2-0070,TATACHEM,BUY,113,792.396,179.081496,ENGINE_ADAPTER
SMV2-0070,ASIANPAINT,BUY,35,2511.2549999999997,175.78784999999996,ENGINE_ADAPTER
SMV2-0070,UPL,BUY,112,605.80275,135.699816,ENGINE_ADAPTER
SMV2-0072,DIVISLAB,SELL,19,4017.9900000000002,152.68362,ENGINE_ADAPTER
SMV2-0072,LUPIN,BUY,63,1194.597,150.519222,ENGINE_ADAPTER
SMV2-0073,CIPLA,SELL,88,930.5345000000001,163.77407200000002,ENGINE_ADAPTER
SMV2-0073,JSWSTEEL,SELL,144,696.6515,200.63563200000002,ENGINE_ADAPTER
SMV2-0073,LUPIN,SELL,63,1213.9927,152.96308019999998,ENGINE_ADAPTER
SMV2-0073,SAIL,SELL,955,122.23885,233.47620350000003,ENGINE_ADAPTER
SMV2-0073,SUNPHARMA,SELL,130,690.6545,179.57016999999996,ENGINE_ADAPTER
SMV2-0073,TATASTEEL,SELL,100,1107.4460000000001,221.48920000000004,ENGINE_ADAPTER
SMV2-0073,TATACONSUM,BUY,144,650.3249999999999,187.29359999999997,ENGINE_ADAPTER
SMV2-0073,VENKEYS,BUY,40,2290.094475,183.20755799999998,ENGINE_ADAPTER
SMV2-0073,KSCL,BUY,120,780.1899,187.245576,ENGINE_ADAPTER
SMV2-0073,ASTRAL,BUY,53,1755.4772999999998,186.08059379999997,ENGINE_ADAPTER
SMV2-0073,PRINCEPIPE,BUY,129,724.1619,186.8337702,ENGINE_ADAPTER
SMV2-0073,SUPREMEIND,BUY,42,2184.0915,183.463686,ENGINE_ADAPTER
SMV2-0074,ASIANPAINT,SELL,35,2936.531,205.55716999999999,ENGINE_ADAPTER
SMV2-0074,TATACHEM,SELL,113,710.5945250000001,160.59436265000002,ENGINE_ADAPTER
SMV2-0074,UPL,SELL,112,811.2941500000001,181.7298896,ENGINE_ADAPTER
SMV2-0074,INDHOTEL,BUY,710,133.6668,189.806856,ENGINE_ADAPTER
SMV2-0074,MHRIL,BUY,360,263.13149999999996,189.45467999999997,ENGINE_ADAPTER
SMV2-0074,LEMONTREE,BUY,2260,42.021,189.93492,ENGINE_ADAPTER
SMV2-0076,ASTRAL,SELL,53,1945.5267500000002,206.22583550000002,ENGINE_ADAPTER
SMV2-0076,KSCL,SELL,120,697.6510000000001,167.43624000000003,ENGINE_ADAPTER
SMV2-0076,PRINCEPIPE,SELL,129,711.54405,183.57836489999997,ENGINE_ADAPTER
SMV2-0076,SUPREMEIND,SELL,42,2273.8625,191.00445,ENGINE_ADAPTER
SMV2-0076,TATACONSUM,SELL,144,715.0423000000001,205.93218240000002,ENGINE_ADAPTER
SMV2-0076,VENKEYS,SELL,40,2617.6905,209.41524,ENGINE_ADAPTER
SMV2-0076,ADANIENT,BUY,67,1442.170725,193.25087714999998,ENGINE_ADAPTER
SMV2-0076,MMTC,BUY,1640,59.079525,193.78084199999998,ENGINE_ADAPTER
SMV2-0076,REDINGTON,BUY,346,279.989925,193.75302810000002,ENGINE_ADAPTER
SMV2-0076,ZEEL,BUY,439,220.61024999999998,193.6957995,ENGINE_ADAPTER
SMV2-0076,SUNTV,BUY,186,520.26,193.53672,ENGINE_ADAPTER
SMV2-0076,TV18BRDCST,BUY,2115,45.8229,193.83086699999998,ENGINE_ADAPTER
SMV2-0077,INDHOTEL,SELL,710,132.9335,188.76557000000003,ENGINE_ADAPTER
SMV2-0077,LEMONTREE,SELL,2260,40.829575000000006,184.54967900000003,ENGINE_ADAPTER
SMV2-0077,MHRIL,SELL,360,245.877,177.03144,ENGINE_ADAPTER
SMV2-0077,SUNTV,SELL,186,543.7280000000001,202.266816,ENGINE_ADAPTER
SMV2-0077,TV18BRDCST,SELL,2115,41.17940000000001,174.188862,ENGINE_ADAPTER
SMV2-0077,ZEEL,SELL,439,218.29080000000002,191.65932239999998,ENGINE_ADAPTER
SMV2-0077,MCDOWELL-N,BUY,142,657.3285,186.681294,ENGINE_ADAPTER
SMV2-0077,UBL,BUY,68,1371.835575,186.5696382,ENGINE_ADAPTER
SMV2-0077,RADICO,BUY,121,770.385,186.43316999999996,ENGINE_ADAPTER
SMV2-0077,PAGEIND,BUY,3,29614.8,177.6888,ENGINE_ADAPTER
SMV2-0077,LUXIND,BUY,27,3389.694,183.043476,ENGINE_ADAPTER
SMV2-0077,ALOKINDS,BUY,3491,26.913449999999997,187.9097079,ENGINE_ADAPTER
SMV2-0078,ADANIENT,SELL,67,1524.1375500000001,204.23443170000002,ENGINE_ADAPTER
SMV2-0078,ALOKINDS,SELL,3491,26.08695,182.13908490000003,ENGINE_ADAPTER
SMV2-0078,LUXIND,SELL,27,3610.1940000000004,194.95047600000004,ENGINE_ADAPTER
SMV2-0078,MMTC,SELL,1640,55.922025000000005,183.42424200000005,ENGINE_ADAPTER
SMV2-0078,PAGEIND,SELL,3,29514.235500000003,177.085413,ENGINE_ADAPTER
SMV2-0078,REDINGTON,SELL,346,270.8645,187.43823400000002,ENGINE_ADAPTER
SMV2-0078,BATAINDIA,BUY,58,1630.764975,189.16873710000002,ENGINE_ADAPTER
SMV2-0078,RELAXO,BUY,79,1187.09325,187.56073349999997,ENGINE_ADAPTER
SMV2-0078,KHADIM,BUY,311,304.202025,189.21365955,ENGINE_ADAPTER
SMV2-0078,POLYCAB,BUY,47,1975.737375,185.71931325,ENGINE_ADAPTER
SMV2-0078,ABB,BUY,51,1839.9695249999997,187.67689154999997,ENGINE_ADAPTER
SMV2-0078,FINCABLES,BUY,183,516.95835,189.2067561,ENGINE_ADAPTER
SMV2-0080,ABB,SELL,51,1717.5907750000001,175.19425905000003,ENGINE_ADAPTER
SMV2-0080,BATAINDIA,SELL,58,1577.1110500000002,182.94488180000005,ENGINE_ADAPTER
SMV2-0080,FINCABLES,SELL,183,511.394175,187.17026805000003,ENGINE_ADAPTER
SMV2-0080,KHADIM,SELL,311,301.849,187.75007799999997,ENGINE_ADAPTER
SMV2-0080,POLYCAB,SELL,47,1950.0245000000002,183.30230300000002,ENGINE_ADAPTER
SMV2-0080,RELAXO,SELL,79,1177.2111,185.99935380000002,ENGINE_ADAPTER
SMV2-0080,JKPAPER,BUY,410,227.21354999999997,186.31511099999997,ENGINE_ADAPTER
SMV2-0080,WSTCSTPAPR,BUY,349,267.13349999999997,186.459183,ENGINE_ADAPTER
SMV2-0080,ORIENTPPR,BUY,2958,31.565775,186.74312489999997,ENGINE_ADAPTER
SMV2-0080,VENKEYS,BUY,27,3400.6994999999997,183.637773,ENGINE_ADAPTER
SMV2-0080,TATACONSUM,BUY,121,771.3855,186.675291,ENGINE_ADAPTER
SMV2-0080,AVANTIFEED,BUY,137,651.02535,178.38094589999997,ENGINE_ADAPTER
SMV2-0081,AVANTIFEED,SELL,137,627.6360250000001,171.97227085000003,ENGINE_ADAPTER
SMV2-0081,JKPAPER,SELL,410,217.89100000000002,178.67062,ENGINE_ADAPTER
SMV2-0081,MCDOWELL-N,SELL,142,666.4666,189.2765144,ENGINE_ADAPTER
SMV2-0081,ORIENTPPR,SELL,2958,29.48525,174.434739,ENGINE_ADAPTER
SMV2-0081,RADICO,SELL,121,789.605,191.08441000000002,ENGINE_ADAPTER
SMV2-0081,TATACONSUM,SELL,121,760.6195,184.069919,ENGINE_ADAPTER
SMV2-0081,UBL,SELL,68,1439.230025,195.73528340000001,ENGINE_ADAPTER
SMV2-0081,VENKEYS,SELL,27,3393.3025000000002,183.238335,ENGINE_ADAPTER
SMV2-0081,WSTCSTPAPR,SELL,349,261.2693,182.36597139999998,ENGINE_ADAPTER
SMV2-0081,INFY,BUY,59,1545.47235,182.3657373,ENGINE_ADAPTER
SMV2-0081,TCS,BUY,28,3181.5899999999997,178.16904,ENGINE_ADAPTER
SMV2-0081,HAPPSTMNDS,BUY,62,1460.73,181.13052,ENGINE_ADAPTER
SMV2-0081,IBREALEST,BUY,642,142.4712,182.93302080000004,ENGINE_ADAPTER
SMV2-0081,DLF,BUY,280,326.06294999999994,182.595252,ENGINE_ADAPTER
SMV2-0081,GODREJPROP,BUY,58,1565.7825,181.63076999999998,ENGINE_ADAPTER
SMV2-0081,PAGEIND,BUY,2,32984.2839,131.9371356,ENGINE_ADAPTER
SMV2-0081,BOMDYEING,BUY,911,100.4502,183.02026439999997,ENGINE_ADAPTER
SMV2-0081,RAYMOND,BUY,196,465.23249999999996,182.37114,ENGINE_ADAPTER
SMV2-0084,DLF,SELL,280,344.82750000000004,193.10340000000002,ENGINE_ADAPTER
SMV2-0084,GODREJPROP,SELL,58,1587.2060000000001,184.115896,ENGINE_ADAPTER
SMV2-0084,HAPPSTMNDS,SELL,62,1437.2810000000002,178.222844,ENGINE_ADAPTER
SMV2-0084,IBREALEST,SELL,642,145.177375,186.40774950000002,ENGINE_ADAPTER
SMV2-0084,TATASTEEL,BUY,64,1434.7169999999999,183.64377599999997,ENGINE_ADAPTER
SMV2-0084,SAIL,BUY,652,142.071,185.260584,ENGINE_ADAPTER
SMV2-0084,JSWSTEEL,BUY,121,762.230925,184.45988384999998,ENGINE_ADAPTER
SMV2-0084,WIPRO,BUY,154,600.3,184.8924,ENGINE_ADAPTER
SMV2-0085,INFY,SELL,59,1706.84615,201.4078457,ENGINE_ADAPTER
SMV2-0085,TCS,SELL,28,3458.27,193.66312,ENGINE_ADAPTER
SMV2-0085,WIPRO,SELL,154,615.79195,189.6639206,ENGINE_ADAPTER
SMV2-0085,TRENT,BUY,103,885.392475,182.39084985,ENGINE_ADAPTER
SMV2-0085,ABFRL,BUY,443,206.653275,183.09480165000002,ENGINE_ADAPTER
SMV2-0085,DMART,BUY,25,3595.797,179.78985,ENGINE_ADAPTER
SMV2-0086,BOMDYEING,SELL,911,89.35530000000001,162.80535660000004,ENGINE_ADAPTER
SMV2-0086,JSWSTEEL,SELL,121,695.652,168.34778400000002,ENGINE_ADAPTER
SMV2-0086,PAGEIND,SELL,2,31164.410000000003,124.65764000000001,ENGINE_ADAPTER
SMV2-0086,RAYMOND,SELL,196,404.7975,158.68062,ENGINE_ADAPTER
SMV2-0086,SAIL,SELL,652,121.93900000000001,159.008456,ENGINE_ADAPTER
SMV2-0086,TATASTEEL,SELL,64,1401.299,179.366272,ENGINE_ADAPTER
SMV2-0086,TITAN,BUY,46,1889.9444999999998,173.87489399999998,ENGINE_ADAPTER
SMV2-0086,RAJESHEXPO,BUY,142,619.3095,175.883898,ENGINE_ADAPTER
SMV2-0086,KALYANKJIL,BUY,1426,62.081025,177.0550833,ENGINE_ADAPTER
SMV2-0086,RELIANCE,BUY,40,2175.087,174.00696,ENGINE_ADAPTER
SMV2-0086,BPCL,BUY,192,458.92934999999994,176.2288704,ENGINE_ADAPTER
SMV2-0086,ONGC,BUY,761,110.40517499999999,168.03667634999996,ENGINE_ADAPTER
SMV2-0087,ABFRL,SELL,443,203.348275,180.16657165,ENGINE_ADAPTER
SMV2-0087,DMART,SELL,25,3860.0690000000004,193.00345,ENGINE_ADAPTER
SMV2-0087,KALYANKJIL,SELL,1426,63.668150000000004,181.5815638,ENGINE_ADAPTER
SMV2-0087,RAJESHEXPO,SELL,142,589.754975,167.4904129,ENGINE_ADAPTER
SMV2-0087,TITAN,SELL,46,1834.0825000000002,168.73559000000003,ENGINE_ADAPTER
SMV2-0087,TRENT,SELL,103,954.5225,196.63163500000002,ENGINE_ADAPTER
SMV2-0087,GAIL,BUY,629,143.421675,180.42446714999997,ENGINE_ADAPTER
SMV2-0087,MGL,BUY,78,1143.5715,178.397154,ENGINE_ADAPTER
SMV2-0087,CONFIPET,BUY,1189,75.887925,180.46148565,ENGINE_ADAPTER
SMV2-0087,SBILIFE,BUY,75,1190.09475,178.5142125,ENGINE_ADAPTER
SMV2-0087,HDFCLIFE,BUY,127,709.3544999999999,180.17604299999996,ENGINE_ADAPTER
SMV2-0087,ICICIGI,BUY,57,1569.7845,178.95543299999997,ENGINE_ADAPTER
SMV2-0088,CONFIPET,SELL,1189,72.36380000000001,172.08111640000004,ENGINE_ADAPTER
SMV2-0088,GAIL,SELL,629,148.9255,187.348279,ENGINE_ADAPTER
SMV2-0088,MGL,SELL,78,1172.8133000000003,182.95887480000005,ENGINE_ADAPTER
SMV2-0088,HAL,BUY,66,1410.705,186.21306,ENGINE_ADAPTER
SMV2-0088,BEL,BUY,463,201.35062499999998,186.45067874999998,ENGINE_ADAPTER
SMV2-0088,INDIGO,BUY,43,1985.4922499999998,170.75233349999996,ENGINE_ADAPTER
SMV2-0089,HDFCLIFE,SELL,127,736.581525,187.09170735,ENGINE_ADAPTER
SMV2-0089,ICICIGI,SELL,57,1622.1885,184.92948900000002,ENGINE_ADAPTER
SMV2-0089,SBILIFE,SELL,75,1178.460475,176.76907125000002,ENGINE_ADAPTER
SMV2-0089,TITAN,BUY,44,2038.0185,179.345628,ENGINE_ADAPTER
SMV2-0089,GOLDIAM,BUY,98,931.4654999999999,182.56723799999997,ENGINE_ADAPTER
SMV2-0089,RAJESHEXPO,BUY,149,612.756225,182.60135505,ENGINE_ADAPTER
SMV2-0090,BPCL,SELL,192,430.83447500000005,165.4404384,ENGINE_ADAPTER
SMV2-0090,GOLDIAM,SELL,98,899.5500000000001,176.31180000000003,ENGINE_ADAPTER
SMV2-0090,ONGC,SELL,761,124.987475,190.23093695,ENGINE_ADAPTER
SMV2-0090,RAJESHEXPO,SELL,149,577.711,172.157878,ENGINE_ADAPTER
SMV2-0090,RELIANCE,SELL,40,2370.91395,189.67311600000002,ENGINE_ADAPTER
SMV2-0090,TITAN,SELL,44,2086.956,183.65212800000003,ENGINE_ADAPTER
SMV2-0090,ASTRAL,BUY,43,2107.4532,181.24097519999998,ENGINE_ADAPTER
SMV2-0090,POLYPLEX,BUY,52,1728.8639999999998,179.80185599999996,ENGINE_ADAPTER
SMV2-0090,PRINCEPIPE,BUY,128,708.303975,181.3258176,ENGINE_ADAPTER
SMV2-0090,EASEMYTRIP,BUY,143,635.5176,181.75803359999998,ENGINE_ADAPTER
SMV2-0090,INDHOTEL,BUY,612,149.2746,182.7121104,ENGINE_ADAPTER
SMV2-0090,BLS,BUY,305,281.1405,171.495705,ENGINE_ADAPTER
SMV2-0091,ASTRAL,SELL,43,2135.9315,183.69010900000004,ENGINE_ADAPTER
SMV2-0091,BEL,SELL,463,205.99695,190.75317569999999,ENGINE_ADAPTER
SMV2-0091,HAL,SELL,66,1350.1246,178.21644720000003,ENGINE_ADAPTER
SMV2-0091,INDIGO,SELL,43,2155.9215,185.409249,ENGINE_ADAPTER
SMV2-0091,POLYPLEX,SELL,52,1712.9431,178.14608239999998,ENGINE_ADAPTER
SMV2-0091,PRINCEPIPE,SELL,128,694.6525,177.83104,ENGINE_ADAPTER
SMV2-0091,DLF,BUY,218,414.35707499999995,180.65968469999999,ENGINE_ADAPTER
SMV2-0091,GODREJPROP,BUY,41,2193.59625,179.87489250000002,ENGINE_ADAPTER
SMV2-0091,OBEROIRLTY,BUY,96,936.468,179.80185600000002,ENGINE_ADAPTER
SMV2-0091,ZEEL,BUY,296,305.1525,180.65028,ENGINE_ADAPTER
SMV2-0091,SUNTV,BUY,175,515.007375,180.25258125000002,ENGINE_ADAPTER
SMV2-0091,TV18BRDCST,BUY,2363,38.269124999999995,180.85988474999996,ENGINE_ADAPTER
SMV2-0092,BLS,SELL,305,253.2733,154.496713,ENGINE_ADAPTER
SMV2-0092,CHALET,BUY,349,231.51569999999998,161.5979586,ENGINE_ADAPTER
SMV2-0093,SUNTV,SELL,175,544.9274,190.72459000000003,ENGINE_ADAPTER
SMV2-0093,TV18BRDCST,SELL,2363,43.3783,205.0058458,ENGINE_ADAPTER
SMV2-0093,ZEEL,SELL,296,294.8525,174.55268000000004,ENGINE_ADAPTER
SMV2-0093,DMART,BUY,21,4440.219,186.489198,ENGINE_ADAPTER
SMV2-0093,ABFRL,BUY,366,259.02944999999994,189.60955739999994,ENGINE_ADAPTER
SMV2-0093,TRENT,BUY,85,1115.3573999999999,189.61075799999995,ENGINE_ADAPTER
SMV2-0095,CHALET,SELL,349,239.230325,166.98276685,ENGINE_ADAPTER
SMV2-0095,DLF,SELL,218,414.69255,180.80595179999997,ENGINE_ADAPTER
SMV2-0095,GODREJPROP,SELL,41,2366.8160000000003,194.078912,ENGINE_ADAPTER
SMV2-0095,INDHOTEL,SELL,612,208.79555000000002,255.56575320000005,ENGINE_ADAPTER
SMV2-0095,OBEROIRLTY,SELL,96,909.5450000000001,174.63264,ENGINE_ADAPTER
SMV2-0095,MCDOWELL-N,BUY,112,837.6686249999999,187.63777199999998,ENGINE_ADAPTER
SMV2-0095,RADICO,BUY,85,1107.5535,188.284095,ENGINE_ADAPTER
SMV2-0095,UBL,BUY,57,1630.8149999999998,185.91290999999995,ENGINE_ADAPTER
SMV2-0095,TATAPOWER,BUY,419,224.71229999999997,188.30890739999995,ENGINE_ADAPTER
SMV2-0095,IEX,BUY,121,774.387,187.40165399999998,ENGINE_ADAPTER
SMV2-0096,IEX,SELL,121,710.14475,171.8550295,ENGINE_ADAPTER
SMV2-0096,TATAPOWER,SELL,419,219.840025,184.22594095,ENGINE_ADAPTER
SMV2-0096,BATAINDIA,BUY,47,1994.69685,187.50150390000002,ENGINE_ADAPTER
SMV2-0096,RELAXO,BUY,71,1331.6654999999998,189.096501,ENGINE_ADAPTER
SMV2-0098,MCDOWELL-N,SELL,112,958.5205000000001,214.70859199999998,ENGINE_ADAPTER
SMV2-0098,RADICO,SELL,85,1072.0637,182.250829,ENGINE_ADAPTER
SMV2-0098,UBL,SELL,57,1736.1315000000002,197.918991,ENGINE_ADAPTER
SMV2-0098,MIRZAINT,BUY,1212,82.591275,200.2012506,ENGINE_ADAPTER
SMV2-0098,ZEEL,BUY,318,314.157,199.80385199999998,ENGINE_ADAPTER
SMV2-0098,SUNTV,BUY,177,564.231975,199.73811915000002,ENGINE_ADAPTER
SMV2-0099,ABFRL,SELL,366,280.35975,205.22333700000004,ENGINE_ADAPTER
SMV2-0099,DMART,SELL,21,5097.450000000001,214.0929,ENGINE_ADAPTER
SMV2-0099,SUNTV,SELL,177,539.63005,191.02903769999998,ENGINE_ADAPTER
SMV2-0099,TRENT,SELL,85,1111.8438,189.01344600000002,ENGINE_ADAPTER
SMV2-0099,ZEEL,SELL,318,313.843,199.604148,ENGINE_ADAPTER
SMV2-0099,POLYCAB,BUY,39,2491.245,194.31710999999999,ENGINE_ADAPTER
SMV2-0099,ABB,BUY,45,2159.229075,194.33061675000002,ENGINE_ADAPTER
SMV2-0099,KEI,BUY,93,1036.518,192.792348,ENGINE_ADAPTER
SMV2-0099,PAGEIND,BUY,2,40615.2975,162.46119,ENGINE_ADAPTER
SMV2-0099,TRIDENT,BUY,2154,45.2226,194.8189608,ENGINE_ADAPTER
SMV2-0100,BATAINDIA,SELL,47,1889.055,177.57117000000002,ENGINE_ADAPTER
SMV2-0100,MIRZAINT,SELL,1212,87.45625000000001,211.99395000000004,ENGINE_ADAPTER
SMV2-0100,RELAXO,SELL,71,1225.5869,174.0333398,ENGINE_ADAPTER
SMV2-0100,ARVIND,BUY,861,112.056,192.960432,ENGINE_ADAPTER
SMV2-0100,IRCTC,BUY,122,786.3929999999999,191.87989199999998,ENGINE_ADAPTER
SMV2-0100,INFY,BUY,57,1691.8455,192.870387,ENGINE_ADAPTER
SMV2-0101,ABB,SELL,45,2076.9610000000002,186.92649,ENGINE_ADAPTER
SMV2-0101,ARVIND,SELL,861,117.691125,202.66411725,ENGINE_ADAPTER
SMV2-0101,KEI,SELL,93,1168.4155,217.325283,ENGINE_ADAPTER
SMV2-0101,PAGEIND,SELL,2,38580.60005,154.3224002,ENGINE_ADAPTER
SMV2-0101,POLYCAB,SELL,39,2358.8699750000005,183.99185805000005,ENGINE_ADAPTER
SMV2-0101,TRIDENT,SELL,2154,45.327325,195.2701161,ENGINE_ADAPTER
SMV2-0101,BHARTIARTL,BUY,135,718.3589999999999,193.95692999999997,ENGINE_ADAPTER
SMV2-0101,INDUSTOWER,BUY,345,280.84035,193.7798415,ENGINE_ADAPTER
SMV2-0101,TTML,BUY,709,136.818375,194.00845575,ENGINE_ADAPTER
SMV2-0101,TCS,BUY,26,3642.2702249999998,189.39805169999997,ENGINE_ADAPTER
SMV2-0101,BATAINDIA,BUY,51,1900.84995,193.8866949,ENGINE_ADAPTER
SMV2-0101,MIRZAINT,BUY,906,107.0535,193.98094200000003,ENGINE_ADAPTER
SMV2-0103,BATAINDIA,SELL,51,1842.8781000000001,187.9735662,ENGINE_ADAPTER
SMV2-0103,MIRZAINT,SELL,906,116.89152500000002,211.80744330000002,ENGINE_ADAPTER
SMV2-0103,ZEEL,BUY,281,338.7693,190.3883466,ENGINE_ADAPTER
SMV2-0103,TV18BRDCST,BUY,2121,45.0225,190.98544500000003,ENGINE_ADAPTER
SMV2-0104,BHARTIARTL,SELL,135,674.6125250000001,182.14538175000004,ENGINE_ADAPTER
SMV2-0104,INDUSTOWER,SELL,345,247.876,171.03444,ENGINE_ADAPTER
SMV2-0104,POLYCAB,BUY,41,2334.1665,191.40165299999998,ENGINE_ADAPTER
SMV2-0104,ABB,BUY,42,2250.5247,189.0440748,ENGINE_ADAPTER
SMV2-0105,IRCTC,SELL,122,831.48405,202.8821082,ENGINE_ADAPTER
SMV2-0105,WIPRO,BUY,134,718.3589999999999,192.52021199999996,ENGINE_ADAPTER
SMV2-0106,EASEMYTRIP,SELL,143,565.717,161.795062,ENGINE_ADAPTER
SMV2-0106,TV18BRDCST,SELL,2121,46.626675,197.79035535,ENGINE_ADAPTER
SMV2-0106,ZEEL,SELL,281,322.288775,181.12629155,ENGINE_ADAPTER
SMV2-0106,TRIDENT,BUY,1796,53.976975,193.8852942,ENGINE_ADAPTER
SMV2-0106,BOMDYEING,BUY,858,112.95645,193.83326820000002,ENGINE_ADAPTER
SMV2-0106,PAGEIND,BUY,1,44122.049999999996,88.24409999999999,ENGINE_ADAPTER
SMV2-0107,ABB,SELL,42,2348.52515,197.2761126,ENGINE_ADAPTER
SMV2-0107,POLYCAB,SELL,41,2698.65,221.2893,ENGINE_ADAPTER
SMV2-0107,GREAVESCOT,BUY,434,232.11599999999999,201.476688,ENGINE_ADAPTER
SMV2-0107,BHEL,BUY,1574,64.08202499999999,201.73021469999995,ENGINE_ADAPTER
SMV2-0108,INFY,SELL,57,1764.1175,201.109395,ENGINE_ADAPTER
SMV2-0108,TCS,SELL,26,3838.0800000000004,199.58016000000003,ENGINE_ADAPTER
SMV2-0108,WIPRO,SELL,134,605.19725,162.19286300000002,ENGINE_ADAPTER
SMV2-0108,ALOKINDS,BUY,3088,31.6158,195.2591808,ENGINE_ADAPTER
SMV2-0108,INDHOTEL,BUY,476,205.1025,195.25758,ENGINE_ADAPTER
SMV2-0108,COFFEEDAY,BUY,1265,77.188575,195.28709474999997,ENGINE_ADAPTER
SMV2-0109,BHEL,SELL,1574,58.1709,183.1219932,ENGINE_ADAPTER
SMV2-0109,GREAVESCOT,SELL,434,214.8925,186.52669,ENGINE_ADAPTER
SMV2-0109,LEMONTREE,BUY,1915,50.12505,191.9789415,ENGINE_ADAPTER
SMV2-0109,RELIANCE,BUY,40,2361.3801,188.91040800000002,ENGINE_ADAPTER
SMV2-0111,ALOKINDS,SELL,3088,28.3858,175.31070079999998,ENGINE_ADAPTER
SMV2-0111,BOMDYEING,SELL,858,114.64265,196.7267874,ENGINE_ADAPTER
SMV2-0111,PAGEIND,SELL,1,39695.092525,79.39018505,ENGINE_ADAPTER
SMV2-0111,ZEEL,BUY,357,257.1285,183.58974899999998,ENGINE_ADAPTER
SMV2-0111,TV18BRDCST,BUY,1305,70.38517499999999,183.70530674999998,ENGINE_ADAPTER
SMV2-0111,SUNTV,BUY,136,510.20497499999993,138.77575319999997,ENGINE_ADAPTER
SMV2-0113,RELIANCE,SELL,40,2241.8785000000003,179.35028000000003,ENGINE_ADAPTER
SMV2-0113,JINDALPOLY,BUY,88,982.6410749999999,172.9448292,ENGINE_ADAPTER
SMV2-0115,JINDALPOLY,SELL,88,1044.17765,183.77526640000002,ENGINE_ADAPTER
SMV2-0115,SUNTV,SELL,136,457.771,124.51371200000001,ENGINE_ADAPTER
SMV2-0115,TV18BRDCST,SELL,1305,65.967,172.17387,ENGINE_ADAPTER
SMV2-0115,ZEEL,SELL,357,244.77755000000002,174.77117070000003,ENGINE_ADAPTER
SMV2-0115,RELIANCE,BUY,38,2388.09345,181.4951022,ENGINE_ADAPTER
SMV2-0115,ONGC,BUY,527,174.087,183.48769799999997,ENGINE_ADAPTER
SMV2-0115,BPCL,BUY,254,359.9799,182.86978919999999,ENGINE_ADAPTER
SMV2-0115,JKPAPER,BUY,206,268.53419999999994,110.63609039999996,ENGINE_ADAPTER
SMV2-0116,BPCL,SELL,254,359.82,182.78856000000002,ENGINE_ADAPTER
SMV2-0116,ONGC,SELL,527,171.61415,180.88131409999997,ENGINE_ADAPTER
SMV2-0116,RELIANCE,SELL,38,2442.7780000000002,185.65112800000003,ENGINE_ADAPTER
SMV2-0116,WSTCSTPAPR,BUY,290,319.1595,185.11251,ENGINE_ADAPTER
SMV2-0116,SATIA,BUY,843,110.05499999999999,185.55272999999997,ENGINE_ADAPTER
SMV2-0116,TATASTEEL,BUY,67,1308.654,175.359636,ENGINE_ADAPTER
SMV2-0118,COFFEEDAY,SELL,1265,57.321325,145.02295225,ENGINE_ADAPTER
SMV2-0118,TATASTEEL,SELL,67,1316.44145,176.4031543,ENGINE_ADAPTER
SMV2-0118,TTML,SELL,709,183.658125,260.42722125000006,ENGINE_ADAPTER
SMV2-0118,ZEEL,BUY,337,299.9499,202.1662326,ENGINE_ADAPTER
SMV2-0118,TV18BRDCST,BUY,1337,75.787875,202.65677775,ENGINE_ADAPTER
SMV2-0118,SUNTV,BUY,175,500.25,175.0875,ENGINE_ADAPTER
SMV2-0119,SUNTV,SELL,175,512.7435,179.460225,ENGINE_ADAPTER
SMV2-0119,TV18BRDCST,SELL,1337,75.5622,202.05332280000002,ENGINE_ADAPTER
SMV2-0119,ZEEL,SELL,337,287.2563,193.6107462,ENGINE_ADAPTER
SMV2-0119,EASEMYTRIP,BUY,241,431.8158,208.1352156,ENGINE_ADAPTER
SMV2-0119,UFLEX,BUY,151,687.3435,207.57773699999998,ENGINE_ADAPTER
SMV2-0119,JINDALPOLY,BUY,66,1186.3928999999998,156.60386279999997,ENGINE_ADAPTER
SMV2-0121,EASEMYTRIP,SELL,241,396.90145000000007,191.30649890000004,ENGINE_ADAPTER
SMV2-0121,INDHOTEL,SELL,476,237.98095,226.55786440000003,ENGINE_ADAPTER
SMV2-0121,LEMONTREE,SELL,1915,64.9675,248.825525,ENGINE_ADAPTER
SMV2-0121,TRIDENT,SELL,1796,53.923025,193.69150580000002,ENGINE_ADAPTER
SMV2-0121,RELIANCE,BUY,36,2743.7712,197.5515264,ENGINE_ADAPTER
SMV2-0121,ONGC,BUY,582,171.0855,199.143522,ENGINE_ADAPTER
SMV2-0121,IOC,BUY,749,132.8664,199.0338672,ENGINE_ADAPTER
SMV2-0121,HUHTAMAKI,BUY,556,179.0895,199.14752399999998,ENGINE_ADAPTER
SMV2-0123,JKPAPER,SELL,206,336.8315,138.774578,ENGINE_ADAPTER
SMV2-0123,SATIA,SELL,843,127.53620000000001,215.0260332,ENGINE_ADAPTER
SMV2-0123,WSTCSTPAPR,SELL,290,336.43170000000003,195.13038600000004,ENGINE_ADAPTER
SMV2-0123,ADANIENT,BUY,42,2230.6147499999997,187.37163899999996,ENGINE_ADAPTER
SMV2-0123,REDINGTON,BUY,683,137.8689,188.32891740000002,ENGINE_ADAPTER
SMV2-0123,MMTC,BUY,2198,42.871425,188.46278429999998,ENGINE_ADAPTER
SMV2-0124,ADANIENT,SELL,42,2081.6086750000004,174.85512870000002,ENGINE_ADAPTER
SMV2-0124,HUHTAMAKI,SELL,556,178.1109,198.0593208,ENGINE_ADAPTER
SMV2-0124,JINDALPOLY,SELL,66,921.289125,121.6101645,ENGINE_ADAPTER
SMV2-0124,MMTC,SELL,2198,38.88055,170.91889780000002,ENGINE_ADAPTER
SMV2-0124,REDINGTON,SELL,683,134.9325,184.31779500000002,ENGINE_ADAPTER
SMV2-0124,UFLEX,SELL,151,564.4176500000001,170.45413030000003,ENGINE_ADAPTER
SMV2-0124,HINDUNILVR,BUY,40,2201.1,176.088,ENGINE_ADAPTER
SMV2-0124,JUBLFOOD,BUY,183,485.19247499999994,177.58044585,ENGINE_ADAPTER
SMV2-0124,BRITANNIA,BUY,26,3338.6684999999998,173.610762,ENGINE_ADAPTER
SMV2-0124,MARUTI,BUY,12,7160.5785,171.853884,ENGINE_ADAPTER
SMV2-0124,M&M,BUY,99,895.4475,177.298605,ENGINE_ADAPTER
SMV2-0124,HEROMOTOCO,BUY,36,2451.275025,176.4918018,ENGINE_ADAPTER
SMV2-0126,IOC,SELL,749,115.19237500000001,172.55817775000003,ENGINE_ADAPTER
SMV2-0126,ONGC,SELL,582,145.577175,169.4518317,ENGINE_ADAPTER
SMV2-0126,RELIANCE,SELL,36,2613.6925,188.18586000000002,ENGINE_ADAPTER
SMV2-0126,HDFCLIFE,BUY,154,605.952825,186.63347009999998,ENGINE_ADAPTER
SMV2-0126,SBILIFE,BUY,83,1125.9627,186.9098082,ENGINE_ADAPTER
SMV2-0126,ICICIPRULI,BUY,154,531.2655,163.629774,ENGINE_ADAPTER
SMV2-0127,BRITANNIA,SELL,26,3528.235,183.46822,ENGINE_ADAPTER
SMV2-0127,HINDUNILVR,SELL,40,2271.0639,181.685112,ENGINE_ADAPTER
SMV2-0127,JUBLFOOD,SELL,183,542.22875,198.4557225,ENGINE_ADAPTER
SMV2-0127,HAL,BUY,48,1900.9499999999998,182.49119999999996,ENGINE_ADAPTER
SMV2-0127,BEL,BUY,386,241.02044999999998,186.0677874,ENGINE_ADAPTER
SMV2-0127,INDIGO,BUY,51,1790.895,182.67129000000003,ENGINE_ADAPTER
SMV2-0128,HDFCLIFE,SELL,154,581.259225,179.0278413,ENGINE_ADAPTER
SMV2-0128,HEROMOTOCO,SELL,36,2558.7200000000003,184.22784000000004,ENGINE_ADAPTER
SMV2-0128,ICICIPRULI,SELL,154,543.7280000000001,167.46822400000002,ENGINE_ADAPTER
SMV2-0128,SBILIFE,SELL,83,1136.481475,188.65592485000002,ENGINE_ADAPTER
SMV2-0128,RELIANCE,BUY,34,2651.325,180.29009999999997,ENGINE_ADAPTER
SMV2-0128,ONGC,BUY,570,162.081,184.77233999999999,ENGINE_ADAPTER
SMV2-0128,MRPL,BUY,792,116.708325,184.86598680000003,ENGINE_ADAPTER
SMV2-0128,ASHOKLEY,BUY,655,134.91742499999998,176.74182674999997,ENGINE_ADAPTER
SMV2-0129,MRPL,SELL,792,91.45425,144.86353200000002,ENGINE_ADAPTER
SMV2-0129,ONGC,SELL,570,138.5307,157.924998,ENGINE_ADAPTER
SMV2-0129,RELIANCE,SELL,34,2603.6975,177.05143000000004,ENGINE_ADAPTER
SMV2-0129,BATAINDIA,BUY,52,1646.8229999999999,171.26959199999996,ENGINE_ADAPTER
SMV2-0129,MIRZAINT,BUY,386,225.11249999999998,173.78685,ENGINE_ADAPTER
SMV2-0129,METROBRAND,BUY,121,545.0723999999999,131.90752079999996,ENGINE_ADAPTER
SMV2-0130,ASHOKLEY,SELL,655,142.42875,186.5816625,ENGINE_ADAPTER
SMV2-0130,BATAINDIA,SELL,52,1751.7237,182.1792648,ENGINE_ADAPTER
SMV2-0130,BEL,SELL,386,234.88250000000002,181.32929000000001,ENGINE_ADAPTER
SMV2-0130,HAL,SELL,48,1820.0395250000001,174.7237944,ENGINE_ADAPTER
SMV2-0130,INDIGO,SELL,51,1650.1245250000002,168.31270155,ENGINE_ADAPTER
SMV2-0130,METROBRAND,SELL,121,564.7175000000001,136.66163500000002,ENGINE_ADAPTER
SMV2-0130,MIRZAINT,SELL,386,218.4907,168.6748204,ENGINE_ADAPTER
SMV2-0130,BAJAJ-AUTO,BUY,23,3871.935,178.10901,ENGINE_ADAPTER
SMV2-0130,RELIANCE,BUY,35,2546.2224749999996,178.23557324999996,ENGINE_ADAPTER
SMV2-0130,ONGC,BUY,640,140.07,179.28959999999998,ENGINE_ADAPTER
SMV2-0130,MRPL,BUY,1046,85.792875,179.4786945,ENGINE_ADAPTER
SMV2-0130,MCDOWELL-N,BUY,116,771.3855,178.961436,ENGINE_ADAPTER
SMV2-0130,UBL,BUY,59,1510.7549999999999,178.26908999999998,ENGINE_ADAPTER
SMV2-0130,RADICO,BUY,73,835.4174999999999,121.97095499999998,ENGINE_ADAPTER
SMV2-0131,MRPL,SELL,1046,79.61017500000001,166.54448610000006,ENGINE_ADAPTER
SMV2-0131,ONGC,SELL,640,129.88502499999998,166.25283199999998,ENGINE_ADAPTER
SMV2-0131,RELIANCE,SELL,35,2377.760525,166.44323675,ENGINE_ADAPTER
SMV2-0131,JKPAPER,BUY,285,305.7528,174.279096,ENGINE_ADAPTER
SMV2-0131,WSTCSTPAPR,BUY,249,349.17449999999997,173.88890099999998,ENGINE_ADAPTER
SMV2-0131,SATIA,BUY,592,126.06299999999999,149.25859199999996,ENGINE_ADAPTER
SMV2-0132,JKPAPER,SELL,285,300.099875,171.05692875,ENGINE_ADAPTER
SMV2-0132,MCDOWELL-N,SELL,116,809.595,187.82604,ENGINE_ADAPTER
SMV2-0132,RADICO,SELL,73,891.45405,130.15229130000003,ENGINE_ADAPTER
SMV2-0132,SATIA,SELL,592,122.9385,145.55918400000002,ENGINE_ADAPTER
SMV2-0132,UBL,SELL,59,1599.3499250000002,188.72329115000005,ENGINE_ADAPTER
SMV2-0132,WSTCSTPAPR,SELL,249,334.83250000000004,166.746585,ENGINE_ADAPTER
SMV2-0132,HINDUNILVR,BUY,35,2488.2435,174.17704500000002,ENGINE_ADAPTER
SMV2-0132,JUBLFOOD,BUY,154,572.286,176.264088,ENGINE_ADAPTER
SMV2-0132,BRITANNIA,BUY,23,3831.1145999999994,176.23127159999999,ENGINE_ADAPTER
SMV2-0132,TITAN,BUY,41,2154.0764999999997,176.634273,ENGINE_ADAPTER
SMV2-0132,RAJESHEXPO,BUY,150,588.744225,176.62326750000003,ENGINE_ADAPTER
SMV2-0132,VAIBHAVGBL,BUY,174,305.1525,106.19306999999999,ENGINE_ADAPTER
SMV2-0133,RAJESHEXPO,SELL,150,589.705,176.9115,ENGINE_ADAPTER
SMV2-0133,TITAN,SELL,41,2194.902,179.981964,ENGINE_ADAPTER
SMV2-0133,VAIBHAVGBL,SELL,174,303.198325,105.51301710000001,ENGINE_ADAPTER
SMV2-0133,DIXON,BUY,23,3766.5323249999997,173.26048695,ENGINE_ADAPTER
SMV2-0133,VOLTAS,BUY,90,992.496,178.64928,ENGINE_ADAPTER
SMV2-0133,CROMPTON,BUY,137,395.29755,108.3115287,ENGINE_ADAPTER
SMV2-0134,BAJAJ-AUTO,SELL,23,4052.4727500000004,186.4137465,ENGINE_ADAPTER
SMV2-0134,BRITANNIA,SELL,23,3869.514275,177.99765664999998,ENGINE_ADAPTER
SMV2-0134,HINDUNILVR,SELL,35,2644.17725,185.0924075,ENGINE_ADAPTER
SMV2-0134,JUBLFOOD,SELL,154,578.7105,178.24283400000002,ENGINE_ADAPTER
SMV2-0134,M&M,SELL,99,1184.4075,234.512685,ENGINE_ADAPTER
SMV2-0134,MARUTI,SELL,12,8824.08575,211.77805800000002,ENGINE_ADAPTER
SMV2-0134,JKPAPER,BUY,274,330.56519999999995,181.14972959999997,ENGINE_ADAPTER
SMV2-0134,WSTCSTPAPR,BUY,241,375.737775,181.10560754999997,ENGINE_ADAPTER
SMV2-0134,TNPL,BUY,425,213.10649999999998,181.140525,ENGINE_ADAPTER
SMV2-0134,DLF,BUY,252,359.07944999999995,180.97604279999996,ENGINE_ADAPTER
SMV2-0134,GODREJPROP,BUY,62,1449.5243999999998,179.74102559999997,ENGINE_ADAPTER
SMV2-0134,OBEROIRLTY,BUY,101,891.14535,180.01136069999998,ENGINE_ADAPTER
SMV2-0135,DLF,SELL,252,384.8075,193.94298,ENGINE_ADAPTER
SMV2-0135,GODREJPROP,SELL,62,1512.2435,187.51819400000002,ENGINE_ADAPTER
SMV2-0135,JKPAPER,SELL,274,350.8245,192.251826,ENGINE_ADAPTER
SMV2-0135,OBEROIRLTY,SELL,101,916.44155,185.1211931,ENGINE_ADAPTER
SMV2-0135,TNPL,SELL,425,224.58765,190.89950249999998,ENGINE_ADAPTER
SMV2-0135,WSTCSTPAPR,SELL,241,434.7825,209.565165,ENGINE_ADAPTER
SMV2-0135,BEL,BUY,342,276.3381,189.01526040000002,ENGINE_ADAPTER
SMV2-0135,HAL,BUY,46,2031.0149999999999,186.85338,ENGINE_ADAPTER
SMV2-0135,INDIGO,BUY,49,1893.9464999999998,185.606757,ENGINE_ADAPTER
SMV2-0135,HDFCBANK,BUY,65,1439.7195,187.163535,ENGINE_ADAPTER
SMV2-0135,ICICIBANK,BUY,115,821.11035,188.8553805,ENGINE_ADAPTER
SMV2-0135,AXISBANK,BUY,130,726.3629999999999,188.85438,ENGINE_ADAPTER
SMV2-0136,CROMPTON,SELL,137,374.71255,102.6712387,ENGINE_ADAPTER
SMV2-0136,DIXON,SELL,23,3825.38635,175.9677721,ENGINE_ADAPTER
SMV2-0136,VOLTAS,SELL,90,970.2146500000001,174.63863700000002,ENGINE_ADAPTER
SMV2-0136,JKPAPER,BUY,247,383.49165,189.44487510000002,ENGINE_ADAPTER
SMV2-0136,WSTCSTPAPR,BUY,190,498.24899999999997,189.33462,ENGINE_ADAPTER
SMV2-0136,TNPL,BUY,373,249.82484999999997,186.36933809999996,ENGINE_ADAPTER
SMV2-0138,AXISBANK,SELL,130,753.0233000000001,195.786058,ENGINE_ADAPTER
SMV2-0138,HDFCBANK,SELL,65,1484.0576,192.927488,ENGINE_ADAPTER
SMV2-0138,ICICIBANK,SELL,115,865.117225,198.97696175,ENGINE_ADAPTER
SMV2-0138,ZEEL,BUY,381,258.479175,196.96113135000002,ENGINE_ADAPTER
SMV2-0138,SUNTV,BUY,201,488.44409999999993,196.35452819999998,ENGINE_ADAPTER
SMV2-0138,NDTV,BUY,262,367.1835,192.40415399999998,ENGINE_ADAPTER
SMV2-0141,BEL,SELL,342,329.68507500000004,225.50459130000002,ENGINE_ADAPTER
SMV2-0141,HAL,SELL,46,2448.775,225.2873,ENGINE_ADAPTER
SMV2-0141,INDIGO,SELL,49,1937.0310000000002,189.82903800000003,ENGINE_ADAPTER
SMV2-0141,JKPAPER,SELL,247,422.68855,208.80814370000002,ENGINE_ADAPTER
SMV2-0141,TNPL,SELL,373,254.722575,190.02304095,ENGINE_ADAPTER
SMV2-0141,WSTCSTPAPR,SELL,190,576.7115,219.15037,ENGINE_ADAPTER
SMV2-0141,UFLEX,BUY,135,772.386,208.54422,ENGINE_ADAPTER
SMV2-0141,AGI,BUY,284,368.48415,209.2989972,ENGINE_ADAPTER
SMV2-0141,TCPLPACK,BUY,76,1365.6825,207.58373999999998,ENGINE_ADAPTER
SMV2-0141,DLF,BUY,262,398.59919999999994,208.86598079999996,ENGINE_ADAPTER
SMV2-0141,IBREALEST,BUY,1202,87.0435,209.252574,ENGINE_ADAPTER
SMV2-0141,GODREJPROP,BUY,73,1420.659975,207.41635635000003,ENGINE_ADAPTER
SMV2-0142,AGI,SELL,284,352.8235,200.403748,ENGINE_ADAPTER
SMV2-0142,DLF,SELL,262,390.85447500000004,204.80774490000002,ENGINE_ADAPTER
SMV2-0142,GODREJPROP,SELL,73,1331.334,194.374764,ENGINE_ADAPTER
SMV2-0142,IBREALEST,SELL,1202,77.11142500000001,185.37586570000002,ENGINE_ADAPTER
SMV2-0142,SUNTV,SELL,201,507.04635,203.8326327,ENGINE_ADAPTER
SMV2-0142,TCPLPACK,SELL,76,1199.4,182.30880000000002,ENGINE_ADAPTER
SMV2-0142,UFLEX,SELL,135,762.0188,205.745076,ENGINE_ADAPTER
SMV2-0142,ZEEL,SELL,381,262.16885,199.7726637,ENGINE_ADAPTER
SMV2-0142,INDHOTEL,BUY,312,319.1595,199.15552799999998,ENGINE_ADAPTER
SMV2-0142,BLS,BUY,353,282.291075,199.29749894999998,ENGINE_ADAPTER
SMV2-0142,EASEMYTRIP,BUY,238,419.2095,199.54372200000003,ENGINE_ADAPTER
SMV2-0142,INDIGO,BUY,54,1846.172625,199.38664350000002,ENGINE_ADAPTER
SMV2-0142,HAL,BUY,40,2491.245,199.29959999999997,ENGINE_ADAPTER
SMV2-0142,BEL,BUY,888,112.40617499999999,199.63336679999998,ENGINE_ADAPTER
SMV2-0142,CONCOR,BUY,134,742.7711999999999,199.0626816,ENGINE_ADAPTER
SMV2-0142,ALLCARGO,BUY,219,404.202,177.040476,ENGINE_ADAPTER
SMV2-0144,BEL,SELL,888,101.399275,180.0851124,ENGINE_ADAPTER
SMV2-0144,HAL,SELL,40,2353.672575,188.29380600000002,ENGINE_ADAPTER
SMV2-0144,INDIGO,SELL,54,1873.063,202.290804,ENGINE_ADAPTER
SMV2-0144,CAMPUS,BUY,168,575.7377250000001,193.44787560000003,ENGINE_ADAPTER
SMV2-0144,BATAINDIA,BUY,53,1819.3092,192.8467752,ENGINE_ADAPTER
SMV2-0144,METROBRAND,BUY,100,910.6551,182.13102,ENGINE_ADAPTER
SMV2-0146,ALLCARGO,SELL,219,384.057875,168.21734924999998,ENGINE_ADAPTER
SMV2-0146,CONCOR,SELL,134,697.55105,186.9436814,ENGINE_ADAPTER
SMV2-0146,MCDOWELL-N,BUY,116,823.4114999999999,191.031468,ENGINE_ADAPTER
SMV2-0146,UBL,BUY,49,1652.575875,161.95243575,ENGINE_ADAPTER
SMV2-0147,BLS,SELL,353,334.082875,235.86250975000002,ENGINE_ADAPTER
SMV2-0147,EASEMYTRIP,SELL,238,394.70255,187.87841379999998,ENGINE_ADAPTER
SMV2-0147,INDHOTEL,SELL,312,316.491675,197.4908052,ENGINE_ADAPTER
SMV2-0147,MCDOWELL-N,SELL,116,839.5300250000001,194.77096580000003,ENGINE_ADAPTER
SMV2-0147,UBL,SELL,49,1659.0700500000003,162.58886490000003,ENGINE_ADAPTER
SMV2-0147,HAL,BUY,40,2425.762275,194.06098200000002,ENGINE_ADAPTER
SMV2-0147,BEL,BUY,940,104.65229999999998,196.746324,ENGINE_ADAPTER
SMV2-0147,INDIGO,BUY,54,1800.8999999999999,194.49719999999996,ENGINE_ADAPTER
SMV2-0147,JKPAPER,BUY,253,388.59419999999994,196.62866519999994,ENGINE_ADAPTER
SMV2-0147,WSTCSTPAPR,BUY,169,570.8853,192.95923140000002,ENGINE_ADAPTER
SMV2-0148,BATAINDIA,SELL,53,1814.4923000000001,192.3361838,ENGINE_ADAPTER
SMV2-0148,CAMPUS,SELL,168,560.4696250000001,188.31779400000002,ENGINE_ADAPTER
SMV2-0148,METROBRAND,SELL,100,824.5875000000001,164.91750000000002,ENGINE_ADAPTER
SMV2-0148,TNPL,BUY,372,265.1325,197.25858,ENGINE_ADAPTER
SMV2-0148,AXISBANK,BUY,108,908.454,196.22606399999998,ENGINE_ADAPTER
SMV2-0148,ICICIBANK,BUY,82,913.0563,149.74123319999998,ENGINE_ADAPTER
SMV2-0150,JKPAPER,SELL,253,415.1923,210.08730379999997,ENGINE_ADAPTER
SMV2-0150,TNPL,SELL,372,267.616125,199.106397,ENGINE_ADAPTER
SMV2-0150,WSTCSTPAPR,SELL,169,587.60605,198.6108449,ENGINE_ADAPTER
SMV2-0150,HDFCBANK,BUY,60,1612.8059999999998,193.53671999999997,ENGINE_ADAPTER
SMV2-0150,ADANIENT,BUY,24,4000.9995,192.047976,ENGINE_ADAPTER
SMV2-0150,REDINGTON,BUY,650,149.57475,194.447175,ENGINE_ADAPTER
SMV2-0151,BEL,SELL,940,107.04645000000001,201.247326,ENGINE_ADAPTER
SMV2-0151,HAL,SELL,40,2617.4906000000005,209.39924800000006,ENGINE_ADAPTER
SMV2-0151,INDIGO,SELL,54,1788.0555250000002,193.1099967,ENGINE_ADAPTER
SMV2-0151,GAIL,BUY,1101,90.34514999999999,198.9400203,ENGINE_ADAPTER
SMV2-0151,MGL,BUY,110,899.799675,197.95592850000003,ENGINE_ADAPTER
SMV2-0151,REFEX,BUY,442,225.11249999999998,198.99944999999997,ENGINE_ADAPTER
SMV2-0154,GAIL,SELL,1101,91.05445,200.50189890000001,ENGINE_ADAPTER
SMV2-0154,MGL,SELL,110,873.0132750000001,192.06292050000002,ENGINE_ADAPTER
SMV2-0154,NDTV,SELL,262,335.78202500000003,175.94978110000002,ENGINE_ADAPTER
SMV2-0154,REFEX,SELL,442,279.810025,247.35206210000004,ENGINE_ADAPTER
SMV2-0154,ADANIPORTS,BUY,113,892.4960249999999,201.70410164999996,ENGINE_ADAPTER
SMV2-0154,LT,BUY,47,2149.97445,202.0975983,ENGINE_ADAPTER
SMV2-0154,RVNL,BUY,1527,66.53325,203.1925455,ENGINE_ADAPTER
SMV2-0154,SUNDRMFAST,BUY,108,933.7166249999999,201.68279099999998,ENGINE_ADAPTER
SMV2-0156,ADANIENT,SELL,24,3651.1735000000003,175.256328,ENGINE_ADAPTER
SMV2-0156,ADANIPORTS,SELL,113,797.601,180.257826,ENGINE_ADAPTER
SMV2-0156,LT,SELL,47,2051.723625,192.86202075,ENGINE_ADAPTER
SMV2-0156,REDINGTON,SELL,650,169.91500000000002,220.88950000000006,ENGINE_ADAPTER
SMV2-0156,RVNL,SELL,1527,61.46925,187.7270895,ENGINE_ADAPTER
SMV2-0156,SUNDRMFAST,SELL,108,909.594975,196.47251459999998,ENGINE_ADAPTER
SMV2-0156,LICI,BUY,144,661.3304999999999,190.46318399999998,ENGINE_ADAPTER
SMV2-0156,POLICYBZR,BUY,213,448.224,190.943424,ENGINE_ADAPTER
SMV2-0156,HDFCLIFE,BUY,169,562.78125,190.2200625,ENGINE_ADAPTER
SMV2-0156,SUNPHARMA,BUY,94,1010.505,189.97494,ENGINE_ADAPTER
SMV2-0156,APOLLOHOSP,BUY,20,4726.061849999999,189.04247399999994,ENGINE_ADAPTER
SMV2-0156,CIPLA,BUY,84,1127.5635,189.43066800000003,ENGINE_ADAPTER
SMV2-0157,APOLLOHOSP,SELL,20,4485.756,179.43024000000003,ENGINE_ADAPTER
SMV2-0157,CIPLA,SELL,84,1079.709875,181.391259,ENGINE_ADAPTER
SMV2-0157,HDFCLIFE,SELL,169,564.7175000000001,190.87451500000003,ENGINE_ADAPTER
SMV2-0157,LICI,SELL,144,684.6575,197.18136,ENGINE_ADAPTER
SMV2-0157,POLICYBZR,SELL,213,450.77450000000005,192.02993700000002,ENGINE_ADAPTER
SMV2-0157,SUNPHARMA,SELL,94,1000.8993,188.16906840000001,ENGINE_ADAPTER
SMV2-0157,TATASTEEL,BUY,832,114.4572,190.45678080000002,ENGINE_ADAPTER
SMV2-0157,HINDALCO,BUY,200,476.18797499999994,190.47518999999997,ENGINE_ADAPTER
SMV2-0157,VEDL,BUY,307,310.10497499999997,190.40445464999996,ENGINE_ADAPTER
SMV2-0157,ASTRAL,BUY,48,1975.9875,189.6948,ENGINE_ADAPTER
SMV2-0157,FINPIPE,BUY,512,185.69279999999998,190.1494272,ENGINE_ADAPTER
SMV2-0157,SUPREMEIND,BUY,38,2451.275025,186.2969019,ENGINE_ADAPTER
SMV2-0158,ASTRAL,SELL,48,2073.3628000000003,199.04282880000002,ENGINE_ADAPTER
SMV2-0158,FINPIPE,SELL,512,179.91,184.22784,ENGINE_ADAPTER
SMV2-0158,HINDALCO,SELL,200,470.7645,188.3058,ENGINE_ADAPTER
SMV2-0158,SUPREMEIND,SELL,38,2536.731,192.791556,ENGINE_ADAPTER
SMV2-0158,TATASTEEL,SELL,832,116.84155000000001,194.42433920000002,ENGINE_ADAPTER
SMV2-0158,VEDL,SELL,307,312.0439,191.59495460000002,ENGINE_ADAPTER
SMV2-0158,POLYCAB,BUY,36,2647.323,190.607256,ENGINE_ADAPTER
SMV2-0158,ABB,BUY,33,2862.480525,188.92371465,ENGINE_ADAPTER
SMV2-0158,KEI,BUY,63,1498.0986749999997,188.76043304999996,ENGINE_ADAPTER
SMV2-0158,LICI,BUY,133,716.358,190.55122799999998,ENGINE_ADAPTER
SMV2-0158,HDFCLIFE,BUY,155,615.3575249999999,190.76083274999996,ENGINE_ADAPTER
SMV2-0158,SBILIFE,BUY,74,1276.0377,188.85357960000005,ENGINE_ADAPTER
SMV2-0159,AXISBANK,SELL,108,939.9797750000001,203.03563140000006,ENGINE_ADAPTER
SMV2-0159,HDFCBANK,SELL,60,1614.1925,193.7031,ENGINE_ADAPTER
SMV2-0159,ICICIBANK,SELL,82,876.811375,143.7970655,ENGINE_ADAPTER
SMV2-0159,TITAN,BUY,39,2429.214,189.478692,ENGINE_ADAPTER
SMV2-0159,KALYANKJIL,BUY,769,123.76185,190.3457253,ENGINE_ADAPTER
SMV2-0159,RAJESHEXPO,BUY,118,805.5525749999999,190.11040769999997,ENGINE_ADAPTER
SMV2-0160,HDFCLIFE,SELL,155,594.7025,184.357775,ENGINE_ADAPTER
SMV2-0160,LICI,SELL,133,699.6500000000001,186.10690000000002,ENGINE_ADAPTER
SMV2-0160,SBILIFE,SELL,74,1284.3575,190.08491,ENGINE_ADAPTER
SMV2-0160,TATASTEEL,BUY,777,123.4617,191.85948179999997,ENGINE_ADAPTER
SMV2-0160,HINDALCO,BUY,194,494.24699999999996,191.767836,ENGINE_ADAPTER
SMV2-0160,VEDL,BUY,275,331.11547499999995,182.11351125,ENGINE_ADAPTER
SMV2-0162,ABB,SELL,33,2802.598,184.971468,ENGINE_ADAPTER
SMV2-0162,KEI,SELL,63,1707.1460000000002,215.10039600000005,ENGINE_ADAPTER
SMV2-0162,POLYCAB,SELL,36,2948.525,212.2938,ENGINE_ADAPTER
SMV2-0162,INFY,BUY,60,1598.799,191.85588,ENGINE_ADAPTER
SMV2-0162,TCS,BUY,27,3474.886575,187.64387505000002,ENGINE_ADAPTER
SMV2-0162,HCLTECH,BUY,85,1135.7676,193.08049199999996,ENGINE_ADAPTER
SMV2-0164,HINDALCO,SELL,194,429.68505,166.7177994,ENGINE_ADAPTER
SMV2-0164,KALYANKJIL,SELL,769,111.19437500000001,171.01694875,ENGINE_ADAPTER
SMV2-0164,RAJESHEXPO,SELL,118,765.51705,180.6620238,ENGINE_ADAPTER
SMV2-0164,TATASTEEL,SELL,777,112.24385000000001,174.42694290000003,ENGINE_ADAPTER
SMV2-0164,TITAN,SELL,39,2498.75,194.9025,ENGINE_ADAPTER
SMV2-0164,VEDL,SELL,275,313.193325,172.25632875000002,ENGINE_ADAPTER
SMV2-0164,ITC,BUY,240,384.89234999999996,184.748328,ENGINE_ADAPTER
SMV2-0164,SRF,BUY,39,2321.16,181.05048,ENGINE_ADAPTER
SMV2-0164,GRASIM,BUY,56,1644.822,184.22006399999998,ENGINE_ADAPTER
SMV2-0164,HAL,BUY,34,2645.3219999999997,179.88189599999998,ENGINE_ADAPTER
SMV2-0164,INDIGO,BUY,48,1886.892975,181.1417256,ENGINE_ADAPTER
SMV2-0164,BEL,BUY,942,96.74835,182.2738914,ENGINE_ADAPTER
SMV2-0165,BEL,SELL,942,95.302325,179.5495803,ENGINE_ADAPTER
SMV2-0165,HAL,SELL,34,2528.735,171.95398,ENGINE_ADAPTER
SMV2-0165,INDIGO,SELL,48,1838.0805,176.455728,ENGINE_ADAPTER
SMV2-0165,BATAINDIA,BUY,62,1426.5629249999997,176.89380269999998,ENGINE_ADAPTER
SMV2-0165,MIRZAINT,BUY,312,286.9434,179.0526816,ENGINE_ADAPTER
SMV2-0165,CAMPUS,BUY,212,400.2,169.6848,ENGINE_ADAPTER
SMV2-0166,GRASIM,SELL,56,1599.1500250000001,179.1048028,ENGINE_ADAPTER
SMV2-0166,HCLTECH,SELL,85,1128.4355,191.834035,ENGINE_ADAPTER
SMV2-0166,INFY,SELL,60,1493.802725,179.256327,ENGINE_ADAPTER
SMV2-0166,ITC,SELL,240,385.70705,185.13938399999998,ENGINE_ADAPTER
SMV2-0166,SRF,SELL,39,2278.86,177.75108000000003,ENGINE_ADAPTER
SMV2-0166,TCS,SELL,27,3360.21905,181.4518287,ENGINE_ADAPTER
SMV2-0166,POWERGRID,BUY,398,224.112,178.39315200000001,ENGINE_ADAPTER
SMV2-0166,NTPC,BUY,516,172.98645,178.52201639999998,ENGINE_ADAPTER
SMV2-0166,TATAPOWER,BUY,428,208.60424999999998,178.565238,ENGINE_ADAPTER
SMV2-0166,HDFCLIFE,BUY,181,492.246,178.193052,ENGINE_ADAPTER
SMV2-0166,POLICYBZR,BUY,147,605.3525249999999,177.97364234999998,ENGINE_ADAPTER
SMV2-0166,SBILIFE,BUY,78,1132.566,176.680296,ENGINE_ADAPTER
SMV2-0167,HDFCLIFE,SELL,181,489.75500000000005,177.29131000000004,ENGINE_ADAPTER
SMV2-0167,POLICYBZR,SELL,147,574.81245,168.9948603,ENGINE_ADAPTER
SMV2-0167,SBILIFE,SELL,78,1091.454,170.26682399999999,ENGINE_ADAPTER
SMV2-0167,RELIANCE,BUY,37,2330.1645,172.43217299999998,ENGINE_ADAPTER
SMV2-0167,ONGC,BUY,566,156.27809999999997,176.90680919999997,ENGINE_ADAPTER
SMV2-0167,HINDPETRO,BUY,386,229.1145,176.876394,ENGINE_ADAPTER
SMV2-0168,BATAINDIA,SELL,62,1417.2910000000002,175.74408400000004,ENGINE_ADAPTER
SMV2-0168,CAMPUS,SELL,212,373.81300000000005,158.49671200000003,ENGINE_ADAPTER
SMV2-0168,MIRZAINT,SELL,312,274.8625,171.5142,ENGINE_ADAPTER
SMV2-0168,MCDOWELL-N,BUY,115,756.3779999999999,173.96693999999997,ENGINE_ADAPTER
SMV2-0168,UBL,BUY,60,1447.1232,173.65478399999998,ENGINE_ADAPTER
SMV2-0168,RADICO,BUY,69,1195.49745,164.97864810000002,ENGINE_ADAPTER
SMV2-0169,NTPC,SELL,516,172.56367500000002,178.08571260000002,ENGINE_ADAPTER
SMV2-0169,POWERGRID,SELL,398,222.78855000000001,177.3396858,ENGINE_ADAPTER
SMV2-0169,TATAPOWER,SELL,428,192.80355000000003,165.03983880000004,ENGINE_ADAPTER
SMV2-0169,OLECTRA,BUY,135,635.21745,171.5087115,ENGINE_ADAPTER
SMV2-0169,ABB,BUY,25,3355.6769999999997,167.78384999999997,ENGINE_ADAPTER
SMV2-0169,FINCABLES,BUY,109,790.395,172.30611,ENGINE_ADAPTER
SMV2-0172,HINDPETRO,SELL,386,225.437225,174.0375377,ENGINE_ADAPTER
SMV2-0172,MCDOWELL-N,SELL,115,764.467575,175.82754225,ENGINE_ADAPTER
SMV2-0172,ONGC,SELL,566,159.02045,180.01114940000002,ENGINE_ADAPTER
SMV2-0172,RADICO,SELL,69,1104.4475,152.413755,ENGINE_ADAPTER
SMV2-0172,RELIANCE,SELL,37,2423.737525,179.35657685,ENGINE_ADAPTER
SMV2-0172,UBL,SELL,60,1393.303,167.19636,ENGINE_ADAPTER
SMV2-0172,JKPAPER,BUY,226,380.89034999999996,172.16243819999997,ENGINE_ADAPTER
SMV2-0172,WSTCSTPAPR,BUY,152,567.2835,172.454184,ENGINE_ADAPTER
SMV2-0172,TNPL,BUY,359,240.01995,172.3343241,ENGINE_ADAPTER
SMV2-0172,HAL,BUY,30,2805.402,168.32412,ENGINE_ADAPTER
SMV2-0172,BEL,BUY,854,101.0505,172.59425399999998,ENGINE_ADAPTER
SMV2-0172,INDIGO,BUY,45,1890.945,170.18505,ENGINE_ADAPTER
SMV2-0173,BEL,SELL,854,102.7486,175.4946088,ENGINE_ADAPTER
SMV2-0173,HAL,SELL,30,2792.9028500000004,167.57417100000004,ENGINE_ADAPTER
SMV2-0173,INDIGO,SELL,45,1999.0,179.91,ENGINE_ADAPTER
SMV2-0173,JKPAPER,SELL,226,367.81600000000003,166.25283200000004,ENGINE_ADAPTER
SMV2-0173,TNPL,SELL,359,235.78205000000003,169.29151190000002,ENGINE_ADAPTER
SMV2-0173,WSTCSTPAPR,SELL,152,544.1278,165.41485120000002,ENGINE_ADAPTER
SMV2-0173,UFLEX,BUY,217,397.19849999999997,172.38414899999998,ENGINE_ADAPTER
SMV2-0173,AGI,BUY,222,388.09394999999995,172.3137138,ENGINE_ADAPTER
SMV2-0173,JINDALPOLY,BUY,146,588.99435,171.9863502,ENGINE_ADAPTER
SMV2-0173,INDHOTEL,BUY,256,336.91837499999997,172.502208,ENGINE_ADAPTER
SMV2-0173,BLS,BUY,485,178.139025,172.79485425,ENGINE_ADAPTER
SMV2-0173,LEMONTREE,BUY,954,85.292625,162.73832850000002,ENGINE_ADAPTER
SMV2-0174,ABB,SELL,25,3418.29,170.9145,ENGINE_ADAPTER
SMV2-0174,FINCABLES,SELL,109,904.0477500000001,197.0824095,ENGINE_ADAPTER
SMV2-0174,OLECTRA,SELL,135,665.36715,179.64913049999998,ENGINE_ADAPTER
SMV2-0174,RAYMOND,BUY,55,1600.8,176.088,ENGINE_ADAPTER
SMV2-0174,PAGEIND,BUY,2,40570.274999999994,162.28109999999998,ENGINE_ADAPTER
SMV2-0174,AXITA,BUY,1716,52.025999999999996,178.55323199999998,ENGINE_ADAPTER
SMV2-0176,AXITA,SELL,1716,27.936025,95.8764378,ENGINE_ADAPTER
SMV2-0176,PAGEIND,SELL,2,42428.625075,169.7145003,ENGINE_ADAPTER
SMV2-0176,RAYMOND,SELL,55,1616.1415250000002,177.77556775000002,ENGINE_ADAPTER
SMV2-0176,RVNL,BUY,739,123.56174999999999,182.6242665,ENGINE_ADAPTER
SMV2-0176,LT,BUY,41,2222.0104499999998,182.20485689999998,ENGINE_ADAPTER
SMV2-0176,IRCON,BUY,658,80.03999999999999,105.33263999999998,ENGINE_ADAPTER
SMV2-0177,BLS,SELL,485,175.1124,169.85902800000002,ENGINE_ADAPTER
SMV2-0177,INDHOTEL,SELL,256,371.56412500000005,190.24083200000004,ENGINE_ADAPTER
SMV2-0177,LEMONTREE,SELL,954,94.802575,180.8833131,ENGINE_ADAPTER
SMV2-0177,ABB,BUY,23,3871.935,178.10901,ENGINE_ADAPTER
SMV2-0177,POLYCAB,BUY,26,3456.22725,179.723817,ENGINE_ADAPTER
SMV2-0177,KEI,BUY,44,2037.8183999999999,179.32801919999997,ENGINE_ADAPTER
SMV2-0178,IRCON,SELL,658,81.45925000000001,107.20037300000003,ENGINE_ADAPTER
SMV2-0178,LT,SELL,41,2223.8875000000003,182.35877500000004,ENGINE_ADAPTER
SMV2-0178,RVNL,SELL,739,116.89152500000002,172.76567395,ENGINE_ADAPTER
SMV2-0178,INFY,BUY,68,1333.36635,181.3378236,ENGINE_ADAPTER
SMV2-0178,TCS,BUY,27,3362.4804,181.57394159999998,ENGINE_ADAPTER
SMV2-0178,PAYTM,BUY,69,709.7547,97.9461486,ENGINE_ADAPTER
SMV2-0179,AGI,SELL,222,589.5051,261.7402644,ENGINE_ADAPTER
SMV2-0179,JINDALPOLY,SELL,146,670.6645000000001,195.834034,ENGINE_ADAPTER
SMV2-0179,UFLEX,SELL,217,414.7925,180.019945,ENGINE_ADAPTER
SMV2-0179,GAIL,BUY,872,105.0525,183.21156000000002,ENGINE_ADAPTER
SMV2-0179,MGL,BUY,88,1040.52,183.13152,ENGINE_ADAPTER
SMV2-0179,REFEX,BUY,174,526.4631,183.2091588,ENGINE_ADAPTER
SMV2-0180,GAIL,SELL,872,104.9475,183.02844,ENGINE_ADAPTER
SMV2-0180,MGL,SELL,88,1031.4840000000002,181.54118400000004,ENGINE_ADAPTER
SMV2-0180,REFEX,SELL,174,503.69802500000003,175.28691270000002,ENGINE_ADAPTER
SMV2-0180,MCDOWELL-N,BUY,102,891.4454999999999,181.85488199999998,ENGINE_ADAPTER
SMV2-0180,UBL,BUY,61,1480.74,180.65028,ENGINE_ADAPTER
SMV2-0180,SULA,BUY,198,460.22999999999996,182.25107999999997,ENGINE_ADAPTER
SMV2-0181,INFY,SELL,68,1293.353,175.896008,ENGINE_ADAPTER
SMV2-0181,MCDOWELL-N,SELL,102,912.5435,186.15887400000003,ENGINE_ADAPTER
SMV2-0181,PAYTM,SELL,69,893.553,123.31031399999999,ENGINE_ADAPTER
SMV2-0181,SULA,SELL,198,462.7685,183.256326,ENGINE_ADAPTER
SMV2-0181,TCS,SELL,27,3188.405,172.17387000000002,ENGINE_ADAPTER
SMV2-0181,UBL,SELL,61,1521.239,185.591158,ENGINE_ADAPTER
SMV2-0181,ZEEL,BUY,504,186.093,187.58174399999996,ENGINE_ADAPTER
SMV2-0181,TV18BRDCST,BUY,2322,40.420199999999994,187.7114088,ENGINE_ADAPTER
SMV2-0181,SUNTV,BUY,210,445.22249999999997,186.99344999999997,ENGINE_ADAPTER
SMV2-0181,HAL,BUY,24,3900.9494999999997,187.245576,ENGINE_ADAPTER
SMV2-0181,INDIGO,BUY,38,2446.2225,185.91290999999995,ENGINE_ADAPTER
SMV2-0181,BEL,BUY,659,126.41317499999998,166.61256464999997,ENGINE_ADAPTER
SMV2-0182,SUNTV,SELL,210,425.83697500000005,178.85152950000003,ENGINE_ADAPTER
SMV2-0182,TV18BRDCST,SELL,2322,38.08095,176.84793180000003,ENGINE_ADAPTER
SMV2-0182,ZEEL,SELL,504,176.66162500000002,178.07491800000003,ENGINE_ADAPTER
SMV2-0182,BHEL,BUY,1065,85.14254999999999,181.35363149999995,ENGINE_ADAPTER
SMV2-0182,SIEMENS,BUY,24,3681.7899749999997,176.7259188,ENGINE_ADAPTER
SMV2-0182,GRAPHITE,BUY,219,395.39759999999995,173.18414879999997,ENGINE_ADAPTER
SMV2-0183,ABB,SELL,23,4447.775000000001,204.59765000000002,ENGINE_ADAPTER
SMV2-0183,KEI,SELL,44,2322.788025,204.40534619999997,ENGINE_ADAPTER
SMV2-0183,POLYCAB,SELL,26,3578.1100500000002,186.0617226,ENGINE_ADAPTER
SMV2-0183,MARUTI,BUY,9,9746.921025,175.44457845,ENGINE_ADAPTER
SMV2-0183,M&M,BUY,63,1470.735,185.31260999999998,ENGINE_ADAPTER
SMV2-0183,HEROMOTOCO,BUY,32,2876.4375,184.092,ENGINE_ADAPTER
SMV2-0185,BHEL,SELL,1065,92.45375,196.9264875,ENGINE_ADAPTER
SMV2-0185,GRAPHITE,SELL,219,418.1908,183.1675704,ENGINE_ADAPTER
SMV2-0185,SIEMENS,SELL,24,3722.1380000000004,178.66262400000002,ENGINE_ADAPTER
SMV2-0185,GAIL,BUY,873,110.05499999999999,192.15603000000002,ENGINE_ADAPTER
SMV2-0185,MGL,BUY,88,1081.5905249999998,190.35993239999996,ENGINE_ADAPTER
SMV2-0185,CONFIPET,BUY,1274,75.4377,192.21525960000002,ENGINE_ADAPTER
SMV2-0186,BEL,SELL,659,125.287325,165.12869435000002,ENGINE_ADAPTER
SMV2-0186,HAL,SELL,24,3866.415825,185.58795959999998,ENGINE_ADAPTER
SMV2-0186,HEROMOTOCO,SELL,32,3128.33505,200.2134432,ENGINE_ADAPTER
SMV2-0186,INDIGO,SELL,38,2666.7159750000005,202.67041410000004,ENGINE_ADAPTER
SMV2-0186,M&M,SELL,63,1521.239,191.676114,ENGINE_ADAPTER
SMV2-0186,MARUTI,SELL,9,9765.164975,175.77296955,ENGINE_ADAPTER
SMV2-0186,OLECTRA,BUY,75,1271.6354999999999,190.74532499999998,ENGINE_ADAPTER
SMV2-0186,POLYCAB,BUY,20,4614.1059,184.564236,ENGINE_ADAPTER
SMV2-0186,ABB,BUY,22,4252.125,187.0935,ENGINE_ADAPTER
SMV2-0186,ZENTEC,BUY,156,614.307,191.66378400000002,ENGINE_ADAPTER
SMV2-0186,BDL,BUY,81,1184.9922000000001,191.96873640000004,ENGINE_ADAPTER
SMV2-0186,INDIAMART,BUY,30,3171.4349249999996,190.28609549999996,ENGINE_ADAPTER
SMV2-0187,BDL,SELL,81,1204.3975,195.11239500000002,ENGINE_ADAPTER
SMV2-0187,INDIAMART,SELL,30,3108.2451000000005,186.49470600000004,ENGINE_ADAPTER
SMV2-0187,ZENTEC,SELL,156,629.834925,196.5084966,ENGINE_ADAPTER
SMV2-0187,BHARTIARTL,BUY,109,894.447,194.989446,ENGINE_ADAPTER
SMV2-0187,TATACOMM,BUY,54,1780.8399749999999,192.3307173,ENGINE_ADAPTER
SMV2-0187,TEJASNET,BUY,117,827.9637749999999,193.74352334999998,ENGINE_ADAPTER
SMV2-0189,ABB,SELL,22,4497.75,197.901,ENGINE_ADAPTER
SMV2-0189,BHARTIARTL,SELL,109,870.06475,189.67411550000003,ENGINE_ADAPTER
SMV2-0189,CONFIPET,SELL,1274,72.413775,184.51029870000002,ENGINE_ADAPTER
SMV2-0189,GAIL,SELL,873,115.74210000000001,202.0857066,ENGINE_ADAPTER
SMV2-0189,MGL,SELL,88,995.3021,175.1731696,ENGINE_ADAPTER
SMV2-0189,OLECTRA,SELL,75,1024.337575,153.65063625,ENGINE_ADAPTER
SMV2-0189,POLYCAB,SELL,20,4656.6705,186.26682000000002,ENGINE_ADAPTER
SMV2-0189,TATACOMM,SELL,54,1682.8081750000001,181.74328290000003,ENGINE_ADAPTER
SMV2-0189,TEJASNET,SELL,117,811.643975,189.92469014999998,ENGINE_ADAPTER
SMV2-0189,RVNL,BUY,725,127.36364999999999,184.6772925,ENGINE_ADAPTER
SMV2-0189,LT,BUY,35,2638.3185,184.68229499999998,ENGINE_ADAPTER
SMV2-0189,ADANIPORTS,BUY,118,781.3905,184.40815800000001,ENGINE_ADAPTER
SMV2-0189,NTPC,BUY,433,213.40665,184.8101589,ENGINE_ADAPTER
SMV2-0189,TATAPOWER,BUY,391,236.118,184.644276,ENGINE_ADAPTER
SMV2-0189,POWERGRID,BUY,377,244.972425,184.70920844999998,ENGINE_ADAPTER
SMV2-0189,IRFC,BUY,1898,48.674324999999996,184.7677377,ENGINE_ADAPTER
SMV2-0189,RECLTD,BUY,416,221.96092499999997,184.67148959999997,ENGINE_ADAPTER
SMV2-0189,PFC,BUY,345,263.03144999999995,181.49170049999998,ENGINE_ADAPTER
SMV2-0190,IRFC,SELL,1898,48.175900000000006,182.87571640000004,ENGINE_ADAPTER
SMV2-0190,PFC,SELL,345,269.56515,185.9999535,ENGINE_ADAPTER
SMV2-0190,RECLTD,SELL,416,235.632125,196.04592800000003,ENGINE_ADAPTER
SMV2-0190,JKPAPER,BUY,250,371.08545,185.542725,ENGINE_ADAPTER
SMV2-0190,SATIA,BUY,697,133.36665,185.91311009999998,ENGINE_ADAPTER
SMV2-0190,WSTCSTPAPR,BUY,163,569.134425,185.53782254999996,ENGINE_ADAPTER
SMV2-0191,NTPC,SELL,433,217.79105,188.60704930000003,ENGINE_ADAPTER
SMV2-0191,POWERGRID,SELL,377,242.8785,183.13038899999998,ENGINE_ADAPTER
SMV2-0191,TATAPOWER,SELL,391,246.026925,192.39305535000003,ENGINE_ADAPTER
SMV2-0191,POLYCAB,BUY,18,5014.455975,180.52041509999998,ENGINE_ADAPTER
SMV2-0191,OLECTRA,BUY,77,1224.7120499999999,188.60565569999997,ENGINE_ADAPTER
SMV2-0191,ABB,BUY,22,4262.029949999999,187.52931779999997,ENGINE_ADAPTER
SMV2-0192,ADANIPORTS,SELL,118,807.146225,190.4865091,ENGINE_ADAPTER
SMV2-0192,LT,SELL,35,2731.6335000000004,191.214345,ENGINE_ADAPTER
SMV2-0192,RVNL,SELL,725,142.9285,207.246325,ENGINE_ADAPTER
SMV2-0192,BHARTIARTL,BUY,111,866.182875,192.29259825,ENGINE_ADAPTER
SMV2-0192,RAILTEL,BUY,401,240.870375,193.17804074999998,ENGINE_ADAPTER
SMV2-0192,TATACOMM,BUY,52,1856.5277999999998,193.0788912,ENGINE_ADAPTER
SMV2-0195,ABB,SELL,22,4217.190350000001,185.5563754,ENGINE_ADAPTER
SMV2-0195,JKPAPER,SELL,250,383.10835000000003,191.55417500000001,ENGINE_ADAPTER
SMV2-0195,OLECTRA,SELL,77,1205.89675,185.7080995,ENGINE_ADAPTER
SMV2-0195,POLYCAB,SELL,18,5148.4245,185.34328200000002,ENGINE_ADAPTER
SMV2-0195,SATIA,SELL,697,131.1344,182.8013536,ENGINE_ADAPTER
SMV2-0195,WSTCSTPAPR,SELL,163,685.5070750000001,223.47530645000003,ENGINE_ADAPTER
SMV2-0195,ADANIENT,BUY,39,2481.189975,193.53281804999997,ENGINE_ADAPTER
SMV2-0195,MMTC,BUY,1683,57.6288,193.9785408,ENGINE_ADAPTER
SMV2-0195,REDINGTON,BUY,614,157.77884999999998,193.75242779999996,ENGINE_ADAPTER
SMV2-0195,UFLEX,BUY,221,438.71925,193.9139085,ENGINE_ADAPTER
SMV2-0195,AGI,BUY,108,896.397975,193.6219626,ENGINE_ADAPTER
SMV2-0195,COSMOFIRST,BUY,142,682.090875,193.7138085,ENGINE_ADAPTER
SMV2-0196,AGI,SELL,108,907.2961250000001,195.975963,ENGINE_ADAPTER
SMV2-0196,COSMOFIRST,SELL,142,679.2602,192.9098968,ENGINE_ADAPTER
SMV2-0196,UFLEX,SELL,221,463.518125,204.87501125,ENGINE_ADAPTER
SMV2-0196,HDFCBANK,BUY,63,1527.7635,192.498201,ENGINE_ADAPTER
SMV2-0196,ICICIBANK,BUY,102,952.0758,194.2234632,ENGINE_ADAPTER
SMV2-0196,AXISBANK,BUY,94,1035.5175,194.67729,ENGINE_ADAPTER
SMV2-0197,ADANIENT,SELL,39,2438.78,190.22484000000003,ENGINE_ADAPTER
SMV2-0197,BHARTIARTL,SELL,111,917.541,203.69410200000002,ENGINE_ADAPTER
SMV2-0197,MMTC,SELL,1683,53.973000000000006,181.67311800000002,ENGINE_ADAPTER
SMV2-0197,RAILTEL,SELL,401,213.643125,171.34178625,ENGINE_ADAPTER
SMV2-0197,REDINGTON,SELL,614,154.9225,190.24483000000004,ENGINE_ADAPTER
SMV2-0197,TATACOMM,SELL,52,1834.2324250000001,190.76017220000003,ENGINE_ADAPTER
SMV2-0197,AGI,BUY,103,920.409975,189.60445485,ENGINE_ADAPTER
SMV2-0197,UFLEX,BUY,216,440.21999999999997,190.17504,ENGINE_ADAPTER
SMV2-0197,JINDALPOLY,BUY,141,674.337,190.16303399999998,ENGINE_ADAPTER
SMV2-0197,DLF,BUY,173,547.3235249999999,189.37393964999995,ENGINE_ADAPTER
SMV2-0197,NBCC,BUY,1593,59.72985,190.2993021,ENGINE_ADAPTER
SMV2-0197,IBREALEST,BUY,1189,80.03999999999999,190.33512,ENGINE_ADAPTER
SMV2-0198,AXISBANK,SELL,94,989.5050000000001,186.02694000000002,ENGINE_ADAPTER
SMV2-0198,HDFCBANK,SELL,63,1530.73425,192.8725155,ENGINE_ADAPTER
SMV2-0198,ICICIBANK,SELL,102,948.02575,193.397253,ENGINE_ADAPTER
SMV2-0198,RECLTD,BUY,332,294.997425,195.87829020000004,ENGINE_ADAPTER
SMV2-0198,IRFC,BUY,1270,77.2386,196.186044,ENGINE_ADAPTER
SMV2-0198,PFC,BUY,354,251.1255,177.796854,ENGINE_ADAPTER
SMV2-0199,AGI,SELL,103,974.3126,200.7083956,ENGINE_ADAPTER
SMV2-0199,IRFC,SELL,1270,77.46125,196.751575,ENGINE_ADAPTER
SMV2-0199,JINDALPOLY,SELL,141,696.6515,196.45572300000003,ENGINE_ADAPTER
SMV2-0199,PFC,SELL,354,247.37625000000003,175.14238500000002,ENGINE_ADAPTER
SMV2-0199,RECLTD,SELL,332,287.70607500000006,191.0368338,ENGINE_ADAPTER
SMV2-0199,UFLEX,SELL,216,444.77750000000003,192.14388,ENGINE_ADAPTER
SMV2-0199,METROBRAND,BUY,79,1217.6084999999998,192.38214299999996,ENGINE_ADAPTER
SMV2-0199,CAMPUS,BUY,331,292.696275,193.76493405000002,ENGINE_ADAPTER
SMV2-0199,BATAINDIA,BUY,60,1608.7539749999999,193.05047699999997,ENGINE_ADAPTER
SMV2-0199,TITAN,BUY,29,3247.8230999999996,188.37373979999998,ENGINE_ADAPTER
SMV2-0199,KALYANKJIL,BUY,321,301.60072499999995,193.62766544999997,ENGINE_ADAPTER
SMV2-0199,RAJESHEXPO,BUY,212,440.270025,186.67449059999998,ENGINE_ADAPTER
SMV2-0200,IBREALEST,SELL,1189,73.86305000000002,175.64633290000003,ENGINE_ADAPTER
SMV2-0200,PRESTIGE,BUY,117,743.3715,173.948931,ENGINE_ADAPTER
SMV2-0202,BATAINDIA,SELL,60,1579.21,189.5052,ENGINE_ADAPTER
SMV2-0202,CAMPUS,SELL,331,262.86850000000004,174.01894700000003,ENGINE_ADAPTER
SMV2-0202,METROBRAND,SELL,79,1286.3065250000002,203.23643095000006,ENGINE_ADAPTER
SMV2-0202,HAL,BUY,47,2073.036,194.86538400000003,ENGINE_ADAPTER
SMV2-0202,INDIGO,BUY,39,2526.2625,197.04847499999997,ENGINE_ADAPTER
SMV2-0202,BEL,BUY,623,139.219575,173.46759045,ENGINE_ADAPTER
SMV2-0203,KALYANKJIL,SELL,321,319.790025,205.30519605,ENGINE_ADAPTER
SMV2-0203,RAJESHEXPO,SELL,212,370.31475,157.013454,ENGINE_ADAPTER
SMV2-0203,TITAN,SELL,29,3336.331,193.507198,ENGINE_ADAPTER
SMV2-0203,RPOWER,BUY,4296,23.011499999999998,197.71480799999998,ENGINE_ADAPTER
SMV2-0203,NTPC,BUY,393,251.1255,197.38464299999998,ENGINE_ADAPTER
SMV2-0203,POWERGRID,BUY,377,210.20504999999997,158.49460769999996,ENGINE_ADAPTER
SMV2-0204,PRESTIGE,SELL,117,931.5340000000001,217.97895600000004,ENGINE_ADAPTER
SMV2-0204,GODREJPROP,BUY,53,1841.970525,195.24887565,ENGINE_ADAPTER
SMV2-0206,GODREJPROP,SELL,53,1930.2344,204.6048464,ENGINE_ADAPTER
SMV2-0206,LODHA,BUY,119,922.7111249999999,219.60524775,ENGINE_ADAPTER
SMV2-0207,DLF,SELL,173,702.098775,242.92617615,ENGINE_ADAPTER
SMV2-0207,LODHA,SELL,119,944.5275,224.797545,ENGINE_ADAPTER
SMV2-0207,NBCC,SELL,1593,82.1589,261.7582554,ENGINE_ADAPTER
SMV2-0207,ADANIENT,BUY,38,2995.446975,227.65397009999998,ENGINE_ADAPTER
SMV2-0207,MSTCLTD,BUY,229,497.69872499999997,227.94601604999997,ENGINE_ADAPTER
SMV2-0207,MMTC,BUY,1891,60.330149999999996,228.1686273,ENGINE_ADAPTER
SMV2-0209,BEL,SELL,623,184.7076,230.14566960000005,ENGINE_ADAPTER
SMV2-0209,HAL,SELL,47,2803.69745,263.5475603,ENGINE_ADAPTER
SMV2-0209,INDIGO,SELL,39,2998.5,233.883,ENGINE_ADAPTER
SMV2-0209,SAIL,BUY,967,123.711825,239.25866955000004,ENGINE_ADAPTER
SMV2-0209,HINDCOPPER,BUY,433,275.9379,238.9622214,ENGINE_ADAPTER
SMV2-0209,COALINDIA,BUY,316,377.9889,238.88898480000003,ENGINE_ADAPTER
SMV2-0210,ADANIENT,SELL,38,3018.4900000000002,229.40524000000005,ENGINE_ADAPTER
SMV2-0210,MMTC,SELL,1891,63.668150000000004,240.79294330000002,ENGINE_ADAPTER
SMV2-0210,MSTCLTD,SELL,229,631.6840000000001,289.3112720000001,ENGINE_ADAPTER
SMV2-0210,BHARTIARTL,BUY,118,1050.5249999999999,247.92389999999995,ENGINE_ADAPTER
SMV2-0210,HFCL,BUY,1346,92.19607500000001,248.1918339,ENGINE_ADAPTER
SMV2-0210,RAILTEL,BUY,347,356.92837499999996,247.70829225,ENGINE_ADAPTER
SMV2-0211,BHARTIARTL,SELL,118,1077.510975,254.29259009999996,ENGINE_ADAPTER
SMV2-0211,COALINDIA,SELL,316,382.30875000000003,241.61913000000004,ENGINE_ADAPTER
SMV2-0211,HFCL,SELL,1346,87.90602500000001,236.64301930000005,ENGINE_ADAPTER
SMV2-0211,HINDCOPPER,SELL,433,263.2683,227.99034780000002,ENGINE_ADAPTER
SMV2-0211,NTPC,SELL,393,314.74255,247.3876443,ENGINE_ADAPTER
SMV2-0211,POWERGRID,SELL,377,240.27980000000002,181.17096920000003,ENGINE_ADAPTER
SMV2-0211,RAILTEL,SELL,347,357.32125,247.9809475,ENGINE_ADAPTER
SMV2-0211,RPOWER,SELL,4296,31.034475000000004,266.6482092,ENGINE_ADAPTER
SMV2-0211,SAIL,SELL,967,115.94200000000001,224.23182800000004,ENGINE_ADAPTER
SMV2-0211,EASEMYTRIP,BUY,2417,50.4252,243.75541679999995,ENGINE_ADAPTER
SMV2-0211,BLS,BUY,321,378.68924999999996,243.1184985,ENGINE_ADAPTER
SMV2-0211,LEMONTREE,BUY,905,134.56725,243.5667225,ENGINE_ADAPTER
SMV2-0211,RELIANCE,BUY,44,2751.375,242.121,ENGINE_ADAPTER
SMV2-0211,HINDPETRO,BUY,269,452.72625,243.5667225,ENGINE_ADAPTER
SMV2-0211,ONGC,BUY,533,228.61425,243.70279050000002,ENGINE_ADAPTER
SMV2-0211,DLF,BUY,151,802.401,242.32510200000002,ENGINE_ADAPTER
SMV2-0211,NBCC,BUY,1325,91.94595,243.65676749999997,ENGINE_ADAPTER
SMV2-0211,IBREALEST,BUY,1206,100.700325,242.8891839,ENGINE_ADAPTER
SMV2-0213,HINDPETRO,SELL,269,432.7835,232.837523,ENGINE_ADAPTER
SMV2-0213,ONGC,SELL,533,240.8795,256.777547,ENGINE_ADAPTER
SMV2-0213,RELIANCE,SELL,44,2727.6355000000003,240.03192400000003,ENGINE_ADAPTER
SMV2-0213,JKPAPER,BUY,296,421.21049999999997,249.35661599999997,ENGINE_ADAPTER
SMV2-0213,ORIENTPPR,BUY,2229,56.028,249.77282399999999,ENGINE_ADAPTER
SMV2-0213,PAKKA,BUY,311,365.1825,227.14351500000004,ENGINE_ADAPTER
SMV2-0214,DLF,SELL,151,784.50755,236.9212801,ENGINE_ADAPTER
SMV2-0214,IBREALEST,SELL,1206,101.09942500000001,243.85181310000002,ENGINE_ADAPTER
SMV2-0214,NBCC,SELL,1325,174.362775,462.06135374999997,ENGINE_ADAPTER
SMV2-0214,NHPC,BUY,1255,105.802875,265.56521625,ENGINE_ADAPTER
SMV2-0214,TATAPOWER,BUY,335,395.69775,265.11749249999997,ENGINE_ADAPTER
SMV2-0214,SJVN,BUY,915,145.0725,265.482675,ENGINE_ADAPTER
SMV2-0216,JKPAPER,SELL,296,379.81,224.84751999999997,ENGINE_ADAPTER
SMV2-0216,ORIENTPPR,SELL,2229,51.174400000000006,228.13547520000003,ENGINE_ADAPTER
SMV2-0216,PAKKA,SELL,311,363.81800000000004,226.29479600000005,ENGINE_ADAPTER
SMV2-0216,RELIANCE,BUY,42,2925.5620499999995,245.74721219999995,ENGINE_ADAPTER
SMV2-0216,IOC,BUY,664,188.69429999999997,250.58603039999994,ENGINE_ADAPTER
SMV2-0216,BPCL,BUY,189,660.2299499999999,249.56692109999997,ENGINE_ADAPTER
SMV2-0217,NHPC,SELL,1255,90.70462500000001,227.66860875000003,ENGINE_ADAPTER
SMV2-0217,SJVN,SELL,915,119.89002500000001,219.39874575,ENGINE_ADAPTER
SMV2-0217,TATAPOWER,SELL,335,378.81050000000005,253.80303500000005,ENGINE_ADAPTER
SMV2-0217,LICI,BUY,115,1067.03325,245.41764750000002,ENGINE_ADAPTER
SMV2-0217,HDFCLIFE,BUY,216,569.034375,245.82285,ENGINE_ADAPTER
SMV2-0217,POLICYBZR,BUY,120,1022.9111999999999,245.498688,ENGINE_ADAPTER
SMV2-0218,BLS,SELL,321,372.11385,238.89709170000003,ENGINE_ADAPTER
SMV2-0218,EASEMYTRIP,SELL,2417,49.025475,236.98914615,ENGINE_ADAPTER
SMV2-0218,LEMONTREE,SELL,905,141.42925,255.98694249999997,ENGINE_ADAPTER
SMV2-0218,HAL,BUY,39,3158.5784999999996,246.36912299999995,ENGINE_ADAPTER
SMV2-0218,BEL,BUY,598,208.05397499999998,248.83255409999998,ENGINE_ADAPTER
SMV2-0218,INDIGO,BUY,39,3175.587,247.695786,ENGINE_ADAPTER
SMV2-0220,BPCL,SELL,189,586.156775,221.56726095000002,ENGINE_ADAPTER
SMV2-0220,IOC,SELL,664,162.468725,215.7584668,ENGINE_ADAPTER
SMV2-0220,RELIANCE,SELL,42,2838.5800000000004,238.44072000000003,ENGINE_ADAPTER
SMV2-0220,CAMPUS,BUY,518,231.865875,240.2130465,ENGINE_ADAPTER
SMV2-0220,BATAINDIA,BUY,86,1395.6975,240.05997000000002,ENGINE_ADAPTER
SMV2-0220,METROBRAND,BUY,98,1088.5439999999999,213.35462399999997,ENGINE_ADAPTER
SMV2-0221,BATAINDIA,SELL,86,1379.3100000000002,237.24132000000003,ENGINE_ADAPTER
SMV2-0221,CAMPUS,SELL,518,224.88750000000002,232.98345,ENGINE_ADAPTER
SMV2-0221,METROBRAND,SELL,98,1129.784825,221.43782569999996,ENGINE_ADAPTER
SMV2-0221,MCDOWELL-N,BUY,107,1135.0672499999998,242.90439149999995,ENGINE_ADAPTER
SMV2-0221,SULA,BUY,221,551.2755,243.663771,ENGINE_ADAPTER
SMV2-0221,RADICO,BUY,61,1656.277725,202.06588244999998,ENGINE_ADAPTER
SMV2-0222,MCDOWELL-N,SELL,107,1131.983725,242.24451715,ENGINE_ADAPTER
SMV2-0222,RADICO,SELL,61,1741.1290000000001,212.41773799999999,ENGINE_ADAPTER
SMV2-0222,SULA,SELL,221,554.1228,244.9222776,ENGINE_ADAPTER
SMV2-0222,TRENT,BUY,31,3976.9374749999997,246.57012344999998,ENGINE_ADAPTER
SMV2-0222,DMART,BUY,27,4572.285,246.90339,ENGINE_ADAPTER
SMV2-0222,ABFRL,BUY,496,205.9029,204.2556768,ENGINE_ADAPTER
SMV2-0223,ABFRL,SELL,496,237.331275,235.43262479999996,ENGINE_ADAPTER
SMV2-0223,DMART,SELL,27,4645.825925,250.87459995,ENGINE_ADAPTER
SMV2-0223,HDFCLIFE,SELL,216,629.6850000000001,272.02392000000003,ENGINE_ADAPTER
SMV2-0223,LICI,SELL,115,997.5010000000001,229.42523000000003,ENGINE_ADAPTER
SMV2-0223,POLICYBZR,SELL,120,1273.412975,305.619114,ENGINE_ADAPTER
SMV2-0223,TRENT,SELL,31,3930.6337000000003,243.69928940000003,ENGINE_ADAPTER
SMV2-0223,MCDOWELL-N,BUY,115,1136.26785,261.34160549999996,ENGINE_ADAPTER
SMV2-0223,UBL,BUY,72,1813.2561749999998,261.1088892,ENGINE_ADAPTER
SMV2-0223,RADICO,BUY,76,1707.803475,259.58612819999996,ENGINE_ADAPTER
SMV2-0223,TATAPOWER,BUY,313,417.70874999999995,261.48567749999995,ENGINE_ADAPTER
SMV2-0223,NHPC,BUY,1387,94.54724999999999,262.2740715,ENGINE_ADAPTER
SMV2-0223,NTPC,BUY,316,355.7778,224.8515696,ENGINE_ADAPTER
SMV2-0224,BEL,SELL,598,229.88500000000002,274.94246,ENGINE_ADAPTER
SMV2-0224,HAL,SELL,39,3638.1800000000003,283.77804000000003,ENGINE_ADAPTER
SMV2-0224,INDIGO,SELL,39,3668.4648500000003,286.1402583000001,ENGINE_ADAPTER
SMV2-0224,TATASTEEL,BUY,814,161.8809,263.54210520000004,ENGINE_ADAPTER
SMV2-0224,SAIL,BUY,862,152.97645,263.7313998,ENGINE_ADAPTER
SMV2-0224,HINDCOPPER,BUY,366,360.18,263.65176,ENGINE_ADAPTER
SMV2-0225,NHPC,SELL,1387,88.7556,246.2080344,ENGINE_ADAPTER
SMV2-0225,NTPC,SELL,316,354.82250000000005,224.24782000000002,ENGINE_ADAPTER
SMV2-0225,TATAPOWER,SELL,313,433.783,271.548158,ENGINE_ADAPTER
SMV2-0225,DLF,BUY,153,860.43,263.29157999999995,ENGINE_ADAPTER
SMV2-0225,IBREALEST,BUY,984,134.06699999999998,263.84385599999996,ENGINE_ADAPTER
SMV2-0225,GODREJPROP,BUY,52,2526.2625,262.7313,ENGINE_ADAPTER
SMV2-0226,MCDOWELL-N,SELL,115,1198.350525,275.62062075,ENGINE_ADAPTER
SMV2-0226,RADICO,SELL,76,1747.1260000000002,265.563152,ENGINE_ADAPTER
SMV2-0226,UBL,SELL,72,2056.1214250000003,296.08148520000003,ENGINE_ADAPTER
SMV2-0226,HAL,BUY,34,4008.3531749999997,272.5680159,ENGINE_ADAPTER
SMV2-0226,BEL,BUY,579,240.270075,278.23274685,ENGINE_ADAPTER
SMV2-0226,INDIGO,BUY,34,4003.0004999999996,272.204034,ENGINE_ADAPTER
SMV2-0227,BEL,SELL,579,234.98245,272.1096771,ENGINE_ADAPTER
SMV2-0227,DLF,SELL,153,882.05875,269.9099775,ENGINE_ADAPTER
SMV2-0227,GODREJPROP,SELL,52,2678.6600000000003,278.58064,ENGINE_ADAPTER
SMV2-0227,HAL,SELL,34,3934.032,267.514176,ENGINE_ADAPTER
SMV2-0227,IBREALEST,SELL,984,128.03595,251.97474960000002,ENGINE_ADAPTER
SMV2-0227,INDIGO,SELL,34,4048.924525,275.32686770000004,ENGINE_ADAPTER
SMV2-0227,TATAPOWER,BUY,299,458.8293,274.37992139999994,ENGINE_ADAPTER
SMV2-0227,IREDA,BUY,767,178.8894,274.4163396,ENGINE_ADAPTER
SMV2-0227,NTPC,BUY,373,367.9839,274.5159894,ENGINE_ADAPTER
SMV2-0227,JKPAPER,BUY,356,385.742775,274.64885580000004,ENGINE_ADAPTER
SMV2-0227,ORIENTPPR,BUY,2381,57.678824999999996,274.66656465,ENGINE_ADAPTER
SMV2-0227,WSTCSTPAPR,BUY,181,683.3915249999999,247.38773204999995,ENGINE_ADAPTER
SMV2-0228,HINDCOPPER,SELL,366,370.264775,271.0338153,ENGINE_ADAPTER
SMV2-0228,IREDA,SELL,767,164.91750000000002,252.98344500000002,ENGINE_ADAPTER
SMV2-0228,NTPC,SELL,373,355.32225,265.0703985,ENGINE_ADAPTER
SMV2-0228,SAIL,SELL,862,157.271325,271.13576429999995,ENGINE_ADAPTER
SMV2-0228,TATAPOWER,SELL,299,414.642575,247.95625984999998,ENGINE_ADAPTER
SMV2-0228,TATASTEEL,SELL,814,162.368775,264.3363657,ENGINE_ADAPTER
SMV2-0228,BHEL,BUY,466,274.5372,255.86867039999998,ENGINE_ADAPTER
SMV2-0228,HAVELLS,BUY,75,1690.6949249999998,253.60423874999998,ENGINE_ADAPTER
SMV2-0228,SIEMENS,BUY,20,6235.7163,249.428652,ENGINE_ADAPTER
SMV2-0228,HAL,BUY,33,3877.4377499999996,255.91089149999996,ENGINE_ADAPTER
SMV2-0228,BEL,BUY,560,228.5142,255.935904,ENGINE_ADAPTER
SMV2-0228,INDIGO,BUY,31,4008.1030499999997,248.5023891,ENGINE_ADAPTER
SMV2-0230,BHEL,SELL,466,307.096375,286.21382150000005,ENGINE_ADAPTER
SMV2-0230,HAVELLS,SELL,75,1898.0505,284.707575,ENGINE_ADAPTER
SMV2-0230,JKPAPER,SELL,356,377.51115,268.7879388,ENGINE_ADAPTER
SMV2-0230,ORIENTPPR,SELL,2381,52.5737,250.35595940000002,ENGINE_ADAPTER
SMV2-0230,SIEMENS,SELL,20,7279.7083250000005,291.18833300000006,ENGINE_ADAPTER
SMV2-0230,WSTCSTPAPR,SELL,181,637.730975,230.85861294999998,ENGINE_ADAPTER
SMV2-0230,LT,BUY,39,3646.7224499999998,284.4443511,ENGINE_ADAPTER
SMV2-0230,RVNL,BUY,384,375.93787499999996,288.7202879999999,ENGINE_ADAPTER
SMV2-0230,ADANIPORTS,BUY,99,1445.7224999999999,286.25305499999996,ENGINE_ADAPTER
SMV2-0230,NHPC,BUY,1393,103.6518,288.77391479999994,ENGINE_ADAPTER
SMV2-0230,TATAPOWER,BUY,321,449.12444999999997,288.33789690000003,ENGINE_ADAPTER
SMV2-0230,IREDA,BUY,567,190.59525,216.13501349999999,ENGINE_ADAPTER
SMV2-0231,IREDA,SELL,567,199.9,226.6866,ENGINE_ADAPTER
SMV2-0231,NHPC,SELL,1393,117.941,328.583626,ENGINE_ADAPTER
SMV2-0231,TATAPOWER,SELL,321,459.77000000000004,295.17234,ENGINE_ADAPTER
SMV2-0231,TITAGARH,BUY,98,1565.1822,306.77571120000005,ENGINE_ADAPTER
SMV2-0231,TEXRAIL,BUY,718,214.107,307.457652,ENGINE_ADAPTER
SMV2-0231,CARBORUNIV,BUY,70,1643.32125,230.064975,ENGINE_ADAPTER
SMV2-0233,BEL,SELL,560,312.8435,350.38472,ENGINE_ADAPTER
SMV2-0233,HAL,SELL,33,5457.36995,360.1864167,ENGINE_ADAPTER
SMV2-0233,INDIGO,SELL,31,4297.85,266.4667,ENGINE_ADAPTER
SMV2-0233,ABB,BUY,16,9154.524975,292.94479920000003,ENGINE_ADAPTER
SMV2-0233,POLYCAB,BUY,21,7123.5599999999995,299.18951999999996,ENGINE_ADAPTER
SMV2-0233,FINCABLES,BUY,93,1608.8039999999999,299.237544,ENGINE_ADAPTER
SMV2-0235,ABB,SELL,16,8486.65455,271.57294559999997,ENGINE_ADAPTER
SMV2-0235,CARBORUNIV,SELL,70,1684.1575,235.78205,ENGINE_ADAPTER
SMV2-0235,FINCABLES,SELL,93,1582.058575,294.26289495000003,ENGINE_ADAPTER
SMV2-0235,POLYCAB,SELL,21,6746.625,283.35825,ENGINE_ADAPTER
SMV2-0235,TEXRAIL,SELL,718,250.77455000000003,360.1122538000001,ENGINE_ADAPTER
SMV2-0235,TITAGARH,SELL,98,1852.0735000000002,363.006406,ENGINE_ADAPTER
SMV2-0235,HUHTAMAKI,BUY,422,365.58269999999993,308.5517987999999,ENGINE_ADAPTER
SMV2-0235,JINDALPOLY,BUY,222,692.7461999999999,307.57931279999997,ENGINE_ADAPTER
SMV2-0235,UFLEX,BUY,296,520.4100749999999,308.0827643999999,ENGINE_ADAPTER
SMV2-0235,DIXON,BUY,12,12105.0495,290.521188,ENGINE_ADAPTER
SMV2-0235,VOLTAS,BUY,104,1472.9361,306.37070879999993,ENGINE_ADAPTER
SMV2-0235,CROMPTON,BUY,380,405.50265,308.18201400000004,ENGINE_ADAPTER
SMV2-0236,ADANIPORTS,SELL,99,1495.2520000000002,296.059896,ENGINE_ADAPTER
SMV2-0236,CROMPTON,SELL,380,409.795,311.4442,ENGINE_ADAPTER
SMV2-0236,DIXON,SELL,12,12542.7255,301.025412,ENGINE_ADAPTER
SMV2-0236,LT,SELL,39,3638.27995,283.7858361,ENGINE_ADAPTER
SMV2-0236,RVNL,SELL,384,507.74600000000004,389.948928,ENGINE_ADAPTER
SMV2-0236,VOLTAS,SELL,104,1452.023625,302.02091399999995,ENGINE_ADAPTER
SMV2-0236,GAIL,BUY,736,223.61175,329.156496,ENGINE_ADAPTER
SMV2-0236,MGL,BUY,96,1701.100125,326.611224,ENGINE_ADAPTER
SMV2-0236,REFEX,BUY,776,212.11600499999997,329.20403976,ENGINE_ADAPTER
SMV2-0236,TITAGARH,BUY,88,1859.9295,327.347592,ENGINE_ADAPTER
SMV2-0236,TEXRAIL,BUY,590,279.1395,329.38460999999995,ENGINE_ADAPTER
SMV2-0236,CARBORUNIV,BUY,85,1707.8535,290.33509499999997,ENGINE_ADAPTER
SMV2-0237,CARBORUNIV,SELL,85,1708.24545,290.40172649999994,ENGINE_ADAPTER
SMV2-0237,TEXRAIL,SELL,590,290.26479500000005,342.5124581,ENGINE_ADAPTER
SMV2-0237,TITAGARH,SELL,88,1694.902125,298.302774,ENGINE_ADAPTER
SMV2-0237,JKPAPER,BUY,292,565.2824999999999,330.12497999999994,ENGINE_ADAPTER
SMV2-0237,ORIENTPPR,BUY,2858,57.90894,331.00750104,ENGINE_ADAPTER
SMV2-0237,WSTCSTPAPR,BUY,193,690.995325,266.72419545,ENGINE_ADAPTER
SMV2-0238,HUHTAMAKI,SELL,422,368.81550000000004,311.28028200000006,ENGINE_ADAPTER
SMV2-0238,JINDALPOLY,SELL,222,749.625,332.8335,ENGINE_ADAPTER
SMV2-0238,JKPAPER,SELL,292,546.6765250000001,319.25909060000004,ENGINE_ADAPTER
SMV2-0238,ORIENTPPR,SELL,2858,53.973000000000006,308.5096680000001,ENGINE_ADAPTER
SMV2-0238,UFLEX,SELL,296,533.1832750000001,315.64449880000006,ENGINE_ADAPTER
SMV2-0238,WSTCSTPAPR,SELL,193,650.7744500000001,251.19893770000004,ENGINE_ADAPTER
SMV2-0238,BHARTIARTL,BUY,108,1450.725,313.3566,ENGINE_ADAPTER
SMV2-0238,INDUSTOWER,BUY,383,409.8048,313.9104768,ENGINE_ADAPTER
SMV2-0238,RAILTEL,BUY,303,516.608175,313.06455404999997,ENGINE_ADAPTER
SMV2-0238,LICI,BUY,142,1100.55,312.5562,ENGINE_ADAPTER
SMV2-0238,HDFCLIFE,BUY,248,632.2159499999999,313.57911119999994,ENGINE_ADAPTER
SMV2-0238,POLICYBZR,BUY,93,1424.41185,264.94060410000003,ENGINE_ADAPTER
SMV2-0240,POLICYBZR,SELL,93,1483.707775,275.96964615,ENGINE_ADAPTER
SMV2-0240,SBILIFE,BUY,81,1680.84,272.29607999999996,ENGINE_ADAPTER
SMV2-0241,BHARTIARTL,SELL,108,1465.267,316.497672,ENGINE_ADAPTER
SMV2-0241,HDFCLIFE,SELL,248,698.2507,346.3323472,ENGINE_ADAPTER
SMV2-0241,INDUSTOWER,SELL,383,414.7925,317.73105499999997,ENGINE_ADAPTER
SMV2-0241,LICI,SELL,142,1124.4375,319.34025,ENGINE_ADAPTER
SMV2-0241,RAILTEL,SELL,303,469.76500000000004,284.67759,ENGINE_ADAPTER
SMV2-0241,SBILIFE,SELL,81,1722.0385500000002,278.97024510000006,ENGINE_ADAPTER
SMV2-0241,HUHTAMAKI,BUY,379,434.217,329.136486,ENGINE_ADAPTER
SMV2-0241,COSMOFIRST,BUY,168,975.4875,327.7638,ENGINE_ADAPTER
SMV2-0241,AGI,BUY,219,751.3755,329.102469,ENGINE_ADAPTER
SMV2-0241,WELSPUNLIV,BUY,928,177.40866,329.27047295999995,ENGINE_ADAPTER
SMV2-0241,PAGEIND,BUY,4,40189.0845,321.512676,ENGINE_ADAPTER
SMV2-0241,LUXIND,BUY,48,2317.158,222.447168,ENGINE_ADAPTER
SMV2-0242,LUXIND,SELL,48,2292.803025,220.1090904,ENGINE_ADAPTER
SMV2-0242,PAGEIND,SELL,4,40945.566975,327.5645358,ENGINE_ADAPTER
SMV2-0242,WELSPUNLIV,SELL,928,175.47222000000002,325.67644032000004,ENGINE_ADAPTER
SMV2-0242,TITAN,BUY,48,3437.9180999999994,330.0401376,ENGINE_ADAPTER
SMV2-0242,KALYANKJIL,BUY,288,578.238975,333.06564960000003,ENGINE_ADAPTER
SMV2-0242,GOLDIAM,BUY,435,237.548715,206.66738205,ENGINE_ADAPTER
SMV2-0243,GAIL,SELL,736,231.0844,340.1562368,ENGINE_ADAPTER
SMV2-0243,MGL,SELL,96,1778.1105,341.397216,ENGINE_ADAPTER
SMV2-0243,REFEX,SELL,776,301.74905,468.3145256,ENGINE_ADAPTER
SMV2-0243,SUNPHARMA,BUY,97,1780.8899999999999,345.49265999999994,ENGINE_ADAPTER
SMV2-0243,LUPIN,BUY,82,2101.0499999999997,344.57219999999995,ENGINE_ADAPTER
SMV2-0243,DIVISLAB,BUY,35,4862.429999999999,340.3701,ENGINE_ADAPTER
SMV2-0244,AGI,SELL,219,949.2251500000001,415.7606157,ENGINE_ADAPTER
SMV2-0244,COSMOFIRST,SELL,168,794.6025000000001,266.98644,ENGINE_ADAPTER
SMV2-0244,HUHTAMAKI,SELL,379,410.89445000000006,311.4579931,ENGINE_ADAPTER
SMV2-0244,AVANTIFEED,BUY,258,680.9403,351.3651948,ENGINE_ADAPTER
SMV2-0244,TATACONSUM,BUY,146,1200.6,350.57519999999994,ENGINE_ADAPTER
SMV2-0244,PATANJALI,BUY,90,1949.924475,350.9864055,ENGINE_ADAPTER
SMV2-0245,AVANTIFEED,SELL,258,656.6715,338.842494,ENGINE_ADAPTER
SMV2-0245,DIVISLAB,SELL,35,5102.4475,357.171325,ENGINE_ADAPTER
SMV2-0245,PATANJALI,SELL,90,1914.392325,344.59061849999995,ENGINE_ADAPTER
SMV2-0245,TATACONSUM,SELL,146,1173.263075,342.59281790000006,ENGINE_ADAPTER
SMV2-0245,ZYDUSLIFE,BUY,159,1100.55,349.97489999999993,ENGINE_ADAPTER
SMV2-0245,UNITDSPR,BUY,120,1464.381825,351.451638,ENGINE_ADAPTER
SMV2-0245,RADICO,BUY,87,2009.90445,349.72337430000005,ENGINE_ADAPTER
SMV2-0245,TI,BUY,584,301.05044999999996,351.62692559999994,ENGINE_ADAPTER
SMV2-0246,LUPIN,SELL,82,2267.8655000000003,371.92994200000004,ENGINE_ADAPTER
SMV2-0246,MOREPENLAB,BUY,1973,93.836895,370.28038767,ENGINE_ADAPTER
SMV2-0247,MOREPENLAB,SELL,1973,86.9565,343.130349,ENGINE_ADAPTER
SMV2-0247,GRANULES,BUY,336,542.321025,364.43972879999995,ENGINE_ADAPTER
SMV2-0248,GRANULES,SELL,336,555.2722249999999,373.14293519999995,ENGINE_ADAPTER
SMV2-0248,SUNPHARMA,SELL,97,1948.0255000000002,377.91694700000005,ENGINE_ADAPTER
SMV2-0248,ZYDUSLIFE,SELL,159,1080.3595500000001,343.55433690000007,ENGINE_ADAPTER
SMV2-0248,GAIL,BUY,774,234.117,362.41311599999995,ENGINE_ADAPTER
SMV2-0248,MGL,BUY,93,1930.965,359.15949,ENGINE_ADAPTER
SMV2-0248,REFEX,BUY,311,582.2909999999999,362.18500199999994,ENGINE_ADAPTER
SMV2-0249,RADICO,SELL,87,2033.9825,353.912955,ENGINE_ADAPTER
SMV2-0249,TI,SELL,584,287.0564,335.28187520000006,ENGINE_ADAPTER
SMV2-0249,UNITDSPR,SELL,120,1530.584325,367.340238,ENGINE_ADAPTER
SMV2-0249,NTPC,BUY,413,430.8153,355.85343779999994,ENGINE_ADAPTER
SMV2-0249,TATAPOWER,BUY,380,468.13394999999997,355.78180199999997,ENGINE_ADAPTER
SMV2-0249,POWERGRID,BUY,517,340.16999999999996,351.73578,ENGINE_ADAPTER
SMV2-0250,GAIL,SELL,774,229.2853,354.9336444,ENGINE_ADAPTER
SMV2-0250,MGL,SELL,93,1836.0815,341.51115899999996,ENGINE_ADAPTER
SMV2-0250,TATASTEEL,BUY,1080,161.96094,349.83563039999996,ENGINE_ADAPTER
SMV2-0250,VEDL,BUY,343,500.25,343.1715,ENGINE_ADAPTER
SMV2-0251,NTPC,SELL,413,425.83697500000005,351.7413413500001,ENGINE_ADAPTER
SMV2-0251,POWERGRID,SELL,517,332.8335,344.14983900000004,ENGINE_ADAPTER
SMV2-0251,TATAPOWER,SELL,380,455.32222500000006,346.04489100000006,ENGINE_ADAPTER
SMV2-0251,DIXON,BUY,11,15477.734999999999,340.51016999999996,ENGINE_ADAPTER
SMV2-0251,AMBER,BUY,32,5422.81005,347.0598432,ENGINE_ADAPTER
SMV2-0251,VOLTAS,BUY,93,1875.587325,348.85924245,ENGINE_ADAPTER
SMV2-0252,TATASTEEL,SELL,1080,145.92700000000002,315.20232000000004,ENGINE_ADAPTER
SMV2-0252,VEDL,SELL,343,457.771,314.030906,ENGINE_ADAPTER
SMV2-0252,DIVISLAB,BUY,28,5767.78245,322.9958172,ENGINE_ADAPTER
SMV2-0252,SUNPHARMA,BUY,82,1864.1316,305.7175824,ENGINE_ADAPTER
SMV2-0253,AMBER,SELL,32,6126.984975,392.1270384,ENGINE_ADAPTER
SMV2-0253,DIXON,SELL,11,14112.94,310.48467999999997,ENGINE_ADAPTER
SMV2-0253,VOLTAS,SELL,93,1637.28095,304.5342567,ENGINE_ADAPTER
SMV2-0253,CIPLA,BUY,105,1584.792,332.80632,ENGINE_ADAPTER
SMV2-0253,CDSL,BUY,106,1557.228225,330.13238370000005,ENGINE_ADAPTER
SMV2-0253,INDIAMART,BUY,64,2576.137425,329.7455904,ENGINE_ADAPTER
SMV2-0254,CDSL,SELL,106,1587.10605,336.46648260000006,ENGINE_ADAPTER
SMV2-0254,GOLDIAM,SELL,435,341.32925,296.9564475,ENGINE_ADAPTER
SMV2-0254,INDIAMART,SELL,64,2372.263275,303.6496992,ENGINE_ADAPTER
SMV2-0254,KALYANKJIL,SELL,288,691.703975,398.42148960000003,ENGINE_ADAPTER
SMV2-0254,TITAN,SELL,48,3190.0042000000003,306.24040320000006,ENGINE_ADAPTER
SMV2-0254,TITAGARH,BUY,142,1156.628025,328.4823591,ENGINE_ADAPTER
SMV2-0254,TEXRAIL,BUY,757,218.10899999999998,330.217026,ENGINE_ADAPTER
SMV2-0254,GRINDWELL,BUY,77,2142.57075,329.9558955,ENGINE_ADAPTER
SMV2-0254,RADICO,BUY,71,2307.303075,327.63703664999997,ENGINE_ADAPTER
SMV2-0254,UNITDSPR,BUY,112,1458.7289999999998,326.755296,ENGINE_ADAPTER
SMV2-0255,RADICO,SELL,71,2273.712575,322.86718564999995,ENGINE_ADAPTER
SMV2-0255,UNITDSPR,SELL,112,1442.2785000000001,323.07038400000005,ENGINE_ADAPTER
SMV2-0255,TATACONSUM,BUY,171,930.2648999999999,318.15059579999996,ENGINE_ADAPTER
SMV2-0255,PATANJALI,BUY,86,1840.9199999999998,316.63824,ENGINE_ADAPTER
SMV2-0257,CIPLA,SELL,105,1531.2340000000002,321.55914,ENGINE_ADAPTER
SMV2-0257,DIVISLAB,SELL,28,6181.9075,346.18682,ENGINE_ADAPTER
SMV2-0257,PATANJALI,SELL,86,1819.0400250000002,312.8748843,ENGINE_ADAPTER
SMV2-0257,SUNPHARMA,SELL,82,1799.1000000000001,295.0524,ENGINE_ADAPTER
SMV2-0257,TATACONSUM,SELL,171,958.1706750000001,327.69437085000004,ENGINE_ADAPTER
SMV2-0257,PAGEIND,BUY,3,44772.375,268.63425,ENGINE_ADAPTER
SMV2-0257,RAYMOND,BUY,98,1654.6268999999998,324.3068724,ENGINE_ADAPTER
SMV2-0257,KITEX,BUY,220,742.1709,326.555196,ENGINE_ADAPTER
SMV2-0257,BEL,BUY,530,307.9539,326.431134,ENGINE_ADAPTER
SMV2-0257,HAL,BUY,36,4477.2375,322.3611,ENGINE_ADAPTER
SMV2-0258,BEL,SELL,530,313.44320000000005,332.24979200000007,ENGINE_ADAPTER
SMV2-0258,HAL,SELL,36,4558.7195,328.227804,ENGINE_ADAPTER
SMV2-0258,HIMATSEIDE,BUY,843,196.4982,331.29596519999996,ENGINE_ADAPTER
SMV2-0258,ZEEL,BUY,1154,143.55174,331.31741592000003,ENGINE_ADAPTER
SMV2-0259,GRINDWELL,SELL,77,2213.8925,340.93944500000003,ENGINE_ADAPTER
SMV2-0259,TEXRAIL,SELL,757,228.4857,345.9273498,ENGINE_ADAPTER
SMV2-0259,TITAGARH,SELL,142,1307.9457,371.45657880000005,ENGINE_ADAPTER
SMV2-0259,ZEEL,SELL,1154,132.69362,306.25687496000006,ENGINE_ADAPTER
SMV2-0259,BHARTIARTL,BUY,102,1682.5908749999999,343.2485385,ENGINE_ADAPTER
SMV2-0259,ITI,BUY,477,360.18,343.61172,ENGINE_ADAPTER
SMV2-0259,INDUSTOWER,BUY,489,351.1755,343.449639,ENGINE_ADAPTER
SMV2-0259,PREMIERENE,BUY,132,1300.3998749999998,343.305567,ENGINE_ADAPTER
SMV2-0260,BHARTIARTL,SELL,102,1585.207,323.382228,ENGINE_ADAPTER
SMV2-0260,HIMATSEIDE,SELL,843,208.87551,352.16410985999994,ENGINE_ADAPTER
SMV2-0260,INDUSTOWER,SELL,489,338.83050000000003,331.376229,ENGINE_ADAPTER
SMV2-0260,ITI,SELL,477,344.877475,329.01311115,ENGINE_ADAPTER
SMV2-0260,TRIDENT,BUY,4872,34.367174999999996,334.87375319999995,ENGINE_ADAPTER
SMV2-0260,PDMJEPAPER,BUY,773,216.5082,334.7216772,ENGINE_ADAPTER
SMV2-0260,JKPAPER,BUY,376,444.171975,334.01732519999996,ENGINE_ADAPTER
SMV2-0260,TNPL,BUY,802,208.754325,334.8419373,ENGINE_ADAPTER
SMV2-0262,JKPAPER,SELL,376,422.63857500000006,317.8242084000001,ENGINE_ADAPTER
SMV2-0262,PDMJEPAPER,SELL,773,187.1064,289.2664944,ENGINE_ADAPTER
SMV2-0262,REFEX,SELL,311,486.7565,302.762543,ENGINE_ADAPTER
SMV2-0262,TNPL,SELL,802,199.9,320.63960000000003,ENGINE_ADAPTER
SMV2-0262,UNITDSPR,BUY,96,1665.8325,319.8398399999999,ENGINE_ADAPTER
SMV2-0262,RADICO,BUY,61,2587.343025,315.65584905000003,ENGINE_ADAPTER
SMV2-0262,TI,BUY,353,453.72675,320.3310855,ENGINE_ADAPTER
SMV2-0262,KAYNES,BUY,18,7551.023625,271.83685049999997,ENGINE_ADAPTER
SMV2-0263,KAYNES,SELL,18,6570.962875,236.55466349999998,ENGINE_ADAPTER
SMV2-0263,PAGEIND,SELL,3,46576.700000000004,279.4602,ENGINE_ADAPTER
SMV2-0263,PREMIERENE,SELL,132,1114.4425,294.21282,ENGINE_ADAPTER
SMV2-0263,RAYMOND,SELL,98,1593.252975,312.2775831,ENGINE_ADAPTER
SMV2-0263,TRIDENT,SELL,4872,30.9845,301.912968,ENGINE_ADAPTER
SMV2-0263,SUNPHARMA,BUY,80,1785.4923,285.678768,ENGINE_ADAPTER
SMV2-0263,LUPIN,BUY,66,2160.0795,285.13049399999994,ENGINE_ADAPTER
SMV2-0263,CIPLA,BUY,99,1460.73,289.22454,ENGINE_ADAPTER
SMV2-0263,RELIANCE,BUY,117,1230.615,287.96390999999994,ENGINE_ADAPTER
SMV2-0263,ONGC,BUY,528,266.163015,281.06814384,ENGINE_ADAPTER
SMV2-0264,CIPLA,SELL,99,1441.57885,285.4326123000001,ENGINE_ADAPTER
SMV2-0264,LUPIN,SELL,66,2118.0904250000003,279.58793610000004,ENGINE_ADAPTER
SMV2-0264,RADICO,SELL,61,2282.35825,278.44770650000004,ENGINE_ADAPTER
SMV2-0264,SUNPHARMA,SELL,80,1788.455325,286.15285199999994,ENGINE_ADAPTER
SMV2-0264,TI,SELL,353,409.795,289.31527,ENGINE_ADAPTER
SMV2-0264,UNITDSPR,SELL,96,1415.39195,271.75525439999996,ENGINE_ADAPTER
SMV2-0264,HAL,BUY,35,4135.56675,289.4896725,ENGINE_ADAPTER
SMV2-0264,BEL,BUY,510,283.34159999999997,289.00843199999997,ENGINE_ADAPTER
SMV2-0264,INDIGO,BUY,35,4119.0585,288.334095,ENGINE_ADAPTER
SMV2-0264,POLICYBZR,BUY,84,1715.2572,288.1632096,ENGINE_ADAPTER
SMV2-0264,HDFCLIFE,BUY,225,642.3209999999999,289.0444499999999,ENGINE_ADAPTER
SMV2-0264,SBILIFE,BUY,77,1548.5738999999999,238.4803806,ENGINE_ADAPTER
SMV2-0265,BEL,SELL,510,266.86650000000003,272.20383000000004,ENGINE_ADAPTER
SMV2-0265,HAL,SELL,35,3815.1414750000004,267.05990325000005,ENGINE_ADAPTER
SMV2-0265,HDFCLIFE,SELL,225,617.691,277.96095,ENGINE_ADAPTER
SMV2-0265,INDIGO,SELL,35,4133.482225000001,289.34375575000007,ENGINE_ADAPTER
SMV2-0265,ONGC,SELL,528,254.8725,269.14536,ENGINE_ADAPTER
SMV2-0265,POLICYBZR,SELL,84,1669.1650000000002,280.41972000000004,ENGINE_ADAPTER
SMV2-0265,RELIANCE,SELL,117,1238.48045,289.8044253,ENGINE_ADAPTER
SMV2-0265,SBILIFE,SELL,77,1434.2825,220.879505,ENGINE_ADAPTER
SMV2-0265,ADANIENT,BUY,59,2311.205025,272.72219295,ENGINE_ADAPTER
SMV2-0265,REDINGTON,BUY,619,223.39164,276.55885032,ENGINE_ADAPTER
SMV2-0265,MMTC,BUY,2017,68.6343,276.8707662,ENGINE_ADAPTER
SMV2-0265,ITC,BUY,313,441.0204,276.0787704,ENGINE_ADAPTER
SMV2-0265,SRF,BUY,53,2576.2875,273.086475,ENGINE_ADAPTER
SMV2-0265,GRASIM,BUY,55,2476.73775,272.44115249999993,ENGINE_ADAPTER
SMV2-0265,HDFCBANK,BUY,84,1641.9205499999998,275.84265239999996,ENGINE_ADAPTER
SMV2-0265,AXISBANK,BUY,125,943.57155,235.8928875,ENGINE_ADAPTER
SMV2-0266,ADANIENT,SELL,59,2265.616625,267.34276175,ENGINE_ADAPTER
SMV2-0266,MMTC,SELL,2017,66.47674500000001,268.16718933,ENGINE_ADAPTER
SMV2-0266,REDINGTON,SELL,619,203.0984,251.43581919999997,ENGINE_ADAPTER
SMV2-0266,ICICIBANK,BUY,111,1247.473425,276.93910035,ENGINE_ADAPTER
SMV2-0266,TATACONSUM,BUY,129,1067.8836749999998,275.51398814999993,ENGINE_ADAPTER
SMV2-0266,PATANJALI,BUY,64,1800.6498749999998,230.483184,ENGINE_ADAPTER
SMV2-0268,GRASIM,SELL,55,2430.0843500000005,267.30927850000006,ENGINE_ADAPTER
SMV2-0268,ITC,SELL,313,409.59510000000006,256.40653260000005,ENGINE_ADAPTER
SMV2-0268,SRF,SELL,53,2748.625,291.35425,ENGINE_ADAPTER
SMV2-0268,HINDUNILVR,BUY,58,2319.5091749999997,269.06306429999995,ENGINE_ADAPTER
SMV2-0268,GODFRYPHLP,BUY,23,5852.924999999999,269.23455,ENGINE_ADAPTER
SMV2-0268,BRITANNIA,BUY,27,4936.96725,266.5962315,ENGINE_ADAPTER
SMV2-0269,PATANJALI,SELL,64,1844.0775,236.04192,ENGINE_ADAPTER
SMV2-0269,TATACONSUM,SELL,129,989.5050000000001,255.29229000000004,ENGINE_ADAPTER
SMV2-0269,WAAREEENER,BUY,60,2209.053975,265.08647699999995,ENGINE_ADAPTER
SMV2-0269,NTPC,BUY,360,322.26105,232.02795600000002,ENGINE_ADAPTER
SMV2-0270,NTPC,SELL,360,311.14435000000003,224.02393200000003,ENGINE_ADAPTER
SMV2-0270,WAAREEENER,SELL,60,2177.9105,261.34926,ENGINE_ADAPTER
SMV2-0270,INDHOTEL,BUY,183,716.85825,262.3701195,ENGINE_ADAPTER
SMV2-0270,BLS,BUY,321,344.27205,221.02265609999998,ENGINE_ADAPTER
SMV2-0271,AXISBANK,SELL,125,1035.482,258.8705,ENGINE_ADAPTER
SMV2-0271,BRITANNIA,SELL,27,4746.6255,256.317777,ENGINE_ADAPTER
SMV2-0271,GODFRYPHLP,SELL,23,5342.3275,245.747065,ENGINE_ADAPTER
SMV2-0271,HDFCBANK,SELL,84,1688.1555,283.61012400000004,ENGINE_ADAPTER
SMV2-0271,HINDUNILVR,SELL,58,2206.896,255.99993600000002,ENGINE_ADAPTER
SMV2-0271,ICICIBANK,SELL,111,1207.396,268.041912,ENGINE_ADAPTER
SMV2-0271,KITEX,SELL,220,170.664625,75.092435,ENGINE_ADAPTER
SMV2-0271,TATASTEEL,BUY,782,151.63577999999998,237.15835991999995,ENGINE_ADAPTER
SMV2-0271,HINDALCO,BUY,171,690.1448999999999,236.02955579999997,ENGINE_ADAPTER
SMV2-0271,VEDL,BUY,266,445.67272499999996,237.0978897,ENGINE_ADAPTER
SMV2-0271,AGI,BUY,165,715.3575,236.067975,ENGINE_ADAPTER
SMV2-0271,TCPLPACK,BUY,25,4670.83425,233.5417125,ENGINE_ADAPTER
SMV2-0271,COSMOFIRST,BUY,185,641.4205499999999,237.32560349999997,ENGINE_ADAPTER
SMV2-0271,LEMONTREE,BUY,842,130.815375,220.2930915,ENGINE_ADAPTER
SMV2-0272,AGI,SELL,165,666.1667500000001,219.83502750000002,ENGINE_ADAPTER
SMV2-0272,COSMOFIRST,SELL,185,611.6940000000001,226.32678000000004,ENGINE_ADAPTER
SMV2-0272,TCPLPACK,SELL,25,4415.840975,220.79204875000002,ENGINE_ADAPTER
SMV2-0272,AMBER,BUY,17,6400.0984499999995,217.60334729999997,ENGINE_ADAPTER
SMV2-0272,DIXON,BUY,8,13151.422424999999,210.4227588,ENGINE_ADAPTER
SMV2-0272,VOLTAS,BUY,81,1405.152225,227.63466044999998,ENGINE_ADAPTER
SMV2-0273,AMBER,SELL,17,6976.609950000001,237.20473830000003,ENGINE_ADAPTER
SMV2-0273,DIXON,SELL,8,14114.939,225.83902400000002,ENGINE_ADAPTER
SMV2-0273,VOLTAS,SELL,81,1437.131075,232.81523415,ENGINE_ADAPTER
SMV2-0273,HAL,BUY,31,3954.9764999999998,245.20854299999996,ENGINE_ADAPTER
SMV2-0273,BEL,BUY,418,297.04844999999995,248.33250419999993,ENGINE_ADAPTER
SMV2-0273,INDIGO,BUY,20,5057.82765,202.313106,ENGINE_ADAPTER
SMV2-0274,BLS,SELL,321,394.752525,253.43112105,ENGINE_ADAPTER
SMV2-0274,HINDALCO,SELL,171,671.664,229.70908799999998,ENGINE_ADAPTER
SMV2-0274,INDHOTEL,SELL,183,793.652975,290.47698884999994,ENGINE_ADAPTER
SMV2-0274,LEMONTREE,SELL,842,128.1359,215.7808556,ENGINE_ADAPTER
SMV2-0274,TATASTEEL,SELL,782,151.993965,237.71856126,ENGINE_ADAPTER
SMV2-0274,VEDL,SELL,266,457.771,243.534172,ENGINE_ADAPTER
SMV2-0274,NTPC,BUY,347,352.526175,244.65316545000002,ENGINE_ADAPTER
SMV2-0274,POWERGRID,BUY,422,289.7448,244.54461119999996,ENGINE_ADAPTER
SMV2-0274,IREDA,BUY,762,160.4802,244.5718248,ENGINE_ADAPTER
SMV2-0274,RELIANCE,BUY,96,1265.2323,242.9246016,ENGINE_ADAPTER
SMV2-0274,BPCL,BUY,444,275.1375,244.3221,ENGINE_ADAPTER
SMV2-0274,ONGC,BUY,495,247.12349999999998,244.652265,ENGINE_ADAPTER
SMV2-0276,BPCL,SELL,444,296.65160000000003,263.4266208000001,ENGINE_ADAPTER
SMV2-0276,ONGC,SELL,495,233.883,231.54417,ENGINE_ADAPTER
SMV2-0276,RELIANCE,SELL,96,1250.3745000000001,240.07190400000005,ENGINE_ADAPTER
SMV2-0276,TATACONSUM,BUY,110,1108.85415,243.947913,ENGINE_ADAPTER
SMV2-0276,AVANTIFEED,BUY,150,818.409,245.5227,ENGINE_ADAPTER
SMV2-0276,PATANJALI,BUY,64,1914.5567999999998,245.0632704,ENGINE_ADAPTER
SMV2-0277,AVANTIFEED,SELL,150,888.5555,266.56665,ENGINE_ADAPTER
SMV2-0277,PATANJALI,SELL,64,1983.008,253.825024,ENGINE_ADAPTER
SMV2-0277,TATACONSUM,SELL,110,1119.6399000000001,246.32077800000002,ENGINE_ADAPTER
SMV2-0277,LT,BUY,38,3251.12475,247.08548100000002,ENGINE_ADAPTER
SMV2-0277,RVNL,BUY,339,372.186,252.34210799999997,ENGINE_ADAPTER
SMV2-0277,ADANIPORTS,BUY,100,1260.0297,252.00593999999998,ENGINE_ADAPTER
SMV2-0278,ADANIPORTS,SELL,100,1187.50595,237.50118999999998,ENGINE_ADAPTER
SMV2-0278,BEL,SELL,418,295.85200000000003,247.33227200000002,ENGINE_ADAPTER
SMV2-0278,HAL,SELL,31,4207.79505,260.8832931,ENGINE_ADAPTER
SMV2-0278,INDIGO,SELL,20,5251.3730000000005,210.05492,ENGINE_ADAPTER
SMV2-0278,IREDA,SELL,762,166.426745,253.63435937999998,ENGINE_ADAPTER
SMV2-0278,LT,SELL,38,3258.3700000000003,247.63612,ENGINE_ADAPTER
SMV2-0278,NTPC,SELL,347,353.52315,245.3450661,ENGINE_ADAPTER
SMV2-0278,POWERGRID,SELL,422,304.0479,256.6164276,ENGINE_ADAPTER
SMV2-0278,RVNL,SELL,339,356.32175,241.58614649999998,ENGINE_ADAPTER
SMV2-0278,HINDUNILVR,BUY,52,2346.1724999999997,244.00194,ENGINE_ADAPTER
SMV2-0278,BRITANNIA,BUY,22,5415.706499999999,238.29108599999998,ENGINE_ADAPTER
SMV2-0278,GODREJCP,BUY,96,1267.73355,243.40484159999997,ENGINE_ADAPTER
SMV2-0278,HDFCBANK,BUY,64,1912.1556,244.7559168,ENGINE_ADAPTER
SMV2-0278,ICICIBANK,BUY,87,1406.3028,244.69668719999999,ENGINE_ADAPTER
SMV2-0278,INDUSINDBK,BUY,148,828.414,245.210544,ENGINE_ADAPTER
SMV2-0278,ADANIENT,BUY,52,2347.173,244.105992,ENGINE_ADAPTER
SMV2-0278,REDINGTON,BUY,501,245.12249999999997,245.61274499999996,ENGINE_ADAPTER
SMV2-0278,STYLEBAAZA,BUY,400,307.1535,245.7228,ENGINE_ADAPTER
SMV2-0279,ADANIENT,SELL,52,2311.4437000000003,240.39014480000003,ENGINE_ADAPTER
SMV2-0279,REDINGTON,SELL,501,252.8735,253.37924700000002,ENGINE_ADAPTER
SMV2-0279,STYLEBAAZA,SELL,400,310.84450000000004,248.67560000000006,ENGINE_ADAPTER
SMV2-0279,HAL,BUY,27,4539.0684,245.10969359999999,ENGINE_ADAPTER
SMV2-0279,BEL,BUY,392,314.106975,246.2598684,ENGINE_ADAPTER
SMV2-0279,INDIGO,BUY,22,5422.71,238.59923999999998,ENGINE_ADAPTER
SMV2-0280,BRITANNIA,SELL,22,5537.2300000000005,243.63812000000001,ENGINE_ADAPTER
SMV2-0280,GODREJCP,SELL,96,1281.3590000000002,246.02092800000003,ENGINE_ADAPTER
SMV2-0280,HDFCBANK,SELL,64,1916.6412,245.3300736,ENGINE_ADAPTER
SMV2-0280,HINDUNILVR,SELL,52,2358.82,245.31728000000004,ENGINE_ADAPTER
SMV2-0280,ICICIBANK,SELL,87,1408.6953,245.1129822,ENGINE_ADAPTER
SMV2-0280,INDUSINDBK,SELL,148,834.5825000000001,247.03642000000002,ENGINE_ADAPTER
SMV2-0280,WELSPUNLIV,BUY,815,152.076,247.88387999999998,ENGINE_ADAPTER
SMV2-0280,KPRMILL,BUY,95,1302.6509999999998,247.50368999999998,ENGINE_ADAPTER
SMV2-0280,PAGEIND,BUY,2,45842.909999999996,183.37163999999999,ENGINE_ADAPTER
SMV2-0280,SBILIFE,BUY,71,1725.8625,245.072475,ENGINE_ADAPTER
SMV2-0280,HDFCLIFE,BUY,172,720.36,247.80383999999998,ENGINE_ADAPTER
SMV2-0280,POLICYBZR,BUY,75,1651.8255,247.773825,ENGINE_ADAPTER
SMV2-0281,HDFCLIFE,SELL,172,746.6265000000001,256.839516,ENGINE_ADAPTER
SMV2-0281,KPRMILL,SELL,95,1182.4085,224.657615,ENGINE_ADAPTER
SMV2-0281,PAGEIND,SELL,2,47826.075000000004,191.3043,ENGINE_ADAPTER
SMV2-0281,POLICYBZR,SELL,75,1747.1260000000002,262.0689,ENGINE_ADAPTER
SMV2-0281,SBILIFE,SELL,71,1772.21345,251.6543099,ENGINE_ADAPTER
SMV2-0281,WELSPUNLIV,SELL,815,149.925,244.37775000000005,ENGINE_ADAPTER
SMV2-0281,KAYNES,BUY,20,6303.15,252.126,ENGINE_ADAPTER
SMV2-0281,POLYCAB,BUY,21,6103.049999999999,256.3281,ENGINE_ADAPTER
SMV2-0281,ABB,BUY,21,5872.434749999999,246.64225949999997,ENGINE_ADAPTER
SMV2-0281,JKPAPER,BUY,360,355.67775,256.08798,ENGINE_ADAPTER
SMV2-0281,WSTCSTPAPR,BUY,264,484.74224999999996,255.94390799999996,ENGINE_ADAPTER
SMV2-0281,ORIENTPPR,BUY,3616,31.205595,225.67886304,ENGINE_ADAPTER
SMV2-0283,JKPAPER,SELL,360,365.0174,262.812528,ENGINE_ADAPTER
SMV2-0283,ORIENTPPR,SELL,3616,28.335825000000003,204.92468640000004,ENGINE_ADAPTER
SMV2-0283,WSTCSTPAPR,SELL,264,480.7595,253.84101600000002,ENGINE_ADAPTER
SMV2-0283,COSMOFIRST,BUY,105,1190.49495,250.0039395,ENGINE_ADAPTER
SMV2-0283,AGI,BUY,148,847.32345,250.8077412,ENGINE_ADAPTER
SMV2-0283,UFLEX,BUY,177,614.307,217.46467800000002,ENGINE_ADAPTER
SMV2-0284,ABB,SELL,21,6090.4532500000005,255.79903650000003,ENGINE_ADAPTER
SMV2-0284,KAYNES,SELL,20,5757.12,230.2848,ENGINE_ADAPTER
SMV2-0284,POLYCAB,SELL,21,6154.921,258.50668199999996,ENGINE_ADAPTER
SMV2-0284,BHARTIARTL,BUY,67,1874.937,251.241558,ENGINE_ADAPTER
SMV2-0284,INDUSTOWER,BUY,322,391.1955,251.929902,ENGINE_ADAPTER
SMV2-0284,RAILTEL,BUY,265,450.22499999999997,238.61924999999997,ENGINE_ADAPTER
SMV2-0285,BEL,SELL,392,395.951925,310.4263092,ENGINE_ADAPTER
SMV2-0285,HAL,SELL,27,5046.275600000001,272.49888240000007,ENGINE_ADAPTER
SMV2-0285,INDIGO,SELL,22,5277.360000000001,232.20384000000004,ENGINE_ADAPTER
SMV2-0285,ASTRAL,BUY,81,1530.7649999999999,247.98393,ENGINE_ADAPTER
SMV2-0285,SUPREMEIND,BUY,28,4351.074449999999,243.66016919999993,ENGINE_ADAPTER
SMV2-0285,FINPIPE,BUY,561,222.89139,250.08413958,ENGINE_ADAPTER
SMV2-0286,AGI,SELL,148,779.61,230.76456000000002,ENGINE_ADAPTER
SMV2-0286,ASTRAL,SELL,81,1533.2330000000002,248.38374600000003,ENGINE_ADAPTER
SMV2-0286,COSMOFIRST,SELL,105,1239.38,260.2698,ENGINE_ADAPTER
SMV2-0286,FINPIPE,SELL,561,213.63313000000002,239.69637186000003,ENGINE_ADAPTER
SMV2-0286,SUPREMEIND,SELL,28,4385.8060000000005,245.60513600000004,ENGINE_ADAPTER
SMV2-0286,UFLEX,SELL,177,588.1557750000001,208.20714435,ENGINE_ADAPTER
SMV2-0286,DLF,BUY,146,848.12385,247.6521642,ENGINE_ADAPTER
SMV2-0286,GODREJPROP,BUY,51,2419.30905,246.76952309999996,ENGINE_ADAPTER
SMV2-0286,NBCC,BUY,1080,115.147545,248.7186972,ENGINE_ADAPTER
SMV2-0286,ADANIENT,BUY,51,2439.219,248.80033800000004,ENGINE_ADAPTER
SMV2-0286,REDINGTON,BUY,426,292.09597499999995,248.86577069999996,ENGINE_ADAPTER
SMV2-0286,HEXT,BUY,151,822.661125,248.44365975000002,ENGINE_ADAPTER
SMV2-0287,BHARTIARTL,SELL,67,2016.9910000000002,270.27679400000005,ENGINE_ADAPTER
SMV2-0287,INDUSTOWER,SELL,322,415.29225,267.448209,ENGINE_ADAPTER
SMV2-0287,RAILTEL,SELL,265,430.234775,228.02443075000002,ENGINE_ADAPTER
SMV2-0287,JKPAPER,BUY,347,373.9869,259.5469086,ENGINE_ADAPTER
SMV2-0287,PAKKA,BUY,613,211.80584999999996,259.67397209999996,ENGINE_ADAPTER
SMV2-0287,WSTCSTPAPR,BUY,246,511.15545,251.48848139999998,ENGINE_ADAPTER
SMV2-0288,DLF,SELL,146,835.1822000000001,243.87320240000003,ENGINE_ADAPTER
SMV2-0288,GODREJPROP,SELL,51,2303.8475000000003,234.99244500000003,ENGINE_ADAPTER
SMV2-0288,NBCC,SELL,1080,117.24135,253.241316,ENGINE_ADAPTER
SMV2-0288,ZEEL,BUY,881,147.17354999999998,259.31979509999996,ENGINE_ADAPTER
SMV2-0288,NETWORK18,BUY,2303,56.328149999999994,259.44745889999996,ENGINE_ADAPTER
SMV2-0288,PFOCUS,BUY,628,167.58374999999998,210.48519,ENGINE_ADAPTER
SMV2-0289,ADANIENT,SELL,51,2553.7225000000003,260.479695,ENGINE_ADAPTER
SMV2-0289,HEXT,SELL,151,859.57,259.59014,ENGINE_ADAPTER
SMV2-0289,REDINGTON,SELL,426,299.85,255.4722,ENGINE_ADAPTER
SMV2-0289,KAYNES,BUY,20,5974.48575,238.97942999999998,ENGINE_ADAPTER
SMV2-0289,EIEL,BUY,447,280.14,250.44515999999996,ENGINE_ADAPTER
SMV2-0289,POLYCAB,BUY,18,6785.89125,244.29208500000001,ENGINE_ADAPTER
SMV2-0290,EIEL,SELL,447,287.70607500000006,257.2092310500001,ENGINE_ADAPTER
SMV2-0290,KAYNES,SELL,20,5850.0735,234.00294,ENGINE_ADAPTER
SMV2-0290,POLYCAB,SELL,18,6951.5225,250.25481000000002,ENGINE_ADAPTER
SMV2-0290,ULTRACEMCO,BUY,10,12566.279999999999,251.3256,ENGINE_ADAPTER
SMV2-0290,AMBUJACEM,BUY,215,599.649675,257.84936025,ENGINE_ADAPTER
SMV2-0290,SHREECEM,BUY,4,30915.449999999997,247.3236,ENGINE_ADAPTER
SMV2-0291,JKPAPER,SELL,347,369.815,256.65160999999995,ENGINE_ADAPTER
SMV2-0291,NETWORK18,SELL,2303,57.671150000000004,265.6333169,ENGINE_ADAPTER
SMV2-0291,PAKKA,SELL,613,201.349275,246.85421115,ENGINE_ADAPTER
SMV2-0291,PFOCUS,SELL,628,145.92700000000002,183.28431200000003,ENGINE_ADAPTER
SMV2-0291,WSTCSTPAPR,SELL,246,534.7325000000001,263.08839000000006,ENGINE_ADAPTER
SMV2-0291,ZEEL,SELL,881,123.43825000000001,217.49819650000003,ENGINE_ADAPTER
SMV2-0291,TI,BUY,247,494.94735,244.5039909,ENGINE_ADAPTER
SMV2-0291,UNITDSPR,BUY,93,1310.35485,243.72600209999996,ENGINE_ADAPTER
SMV2-0291,RADICO,BUY,45,2712.25545,244.10299050000003,ENGINE_ADAPTER
SMV2-0291,RELAXO,BUY,251,487.8438,244.8975876,ENGINE_ADAPTER
SMV2-0291,CAMPUS,BUY,437,280.089975,244.79863814999996,ENGINE_ADAPTER
SMV2-0291,BATAINDIA,BUY,93,1205.4024,224.20484639999998,ENGINE_ADAPTER
SMV2-0292,BATAINDIA,SELL,93,1197.401,222.71658600000004,ENGINE_ADAPTER
SMV2-0292,CAMPUS,SELL,437,267.21632500000004,233.54706805000004,ENGINE_ADAPTER
SMV2-0292,RELAXO,SELL,251,442.7785,222.27480699999998,ENGINE_ADAPTER
SMV2-0292,SHREECEM,SELL,4,30709.6375,245.6771,ENGINE_ADAPTER
SMV2-0292,INDHOTEL,BUY,163,742.6711499999999,242.1107949,ENGINE_ADAPTER
SMV2-0292,BLS,BUY,318,380.99039999999997,242.30989440000002,ENGINE_ADAPTER
SMV2-0292,LEMONTREE,BUY,823,147.123525,242.16532215,ENGINE_ADAPTER
SMV2-0292,GARUDA,BUY,544,180.09,195.93792000000002,ENGINE_ADAPTER
SMV2-0294,AMBUJACEM,SELL,215,594.7025,255.722075,ENGINE_ADAPTER
SMV2-0294,GARUDA,SELL,544,178.19086000000001,193.87165568000003,ENGINE_ADAPTER
SMV2-0294,ULTRACEMCO,SELL,10,12621.686000000002,252.43372000000002,ENGINE_ADAPTER
SMV2-0294,HAL,BUY,26,4592.8953,238.83055560000003,ENGINE_ADAPTER
SMV2-0294,BEL,BUY,314,388.19399999999996,243.78583199999997,ENGINE_ADAPTER
SMV2-0294,INDIGO,BUY,18,6012.0045,216.432162,ENGINE_ADAPTER
SMV2-0295,RADICO,SELL,45,2903.5475,261.319275,ENGINE_ADAPTER
SMV2-0295,TI,SELL,247,490.7545,242.432723,ENGINE_ADAPTER
SMV2-0295,UNITDSPR,SELL,93,1334.3325,248.18584500000003,ENGINE_ADAPTER
SMV2-0295,NIACL,BUY,627,196.228065,246.06999351,ENGINE_ADAPTER
SMV2-0295,POLICYBZR,BUY,64,1912.1556,244.7559168,ENGINE_ADAPTER
SMV2-0295,SBILIFE,BUY,66,1859.82945,245.49748739999998,ENGINE_ADAPTER
SMV2-0296,NIACL,SELL,627,189.905,238.14087,ENGINE_ADAPTER
SMV2-0296,POLICYBZR,SELL,64,1766.1165,226.062912,ENGINE_ADAPTER
SMV2-0296,SBILIFE,SELL,66,1799.1000000000001,237.4812,ENGINE_ADAPTER
SMV2-0296,ZEEL,BUY,1012,116.67831,236.15689943999996,ENGINE_ADAPTER
SMV2-0296,PVRINOX,BUY,105,1123.5615,235.947915,ENGINE_ADAPTER
SMV2-0296,NETWORK18,BUY,2232,52.926449999999996,236.26367279999997,ENGINE_ADAPTER
SMV2-0298,NETWORK18,SELL,2232,54.572700000000005,243.61253280000003,ENGINE_ADAPTER
SMV2-0298,PVRINOX,SELL,105,1121.2391,235.46021100000004,ENGINE_ADAPTER
SMV2-0298,ZEEL,SELL,1012,116.44175000000001,235.678102,ENGINE_ADAPTER
SMV2-0298,BATAINDIA,BUY,96,1261.0302,242.11779839999997,ENGINE_ADAPTER
SMV2-0298,RELAXO,BUY,250,488.19397499999997,244.0969875,ENGINE_ADAPTER
SMV2-0298,CAMPUS,BUY,424,270.135,229.07448,ENGINE_ADAPTER
SMV2-0299,BLS,SELL,318,360.71954999999997,229.4176338,ENGINE_ADAPTER
SMV2-0299,INDHOTEL,SELL,163,775.162225,252.70288535000003,ENGINE_ADAPTER
SMV2-0299,LEMONTREE,SELL,823,173.41325,285.43820949999997,ENGINE_ADAPTER
SMV2-0299,KAYNES,BUY,17,7103.549999999999,241.5207,ENGINE_ADAPTER
SMV2-0299,OLECTRA,BUY,74,1640.0195999999999,242.7229008,ENGINE_ADAPTER
SMV2-0299,POLYCAB,BUY,16,7552.7744999999995,241.688784,ENGINE_ADAPTER
SMV2-0301,BATAINDIA,SELL,96,1200.3995,230.476704,ENGINE_ADAPTER
SMV2-0301,CAMPUS,SELL,424,275.812025,233.88859720000002,ENGINE_ADAPTER
SMV2-0301,KAYNES,SELL,17,7300.847750000001,248.22882350000003,ENGINE_ADAPTER
SMV2-0301,OLECTRA,SELL,74,1546.2265,228.84152199999997,ENGINE_ADAPTER
SMV2-0301,POLYCAB,SELL,16,7403.79625,236.92148000000003,ENGINE_ADAPTER
SMV2-0301,RELAXO,SELL,250,443.67805,221.839025,ENGINE_ADAPTER
SMV2-0301,GMDCLTD,BUY,193,618.309,238.66727399999996,ENGINE_ADAPTER
SMV2-0301,HINDCOPPER,BUY,346,344.67224999999996,238.51319699999996,ENGINE_ADAPTER
SMV2-0301,VEDL,BUY,251,475.18747499999995,238.54411245,ENGINE_ADAPTER
SMV2-0301,BHARTIARTL,BUY,63,1893.5462999999997,238.58683379999997,ENGINE_ADAPTER
SMV2-0301,INDUSTOWER,BUY,337,354.27705000000003,238.78273170000003,ENGINE_ADAPTER
SMV2-0301,HFCL,BUY,1571,76.038,238.911396,ENGINE_ADAPTER
SMV2-0303,BHARTIARTL,SELL,63,2024.987,255.14836200000002,ENGINE_ADAPTER
SMV2-0303,HFCL,SELL,1571,75.41227500000001,236.94536805,ENGINE_ADAPTER
SMV2-0303,INDUSTOWER,SELL,337,344.82750000000004,232.413735,ENGINE_ADAPTER
SMV2-0303,GMBREW,BUY,105,1128.6640499999999,237.01945049999998,ENGINE_ADAPTER
SMV2-0303,UNITDSPR,BUY,87,1367.38335,237.9247029,ENGINE_ADAPTER
SMV2-0303,RADICO,BUY,38,3131.565,237.99894,ENGINE_ADAPTER
SMV2-0304,GMDCLTD,SELL,193,587.00635,226.5844511,ENGINE_ADAPTER
SMV2-0304,HINDZINC,BUY,240,489.24449999999996,234.83735999999996,ENGINE_ADAPTER
SMV2-0305,BEL,SELL,314,427.786,268.649608,ENGINE_ADAPTER
SMV2-0305,HAL,SELL,26,4677.66,243.23832000000002,ENGINE_ADAPTER
SMV2-0305,HINDCOPPER,SELL,346,341.829,236.545668,ENGINE_ADAPTER
SMV2-0305,HINDZINC,SELL,240,476.26175,228.60564000000005,ENGINE_ADAPTER
SMV2-0305,INDIGO,SELL,18,5622.1875,202.39875,ENGINE_ADAPTER
SMV2-0305,VEDL,SELL,251,501.749,251.87799800000005,ENGINE_ADAPTER
SMV2-0305,HDFCBANK,BUY,122,985.4925,240.46016999999998,ENGINE_ADAPTER
SMV2-0305,ICICIBANK,BUY,90,1341.17025,241.41064499999996,ENGINE_ADAPTER
SMV2-0305,AXISBANK,BUY,98,1226.6129999999998,240.41614799999996,ENGINE_ADAPTER
SMV2-0305,TITAN,BUY,32,3731.865,238.83935999999997,ENGINE_ADAPTER
SMV2-0305,KALYANKJIL,BUY,236,510.805275,241.1000898,ENGINE_ADAPTER
SMV2-0305,VAIBHAVGBL,BUY,414,270.135,223.67177999999998,ENGINE_ADAPTER
SMV2-0307,GMBREW,SELL,105,1208.3955,253.76305500000004,ENGINE_ADAPTER
SMV2-0307,RADICO,SELL,38,3277.86025,249.117379,ENGINE_ADAPTER
SMV2-0307,UNITDSPR,SELL,87,1433.2830000000001,249.39124200000003,ENGINE_ADAPTER
SMV2-0307,RELIANCE,BUY,79,1521.66045,240.4223511,ENGINE_ADAPTER
SMV2-0307,CHENNPETRO,BUY,116,1039.5194999999999,241.16852399999996,ENGINE_ADAPTER
SMV2-0307,BPCL,BUY,325,372.7863,242.31109500000002,ENGINE_ADAPTER
SMV2-0309,BPCL,SELL,325,361.31925,234.8575125,ENGINE_ADAPTER
SMV2-0309,CHENNPETRO,SELL,116,918.5405000000001,213.101396,ENGINE_ADAPTER
SMV2-0309,RELIANCE,SELL,79,1574.2125,248.725575,ENGINE_ADAPTER
SMV2-0309,VAIBHAVGBL,SELL,414,242.17885,200.5240878,ENGINE_ADAPTER
SMV2-0309,THANGAMAYL,BUY,36,3271.6349999999998,235.55771999999996,ENGINE_ADAPTER
SMV2-0309,BEL,BUY,288,416.10794999999996,239.6781792,ENGINE_ADAPTER
SMV2-0309,HAL,BUY,26,4564.281,237.342612,ENGINE_ADAPTER
SMV2-0309,INDIGO,BUY,17,5892.945,200.36013,ENGINE_ADAPTER
SMV2-0310,BEL,SELL,288,406.246775,233.9981424,ENGINE_ADAPTER
SMV2-0310,HAL,SELL,26,4440.7785,230.92048200000002,ENGINE_ADAPTER
SMV2-0310,INDIGO,SELL,17,5107.445000000001,173.65313000000003,ENGINE_ADAPTER
SMV2-0310,KALYANKJIL,SELL,236,492.25375,232.34377,ENGINE_ADAPTER
SMV2-0310,THANGAMAYL,SELL,36,3297.25055,237.40203960000002,ENGINE_ADAPTER
SMV2-0310,TITAN,SELL,32,3794.40185,242.84171840000005,ENGINE_ADAPTER
SMV2-0310,M&M,BUY,31,3721.8599999999997,230.75531999999998,ENGINE_ADAPTER
SMV2-0310,MARUTI,BUY,7,16208.099999999999,226.91339999999997,ENGINE_ADAPTER
SMV2-0310,HEROMOTOCO,BUY,18,6313.155,227.27357999999998,ENGINE_ADAPTER
SMV2-0310,POLICYBZR,BUY,61,1900.9499999999998,231.91589999999997,ENGINE_ADAPTER
SMV2-0310,HDFCLIFE,BUY,151,768.384,232.05196799999996,ENGINE_ADAPTER
SMV2-0310,SBILIFE,BUY,50,2006.0024999999998,200.60025,ENGINE_ADAPTER
SMV2-0312,AXISBANK,SELL,98,1234.3825000000002,241.93897,ENGINE_ADAPTER
SMV2-0312,HDFCBANK,SELL,122,987.5060000000001,240.95146400000002,ENGINE_ADAPTER
SMV2-0312,HDFCLIFE,SELL,151,765.6170000000001,231.21633400000002,ENGINE_ADAPTER
SMV2-0312,ICICIBANK,SELL,90,1357.3210000000001,244.31778000000003,ENGINE_ADAPTER
SMV2-0312,POLICYBZR,SELL,61,1899.0500000000002,231.68410000000006,ENGINE_ADAPTER
SMV2-0312,SBILIFE,SELL,50,2026.6861500000002,202.66861500000002,ENGINE_ADAPTER
SMV2-0312,VEDL,BUY,193,590.295,227.85387000000003,ENGINE_ADAPTER
SMV2-0312,HINDCOPPER,BUY,289,394.69725,228.1350105,ENGINE_ADAPTER
SMV2-0312,HINDZINC,BUY,189,601.550625,227.38613625,ENGINE_ADAPTER
SMV2-0312,PFOCUS,BUY,516,221.1105,228.18603599999997,ENGINE_ADAPTER
SMV2-0312,ZEEL,BUY,1251,91.22559,228.24642618,ENGINE_ADAPTER
SMV2-0312,SAREGAMA,BUY,324,351.1755,227.56172399999997,ENGINE_ADAPTER
SMV2-0313,HEROMOTOCO,SELL,18,5634.181500000001,202.830534,ENGINE_ADAPTER
SMV2-0313,M&M,SELL,31,3620.88865,224.4950963,ENGINE_ADAPTER
SMV2-0313,MARUTI,SELL,7,16591.7,232.2838,ENGINE_ADAPTER
SMV2-0313,PATANJALI,BUY,221,548.274,242.337108,ENGINE_ADAPTER
SMV2-0313,TATACONSUM,BUY,103,1174.587,241.96492199999997,ENGINE_ADAPTER
SMV2-0313,AVANTIFEED,BUY,117,832.2158999999999,194.7385206,ENGINE_ADAPTER
SMV2-0315,AVANTIFEED,SELL,117,799.6,187.1064,ENGINE_ADAPTER
SMV2-0315,PATANJALI,SELL,221,549.774975,243.00053895,ENGINE_ADAPTER
SMV2-0315,TATACONSUM,SELL,103,1172.91325,241.6201295,ENGINE_ADAPTER
SMV2-0315,HDFCBANK,BUY,127,937.96875,238.2440625,ENGINE_ADAPTER
SMV2-0315,ICICIBANK,BUY,85,1400.59995,238.1019915,ENGINE_ADAPTER
SMV2-0315,SBIN,BUY,95,1008.5039999999999,191.61576,ENGINE_ADAPTER
SMV2-0316,PFOCUS,SELL,516,234.78255000000001,242.29559160000002,ENGINE_ADAPTER
SMV2-0316,SAREGAMA,SELL,324,344.82750000000004,223.44822000000002,ENGINE_ADAPTER
SMV2-0316,ZEEL,SELL,1251,89.285335,223.39190817,ENGINE_ADAPTER
SMV2-0316,INDIGO,BUY,25,4766.88225,238.3441125,ENGINE_ADAPTER
SMV2-0316,BEL,BUY,297,410.205,243.66176999999996,ENGINE_ADAPTER
SMV2-0316,HAL,BUY,23,4429.2135,203.743821,ENGINE_ADAPTER
SMV2-0317,BEL,SELL,297,416.241775,247.24761435000002,ENGINE_ADAPTER
SMV2-0317,HAL,SELL,23,4347.72505,199.9953523,ENGINE_ADAPTER
SMV2-0317,INDIGO,SELL,25,4697.650000000001,234.88250000000005,ENGINE_ADAPTER
SMV2-0317,RELIANCE,BUY,88,1380.6899999999998,243.00144,ENGINE_ADAPTER
SMV2-0317,ONGC,BUY,495,246.7233,244.256067,ENGINE_ADAPTER
SMV2-0317,HINDPETRO,BUY,232,417.15847499999995,193.56153239999995,ENGINE_ADAPTER
SMV2-0318,HINDCOPPER,SELL,289,589.854925,340.93614665,ENGINE_ADAPTER
SMV2-0318,HINDPETRO,SELL,232,438.730525,203.5709636,ENGINE_ADAPTER
SMV2-0318,HINDZINC,SELL,189,564.7175000000001,213.46321500000005,ENGINE_ADAPTER
SMV2-0318,VEDL,SELL,193,653.0233250000001,252.06700345000004,ENGINE_ADAPTER
SMV2-0318,DREDGECORP,BUY,111,1070.03475,237.5477145,ENGINE_ADAPTER
SMV2-0318,DELHIVERY,BUY,268,444.37207499999994,238.18343219999997,ENGINE_ADAPTER
SMV2-0318,CONCOR,BUY,235,505.2525,237.468675,ENGINE_ADAPTER
SMV2-0318,OIL,BUY,242,490.24499999999995,237.27857999999998,ENGINE_ADAPTER
SMV2-0320,HDFCBANK,SELL,127,903.4480500000001,229.47580470000003,ENGINE_ADAPTER
SMV2-0320,ICICIBANK,SELL,85,1403.298,238.56066,ENGINE_ADAPTER
SMV2-0320,OIL,SELL,242,453.37320000000005,219.4326288,ENGINE_ADAPTER
SMV2-0320,ONGC,SELL,495,267.516175,264.84101324999995,ENGINE_ADAPTER
SMV2-0320,RELIANCE,SELL,88,1419.38995,249.8126312,ENGINE_ADAPTER
SMV2-0320,SBIN,SELL,95,1193.403,226.74657000000002,ENGINE_ADAPTER
SMV2-0320,GOKEX,BUY,142,836.4680249999999,237.55691909999996,ENGINE_ADAPTER
SMV2-0320,KPRMILL,BUY,128,930.414975,238.1862336,ENGINE_ADAPTER
SMV2-0320,PAGEIND,BUY,3,33566.775,201.40065,ENGINE_ADAPTER
SMV2-0320,AVANTIFEED,BUY,85,1396.6479749999999,237.43015574999995,ENGINE_ADAPTER
SMV2-0320,PATANJALI,BUY,230,519.3095249999999,238.88238149999995,ENGINE_ADAPTER
SMV2-0320,TATACONSUM,BUY,105,1129.06425,237.1034925,ENGINE_ADAPTER
SMV2-0321,DREDGECORP,SELL,111,959.5200000000001,213.01344000000003,ENGINE_ADAPTER
SMV2-0321,SCI,BUY,466,258.179025,240.62285130000004,ENGINE_ADAPTER
SMV2-0322,AVANTIFEED,SELL,85,1187.50595,201.8760115,ENGINE_ADAPTER
SMV2-0322,CONCOR,SELL,235,488.705525,229.69159674999997,ENGINE_ADAPTER
SMV2-0322,DELHIVERY,SELL,268,409.84497500000003,219.67690660000002,ENGINE_ADAPTER
SMV2-0322,GOKEX,SELL,142,606.2967000000001,172.18826280000002,ENGINE_ADAPTER
SMV2-0322,KPRMILL,SELL,128,841.87885,215.52098560000002,ENGINE_ADAPTER
SMV2-0322,PAGEIND,SELL,3,30984.5,185.907,ENGINE_ADAPTER
SMV2-0322,PATANJALI,SELL,230,499.75,229.885,ENGINE_ADAPTER
SMV2-0322,SCI,SELL,466,251.67410000000004,234.5602612,ENGINE_ADAPTER
SMV2-0322,TATACONSUM,SELL,105,1110.2446,233.15136600000002,ENGINE_ADAPTER
SMV2-0322,PFOCUS,BUY,448,245.12249999999997,219.62975999999998,ENGINE_ADAPTER
SMV2-0322,ZEEL,BUY,1290,85.26261,219.97753379999995,ENGINE_ADAPTER
SMV2-0322,PVRINOX,BUY,109,1000.5,218.109,ENGINE_ADAPTER
SMV2-0322,JINDALPOLY,BUY,182,604.302,219.96592800000002,ENGINE_ADAPTER
SMV2-0322,AGI,BUY,213,514.257,219.07348199999998,ENGINE_ADAPTER
SMV2-0322,COSMOFIRST,BUY,168,653.9268,219.7194048,ENGINE_ADAPTER
SMV2-0322,KAYNES,BUY,29,3672.8354999999997,213.02445899999998,ENGINE_ADAPTER
SMV2-0322,ABB,BUY,18,5842.92,210.34512,ENGINE_ADAPTER
SMV2-0322,POLYCAB,BUY,13,8404.199999999999,218.5092,ENGINE_ADAPTER
SMV2-0325,PFOCUS,SELL,448,274.8625,246.2768,ENGINE_ADAPTER
SMV2-0325,PVRINOX,SELL,109,985.5070000000001,214.840526,ENGINE_ADAPTER
SMV2-0325,ZEEL,SELL,1290,71.954005,185.64133289999998,ENGINE_ADAPTER
SMV2-0325,WAAREEENER,BUY,36,3110.3544,223.9455168,ENGINE_ADAPTER
SMV2-0325,NTPC,BUY,298,377.28855,224.8639758,ENGINE_ADAPTER
SMV2-0325,POWERGRID,BUY,355,298.149,211.68579,ENGINE_ADAPTER
SMV2-0326,AGI,SELL,213,481.65905,205.1867553,ENGINE_ADAPTER
SMV2-0326,COSMOFIRST,SELL,168,594.1028,199.61854079999998,ENGINE_ADAPTER
SMV2-0326,JINDALPOLY,SELL,182,740.4795750000001,269.5345653,ENGINE_ADAPTER
SMV2-0326,APOLLOPIPE,BUY,252,423.561675,213.47508419999997,ENGINE_ADAPTER
SMV2-0326,ASTRAL,BUY,67,1590.7949999999998,213.16653,ENGINE_ADAPTER
SMV2-0326,SHAILY,BUY,50,2125.36215,212.536215,ENGINE_ADAPTER
SMV2-0328,NTPC,SELL,298,374.16282500000005,223.00104370000003,ENGINE_ADAPTER
SMV2-0328,POWERGRID,SELL,355,299.800025,212.85801775000002,ENGINE_ADAPTER
SMV2-0328,WAAREEENER,SELL,36,3223.3875000000003,232.0839,ENGINE_ADAPTER
SMV2-0328,GAIL,BUY,741,148.57424999999998,220.18703849999997,ENGINE_ADAPTER
SMV2-0328,MGL,BUY,103,1060.53,218.46918,ENGINE_ADAPTER
SMV2-0328,CONFIPET,BUY,1919,57.378675,220.21935465,ENGINE_ADAPTER
SMV2-0329,APOLLOPIPE,SELL,252,474.3627000000001,239.07880080000004,ENGINE_ADAPTER
SMV2-0329,ASTRAL,SELL,67,1604.1975,214.96246499999998,ENGINE_ADAPTER
SMV2-0329,SHAILY,SELL,50,1884.0575000000001,188.40575,ENGINE_ADAPTER
SMV2-0329,TITAGARH,BUY,153,744.372,227.777832,ENGINE_ADAPTER
SMV2-0329,AEQUS,BUY,664,172.18605,228.6630744,ENGINE_ADAPTER
SMV2-0329,TEXRAIL,BUY,1047,106.40317499999999,222.80824844999998,ENGINE_ADAPTER
SMV2-0331,CONFIPET,SELL,1919,54.972500000000004,210.98445500000003,ENGINE_ADAPTER
SMV2-0331,GAIL,SELL,741,165.21735,244.85211270000002,ENGINE_ADAPTER
SMV2-0331,MGL,SELL,103,1145.8268,236.04032080000002,ENGINE_ADAPTER
SMV2-0331,SUZLON,BUY,2085,56.2281,234.471177,ENGINE_ADAPTER
SMV2-0331,BHEL,BUY,330,355.17749999999995,234.41714999999996,ENGINE_ADAPTER
SMV2-0331,POWERINDIA,BUY,3,33896.939999999995,203.38163999999995,ENGINE_ADAPTER
SMV2-0333,BHEL,SELL,330,395.40220000000005,260.965452,ENGINE_ADAPTER
SMV2-0333,POWERINDIA,SELL,3,32383.800000000003,194.30280000000002,ENGINE_ADAPTER
SMV2-0333,SUZLON,SELL,2085,53.45326,222.90009419999998,ENGINE_ADAPTER
SMV2-0333,MTARTECH,BUY,16,7203.599999999999,230.5152,ENGINE_ADAPTER
SMV2-0333,DATAPATTNS,BUY,29,3871.6348499999995,224.5548213,ENGINE_ADAPTER
SMV2-0333,HAL,BUY,26,4361.579699999999,226.80214439999997,ENGINE_ADAPTER
SMV2-0335,DATAPATTNS,SELL,29,4061.2683500000003,235.5535643,ENGINE_ADAPTER
SMV2-0335,APOLLO,BUY,289,410.755275,237.41654895000002,ENGINE_ADAPTER
SMV2-0336,APOLLO,SELL,289,412.7935,238.59464300000002,ENGINE_ADAPTER
SMV2-0336,HAL,SELL,26,4164.516700000001,216.5548684000001,ENGINE_ADAPTER
SMV2-0336,MTARTECH,SELL,16,7096.450000000001,227.0864,ENGINE_ADAPTER
SMV2-0336,GAIL,BUY,697,166.10301,231.54759594,ENGINE_ADAPTER
SMV2-0336,REFEX,BUY,377,307.1535,231.593739,ENGINE_ADAPTER
SMV2-0336,CONFIPET,BUY,1442,77.648805,223.93915361999998,ENGINE_ADAPTER
SMV2-0337,AEQUS,SELL,664,185.80705,246.7517624,ENGINE_ADAPTER
SMV2-0337,TEXRAIL,SELL,1047,108.03595500000002,226.22728977000006,ENGINE_ADAPTER
SMV2-0337,TITAGARH,SELL,153,879.5600000000001,269.14536000000004,ENGINE_ADAPTER
SMV2-0337,TITAN,BUY,27,4223.1105,228.047967,ENGINE_ADAPTER
SMV2-0337,KALYANKJIL,BUY,331,352.176,233.140512,ENGINE_ADAPTER
SMV2-0337,THANGAMAYL,BUY,21,5563.7805,233.67878100000001,ENGINE_ADAPTER
SMV2-0338,KALYANKJIL,SELL,331,383.30825000000004,253.75006150000002,ENGINE_ADAPTER
SMV2-0338,THANGAMAYL,SELL,21,5451.872700000001,228.97865340000004,ENGINE_ADAPTER
SMV2-0338,TITAN,SELL,27,4403.09735,237.7672569,ENGINE_ADAPTER
SMV2-0338,ADANIENT,BUY,39,3041.52,237.23856,ENGINE_ADAPTER
SMV2-0338,REDINGTON,BUY,430,282.14099999999996,242.64125999999996,ENGINE_ADAPTER
SMV2-0338,MSTCLTD,BUY,175,693.096375,242.58373125,ENGINE_ADAPTER
SMV2-0339,ABB,SELL,18,6996.5,251.874,ENGINE_ADAPTER
SMV2-0339,KAYNES,SELL,29,3262.9677,189.25212660000003,ENGINE_ADAPTER
SMV2-0339,POLYCAB,SELL,13,9659.168,251.13836799999996,ENGINE_ADAPTER
SMV2-0339,AEQUS,BUY,519,230.01495,238.7555181,ENGINE_ADAPTER
SMV2-0339,TITAGARH,BUY,134,888.894225,238.2236523,ENGINE_ADAPTER
SMV2-0339,CARBORUNIV,BUY,104,1142.67105,237.6755784,ENGINE_ADAPTER
SMV2-0340,CONFIPET,SELL,1442,74.44276,214.69291984,ENGINE_ADAPTER
SMV2-0340,GAIL,SELL,697,173.93299000000002,242.46258806000003,ENGINE_ADAPTER
SMV2-0340,REFEX,SELL,377,357.821,269.79703400000005,ENGINE_ADAPTER
SMV2-0340,KPRMILL,BUY,102,1189.5945,242.67727799999997,ENGINE_ADAPTER
SMV2-0340,PAGEIND,BUY,2,42671.325,170.6853,ENGINE_ADAPTER
SMV2-0340,GOKEX,BUY,142,857.9787749999999,243.66597209999998,ENGINE_ADAPTER
SMV2-0341,ADANIENT,SELL,39,3125.73635,243.8074353,ENGINE_ADAPTER
SMV2-0341,GOKEX,SELL,142,824.5875000000001,234.18285000000006,ENGINE_ADAPTER
SMV2-0341,KPRMILL,SELL,102,1109.54495,226.3471698,ENGINE_ADAPTER
SMV2-0341,MSTCLTD,SELL,175,669.6650000000001,234.38275000000004,ENGINE_ADAPTER
SMV2-0341,PAGEIND,SELL,2,39380.3,157.5212,ENGINE_ADAPTER
SMV2-0341,REDINGTON,SELL,430,277.861,238.96046,ENGINE_ADAPTER
SMV2-0341,KALYANKJIL,BUY,250,470.73524999999995,235.36762499999995,ENGINE_ADAPTER
SMV2-0341,TITAN,BUY,25,4580.289,229.01445,ENGINE_ADAPTER
SMV2-0341,THANGAMAYL,BUY,18,6517.75725,234.63926099999998,ENGINE_ADAPTER
SMV2-0341,APOLLO,BUY,288,408.20399999999995,235.12550399999995,ENGINE_ADAPTER
SMV2-0341,INDIGO,BUY,22,5177.5875,227.81385,ENGINE_ADAPTER
SMV2-0341,BEL,BUY,285,412.15597499999996,234.92890574999996,ENGINE_ADAPTER
SMV2-0342,AEQUS,SELL,519,227.836025,236.49379395000003,ENGINE_ADAPTER
SMV2-0342,APOLLO,SELL,288,392.80350000000004,226.254816,ENGINE_ADAPTER
SMV2-0342,BEL,SELL,285,408.345725,232.75706325000002,ENGINE_ADAPTER
SMV2-0342,CARBORUNIV,SELL,104,1054.4725,219.33028000000002,ENGINE_ADAPTER
SMV2-0342,INDIGO,SELL,22,5186.905250000001,228.22383100000005,ENGINE_ADAPTER
SMV2-0342,TITAGARH,SELL,134,851.5740000000001,228.22183200000003,ENGINE_ADAPTER
SMV2-0342,COSMOFIRST,BUY,141,835.4675249999999,235.60184205,ENGINE_ADAPTER
SMV2-0342,AGI,BUY,170,693.3465,235.73781,ENGINE_ADAPTER
SMV2-0342,HUHTAMAKI,BUY,488,242.82134999999997,236.99363759999997,ENGINE_ADAPTER
SMV2-0342,TORNTPHARM,BUY,24,4752.375,228.114,ENGINE_ADAPTER
SMV2-0342,LAURUSLABS,BUY,77,1535.66745,236.4927873,ENGINE_ADAPTER
SMV2-0342,SUNPHARMA,BUY,53,1942.971,205.954926,ENGINE_ADAPTER
SMV2-0343,LAURUSLABS,SELL,77,1623.9876000000002,250.0940904,ENGINE_ADAPTER
SMV2-0343,SUNPHARMA,SELL,53,1947.52575,206.43772950000002,ENGINE_ADAPTER
SMV2-0343,TORNTPHARM,SELL,24,4982.507500000001,239.16036000000005,ENGINE_ADAPTER
SMV2-0343,RELIANCE,BUY,97,1288.8441,250.0357554,ENGINE_ADAPTER
SMV2-0343,MRPL,BUY,723,173.58675,251.00644049999997,ENGINE_ADAPTER
SMV2-0343,ONGC,BUY,389,248.124,193.04047200000002,ENGINE_ADAPTER
SMV2-0346,KALYANKJIL,SELL,250,608.6955,304.34775,ENGINE_ADAPTER
SMV2-0346,THANGAMAYL,SELL,18,5451.273,196.245828,ENGINE_ADAPTER
SMV2-0346,TITAN,SELL,25,5053.6719,252.68359500000003,ENGINE_ADAPTER
SMV2-0346,JKPAPER,BUY,323,381.1905,246.24906299999998,ENGINE_ADAPTER
SMV2-0346,WSTCSTPAPR,BUY,201,611.60565,245.86547129999994,ENGINE_ADAPTER
SMV2-0346,KPL,BUY,34,3566.5824,242.52760319999996,ENGINE_ADAPTER
SMV2-0347,JKPAPER,SELL,323,391.554125,252.94396475,ENGINE_ADAPTER
SMV2-0347,KPL,SELL,34,3363.3175,228.70559,ENGINE_ADAPTER
SMV2-0347,WSTCSTPAPR,SELL,201,636.931375,256.04641275,ENGINE_ADAPTER
SMV2-0347,REDINGTON,BUY,351,353.226525,247.96502054999996,ENGINE_ADAPTER
SMV2-0347,ADANIENT,BUY,41,3011.5049999999997,246.94340999999997,ENGINE_ADAPTER
SMV2-0347,HEXT,BUY,231,536.117925,247.68648135,ENGINE_ADAPTER
SMV2-0348,ADANIENT,SELL,41,3163.4175,259.400235,ENGINE_ADAPTER
SMV2-0348,HEXT,SELL,231,553.7230000000001,255.820026,ENGINE_ADAPTER
SMV2-0348,REDINGTON,SELL,351,366.31675,257.1543585,ENGINE_ADAPTER
SMV2-0348,KAYNES,BUY,31,3944.9714999999997,244.58823299999997,ENGINE_ADAPTER
SMV2-0348,KEI,BUY,22,5542.7699999999995,243.88188,ENGINE_ADAPTER
SMV2-0348,FINCABLES,BUY,95,1300.6499999999999,247.12349999999995,ENGINE_ADAPTER
SMV2-0349,FINCABLES,SELL,95,1211.394,230.16486,ENGINE_ADAPTER
SMV2-0349,KAYNES,SELL,31,3587.0056000000004,222.3943472,ENGINE_ADAPTER
SMV2-0349,KEI,SELL,22,4847.575,213.2933,ENGINE_ADAPTER
SMV2-0349,AEQUS,BUY,493,242.54120999999998,239.14563306,ENGINE_ADAPTER
SMV2-0349,TITAGARH,BUY,136,879.1893749999999,239.13950999999997,ENGINE_ADAPTER
SMV2-0349,CARBORUNIV,BUY,99,1139.9697,225.7140006,ENGINE_ADAPTER
SMV2-0350,AEQUS,SELL,493,228.8855,225.68110300000004,ENGINE_ADAPTER
SMV2-0350,AGI,SELL,170,760.669475,258.6276215,ENGINE_ADAPTER
SMV2-0350,CARBORUNIV,SELL,99,1084.4575,214.722585,ENGINE_ADAPTER
SMV2-0350,COSMOFIRST,SELL,141,874.612475,246.64071795,ENGINE_ADAPTER
SMV2-0350,HUHTAMAKI,SELL,488,257.87100000000004,251.68209600000003,ENGINE_ADAPTER
SMV2-0350,TITAGARH,SELL,136,847.2761500000001,230.45911280000004,ENGINE_ADAPTER
SMV2-0350,KALYANKJIL,BUY,191,610.305,233.13650999999996,ENGINE_ADAPTER
SMV2-0350,TITAN,BUY,23,5005.501499999999,230.25306899999995,ENGINE_ADAPTER
SMV2-0350,TBZ,BUY,211,552.8763,233.3137986,ENGINE_ADAPTER
SMV2-0350,JKPAPER,BUY,282,414.45712499999996,233.75381849999997,ENGINE_ADAPTER
SMV2-0350,WSTCSTPAPR,BUY,163,713.3565,232.554219,ENGINE_ADAPTER
SMV2-0350,KPL,BUY,31,3701.85,229.5147,ENGINE_ADAPTER
