rebalance_id,symbol,side,requested_quantity,approved_quantity,approved,reason,engine_open_positions_before,positive_quantity_positions_before,zero_quantity_position_objects,pending_orders_before,is_existing_positive_position,positions_scheduled_for_exit,successful_exits_already_processed,buys_filled_same_rebalance,free_slots_before
SMV2-0018,AVANTIFEED,BUY,134,134,True,approved,0,0,0,0,False,0,0,0,9
SMV2-0018,BBTC,BUY,62,62,True,approved,1,1,0,0,False,0,0,0,8
SMV2-0018,VENKEYS,BUY,51,51,True,approved,2,2,0,0,False,0,0,0,7
SMV2-0018,SUNPHARMA,BUY,119,119,True,approved,3,3,0,0,False,0,0,0,6
SMV2-0018,CIPLA,BUY,94,94,True,approved,4,4,0,0,False,0,0,0,5
SMV2-0018,AUROPHARMA,BUY,90,90,True,approved,5,5,0,0,False,0,0,0,4
SMV2-0018,ASIANPAINT,BUY,32,32,True,approved,6,6,0,0,False,0,0,0,3
SMV2-0018,UPL,BUY,140,140,True,approved,7,7,0,0,False,0,0,0,2
SMV2-0018,PIDILITIND,BUY,37,37,True,approved,8,8,0,0,False,0,0,0,1
SMV2-0019,ASIANPAINT,SELL,32,32,True,approved,9,9,0,0,True,1,0,0,0
SMV2-0019,PIDILITIND,SELL,37,37,True,approved,8,8,1,0,True,1,0,0,1
SMV2-0019,UPL,SELL,140,140,True,approved,7,7,2,0,True,1,0,0,2
SMV2-0019,LT,BUY,65,65,True,approved,6,6,3,0,False,0,0,0,3
SMV2-0019,ADANIPORTS,BUY,189,189,True,approved,7,7,3,0,False,0,0,0,2
SMV2-0019,NCC,BUY,1983,1983,True,approved,8,8,3,0,False,0,0,0,1
SMV2-0020,AVANTIFEED,SELL,134,134,True,approved,9,9,3,0,True,1,0,0,0
SMV2-0020,BBTC,SELL,62,62,True,approved,8,8,4,0,True,1,0,0,1
SMV2-0020,VENKEYS,SELL,51,51,True,approved,7,7,5,0,True,1,0,0,2
SMV2-0020,HDFCLIFE,BUY,111,111,True,approved,6,6,6,0,False,0,0,0,3
SMV2-0020,ICICIPRULI,BUY,142,142,True,approved,7,7,6,0,False,0,0,0,2
SMV2-0020,SBILIFE,BUY,72,72,True,approved,8,8,6,0,False,0,0,0,1
SMV2-0021,ADANIPORTS,SELL,189,189,True,approved,9,9,6,0,True,1,0,0,0
SMV2-0021,LT,SELL,65,65,True,approved,8,8,7,0,True,1,0,0,1
SMV2-0021,NCC,SELL,1983,1983,True,approved,7,7,8,0,True,1,0,0,2
SMV2-0021,AUROPHARMA,SELL,15,15,True,approved,6,6,9,0,True,0,0,0,3
SMV2-0021,TCS,BUY,27,27,True,approved,6,6,9,0,False,0,0,0,3
SMV2-0021,INFY,BUY,79,79,True,approved,7,7,9,0,False,0,0,0,2
SMV2-0021,HCLTECH,BUY,103,103,True,approved,8,8,9,0,False,0,0,0,1
SMV2-0022,AUROPHARMA,SELL,75,75,True,approved,9,9,9,0,True,1,0,0,0
SMV2-0022,CIPLA,SELL,94,94,True,approved,8,8,10,0,True,1,0,0,1
SMV2-0022,HCLTECH,SELL,103,103,True,approved,7,7,11,0,True,1,0,0,2
SMV2-0022,INFY,SELL,79,79,True,approved,6,6,12,0,True,1,0,0,3
SMV2-0022,SUNPHARMA,SELL,119,119,True,approved,5,5,13,0,True,1,0,0,4
SMV2-0022,TCS,SELL,27,27,True,approved,4,4,14,0,True,1,0,0,5
SMV2-0022,VEDL,BUY,607,607,True,approved,3,3,15,0,False,0,0,0,6
SMV2-0022,TATASTEEL,BUY,187,187,True,approved,4,4,15,0,False,0,0,0,5
SMV2-0022,HINDALCO,BUY,399,399,True,approved,5,5,15,0,False,0,0,0,4
SMV2-0022,ULTRACEMCO,BUY,14,14,True,approved,6,6,15,0,False,0,0,0,3
SMV2-0022,ACC,BUY,44,44,True,approved,7,7,15,0,False,0,0,0,2
SMV2-0022,SHREECEM,BUY,2,2,True,approved,8,8,15,0,False,0,0,0,1
SMV2-0023,ACC,SELL,44,44,True,approved,9,9,15,0,True,1,0,0,0
SMV2-0023,HDFCLIFE,SELL,111,111,True,approved,8,8,16,0,True,1,0,0,1
SMV2-0023,ICICIPRULI,SELL,142,142,True,approved,7,7,17,0,True,1,0,0,2
SMV2-0023,SBILIFE,SELL,72,72,True,approved,6,6,18,0,True,1,0,0,3
SMV2-0023,SHREECEM,SELL,2,2,True,approved,5,5,19,0,True,1,0,0,4
SMV2-0023,ULTRACEMCO,SELL,14,14,True,approved,4,4,20,0,True,1,0,0,5
SMV2-0023,PAGEIND,BUY,2,2,True,approved,3,3,21,0,False,0,0,0,6
SMV2-0023,RAYMOND,BUY,179,179,True,approved,4,4,21,0,False,0,0,0,5
SMV2-0023,ARVIND,BUY,1562,1562,True,approved,5,5,21,0,False,0,0,0,4
SMV2-0023,INDHOTEL,BUY,623,623,True,approved,6,6,21,0,False,0,0,0,3
SMV2-0023,WESTLIFE,BUY,187,187,True,approved,7,7,21,0,False,0,0,0,2
SMV2-0023,CHALET,BUY,346,346,True,approved,8,8,21,0,False,0,0,0,1
SMV2-0024,CHALET,SELL,346,346,True,approved,9,9,21,0,True,1,0,0,0
SMV2-0024,INDHOTEL,SELL,623,623,True,approved,8,8,22,0,True,1,0,0,1
SMV2-0024,WESTLIFE,SELL,187,187,True,approved,7,7,23,0,True,1,0,0,2
SMV2-0024,TATACONSUM,BUY,146,146,True,approved,6,6,24,0,False,0,0,0,3
SMV2-0024,AVANTIFEED,BUY,114,114,True,approved,7,7,24,0,False,0,0,0,2
SMV2-0024,VENKEYS,BUY,47,47,True,approved,8,8,23,0,False,0,0,0,1
SMV2-0025,HINDALCO,SELL,399,399,True,approved,9,9,22,0,True,1,0,0,0
SMV2-0025,TATASTEEL,SELL,187,187,True,approved,8,8,23,0,True,1,0,0,1
SMV2-0025,VEDL,SELL,607,607,True,approved,7,7,24,0,True,1,0,0,2
SMV2-0025,PAGEIND,BUY,1,1,True,approved,6,6,25,0,True,0,0,0,3
SMV2-0025,HDFCBANK,BUY,52,52,True,approved,6,6,25,0,False,0,0,0,3
SMV2-0025,AXISBANK,BUY,130,130,True,approved,7,7,25,0,False,0,0,0,2
SMV2-0025,ICICIBANK,BUY,148,148,True,approved,8,8,25,0,False,0,0,0,1
SMV2-0026,AVANTIFEED,SELL,114,114,True,approved,9,9,25,0,True,1,0,0,0
SMV2-0026,TATACONSUM,SELL,146,146,True,approved,8,8,26,0,True,1,0,0,1
SMV2-0026,VENKEYS,SELL,47,47,True,approved,7,7,27,0,True,1,0,0,2
SMV2-0026,BAJAJFINSV,BUY,9,9,True,approved,6,6,28,0,False,0,0,0,3
SMV2-0026,MUTHOOTFIN,BUY,50,50,True,approved,7,7,28,0,False,0,0,0,2
SMV2-0026,CHOLAFIN,BUY,275,275,True,approved,8,8,28,0,False,0,0,0,1
SMV2-0027,ARVIND,SELL,1562,1562,True,approved,9,9,28,0,True,1,0,0,0
SMV2-0027,PAGEIND,SELL,3,3,True,approved,8,8,29,0,True,1,0,0,1
SMV2-0027,RAYMOND,SELL,179,179,True,approved,7,7,30,0,True,1,0,0,2
SMV2-0027,ULTRACEMCO,BUY,14,14,True,approved,6,6,31,0,False,0,0,0,3
SMV2-0027,SHREECEM,BUY,2,2,True,approved,7,7,30,0,False,0,0,0,2
SMV2-0027,ACC,BUY,42,42,True,approved,8,8,29,0,False,0,0,0,1
SMV2-0028,ACC,SELL,42,42,True,approved,9,9,28,0,True,1,0,0,0
SMV2-0028,SHREECEM,SELL,2,2,True,approved,8,8,29,0,True,1,0,0,1
SMV2-0028,ULTRACEMCO,SELL,14,14,True,approved,7,7,30,0,True,1,0,0,2
SMV2-0028,BHARTIARTL,BUY,98,98,True,approved,6,6,31,0,False,0,0,0,3
SMV2-0028,ITI,BUY,441,441,True,approved,7,7,31,0,False,0,0,0,2
SMV2-0028,HATHWAY,BUY,1634,1634,True,approved,8,8,31,0,False,0,0,0,1
SMV2-0029,AXISBANK,SELL,130,130,True,approved,9,9,31,0,True,1,0,0,0
SMV2-0029,HDFCBANK,SELL,52,52,True,approved,8,8,32,0,True,1,0,0,1
SMV2-0029,ICICIBANK,SELL,148,148,True,approved,7,7,33,0,True,1,0,0,2
SMV2-0029,HATHWAY,SELL,372,372,True,approved,6,6,34,0,True,0,0,0,3
SMV2-0029,INFY,BUY,64,64,True,approved,6,6,34,0,False,0,0,0,3
SMV2-0029,TCS,BUY,26,26,True,approved,7,7,33,0,False,0,0,0,2
SMV2-0029,WIPRO,BUY,223,223,True,approved,8,8,32,0,False,0,0,0,1
SMV2-0030,TATACOMM,BUY,18,0,False,maximum open positions reached,9,9,32,0,False,0,0,0,0
SMV2-0031,BAJAJFINSV,SELL,9,9,True,approved,9,9,32,0,True,1,0,0,0
SMV2-0031,CHOLAFIN,SELL,275,275,True,approved,8,8,33,0,True,1,0,0,1
SMV2-0031,MUTHOOTFIN,SELL,50,50,True,approved,7,7,34,0,True,1,0,0,2
SMV2-0031,TATACOMM,BUY,76,76,True,approved,6,6,35,0,False,0,0,0,3
SMV2-0031,SUNPHARMA,BUY,112,112,True,approved,7,7,35,0,False,0,0,0,2
SMV2-0031,CIPLA,BUY,82,82,True,approved,8,8,34,0,False,0,0,0,1
SMV2-0031,BIOCON,BUY,17,0,False,maximum open positions reached,9,9,33,0,False,0,0,0,0
SMV2-0032,BIOCON,BUY,17,0,False,maximum open positions reached,9,9,33,0,False,0,0,0,0
SMV2-0033,BHARTIARTL,SELL,98,98,True,approved,9,9,33,0,True,1,0,0,0
SMV2-0033,ITI,SELL,441,441,True,approved,8,8,34,0,True,1,0,0,1
SMV2-0033,TATACOMM,SELL,76,76,True,approved,7,7,35,0,True,1,0,0,2
SMV2-0033,DIVISLAB,BUY,19,19,True,approved,6,6,36,0,False,0,0,0,3
SMV2-0033,INDHOTEL,BUY,641,641,True,approved,7,7,36,0,False,0,0,0,2
SMV2-0033,WESTLIFE,BUY,165,165,True,approved,8,8,35,0,False,0,0,0,1
SMV2-0033,EIHOTEL,BUY,40,0,False,maximum open positions reached,9,9,34,0,False,0,0,0,0
SMV2-0034,CIPLA,SELL,82,82,True,approved,9,9,34,0,True,1,0,0,0
SMV2-0034,DIVISLAB,SELL,19,19,True,approved,8,8,35,0,True,1,0,0,1
SMV2-0034,SUNPHARMA,SELL,112,112,True,approved,7,7,36,0,True,1,0,0,2
SMV2-0034,EIHOTEL,BUY,660,660,True,approved,6,6,37,0,False,0,0,0,3
SMV2-0034,DLF,BUY,379,379,True,approved,7,7,37,0,False,0,0,0,2
SMV2-0034,GODREJPROP,BUY,71,71,True,approved,8,8,37,0,False,0,0,0,1
SMV2-0034,NBCC,BUY,95,0,False,maximum open positions reached,9,9,37,0,False,0,0,0,0
SMV2-0035,INFY,SELL,64,64,True,approved,9,9,37,0,True,1,0,0,0
SMV2-0035,TCS,SELL,26,26,True,approved,8,8,38,0,True,1,0,0,1
SMV2-0035,WIPRO,SELL,223,223,True,approved,7,7,39,0,True,1,0,0,2
SMV2-0035,NBCC,BUY,2222,2222,True,approved,6,6,40,0,False,0,0,0,3
SMV2-0035,PAGEIND,BUY,3,3,True,approved,7,7,40,0,False,0,0,0,2
SMV2-0035,ALOKINDS,BUY,1654,1654,True,approved,8,8,39,0,False,0,0,0,1
SMV2-0036,ALOKINDS,SELL,1654,1654,True,approved,9,9,39,0,True,1,0,0,0
SMV2-0036,PAGEIND,SELL,3,3,True,approved,8,8,40,0,True,1,0,0,1
SMV2-0036,VOLTAS,BUY,91,91,True,approved,7,7,41,0,False,0,0,0,2
SMV2-0036,DIXON,BUY,5,5,True,approved,8,8,41,0,False,0,0,0,1
SMV2-0036,BAJAJELEC,BUY,8,0,False,maximum open positions reached,9,9,41,0,False,0,0,0,0
SMV2-0037,DLF,SELL,379,379,True,approved,9,9,41,0,True,1,0,0,0
SMV2-0037,EIHOTEL,SELL,660,660,True,approved,8,8,42,0,True,1,0,0,1
SMV2-0037,GODREJPROP,SELL,71,71,True,approved,7,7,43,0,True,1,0,0,2
SMV2-0037,INDHOTEL,SELL,641,641,True,approved,6,6,44,0,True,1,0,0,3
SMV2-0037,NBCC,SELL,2222,2222,True,approved,5,5,45,0,True,1,0,0,4
SMV2-0037,WESTLIFE,SELL,165,165,True,approved,4,4,46,0,True,1,0,0,5
SMV2-0037,DIXON,BUY,1,1,True,approved,3,3,47,0,True,0,0,0,6
SMV2-0037,BAJAJELEC,BUY,128,128,True,approved,3,3,47,0,False,0,0,0,6
SMV2-0037,TCS,BUY,24,24,True,approved,4,4,47,0,False,0,0,0,5
SMV2-0037,INFY,BUY,62,62,True,approved,5,5,46,0,False,0,0,0,4
SMV2-0037,WIPRO,BUY,202,202,True,approved,6,6,45,0,False,0,0,0,3
SMV2-0037,CONCOR,BUY,153,153,True,approved,7,7,44,0,False,0,0,0,2
SMV2-0037,BLUEDART,BUY,20,20,True,approved,8,8,44,0,False,0,0,0,1
SMV2-0037,VRLLOG,BUY,39,0,False,maximum open positions reached,9,9,44,0,False,0,0,0,0
SMV2-0038,BLUEDART,SELL,20,20,True,approved,9,9,44,0,True,1,0,0,0
SMV2-0038,CONCOR,SELL,153,153,True,approved,8,8,45,0,True,1,0,0,1
SMV2-0038,MCDOWELL-N,BUY,111,111,True,approved,7,7,46,0,False,0,0,0,2
SMV2-0038,UBL,BUY,59,59,True,approved,8,8,46,0,False,0,0,0,1
SMV2-0038,RADICO,BUY,1,0,False,maximum open positions reached,9,9,46,0,False,0,0,0,0
SMV2-0039,RADICO,BUY,1,0,False,maximum open positions reached,9,9,46,0,False,0,0,0,0
SMV2-0040,MCDOWELL-N,SELL,111,111,True,approved,9,9,46,0,True,1,0,0,0
SMV2-0040,UBL,SELL,59,59,True,approved,8,8,47,0,True,1,0,0,1
SMV2-0040,CIPLA,BUY,77,77,True,approved,7,7,48,0,False,0,0,0,2
SMV2-0040,SUNPHARMA,BUY,108,108,True,approved,8,8,47,0,False,0,0,0,1
SMV2-0041,BAJAJELEC,SELL,128,128,True,approved,9,9,46,0,True,1,0,0,0
SMV2-0041,DIXON,SELL,6,6,True,approved,8,8,47,0,True,1,0,0,1
SMV2-0041,VOLTAS,SELL,91,91,True,approved,7,7,48,0,True,1,0,0,2
SMV2-0041,WIPRO,SELL,34,34,True,approved,6,6,49,0,True,0,0,0,3
SMV2-0041,DIVISLAB,BUY,19,19,True,approved,6,6,49,0,False,0,0,0,3
SMV2-0041,PAGEIND,BUY,3,3,True,approved,7,7,48,0,False,0,0,0,2
SMV2-0041,ALOKINDS,BUY,2831,2831,True,approved,8,8,47,0,False,0,0,0,1
SMV2-0041,RAYMOND,BUY,23,0,False,maximum open positions reached,9,9,46,0,False,0,0,0,0
SMV2-0042,RAYMOND,BUY,24,0,False,maximum open positions reached,9,9,46,0,False,0,0,0,0
SMV2-0043,CIPLA,SELL,77,77,True,approved,9,9,46,0,True,1,0,0,0
SMV2-0043,DIVISLAB,SELL,19,19,True,approved,8,8,47,0,True,1,0,0,1
SMV2-0043,INFY,SELL,62,62,True,approved,7,7,48,0,True,1,0,0,2
SMV2-0043,SUNPHARMA,SELL,108,108,True,approved,6,6,49,0,True,1,0,0,3
SMV2-0043,TCS,SELL,24,24,True,approved,5,5,50,0,True,1,0,0,4
SMV2-0043,WIPRO,SELL,168,168,True,approved,4,4,51,0,True,1,0,0,5
SMV2-0043,ULTRACEMCO,BUY,13,13,True,approved,3,3,52,0,False,0,0,0,6
SMV2-0043,ACC,BUY,38,38,True,approved,4,4,51,0,False,0,0,0,5
SMV2-0043,AMBUJACEM,BUY,247,247,True,approved,5,5,50,0,False,0,0,0,4
SMV2-0043,RAYMOND,BUY,216,216,True,approved,6,6,50,0,False,0,0,0,3
SMV2-0043,DLF,BUY,356,356,True,approved,7,7,49,0,False,0,0,0,2
SMV2-0043,GODREJPROP,BUY,59,59,True,approved,8,8,48,0,False,0,0,0,1
SMV2-0043,OBEROIRLTY,BUY,1,0,False,maximum open positions reached,9,9,47,0,False,0,0,0,0
SMV2-0044,ALOKINDS,SELL,2831,2831,True,approved,9,9,47,0,True,1,0,0,0
SMV2-0044,PAGEIND,SELL,3,3,True,approved,8,8,48,0,True,1,0,0,1
SMV2-0044,RAYMOND,SELL,216,216,True,approved,7,7,49,0,True,1,0,0,2
SMV2-0044,OBEROIRLTY,BUY,136,136,True,approved,6,6,50,0,False,0,0,0,3
SMV2-0044,BHARTIARTL,BUY,139,139,True,approved,7,7,50,0,False,0,0,0,2
SMV2-0044,TATACOMM,BUY,61,61,True,approved,8,8,49,0,False,0,0,0,1
SMV2-0044,ITI,BUY,7,0,False,maximum open positions reached,9,9,48,0,False,0,0,0,0
SMV2-0045,BHARTIARTL,SELL,139,139,True,approved,9,9,48,0,True,1,0,0,0
SMV2-0045,DLF,SELL,356,356,True,approved,8,8,49,0,True,1,0,0,1
SMV2-0045,GODREJPROP,SELL,59,59,True,approved,7,7,50,0,True,1,0,0,2
SMV2-0045,HATHWAY,SELL,1262,1262,True,approved,6,6,51,0,True,1,0,0,3
SMV2-0045,OBEROIRLTY,SELL,136,136,True,approved,5,5,52,0,True,1,0,0,4
SMV2-0045,TATACOMM,SELL,61,61,True,approved,4,4,53,0,True,1,0,0,5
SMV2-0045,POLYPLEX,BUY,73,73,True,approved,3,3,54,0,False,0,0,0,6
SMV2-0045,SUPREMEIND,BUY,39,39,True,approved,4,4,54,0,False,0,0,0,5
SMV2-0045,ASTRAL,BUY,48,48,True,approved,5,5,54,0,False,0,0,0,4
SMV2-0045,VOLTAS,BUY,75,75,True,approved,6,6,54,0,False,0,0,0,3
SMV2-0045,AMBER,BUY,25,25,True,approved,7,7,53,0,False,0,0,0,2
SMV2-0045,DIXON,BUY,4,4,True,approved,8,8,53,0,False,0,0,0,1
SMV2-0046,AMBER,SELL,25,25,True,approved,9,9,52,0,True,1,0,0,0
SMV2-0046,DIXON,SELL,4,4,True,approved,8,8,53,0,True,1,0,0,1
SMV2-0046,VOLTAS,SELL,75,75,True,approved,7,7,54,0,True,1,0,0,2
SMV2-0046,ZEEL,BUY,302,302,True,approved,6,6,55,0,False,0,0,0,3
SMV2-0046,SUNTV,BUY,137,137,True,approved,7,7,55,0,False,0,0,0,2
SMV2-0046,TV18BRDCST,BUY,1645,1645,True,approved,8,8,55,0,False,0,0,0,1
SMV2-0047,ACC,SELL,38,38,True,approved,9,9,55,0,True,1,0,0,0
SMV2-0047,AMBUJACEM,SELL,247,247,True,approved,8,8,56,0,True,1,0,0,1
SMV2-0047,SUNTV,SELL,137,137,True,approved,7,7,57,0,True,1,0,0,2
SMV2-0047,TV18BRDCST,SELL,1645,1645,True,approved,6,6,58,0,True,1,0,0,3
SMV2-0047,ULTRACEMCO,SELL,13,13,True,approved,5,5,59,0,True,1,0,0,4
SMV2-0047,ZEEL,SELL,302,302,True,approved,4,4,60,0,True,1,0,0,5
SMV2-0047,INDHOTEL,BUY,535,535,True,approved,3,3,61,0,False,0,0,0,6
SMV2-0047,THOMASCOOK,BUY,1204,1204,True,approved,4,4,60,0,False,0,0,0,5
SMV2-0047,EIHOTEL,BUY,672,672,True,approved,5,5,60,0,False,0,0,0,4
SMV2-0047,HAVELLS,BUY,72,72,True,approved,6,6,59,0,False,0,0,0,3
SMV2-0047,BHEL,BUY,2042,2042,True,approved,7,7,59,0,False,0,0,0,2
SMV2-0047,SIEMENS,BUY,37,37,True,approved,8,8,59,0,False,0,0,0,1
SMV2-0049,BHEL,SELL,2042,2042,True,approved,9,9,59,0,True,1,0,0,0
SMV2-0049,HAVELLS,SELL,72,72,True,approved,8,8,60,0,True,1,0,0,1
SMV2-0049,SIEMENS,SELL,37,37,True,approved,7,7,61,0,True,1,0,0,2
SMV2-0049,LT,BUY,55,55,True,approved,6,6,62,0,False,0,0,0,3
SMV2-0049,ADANIPORTS,BUY,139,139,True,approved,7,7,61,0,False,0,0,0,2
SMV2-0049,NCC,BUY,1119,1119,True,approved,8,8,60,0,False,0,0,0,1
SMV2-0050,ASTRAL,SELL,48,48,True,approved,9,9,59,0,True,1,0,0,0
SMV2-0050,POLYPLEX,SELL,73,73,True,approved,8,8,60,0,True,1,0,0,1
SMV2-0050,SUPREMEIND,SELL,39,39,True,approved,7,7,61,0,True,1,0,0,2
SMV2-0050,POLYCAB,BUY,62,62,True,approved,6,6,62,0,False,0,0,0,3
SMV2-0050,ABB,BUY,55,55,True,approved,7,7,62,0,False,0,0,0,2
SMV2-0050,FINCABLES,BUY,176,176,True,approved,8,8,62,0,False,0,0,0,1
SMV2-0051,ADANIPORTS,SELL,139,139,True,approved,9,9,62,0,True,1,0,0,0
SMV2-0051,EIHOTEL,SELL,672,672,True,approved,8,8,63,0,True,1,0,0,1
SMV2-0051,INDHOTEL,SELL,535,535,True,approved,7,7,64,0,True,1,0,0,2
SMV2-0051,LT,SELL,55,55,True,approved,6,6,65,0,True,1,0,0,3
SMV2-0051,NCC,SELL,1119,1119,True,approved,5,5,66,0,True,1,0,0,4
SMV2-0051,THOMASCOOK,SELL,1204,1204,True,approved,4,4,67,0,True,1,0,0,5
SMV2-0051,TITAN,BUY,42,42,True,approved,3,3,68,0,False,0,0,0,6
SMV2-0051,RAJESHEXPO,BUY,131,131,True,approved,4,4,68,0,False,0,0,0,5
SMV2-0051,VAIBHAVGBL,BUY,30,30,True,approved,5,5,68,0,False,0,0,0,4
SMV2-0051,DLF,BUY,283,283,True,approved,6,6,68,0,False,0,0,0,3
SMV2-0051,GODREJPROP,BUY,47,47,True,approved,7,7,67,0,False,0,0,0,2
SMV2-0051,NBCC,BUY,2142,2142,True,approved,8,8,66,0,False,0,0,0,1
SMV2-0052,DLF,SELL,283,283,True,approved,9,9,65,0,True,1,0,0,0
SMV2-0052,GODREJPROP,SELL,47,47,True,approved,8,8,66,0,True,1,0,0,1
SMV2-0052,NBCC,SELL,2142,2142,True,approved,7,7,67,0,True,1,0,0,2
SMV2-0052,INFY,BUY,52,52,True,approved,6,6,68,0,False,0,0,0,3
SMV2-0052,TCS,BUY,22,22,True,approved,7,7,67,0,False,0,0,0,2
SMV2-0052,IRCTC,BUY,45,45,True,approved,8,8,66,0,False,0,0,0,1
SMV2-0053,ABB,SELL,55,55,True,approved,9,9,66,0,True,1,0,0,0
SMV2-0053,FINCABLES,SELL,176,176,True,approved,8,8,67,0,True,1,0,0,1
SMV2-0053,POLYCAB,SELL,62,62,True,approved,7,7,68,0,True,1,0,0,2
SMV2-0053,VOLTAS,BUY,79,79,True,approved,6,6,69,0,False,0,0,0,3
SMV2-0053,DIXON,BUY,4,4,True,approved,7,7,68,0,False,0,0,0,2
SMV2-0053,CROMPTON,BUY,175,175,True,approved,8,8,67,0,False,0,0,0,1
SMV2-0055,IRCTC,SELL,45,45,True,approved,9,9,67,0,True,1,0,0,0
SMV2-0055,WIPRO,BUY,154,154,True,approved,8,8,68,0,False,0,0,0,1
SMV2-0056,INFY,SELL,52,52,True,approved,9,9,67,0,True,1,0,0,0
SMV2-0056,TCS,SELL,22,22,True,approved,8,8,68,0,True,1,0,0,1
SMV2-0056,WIPRO,SELL,154,154,True,approved,7,7,69,0,True,1,0,0,2
SMV2-0056,ADANIENT,BUY,131,131,True,approved,6,6,70,0,False,0,0,0,3
SMV2-0056,MSTCLTD,BUY,301,301,True,approved,7,7,70,0,False,0,0,0,2
SMV2-0056,MMTC,BUY,2463,2463,True,approved,8,8,70,0,False,0,0,0,1
SMV2-0057,RAJESHEXPO,SELL,131,131,True,approved,9,9,70,0,True,1,0,0,0
SMV2-0057,TITAN,SELL,42,42,True,approved,8,8,71,0,True,1,0,0,1
SMV2-0057,VAIBHAVGBL,SELL,30,30,True,approved,7,7,72,0,True,1,0,0,2
SMV2-0057,MARUTI,BUY,9,9,True,approved,6,6,73,0,False,0,0,0,3
SMV2-0057,EICHERMOT,BUY,24,24,True,approved,7,7,73,0,False,0,0,0,2
SMV2-0057,BAJAJ-AUTO,BUY,16,16,True,approved,8,8,73,0,False,0,0,0,1
SMV2-0058,MSTCLTD,SELL,55,55,True,approved,9,9,73,0,True,0,0,0,0
SMV2-0059,BAJAJ-AUTO,SELL,16,16,True,approved,9,9,73,0,True,1,0,0,0
SMV2-0059,EICHERMOT,SELL,24,24,True,approved,8,8,74,0,True,1,0,0,1
SMV2-0059,MARUTI,SELL,9,9,True,approved,7,7,75,0,True,1,0,0,2
SMV2-0059,ADANIENT,SELL,24,24,True,approved,6,6,76,0,True,0,0,0,3
SMV2-0059,LT,BUY,50,50,True,approved,6,6,76,0,False,0,0,0,3
SMV2-0059,ADANIPORTS,BUY,125,125,True,approved,7,7,75,0,False,0,0,0,2
SMV2-0059,NCC,BUY,901,901,True,approved,8,8,74,0,False,0,0,0,1
SMV2-0061,CROMPTON,SELL,175,175,True,approved,9,9,73,0,True,1,0,0,0
SMV2-0061,DIXON,SELL,4,4,True,approved,8,8,74,0,True,1,0,0,1
SMV2-0061,VOLTAS,SELL,79,79,True,approved,7,7,75,0,True,1,0,0,2
SMV2-0061,MMTC,SELL,452,452,True,approved,6,6,76,0,True,0,0,0,3
SMV2-0061,SBIN,BUY,208,208,True,approved,6,6,76,0,False,0,0,0,3
SMV2-0061,ICICIBANK,BUY,135,135,True,approved,7,7,76,0,False,0,0,0,2
SMV2-0061,HDFCBANK,BUY,52,52,True,approved,8,8,75,0,False,0,0,0,1
SMV2-0062,ADANIPORTS,SELL,125,125,True,approved,9,9,74,0,True,1,0,0,0
SMV2-0062,HDFCBANK,SELL,52,52,True,approved,8,8,75,0,True,1,0,0,1
SMV2-0062,ICICIBANK,SELL,135,135,True,approved,7,7,76,0,True,1,0,0,2
SMV2-0062,LT,SELL,50,50,True,approved,6,6,77,0,True,1,0,0,3
SMV2-0062,NCC,SELL,901,901,True,approved,5,5,78,0,True,1,0,0,4
SMV2-0062,SBIN,SELL,208,208,True,approved,4,4,79,0,True,1,0,0,5
SMV2-0062,ITC,BUY,413,413,True,approved,3,3,80,0,False,0,0,0,6
SMV2-0062,GRASIM,BUY,64,64,True,approved,4,4,80,0,False,0,0,0,5
SMV2-0062,SRF,BUY,15,15,True,approved,5,5,80,0,False,0,0,0,4
SMV2-0062,DMART,BUY,26,26,True,approved,6,6,80,0,False,0,0,0,3
SMV2-0062,ABFRL,BUY,397,397,True,approved,7,7,80,0,False,0,0,0,2
SMV2-0062,TRENT,BUY,87,87,True,approved,8,8,80,0,False,0,0,0,1
SMV2-0063,ABFRL,SELL,397,397,True,approved,9,9,80,0,True,1,0,0,0
SMV2-0063,DMART,SELL,26,26,True,approved,8,8,81,0,True,1,0,0,1
SMV2-0063,TRENT,SELL,87,87,True,approved,7,7,82,0,True,1,0,0,2
SMV2-0063,JKPAPER,BUY,557,557,True,approved,6,6,83,0,False,0,0,0,3
SMV2-0063,WSTCSTPAPR,BUY,341,341,True,approved,7,7,83,0,False,0,0,0,2
SMV2-0063,ORIENTPPR,BUY,2636,2636,True,approved,8,8,83,0,False,0,0,0,1
SMV2-0064,GRASIM,SELL,64,64,True,approved,9,9,83,0,True,1,0,0,0
SMV2-0064,ITC,SELL,413,413,True,approved,8,8,84,0,True,1,0,0,1
SMV2-0064,SRF,SELL,15,15,True,approved,7,7,85,0,True,1,0,0,2
SMV2-0064,ASTRAL,BUY,49,49,True,approved,6,6,86,0,False,0,0,0,3
SMV2-0064,EPL,BUY,396,396,True,approved,7,7,85,0,False,0,0,0,2
SMV2-0064,SUPREMEIND,BUY,42,42,True,approved,8,8,85,0,False,0,0,0,1
SMV2-0065,ADANIENT,SELL,107,107,True,approved,9,9,84,0,True,1,0,0,0
SMV2-0065,MMTC,SELL,2011,2011,True,approved,8,8,85,0,True,1,0,0,1
SMV2-0065,MSTCLTD,SELL,246,246,True,approved,7,7,86,0,True,1,0,0,2
SMV2-0065,ORIENTPPR,BUY,593,593,True,approved,6,6,87,0,True,0,0,0,3
SMV2-0065,ITC,BUY,405,405,True,approved,6,6,87,0,False,0,0,0,3
SMV2-0065,GRASIM,BUY,60,60,True,approved,7,7,86,0,False,0,0,0,2
SMV2-0065,SRF,BUY,16,16,True,approved,8,8,85,0,False,0,0,0,1
SMV2-0066,JKPAPER,SELL,557,557,True,approved,9,9,84,0,True,1,0,0,0
SMV2-0066,ORIENTPPR,SELL,3229,3229,True,approved,8,8,85,0,True,1,0,0,1
SMV2-0066,WSTCSTPAPR,SELL,341,341,True,approved,7,7,86,0,True,1,0,0,2
SMV2-0066,INFY,BUY,63,63,True,approved,6,6,87,0,False,0,0,0,3
SMV2-0066,TCS,BUY,27,27,True,approved,7,7,86,0,False,0,0,0,2
SMV2-0066,HCLTECH,BUY,87,87,True,approved,8,8,85,0,False,0,0,0,1
SMV2-0067,ASTRAL,SELL,49,49,True,approved,9,9,84,0,True,1,0,0,0
SMV2-0067,EPL,SELL,396,396,True,approved,8,8,85,0,True,1,0,0,1
SMV2-0067,GRASIM,SELL,60,60,True,approved,7,7,86,0,True,1,0,0,2
SMV2-0067,ITC,SELL,405,405,True,approved,6,6,87,0,True,1,0,0,3
SMV2-0067,SRF,SELL,16,16,True,approved,5,5,88,0,True,1,0,0,4
SMV2-0067,SUPREMEIND,SELL,42,42,True,approved,4,4,89,0,True,1,0,0,5
SMV2-0067,TATASTEEL,BUY,100,100,True,approved,3,3,90,0,False,0,0,0,6
SMV2-0067,JSWSTEEL,BUY,144,144,True,approved,4,4,89,0,False,0,0,0,5
SMV2-0067,SAIL,BUY,954,954,True,approved,5,5,89,0,False,0,0,0,4
SMV2-0067,TITAN,BUY,55,55,True,approved,6,6,89,0,False,0,0,0,3
SMV2-0067,VAIBHAVGBL,BUY,19,19,True,approved,7,7,88,0,False,0,0,0,2
SMV2-0067,RAJESHEXPO,BUY,161,161,True,approved,8,8,87,0,False,0,0,0,1
SMV2-0068,RAJESHEXPO,SELL,161,161,True,approved,9,9,86,0,True,1,0,0,0
SMV2-0068,TITAN,SELL,55,55,True,approved,8,8,87,0,True,1,0,0,1
SMV2-0068,VAIBHAVGBL,SELL,19,19,True,approved,7,7,88,0,True,1,0,0,2
SMV2-0068,CIPLA,BUY,88,88,True,approved,6,6,89,0,False,0,0,0,3
SMV2-0068,SUNPHARMA,BUY,130,130,True,approved,7,7,88,0,False,0,0,0,2
SMV2-0068,DIVISLAB,BUY,19,19,True,approved,8,8,87,0,False,0,0,0,1
SMV2-0070,HCLTECH,SELL,87,87,True,approved,9,9,86,0,True,1,0,0,0
SMV2-0070,INFY,SELL,63,63,True,approved,8,8,87,0,True,1,0,0,1
SMV2-0070,TCS,SELL,27,27,True,approved,7,7,88,0,True,1,0,0,2
SMV2-0070,SAIL,SELL,202,202,True,approved,6,6,89,0,True,0,0,0,3
SMV2-0070,TATACHEM,BUY,113,113,True,approved,6,6,89,0,False,0,0,0,3
SMV2-0070,ASIANPAINT,BUY,35,35,True,approved,7,7,89,0,False,0,0,0,2
SMV2-0070,UPL,BUY,148,148,True,approved,8,8,88,0,False,0,0,0,1
SMV2-0071,SAIL,SELL,124,124,True,approved,9,9,87,0,True,0,0,0,0
SMV2-0071,TATACHEM,BUY,25,25,True,approved,9,9,87,0,True,0,0,0,0
SMV2-0071,TATASTEEL,SELL,22,22,True,approved,9,9,87,0,True,0,0,0,0
SMV2-0072,DIVISLAB,SELL,19,19,True,approved,9,9,87,0,True,1,0,0,0
SMV2-0072,UPL,SELL,24,24,True,approved,8,8,88,0,True,0,0,0,1
SMV2-0072,LUPIN,BUY,79,79,True,approved,8,8,88,0,False,0,0,0,1
SMV2-0073,CIPLA,SELL,88,88,True,approved,9,9,88,0,True,1,0,0,0
SMV2-0073,JSWSTEEL,SELL,144,144,True,approved,8,8,89,0,True,1,0,0,1
SMV2-0073,LUPIN,SELL,79,79,True,approved,7,7,90,0,True,1,0,0,2
SMV2-0073,SAIL,SELL,628,628,True,approved,6,6,91,0,True,1,0,0,3
SMV2-0073,SUNPHARMA,SELL,130,130,True,approved,5,5,92,0,True,1,0,0,4
SMV2-0073,TATASTEEL,SELL,78,78,True,approved,4,4,93,0,True,1,0,0,5
SMV2-0073,TATACONSUM,BUY,145,145,True,approved,3,3,94,0,False,0,0,0,6
SMV2-0073,VENKEYS,BUY,41,41,True,approved,4,4,93,0,False,0,0,0,5
SMV2-0073,KSCL,BUY,121,121,True,approved,5,5,92,0,False,0,0,0,4
SMV2-0073,ASTRAL,BUY,54,54,True,approved,6,6,92,0,False,0,0,0,3
SMV2-0073,PRINCEPIPE,BUY,131,131,True,approved,7,7,91,0,False,0,0,0,2
SMV2-0073,SUPREMEIND,BUY,39,39,True,approved,8,8,91,0,False,0,0,0,1
SMV2-0074,ASIANPAINT,SELL,35,35,True,approved,9,9,90,0,True,1,0,0,0
SMV2-0074,TATACHEM,SELL,138,138,True,approved,8,8,91,0,True,1,0,0,1
SMV2-0074,UPL,SELL,124,124,True,approved,7,7,92,0,True,1,0,0,2
SMV2-0074,INDHOTEL,BUY,719,719,True,approved,6,6,93,0,False,0,0,0,3
SMV2-0074,MHRIL,BUY,365,365,True,approved,7,7,92,0,False,0,0,0,2
SMV2-0074,LEMONTREE,BUY,2290,2290,True,approved,8,8,92,0,False,0,0,0,1
SMV2-0076,ASTRAL,SELL,54,54,True,approved,9,9,92,0,True,1,0,0,0
SMV2-0076,KSCL,SELL,121,121,True,approved,8,8,93,0,True,1,0,0,1
SMV2-0076,PRINCEPIPE,SELL,131,131,True,approved,7,7,94,0,True,1,0,0,2
SMV2-0076,SUPREMEIND,SELL,39,39,True,approved,6,6,95,0,True,1,0,0,3
SMV2-0076,TATACONSUM,SELL,145,145,True,approved,5,5,96,0,True,1,0,0,4
SMV2-0076,VENKEYS,SELL,41,41,True,approved,4,4,97,0,True,1,0,0,5
SMV2-0076,ADANIENT,BUY,68,68,True,approved,3,3,98,0,False,0,0,0,6
SMV2-0076,MMTC,BUY,1662,1662,True,approved,4,4,97,0,False,0,0,0,5
SMV2-0076,REDINGTON,BUY,350,350,True,approved,5,5,96,0,False,0,0,0,4
SMV2-0076,ZEEL,BUY,445,445,True,approved,6,6,96,0,False,0,0,0,3
SMV2-0076,SUNTV,BUY,188,188,True,approved,7,7,95,0,False,0,0,0,2
SMV2-0076,TV18BRDCST,BUY,2143,2143,True,approved,8,8,94,0,False,0,0,0,1
SMV2-0077,INDHOTEL,SELL,719,719,True,approved,9,9,93,0,True,1,0,0,0
SMV2-0077,LEMONTREE,SELL,2290,2290,True,approved,8,8,94,0,True,1,0,0,1
SMV2-0077,MHRIL,SELL,365,365,True,approved,7,7,95,0,True,1,0,0,2
SMV2-0077,SUNTV,SELL,188,188,True,approved,6,6,96,0,True,1,0,0,3
SMV2-0077,TV18BRDCST,SELL,2143,2143,True,approved,5,5,97,0,True,1,0,0,4
SMV2-0077,ZEEL,SELL,445,445,True,approved,4,4,98,0,True,1,0,0,5
SMV2-0077,MCDOWELL-N,BUY,144,144,True,approved,3,3,99,0,False,0,0,0,6
SMV2-0077,UBL,BUY,69,69,True,approved,4,4,98,0,False,0,0,0,5
SMV2-0077,RADICO,BUY,123,123,True,approved,5,5,97,0,False,0,0,0,4
SMV2-0077,PAGEIND,BUY,3,3,True,approved,6,6,97,0,False,0,0,0,3
SMV2-0077,LUXIND,BUY,28,28,True,approved,7,7,96,0,False,0,0,0,2
SMV2-0077,ALOKINDS,BUY,3537,3537,True,approved,8,8,96,0,False,0,0,0,1
SMV2-0078,ADANIENT,SELL,68,68,True,approved,9,9,95,0,True,1,0,0,0
SMV2-0078,ALOKINDS,SELL,3537,3537,True,approved,8,8,96,0,True,1,0,0,1
SMV2-0078,LUXIND,SELL,28,28,True,approved,7,7,97,0,True,1,0,0,2
SMV2-0078,MMTC,SELL,1662,1662,True,approved,6,6,98,0,True,1,0,0,3
SMV2-0078,PAGEIND,SELL,3,3,True,approved,5,5,99,0,True,1,0,0,4
SMV2-0078,REDINGTON,SELL,350,350,True,approved,4,4,100,0,True,1,0,0,5
SMV2-0078,BATAINDIA,BUY,58,58,True,approved,3,3,101,0,False,0,0,0,6
SMV2-0078,RELAXO,BUY,80,80,True,approved,4,4,101,0,False,0,0,0,5
SMV2-0078,KHADIM,BUY,315,315,True,approved,5,5,101,0,False,0,0,0,4
SMV2-0078,POLYCAB,BUY,48,48,True,approved,6,6,101,0,False,0,0,0,3
SMV2-0078,ABB,BUY,52,52,True,approved,7,7,100,0,False,0,0,0,2
SMV2-0078,FINCABLES,BUY,185,185,True,approved,8,8,99,0,False,0,0,0,1
SMV2-0080,ABB,SELL,52,52,True,approved,9,9,98,0,True,1,0,0,0
SMV2-0080,BATAINDIA,SELL,58,58,True,approved,8,8,99,0,True,1,0,0,1
SMV2-0080,FINCABLES,SELL,185,185,True,approved,7,7,100,0,True,1,0,0,2
SMV2-0080,KHADIM,SELL,315,315,True,approved,6,6,101,0,True,1,0,0,3
SMV2-0080,POLYCAB,SELL,48,48,True,approved,5,5,102,0,True,1,0,0,4
SMV2-0080,RELAXO,SELL,80,80,True,approved,4,4,103,0,True,1,0,0,5
SMV2-0080,JKPAPER,BUY,416,416,True,approved,3,3,104,0,False,0,0,0,6
SMV2-0080,WSTCSTPAPR,BUY,354,354,True,approved,4,4,103,0,False,0,0,0,5
SMV2-0080,ORIENTPPR,BUY,2997,2997,True,approved,5,5,102,0,False,0,0,0,4
SMV2-0080,VENKEYS,BUY,27,27,True,approved,6,6,101,0,False,0,0,0,3
SMV2-0080,TATACONSUM,BUY,122,122,True,approved,7,7,100,0,False,0,0,0,2
SMV2-0080,AVANTIFEED,BUY,140,140,True,approved,8,8,99,0,False,0,0,0,1
SMV2-0081,AVANTIFEED,SELL,140,140,True,approved,9,9,98,0,True,1,0,0,0
SMV2-0081,JKPAPER,SELL,416,416,True,approved,8,8,99,0,True,1,0,0,1
SMV2-0081,MCDOWELL-N,SELL,144,144,True,approved,7,7,100,0,True,1,0,0,2
SMV2-0081,ORIENTPPR,SELL,2997,2997,True,approved,6,6,101,0,True,1,0,0,3
SMV2-0081,RADICO,SELL,123,123,True,approved,5,5,102,0,True,1,0,0,4
SMV2-0081,TATACONSUM,SELL,122,122,True,approved,4,4,103,0,True,1,0,0,5
SMV2-0081,UBL,SELL,69,69,True,approved,3,3,104,0,True,1,0,0,6
SMV2-0081,VENKEYS,SELL,27,27,True,approved,2,2,105,0,True,1,0,0,7
SMV2-0081,WSTCSTPAPR,SELL,354,354,True,approved,1,1,106,0,True,1,0,0,8
SMV2-0081,INFY,BUY,60,60,True,approved,0,0,107,0,False,0,0,0,9
SMV2-0081,TCS,BUY,29,29,True,approved,1,1,106,0,False,0,0,0,8
SMV2-0081,HAPPSTMNDS,BUY,63,63,True,approved,2,2,105,0,False,0,0,0,7
SMV2-0081,IBREALEST,BUY,651,651,True,approved,3,3,105,0,False,0,0,0,6
SMV2-0081,DLF,BUY,284,284,True,approved,4,4,105,0,False,0,0,0,5
SMV2-0081,GODREJPROP,BUY,59,59,True,approved,5,5,104,0,False,0,0,0,4
SMV2-0081,PAGEIND,BUY,2,2,True,approved,6,6,103,0,False,0,0,0,3
SMV2-0081,BOMDYEING,BUY,924,924,True,approved,7,7,102,0,False,0,0,0,2
SMV2-0081,RAYMOND,BUY,199,199,True,approved,8,8,102,0,False,0,0,0,1
SMV2-0084,DLF,SELL,284,284,True,approved,9,9,101,0,True,1,0,0,0
SMV2-0084,GODREJPROP,SELL,59,59,True,approved,8,8,102,0,True,1,0,0,1
SMV2-0084,HAPPSTMNDS,SELL,63,63,True,approved,7,7,103,0,True,1,0,0,2
SMV2-0084,IBREALEST,SELL,651,651,True,approved,6,6,104,0,True,1,0,0,3
SMV2-0084,TATASTEEL,BUY,65,65,True,approved,5,5,105,0,False,0,0,0,4
SMV2-0084,SAIL,BUY,661,661,True,approved,6,6,104,0,False,0,0,0,3
SMV2-0084,JSWSTEEL,BUY,123,123,True,approved,7,7,103,0,False,0,0,0,2
SMV2-0084,WIPRO,BUY,156,156,True,approved,8,8,102,0,False,0,0,0,1
SMV2-0085,INFY,SELL,60,60,True,approved,9,9,101,0,True,1,0,0,0
SMV2-0085,TCS,SELL,29,29,True,approved,8,8,102,0,True,1,0,0,1
SMV2-0085,WIPRO,SELL,156,156,True,approved,7,7,103,0,True,1,0,0,2
SMV2-0085,TRENT,BUY,104,104,True,approved,6,6,104,0,False,0,0,0,3
SMV2-0085,ABFRL,BUY,449,449,True,approved,7,7,103,0,False,0,0,0,2
SMV2-0085,DMART,BUY,25,25,True,approved,8,8,102,0,False,0,0,0,1
SMV2-0086,BOMDYEING,SELL,924,924,True,approved,9,9,101,0,True,1,0,0,0
SMV2-0086,JSWSTEEL,SELL,123,123,True,approved,8,8,102,0,True,1,0,0,1
SMV2-0086,PAGEIND,SELL,2,2,True,approved,7,7,103,0,True,1,0,0,2
SMV2-0086,RAYMOND,SELL,199,199,True,approved,6,6,104,0,True,1,0,0,3
SMV2-0086,SAIL,SELL,661,661,True,approved,5,5,105,0,True,1,0,0,4
SMV2-0086,TATASTEEL,SELL,65,65,True,approved,4,4,106,0,True,1,0,0,5
SMV2-0086,TITAN,BUY,47,47,True,approved,3,3,107,0,False,0,0,0,6
SMV2-0086,RAJESHEXPO,BUY,144,144,True,approved,4,4,106,0,False,0,0,0,5
SMV2-0086,KALYANKJIL,BUY,1445,1445,True,approved,5,5,105,0,False,0,0,0,4
SMV2-0086,RELIANCE,BUY,41,41,True,approved,6,6,105,0,False,0,0,0,3
SMV2-0086,BPCL,BUY,195,195,True,approved,7,7,105,0,False,0,0,0,2
SMV2-0086,ONGC,BUY,769,769,True,approved,8,8,105,0,False,0,0,0,1
SMV2-0087,ABFRL,SELL,449,449,True,approved,9,9,105,0,True,1,0,0,0
SMV2-0087,DMART,SELL,25,25,True,approved,8,8,106,0,True,1,0,0,1
SMV2-0087,KALYANKJIL,SELL,1445,1445,True,approved,7,7,107,0,True,1,0,0,2
SMV2-0087,RAJESHEXPO,SELL,144,144,True,approved,6,6,108,0,True,1,0,0,3
SMV2-0087,TITAN,SELL,47,47,True,approved,5,5,109,0,True,1,0,0,4
SMV2-0087,TRENT,SELL,104,104,True,approved,4,4,110,0,True,1,0,0,5
SMV2-0087,GAIL,BUY,637,637,True,approved,3,3,111,0,False,0,0,0,6
SMV2-0087,MGL,BUY,80,80,True,approved,4,4,111,0,False,0,0,0,5
SMV2-0087,CONFIPET,BUY,1205,1205,True,approved,5,5,111,0,False,0,0,0,4
SMV2-0087,SBILIFE,BUY,76,76,True,approved,6,6,111,0,False,0,0,0,3
SMV2-0087,HDFCLIFE,BUY,128,128,True,approved,7,7,110,0,False,0,0,0,2
SMV2-0087,ICICIGI,BUY,58,58,True,approved,8,8,109,0,False,0,0,0,1
SMV2-0088,CONFIPET,SELL,1205,1205,True,approved,9,9,109,0,True,1,0,0,0
SMV2-0088,GAIL,SELL,637,637,True,approved,8,8,110,0,True,1,0,0,1
SMV2-0088,MGL,SELL,80,80,True,approved,7,7,111,0,True,1,0,0,2
SMV2-0088,HAL,BUY,67,67,True,approved,6,6,112,0,False,0,0,0,3
SMV2-0088,BEL,BUY,469,469,True,approved,7,7,112,0,False,0,0,0,2
SMV2-0088,INDIGO,BUY,43,43,True,approved,8,8,112,0,False,0,0,0,1
SMV2-0089,HDFCLIFE,SELL,128,128,True,approved,9,9,112,0,True,1,0,0,0
SMV2-0089,ICICIGI,SELL,58,58,True,approved,8,8,113,0,True,1,0,0,1
SMV2-0089,SBILIFE,SELL,76,76,True,approved,7,7,114,0,True,1,0,0,2
SMV2-0089,TITAN,BUY,45,45,True,approved,6,6,115,0,False,0,0,0,3
SMV2-0089,GOLDIAM,BUY,99,99,True,approved,7,7,114,0,False,0,0,0,2
SMV2-0089,RAJESHEXPO,BUY,151,151,True,approved,8,8,114,0,False,0,0,0,1
SMV2-0090,BPCL,SELL,195,195,True,approved,9,9,113,0,True,1,0,0,0
SMV2-0090,GOLDIAM,SELL,99,99,True,approved,8,8,114,0,True,1,0,0,1
SMV2-0090,ONGC,SELL,769,769,True,approved,7,7,115,0,True,1,0,0,2
SMV2-0090,RAJESHEXPO,SELL,151,151,True,approved,6,6,116,0,True,1,0,0,3
SMV2-0090,RELIANCE,SELL,41,41,True,approved,5,5,117,0,True,1,0,0,4
SMV2-0090,TITAN,SELL,45,45,True,approved,4,4,118,0,True,1,0,0,5
SMV2-0090,ASTRAL,BUY,43,43,True,approved,3,3,119,0,False,0,0,0,6
SMV2-0090,POLYPLEX,BUY,53,53,True,approved,4,4,118,0,False,0,0,0,5
SMV2-0090,PRINCEPIPE,BUY,130,130,True,approved,5,5,117,0,False,0,0,0,4
SMV2-0090,EASEMYTRIP,BUY,145,145,True,approved,6,6,116,0,False,0,0,0,3
SMV2-0090,INDHOTEL,BUY,620,620,True,approved,7,7,116,0,False,0,0,0,2
SMV2-0090,BLS,BUY,315,315,True,approved,8,8,115,0,False,0,0,0,1
SMV2-0091,ASTRAL,SELL,43,43,True,approved,9,9,115,0,True,1,0,0,0
SMV2-0091,BEL,SELL,469,469,True,approved,8,8,116,0,True,1,0,0,1
SMV2-0091,HAL,SELL,67,67,True,approved,7,7,117,0,True,1,0,0,2
SMV2-0091,INDIGO,SELL,43,43,True,approved,6,6,118,0,True,1,0,0,3
SMV2-0091,POLYPLEX,SELL,53,53,True,approved,5,5,119,0,True,1,0,0,4
SMV2-0091,PRINCEPIPE,SELL,130,130,True,approved,4,4,120,0,True,1,0,0,5
SMV2-0091,BLS,BUY,78,78,True,approved,3,3,121,0,True,0,0,0,6
SMV2-0091,INDHOTEL,SELL,117,117,True,approved,3,3,121,0,True,0,0,0,6
SMV2-0091,DLF,BUY,221,221,True,approved,3,3,121,0,False,0,0,0,6
SMV2-0091,GODREJPROP,BUY,41,41,True,approved,4,4,120,0,False,0,0,0,5
SMV2-0091,OBEROIRLTY,BUY,97,97,True,approved,5,5,119,0,False,0,0,0,4
SMV2-0091,ZEEL,BUY,300,300,True,approved,6,6,118,0,False,0,0,0,3
SMV2-0091,SUNTV,BUY,177,177,True,approved,7,7,117,0,False,0,0,0,2
SMV2-0091,TV18BRDCST,BUY,2394,2394,True,approved,8,8,116,0,False,0,0,0,1
SMV2-0092,BLS,SELL,393,393,True,approved,9,9,115,0,True,1,0,0,0
SMV2-0092,CHALET,BUY,403,403,True,approved,8,8,116,0,False,0,0,0,1
SMV2-0093,SUNTV,SELL,177,177,True,approved,9,9,115,0,True,1,0,0,0
SMV2-0093,TV18BRDCST,SELL,2394,2394,True,approved,8,8,116,0,True,1,0,0,1
SMV2-0093,ZEEL,SELL,300,300,True,approved,7,7,117,0,True,1,0,0,2
SMV2-0093,DMART,BUY,21,21,True,approved,6,6,118,0,False,0,0,0,3
SMV2-0093,ABFRL,BUY,370,370,True,approved,7,7,117,0,False,0,0,0,2
SMV2-0093,TRENT,BUY,86,86,True,approved,8,8,116,0,False,0,0,0,1
SMV2-0094,LEMONTREE,BUY,276,0,False,maximum open positions reached,9,9,115,0,False,0,0,0,0
SMV2-0095,CHALET,SELL,403,403,True,approved,9,9,115,0,True,1,0,0,0
SMV2-0095,DLF,SELL,221,221,True,approved,8,8,116,0,True,1,0,0,1
SMV2-0095,GODREJPROP,SELL,41,41,True,approved,7,7,117,0,True,1,0,0,2
SMV2-0095,INDHOTEL,SELL,503,503,True,approved,6,6,118,0,True,1,0,0,3
SMV2-0095,OBEROIRLTY,SELL,97,97,True,approved,5,5,119,0,True,1,0,0,4
SMV2-0095,MCDOWELL-N,BUY,113,113,True,approved,4,4,120,0,False,0,0,0,5
SMV2-0095,RADICO,BUY,86,86,True,approved,5,5,119,0,False,0,0,0,4
SMV2-0095,UBL,BUY,58,58,True,approved,6,6,118,0,False,0,0,0,3
SMV2-0095,TATAPOWER,BUY,424,424,True,approved,7,7,117,0,False,0,0,0,2
SMV2-0095,IEX,BUY,123,123,True,approved,8,8,117,0,False,0,0,0,1
SMV2-0095,NTPC,BUY,115,0,False,maximum open positions reached,9,9,117,0,False,0,0,0,0
SMV2-0096,IEX,SELL,123,123,True,approved,9,9,117,0,True,1,0,0,0
SMV2-0096,TATAPOWER,SELL,424,424,True,approved,8,8,118,0,True,1,0,0,1
SMV2-0096,BATAINDIA,BUY,48,48,True,approved,7,7,119,0,False,0,0,0,2
SMV2-0096,RELAXO,BUY,72,72,True,approved,8,8,118,0,False,0,0,0,1
SMV2-0096,MIRZAINT,BUY,82,0,False,maximum open positions reached,9,9,117,0,False,0,0,0,0
SMV2-0097,MIRZAINT,BUY,64,0,False,maximum open positions reached,9,9,117,0,False,0,0,0,0
SMV2-0098,MCDOWELL-N,SELL,113,113,True,approved,9,9,117,0,True,1,0,0,0
SMV2-0098,RADICO,SELL,86,86,True,approved,8,8,118,0,True,1,0,0,1
SMV2-0098,UBL,SELL,58,58,True,approved,7,7,119,0,True,1,0,0,2
SMV2-0098,MIRZAINT,BUY,1226,1226,True,approved,6,6,120,0,False,0,0,0,3
SMV2-0098,ZEEL,BUY,322,322,True,approved,7,7,120,0,False,0,0,0,2
SMV2-0098,SUNTV,BUY,179,179,True,approved,8,8,119,0,False,0,0,0,1
SMV2-0098,TV18BRDCST,BUY,33,0,False,maximum open positions reached,9,9,118,0,False,0,0,0,0
SMV2-0099,ABFRL,SELL,370,370,True,approved,9,9,118,0,True,1,0,0,0
SMV2-0099,DMART,SELL,21,21,True,approved,8,8,119,0,True,1,0,0,1
SMV2-0099,SUNTV,SELL,179,179,True,approved,7,7,120,0,True,1,0,0,2
SMV2-0099,TRENT,SELL,86,86,True,approved,6,6,121,0,True,1,0,0,3
SMV2-0099,ZEEL,SELL,322,322,True,approved,5,5,122,0,True,1,0,0,4
SMV2-0099,POLYCAB,BUY,39,39,True,approved,4,4,123,0,False,0,0,0,5
SMV2-0099,ABB,BUY,45,45,True,approved,5,5,122,0,False,0,0,0,4
SMV2-0099,KEI,BUY,95,95,True,approved,6,6,121,0,False,0,0,0,3
SMV2-0099,PAGEIND,BUY,2,2,True,approved,7,7,121,0,False,0,0,0,2
SMV2-0099,TRIDENT,BUY,2178,2178,True,approved,8,8,120,0,False,0,0,0,1
SMV2-0099,ARVIND,BUY,248,0,False,maximum open positions reached,9,9,120,0,False,0,0,0,0
SMV2-0100,BATAINDIA,SELL,48,48,True,approved,9,9,120,0,True,1,0,0,0
SMV2-0100,MIRZAINT,SELL,1226,1226,True,approved,8,8,121,0,True,1,0,0,1
SMV2-0100,RELAXO,SELL,72,72,True,approved,7,7,122,0,True,1,0,0,2
SMV2-0100,TRIDENT,SELL,499,499,True,approved,6,6,123,0,True,0,0,0,3
SMV2-0100,ARVIND,BUY,871,871,True,approved,6,6,123,0,False,0,0,0,3
SMV2-0100,IRCTC,BUY,124,124,True,approved,7,7,122,0,False,0,0,0,2
SMV2-0100,INFY,BUY,57,57,True,approved,8,8,121,0,False,0,0,0,1
SMV2-0100,TCS,BUY,15,0,False,maximum open positions reached,9,9,120,0,False,0,0,0,0
SMV2-0101,ABB,SELL,45,45,True,approved,9,9,120,0,True,1,0,0,0
SMV2-0101,ARVIND,SELL,871,871,True,approved,8,8,121,0,True,1,0,0,1
SMV2-0101,KEI,SELL,95,95,True,approved,7,7,122,0,True,1,0,0,2
SMV2-0101,PAGEIND,SELL,2,2,True,approved,6,6,123,0,True,1,0,0,3
SMV2-0101,POLYCAB,SELL,39,39,True,approved,5,5,124,0,True,1,0,0,4
SMV2-0101,TRIDENT,SELL,1679,1679,True,approved,4,4,125,0,True,1,0,0,5
SMV2-0101,BHARTIARTL,BUY,137,137,True,approved,3,3,126,0,False,0,0,0,6
SMV2-0101,INDUSTOWER,BUY,352,352,True,approved,4,4,125,0,False,0,0,0,5
SMV2-0101,TTML,BUY,722,722,True,approved,5,5,125,0,False,0,0,0,4
SMV2-0101,TCS,BUY,27,27,True,approved,6,6,125,0,False,0,0,0,3
SMV2-0101,BATAINDIA,BUY,52,52,True,approved,7,7,124,0,False,0,0,0,2
SMV2-0101,MIRZAINT,BUY,923,923,True,approved,8,8,123,0,False,0,0,0,1
SMV2-0101,RELAXO,BUY,8,0,False,maximum open positions reached,9,9,122,0,False,0,0,0,0
SMV2-0102,MIRZAINT,SELL,147,147,True,approved,9,9,122,0,True,0,0,0,0
SMV2-0102,HFCL,BUY,345,0,False,maximum open positions reached,9,9,122,0,False,0,0,0,0
SMV2-0102,RELAXO,BUY,23,0,False,maximum open positions reached,9,9,122,0,False,0,0,0,0
SMV2-0103,BATAINDIA,SELL,52,52,True,approved,9,9,122,0,True,1,0,0,0
SMV2-0103,MIRZAINT,SELL,776,776,True,approved,8,8,123,0,True,1,0,0,1
SMV2-0103,ZEEL,BUY,287,287,True,approved,7,7,124,0,False,0,0,0,2
SMV2-0103,TV18BRDCST,BUY,2166,2166,True,approved,8,8,123,0,False,0,0,0,1
SMV2-0103,NETWORK18,BUY,239,0,False,maximum open positions reached,9,9,122,0,False,0,0,0,0
SMV2-0103,HFCL,BUY,274,0,False,maximum open positions reached,9,9,122,0,False,0,0,0,0
SMV2-0104,BHARTIARTL,SELL,137,137,True,approved,9,9,122,0,True,1,0,0,0
SMV2-0104,INDUSTOWER,SELL,352,352,True,approved,8,8,123,0,True,1,0,0,1
SMV2-0104,POLYCAB,BUY,42,42,True,approved,7,7,124,0,False,0,0,0,2
SMV2-0104,ABB,BUY,43,43,True,approved,8,8,123,0,False,0,0,0,1
SMV2-0104,KEI,BUY,5,0,False,maximum open positions reached,9,9,122,0,False,0,0,0,0
SMV2-0104,NETWORK18,BUY,64,0,False,maximum open positions reached,9,9,122,0,False,0,0,0,0
SMV2-0105,IRCTC,SELL,124,124,True,approved,9,9,122,0,True,1,0,0,0
SMV2-0105,WIPRO,BUY,137,137,True,approved,8,8,123,0,False,0,0,0,1
SMV2-0105,KEI,BUY,8,0,False,maximum open positions reached,9,9,122,0,False,0,0,0,0
SMV2-0105,NETWORK18,BUY,112,0,False,maximum open positions reached,9,9,122,0,False,0,0,0,0
SMV2-0106,EASEMYTRIP,SELL,145,145,True,approved,9,9,122,0,True,1,0,0,0
SMV2-0106,TV18BRDCST,SELL,2166,2166,True,approved,8,8,123,0,True,1,0,0,1
SMV2-0106,ZEEL,SELL,287,287,True,approved,7,7,124,0,True,1,0,0,2
SMV2-0106,TRIDENT,BUY,1835,1835,True,approved,6,6,125,0,False,0,0,0,3
SMV2-0106,BOMDYEING,BUY,877,877,True,approved,7,7,124,0,False,0,0,0,2
SMV2-0106,PAGEIND,BUY,1,1,True,approved,8,8,123,0,False,0,0,0,1
SMV2-0106,KEI,BUY,37,0,False,maximum open positions reached,9,9,122,0,False,0,0,0,0
SMV2-0107,ABB,SELL,43,43,True,approved,9,9,122,0,True,1,0,0,0
SMV2-0107,POLYCAB,SELL,42,42,True,approved,8,8,123,0,True,1,0,0,1
SMV2-0107,PAGEIND,BUY,1,1,True,approved,7,7,124,0,True,0,0,0,2
SMV2-0107,TRIDENT,SELL,314,314,True,approved,7,7,124,0,True,0,0,0,2
SMV2-0107,GREAVESCOT,BUY,444,444,True,approved,7,7,124,0,False,0,0,0,2
SMV2-0107,BHEL,BUY,1608,1608,True,approved,8,8,124,0,False,0,0,0,1
SMV2-0107,LTTS,BUY,4,0,False,maximum open positions reached,9,9,123,0,False,0,0,0,0
SMV2-0108,INFY,SELL,57,57,True,approved,9,9,123,0,True,1,0,0,0
SMV2-0108,TCS,SELL,27,27,True,approved,8,8,124,0,True,1,0,0,1
SMV2-0108,WIPRO,SELL,137,137,True,approved,7,7,125,0,True,1,0,0,2
SMV2-0108,ALOKINDS,BUY,3147,3147,True,approved,6,6,126,0,False,0,0,0,3
SMV2-0108,INDHOTEL,BUY,485,485,True,approved,7,7,125,0,False,0,0,0,2
SMV2-0108,COFFEEDAY,BUY,1289,1289,True,approved,8,8,124,0,False,0,0,0,1
SMV2-0108,LEMONTREE,BUY,281,0,False,maximum open positions reached,9,9,124,0,False,0,0,0,0
SMV2-0108,LTTS,BUY,2,0,False,maximum open positions reached,9,9,124,0,False,0,0,0,0
SMV2-0109,BHEL,SELL,1608,1608,True,approved,9,9,124,0,True,1,0,0,0
SMV2-0109,GREAVESCOT,SELL,444,444,True,approved,8,8,125,0,True,1,0,0,1
SMV2-0109,LEMONTREE,BUY,1950,1950,True,approved,7,7,126,0,False,0,0,0,2
SMV2-0109,RELIANCE,BUY,41,41,True,approved,8,8,125,0,False,0,0,0,1
SMV2-0109,ONGC,BUY,43,0,False,maximum open positions reached,9,9,124,0,False,0,0,0,0
SMV2-0109,BPCL,BUY,18,0,False,maximum open positions reached,9,9,124,0,False,0,0,0,0
SMV2-0110,ONGC,BUY,43,0,False,maximum open positions reached,9,9,124,0,False,0,0,0,0
SMV2-0110,BPCL,BUY,19,0,False,maximum open positions reached,9,9,124,0,False,0,0,0,0
SMV2-0111,ALOKINDS,SELL,3147,3147,True,approved,9,9,124,0,True,1,0,0,0
SMV2-0111,BOMDYEING,SELL,877,877,True,approved,8,8,125,0,True,1,0,0,1
SMV2-0111,PAGEIND,SELL,2,2,True,approved,7,7,126,0,True,1,0,0,2
SMV2-0111,COFFEEDAY,BUY,291,291,True,approved,6,6,127,0,True,0,0,0,3
SMV2-0111,ZEEL,BUY,362,362,True,approved,6,6,127,0,False,0,0,0,3
SMV2-0111,TV18BRDCST,BUY,1325,1325,True,approved,7,7,126,0,False,0,0,0,2
SMV2-0111,SUNTV,BUY,141,141,True,approved,8,8,125,0,False,0,0,0,1
SMV2-0113,RELIANCE,SELL,41,41,True,approved,9,9,124,0,True,1,0,0,0
SMV2-0113,SUNTV,BUY,58,58,True,approved,8,8,125,0,True,0,0,0,1
SMV2-0113,JINDALPOLY,BUY,67,67,True,approved,8,8,125,0,False,0,0,0,1
SMV2-0115,JINDALPOLY,SELL,67,67,True,approved,9,9,125,0,True,1,0,0,0
SMV2-0115,SUNTV,SELL,199,199,True,approved,8,8,126,0,True,1,0,0,1
SMV2-0115,TV18BRDCST,SELL,1325,1325,True,approved,7,7,127,0,True,1,0,0,2
SMV2-0115,ZEEL,SELL,362,362,True,approved,6,6,128,0,True,1,0,0,3
SMV2-0115,RELIANCE,BUY,38,38,True,approved,5,5,129,0,False,0,0,0,4
SMV2-0115,ONGC,BUY,534,534,True,approved,6,6,128,0,False,0,0,0,3
SMV2-0115,BPCL,BUY,258,258,True,approved,7,7,127,0,False,0,0,0,2
SMV2-0115,JKPAPER,BUY,221,221,True,approved,8,8,126,0,False,0,0,0,1
SMV2-0116,BPCL,SELL,258,258,True,approved,9,9,125,0,True,1,0,0,0
SMV2-0116,ONGC,SELL,534,534,True,approved,8,8,126,0,True,1,0,0,1
SMV2-0116,RELIANCE,SELL,38,38,True,approved,7,7,127,0,True,1,0,0,2
SMV2-0116,JKPAPER,BUY,88,88,True,approved,6,6,128,0,True,0,0,0,3
SMV2-0116,WSTCSTPAPR,BUY,295,295,True,approved,6,6,128,0,False,0,0,0,3
SMV2-0116,SATIA,BUY,856,856,True,approved,7,7,127,0,False,0,0,0,2
SMV2-0116,TATASTEEL,BUY,46,46,True,approved,8,8,127,0,False,0,0,0,1
SMV2-0116,HINDALCO,BUY,1,0,False,maximum open positions reached,9,9,126,0,False,0,0,0,0
SMV2-0116,VEDL,BUY,2,0,False,maximum open positions reached,9,9,126,0,False,0,0,0,0
SMV2-0117,LEMONTREE,SELL,405,405,True,approved,9,9,126,0,True,0,0,0,0
SMV2-0117,TATASTEEL,BUY,19,19,True,approved,9,9,126,0,True,0,0,0,0
SMV2-0117,VEDL,BUY,1,0,False,maximum open positions reached,9,9,126,0,False,0,0,0,0
SMV2-0118,COFFEEDAY,SELL,1580,1580,True,approved,9,9,126,0,True,1,0,0,0
SMV2-0118,TATASTEEL,SELL,65,65,True,approved,8,8,127,0,True,1,0,0,1
SMV2-0118,TTML,SELL,722,722,True,approved,7,7,128,0,True,1,0,0,2
SMV2-0118,ZEEL,BUY,343,343,True,approved,6,6,129,0,False,0,0,0,3
SMV2-0118,TV18BRDCST,BUY,1358,1358,True,approved,7,7,128,0,False,0,0,0,2
SMV2-0118,SUNTV,BUY,204,204,True,approved,8,8,127,0,False,0,0,0,1
SMV2-0119,SUNTV,SELL,204,204,True,approved,9,9,126,0,True,1,0,0,0
SMV2-0119,TV18BRDCST,SELL,1358,1358,True,approved,8,8,127,0,True,1,0,0,1
SMV2-0119,ZEEL,SELL,343,343,True,approved,7,7,128,0,True,1,0,0,2
SMV2-0119,EASEMYTRIP,BUY,245,245,True,approved,6,6,129,0,False,0,0,0,3
SMV2-0119,UFLEX,BUY,153,153,True,approved,7,7,128,0,False,0,0,0,2
SMV2-0119,JINDALPOLY,BUY,79,79,True,approved,8,8,128,0,False,0,0,0,1
SMV2-0121,EASEMYTRIP,SELL,245,245,True,approved,9,9,127,0,True,1,0,0,0
SMV2-0121,INDHOTEL,SELL,485,485,True,approved,8,8,128,0,True,1,0,0,1
SMV2-0121,LEMONTREE,SELL,1545,1545,True,approved,7,7,129,0,True,1,0,0,2
SMV2-0121,TRIDENT,SELL,1521,1521,True,approved,6,6,130,0,True,1,0,0,3
SMV2-0121,RELIANCE,BUY,37,37,True,approved,5,5,131,0,False,0,0,0,4
SMV2-0121,ONGC,BUY,595,595,True,approved,6,6,130,0,False,0,0,0,3
SMV2-0121,IOC,BUY,766,766,True,approved,7,7,129,0,False,0,0,0,2
SMV2-0121,HUHTAMAKI,BUY,493,493,True,approved,8,8,129,0,False,0,0,0,1
SMV2-0123,JKPAPER,SELL,309,309,True,approved,9,9,129,0,True,1,0,0,0
SMV2-0123,SATIA,SELL,856,856,True,approved,8,8,130,0,True,1,0,0,1
SMV2-0123,WSTCSTPAPR,SELL,295,295,True,approved,7,7,131,0,True,1,0,0,2
SMV2-0123,ADANIENT,BUY,43,43,True,approved,6,6,132,0,False,0,0,0,3
SMV2-0123,REDINGTON,BUY,697,697,True,approved,7,7,131,0,False,0,0,0,2
SMV2-0123,MMTC,BUY,2242,2242,True,approved,8,8,130,0,False,0,0,0,1
SMV2-0124,ADANIENT,SELL,43,43,True,approved,9,9,129,0,True,1,0,0,0
SMV2-0124,HUHTAMAKI,SELL,493,493,True,approved,8,8,130,0,True,1,0,0,1
SMV2-0124,JINDALPOLY,SELL,79,79,True,approved,7,7,131,0,True,1,0,0,2
SMV2-0124,MMTC,SELL,2242,2242,True,approved,6,6,132,0,True,1,0,0,3
SMV2-0124,REDINGTON,SELL,697,697,True,approved,5,5,133,0,True,1,0,0,4
SMV2-0124,UFLEX,SELL,153,153,True,approved,4,4,134,0,True,1,0,0,5
SMV2-0124,HINDUNILVR,BUY,41,41,True,approved,3,3,135,0,False,0,0,0,6
SMV2-0124,JUBLFOOD,BUY,186,186,True,approved,4,4,135,0,False,0,0,0,5
SMV2-0124,BRITANNIA,BUY,27,27,True,approved,5,5,135,0,False,0,0,0,4
SMV2-0124,MARUTI,BUY,12,12,True,approved,6,6,135,0,False,0,0,0,3
SMV2-0124,M&M,BUY,101,101,True,approved,7,7,134,0,False,0,0,0,2
SMV2-0124,HEROMOTOCO,BUY,37,37,True,approved,8,8,134,0,False,0,0,0,1
SMV2-0126,IOC,SELL,766,766,True,approved,9,9,134,0,True,1,0,0,0
SMV2-0126,ONGC,SELL,595,595,True,approved,8,8,135,0,True,1,0,0,1
SMV2-0126,RELIANCE,SELL,37,37,True,approved,7,7,136,0,True,1,0,0,2
SMV2-0126,HDFCLIFE,BUY,157,157,True,approved,6,6,137,0,False,0,0,0,3
SMV2-0126,SBILIFE,BUY,84,84,True,approved,7,7,136,0,False,0,0,0,2
SMV2-0126,ICICIPRULI,BUY,154,154,True,approved,8,8,135,0,False,0,0,0,1
SMV2-0127,BRITANNIA,SELL,27,27,True,approved,9,9,134,0,True,1,0,0,0
SMV2-0127,HINDUNILVR,SELL,41,41,True,approved,8,8,135,0,True,1,0,0,1
SMV2-0127,JUBLFOOD,SELL,186,186,True,approved,7,7,136,0,True,1,0,0,2
SMV2-0127,HAL,BUY,49,49,True,approved,6,6,137,0,False,0,0,0,3
SMV2-0127,BEL,BUY,393,393,True,approved,7,7,136,0,False,0,0,0,2
SMV2-0127,INDIGO,BUY,52,52,True,approved,8,8,135,0,False,0,0,0,1
SMV2-0128,HDFCLIFE,SELL,157,157,True,approved,9,9,134,0,True,1,0,0,0
SMV2-0128,HEROMOTOCO,SELL,37,37,True,approved,8,8,135,0,True,1,0,0,1
SMV2-0128,ICICIPRULI,SELL,154,154,True,approved,7,7,136,0,True,1,0,0,2
SMV2-0128,SBILIFE,SELL,84,84,True,approved,6,6,137,0,True,1,0,0,3
SMV2-0128,RELIANCE,BUY,35,35,True,approved,5,5,138,0,False,0,0,0,4
SMV2-0128,ONGC,BUY,581,581,True,approved,6,6,137,0,False,0,0,0,3
SMV2-0128,MRPL,BUY,806,806,True,approved,7,7,136,0,False,0,0,0,2
SMV2-0128,ASHOKLEY,BUY,665,665,True,approved,8,8,136,0,False,0,0,0,1
SMV2-0129,MRPL,SELL,806,806,True,approved,9,9,136,0,True,1,0,0,0
SMV2-0129,ONGC,SELL,581,581,True,approved,8,8,137,0,True,1,0,0,1
SMV2-0129,RELIANCE,SELL,35,35,True,approved,7,7,138,0,True,1,0,0,2
SMV2-0129,BATAINDIA,BUY,53,53,True,approved,6,6,139,0,False,0,0,0,3
SMV2-0129,MIRZAINT,BUY,393,393,True,approved,7,7,138,0,False,0,0,0,2
SMV2-0129,METROBRAND,BUY,126,126,True,approved,8,8,137,0,False,0,0,0,1
SMV2-0130,ASHOKLEY,SELL,665,665,True,approved,9,9,137,0,True,1,0,0,0
SMV2-0130,BATAINDIA,SELL,53,53,True,approved,8,8,138,0,True,1,0,0,1
SMV2-0130,BEL,SELL,393,393,True,approved,7,7,139,0,True,1,0,0,2
SMV2-0130,HAL,SELL,49,49,True,approved,6,6,140,0,True,1,0,0,3
SMV2-0130,INDIGO,SELL,52,52,True,approved,5,5,141,0,True,1,0,0,4
SMV2-0130,METROBRAND,SELL,126,126,True,approved,4,4,142,0,True,1,0,0,5
SMV2-0130,MIRZAINT,SELL,393,393,True,approved,3,3,143,0,True,1,0,0,6
SMV2-0130,M&M,SELL,18,18,True,approved,2,2,144,0,True,0,0,0,7
SMV2-0130,BAJAJ-AUTO,BUY,23,23,True,approved,2,2,144,0,False,0,0,0,7
SMV2-0130,RELIANCE,BUY,35,35,True,approved,3,3,143,0,False,0,0,0,6
SMV2-0130,ONGC,BUY,652,652,True,approved,4,4,142,0,False,0,0,0,5
SMV2-0130,MRPL,BUY,1064,1064,True,approved,5,5,141,0,False,0,0,0,4
SMV2-0130,MCDOWELL-N,BUY,118,118,True,approved,6,6,140,0,False,0,0,0,3
SMV2-0130,UBL,BUY,60,60,True,approved,7,7,139,0,False,0,0,0,2
SMV2-0130,RADICO,BUY,103,103,True,approved,8,8,138,0,False,0,0,0,1
SMV2-0131,MRPL,SELL,1064,1064,True,approved,9,9,137,0,True,1,0,0,0
SMV2-0131,ONGC,SELL,652,652,True,approved,8,8,138,0,True,1,0,0,1
SMV2-0131,RELIANCE,SELL,35,35,True,approved,7,7,139,0,True,1,0,0,2
SMV2-0131,JKPAPER,BUY,290,290,True,approved,6,6,140,0,False,0,0,0,3
SMV2-0131,WSTCSTPAPR,BUY,254,254,True,approved,7,7,139,0,False,0,0,0,2
SMV2-0131,SATIA,BUY,592,592,True,approved,8,8,138,0,False,0,0,0,1
SMV2-0132,JKPAPER,SELL,290,290,True,approved,9,9,137,0,True,1,0,0,0
SMV2-0132,MCDOWELL-N,SELL,118,118,True,approved,8,8,138,0,True,1,0,0,1
SMV2-0132,RADICO,SELL,103,103,True,approved,7,7,139,0,True,1,0,0,2
SMV2-0132,SATIA,SELL,592,592,True,approved,6,6,140,0,True,1,0,0,3
SMV2-0132,UBL,SELL,60,60,True,approved,5,5,141,0,True,1,0,0,4
SMV2-0132,WSTCSTPAPR,SELL,254,254,True,approved,4,4,142,0,True,1,0,0,5
SMV2-0132,HINDUNILVR,BUY,36,36,True,approved,3,3,143,0,False,0,0,0,6
SMV2-0132,JUBLFOOD,BUY,157,157,True,approved,4,4,142,0,False,0,0,0,5
SMV2-0132,BRITANNIA,BUY,23,23,True,approved,5,5,141,0,False,0,0,0,4
SMV2-0132,TITAN,BUY,41,41,True,approved,6,6,140,0,False,0,0,0,3
SMV2-0132,RAJESHEXPO,BUY,152,152,True,approved,7,7,139,0,False,0,0,0,2
SMV2-0132,VAIBHAVGBL,BUY,264,264,True,approved,8,8,138,0,False,0,0,0,1
SMV2-0133,RAJESHEXPO,SELL,152,152,True,approved,9,9,137,0,True,1,0,0,0
SMV2-0133,TITAN,SELL,41,41,True,approved,8,8,138,0,True,1,0,0,1
SMV2-0133,VAIBHAVGBL,SELL,264,264,True,approved,7,7,139,0,True,1,0,0,2
SMV2-0133,DIXON,BUY,24,24,True,approved,6,6,140,0,False,0,0,0,3
SMV2-0133,VOLTAS,BUY,92,92,True,approved,7,7,139,0,False,0,0,0,2
SMV2-0133,CROMPTON,BUY,195,195,True,approved,8,8,138,0,False,0,0,0,1
SMV2-0134,BAJAJ-AUTO,SELL,23,23,True,approved,9,9,137,0,True,1,0,0,0
SMV2-0134,BRITANNIA,SELL,23,23,True,approved,8,8,138,0,True,1,0,0,1
SMV2-0134,HINDUNILVR,SELL,36,36,True,approved,7,7,139,0,True,1,0,0,2
SMV2-0134,JUBLFOOD,SELL,157,157,True,approved,6,6,140,0,True,1,0,0,3
SMV2-0134,M&M,SELL,83,83,True,approved,5,5,141,0,True,1,0,0,4
SMV2-0134,MARUTI,SELL,12,12,True,approved,4,4,142,0,True,1,0,0,5
SMV2-0134,CROMPTON,BUY,49,49,True,approved,3,3,143,0,True,0,0,0,6
SMV2-0134,JKPAPER,BUY,278,278,True,approved,3,3,143,0,False,0,0,0,6
SMV2-0134,WSTCSTPAPR,BUY,245,245,True,approved,4,4,142,0,False,0,0,0,5
SMV2-0134,TNPL,BUY,432,432,True,approved,5,5,141,0,False,0,0,0,4
SMV2-0134,DLF,BUY,256,256,True,approved,6,6,141,0,False,0,0,0,3
SMV2-0134,GODREJPROP,BUY,63,63,True,approved,7,7,140,0,False,0,0,0,2
SMV2-0134,OBEROIRLTY,BUY,103,103,True,approved,8,8,139,0,False,0,0,0,1
SMV2-0135,DLF,SELL,256,256,True,approved,9,9,138,0,True,1,0,0,0
SMV2-0135,GODREJPROP,SELL,63,63,True,approved,8,8,139,0,True,1,0,0,1
SMV2-0135,JKPAPER,SELL,278,278,True,approved,7,7,140,0,True,1,0,0,2
SMV2-0135,OBEROIRLTY,SELL,103,103,True,approved,6,6,141,0,True,1,0,0,3
SMV2-0135,TNPL,SELL,432,432,True,approved,5,5,142,0,True,1,0,0,4
SMV2-0135,WSTCSTPAPR,SELL,245,245,True,approved,4,4,143,0,True,1,0,0,5
SMV2-0135,BEL,BUY,348,348,True,approved,3,3,144,0,False,0,0,0,6
SMV2-0135,HAL,BUY,47,47,True,approved,4,4,143,0,False,0,0,0,5
SMV2-0135,INDIGO,BUY,50,50,True,approved,5,5,142,0,False,0,0,0,4
SMV2-0135,HDFCBANK,BUY,66,66,True,approved,6,6,141,0,False,0,0,0,3
SMV2-0135,ICICIBANK,BUY,117,117,True,approved,7,7,140,0,False,0,0,0,2
SMV2-0135,AXISBANK,BUY,132,132,True,approved,8,8,139,0,False,0,0,0,1
SMV2-0136,CROMPTON,SELL,244,244,True,approved,9,9,138,0,True,1,0,0,0
SMV2-0136,DIXON,SELL,24,24,True,approved,8,8,139,0,True,1,0,0,1
SMV2-0136,VOLTAS,SELL,92,92,True,approved,7,7,140,0,True,1,0,0,2
SMV2-0136,JKPAPER,BUY,251,251,True,approved,6,6,141,0,False,0,0,0,3
SMV2-0136,WSTCSTPAPR,BUY,193,193,True,approved,7,7,140,0,False,0,0,0,2
SMV2-0136,TNPL,BUY,373,373,True,approved,8,8,139,0,False,0,0,0,1
SMV2-0138,AXISBANK,SELL,132,132,True,approved,9,9,138,0,True,1,0,0,0
SMV2-0138,HDFCBANK,SELL,66,66,True,approved,8,8,139,0,True,1,0,0,1
SMV2-0138,ICICIBANK,SELL,117,117,True,approved,7,7,140,0,True,1,0,0,2
SMV2-0138,ZEEL,BUY,387,387,True,approved,6,6,141,0,False,0,0,0,3
SMV2-0138,SUNTV,BUY,205,205,True,approved,7,7,140,0,False,0,0,0,2
SMV2-0138,NDTV,BUY,265,265,True,approved,8,8,139,0,False,0,0,0,1
SMV2-0140,NDTV,SELL,63,63,True,approved,9,9,139,0,True,0,0,0,0
SMV2-0141,BEL,SELL,348,348,True,approved,9,9,139,0,True,1,0,0,0
SMV2-0141,HAL,SELL,47,47,True,approved,8,8,140,0,True,1,0,0,1
SMV2-0141,INDIGO,SELL,50,50,True,approved,7,7,141,0,True,1,0,0,2
SMV2-0141,JKPAPER,SELL,251,251,True,approved,6,6,142,0,True,1,0,0,3
SMV2-0141,TNPL,SELL,373,373,True,approved,5,5,143,0,True,1,0,0,4
SMV2-0141,WSTCSTPAPR,SELL,193,193,True,approved,4,4,144,0,True,1,0,0,5
SMV2-0141,NDTV,BUY,51,51,True,approved,3,3,145,0,True,0,0,0,6
SMV2-0141,UFLEX,BUY,138,138,True,approved,3,3,145,0,False,0,0,0,6
SMV2-0141,AGI,BUY,290,290,True,approved,4,4,144,0,False,0,0,0,5
SMV2-0141,TCPLPACK,BUY,78,78,True,approved,5,5,144,0,False,0,0,0,4
SMV2-0141,DLF,BUY,268,268,True,approved,6,6,144,0,False,0,0,0,3
SMV2-0141,IBREALEST,BUY,1230,1230,True,approved,7,7,143,0,False,0,0,0,2
SMV2-0141,GODREJPROP,BUY,75,75,True,approved,8,8,142,0,False,0,0,0,1
SMV2-0142,AGI,SELL,290,290,True,approved,9,9,141,0,True,1,0,0,0
SMV2-0142,DLF,SELL,268,268,True,approved,8,8,142,0,True,1,0,0,1
SMV2-0142,GODREJPROP,SELL,75,75,True,approved,7,7,143,0,True,1,0,0,2
SMV2-0142,IBREALEST,SELL,1230,1230,True,approved,6,6,144,0,True,1,0,0,3
SMV2-0142,SUNTV,SELL,205,205,True,approved,5,5,145,0,True,1,0,0,4
SMV2-0142,TCPLPACK,SELL,78,78,True,approved,4,4,146,0,True,1,0,0,5
SMV2-0142,UFLEX,SELL,138,138,True,approved,3,3,147,0,True,1,0,0,6
SMV2-0142,ZEEL,SELL,387,387,True,approved,2,2,148,0,True,1,0,0,7
SMV2-0142,INDHOTEL,BUY,320,320,True,approved,1,1,149,0,False,0,0,0,8
SMV2-0142,BLS,BUY,362,362,True,approved,2,2,148,0,False,0,0,0,7
SMV2-0142,EASEMYTRIP,BUY,243,243,True,approved,3,3,147,0,False,0,0,0,6
SMV2-0142,INDIGO,BUY,55,55,True,approved,4,4,146,0,False,0,0,0,5
SMV2-0142,HAL,BUY,41,41,True,approved,5,5,145,0,False,0,0,0,4
SMV2-0142,BEL,BUY,909,909,True,approved,6,6,144,0,False,0,0,0,3
SMV2-0142,CONCOR,BUY,137,137,True,approved,7,7,143,0,False,0,0,0,2
SMV2-0142,ALLCARGO,BUY,241,241,True,approved,8,8,142,0,False,0,0,0,1
SMV2-0144,BEL,SELL,909,909,True,approved,9,9,142,0,True,1,0,0,0
SMV2-0144,HAL,SELL,41,41,True,approved,8,8,143,0,True,1,0,0,1
SMV2-0144,INDIGO,SELL,55,55,True,approved,7,7,144,0,True,1,0,0,2
SMV2-0144,CAMPUS,BUY,172,172,True,approved,6,6,145,0,False,0,0,0,3
SMV2-0144,BATAINDIA,BUY,54,54,True,approved,7,7,145,0,False,0,0,0,2
SMV2-0144,METROBRAND,BUY,102,102,True,approved,8,8,144,0,False,0,0,0,1
SMV2-0146,ALLCARGO,SELL,241,241,True,approved,9,9,143,0,True,1,0,0,0
SMV2-0146,CONCOR,SELL,137,137,True,approved,8,8,144,0,True,1,0,0,1
SMV2-0146,MCDOWELL-N,BUY,118,118,True,approved,7,7,145,0,False,0,0,0,2
SMV2-0146,UBL,BUY,54,54,True,approved,8,8,144,0,False,0,0,0,1
SMV2-0146,RADICO,BUY,1,0,False,maximum open positions reached,9,9,143,0,False,0,0,0,0
SMV2-0147,BLS,SELL,362,362,True,approved,9,9,143,0,True,1,0,0,0
SMV2-0147,EASEMYTRIP,SELL,243,243,True,approved,8,8,144,0,True,1,0,0,1
SMV2-0147,INDHOTEL,SELL,320,320,True,approved,7,7,145,0,True,1,0,0,2
SMV2-0147,MCDOWELL-N,SELL,118,118,True,approved,6,6,146,0,True,1,0,0,3
SMV2-0147,UBL,SELL,54,54,True,approved,5,5,147,0,True,1,0,0,4
SMV2-0147,HAL,BUY,41,41,True,approved,4,4,148,0,False,0,0,0,5
SMV2-0147,BEL,BUY,962,962,True,approved,5,5,147,0,False,0,0,0,4
SMV2-0147,INDIGO,BUY,55,55,True,approved,6,6,146,0,False,0,0,0,3
SMV2-0147,JKPAPER,BUY,259,259,True,approved,7,7,145,0,False,0,0,0,2
SMV2-0147,WSTCSTPAPR,BUY,176,176,True,approved,8,8,144,0,False,0,0,0,1
SMV2-0147,TNPL,BUY,24,0,False,maximum open positions reached,9,9,143,0,False,0,0,0,0
SMV2-0148,BATAINDIA,SELL,54,54,True,approved,9,9,143,0,True,1,0,0,0
SMV2-0148,CAMPUS,SELL,172,172,True,approved,8,8,144,0,True,1,0,0,1
SMV2-0148,METROBRAND,SELL,102,102,True,approved,7,7,145,0,True,1,0,0,2
SMV2-0148,TNPL,BUY,380,380,True,approved,6,6,146,0,False,0,0,0,3
SMV2-0148,AXISBANK,BUY,111,111,True,approved,7,7,145,0,False,0,0,0,2
SMV2-0148,ICICIBANK,BUY,89,89,True,approved,8,8,144,0,False,0,0,0,1
SMV2-0150,JKPAPER,SELL,259,259,True,approved,9,9,143,0,True,1,0,0,0
SMV2-0150,TNPL,SELL,380,380,True,approved,8,8,144,0,True,1,0,0,1
SMV2-0150,WSTCSTPAPR,SELL,176,176,True,approved,7,7,145,0,True,1,0,0,2
SMV2-0150,ICICIBANK,BUY,20,20,True,approved,6,6,146,0,True,0,0,0,3
SMV2-0150,HDFCBANK,BUY,61,61,True,approved,6,6,146,0,False,0,0,0,3
SMV2-0150,ADANIENT,BUY,24,24,True,approved,7,7,145,0,False,0,0,0,2
SMV2-0150,REDINGTON,BUY,665,665,True,approved,8,8,144,0,False,0,0,0,1
SMV2-0151,BEL,SELL,962,962,True,approved,9,9,143,0,True,1,0,0,0
SMV2-0151,HAL,SELL,41,41,True,approved,8,8,144,0,True,1,0,0,1
SMV2-0151,INDIGO,SELL,55,55,True,approved,7,7,145,0,True,1,0,0,2
SMV2-0151,GAIL,BUY,1127,1127,True,approved,6,6,146,0,False,0,0,0,3
SMV2-0151,MGL,BUY,113,113,True,approved,7,7,145,0,False,0,0,0,2
SMV2-0151,REFEX,BUY,452,452,True,approved,8,8,144,0,False,0,0,0,1
SMV2-0151,SUNDRMFAST,BUY,2,0,False,maximum open positions reached,9,9,144,0,False,0,0,0,0
SMV2-0152,SUNDRMFAST,BUY,2,0,False,maximum open positions reached,9,9,144,0,False,0,0,0,0
SMV2-0153,REFEX,SELL,88,88,True,approved,9,9,144,0,True,0,0,0,0
SMV2-0153,SUNDRMFAST,BUY,30,0,False,maximum open positions reached,9,9,144,0,False,0,0,0,0
SMV2-0154,GAIL,SELL,1127,1127,True,approved,9,9,144,0,True,1,0,0,0
SMV2-0154,MGL,SELL,113,113,True,approved,8,8,145,0,True,1,0,0,1
SMV2-0154,NDTV,SELL,253,253,True,approved,7,7,146,0,True,1,0,0,2
SMV2-0154,REFEX,SELL,364,364,True,approved,6,6,147,0,True,1,0,0,3
SMV2-0154,REDINGTON,SELL,113,113,True,approved,5,5,148,0,True,0,0,0,4
SMV2-0154,ADANIPORTS,BUY,116,116,True,approved,5,5,148,0,False,0,0,0,4
SMV2-0154,LT,BUY,48,48,True,approved,6,6,147,0,False,0,0,0,3
SMV2-0154,RVNL,BUY,1568,1568,True,approved,7,7,146,0,False,0,0,0,2
SMV2-0154,SUNDRMFAST,BUY,111,111,True,approved,8,8,146,0,False,0,0,0,1
SMV2-0156,ADANIENT,SELL,24,24,True,approved,9,9,146,0,True,1,0,0,0
SMV2-0156,ADANIPORTS,SELL,116,116,True,approved,8,8,147,0,True,1,0,0,1
SMV2-0156,LT,SELL,48,48,True,approved,7,7,148,0,True,1,0,0,2
SMV2-0156,REDINGTON,SELL,552,552,True,approved,6,6,149,0,True,1,0,0,3
SMV2-0156,RVNL,SELL,1568,1568,True,approved,5,5,150,0,True,1,0,0,4
SMV2-0156,SUNDRMFAST,SELL,111,111,True,approved,4,4,151,0,True,1,0,0,5
SMV2-0156,LICI,BUY,148,148,True,approved,3,3,152,0,False,0,0,0,6
SMV2-0156,POLICYBZR,BUY,219,219,True,approved,4,4,152,0,False,0,0,0,5
SMV2-0156,HDFCLIFE,BUY,174,174,True,approved,5,5,152,0,False,0,0,0,4
SMV2-0156,SUNPHARMA,BUY,97,97,True,approved,6,6,151,0,False,0,0,0,3
SMV2-0156,APOLLOHOSP,BUY,20,20,True,approved,7,7,150,0,False,0,0,0,2
SMV2-0156,CIPLA,BUY,87,87,True,approved,8,8,150,0,False,0,0,0,1
SMV2-0157,APOLLOHOSP,SELL,20,20,True,approved,9,9,149,0,True,1,0,0,0
SMV2-0157,CIPLA,SELL,87,87,True,approved,8,8,150,0,True,1,0,0,1
SMV2-0157,HDFCLIFE,SELL,174,174,True,approved,7,7,151,0,True,1,0,0,2
SMV2-0157,LICI,SELL,148,148,True,approved,6,6,152,0,True,1,0,0,3
SMV2-0157,POLICYBZR,SELL,219,219,True,approved,5,5,153,0,True,1,0,0,4
SMV2-0157,SUNPHARMA,SELL,97,97,True,approved,4,4,154,0,True,1,0,0,5
SMV2-0157,TATASTEEL,BUY,855,855,True,approved,3,3,155,0,False,0,0,0,6
SMV2-0157,HINDALCO,BUY,205,205,True,approved,4,4,154,0,False,0,0,0,5
SMV2-0157,VEDL,BUY,315,315,True,approved,5,5,153,0,False,0,0,0,4
SMV2-0157,ASTRAL,BUY,49,49,True,approved,6,6,152,0,False,0,0,0,3
SMV2-0157,FINPIPE,BUY,527,527,True,approved,7,7,151,0,False,0,0,0,2
SMV2-0157,SUPREMEIND,BUY,37,37,True,approved,8,8,151,0,False,0,0,0,1
SMV2-0158,ASTRAL,SELL,49,49,True,approved,9,9,150,0,True,1,0,0,0
SMV2-0158,FINPIPE,SELL,527,527,True,approved,8,8,151,0,True,1,0,0,1
SMV2-0158,HINDALCO,SELL,205,205,True,approved,7,7,152,0,True,1,0,0,2
SMV2-0158,SUPREMEIND,SELL,37,37,True,approved,6,6,153,0,True,1,0,0,3
SMV2-0158,TATASTEEL,SELL,855,855,True,approved,5,5,154,0,True,1,0,0,4
SMV2-0158,VEDL,SELL,315,315,True,approved,4,4,155,0,True,1,0,0,5
SMV2-0158,POLYCAB,BUY,37,37,True,approved,3,3,156,0,False,0,0,0,6
SMV2-0158,ABB,BUY,34,34,True,approved,4,4,155,0,False,0,0,0,5
SMV2-0158,KEI,BUY,65,65,True,approved,5,5,154,0,False,0,0,0,4
SMV2-0158,LICI,BUY,137,137,True,approved,6,6,153,0,False,0,0,0,3
SMV2-0158,HDFCLIFE,BUY,159,159,True,approved,7,7,152,0,False,0,0,0,2
SMV2-0158,SBILIFE,BUY,75,75,True,approved,8,8,151,0,False,0,0,0,1
SMV2-0159,AXISBANK,SELL,111,111,True,approved,9,9,150,0,True,1,0,0,0
SMV2-0159,HDFCBANK,SELL,61,61,True,approved,8,8,151,0,True,1,0,0,1
SMV2-0159,ICICIBANK,SELL,109,109,True,approved,7,7,152,0,True,1,0,0,2
SMV2-0159,TITAN,BUY,40,40,True,approved,6,6,153,0,False,0,0,0,3
SMV2-0159,KALYANKJIL,BUY,790,790,True,approved,7,7,152,0,False,0,0,0,2
SMV2-0159,RAJESHEXPO,BUY,121,121,True,approved,8,8,151,0,False,0,0,0,1
SMV2-0160,HDFCLIFE,SELL,159,159,True,approved,9,9,150,0,True,1,0,0,0
SMV2-0160,LICI,SELL,137,137,True,approved,8,8,151,0,True,1,0,0,1
SMV2-0160,SBILIFE,SELL,75,75,True,approved,7,7,152,0,True,1,0,0,2
SMV2-0160,TATASTEEL,BUY,799,799,True,approved,6,6,153,0,False,0,0,0,3
SMV2-0160,HINDALCO,BUY,199,199,True,approved,7,7,152,0,False,0,0,0,2
SMV2-0160,VEDL,BUY,283,283,True,approved,8,8,151,0,False,0,0,0,1
SMV2-0162,ABB,SELL,34,34,True,approved,9,9,150,0,True,1,0,0,0
SMV2-0162,KEI,SELL,65,65,True,approved,8,8,151,0,True,1,0,0,1
SMV2-0162,POLYCAB,SELL,37,37,True,approved,7,7,152,0,True,1,0,0,2
SMV2-0162,INFY,BUY,62,62,True,approved,6,6,153,0,False,0,0,0,3
SMV2-0162,TCS,BUY,28,28,True,approved,7,7,152,0,False,0,0,0,2
SMV2-0162,HCLTECH,BUY,87,87,True,approved,8,8,151,0,False,0,0,0,1
SMV2-0164,HINDALCO,SELL,199,199,True,approved,9,9,150,0,True,1,0,0,0
SMV2-0164,KALYANKJIL,SELL,790,790,True,approved,8,8,151,0,True,1,0,0,1
SMV2-0164,RAJESHEXPO,SELL,121,121,True,approved,7,7,152,0,True,1,0,0,2
SMV2-0164,TATASTEEL,SELL,799,799,True,approved,6,6,153,0,True,1,0,0,3
SMV2-0164,TITAN,SELL,40,40,True,approved,5,5,154,0,True,1,0,0,4
SMV2-0164,VEDL,SELL,283,283,True,approved,4,4,155,0,True,1,0,0,5
SMV2-0164,ITC,BUY,246,246,True,approved,3,3,156,0,False,0,0,0,6
SMV2-0164,SRF,BUY,40,40,True,approved,4,4,155,0,False,0,0,0,5
SMV2-0164,GRASIM,BUY,57,57,True,approved,5,5,154,0,False,0,0,0,4
SMV2-0164,HAL,BUY,35,35,True,approved,6,6,153,0,False,0,0,0,3
SMV2-0164,INDIGO,BUY,50,50,True,approved,7,7,152,0,False,0,0,0,2
SMV2-0164,BEL,BUY,958,958,True,approved,8,8,151,0,False,0,0,0,1
SMV2-0165,BEL,SELL,958,958,True,approved,9,9,150,0,True,1,0,0,0
SMV2-0165,HAL,SELL,35,35,True,approved,8,8,151,0,True,1,0,0,1
SMV2-0165,INDIGO,SELL,50,50,True,approved,7,7,152,0,True,1,0,0,2
SMV2-0165,BATAINDIA,BUY,64,64,True,approved,6,6,153,0,False,0,0,0,3
SMV2-0165,MIRZAINT,BUY,321,321,True,approved,7,7,152,0,False,0,0,0,2
SMV2-0165,CAMPUS,BUY,218,218,True,approved,8,8,151,0,False,0,0,0,1
SMV2-0166,GRASIM,SELL,57,57,True,approved,9,9,150,0,True,1,0,0,0
SMV2-0166,HCLTECH,SELL,87,87,True,approved,8,8,151,0,True,1,0,0,1
SMV2-0166,INFY,SELL,62,62,True,approved,7,7,152,0,True,1,0,0,2
SMV2-0166,ITC,SELL,246,246,True,approved,6,6,153,0,True,1,0,0,3
SMV2-0166,SRF,SELL,40,40,True,approved,5,5,154,0,True,1,0,0,4
SMV2-0166,TCS,SELL,28,28,True,approved,4,4,155,0,True,1,0,0,5
SMV2-0166,POWERGRID,BUY,409,409,True,approved,3,3,156,0,False,0,0,0,6
SMV2-0166,NTPC,BUY,530,530,True,approved,4,4,156,0,False,0,0,0,5
SMV2-0166,TATAPOWER,BUY,440,440,True,approved,5,5,156,0,False,0,0,0,4
SMV2-0166,HDFCLIFE,BUY,186,186,True,approved,6,6,155,0,False,0,0,0,3
SMV2-0166,POLICYBZR,BUY,151,151,True,approved,7,7,154,0,False,0,0,0,2
SMV2-0166,SBILIFE,BUY,81,81,True,approved,8,8,153,0,False,0,0,0,1
SMV2-0167,HDFCLIFE,SELL,186,186,True,approved,9,9,152,0,True,1,0,0,0
SMV2-0167,POLICYBZR,SELL,151,151,True,approved,8,8,153,0,True,1,0,0,1
SMV2-0167,SBILIFE,SELL,81,81,True,approved,7,7,154,0,True,1,0,0,2
SMV2-0167,RELIANCE,BUY,39,39,True,approved,6,6,155,0,False,0,0,0,3
SMV2-0167,ONGC,BUY,581,581,True,approved,7,7,154,0,False,0,0,0,2
SMV2-0167,HINDPETRO,BUY,396,396,True,approved,8,8,153,0,False,0,0,0,1
SMV2-0168,BATAINDIA,SELL,64,64,True,approved,9,9,153,0,True,1,0,0,0
SMV2-0168,CAMPUS,SELL,218,218,True,approved,8,8,154,0,True,1,0,0,1
SMV2-0168,MIRZAINT,SELL,321,321,True,approved,7,7,155,0,True,1,0,0,2
SMV2-0168,MCDOWELL-N,BUY,119,119,True,approved,6,6,156,0,False,0,0,0,3
SMV2-0168,UBL,BUY,62,62,True,approved,7,7,155,0,False,0,0,0,2
SMV2-0168,RADICO,BUY,69,69,True,approved,8,8,154,0,False,0,0,0,1
SMV2-0169,NTPC,SELL,530,530,True,approved,9,9,153,0,True,1,0,0,0
SMV2-0169,POWERGRID,SELL,409,409,True,approved,8,8,154,0,True,1,0,0,1
SMV2-0169,TATAPOWER,SELL,440,440,True,approved,7,7,155,0,True,1,0,0,2
SMV2-0169,OLECTRA,BUY,139,139,True,approved,6,6,156,0,False,0,0,0,3
SMV2-0169,ABB,BUY,26,26,True,approved,7,7,156,0,False,0,0,0,2
SMV2-0169,FINCABLES,BUY,112,112,True,approved,8,8,155,0,False,0,0,0,1
SMV2-0172,HINDPETRO,SELL,396,396,True,approved,9,9,154,0,True,1,0,0,0
SMV2-0172,MCDOWELL-N,SELL,119,119,True,approved,8,8,155,0,True,1,0,0,1
SMV2-0172,ONGC,SELL,581,581,True,approved,7,7,156,0,True,1,0,0,2
SMV2-0172,RADICO,SELL,69,69,True,approved,6,6,157,0,True,1,0,0,3
SMV2-0172,RELIANCE,SELL,39,39,True,approved,5,5,158,0,True,1,0,0,4
SMV2-0172,UBL,SELL,62,62,True,approved,4,4,159,0,True,1,0,0,5
SMV2-0172,JKPAPER,BUY,232,232,True,approved,3,3,160,0,False,0,0,0,6
SMV2-0172,WSTCSTPAPR,BUY,156,156,True,approved,4,4,159,0,False,0,0,0,5
SMV2-0172,TNPL,BUY,369,369,True,approved,5,5,158,0,False,0,0,0,4
SMV2-0172,HAL,BUY,31,31,True,approved,6,6,157,0,False,0,0,0,3
SMV2-0172,BEL,BUY,877,877,True,approved,7,7,156,0,False,0,0,0,2
SMV2-0172,INDIGO,BUY,46,46,True,approved,8,8,155,0,False,0,0,0,1
SMV2-0173,BEL,SELL,877,877,True,approved,9,9,154,0,True,1,0,0,0
SMV2-0173,HAL,SELL,31,31,True,approved,8,8,155,0,True,1,0,0,1
SMV2-0173,INDIGO,SELL,46,46,True,approved,7,7,156,0,True,1,0,0,2
SMV2-0173,JKPAPER,SELL,232,232,True,approved,6,6,157,0,True,1,0,0,3
SMV2-0173,TNPL,SELL,369,369,True,approved,5,5,158,0,True,1,0,0,4
SMV2-0173,WSTCSTPAPR,SELL,156,156,True,approved,4,4,159,0,True,1,0,0,5
SMV2-0173,UFLEX,BUY,223,223,True,approved,3,3,160,0,False,0,0,0,6
SMV2-0173,AGI,BUY,228,228,True,approved,4,4,159,0,False,0,0,0,5
SMV2-0173,JINDALPOLY,BUY,150,150,True,approved,5,5,158,0,False,0,0,0,4
SMV2-0173,INDHOTEL,BUY,263,263,True,approved,6,6,157,0,False,0,0,0,3
SMV2-0173,BLS,BUY,498,498,True,approved,7,7,156,0,False,0,0,0,2
SMV2-0173,LEMONTREE,BUY,972,972,True,approved,8,8,155,0,False,0,0,0,1
SMV2-0174,ABB,SELL,26,26,True,approved,9,9,154,0,True,1,0,0,0
SMV2-0174,FINCABLES,SELL,112,112,True,approved,8,8,155,0,True,1,0,0,1
SMV2-0174,OLECTRA,SELL,139,139,True,approved,7,7,156,0,True,1,0,0,2
SMV2-0174,RAYMOND,BUY,57,57,True,approved,6,6,157,0,False,0,0,0,3
SMV2-0174,PAGEIND,BUY,2,2,True,approved,7,7,156,0,False,0,0,0,2
SMV2-0174,AXITA,BUY,1764,1764,True,approved,8,8,155,0,False,0,0,0,1
SMV2-0175,AGI,SELL,48,48,True,approved,9,9,155,0,True,0,0,0,0
SMV2-0175,AXITA,BUY,783,783,True,approved,9,9,155,0,True,0,0,0,0
SMV2-0176,AXITA,SELL,2547,2547,True,approved,9,9,155,0,True,1,0,0,0
SMV2-0176,PAGEIND,SELL,2,2,True,approved,8,8,156,0,True,1,0,0,1
SMV2-0176,RAYMOND,SELL,57,57,True,approved,7,7,157,0,True,1,0,0,2
SMV2-0176,RVNL,BUY,752,752,True,approved,6,6,158,0,False,0,0,0,3
SMV2-0176,LT,BUY,41,41,True,approved,7,7,157,0,False,0,0,0,2
SMV2-0176,IRCON,BUY,957,957,True,approved,8,8,156,0,False,0,0,0,1
SMV2-0177,BLS,SELL,498,498,True,approved,9,9,156,0,True,1,0,0,0
SMV2-0177,INDHOTEL,SELL,263,263,True,approved,8,8,157,0,True,1,0,0,1
SMV2-0177,LEMONTREE,SELL,972,972,True,approved,7,7,158,0,True,1,0,0,2
SMV2-0177,IRCON,BUY,231,231,True,approved,6,6,159,0,True,0,0,0,3
SMV2-0177,ABB,BUY,24,24,True,approved,6,6,159,0,False,0,0,0,3
SMV2-0177,POLYCAB,BUY,26,26,True,approved,7,7,158,0,False,0,0,0,2
SMV2-0177,KEI,BUY,36,36,True,approved,8,8,157,0,False,0,0,0,1
SMV2-0178,IRCON,SELL,1188,1188,True,approved,9,9,156,0,True,1,0,0,0
SMV2-0178,LT,SELL,41,41,True,approved,8,8,157,0,True,1,0,0,1
SMV2-0178,RVNL,SELL,752,752,True,approved,7,7,158,0,True,1,0,0,2
SMV2-0178,KEI,BUY,10,10,True,approved,6,6,159,0,True,0,0,0,3
SMV2-0178,INFY,BUY,69,69,True,approved,6,6,159,0,False,0,0,0,3
SMV2-0178,TCS,BUY,27,27,True,approved,7,7,158,0,False,0,0,0,2
SMV2-0178,PAYTM,BUY,103,103,True,approved,8,8,157,0,False,0,0,0,1
SMV2-0179,AGI,SELL,180,180,True,approved,9,9,157,0,True,1,0,0,0
SMV2-0179,JINDALPOLY,SELL,150,150,True,approved,8,8,158,0,True,1,0,0,1
SMV2-0179,UFLEX,SELL,223,223,True,approved,7,7,159,0,True,1,0,0,2
SMV2-0179,PAYTM,BUY,25,25,True,approved,6,6,160,0,True,0,0,0,3
SMV2-0179,GAIL,BUY,888,888,True,approved,6,6,160,0,False,0,0,0,3
SMV2-0179,MGL,BUY,89,89,True,approved,7,7,159,0,False,0,0,0,2
SMV2-0179,REFEX,BUY,177,177,True,approved,8,8,158,0,False,0,0,0,1
SMV2-0180,GAIL,SELL,888,888,True,approved,9,9,157,0,True,1,0,0,0
SMV2-0180,MGL,SELL,89,89,True,approved,8,8,158,0,True,1,0,0,1
SMV2-0180,REFEX,SELL,177,177,True,approved,7,7,159,0,True,1,0,0,2
SMV2-0180,MCDOWELL-N,BUY,105,105,True,approved,6,6,160,0,False,0,0,0,3
SMV2-0180,UBL,BUY,63,63,True,approved,7,7,159,0,False,0,0,0,2
SMV2-0180,SULA,BUY,190,190,True,approved,8,8,158,0,False,0,0,0,1
SMV2-0181,INFY,SELL,69,69,True,approved,9,9,158,0,True,1,0,0,0
SMV2-0181,MCDOWELL-N,SELL,105,105,True,approved,8,8,159,0,True,1,0,0,1
SMV2-0181,PAYTM,SELL,128,128,True,approved,7,7,160,0,True,1,0,0,2
SMV2-0181,SULA,SELL,190,190,True,approved,6,6,161,0,True,1,0,0,3
SMV2-0181,TCS,SELL,27,27,True,approved,5,5,162,0,True,1,0,0,4
SMV2-0181,UBL,SELL,63,63,True,approved,4,4,163,0,True,1,0,0,5
SMV2-0181,ZEEL,BUY,519,519,True,approved,3,3,164,0,False,0,0,0,6
SMV2-0181,TV18BRDCST,BUY,2391,2391,True,approved,4,4,163,0,False,0,0,0,5
SMV2-0181,SUNTV,BUY,217,217,True,approved,5,5,162,0,False,0,0,0,4
SMV2-0181,HAL,BUY,24,24,True,approved,6,6,161,0,False,0,0,0,3
SMV2-0181,INDIGO,BUY,39,39,True,approved,7,7,160,0,False,0,0,0,2
SMV2-0181,BEL,BUY,697,697,True,approved,8,8,159,0,False,0,0,0,1
SMV2-0182,SUNTV,SELL,217,217,True,approved,9,9,158,0,True,1,0,0,0
SMV2-0182,TV18BRDCST,SELL,2391,2391,True,approved,8,8,159,0,True,1,0,0,1
SMV2-0182,ZEEL,SELL,519,519,True,approved,7,7,160,0,True,1,0,0,2
SMV2-0182,BHEL,BUY,1097,1097,True,approved,6,6,161,0,False,0,0,0,3
SMV2-0182,SIEMENS,BUY,25,25,True,approved,7,7,160,0,False,0,0,0,2
SMV2-0182,GRAPHITE,BUY,224,224,True,approved,8,8,159,0,False,0,0,0,1
SMV2-0183,ABB,SELL,24,24,True,approved,9,9,159,0,True,1,0,0,0
SMV2-0183,KEI,SELL,46,46,True,approved,8,8,160,0,True,1,0,0,1
SMV2-0183,POLYCAB,SELL,26,26,True,approved,7,7,161,0,True,1,0,0,2
SMV2-0183,MARUTI,BUY,9,9,True,approved,6,6,162,0,False,0,0,0,3
SMV2-0183,M&M,BUY,65,65,True,approved,7,7,161,0,False,0,0,0,2
SMV2-0183,HEROMOTOCO,BUY,33,33,True,approved,8,8,160,0,False,0,0,0,1
SMV2-0185,BHEL,SELL,1097,1097,True,approved,9,9,159,0,True,1,0,0,0
SMV2-0185,GRAPHITE,SELL,224,224,True,approved,8,8,160,0,True,1,0,0,1
SMV2-0185,SIEMENS,SELL,25,25,True,approved,7,7,161,0,True,1,0,0,2
SMV2-0185,GAIL,BUY,899,899,True,approved,6,6,162,0,False,0,0,0,3
SMV2-0185,MGL,BUY,91,91,True,approved,7,7,161,0,False,0,0,0,2
SMV2-0185,CONFIPET,BUY,1312,1312,True,approved,8,8,160,0,False,0,0,0,1
SMV2-0186,BEL,SELL,697,697,True,approved,9,9,159,0,True,1,0,0,0
SMV2-0186,HAL,SELL,24,24,True,approved,8,8,160,0,True,1,0,0,1
SMV2-0186,HEROMOTOCO,SELL,33,33,True,approved,7,7,161,0,True,1,0,0,2
SMV2-0186,INDIGO,SELL,39,39,True,approved,6,6,162,0,True,1,0,0,3
SMV2-0186,M&M,SELL,65,65,True,approved,5,5,163,0,True,1,0,0,4
SMV2-0186,MARUTI,SELL,9,9,True,approved,4,4,164,0,True,1,0,0,5
SMV2-0186,OLECTRA,BUY,77,77,True,approved,3,3,165,0,False,0,0,0,6
SMV2-0186,POLYCAB,BUY,21,21,True,approved,4,4,164,0,False,0,0,0,5
SMV2-0186,ABB,BUY,23,23,True,approved,5,5,163,0,False,0,0,0,4
SMV2-0186,ZENTEC,BUY,160,160,True,approved,6,6,162,0,False,0,0,0,3
SMV2-0186,BDL,BUY,83,83,True,approved,7,7,162,0,False,0,0,0,2
SMV2-0186,INDIAMART,BUY,31,31,True,approved,8,8,162,0,False,0,0,0,1
SMV2-0187,BDL,SELL,83,83,True,approved,9,9,162,0,True,1,0,0,0
SMV2-0187,INDIAMART,SELL,31,31,True,approved,8,8,163,0,True,1,0,0,1
SMV2-0187,ZENTEC,SELL,160,160,True,approved,7,7,164,0,True,1,0,0,2
SMV2-0187,BHARTIARTL,BUY,112,112,True,approved,6,6,165,0,False,0,0,0,3
SMV2-0187,TATACOMM,BUY,56,56,True,approved,7,7,164,0,False,0,0,0,2
SMV2-0187,TEJASNET,BUY,118,118,True,approved,8,8,163,0,False,0,0,0,1
SMV2-0189,ABB,SELL,23,23,True,approved,9,9,163,0,True,1,0,0,0
SMV2-0189,BHARTIARTL,SELL,112,112,True,approved,8,8,164,0,True,1,0,0,1
SMV2-0189,CONFIPET,SELL,1312,1312,True,approved,7,7,165,0,True,1,0,0,2
SMV2-0189,GAIL,SELL,899,899,True,approved,6,6,166,0,True,1,0,0,3
SMV2-0189,MGL,SELL,91,91,True,approved,5,5,167,0,True,1,0,0,4
SMV2-0189,OLECTRA,SELL,77,77,True,approved,4,4,168,0,True,1,0,0,5
SMV2-0189,POLYCAB,SELL,21,21,True,approved,3,3,169,0,True,1,0,0,6
SMV2-0189,TATACOMM,SELL,56,56,True,approved,2,2,170,0,True,1,0,0,7
SMV2-0189,TEJASNET,SELL,118,118,True,approved,1,1,171,0,True,1,0,0,8
SMV2-0189,RVNL,BUY,747,747,True,approved,0,0,172,0,False,0,0,0,9
SMV2-0189,LT,BUY,36,36,True,approved,1,1,171,0,False,0,0,0,8
SMV2-0189,ADANIPORTS,BUY,121,121,True,approved,2,2,170,0,False,0,0,0,7
SMV2-0189,NTPC,BUY,445,445,True,approved,3,3,169,0,False,0,0,0,6
SMV2-0189,TATAPOWER,BUY,403,403,True,approved,4,4,168,0,False,0,0,0,5
SMV2-0189,POWERGRID,BUY,388,388,True,approved,5,5,167,0,False,0,0,0,4
SMV2-0189,IRFC,BUY,1955,1955,True,approved,6,6,166,0,False,0,0,0,3
SMV2-0189,RECLTD,BUY,428,428,True,approved,7,7,166,0,False,0,0,0,2
SMV2-0189,PFC,BUY,358,358,True,approved,8,8,166,0,False,0,0,0,1
SMV2-0190,IRFC,SELL,1955,1955,True,approved,9,9,166,0,True,1,0,0,0
SMV2-0190,PFC,SELL,358,358,True,approved,8,8,167,0,True,1,0,0,1
SMV2-0190,RECLTD,SELL,428,428,True,approved,7,7,168,0,True,1,0,0,2
SMV2-0190,JKPAPER,BUY,258,258,True,approved,6,6,169,0,False,0,0,0,3
SMV2-0190,SATIA,BUY,718,718,True,approved,7,7,168,0,False,0,0,0,2
SMV2-0190,WSTCSTPAPR,BUY,168,168,True,approved,8,8,167,0,False,0,0,0,1
SMV2-0191,NTPC,SELL,445,445,True,approved,9,9,166,0,True,1,0,0,0
SMV2-0191,POWERGRID,SELL,388,388,True,approved,8,8,167,0,True,1,0,0,1
SMV2-0191,TATAPOWER,SELL,403,403,True,approved,7,7,168,0,True,1,0,0,2
SMV2-0191,POLYCAB,BUY,19,19,True,approved,6,6,169,0,False,0,0,0,3
SMV2-0191,OLECTRA,BUY,79,79,True,approved,7,7,168,0,False,0,0,0,2
SMV2-0191,ABB,BUY,22,22,True,approved,8,8,167,0,False,0,0,0,1
SMV2-0192,ADANIPORTS,SELL,121,121,True,approved,9,9,166,0,True,1,0,0,0
SMV2-0192,LT,SELL,36,36,True,approved,8,8,167,0,True,1,0,0,1
SMV2-0192,RVNL,SELL,747,747,True,approved,7,7,168,0,True,1,0,0,2
SMV2-0192,BHARTIARTL,BUY,114,114,True,approved,6,6,169,0,False,0,0,0,3
SMV2-0192,RAILTEL,BUY,413,413,True,approved,7,7,168,0,False,0,0,0,2
SMV2-0192,TATACOMM,BUY,53,53,True,approved,8,8,168,0,False,0,0,0,1
SMV2-0195,ABB,SELL,22,22,True,approved,9,9,167,0,True,1,0,0,0
SMV2-0195,JKPAPER,SELL,258,258,True,approved,8,8,168,0,True,1,0,0,1
SMV2-0195,OLECTRA,SELL,79,79,True,approved,7,7,169,0,True,1,0,0,2
SMV2-0195,POLYCAB,SELL,19,19,True,approved,6,6,170,0,True,1,0,0,3
SMV2-0195,SATIA,SELL,718,718,True,approved,5,5,171,0,True,1,0,0,4
SMV2-0195,WSTCSTPAPR,SELL,168,168,True,approved,4,4,172,0,True,1,0,0,5
SMV2-0195,ADANIENT,BUY,40,40,True,approved,3,3,173,0,False,0,0,0,6
SMV2-0195,MMTC,BUY,1733,1733,True,approved,4,4,172,0,False,0,0,0,5
SMV2-0195,REDINGTON,BUY,633,633,True,approved,5,5,171,0,False,0,0,0,4
SMV2-0195,UFLEX,BUY,227,227,True,approved,6,6,170,0,False,0,0,0,3
SMV2-0195,AGI,BUY,111,111,True,approved,7,7,169,0,False,0,0,0,2
SMV2-0195,COSMOFIRST,BUY,146,146,True,approved,8,8,168,0,False,0,0,0,1
SMV2-0196,AGI,SELL,111,111,True,approved,9,9,168,0,True,1,0,0,0
SMV2-0196,COSMOFIRST,SELL,146,146,True,approved,8,8,169,0,True,1,0,0,1
SMV2-0196,UFLEX,SELL,227,227,True,approved,7,7,170,0,True,1,0,0,2
SMV2-0196,HDFCBANK,BUY,65,65,True,approved,6,6,171,0,False,0,0,0,3
SMV2-0196,ICICIBANK,BUY,105,105,True,approved,7,7,170,0,False,0,0,0,2
SMV2-0196,AXISBANK,BUY,97,97,True,approved,8,8,169,0,False,0,0,0,1
SMV2-0197,ADANIENT,SELL,40,40,True,approved,9,9,168,0,True,1,0,0,0
SMV2-0197,BHARTIARTL,SELL,114,114,True,approved,8,8,169,0,True,1,0,0,1
SMV2-0197,MMTC,SELL,1733,1733,True,approved,7,7,170,0,True,1,0,0,2
SMV2-0197,RAILTEL,SELL,413,413,True,approved,6,6,171,0,True,1,0,0,3
SMV2-0197,REDINGTON,SELL,633,633,True,approved,5,5,172,0,True,1,0,0,4
SMV2-0197,TATACOMM,SELL,53,53,True,approved,4,4,173,0,True,1,0,0,5
SMV2-0197,AGI,BUY,106,106,True,approved,3,3,174,0,False,0,0,0,6
SMV2-0197,UFLEX,BUY,222,222,True,approved,4,4,173,0,False,0,0,0,5
SMV2-0197,JINDALPOLY,BUY,145,145,True,approved,5,5,172,0,False,0,0,0,4
SMV2-0197,DLF,BUY,179,179,True,approved,6,6,171,0,False,0,0,0,3
SMV2-0197,NBCC,BUY,1641,1641,True,approved,7,7,170,0,False,0,0,0,2
SMV2-0197,IBREALEST,BUY,1220,1220,True,approved,8,8,169,0,False,0,0,0,1
SMV2-0198,AXISBANK,SELL,97,97,True,approved,9,9,168,0,True,1,0,0,0
SMV2-0198,HDFCBANK,SELL,65,65,True,approved,8,8,169,0,True,1,0,0,1
SMV2-0198,ICICIBANK,SELL,105,105,True,approved,7,7,170,0,True,1,0,0,2
SMV2-0198,RECLTD,BUY,342,342,True,approved,6,6,171,0,False,0,0,0,3
SMV2-0198,IRFC,BUY,1308,1308,True,approved,7,7,170,0,False,0,0,0,2
SMV2-0198,PFC,BUY,366,366,True,approved,8,8,169,0,False,0,0,0,1
SMV2-0199,AGI,SELL,106,106,True,approved,9,9,168,0,True,1,0,0,0
SMV2-0199,IRFC,SELL,1308,1308,True,approved,8,8,169,0,True,1,0,0,1
SMV2-0199,JINDALPOLY,SELL,145,145,True,approved,7,7,170,0,True,1,0,0,2
SMV2-0199,PFC,SELL,366,366,True,approved,6,6,171,0,True,1,0,0,3
SMV2-0199,RECLTD,SELL,342,342,True,approved,5,5,172,0,True,1,0,0,4
SMV2-0199,UFLEX,SELL,222,222,True,approved,4,4,173,0,True,1,0,0,5
SMV2-0199,METROBRAND,BUY,82,82,True,approved,3,3,174,0,False,0,0,0,6
SMV2-0199,CAMPUS,BUY,341,341,True,approved,4,4,173,0,False,0,0,0,5
SMV2-0199,BATAINDIA,BUY,62,62,True,approved,5,5,172,0,False,0,0,0,4
SMV2-0199,TITAN,BUY,30,30,True,approved,6,6,171,0,False,0,0,0,3
SMV2-0199,KALYANKJIL,BUY,331,331,True,approved,7,7,170,0,False,0,0,0,2
SMV2-0199,RAJESHEXPO,BUY,214,214,True,approved,8,8,169,0,False,0,0,0,1
SMV2-0200,IBREALEST,SELL,1220,1220,True,approved,9,9,168,0,True,1,0,0,0
SMV2-0200,PRESTIGE,BUY,120,120,True,approved,8,8,169,0,False,0,0,0,1
SMV2-0202,BATAINDIA,SELL,62,62,True,approved,9,9,169,0,True,1,0,0,0
SMV2-0202,CAMPUS,SELL,341,341,True,approved,8,8,170,0,True,1,0,0,1
SMV2-0202,METROBRAND,SELL,82,82,True,approved,7,7,171,0,True,1,0,0,2
SMV2-0202,HAL,BUY,49,49,True,approved,6,6,172,0,False,0,0,0,3
SMV2-0202,INDIGO,BUY,40,40,True,approved,7,7,171,0,False,0,0,0,2
SMV2-0202,BEL,BUY,645,645,True,approved,8,8,170,0,False,0,0,0,1
SMV2-0203,KALYANKJIL,SELL,331,331,True,approved,9,9,169,0,True,1,0,0,0
SMV2-0203,RAJESHEXPO,SELL,214,214,True,approved,8,8,170,0,True,1,0,0,1
SMV2-0203,TITAN,SELL,30,30,True,approved,7,7,171,0,True,1,0,0,2
SMV2-0203,RPOWER,BUY,4426,4426,True,approved,6,6,172,0,False,0,0,0,3
SMV2-0203,NTPC,BUY,405,405,True,approved,7,7,172,0,False,0,0,0,2
SMV2-0203,POWERGRID,BUY,383,383,True,approved,8,8,171,0,False,0,0,0,1
SMV2-0204,PRESTIGE,SELL,120,120,True,approved,9,9,170,0,True,1,0,0,0
SMV2-0204,POWERGRID,BUY,90,90,True,approved,8,8,171,0,True,0,0,0,1
SMV2-0204,GODREJPROP,BUY,50,50,True,approved,8,8,171,0,False,0,0,0,1
SMV2-0206,GODREJPROP,SELL,50,50,True,approved,9,9,170,0,True,1,0,0,0
SMV2-0206,LODHA,BUY,104,104,True,approved,8,8,171,0,False,0,0,0,1
SMV2-0207,DLF,SELL,179,179,True,approved,9,9,171,0,True,1,0,0,0
SMV2-0207,LODHA,SELL,104,104,True,approved,8,8,172,0,True,1,0,0,1
SMV2-0207,NBCC,SELL,1641,1641,True,approved,7,7,173,0,True,1,0,0,2
SMV2-0207,ADANIENT,BUY,39,39,True,approved,6,6,174,0,False,0,0,0,3
SMV2-0207,MSTCLTD,BUY,236,236,True,approved,7,7,173,0,False,0,0,0,2
SMV2-0207,MMTC,BUY,1951,1951,True,approved,8,8,172,0,False,0,0,0,1
SMV2-0209,BEL,SELL,645,645,True,approved,9,9,171,0,True,1,0,0,0
SMV2-0209,HAL,SELL,49,49,True,approved,8,8,172,0,True,1,0,0,1
SMV2-0209,INDIGO,SELL,40,40,True,approved,7,7,173,0,True,1,0,0,2
SMV2-0209,MSTCLTD,SELL,53,53,True,approved,6,6,174,0,True,0,0,0,3
SMV2-0209,SAIL,BUY,997,997,True,approved,6,6,174,0,False,0,0,0,3
SMV2-0209,HINDCOPPER,BUY,447,447,True,approved,7,7,173,0,False,0,0,0,2
SMV2-0209,COALINDIA,BUY,326,326,True,approved,8,8,173,0,False,0,0,0,1
SMV2-0210,ADANIENT,SELL,39,39,True,approved,9,9,173,0,True,1,0,0,0
SMV2-0210,MMTC,SELL,1951,1951,True,approved,8,8,174,0,True,1,0,0,1
SMV2-0210,MSTCLTD,SELL,183,183,True,approved,7,7,175,0,True,1,0,0,2
SMV2-0210,BHARTIARTL,BUY,122,122,True,approved,6,6,176,0,False,0,0,0,3
SMV2-0210,HFCL,BUY,1392,1392,True,approved,7,7,175,0,False,0,0,0,2
SMV2-0210,RAILTEL,BUY,359,359,True,approved,8,8,175,0,False,0,0,0,1
SMV2-0211,BHARTIARTL,SELL,122,122,True,approved,9,9,174,0,True,1,0,0,0
SMV2-0211,COALINDIA,SELL,326,326,True,approved,8,8,175,0,True,1,0,0,1
SMV2-0211,HFCL,SELL,1392,1392,True,approved,7,7,176,0,True,1,0,0,2
SMV2-0211,HINDCOPPER,SELL,447,447,True,approved,6,6,177,0,True,1,0,0,3
SMV2-0211,NTPC,SELL,405,405,True,approved,5,5,178,0,True,1,0,0,4
SMV2-0211,POWERGRID,SELL,473,473,True,approved,4,4,179,0,True,1,0,0,5
SMV2-0211,RAILTEL,SELL,359,359,True,approved,3,3,180,0,True,1,0,0,6
SMV2-0211,RPOWER,SELL,4426,4426,True,approved,2,2,181,0,True,1,0,0,7
SMV2-0211,SAIL,SELL,997,997,True,approved,1,1,182,0,True,1,0,0,8
SMV2-0211,EASEMYTRIP,BUY,2499,2499,True,approved,0,0,183,0,False,0,0,0,9
SMV2-0211,BLS,BUY,332,332,True,approved,1,1,182,0,False,0,0,0,8
SMV2-0211,LEMONTREE,BUY,936,936,True,approved,2,2,181,0,False,0,0,0,7
SMV2-0211,RELIANCE,BUY,45,45,True,approved,3,3,180,0,False,0,0,0,6
SMV2-0211,HINDPETRO,BUY,278,278,True,approved,4,4,179,0,False,0,0,0,5
SMV2-0211,ONGC,BUY,551,551,True,approved,5,5,178,0,False,0,0,0,4
SMV2-0211,DLF,BUY,157,157,True,approved,6,6,177,0,False,0,0,0,3
SMV2-0211,NBCC,BUY,1370,1370,True,approved,7,7,176,0,False,0,0,0,2
SMV2-0211,IBREALEST,BUY,1251,1251,True,approved,8,8,175,0,False,0,0,0,1
SMV2-0213,HINDPETRO,SELL,278,278,True,approved,9,9,174,0,True,1,0,0,0
SMV2-0213,ONGC,SELL,551,551,True,approved,8,8,175,0,True,1,0,0,1
SMV2-0213,RELIANCE,SELL,45,45,True,approved,7,7,176,0,True,1,0,0,2
SMV2-0213,NBCC,SELL,267,267,True,approved,6,6,177,0,True,0,0,0,3
SMV2-0213,JKPAPER,BUY,306,306,True,approved,6,6,177,0,False,0,0,0,3
SMV2-0213,ORIENTPPR,BUY,2305,2305,True,approved,7,7,176,0,False,0,0,0,2
SMV2-0213,PAKKA,BUY,353,353,True,approved,8,8,175,0,False,0,0,0,1
SMV2-0214,DLF,SELL,157,157,True,approved,9,9,175,0,True,1,0,0,0
SMV2-0214,IBREALEST,SELL,1251,1251,True,approved,8,8,176,0,True,1,0,0,1
SMV2-0214,NBCC,SELL,1103,1103,True,approved,7,7,177,0,True,1,0,0,2
SMV2-0214,NHPC,BUY,1280,1280,True,approved,6,6,178,0,False,0,0,0,3
SMV2-0214,TATAPOWER,BUY,342,342,True,approved,7,7,178,0,False,0,0,0,2
SMV2-0214,SJVN,BUY,933,933,True,approved,8,8,177,0,False,0,0,0,1
SMV2-0216,JKPAPER,SELL,306,306,True,approved,9,9,177,0,True,1,0,0,0
SMV2-0216,ORIENTPPR,SELL,2305,2305,True,approved,8,8,178,0,True,1,0,0,1
SMV2-0216,PAKKA,SELL,353,353,True,approved,7,7,179,0,True,1,0,0,2
SMV2-0216,RELIANCE,BUY,43,43,True,approved,6,6,180,0,False,0,0,0,3
SMV2-0216,IOC,BUY,678,678,True,approved,7,7,179,0,False,0,0,0,2
SMV2-0216,BPCL,BUY,193,193,True,approved,8,8,178,0,False,0,0,0,1
SMV2-0217,NHPC,SELL,1280,1280,True,approved,9,9,177,0,True,1,0,0,0
SMV2-0217,SJVN,SELL,933,933,True,approved,8,8,178,0,True,1,0,0,1
SMV2-0217,TATAPOWER,SELL,342,342,True,approved,7,7,179,0,True,1,0,0,2
SMV2-0217,LICI,BUY,117,117,True,approved,6,6,180,0,False,0,0,0,3
SMV2-0217,HDFCLIFE,BUY,220,220,True,approved,7,7,179,0,False,0,0,0,2
SMV2-0217,POLICYBZR,BUY,122,122,True,approved,8,8,178,0,False,0,0,0,1
SMV2-0218,BLS,SELL,332,332,True,approved,9,9,177,0,True,1,0,0,0
SMV2-0218,EASEMYTRIP,SELL,2499,2499,True,approved,8,8,178,0,True,1,0,0,1
SMV2-0218,LEMONTREE,SELL,936,936,True,approved,7,7,179,0,True,1,0,0,2
SMV2-0218,HAL,BUY,40,40,True,approved,6,6,180,0,False,0,0,0,3
SMV2-0218,BEL,BUY,611,611,True,approved,7,7,179,0,False,0,0,0,2
SMV2-0218,INDIGO,BUY,40,40,True,approved,8,8,178,0,False,0,0,0,1
SMV2-0220,BPCL,SELL,193,193,True,approved,9,9,177,0,True,1,0,0,0
SMV2-0220,IOC,SELL,678,678,True,approved,8,8,178,0,True,1,0,0,1
SMV2-0220,RELIANCE,SELL,43,43,True,approved,7,7,179,0,True,1,0,0,2
SMV2-0220,CAMPUS,BUY,529,529,True,approved,6,6,180,0,False,0,0,0,3
SMV2-0220,BATAINDIA,BUY,87,87,True,approved,7,7,179,0,False,0,0,0,2
SMV2-0220,METROBRAND,BUY,101,101,True,approved,8,8,178,0,False,0,0,0,1
SMV2-0221,BATAINDIA,SELL,87,87,True,approved,9,9,177,0,True,1,0,0,0
SMV2-0221,CAMPUS,SELL,529,529,True,approved,8,8,178,0,True,1,0,0,1
SMV2-0221,METROBRAND,SELL,101,101,True,approved,7,7,179,0,True,1,0,0,2
SMV2-0221,MCDOWELL-N,BUY,109,109,True,approved,6,6,180,0,False,0,0,0,3
SMV2-0221,SULA,BUY,225,225,True,approved,7,7,179,0,False,0,0,0,2
SMV2-0221,RADICO,BUY,63,63,True,approved,8,8,178,0,False,0,0,0,1
SMV2-0222,MCDOWELL-N,SELL,109,109,True,approved,9,9,177,0,True,1,0,0,0
SMV2-0222,RADICO,SELL,63,63,True,approved,8,8,178,0,True,1,0,0,1
SMV2-0222,SULA,SELL,225,225,True,approved,7,7,179,0,True,1,0,0,2
SMV2-0222,TRENT,BUY,31,31,True,approved,6,6,180,0,False,0,0,0,3
SMV2-0222,DMART,BUY,27,27,True,approved,7,7,179,0,False,0,0,0,2
SMV2-0222,ABFRL,BUY,532,532,True,approved,8,8,178,0,False,0,0,0,1
SMV2-0223,ABFRL,SELL,532,532,True,approved,9,9,177,0,True,1,0,0,0
SMV2-0223,DMART,SELL,27,27,True,approved,8,8,178,0,True,1,0,0,1
SMV2-0223,HDFCLIFE,SELL,220,220,True,approved,7,7,179,0,True,1,0,0,2
SMV2-0223,LICI,SELL,117,117,True,approved,6,6,180,0,True,1,0,0,3
SMV2-0223,POLICYBZR,SELL,122,122,True,approved,5,5,181,0,True,1,0,0,4
SMV2-0223,TRENT,SELL,31,31,True,approved,4,4,182,0,True,1,0,0,5
SMV2-0223,MCDOWELL-N,BUY,117,117,True,approved,3,3,183,0,False,0,0,0,6
SMV2-0223,UBL,BUY,73,73,True,approved,4,4,182,0,False,0,0,0,5
SMV2-0223,RADICO,BUY,78,78,True,approved,5,5,181,0,False,0,0,0,4
SMV2-0223,TATAPOWER,BUY,320,320,True,approved,6,6,180,0,False,0,0,0,3
SMV2-0223,NHPC,BUY,1417,1417,True,approved,7,7,179,0,False,0,0,0,2
SMV2-0223,NTPC,BUY,323,323,True,approved,8,8,178,0,False,0,0,0,1
SMV2-0224,BEL,SELL,611,611,True,approved,9,9,177,0,True,1,0,0,0
SMV2-0224,HAL,SELL,40,40,True,approved,8,8,178,0,True,1,0,0,1
SMV2-0224,INDIGO,SELL,40,40,True,approved,7,7,179,0,True,1,0,0,2
SMV2-0224,TATASTEEL,BUY,832,832,True,approved,6,6,180,0,False,0,0,0,3
SMV2-0224,SAIL,BUY,880,880,True,approved,7,7,179,0,False,0,0,0,2
SMV2-0224,HINDCOPPER,BUY,374,374,True,approved,8,8,178,0,False,0,0,0,1
SMV2-0225,NHPC,SELL,1417,1417,True,approved,9,9,177,0,True,1,0,0,0
SMV2-0225,NTPC,SELL,323,323,True,approved,8,8,178,0,True,1,0,0,1
SMV2-0225,TATAPOWER,SELL,320,320,True,approved,7,7,179,0,True,1,0,0,2
SMV2-0225,DLF,BUY,156,156,True,approved,6,6,180,0,False,0,0,0,3
SMV2-0225,IBREALEST,BUY,1005,1005,True,approved,7,7,179,0,False,0,0,0,2
SMV2-0225,GODREJPROP,BUY,53,53,True,approved,8,8,178,0,False,0,0,0,1
SMV2-0226,MCDOWELL-N,SELL,117,117,True,approved,9,9,177,0,True,1,0,0,0
SMV2-0226,RADICO,SELL,78,78,True,approved,8,8,178,0,True,1,0,0,1
SMV2-0226,UBL,SELL,73,73,True,approved,7,7,179,0,True,1,0,0,2
SMV2-0226,HAL,BUY,35,35,True,approved,6,6,180,0,False,0,0,0,3
SMV2-0226,BEL,BUY,591,591,True,approved,7,7,179,0,False,0,0,0,2
SMV2-0226,INDIGO,BUY,35,35,True,approved,8,8,178,0,False,0,0,0,1
SMV2-0227,BEL,SELL,591,591,True,approved,9,9,177,0,True,1,0,0,0
SMV2-0227,DLF,SELL,156,156,True,approved,8,8,178,0,True,1,0,0,1
SMV2-0227,GODREJPROP,SELL,53,53,True,approved,7,7,179,0,True,1,0,0,2
SMV2-0227,HAL,SELL,35,35,True,approved,6,6,180,0,True,1,0,0,3
SMV2-0227,IBREALEST,SELL,1005,1005,True,approved,5,5,181,0,True,1,0,0,4
SMV2-0227,INDIGO,SELL,35,35,True,approved,4,4,182,0,True,1,0,0,5
SMV2-0227,TATAPOWER,BUY,305,305,True,approved,3,3,183,0,False,0,0,0,6
SMV2-0227,IREDA,BUY,784,784,True,approved,4,4,182,0,False,0,0,0,5
SMV2-0227,NTPC,BUY,381,381,True,approved,5,5,182,0,False,0,0,0,4
SMV2-0227,JKPAPER,BUY,363,363,True,approved,6,6,181,0,False,0,0,0,3
SMV2-0227,ORIENTPPR,BUY,2432,2432,True,approved,7,7,180,0,False,0,0,0,2
SMV2-0227,WSTCSTPAPR,BUY,185,185,True,approved,8,8,179,0,False,0,0,0,1
SMV2-0228,HINDCOPPER,SELL,374,374,True,approved,9,9,178,0,True,1,0,0,0
SMV2-0228,IREDA,SELL,784,784,True,approved,8,8,179,0,True,1,0,0,1
SMV2-0228,NTPC,SELL,381,381,True,approved,7,7,180,0,True,1,0,0,2
SMV2-0228,SAIL,SELL,880,880,True,approved,6,6,181,0,True,1,0,0,3
SMV2-0228,TATAPOWER,SELL,305,305,True,approved,5,5,182,0,True,1,0,0,4
SMV2-0228,TATASTEEL,SELL,832,832,True,approved,4,4,183,0,True,1,0,0,5
SMV2-0228,BHEL,BUY,476,476,True,approved,3,3,184,0,False,0,0,0,6
SMV2-0228,HAVELLS,BUY,77,77,True,approved,4,4,183,0,False,0,0,0,5
SMV2-0228,SIEMENS,BUY,20,20,True,approved,5,5,182,0,False,0,0,0,4
SMV2-0228,HAL,BUY,33,33,True,approved,6,6,181,0,False,0,0,0,3
SMV2-0228,BEL,BUY,572,572,True,approved,7,7,180,0,False,0,0,0,2
SMV2-0228,INDIGO,BUY,32,32,True,approved,8,8,179,0,False,0,0,0,1
SMV2-0230,BHEL,SELL,476,476,True,approved,9,9,178,0,True,1,0,0,0
SMV2-0230,HAVELLS,SELL,77,77,True,approved,8,8,179,0,True,1,0,0,1
SMV2-0230,JKPAPER,SELL,363,363,True,approved,7,7,180,0,True,1,0,0,2
SMV2-0230,ORIENTPPR,SELL,2432,2432,True,approved,6,6,181,0,True,1,0,0,3
SMV2-0230,SIEMENS,SELL,20,20,True,approved,5,5,182,0,True,1,0,0,4
SMV2-0230,WSTCSTPAPR,SELL,185,185,True,approved,4,4,183,0,True,1,0,0,5
SMV2-0230,LT,BUY,40,40,True,approved,3,3,184,0,False,0,0,0,6
SMV2-0230,RVNL,BUY,392,392,True,approved,4,4,183,0,False,0,0,0,5
SMV2-0230,ADANIPORTS,BUY,101,101,True,approved,5,5,182,0,False,0,0,0,4
SMV2-0230,NHPC,BUY,1422,1422,True,approved,6,6,181,0,False,0,0,0,3
SMV2-0230,TATAPOWER,BUY,328,328,True,approved,7,7,180,0,False,0,0,0,2
SMV2-0230,IREDA,BUY,584,584,True,approved,8,8,179,0,False,0,0,0,1
SMV2-0231,IREDA,SELL,584,584,True,approved,9,9,178,0,True,1,0,0,0
SMV2-0231,NHPC,SELL,1422,1422,True,approved,8,8,179,0,True,1,0,0,1
SMV2-0231,TATAPOWER,SELL,328,328,True,approved,7,7,180,0,True,1,0,0,2
SMV2-0231,TITAGARH,BUY,100,100,True,approved,6,6,181,0,False,0,0,0,3
SMV2-0231,TEXRAIL,BUY,733,733,True,approved,7,7,181,0,False,0,0,0,2
SMV2-0231,CARBORUNIV,BUY,73,73,True,approved,8,8,181,0,False,0,0,0,1
SMV2-0233,BEL,SELL,572,572,True,approved,9,9,181,0,True,1,0,0,0
SMV2-0233,HAL,SELL,33,33,True,approved,8,8,182,0,True,1,0,0,1
SMV2-0233,INDIGO,SELL,32,32,True,approved,7,7,183,0,True,1,0,0,2
SMV2-0233,ABB,BUY,16,16,True,approved,6,6,184,0,False,0,0,0,3
SMV2-0233,POLYCAB,BUY,21,21,True,approved,7,7,183,0,False,0,0,0,2
SMV2-0233,FINCABLES,BUY,95,95,True,approved,8,8,182,0,False,0,0,0,1
SMV2-0234,CARBORUNIV,BUY,16,16,True,approved,9,9,181,0,True,0,0,0,0
SMV2-0235,ABB,SELL,16,16,True,approved,9,9,181,0,True,1,0,0,0
SMV2-0235,CARBORUNIV,SELL,89,89,True,approved,8,8,182,0,True,1,0,0,1
SMV2-0235,FINCABLES,SELL,95,95,True,approved,7,7,183,0,True,1,0,0,2
SMV2-0235,POLYCAB,SELL,21,21,True,approved,6,6,184,0,True,1,0,0,3
SMV2-0235,TEXRAIL,SELL,733,733,True,approved,5,5,185,0,True,1,0,0,4
SMV2-0235,TITAGARH,SELL,100,100,True,approved,4,4,186,0,True,1,0,0,5
SMV2-0235,HUHTAMAKI,BUY,430,430,True,approved,3,3,187,0,False,0,0,0,6
SMV2-0235,JINDALPOLY,BUY,227,227,True,approved,4,4,186,0,False,0,0,0,5
SMV2-0235,UFLEX,BUY,302,302,True,approved,5,5,185,0,False,0,0,0,4
SMV2-0235,DIXON,BUY,13,13,True,approved,6,6,184,0,False,0,0,0,3
SMV2-0235,VOLTAS,BUY,106,106,True,approved,7,7,183,0,False,0,0,0,2
SMV2-0235,CROMPTON,BUY,388,388,True,approved,8,8,182,0,False,0,0,0,1
SMV2-0236,ADANIPORTS,SELL,101,101,True,approved,9,9,181,0,True,1,0,0,0
SMV2-0236,CROMPTON,SELL,388,388,True,approved,8,8,182,0,True,1,0,0,1
SMV2-0236,DIXON,SELL,13,13,True,approved,7,7,183,0,True,1,0,0,2
SMV2-0236,LT,SELL,40,40,True,approved,6,6,184,0,True,1,0,0,3
SMV2-0236,RVNL,SELL,392,392,True,approved,5,5,185,0,True,1,0,0,4
SMV2-0236,VOLTAS,SELL,106,106,True,approved,4,4,186,0,True,1,0,0,5
SMV2-0236,GAIL,BUY,752,752,True,approved,3,3,187,0,False,0,0,0,6
SMV2-0236,MGL,BUY,98,98,True,approved,4,4,186,0,False,0,0,0,5
SMV2-0236,REFEX,BUY,793,793,True,approved,5,5,185,0,False,0,0,0,4
SMV2-0236,TITAGARH,BUY,90,90,True,approved,6,6,184,0,False,0,0,0,3
SMV2-0236,TEXRAIL,BUY,602,602,True,approved,7,7,183,0,False,0,0,0,2
SMV2-0236,CARBORUNIV,BUY,86,86,True,approved,8,8,182,0,False,0,0,0,1
SMV2-0237,CARBORUNIV,SELL,86,86,True,approved,9,9,181,0,True,1,0,0,0
SMV2-0237,TEXRAIL,SELL,602,602,True,approved,8,8,182,0,True,1,0,0,1
SMV2-0237,TITAGARH,SELL,90,90,True,approved,7,7,183,0,True,1,0,0,2
SMV2-0237,JKPAPER,BUY,298,298,True,approved,6,6,184,0,False,0,0,0,3
SMV2-0237,ORIENTPPR,BUY,2918,2918,True,approved,7,7,183,0,False,0,0,0,2
SMV2-0237,WSTCSTPAPR,BUY,197,197,True,approved,8,8,182,0,False,0,0,0,1
SMV2-0238,HUHTAMAKI,SELL,430,430,True,approved,9,9,181,0,True,1,0,0,0
SMV2-0238,JINDALPOLY,SELL,227,227,True,approved,8,8,182,0,True,1,0,0,1
SMV2-0238,JKPAPER,SELL,298,298,True,approved,7,7,183,0,True,1,0,0,2
SMV2-0238,ORIENTPPR,SELL,2918,2918,True,approved,6,6,184,0,True,1,0,0,3
SMV2-0238,UFLEX,SELL,302,302,True,approved,5,5,185,0,True,1,0,0,4
SMV2-0238,WSTCSTPAPR,SELL,197,197,True,approved,4,4,186,0,True,1,0,0,5
SMV2-0238,BHARTIARTL,BUY,110,110,True,approved,3,3,187,0,False,0,0,0,6
SMV2-0238,INDUSTOWER,BUY,391,391,True,approved,4,4,186,0,False,0,0,0,5
SMV2-0238,RAILTEL,BUY,310,310,True,approved,5,5,185,0,False,0,0,0,4
SMV2-0238,LICI,BUY,145,145,True,approved,6,6,184,0,False,0,0,0,3
SMV2-0238,HDFCLIFE,BUY,253,253,True,approved,7,7,183,0,False,0,0,0,2
SMV2-0238,POLICYBZR,BUY,95,95,True,approved,8,8,182,0,False,0,0,0,1
SMV2-0240,POLICYBZR,SELL,95,95,True,approved,9,9,181,0,True,1,0,0,0
SMV2-0240,REFEX,SELL,125,125,True,approved,8,8,182,0,True,0,0,0,1
SMV2-0240,SBILIFE,BUY,99,99,True,approved,8,8,182,0,False,0,0,0,1
SMV2-0241,BHARTIARTL,SELL,110,110,True,approved,9,9,181,0,True,1,0,0,0
SMV2-0241,HDFCLIFE,SELL,253,253,True,approved,8,8,182,0,True,1,0,0,1
SMV2-0241,INDUSTOWER,SELL,391,391,True,approved,7,7,183,0,True,1,0,0,2
SMV2-0241,LICI,SELL,145,145,True,approved,6,6,184,0,True,1,0,0,3
SMV2-0241,RAILTEL,SELL,310,310,True,approved,5,5,185,0,True,1,0,0,4
SMV2-0241,SBILIFE,SELL,99,99,True,approved,4,4,186,0,True,1,0,0,5
SMV2-0241,HUHTAMAKI,BUY,386,386,True,approved,3,3,187,0,False,0,0,0,6
SMV2-0241,COSMOFIRST,BUY,172,172,True,approved,4,4,186,0,False,0,0,0,5
SMV2-0241,AGI,BUY,223,223,True,approved,5,5,185,0,False,0,0,0,4
SMV2-0241,WELSPUNLIV,BUY,946,946,True,approved,6,6,184,0,False,0,0,0,3
SMV2-0241,PAGEIND,BUY,4,4,True,approved,7,7,184,0,False,0,0,0,2
SMV2-0241,LUXIND,BUY,64,64,True,approved,8,8,183,0,False,0,0,0,1
SMV2-0242,LUXIND,SELL,64,64,True,approved,9,9,182,0,True,1,0,0,0
SMV2-0242,PAGEIND,SELL,4,4,True,approved,8,8,183,0,True,1,0,0,1
SMV2-0242,WELSPUNLIV,SELL,946,946,True,approved,7,7,184,0,True,1,0,0,2
SMV2-0242,TITAN,BUY,49,49,True,approved,6,6,185,0,False,0,0,0,3
SMV2-0242,KALYANKJIL,BUY,294,294,True,approved,7,7,184,0,False,0,0,0,2
SMV2-0242,GOLDIAM,BUY,576,576,True,approved,8,8,183,0,False,0,0,0,1
SMV2-0243,GAIL,SELL,752,752,True,approved,9,9,182,0,True,1,0,0,0
SMV2-0243,MGL,SELL,98,98,True,approved,8,8,183,0,True,1,0,0,1
SMV2-0243,REFEX,SELL,668,668,True,approved,7,7,184,0,True,1,0,0,2
SMV2-0243,SUNPHARMA,BUY,99,99,True,approved,6,6,185,0,False,0,0,0,3
SMV2-0243,LUPIN,BUY,84,84,True,approved,7,7,184,0,False,0,0,0,2
SMV2-0243,DIVISLAB,BUY,36,36,True,approved,8,8,183,0,False,0,0,0,1
SMV2-0244,AGI,SELL,223,223,True,approved,9,9,182,0,True,1,0,0,0
SMV2-0244,COSMOFIRST,SELL,172,172,True,approved,8,8,183,0,True,1,0,0,1
SMV2-0244,HUHTAMAKI,SELL,386,386,True,approved,7,7,184,0,True,1,0,0,2
SMV2-0244,AVANTIFEED,BUY,265,265,True,approved,6,6,185,0,False,0,0,0,3
SMV2-0244,TATACONSUM,BUY,150,150,True,approved,7,7,184,0,False,0,0,0,2
SMV2-0244,PATANJALI,BUY,84,84,True,approved,8,8,183,0,False,0,0,0,1
SMV2-0245,AVANTIFEED,SELL,265,265,True,approved,9,9,183,0,True,1,0,0,0
SMV2-0245,DIVISLAB,SELL,36,36,True,approved,8,8,184,0,True,1,0,0,1
SMV2-0245,PATANJALI,SELL,84,84,True,approved,7,7,185,0,True,1,0,0,2
SMV2-0245,TATACONSUM,SELL,150,150,True,approved,6,6,186,0,True,1,0,0,3
SMV2-0245,ZYDUSLIFE,BUY,163,163,True,approved,5,5,187,0,False,0,0,0,4
SMV2-0245,UNITDSPR,BUY,123,123,True,approved,6,6,187,0,False,0,0,0,3
SMV2-0245,RADICO,BUY,89,89,True,approved,7,7,187,0,False,0,0,0,2
SMV2-0245,TI,BUY,509,509,True,approved,8,8,186,0,False,0,0,0,1
SMV2-0246,LUPIN,SELL,84,84,True,approved,9,9,186,0,True,1,0,0,0
SMV2-0246,MOREPENLAB,BUY,2025,2025,True,approved,8,8,187,0,False,0,0,0,1
SMV2-0247,MOREPENLAB,SELL,2025,2025,True,approved,9,9,187,0,True,1,0,0,0
SMV2-0247,GRANULES,BUY,323,323,True,approved,8,8,188,0,False,0,0,0,1
SMV2-0248,GRANULES,SELL,323,323,True,approved,9,9,188,0,True,1,0,0,0
SMV2-0248,SUNPHARMA,SELL,99,99,True,approved,8,8,189,0,True,1,0,0,1
SMV2-0248,ZYDUSLIFE,SELL,163,163,True,approved,7,7,190,0,True,1,0,0,2
SMV2-0248,TI,BUY,130,130,True,approved,6,6,191,0,True,0,0,0,3
SMV2-0248,GAIL,BUY,796,796,True,approved,6,6,191,0,False,0,0,0,3
SMV2-0248,MGL,BUY,96,96,True,approved,7,7,190,0,False,0,0,0,2
SMV2-0248,REFEX,BUY,234,234,True,approved,8,8,189,0,False,0,0,0,1
SMV2-0249,RADICO,SELL,89,89,True,approved,9,9,188,0,True,1,0,0,0
SMV2-0249,TI,SELL,639,639,True,approved,8,8,189,0,True,1,0,0,1
SMV2-0249,UNITDSPR,SELL,123,123,True,approved,7,7,190,0,True,1,0,0,2
SMV2-0249,NTPC,BUY,425,425,True,approved,6,6,191,0,False,0,0,0,3
SMV2-0249,TATAPOWER,BUY,391,391,True,approved,7,7,190,0,False,0,0,0,2
SMV2-0249,POWERGRID,BUY,538,538,True,approved,8,8,189,0,False,0,0,0,1
SMV2-0250,GAIL,SELL,796,796,True,approved,9,9,188,0,True,1,0,0,0
SMV2-0250,MGL,SELL,96,96,True,approved,8,8,189,0,True,1,0,0,1
SMV2-0250,TATASTEEL,BUY,1110,1110,True,approved,7,7,190,0,False,0,0,0,2
SMV2-0250,VEDL,BUY,358,358,True,approved,8,8,189,0,False,0,0,0,1
SMV2-0250,NATIONALUM,BUY,1,0,False,maximum open positions reached,9,9,188,0,False,0,0,0,0
SMV2-0251,NTPC,SELL,425,425,True,approved,9,9,188,0,True,1,0,0,0
SMV2-0251,POWERGRID,SELL,538,538,True,approved,8,8,189,0,True,1,0,0,1
SMV2-0251,TATAPOWER,SELL,391,391,True,approved,7,7,190,0,True,1,0,0,2
SMV2-0251,GOLDIAM,SELL,114,114,True,approved,6,6,191,0,True,0,0,0,3
SMV2-0251,KALYANKJIL,SELL,47,47,True,approved,6,6,191,0,True,0,0,0,3
SMV2-0251,DIXON,BUY,11,11,True,approved,6,6,191,0,False,0,0,0,3
SMV2-0251,AMBER,BUY,33,33,True,approved,7,7,190,0,False,0,0,0,2
SMV2-0251,VOLTAS,BUY,95,95,True,approved,8,8,189,0,False,0,0,0,1
SMV2-0251,NATIONALUM,BUY,369,0,False,maximum open positions reached,9,9,188,0,False,0,0,0,0
SMV2-0252,TATASTEEL,SELL,1110,1110,True,approved,9,9,188,0,True,1,0,0,0
SMV2-0252,VEDL,SELL,358,358,True,approved,8,8,189,0,True,1,0,0,1
SMV2-0252,AMBER,SELL,6,6,True,approved,7,7,190,0,True,0,0,0,2
SMV2-0252,DIVISLAB,BUY,29,29,True,approved,7,7,190,0,False,0,0,0,2
SMV2-0252,SUNPHARMA,BUY,92,92,True,approved,8,8,189,0,False,0,0,0,1
SMV2-0252,CIPLA,BUY,73,0,False,maximum open positions reached,9,9,188,0,False,0,0,0,0
SMV2-0253,AMBER,SELL,27,27,True,approved,9,9,188,0,True,1,0,0,0
SMV2-0253,DIXON,SELL,11,11,True,approved,8,8,189,0,True,1,0,0,1
SMV2-0253,VOLTAS,SELL,95,95,True,approved,7,7,190,0,True,1,0,0,2
SMV2-0253,CIPLA,BUY,108,108,True,approved,6,6,191,0,False,0,0,0,3
SMV2-0253,CDSL,BUY,110,110,True,approved,7,7,190,0,False,0,0,0,2
SMV2-0253,INDIAMART,BUY,66,66,True,approved,8,8,190,0,False,0,0,0,1
SMV2-0253,SYRMA,BUY,143,0,False,maximum open positions reached,9,9,189,0,False,0,0,0,0
SMV2-0254,CDSL,SELL,110,110,True,approved,9,9,189,0,True,1,0,0,0
SMV2-0254,GOLDIAM,SELL,462,462,True,approved,8,8,190,0,True,1,0,0,1
SMV2-0254,INDIAMART,SELL,66,66,True,approved,7,7,191,0,True,1,0,0,2
SMV2-0254,KALYANKJIL,SELL,247,247,True,approved,6,6,192,0,True,1,0,0,3
SMV2-0254,TITAN,SELL,49,49,True,approved,5,5,193,0,True,1,0,0,4
SMV2-0254,TITAGARH,BUY,147,147,True,approved,4,4,194,0,False,0,0,0,5
SMV2-0254,TEXRAIL,BUY,781,781,True,approved,5,5,193,0,False,0,0,0,4
SMV2-0254,GRINDWELL,BUY,79,79,True,approved,6,6,192,0,False,0,0,0,3
SMV2-0254,RADICO,BUY,73,73,True,approved,7,7,192,0,False,0,0,0,2
SMV2-0254,UNITDSPR,BUY,116,116,True,approved,8,8,191,0,False,0,0,0,1
SMV2-0254,TI,BUY,106,0,False,maximum open positions reached,9,9,190,0,False,0,0,0,0
SMV2-0255,RADICO,SELL,73,73,True,approved,9,9,190,0,True,1,0,0,0
SMV2-0255,UNITDSPR,SELL,116,116,True,approved,8,8,191,0,True,1,0,0,1
SMV2-0255,TATACONSUM,BUY,176,176,True,approved,7,7,192,0,False,0,0,0,2
SMV2-0255,PATANJALI,BUY,89,89,True,approved,8,8,191,0,False,0,0,0,1
SMV2-0255,BBTC,BUY,15,0,False,maximum open positions reached,9,9,190,0,False,0,0,0,0
SMV2-0256,BBTC,BUY,16,0,False,maximum open positions reached,9,9,190,0,False,0,0,0,0
SMV2-0257,CIPLA,SELL,108,108,True,approved,9,9,190,0,True,1,0,0,0
SMV2-0257,DIVISLAB,SELL,29,29,True,approved,8,8,191,0,True,1,0,0,1
SMV2-0257,PATANJALI,SELL,89,89,True,approved,7,7,192,0,True,1,0,0,2
SMV2-0257,SUNPHARMA,SELL,92,92,True,approved,6,6,193,0,True,1,0,0,3
SMV2-0257,TATACONSUM,SELL,176,176,True,approved,5,5,194,0,True,1,0,0,4
SMV2-0257,PAGEIND,BUY,3,3,True,approved,4,4,195,0,False,0,0,0,5
SMV2-0257,RAYMOND,BUY,101,101,True,approved,5,5,194,0,False,0,0,0,4
SMV2-0257,KITEX,BUY,227,227,True,approved,6,6,193,0,False,0,0,0,3
SMV2-0257,BEL,BUY,547,547,True,approved,7,7,193,0,False,0,0,0,2
SMV2-0257,HAL,BUY,37,37,True,approved,8,8,192,0,False,0,0,0,1
SMV2-0257,INDIGO,BUY,17,0,False,maximum open positions reached,9,9,191,0,False,0,0,0,0
SMV2-0258,BEL,SELL,547,547,True,approved,9,9,191,0,True,1,0,0,0
SMV2-0258,HAL,SELL,37,37,True,approved,8,8,192,0,True,1,0,0,1
SMV2-0258,HIMATSEIDE,BUY,869,869,True,approved,7,7,193,0,False,0,0,0,2
SMV2-0258,ZEEL,BUY,1190,1190,True,approved,8,8,193,0,False,0,0,0,1
SMV2-0258,PVRINOX,BUY,46,0,False,maximum open positions reached,9,9,192,0,False,0,0,0,0
SMV2-0258,NETWORK18,BUY,902,0,False,maximum open positions reached,9,9,192,0,False,0,0,0,0
SMV2-0259,GRINDWELL,SELL,79,79,True,approved,9,9,192,0,True,1,0,0,0
SMV2-0259,TEXRAIL,SELL,781,781,True,approved,8,8,193,0,True,1,0,0,1
SMV2-0259,TITAGARH,SELL,147,147,True,approved,7,7,194,0,True,1,0,0,2
SMV2-0259,ZEEL,SELL,1190,1190,True,approved,6,6,195,0,True,1,0,0,3
SMV2-0259,BHARTIARTL,BUY,105,105,True,approved,5,5,196,0,False,0,0,0,4
SMV2-0259,ITI,BUY,492,492,True,approved,6,6,195,0,False,0,0,0,3
SMV2-0259,INDUSTOWER,BUY,504,504,True,approved,7,7,194,0,False,0,0,0,2
SMV2-0259,PREMIERENE,BUY,136,136,True,approved,8,8,193,0,False,0,0,0,1
SMV2-0259,KAYNES,BUY,9,0,False,maximum open positions reached,9,9,193,0,False,0,0,0,0
SMV2-0259,ABB,BUY,8,0,False,maximum open positions reached,9,9,193,0,False,0,0,0,0
SMV2-0260,BHARTIARTL,SELL,105,105,True,approved,9,9,193,0,True,1,0,0,0
SMV2-0260,HIMATSEIDE,SELL,869,869,True,approved,8,8,194,0,True,1,0,0,1
SMV2-0260,INDUSTOWER,SELL,504,504,True,approved,7,7,195,0,True,1,0,0,2
SMV2-0260,ITI,SELL,492,492,True,approved,6,6,196,0,True,1,0,0,3
SMV2-0260,TRIDENT,BUY,5025,5025,True,approved,5,5,197,0,False,0,0,0,4
SMV2-0260,PDMJEPAPER,BUY,797,797,True,approved,6,6,196,0,False,0,0,0,3
SMV2-0260,JKPAPER,BUY,388,388,True,approved,7,7,196,0,False,0,0,0,2
SMV2-0260,TNPL,BUY,827,827,True,approved,8,8,195,0,False,0,0,0,1
SMV2-0260,KAYNES,BUY,8,0,False,maximum open positions reached,9,9,194,0,False,0,0,0,0
SMV2-0260,ABB,BUY,8,0,False,maximum open positions reached,9,9,194,0,False,0,0,0,0
SMV2-0261,KAYNES,BUY,8,0,False,maximum open positions reached,9,9,194,0,False,0,0,0,0
SMV2-0261,ABB,BUY,8,0,False,maximum open positions reached,9,9,194,0,False,0,0,0,0
SMV2-0262,JKPAPER,SELL,388,388,True,approved,9,9,194,0,True,1,0,0,0
SMV2-0262,PDMJEPAPER,SELL,797,797,True,approved,8,8,195,0,True,1,0,0,1
SMV2-0262,REFEX,SELL,234,234,True,approved,7,7,196,0,True,1,0,0,2
SMV2-0262,TNPL,SELL,827,827,True,approved,6,6,197,0,True,1,0,0,3
SMV2-0262,UNITDSPR,BUY,99,99,True,approved,5,5,198,0,False,0,0,0,4
SMV2-0262,RADICO,BUY,64,64,True,approved,6,6,197,0,False,0,0,0,3
SMV2-0262,TI,BUY,366,366,True,approved,7,7,196,0,False,0,0,0,2
SMV2-0262,KAYNES,BUY,20,20,True,approved,8,8,195,0,False,0,0,0,1
SMV2-0263,KAYNES,SELL,20,20,True,approved,9,9,195,0,True,1,0,0,0
SMV2-0263,PAGEIND,SELL,3,3,True,approved,8,8,196,0,True,1,0,0,1
SMV2-0263,PREMIERENE,SELL,136,136,True,approved,7,7,197,0,True,1,0,0,2
SMV2-0263,RAYMOND,SELL,101,101,True,approved,6,6,198,0,True,1,0,0,3
SMV2-0263,TRIDENT,SELL,5025,5025,True,approved,5,5,199,0,True,1,0,0,4
SMV2-0263,SUNPHARMA,BUY,83,83,True,approved,4,4,200,0,False,0,0,0,5
SMV2-0263,LUPIN,BUY,69,69,True,approved,5,5,199,0,False,0,0,0,4
SMV2-0263,CIPLA,BUY,102,102,True,approved,6,6,198,0,False,0,0,0,3
SMV2-0263,RELIANCE,BUY,121,121,True,approved,7,7,197,0,False,0,0,0,2
SMV2-0263,ONGC,BUY,541,541,True,approved,8,8,196,0,False,0,0,0,1
SMV2-0264,CIPLA,SELL,102,102,True,approved,9,9,195,0,True,1,0,0,0
SMV2-0264,LUPIN,SELL,69,69,True,approved,8,8,196,0,True,1,0,0,1
SMV2-0264,RADICO,SELL,64,64,True,approved,7,7,197,0,True,1,0,0,2
SMV2-0264,SUNPHARMA,SELL,83,83,True,approved,6,6,198,0,True,1,0,0,3
SMV2-0264,TI,SELL,366,366,True,approved,5,5,199,0,True,1,0,0,4
SMV2-0264,UNITDSPR,SELL,99,99,True,approved,4,4,200,0,True,1,0,0,5
SMV2-0264,HAL,BUY,36,36,True,approved,3,3,201,0,False,0,0,0,6
SMV2-0264,BEL,BUY,528,528,True,approved,4,4,200,0,False,0,0,0,5
SMV2-0264,INDIGO,BUY,36,36,True,approved,5,5,199,0,False,0,0,0,4
SMV2-0264,POLICYBZR,BUY,87,87,True,approved,6,6,198,0,False,0,0,0,3
SMV2-0264,HDFCLIFE,BUY,233,233,True,approved,7,7,197,0,False,0,0,0,2
SMV2-0264,SBILIFE,BUY,83,83,True,approved,8,8,196,0,False,0,0,0,1
SMV2-0265,BEL,SELL,528,528,True,approved,9,9,195,0,True,1,0,0,0
SMV2-0265,HAL,SELL,36,36,True,approved,8,8,196,0,True,1,0,0,1
SMV2-0265,HDFCLIFE,SELL,233,233,True,approved,7,7,197,0,True,1,0,0,2
SMV2-0265,INDIGO,SELL,36,36,True,approved,6,6,198,0,True,1,0,0,3
SMV2-0265,ONGC,SELL,541,541,True,approved,5,5,199,0,True,1,0,0,4
SMV2-0265,POLICYBZR,SELL,87,87,True,approved,4,4,200,0,True,1,0,0,5
SMV2-0265,RELIANCE,SELL,121,121,True,approved,3,3,201,0,True,1,0,0,6
SMV2-0265,SBILIFE,SELL,83,83,True,approved,2,2,202,0,True,1,0,0,7
SMV2-0265,ADANIENT,BUY,62,62,True,approved,1,1,203,0,False,0,0,0,8
SMV2-0265,REDINGTON,BUY,641,641,True,approved,2,2,202,0,False,0,0,0,7
SMV2-0265,MMTC,BUY,2088,2088,True,approved,3,3,201,0,False,0,0,0,6
SMV2-0265,ITC,BUY,325,325,True,approved,4,4,200,0,False,0,0,0,5
SMV2-0265,SRF,BUY,55,55,True,approved,5,5,199,0,False,0,0,0,4
SMV2-0265,GRASIM,BUY,57,57,True,approved,6,6,198,0,False,0,0,0,3
SMV2-0265,HDFCBANK,BUY,87,87,True,approved,7,7,197,0,False,0,0,0,2
SMV2-0265,AXISBANK,BUY,127,127,True,approved,8,8,196,0,False,0,0,0,1
SMV2-0266,ADANIENT,SELL,62,62,True,approved,9,9,195,0,True,1,0,0,0
SMV2-0266,MMTC,SELL,2088,2088,True,approved,8,8,196,0,True,1,0,0,1
SMV2-0266,REDINGTON,SELL,641,641,True,approved,7,7,197,0,True,1,0,0,2
SMV2-0266,ICICIBANK,BUY,115,115,True,approved,6,6,198,0,False,0,0,0,3
SMV2-0266,TATACONSUM,BUY,134,134,True,approved,7,7,197,0,False,0,0,0,2
SMV2-0266,PATANJALI,BUY,67,67,True,approved,8,8,196,0,False,0,0,0,1
SMV2-0268,GRASIM,SELL,57,57,True,approved,9,9,195,0,True,1,0,0,0
SMV2-0268,ITC,SELL,325,325,True,approved,8,8,196,0,True,1,0,0,1
SMV2-0268,SRF,SELL,55,55,True,approved,7,7,197,0,True,1,0,0,2
SMV2-0268,HINDUNILVR,BUY,60,60,True,approved,6,6,198,0,False,0,0,0,3
SMV2-0268,GODFRYPHLP,BUY,23,23,True,approved,7,7,197,0,False,0,0,0,2
SMV2-0268,BRITANNIA,BUY,28,28,True,approved,8,8,197,0,False,0,0,0,1
SMV2-0268,AVANTIFEED,BUY,14,0,False,maximum open positions reached,9,9,196,0,False,0,0,0,0
SMV2-0269,PATANJALI,SELL,67,67,True,approved,9,9,196,0,True,1,0,0,0
SMV2-0269,TATACONSUM,SELL,134,134,True,approved,8,8,197,0,True,1,0,0,1
SMV2-0269,WAAREEENER,BUY,62,62,True,approved,7,7,198,0,False,0,0,0,2
SMV2-0269,NTPC,BUY,396,396,True,approved,8,8,198,0,False,0,0,0,1
SMV2-0269,POWERGRID,BUY,1,0,False,maximum open positions reached,9,9,197,0,False,0,0,0,0
SMV2-0270,NTPC,SELL,396,396,True,approved,9,9,197,0,True,1,0,0,0
SMV2-0270,WAAREEENER,SELL,62,62,True,approved,8,8,198,0,True,1,0,0,1
SMV2-0270,INDHOTEL,BUY,189,189,True,approved,7,7,199,0,False,0,0,0,2
SMV2-0270,BLS,BUY,354,354,True,approved,8,8,198,0,False,0,0,0,1
SMV2-0270,LEMONTREE,BUY,1,0,False,maximum open positions reached,9,9,197,0,False,0,0,0,0
SMV2-0271,AXISBANK,SELL,127,127,True,approved,9,9,197,0,True,1,0,0,0
SMV2-0271,BRITANNIA,SELL,28,28,True,approved,8,8,198,0,True,1,0,0,1
SMV2-0271,GODFRYPHLP,SELL,23,23,True,approved,7,7,199,0,True,1,0,0,2
SMV2-0271,HDFCBANK,SELL,87,87,True,approved,6,6,200,0,True,1,0,0,3
SMV2-0271,HINDUNILVR,SELL,60,60,True,approved,5,5,201,0,True,1,0,0,4
SMV2-0271,ICICIBANK,SELL,115,115,True,approved,4,4,202,0,True,1,0,0,5
SMV2-0271,KITEX,SELL,227,227,True,approved,3,3,203,0,True,1,0,0,6
SMV2-0271,TATASTEEL,BUY,810,810,True,approved,2,2,204,0,False,0,0,0,7
SMV2-0271,HINDALCO,BUY,178,178,True,approved,3,3,203,0,False,0,0,0,6
SMV2-0271,VEDL,BUY,275,275,True,approved,4,4,202,0,False,0,0,0,5
SMV2-0271,AGI,BUY,171,171,True,approved,5,5,201,0,False,0,0,0,4
SMV2-0271,TCPLPACK,BUY,26,26,True,approved,6,6,200,0,False,0,0,0,3
SMV2-0271,COSMOFIRST,BUY,191,191,True,approved,7,7,199,0,False,0,0,0,2
SMV2-0271,LEMONTREE,BUY,813,813,True,approved,8,8,198,0,False,0,0,0,1
SMV2-0272,AGI,SELL,171,171,True,approved,9,9,197,0,True,1,0,0,0
SMV2-0272,COSMOFIRST,SELL,191,191,True,approved,8,8,198,0,True,1,0,0,1
SMV2-0272,TCPLPACK,SELL,26,26,True,approved,7,7,199,0,True,1,0,0,2
SMV2-0272,INDHOTEL,SELL,31,31,True,approved,6,6,200,0,True,0,0,0,3
SMV2-0272,AMBER,BUY,18,18,True,approved,6,6,200,0,False,0,0,0,3
SMV2-0272,DIXON,BUY,9,9,True,approved,7,7,199,0,False,0,0,0,2
SMV2-0272,VOLTAS,BUY,84,84,True,approved,8,8,198,0,False,0,0,0,1
SMV2-0273,AMBER,SELL,18,18,True,approved,9,9,197,0,True,1,0,0,0
SMV2-0273,DIXON,SELL,9,9,True,approved,8,8,198,0,True,1,0,0,1
SMV2-0273,VOLTAS,SELL,84,84,True,approved,7,7,199,0,True,1,0,0,2
SMV2-0273,HAL,BUY,32,32,True,approved,6,6,200,0,False,0,0,0,3
SMV2-0273,BEL,BUY,432,432,True,approved,7,7,199,0,False,0,0,0,2
SMV2-0273,INDIGO,BUY,25,25,True,approved,8,8,198,0,False,0,0,0,1
SMV2-0274,BLS,SELL,354,354,True,approved,9,9,197,0,True,1,0,0,0
SMV2-0274,HINDALCO,SELL,178,178,True,approved,8,8,198,0,True,1,0,0,1
SMV2-0274,INDHOTEL,SELL,158,158,True,approved,7,7,199,0,True,1,0,0,2
SMV2-0274,LEMONTREE,SELL,813,813,True,approved,6,6,200,0,True,1,0,0,3
SMV2-0274,TATASTEEL,SELL,810,810,True,approved,5,5,201,0,True,1,0,0,4
SMV2-0274,VEDL,SELL,275,275,True,approved,4,4,202,0,True,1,0,0,5
SMV2-0274,NTPC,BUY,359,359,True,approved,3,3,203,0,False,0,0,0,6
SMV2-0274,POWERGRID,BUY,437,437,True,approved,4,4,202,0,False,0,0,0,5
SMV2-0274,IREDA,BUY,790,790,True,approved,5,5,201,0,False,0,0,0,4
SMV2-0274,RELIANCE,BUY,100,100,True,approved,6,6,200,0,False,0,0,0,3
SMV2-0274,BPCL,BUY,460,460,True,approved,7,7,199,0,False,0,0,0,2
SMV2-0274,ONGC,BUY,438,438,True,approved,8,8,198,0,False,0,0,0,1
SMV2-0276,BPCL,SELL,460,460,True,approved,9,9,197,0,True,1,0,0,0
SMV2-0276,ONGC,SELL,438,438,True,approved,8,8,198,0,True,1,0,0,1
SMV2-0276,RELIANCE,SELL,100,100,True,approved,7,7,199,0,True,1,0,0,2
SMV2-0276,TATACONSUM,BUY,115,115,True,approved,6,6,200,0,False,0,0,0,3
SMV2-0276,AVANTIFEED,BUY,155,155,True,approved,7,7,199,0,False,0,0,0,2
SMV2-0276,PATANJALI,BUY,56,56,True,approved,8,8,198,0,False,0,0,0,1
SMV2-0277,AVANTIFEED,SELL,155,155,True,approved,9,9,197,0,True,1,0,0,0
SMV2-0277,PATANJALI,SELL,56,56,True,approved,8,8,198,0,True,1,0,0,1
SMV2-0277,TATACONSUM,SELL,115,115,True,approved,7,7,199,0,True,1,0,0,2
SMV2-0277,LT,BUY,40,40,True,approved,6,6,200,0,False,0,0,0,3
SMV2-0277,RVNL,BUY,352,352,True,approved,7,7,199,0,False,0,0,0,2
SMV2-0277,ADANIPORTS,BUY,92,92,True,approved,8,8,198,0,False,0,0,0,1
SMV2-0278,ADANIPORTS,SELL,92,92,True,approved,9,9,197,0,True,1,0,0,0
SMV2-0278,BEL,SELL,432,432,True,approved,8,8,198,0,True,1,0,0,1
SMV2-0278,HAL,SELL,32,32,True,approved,7,7,199,0,True,1,0,0,2
SMV2-0278,INDIGO,SELL,25,25,True,approved,6,6,200,0,True,1,0,0,3
SMV2-0278,IREDA,SELL,790,790,True,approved,5,5,201,0,True,1,0,0,4
SMV2-0278,LT,SELL,40,40,True,approved,4,4,202,0,True,1,0,0,5
SMV2-0278,NTPC,SELL,359,359,True,approved,3,3,203,0,True,1,0,0,6
SMV2-0278,POWERGRID,SELL,437,437,True,approved,2,2,204,0,True,1,0,0,7
SMV2-0278,RVNL,SELL,352,352,True,approved,1,1,205,0,True,1,0,0,8
SMV2-0278,HINDUNILVR,BUY,54,54,True,approved,0,0,206,0,False,0,0,0,9
SMV2-0278,BRITANNIA,BUY,23,23,True,approved,1,1,205,0,False,0,0,0,8
SMV2-0278,GODREJCP,BUY,100,100,True,approved,2,2,204,0,False,0,0,0,7
SMV2-0278,HDFCBANK,BUY,66,66,True,approved,3,3,204,0,False,0,0,0,6
SMV2-0278,ICICIBANK,BUY,90,90,True,approved,4,4,203,0,False,0,0,0,5
SMV2-0278,INDUSINDBK,BUY,154,154,True,approved,5,5,202,0,False,0,0,0,4
SMV2-0278,ADANIENT,BUY,54,54,True,approved,6,6,202,0,False,0,0,0,3
SMV2-0278,REDINGTON,BUY,520,520,True,approved,7,7,201,0,False,0,0,0,2
SMV2-0278,STYLEBAAZA,BUY,415,415,True,approved,8,8,200,0,False,0,0,0,1
SMV2-0279,ADANIENT,SELL,54,54,True,approved,9,9,200,0,True,1,0,0,0
SMV2-0279,REDINGTON,SELL,520,520,True,approved,8,8,201,0,True,1,0,0,1
SMV2-0279,STYLEBAAZA,SELL,415,415,True,approved,7,7,202,0,True,1,0,0,2
SMV2-0279,HAL,BUY,28,28,True,approved,6,6,203,0,False,0,0,0,3
SMV2-0279,BEL,BUY,407,407,True,approved,7,7,202,0,False,0,0,0,2
SMV2-0279,INDIGO,BUY,23,23,True,approved,8,8,201,0,False,0,0,0,1
SMV2-0280,BRITANNIA,SELL,23,23,True,approved,9,9,200,0,True,1,0,0,0
SMV2-0280,GODREJCP,SELL,100,100,True,approved,8,8,201,0,True,1,0,0,1
SMV2-0280,HDFCBANK,SELL,66,66,True,approved,7,7,202,0,True,1,0,0,2
SMV2-0280,HINDUNILVR,SELL,54,54,True,approved,6,6,203,0,True,1,0,0,3
SMV2-0280,ICICIBANK,SELL,90,90,True,approved,5,5,204,0,True,1,0,0,4
SMV2-0280,INDUSINDBK,SELL,154,154,True,approved,4,4,205,0,True,1,0,0,5
SMV2-0280,WELSPUNLIV,BUY,846,846,True,approved,3,3,206,0,False,0,0,0,6
SMV2-0280,KPRMILL,BUY,98,98,True,approved,4,4,205,0,False,0,0,0,5
SMV2-0280,PAGEIND,BUY,2,2,True,approved,5,5,205,0,False,0,0,0,4
SMV2-0280,SBILIFE,BUY,74,74,True,approved,6,6,204,0,False,0,0,0,3
SMV2-0280,HDFCLIFE,BUY,178,178,True,approved,7,7,203,0,False,0,0,0,2
SMV2-0280,POLICYBZR,BUY,77,77,True,approved,8,8,202,0,False,0,0,0,1
SMV2-0281,HDFCLIFE,SELL,178,178,True,approved,9,9,201,0,True,1,0,0,0
SMV2-0281,KPRMILL,SELL,98,98,True,approved,8,8,202,0,True,1,0,0,1
SMV2-0281,PAGEIND,SELL,2,2,True,approved,7,7,203,0,True,1,0,0,2
SMV2-0281,POLICYBZR,SELL,77,77,True,approved,6,6,204,0,True,1,0,0,3
SMV2-0281,SBILIFE,SELL,74,74,True,approved,5,5,205,0,True,1,0,0,4
SMV2-0281,WELSPUNLIV,SELL,846,846,True,approved,4,4,206,0,True,1,0,0,5
SMV2-0281,KAYNES,BUY,21,21,True,approved,3,3,207,0,False,0,0,0,6
SMV2-0281,POLYCAB,BUY,21,21,True,approved,4,4,206,0,False,0,0,0,5
SMV2-0281,ABB,BUY,22,22,True,approved,5,5,205,0,False,0,0,0,4
SMV2-0281,JKPAPER,BUY,374,374,True,approved,6,6,204,0,False,0,0,0,3
SMV2-0281,WSTCSTPAPR,BUY,274,274,True,approved,7,7,203,0,False,0,0,0,2
SMV2-0281,ORIENTPPR,BUY,3794,3794,True,approved,8,8,202,0,False,0,0,0,1
SMV2-0282,BEL,SELL,68,68,True,approved,9,9,201,0,True,0,0,0,0
SMV2-0283,JKPAPER,SELL,374,374,True,approved,9,9,201,0,True,1,0,0,0
SMV2-0283,ORIENTPPR,SELL,3794,3794,True,approved,8,8,202,0,True,1,0,0,1
SMV2-0283,WSTCSTPAPR,SELL,274,274,True,approved,7,7,203,0,True,1,0,0,2
SMV2-0283,COSMOFIRST,BUY,109,109,True,approved,6,6,204,0,False,0,0,0,3
SMV2-0283,AGI,BUY,154,154,True,approved,7,7,203,0,False,0,0,0,2
SMV2-0283,UFLEX,BUY,212,212,True,approved,8,8,202,0,False,0,0,0,1
SMV2-0284,ABB,SELL,22,22,True,approved,9,9,201,0,True,1,0,0,0
SMV2-0284,KAYNES,SELL,21,21,True,approved,8,8,202,0,True,1,0,0,1
SMV2-0284,POLYCAB,SELL,21,21,True,approved,7,7,203,0,True,1,0,0,2
SMV2-0284,BHARTIARTL,BUY,69,69,True,approved,6,6,204,0,False,0,0,0,3
SMV2-0284,INDUSTOWER,BUY,334,334,True,approved,7,7,203,0,False,0,0,0,2
SMV2-0284,RAILTEL,BUY,290,290,True,approved,8,8,202,0,False,0,0,0,1
SMV2-0285,BEL,SELL,339,339,True,approved,9,9,201,0,True,1,0,0,0
SMV2-0285,HAL,SELL,28,28,True,approved,8,8,202,0,True,1,0,0,1
SMV2-0285,INDIGO,SELL,23,23,True,approved,7,7,203,0,True,1,0,0,2
SMV2-0285,ASTRAL,BUY,84,84,True,approved,6,6,204,0,False,0,0,0,3
SMV2-0285,SUPREMEIND,BUY,29,29,True,approved,7,7,203,0,False,0,0,0,2
SMV2-0285,FINPIPE,BUY,581,581,True,approved,8,8,202,0,False,0,0,0,1
SMV2-0286,AGI,SELL,154,154,True,approved,9,9,201,0,True,1,0,0,0
SMV2-0286,ASTRAL,SELL,84,84,True,approved,8,8,202,0,True,1,0,0,1
SMV2-0286,COSMOFIRST,SELL,109,109,True,approved,7,7,203,0,True,1,0,0,2
SMV2-0286,FINPIPE,SELL,581,581,True,approved,6,6,204,0,True,1,0,0,3
SMV2-0286,SUPREMEIND,SELL,29,29,True,approved,5,5,205,0,True,1,0,0,4
SMV2-0286,UFLEX,SELL,212,212,True,approved,4,4,206,0,True,1,0,0,5
SMV2-0286,DLF,BUY,151,151,True,approved,3,3,207,0,False,0,0,0,6
SMV2-0286,GODREJPROP,BUY,53,53,True,approved,4,4,206,0,False,0,0,0,5
SMV2-0286,NBCC,BUY,1119,1119,True,approved,5,5,205,0,False,0,0,0,4
SMV2-0286,ADANIENT,BUY,52,52,True,approved,6,6,204,0,False,0,0,0,3
SMV2-0286,REDINGTON,BUY,441,441,True,approved,7,7,203,0,False,0,0,0,2
SMV2-0286,HEXT,BUY,156,156,True,approved,8,8,202,0,False,0,0,0,1
SMV2-0287,BHARTIARTL,SELL,69,69,True,approved,9,9,202,0,True,1,0,0,0
SMV2-0287,INDUSTOWER,SELL,334,334,True,approved,8,8,203,0,True,1,0,0,1
SMV2-0287,RAILTEL,SELL,290,290,True,approved,7,7,204,0,True,1,0,0,2
SMV2-0287,JKPAPER,BUY,359,359,True,approved,6,6,205,0,False,0,0,0,3
SMV2-0287,PAKKA,BUY,634,634,True,approved,7,7,204,0,False,0,0,0,2
SMV2-0287,WSTCSTPAPR,BUY,260,260,True,approved,8,8,203,0,False,0,0,0,1
SMV2-0288,DLF,SELL,151,151,True,approved,9,9,202,0,True,1,0,0,0
SMV2-0288,GODREJPROP,SELL,53,53,True,approved,8,8,203,0,True,1,0,0,1
SMV2-0288,NBCC,SELL,1119,1119,True,approved,7,7,204,0,True,1,0,0,2
SMV2-0288,ZEEL,BUY,913,913,True,approved,6,6,205,0,False,0,0,0,3
SMV2-0288,NETWORK18,BUY,2386,2386,True,approved,7,7,204,0,False,0,0,0,2
SMV2-0288,PFOCUS,BUY,652,652,True,approved,8,8,204,0,False,0,0,0,1
SMV2-0289,ADANIENT,SELL,52,52,True,approved,9,9,204,0,True,1,0,0,0
SMV2-0289,HEXT,SELL,156,156,True,approved,8,8,205,0,True,1,0,0,1
SMV2-0289,REDINGTON,SELL,441,441,True,approved,7,7,206,0,True,1,0,0,2
SMV2-0289,PFOCUS,BUY,165,165,True,approved,6,6,207,0,True,0,0,0,3
SMV2-0289,KAYNES,BUY,21,21,True,approved,6,6,207,0,False,0,0,0,3
SMV2-0289,EIEL,BUY,463,463,True,approved,7,7,206,0,False,0,0,0,2
SMV2-0289,POLYCAB,BUY,17,17,True,approved,8,8,206,0,False,0,0,0,1
SMV2-0290,EIEL,SELL,463,463,True,approved,9,9,205,0,True,1,0,0,0
SMV2-0290,KAYNES,SELL,21,21,True,approved,8,8,206,0,True,1,0,0,1
SMV2-0290,POLYCAB,SELL,17,17,True,approved,7,7,207,0,True,1,0,0,2
SMV2-0290,ULTRACEMCO,BUY,10,10,True,approved,6,6,208,0,False,0,0,0,3
SMV2-0290,AMBUJACEM,BUY,223,223,True,approved,7,7,207,0,False,0,0,0,2
SMV2-0290,SHREECEM,BUY,3,3,True,approved,8,8,206,0,False,0,0,0,1
SMV2-0291,JKPAPER,SELL,359,359,True,approved,9,9,205,0,True,1,0,0,0
SMV2-0291,NETWORK18,SELL,2386,2386,True,approved,8,8,206,0,True,1,0,0,1
SMV2-0291,PAKKA,SELL,634,634,True,approved,7,7,207,0,True,1,0,0,2
SMV2-0291,PFOCUS,SELL,817,817,True,approved,6,6,208,0,True,1,0,0,3
SMV2-0291,WSTCSTPAPR,SELL,260,260,True,approved,5,5,209,0,True,1,0,0,4
SMV2-0291,ZEEL,SELL,913,913,True,approved,4,4,210,0,True,1,0,0,5
SMV2-0291,SHREECEM,BUY,1,1,True,approved,3,3,211,0,True,0,0,0,6
SMV2-0291,TI,BUY,256,256,True,approved,3,3,211,0,False,0,0,0,6
SMV2-0291,UNITDSPR,BUY,96,96,True,approved,4,4,210,0,False,0,0,0,5
SMV2-0291,RADICO,BUY,46,46,True,approved,5,5,209,0,False,0,0,0,4
SMV2-0291,RELAXO,BUY,259,259,True,approved,6,6,208,0,False,0,0,0,3
SMV2-0291,CAMPUS,BUY,452,452,True,approved,7,7,207,0,False,0,0,0,2
SMV2-0291,BATAINDIA,BUY,104,104,True,approved,8,8,206,0,False,0,0,0,1
SMV2-0292,BATAINDIA,SELL,104,104,True,approved,9,9,205,0,True,1,0,0,0
SMV2-0292,CAMPUS,SELL,452,452,True,approved,8,8,206,0,True,1,0,0,1
SMV2-0292,RELAXO,SELL,259,259,True,approved,7,7,207,0,True,1,0,0,2
SMV2-0292,SHREECEM,SELL,4,4,True,approved,6,6,208,0,True,1,0,0,3
SMV2-0292,INDHOTEL,BUY,168,168,True,approved,5,5,209,0,False,0,0,0,4
SMV2-0292,BLS,BUY,328,328,True,approved,6,6,208,0,False,0,0,0,3
SMV2-0292,LEMONTREE,BUY,851,851,True,approved,7,7,207,0,False,0,0,0,2
SMV2-0292,GARUDA,BUY,592,592,True,approved,8,8,206,0,False,0,0,0,1
SMV2-0294,AMBUJACEM,SELL,223,223,True,approved,9,9,206,0,True,1,0,0,0
SMV2-0294,GARUDA,SELL,592,592,True,approved,8,8,207,0,True,1,0,0,1
SMV2-0294,ULTRACEMCO,SELL,10,10,True,approved,7,7,208,0,True,1,0,0,2
SMV2-0294,HAL,BUY,27,27,True,approved,6,6,209,0,False,0,0,0,3
SMV2-0294,BEL,BUY,324,324,True,approved,7,7,208,0,False,0,0,0,2
SMV2-0294,INDIGO,BUY,18,18,True,approved,8,8,207,0,False,0,0,0,1
SMV2-0295,RADICO,SELL,46,46,True,approved,9,9,206,0,True,1,0,0,0
SMV2-0295,TI,SELL,256,256,True,approved,8,8,207,0,True,1,0,0,1
SMV2-0295,UNITDSPR,SELL,96,96,True,approved,7,7,208,0,True,1,0,0,2
SMV2-0295,NIACL,BUY,648,648,True,approved,6,6,209,0,False,0,0,0,3
SMV2-0295,POLICYBZR,BUY,66,66,True,approved,7,7,209,0,False,0,0,0,2
SMV2-0295,SBILIFE,BUY,68,68,True,approved,8,8,208,0,False,0,0,0,1
SMV2-0296,NIACL,SELL,648,648,True,approved,9,9,207,0,True,1,0,0,0
SMV2-0296,POLICYBZR,SELL,66,66,True,approved,8,8,208,0,True,1,0,0,1
SMV2-0296,SBILIFE,SELL,68,68,True,approved,7,7,209,0,True,1,0,0,2
SMV2-0296,ZEEL,BUY,1046,1046,True,approved,6,6,210,0,False,0,0,0,3
SMV2-0296,PVRINOX,BUY,108,108,True,approved,7,7,209,0,False,0,0,0,2
SMV2-0296,NETWORK18,BUY,2307,2307,True,approved,8,8,209,0,False,0,0,0,1
SMV2-0297,LEMONTREE,SELL,147,147,True,approved,9,9,208,0,True,0,0,0,0
SMV2-0298,NETWORK18,SELL,2307,2307,True,approved,9,9,208,0,True,1,0,0,0
SMV2-0298,PVRINOX,SELL,108,108,True,approved,8,8,209,0,True,1,0,0,1
SMV2-0298,ZEEL,SELL,1046,1046,True,approved,7,7,210,0,True,1,0,0,2
SMV2-0298,INDIGO,BUY,3,3,True,approved,6,6,211,0,True,0,0,0,3
SMV2-0298,BATAINDIA,BUY,100,100,True,approved,6,6,211,0,False,0,0,0,3
SMV2-0298,RELAXO,BUY,258,258,True,approved,7,7,210,0,False,0,0,0,2
SMV2-0298,CAMPUS,BUY,467,467,True,approved,8,8,209,0,False,0,0,0,1
SMV2-0299,BLS,SELL,328,328,True,approved,9,9,208,0,True,1,0,0,0
SMV2-0299,INDHOTEL,SELL,168,168,True,approved,8,8,209,0,True,1,0,0,1
SMV2-0299,LEMONTREE,SELL,704,704,True,approved,7,7,210,0,True,1,0,0,2
SMV2-0299,KAYNES,BUY,17,17,True,approved,6,6,211,0,False,0,0,0,3
SMV2-0299,OLECTRA,BUY,76,76,True,approved,7,7,210,0,False,0,0,0,2
SMV2-0299,POLYCAB,BUY,16,16,True,approved,8,8,209,0,False,0,0,0,1
SMV2-0301,BATAINDIA,SELL,100,100,True,approved,9,9,208,0,True,1,0,0,0
SMV2-0301,CAMPUS,SELL,467,467,True,approved,8,8,209,0,True,1,0,0,1
SMV2-0301,KAYNES,SELL,17,17,True,approved,7,7,210,0,True,1,0,0,2
SMV2-0301,OLECTRA,SELL,76,76,True,approved,6,6,211,0,True,1,0,0,3
SMV2-0301,POLYCAB,SELL,16,16,True,approved,5,5,212,0,True,1,0,0,4
SMV2-0301,RELAXO,SELL,258,258,True,approved,4,4,213,0,True,1,0,0,5
SMV2-0301,GMDCLTD,BUY,199,199,True,approved,3,3,214,0,False,0,0,0,6
SMV2-0301,HINDCOPPER,BUY,358,358,True,approved,4,4,214,0,False,0,0,0,5
SMV2-0301,VEDL,BUY,260,260,True,approved,5,5,213,0,False,0,0,0,4
SMV2-0301,BHARTIARTL,BUY,65,65,True,approved,6,6,212,0,False,0,0,0,3
SMV2-0301,INDUSTOWER,BUY,348,348,True,approved,7,7,211,0,False,0,0,0,2
SMV2-0301,HFCL,BUY,1454,1454,True,approved,8,8,210,0,False,0,0,0,1
SMV2-0303,BHARTIARTL,SELL,65,65,True,approved,9,9,209,0,True,1,0,0,0
SMV2-0303,HFCL,SELL,1454,1454,True,approved,8,8,210,0,True,1,0,0,1
SMV2-0303,INDUSTOWER,SELL,348,348,True,approved,7,7,211,0,True,1,0,0,2
SMV2-0303,GMBREW,BUY,109,109,True,approved,6,6,212,0,False,0,0,0,3
SMV2-0303,UNITDSPR,BUY,90,90,True,approved,7,7,212,0,False,0,0,0,2
SMV2-0303,RADICO,BUY,36,36,True,approved,8,8,211,0,False,0,0,0,1
SMV2-0304,GMDCLTD,SELL,199,199,True,approved,9,9,210,0,True,1,0,0,0
SMV2-0304,HINDZINC,BUY,239,239,True,approved,8,8,211,0,False,0,0,0,1
SMV2-0305,BEL,SELL,324,324,True,approved,9,9,211,0,True,1,0,0,0
SMV2-0305,HAL,SELL,27,27,True,approved,8,8,212,0,True,1,0,0,1
SMV2-0305,HINDCOPPER,SELL,358,358,True,approved,7,7,213,0,True,1,0,0,2
SMV2-0305,HINDZINC,SELL,239,239,True,approved,6,6,214,0,True,1,0,0,3
SMV2-0305,INDIGO,SELL,21,21,True,approved,5,5,215,0,True,1,0,0,4
SMV2-0305,VEDL,SELL,260,260,True,approved,4,4,216,0,True,1,0,0,5
SMV2-0305,HDFCBANK,BUY,126,126,True,approved,3,3,217,0,False,0,0,0,6
SMV2-0305,ICICIBANK,BUY,93,93,True,approved,4,4,216,0,False,0,0,0,5
SMV2-0305,AXISBANK,BUY,101,101,True,approved,5,5,215,0,False,0,0,0,4
SMV2-0305,TITAN,BUY,33,33,True,approved,6,6,214,0,False,0,0,0,3
SMV2-0305,KALYANKJIL,BUY,244,244,True,approved,7,7,213,0,False,0,0,0,2
SMV2-0305,VAIBHAVGBL,BUY,462,462,True,approved,8,8,212,0,False,0,0,0,1
SMV2-0307,GMBREW,SELL,109,109,True,approved,9,9,211,0,True,1,0,0,0
SMV2-0307,RADICO,SELL,36,36,True,approved,8,8,212,0,True,1,0,0,1
SMV2-0307,UNITDSPR,SELL,90,90,True,approved,7,7,213,0,True,1,0,0,2
SMV2-0307,RELIANCE,BUY,82,82,True,approved,6,6,214,0,False,0,0,0,3
SMV2-0307,CHENNPETRO,BUY,120,120,True,approved,7,7,213,0,False,0,0,0,2
SMV2-0307,BPCL,BUY,336,336,True,approved,8,8,213,0,False,0,0,0,1
SMV2-0309,BPCL,SELL,336,336,True,approved,9,9,212,0,True,1,0,0,0
SMV2-0309,CHENNPETRO,SELL,120,120,True,approved,8,8,213,0,True,1,0,0,1
SMV2-0309,RELIANCE,SELL,82,82,True,approved,7,7,214,0,True,1,0,0,2
SMV2-0309,VAIBHAVGBL,SELL,462,462,True,approved,6,6,215,0,True,1,0,0,3
SMV2-0309,THANGAMAYL,BUY,37,37,True,approved,5,5,216,0,False,0,0,0,4
SMV2-0309,BEL,BUY,297,297,True,approved,6,6,216,0,False,0,0,0,3
SMV2-0309,HAL,BUY,27,27,True,approved,7,7,215,0,False,0,0,0,2
SMV2-0309,INDIGO,BUY,18,18,True,approved,8,8,214,0,False,0,0,0,1
SMV2-0310,BEL,SELL,297,297,True,approved,9,9,213,0,True,1,0,0,0
SMV2-0310,HAL,SELL,27,27,True,approved,8,8,214,0,True,1,0,0,1
SMV2-0310,INDIGO,SELL,18,18,True,approved,7,7,215,0,True,1,0,0,2
SMV2-0310,KALYANKJIL,SELL,244,244,True,approved,6,6,216,0,True,1,0,0,3
SMV2-0310,THANGAMAYL,SELL,37,37,True,approved,5,5,217,0,True,1,0,0,4
SMV2-0310,TITAN,SELL,33,33,True,approved,4,4,218,0,True,1,0,0,5
SMV2-0310,M&M,BUY,32,32,True,approved,3,3,219,0,False,0,0,0,6
SMV2-0310,MARUTI,BUY,7,7,True,approved,4,4,218,0,False,0,0,0,5
SMV2-0310,HEROMOTOCO,BUY,19,19,True,approved,5,5,217,0,False,0,0,0,4
SMV2-0310,POLICYBZR,BUY,63,63,True,approved,6,6,216,0,False,0,0,0,3
SMV2-0310,HDFCLIFE,BUY,156,156,True,approved,7,7,215,0,False,0,0,0,2
SMV2-0310,SBILIFE,BUY,52,52,True,approved,8,8,214,0,False,0,0,0,1
SMV2-0312,AXISBANK,SELL,101,101,True,approved,9,9,213,0,True,1,0,0,0
SMV2-0312,HDFCBANK,SELL,126,126,True,approved,8,8,214,0,True,1,0,0,1
SMV2-0312,HDFCLIFE,SELL,156,156,True,approved,7,7,215,0,True,1,0,0,2
SMV2-0312,ICICIBANK,SELL,93,93,True,approved,6,6,216,0,True,1,0,0,3
SMV2-0312,POLICYBZR,SELL,63,63,True,approved,5,5,217,0,True,1,0,0,4
SMV2-0312,SBILIFE,SELL,52,52,True,approved,4,4,218,0,True,1,0,0,5
SMV2-0312,VEDL,BUY,199,199,True,approved,3,3,219,0,False,0,0,0,6
SMV2-0312,HINDCOPPER,BUY,298,298,True,approved,4,4,218,0,False,0,0,0,5
SMV2-0312,HINDZINC,BUY,195,195,True,approved,5,5,217,0,False,0,0,0,4
SMV2-0312,PFOCUS,BUY,532,532,True,approved,6,6,216,0,False,0,0,0,3
SMV2-0312,ZEEL,BUY,1291,1291,True,approved,7,7,215,0,False,0,0,0,2
SMV2-0312,SAREGAMA,BUY,335,335,True,approved,8,8,214,0,False,0,0,0,1
SMV2-0313,HEROMOTOCO,SELL,19,19,True,approved,9,9,214,0,True,1,0,0,0
SMV2-0313,M&M,SELL,32,32,True,approved,8,8,215,0,True,1,0,0,1
SMV2-0313,MARUTI,SELL,7,7,True,approved,7,7,216,0,True,1,0,0,2
SMV2-0313,HINDCOPPER,SELL,69,69,True,approved,6,6,217,0,True,0,0,0,3
SMV2-0313,PATANJALI,BUY,228,228,True,approved,6,6,217,0,False,0,0,0,3
SMV2-0313,TATACONSUM,BUY,106,106,True,approved,7,7,216,0,False,0,0,0,2
SMV2-0313,AVANTIFEED,BUY,150,150,True,approved,8,8,215,0,False,0,0,0,1
SMV2-0315,AVANTIFEED,SELL,150,150,True,approved,9,9,214,0,True,1,0,0,0
SMV2-0315,PATANJALI,SELL,228,228,True,approved,8,8,215,0,True,1,0,0,1
SMV2-0315,TATACONSUM,SELL,106,106,True,approved,7,7,216,0,True,1,0,0,2
SMV2-0315,HDFCBANK,BUY,131,131,True,approved,6,6,217,0,False,0,0,0,3
SMV2-0315,ICICIBANK,BUY,88,88,True,approved,7,7,216,0,False,0,0,0,2
SMV2-0315,SBIN,BUY,122,122,True,approved,8,8,215,0,False,0,0,0,1
SMV2-0316,PFOCUS,SELL,532,532,True,approved,9,9,214,0,True,1,0,0,0
SMV2-0316,SAREGAMA,SELL,335,335,True,approved,8,8,215,0,True,1,0,0,1
SMV2-0316,ZEEL,SELL,1291,1291,True,approved,7,7,216,0,True,1,0,0,2
SMV2-0316,INDIGO,BUY,26,26,True,approved,6,6,217,0,False,0,0,0,3
SMV2-0316,BEL,BUY,306,306,True,approved,7,7,216,0,False,0,0,0,2
SMV2-0316,HAL,BUY,26,26,True,approved,8,8,215,0,False,0,0,0,1
SMV2-0317,BEL,SELL,306,306,True,approved,9,9,214,0,True,1,0,0,0
SMV2-0317,HAL,SELL,26,26,True,approved,8,8,215,0,True,1,0,0,1
SMV2-0317,INDIGO,SELL,26,26,True,approved,7,7,216,0,True,1,0,0,2
SMV2-0317,RELIANCE,BUY,91,91,True,approved,6,6,217,0,False,0,0,0,3
SMV2-0317,ONGC,BUY,510,510,True,approved,7,7,216,0,False,0,0,0,2
SMV2-0317,HINDPETRO,BUY,268,268,True,approved,8,8,215,0,False,0,0,0,1
SMV2-0318,HINDCOPPER,SELL,229,229,True,approved,9,9,214,0,True,1,0,0,0
SMV2-0318,HINDPETRO,SELL,268,268,True,approved,8,8,215,0,True,1,0,0,1
SMV2-0318,HINDZINC,SELL,195,195,True,approved,7,7,216,0,True,1,0,0,2
SMV2-0318,VEDL,SELL,199,199,True,approved,6,6,217,0,True,1,0,0,3
SMV2-0318,DREDGECORP,BUY,114,114,True,approved,5,5,218,0,False,0,0,0,4
SMV2-0318,DELHIVERY,BUY,275,275,True,approved,6,6,218,0,False,0,0,0,3
SMV2-0318,CONCOR,BUY,242,242,True,approved,7,7,218,0,False,0,0,0,2
SMV2-0318,OIL,BUY,249,249,True,approved,8,8,217,0,False,0,0,0,1
SMV2-0320,HDFCBANK,SELL,131,131,True,approved,9,9,217,0,True,1,0,0,0
SMV2-0320,ICICIBANK,SELL,88,88,True,approved,8,8,218,0,True,1,0,0,1
SMV2-0320,OIL,SELL,249,249,True,approved,7,7,219,0,True,1,0,0,2
SMV2-0320,ONGC,SELL,510,510,True,approved,6,6,220,0,True,1,0,0,3
SMV2-0320,RELIANCE,SELL,91,91,True,approved,5,5,221,0,True,1,0,0,4
SMV2-0320,SBIN,SELL,122,122,True,approved,4,4,222,0,True,1,0,0,5
SMV2-0320,GOKEX,BUY,147,147,True,approved,3,3,223,0,False,0,0,0,6
SMV2-0320,KPRMILL,BUY,132,132,True,approved,4,4,223,0,False,0,0,0,5
SMV2-0320,PAGEIND,BUY,3,3,True,approved,5,5,222,0,False,0,0,0,4
SMV2-0320,AVANTIFEED,BUY,88,88,True,approved,6,6,221,0,False,0,0,0,3
SMV2-0320,PATANJALI,BUY,237,237,True,approved,7,7,220,0,False,0,0,0,2
SMV2-0320,TATACONSUM,BUY,109,109,True,approved,8,8,219,0,False,0,0,0,1
SMV2-0321,DREDGECORP,SELL,114,114,True,approved,9,9,218,0,True,1,0,0,0
SMV2-0321,SCI,BUY,481,481,True,approved,8,8,219,0,False,0,0,0,1
SMV2-0322,AVANTIFEED,SELL,88,88,True,approved,9,9,219,0,True,1,0,0,0
SMV2-0322,CONCOR,SELL,242,242,True,approved,8,8,220,0,True,1,0,0,1
SMV2-0322,DELHIVERY,SELL,275,275,True,approved,7,7,221,0,True,1,0,0,2
SMV2-0322,GOKEX,SELL,147,147,True,approved,6,6,222,0,True,1,0,0,3
SMV2-0322,KPRMILL,SELL,132,132,True,approved,5,5,223,0,True,1,0,0,4
SMV2-0322,PAGEIND,SELL,3,3,True,approved,4,4,224,0,True,1,0,0,5
SMV2-0322,PATANJALI,SELL,237,237,True,approved,3,3,225,0,True,1,0,0,6
SMV2-0322,SCI,SELL,481,481,True,approved,2,2,226,0,True,1,0,0,7
SMV2-0322,TATACONSUM,SELL,109,109,True,approved,1,1,227,0,True,1,0,0,8
SMV2-0322,PFOCUS,BUY,463,463,True,approved,0,0,228,0,False,0,0,0,9
SMV2-0322,ZEEL,BUY,1332,1332,True,approved,1,1,227,0,False,0,0,0,8
SMV2-0322,PVRINOX,BUY,113,113,True,approved,2,2,226,0,False,0,0,0,7
SMV2-0322,JINDALPOLY,BUY,187,187,True,approved,3,3,225,0,False,0,0,0,6
SMV2-0322,AGI,BUY,220,220,True,approved,4,4,224,0,False,0,0,0,5
SMV2-0322,COSMOFIRST,BUY,173,173,True,approved,5,5,223,0,False,0,0,0,4
SMV2-0322,KAYNES,BUY,30,30,True,approved,6,6,222,0,False,0,0,0,3
SMV2-0322,ABB,BUY,19,19,True,approved,7,7,221,0,False,0,0,0,2
SMV2-0322,POLYCAB,BUY,13,13,True,approved,8,8,220,0,False,0,0,0,1
SMV2-0323,JINDALPOLY,SELL,33,33,True,approved,9,9,219,0,True,0,0,0,0
SMV2-0324,JINDALPOLY,SELL,27,27,True,approved,9,9,219,0,True,0,0,0,0
SMV2-0324,POLYCAB,BUY,3,3,True,approved,9,9,219,0,True,0,0,0,0
SMV2-0325,PFOCUS,SELL,463,463,True,approved,9,9,219,0,True,1,0,0,0
SMV2-0325,PVRINOX,SELL,113,113,True,approved,8,8,220,0,True,1,0,0,1
SMV2-0325,ZEEL,SELL,1332,1332,True,approved,7,7,221,0,True,1,0,0,2
SMV2-0325,WAAREEENER,BUY,37,37,True,approved,6,6,222,0,False,0,0,0,3
SMV2-0325,NTPC,BUY,306,306,True,approved,7,7,221,0,False,0,0,0,2
SMV2-0325,POWERGRID,BUY,388,388,True,approved,8,8,220,0,False,0,0,0,1
SMV2-0326,AGI,SELL,220,220,True,approved,9,9,219,0,True,1,0,0,0
SMV2-0326,COSMOFIRST,SELL,173,173,True,approved,8,8,220,0,True,1,0,0,1
SMV2-0326,JINDALPOLY,SELL,127,127,True,approved,7,7,221,0,True,1,0,0,2
SMV2-0326,APOLLOPIPE,BUY,261,261,True,approved,6,6,222,0,False,0,0,0,3
SMV2-0326,ASTRAL,BUY,69,69,True,approved,7,7,222,0,False,0,0,0,2
SMV2-0326,SHAILY,BUY,49,49,True,approved,8,8,221,0,False,0,0,0,1
SMV2-0328,NTPC,SELL,306,306,True,approved,9,9,221,0,True,1,0,0,0
SMV2-0328,POWERGRID,SELL,388,388,True,approved,8,8,222,0,True,1,0,0,1
SMV2-0328,WAAREEENER,SELL,37,37,True,approved,7,7,223,0,True,1,0,0,2
SMV2-0328,GAIL,BUY,771,771,True,approved,6,6,224,0,False,0,0,0,3
SMV2-0328,MGL,BUY,108,108,True,approved,7,7,223,0,False,0,0,0,2
SMV2-0328,CONFIPET,BUY,1996,1996,True,approved,8,8,222,0,False,0,0,0,1
SMV2-0329,APOLLOPIPE,SELL,261,261,True,approved,9,9,221,0,True,1,0,0,0
SMV2-0329,ASTRAL,SELL,69,69,True,approved,8,8,222,0,True,1,0,0,1
SMV2-0329,SHAILY,SELL,49,49,True,approved,7,7,223,0,True,1,0,0,2
SMV2-0329,TITAGARH,BUY,160,160,True,approved,6,6,224,0,False,0,0,0,3
SMV2-0329,AEQUS,BUY,692,692,True,approved,7,7,223,0,False,0,0,0,2
SMV2-0329,TEXRAIL,BUY,887,887,True,approved,8,8,223,0,False,0,0,0,1
SMV2-0331,CONFIPET,SELL,1996,1996,True,approved,9,9,222,0,True,1,0,0,0
SMV2-0331,GAIL,SELL,771,771,True,approved,8,8,223,0,True,1,0,0,1
SMV2-0331,MGL,SELL,108,108,True,approved,7,7,224,0,True,1,0,0,2
SMV2-0331,TEXRAIL,BUY,253,253,True,approved,6,6,225,0,True,0,0,0,3
SMV2-0331,SUZLON,BUY,2172,2172,True,approved,6,6,225,0,False,0,0,0,3
SMV2-0331,BHEL,BUY,343,343,True,approved,7,7,225,0,False,0,0,0,2
SMV2-0331,POWERINDIA,BUY,2,2,True,approved,8,8,224,0,False,0,0,0,1
SMV2-0333,BHEL,SELL,343,343,True,approved,9,9,224,0,True,1,0,0,0
SMV2-0333,POWERINDIA,SELL,2,2,True,approved,8,8,225,0,True,1,0,0,1
SMV2-0333,SUZLON,SELL,2172,2172,True,approved,7,7,226,0,True,1,0,0,2
SMV2-0333,KAYNES,BUY,7,7,True,approved,6,6,227,0,True,0,0,0,3
SMV2-0333,POLYCAB,SELL,3,3,True,approved,6,6,227,0,True,0,0,0,3
SMV2-0333,MTARTECH,BUY,16,16,True,approved,6,6,227,0,False,0,0,0,3
SMV2-0333,DATAPATTNS,BUY,31,31,True,approved,7,7,227,0,False,0,0,0,2
SMV2-0333,HAL,BUY,24,24,True,approved,8,8,227,0,False,0,0,0,1
SMV2-0334,AEQUS,SELL,108,108,True,approved,9,9,226,0,True,0,0,0,0
SMV2-0335,DATAPATTNS,SELL,31,31,True,approved,9,9,226,0,True,1,0,0,0
SMV2-0335,APOLLO,BUY,302,302,True,approved,8,8,227,0,False,0,0,0,1
SMV2-0336,APOLLO,SELL,302,302,True,approved,9,9,227,0,True,1,0,0,0
SMV2-0336,HAL,SELL,24,24,True,approved,8,8,228,0,True,1,0,0,1
SMV2-0336,MTARTECH,SELL,16,16,True,approved,7,7,229,0,True,1,0,0,2
SMV2-0336,GAIL,BUY,731,731,True,approved,6,6,230,0,False,0,0,0,3
SMV2-0336,REFEX,BUY,395,395,True,approved,7,7,229,0,False,0,0,0,2
SMV2-0336,CONFIPET,BUY,1529,1529,True,approved,8,8,228,0,False,0,0,0,1
SMV2-0337,AEQUS,SELL,584,584,True,approved,9,9,227,0,True,1,0,0,0
SMV2-0337,TEXRAIL,SELL,1140,1140,True,approved,8,8,228,0,True,1,0,0,1
SMV2-0337,TITAGARH,SELL,160,160,True,approved,7,7,229,0,True,1,0,0,2
SMV2-0337,TITAN,BUY,29,29,True,approved,6,6,230,0,False,0,0,0,3
SMV2-0337,KALYANKJIL,BUY,347,347,True,approved,7,7,229,0,False,0,0,0,2
SMV2-0337,THANGAMAYL,BUY,22,22,True,approved,8,8,228,0,False,0,0,0,1
SMV2-0338,KALYANKJIL,SELL,347,347,True,approved,9,9,227,0,True,1,0,0,0
SMV2-0338,THANGAMAYL,SELL,22,22,True,approved,8,8,228,0,True,1,0,0,1
SMV2-0338,TITAN,SELL,29,29,True,approved,7,7,229,0,True,1,0,0,2
SMV2-0338,ADANIENT,BUY,41,41,True,approved,6,6,230,0,False,0,0,0,3
SMV2-0338,REDINGTON,BUY,451,451,True,approved,7,7,229,0,False,0,0,0,2
SMV2-0338,MSTCLTD,BUY,183,183,True,approved,8,8,228,0,False,0,0,0,1
SMV2-0339,ABB,SELL,19,19,True,approved,9,9,227,0,True,1,0,0,0
SMV2-0339,KAYNES,SELL,37,37,True,approved,8,8,228,0,True,1,0,0,1
SMV2-0339,POLYCAB,SELL,13,13,True,approved,7,7,229,0,True,1,0,0,2
SMV2-0339,AEQUS,BUY,544,544,True,approved,6,6,230,0,False,0,0,0,3
SMV2-0339,TITAGARH,BUY,140,140,True,approved,7,7,229,0,False,0,0,0,2
SMV2-0339,CARBORUNIV,BUY,109,109,True,approved,8,8,228,0,False,0,0,0,1
SMV2-0340,CONFIPET,SELL,1529,1529,True,approved,9,9,227,0,True,1,0,0,0
SMV2-0340,GAIL,SELL,731,731,True,approved,8,8,228,0,True,1,0,0,1
SMV2-0340,REFEX,SELL,395,395,True,approved,7,7,229,0,True,1,0,0,2
SMV2-0340,KPRMILL,BUY,107,107,True,approved,6,6,230,0,False,0,0,0,3
SMV2-0340,PAGEIND,BUY,3,3,True,approved,7,7,229,0,False,0,0,0,2
SMV2-0340,GOKEX,BUY,149,149,True,approved,8,8,228,0,False,0,0,0,1
SMV2-0341,ADANIENT,SELL,41,41,True,approved,9,9,227,0,True,1,0,0,0
SMV2-0341,GOKEX,SELL,149,149,True,approved,8,8,228,0,True,1,0,0,1
SMV2-0341,KPRMILL,SELL,107,107,True,approved,7,7,229,0,True,1,0,0,2
SMV2-0341,MSTCLTD,SELL,183,183,True,approved,6,6,230,0,True,1,0,0,3
SMV2-0341,PAGEIND,SELL,3,3,True,approved,5,5,231,0,True,1,0,0,4
SMV2-0341,REDINGTON,SELL,451,451,True,approved,4,4,232,0,True,1,0,0,5
SMV2-0341,KALYANKJIL,BUY,262,262,True,approved,3,3,233,0,False,0,0,0,6
SMV2-0341,TITAN,BUY,26,26,True,approved,4,4,232,0,False,0,0,0,5
SMV2-0341,THANGAMAYL,BUY,18,18,True,approved,5,5,231,0,False,0,0,0,4
SMV2-0341,APOLLO,BUY,302,302,True,approved,6,6,230,0,False,0,0,0,3
SMV2-0341,INDIGO,BUY,23,23,True,approved,7,7,229,0,False,0,0,0,2
SMV2-0341,BEL,BUY,299,299,True,approved,8,8,228,0,False,0,0,0,1
SMV2-0342,AEQUS,SELL,544,544,True,approved,9,9,227,0,True,1,0,0,0
SMV2-0342,APOLLO,SELL,302,302,True,approved,8,8,228,0,True,1,0,0,1
SMV2-0342,BEL,SELL,299,299,True,approved,7,7,229,0,True,1,0,0,2
SMV2-0342,CARBORUNIV,SELL,109,109,True,approved,6,6,230,0,True,1,0,0,3
SMV2-0342,INDIGO,SELL,23,23,True,approved,5,5,231,0,True,1,0,0,4
SMV2-0342,TITAGARH,SELL,140,140,True,approved,4,4,232,0,True,1,0,0,5
SMV2-0342,KALYANKJIL,SELL,46,46,True,approved,3,3,233,0,True,0,0,0,6
SMV2-0342,COSMOFIRST,BUY,148,148,True,approved,3,3,233,0,False,0,0,0,6
SMV2-0342,AGI,BUY,178,178,True,approved,4,4,232,0,False,0,0,0,5
SMV2-0342,HUHTAMAKI,BUY,510,510,True,approved,5,5,231,0,False,0,0,0,4
SMV2-0342,TORNTPHARM,BUY,26,26,True,approved,6,6,230,0,False,0,0,0,3
SMV2-0342,LAURUSLABS,BUY,80,80,True,approved,7,7,230,0,False,0,0,0,2
SMV2-0342,SUNPHARMA,BUY,63,63,True,approved,8,8,230,0,False,0,0,0,1
SMV2-0343,LAURUSLABS,SELL,80,80,True,approved,9,9,229,0,True,1,0,0,0
SMV2-0343,SUNPHARMA,SELL,63,63,True,approved,8,8,230,0,True,1,0,0,1
SMV2-0343,TORNTPHARM,SELL,26,26,True,approved,7,7,231,0,True,1,0,0,2
SMV2-0343,HUHTAMAKI,SELL,100,100,True,approved,6,6,232,0,True,0,0,0,3
SMV2-0343,RELIANCE,BUY,101,101,True,approved,6,6,232,0,False,0,0,0,3
SMV2-0343,MRPL,BUY,757,757,True,approved,7,7,231,0,False,0,0,0,2
SMV2-0343,ONGC,BUY,529,529,True,approved,8,8,230,0,False,0,0,0,1
SMV2-0344,THANGAMAYL,BUY,6,6,True,approved,9,9,229,0,True,0,0,0,0
SMV2-0346,KALYANKJIL,SELL,216,216,True,approved,9,9,229,0,True,1,0,0,0
SMV2-0346,THANGAMAYL,SELL,24,24,True,approved,8,8,230,0,True,1,0,0,1
SMV2-0346,TITAN,SELL,26,26,True,approved,7,7,231,0,True,1,0,0,2
SMV2-0346,JKPAPER,BUY,339,339,True,approved,6,6,232,0,False,0,0,0,3
SMV2-0346,WSTCSTPAPR,BUY,211,211,True,approved,7,7,231,0,False,0,0,0,2
SMV2-0346,KPL,BUY,36,36,True,approved,8,8,230,0,False,0,0,0,1
SMV2-0347,JKPAPER,SELL,339,339,True,approved,9,9,230,0,True,1,0,0,0
SMV2-0347,KPL,SELL,36,36,True,approved,8,8,231,0,True,1,0,0,1
SMV2-0347,WSTCSTPAPR,SELL,211,211,True,approved,7,7,232,0,True,1,0,0,2
SMV2-0347,REDINGTON,BUY,369,369,True,approved,6,6,233,0,False,0,0,0,3
SMV2-0347,ADANIENT,BUY,43,43,True,approved,7,7,232,0,False,0,0,0,2
SMV2-0347,HEXT,BUY,243,243,True,approved,8,8,231,0,False,0,0,0,1
SMV2-0348,ADANIENT,SELL,43,43,True,approved,9,9,230,0,True,1,0,0,0
SMV2-0348,HEXT,SELL,243,243,True,approved,8,8,231,0,True,1,0,0,1
SMV2-0348,REDINGTON,SELL,369,369,True,approved,7,7,232,0,True,1,0,0,2
SMV2-0348,KAYNES,BUY,33,33,True,approved,6,6,233,0,False,0,0,0,3
SMV2-0348,KEI,BUY,23,23,True,approved,7,7,232,0,False,0,0,0,2
SMV2-0348,FINCABLES,BUY,100,100,True,approved,8,8,231,0,False,0,0,0,1
SMV2-0349,FINCABLES,SELL,100,100,True,approved,9,9,230,0,True,1,0,0,0
SMV2-0349,KAYNES,SELL,33,33,True,approved,8,8,231,0,True,1,0,0,1
SMV2-0349,KEI,SELL,23,23,True,approved,7,7,232,0,True,1,0,0,2
SMV2-0349,AEQUS,BUY,519,519,True,approved,6,6,233,0,False,0,0,0,3
SMV2-0349,TITAGARH,BUY,143,143,True,approved,7,7,232,0,False,0,0,0,2
SMV2-0349,CARBORUNIV,BUY,105,105,True,approved,8,8,231,0,False,0,0,0,1
SMV2-0350,AEQUS,SELL,519,519,True,approved,9,9,230,0,True,1,0,0,0
SMV2-0350,AGI,SELL,178,178,True,approved,8,8,231,0,True,1,0,0,1
SMV2-0350,CARBORUNIV,SELL,105,105,True,approved,7,7,232,0,True,1,0,0,2
SMV2-0350,COSMOFIRST,SELL,148,148,True,approved,6,6,233,0,True,1,0,0,3
SMV2-0350,HUHTAMAKI,SELL,410,410,True,approved,5,5,234,0,True,1,0,0,4
SMV2-0350,TITAGARH,SELL,143,143,True,approved,4,4,235,0,True,1,0,0,5
SMV2-0350,KALYANKJIL,BUY,201,201,True,approved,3,3,236,0,False,0,0,0,6
SMV2-0350,TITAN,BUY,24,24,True,approved,4,4,235,0,False,0,0,0,5
SMV2-0350,TBZ,BUY,222,222,True,approved,5,5,234,0,False,0,0,0,4
SMV2-0350,JKPAPER,BUY,296,296,True,approved,6,6,234,0,False,0,0,0,3
SMV2-0350,WSTCSTPAPR,BUY,172,172,True,approved,7,7,233,0,False,0,0,0,2
SMV2-0350,KPL,BUY,29,29,True,approved,8,8,232,0,False,0,0,0,1
